sid	sign	family	cluster
c370_01_001	k080	unnamed	80
c370_01_002	k039	unnamed	39
c370_01_003	k080	unnamed	80
c370_01_004	k063	unnamed	63
c370_01_005	k069	unnamed	69
c370_01_006	k087	unnamed	87
c370_01_007	k104	unnamed	104
c370_01_008	k006	unnamed	6
c370_01_009	k109	unnamed	109
c370_01_010	k104	unnamed	104
c370_01_011	k011	unnamed	11
c370_01_012	k062	unnamed	62
c370_01_013	k029	unnamed	29
c370_01_014	k036	unnamed	36
c370_01_015	k089	unnamed	89
c370_01_016	k024	unnamed	24
c370_01_017	k118	unnamed	118
c370_01_018	k017	unnamed	17
c370_01_019	k098	unnamed	98
c370_01_020	k089	unnamed	89
c370_01_021	k040	unnamed	40
c370_01_022	k036	unnamed	36
c370_01_023	k040	unnamed	40
c370_01_024	k003	unnamed	3
c370_01_025	k069	unnamed	69
c370_01_026	k041	unnamed	41
c370_01_027	k068	unnamed	68
c370_01_028	k008	unnamed	8
c370_01_029	k048	unnamed	48
c370_01_030	k094	unnamed	94
c370_01_031	k042	unnamed	42
c370_01_032	k075	unnamed	75
c370_01_033	k090	unnamed	90
c370_01_034	k040	unnamed	40
c370_01_035	k080	unnamed	80
c370_01_036	k027	unnamed	27
c370_01_037	k041	unnamed	41
c370_01_038	k049	unnamed	49
c370_01_039	k101	unnamed	101
c370_01_040	k020	unnamed	20
c370_01_041	k087	unnamed	87
c370_01_042	k002	unnamed	2
c370_01_043	k016	unnamed	16
c370_01_044	k027	unnamed	27
c370_01_045	k048	unnamed	48
c370_01_046	k039	unnamed	39
c370_01_047	k104	unnamed	104
c370_01_048	k064	unnamed	64
c370_01_049	k077	unnamed	77
c370_01_050	k015	unnamed	15
c370_01_051	k003	unnamed	3
c370_01_052	k040	unnamed	40
c370_01_053	k108	unnamed	108
c370_01_054	k076	unnamed	76
c370_01_055	k097	unnamed	97
c370_01_056	k075	unnamed	75
c370_01_057	k109	unnamed	109
c370_01_058	k040	unnamed	40
c370_01_059	k094	unnamed	94
c370_01_060	k067	unnamed	67
c370_01_061	k040	unnamed	40
c370_01_062	k057	unnamed	57
c370_01_063	k034	unnamed	34
c370_01_064	k025	unnamed	25
c370_01_065	k045	unnamed	45
c370_01_066	k071	unnamed	71
c370_01_067	k009	unnamed	9
c370_01_068	k080	unnamed	80
c370_01_069	k086	unnamed	86
c370_01_070	k039	unnamed	39
c370_01_071	k098	unnamed	98
c370_01_072	k040	unnamed	40
c370_01_073	k040	unnamed	40
c370_01_074	k022	unnamed	22
c370_01_075	k008	unnamed	8
c370_01_076	k108	unnamed	108
c370_01_077	k090	unnamed	90
c370_01_078	k040	unnamed	40
c370_01_079	k049	unnamed	49
c370_01_080	k022	unnamed	22
c370_01_081	k029	unnamed	29
c370_01_082	k045	unnamed	45
c370_02_001	k089	unnamed	89
c370_02_002	k067	unnamed	67
c370_02_003	k050	unnamed	50
c370_02_004	k069	unnamed	69
c370_02_005	k047	unnamed	47
c370_02_006	k115	unnamed	115
c370_02_007	k061	unnamed	61
c370_02_008	k042	unnamed	42
c370_02_009	k036	unnamed	36
c370_02_010	k089	unnamed	89
c370_02_011	k112	unnamed	112
c370_02_012	k005	unnamed	5
c370_02_013	k012	unnamed	12
c370_02_014	k082	unnamed	82
c370_02_015	k036	unnamed	36
c370_02_016	k036	unnamed	36
c370_02_017	k044	unnamed	44
c370_02_018	k008	unnamed	8
c370_02_019	k020	unnamed	20
c370_02_020	k033	unnamed	33
c370_02_021	k000	unnamed	0
c370_02_022	k016	unnamed	16
c370_02_023	k023	unnamed	23
c370_02_024	k010	unnamed	10
c370_02_025	k024	unnamed	24
c370_02_026	k032	unnamed	32
c370_02_027	k008	unnamed	8
c370_02_028	k115	unnamed	115
c370_02_029	k033	unnamed	33
c370_02_030	k066	unnamed	66
c370_02_031	k049	unnamed	49
c370_02_032	k053	unnamed	53
c370_02_033	k101	unnamed	101
c370_02_034	k013	unnamed	13
c370_02_035	k064	unnamed	64
c370_02_036	k076	unnamed	76
c370_02_037	k077	unnamed	77
c370_02_038	k113	unnamed	113
c370_02_039	k119	unnamed	119
c370_02_040	k064	unnamed	64
c370_02_041	k099	unnamed	99
c370_02_042	k098	unnamed	98
c370_02_043	k110	unnamed	110
c370_02_044	k048	unnamed	48
c370_02_045	k079	unnamed	79
c370_02_046	k050	unnamed	50
c370_02_047	k113	unnamed	113
c370_02_048	k009	unnamed	9
c370_02_049	k082	unnamed	82
c370_02_050	k021	unnamed	21
c370_02_051	k101	unnamed	101
c370_02_052	k100	unnamed	100
c370_02_053	k099	unnamed	99
c370_02_054	k050	unnamed	50
c370_02_055	k007	unnamed	7
c370_02_056	k035	unnamed	35
c370_02_057	k061	unnamed	61
c370_02_058	k058	unnamed	58
c370_02_059	k082	unnamed	82
c370_02_060	k053	unnamed	53
c370_02_061	k075	unnamed	75
c370_02_062	k088	unnamed	88
c370_02_063	k009	unnamed	9
c370_02_064	k113	unnamed	113
c370_02_065	k024	unnamed	24
c370_02_066	k093	unnamed	93
c370_03_001	k062	unnamed	62
c370_03_002	k064	unnamed	64
c370_03_003	k085	unnamed	85
c370_03_004	k111	unnamed	111
c370_03_005	k066	unnamed	66
c370_03_006	k052	unnamed	52
c370_03_007	k077	unnamed	77
c370_03_008	k007	unnamed	7
c370_03_009	k100	unnamed	100
c370_03_010	k013	unnamed	13
c370_03_011	k094	unnamed	94
c370_03_012	k068	unnamed	68
c370_03_013	k088	unnamed	88
c370_03_014	k074	unnamed	74
c370_03_015	k067	unnamed	67
c370_03_016	k109	unnamed	109
c370_03_017	k051	unnamed	51
c370_03_018	k064	unnamed	64
c370_03_019	k086	unnamed	86
c370_03_020	k039	unnamed	39
c370_03_021	k027	unnamed	27
c370_03_022	k034	unnamed	34
c370_03_023	k040	unnamed	40
c370_03_024	k070	unnamed	70
c370_03_025	k092	unnamed	92
c370_03_026	k040	unnamed	40
c370_03_027	k040	unnamed	40
c370_03_028	k053	unnamed	53
c370_03_029	k003	unnamed	3
c370_03_030	k040	unnamed	40
c370_03_031	k044	unnamed	44
c370_03_032	k039	unnamed	39
c370_03_033	k071	unnamed	71
c370_03_034	k074	unnamed	74
c370_03_035	k076	unnamed	76
c370_03_036	k029	unnamed	29
c370_03_037	k041	unnamed	41
c370_03_038	k005	unnamed	5
c370_03_039	k042	unnamed	42
c370_03_040	k010	unnamed	10
c370_03_041	k007	unnamed	7
c370_03_042	k009	unnamed	9
c370_03_043	k110	unnamed	110
c370_03_044	k101	unnamed	101
c370_03_045	k076	unnamed	76
c370_03_046	k008	unnamed	8
c370_03_047	k056	unnamed	56
c370_03_048	k030	unnamed	30
c370_03_049	k101	unnamed	101
c370_03_050	k060	unnamed	60
c370_03_051	k110	unnamed	110
c370_03_052	k080	unnamed	80
c370_03_053	k112	unnamed	112
c370_03_054	k097	unnamed	97
c370_03_055	k050	unnamed	50
c370_03_056	k099	unnamed	99
c370_03_057	k090	unnamed	90
c370_03_058	k082	unnamed	82
c370_03_059	k091	unnamed	91
c370_03_060	k115	unnamed	115
c370_03_061	k050	unnamed	50
c370_03_062	k071	unnamed	71
c370_03_063	k023	unnamed	23
c370_03_064	k013	unnamed	13
c370_03_065	k014	unnamed	14
c370_03_066	k109	unnamed	109
c370_03_067	k093	unnamed	93
c370_03_068	k108	unnamed	108
c370_03_069	k108	unnamed	108
c370_04_001	k094	unnamed	94
c370_04_002	k035	unnamed	35
c370_04_003	k041	unnamed	41
c370_04_004	k057	unnamed	57
c370_04_005	k016	unnamed	16
c370_04_006	k105	unnamed	105
c370_04_007	k080	unnamed	80
c370_04_008	k067	unnamed	67
c370_04_009	k036	unnamed	36
c370_04_010	k097	unnamed	97
c370_04_011	k077	unnamed	77
c370_04_012	k098	unnamed	98
c370_04_013	k077	unnamed	77
c370_04_014	k021	unnamed	21
c370_04_015	k077	unnamed	77
c370_04_016	k045	unnamed	45
c370_04_017	k037	unnamed	37
c370_04_018	k001	unnamed	1
c370_04_019	k049	unnamed	49
c370_04_020	k044	unnamed	44
c370_04_021	k097	unnamed	97
c370_04_022	k045	unnamed	45
c370_04_023	k039	unnamed	39
c370_04_024	k053	unnamed	53
c370_04_025	k056	unnamed	56
c370_04_026	k075	unnamed	75
c370_04_027	k075	unnamed	75
c370_04_028	k093	unnamed	93
c370_04_029	k060	unnamed	60
c370_04_030	k012	unnamed	12
c370_04_031	k020	unnamed	20
c370_04_032	k073	unnamed	73
c370_04_033	k022	unnamed	22
c370_04_034	k020	unnamed	20
c370_04_035	k044	unnamed	44
c370_04_036	k100	unnamed	100
c370_04_037	k058	unnamed	58
c370_04_038	k074	unnamed	74
c370_04_039	k050	unnamed	50
c370_04_040	k036	unnamed	36
c370_04_041	k088	unnamed	88
c370_04_042	k091	unnamed	91
c370_04_043	k010	unnamed	10
c370_04_044	k039	unnamed	39
c370_04_045	k021	unnamed	21
c370_04_046	k028	unnamed	28
c370_04_047	k033	unnamed	33
c370_04_048	k102	unnamed	102
c370_04_049	k003	unnamed	3
c370_04_050	k102	unnamed	102
c370_04_051	k059	unnamed	59
c370_04_052	k099	unnamed	99
c370_04_053	k094	unnamed	94
c370_04_054	k067	unnamed	67
c370_04_055	k020	unnamed	20
c370_04_056	k110	unnamed	110
c370_05_001	k002	unnamed	2
c370_05_002	k115	unnamed	115
c370_05_003	k072	unnamed	72
c370_05_004	k072	unnamed	72
c370_05_005	k111	unnamed	111
c370_05_006	k077	unnamed	77
c370_05_007	k117	unnamed	117
c370_05_008	k029	unnamed	29
c370_05_009	k013	unnamed	13
c370_05_010	k048	unnamed	48
c370_05_011	k045	unnamed	45
c370_05_012	k110	unnamed	110
c370_05_013	k053	unnamed	53
c370_05_014	k112	unnamed	112
c370_05_015	k015	unnamed	15
c370_05_016	k044	unnamed	44
c370_05_017	k008	unnamed	8
c370_05_018	k010	unnamed	10
c370_05_019	k006	unnamed	6
c370_05_020	k083	unnamed	83
c370_05_021	k106	unnamed	106
c370_05_022	k104	unnamed	104
c370_05_023	k036	unnamed	36
c370_05_024	k089	unnamed	89
c370_05_025	k033	unnamed	33
c370_05_026	k090	unnamed	90
c370_05_027	k064	unnamed	64
c370_05_028	k077	unnamed	77
c370_05_029	k074	unnamed	74
c370_05_030	k098	unnamed	98
c370_05_031	k008	unnamed	8
c370_05_032	k008	unnamed	8
c370_05_033	k017	unnamed	17
c370_05_034	k053	unnamed	53
c370_05_035	k046	unnamed	46
c370_05_036	k035	unnamed	35
c370_05_037	k041	unnamed	41
c370_05_038	k036	unnamed	36
c370_05_039	k050	unnamed	50
c370_05_040	k089	unnamed	89
c370_05_041	k006	unnamed	6
c370_05_042	k077	unnamed	77
c370_05_043	k106	unnamed	106
c370_05_044	k027	unnamed	27
c370_05_045	k049	unnamed	49
c370_05_046	k026	unnamed	26
c370_05_047	k044	unnamed	44
c370_05_048	k112	unnamed	112
c370_05_049	k046	unnamed	46
c370_05_050	k106	unnamed	106
c370_05_051	k027	unnamed	27
c370_05_052	k074	unnamed	74
c370_05_053	k063	unnamed	63
c370_05_054	k024	unnamed	24
c370_05_055	k007	unnamed	7
c370_05_056	k115	unnamed	115
c370_05_057	k057	unnamed	57
c370_05_058	k086	unnamed	86
c370_06_001	k033	unnamed	33
c370_06_002	k079	unnamed	79
c370_06_003	k090	unnamed	90
c370_06_004	k077	unnamed	77
c370_06_005	k078	unnamed	78
c370_06_006	k091	unnamed	91
c370_06_007	k079	unnamed	79
c370_06_008	k111	unnamed	111
c370_06_009	k008	unnamed	8
c370_06_010	k008	unnamed	8
c370_06_011	k056	unnamed	56
c370_06_012	k020	unnamed	20
c370_06_013	k068	unnamed	68
c370_06_014	k068	unnamed	68
c370_06_015	k021	unnamed	21
c370_06_016	k084	unnamed	84
c370_06_017	k041	unnamed	41
c370_06_018	k086	unnamed	86
c370_06_019	k117	unnamed	117
c370_06_020	k087	unnamed	87
c370_06_021	k036	unnamed	36
c370_06_022	k100	unnamed	100
c370_06_023	k039	unnamed	39
c370_06_024	k033	unnamed	33
c370_06_025	k089	unnamed	89
c370_06_026	k082	unnamed	82
c370_06_027	k088	unnamed	88
c370_06_028	k060	unnamed	60
c370_06_029	k101	unnamed	101
c370_06_030	k093	unnamed	93
c370_06_031	k023	unnamed	23
c370_06_032	k041	unnamed	41
c370_06_033	k075	unnamed	75
c370_06_034	k016	unnamed	16
c370_06_035	k000	unnamed	0
c370_06_036	k061	unnamed	61
c370_06_037	k013	unnamed	13
c370_06_038	k012	unnamed	12
c370_06_039	k089	unnamed	89
c370_06_040	k053	unnamed	53
c370_06_041	k089	unnamed	89
c370_06_042	k075	unnamed	75
c370_06_043	k069	unnamed	69
c370_06_044	k044	unnamed	44
c370_06_045	k010	unnamed	10
c370_06_046	k065	unnamed	65
c370_06_047	k069	unnamed	69
c370_06_048	k113	unnamed	113
c370_06_049	k061	unnamed	61
c370_06_050	k018	unnamed	18
c370_06_051	k027	unnamed	27
c370_06_052	k118	unnamed	118
c370_06_053	k117	unnamed	117
c370_06_054	k095	unnamed	95
c370_06_055	k076	unnamed	76
c370_06_056	k093	unnamed	93
c370_07_001	k118	unnamed	118
c370_07_002	k017	unnamed	17
c370_07_003	k099	unnamed	99
c370_07_004	k027	unnamed	27
c370_07_005	k068	unnamed	68
c370_07_006	k013	unnamed	13
c370_07_007	k090	unnamed	90
c370_07_008	k104	unnamed	104
c370_07_009	k094	unnamed	94
c370_07_010	k088	unnamed	88
c370_07_011	k049	unnamed	49
c370_07_012	k102	unnamed	102
c370_07_013	k115	unnamed	115
c370_07_014	k093	unnamed	93
c370_07_015	k083	unnamed	83
c370_07_016	k096	unnamed	96
c370_07_017	k016	unnamed	16
c370_07_018	k065	unnamed	65
c370_07_019	k097	unnamed	97
c370_07_020	k111	unnamed	111
c370_07_021	k112	unnamed	112
c370_07_022	k036	unnamed	36
c370_07_023	k007	unnamed	7
c370_07_024	k089	unnamed	89
c370_07_025	k111	unnamed	111
c370_07_026	k023	unnamed	23
c370_07_027	k006	unnamed	6
c370_07_028	k083	unnamed	83
c370_07_029	k117	unnamed	117
c370_07_030	k004	unnamed	4
c370_07_031	k042	unnamed	42
c370_07_032	k065	unnamed	65
c370_07_033	k078	unnamed	78
c370_07_034	k113	unnamed	113
c370_07_035	k029	unnamed	29
c370_07_036	k063	unnamed	63
c370_07_037	k089	unnamed	89
c370_07_038	k111	unnamed	111
c370_07_039	k014	unnamed	14
c370_07_040	k091	unnamed	91
c370_07_041	k106	unnamed	106
c370_07_042	k065	unnamed	65
c370_07_043	k048	unnamed	48
c370_07_044	k039	unnamed	39
c370_07_045	k008	unnamed	8
c370_07_046	k049	unnamed	49
c370_07_047	k077	unnamed	77
c370_07_048	k053	unnamed	53
c370_07_049	k062	unnamed	62
c370_07_050	k069	unnamed	69
c370_07_051	k109	unnamed	109
c370_07_052	k076	unnamed	76
c370_07_053	k100	unnamed	100
c370_07_054	k072	unnamed	72
c370_07_055	k027	unnamed	27
c370_07_056	k020	unnamed	20
c370_07_057	k019	unnamed	19
c370_07_058	k012	unnamed	12
c370_07_059	k117	unnamed	117
c370_07_060	k010	unnamed	10
c370_08_001	k007	unnamed	7
c370_08_002	k044	unnamed	44
c370_08_003	k080	unnamed	80
c370_08_004	k082	unnamed	82
c370_08_005	k008	unnamed	8
c370_08_006	k080	unnamed	80
c370_08_007	k112	unnamed	112
c370_08_008	k061	unnamed	61
c370_08_009	k056	unnamed	56
c370_08_010	k055	unnamed	55
c370_08_011	k010	unnamed	10
c370_08_012	k113	unnamed	113
c370_08_013	k113	unnamed	113
c370_08_014	k006	unnamed	6
c370_08_015	k068	unnamed	68
c370_08_016	k021	unnamed	21
c370_08_017	k099	unnamed	99
c370_08_018	k097	unnamed	97
c370_08_019	k008	unnamed	8
c370_08_020	k118	unnamed	118
c370_08_021	k008	unnamed	8
c370_08_022	k098	unnamed	98
c370_08_023	k012	unnamed	12
c370_08_024	k011	unnamed	11
c370_08_025	k119	unnamed	119
c370_08_026	k020	unnamed	20
c370_08_027	k082	unnamed	82
c370_08_028	k047	unnamed	47
c370_08_029	k074	unnamed	74
c370_08_030	k046	unnamed	46
c370_08_031	k097	unnamed	97
c370_08_032	k057	unnamed	57
c370_08_033	k092	unnamed	92
c370_08_034	k010	unnamed	10
c370_08_035	k104	unnamed	104
c370_08_036	k091	unnamed	91
c370_08_037	k064	unnamed	64
c370_08_038	k039	unnamed	39
c370_08_039	k110	unnamed	110
c370_08_040	k036	unnamed	36
c370_08_041	k115	unnamed	115
c370_08_042	k118	unnamed	118
c370_08_043	k077	unnamed	77
c370_08_044	k042	unnamed	42
c370_08_045	k020	unnamed	20
c370_08_046	k115	unnamed	115
c370_08_047	k050	unnamed	50
c370_08_048	k048	unnamed	48
c370_08_049	k008	unnamed	8
c370_08_050	k017	unnamed	17
c370_08_051	k006	unnamed	6
c370_08_052	k083	unnamed	83
c370_08_053	k106	unnamed	106
c370_08_054	k027	unnamed	27
c370_08_055	k103	unnamed	103
c370_08_056	k077	unnamed	77
c370_08_057	k113	unnamed	113
c370_08_058	k049	unnamed	49
c370_08_059	k013	unnamed	13
c370_08_060	k094	unnamed	94
c370_08_061	k008	unnamed	8
c370_08_062	k093	unnamed	93
c370_09_001	k008	unnamed	8
c370_09_002	k008	unnamed	8
c370_09_003	k065	unnamed	65
c370_09_004	k099	unnamed	99
c370_09_005	k074	unnamed	74
c370_09_006	k053	unnamed	53
c370_09_007	k016	unnamed	16
c370_09_008	k110	unnamed	110
c370_09_009	k060	unnamed	60
c370_09_010	k085	unnamed	85
c370_09_011	k044	unnamed	44
c370_09_012	k088	unnamed	88
c370_09_013	k044	unnamed	44
c370_09_014	k014	unnamed	14
c370_09_015	k104	unnamed	104
c370_09_016	k050	unnamed	50
c370_09_017	k115	unnamed	115
c370_09_018	k099	unnamed	99
c370_09_019	k035	unnamed	35
c370_09_020	k098	unnamed	98
c370_09_021	k109	unnamed	109
c370_09_022	k023	unnamed	23
c370_09_023	k079	unnamed	79
c370_09_024	k050	unnamed	50
c370_09_025	k013	unnamed	13
c370_09_026	k089	unnamed	89
c370_09_027	k062	unnamed	62
c370_09_028	k083	unnamed	83
c370_09_029	k083	unnamed	83
c370_09_030	k064	unnamed	64
c370_09_031	k020	unnamed	20
c370_09_032	k036	unnamed	36
c370_09_033	k109	unnamed	109
c370_09_034	k064	unnamed	64
c370_09_035	k058	unnamed	58
c370_09_036	k029	unnamed	29
c370_09_037	k039	unnamed	39
c370_09_038	k087	unnamed	87
c370_09_039	k115	unnamed	115
c370_09_040	k012	unnamed	12
c370_09_041	k102	unnamed	102
c370_09_042	k064	unnamed	64
c370_09_043	k058	unnamed	58
c370_09_044	k046	unnamed	46
c370_09_045	k016	unnamed	16
c370_09_046	k078	unnamed	78
c370_09_047	k044	unnamed	44
c370_09_048	k090	unnamed	90
c370_09_049	k032	unnamed	32
c370_09_050	k078	unnamed	78
c370_09_051	k098	unnamed	98
c370_09_052	k115	unnamed	115
c370_09_053	k050	unnamed	50
c370_09_054	k078	unnamed	78
c370_09_055	k078	unnamed	78
c370_09_056	k086	unnamed	86
c370_09_057	k024	unnamed	24
c370_09_058	k100	unnamed	100
c370_09_059	k024	unnamed	24
c370_09_060	k082	unnamed	82
c370_09_061	k045	unnamed	45
c370_10_001	k019	unnamed	19
c370_10_002	k088	unnamed	88
c370_10_003	k070	unnamed	70
c370_10_004	k021	unnamed	21
c370_10_005	k088	unnamed	88
c370_10_006	k104	unnamed	104
c370_10_007	k082	unnamed	82
c370_10_008	k036	unnamed	36
c370_10_009	k008	unnamed	8
c370_10_010	k053	unnamed	53
c370_10_011	k089	unnamed	89
c370_10_012	k063	unnamed	63
c370_10_013	k052	unnamed	52
c370_10_014	k023	unnamed	23
c370_10_015	k080	unnamed	80
c370_10_016	k053	unnamed	53
c370_10_017	k088	unnamed	88
c370_10_018	k012	unnamed	12
c370_10_019	k023	unnamed	23
c370_10_020	k006	unnamed	6
c370_10_021	k117	unnamed	117
c370_10_022	k037	unnamed	37
c370_10_023	k073	unnamed	73
c370_10_024	k074	unnamed	74
c370_10_025	k057	unnamed	57
c370_10_026	k071	unnamed	71
c370_10_027	k074	unnamed	74
c370_10_028	k026	unnamed	26
c370_10_029	k013	unnamed	13
c370_10_030	k103	unnamed	103
c370_10_031	k089	unnamed	89
c370_10_032	k050	unnamed	50
c370_10_033	k115	unnamed	115
c370_10_034	k012	unnamed	12
c370_10_035	k004	unnamed	4
c370_10_036	k089	unnamed	89
c370_10_037	k093	unnamed	93
c370_10_038	k063	unnamed	63
c370_10_039	k041	unnamed	41
c370_10_040	k023	unnamed	23
c370_10_041	k051	unnamed	51
c370_11_001	k016	unnamed	16
c370_11_002	k012	unnamed	12
c370_11_003	k008	unnamed	8
c370_11_004	k044	unnamed	44
c370_11_005	k023	unnamed	23
c370_11_006	k084	unnamed	84
c370_11_007	k047	unnamed	47
c370_11_008	k024	unnamed	24
c370_11_009	k095	unnamed	95
c370_11_010	k012	unnamed	12
c370_11_011	k050	unnamed	50
c370_11_012	k074	unnamed	74
c370_11_013	k057	unnamed	57
c370_11_014	k057	unnamed	57
c370_11_015	k069	unnamed	69
c370_11_016	k113	unnamed	113
c370_11_017	k053	unnamed	53
c370_11_018	k000	unnamed	0
c370_11_019	k066	unnamed	66
c370_11_020	k117	unnamed	117
c370_11_021	k049	unnamed	49
c370_11_022	k023	unnamed	23
c370_11_023	k069	unnamed	69
c370_11_024	k118	unnamed	118
c370_11_025	k083	unnamed	83
c370_11_026	k082	unnamed	82
c370_11_027	k099	unnamed	99
c370_11_028	k054	unnamed	54
c370_11_029	k047	unnamed	47
c370_11_030	k091	unnamed	91
c370_11_031	k100	unnamed	100
c370_11_032	k023	unnamed	23
c370_11_033	k064	unnamed	64
c370_11_034	k102	unnamed	102
c370_11_035	k055	unnamed	55
c370_11_036	k113	unnamed	113
c370_11_037	k115	unnamed	115
c370_11_038	k000	unnamed	0
c370_11_039	k029	unnamed	29
c370_11_040	k013	unnamed	13
c370_11_041	k033	unnamed	33
c370_11_042	k117	unnamed	117
c370_11_043	k023	unnamed	23
c370_11_044	k012	unnamed	12
c370_11_045	k047	unnamed	47
c370_11_046	k091	unnamed	91
c370_11_047	k100	unnamed	100
c370_11_048	k022	unnamed	22
c370_11_049	k008	unnamed	8
c370_11_050	k038	unnamed	38
c370_11_051	k080	unnamed	80
c370_11_052	k045	unnamed	45
c370_12_001	k080	unnamed	80
c370_12_002	k027	unnamed	27
c370_12_003	k049	unnamed	49
c370_12_004	k012	unnamed	12
c370_12_005	k101	unnamed	101
c370_12_006	k070	unnamed	70
c370_12_007	k057	unnamed	57
c370_12_008	k098	unnamed	98
c370_12_009	k067	unnamed	67
c370_12_010	k086	unnamed	86
c370_12_011	k050	unnamed	50
c370_12_012	k012	unnamed	12
c370_12_013	k091	unnamed	91
c370_12_014	k033	unnamed	33
c370_12_015	k031	unnamed	31
c370_12_016	k096	unnamed	96
c370_12_017	k063	unnamed	63
c370_12_018	k091	unnamed	91
c370_12_019	k099	unnamed	99
c370_12_020	k002	unnamed	2
c370_12_021	k074	unnamed	74
c370_12_022	k073	unnamed	73
c370_12_023	k007	unnamed	7
c370_12_024	k060	unnamed	60
c370_12_025	k012	unnamed	12
c370_12_026	k006	unnamed	6
c370_12_027	k083	unnamed	83
c370_12_028	k091	unnamed	91
c370_12_029	k029	unnamed	29
c370_12_030	k002	unnamed	2
c370_12_031	k113	unnamed	113
c370_12_032	k115	unnamed	115
c370_12_033	k058	unnamed	58
c370_12_034	k073	unnamed	73
c370_12_035	k052	unnamed	52
c370_12_036	k041	unnamed	41
c370_12_037	k057	unnamed	57
c370_12_038	k057	unnamed	57
c370_13_001	k044	unnamed	44
c370_13_002	k063	unnamed	63
c370_13_003	k115	unnamed	115
c370_13_004	k010	unnamed	10
c370_13_005	k049	unnamed	49
c370_13_006	k008	unnamed	8
c370_13_007	k113	unnamed	113
c370_13_008	k101	unnamed	101
c370_13_009	k100	unnamed	100
c370_13_010	k092	unnamed	92
c370_13_011	k091	unnamed	91
c370_13_012	k035	unnamed	35
c370_13_013	k113	unnamed	113
c370_13_014	k024	unnamed	24
c370_13_015	k100	unnamed	100
c370_13_016	k085	unnamed	85
c370_13_017	k114	unnamed	114
c370_13_018	k100	unnamed	100
c370_13_019	k085	unnamed	85
c370_13_020	k024	unnamed	24
c370_13_021	k078	unnamed	78
c370_13_022	k005	unnamed	5
c370_13_023	k024	unnamed	24
c370_13_024	k069	unnamed	69
c370_13_025	k093	unnamed	93
c370_13_026	k007	unnamed	7
c370_13_027	k104	unnamed	104
c370_13_028	k036	unnamed	36
c370_13_029	k039	unnamed	39
c370_13_030	k014	unnamed	14
c370_13_031	k089	unnamed	89
c370_13_032	k049	unnamed	49
c370_13_033	k115	unnamed	115
c370_13_034	k057	unnamed	57
c370_13_035	k026	unnamed	26
c370_13_036	k053	unnamed	53
c370_13_037	k004	unnamed	4
c370_13_038	k006	unnamed	6
c370_13_039	k116	unnamed	116
c370_13_040	k084	unnamed	84
c370_13_041	k111	unnamed	111
c370_13_042	k012	unnamed	12
c370_13_043	k033	unnamed	33
c370_13_044	k093	unnamed	93
c370_13_045	k032	unnamed	32
c370_13_046	k056	unnamed	56
c370_13_047	k039	unnamed	39
c370_14_001	k036	unnamed	36
c370_14_002	k043	unnamed	43
c370_14_003	k076	unnamed	76
c370_14_004	k050	unnamed	50
c370_14_005	k064	unnamed	64
c370_14_006	k069	unnamed	69
c370_14_007	k074	unnamed	74
c370_14_008	k072	unnamed	72
c370_14_009	k017	unnamed	17
c370_14_010	k094	unnamed	94
c370_14_011	k098	unnamed	98
c370_14_012	k070	unnamed	70
c370_14_013	k095	unnamed	95
c370_14_014	k113	unnamed	113
c370_14_015	k110	unnamed	110
c370_14_016	k054	unnamed	54
c370_14_017	k095	unnamed	95
c370_14_018	k072	unnamed	72
c370_14_019	k021	unnamed	21
c370_14_020	k006	unnamed	6
c370_14_021	k034	unnamed	34
c370_14_022	k049	unnamed	49
c370_14_023	k099	unnamed	99
c370_14_024	k008	unnamed	8
c370_14_025	k091	unnamed	91
c370_14_026	k115	unnamed	115
c370_14_027	k012	unnamed	12
c370_14_028	k073	unnamed	73
c370_14_029	k049	unnamed	49
c370_14_030	k044	unnamed	44
c370_14_031	k017	unnamed	17
c370_14_032	k067	unnamed	67
c370_14_033	k052	unnamed	52
c370_14_034	k049	unnamed	49
c370_14_035	k088	unnamed	88
c370_14_036	k051	unnamed	51
c370_14_037	k036	unnamed	36
c370_14_038	k001	unnamed	1
c370_14_039	k074	unnamed	74
c370_14_040	k020	unnamed	20
c370_14_041	k099	unnamed	99
c370_14_042	k111	unnamed	111
c370_14_043	k023	unnamed	23
c370_14_044	k006	unnamed	6
c370_14_045	k061	unnamed	61
c370_14_046	k024	unnamed	24
c370_14_047	k007	unnamed	7
c370_14_048	k100	unnamed	100
c370_14_049	k057	unnamed	57
c370_14_050	k024	unnamed	24
c370_14_051	k100	unnamed	100
c370_14_052	k111	unnamed	111
c370_14_053	k024	unnamed	24
c370_14_054	k085	unnamed	85
c370_14_055	k001	unnamed	1
c370_14_056	k093	unnamed	93
c370_15_001	k087	unnamed	87
c370_15_002	k048	unnamed	48
c370_15_003	k032	unnamed	32
c370_15_004	k053	unnamed	53
c370_15_005	k045	unnamed	45
c370_15_006	k102	unnamed	102
c370_15_007	k113	unnamed	113
c370_15_008	k029	unnamed	29
c370_15_009	k115	unnamed	115
c370_15_010	k087	unnamed	87
c370_15_011	k106	unnamed	106
c370_15_012	k063	unnamed	63
c370_15_013	k068	unnamed	68
c370_15_014	k057	unnamed	57
c370_15_015	k031	unnamed	31
c370_15_016	k011	unnamed	11
c370_15_017	k056	unnamed	56
c370_15_018	k060	unnamed	60
c370_15_019	k024	unnamed	24
c370_15_020	k089	unnamed	89
c370_15_021	k071	unnamed	71
c370_15_022	k088	unnamed	88
c370_15_023	k092	unnamed	92
c370_15_024	k099	unnamed	99
c370_15_025	k045	unnamed	45
c370_15_026	k117	unnamed	117
c370_15_027	k004	unnamed	4
c370_15_028	k091	unnamed	91
c370_15_029	k067	unnamed	67
c370_15_030	k060	unnamed	60
c370_15_031	k095	unnamed	95
c370_15_032	k005	unnamed	5
c370_15_033	k006	unnamed	6
c370_15_034	k068	unnamed	68
c370_15_035	k045	unnamed	45
c370_15_036	k083	unnamed	83
c370_15_037	k048	unnamed	48
c370_15_038	k113	unnamed	113
c370_15_039	k020	unnamed	20
c370_15_040	k115	unnamed	115
c370_15_041	k067	unnamed	67
c370_15_042	k063	unnamed	63
c370_15_043	k096	unnamed	96
c370_15_044	k016	unnamed	16
c370_15_045	k104	unnamed	104
c370_15_046	k100	unnamed	100
c370_15_047	k093	unnamed	93
c370_15_048	k027	unnamed	27
c370_15_049	k046	unnamed	46
c370_15_050	k100	unnamed	100
c370_15_051	k066	unnamed	66
c370_15_052	k024	unnamed	24
c370_15_053	k020	unnamed	20
c370_15_054	k079	unnamed	79
c370_15_055	k103	unnamed	103
c370_15_056	k089	unnamed	89
c370_15_057	k076	unnamed	76
c370_15_058	k061	unnamed	61
c370_15_059	k046	unnamed	46
c370_15_060	k104	unnamed	104
c370_15_061	k069	unnamed	69
c370_15_062	k001	unnamed	1
c370_15_063	k021	unnamed	21
c370_15_064	k106	unnamed	106
c370_15_065	k041	unnamed	41
c370_15_066	k002	unnamed	2
c370_15_067	k094	unnamed	94
c370_15_068	k073	unnamed	73
c370_15_069	k004	unnamed	4
c370_15_070	k042	unnamed	42
c370_15_071	k092	unnamed	92
c370_15_072	k017	unnamed	17
c370_15_073	k091	unnamed	91
c370_15_074	k009	unnamed	9
c370_15_075	k102	unnamed	102
c370_15_076	k045	unnamed	45
c370_15_077	k100	unnamed	100
c370_15_078	k078	unnamed	78
c370_15_079	k010	unnamed	10
c370_16_001	k079	unnamed	79
c370_16_002	k039	unnamed	39
c370_16_003	k038	unnamed	38
c370_16_004	k044	unnamed	44
c370_16_005	k062	unnamed	62
c370_16_006	k097	unnamed	97
c370_16_007	k112	unnamed	112
c370_16_008	k038	unnamed	38
c370_16_009	k018	unnamed	18
c370_16_010	k117	unnamed	117
c370_16_011	k094	unnamed	94
c370_16_012	k035	unnamed	35
c370_16_013	k041	unnamed	41
c370_16_014	k036	unnamed	36
c370_16_015	k090	unnamed	90
c370_16_016	k111	unnamed	111
c370_16_017	k033	unnamed	33
c370_16_018	k048	unnamed	48
c370_16_019	k083	unnamed	83
c370_16_020	k049	unnamed	49
c370_16_021	k073	unnamed	73
c370_16_022	k104	unnamed	104
c370_16_023	k093	unnamed	93
c370_16_024	k069	unnamed	69
c370_16_025	k036	unnamed	36
c370_16_026	k057	unnamed	57
c370_16_027	k024	unnamed	24
c370_16_028	k049	unnamed	49
c370_16_029	k044	unnamed	44
c370_16_030	k070	unnamed	70
c370_16_031	k109	unnamed	109
c370_16_032	k018	unnamed	18
c370_16_033	k032	unnamed	32
c370_16_034	k074	unnamed	74
c370_16_035	k016	unnamed	16
c370_16_036	k103	unnamed	103
c370_16_037	k069	unnamed	69
c370_16_038	k097	unnamed	97
c370_16_039	k005	unnamed	5
c370_16_040	k085	unnamed	85
c370_16_041	k000	unnamed	0
c370_16_042	k052	unnamed	52
c370_16_043	k092	unnamed	92
c370_16_044	k027	unnamed	27
c370_16_045	k069	unnamed	69
c370_16_046	k065	unnamed	65
c370_16_047	k089	unnamed	89
c370_16_048	k090	unnamed	90
c370_16_049	k024	unnamed	24
c370_16_050	k083	unnamed	83
c370_16_051	k100	unnamed	100
c370_16_052	k027	unnamed	27
c370_16_053	k047	unnamed	47
c370_16_054	k023	unnamed	23
c370_16_055	k106	unnamed	106
c370_16_056	k010	unnamed	10
c370_16_057	k018	unnamed	18
c370_16_058	k000	unnamed	0
c370_16_059	k091	unnamed	91
c370_16_060	k066	unnamed	66
c370_16_061	k070	unnamed	70
c370_16_062	k031	unnamed	31
c370_16_063	k049	unnamed	49
c370_16_064	k043	unnamed	43
c370_16_065	k036	unnamed	36
c370_16_066	k039	unnamed	39
c370_16_067	k097	unnamed	97
c370_16_068	k036	unnamed	36
c370_16_069	k077	unnamed	77
c370_16_070	k089	unnamed	89
c370_16_071	k003	unnamed	3
c370_16_072	k012	unnamed	12
c370_16_073	k056	unnamed	56
c370_16_074	k043	unnamed	43
c370_16_075	k045	unnamed	45
c370_16_076	k107	unnamed	107
c370_16_077	k029	unnamed	29
c370_16_078	k045	unnamed	45
c370_16_079	k003	unnamed	3
c370_16_080	k038	unnamed	38
c370_17_001	k113	unnamed	113
c370_17_002	k030	unnamed	30
c370_17_003	k077	unnamed	77
c370_17_004	k117	unnamed	117
c370_17_005	k089	unnamed	89
c370_17_006	k014	unnamed	14
c370_17_007	k080	unnamed	80
c370_17_008	k046	unnamed	46
c370_17_009	k075	unnamed	75
c370_17_010	k033	unnamed	33
c370_17_011	k086	unnamed	86
c370_17_012	k067	unnamed	67
c370_17_013	k109	unnamed	109
c370_17_014	k099	unnamed	99
c370_17_015	k056	unnamed	56
c370_17_016	k100	unnamed	100
c370_17_017	k000	unnamed	0
c370_17_018	k098	unnamed	98
c370_17_019	k100	unnamed	100
c370_17_020	k012	unnamed	12
c370_17_021	k060	unnamed	60
c370_17_022	k070	unnamed	70
c370_17_023	k018	unnamed	18
c370_17_024	k050	unnamed	50
c370_17_025	k084	unnamed	84
c370_17_026	k094	unnamed	94
c370_17_027	k106	unnamed	106
c370_17_028	k115	unnamed	115
c370_17_029	k013	unnamed	13
c370_17_030	k094	unnamed	94
c370_17_031	k030	unnamed	30
c370_17_032	k035	unnamed	35
c370_17_033	k040	unnamed	40
c370_17_034	k049	unnamed	49
c370_17_035	k039	unnamed	39
c370_17_036	k095	unnamed	95
c370_17_037	k012	unnamed	12
c370_17_038	k056	unnamed	56
c370_17_039	k106	unnamed	106
c370_17_040	k003	unnamed	3
c370_17_041	k002	unnamed	2
c370_17_042	k045	unnamed	45
c370_17_043	k110	unnamed	110
c370_17_044	k107	unnamed	107
c370_17_045	k000	unnamed	0
c370_17_046	k056	unnamed	56
c370_17_047	k079	unnamed	79
c370_17_048	k045	unnamed	45
c370_17_049	k045	unnamed	45
c370_17_050	k040	unnamed	40
c370_17_051	k108	unnamed	108
c370_18_001	k076	unnamed	76
c370_18_002	k045	unnamed	45
c370_18_003	k003	unnamed	3
c370_18_004	k037	unnamed	37
c370_18_005	k045	unnamed	45
c370_18_006	k076	unnamed	76
c370_18_007	k108	unnamed	108
c370_18_008	k045	unnamed	45
c370_18_009	k008	unnamed	8
c370_18_010	k113	unnamed	113
c370_18_011	k118	unnamed	118
c370_18_012	k089	unnamed	89
c370_18_013	k109	unnamed	109
c370_18_014	k061	unnamed	61
c370_18_015	k055	unnamed	55
c370_18_016	k020	unnamed	20
c370_18_017	k086	unnamed	86
c370_18_018	k029	unnamed	29
c370_18_019	k024	unnamed	24
c370_18_020	k018	unnamed	18
c370_18_021	k029	unnamed	29
c370_18_022	k104	unnamed	104
c370_18_023	k062	unnamed	62
c370_18_024	k076	unnamed	76
c370_18_025	k061	unnamed	61
c370_18_026	k066	unnamed	66
c370_18_027	k043	unnamed	43
c370_18_028	k044	unnamed	44
c370_18_029	k010	unnamed	10
c370_18_030	k076	unnamed	76
c370_18_031	k033	unnamed	33
c370_18_032	k051	unnamed	51
c370_18_033	k016	unnamed	16
c370_18_034	k024	unnamed	24
c370_18_035	k090	unnamed	90
c370_18_036	k061	unnamed	61
c370_18_037	k111	unnamed	111
c370_18_038	k080	unnamed	80
c370_18_039	k099	unnamed	99
c370_18_040	k091	unnamed	91
c370_18_041	k100	unnamed	100
c370_18_042	k045	unnamed	45
c370_18_043	k021	unnamed	21
c370_18_044	k083	unnamed	83
c370_18_045	k021	unnamed	21
c370_18_046	k055	unnamed	55
c370_18_047	k101	unnamed	101
c370_18_048	k100	unnamed	100
c370_18_049	k027	unnamed	27
c370_18_050	k012	unnamed	12
c370_18_051	k029	unnamed	29
c370_18_052	k060	unnamed	60
c370_18_053	k081	unnamed	81
c370_18_054	k012	unnamed	12
c370_18_055	k070	unnamed	70
c370_18_056	k081	unnamed	81
c370_18_057	k031	unnamed	31
c370_18_058	k024	unnamed	24
c370_18_059	k046	unnamed	46
c370_18_060	k030	unnamed	30
c370_18_061	k069	unnamed	69
c370_18_062	k106	unnamed	106
c370_18_063	k027	unnamed	27
c370_18_064	k110	unnamed	110
c370_18_065	k021	unnamed	21
c370_18_066	k024	unnamed	24
c370_18_067	k077	unnamed	77
c370_18_068	k106	unnamed	106
c370_18_069	k034	unnamed	34
c370_18_070	k061	unnamed	61
c370_18_071	k000	unnamed	0
c370_18_072	k007	unnamed	7
c370_18_073	k086	unnamed	86
c370_18_074	k022	unnamed	22
c370_18_075	k045	unnamed	45
c370_18_076	k108	unnamed	108
c370_18_077	k045	unnamed	45
c370_18_078	k008	unnamed	8
c370_18_079	k038	unnamed	38
c370_18_080	k078	unnamed	78
c370_18_081	k011	unnamed	11
c370_18_082	k038	unnamed	38
c370_18_083	k045	unnamed	45
c370_18_084	k038	unnamed	38
c370_18_085	k094	unnamed	94
c370_19_001	k061	unnamed	61
c370_19_002	k108	unnamed	108
c370_19_003	k038	unnamed	38
c370_19_004	k011	unnamed	11
c370_19_005	k045	unnamed	45
c370_19_006	k035	unnamed	35
c370_19_007	k047	unnamed	47
c370_19_008	k062	unnamed	62
c370_19_009	k088	unnamed	88
c370_19_010	k093	unnamed	93
c370_19_011	k030	unnamed	30
c370_19_012	k020	unnamed	20
c370_19_013	k012	unnamed	12
c370_19_014	k080	unnamed	80
c370_19_015	k087	unnamed	87
c370_19_016	k036	unnamed	36
c370_19_017	k115	unnamed	115
c370_19_018	k021	unnamed	21
c370_19_019	k089	unnamed	89
c370_19_020	k042	unnamed	42
c370_19_021	k036	unnamed	36
c370_19_022	k043	unnamed	43
c370_19_023	k018	unnamed	18
c370_19_024	k074	unnamed	74
c370_19_025	k032	unnamed	32
c370_19_026	k101	unnamed	101
c370_19_027	k024	unnamed	24
c370_19_028	k101	unnamed	101
c370_19_029	k067	unnamed	67
c370_19_030	k017	unnamed	17
c370_19_031	k047	unnamed	47
c370_19_032	k056	unnamed	56
c370_19_033	k069	unnamed	69
c370_19_034	k010	unnamed	10
c370_19_035	k020	unnamed	20
c370_19_036	k037	unnamed	37
c370_19_037	k010	unnamed	10
c370_19_038	k081	unnamed	81
c370_19_039	k083	unnamed	83
c370_19_040	k011	unnamed	11
c370_19_041	k015	unnamed	15
c370_19_042	k101	unnamed	101
c370_19_043	k101	unnamed	101
c370_19_044	k099	unnamed	99
c370_19_045	k082	unnamed	82
c370_19_046	k023	unnamed	23
c370_19_047	k006	unnamed	6
c370_19_048	k037	unnamed	37
c370_19_049	k054	unnamed	54
c370_19_050	k080	unnamed	80
c370_19_051	k097	unnamed	97
c370_19_052	k014	unnamed	14
c370_19_053	k020	unnamed	20
c370_19_054	k035	unnamed	35
c370_19_055	k117	unnamed	117
c370_19_056	k049	unnamed	49
c370_19_057	k047	unnamed	47
c370_19_058	k016	unnamed	16
c370_19_059	k084	unnamed	84
c370_19_060	k074	unnamed	74
c370_19_061	k038	unnamed	38
c370_19_062	k008	unnamed	8
c370_19_063	k081	unnamed	81
c370_19_064	k060	unnamed	60
c370_19_065	k106	unnamed	106
c370_19_066	k075	unnamed	75
c370_19_067	k021	unnamed	21
c370_19_068	k052	unnamed	52
c370_19_069	k057	unnamed	57
c370_19_070	k016	unnamed	16
c370_19_071	k002	unnamed	2
c370_19_072	k062	unnamed	62
c370_19_073	k039	unnamed	39
c370_19_074	k090	unnamed	90
c370_19_075	k003	unnamed	3
c370_19_076	k008	unnamed	8
c370_19_077	k090	unnamed	90
c370_20_001	k041	unnamed	41
c370_20_002	k041	unnamed	41
c370_20_003	k036	unnamed	36
c370_20_004	k090	unnamed	90
c370_20_005	k103	unnamed	103
c370_20_006	k026	unnamed	26
c370_20_007	k046	unnamed	46
c370_20_008	k101	unnamed	101
c370_20_009	k115	unnamed	115
c370_20_010	k014	unnamed	14
c370_20_011	k012	unnamed	12
c370_20_012	k087	unnamed	87
c370_20_013	k100	unnamed	100
c370_20_014	k063	unnamed	63
c370_20_015	k080	unnamed	80
c370_20_016	k104	unnamed	104
c370_20_017	k016	unnamed	16
c370_20_018	k039	unnamed	39
c370_20_019	k028	unnamed	28
c370_20_020	k069	unnamed	69
c370_20_021	k111	unnamed	111
c370_20_022	k010	unnamed	10
c370_20_023	k000	unnamed	0
c370_20_024	k094	unnamed	94
c370_20_025	k066	unnamed	66
c370_20_026	k014	unnamed	14
c370_20_027	k097	unnamed	97
c370_20_028	k054	unnamed	54
c370_20_029	k099	unnamed	99
c370_20_030	k049	unnamed	49
c370_20_031	k104	unnamed	104
c370_20_032	k008	unnamed	8
c370_20_033	k005	unnamed	5
c370_20_034	k088	unnamed	88
c370_20_035	k021	unnamed	21
c370_20_036	k101	unnamed	101
c370_20_037	k042	unnamed	42
c370_20_038	k028	unnamed	28
c370_20_039	k026	unnamed	26
c370_20_040	k023	unnamed	23
c370_20_041	k070	unnamed	70
c370_20_042	k069	unnamed	69
c370_20_043	k113	unnamed	113
c370_20_044	k044	unnamed	44
c370_20_045	k010	unnamed	10
c370_20_046	k036	unnamed	36
c370_20_047	k083	unnamed	83
c370_20_048	k071	unnamed	71
c370_20_049	k089	unnamed	89
c370_20_050	k092	unnamed	92
c370_20_051	k029	unnamed	29
c370_20_052	k075	unnamed	75
c370_20_053	k064	unnamed	64
c370_20_054	k083	unnamed	83
c370_20_055	k110	unnamed	110
c370_20_056	k118	unnamed	118
c370_20_057	k043	unnamed	43
c370_20_058	k046	unnamed	46
c370_20_059	k058	unnamed	58
c370_20_060	k049	unnamed	49
c370_20_061	k024	unnamed	24
c370_20_062	k049	unnamed	49
c370_20_063	k048	unnamed	48
c370_20_064	k013	unnamed	13
c370_20_065	k020	unnamed	20
c370_20_066	k026	unnamed	26
c370_20_067	k020	unnamed	20
c370_20_068	k000	unnamed	0
c370_20_069	k109	unnamed	109
c370_20_070	k080	unnamed	80
c370_20_071	k062	unnamed	62
c370_20_072	k108	unnamed	108
c370_20_073	k090	unnamed	90
c370_20_074	k095	unnamed	95
c370_20_075	k038	unnamed	38
c370_20_076	k090	unnamed	90
c370_20_077	k090	unnamed	90
c370_20_078	k090	unnamed	90
c370_20_079	k094	unnamed	94
c370_20_080	k008	unnamed	8
c370_20_081	k039	unnamed	39
c370_21_001	k005	unnamed	5
c370_21_002	k076	unnamed	76
c370_21_003	k002	unnamed	2
c370_21_004	k055	unnamed	55
c370_21_005	k013	unnamed	13
c370_21_006	k060	unnamed	60
c370_21_007	k054	unnamed	54
c370_21_008	k014	unnamed	14
c370_21_009	k016	unnamed	16
c370_21_010	k044	unnamed	44
c370_21_011	k110	unnamed	110
c370_21_012	k104	unnamed	104
c370_21_013	k073	unnamed	73
c370_21_014	k044	unnamed	44
c370_21_015	k049	unnamed	49
c370_21_016	k035	unnamed	35
c370_21_017	k041	unnamed	41
c370_21_018	k048	unnamed	48
c370_21_019	k076	unnamed	76
c370_21_020	k006	unnamed	6
c370_21_021	k008	unnamed	8
c370_21_022	k037	unnamed	37
c370_21_023	k021	unnamed	21
c370_21_024	k016	unnamed	16
c370_21_025	k091	unnamed	91
c370_21_026	k018	unnamed	18
c370_21_027	k104	unnamed	104
c370_21_028	k030	unnamed	30
c370_21_029	k091	unnamed	91
c370_21_030	k115	unnamed	115
c370_21_031	k024	unnamed	24
c370_21_032	k039	unnamed	39
c370_21_033	k010	unnamed	10
c370_21_034	k030	unnamed	30
c370_21_035	k043	unnamed	43
c370_21_036	k036	unnamed	36
c370_21_037	k023	unnamed	23
c370_21_038	k089	unnamed	89
c370_21_039	k063	unnamed	63
c370_21_040	k057	unnamed	57
c370_21_041	k098	unnamed	98
c370_21_042	k067	unnamed	67
c370_21_043	k049	unnamed	49
c370_21_044	k042	unnamed	42
c370_21_045	k002	unnamed	2
c370_21_046	k049	unnamed	49
c370_21_047	k072	unnamed	72
c370_21_048	k010	unnamed	10
c370_21_049	k000	unnamed	0
c370_21_050	k066	unnamed	66
c370_21_051	k046	unnamed	46
c370_21_052	k008	unnamed	8
c370_22_001	k014	unnamed	14
c370_22_002	k002	unnamed	2
c370_22_003	k023	unnamed	23
c370_22_004	k115	unnamed	115
c370_22_005	k045	unnamed	45
c370_22_006	k027	unnamed	27
c370_22_007	k113	unnamed	113
c370_22_008	k043	unnamed	43
c370_22_009	k091	unnamed	91
c370_22_010	k080	unnamed	80
c370_22_011	k006	unnamed	6
c370_22_012	k061	unnamed	61
c370_22_013	k021	unnamed	21
c370_22_014	k101	unnamed	101
c370_22_015	k048	unnamed	48
c370_22_016	k098	unnamed	98
c370_22_017	k024	unnamed	24
c370_22_018	k090	unnamed	90
c370_22_019	k091	unnamed	91
c370_22_020	k017	unnamed	17
c370_22_021	k073	unnamed	73
c370_22_022	k115	unnamed	115
c370_22_023	k113	unnamed	113
c370_22_024	k023	unnamed	23
c370_22_025	k021	unnamed	21
c370_22_026	k070	unnamed	70
c370_22_027	k082	unnamed	82
c370_22_028	k089	unnamed	89
c370_22_029	k092	unnamed	92
c370_22_030	k101	unnamed	101
c370_22_031	k113	unnamed	113
c370_22_032	k021	unnamed	21
c370_22_033	k113	unnamed	113
c370_22_034	k041	unnamed	41
c370_22_035	k109	unnamed	109
c370_22_036	k039	unnamed	39
c370_22_037	k056	unnamed	56
c370_22_038	k064	unnamed	64
c370_22_039	k039	unnamed	39
c370_22_040	k003	unnamed	3
c370_22_041	k091	unnamed	91
c370_22_042	k068	unnamed	68
c370_22_043	k062	unnamed	62
c370_22_044	k001	unnamed	1
c370_22_045	k074	unnamed	74
c370_22_046	k000	unnamed	0
c370_22_047	k022	unnamed	22
c370_22_048	k045	unnamed	45
c370_22_049	k045	unnamed	45
c370_22_050	k093	unnamed	93
c370_23_001	k117	unnamed	117
c370_23_002	k110	unnamed	110
c370_23_003	k115	unnamed	115
c370_23_004	k043	unnamed	43
c370_23_005	k044	unnamed	44
c370_23_006	k010	unnamed	10
c370_23_007	k004	unnamed	4
c370_23_008	k001	unnamed	1
c370_23_009	k033	unnamed	33
c370_23_010	k051	unnamed	51
c370_23_011	k005	unnamed	5
c370_23_012	k100	unnamed	100
c370_23_013	k067	unnamed	67
c370_23_014	k109	unnamed	109
c370_23_015	k065	unnamed	65
c370_23_016	k030	unnamed	30
c370_23_017	k044	unnamed	44
c370_23_018	k113	unnamed	113
c370_23_019	k022	unnamed	22
c370_23_020	k101	unnamed	101
c370_23_021	k004	unnamed	4
c370_23_022	k005	unnamed	5
c370_23_023	k089	unnamed	89
c370_23_024	k083	unnamed	83
c370_23_025	k077	unnamed	77
c370_23_026	k069	unnamed	69
c370_23_027	k104	unnamed	104
c370_23_028	k000	unnamed	0
c370_23_029	k037	unnamed	37
c370_23_030	k027	unnamed	27
c370_23_031	k068	unnamed	68
c370_23_032	k117	unnamed	117
c370_23_033	k021	unnamed	21
c370_23_034	k064	unnamed	64
c370_23_035	k117	unnamed	117
c370_23_036	k094	unnamed	94
c370_23_037	k013	unnamed	13
c370_23_038	k016	unnamed	16
c370_23_039	k098	unnamed	98
c370_23_040	k077	unnamed	77
c370_23_041	k037	unnamed	37
c370_23_042	k008	unnamed	8
c370_23_043	k010	unnamed	10
c370_23_044	k047	unnamed	47
c370_23_045	k069	unnamed	69
c370_23_046	k071	unnamed	71
c370_23_047	k094	unnamed	94
c370_23_048	k063	unnamed	63
c370_23_049	k018	unnamed	18
c370_23_050	k108	unnamed	108
c370_24_001	k106	unnamed	106
c370_24_002	k044	unnamed	44
c370_24_003	k026	unnamed	26
c370_24_004	k073	unnamed	73
c370_24_005	k006	unnamed	6
c370_24_006	k094	unnamed	94
c370_24_007	k036	unnamed	36
c370_24_008	k100	unnamed	100
c370_24_009	k089	unnamed	89
c370_24_010	k064	unnamed	64
c370_24_011	k094	unnamed	94
c370_24_012	k025	unnamed	25
c370_24_013	k075	unnamed	75
c370_24_014	k022	unnamed	22
c370_24_015	k068	unnamed	68
c370_24_016	k032	unnamed	32
c370_24_017	k092	unnamed	92
c370_24_018	k107	unnamed	107
c370_24_019	k010	unnamed	10
c370_24_020	k080	unnamed	80
c370_24_021	k022	unnamed	22
c370_24_022	k020	unnamed	20
c370_24_023	k115	unnamed	115
c370_24_024	k092	unnamed	92
c370_24_025	k027	unnamed	27
c370_24_026	k110	unnamed	110
c370_24_027	k118	unnamed	118
c370_24_028	k119	unnamed	119
c370_24_029	k064	unnamed	64
c370_24_030	k091	unnamed	91
c370_24_031	k005	unnamed	5
c370_24_032	k118	unnamed	118
c370_24_033	k031	unnamed	31
c370_24_034	k103	unnamed	103
c370_24_035	k093	unnamed	93
c370_24_036	k008	unnamed	8
c370_24_037	k022	unnamed	22
c370_24_038	k045	unnamed	45
c370_24_039	k038	unnamed	38
c370_24_040	k045	unnamed	45
c370_24_041	k039	unnamed	39
c370_24_042	k072	unnamed	72
c370_24_043	k107	unnamed	107
c370_24_044	k039	unnamed	39
c370_24_045	k008	unnamed	8
c370_24_046	k008	unnamed	8
c371_01_001	k080	unnamed	80
c371_01_002	k066	unnamed	66
c371_01_003	k015	unnamed	15
c371_01_004	k087	unnamed	87
c371_01_005	k000	unnamed	0
c371_01_006	k117	unnamed	117
c371_01_007	k004	unnamed	4
c371_01_008	k052	unnamed	52
c371_01_009	k071	unnamed	71
c371_01_010	k053	unnamed	53
c371_01_011	k017	unnamed	17
c371_01_012	k053	unnamed	53
c371_01_013	k050	unnamed	50
c371_01_014	k084	unnamed	84
c371_01_015	k087	unnamed	87
c371_01_016	k115	unnamed	115
c371_01_017	k099	unnamed	99
c371_01_018	k087	unnamed	87
c371_01_019	k063	unnamed	63
c371_01_020	k071	unnamed	71
c371_01_021	k084	unnamed	84
c371_01_022	k056	unnamed	56
c371_01_023	k009	unnamed	9
c371_01_024	k082	unnamed	82
c371_01_025	k001	unnamed	1
c371_01_026	k104	unnamed	104
c371_01_027	k064	unnamed	64
c371_01_028	k116	unnamed	116
c371_01_029	k020	unnamed	20
c371_01_030	k047	unnamed	47
c371_01_031	k066	unnamed	66
c371_01_032	k050	unnamed	50
c371_01_033	k026	unnamed	26
c371_01_034	k053	unnamed	53
c371_01_035	k057	unnamed	57
c371_01_036	k058	unnamed	58
c371_01_037	k098	unnamed	98
c371_01_038	k091	unnamed	91
c371_01_039	k029	unnamed	29
c371_01_040	k038	unnamed	38
c371_02_001	k024	unnamed	24
c371_02_002	k054	unnamed	54
c371_02_003	k004	unnamed	4
c371_02_004	k103	unnamed	103
c371_02_005	k030	unnamed	30
c371_02_006	k083	unnamed	83
c371_02_007	k066	unnamed	66
c371_02_008	k004	unnamed	4
c371_02_009	k051	unnamed	51
c371_02_010	k109	unnamed	109
c371_02_011	k090	unnamed	90
c371_02_012	k104	unnamed	104
c371_02_013	k032	unnamed	32
c371_02_014	k019	unnamed	19
c371_02_015	k009	unnamed	9
c371_02_016	k026	unnamed	26
c371_02_017	k016	unnamed	16
c371_02_018	k087	unnamed	87
c371_02_019	k104	unnamed	104
c371_02_020	k100	unnamed	100
c371_02_021	k050	unnamed	50
c371_02_022	k035	unnamed	35
c371_02_023	k023	unnamed	23
c371_02_024	k064	unnamed	64
c371_02_025	k058	unnamed	58
c371_02_026	k039	unnamed	39
c371_02_027	k089	unnamed	89
c371_02_028	k052	unnamed	52
c371_02_029	k024	unnamed	24
c371_02_030	k084	unnamed	84
c371_02_031	k015	unnamed	15
c371_02_032	k010	unnamed	10
c371_02_033	k111	unnamed	111
c371_02_034	k103	unnamed	103
c371_02_035	k067	unnamed	67
c371_02_036	k096	unnamed	96
c371_02_037	k021	unnamed	21
c371_02_038	k017	unnamed	17
c371_02_039	k038	unnamed	38
c371_03_001	k100	unnamed	100
c371_03_002	k038	unnamed	38
c371_03_003	k011	unnamed	11
c371_03_004	k053	unnamed	53
c371_03_005	k003	unnamed	3
c371_03_006	k086	unnamed	86
c371_03_007	k024	unnamed	24
c371_03_008	k115	unnamed	115
c371_03_009	k085	unnamed	85
c371_03_010	k057	unnamed	57
c371_03_011	k071	unnamed	71
c371_03_012	k070	unnamed	70
c371_03_013	k000	unnamed	0
c371_03_014	k043	unnamed	43
c371_03_015	k064	unnamed	64
c371_03_016	k047	unnamed	47
c371_03_017	k016	unnamed	16
c371_03_018	k072	unnamed	72
c371_03_019	k068	unnamed	68
c371_03_020	k005	unnamed	5
c371_03_021	k091	unnamed	91
c371_03_022	k044	unnamed	44
c371_03_023	k010	unnamed	10
c371_03_024	k039	unnamed	39
c371_03_025	k004	unnamed	4
c371_03_026	k013	unnamed	13
c371_03_027	k007	unnamed	7
c371_03_028	k047	unnamed	47
c371_03_029	k012	unnamed	12
c371_03_030	k051	unnamed	51
c371_03_031	k057	unnamed	57
c371_03_032	k067	unnamed	67
c371_03_033	k016	unnamed	16
c371_03_034	k087	unnamed	87
c371_03_035	k019	unnamed	19
c371_03_036	k020	unnamed	20
c371_03_037	k009	unnamed	9
c371_03_038	k092	unnamed	92
c371_03_039	k029	unnamed	29
c371_03_040	k000	unnamed	0
c371_03_041	k024	unnamed	24
c371_03_042	k040	unnamed	40
c371_03_043	k001	unnamed	1
c371_03_044	k092	unnamed	92
c371_03_045	k011	unnamed	11
c371_04_001	k106	unnamed	106
c371_04_002	k099	unnamed	99
c371_04_003	k110	unnamed	110
c371_04_004	k096	unnamed	96
c371_04_005	k016	unnamed	16
c371_04_006	k001	unnamed	1
c371_04_007	k094	unnamed	94
c371_04_008	k099	unnamed	99
c371_04_009	k044	unnamed	44
c371_04_010	k010	unnamed	10
c371_04_011	k000	unnamed	0
c371_04_012	k078	unnamed	78
c371_04_013	k085	unnamed	85
c371_04_014	k044	unnamed	44
c371_04_015	k010	unnamed	10
c371_04_016	k013	unnamed	13
c371_04_017	k087	unnamed	87
c371_04_018	k080	unnamed	80
c371_04_019	k024	unnamed	24
c371_04_020	k016	unnamed	16
c371_04_021	k106	unnamed	106
c371_04_022	k010	unnamed	10
c371_04_023	k091	unnamed	91
c371_04_024	k029	unnamed	29
c371_04_025	k075	unnamed	75
c371_04_026	k077	unnamed	77
c371_04_027	k029	unnamed	29
c371_04_028	k018	unnamed	18
c371_04_029	k007	unnamed	7
c371_04_030	k104	unnamed	104
c371_04_031	k012	unnamed	12
c371_04_032	k055	unnamed	55
c371_04_033	k007	unnamed	7
c371_04_034	k100	unnamed	100
c371_04_035	k000	unnamed	0
c371_04_036	k024	unnamed	24
c371_04_037	k068	unnamed	68
c371_04_038	k001	unnamed	1
c371_04_039	k015	unnamed	15
c371_04_040	k013	unnamed	13
c371_04_041	k099	unnamed	99
c371_04_042	k053	unnamed	53
c371_04_043	k001	unnamed	1
c371_04_044	k054	unnamed	54
c371_04_045	k084	unnamed	84
c371_04_046	k104	unnamed	104
c371_04_047	k098	unnamed	98
c371_05_001	k119	unnamed	119
c371_05_002	k015	unnamed	15
c371_05_003	k104	unnamed	104
c371_05_004	k004	unnamed	4
c371_05_005	k109	unnamed	109
c371_05_006	k024	unnamed	24
c371_05_007	k065	unnamed	65
c371_05_008	k087	unnamed	87
c371_05_009	k064	unnamed	64
c371_05_010	k002	unnamed	2
c371_05_011	k046	unnamed	46
c371_05_012	k105	unnamed	105
c371_05_013	k033	unnamed	33
c371_05_014	k094	unnamed	94
c371_05_015	k087	unnamed	87
c371_05_016	k033	unnamed	33
c371_05_017	k002	unnamed	2
c371_05_018	k025	unnamed	25
c371_05_019	k038	unnamed	38
c371_05_020	k080	unnamed	80
c371_05_021	k080	unnamed	80
c371_05_022	k096	unnamed	96
c371_05_023	k006	unnamed	6
c371_05_024	k061	unnamed	61
c371_05_025	k004	unnamed	4
c371_05_026	k030	unnamed	30
c371_05_027	k003	unnamed	3
c371_05_028	k076	unnamed	76
c371_05_029	k010	unnamed	10
c371_05_030	k117	unnamed	117
c371_05_031	k024	unnamed	24
c371_05_032	k100	unnamed	100
c371_05_033	k012	unnamed	12
c371_05_034	k050	unnamed	50
c371_05_035	k000	unnamed	0
c371_05_036	k087	unnamed	87
c371_05_037	k057	unnamed	57
c371_05_038	k007	unnamed	7
c371_05_039	k016	unnamed	16
c371_05_040	k039	unnamed	39
c371_05_041	k062	unnamed	62
c371_05_042	k108	unnamed	108
c371_06_001	k016	unnamed	16
c371_06_002	k105	unnamed	105
c371_06_003	k009	unnamed	9
c371_06_004	k069	unnamed	69
c371_06_005	k047	unnamed	47
c371_06_006	k030	unnamed	30
c371_06_007	k083	unnamed	83
c371_06_008	k011	unnamed	11
c371_06_009	k027	unnamed	27
c371_06_010	k055	unnamed	55
c371_06_011	k007	unnamed	7
c371_06_012	k115	unnamed	115
c371_06_013	k000	unnamed	0
c371_06_014	k104	unnamed	104
c371_06_015	k042	unnamed	42
c371_06_016	k004	unnamed	4
c371_06_017	k070	unnamed	70
c371_06_018	k049	unnamed	49
c371_06_019	k032	unnamed	32
c371_06_020	k098	unnamed	98
c371_06_021	k000	unnamed	0
c371_06_022	k067	unnamed	67
c371_06_023	k014	unnamed	14
c371_06_024	k046	unnamed	46
c371_06_025	k042	unnamed	42
c371_06_026	k066	unnamed	66
c371_06_027	k084	unnamed	84
c371_06_028	k104	unnamed	104
c371_06_029	k064	unnamed	64
c371_06_030	k028	unnamed	28
c371_06_031	k111	unnamed	111
c371_06_032	k105	unnamed	105
c371_06_033	k055	unnamed	55
c371_06_034	k087	unnamed	87
c371_06_035	k027	unnamed	27
c371_06_036	k065	unnamed	65
c371_06_037	k052	unnamed	52
c371_06_038	k043	unnamed	43
c371_06_039	k033	unnamed	33
c371_06_040	k003	unnamed	3
c371_06_041	k017	unnamed	17
c371_06_042	k090	unnamed	90
c371_06_043	k040	unnamed	40
c371_07_001	k055	unnamed	55
c371_07_002	k034	unnamed	34
c371_07_003	k016	unnamed	16
c371_07_004	k117	unnamed	117
c371_07_005	k047	unnamed	47
c371_07_006	k021	unnamed	21
c371_07_007	k073	unnamed	73
c371_07_008	k104	unnamed	104
c371_07_009	k098	unnamed	98
c371_07_010	k099	unnamed	99
c371_07_011	k007	unnamed	7
c371_07_012	k100	unnamed	100
c371_07_013	k058	unnamed	58
c371_07_014	k004	unnamed	4
c371_07_015	k013	unnamed	13
c371_07_016	k020	unnamed	20
c371_07_017	k009	unnamed	9
c371_07_018	k026	unnamed	26
c371_07_019	k071	unnamed	71
c371_07_020	k049	unnamed	49
c371_07_021	k085	unnamed	85
c371_07_022	k051	unnamed	51
c371_07_023	k050	unnamed	50
c371_07_024	k048	unnamed	48
c371_07_025	k110	unnamed	110
c371_07_026	k073	unnamed	73
c371_07_027	k004	unnamed	4
c371_07_028	k104	unnamed	104
c371_07_029	k071	unnamed	71
c371_07_030	k117	unnamed	117
c371_07_031	k004	unnamed	4
c371_07_032	k000	unnamed	0
c371_07_033	k007	unnamed	7
c371_07_034	k084	unnamed	84
c371_07_035	k117	unnamed	117
c371_07_036	k021	unnamed	21
c371_07_037	k090	unnamed	90
c371_07_038	k038	unnamed	38
c371_07_039	k003	unnamed	3
c371_07_040	k029	unnamed	29
c371_07_041	k090	unnamed	90
c371_07_042	k037	unnamed	37
c371_07_043	k045	unnamed	45
c371_08_001	k094	unnamed	94
c371_08_002	k106	unnamed	106
c371_08_003	k086	unnamed	86
c371_08_004	k055	unnamed	55
c371_08_005	k110	unnamed	110
c371_08_006	k118	unnamed	118
c371_08_007	k043	unnamed	43
c371_08_008	k075	unnamed	75
c371_08_009	k039	unnamed	39
c371_08_010	k067	unnamed	67
c371_08_011	k096	unnamed	96
c371_08_012	k117	unnamed	117
c371_08_013	k091	unnamed	91
c371_08_014	k060	unnamed	60
c371_08_015	k066	unnamed	66
c371_08_016	k063	unnamed	63
c371_08_017	k073	unnamed	73
c371_08_018	k005	unnamed	5
c371_08_019	k000	unnamed	0
c371_08_020	k024	unnamed	24
c371_08_021	k044	unnamed	44
c371_08_022	k010	unnamed	10
c371_08_023	k006	unnamed	6
c371_08_024	k061	unnamed	61
c371_08_025	k092	unnamed	92
c371_08_026	k038	unnamed	38
c371_08_027	k004	unnamed	4
c371_08_028	k048	unnamed	48
c371_08_029	k038	unnamed	38
c371_08_030	k011	unnamed	11
c371_08_031	k029	unnamed	29
c371_08_032	k070	unnamed	70
c371_08_033	k053	unnamed	53
c371_08_034	k094	unnamed	94
c371_08_035	k000	unnamed	0
c371_08_036	k010	unnamed	10
c371_08_037	k049	unnamed	49
c371_08_038	k013	unnamed	13
c371_08_039	k089	unnamed	89
c371_08_040	k008	unnamed	8
c371_08_041	k014	unnamed	14
c371_08_042	k037	unnamed	37
c371_08_043	k094	unnamed	94
c371_08_044	k045	unnamed	45
c371_08_045	k078	unnamed	78
c371_09_001	k073	unnamed	73
c371_09_002	k094	unnamed	94
c371_09_003	k000	unnamed	0
c371_09_004	k068	unnamed	68
c371_09_005	k021	unnamed	21
c371_09_006	k014	unnamed	14
c371_09_007	k012	unnamed	12
c371_09_008	k057	unnamed	57
c371_09_009	k010	unnamed	10
c371_09_010	k035	unnamed	35
c371_09_011	k091	unnamed	91
c371_09_012	k100	unnamed	100
c371_09_013	k050	unnamed	50
c371_09_014	k088	unnamed	88
c371_09_015	k074	unnamed	74
c371_09_016	k084	unnamed	84
c371_09_017	k023	unnamed	23
c371_09_018	k115	unnamed	115
c371_09_019	k055	unnamed	55
c371_09_020	k063	unnamed	63
c371_09_021	k013	unnamed	13
c371_09_022	k007	unnamed	7
c371_09_023	k060	unnamed	60
c371_09_024	k054	unnamed	54
c371_09_025	k023	unnamed	23
c371_09_026	k032	unnamed	32
c371_09_027	k102	unnamed	102
c371_09_028	k010	unnamed	10
c371_09_029	k004	unnamed	4
c371_09_030	k051	unnamed	51
c371_09_031	k024	unnamed	24
c371_09_032	k066	unnamed	66
c371_09_033	k082	unnamed	82
c371_09_034	k018	unnamed	18
c371_09_035	k023	unnamed	23
c371_09_036	k108	unnamed	108
c371_09_037	k045	unnamed	45
c371_09_038	k019	unnamed	19
c371_09_039	k090	unnamed	90
c371_09_040	k070	unnamed	70
c371_09_041	k037	unnamed	37
c371_10_001	k087	unnamed	87
c371_10_002	k076	unnamed	76
c371_10_003	k017	unnamed	17
c371_10_004	k020	unnamed	20
c371_10_005	k047	unnamed	47
c371_10_006	k051	unnamed	51
c371_10_007	k000	unnamed	0
c371_10_008	k024	unnamed	24
c371_10_009	k085	unnamed	85
c371_10_010	k042	unnamed	42
c371_10_011	k078	unnamed	78
c371_10_012	k074	unnamed	74
c371_10_013	k082	unnamed	82
c371_10_014	k014	unnamed	14
c371_10_015	k048	unnamed	48
c371_10_016	k099	unnamed	99
c371_10_017	k020	unnamed	20
c371_10_018	k084	unnamed	84
c371_10_019	k039	unnamed	39
c371_10_020	k004	unnamed	4
c371_10_021	k104	unnamed	104
c371_10_022	k006	unnamed	6
c371_10_023	k000	unnamed	0
c371_10_024	k082	unnamed	82
c371_10_025	k046	unnamed	46
c371_10_026	k104	unnamed	104
c371_10_027	k093	unnamed	93
c371_10_028	k027	unnamed	27
c371_10_029	k026	unnamed	26
c371_10_030	k090	unnamed	90
c371_10_031	k081	unnamed	81
c371_10_032	k067	unnamed	67
c371_10_033	k042	unnamed	42
c371_10_034	k024	unnamed	24
c371_10_035	k064	unnamed	64
c371_10_036	k021	unnamed	21
c371_10_037	k038	unnamed	38
c371_10_038	k104	unnamed	104
c371_10_039	k045	unnamed	45
c371_10_040	k011	unnamed	11
c371_10_041	k003	unnamed	3
c371_10_042	k038	unnamed	38
c371_11_001	k000	unnamed	0
c371_11_002	k007	unnamed	7
c371_11_003	k115	unnamed	115
c371_11_004	k068	unnamed	68
c371_11_005	k020	unnamed	20
c371_11_006	k030	unnamed	30
c371_11_007	k083	unnamed	83
c371_11_008	k039	unnamed	39
c371_11_009	k024	unnamed	24
c371_11_010	k014	unnamed	14
c371_11_011	k085	unnamed	85
c371_11_012	k078	unnamed	78
c371_11_013	k033	unnamed	33
c371_11_014	k037	unnamed	37
c371_11_015	k008	unnamed	8
c371_11_016	k003	unnamed	3
c371_11_017	k046	unnamed	46
c371_11_018	k070	unnamed	70
c371_11_019	k081	unnamed	81
c371_11_020	k037	unnamed	37
c371_11_021	k054	unnamed	54
c371_11_022	k060	unnamed	60
c371_11_023	k013	unnamed	13
c371_11_024	k074	unnamed	74
c371_11_025	k026	unnamed	26
c371_11_026	k081	unnamed	81
c371_11_027	k050	unnamed	50
c371_11_028	k031	unnamed	31
c371_11_029	k000	unnamed	0
c371_11_030	k066	unnamed	66
c371_11_031	k004	unnamed	4
c371_11_032	k057	unnamed	57
c371_11_033	k007	unnamed	7
c371_11_034	k032	unnamed	32
c371_11_035	k058	unnamed	58
c371_11_036	k004	unnamed	4
c371_11_037	k084	unnamed	84
c371_11_038	k067	unnamed	67
c371_11_039	k004	unnamed	4
c371_11_040	k042	unnamed	42
c371_11_041	k119	unnamed	119
c371_11_042	k104	unnamed	104
c371_11_043	k040	unnamed	40
c371_11_044	k083	unnamed	83
c371_12_001	k116	unnamed	116
c371_12_002	k051	unnamed	51
c371_12_003	k015	unnamed	15
c371_12_004	k015	unnamed	15
c371_12_005	k118	unnamed	118
c371_12_006	k043	unnamed	43
c371_12_007	k076	unnamed	76
c371_12_008	k002	unnamed	2
c371_12_009	k089	unnamed	89
c371_12_010	k036	unnamed	36
c371_12_011	k043	unnamed	43
c371_12_012	k031	unnamed	31
c371_12_013	k116	unnamed	116
c371_12_014	k047	unnamed	47
c371_12_015	k069	unnamed	69
c371_12_016	k110	unnamed	110
c371_12_017	k114	unnamed	114
c371_12_018	k020	unnamed	20
c371_12_019	k060	unnamed	60
c371_12_020	k066	unnamed	66
c371_12_021	k117	unnamed	117
c371_12_022	k082	unnamed	82
c371_12_023	k057	unnamed	57
c371_12_024	k026	unnamed	26
c371_12_025	k013	unnamed	13
c371_12_026	k004	unnamed	4
c371_12_027	k053	unnamed	53
c371_12_028	k019	unnamed	19
c371_12_029	k084	unnamed	84
c371_12_030	k015	unnamed	15
c371_12_031	k027	unnamed	27
c371_12_032	k033	unnamed	33
c371_12_033	k000	unnamed	0
c371_12_034	k019	unnamed	19
c371_12_035	k083	unnamed	83
c371_12_036	k098	unnamed	98
c371_12_037	k108	unnamed	108
c371_13_001	k094	unnamed	94
c371_13_002	k115	unnamed	115
c371_13_003	k055	unnamed	55
c371_13_004	k007	unnamed	7
c371_13_005	k013	unnamed	13
c371_13_006	k082	unnamed	82
c371_13_007	k099	unnamed	99
c371_13_008	k023	unnamed	23
c371_13_009	k014	unnamed	14
c371_13_010	k117	unnamed	117
c371_13_011	k019	unnamed	19
c371_13_012	k000	unnamed	0
c371_13_013	k004	unnamed	4
c371_13_014	k073	unnamed	73
c371_13_015	k041	unnamed	41
c371_13_016	k000	unnamed	0
c371_13_017	k105	unnamed	105
c371_13_018	k013	unnamed	13
c371_13_019	k114	unnamed	114
c371_13_020	k001	unnamed	1
c371_13_021	k037	unnamed	37
c371_13_022	k115	unnamed	115
c371_13_023	k087	unnamed	87
c371_13_024	k010	unnamed	10
c371_13_025	k103	unnamed	103
c371_13_026	k066	unnamed	66
c371_13_027	k049	unnamed	49
c371_13_028	k063	unnamed	63
c371_13_029	k077	unnamed	77
c371_13_030	k082	unnamed	82
c371_13_031	k010	unnamed	10
c371_13_032	k020	unnamed	20
c371_13_033	k033	unnamed	33
c371_13_034	k002	unnamed	2
c371_13_035	k021	unnamed	21
c371_13_036	k108	unnamed	108
c371_13_037	k090	unnamed	90
c371_13_038	k038	unnamed	38
c371_14_001	k109	unnamed	109
c371_14_002	k105	unnamed	105
c371_14_003	k088	unnamed	88
c371_14_004	k085	unnamed	85
c371_14_005	k110	unnamed	110
c371_14_006	k073	unnamed	73
c371_14_007	k057	unnamed	57
c371_14_008	k032	unnamed	32
c371_14_009	k094	unnamed	94
c371_14_010	k063	unnamed	63
c371_14_011	k018	unnamed	18
c371_14_012	k024	unnamed	24
c371_14_013	k004	unnamed	4
c371_14_014	k018	unnamed	18
c371_14_015	k009	unnamed	9
c371_14_016	k099	unnamed	99
c371_14_017	k007	unnamed	7
c371_14_018	k015	unnamed	15
c371_14_019	k117	unnamed	117
c371_14_020	k095	unnamed	95
c371_14_021	k073	unnamed	73
c371_14_022	k007	unnamed	7
c371_14_023	k009	unnamed	9
c371_14_024	k110	unnamed	110
c371_14_025	k004	unnamed	4
c371_14_026	k066	unnamed	66
c371_14_027	k082	unnamed	82
c371_14_028	k100	unnamed	100
c371_14_029	k053	unnamed	53
c371_14_030	k044	unnamed	44
c371_14_031	k013	unnamed	13
c371_14_032	k004	unnamed	4
c371_14_033	k021	unnamed	21
c371_14_034	k076	unnamed	76
c371_14_035	k108	unnamed	108
c371_14_036	k092	unnamed	92
c371_14_037	k045	unnamed	45
c371_14_038	k011	unnamed	11
c371_14_039	k075	unnamed	75
c371_15_001	k053	unnamed	53
c371_15_002	k074	unnamed	74
c371_15_003	k086	unnamed	86
c371_15_004	k015	unnamed	15
c371_15_005	k087	unnamed	87
c371_15_006	k018	unnamed	18
c371_15_007	k117	unnamed	117
c371_15_008	k007	unnamed	7
c371_15_009	k013	unnamed	13
c371_15_010	k001	unnamed	1
c371_15_011	k004	unnamed	4
c371_15_012	k026	unnamed	26
c371_15_013	k020	unnamed	20
c371_15_014	k058	unnamed	58
c371_15_015	k087	unnamed	87
c371_15_016	k079	unnamed	79
c371_15_017	k054	unnamed	54
c371_15_018	k116	unnamed	116
c371_15_019	k088	unnamed	88
c371_15_020	k091	unnamed	91
c371_15_021	k000	unnamed	0
c371_15_022	k087	unnamed	87
c371_15_023	k115	unnamed	115
c371_15_024	k012	unnamed	12
c371_15_025	k026	unnamed	26
c371_15_026	k073	unnamed	73
c371_15_027	k082	unnamed	82
c371_15_028	k115	unnamed	115
c371_15_029	k014	unnamed	14
c371_15_030	k013	unnamed	13
c371_15_031	k094	unnamed	94
c371_15_032	k105	unnamed	105
c371_15_033	k088	unnamed	88
c371_15_034	k092	unnamed	92
c371_15_035	k073	unnamed	73
c371_15_036	k037	unnamed	37
c371_15_037	k108	unnamed	108
c371_15_038	k003	unnamed	3
c371_15_039	k045	unnamed	45
c371_16_001	k069	unnamed	69
c371_16_002	k116	unnamed	116
c371_16_003	k091	unnamed	91
c371_16_004	k013	unnamed	13
c371_16_005	k110	unnamed	110
c371_16_006	k058	unnamed	58
c371_16_007	k018	unnamed	18
c371_16_008	k074	unnamed	74
c371_16_009	k116	unnamed	116
c371_16_010	k067	unnamed	67
c371_16_011	k024	unnamed	24
c371_16_012	k105	unnamed	105
c371_16_013	k060	unnamed	60
c371_16_014	k069	unnamed	69
c371_16_015	k016	unnamed	16
c371_16_016	k074	unnamed	74
c371_16_017	k014	unnamed	14
c371_16_018	k024	unnamed	24
c371_16_019	k000	unnamed	0
c371_16_020	k039	unnamed	39
c371_16_021	k004	unnamed	4
c371_16_022	k100	unnamed	100
c371_16_023	k012	unnamed	12
c371_16_024	k009	unnamed	9
c371_16_025	k102	unnamed	102
c371_16_026	k095	unnamed	95
c371_16_027	k026	unnamed	26
c371_16_028	k105	unnamed	105
c371_16_029	k047	unnamed	47
c371_16_030	k035	unnamed	35
c371_16_031	k082	unnamed	82
c371_16_032	k050	unnamed	50
c371_16_033	k084	unnamed	84
c371_16_034	k008	unnamed	8
c371_16_035	k040	unnamed	40
c371_16_036	k014	unnamed	14
c371_16_037	k003	unnamed	3
c371_16_038	k108	unnamed	108
c371_17_001	k000	unnamed	0
c371_17_002	k116	unnamed	116
c371_17_003	k103	unnamed	103
c371_17_004	k063	unnamed	63
c371_17_005	k060	unnamed	60
c371_17_006	k004	unnamed	4
c371_17_007	k050	unnamed	50
c371_17_008	k000	unnamed	0
c371_17_009	k047	unnamed	47
c371_17_010	k068	unnamed	68
c371_17_011	k007	unnamed	7
c371_17_012	k060	unnamed	60
c371_17_013	k075	unnamed	75
c371_17_014	k103	unnamed	103
c371_17_015	k089	unnamed	89
c371_17_016	k030	unnamed	30
c371_17_017	k083	unnamed	83
c371_17_018	k012	unnamed	12
c371_17_019	k082	unnamed	82
c371_17_020	k069	unnamed	69
c371_17_021	k063	unnamed	63
c371_17_022	k094	unnamed	94
c371_17_023	k066	unnamed	66
c371_17_024	k047	unnamed	47
c371_17_025	k004	unnamed	4
c371_17_026	k018	unnamed	18
c371_17_027	k105	unnamed	105
c371_17_028	k009	unnamed	9
c371_17_029	k111	unnamed	111
c371_17_030	k072	unnamed	72
c371_17_031	k118	unnamed	118
c371_17_032	k076	unnamed	76
c371_17_033	k024	unnamed	24
c371_17_034	k021	unnamed	21
c371_17_035	k050	unnamed	50
c371_17_036	k084	unnamed	84
c371_17_037	k110	unnamed	110
c371_17_038	k040	unnamed	40
c371_17_039	k115	unnamed	115
c371_17_040	k003	unnamed	3
c371_18_001	k116	unnamed	116
c371_18_002	k000	unnamed	0
c371_18_003	k066	unnamed	66
c371_18_004	k031	unnamed	31
c371_18_005	k099	unnamed	99
c371_18_006	k024	unnamed	24
c371_18_007	k114	unnamed	114
c371_18_008	k015	unnamed	15
c371_18_009	k069	unnamed	69
c371_18_010	k024	unnamed	24
c371_18_011	k071	unnamed	71
c371_18_012	k035	unnamed	35
c371_18_013	k004	unnamed	4
c371_18_014	k067	unnamed	67
c371_18_015	k087	unnamed	87
c371_18_016	k081	unnamed	81
c371_18_017	k058	unnamed	58
c371_18_018	k091	unnamed	91
c371_18_019	k013	unnamed	13
c371_18_020	k118	unnamed	118
c371_18_021	k043	unnamed	43
c371_18_022	k024	unnamed	24
c371_18_023	k029	unnamed	29
c371_18_024	k118	unnamed	118
c371_18_025	k017	unnamed	17
c371_18_026	k006	unnamed	6
c371_18_027	k061	unnamed	61
c371_18_028	k058	unnamed	58
c371_18_029	k004	unnamed	4
c371_18_030	k099	unnamed	99
c371_18_031	k007	unnamed	7
c371_18_032	k100	unnamed	100
c371_18_033	k055	unnamed	55
c371_18_034	k087	unnamed	87
c371_18_035	k001	unnamed	1
c371_18_036	k090	unnamed	90
c371_18_037	k071	unnamed	71
c371_18_038	k008	unnamed	8
c371_18_039	k038	unnamed	38
c371_18_040	k119	unnamed	119
c371_19_001	k000	unnamed	0
c371_19_002	k004	unnamed	4
c371_19_003	k047	unnamed	47
c371_19_004	k085	unnamed	85
c371_19_005	k001	unnamed	1
c371_19_006	k094	unnamed	94
c371_19_007	k013	unnamed	13
c371_19_008	k052	unnamed	52
c371_19_009	k096	unnamed	96
c371_19_010	k016	unnamed	16
c371_19_011	k035	unnamed	35
c371_19_012	k004	unnamed	4
c371_19_013	k001	unnamed	1
c371_19_014	k069	unnamed	69
c371_19_015	k021	unnamed	21
c371_19_016	k070	unnamed	70
c371_19_017	k018	unnamed	18
c371_19_018	k007	unnamed	7
c371_19_019	k009	unnamed	9
c371_19_020	k054	unnamed	54
c371_19_021	k013	unnamed	13
c371_19_022	k083	unnamed	83
c371_19_023	k100	unnamed	100
c371_19_024	k111	unnamed	111
c371_19_025	k044	unnamed	44
c371_19_026	k068	unnamed	68
c371_19_027	k021	unnamed	21
c371_19_028	k112	unnamed	112
c371_19_029	k049	unnamed	49
c371_19_030	k006	unnamed	6
c371_19_031	k045	unnamed	45
c371_19_032	k026	unnamed	26
c371_19_033	k027	unnamed	27
c371_19_034	k036	unnamed	36
c371_19_035	k100	unnamed	100
c371_19_036	k089	unnamed	89
c371_19_037	k038	unnamed	38
c371_19_038	k098	unnamed	98
c371_19_039	k011	unnamed	11
c371_19_040	k092	unnamed	92
c371_19_041	k016	unnamed	16
c371_19_042	k021	unnamed	21
c371_19_043	k045	unnamed	45
c371_19_044	k011	unnamed	11
c371_20_001	k110	unnamed	110
c371_20_002	k060	unnamed	60
c371_20_003	k115	unnamed	115
c371_20_004	k024	unnamed	24
c371_20_005	k004	unnamed	4
c371_20_006	k093	unnamed	93
c371_20_007	k010	unnamed	10
c371_20_008	k009	unnamed	9
c371_20_009	k004	unnamed	4
c371_20_010	k001	unnamed	1
c371_20_011	k044	unnamed	44
c371_20_012	k010	unnamed	10
c371_20_013	k020	unnamed	20
c371_20_014	k009	unnamed	9
c371_20_015	k011	unnamed	11
c371_20_016	k045	unnamed	45
c371_20_017	k009	unnamed	9
c371_20_018	k043	unnamed	43
c371_20_019	k010	unnamed	10
c371_20_020	k118	unnamed	118
c371_20_021	k043	unnamed	43
c371_20_022	k032	unnamed	32
c371_20_023	k099	unnamed	99
c371_20_024	k046	unnamed	46
c371_20_025	k010	unnamed	10
c371_20_026	k102	unnamed	102
c371_20_027	k024	unnamed	24
c371_20_028	k007	unnamed	7
c371_20_029	k105	unnamed	105
c371_20_030	k070	unnamed	70
c371_20_031	k021	unnamed	21
c371_20_032	k087	unnamed	87
c371_20_033	k104	unnamed	104
c371_20_034	k112	unnamed	112
c371_20_035	k046	unnamed	46
c371_20_036	k090	unnamed	90
c371_20_037	k047	unnamed	47
c371_20_038	k039	unnamed	39
c371_20_039	k010	unnamed	10
c371_20_040	k015	unnamed	15
c371_20_041	k073	unnamed	73
c371_20_042	k011	unnamed	11
c371_20_043	k090	unnamed	90
c371_20_044	k011	unnamed	11
c371_20_045	k090	unnamed	90
c371_20_046	k011	unnamed	11
c371_21_001	k069	unnamed	69
c371_21_002	k044	unnamed	44
c371_21_003	k010	unnamed	10
c371_21_004	k037	unnamed	37
c371_21_005	k061	unnamed	61
c371_21_006	k054	unnamed	54
c371_21_007	k055	unnamed	55
c371_21_008	k007	unnamed	7
c371_21_009	k092	unnamed	92
c371_21_010	k086	unnamed	86
c371_21_011	k021	unnamed	21
c371_21_012	k015	unnamed	15
c371_21_013	k064	unnamed	64
c371_21_014	k067	unnamed	67
c371_21_015	k087	unnamed	87
c371_21_016	k035	unnamed	35
c371_21_017	k091	unnamed	91
c371_21_018	k072	unnamed	72
c371_21_019	k079	unnamed	79
c371_21_020	k099	unnamed	99
c371_21_021	k073	unnamed	73
c371_21_022	k007	unnamed	7
c371_21_023	k085	unnamed	85
c371_21_024	k093	unnamed	93
c371_21_025	k004	unnamed	4
c371_21_026	k035	unnamed	35
c371_21_027	k110	unnamed	110
c371_21_028	k100	unnamed	100
c371_21_029	k063	unnamed	63
c371_21_030	k041	unnamed	41
c371_21_031	k105	unnamed	105
c371_21_032	k007	unnamed	7
c371_21_033	k033	unnamed	33
c371_21_034	k064	unnamed	64
c371_21_035	k064	unnamed	64
c371_21_036	k117	unnamed	117
c371_21_037	k007	unnamed	7
c371_21_038	k060	unnamed	60
c371_21_039	k038	unnamed	38
c371_21_040	k118	unnamed	118
c371_21_041	k098	unnamed	98
c371_21_042	k119	unnamed	119
c371_21_043	k047	unnamed	47
c371_21_044	k108	unnamed	108
c371_22_001	k090	unnamed	90
c371_22_002	k011	unnamed	11
c371_22_003	k086	unnamed	86
c371_22_004	k100	unnamed	100
c371_22_005	k050	unnamed	50
c371_22_006	k072	unnamed	72
c371_22_007	k090	unnamed	90
c371_22_008	k110	unnamed	110
c371_22_009	k057	unnamed	57
c371_22_010	k051	unnamed	51
c371_22_011	k083	unnamed	83
c371_22_012	k096	unnamed	96
c371_22_013	k036	unnamed	36
c371_22_014	k037	unnamed	37
c371_22_015	k006	unnamed	6
c371_22_016	k061	unnamed	61
c371_22_017	k054	unnamed	54
c371_22_018	k007	unnamed	7
c371_22_019	k024	unnamed	24
c371_22_020	k066	unnamed	66
c371_22_021	k026	unnamed	26
c371_22_022	k110	unnamed	110
c371_22_023	k006	unnamed	6
c371_22_024	k076	unnamed	76
c371_22_025	k004	unnamed	4
c371_22_026	k005	unnamed	5
c371_22_027	k088	unnamed	88
c371_22_028	k031	unnamed	31
c371_22_029	k068	unnamed	68
c371_22_030	k052	unnamed	52
c371_22_031	k096	unnamed	96
c371_22_032	k016	unnamed	16
c371_22_033	k030	unnamed	30
c371_22_034	k083	unnamed	83
c371_22_035	k005	unnamed	5
c371_22_036	k073	unnamed	73
c371_22_037	k094	unnamed	94
c371_22_038	k037	unnamed	37
c371_22_039	k098	unnamed	98
c371_22_040	k090	unnamed	90
c371_22_041	k037	unnamed	37
c371_23_001	k037	unnamed	37
c371_23_002	k045	unnamed	45
c371_23_003	k003	unnamed	3
c371_23_004	k018	unnamed	18
c371_23_005	k020	unnamed	20
c371_23_006	k079	unnamed	79
c371_23_007	k064	unnamed	64
c371_23_008	k094	unnamed	94
c371_23_009	k051	unnamed	51
c371_23_010	k050	unnamed	50
c371_23_011	k075	unnamed	75
c371_23_012	k017	unnamed	17
c371_23_013	k067	unnamed	67
c371_23_014	k049	unnamed	49
c371_23_015	k032	unnamed	32
c371_23_016	k026	unnamed	26
c371_23_017	k013	unnamed	13
c371_23_018	k094	unnamed	94
c371_23_019	k000	unnamed	0
c371_23_020	k117	unnamed	117
c371_23_021	k004	unnamed	4
c371_23_022	k023	unnamed	23
c371_23_023	k041	unnamed	41
c371_23_024	k030	unnamed	30
c371_23_025	k019	unnamed	19
c371_23_026	k073	unnamed	73
c371_23_027	k032	unnamed	32
c371_23_028	k110	unnamed	110
c371_23_029	k019	unnamed	19
c371_23_030	k082	unnamed	82
c371_23_031	k013	unnamed	13
c371_23_032	k047	unnamed	47
c371_23_033	k066	unnamed	66
c371_23_034	k082	unnamed	82
c371_23_035	k050	unnamed	50
c371_23_036	k036	unnamed	36
c371_23_037	k083	unnamed	83
c371_23_038	k056	unnamed	56
c371_23_039	k108	unnamed	108
c371_24_001	k043	unnamed	43
c371_24_002	k024	unnamed	24
c371_24_003	k116	unnamed	116
c371_24_004	k091	unnamed	91
c371_24_005	k024	unnamed	24
c371_24_006	k026	unnamed	26
c371_24_007	k073	unnamed	73
c371_24_008	k091	unnamed	91
c371_24_009	k053	unnamed	53
c371_24_010	k020	unnamed	20
c371_24_011	k000	unnamed	0
c371_24_012	k021	unnamed	21
c371_24_013	k055	unnamed	55
c371_24_014	k007	unnamed	7
c371_24_015	k100	unnamed	100
c371_24_016	k011	unnamed	11
c371_24_017	k027	unnamed	27
c371_24_018	k013	unnamed	13
c371_24_019	k094	unnamed	94
c371_24_020	k016	unnamed	16
c371_24_021	k028	unnamed	28
c371_24_022	k094	unnamed	94
c371_24_023	k067	unnamed	67
c371_24_024	k077	unnamed	77
c371_24_025	k008	unnamed	8
c371_24_026	k118	unnamed	118
c371_24_027	k010	unnamed	10
c371_24_028	k009	unnamed	9
c371_24_029	k069	unnamed	69
c371_24_030	k024	unnamed	24
c371_24_031	k046	unnamed	46
c371_24_032	k001	unnamed	1
c371_24_033	k072	unnamed	72
c371_24_034	k037	unnamed	37
c371_24_035	k100	unnamed	100
c371_24_036	k087	unnamed	87
c371_24_037	k009	unnamed	9
c371_24_038	k026	unnamed	26
c371_24_039	k087	unnamed	87
c371_24_040	k105	unnamed	105
c371_24_041	k080	unnamed	80
c371_24_042	k108	unnamed	108
c371_24_043	k090	unnamed	90
c371_25_001	k037	unnamed	37
c371_25_002	k033	unnamed	33
c371_25_003	k010	unnamed	10
c371_25_004	k047	unnamed	47
c371_25_005	k084	unnamed	84
c371_25_006	k041	unnamed	41
c371_25_007	k067	unnamed	67
c371_25_008	k094	unnamed	94
c371_25_009	k105	unnamed	105
c371_25_010	k020	unnamed	20
c371_25_011	k009	unnamed	9
c371_25_012	k087	unnamed	87
c371_25_013	k115	unnamed	115
c371_25_014	k012	unnamed	12
c371_25_015	k099	unnamed	99
c371_25_016	k007	unnamed	7
c371_25_017	k035	unnamed	35
c371_25_018	k039	unnamed	39
c371_25_019	k029	unnamed	29
c371_25_020	k002	unnamed	2
c371_25_021	k020	unnamed	20
c371_25_022	k068	unnamed	68
c371_25_023	k051	unnamed	51
c371_25_024	k089	unnamed	89
c371_25_025	k066	unnamed	66
c371_25_026	k013	unnamed	13
c371_25_027	k110	unnamed	110
c371_25_028	k094	unnamed	94
c371_25_029	k102	unnamed	102
c371_25_030	k047	unnamed	47
c371_25_031	k018	unnamed	18
c371_25_032	k052	unnamed	52
c371_25_033	k090	unnamed	90
c371_25_034	k053	unnamed	53
c371_25_035	k080	unnamed	80
c371_25_036	k037	unnamed	37
c371_25_037	k070	unnamed	70
c371_25_038	k106	unnamed	106
c371_26_001	k098	unnamed	98
c371_26_002	k098	unnamed	98
c371_26_003	k083	unnamed	83
c371_26_004	k101	unnamed	101
c371_26_005	k044	unnamed	44
c371_26_006	k025	unnamed	25
c371_26_007	k095	unnamed	95
c371_26_008	k075	unnamed	75
c371_26_009	k098	unnamed	98
c371_26_010	k085	unnamed	85
c371_26_011	k045	unnamed	45
c371_26_012	k068	unnamed	68
c371_26_013	k036	unnamed	36
c371_26_014	k045	unnamed	45
c371_26_015	k053	unnamed	53
c371_26_016	k089	unnamed	89
c371_26_017	k101	unnamed	101
c371_26_018	k035	unnamed	35
c371_26_019	k094	unnamed	94
c371_26_020	k090	unnamed	90
c371_26_021	k000	unnamed	0
c371_26_022	k067	unnamed	67
c371_26_023	k021	unnamed	21
c371_26_024	k015	unnamed	15
c371_26_025	k014	unnamed	14
c371_26_026	k016	unnamed	16
c371_26_027	k056	unnamed	56
c371_26_028	k007	unnamed	7
c371_26_029	k013	unnamed	13
c371_26_030	k047	unnamed	47
c371_26_031	k098	unnamed	98
c371_26_032	k012	unnamed	12
c371_26_033	k026	unnamed	26
c371_26_034	k045	unnamed	45
c371_26_035	k004	unnamed	4
c371_26_036	k016	unnamed	16
c371_26_037	k114	unnamed	114
c371_26_038	k105	unnamed	105
c371_26_039	k071	unnamed	71
c371_26_040	k110	unnamed	110
c371_26_041	k022	unnamed	22
c371_26_042	k009	unnamed	9
c371_26_043	k004	unnamed	4
c371_26_044	k047	unnamed	47
c371_26_045	k009	unnamed	9
c371_26_046	k053	unnamed	53
c371_26_047	k003	unnamed	3
c371_26_048	k068	unnamed	68
c371_26_049	k004	unnamed	4
c371_26_050	k056	unnamed	56
c371_26_051	k015	unnamed	15
c371_26_052	k028	unnamed	28
c371_26_053	k006	unnamed	6
c371_26_054	k017	unnamed	17
c371_26_055	k061	unnamed	61
c371_26_056	k004	unnamed	4
c371_26_057	k053	unnamed	53
c371_26_058	k008	unnamed	8
c371_26_059	k087	unnamed	87
c371_26_060	k090	unnamed	90
c371_26_061	k006	unnamed	6
c371_26_062	k016	unnamed	16
c371_26_063	k028	unnamed	28
c371_26_064	k110	unnamed	110
c371_26_065	k024	unnamed	24
c371_26_066	k056	unnamed	56
c371_26_067	k080	unnamed	80
c371_26_068	k006	unnamed	6
c371_26_069	k004	unnamed	4
c371_26_070	k037	unnamed	37
c371_26_071	k092	unnamed	92
c371_26_072	k009	unnamed	9
c371_26_073	k027	unnamed	27
c371_26_074	k036	unnamed	36
c371_26_075	k024	unnamed	24
c371_26_076	k017	unnamed	17
c371_26_077	k002	unnamed	2
c371_26_078	k001	unnamed	1
c371_26_079	k099	unnamed	99
c371_26_080	k090	unnamed	90
c371_26_081	k062	unnamed	62
c371_26_082	k011	unnamed	11
c371_26_083	k108	unnamed	108
c371_26_084	k112	unnamed	112
c371_26_085	k108	unnamed	108
c371_26_086	k090	unnamed	90
c372_01_001	k024	unnamed	24
c372_01_002	k029	unnamed	29
c372_01_003	k016	unnamed	16
c372_01_004	k070	unnamed	70
c372_01_005	k006	unnamed	6
c372_01_006	k105	unnamed	105
c372_01_007	k058	unnamed	58
c372_01_008	k101	unnamed	101
c372_01_009	k064	unnamed	64
c372_01_010	k104	unnamed	104
c372_01_011	k091	unnamed	91
c372_01_012	k063	unnamed	63
c372_01_013	k092	unnamed	92
c372_01_014	k048	unnamed	48
c372_01_015	k046	unnamed	46
c372_01_016	k055	unnamed	55
c372_01_017	k054	unnamed	54
c372_01_018	k087	unnamed	87
c372_01_019	k100	unnamed	100
c372_01_020	k044	unnamed	44
c372_01_021	k038	unnamed	38
c372_01_022	k069	unnamed	69
c372_01_023	k015	unnamed	15
c372_01_024	k079	unnamed	79
c372_01_025	k110	unnamed	110
c372_01_026	k066	unnamed	66
c372_01_027	k116	unnamed	116
c372_01_028	k092	unnamed	92
c372_01_029	k027	unnamed	27
c372_01_030	k117	unnamed	117
c372_01_031	k049	unnamed	49
c372_01_032	k049	unnamed	49
c372_01_033	k094	unnamed	94
c372_01_034	k113	unnamed	113
c372_01_035	k055	unnamed	55
c372_01_036	k117	unnamed	117
c372_01_037	k023	unnamed	23
c372_01_038	k006	unnamed	6
c372_01_039	k003	unnamed	3
c372_01_040	k047	unnamed	47
c372_01_041	k007	unnamed	7
c372_01_042	k079	unnamed	79
c372_01_043	k050	unnamed	50
c372_01_044	k084	unnamed	84
c372_01_045	k095	unnamed	95
c372_01_046	k033	unnamed	33
c372_01_047	k018	unnamed	18
c372_01_048	k113	unnamed	113
c372_01_049	k047	unnamed	47
c372_01_050	k115	unnamed	115
c372_01_051	k093	unnamed	93
c372_02_001	k085	unnamed	85
c372_02_002	k005	unnamed	5
c372_02_003	k073	unnamed	73
c372_02_004	k110	unnamed	110
c372_02_005	k060	unnamed	60
c372_02_006	k089	unnamed	89
c372_02_007	k021	unnamed	21
c372_02_008	k001	unnamed	1
c372_02_009	k031	unnamed	31
c372_02_010	k021	unnamed	21
c372_02_011	k010	unnamed	10
c372_02_012	k076	unnamed	76
c372_02_013	k029	unnamed	29
c372_02_014	k118	unnamed	118
c372_02_015	k064	unnamed	64
c372_02_016	k105	unnamed	105
c372_02_017	k044	unnamed	44
c372_02_018	k017	unnamed	17
c372_02_019	k094	unnamed	94
c372_02_020	k066	unnamed	66
c372_02_021	k070	unnamed	70
c372_02_022	k049	unnamed	49
c372_02_023	k094	unnamed	94
c372_02_024	k087	unnamed	87
c372_02_025	k085	unnamed	85
c372_02_026	k063	unnamed	63
c372_02_027	k102	unnamed	102
c372_02_028	k060	unnamed	60
c372_02_029	k073	unnamed	73
c372_02_030	k070	unnamed	70
c372_02_031	k043	unnamed	43
c372_02_032	k019	unnamed	19
c372_02_033	k084	unnamed	84
c372_02_034	k005	unnamed	5
c372_02_035	k055	unnamed	55
c372_02_036	k007	unnamed	7
c372_02_037	k100	unnamed	100
c372_02_038	k000	unnamed	0
c372_02_039	k082	unnamed	82
c372_02_040	k013	unnamed	13
c372_02_041	k114	unnamed	114
c372_02_042	k082	unnamed	82
c372_02_043	k013	unnamed	13
c372_02_044	k022	unnamed	22
c372_02_045	k000	unnamed	0
c372_02_046	k005	unnamed	5
c372_02_047	k109	unnamed	109
c372_02_048	k007	unnamed	7
c372_02_049	k029	unnamed	29
c372_02_050	k117	unnamed	117
c372_02_051	k094	unnamed	94
c372_02_052	k107	unnamed	107
c372_02_053	k063	unnamed	63
c372_03_001	k116	unnamed	116
c372_03_002	k054	unnamed	54
c372_03_003	k036	unnamed	36
c372_03_004	k013	unnamed	13
c372_03_005	k005	unnamed	5
c372_03_006	k051	unnamed	51
c372_03_007	k099	unnamed	99
c372_03_008	k002	unnamed	2
c372_03_009	k091	unnamed	91
c372_03_010	k113	unnamed	113
c372_03_011	k006	unnamed	6
c372_03_012	k061	unnamed	61
c372_03_013	k030	unnamed	30
c372_03_014	k095	unnamed	95
c372_03_015	k118	unnamed	118
c372_03_016	k108	unnamed	108
c372_03_017	k101	unnamed	101
c372_03_018	k090	unnamed	90
c372_03_019	k008	unnamed	8
c372_03_020	k072	unnamed	72
c372_03_021	k003	unnamed	3
c372_03_022	k047	unnamed	47
c372_03_023	k055	unnamed	55
c372_03_024	k001	unnamed	1
c372_03_025	k007	unnamed	7
c372_03_026	k115	unnamed	115
c372_03_027	k098	unnamed	98
c372_03_028	k033	unnamed	33
c372_03_029	k096	unnamed	96
c372_03_030	k099	unnamed	99
c372_03_031	k105	unnamed	105
c372_03_032	k085	unnamed	85
c372_03_033	k029	unnamed	29
c372_03_034	k082	unnamed	82
c372_03_035	k035	unnamed	35
c372_03_036	k008	unnamed	8
c372_03_037	k041	unnamed	41
c372_03_038	k050	unnamed	50
c372_03_039	k084	unnamed	84
c372_03_040	k110	unnamed	110
c372_03_041	k055	unnamed	55
c372_03_042	k002	unnamed	2
c372_03_043	k023	unnamed	23
c372_03_044	k013	unnamed	13
c372_03_045	k068	unnamed	68
c372_03_046	k004	unnamed	4
c372_03_047	k052	unnamed	52
c372_03_048	k096	unnamed	96
c372_03_049	k032	unnamed	32
c372_03_050	k001	unnamed	1
c372_03_051	k008	unnamed	8
c372_03_052	k083	unnamed	83
c372_03_053	k073	unnamed	73
c372_03_054	k082	unnamed	82
c372_03_055	k000	unnamed	0
c372_03_056	k054	unnamed	54
c372_03_057	k007	unnamed	7
c372_03_058	k009	unnamed	9
c372_04_001	k111	unnamed	111
c372_04_002	k056	unnamed	56
c372_04_003	k015	unnamed	15
c372_04_004	k083	unnamed	83
c372_04_005	k099	unnamed	99
c372_04_006	k002	unnamed	2
c372_04_007	k113	unnamed	113
c372_04_008	k056	unnamed	56
c372_04_009	k044	unnamed	44
c372_04_010	k026	unnamed	26
c372_04_011	k000	unnamed	0
c372_04_012	k081	unnamed	81
c372_04_013	k096	unnamed	96
c372_04_014	k098	unnamed	98
c372_04_015	k023	unnamed	23
c372_04_016	k075	unnamed	75
c372_04_017	k097	unnamed	97
c372_04_018	k007	unnamed	7
c372_04_019	k047	unnamed	47
c372_04_020	k054	unnamed	54
c372_04_021	k029	unnamed	29
c372_04_022	k111	unnamed	111
c372_04_023	k046	unnamed	46
c372_04_024	k008	unnamed	8
c372_04_025	k056	unnamed	56
c372_04_026	k094	unnamed	94
c372_04_027	k029	unnamed	29
c372_04_028	k009	unnamed	9
c372_04_029	k026	unnamed	26
c372_04_030	k082	unnamed	82
c372_04_031	k046	unnamed	46
c372_04_032	k094	unnamed	94
c372_04_033	k012	unnamed	12
c372_04_034	k065	unnamed	65
c372_04_035	k093	unnamed	93
c372_04_036	k039	unnamed	39
c372_04_037	k031	unnamed	31
c372_04_038	k103	unnamed	103
c372_04_039	k111	unnamed	111
c372_04_040	k055	unnamed	55
c372_04_041	k047	unnamed	47
c372_04_042	k049	unnamed	49
c372_04_043	k013	unnamed	13
c372_04_044	k099	unnamed	99
c372_04_045	k105	unnamed	105
c372_04_046	k105	unnamed	105
c372_04_047	k104	unnamed	104
c372_04_048	k015	unnamed	15
c372_05_001	k110	unnamed	110
c372_05_002	k009	unnamed	9
c372_05_003	k102	unnamed	102
c372_05_004	k100	unnamed	100
c372_05_005	k012	unnamed	12
c372_05_006	k105	unnamed	105
c372_05_007	k049	unnamed	49
c372_05_008	k029	unnamed	29
c372_05_009	k029	unnamed	29
c372_05_010	k030	unnamed	30
c372_05_011	k061	unnamed	61
c372_05_012	k030	unnamed	30
c372_05_013	k003	unnamed	3
c372_05_014	k066	unnamed	66
c372_05_015	k021	unnamed	21
c372_05_016	k051	unnamed	51
c372_05_017	k104	unnamed	104
c372_05_018	k109	unnamed	109
c372_05_019	k067	unnamed	67
c372_05_020	k110	unnamed	110
c372_05_021	k097	unnamed	97
c372_05_022	k058	unnamed	58
c372_05_023	k109	unnamed	109
c372_05_024	k001	unnamed	1
c372_05_025	k005	unnamed	5
c372_05_026	k014	unnamed	14
c372_05_027	k023	unnamed	23
c372_05_028	k030	unnamed	30
c372_05_029	k044	unnamed	44
c372_05_030	k056	unnamed	56
c372_05_031	k100	unnamed	100
c372_05_032	k111	unnamed	111
c372_05_033	k113	unnamed	113
c372_05_034	k050	unnamed	50
c372_05_035	k102	unnamed	102
c372_05_036	k019	unnamed	19
c372_05_037	k111	unnamed	111
c372_05_038	k013	unnamed	13
c372_05_039	k056	unnamed	56
c372_05_040	k029	unnamed	29
c372_05_041	k105	unnamed	105
c372_05_042	k082	unnamed	82
c372_05_043	k084	unnamed	84
c372_05_044	k090	unnamed	90
c372_05_045	k100	unnamed	100
c372_05_046	k084	unnamed	84
c372_05_047	k043	unnamed	43
c372_06_001	k104	unnamed	104
c372_06_002	k064	unnamed	64
c372_06_003	k028	unnamed	28
c372_06_004	k087	unnamed	87
c372_06_005	k094	unnamed	94
c372_06_006	k073	unnamed	73
c372_06_007	k020	unnamed	20
c372_06_008	k060	unnamed	60
c372_06_009	k012	unnamed	12
c372_06_010	k036	unnamed	36
c372_06_011	k043	unnamed	43
c372_06_012	k024	unnamed	24
c372_06_013	k081	unnamed	81
c372_06_014	k000	unnamed	0
c372_06_015	k005	unnamed	5
c372_06_016	k073	unnamed	73
c372_06_017	k020	unnamed	20
c372_06_018	k015	unnamed	15
c372_06_019	k000	unnamed	0
c372_06_020	k090	unnamed	90
c372_06_021	k089	unnamed	89
c372_06_022	k012	unnamed	12
c372_06_023	k047	unnamed	47
c372_06_024	k115	unnamed	115
c372_06_025	k006	unnamed	6
c372_06_026	k061	unnamed	61
c372_06_027	k109	unnamed	109
c372_06_028	k073	unnamed	73
c372_06_029	k109	unnamed	109
c372_06_030	k007	unnamed	7
c372_06_031	k015	unnamed	15
c372_06_032	k093	unnamed	93
c372_06_033	k021	unnamed	21
c372_06_034	k035	unnamed	35
c372_06_035	k087	unnamed	87
c372_06_036	k079	unnamed	79
c372_06_037	k115	unnamed	115
c372_06_038	k057	unnamed	57
c372_06_039	k043	unnamed	43
c372_06_040	k111	unnamed	111
c372_06_041	k087	unnamed	87
c372_06_042	k045	unnamed	45
c372_06_043	k079	unnamed	79
c372_06_044	k053	unnamed	53
c372_06_045	k116	unnamed	116
c372_06_046	k032	unnamed	32
c372_06_047	k024	unnamed	24
c372_06_048	k091	unnamed	91
c372_06_049	k105	unnamed	105
c372_06_050	k073	unnamed	73
c372_07_001	k080	unnamed	80
c372_07_002	k036	unnamed	36
c372_07_003	k089	unnamed	89
c372_07_004	k024	unnamed	24
c372_07_005	k094	unnamed	94
c372_07_006	k047	unnamed	47
c372_07_007	k069	unnamed	69
c372_07_008	k109	unnamed	109
c372_07_009	k113	unnamed	113
c372_07_010	k099	unnamed	99
c372_07_011	k113	unnamed	113
c372_07_012	k098	unnamed	98
c372_07_013	k013	unnamed	13
c372_07_014	k111	unnamed	111
c372_07_015	k094	unnamed	94
c372_07_016	k062	unnamed	62
c372_07_017	k019	unnamed	19
c372_07_018	k024	unnamed	24
c372_07_019	k029	unnamed	29
c372_07_020	k057	unnamed	57
c372_07_021	k010	unnamed	10
c372_07_022	k068	unnamed	68
c372_07_023	k088	unnamed	88
c372_07_024	k085	unnamed	85
c372_07_025	k055	unnamed	55
c372_07_026	k002	unnamed	2
c372_07_027	k090	unnamed	90
c372_07_028	k027	unnamed	27
c372_07_029	k110	unnamed	110
c372_07_030	k036	unnamed	36
c372_07_031	k091	unnamed	91
c372_07_032	k019	unnamed	19
c372_07_033	k056	unnamed	56
c372_07_034	k032	unnamed	32
c372_07_035	k022	unnamed	22
c372_07_036	k093	unnamed	93
c372_07_037	k113	unnamed	113
c372_07_038	k033	unnamed	33
c372_07_039	k028	unnamed	28
c372_07_040	k033	unnamed	33
c372_07_041	k016	unnamed	16
c372_07_042	k065	unnamed	65
c372_07_043	k035	unnamed	35
c372_07_044	k048	unnamed	48
c372_07_045	k024	unnamed	24
c372_07_046	k032	unnamed	32
c372_07_047	k084	unnamed	84
c372_07_048	k046	unnamed	46
c372_07_049	k100	unnamed	100
c372_07_050	k019	unnamed	19
c372_08_001	k055	unnamed	55
c372_08_002	k002	unnamed	2
c372_08_003	k087	unnamed	87
c372_08_004	k116	unnamed	116
c372_08_005	k032	unnamed	32
c372_08_006	k035	unnamed	35
c372_08_007	k094	unnamed	94
c372_08_008	k067	unnamed	67
c372_08_009	k021	unnamed	21
c372_08_010	k088	unnamed	88
c372_08_011	k016	unnamed	16
c372_08_012	k110	unnamed	110
c372_08_013	k026	unnamed	26
c372_08_014	k013	unnamed	13
c372_08_015	k005	unnamed	5
c372_08_016	k000	unnamed	0
c372_08_017	k004	unnamed	4
c372_08_018	k103	unnamed	103
c372_08_019	k050	unnamed	50
c372_08_020	k012	unnamed	12
c372_08_021	k075	unnamed	75
c372_08_022	k007	unnamed	7
c372_08_023	k093	unnamed	93
c372_08_024	k058	unnamed	58
c372_08_025	k005	unnamed	5
c372_08_026	k035	unnamed	35
c372_08_027	k087	unnamed	87
c372_08_028	k067	unnamed	67
c372_08_029	k048	unnamed	48
c372_08_030	k110	unnamed	110
c372_08_031	k035	unnamed	35
c372_08_032	k071	unnamed	71
c372_08_033	k058	unnamed	58
c372_08_034	k009	unnamed	9
c372_08_035	k004	unnamed	4
c372_08_036	k102	unnamed	102
c372_08_037	k068	unnamed	68
c372_08_038	k052	unnamed	52
c372_08_039	k023	unnamed	23
c372_08_040	k048	unnamed	48
c372_08_041	k032	unnamed	32
c372_08_042	k094	unnamed	94
c372_08_043	k067	unnamed	67
c372_09_001	k117	unnamed	117
c372_09_002	k013	unnamed	13
c372_09_003	k023	unnamed	23
c372_09_004	k079	unnamed	79
c372_09_005	k085	unnamed	85
c372_09_006	k029	unnamed	29
c372_09_007	k073	unnamed	73
c372_09_008	k096	unnamed	96
c372_09_009	k035	unnamed	35
c372_09_010	k094	unnamed	94
c372_09_011	k000	unnamed	0
c372_09_012	k072	unnamed	72
c372_09_013	k027	unnamed	27
c372_09_014	k056	unnamed	56
c372_09_015	k080	unnamed	80
c372_09_016	k041	unnamed	41
c372_09_017	k034	unnamed	34
c372_09_018	k049	unnamed	49
c372_09_019	k076	unnamed	76
c372_09_020	k059	unnamed	59
c372_09_021	k065	unnamed	65
c372_09_022	k033	unnamed	33
c372_09_023	k039	unnamed	39
c372_09_024	k000	unnamed	0
c372_09_025	k024	unnamed	24
c372_09_026	k027	unnamed	27
c372_09_027	k004	unnamed	4
c372_09_028	k095	unnamed	95
c372_09_029	k047	unnamed	47
c372_09_030	k071	unnamed	71
c372_09_031	k117	unnamed	117
c372_09_032	k008	unnamed	8
c372_09_033	k057	unnamed	57
c372_09_034	k050	unnamed	50
c372_09_035	k063	unnamed	63
c372_09_036	k016	unnamed	16
c372_09_037	k063	unnamed	63
c372_10_001	k026	unnamed	26
c372_10_002	k071	unnamed	71
c372_10_003	k023	unnamed	23
c372_10_004	k104	unnamed	104
c372_10_005	k000	unnamed	0
c372_10_006	k087	unnamed	87
c372_10_007	k029	unnamed	29
c372_10_008	k054	unnamed	54
c372_10_009	k050	unnamed	50
c372_10_010	k018	unnamed	18
c372_10_011	k104	unnamed	104
c372_10_012	k079	unnamed	79
c372_10_013	k099	unnamed	99
c372_10_014	k024	unnamed	24
c372_10_015	k085	unnamed	85
c372_10_016	k001	unnamed	1
c372_10_017	k009	unnamed	9
c372_10_018	k054	unnamed	54
c372_10_019	k048	unnamed	48
c372_10_020	k035	unnamed	35
c372_10_021	k087	unnamed	87
c372_10_022	k105	unnamed	105
c372_10_023	k020	unnamed	20
c372_10_024	k047	unnamed	47
c372_10_025	k119	unnamed	119
c372_10_026	k118	unnamed	118
c372_10_027	k073	unnamed	73
c372_10_028	k063	unnamed	63
c372_10_029	k032	unnamed	32
c372_10_030	k094	unnamed	94
c372_10_031	k076	unnamed	76
c372_10_032	k065	unnamed	65
c372_10_033	k011	unnamed	11
c372_10_034	k027	unnamed	27
c372_10_035	k073	unnamed	73
c372_10_036	k005	unnamed	5
c372_10_037	k000	unnamed	0
c372_11_001	k087	unnamed	87
c372_11_002	k105	unnamed	105
c372_11_003	k099	unnamed	99
c372_11_004	k114	unnamed	114
c372_11_005	k076	unnamed	76
c372_11_006	k035	unnamed	35
c372_11_007	k041	unnamed	41
c372_11_008	k055	unnamed	55
c372_11_009	k087	unnamed	87
c372_11_010	k059	unnamed	59
c372_11_011	k030	unnamed	30
c372_11_012	k098	unnamed	98
c372_11_013	k005	unnamed	5
c372_11_014	k074	unnamed	74
c372_11_015	k085	unnamed	85
c372_11_016	k000	unnamed	0
c372_11_017	k020	unnamed	20
c372_11_018	k100	unnamed	100
c372_11_019	k063	unnamed	63
c372_11_020	k099	unnamed	99
c372_11_021	k056	unnamed	56
c372_11_022	k079	unnamed	79
c372_11_023	k030	unnamed	30
c372_11_024	k003	unnamed	3
c372_11_025	k098	unnamed	98
c372_11_026	k078	unnamed	78
c372_11_027	k005	unnamed	5
c372_11_028	k076	unnamed	76
c372_11_029	k027	unnamed	27
c372_11_030	k028	unnamed	28
c372_11_031	k082	unnamed	82
c372_11_032	k066	unnamed	66
c372_11_033	k084	unnamed	84
c372_11_034	k093	unnamed	93
c372_11_035	k077	unnamed	77
c372_11_036	k116	unnamed	116
c372_11_037	k047	unnamed	47
c372_11_038	k069	unnamed	69
c372_11_039	k099	unnamed	99
c372_11_040	k091	unnamed	91
c372_11_041	k035	unnamed	35
c372_11_042	k117	unnamed	117
c372_11_043	k004	unnamed	4
c372_11_044	k042	unnamed	42
c372_11_045	k087	unnamed	87
c372_11_046	k080	unnamed	80
c372_11_047	k102	unnamed	102
c372_11_048	k100	unnamed	100
c372_11_049	k066	unnamed	66
c372_11_050	k078	unnamed	78
c372_12_001	k035	unnamed	35
c372_12_002	k016	unnamed	16
c372_12_003	k087	unnamed	87
c372_12_004	k089	unnamed	89
c372_12_005	k079	unnamed	79
c372_12_006	k024	unnamed	24
c372_12_007	k033	unnamed	33
c372_12_008	k071	unnamed	71
c372_12_009	k074	unnamed	74
c372_12_010	k109	unnamed	109
c372_12_011	k014	unnamed	14
c372_12_012	k002	unnamed	2
c372_12_013	k113	unnamed	113
c372_12_014	k030	unnamed	30
c372_12_015	k083	unnamed	83
c372_12_016	k054	unnamed	54
c372_12_017	k104	unnamed	104
c372_12_018	k098	unnamed	98
c372_12_019	k013	unnamed	13
c372_12_020	k023	unnamed	23
c372_12_021	k035	unnamed	35
c372_12_022	k022	unnamed	22
c372_12_023	k060	unnamed	60
c372_12_024	k030	unnamed	30
c372_12_025	k062	unnamed	62
c372_12_026	k055	unnamed	55
c372_12_027	k013	unnamed	13
c372_12_028	k005	unnamed	5
c372_12_029	k000	unnamed	0
c372_12_030	k104	unnamed	104
c372_12_031	k117	unnamed	117
c372_12_032	k016	unnamed	16
c372_12_033	k024	unnamed	24
c372_12_034	k084	unnamed	84
c372_12_035	k007	unnamed	7
c372_12_036	k079	unnamed	79
c372_12_037	k094	unnamed	94
c372_12_038	k020	unnamed	20
c372_12_039	k105	unnamed	105
c372_12_040	k071	unnamed	71
c372_12_041	k092	unnamed	92
c372_12_042	k081	unnamed	81
c372_12_043	k093	unnamed	93
c372_12_044	k033	unnamed	33
c372_12_045	k009	unnamed	9
c372_12_046	k109	unnamed	109
c372_12_047	k057	unnamed	57
c372_12_048	k047	unnamed	47
c372_12_049	k111	unnamed	111
c372_12_050	k027	unnamed	27
c372_12_051	k007	unnamed	7
c372_12_052	k079	unnamed	79
c372_12_053	k004	unnamed	4
c372_12_054	k058	unnamed	58
c372_12_055	k088	unnamed	88
c372_12_056	k097	unnamed	97
c372_12_057	k094	unnamed	94
c372_12_058	k032	unnamed	32
c372_13_001	k110	unnamed	110
c372_13_002	k084	unnamed	84
c372_13_003	k094	unnamed	94
c372_13_004	k067	unnamed	67
c372_13_005	k094	unnamed	94
c372_13_006	k105	unnamed	105
c372_13_007	k026	unnamed	26
c372_13_008	k094	unnamed	94
c372_13_009	k060	unnamed	60
c372_13_010	k060	unnamed	60
c372_13_011	k098	unnamed	98
c372_13_012	k115	unnamed	115
c372_13_013	k101	unnamed	101
c372_13_014	k111	unnamed	111
c372_13_015	k111	unnamed	111
c372_13_016	k023	unnamed	23
c372_13_017	k097	unnamed	97
c372_13_018	k055	unnamed	55
c372_13_019	k099	unnamed	99
c372_13_020	k024	unnamed	24
c372_13_021	k094	unnamed	94
c372_13_022	k028	unnamed	28
c372_13_023	k058	unnamed	58
c372_13_024	k013	unnamed	13
c372_13_025	k110	unnamed	110
c372_13_026	k060	unnamed	60
c372_13_027	k117	unnamed	117
c372_13_028	k000	unnamed	0
c372_13_029	k113	unnamed	113
c372_13_030	k020	unnamed	20
c372_13_031	k100	unnamed	100
c372_13_032	k012	unnamed	12
c372_13_033	k032	unnamed	32
c372_13_034	k071	unnamed	71
c372_13_035	k004	unnamed	4
c372_13_036	k028	unnamed	28
c372_13_037	k087	unnamed	87
c372_13_038	k033	unnamed	33
c372_13_039	k067	unnamed	67
c372_13_040	k000	unnamed	0
c372_13_041	k110	unnamed	110
c372_13_042	k005	unnamed	5
c372_13_043	k105	unnamed	105
c372_13_044	k104	unnamed	104
c372_13_045	k100	unnamed	100
c372_13_046	k024	unnamed	24
c372_13_047	k079	unnamed	79
c372_13_048	k023	unnamed	23
c372_13_049	k071	unnamed	71
c372_13_050	k002	unnamed	2
c372_13_051	k116	unnamed	116
c372_13_052	k073	unnamed	73
c372_13_053	k005	unnamed	5
c372_13_054	k060	unnamed	60
c372_13_055	k094	unnamed	94
c372_13_056	k099	unnamed	99
c372_13_057	k054	unnamed	54
c372_13_058	k004	unnamed	4
c372_13_059	k070	unnamed	70
c372_13_060	k081	unnamed	81
c372_13_061	k055	unnamed	55
c372_13_062	k007	unnamed	7
c372_13_063	k035	unnamed	35
c372_13_064	k109	unnamed	109
c372_14_001	k115	unnamed	115
c372_14_002	k114	unnamed	114
c372_14_003	k012	unnamed	12
c372_14_004	k077	unnamed	77
c372_14_005	k000	unnamed	0
c372_14_006	k105	unnamed	105
c372_14_007	k073	unnamed	73
c372_14_008	k018	unnamed	18
c372_14_009	k094	unnamed	94
c372_14_010	k012	unnamed	12
c372_14_011	k004	unnamed	4
c372_14_012	k069	unnamed	69
c372_14_013	k054	unnamed	54
c372_14_014	k087	unnamed	87
c372_14_015	k068	unnamed	68
c372_14_016	k053	unnamed	53
c372_14_017	k102	unnamed	102
c372_14_018	k073	unnamed	73
c372_14_019	k096	unnamed	96
c372_14_020	k117	unnamed	117
c372_14_021	k106	unnamed	106
c372_14_022	k027	unnamed	27
c372_14_023	k013	unnamed	13
c372_14_024	k094	unnamed	94
c372_14_025	k000	unnamed	0
c372_14_026	k091	unnamed	91
c372_14_027	k112	unnamed	112
c372_14_028	k048	unnamed	48
c372_14_029	k118	unnamed	118
c372_14_030	k024	unnamed	24
c372_14_031	k004	unnamed	4
c372_14_032	k050	unnamed	50
c372_14_033	k073	unnamed	73
c372_14_034	k035	unnamed	35
c372_14_035	k084	unnamed	84
c372_14_036	k087	unnamed	87
c372_14_037	k115	unnamed	115
c372_14_038	k039	unnamed	39
c372_14_039	k041	unnamed	41
c372_14_040	k024	unnamed	24
c372_14_041	k110	unnamed	110
c372_14_042	k004	unnamed	4
c372_14_043	k057	unnamed	57
c372_14_044	k099	unnamed	99
c372_14_045	k111	unnamed	111
c372_14_046	k104	unnamed	104
c372_14_047	k007	unnamed	7
c372_14_048	k115	unnamed	115
c372_14_049	k113	unnamed	113
c372_14_050	k000	unnamed	0
c372_14_051	k018	unnamed	18
c372_14_052	k094	unnamed	94
c372_14_053	k058	unnamed	58
c372_14_054	k032	unnamed	32
c372_14_055	k091	unnamed	91
c372_14_056	k099	unnamed	99
c372_14_057	k093	unnamed	93
c372_15_001	k050	unnamed	50
c372_15_002	k087	unnamed	87
c372_15_003	k104	unnamed	104
c372_15_004	k019	unnamed	19
c372_15_005	k036	unnamed	36
c372_15_006	k055	unnamed	55
c372_15_007	k000	unnamed	0
c372_15_008	k002	unnamed	2
c372_15_009	k054	unnamed	54
c372_15_010	k113	unnamed	113
c372_15_011	k103	unnamed	103
c372_15_012	k116	unnamed	116
c372_15_013	k077	unnamed	77
c372_15_014	k005	unnamed	5
c372_15_015	k032	unnamed	32
c372_15_016	k008	unnamed	8
c372_15_017	k039	unnamed	39
c372_15_018	k034	unnamed	34
c372_15_019	k043	unnamed	43
c372_15_020	k058	unnamed	58
c372_15_021	k047	unnamed	47
c372_15_022	k007	unnamed	7
c372_15_023	k100	unnamed	100
c372_15_024	k004	unnamed	4
c372_15_025	k117	unnamed	117
c372_15_026	k013	unnamed	13
c372_15_027	k094	unnamed	94
c372_15_028	k094	unnamed	94
c372_15_029	k114	unnamed	114
c372_15_030	k084	unnamed	84
c372_15_031	k056	unnamed	56
c372_15_032	k074	unnamed	74
c372_15_033	k116	unnamed	116
c372_15_034	k013	unnamed	13
c372_15_035	k115	unnamed	115
c372_15_036	k055	unnamed	55
c372_15_037	k066	unnamed	66
c372_15_038	k024	unnamed	24
c372_15_039	k004	unnamed	4
c372_15_040	k007	unnamed	7
c372_15_041	k033	unnamed	33
c372_15_042	k060	unnamed	60
c372_15_043	k041	unnamed	41
c372_15_044	k004	unnamed	4
c372_15_045	k071	unnamed	71
c372_15_046	k073	unnamed	73
c372_15_047	k005	unnamed	5
c372_15_048	k051	unnamed	51
c372_15_049	k018	unnamed	18
c372_15_050	k065	unnamed	65
c372_15_051	k051	unnamed	51
c372_15_052	k089	unnamed	89
c372_15_053	k000	unnamed	0
c372_15_054	k066	unnamed	66
c372_15_055	k049	unnamed	49
c372_15_056	k050	unnamed	50
c372_15_057	k035	unnamed	35
c372_15_058	k056	unnamed	56
c372_15_059	k079	unnamed	79
c372_15_060	k000	unnamed	0
c372_15_061	k054	unnamed	54
c372_15_062	k013	unnamed	13
c372_15_063	k065	unnamed	65
c372_15_064	k087	unnamed	87
c372_15_065	k007	unnamed	7
c372_15_066	k079	unnamed	79
c372_15_067	k078	unnamed	78
c372_16_001	k099	unnamed	99
c372_16_002	k000	unnamed	0
c372_16_003	k002	unnamed	2
c372_16_004	k020	unnamed	20
c372_16_005	k079	unnamed	79
c372_16_006	k000	unnamed	0
c372_16_007	k073	unnamed	73
c372_16_008	k098	unnamed	98
c372_16_009	k030	unnamed	30
c372_16_010	k097	unnamed	97
c372_16_011	k003	unnamed	3
c372_16_012	k068	unnamed	68
c372_16_013	k004	unnamed	4
c372_16_014	k022	unnamed	22
c372_16_015	k092	unnamed	92
c372_16_016	k027	unnamed	27
c372_16_017	k024	unnamed	24
c372_16_018	k049	unnamed	49
c372_16_019	k042	unnamed	42
c372_16_020	k017	unnamed	17
c372_16_021	k094	unnamed	94
c372_16_022	k026	unnamed	26
c372_16_023	k112	unnamed	112
c372_16_024	k004	unnamed	4
c372_16_025	k001	unnamed	1
c372_16_026	k111	unnamed	111
c372_16_027	k073	unnamed	73
c372_16_028	k020	unnamed	20
c372_16_029	k047	unnamed	47
c372_16_030	k062	unnamed	62
c372_16_031	k116	unnamed	116
c372_16_032	k055	unnamed	55
c372_16_033	k075	unnamed	75
c372_16_034	k051	unnamed	51
c372_16_035	k087	unnamed	87
c372_16_036	k005	unnamed	5
c372_16_037	k111	unnamed	111
c372_16_038	k000	unnamed	0
c372_16_039	k024	unnamed	24
c372_16_040	k087	unnamed	87
c372_16_041	k085	unnamed	85
c372_16_042	k012	unnamed	12
c372_16_043	k001	unnamed	1
c372_16_044	k024	unnamed	24
c372_16_045	k047	unnamed	47
c372_16_046	k000	unnamed	0
c372_16_047	k066	unnamed	66
c372_16_048	k069	unnamed	69
c372_16_049	k004	unnamed	4
c372_16_050	k023	unnamed	23
c372_16_051	k050	unnamed	50
c372_16_052	k051	unnamed	51
c372_16_053	k012	unnamed	12
c372_16_054	k093	unnamed	93
c372_16_055	k053	unnamed	53
c372_16_056	k007	unnamed	7
c372_16_057	k100	unnamed	100
c372_16_058	k063	unnamed	63
c372_16_059	k057	unnamed	57
c372_16_060	k033	unnamed	33
c372_16_061	k038	unnamed	38
c372_17_001	k094	unnamed	94
c372_17_002	k088	unnamed	88
c372_17_003	k091	unnamed	91
c372_17_004	k009	unnamed	9
c372_17_005	k054	unnamed	54
c372_17_006	k060	unnamed	60
c372_17_007	k027	unnamed	27
c372_17_008	k089	unnamed	89
c372_17_009	k104	unnamed	104
c372_17_010	k052	unnamed	52
c372_17_011	k022	unnamed	22
c372_17_012	k088	unnamed	88
c372_17_013	k111	unnamed	111
c372_17_014	k062	unnamed	62
c372_17_015	k117	unnamed	117
c372_17_016	k105	unnamed	105
c372_17_017	k020	unnamed	20
c372_17_018	k067	unnamed	67
c372_17_019	k060	unnamed	60
c372_17_020	k054	unnamed	54
c372_17_021	k077	unnamed	77
c372_17_022	k118	unnamed	118
c372_17_023	k094	unnamed	94
c372_17_024	k046	unnamed	46
c372_17_025	k042	unnamed	42
c372_17_026	k060	unnamed	60
c372_17_027	k028	unnamed	28
c372_17_028	k069	unnamed	69
c372_17_029	k036	unnamed	36
c372_17_030	k049	unnamed	49
c372_17_031	k108	unnamed	108
c372_17_032	k036	unnamed	36
c372_17_033	k043	unnamed	43
c372_17_034	k050	unnamed	50
c372_17_035	k067	unnamed	67
c372_17_036	k032	unnamed	32
c372_17_037	k093	unnamed	93
c372_17_038	k080	unnamed	80
c372_17_039	k041	unnamed	41
c372_17_040	k056	unnamed	56
c372_17_041	k115	unnamed	115
c372_17_042	k058	unnamed	58
c372_17_043	k082	unnamed	82
c372_17_044	k073	unnamed	73
c372_17_045	k047	unnamed	47
c372_17_046	k016	unnamed	16
c372_17_047	k088	unnamed	88
c372_17_048	k004	unnamed	4
c372_17_049	k035	unnamed	35
c372_17_050	k023	unnamed	23
c372_17_051	k026	unnamed	26
c372_17_052	k053	unnamed	53
c372_17_053	k023	unnamed	23
c372_17_054	k013	unnamed	13
c372_17_055	k044	unnamed	44
c372_17_056	k015	unnamed	15
c372_17_057	k078	unnamed	78
c372_18_001	k091	unnamed	91
c372_18_002	k047	unnamed	47
c372_18_003	k110	unnamed	110
c372_18_004	k044	unnamed	44
c372_18_005	k057	unnamed	57
c372_18_006	k067	unnamed	67
c372_18_007	k044	unnamed	44
c372_18_008	k048	unnamed	48
c372_18_009	k052	unnamed	52
c372_18_010	k018	unnamed	18
c372_18_011	k023	unnamed	23
c372_18_012	k000	unnamed	0
c372_18_013	k105	unnamed	105
c372_18_014	k068	unnamed	68
c372_18_015	k014	unnamed	14
c372_18_016	k106	unnamed	106
c372_18_017	k071	unnamed	71
c372_18_018	k069	unnamed	69
c372_18_019	k028	unnamed	28
c372_18_020	k023	unnamed	23
c372_18_021	k104	unnamed	104
c372_18_022	k021	unnamed	21
c372_18_023	k015	unnamed	15
c372_18_024	k101	unnamed	101
c372_18_025	k013	unnamed	13
c372_18_026	k029	unnamed	29
c372_18_027	k020	unnamed	20
c372_18_028	k009	unnamed	9
c372_18_029	k006	unnamed	6
c372_18_030	k058	unnamed	58
c372_18_031	k110	unnamed	110
c372_18_032	k013	unnamed	13
c372_18_033	k103	unnamed	103
c372_18_034	k083	unnamed	83
c372_18_035	k049	unnamed	49
c372_18_036	k119	unnamed	119
c372_18_037	k067	unnamed	67
c372_18_038	k058	unnamed	58
c372_18_039	k065	unnamed	65
c372_18_040	k024	unnamed	24
c372_18_041	k004	unnamed	4
c372_18_042	k088	unnamed	88
c372_18_043	k063	unnamed	63
c372_18_044	k024	unnamed	24
c372_18_045	k004	unnamed	4
c372_18_046	k088	unnamed	88
c372_18_047	k005	unnamed	5
c372_18_048	k000	unnamed	0
c372_18_049	k099	unnamed	99
c372_18_050	k013	unnamed	13
c372_18_051	k060	unnamed	60
c372_18_052	k112	unnamed	112
c372_18_053	k038	unnamed	38
c372_19_001	k007	unnamed	7
c372_19_002	k085	unnamed	85
c372_19_003	k073	unnamed	73
c372_19_004	k094	unnamed	94
c372_19_005	k023	unnamed	23
c372_19_006	k014	unnamed	14
c372_19_007	k018	unnamed	18
c372_19_008	k074	unnamed	74
c372_19_009	k057	unnamed	57
c372_19_010	k065	unnamed	65
c372_19_011	k108	unnamed	108
c372_19_012	k000	unnamed	0
c372_19_013	k004	unnamed	4
c372_19_014	k099	unnamed	99
c372_19_015	k007	unnamed	7
c372_19_016	k079	unnamed	79
c372_19_017	k066	unnamed	66
c372_19_018	k110	unnamed	110
c372_19_019	k100	unnamed	100
c372_19_020	k078	unnamed	78
c372_19_021	k075	unnamed	75
c372_19_022	k082	unnamed	82
c372_19_023	k072	unnamed	72
c372_19_024	k081	unnamed	81
c372_19_025	k103	unnamed	103
c372_19_026	k106	unnamed	106
c372_19_027	k091	unnamed	91
c372_19_028	k000	unnamed	0
c372_19_029	k054	unnamed	54
c372_19_030	k005	unnamed	5
c372_19_031	k049	unnamed	49
c372_19_032	k030	unnamed	30
c372_19_033	k101	unnamed	101
c372_19_034	k008	unnamed	8
c372_19_035	k002	unnamed	2
c372_19_036	k061	unnamed	61
c372_19_037	k075	unnamed	75
c372_19_038	k023	unnamed	23
c372_19_039	k040	unnamed	40
c372_19_040	k067	unnamed	67
c372_19_041	k077	unnamed	77
c372_19_042	k008	unnamed	8
c372_19_043	k014	unnamed	14
c372_19_044	k064	unnamed	64
c372_19_045	k005	unnamed	5
c372_19_046	k084	unnamed	84
c372_19_047	k041	unnamed	41
c372_19_048	k111	unnamed	111
c372_19_049	k116	unnamed	116
c372_19_050	k007	unnamed	7
c372_19_051	k053	unnamed	53
c372_19_052	k073	unnamed	73
c372_19_053	k036	unnamed	36
c372_20_001	k018	unnamed	18
c372_20_002	k094	unnamed	94
c372_20_003	k067	unnamed	67
c372_20_004	k051	unnamed	51
c372_20_005	k068	unnamed	68
c372_20_006	k015	unnamed	15
c372_20_007	k105	unnamed	105
c372_20_008	k020	unnamed	20
c372_20_009	k118	unnamed	118
c372_20_010	k059	unnamed	59
c372_20_011	k018	unnamed	18
c372_20_012	k117	unnamed	117
c372_20_013	k091	unnamed	91
c372_20_014	k009	unnamed	9
c372_20_015	k045	unnamed	45
c372_20_016	k054	unnamed	54
c372_20_017	k004	unnamed	4
c372_20_018	k042	unnamed	42
c372_20_019	k072	unnamed	72
c372_20_020	k099	unnamed	99
c372_20_021	k091	unnamed	91
c372_20_022	k013	unnamed	13
c372_20_023	k094	unnamed	94
c372_20_024	k087	unnamed	87
c372_20_025	k099	unnamed	99
c372_20_026	k053	unnamed	53
c372_20_027	k056	unnamed	56
c372_20_028	k097	unnamed	97
c372_20_029	k030	unnamed	30
c372_20_030	k089	unnamed	89
c372_20_031	k026	unnamed	26
c372_20_032	k066	unnamed	66
c372_20_033	k023	unnamed	23
c372_20_034	k085	unnamed	85
c372_20_035	k042	unnamed	42
c372_20_036	k000	unnamed	0
c372_20_037	k094	unnamed	94
c372_20_038	k069	unnamed	69
c372_20_039	k026	unnamed	26
c372_20_040	k081	unnamed	81
c372_20_041	k023	unnamed	23
c372_20_042	k035	unnamed	35
c372_20_043	k099	unnamed	99
c372_20_044	k090	unnamed	90
c372_20_045	k012	unnamed	12
c372_20_046	k024	unnamed	24
c372_20_047	k091	unnamed	91
c372_20_048	k079	unnamed	79
c372_20_049	k052	unnamed	52
c372_20_050	k063	unnamed	63
c372_20_051	k057	unnamed	57
c372_21_001	k030	unnamed	30
c372_21_002	k110	unnamed	110
c372_21_003	k094	unnamed	94
c372_21_004	k051	unnamed	51
c372_21_005	k113	unnamed	113
c372_21_006	k057	unnamed	57
c372_21_007	k067	unnamed	67
c372_21_008	k036	unnamed	36
c372_21_009	k043	unnamed	43
c372_21_010	k060	unnamed	60
c372_21_011	k049	unnamed	49
c372_21_012	k035	unnamed	35
c372_21_013	k087	unnamed	87
c372_21_014	k030	unnamed	30
c372_21_015	k029	unnamed	29
c372_21_016	k039	unnamed	39
c372_21_017	k049	unnamed	49
c372_21_018	k114	unnamed	114
c372_21_019	k013	unnamed	13
c372_21_020	k091	unnamed	91
c372_21_021	k080	unnamed	80
c372_21_022	k107	unnamed	107
c372_21_023	k030	unnamed	30
c372_21_024	k062	unnamed	62
c372_21_025	k047	unnamed	47
c372_21_026	k101	unnamed	101
c372_21_027	k004	unnamed	4
c372_21_028	k098	unnamed	98
c372_21_029	k029	unnamed	29
c372_21_030	k073	unnamed	73
c372_21_031	k095	unnamed	95
c372_21_032	k056	unnamed	56
c372_21_033	k083	unnamed	83
c372_21_034	k004	unnamed	4
c372_21_035	k112	unnamed	112
c372_21_036	k004	unnamed	4
c372_21_037	k050	unnamed	50
c372_22_001	k115	unnamed	115
c372_22_002	k004	unnamed	4
c372_22_003	k073	unnamed	73
c372_22_004	k007	unnamed	7
c372_22_005	k060	unnamed	60
c372_22_006	k103	unnamed	103
c372_22_007	k085	unnamed	85
c372_22_008	k116	unnamed	116
c372_22_009	k054	unnamed	54
c372_22_010	k036	unnamed	36
c372_22_011	k077	unnamed	77
c372_22_012	k096	unnamed	96
c372_22_013	k064	unnamed	64
c372_22_014	k050	unnamed	50
c372_22_015	k000	unnamed	0
c372_22_016	k063	unnamed	63
c372_22_017	k013	unnamed	13
c372_22_018	k020	unnamed	20
c372_22_019	k060	unnamed	60
c372_22_020	k012	unnamed	12
c372_22_021	k035	unnamed	35
c372_22_022	k039	unnamed	39
c372_22_023	k018	unnamed	18
c372_22_024	k004	unnamed	4
c372_22_025	k031	unnamed	31
c372_22_026	k099	unnamed	99
c372_22_027	k002	unnamed	2
c372_22_028	k071	unnamed	71
c372_22_029	k023	unnamed	23
c372_22_030	k058	unnamed	58
c372_22_031	k020	unnamed	20
c372_22_032	k017	unnamed	17
c372_22_033	k032	unnamed	32
c372_22_034	k033	unnamed	33
c372_22_035	k035	unnamed	35
c372_22_036	k006	unnamed	6
c372_22_037	k003	unnamed	3
c372_22_038	k029	unnamed	29
c372_22_039	k056	unnamed	56
c372_22_040	k079	unnamed	79
c372_22_041	k067	unnamed	67
c372_22_042	k006	unnamed	6
c372_22_043	k050	unnamed	50
c372_22_044	k030	unnamed	30
c372_22_045	k026	unnamed	26
c372_22_046	k026	unnamed	26
c372_22_047	k082	unnamed	82
c372_22_048	k010	unnamed	10
c372_22_049	k004	unnamed	4
c372_22_050	k055	unnamed	55
c372_22_051	k062	unnamed	62
c372_22_052	k054	unnamed	54
c372_22_053	k033	unnamed	33
c372_23_001	k032	unnamed	32
c372_23_002	k074	unnamed	74
c372_23_003	k013	unnamed	13
c372_23_004	k061	unnamed	61
c372_23_005	k085	unnamed	85
c372_23_006	k023	unnamed	23
c372_23_007	k013	unnamed	13
c372_23_008	k022	unnamed	22
c372_23_009	k103	unnamed	103
c372_23_010	k099	unnamed	99
c372_23_011	k002	unnamed	2
c372_23_012	k116	unnamed	116
c372_23_013	k032	unnamed	32
c372_23_014	k096	unnamed	96
c372_23_015	k116	unnamed	116
c372_23_016	k091	unnamed	91
c372_23_017	k053	unnamed	53
c372_23_018	k066	unnamed	66
c372_23_019	k109	unnamed	109
c372_23_020	k033	unnamed	33
c372_23_021	k015	unnamed	15
c372_23_022	k076	unnamed	76
c372_23_023	k073	unnamed	73
c372_23_024	k110	unnamed	110
c372_23_025	k093	unnamed	93
c372_23_026	k004	unnamed	4
c372_23_027	k018	unnamed	18
c372_23_028	k004	unnamed	4
c372_23_029	k022	unnamed	22
c372_23_030	k070	unnamed	70
c372_23_031	k081	unnamed	81
c372_23_032	k056	unnamed	56
c372_23_033	k037	unnamed	37
c372_23_034	k017	unnamed	17
c372_23_035	k029	unnamed	29
c372_23_036	k093	unnamed	93
c372_23_037	k110	unnamed	110
c372_23_038	k100	unnamed	100
c372_23_039	k050	unnamed	50
c373_01_001	k072	unnamed	72
c373_01_002	k078	unnamed	78
c373_01_003	k035	unnamed	35
c373_01_004	k087	unnamed	87
c373_01_005	k000	unnamed	0
c373_01_006	k058	unnamed	58
c373_01_007	k116	unnamed	116
c373_01_008	k073	unnamed	73
c373_01_009	k113	unnamed	113
c373_01_010	k024	unnamed	24
c373_01_011	k066	unnamed	66
c373_01_012	k096	unnamed	96
c373_01_013	k018	unnamed	18
c373_01_014	k094	unnamed	94
c373_01_015	k001	unnamed	1
c373_01_016	k069	unnamed	69
c373_01_017	k094	unnamed	94
c373_01_018	k013	unnamed	13
c373_01_019	k091	unnamed	91
c373_01_020	k024	unnamed	24
c373_01_021	k066	unnamed	66
c373_01_022	k114	unnamed	114
c373_01_023	k076	unnamed	76
c373_01_024	k068	unnamed	68
c373_01_025	k099	unnamed	99
c373_01_026	k002	unnamed	2
c373_01_027	k087	unnamed	87
c373_01_028	k000	unnamed	0
c373_01_029	k054	unnamed	54
c373_01_030	k024	unnamed	24
c373_01_031	k084	unnamed	84
c373_01_032	k053	unnamed	53
c373_01_033	k094	unnamed	94
c373_01_034	k099	unnamed	99
c373_01_035	k004	unnamed	4
c373_01_036	k084	unnamed	84
c373_02_001	k024	unnamed	24
c373_02_002	k095	unnamed	95
c373_02_003	k116	unnamed	116
c373_02_004	k009	unnamed	9
c373_02_005	k111	unnamed	111
c373_02_006	k024	unnamed	24
c373_02_007	k036	unnamed	36
c373_02_008	k043	unnamed	43
c373_02_009	k057	unnamed	57
c373_02_010	k018	unnamed	18
c373_02_011	k114	unnamed	114
c373_02_012	k116	unnamed	116
c373_02_013	k016	unnamed	16
c373_02_014	k109	unnamed	109
c373_02_015	k104	unnamed	104
c373_02_016	k012	unnamed	12
c373_02_017	k104	unnamed	104
c373_02_018	k007	unnamed	7
c373_02_019	k024	unnamed	24
c373_02_020	k029	unnamed	29
c373_02_021	k014	unnamed	14
c373_02_022	k073	unnamed	73
c373_02_023	k094	unnamed	94
c373_02_024	k031	unnamed	31
c373_02_025	k000	unnamed	0
c373_02_026	k054	unnamed	54
c373_02_027	k004	unnamed	4
c373_02_028	k113	unnamed	113
c373_02_029	k000	unnamed	0
c373_02_030	k058	unnamed	58
c373_02_031	k116	unnamed	116
c373_02_032	k073	unnamed	73
c373_02_033	k103	unnamed	103
c373_02_034	k028	unnamed	28
c373_02_035	k082	unnamed	82
c373_02_036	k018	unnamed	18
c373_02_037	k088	unnamed	88
c373_02_038	k113	unnamed	113
c373_03_001	k031	unnamed	31
c373_03_002	k000	unnamed	0
c373_03_003	k005	unnamed	5
c373_03_004	k073	unnamed	73
c373_03_005	k113	unnamed	113
c373_03_006	k015	unnamed	15
c373_03_007	k092	unnamed	92
c373_03_008	k015	unnamed	15
c373_03_009	k095	unnamed	95
c373_03_010	k088	unnamed	88
c373_03_011	k099	unnamed	99
c373_03_012	k007	unnamed	7
c373_03_013	k013	unnamed	13
c373_03_014	k095	unnamed	95
c373_03_015	k026	unnamed	26
c373_03_016	k018	unnamed	18
c373_03_017	k050	unnamed	50
c373_03_018	k000	unnamed	0
c373_03_019	k070	unnamed	70
c373_03_020	k066	unnamed	66
c373_03_021	k009	unnamed	9
c373_03_022	k000	unnamed	0
c373_03_023	k069	unnamed	69
c373_03_024	k110	unnamed	110
c373_03_025	k055	unnamed	55
c373_03_026	k066	unnamed	66
c373_03_027	k024	unnamed	24
c373_03_028	k056	unnamed	56
c373_03_029	k100	unnamed	100
c373_03_030	k023	unnamed	23
c373_03_031	k057	unnamed	57
c373_03_032	k067	unnamed	67
c373_03_033	k048	unnamed	48
c373_03_034	k000	unnamed	0
c373_03_035	k105	unnamed	105
c373_03_036	k073	unnamed	73
c373_04_001	k045	unnamed	45
c373_04_002	k018	unnamed	18
c373_04_003	k005	unnamed	5
c373_04_004	k067	unnamed	67
c373_04_005	k024	unnamed	24
c373_04_006	k105	unnamed	105
c373_04_007	k027	unnamed	27
c373_04_008	k069	unnamed	69
c373_04_009	k035	unnamed	35
c373_04_010	k004	unnamed	4
c373_04_011	k033	unnamed	33
c373_04_012	k109	unnamed	109
c373_04_013	k024	unnamed	24
c373_04_014	k015	unnamed	15
c373_04_015	k066	unnamed	66
c373_04_016	k004	unnamed	4
c373_04_017	k042	unnamed	42
c373_04_018	k099	unnamed	99
c373_04_019	k056	unnamed	56
c373_04_020	k053	unnamed	53
c373_04_021	k004	unnamed	4
c373_04_022	k014	unnamed	14
c373_04_023	k110	unnamed	110
c373_04_024	k060	unnamed	60
c373_04_025	k000	unnamed	0
c373_04_026	k004	unnamed	4
c373_04_027	k013	unnamed	13
c373_04_028	k018	unnamed	18
c373_04_029	k094	unnamed	94
c373_04_030	k035	unnamed	35
c373_04_031	k102	unnamed	102
c373_04_032	k024	unnamed	24
c373_04_033	k079	unnamed	79
c373_04_034	k052	unnamed	52
c373_04_035	k050	unnamed	50
c373_04_036	k084	unnamed	84
c373_04_037	k090	unnamed	90
c373_05_001	k029	unnamed	29
c373_05_002	k080	unnamed	80
c373_05_003	k045	unnamed	45
c373_05_004	k003	unnamed	3
c373_05_005	k072	unnamed	72
c373_05_006	k000	unnamed	0
c373_05_007	k082	unnamed	82
c373_05_008	k013	unnamed	13
c373_05_009	k005	unnamed	5
c373_05_010	k035	unnamed	35
c373_05_011	k070	unnamed	70
c373_05_012	k099	unnamed	99
c373_05_013	k054	unnamed	54
c373_05_014	k110	unnamed	110
c373_05_015	k029	unnamed	29
c373_05_016	k054	unnamed	54
c373_05_017	k023	unnamed	23
c373_05_018	k067	unnamed	67
c373_05_019	k102	unnamed	102
c373_05_020	k065	unnamed	65
c373_05_021	k056	unnamed	56
c373_05_022	k032	unnamed	32
c373_05_023	k033	unnamed	33
c373_05_024	k117	unnamed	117
c373_05_025	k100	unnamed	100
c373_05_026	k012	unnamed	12
c373_05_027	k082	unnamed	82
c373_05_028	k006	unnamed	6
c373_05_029	k061	unnamed	61
c373_05_030	k075	unnamed	75
c373_05_031	k075	unnamed	75
c373_05_032	k000	unnamed	0
c373_05_033	k073	unnamed	73
c373_05_034	k032	unnamed	32
c373_05_035	k110	unnamed	110
c373_05_036	k073	unnamed	73
c373_05_037	k094	unnamed	94
c373_05_038	k000	unnamed	0
c373_05_039	k054	unnamed	54
c373_05_040	k060	unnamed	60
c373_05_041	k066	unnamed	66
c373_05_042	k093	unnamed	93
c373_05_043	k029	unnamed	29
c373_05_044	k047	unnamed	47
c373_05_045	k091	unnamed	91
c373_05_046	k107	unnamed	107
c373_06_001	k105	unnamed	105
c373_06_002	k009	unnamed	9
c373_06_003	k100	unnamed	100
c373_06_004	k062	unnamed	62
c373_06_005	k067	unnamed	67
c373_06_006	k040	unnamed	40
c373_06_007	k058	unnamed	58
c373_06_008	k039	unnamed	39
c373_06_009	k044	unnamed	44
c373_06_010	k017	unnamed	17
c373_06_011	k110	unnamed	110
c373_06_012	k009	unnamed	9
c373_06_013	k018	unnamed	18
c373_06_014	k113	unnamed	113
c373_06_015	k086	unnamed	86
c373_06_016	k086	unnamed	86
c373_06_017	k014	unnamed	14
c373_06_018	k113	unnamed	113
c373_06_019	k035	unnamed	35
c373_06_020	k058	unnamed	58
c373_06_021	k063	unnamed	63
c373_06_022	k012	unnamed	12
c373_06_023	k073	unnamed	73
c373_06_024	k023	unnamed	23
c373_06_025	k086	unnamed	86
c373_06_026	k094	unnamed	94
c373_06_027	k064	unnamed	64
c373_06_028	k032	unnamed	32
c373_06_029	k096	unnamed	96
c373_06_030	k084	unnamed	84
c373_06_031	k109	unnamed	109
c373_06_032	k014	unnamed	14
c373_07_001	k092	unnamed	92
c373_07_002	k114	unnamed	114
c373_07_003	k042	unnamed	42
c373_07_004	k068	unnamed	68
c373_07_005	k023	unnamed	23
c373_07_006	k115	unnamed	115
c373_07_007	k109	unnamed	109
c373_07_008	k069	unnamed	69
c373_07_009	k047	unnamed	47
c373_07_010	k088	unnamed	88
c373_07_011	k009	unnamed	9
c373_07_012	k022	unnamed	22
c373_07_013	k094	unnamed	94
c373_07_014	k023	unnamed	23
c373_07_015	k068	unnamed	68
c373_07_016	k098	unnamed	98
c373_07_017	k081	unnamed	81
c373_07_018	k103	unnamed	103
c373_07_019	k077	unnamed	77
c373_07_020	k050	unnamed	50
c373_07_021	k053	unnamed	53
c373_07_022	k089	unnamed	89
c373_07_023	k116	unnamed	116
c373_07_024	k052	unnamed	52
c373_07_025	k002	unnamed	2
c373_07_026	k020	unnamed	20
c373_07_027	k115	unnamed	115
c373_07_028	k117	unnamed	117
c373_07_029	k049	unnamed	49
c373_07_030	k105	unnamed	105
c373_07_031	k070	unnamed	70
c373_07_032	k081	unnamed	81
c373_07_033	k055	unnamed	55
c373_07_034	k033	unnamed	33
c373_07_035	k117	unnamed	117
c373_07_036	k006	unnamed	6
c373_07_037	k098	unnamed	98
c373_07_038	k061	unnamed	61
c373_07_039	k116	unnamed	116
c373_08_001	k031	unnamed	31
c373_08_002	k096	unnamed	96
c373_08_003	k087	unnamed	87
c373_08_004	k069	unnamed	69
c373_08_005	k094	unnamed	94
c373_08_006	k013	unnamed	13
c373_08_007	k035	unnamed	35
c373_08_008	k004	unnamed	4
c373_08_009	k071	unnamed	71
c373_08_010	k023	unnamed	23
c373_08_011	k058	unnamed	58
c373_08_012	k116	unnamed	116
c373_08_013	k055	unnamed	55
c373_08_014	k002	unnamed	2
c373_08_015	k004	unnamed	4
c373_08_016	k023	unnamed	23
c373_08_017	k012	unnamed	12
c373_08_018	k116	unnamed	116
c373_08_019	k077	unnamed	77
c373_08_020	k093	unnamed	93
c373_08_021	k071	unnamed	71
c373_08_022	k032	unnamed	32
c373_08_023	k096	unnamed	96
c373_08_024	k050	unnamed	50
c373_08_025	k030	unnamed	30
c373_08_026	k090	unnamed	90
c373_08_027	k083	unnamed	83
c373_08_028	k024	unnamed	24
c373_08_029	k073	unnamed	73
c373_08_030	k020	unnamed	20
c373_08_031	k080	unnamed	80
c373_08_032	k090	unnamed	90
c373_08_033	k006	unnamed	6
c373_08_034	k070	unnamed	70
c373_08_035	k098	unnamed	98
c373_08_036	k016	unnamed	16
c373_08_037	k005	unnamed	5
c373_09_001	k090	unnamed	90
c373_09_002	k043	unnamed	43
c373_09_003	k064	unnamed	64
c373_09_004	k036	unnamed	36
c373_09_005	k043	unnamed	43
c373_09_006	k113	unnamed	113
c373_09_007	k016	unnamed	16
c373_09_008	k066	unnamed	66
c373_09_009	k082	unnamed	82
c373_09_010	k013	unnamed	13
c373_09_011	k110	unnamed	110
c373_09_012	k054	unnamed	54
c373_09_013	k060	unnamed	60
c373_09_014	k091	unnamed	91
c373_09_015	k100	unnamed	100
c373_09_016	k005	unnamed	5
c373_09_017	k088	unnamed	88
c373_09_018	k089	unnamed	89
c373_09_019	k000	unnamed	0
c373_09_020	k054	unnamed	54
c373_09_021	k004	unnamed	4
c373_09_022	k081	unnamed	81
c373_09_023	k036	unnamed	36
c373_09_024	k115	unnamed	115
c373_09_025	k012	unnamed	12
c373_09_026	k024	unnamed	24
c373_09_027	k046	unnamed	46
c373_09_028	k028	unnamed	28
c373_09_029	k076	unnamed	76
c373_09_030	k058	unnamed	58
c373_09_031	k004	unnamed	4
c373_09_032	k023	unnamed	23
c373_09_033	k035	unnamed	35
c373_09_034	k047	unnamed	47
c373_09_035	k012	unnamed	12
c373_09_036	k060	unnamed	60
c373_09_037	k004	unnamed	4
c373_09_038	k052	unnamed	52
c373_09_039	k068	unnamed	68
c373_09_040	k092	unnamed	92
c373_10_001	k105	unnamed	105
c373_10_002	k042	unnamed	42
c373_10_003	k061	unnamed	61
c373_10_004	k004	unnamed	4
c373_10_005	k000	unnamed	0
c373_10_006	k111	unnamed	111
c373_10_007	k004	unnamed	4
c373_10_008	k073	unnamed	73
c373_10_009	k110	unnamed	110
c373_10_010	k103	unnamed	103
c373_10_011	k063	unnamed	63
c373_10_012	k030	unnamed	30
c373_10_013	k083	unnamed	83
c373_10_014	k005	unnamed	5
c373_10_015	k084	unnamed	84
c373_10_016	k036	unnamed	36
c373_10_017	k014	unnamed	14
c373_10_018	k064	unnamed	64
c373_10_019	k023	unnamed	23
c373_10_020	k014	unnamed	14
c373_10_021	k113	unnamed	113
c373_10_022	k005	unnamed	5
c373_10_023	k107	unnamed	107
c373_10_024	k027	unnamed	27
c373_10_025	k013	unnamed	13
c373_10_026	k113	unnamed	113
c373_10_027	k019	unnamed	19
c373_10_028	k102	unnamed	102
c373_10_029	k033	unnamed	33
c373_10_030	k093	unnamed	93
c373_10_031	k032	unnamed	32
c373_10_032	k052	unnamed	52
c373_10_033	k011	unnamed	11
c373_10_034	k050	unnamed	50
c373_10_035	k057	unnamed	57
c373_10_036	k081	unnamed	81
c373_10_037	k078	unnamed	78
c373_10_038	k076	unnamed	76
c373_10_039	k046	unnamed	46
c373_11_001	k101	unnamed	101
c373_11_002	k078	unnamed	78
c373_11_003	k035	unnamed	35
c373_11_004	k041	unnamed	41
c373_11_005	k088	unnamed	88
c373_11_006	k005	unnamed	5
c373_11_007	k088	unnamed	88
c373_11_008	k087	unnamed	87
c373_11_009	k104	unnamed	104
c373_11_010	k030	unnamed	30
c373_11_011	k083	unnamed	83
c373_11_012	k066	unnamed	66
c373_11_013	k013	unnamed	13
c373_11_014	k109	unnamed	109
c373_11_015	k026	unnamed	26
c373_11_016	k064	unnamed	64
c373_11_017	k118	unnamed	118
c373_11_018	k017	unnamed	17
c373_11_019	k031	unnamed	31
c373_11_020	k068	unnamed	68
c373_11_021	k046	unnamed	46
c373_11_022	k082	unnamed	82
c373_11_023	k023	unnamed	23
c373_11_024	k106	unnamed	106
c373_11_025	k080	unnamed	80
c373_11_026	k102	unnamed	102
c373_11_027	k115	unnamed	115
c373_11_028	k045	unnamed	45
c373_11_029	k055	unnamed	55
c373_11_030	k056	unnamed	56
c373_11_031	k115	unnamed	115
c373_11_032	k029	unnamed	29
c373_11_033	k088	unnamed	88
c373_11_034	k116	unnamed	116
c373_11_035	k016	unnamed	16
c373_11_036	k029	unnamed	29
c373_11_037	k029	unnamed	29
c373_11_038	k098	unnamed	98
c373_11_039	k098	unnamed	98
c373_11_040	k076	unnamed	76
c373_11_041	k078	unnamed	78
c373_12_001	k021	unnamed	21
c373_12_002	k008	unnamed	8
c373_12_003	k096	unnamed	96
c373_12_004	k016	unnamed	16
c373_12_005	k006	unnamed	6
c373_12_006	k082	unnamed	82
c373_12_007	k105	unnamed	105
c373_12_008	k073	unnamed	73
c373_12_009	k070	unnamed	70
c373_12_010	k042	unnamed	42
c373_12_011	k033	unnamed	33
c373_12_012	k000	unnamed	0
c373_12_013	k024	unnamed	24
c373_12_014	k082	unnamed	82
c373_12_015	k088	unnamed	88
c373_12_016	k106	unnamed	106
c373_12_017	k012	unnamed	12
c373_12_018	k035	unnamed	35
c373_12_019	k048	unnamed	48
c373_12_020	k052	unnamed	52
c373_12_021	k043	unnamed	43
c373_12_022	k057	unnamed	57
c373_12_023	k067	unnamed	67
c373_12_024	k052	unnamed	52
c373_12_025	k000	unnamed	0
c373_12_026	k005	unnamed	5
c373_12_027	k062	unnamed	62
c373_12_028	k067	unnamed	67
c373_12_029	k024	unnamed	24
c373_12_030	k029	unnamed	29
c373_12_031	k047	unnamed	47
c373_12_032	k000	unnamed	0
c373_12_033	k027	unnamed	27
c373_12_034	k033	unnamed	33
c373_12_035	k008	unnamed	8
c373_12_036	k005	unnamed	5
c373_12_037	k033	unnamed	33
c373_12_038	k078	unnamed	78
c373_12_039	k058	unnamed	58
c373_12_040	k088	unnamed	88
c373_13_001	k104	unnamed	104
c373_13_002	k039	unnamed	39
c373_13_003	k000	unnamed	0
c373_13_004	k022	unnamed	22
c373_13_005	k048	unnamed	48
c373_13_006	k056	unnamed	56
c373_13_007	k060	unnamed	60
c373_13_008	k100	unnamed	100
c373_13_009	k011	unnamed	11
c373_13_010	k085	unnamed	85
c373_13_011	k016	unnamed	16
c373_13_012	k051	unnamed	51
c373_13_013	k019	unnamed	19
c373_13_014	k073	unnamed	73
c373_13_015	k062	unnamed	62
c373_13_016	k077	unnamed	77
c373_13_017	k100	unnamed	100
c373_13_018	k060	unnamed	60
c373_13_019	k010	unnamed	10
c373_13_020	k006	unnamed	6
c373_13_021	k101	unnamed	101
c373_13_022	k083	unnamed	83
c373_13_023	k045	unnamed	45
c373_13_024	k091	unnamed	91
c373_13_025	k103	unnamed	103
c373_13_026	k089	unnamed	89
c373_13_027	k048	unnamed	48
c373_13_028	k052	unnamed	52
c373_13_029	k114	unnamed	114
c373_13_030	k024	unnamed	24
c373_13_031	k020	unnamed	20
c373_13_032	k071	unnamed	71
c373_13_033	k117	unnamed	117
c373_13_034	k087	unnamed	87
c373_13_035	k103	unnamed	103
c373_13_036	k051	unnamed	51
c373_13_037	k016	unnamed	16
c373_13_038	k106	unnamed	106
c373_13_039	k005	unnamed	5
c373_13_040	k037	unnamed	37
c373_13_041	k062	unnamed	62
c373_13_042	k081	unnamed	81
c373_13_043	k011	unnamed	11
c373_14_001	k083	unnamed	83
c373_14_002	k045	unnamed	45
c373_14_003	k111	unnamed	111
c373_14_004	k096	unnamed	96
c373_14_005	k039	unnamed	39
c373_14_006	k053	unnamed	53
c373_14_007	k007	unnamed	7
c373_14_008	k035	unnamed	35
c373_14_009	k117	unnamed	117
c373_14_010	k076	unnamed	76
c373_14_011	k069	unnamed	69
c373_14_012	k109	unnamed	109
c373_14_013	k016	unnamed	16
c373_14_014	k094	unnamed	94
c373_14_015	k062	unnamed	62
c373_14_016	k023	unnamed	23
c373_14_017	k044	unnamed	44
c373_14_018	k093	unnamed	93
c373_14_019	k015	unnamed	15
c373_14_020	k068	unnamed	68
c373_14_021	k101	unnamed	101
c373_14_022	k094	unnamed	94
c373_14_023	k067	unnamed	67
c373_14_024	k039	unnamed	39
c373_14_025	k060	unnamed	60
c373_14_026	k113	unnamed	113
c373_14_027	k060	unnamed	60
c373_14_028	k000	unnamed	0
c373_14_029	k091	unnamed	91
c373_14_030	k016	unnamed	16
c373_14_031	k028	unnamed	28
c373_14_032	k117	unnamed	117
c373_14_033	k104	unnamed	104
c373_14_034	k099	unnamed	99
c373_14_035	k113	unnamed	113
c373_14_036	k027	unnamed	27
c373_14_037	k004	unnamed	4
c373_14_038	k078	unnamed	78
c373_15_001	k011	unnamed	11
c373_15_002	k109	unnamed	109
c373_15_003	k036	unnamed	36
c373_15_004	k002	unnamed	2
c373_15_005	k000	unnamed	0
c373_15_006	k012	unnamed	12
c373_15_007	k004	unnamed	4
c373_15_008	k051	unnamed	51
c373_15_009	k111	unnamed	111
c373_15_010	k086	unnamed	86
c373_15_011	k033	unnamed	33
c373_15_012	k057	unnamed	57
c373_15_013	k067	unnamed	67
c373_15_014	k104	unnamed	104
c373_15_015	k016	unnamed	16
c373_15_016	k084	unnamed	84
c373_15_017	k005	unnamed	5
c373_15_018	k032	unnamed	32
c373_15_019	k004	unnamed	4
c373_15_020	k100	unnamed	100
c373_15_021	k033	unnamed	33
c373_15_022	k095	unnamed	95
c373_15_023	k007	unnamed	7
c373_15_024	k009	unnamed	9
c373_15_025	k023	unnamed	23
c373_15_026	k045	unnamed	45
c373_15_027	k002	unnamed	2
c373_15_028	k047	unnamed	47
c373_15_029	k004	unnamed	4
c373_15_030	k073	unnamed	73
c373_15_031	k104	unnamed	104
c373_15_032	k004	unnamed	4
c373_15_033	k001	unnamed	1
c373_15_034	k023	unnamed	23
c373_15_035	k090	unnamed	90
c373_15_036	k072	unnamed	72
c373_15_037	k092	unnamed	92
c373_15_038	k079	unnamed	79
c373_15_039	k070	unnamed	70
c373_15_040	k078	unnamed	78
c373_16_001	k045	unnamed	45
c373_16_002	k090	unnamed	90
c373_16_003	k094	unnamed	94
c373_16_004	k073	unnamed	73
c373_16_005	k026	unnamed	26
c373_16_006	k112	unnamed	112
c373_16_007	k004	unnamed	4
c373_16_008	k054	unnamed	54
c373_16_009	k031	unnamed	31
c373_16_010	k024	unnamed	24
c373_16_011	k091	unnamed	91
c373_16_012	k115	unnamed	115
c373_16_013	k057	unnamed	57
c373_16_014	k018	unnamed	18
c373_16_015	k094	unnamed	94
c373_16_016	k111	unnamed	111
c373_16_017	k013	unnamed	13
c373_16_018	k020	unnamed	20
c373_16_019	k085	unnamed	85
c373_16_020	k044	unnamed	44
c373_16_021	k017	unnamed	17
c373_16_022	k004	unnamed	4
c373_16_023	k084	unnamed	84
c373_16_024	k113	unnamed	113
c373_16_025	k079	unnamed	79
c373_16_026	k018	unnamed	18
c373_16_027	k023	unnamed	23
c373_16_028	k043	unnamed	43
c373_16_029	k018	unnamed	18
c373_16_030	k117	unnamed	117
c373_16_031	k074	unnamed	74
c373_16_032	k077	unnamed	77
c373_16_033	k041	unnamed	41
c373_16_034	k010	unnamed	10
c373_16_035	k072	unnamed	72
c373_16_036	k072	unnamed	72
c373_16_037	k062	unnamed	62
c373_17_001	k053	unnamed	53
c373_17_002	k016	unnamed	16
c373_17_003	k094	unnamed	94
c373_17_004	k030	unnamed	30
c373_17_005	k029	unnamed	29
c373_17_006	k067	unnamed	67
c373_17_007	k004	unnamed	4
c373_17_008	k062	unnamed	62
c373_17_009	k051	unnamed	51
c373_17_010	k119	unnamed	119
c373_17_011	k068	unnamed	68
c373_17_012	k084	unnamed	84
c373_17_013	k109	unnamed	109
c373_17_014	k000	unnamed	0
c373_17_015	k040	unnamed	40
c373_17_016	k035	unnamed	35
c373_17_017	k014	unnamed	14
c373_17_018	k016	unnamed	16
c373_17_019	k094	unnamed	94
c373_17_020	k117	unnamed	117
c373_17_021	k013	unnamed	13
c373_17_022	k094	unnamed	94
c373_17_023	k111	unnamed	111
c373_17_024	k017	unnamed	17
c373_17_025	k088	unnamed	88
c373_17_026	k094	unnamed	94
c373_17_027	k092	unnamed	92
c373_17_028	k075	unnamed	75
c373_17_029	k073	unnamed	73
c373_17_030	k070	unnamed	70
c373_17_031	k006	unnamed	6
c373_17_032	k008	unnamed	8
c373_17_033	k085	unnamed	85
c373_17_034	k070	unnamed	70
c373_17_035	k081	unnamed	81
c373_17_036	k087	unnamed	87
c373_17_037	k115	unnamed	115
c373_17_038	k029	unnamed	29
c373_17_039	k037	unnamed	37
c373_17_040	k011	unnamed	11
c373_18_001	k069	unnamed	69
c373_18_002	k087	unnamed	87
c373_18_003	k055	unnamed	55
c373_18_004	k054	unnamed	54
c373_18_005	k060	unnamed	60
c373_18_006	k113	unnamed	113
c373_18_007	k115	unnamed	115
c373_18_008	k110	unnamed	110
c373_18_009	k106	unnamed	106
c373_18_010	k010	unnamed	10
c373_18_011	k088	unnamed	88
c373_18_012	k005	unnamed	5
c373_18_013	k002	unnamed	2
c373_18_014	k029	unnamed	29
c373_18_015	k068	unnamed	68
c373_18_016	k109	unnamed	109
c373_18_017	k035	unnamed	35
c373_18_018	k116	unnamed	116
c373_18_019	k068	unnamed	68
c373_18_020	k008	unnamed	8
c373_18_021	k057	unnamed	57
c373_18_022	k030	unnamed	30
c373_18_023	k061	unnamed	61
c373_18_024	k119	unnamed	119
c373_18_025	k067	unnamed	67
c373_18_026	k048	unnamed	48
c373_18_027	k075	unnamed	75
c373_18_028	k044	unnamed	44
c373_18_029	k073	unnamed	73
c373_18_030	k022	unnamed	22
c373_18_031	k094	unnamed	94
c373_18_032	k045	unnamed	45
c373_18_033	k048	unnamed	48
c373_18_034	k045	unnamed	45
c373_18_035	k011	unnamed	11
c373_18_036	k090	unnamed	90
c373_18_037	k023	unnamed	23
c373_18_038	k110	unnamed	110
c373_18_039	k064	unnamed	64
c373_18_040	k053	unnamed	53
c373_18_041	k104	unnamed	104
c373_18_042	k099	unnamed	99
c373_18_043	k072	unnamed	72
c373_18_044	k093	unnamed	93
c373_19_001	k099	unnamed	99
c373_19_002	k056	unnamed	56
c373_19_003	k035	unnamed	35
c373_19_004	k111	unnamed	111
c373_19_005	k021	unnamed	21
c373_19_006	k036	unnamed	36
c373_19_007	k002	unnamed	2
c373_19_008	k064	unnamed	64
c373_19_009	k117	unnamed	117
c373_19_010	k005	unnamed	5
c373_19_011	k051	unnamed	51
c373_19_012	k089	unnamed	89
c373_19_013	k086	unnamed	86
c373_19_014	k115	unnamed	115
c373_19_015	k024	unnamed	24
c373_19_016	k095	unnamed	95
c373_19_017	k054	unnamed	54
c373_19_018	k053	unnamed	53
c373_19_019	k005	unnamed	5
c373_19_020	k048	unnamed	48
c373_19_021	k118	unnamed	118
c373_19_022	k050	unnamed	50
c373_19_023	k018	unnamed	18
c373_19_024	k063	unnamed	63
c373_19_025	k064	unnamed	64
c373_19_026	k117	unnamed	117
c373_19_027	k094	unnamed	94
c373_19_028	k045	unnamed	45
c373_19_029	k027	unnamed	27
c373_19_030	k056	unnamed	56
c373_19_031	k033	unnamed	33
c373_19_032	k000	unnamed	0
c373_19_033	k066	unnamed	66
c373_19_034	k018	unnamed	18
c373_19_035	k074	unnamed	74
c373_19_036	k092	unnamed	92
c373_19_037	k005	unnamed	5
c373_19_038	k062	unnamed	62
c373_19_039	k020	unnamed	20
c373_19_040	k115	unnamed	115
c373_19_041	k108	unnamed	108
c373_19_042	k011	unnamed	11
c373_20_001	k029	unnamed	29
c373_20_002	k000	unnamed	0
c373_20_003	k084	unnamed	84
c373_20_004	k094	unnamed	94
c373_20_005	k013	unnamed	13
c373_20_006	k105	unnamed	105
c373_20_007	k046	unnamed	46
c373_20_008	k060	unnamed	60
c373_20_009	k016	unnamed	16
c373_20_010	k053	unnamed	53
c373_20_011	k082	unnamed	82
c373_20_012	k035	unnamed	35
c373_20_013	k048	unnamed	48
c373_20_014	k033	unnamed	33
c373_20_015	k064	unnamed	64
c373_20_016	k005	unnamed	5
c373_20_017	k062	unnamed	62
c373_20_018	k062	unnamed	62
c373_20_019	k063	unnamed	63
c373_20_020	k050	unnamed	50
c373_20_021	k041	unnamed	41
c373_20_022	k098	unnamed	98
c373_20_023	k088	unnamed	88
c373_20_024	k013	unnamed	13
c373_20_025	k005	unnamed	5
c373_20_026	k000	unnamed	0
c373_20_027	k026	unnamed	26
c373_20_028	k103	unnamed	103
c373_20_029	k044	unnamed	44
c373_20_030	k050	unnamed	50
c373_20_031	k089	unnamed	89
c373_20_032	k064	unnamed	64
c373_20_033	k117	unnamed	117
c373_20_034	k021	unnamed	21
c373_20_035	k050	unnamed	50
c373_20_036	k075	unnamed	75
c373_20_037	k119	unnamed	119
c373_20_038	k078	unnamed	78
c373_20_039	k005	unnamed	5
c373_21_001	k071	unnamed	71
c373_21_002	k094	unnamed	94
c373_21_003	k068	unnamed	68
c373_21_004	k103	unnamed	103
c373_21_005	k000	unnamed	0
c373_21_006	k106	unnamed	106
c373_21_007	k075	unnamed	75
c373_21_008	k049	unnamed	49
c373_21_009	k028	unnamed	28
c373_21_010	k086	unnamed	86
c373_21_011	k050	unnamed	50
c373_21_012	k067	unnamed	67
c373_21_013	k023	unnamed	23
c373_21_014	k064	unnamed	64
c373_21_015	k012	unnamed	12
c373_21_016	k021	unnamed	21
c373_21_017	k048	unnamed	48
c373_21_018	k052	unnamed	52
c373_21_019	k050	unnamed	50
c373_21_020	k021	unnamed	21
c373_21_021	k000	unnamed	0
c373_21_022	k055	unnamed	55
c373_21_023	k016	unnamed	16
c373_21_024	k105	unnamed	105
c373_21_025	k046	unnamed	46
c373_21_026	k107	unnamed	107
c373_21_027	k048	unnamed	48
c373_21_028	k032	unnamed	32
c373_21_029	k094	unnamed	94
c373_21_030	k006	unnamed	6
c373_21_031	k034	unnamed	34
c373_21_032	k036	unnamed	36
c373_21_033	k113	unnamed	113
c373_21_034	k039	unnamed	39
c373_21_035	k061	unnamed	61
c373_21_036	k089	unnamed	89
c373_21_037	k049	unnamed	49
c373_21_038	k015	unnamed	15
c373_21_039	k108	unnamed	108
c373_22_001	k033	unnamed	33
c373_22_002	k053	unnamed	53
c373_22_003	k091	unnamed	91
c373_22_004	k035	unnamed	35
c373_22_005	k104	unnamed	104
c373_22_006	k104	unnamed	104
c373_22_007	k071	unnamed	71
c373_22_008	k065	unnamed	65
c373_22_009	k030	unnamed	30
c373_22_010	k083	unnamed	83
c373_22_011	k029	unnamed	29
c373_22_012	k012	unnamed	12
c373_22_013	k109	unnamed	109
c373_22_014	k021	unnamed	21
c373_22_015	k032	unnamed	32
c373_22_016	k055	unnamed	55
c373_22_017	k011	unnamed	11
c373_22_018	k119	unnamed	119
c373_22_019	k000	unnamed	0
c373_22_020	k005	unnamed	5
c373_22_021	k065	unnamed	65
c373_22_022	k100	unnamed	100
c373_22_023	k094	unnamed	94
c373_22_024	k084	unnamed	84
c373_22_025	k082	unnamed	82
c373_22_026	k071	unnamed	71
c373_22_027	k005	unnamed	5
c373_22_028	k003	unnamed	3
c373_22_029	k026	unnamed	26
c373_22_030	k116	unnamed	116
c373_22_031	k117	unnamed	117
c373_22_032	k007	unnamed	7
c373_22_033	k060	unnamed	60
c373_22_034	k073	unnamed	73
c373_22_035	k029	unnamed	29
c373_22_036	k042	unnamed	42
c373_22_037	k099	unnamed	99
c373_22_038	k003	unnamed	3
c373_23_001	k058	unnamed	58
c373_23_002	k078	unnamed	78
c373_23_003	k090	unnamed	90
c373_23_004	k013	unnamed	13
c373_23_005	k051	unnamed	51
c373_23_006	k089	unnamed	89
c373_23_007	k000	unnamed	0
c373_23_008	k012	unnamed	12
c373_23_009	k091	unnamed	91
c373_23_010	k072	unnamed	72
c373_23_011	k081	unnamed	81
c373_23_012	k111	unnamed	111
c373_23_013	k077	unnamed	77
c373_23_014	k042	unnamed	42
c373_23_015	k110	unnamed	110
c373_23_016	k060	unnamed	60
c373_23_017	k053	unnamed	53
c373_23_018	k046	unnamed	46
c373_23_019	k104	unnamed	104
c373_23_020	k046	unnamed	46
c373_23_021	k042	unnamed	42
c373_23_022	k005	unnamed	5
c373_23_023	k000	unnamed	0
c373_23_024	k099	unnamed	99
c373_23_025	k113	unnamed	113
c373_23_026	k009	unnamed	9
c373_23_027	k006	unnamed	6
c373_23_028	k003	unnamed	3
c373_23_029	k044	unnamed	44
c373_23_030	k090	unnamed	90
c373_23_031	k017	unnamed	17
c373_23_032	k013	unnamed	13
c373_23_033	k036	unnamed	36
c373_23_034	k043	unnamed	43
c373_23_035	k029	unnamed	29
c373_23_036	k082	unnamed	82
c373_23_037	k061	unnamed	61
c373_23_038	k019	unnamed	19
c373_23_039	k104	unnamed	104
c373_23_040	k098	unnamed	98
c373_23_041	k029	unnamed	29
c373_23_042	k092	unnamed	92
c373_23_043	k084	unnamed	84
c373_23_044	k112	unnamed	112
c373_24_001	k090	unnamed	90
c373_24_002	k104	unnamed	104
c373_24_003	k104	unnamed	104
c373_24_004	k046	unnamed	46
c373_24_005	k006	unnamed	6
c373_24_006	k019	unnamed	19
c373_24_007	k090	unnamed	90
c373_24_008	k008	unnamed	8
c373_24_009	k117	unnamed	117
c373_24_010	k016	unnamed	16
c373_24_011	k047	unnamed	47
c373_24_012	k049	unnamed	49
c373_24_013	k013	unnamed	13
c373_24_014	k094	unnamed	94
c373_24_015	k072	unnamed	72
c373_24_016	k119	unnamed	119
c373_24_017	k001	unnamed	1
c373_24_018	k099	unnamed	99
c373_24_019	k091	unnamed	91
c373_24_020	k045	unnamed	45
c373_24_021	k082	unnamed	82
c373_24_022	k004	unnamed	4
c373_24_023	k062	unnamed	62
c373_24_024	k066	unnamed	66
c373_24_025	k013	unnamed	13
c373_24_026	k005	unnamed	5
c373_24_027	k000	unnamed	0
c373_24_028	k002	unnamed	2
c373_24_029	k017	unnamed	17
c373_24_030	k084	unnamed	84
c373_24_031	k014	unnamed	14
c373_24_032	k018	unnamed	18
c373_24_033	k005	unnamed	5
c373_24_034	k044	unnamed	44
c373_24_035	k029	unnamed	29
c373_24_036	k041	unnamed	41
c373_24_037	k057	unnamed	57
c373_24_038	k069	unnamed	69
c373_24_039	k108	unnamed	108
c373_25_001	k050	unnamed	50
c373_25_002	k055	unnamed	55
c373_25_003	k091	unnamed	91
c373_25_004	k035	unnamed	35
c373_25_005	k058	unnamed	58
c373_25_006	k023	unnamed	23
c373_25_007	k115	unnamed	115
c373_25_008	k050	unnamed	50
c373_25_009	k073	unnamed	73
c373_25_010	k118	unnamed	118
c373_25_011	k043	unnamed	43
c373_25_012	k032	unnamed	32
c373_25_013	k020	unnamed	20
c373_25_014	k079	unnamed	79
c373_25_015	k069	unnamed	69
c373_25_016	k031	unnamed	31
c373_25_017	k099	unnamed	99
c373_25_018	k002	unnamed	2
c373_25_019	k082	unnamed	82
c373_25_020	k073	unnamed	73
c373_25_021	k099	unnamed	99
c373_25_022	k112	unnamed	112
c373_25_023	k049	unnamed	49
c373_25_024	k070	unnamed	70
c373_25_025	k082	unnamed	82
c373_25_026	k050	unnamed	50
c373_25_027	k097	unnamed	97
c373_25_028	k002	unnamed	2
c373_25_029	k062	unnamed	62
c373_25_030	k026	unnamed	26
c373_25_031	k046	unnamed	46
c373_25_032	k040	unnamed	40
c373_25_033	k104	unnamed	104
c373_25_034	k055	unnamed	55
c373_25_035	k002	unnamed	2
c373_25_036	k104	unnamed	104
c373_25_037	k090	unnamed	90
c373_25_038	k090	unnamed	90
c373_25_039	k011	unnamed	11
c373_26_001	k023	unnamed	23
c373_26_002	k052	unnamed	52
c373_26_003	k048	unnamed	48
c373_26_004	k031	unnamed	31
c373_26_005	k050	unnamed	50
c373_26_006	k017	unnamed	17
c373_26_007	k062	unnamed	62
c373_26_008	k020	unnamed	20
c373_26_009	k012	unnamed	12
c373_26_010	k080	unnamed	80
c373_26_011	k010	unnamed	10
c373_26_012	k016	unnamed	16
c373_26_013	k090	unnamed	90
c373_26_014	k081	unnamed	81
c373_26_015	k091	unnamed	91
c373_26_016	k063	unnamed	63
c373_26_017	k029	unnamed	29
c373_26_018	k062	unnamed	62
c373_26_019	k118	unnamed	118
c373_26_020	k035	unnamed	35
c373_26_021	k095	unnamed	95
c373_26_022	k065	unnamed	65
c373_26_023	k023	unnamed	23
c373_26_024	k102	unnamed	102
c373_26_025	k030	unnamed	30
c373_26_026	k048	unnamed	48
c373_26_027	k061	unnamed	61
c373_26_028	k061	unnamed	61
c373_26_029	k058	unnamed	58
c373_26_030	k078	unnamed	78
c373_26_031	k043	unnamed	43
c373_26_032	k049	unnamed	49
c373_26_033	k062	unnamed	62
c373_26_034	k075	unnamed	75
c373_26_035	k017	unnamed	17
c373_26_036	k045	unnamed	45
c373_26_037	k043	unnamed	43
c373_26_038	k037	unnamed	37
c373_26_039	k081	unnamed	81
c373_26_040	k004	unnamed	4
c373_26_041	k014	unnamed	14
c373_26_042	k111	unnamed	111
c373_26_043	k016	unnamed	16
c373_26_044	k004	unnamed	4
c373_26_045	k071	unnamed	71
c373_26_046	k023	unnamed	23
c373_26_047	k105	unnamed	105
c373_26_048	k046	unnamed	46
c373_26_049	k026	unnamed	26
c373_26_050	k102	unnamed	102
c373_26_051	k073	unnamed	73
c373_26_052	k018	unnamed	18
c373_26_053	k098	unnamed	98
c373_26_054	k094	unnamed	94
c373_26_055	k115	unnamed	115
c373_26_056	k080	unnamed	80
c373_26_057	k117	unnamed	117
c373_26_058	k015	unnamed	15
c373_26_059	k036	unnamed	36
c373_26_060	k073	unnamed	73
c373_26_061	k013	unnamed	13
c373_26_062	k024	unnamed	24
c373_26_063	k056	unnamed	56
c373_26_064	k004	unnamed	4
c373_26_065	k024	unnamed	24
c373_26_066	k081	unnamed	81
c373_26_067	k107	unnamed	107
c373_26_068	k008	unnamed	8
c373_26_069	k038	unnamed	38
c373_26_070	k097	unnamed	97
c373_26_071	k050	unnamed	50
c373_26_072	k101	unnamed	101
c373_26_073	k118	unnamed	118
c373_26_074	k014	unnamed	14
c373_26_075	k063	unnamed	63
c373_26_076	k027	unnamed	27
c373_26_077	k013	unnamed	13
c373_26_078	k101	unnamed	101
c373_26_079	k094	unnamed	94
c373_26_080	k106	unnamed	106
c373_26_081	k045	unnamed	45
c373_26_082	k038	unnamed	38
c373_26_083	k028	unnamed	28
c373_26_084	k087	unnamed	87
c373_26_085	k098	unnamed	98
c373_26_086	k068	unnamed	68
c373_26_087	k090	unnamed	90
c373_26_088	k045	unnamed	45
c373_26_089	k108	unnamed	108
c373_26_090	k090	unnamed	90
c373_26_091	k011	unnamed	11
c374_01_001	k026	unnamed	26
c374_01_002	k016	unnamed	16
c374_01_003	k110	unnamed	110
c374_01_004	k047	unnamed	47
c374_01_005	k008	unnamed	8
c374_01_006	k030	unnamed	30
c374_01_007	k003	unnamed	3
c374_01_008	k072	unnamed	72
c374_01_009	k090	unnamed	90
c374_01_010	k095	unnamed	95
c374_01_011	k048	unnamed	48
c374_01_012	k077	unnamed	77
c374_01_013	k118	unnamed	118
c374_01_014	k083	unnamed	83
c374_01_015	k052	unnamed	52
c374_01_016	k000	unnamed	0
c374_01_017	k004	unnamed	4
c374_01_018	k081	unnamed	81
c374_01_019	k008	unnamed	8
c374_01_020	k044	unnamed	44
c374_01_021	k010	unnamed	10
c374_01_022	k001	unnamed	1
c374_01_023	k045	unnamed	45
c374_01_024	k011	unnamed	11
c374_01_025	k099	unnamed	99
c374_01_026	k020	unnamed	20
c374_01_027	k009	unnamed	9
c374_01_028	k021	unnamed	21
c374_01_029	k042	unnamed	42
c374_01_030	k037	unnamed	37
c374_01_031	k056	unnamed	56
c374_01_032	k014	unnamed	14
c374_01_033	k092	unnamed	92
c374_01_034	k027	unnamed	27
c374_01_035	k046	unnamed	46
c374_01_036	k088	unnamed	88
c374_01_037	k024	unnamed	24
c374_01_038	k070	unnamed	70
c374_01_039	k081	unnamed	81
c374_01_040	k063	unnamed	63
c374_01_041	k016	unnamed	16
c374_01_042	k036	unnamed	36
c374_01_043	k043	unnamed	43
c374_01_044	k068	unnamed	68
c374_01_045	k073	unnamed	73
c374_01_046	k031	unnamed	31
c374_01_047	k109	unnamed	109
c374_01_048	k048	unnamed	48
c374_01_049	k116	unnamed	116
c374_01_050	k040	unnamed	40
c374_02_001	k018	unnamed	18
c374_02_002	k050	unnamed	50
c374_02_003	k039	unnamed	39
c374_02_004	k103	unnamed	103
c374_02_005	k097	unnamed	97
c374_02_006	k050	unnamed	50
c374_02_007	k065	unnamed	65
c374_02_008	k072	unnamed	72
c374_02_009	k057	unnamed	57
c374_02_010	k032	unnamed	32
c374_02_011	k080	unnamed	80
c374_02_012	k090	unnamed	90
c374_02_013	k086	unnamed	86
c374_02_014	k009	unnamed	9
c374_02_015	k095	unnamed	95
c374_02_016	k001	unnamed	1
c374_02_017	k050	unnamed	50
c374_02_018	k006	unnamed	6
c374_02_019	k061	unnamed	61
c374_02_020	k105	unnamed	105
c374_02_021	k016	unnamed	16
c374_02_022	k054	unnamed	54
c374_02_023	k023	unnamed	23
c374_02_024	k079	unnamed	79
c374_02_025	k094	unnamed	94
c374_02_026	k090	unnamed	90
c374_02_027	k048	unnamed	48
c374_02_028	k019	unnamed	19
c374_02_029	k023	unnamed	23
c374_02_030	k115	unnamed	115
c374_02_031	k111	unnamed	111
c374_02_032	k116	unnamed	116
c374_02_033	k032	unnamed	32
c374_02_034	k067	unnamed	67
c374_02_035	k047	unnamed	47
c374_02_036	k001	unnamed	1
c374_02_037	k060	unnamed	60
c374_02_038	k000	unnamed	0
c374_02_039	k066	unnamed	66
c374_02_040	k018	unnamed	18
c374_02_041	k092	unnamed	92
c374_03_001	k038	unnamed	38
c374_03_002	k042	unnamed	42
c374_03_003	k094	unnamed	94
c374_03_004	k070	unnamed	70
c374_03_005	k093	unnamed	93
c374_03_006	k087	unnamed	87
c374_03_007	k073	unnamed	73
c374_03_008	k026	unnamed	26
c374_03_009	k023	unnamed	23
c374_03_010	k087	unnamed	87
c374_03_011	k024	unnamed	24
c374_03_012	k014	unnamed	14
c374_03_013	k047	unnamed	47
c374_03_014	k066	unnamed	66
c374_03_015	k024	unnamed	24
c374_03_016	k027	unnamed	27
c374_03_017	k115	unnamed	115
c374_03_018	k048	unnamed	48
c374_03_019	k108	unnamed	108
c374_03_020	k023	unnamed	23
c374_03_021	k106	unnamed	106
c374_03_022	k010	unnamed	10
c374_03_023	k102	unnamed	102
c374_03_024	k013	unnamed	13
c374_03_025	k097	unnamed	97
c374_03_026	k089	unnamed	89
c374_03_027	k117	unnamed	117
c374_03_028	k092	unnamed	92
c374_03_029	k027	unnamed	27
c374_03_030	k098	unnamed	98
c374_03_031	k064	unnamed	64
c374_03_032	k039	unnamed	39
c374_03_033	k094	unnamed	94
c374_03_034	k063	unnamed	63
c374_03_035	k047	unnamed	47
c374_03_036	k094	unnamed	94
c374_03_037	k055	unnamed	55
c374_03_038	k070	unnamed	70
c374_03_039	k081	unnamed	81
c374_03_040	k020	unnamed	20
c374_03_041	k009	unnamed	9
c374_03_042	k043	unnamed	43
c374_03_043	k018	unnamed	18
c374_03_044	k005	unnamed	5
c374_03_045	k014	unnamed	14
c374_03_046	k002	unnamed	2
c374_03_047	k024	unnamed	24
c374_03_048	k082	unnamed	82
c374_03_049	k042	unnamed	42
c374_04_001	k026	unnamed	26
c374_04_002	k007	unnamed	7
c374_04_003	k024	unnamed	24
c374_04_004	k079	unnamed	79
c374_04_005	k056	unnamed	56
c374_04_006	k117	unnamed	117
c374_04_007	k050	unnamed	50
c374_04_008	k047	unnamed	47
c374_04_009	k002	unnamed	2
c374_04_010	k000	unnamed	0
c374_04_011	k082	unnamed	82
c374_04_012	k013	unnamed	13
c374_04_013	k041	unnamed	41
c374_04_014	k036	unnamed	36
c374_04_015	k022	unnamed	22
c374_04_016	k041	unnamed	41
c374_04_017	k111	unnamed	111
c374_04_018	k087	unnamed	87
c374_04_019	k105	unnamed	105
c374_04_020	k054	unnamed	54
c374_04_021	k102	unnamed	102
c374_04_022	k115	unnamed	115
c374_04_023	k092	unnamed	92
c374_04_024	k027	unnamed	27
c374_04_025	k050	unnamed	50
c374_04_026	k062	unnamed	62
c374_04_027	k016	unnamed	16
c374_04_028	k069	unnamed	69
c374_04_029	k056	unnamed	56
c374_04_030	k079	unnamed	79
c374_04_031	k050	unnamed	50
c374_04_032	k042	unnamed	42
c374_04_033	k066	unnamed	66
c374_04_034	k032	unnamed	32
c374_04_035	k005	unnamed	5
c374_04_036	k026	unnamed	26
c374_04_037	k032	unnamed	32
c374_04_038	k105	unnamed	105
c374_04_039	k107	unnamed	107
c374_04_040	k085	unnamed	85
c374_04_041	k073	unnamed	73
c374_04_042	k023	unnamed	23
c374_04_043	k029	unnamed	29
c374_04_044	k086	unnamed	86
c374_05_001	k087	unnamed	87
c374_05_002	k010	unnamed	10
c374_05_003	k102	unnamed	102
c374_05_004	k102	unnamed	102
c374_05_005	k092	unnamed	92
c374_05_006	k064	unnamed	64
c374_05_007	k064	unnamed	64
c374_05_008	k082	unnamed	82
c374_05_009	k042	unnamed	42
c374_05_010	k056	unnamed	56
c374_05_011	k115	unnamed	115
c374_05_012	k090	unnamed	90
c374_05_013	k058	unnamed	58
c374_05_014	k081	unnamed	81
c374_05_015	k021	unnamed	21
c374_05_016	k106	unnamed	106
c374_05_017	k076	unnamed	76
c374_05_018	k073	unnamed	73
c374_05_019	k097	unnamed	97
c374_05_020	k102	unnamed	102
c374_05_021	k096	unnamed	96
c374_05_022	k035	unnamed	35
c374_05_023	k032	unnamed	32
c374_05_024	k035	unnamed	35
c374_05_025	k039	unnamed	39
c374_05_026	k073	unnamed	73
c374_05_027	k047	unnamed	47
c374_05_028	k092	unnamed	92
c374_05_029	k056	unnamed	56
c374_05_030	k053	unnamed	53
c374_05_031	k052	unnamed	52
c374_05_032	k005	unnamed	5
c374_05_033	k081	unnamed	81
c374_05_034	k094	unnamed	94
c374_05_035	k000	unnamed	0
c374_05_036	k068	unnamed	68
c374_05_037	k021	unnamed	21
c374_05_038	k014	unnamed	14
c374_05_039	k054	unnamed	54
c374_05_040	k036	unnamed	36
c374_05_041	k043	unnamed	43
c374_05_042	k064	unnamed	64
c374_05_043	k113	unnamed	113
c374_05_044	k079	unnamed	79
c374_05_045	k016	unnamed	16
c374_05_046	k046	unnamed	46
c374_05_047	k008	unnamed	8
c374_05_048	k017	unnamed	17
c374_05_049	k053	unnamed	53
c374_05_050	k026	unnamed	26
c374_05_051	k020	unnamed	20
c374_05_052	k073	unnamed	73
c374_06_001	k050	unnamed	50
c374_06_002	k106	unnamed	106
c374_06_003	k050	unnamed	50
c374_06_004	k035	unnamed	35
c374_06_005	k110	unnamed	110
c374_06_006	k079	unnamed	79
c374_06_007	k050	unnamed	50
c374_06_008	k073	unnamed	73
c374_06_009	k097	unnamed	97
c374_06_010	k054	unnamed	54
c374_06_011	k088	unnamed	88
c374_06_012	k068	unnamed	68
c374_06_013	k005	unnamed	5
c374_06_014	k076	unnamed	76
c374_06_015	k005	unnamed	5
c374_06_016	k089	unnamed	89
c374_06_017	k062	unnamed	62
c374_06_018	k094	unnamed	94
c374_06_019	k000	unnamed	0
c374_06_020	k035	unnamed	35
c374_06_021	k045	unnamed	45
c374_06_022	k042	unnamed	42
c374_06_023	k070	unnamed	70
c374_06_024	k030	unnamed	30
c374_06_025	k061	unnamed	61
c374_06_026	k082	unnamed	82
c374_06_027	k072	unnamed	72
c374_06_028	k073	unnamed	73
c374_06_029	k023	unnamed	23
c374_06_030	k106	unnamed	106
c374_06_031	k038	unnamed	38
c374_06_032	k104	unnamed	104
c374_06_033	k055	unnamed	55
c374_06_034	k048	unnamed	48
c374_06_035	k105	unnamed	105
c374_06_036	k087	unnamed	87
c374_06_037	k079	unnamed	79
c374_06_038	k074	unnamed	74
c374_06_039	k116	unnamed	116
c374_06_040	k055	unnamed	55
c374_06_041	k019	unnamed	19
c374_06_042	k001	unnamed	1
c374_06_043	k094	unnamed	94
c374_07_001	k102	unnamed	102
c374_07_002	k098	unnamed	98
c374_07_003	k023	unnamed	23
c374_07_004	k105	unnamed	105
c374_07_005	k054	unnamed	54
c374_07_006	k013	unnamed	13
c374_07_007	k094	unnamed	94
c374_07_008	k093	unnamed	93
c374_07_009	k022	unnamed	22
c374_07_010	k024	unnamed	24
c374_07_011	k071	unnamed	71
c374_07_012	k101	unnamed	101
c374_07_013	k026	unnamed	26
c374_07_014	k042	unnamed	42
c374_07_015	k016	unnamed	16
c374_07_016	k080	unnamed	80
c374_07_017	k009	unnamed	9
c374_07_018	k023	unnamed	23
c374_07_019	k105	unnamed	105
c374_07_020	k030	unnamed	30
c374_07_021	k047	unnamed	47
c374_07_022	k013	unnamed	13
c374_07_023	k070	unnamed	70
c374_07_024	k007	unnamed	7
c374_07_025	k081	unnamed	81
c374_07_026	k024	unnamed	24
c374_07_027	k007	unnamed	7
c374_07_028	k044	unnamed	44
c374_07_029	k054	unnamed	54
c374_07_030	k010	unnamed	10
c374_07_031	k085	unnamed	85
c374_07_032	k113	unnamed	113
c374_07_033	k034	unnamed	34
c374_07_034	k013	unnamed	13
c374_07_035	k005	unnamed	5
c374_07_036	k097	unnamed	97
c374_07_037	k089	unnamed	89
c374_07_038	k117	unnamed	117
c374_07_039	k081	unnamed	81
c374_07_040	k006	unnamed	6
c374_07_041	k090	unnamed	90
c374_07_042	k091	unnamed	91
c374_07_043	k029	unnamed	29
c374_07_044	k088	unnamed	88
c374_07_045	k090	unnamed	90
c374_07_046	k003	unnamed	3
c374_07_047	k056	unnamed	56
c374_07_048	k035	unnamed	35
c374_07_049	k101	unnamed	101
c374_07_050	k029	unnamed	29
c374_07_051	k023	unnamed	23
c374_07_052	k015	unnamed	15
c374_07_053	k042	unnamed	42
c374_07_054	k056	unnamed	56
c374_07_055	k015	unnamed	15
c374_07_056	k000	unnamed	0
c374_07_057	k023	unnamed	23
c374_07_058	k115	unnamed	115
c374_07_059	k101	unnamed	101
c374_07_060	k109	unnamed	109
c374_07_061	k105	unnamed	105
c374_07_062	k078	unnamed	78
c374_07_063	k078	unnamed	78
c374_08_001	k070	unnamed	70
c374_08_002	k081	unnamed	81
c374_08_003	k047	unnamed	47
c374_08_004	k045	unnamed	45
c374_08_005	k004	unnamed	4
c374_08_006	k042	unnamed	42
c374_08_007	k057	unnamed	57
c374_08_008	k067	unnamed	67
c374_08_009	k092	unnamed	92
c374_08_010	k009	unnamed	9
c374_08_011	k095	unnamed	95
c374_08_012	k082	unnamed	82
c374_08_013	k111	unnamed	111
c374_08_014	k024	unnamed	24
c374_08_015	k000	unnamed	0
c374_08_016	k048	unnamed	48
c374_08_017	k110	unnamed	110
c374_08_018	k036	unnamed	36
c374_08_019	k115	unnamed	115
c374_08_020	k002	unnamed	2
c374_08_021	k073	unnamed	73
c374_08_022	k023	unnamed	23
c374_08_023	k057	unnamed	57
c374_08_024	k044	unnamed	44
c374_08_025	k016	unnamed	16
c374_08_026	k055	unnamed	55
c374_08_027	k032	unnamed	32
c374_08_028	k019	unnamed	19
c374_08_029	k075	unnamed	75
c374_08_030	k075	unnamed	75
c374_08_031	k005	unnamed	5
c374_08_032	k060	unnamed	60
c374_08_033	k042	unnamed	42
c374_08_034	k005	unnamed	5
c374_08_035	k026	unnamed	26
c374_08_036	k064	unnamed	64
c374_08_037	k028	unnamed	28
c374_08_038	k030	unnamed	30
c374_08_039	k047	unnamed	47
c374_08_040	k015	unnamed	15
c374_08_041	k028	unnamed	28
c374_08_042	k026	unnamed	26
c374_08_043	k049	unnamed	49
c374_08_044	k054	unnamed	54
c374_08_045	k081	unnamed	81
c374_08_046	k087	unnamed	87
c374_08_047	k087	unnamed	87
c374_08_048	k115	unnamed	115
c374_08_049	k043	unnamed	43
c374_08_050	k031	unnamed	31
c374_08_051	k032	unnamed	32
c374_08_052	k099	unnamed	99
c374_08_053	k101	unnamed	101
c374_08_054	k113	unnamed	113
c374_08_055	k078	unnamed	78
c374_08_056	k000	unnamed	0
c374_08_057	k014	unnamed	14
c374_08_058	k008	unnamed	8
c374_08_059	k091	unnamed	91
c374_08_060	k090	unnamed	90
c374_08_061	k091	unnamed	91
c374_08_062	k065	unnamed	65
c374_08_063	k085	unnamed	85
c374_08_064	k080	unnamed	80
c374_08_065	k028	unnamed	28
c374_08_066	k101	unnamed	101
c374_08_067	k013	unnamed	13
c374_08_068	k045	unnamed	45
c374_09_001	k048	unnamed	48
c374_09_002	k078	unnamed	78
c374_09_003	k050	unnamed	50
c374_09_004	k000	unnamed	0
c374_09_005	k048	unnamed	48
c374_09_006	k023	unnamed	23
c374_09_007	k118	unnamed	118
c374_09_008	k115	unnamed	115
c374_09_009	k061	unnamed	61
c374_09_010	k075	unnamed	75
c374_09_011	k033	unnamed	33
c374_09_012	k066	unnamed	66
c374_09_013	k049	unnamed	49
c374_09_014	k018	unnamed	18
c374_09_015	k053	unnamed	53
c374_09_016	k082	unnamed	82
c374_09_017	k020	unnamed	20
c374_09_018	k099	unnamed	99
c374_09_019	k117	unnamed	117
c374_09_020	k023	unnamed	23
c374_09_021	k000	unnamed	0
c374_09_022	k104	unnamed	104
c374_09_023	k087	unnamed	87
c374_09_024	k115	unnamed	115
c374_09_025	k050	unnamed	50
c374_09_026	k064	unnamed	64
c374_09_027	k023	unnamed	23
c374_09_028	k063	unnamed	63
c374_09_029	k032	unnamed	32
c374_09_030	k117	unnamed	117
c374_09_031	k094	unnamed	94
c374_09_032	k047	unnamed	47
c374_09_033	k049	unnamed	49
c374_09_034	k084	unnamed	84
c374_09_035	k098	unnamed	98
c374_09_036	k039	unnamed	39
c374_09_037	k006	unnamed	6
c374_09_038	k061	unnamed	61
c374_09_039	k045	unnamed	45
c374_09_040	k028	unnamed	28
c374_09_041	k077	unnamed	77
c374_09_042	k118	unnamed	118
c374_09_043	k024	unnamed	24
c374_09_044	k039	unnamed	39
c374_09_045	k008	unnamed	8
c374_10_001	k018	unnamed	18
c374_10_002	k005	unnamed	5
c374_10_003	k026	unnamed	26
c374_10_004	k071	unnamed	71
c374_10_005	k105	unnamed	105
c374_10_006	k022	unnamed	22
c374_10_007	k047	unnamed	47
c374_10_008	k085	unnamed	85
c374_10_009	k042	unnamed	42
c374_10_010	k005	unnamed	5
c374_10_011	k035	unnamed	35
c374_10_012	k022	unnamed	22
c374_10_013	k096	unnamed	96
c374_10_014	k018	unnamed	18
c374_10_015	k035	unnamed	35
c374_10_016	k094	unnamed	94
c374_10_017	k000	unnamed	0
c374_10_018	k004	unnamed	4
c374_10_019	k073	unnamed	73
c374_10_020	k087	unnamed	87
c374_10_021	k026	unnamed	26
c374_10_022	k007	unnamed	7
c374_10_023	k000	unnamed	0
c374_10_024	k117	unnamed	117
c374_10_025	k024	unnamed	24
c374_10_026	k014	unnamed	14
c374_10_027	k032	unnamed	32
c374_10_028	k094	unnamed	94
c374_10_029	k072	unnamed	72
c374_10_030	k052	unnamed	52
c374_10_031	k032	unnamed	32
c374_10_032	k074	unnamed	74
c374_10_033	k026	unnamed	26
c374_10_034	k098	unnamed	98
c374_10_035	k094	unnamed	94
c374_10_036	k010	unnamed	10
c374_10_037	k075	unnamed	75
c374_10_038	k090	unnamed	90
c374_10_039	k108	unnamed	108
c374_10_040	k090	unnamed	90
c374_10_041	k090	unnamed	90
c374_10_042	k049	unnamed	49
c374_10_043	k073	unnamed	73
c374_10_044	k094	unnamed	94
c374_10_045	k081	unnamed	81
c374_10_046	k057	unnamed	57
c374_10_047	k078	unnamed	78
c374_11_001	k088	unnamed	88
c374_11_002	k105	unnamed	105
c374_11_003	k053	unnamed	53
c374_11_004	k039	unnamed	39
c374_11_005	k050	unnamed	50
c374_11_006	k026	unnamed	26
c374_11_007	k029	unnamed	29
c374_11_008	k034	unnamed	34
c374_11_009	k060	unnamed	60
c374_11_010	k084	unnamed	84
c374_11_011	k005	unnamed	5
c374_11_012	k050	unnamed	50
c374_11_013	k073	unnamed	73
c374_11_014	k042	unnamed	42
c374_11_015	k024	unnamed	24
c374_11_016	k049	unnamed	49
c374_11_017	k013	unnamed	13
c374_11_018	k081	unnamed	81
c374_11_019	k104	unnamed	104
c374_11_020	k016	unnamed	16
c374_11_021	k088	unnamed	88
c374_11_022	k117	unnamed	117
c374_11_023	k105	unnamed	105
c374_11_024	k004	unnamed	4
c374_11_025	k042	unnamed	42
c374_11_026	k033	unnamed	33
c374_11_027	k005	unnamed	5
c374_11_028	k037	unnamed	37
c374_11_029	k023	unnamed	23
c374_11_030	k048	unnamed	48
c374_11_031	k055	unnamed	55
c374_11_032	k021	unnamed	21
c374_11_033	k033	unnamed	33
c374_11_034	k041	unnamed	41
c374_11_035	k005	unnamed	5
c374_11_036	k042	unnamed	42
c374_11_037	k116	unnamed	116
c374_11_038	k053	unnamed	53
c374_11_039	k090	unnamed	90
c374_11_040	k090	unnamed	90
c374_11_041	k005	unnamed	5
c374_11_042	k091	unnamed	91
c374_11_043	k022	unnamed	22
c374_11_044	k108	unnamed	108
c374_11_045	k039	unnamed	39
c374_12_001	k112	unnamed	112
c374_12_002	k081	unnamed	81
c374_12_003	k005	unnamed	5
c374_12_004	k031	unnamed	31
c374_12_005	k013	unnamed	13
c374_12_006	k054	unnamed	54
c374_12_007	k087	unnamed	87
c374_12_008	k047	unnamed	47
c374_12_009	k088	unnamed	88
c374_12_010	k005	unnamed	5
c374_12_011	k050	unnamed	50
c374_12_012	k026	unnamed	26
c374_12_013	k004	unnamed	4
c374_12_014	k051	unnamed	51
c374_12_015	k089	unnamed	89
c374_12_016	k016	unnamed	16
c374_12_017	k007	unnamed	7
c374_12_018	k115	unnamed	115
c374_12_019	k085	unnamed	85
c374_12_020	k045	unnamed	45
c374_12_021	k091	unnamed	91
c374_12_022	k115	unnamed	115
c374_12_023	k066	unnamed	66
c374_12_024	k104	unnamed	104
c374_12_025	k042	unnamed	42
c374_12_026	k105	unnamed	105
c374_12_027	k074	unnamed	74
c374_12_028	k066	unnamed	66
c374_12_029	k020	unnamed	20
c374_12_030	k109	unnamed	109
c374_12_031	k114	unnamed	114
c374_12_032	k000	unnamed	0
c374_12_033	k024	unnamed	24
c374_12_034	k091	unnamed	91
c374_12_035	k033	unnamed	33
c374_12_036	k000	unnamed	0
c374_12_037	k073	unnamed	73
c374_12_038	k089	unnamed	89
c374_12_039	k022	unnamed	22
c374_13_001	k024	unnamed	24
c374_13_002	k116	unnamed	116
c374_13_003	k020	unnamed	20
c374_13_004	k089	unnamed	89
c374_13_005	k004	unnamed	4
c374_13_006	k006	unnamed	6
c374_13_007	k061	unnamed	61
c374_13_008	k055	unnamed	55
c374_13_009	k070	unnamed	70
c374_13_010	k081	unnamed	81
c374_13_011	k060	unnamed	60
c374_13_012	k054	unnamed	54
c374_13_013	k057	unnamed	57
c374_13_014	k035	unnamed	35
c374_13_015	k005	unnamed	5
c374_13_016	k026	unnamed	26
c374_13_017	k073	unnamed	73
c374_13_018	k031	unnamed	31
c374_13_019	k050	unnamed	50
c374_13_020	k001	unnamed	1
c374_13_021	k054	unnamed	54
c374_13_022	k082	unnamed	82
c374_13_023	k032	unnamed	32
c374_13_024	k056	unnamed	56
c374_13_025	k079	unnamed	79
c374_13_026	k023	unnamed	23
c374_13_027	k111	unnamed	111
c374_13_028	k105	unnamed	105
c374_13_029	k023	unnamed	23
c374_13_030	k100	unnamed	100
c374_13_031	k002	unnamed	2
c374_13_032	k018	unnamed	18
c374_13_033	k005	unnamed	5
c374_13_034	k026	unnamed	26
c374_13_035	k018	unnamed	18
c374_13_036	k019	unnamed	19
c374_13_037	k036	unnamed	36
c374_13_038	k063	unnamed	63
c374_14_001	k016	unnamed	16
c374_14_002	k007	unnamed	7
c374_14_003	k027	unnamed	27
c374_14_004	k026	unnamed	26
c374_14_005	k116	unnamed	116
c374_14_006	k018	unnamed	18
c374_14_007	k031	unnamed	31
c374_14_008	k006	unnamed	6
c374_14_009	k061	unnamed	61
c374_14_010	k054	unnamed	54
c374_14_011	k082	unnamed	82
c374_14_012	k084	unnamed	84
c374_14_013	k033	unnamed	33
c374_14_014	k009	unnamed	9
c374_14_015	k004	unnamed	4
c374_14_016	k042	unnamed	42
c374_14_017	k005	unnamed	5
c374_14_018	k056	unnamed	56
c374_14_019	k080	unnamed	80
c374_14_020	k082	unnamed	82
c374_14_021	k070	unnamed	70
c374_14_022	k081	unnamed	81
c374_14_023	k109	unnamed	109
c374_14_024	k109	unnamed	109
c374_14_025	k111	unnamed	111
c374_14_026	k113	unnamed	113
c374_14_027	k019	unnamed	19
c374_14_028	k027	unnamed	27
c374_14_029	k073	unnamed	73
c374_14_030	k005	unnamed	5
c374_14_031	k036	unnamed	36
c374_14_032	k055	unnamed	55
c374_14_033	k091	unnamed	91
c374_14_034	k000	unnamed	0
c374_14_035	k054	unnamed	54
c374_14_036	k004	unnamed	4
c374_14_037	k016	unnamed	16
c374_14_038	k008	unnamed	8
c374_14_039	k008	unnamed	8
c374_15_001	k023	unnamed	23
c374_15_002	k069	unnamed	69
c374_15_003	k063	unnamed	63
c374_15_004	k102	unnamed	102
c374_15_005	k047	unnamed	47
c374_15_006	k073	unnamed	73
c374_15_007	k004	unnamed	4
c374_15_008	k033	unnamed	33
c374_15_009	k071	unnamed	71
c374_15_010	k094	unnamed	94
c374_15_011	k073	unnamed	73
c374_15_012	k082	unnamed	82
c374_15_013	k068	unnamed	68
c374_15_014	k023	unnamed	23
c374_15_015	k073	unnamed	73
c374_15_016	k053	unnamed	53
c374_15_017	k050	unnamed	50
c374_15_018	k065	unnamed	65
c374_15_019	k012	unnamed	12
c374_15_020	k049	unnamed	49
c374_15_021	k042	unnamed	42
c374_15_022	k050	unnamed	50
c374_15_023	k001	unnamed	1
c374_15_024	k097	unnamed	97
c374_15_025	k095	unnamed	95
c374_15_026	k092	unnamed	92
c374_15_027	k116	unnamed	116
c374_15_028	k000	unnamed	0
c374_15_029	k024	unnamed	24
c374_15_030	k091	unnamed	91
c374_15_031	k075	unnamed	75
c374_15_032	k075	unnamed	75
c374_15_033	k000	unnamed	0
c374_15_034	k073	unnamed	73
c374_15_035	k107	unnamed	107
c374_15_036	k023	unnamed	23
c374_15_037	k064	unnamed	64
c374_15_038	k094	unnamed	94
c374_16_001	k068	unnamed	68
c374_16_002	k067	unnamed	67
c374_16_003	k017	unnamed	17
c374_16_004	k090	unnamed	90
c374_16_005	k062	unnamed	62
c374_16_006	k070	unnamed	70
c374_16_007	k081	unnamed	81
c374_16_008	k112	unnamed	112
c374_16_009	k082	unnamed	82
c374_16_010	k071	unnamed	71
c374_16_011	k070	unnamed	70
c374_16_012	k014	unnamed	14
c374_16_013	k023	unnamed	23
c374_16_014	k000	unnamed	0
c374_16_015	k039	unnamed	39
c374_16_016	k081	unnamed	81
c374_16_017	k014	unnamed	14
c374_16_018	k004	unnamed	4
c374_16_019	k032	unnamed	32
c374_16_020	k047	unnamed	47
c374_16_021	k005	unnamed	5
c374_16_022	k112	unnamed	112
c374_16_023	k014	unnamed	14
c374_16_024	k004	unnamed	4
c374_16_025	k002	unnamed	2
c374_16_026	k080	unnamed	80
c374_16_027	k068	unnamed	68
c374_16_028	k084	unnamed	84
c374_16_029	k020	unnamed	20
c374_16_030	k079	unnamed	79
c374_16_031	k000	unnamed	0
c374_16_032	k054	unnamed	54
c374_16_033	k073	unnamed	73
c374_16_034	k005	unnamed	5
c374_16_035	k050	unnamed	50
c374_16_036	k019	unnamed	19
c374_16_037	k056	unnamed	56
c374_16_038	k028	unnamed	28
c374_16_039	k071	unnamed	71
c374_16_040	k039	unnamed	39
c374_16_041	k076	unnamed	76
c374_16_042	k117	unnamed	117
c374_16_043	k091	unnamed	91
c374_16_044	k047	unnamed	47
c374_16_045	k081	unnamed	81
c374_16_046	k098	unnamed	98
c374_16_047	k101	unnamed	101
c374_16_048	k101	unnamed	101
c374_16_049	k008	unnamed	8
c374_16_050	k045	unnamed	45
c374_17_001	k002	unnamed	2
c374_17_002	k057	unnamed	57
c374_17_003	k063	unnamed	63
c374_17_004	k069	unnamed	69
c374_17_005	k043	unnamed	43
c374_17_006	k047	unnamed	47
c374_17_007	k082	unnamed	82
c374_17_008	k013	unnamed	13
c374_17_009	k081	unnamed	81
c374_17_010	k065	unnamed	65
c374_17_011	k033	unnamed	33
c374_17_012	k105	unnamed	105
c374_17_013	k110	unnamed	110
c374_17_014	k109	unnamed	109
c374_17_015	k018	unnamed	18
c374_17_016	k058	unnamed	58
c374_17_017	k004	unnamed	4
c374_17_018	k088	unnamed	88
c374_17_019	k005	unnamed	5
c374_17_020	k068	unnamed	68
c374_17_021	k066	unnamed	66
c374_17_022	k004	unnamed	4
c374_17_023	k030	unnamed	30
c374_17_024	k076	unnamed	76
c374_17_025	k019	unnamed	19
c374_17_026	k070	unnamed	70
c374_17_027	k081	unnamed	81
c374_17_028	k032	unnamed	32
c374_17_029	k008	unnamed	8
c374_17_030	k029	unnamed	29
c374_17_031	k069	unnamed	69
c374_17_032	k073	unnamed	73
c374_17_033	k113	unnamed	113
c374_17_034	k115	unnamed	115
c374_17_035	k066	unnamed	66
c374_17_036	k077	unnamed	77
c374_17_037	k082	unnamed	82
c374_17_038	k073	unnamed	73
c374_17_039	k005	unnamed	5
c374_17_040	k053	unnamed	53
c374_17_041	k050	unnamed	50
c374_17_042	k069	unnamed	69
c374_17_043	k007	unnamed	7
c374_17_044	k103	unnamed	103
c374_17_045	k098	unnamed	98
c374_17_046	k061	unnamed	61
c374_17_047	k029	unnamed	29
c374_17_048	k034	unnamed	34
c374_17_049	k057	unnamed	57
c374_17_050	k029	unnamed	29
c374_17_051	k081	unnamed	81
c374_17_052	k107	unnamed	107
c374_17_053	k108	unnamed	108
c374_18_001	k044	unnamed	44
c374_18_002	k034	unnamed	34
c374_18_003	k073	unnamed	73
c374_18_004	k005	unnamed	5
c374_18_005	k112	unnamed	112
c374_18_006	k103	unnamed	103
c374_18_007	k070	unnamed	70
c374_18_008	k081	unnamed	81
c374_18_009	k054	unnamed	54
c374_18_010	k023	unnamed	23
c374_18_011	k047	unnamed	47
c374_18_012	k088	unnamed	88
c374_18_013	k035	unnamed	35
c374_18_014	k048	unnamed	48
c374_18_015	k117	unnamed	117
c374_18_016	k030	unnamed	30
c374_18_017	k094	unnamed	94
c374_18_018	k003	unnamed	3
c374_18_019	k047	unnamed	47
c374_18_020	k064	unnamed	64
c374_18_021	k088	unnamed	88
c374_18_022	k091	unnamed	91
c374_18_023	k029	unnamed	29
c374_18_024	k007	unnamed	7
c374_18_025	k031	unnamed	31
c374_18_026	k029	unnamed	29
c374_18_027	k010	unnamed	10
c374_18_028	k004	unnamed	4
c374_18_029	k093	unnamed	93
c374_18_030	k018	unnamed	18
c374_18_031	k063	unnamed	63
c374_18_032	k023	unnamed	23
c374_18_033	k085	unnamed	85
c374_18_034	k063	unnamed	63
c374_18_035	k032	unnamed	32
c374_18_036	k113	unnamed	113
c374_18_037	k102	unnamed	102
c374_18_038	k079	unnamed	79
c374_18_039	k104	unnamed	104
c374_18_040	k088	unnamed	88
c374_18_041	k070	unnamed	70
c374_18_042	k005	unnamed	5
c374_18_043	k081	unnamed	81
c374_18_044	k094	unnamed	94
c374_18_045	k026	unnamed	26
c374_18_046	k027	unnamed	27
c374_18_047	k010	unnamed	10
c374_18_048	k050	unnamed	50
c374_18_049	k104	unnamed	104
c374_18_050	k061	unnamed	61
c374_18_051	k006	unnamed	6
c374_18_052	k005	unnamed	5
c374_18_053	k112	unnamed	112
c374_18_054	k061	unnamed	61
c374_18_055	k054	unnamed	54
c374_18_056	k070	unnamed	70
c374_18_057	k081	unnamed	81
c374_18_058	k098	unnamed	98
c374_18_059	k028	unnamed	28
c374_18_060	k080	unnamed	80
c374_18_061	k035	unnamed	35
c374_18_062	k004	unnamed	4
c374_18_063	k026	unnamed	26
c374_18_064	k088	unnamed	88
c374_18_065	k053	unnamed	53
c374_18_066	k028	unnamed	28
c374_18_067	k013	unnamed	13
c374_18_068	k000	unnamed	0
c374_18_069	k094	unnamed	94
c374_18_070	k039	unnamed	39
c374_18_071	k001	unnamed	1
c374_18_072	k082	unnamed	82
c374_19_001	k069	unnamed	69
c374_19_002	k093	unnamed	93
c374_19_003	k034	unnamed	34
c374_19_004	k073	unnamed	73
c374_19_005	k054	unnamed	54
c374_19_006	k005	unnamed	5
c374_19_007	k001	unnamed	1
c374_19_008	k102	unnamed	102
c374_19_009	k088	unnamed	88
c374_19_010	k078	unnamed	78
c374_19_011	k020	unnamed	20
c374_19_012	k080	unnamed	80
c374_19_013	k089	unnamed	89
c374_19_014	k043	unnamed	43
c374_19_015	k021	unnamed	21
c374_19_016	k048	unnamed	48
c374_19_017	k116	unnamed	116
c374_19_018	k082	unnamed	82
c374_19_019	k088	unnamed	88
c374_19_020	k069	unnamed	69
c374_19_021	k026	unnamed	26
c374_19_022	k007	unnamed	7
c374_19_023	k093	unnamed	93
c374_19_024	k048	unnamed	48
c374_19_025	k116	unnamed	116
c374_19_026	k117	unnamed	117
c374_19_027	k102	unnamed	102
c374_19_028	k065	unnamed	65
c374_19_029	k047	unnamed	47
c374_19_030	k042	unnamed	42
c374_19_031	k080	unnamed	80
c374_19_032	k026	unnamed	26
c374_19_033	k016	unnamed	16
c374_19_034	k105	unnamed	105
c374_19_035	k073	unnamed	73
c374_19_036	k067	unnamed	67
c374_19_037	k017	unnamed	17
c374_19_038	k036	unnamed	36
c374_19_039	k060	unnamed	60
c374_19_040	k001	unnamed	1
c374_19_041	k021	unnamed	21
c374_19_042	k033	unnamed	33
c374_19_043	k104	unnamed	104
c374_19_044	k032	unnamed	32
c374_19_045	k011	unnamed	11
c374_19_046	k027	unnamed	27
c374_19_047	k021	unnamed	21
c374_19_048	k013	unnamed	13
c374_19_049	k035	unnamed	35
c374_19_050	k094	unnamed	94
c374_19_051	k107	unnamed	107
c374_20_001	k024	unnamed	24
c374_20_002	k106	unnamed	106
c374_20_003	k010	unnamed	10
c374_20_004	k085	unnamed	85
c374_20_005	k004	unnamed	4
c374_20_006	k035	unnamed	35
c374_20_007	k022	unnamed	22
c374_20_008	k116	unnamed	116
c374_20_009	k050	unnamed	50
c374_20_010	k033	unnamed	33
c374_20_011	k109	unnamed	109
c374_20_012	k076	unnamed	76
c374_20_013	k018	unnamed	18
c374_20_014	k117	unnamed	117
c374_20_015	k116	unnamed	116
c374_20_016	k117	unnamed	117
c374_20_017	k094	unnamed	94
c374_20_018	k005	unnamed	5
c374_20_019	k013	unnamed	13
c374_20_020	k073	unnamed	73
c374_20_021	k053	unnamed	53
c374_20_022	k042	unnamed	42
c374_20_023	k005	unnamed	5
c374_20_024	k087	unnamed	87
c374_20_025	k084	unnamed	84
c374_20_026	k060	unnamed	60
c374_20_027	k054	unnamed	54
c374_20_028	k022	unnamed	22
c374_20_029	k102	unnamed	102
c374_20_030	k027	unnamed	27
c374_20_031	k010	unnamed	10
c374_20_032	k018	unnamed	18
c374_20_033	k080	unnamed	80
c374_20_034	k088	unnamed	88
c374_20_035	k002	unnamed	2
c374_20_036	k080	unnamed	80
c374_20_037	k056	unnamed	56
c374_20_038	k070	unnamed	70
c374_20_039	k023	unnamed	23
c374_20_040	k081	unnamed	81
c374_20_041	k105	unnamed	105
c374_20_042	k047	unnamed	47
c374_20_043	k081	unnamed	81
c374_20_044	k042	unnamed	42
c374_20_045	k004	unnamed	4
c374_20_046	k068	unnamed	68
c374_20_047	k032	unnamed	32
c374_20_048	k000	unnamed	0
c374_20_049	k087	unnamed	87
c374_20_050	k116	unnamed	116
c374_20_051	k056	unnamed	56
c374_20_052	k071	unnamed	71
c374_20_053	k002	unnamed	2
c374_20_054	k007	unnamed	7
c374_20_055	k035	unnamed	35
c374_20_056	k058	unnamed	58
c374_20_057	k072	unnamed	72
c374_20_058	k050	unnamed	50
c374_21_001	k026	unnamed	26
c374_21_002	k106	unnamed	106
c374_21_003	k114	unnamed	114
c374_21_004	k097	unnamed	97
c374_21_005	k078	unnamed	78
c374_21_006	k016	unnamed	16
c374_21_007	k011	unnamed	11
c374_21_008	k056	unnamed	56
c374_21_009	k063	unnamed	63
c374_21_010	k091	unnamed	91
c374_21_011	k114	unnamed	114
c374_21_012	k090	unnamed	90
c374_21_013	k012	unnamed	12
c374_21_014	k018	unnamed	18
c374_21_015	k061	unnamed	61
c374_21_016	k067	unnamed	67
c374_21_017	k060	unnamed	60
c374_21_018	k042	unnamed	42
c374_21_019	k047	unnamed	47
c374_21_020	k006	unnamed	6
c374_21_021	k083	unnamed	83
c374_21_022	k054	unnamed	54
c374_21_023	k073	unnamed	73
c374_21_024	k094	unnamed	94
c374_21_025	k019	unnamed	19
c374_21_026	k023	unnamed	23
c374_21_027	k009	unnamed	9
c374_21_028	k102	unnamed	102
c374_21_029	k100	unnamed	100
c374_21_030	k032	unnamed	32
c374_21_031	k005	unnamed	5
c374_21_032	k080	unnamed	80
c374_21_033	k116	unnamed	116
c374_21_034	k032	unnamed	32
c374_21_035	k099	unnamed	99
c374_21_036	k117	unnamed	117
c374_21_037	k073	unnamed	73
c374_21_038	k113	unnamed	113
c374_21_039	k115	unnamed	115
c374_21_040	k117	unnamed	117
c374_21_041	k050	unnamed	50
c374_21_042	k019	unnamed	19
c374_21_043	k065	unnamed	65
c374_21_044	k026	unnamed	26
c374_21_045	k054	unnamed	54
c374_21_046	k009	unnamed	9
c374_21_047	k072	unnamed	72
c374_22_001	k018	unnamed	18
c374_22_002	k069	unnamed	69
c374_22_003	k105	unnamed	105
c374_22_004	k073	unnamed	73
c374_22_005	k114	unnamed	114
c374_22_006	k077	unnamed	77
c374_22_007	k054	unnamed	54
c374_22_008	k009	unnamed	9
c374_22_009	k018	unnamed	18
c374_22_010	k058	unnamed	58
c374_22_011	k047	unnamed	47
c374_22_012	k012	unnamed	12
c374_22_013	k082	unnamed	82
c374_22_014	k042	unnamed	42
c374_22_015	k007	unnamed	7
c374_22_016	k115	unnamed	115
c374_22_017	k023	unnamed	23
c374_22_018	k018	unnamed	18
c374_22_019	k102	unnamed	102
c374_22_020	k053	unnamed	53
c374_22_021	k073	unnamed	73
c374_22_022	k110	unnamed	110
c374_22_023	k115	unnamed	115
c374_22_024	k111	unnamed	111
c374_22_025	k046	unnamed	46
c374_22_026	k101	unnamed	101
c374_22_027	k010	unnamed	10
c374_22_028	k013	unnamed	13
c374_22_029	k099	unnamed	99
c374_22_030	k083	unnamed	83
c374_22_031	k117	unnamed	117
c374_22_032	k109	unnamed	109
c374_22_033	k095	unnamed	95
c374_22_034	k042	unnamed	42
c374_22_035	k050	unnamed	50
c374_22_036	k018	unnamed	18
c374_22_037	k073	unnamed	73
c374_22_038	k043	unnamed	43
c374_22_039	k093	unnamed	93
c374_22_040	k045	unnamed	45
c374_22_041	k023	unnamed	23
c374_23_001	k016	unnamed	16
c374_23_002	k094	unnamed	94
c374_23_003	k014	unnamed	14
c374_23_004	k002	unnamed	2
c374_23_005	k004	unnamed	4
c374_23_006	k069	unnamed	69
c374_23_007	k042	unnamed	42
c374_23_008	k005	unnamed	5
c374_23_009	k073	unnamed	73
c374_23_010	k005	unnamed	5
c374_23_011	k085	unnamed	85
c374_23_012	k110	unnamed	110
c374_23_013	k073	unnamed	73
c374_23_014	k050	unnamed	50
c374_23_015	k030	unnamed	30
c374_23_016	k019	unnamed	19
c374_23_017	k119	unnamed	119
c374_23_018	k112	unnamed	112
c374_23_019	k101	unnamed	101
c374_23_020	k003	unnamed	3
c374_23_021	k094	unnamed	94
c374_23_022	k053	unnamed	53
c374_23_023	k004	unnamed	4
c374_23_024	k018	unnamed	18
c374_23_025	k031	unnamed	31
c374_23_026	k045	unnamed	45
c374_23_027	k052	unnamed	52
c374_23_028	k000	unnamed	0
c374_23_029	k017	unnamed	17
c374_23_030	k073	unnamed	73
c374_23_031	k054	unnamed	54
c374_23_032	k076	unnamed	76
c374_23_033	k114	unnamed	114
c374_23_034	k116	unnamed	116
c374_23_035	k067	unnamed	67
c374_23_036	k078	unnamed	78
c374_24_001	k035	unnamed	35
c374_24_002	k110	unnamed	110
c374_24_003	k000	unnamed	0
c374_24_004	k117	unnamed	117
c374_24_005	k004	unnamed	4
c374_24_006	k013	unnamed	13
c374_24_007	k050	unnamed	50
c374_24_008	k018	unnamed	18
c374_24_009	k023	unnamed	23
c374_24_010	k013	unnamed	13
c374_24_011	k085	unnamed	85
c374_24_012	k041	unnamed	41
c374_24_013	k066	unnamed	66
c374_24_014	k050	unnamed	50
c374_24_015	k063	unnamed	63
c374_24_016	k044	unnamed	44
c374_24_017	k032	unnamed	32
c374_24_018	k036	unnamed	36
c374_24_019	k043	unnamed	43
c374_24_020	k057	unnamed	57
c374_24_021	k002	unnamed	2
c374_24_022	k077	unnamed	77
c374_24_023	k096	unnamed	96
c374_24_024	k018	unnamed	18
c374_24_025	k086	unnamed	86
c374_24_026	k091	unnamed	91
c374_24_027	k006	unnamed	6
c374_24_028	k039	unnamed	39
c374_24_029	k058	unnamed	58
c374_24_030	k093	unnamed	93
c374_24_031	k114	unnamed	114
c374_24_032	k082	unnamed	82
c374_24_033	k042	unnamed	42
c374_24_034	k060	unnamed	60
c374_24_035	k013	unnamed	13
c374_24_036	k054	unnamed	54
c374_24_037	k041	unnamed	41
c374_24_038	k109	unnamed	109
c374_24_039	k109	unnamed	109
c374_24_040	k023	unnamed	23
c374_24_041	k108	unnamed	108
c375_01_001	k018	unnamed	18
c375_01_002	k005	unnamed	5
c375_01_003	k026	unnamed	26
c375_01_004	k086	unnamed	86
c375_01_005	k016	unnamed	16
c375_01_006	k094	unnamed	94
c375_01_007	k030	unnamed	30
c375_01_008	k083	unnamed	83
c375_01_009	k081	unnamed	81
c375_01_010	k015	unnamed	15
c375_01_011	k015	unnamed	15
c375_01_012	k087	unnamed	87
c375_01_013	k089	unnamed	89
c375_01_014	k001	unnamed	1
c375_01_015	k097	unnamed	97
c375_01_016	k018	unnamed	18
c375_01_017	k005	unnamed	5
c375_01_018	k068	unnamed	68
c375_01_019	k004	unnamed	4
c375_01_020	k042	unnamed	42
c375_01_021	k050	unnamed	50
c375_01_022	k085	unnamed	85
c375_01_023	k019	unnamed	19
c375_01_024	k004	unnamed	4
c375_01_025	k068	unnamed	68
c375_01_026	k112	unnamed	112
c375_01_027	k021	unnamed	21
c375_01_028	k101	unnamed	101
c375_01_029	k109	unnamed	109
c375_01_030	k026	unnamed	26
c375_01_031	k008	unnamed	8
c375_02_001	k073	unnamed	73
c375_02_002	k005	unnamed	5
c375_02_003	k000	unnamed	0
c375_02_004	k015	unnamed	15
c375_02_005	k053	unnamed	53
c375_02_006	k055	unnamed	55
c375_02_007	k054	unnamed	54
c375_02_008	k068	unnamed	68
c375_02_009	k056	unnamed	56
c375_02_010	k014	unnamed	14
c375_02_011	k021	unnamed	21
c375_02_012	k060	unnamed	60
c375_02_013	k095	unnamed	95
c375_02_014	k000	unnamed	0
c375_02_015	k023	unnamed	23
c375_02_016	k103	unnamed	103
c375_02_017	k039	unnamed	39
c375_02_018	k080	unnamed	80
c375_02_019	k010	unnamed	10
c375_02_020	k020	unnamed	20
c375_02_021	k009	unnamed	9
c375_02_022	k016	unnamed	16
c375_02_023	k023	unnamed	23
c375_02_024	k018	unnamed	18
c375_02_025	k117	unnamed	117
c375_02_026	k087	unnamed	87
c375_02_027	k028	unnamed	28
c375_02_028	k050	unnamed	50
c375_02_029	k064	unnamed	64
c375_02_030	k004	unnamed	4
c375_02_031	k094	unnamed	94
c375_02_032	k084	unnamed	84
c375_02_033	k081	unnamed	81
c375_02_034	k072	unnamed	72
c375_03_001	k111	unnamed	111
c375_03_002	k105	unnamed	105
c375_03_003	k063	unnamed	63
c375_03_004	k032	unnamed	32
c375_03_005	k024	unnamed	24
c375_03_006	k018	unnamed	18
c375_03_007	k006	unnamed	6
c375_03_008	k008	unnamed	8
c375_03_009	k003	unnamed	3
c375_03_010	k004	unnamed	4
c375_03_011	k084	unnamed	84
c375_03_012	k014	unnamed	14
c375_03_013	k032	unnamed	32
c375_03_014	k074	unnamed	74
c375_03_015	k063	unnamed	63
c375_03_016	k018	unnamed	18
c375_03_017	k094	unnamed	94
c375_03_018	k107	unnamed	107
c375_03_019	k115	unnamed	115
c375_03_020	k020	unnamed	20
c375_03_021	k115	unnamed	115
c375_03_022	k106	unnamed	106
c375_03_023	k050	unnamed	50
c375_03_024	k084	unnamed	84
c375_03_025	k004	unnamed	4
c375_03_026	k033	unnamed	33
c375_03_027	k107	unnamed	107
c375_03_028	k000	unnamed	0
c375_03_029	k108	unnamed	108
c375_03_030	k057	unnamed	57
c375_03_031	k031	unnamed	31
c375_03_032	k084	unnamed	84
c375_03_033	k080	unnamed	80
c375_03_034	k001	unnamed	1
c375_03_035	k094	unnamed	94
c375_03_036	k053	unnamed	53
c375_04_001	k069	unnamed	69
c375_04_002	k116	unnamed	116
c375_04_003	k041	unnamed	41
c375_04_004	k013	unnamed	13
c375_04_005	k020	unnamed	20
c375_04_006	k015	unnamed	15
c375_04_007	k054	unnamed	54
c375_04_008	k068	unnamed	68
c375_04_009	k116	unnamed	116
c375_04_010	k050	unnamed	50
c375_04_011	k019	unnamed	19
c375_04_012	k076	unnamed	76
c375_04_013	k109	unnamed	109
c375_04_014	k032	unnamed	32
c375_04_015	k117	unnamed	117
c375_04_016	k110	unnamed	110
c375_04_017	k118	unnamed	118
c375_04_018	k115	unnamed	115
c375_04_019	k002	unnamed	2
c375_04_020	k033	unnamed	33
c375_04_021	k018	unnamed	18
c375_04_022	k074	unnamed	74
c375_04_023	k022	unnamed	22
c375_04_024	k012	unnamed	12
c375_04_025	k010	unnamed	10
c375_04_026	k084	unnamed	84
c375_04_027	k058	unnamed	58
c375_04_028	k004	unnamed	4
c375_04_029	k013	unnamed	13
c375_04_030	k090	unnamed	90
c375_04_031	k090	unnamed	90
c375_05_001	k087	unnamed	87
c375_05_002	k115	unnamed	115
c375_05_003	k050	unnamed	50
c375_05_004	k013	unnamed	13
c375_05_005	k075	unnamed	75
c375_05_006	k108	unnamed	108
c375_05_007	k094	unnamed	94
c375_05_008	k027	unnamed	27
c375_05_009	k042	unnamed	42
c375_05_010	k094	unnamed	94
c375_05_011	k103	unnamed	103
c375_05_012	k000	unnamed	0
c375_05_013	k074	unnamed	74
c375_05_014	k076	unnamed	76
c375_05_015	k087	unnamed	87
c375_05_016	k100	unnamed	100
c375_05_017	k117	unnamed	117
c375_05_018	k005	unnamed	5
c375_05_019	k074	unnamed	74
c375_05_020	k061	unnamed	61
c375_05_021	k021	unnamed	21
c375_05_022	k114	unnamed	114
c375_05_023	k031	unnamed	31
c375_05_024	k096	unnamed	96
c375_05_025	k000	unnamed	0
c375_05_026	k005	unnamed	5
c375_05_027	k015	unnamed	15
c375_05_028	k073	unnamed	73
c375_05_029	k090	unnamed	90
c375_05_030	k048	unnamed	48
c375_05_031	k023	unnamed	23
c375_05_032	k106	unnamed	106
c375_05_033	k049	unnamed	49
c375_05_034	k037	unnamed	37
c375_06_001	k053	unnamed	53
c375_06_002	k013	unnamed	13
c375_06_003	k118	unnamed	118
c375_06_004	k043	unnamed	43
c375_06_005	k081	unnamed	81
c375_06_006	k063	unnamed	63
c375_06_007	k039	unnamed	39
c375_06_008	k039	unnamed	39
c375_06_009	k037	unnamed	37
c375_06_010	k107	unnamed	107
c375_06_011	k026	unnamed	26
c375_06_012	k038	unnamed	38
c375_06_013	k117	unnamed	117
c375_06_014	k112	unnamed	112
c375_06_015	k073	unnamed	73
c375_06_016	k102	unnamed	102
c375_06_017	k115	unnamed	115
c375_06_018	k083	unnamed	83
c375_06_019	k015	unnamed	15
c375_06_020	k082	unnamed	82
c375_06_021	k035	unnamed	35
c375_06_022	k059	unnamed	59
c375_06_023	k054	unnamed	54
c375_06_024	k087	unnamed	87
c375_06_025	k036	unnamed	36
c375_06_026	k070	unnamed	70
c375_06_027	k024	unnamed	24
c375_06_028	k056	unnamed	56
c375_06_029	k067	unnamed	67
c375_06_030	k084	unnamed	84
c375_06_031	k039	unnamed	39
c375_06_032	k048	unnamed	48
c375_06_033	k041	unnamed	41
c375_06_034	k052	unnamed	52
c375_06_035	k040	unnamed	40
c375_06_036	k029	unnamed	29
c375_06_037	k045	unnamed	45
c375_06_038	k040	unnamed	40
c375_06_039	k075	unnamed	75
c380_01_001	k015	unnamed	15
c380_01_002	k050	unnamed	50
c380_01_003	k062	unnamed	62
c380_01_004	k098	unnamed	98
c380_01_005	k108	unnamed	108
c380_01_006	k008	unnamed	8
c380_01_007	k114	unnamed	114
c380_01_008	k030	unnamed	30
c380_01_009	k058	unnamed	58
c380_01_010	k051	unnamed	51
c380_01_011	k097	unnamed	97
c380_01_012	k020	unnamed	20
c380_01_013	k051	unnamed	51
c380_01_014	k021	unnamed	21
c380_01_015	k110	unnamed	110
c380_01_016	k100	unnamed	100
c380_01_017	k055	unnamed	55
c380_01_018	k117	unnamed	117
c380_01_019	k051	unnamed	51
c380_01_020	k026	unnamed	26
c380_01_021	k112	unnamed	112
c380_01_022	k005	unnamed	5
c380_01_023	k089	unnamed	89
c380_01_024	k110	unnamed	110
c380_01_025	k015	unnamed	15
c380_01_026	k024	unnamed	24
c380_01_027	k005	unnamed	5
c380_01_028	k025	unnamed	25
c380_01_029	k018	unnamed	18
c380_01_030	k087	unnamed	87
c380_01_031	k025	unnamed	25
c380_01_032	k030	unnamed	30
c380_01_033	k077	unnamed	77
c380_01_034	k075	unnamed	75
c380_01_035	k008	unnamed	8
c380_01_036	k059	unnamed	59
c380_01_037	k026	unnamed	26
c380_01_038	k117	unnamed	117
c380_01_039	k018	unnamed	18
c380_01_040	k039	unnamed	39
c380_01_041	k005	unnamed	5
c380_01_042	k037	unnamed	37
c380_01_043	k049	unnamed	49
c380_01_044	k059	unnamed	59
c380_01_045	k028	unnamed	28
c380_01_046	k040	unnamed	40
c380_01_047	k038	unnamed	38
c380_02_001	k027	unnamed	27
c380_02_002	k068	unnamed	68
c380_02_003	k005	unnamed	5
c380_02_004	k002	unnamed	2
c380_02_005	k059	unnamed	59
c380_02_006	k035	unnamed	35
c380_02_007	k014	unnamed	14
c380_02_008	k018	unnamed	18
c380_02_009	k005	unnamed	5
c380_02_010	k086	unnamed	86
c380_02_011	k050	unnamed	50
c380_02_012	k000	unnamed	0
c380_02_013	k113	unnamed	113
c380_02_014	k000	unnamed	0
c380_02_015	k058	unnamed	58
c380_02_016	k083	unnamed	83
c380_02_017	k086	unnamed	86
c380_02_018	k005	unnamed	5
c380_02_019	k027	unnamed	27
c380_02_020	k028	unnamed	28
c380_02_021	k076	unnamed	76
c380_02_022	k061	unnamed	61
c380_02_023	k005	unnamed	5
c380_02_024	k015	unnamed	15
c380_02_025	k025	unnamed	25
c380_02_026	k012	unnamed	12
c380_02_027	k007	unnamed	7
c380_02_028	k062	unnamed	62
c380_02_029	k075	unnamed	75
c380_02_030	k093	unnamed	93
c380_02_031	k005	unnamed	5
c380_02_032	k117	unnamed	117
c380_02_033	k005	unnamed	5
c380_02_034	k053	unnamed	53
c380_02_035	k078	unnamed	78
c380_02_036	k025	unnamed	25
c380_02_037	k038	unnamed	38
c380_02_038	k008	unnamed	8
c380_03_001	k028	unnamed	28
c380_03_002	k055	unnamed	55
c380_03_003	k058	unnamed	58
c380_03_004	k087	unnamed	87
c380_03_005	k000	unnamed	0
c380_03_006	k047	unnamed	47
c380_03_007	k056	unnamed	56
c380_03_008	k015	unnamed	15
c380_03_009	k025	unnamed	25
c380_03_010	k096	unnamed	96
c380_03_011	k025	unnamed	25
c380_03_012	k000	unnamed	0
c380_03_013	k076	unnamed	76
c380_03_014	k069	unnamed	69
c380_03_015	k073	unnamed	73
c380_03_016	k009	unnamed	9
c380_03_017	k112	unnamed	112
c380_03_018	k051	unnamed	51
c380_03_019	k050	unnamed	50
c380_03_020	k034	unnamed	34
c380_03_021	k030	unnamed	30
c380_03_022	k005	unnamed	5
c380_03_023	k013	unnamed	13
c380_03_024	k062	unnamed	62
c380_03_025	k008	unnamed	8
c380_03_026	k057	unnamed	57
c380_03_027	k013	unnamed	13
c380_03_028	k025	unnamed	25
c380_03_029	k016	unnamed	16
c380_03_030	k045	unnamed	45
c380_03_031	k037	unnamed	37
c380_03_032	k056	unnamed	56
c380_03_033	k015	unnamed	15
c380_03_034	k117	unnamed	117
c380_03_035	k083	unnamed	83
c380_03_036	k059	unnamed	59
c380_03_037	k112	unnamed	112
c380_03_038	k025	unnamed	25
c380_03_039	k048	unnamed	48
c380_03_040	k119	unnamed	119
c380_03_041	k018	unnamed	18
c380_03_042	k025	unnamed	25
c380_03_043	k077	unnamed	77
c380_03_044	k108	unnamed	108
c380_04_001	k060	unnamed	60
c380_04_002	k005	unnamed	5
c380_04_003	k026	unnamed	26
c380_04_004	k114	unnamed	114
c380_04_005	k066	unnamed	66
c380_04_006	k073	unnamed	73
c380_04_007	k060	unnamed	60
c380_04_008	k056	unnamed	56
c380_04_009	k079	unnamed	79
c380_04_010	k119	unnamed	119
c380_04_011	k055	unnamed	55
c380_04_012	k048	unnamed	48
c380_04_013	k061	unnamed	61
c380_04_014	k018	unnamed	18
c380_04_015	k117	unnamed	117
c380_04_016	k051	unnamed	51
c380_04_017	k048	unnamed	48
c380_04_018	k028	unnamed	28
c380_04_019	k108	unnamed	108
c380_04_020	k050	unnamed	50
c380_04_021	k119	unnamed	119
c380_04_022	k000	unnamed	0
c380_04_023	k007	unnamed	7
c380_04_024	k026	unnamed	26
c380_04_025	k058	unnamed	58
c380_04_026	k056	unnamed	56
c380_04_027	k000	unnamed	0
c380_04_028	k003	unnamed	3
c380_04_029	k073	unnamed	73
c380_04_030	k045	unnamed	45
c380_04_031	k119	unnamed	119
c380_04_032	k050	unnamed	50
c380_04_033	k119	unnamed	119
c380_04_034	k051	unnamed	51
c380_04_035	k051	unnamed	51
c380_04_036	k116	unnamed	116
c380_04_037	k080	unnamed	80
c380_04_038	k018	unnamed	18
c380_04_039	k108	unnamed	108
c380_04_040	k025	unnamed	25
c380_04_041	k051	unnamed	51
c380_04_042	k032	unnamed	32
c380_04_043	k110	unnamed	110
c380_04_044	k025	unnamed	25
c380_04_045	k080	unnamed	80
c380_04_046	k037	unnamed	37
c380_05_001	k095	unnamed	95
c380_05_002	k056	unnamed	56
c380_05_003	k059	unnamed	59
c380_05_004	k111	unnamed	111
c380_05_005	k112	unnamed	112
c380_05_006	k056	unnamed	56
c380_05_007	k080	unnamed	80
c380_05_008	k022	unnamed	22
c380_05_009	k116	unnamed	116
c380_05_010	k047	unnamed	47
c380_05_011	k056	unnamed	56
c380_05_012	k018	unnamed	18
c380_05_013	k117	unnamed	117
c380_05_014	k005	unnamed	5
c380_05_015	k068	unnamed	68
c380_05_016	k025	unnamed	25
c380_05_017	k052	unnamed	52
c380_05_018	k025	unnamed	25
c380_05_019	k018	unnamed	18
c380_05_020	k002	unnamed	2
c380_05_021	k056	unnamed	56
c380_05_022	k100	unnamed	100
c380_05_023	k109	unnamed	109
c380_05_024	k005	unnamed	5
c380_05_025	k075	unnamed	75
c380_05_026	k059	unnamed	59
c380_05_027	k045	unnamed	45
c380_05_028	k076	unnamed	76
c380_05_029	k103	unnamed	103
c380_05_030	k018	unnamed	18
c380_05_031	k117	unnamed	117
c380_05_032	k074	unnamed	74
c380_05_033	k119	unnamed	119
c380_05_034	k048	unnamed	48
c380_05_035	k011	unnamed	11
c380_05_036	k034	unnamed	34
c380_05_037	k007	unnamed	7
c380_05_038	k051	unnamed	51
c380_05_039	k065	unnamed	65
c380_05_040	k107	unnamed	107
c380_06_001	k098	unnamed	98
c380_06_002	k062	unnamed	62
c380_06_003	k053	unnamed	53
c380_06_004	k059	unnamed	59
c380_06_005	k007	unnamed	7
c380_06_006	k015	unnamed	15
c380_06_007	k073	unnamed	73
c380_06_008	k119	unnamed	119
c380_06_009	k006	unnamed	6
c380_06_010	k083	unnamed	83
c380_06_011	k061	unnamed	61
c380_06_012	k112	unnamed	112
c380_06_013	k051	unnamed	51
c380_06_014	k026	unnamed	26
c380_06_015	k112	unnamed	112
c380_06_016	k005	unnamed	5
c380_06_017	k069	unnamed	69
c380_06_018	k082	unnamed	82
c380_06_019	k112	unnamed	112
c380_06_020	k092	unnamed	92
c380_06_021	k051	unnamed	51
c380_06_022	k108	unnamed	108
c380_06_023	k035	unnamed	35
c380_06_024	k116	unnamed	116
c380_06_025	k009	unnamed	9
c380_06_026	k082	unnamed	82
c380_06_027	k025	unnamed	25
c380_06_028	k114	unnamed	114
c380_06_029	k008	unnamed	8
c380_06_030	k078	unnamed	78
c380_06_031	k051	unnamed	51
c380_06_032	k014	unnamed	14
c380_06_033	k076	unnamed	76
c380_06_034	k005	unnamed	5
c380_06_035	k119	unnamed	119
c380_06_036	k042	unnamed	42
c380_06_037	k087	unnamed	87
c380_06_038	k059	unnamed	59
c380_06_039	k056	unnamed	56
c380_06_040	k009	unnamed	9
c380_06_041	k025	unnamed	25
c380_06_042	k089	unnamed	89
c380_07_001	k039	unnamed	39
c380_07_002	k056	unnamed	56
c380_07_003	k060	unnamed	60
c380_07_004	k088	unnamed	88
c380_07_005	k012	unnamed	12
c380_07_006	k011	unnamed	11
c380_07_007	k059	unnamed	59
c380_07_008	k007	unnamed	7
c380_07_009	k018	unnamed	18
c380_07_010	k093	unnamed	93
c380_07_011	k023	unnamed	23
c380_07_012	k078	unnamed	78
c380_07_013	k025	unnamed	25
c380_07_014	k014	unnamed	14
c380_07_015	k117	unnamed	117
c380_07_016	k059	unnamed	59
c380_07_017	k030	unnamed	30
c380_07_018	k083	unnamed	83
c380_07_019	k005	unnamed	5
c380_07_020	k039	unnamed	39
c380_07_021	k025	unnamed	25
c380_07_022	k082	unnamed	82
c380_07_023	k074	unnamed	74
c380_07_024	k002	unnamed	2
c380_07_025	k025	unnamed	25
c380_07_026	k000	unnamed	0
c380_07_027	k059	unnamed	59
c380_07_028	k047	unnamed	47
c380_07_029	k005	unnamed	5
c380_07_030	k051	unnamed	51
c380_07_031	k018	unnamed	18
c380_07_032	k087	unnamed	87
c380_07_033	k078	unnamed	78
c380_07_034	k025	unnamed	25
c380_07_035	k092	unnamed	92
c380_07_036	k095	unnamed	95
c380_07_037	k037	unnamed	37
c380_07_038	k016	unnamed	16
c380_07_039	k117	unnamed	117
c380_07_040	k015	unnamed	15
c380_07_041	k031	unnamed	31
c380_07_042	k119	unnamed	119
c380_07_043	k038	unnamed	38
c380_08_001	k052	unnamed	52
c380_08_002	k025	unnamed	25
c380_08_003	k026	unnamed	26
c380_08_004	k112	unnamed	112
c380_08_005	k074	unnamed	74
c380_08_006	k030	unnamed	30
c380_08_007	k072	unnamed	72
c380_08_008	k114	unnamed	114
c380_08_009	k026	unnamed	26
c380_08_010	k097	unnamed	97
c380_08_011	k060	unnamed	60
c380_08_012	k024	unnamed	24
c380_08_013	k042	unnamed	42
c380_08_014	k011	unnamed	11
c380_08_015	k119	unnamed	119
c380_08_016	k050	unnamed	50
c380_08_017	k034	unnamed	34
c380_08_018	k018	unnamed	18
c380_08_019	k063	unnamed	63
c380_08_020	k119	unnamed	119
c380_08_021	k026	unnamed	26
c380_08_022	k005	unnamed	5
c380_08_023	k112	unnamed	112
c380_08_024	k020	unnamed	20
c380_08_025	k074	unnamed	74
c380_08_026	k051	unnamed	51
c380_08_027	k018	unnamed	18
c380_08_028	k005	unnamed	5
c380_08_029	k030	unnamed	30
c380_08_030	k118	unnamed	118
c380_08_031	k090	unnamed	90
c380_08_032	k039	unnamed	39
c380_08_033	k087	unnamed	87
c380_08_034	k025	unnamed	25
c380_08_035	k102	unnamed	102
c380_08_036	k025	unnamed	25
c380_08_037	k050	unnamed	50
c380_08_038	k011	unnamed	11
c380_08_039	k000	unnamed	0
c380_08_040	k109	unnamed	109
c380_08_041	k092	unnamed	92
c380_08_042	k060	unnamed	60
c380_08_043	k042	unnamed	42
c380_08_044	k039	unnamed	39
c380_09_001	k045	unnamed	45
c380_09_002	k052	unnamed	52
c380_09_003	k119	unnamed	119
c380_09_004	k050	unnamed	50
c380_09_005	k011	unnamed	11
c380_09_006	k030	unnamed	30
c380_09_007	k005	unnamed	5
c380_09_008	k059	unnamed	59
c380_09_009	k013	unnamed	13
c380_09_010	k025	unnamed	25
c380_09_011	k116	unnamed	116
c380_09_012	k012	unnamed	12
c380_09_013	k021	unnamed	21
c380_09_014	k007	unnamed	7
c380_09_015	k073	unnamed	73
c380_09_016	k015	unnamed	15
c380_09_017	k011	unnamed	11
c380_09_018	k097	unnamed	97
c380_09_019	k076	unnamed	76
c380_09_020	k025	unnamed	25
c380_09_021	k023	unnamed	23
c380_09_022	k019	unnamed	19
c380_09_023	k110	unnamed	110
c380_09_024	k009	unnamed	9
c380_09_025	k022	unnamed	22
c380_09_026	k025	unnamed	25
c380_09_027	k033	unnamed	33
c380_09_028	k117	unnamed	117
c380_09_029	k024	unnamed	24
c380_09_030	k019	unnamed	19
c380_09_031	k018	unnamed	18
c380_09_032	k019	unnamed	19
c380_09_033	k049	unnamed	49
c380_09_034	k005	unnamed	5
c380_09_035	k053	unnamed	53
c380_09_036	k035	unnamed	35
c380_09_037	k005	unnamed	5
c380_09_038	k112	unnamed	112
c380_09_039	k119	unnamed	119
c380_09_040	k016	unnamed	16
c380_09_041	k005	unnamed	5
c380_09_042	k000	unnamed	0
c380_09_043	k034	unnamed	34
c380_10_001	k099	unnamed	99
c380_10_002	k018	unnamed	18
c380_10_003	k015	unnamed	15
c380_10_004	k000	unnamed	0
c380_10_005	k074	unnamed	74
c380_10_006	k119	unnamed	119
c380_10_007	k110	unnamed	110
c380_10_008	k069	unnamed	69
c380_10_009	k063	unnamed	63
c380_10_010	k060	unnamed	60
c380_10_011	k088	unnamed	88
c380_10_012	k025	unnamed	25
c380_10_013	k050	unnamed	50
c380_10_014	k011	unnamed	11
c380_10_015	k119	unnamed	119
c380_10_016	k084	unnamed	84
c380_10_017	k093	unnamed	93
c380_10_018	k112	unnamed	112
c380_10_019	k037	unnamed	37
c380_10_020	k099	unnamed	99
c380_10_021	k114	unnamed	114
c380_10_022	k104	unnamed	104
c380_10_023	k112	unnamed	112
c380_10_024	k074	unnamed	74
c380_10_025	k119	unnamed	119
c380_10_026	k051	unnamed	51
c380_10_027	k078	unnamed	78
c380_10_028	k119	unnamed	119
c380_10_029	k026	unnamed	26
c380_10_030	k007	unnamed	7
c380_10_031	k060	unnamed	60
c380_10_032	k042	unnamed	42
c380_10_033	k051	unnamed	51
c380_10_034	k031	unnamed	31
c380_10_035	k119	unnamed	119
c380_10_036	k060	unnamed	60
c380_10_037	k005	unnamed	5
c380_10_038	k034	unnamed	34
c380_10_039	k006	unnamed	6
c380_10_040	k005	unnamed	5
c380_10_041	k100	unnamed	100
c380_10_042	k066	unnamed	66
c380_10_043	k008	unnamed	8
c380_10_044	k009	unnamed	9
c380_10_045	k045	unnamed	45
c380_10_046	k011	unnamed	11
c380_11_001	k000	unnamed	0
c380_11_002	k099	unnamed	99
c380_11_003	k062	unnamed	62
c380_11_004	k034	unnamed	34
c380_11_005	k025	unnamed	25
c380_11_006	k032	unnamed	32
c380_11_007	k005	unnamed	5
c380_11_008	k067	unnamed	67
c380_11_009	k011	unnamed	11
c380_11_010	k025	unnamed	25
c380_11_011	k108	unnamed	108
c380_11_012	k011	unnamed	11
c380_11_013	k119	unnamed	119
c380_11_014	k082	unnamed	82
c380_11_015	k060	unnamed	60
c380_11_016	k031	unnamed	31
c380_11_017	k025	unnamed	25
c380_11_018	k087	unnamed	87
c380_11_019	k119	unnamed	119
c380_11_020	k032	unnamed	32
c380_11_021	k102	unnamed	102
c380_11_022	k067	unnamed	67
c380_11_023	k002	unnamed	2
c380_11_024	k119	unnamed	119
c380_11_025	k082	unnamed	82
c380_11_026	k000	unnamed	0
c380_11_027	k068	unnamed	68
c380_11_028	k070	unnamed	70
c380_11_029	k060	unnamed	60
c380_11_030	k092	unnamed	92
c380_11_031	k025	unnamed	25
c380_11_032	k087	unnamed	87
c380_11_033	k025	unnamed	25
c380_11_034	k108	unnamed	108
c380_11_035	k061	unnamed	61
c380_11_036	k024	unnamed	24
c380_11_037	k088	unnamed	88
c380_11_038	k025	unnamed	25
c380_11_039	k097	unnamed	97
c380_11_040	k056	unnamed	56
c380_11_041	k045	unnamed	45
c380_11_042	k019	unnamed	19
c380_11_043	k013	unnamed	13
c380_11_044	k025	unnamed	25
c380_11_045	k080	unnamed	80
c380_11_046	k078	unnamed	78
c380_11_047	k090	unnamed	90
c380_11_048	k108	unnamed	108
c380_12_001	k108	unnamed	108
c380_12_002	k022	unnamed	22
c380_12_003	k082	unnamed	82
c380_12_004	k032	unnamed	32
c380_12_005	k014	unnamed	14
c380_12_006	k105	unnamed	105
c380_12_007	k000	unnamed	0
c380_12_008	k087	unnamed	87
c380_12_009	k015	unnamed	15
c380_12_010	k099	unnamed	99
c380_12_011	k034	unnamed	34
c380_12_012	k034	unnamed	34
c380_12_013	k000	unnamed	0
c380_12_014	k012	unnamed	12
c380_12_015	k056	unnamed	56
c380_12_016	k103	unnamed	103
c380_12_017	k025	unnamed	25
c380_12_018	k033	unnamed	33
c380_12_019	k025	unnamed	25
c380_12_020	k064	unnamed	64
c380_12_021	k028	unnamed	28
c380_12_022	k094	unnamed	94
c380_12_023	k007	unnamed	7
c380_12_024	k079	unnamed	79
c380_12_025	k053	unnamed	53
c380_12_026	k005	unnamed	5
c380_12_027	k010	unnamed	10
c380_12_028	k096	unnamed	96
c380_12_029	k018	unnamed	18
c380_12_030	k051	unnamed	51
c380_12_031	k087	unnamed	87
c380_12_032	k105	unnamed	105
c380_12_033	k073	unnamed	73
c380_12_034	k053	unnamed	53
c380_12_035	k053	unnamed	53
c380_12_036	k041	unnamed	41
c380_12_037	k011	unnamed	11
c380_12_038	k078	unnamed	78
c380_13_001	k057	unnamed	57
c380_13_002	k025	unnamed	25
c380_13_003	k012	unnamed	12
c380_13_004	k056	unnamed	56
c380_13_005	k038	unnamed	38
c380_13_006	k059	unnamed	59
c380_13_007	k025	unnamed	25
c380_13_008	k032	unnamed	32
c380_13_009	k005	unnamed	5
c380_13_010	k092	unnamed	92
c380_13_011	k119	unnamed	119
c380_13_012	k108	unnamed	108
c380_13_013	k009	unnamed	9
c380_13_014	k014	unnamed	14
c380_13_015	k007	unnamed	7
c380_13_016	k035	unnamed	35
c380_13_017	k026	unnamed	26
c380_13_018	k102	unnamed	102
c380_13_019	k112	unnamed	112
c380_13_020	k007	unnamed	7
c380_13_021	k047	unnamed	47
c380_13_022	k000	unnamed	0
c380_13_023	k109	unnamed	109
c380_13_024	k075	unnamed	75
c380_13_025	k024	unnamed	24
c380_13_026	k009	unnamed	9
c380_13_027	k051	unnamed	51
c380_13_028	k037	unnamed	37
c380_13_029	k011	unnamed	11
c380_13_030	k096	unnamed	96
c380_13_031	k011	unnamed	11
c380_13_032	k119	unnamed	119
c380_13_033	k000	unnamed	0
c380_13_034	k059	unnamed	59
c380_13_035	k039	unnamed	39
c380_13_036	k025	unnamed	25
c380_13_037	k032	unnamed	32
c380_13_038	k047	unnamed	47
c380_13_039	k042	unnamed	42
c380_13_040	k000	unnamed	0
c380_13_041	k012	unnamed	12
c380_13_042	k118	unnamed	118
c380_13_043	k110	unnamed	110
c380_13_044	k039	unnamed	39
c380_14_001	k002	unnamed	2
c380_14_002	k034	unnamed	34
c380_14_003	k025	unnamed	25
c380_14_004	k018	unnamed	18
c380_14_005	k007	unnamed	7
c380_14_006	k002	unnamed	2
c380_14_007	k078	unnamed	78
c380_14_008	k108	unnamed	108
c380_14_009	k119	unnamed	119
c380_14_010	k074	unnamed	74
c380_14_011	k074	unnamed	74
c380_14_012	k119	unnamed	119
c380_14_013	k063	unnamed	63
c380_14_014	k098	unnamed	98
c380_14_015	k025	unnamed	25
c380_14_016	k071	unnamed	71
c380_14_017	k023	unnamed	23
c380_14_018	k001	unnamed	1
c380_14_019	k074	unnamed	74
c380_14_020	k108	unnamed	108
c380_14_021	k090	unnamed	90
c380_14_022	k005	unnamed	5
c380_14_023	k000	unnamed	0
c380_14_024	k085	unnamed	85
c380_14_025	k016	unnamed	16
c380_14_026	k060	unnamed	60
c380_14_027	k092	unnamed	92
c380_14_028	k119	unnamed	119
c380_14_029	k119	unnamed	119
c380_14_030	k069	unnamed	69
c380_14_031	k033	unnamed	33
c380_14_032	k083	unnamed	83
c380_14_033	k083	unnamed	83
c380_14_034	k000	unnamed	0
c380_14_035	k051	unnamed	51
c380_14_036	k073	unnamed	73
c380_14_037	k007	unnamed	7
c380_14_038	k029	unnamed	29
c380_14_039	k059	unnamed	59
c380_14_040	k117	unnamed	117
c380_14_041	k037	unnamed	37
c380_14_042	k073	unnamed	73
c380_14_043	k012	unnamed	12
c380_14_044	k108	unnamed	108
c380_14_045	k025	unnamed	25
c380_14_046	k018	unnamed	18
c380_14_047	k074	unnamed	74
c380_15_001	k086	unnamed	86
c380_15_002	k025	unnamed	25
c380_15_003	k016	unnamed	16
c380_15_004	k092	unnamed	92
c380_15_005	k059	unnamed	59
c380_15_006	k112	unnamed	112
c380_15_007	k025	unnamed	25
c380_15_008	k049	unnamed	49
c380_15_009	k025	unnamed	25
c380_15_010	k012	unnamed	12
c380_15_011	k056	unnamed	56
c380_15_012	k097	unnamed	97
c380_15_013	k025	unnamed	25
c380_15_014	k060	unnamed	60
c380_15_015	k053	unnamed	53
c380_15_016	k114	unnamed	114
c380_15_017	k073	unnamed	73
c380_15_018	k025	unnamed	25
c380_15_019	k112	unnamed	112
c380_15_020	k082	unnamed	82
c380_15_021	k015	unnamed	15
c380_15_022	k112	unnamed	112
c380_15_023	k007	unnamed	7
c380_15_024	k014	unnamed	14
c380_15_025	k037	unnamed	37
c380_15_026	k034	unnamed	34
c380_15_027	k051	unnamed	51
c380_15_028	k061	unnamed	61
c380_15_029	k048	unnamed	48
c380_15_030	k066	unnamed	66
c380_15_031	k108	unnamed	108
c380_15_032	k053	unnamed	53
c380_15_033	k051	unnamed	51
c380_15_034	k089	unnamed	89
c380_16_001	k005	unnamed	5
c380_16_002	k019	unnamed	19
c380_16_003	k051	unnamed	51
c380_16_004	k035	unnamed	35
c380_16_005	k005	unnamed	5
c380_16_006	k000	unnamed	0
c380_16_007	k067	unnamed	67
c380_16_008	k074	unnamed	74
c380_16_009	k107	unnamed	107
c380_16_010	k096	unnamed	96
c380_16_011	k025	unnamed	25
c380_16_012	k072	unnamed	72
c380_16_013	k018	unnamed	18
c380_16_014	k005	unnamed	5
c380_16_015	k051	unnamed	51
c380_16_016	k025	unnamed	25
c380_16_017	k023	unnamed	23
c380_16_018	k051	unnamed	51
c380_16_019	k065	unnamed	65
c380_16_020	k012	unnamed	12
c380_16_021	k108	unnamed	108
c380_16_022	k056	unnamed	56
c380_16_023	k013	unnamed	13
c380_16_024	k113	unnamed	113
c380_16_025	k054	unnamed	54
c380_16_026	k005	unnamed	5
c380_16_027	k025	unnamed	25
c380_16_028	k110	unnamed	110
c380_16_029	k105	unnamed	105
c380_16_030	k056	unnamed	56
c380_16_031	k048	unnamed	48
c380_16_032	k051	unnamed	51
c380_16_033	k066	unnamed	66
c380_16_034	k005	unnamed	5
c380_16_035	k112	unnamed	112
c380_16_036	k086	unnamed	86
c380_17_001	k018	unnamed	18
c380_17_002	k005	unnamed	5
c380_17_003	k000	unnamed	0
c380_17_004	k068	unnamed	68
c380_17_005	k018	unnamed	18
c380_17_006	k060	unnamed	60
c380_17_007	k000	unnamed	0
c380_17_008	k051	unnamed	51
c380_17_009	k052	unnamed	52
c380_17_010	k011	unnamed	11
c380_17_011	k096	unnamed	96
c380_17_012	k018	unnamed	18
c380_17_013	k093	unnamed	93
c380_17_014	k117	unnamed	117
c380_17_015	k007	unnamed	7
c380_17_016	k053	unnamed	53
c380_17_017	k022	unnamed	22
c380_17_018	k119	unnamed	119
c380_17_019	k030	unnamed	30
c380_17_020	k083	unnamed	83
c380_17_021	k005	unnamed	5
c380_17_022	k059	unnamed	59
c380_17_023	k018	unnamed	18
c380_17_024	k025	unnamed	25
c380_17_025	k014	unnamed	14
c380_17_026	k007	unnamed	7
c380_17_027	k075	unnamed	75
c380_17_028	k030	unnamed	30
c380_17_029	k039	unnamed	39
c380_17_030	k018	unnamed	18
c380_17_031	k026	unnamed	26
c380_17_032	k023	unnamed	23
c380_17_033	k014	unnamed	14
c380_17_034	k070	unnamed	70
c380_17_035	k074	unnamed	74
c380_17_036	k045	unnamed	45
c380_17_037	k025	unnamed	25
c380_17_038	k057	unnamed	57
c380_17_039	k087	unnamed	87
c380_17_040	k119	unnamed	119
c380_17_041	k051	unnamed	51
c380_18_001	k023	unnamed	23
c380_18_002	k059	unnamed	59
c380_18_003	k056	unnamed	56
c380_18_004	k015	unnamed	15
c380_18_005	k012	unnamed	12
c380_18_006	k025	unnamed	25
c380_18_007	k068	unnamed	68
c380_18_008	k025	unnamed	25
c380_18_009	k018	unnamed	18
c380_18_010	k087	unnamed	87
c380_18_011	k025	unnamed	25
c380_18_012	k099	unnamed	99
c380_18_013	k009	unnamed	9
c380_18_014	k103	unnamed	103
c380_18_015	k060	unnamed	60
c380_18_016	k014	unnamed	14
c380_18_017	k059	unnamed	59
c380_18_018	k018	unnamed	18
c380_18_019	k054	unnamed	54
c380_18_020	k011	unnamed	11
c380_18_021	k092	unnamed	92
c380_18_022	k119	unnamed	119
c380_18_023	k028	unnamed	28
c380_18_024	k110	unnamed	110
c380_18_025	k053	unnamed	53
c380_18_026	k109	unnamed	109
c380_18_027	k014	unnamed	14
c380_18_028	k011	unnamed	11
c380_18_029	k097	unnamed	97
c380_18_030	k005	unnamed	5
c380_18_031	k042	unnamed	42
c380_18_032	k009	unnamed	9
c380_18_033	k039	unnamed	39
c380_18_034	k011	unnamed	11
c380_18_035	k025	unnamed	25
c380_18_036	k051	unnamed	51
c380_18_037	k061	unnamed	61
c380_18_038	k119	unnamed	119
c380_18_039	k045	unnamed	45
c380_18_040	k000	unnamed	0
c380_18_041	k005	unnamed	5
c380_18_042	k047	unnamed	47
c380_18_043	k001	unnamed	1
c380_18_044	k088	unnamed	88
c380_18_045	k061	unnamed	61
c380_18_046	k019	unnamed	19
c380_18_047	k112	unnamed	112
c380_19_001	k086	unnamed	86
c380_19_002	k102	unnamed	102
c380_19_003	k025	unnamed	25
c380_19_004	k051	unnamed	51
c380_19_005	k056	unnamed	56
c380_19_006	k025	unnamed	25
c380_19_007	k009	unnamed	9
c380_19_008	k025	unnamed	25
c380_19_009	k087	unnamed	87
c380_19_010	k025	unnamed	25
c380_19_011	k060	unnamed	60
c380_19_012	k023	unnamed	23
c380_19_013	k034	unnamed	34
c380_19_014	k018	unnamed	18
c380_19_015	k063	unnamed	63
c380_19_016	k011	unnamed	11
c380_19_017	k035	unnamed	35
c380_19_018	k056	unnamed	56
c380_19_019	k009	unnamed	9
c380_19_020	k034	unnamed	34
c380_19_021	k119	unnamed	119
c380_19_022	k051	unnamed	51
c380_19_023	k102	unnamed	102
c380_19_024	k025	unnamed	25
c380_19_025	k087	unnamed	87
c380_19_026	k055	unnamed	55
c380_19_027	k058	unnamed	58
c380_19_028	k056	unnamed	56
c380_19_029	k109	unnamed	109
c380_19_030	k099	unnamed	99
c380_19_031	k005	unnamed	5
c380_19_032	k074	unnamed	74
c380_19_033	k119	unnamed	119
c380_19_034	k018	unnamed	18
c380_19_035	k056	unnamed	56
c380_19_036	k059	unnamed	59
c380_19_037	k111	unnamed	111
c380_20_001	k005	unnamed	5
c380_20_002	k112	unnamed	112
c380_20_003	k103	unnamed	103
c380_20_004	k059	unnamed	59
c380_20_005	k112	unnamed	112
c380_20_006	k005	unnamed	5
c380_20_007	k045	unnamed	45
c380_20_008	k025	unnamed	25
c380_20_009	k082	unnamed	82
c380_20_010	k011	unnamed	11
c380_20_011	k078	unnamed	78
c380_20_012	k119	unnamed	119
c380_20_013	k018	unnamed	18
c380_20_014	k007	unnamed	7
c380_20_015	k056	unnamed	56
c380_20_016	k119	unnamed	119
c380_20_017	k119	unnamed	119
c380_20_018	k035	unnamed	35
c380_20_019	k110	unnamed	110
c380_20_020	k119	unnamed	119
c380_20_021	k067	unnamed	67
c380_20_022	k011	unnamed	11
c380_20_023	k041	unnamed	41
c380_20_024	k018	unnamed	18
c380_20_025	k025	unnamed	25
c380_20_026	k000	unnamed	0
c380_20_027	k092	unnamed	92
c380_20_028	k025	unnamed	25
c380_20_029	k017	unnamed	17
c380_20_030	k087	unnamed	87
c380_20_031	k015	unnamed	15
c380_20_032	k012	unnamed	12
c380_20_033	k113	unnamed	113
c380_20_034	k009	unnamed	9
c380_20_035	k033	unnamed	33
c380_20_036	k086	unnamed	86
c380_20_037	k011	unnamed	11
c380_20_038	k025	unnamed	25
c380_20_039	k096	unnamed	96
c380_20_040	k018	unnamed	18
c380_20_041	k051	unnamed	51
c380_20_042	k035	unnamed	35
c380_20_043	k051	unnamed	51
c380_21_001	k059	unnamed	59
c380_21_002	k116	unnamed	116
c380_21_003	k053	unnamed	53
c380_21_004	k058	unnamed	58
c380_21_005	k056	unnamed	56
c380_21_006	k009	unnamed	9
c380_21_007	k078	unnamed	78
c380_21_008	k009	unnamed	9
c380_21_009	k025	unnamed	25
c380_21_010	k026	unnamed	26
c380_21_011	k112	unnamed	112
c380_21_012	k047	unnamed	47
c380_21_013	k046	unnamed	46
c380_21_014	k028	unnamed	28
c380_21_015	k090	unnamed	90
c380_21_016	k028	unnamed	28
c380_21_017	k011	unnamed	11
c380_21_018	k056	unnamed	56
c380_21_019	k114	unnamed	114
c380_21_020	k034	unnamed	34
c380_21_021	k011	unnamed	11
c380_21_022	k011	unnamed	11
c380_21_023	k011	unnamed	11
c380_21_024	k060	unnamed	60
c380_21_025	k005	unnamed	5
c380_21_026	k025	unnamed	25
c380_21_027	k026	unnamed	26
c380_21_028	k095	unnamed	95
c380_21_029	k112	unnamed	112
c380_21_030	k035	unnamed	35
c380_21_031	k060	unnamed	60
c380_21_032	k006	unnamed	6
c380_21_033	k061	unnamed	61
c380_21_034	k058	unnamed	58
c380_21_035	k051	unnamed	51
c380_21_036	k063	unnamed	63
c380_21_037	k011	unnamed	11
c380_21_038	k078	unnamed	78
c380_21_039	k025	unnamed	25
c380_21_040	k055	unnamed	55
c380_21_041	k117	unnamed	117
c380_21_042	k025	unnamed	25
c380_21_043	k049	unnamed	49
c380_21_044	k025	unnamed	25
c380_21_045	k065	unnamed	65
c380_22_001	k002	unnamed	2
c380_22_002	k056	unnamed	56
c380_22_003	k100	unnamed	100
c380_22_004	k015	unnamed	15
c380_22_005	k013	unnamed	13
c380_22_006	k074	unnamed	74
c380_22_007	k119	unnamed	119
c380_22_008	k009	unnamed	9
c380_22_009	k010	unnamed	10
c380_22_010	k060	unnamed	60
c380_22_011	k042	unnamed	42
c380_22_012	k051	unnamed	51
c380_22_013	k000	unnamed	0
c380_22_014	k023	unnamed	23
c380_22_015	k015	unnamed	15
c380_22_016	k034	unnamed	34
c380_22_017	k119	unnamed	119
c380_22_018	k015	unnamed	15
c380_22_019	k005	unnamed	5
c380_22_020	k011	unnamed	11
c380_22_021	k086	unnamed	86
c380_22_022	k009	unnamed	9
c380_22_023	k011	unnamed	11
c380_22_024	k119	unnamed	119
c380_22_025	k097	unnamed	97
c380_22_026	k112	unnamed	112
c380_22_027	k056	unnamed	56
c380_22_028	k093	unnamed	93
c380_22_029	k087	unnamed	87
c380_22_030	k030	unnamed	30
c380_22_031	k003	unnamed	3
c380_22_032	k014	unnamed	14
c380_22_033	k108	unnamed	108
c380_22_034	k056	unnamed	56
c380_22_035	k019	unnamed	19
c380_22_036	k034	unnamed	34
c380_22_037	k025	unnamed	25
c380_22_038	k032	unnamed	32
c380_22_039	k065	unnamed	65
