sid	page	line	pos	x	y	w	h	rh	rw	dy	marks
c370_01_001	c370	1	1	288	49	31	19	0.792	1.292	-0.146	
c370_01_002	c370	1	2	348	33	17	39	1.625	0.708	-0.396	
c370_01_003	c370	1	3	396	54	43	24	1.000	1.792	0.167	
c370_01_004	c370	1	4	441	50	63	57	2.375	2.625	0.688	
c370_01_005	c370	1	5	537	45	20	25	1.042	0.833	-0.188	
c370_01_006	c370	1	6	576	55	17	18	0.750	0.708	0.083	
c370_01_007	c370	1	7	609	55	27	21	0.875	1.125	0.146	c370_01_m0001
c370_01_008	c370	1	8	656	61	17	32	1.333	0.708	0.625	
c370_01_009	c370	1	9	703	56	38	28	1.167	1.583	0.333	c370_01_m0002|c370_01_m0020
c370_01_010	c370	1	10	758	62	27	23	0.958	1.125	0.479	
c370_01_011	c370	1	11	804	75	5	26	1.083	0.208	1.083	
c370_01_012	c370	1	12	808	105	6	9	0.375	0.250	1.979	
c370_01_013	c370	1	13	813	66	15	16	0.667	0.625	0.500	
c370_01_014	c370	1	14	820	98	38	14	0.583	1.583	1.792	
c370_01_015	c370	1	15	860	68	22	30	1.250	0.917	0.875	c370_01_m0003
c370_01_016	c370	1	16	901	69	32	21	0.875	1.333	0.729	c370_01_m0004|c370_01_m0005
c370_01_017	c370	1	17	931	104	18	6	0.250	0.750	1.875	c370_01_m0006
c370_01_018	c370	1	18	945	45	46	54	2.250	1.917	0.417	
c370_01_019	c370	1	19	970	0	21	17	0.708	0.875	-2.229	
c370_01_020	c370	1	20	987	74	31	26	1.083	1.292	1.042	c370_01_m0007
c370_01_021	c370	1	21	1012	0	9	14	0.583	0.375	-2.292	
c370_01_022	c370	1	22	1027	40	51	11	0.458	2.125	-0.688	
c370_01_023	c370	1	23	1029	0	8	14	0.583	0.333	-2.292	
c370_01_024	c370	1	24	1042	0	11	15	0.625	0.458	-2.271	
c370_01_025	c370	1	25	1042	74	19	26	1.083	0.792	1.042	
c370_01_026	c370	1	26	1060	0	70	31	1.292	2.917	-1.938	
c370_01_027	c370	1	27	1091	83	35	24	1.000	1.458	1.375	
c370_01_028	c370	1	28	1126	75	16	9	0.375	0.667	0.729	
c370_01_029	c370	1	29	1149	0	34	37	1.542	1.417	-1.812	
c370_01_030	c370	1	30	1149	89	18	27	1.125	0.750	1.688	
c370_01_031	c370	1	31	1184	91	29	21	0.875	1.208	1.646	
c370_01_032	c370	1	32	1187	3	21	19	0.792	0.875	-2.062	
c370_01_033	c370	1	33	1207	3	8	18	0.750	0.333	-2.083	
c370_01_034	c370	1	34	1222	3	10	19	0.792	0.417	-2.062	
c370_01_035	c370	1	35	1229	90	33	24	1.000	1.375	1.667	
c370_01_036	c370	1	36	1237	5	25	17	0.708	1.042	-2.021	
c370_01_037	c370	1	37	1269	6	47	35	1.458	1.958	-1.604	
c370_01_038	c370	1	38	1285	84	17	29	1.208	0.708	1.521	
c370_01_039	c370	1	39	1304	76	18	5	0.208	0.750	0.688	
c370_01_040	c370	1	40	1322	8	22	21	0.875	0.917	-1.812	
c370_01_041	c370	1	41	1334	97	21	19	0.792	0.875	1.854	
c370_01_042	c370	1	42	1354	0	24	31	1.292	1.000	-1.938	
c370_01_043	c370	1	43	1368	101	22	19	0.792	0.917	2.021	c370_01_m0016
c370_01_044	c370	1	44	1385	14	17	19	0.792	0.708	-1.604	
c370_01_045	c370	1	45	1400	4	31	31	1.292	1.292	-1.771	
c370_01_046	c370	1	46	1427	4	20	32	1.333	0.833	-1.750	
c370_01_047	c370	1	47	1439	87	29	19	0.792	1.208	1.438	
c370_01_048	c370	1	48	1448	15	18	22	0.917	0.750	-1.500	
c370_01_049	c370	1	49	1464	74	13	15	0.625	0.542	0.812	
c370_01_050	c370	1	50	1467	18	30	18	0.750	1.250	-1.458	
c370_01_051	c370	1	51	1511	35	9	17	0.708	0.375	-0.771	c370_01_m0018
c370_01_052	c370	1	52	1527	26	11	15	0.625	0.458	-1.188	c370_01_m0015
c370_01_053	c370	1	53	1546	0	17	42	1.750	0.708	-1.708	
c370_01_054	c370	1	54	1568	0	31	43	1.792	1.292	-1.688	
c370_01_055	c370	1	55	1587	91	57	54	2.250	2.375	2.333	
c370_01_056	c370	1	56	1605	23	17	20	0.833	0.708	-1.208	
c370_01_057	c370	1	57	1644	18	36	30	1.250	1.500	-1.208	
c370_01_058	c370	1	58	1686	29	10	19	0.792	0.417	-0.979	
c370_01_059	c370	1	59	1701	25	16	23	0.958	0.667	-1.062	
c370_01_060	c370	1	60	1718	29	23	19	0.792	0.958	-0.979	
c370_01_061	c370	1	61	1744	31	10	18	0.750	0.417	-0.917	
c370_01_062	c370	1	62	1757	31	33	44	1.833	1.375	-0.375	
c370_01_063	c370	1	63	1812	19	44	44	1.833	1.833	-0.875	
c370_01_064	c370	1	64	1835	86	13	56	2.333	0.542	2.167	
c370_01_065	c370	1	65	1853	38	8	16	0.667	0.333	-0.667	
c370_01_066	c370	1	66	1868	37	20	26	1.083	0.833	-0.500	
c370_01_067	c370	1	67	1914	36	46	24	1.000	1.917	-0.583	
c370_01_068	c370	1	68	1974	43	27	20	0.833	1.125	-0.375	
c370_01_069	c370	1	69	1996	26	74	70	2.917	3.083	-0.042	
c370_01_070	c370	1	70	2082	41	29	42	1.750	1.208	0.000	
c370_01_071	c370	1	71	2106	52	22	18	0.750	0.917	-0.042	c370_01_m0008
c370_01_072	c370	1	72	2134	52	9	19	0.792	0.375	-0.021	c370_01_m0009
c370_01_073	c370	1	73	2150	51	10	21	0.875	0.417	-0.021	
c370_01_074	c370	1	74	2169	37	45	37	1.542	1.875	-0.271	
c370_01_075	c370	1	75	2212	53	13	8	0.333	0.542	-0.208	
c370_01_076	c370	1	76	2238	17	24	61	2.542	1.000	-0.604	
c370_01_077	c370	1	77	2263	58	11	19	0.792	0.458	0.229	
c370_01_078	c370	1	78	2280	58	10	19	0.792	0.417	0.229	
c370_01_079	c370	1	79	2296	53	19	25	1.042	0.792	0.146	
c370_01_080	c370	1	80	2311	41	45	40	1.667	1.875	-0.042	c370_01_m0013
c370_01_081	c370	1	81	2356	0	14	16	0.667	0.583	-2.250	c370_01_m0010
c370_01_082	c370	1	82	2384	83	6	11	0.458	0.250	1.104	c370_01_m0011|c370_01_m0012|c370_01_m0014|c370_01_m0017|c370_01_m0019|c370_01_m0021
c370_02_001	c370	2	1	285	140	24	33	1.375	1.000	-0.354	
c370_02_002	c370	2	2	322	144	40	23	0.958	1.667	-0.396	c370_02_m0032
c370_02_003	c370	2	3	426	143	27	28	1.167	1.125	-0.333	c370_02_m0033
c370_02_004	c370	2	4	478	146	20	28	1.167	0.833	-0.208	
c370_02_005	c370	2	5	514	154	30	22	0.917	1.250	0.000	
c370_02_006	c370	2	6	565	146	23	26	1.083	0.958	-0.250	
c370_02_007	c370	2	7	632	155	12	29	1.208	0.500	0.188	
c370_02_008	c370	2	8	665	153	28	21	0.875	1.167	-0.062	
c370_02_009	c370	2	9	665	193	60	17	0.708	2.500	1.521	
c370_02_010	c370	2	10	723	160	27	28	1.167	1.125	0.375	
c370_02_011	c370	2	11	765	161	17	33	1.375	0.708	0.521	
c370_02_012	c370	2	12	801	136	11	22	0.917	0.458	-0.750	
c370_02_013	c370	2	13	809	165	28	52	2.167	1.167	1.083	
c370_02_014	c370	2	14	854	140	30	46	1.917	1.250	-0.083	c370_02_m0029
c370_02_015	c370	2	15	905	189	42	7	0.292	1.750	1.146	
c370_02_016	c370	2	16	906	164	46	8	0.333	1.917	0.125	
c370_02_017	c370	2	17	912	105	25	29	1.208	1.042	-1.896	
c370_02_018	c370	2	18	923	174	12	11	0.458	0.500	0.604	
c370_02_019	c370	2	19	991	178	26	23	0.958	1.083	1.021	
c370_02_020	c370	2	20	1039	178	40	21	0.875	1.667	0.979	
c370_02_021	c370	2	21	1077	144	42	41	1.708	1.750	-0.021	
c370_02_022	c370	2	22	1116	181	25	19	0.792	1.042	1.062	
c370_02_023	c370	2	23	1156	181	22	23	0.958	0.917	1.146	
c370_02_024	c370	2	24	1196	150	55	69	2.875	2.292	0.812	
c370_02_025	c370	2	25	1254	172	31	29	1.208	1.292	0.896	
c370_02_026	c370	2	26	1294	175	22	32	1.333	0.917	1.083	
c370_02_027	c370	2	27	1318	165	10	8	0.333	0.417	0.167	
c370_02_028	c370	2	28	1380	171	23	31	1.292	0.958	0.896	
c370_02_029	c370	2	29	1403	107	43	18	0.750	1.792	-2.042	
c370_02_030	c370	2	30	1421	186	32	45	1.875	1.333	1.812	
c370_02_031	c370	2	31	1467	172	19	35	1.458	0.792	1.021	
c370_02_032	c370	2	32	1470	104	21	24	1.000	0.875	-2.042	
c370_02_033	c370	2	33	1487	165	15	7	0.292	0.625	0.146	
c370_02_034	c370	2	34	1499	97	45	32	1.333	1.875	-2.167	
c370_02_035	c370	2	35	1513	196	20	18	0.750	0.833	1.667	
c370_02_036	c370	2	36	1531	199	18	33	1.375	0.750	2.104	
c370_02_037	c370	2	37	1548	163	20	16	0.667	0.833	0.250	
c370_02_038	c370	2	38	1552	112	24	21	0.875	1.000	-1.771	
c370_02_039	c370	2	39	1560	187	10	26	1.083	0.417	1.458	
c370_02_040	c370	2	40	1586	197	20	22	0.917	0.833	1.792	
c370_02_041	c370	2	41	1601	115	28	22	0.917	1.167	-1.625	
c370_02_042	c370	2	42	1621	203	17	19	0.792	0.708	1.979	
c370_02_043	c370	2	43	1645	119	21	17	0.708	0.875	-1.562	
c370_02_044	c370	2	44	1664	195	42	31	1.292	1.750	1.896	
c370_02_045	c370	2	45	1672	114	23	22	0.917	0.958	-1.667	
c370_02_046	c370	2	46	1709	113	23	24	1.000	0.958	-1.667	
c370_02_047	c370	2	47	1723	207	24	19	0.792	1.000	2.146	c370_02_m0024|c370_02_m0028
c370_02_048	c370	2	48	1761	206	30	22	0.917	1.250	2.167	c370_02_m0025
c370_02_049	c370	2	49	1795	95	33	53	2.208	1.375	-1.812	
c370_02_050	c370	2	50	1806	204	17	26	1.083	0.708	2.167	
c370_02_051	c370	2	51	1819	191	27	10	0.417	1.125	1.292	
c370_02_052	c370	2	52	1842	203	28	24	1.000	1.167	2.083	
c370_02_053	c370	2	53	1862	128	29	27	1.125	1.208	-0.979	
c370_02_054	c370	2	54	1900	206	25	28	1.167	1.042	2.292	
c370_02_055	c370	2	55	1910	130	26	19	0.792	1.083	-1.062	
c370_02_056	c370	2	56	1941	100	72	62	2.583	3.000	-1.417	c370_02_m0030
c370_02_057	c370	2	57	1983	195	15	29	1.208	0.625	1.854	
c370_02_058	c370	2	58	1999	133	30	35	1.458	1.250	-0.604	
c370_02_059	c370	2	59	2051	115	29	40	1.667	1.208	-1.250	c370_02_m0022
c370_02_060	c370	2	60	2096	136	24	24	1.000	1.000	-0.708	
c370_02_061	c370	2	61	2148	152	18	15	0.625	0.750	-0.229	c370_02_m0031
c370_02_062	c370	2	62	2186	142	27	28	1.167	1.125	-0.375	
c370_02_063	c370	2	63	2228	143	33	25	1.042	1.375	-0.396	
c370_02_064	c370	2	64	2284	146	20	24	1.000	0.833	-0.292	
c370_02_065	c370	2	65	2327	142	37	27	1.125	1.542	-0.396	
c370_02_066	c370	2	66	2368	126	32	83	3.458	1.333	0.104	c370_02_m0023|c370_02_m0026|c370_02_m0027
c370_03_001	c370	3	1	176	278	10	9	0.375	0.417	0.104	
c370_03_002	c370	3	2	277	255	25	20	0.833	1.042	-0.625	c370_03_m0039
c370_03_003	c370	3	3	335	247	14	17	0.708	0.583	-1.021	
c370_03_004	c370	3	4	374	242	35	31	1.292	1.458	-0.938	
c370_03_005	c370	3	5	427	247	29	49	2.042	1.208	-0.354	
c370_03_006	c370	3	6	461	308	59	66	2.750	2.458	2.542	c370_03_m0040
c370_03_007	c370	3	7	470	247	21	20	0.833	0.875	-0.958	
c370_03_008	c370	3	8	514	251	27	21	0.875	1.125	-0.771	
c370_03_009	c370	3	9	550	249	28	20	0.833	1.167	-0.875	
c370_03_010	c370	3	10	610	240	65	31	1.292	2.708	-1.021	
c370_03_011	c370	3	11	674	254	19	30	1.250	0.792	-0.458	
c370_03_012	c370	3	12	714	250	38	27	1.125	1.583	-0.688	
c370_03_013	c370	3	13	761	257	26	21	0.875	1.083	-0.521	
c370_03_014	c370	3	14	804	255	20	36	1.500	0.833	-0.292	
c370_03_015	c370	3	15	857	256	33	22	0.917	1.375	-0.542	
c370_03_016	c370	3	16	912	255	28	30	1.250	1.167	-0.417	
c370_03_017	c370	3	17	949	245	51	41	1.708	2.125	-0.604	c370_03_m0041
c370_03_018	c370	3	18	1000	265	20	21	0.875	0.833	-0.188	
c370_03_019	c370	3	19	1026	244	50	52	2.167	2.083	-0.417	
c370_03_020	c370	3	20	1080	269	23	40	1.667	0.958	0.375	c370_03_m0044|c370_03_m0045
c370_03_021	c370	3	21	1107	223	22	17	0.708	0.917	-2.021	c370_03_m0038
c370_03_022	c370	3	22	1122	260	33	58	2.417	1.375	0.375	
c370_03_023	c370	3	23	1159	273	8	19	0.792	0.333	0.104	
c370_03_024	c370	3	24	1172	274	14	19	0.792	0.583	0.146	c370_03_m0042
c370_03_025	c370	3	25	1177	215	19	29	1.208	0.792	-2.104	
c370_03_026	c370	3	26	1188	275	10	19	0.792	0.417	0.188	
c370_03_027	c370	3	27	1202	274	10	18	0.750	0.417	0.125	
c370_03_028	c370	3	28	1214	274	24	22	0.917	1.000	0.208	
c370_03_029	c370	3	29	1243	277	12	19	0.792	0.500	0.271	
c370_03_030	c370	3	30	1256	278	12	20	0.833	0.500	0.333	
c370_03_031	c370	3	31	1276	277	27	20	0.833	1.125	0.292	
c370_03_032	c370	3	32	1337	256	26	46	1.917	1.083	-0.042	
c370_03_033	c370	3	33	1386	287	28	20	0.833	1.167	0.708	
c370_03_034	c370	3	34	1438	287	20	36	1.500	0.833	1.042	
c370_03_035	c370	3	35	1489	255	32	52	2.167	1.333	0.042	
c370_03_036	c370	3	36	1525	291	24	19	0.792	1.000	0.854	c370_03_m0046
c370_03_037	c370	3	37	1550	291	50	23	0.958	2.083	0.938	
c370_03_038	c370	3	38	1638	295	18	31	1.292	0.750	1.271	
c370_03_039	c370	3	39	1667	288	28	23	0.958	1.167	0.812	
c370_03_040	c370	3	40	1701	273	62	71	2.958	2.583	1.188	
c370_03_041	c370	3	41	1755	299	26	20	0.833	1.083	1.208	
c370_03_042	c370	3	42	1786	298	39	22	0.917	1.625	1.208	
c370_03_043	c370	3	43	1843	302	20	15	0.625	0.833	1.229	
c370_03_044	c370	3	44	1890	291	14	10	0.417	0.583	0.667	
c370_03_045	c370	3	45	1898	295	23	44	1.833	0.958	1.542	
c370_03_046	c370	3	46	1936	306	14	10	0.417	0.583	1.292	
c370_03_047	c370	3	47	1948	314	23	16	0.667	0.958	1.750	
c370_03_048	c370	3	48	1951	219	31	34	1.417	1.292	-1.833	
c370_03_049	c370	3	49	1966	299	18	11	0.458	0.750	1.021	
c370_03_050	c370	3	50	1990	312	31	22	0.917	1.292	1.792	
c370_03_051	c370	3	51	1996	222	17	15	0.625	0.708	-2.104	
c370_03_052	c370	3	52	2021	219	36	22	0.917	1.500	-2.083	
c370_03_053	c370	3	53	2036	314	18	30	1.250	0.750	2.042	
c370_03_054	c370	3	54	2070	285	67	65	2.708	2.792	1.562	
c370_03_055	c370	3	55	2072	209	25	31	1.292	1.042	-2.312	
c370_03_056	c370	3	56	2093	318	28	19	0.792	1.167	1.979	
c370_03_057	c370	3	57	2116	222	10	17	0.708	0.417	-2.062	
c370_03_058	c370	3	58	2128	209	33	33	1.375	1.375	-2.271	
c370_03_059	c370	3	59	2138	323	23	20	0.833	0.958	2.208	
c370_03_060	c370	3	60	2171	314	24	22	0.917	1.000	1.875	
c370_03_061	c370	3	61	2175	220	23	27	1.125	0.958	-1.938	
c370_03_062	c370	3	62	2217	228	27	20	0.833	1.125	-1.750	
c370_03_063	c370	3	63	2254	230	21	31	1.292	0.875	-1.438	
c370_03_064	c370	3	64	2271	316	46	30	1.250	1.917	2.125	
c370_03_065	c370	3	65	2295	226	35	42	1.750	1.458	-1.375	
c370_03_066	c370	3	66	2347	220	36	24	1.000	1.500	-2.000	c370_03_m0034|c370_03_m0036|c370_03_m0037|c370_03_m0043
c370_03_067	c370	3	67	2359	295	41	57	2.375	1.708	1.812	c370_03_m0035|c370_03_m0047
c370_03_068	c370	3	68	2384	209	16	54	2.250	0.667	-1.833	
c370_03_069	c370	3	69	2387	264	13	48	2.000	0.542	0.333	
c370_04_001	c370	4	1	269	343	14	29	1.208	0.583	-1.229	c370_04_m0048
c370_04_002	c370	4	2	295	319	76	69	2.875	3.167	-1.396	
c370_04_003	c370	4	3	355	347	78	37	1.542	3.250	-0.896	
c370_04_004	c370	4	4	463	355	41	40	1.667	1.708	-0.500	
c370_04_005	c370	4	5	540	355	26	21	0.875	1.083	-0.896	
c370_04_006	c370	4	6	549	325	81	97	4.042	3.375	-0.562	
c370_04_007	c370	4	7	628	358	38	27	1.125	1.583	-0.646	
c370_04_008	c370	4	8	694	361	45	27	1.125	1.875	-0.521	
c370_04_009	c370	4	9	737	410	48	9	0.375	2.000	1.146	
c370_04_010	c370	4	10	789	360	55	58	2.417	2.292	0.083	c370_04_m0055
c370_04_011	c370	4	11	851	363	27	31	1.292	1.125	-0.354	
c370_04_012	c370	4	12	905	374	22	20	0.833	0.917	-0.125	c370_04_m0054
c370_04_013	c370	4	13	942	333	13	15	0.625	0.542	-1.938	
c370_04_014	c370	4	14	958	359	17	27	1.125	0.708	-0.604	c370_04_m0050
c370_04_015	c370	4	15	992	366	27	22	0.917	1.125	-0.417	
c370_04_016	c370	4	16	1037	387	5	8	0.333	0.208	0.167	c370_04_m0056
c370_04_017	c370	4	17	1047	366	15	26	1.083	0.625	-0.333	
c370_04_018	c370	4	18	1075	369	29	23	0.958	1.208	-0.271	
c370_04_019	c370	4	19	1118	359	20	35	1.458	0.833	-0.438	
c370_04_020	c370	4	20	1118	420	26	27	1.125	1.083	1.938	
c370_04_021	c370	4	21	1144	338	61	53	2.208	2.542	-0.938	
c370_04_022	c370	4	22	1151	411	5	11	0.458	0.208	1.229	
c370_04_023	c370	4	23	1164	376	16	32	1.333	0.667	0.208	
c370_04_024	c370	4	24	1199	362	48	36	1.500	2.000	-0.292	
c370_04_025	c370	4	25	1268	381	20	12	0.500	0.833	0.000	
c370_04_026	c370	4	26	1306	383	19	18	0.750	0.792	0.208	
c370_04_027	c370	4	27	1328	382	19	19	0.792	0.792	0.188	
c370_04_028	c370	4	28	1347	349	52	58	2.417	2.167	-0.375	
c370_04_029	c370	4	29	1411	383	33	22	0.917	1.375	0.292	
c370_04_030	c370	4	30	1452	385	35	51	2.125	1.458	0.979	
c370_04_031	c370	4	31	1510	388	30	25	1.042	1.250	0.562	
c370_04_032	c370	4	32	1551	387	41	28	1.167	1.708	0.583	
c370_04_033	c370	4	33	1600	394	41	32	1.333	1.708	0.958	
c370_04_034	c370	4	34	1658	395	23	18	0.750	0.958	0.708	
c370_04_035	c370	4	35	1684	342	20	17	0.708	0.833	-1.521	
c370_04_036	c370	4	36	1693	391	25	22	0.917	1.042	0.625	
c370_04_037	c370	4	37	1730	397	29	39	1.625	1.208	1.229	
c370_04_038	c370	4	38	1779	398	30	39	1.625	1.250	1.271	
c370_04_039	c370	4	39	1826	391	24	26	1.083	1.000	0.708	
c370_04_040	c370	4	40	1851	341	45	11	0.458	1.875	-1.688	
c370_04_041	c370	4	41	1875	400	25	22	0.917	1.042	1.000	
c370_04_042	c370	4	42	1919	402	23	20	0.833	0.958	1.042	
c370_04_043	c370	4	43	1949	372	50	73	3.042	2.083	0.896	
c370_04_044	c370	4	44	1994	401	25	44	1.833	1.042	1.500	
c370_04_045	c370	4	45	2035	400	13	21	0.875	0.542	0.979	
c370_04_046	c370	4	46	2078	406	13	22	0.917	0.542	1.250	
c370_04_047	c370	4	47	2107	407	43	18	0.750	1.792	1.208	
c370_04_048	c370	4	48	2148	389	17	25	1.042	0.708	0.604	
c370_04_049	c370	4	49	2170	380	10	14	0.583	0.417	0.000	
c370_04_050	c370	4	50	2186	407	23	28	1.167	0.958	1.417	
c370_04_051	c370	4	51	2217	374	52	36	1.500	2.167	0.208	c370_04_m0049
c370_04_052	c370	4	52	2219	317	32	38	1.583	1.333	-2.125	
c370_04_053	c370	4	53	2231	411	17	29	1.208	0.708	1.604	
c370_04_054	c370	4	54	2270	406	45	33	1.375	1.875	1.479	
c370_04_055	c370	4	55	2321	325	29	24	1.000	1.208	-2.083	c370_04_m0051|c370_04_m0052|c370_04_m0053
c370_04_056	c370	4	56	2325	413	21	25	1.042	0.875	1.604	
c370_05_001	c370	5	1	272	436	24	44	1.833	1.000	-1.333	c370_05_m0061
c370_05_002	c370	5	2	344	456	19	25	1.042	0.792	-0.896	
c370_05_003	c370	5	3	389	500	17	13	0.542	0.708	0.688	
c370_05_004	c370	5	4	392	464	17	16	0.667	0.708	-0.750	
c370_05_005	c370	5	5	429	462	43	31	1.292	1.792	-0.521	
c370_05_006	c370	5	6	538	464	22	23	0.958	0.917	-0.604	c370_05_m0063
c370_05_007	c370	5	7	561	469	35	40	1.667	1.458	-0.042	
c370_05_008	c370	5	8	620	470	16	15	0.625	0.667	-0.521	c370_05_m0057|c370_05_m0059
c370_05_009	c370	5	9	656	464	45	27	1.125	1.875	-0.521	c370_05_m0064
c370_05_010	c370	5	10	689	541	26	25	1.042	1.083	2.646	
c370_05_011	c370	5	11	723	529	6	8	0.333	0.250	1.792	
c370_05_012	c370	5	12	724	474	22	18	0.750	0.917	-0.292	
c370_05_013	c370	5	13	774	470	22	24	1.000	0.917	-0.333	c370_05_m0060
c370_05_014	c370	5	14	815	473	17	25	1.042	0.708	-0.188	c370_05_m0067
c370_05_015	c370	5	15	861	475	35	19	0.792	1.458	-0.229	
c370_05_016	c370	5	16	877	530	29	21	0.875	1.208	2.104	
c370_05_017	c370	5	17	884	473	12	10	0.417	0.500	-0.500	
c370_05_018	c370	5	18	910	445	55	78	3.250	2.292	-0.250	
c370_05_019	c370	5	19	955	474	29	36	1.500	1.208	0.083	
c370_05_020	c370	5	20	1000	449	10	23	0.958	0.417	-1.229	
c370_05_021	c370	5	21	1007	496	19	29	1.208	0.792	0.854	c370_05_m0066
c370_05_022	c370	5	22	1055	473	31	24	1.000	1.292	-0.208	
c370_05_023	c370	5	23	1065	514	36	14	0.583	1.500	1.292	
c370_05_024	c370	5	24	1105	480	30	31	1.292	1.250	0.229	
c370_05_025	c370	5	25	1167	482	42	16	0.667	1.750	0.000	
c370_05_026	c370	5	26	1203	474	13	15	0.625	0.542	-0.354	
c370_05_027	c370	5	27	1238	479	21	23	0.958	0.875	0.021	
c370_05_028	c370	5	28	1241	547	18	18	0.750	0.750	2.750	
c370_05_029	c370	5	29	1282	487	20	41	1.708	0.833	0.729	
c370_05_030	c370	5	30	1335	487	15	20	0.833	0.625	0.292	
c370_05_031	c370	5	31	1350	484	11	8	0.333	0.458	-0.083	
c370_05_032	c370	5	32	1372	523	10	12	0.500	0.417	1.625	
c370_05_033	c370	5	33	1373	459	50	65	2.708	2.083	0.062	
c370_05_034	c370	5	34	1420	485	24	24	1.000	1.000	0.292	
c370_05_035	c370	5	35	1462	487	17	20	0.833	0.708	0.292	
c370_05_036	c370	5	36	1494	467	72	60	2.500	3.000	0.292	c370_05_m0065
c370_05_037	c370	5	37	1559	488	55	35	1.458	2.292	0.646	
c370_05_038	c370	5	38	1608	541	66	14	0.583	2.750	2.417	
c370_05_039	c370	5	39	1637	494	26	25	1.042	1.083	0.688	
c370_05_040	c370	5	40	1696	502	20	32	1.333	0.833	1.167	
c370_05_041	c370	5	41	1737	501	20	37	1.542	0.833	1.229	
c370_05_042	c370	5	42	1771	470	15	20	0.833	0.625	-0.417	
c370_05_043	c370	5	43	1784	529	14	18	0.750	0.583	2.000	
c370_05_044	c370	5	44	1794	502	14	21	0.875	0.583	0.938	
c370_05_045	c370	5	45	1836	490	18	36	1.500	0.750	0.750	c370_05_m0068
c370_05_046	c370	5	46	1886	504	29	24	1.000	1.208	1.083	
c370_05_047	c370	5	47	1929	441	24	28	1.167	1.000	-1.458	
c370_05_048	c370	5	48	1929	507	21	29	1.208	0.875	1.312	
c370_05_049	c370	5	49	1964	507	17	23	0.958	0.708	1.188	
c370_05_050	c370	5	50	2003	534	13	22	0.917	0.542	2.292	
c370_05_051	c370	5	51	2012	512	12	14	0.583	0.500	1.208	
c370_05_052	c370	5	52	2049	511	19	33	1.375	0.792	1.562	
c370_05_053	c370	5	53	2082	499	68	67	2.792	2.833	1.771	
c370_05_054	c370	5	54	2169	509	28	20	0.833	1.167	1.208	
c370_05_055	c370	5	55	2206	512	27	19	0.792	1.125	1.312	c370_05_m0058
c370_05_056	c370	5	56	2235	506	25	27	1.125	1.042	1.229	
c370_05_057	c370	5	57	2278	485	32	50	2.083	1.333	0.833	
c370_05_058	c370	5	58	2320	476	80	79	3.292	3.333	1.062	c370_05_m0062
c370_06_001	c370	6	1	258	541	40	23	0.958	1.667	-2.688	c370_06_m0077
c370_06_002	c370	6	2	258	653	17	19	0.792	0.708	1.896	
c370_06_003	c370	6	3	277	659	8	15	0.625	0.333	2.062	
c370_06_004	c370	6	4	283	617	20	17	0.708	0.833	0.354	
c370_06_005	c370	6	5	306	655	3	8	0.333	0.125	1.750	
c370_06_006	c370	6	6	322	562	22	19	0.792	0.917	-1.896	
c370_06_007	c370	6	7	358	560	21	19	0.792	0.875	-1.979	
c370_06_008	c370	6	8	411	559	42	29	1.208	1.750	-1.812	
c370_06_009	c370	6	9	417	656	13	8	0.333	0.542	1.792	
c370_06_010	c370	6	10	439	665	14	10	0.417	0.583	2.208	
c370_06_011	c370	6	11	499	571	21	15	0.625	0.875	-1.604	c370_06_m0071|c370_06_m0074|c370_06_m0079
c370_06_012	c370	6	12	541	569	23	20	0.833	0.958	-1.583	
c370_06_013	c370	6	13	589	564	40	23	0.958	1.667	-1.729	c370_06_m0081
c370_06_014	c370	6	14	668	569	25	17	0.708	1.042	-1.646	c370_06_m0080
c370_06_015	c370	6	15	723	562	19	26	1.083	0.792	-1.750	
c370_06_016	c370	6	16	756	544	69	66	2.750	2.875	-1.667	
c370_06_017	c370	6	17	814	569	90	33	1.375	3.750	-1.312	
c370_06_018	c370	6	18	912	539	85	74	3.083	3.542	-1.708	c370_06_m0072
c370_06_019	c370	6	19	987	578	38	60	2.500	1.583	-0.375	
c370_06_020	c370	6	20	1041	584	18	14	0.583	0.750	-1.083	
c370_06_021	c370	6	21	1069	627	49	12	0.500	2.042	0.667	
c370_06_022	c370	6	22	1078	579	25	24	1.000	1.042	-1.083	
c370_06_023	c370	6	23	1122	582	21	41	1.708	0.875	-0.604	
c370_06_024	c370	6	24	1172	587	47	19	0.792	1.958	-0.854	
c370_06_025	c370	6	25	1211	567	28	28	1.167	1.167	-1.500	
c370_06_026	c370	6	26	1249	576	26	32	1.333	1.083	-1.042	
c370_06_027	c370	6	27	1287	592	26	21	0.875	1.083	-0.604	c370_06_m0078
c370_06_028	c370	6	28	1301	629	34	23	0.958	1.417	0.979	
c370_06_029	c370	6	29	1333	625	15	9	0.375	0.625	0.521	c370_06_m0084|c370_06_m0090
c370_06_030	c370	6	30	1334	537	53	87	3.625	2.208	-1.521	
c370_06_031	c370	6	31	1388	597	21	23	0.958	0.875	-0.354	
c370_06_032	c370	6	32	1425	594	45	35	1.458	1.875	-0.229	
c370_06_033	c370	6	33	1480	604	13	14	0.583	0.542	-0.250	
c370_06_034	c370	6	34	1495	600	23	18	0.750	0.958	-0.333	
c370_06_035	c370	6	35	1512	563	43	57	2.375	1.792	-1.062	
c370_06_036	c370	6	36	1551	604	13	26	1.083	0.542	0.000	
c370_06_037	c370	6	37	1588	595	46	29	1.208	1.917	-0.312	
c370_06_038	c370	6	38	1645	608	26	52	2.167	1.083	0.708	
c370_06_039	c370	6	39	1699	605	17	23	0.958	0.708	-0.021	
c370_06_040	c370	6	40	1741	596	48	32	1.333	2.000	-0.208	
c370_06_041	c370	6	41	1809	607	27	22	0.917	1.125	0.042	
c370_06_042	c370	6	42	1844	611	19	18	0.750	0.792	0.125	c370_06_m0087
c370_06_043	c370	6	43	1890	598	24	31	1.292	1.000	-0.146	
c370_06_044	c370	6	44	1912	647	18	21	0.875	0.750	1.688	
c370_06_045	c370	6	45	1932	573	47	73	3.042	1.958	-0.312	
c370_06_046	c370	6	46	1984	608	65	20	0.833	2.708	0.042	
c370_06_047	c370	6	47	2058	600	27	31	1.292	1.125	-0.062	
c370_06_048	c370	6	48	2106	610	24	20	0.833	1.000	0.125	
c370_06_049	c370	6	49	2147	609	10	19	0.792	0.417	0.062	
c370_06_050	c370	6	50	2157	603	38	29	1.208	1.583	0.021	
c370_06_051	c370	6	51	2210	615	18	15	0.625	0.750	0.229	
c370_06_052	c370	6	52	2216	659	21	7	0.292	0.875	1.896	
c370_06_053	c370	6	53	2258	612	34	54	2.250	1.417	0.917	
c370_06_054	c370	6	54	2306	607	31	41	1.708	1.292	0.438	c370_06_m0088
c370_06_055	c370	6	55	2341	599	26	45	1.875	1.083	0.188	c370_06_m0085
c370_06_056	c370	6	56	2373	604	27	72	3.000	1.125	0.958	c370_06_m0069|c370_06_m0070|c370_06_m0073|c370_06_m0075|c370_06_m0076|c370_06_m0082|c370_06_m0083|c370_06_m0086|c370_06_m0089|c370_06_m0091
c370_07_001	c370	7	1	254	749	17	7	0.292	0.708	1.396	c370_07_m0098
c370_07_002	c370	7	2	288	730	49	53	2.208	2.042	1.562	
c370_07_003	c370	7	3	327	659	33	32	1.333	1.375	-1.833	
c370_07_004	c370	7	4	346	752	17	15	0.625	0.708	1.688	
c370_07_005	c370	7	5	383	659	33	24	1.000	1.375	-2.000	
c370_07_006	c370	7	6	384	744	52	29	1.208	2.167	1.646	
c370_07_007	c370	7	7	440	757	12	22	0.917	0.500	2.042	
c370_07_008	c370	7	8	469	659	29	23	0.958	1.208	-2.021	
c370_07_009	c370	7	9	513	661	16	23	0.958	0.667	-1.938	
c370_07_010	c370	7	10	548	668	24	17	0.708	1.000	-1.771	
c370_07_011	c370	7	11	583	749	15	26	1.083	0.625	1.792	
c370_07_012	c370	7	12	589	666	25	23	0.958	1.042	-1.729	
c370_07_013	c370	7	13	624	662	23	22	0.917	0.958	-1.917	
c370_07_014	c370	7	14	667	669	41	57	2.375	1.708	-0.896	c370_07_m0096
c370_07_015	c370	7	15	687	744	12	20	0.833	0.500	1.458	
c370_07_016	c370	7	16	727	661	41	30	1.250	1.708	-1.792	
c370_07_017	c370	7	17	784	673	26	20	0.833	1.083	-1.500	
c370_07_018	c370	7	18	826	675	63	20	0.833	2.625	-1.417	
c370_07_019	c370	7	19	888	743	53	57	2.375	2.208	2.188	
c370_07_020	c370	7	20	914	672	34	30	1.250	1.417	-1.333	
c370_07_021	c370	7	21	965	677	23	33	1.375	0.958	-1.062	
c370_07_022	c370	7	22	979	718	34	13	0.542	1.417	0.229	
c370_07_023	c370	7	23	1004	682	25	17	0.708	1.042	-1.188	
c370_07_024	c370	7	24	1039	683	25	34	1.417	1.042	-0.792	
c370_07_025	c370	7	25	1081	682	35	36	1.500	1.458	-0.792	
c370_07_026	c370	7	26	1132	687	19	21	0.875	0.792	-0.896	
c370_07_027	c370	7	27	1164	685	23	35	1.458	0.958	-0.688	
c370_07_028	c370	7	28	1195	669	10	21	0.875	0.417	-1.646	
c370_07_029	c370	7	29	1202	687	33	39	1.625	1.375	-0.521	
c370_07_030	c370	7	30	1250	661	38	42	1.750	1.583	-1.542	
c370_07_031	c370	7	31	1284	683	28	21	0.875	1.167	-1.062	
c370_07_032	c370	7	32	1316	743	40	17	0.708	1.667	1.354	c370_07_m0101
c370_07_033	c370	7	33	1331	708	4	11	0.458	0.167	-0.229	
c370_07_034	c370	7	34	1336	688	16	15	0.625	0.667	-0.979	
c370_07_035	c370	7	35	1393	685	17	24	1.000	0.708	-0.917	c370_07_m0092
c370_07_036	c370	7	36	1411	687	53	56	2.333	2.208	-0.167	
c370_07_037	c370	7	37	1477	696	23	29	1.208	0.958	-0.354	
c370_07_038	c370	7	38	1529	690	43	38	1.583	1.792	-0.417	
c370_07_039	c370	7	39	1598	699	31	35	1.458	1.292	-0.104	
c370_07_040	c370	7	40	1644	707	21	20	0.833	0.875	-0.083	
c370_07_041	c370	7	41	1664	718	9	21	0.875	0.375	0.396	
c370_07_042	c370	7	42	1669	693	79	22	0.917	3.292	-0.625	
c370_07_043	c370	7	43	1691	708	31	35	1.458	1.292	0.271	
c370_07_044	c370	7	44	1739	711	18	38	1.583	0.750	0.458	
c370_07_045	c370	7	45	1756	713	10	8	0.333	0.417	-0.083	
c370_07_046	c370	7	46	1790	692	15	35	1.458	0.625	-0.396	c370_07_m0097
c370_07_047	c370	7	47	1838	710	22	21	0.875	0.917	0.062	
c370_07_048	c370	7	48	1884	709	24	24	1.000	1.000	0.083	
c370_07_049	c370	7	49	1936	727	7	8	0.333	0.292	0.500	
c370_07_050	c370	7	50	1979	701	27	32	1.333	1.125	-0.083	
c370_07_051	c370	7	51	2018	703	39	28	1.167	1.625	-0.083	
c370_07_052	c370	7	52	2079	705	15	35	1.458	0.625	0.146	
c370_07_053	c370	7	53	2111	710	23	20	0.833	0.958	0.042	
c370_07_054	c370	7	54	2165	747	16	19	0.792	0.667	1.562	
c370_07_055	c370	7	55	2172	715	15	15	0.625	0.625	0.146	
c370_07_056	c370	7	56	2208	714	25	21	0.875	1.042	0.229	
c370_07_057	c370	7	57	2224	684	59	94	3.917	2.458	0.500	
c370_07_058	c370	7	58	2289	713	35	55	2.292	1.458	0.896	
c370_07_059	c370	7	59	2328	712	35	40	1.667	1.458	0.542	c370_07_m0093|c370_07_m0094
c370_07_060	c370	7	60	2370	709	30	59	2.458	1.250	0.812	c370_07_m0095|c370_07_m0099|c370_07_m0100
c370_08_001	c370	8	1	250	842	26	21	0.875	1.083	1.354	
c370_08_002	c370	8	2	263	782	23	26	1.083	0.958	-1.042	
c370_08_003	c370	8	3	286	844	31	22	0.917	1.292	1.458	
c370_08_004	c370	8	4	348	828	24	36	1.500	1.000	1.083	c370_08_m0110
c370_08_005	c370	8	5	375	825	13	9	0.375	0.542	0.396	
c370_08_006	c370	8	6	383	850	34	22	0.917	1.417	1.708	
c370_08_007	c370	8	7	446	853	21	33	1.375	0.875	2.062	
c370_08_008	c370	8	8	476	832	14	33	1.375	0.583	1.188	c370_08_m0102
c370_08_009	c370	8	9	494	856	31	22	0.917	1.292	1.958	
c370_08_010	c370	8	10	530	757	30	30	1.250	1.250	-2.000	
c370_08_011	c370	8	11	538	831	48	73	3.042	2.000	1.979	c370_08_m0106
c370_08_012	c370	8	12	614	769	24	20	0.833	1.000	-1.708	
c370_08_013	c370	8	13	639	862	16	15	0.625	0.667	2.062	
c370_08_014	c370	8	14	651	767	23	30	1.250	0.958	-1.583	
c370_08_015	c370	8	15	671	857	35	20	0.833	1.458	1.958	
c370_08_016	c370	8	16	704	766	14	21	0.875	0.583	-1.812	c370_08_m0103|c370_08_m0104|c370_08_m0111
c370_08_017	c370	8	17	787	768	35	33	1.375	1.458	-1.479	
c370_08_018	c370	8	18	861	848	71	51	2.125	2.958	2.229	c370_08_m0105|c370_08_m0116
c370_08_019	c370	8	19	862	809	13	12	0.500	0.542	-0.208	
c370_08_020	c370	8	20	866	827	15	7	0.292	0.625	0.438	
c370_08_021	c370	8	21	885	806	11	11	0.458	0.458	-0.354	
c370_08_022	c370	8	22	899	775	16	18	0.750	0.667	-1.500	
c370_08_023	c370	8	23	934	778	23	52	2.167	0.958	-0.667	
c370_08_024	c370	8	24	985	770	7	26	1.083	0.292	-1.542	c370_08_m0117
c370_08_025	c370	8	25	996	756	10	36	1.500	0.417	-1.917	
c370_08_026	c370	8	26	1017	779	26	20	0.833	1.083	-1.292	
c370_08_027	c370	8	27	1075	773	25	28	1.167	1.042	-1.375	c370_08_m0107|c370_08_m0114
c370_08_028	c370	8	28	1108	778	31	24	1.000	1.292	-1.250	
c370_08_029	c370	8	29	1161	782	25	45	1.875	1.042	-0.646	
c370_08_030	c370	8	30	1201	783	16	20	0.833	0.667	-1.125	
c370_08_031	c370	8	31	1252	793	40	37	1.542	1.667	-0.354	
c370_08_032	c370	8	32	1317	791	30	46	1.917	1.250	-0.250	
c370_08_033	c370	8	33	1370	836	14	21	0.875	0.583	1.104	c370_08_m0108|c370_08_m0118
c370_08_034	c370	8	34	1383	769	50	67	2.792	2.083	-0.729	
c370_08_035	c370	8	35	1437	794	29	24	1.000	1.208	-0.583	
c370_08_036	c370	8	36	1486	801	23	20	0.833	0.958	-0.375	
c370_08_037	c370	8	37	1519	802	23	22	0.917	0.958	-0.292	c370_08_m0112
c370_08_038	c370	8	38	1555	804	26	42	1.750	1.083	0.208	
c370_08_039	c370	8	39	1599	808	20	17	0.708	0.833	-0.146	
c370_08_040	c370	8	40	1611	842	35	15	0.625	1.458	1.229	
c370_08_041	c370	8	41	1632	800	23	25	1.042	0.958	-0.312	
c370_08_042	c370	8	42	1654	850	16	6	0.250	0.667	1.375	
c370_08_043	c370	8	43	1672	814	24	26	1.083	1.000	0.292	
c370_08_044	c370	8	44	1730	808	31	26	1.083	1.292	0.042	
c370_08_045	c370	8	45	1772	811	30	23	0.958	1.250	0.104	
c370_08_046	c370	8	46	1804	807	24	24	1.000	1.000	-0.042	
c370_08_047	c370	8	47	1855	811	24	23	0.958	1.000	0.104	
c370_08_048	c370	8	48	1908	815	34	39	1.625	1.417	0.604	
c370_08_049	c370	8	49	1943	841	17	12	0.500	0.708	1.125	
c370_08_050	c370	8	50	1954	784	49	64	2.667	2.042	-0.167	
c370_08_051	c370	8	51	1996	816	20	25	1.042	0.833	0.354	
c370_08_052	c370	8	52	2028	785	12	30	1.250	0.500	-0.833	
c370_08_053	c370	8	53	2038	852	14	21	0.875	0.583	1.771	
c370_08_054	c370	8	54	2041	816	20	15	0.625	0.833	0.146	
c370_08_055	c370	8	55	2085	810	49	46	1.917	2.042	0.542	
c370_08_056	c370	8	56	2124	813	30	33	1.375	1.250	0.396	
c370_08_057	c370	8	57	2187	817	24	19	0.792	1.000	0.271	
c370_08_058	c370	8	58	2237	801	21	39	1.625	0.875	0.021	
c370_08_059	c370	8	59	2272	808	56	33	1.375	2.333	0.188	c370_08_m0113
c370_08_060	c370	8	60	2326	824	18	29	1.208	0.750	0.771	
c370_08_061	c370	8	61	2352	814	11	11	0.458	0.458	-0.021	
c370_08_062	c370	8	62	2362	806	38	83	3.458	1.583	1.146	c370_08_m0109|c370_08_m0115|c370_08_m0119|c370_08_m0120
c370_09_001	c370	9	1	203	938	8	10	0.417	0.333	1.000	
c370_09_002	c370	9	2	215	924	10	8	0.333	0.417	0.375	
c370_09_003	c370	9	3	229	913	49	11	0.458	2.042	-0.021	
c370_09_004	c370	9	4	242	944	30	21	0.875	1.250	1.479	
c370_09_005	c370	9	5	291	947	19	35	1.458	0.792	1.896	
c370_09_006	c370	9	6	337	943	24	22	0.917	1.000	1.458	
c370_09_007	c370	9	7	376	949	26	21	0.875	1.083	1.688	
c370_09_008	c370	9	8	418	952	21	17	0.708	0.875	1.729	
c370_09_009	c370	9	9	458	953	32	19	0.792	1.333	1.812	
c370_09_010	c370	9	10	508	953	20	23	0.958	0.833	1.896	
c370_09_011	c370	9	11	512	893	30	27	1.125	1.250	-0.521	c370_09_m0127
c370_09_012	c370	9	12	545	956	26	24	1.000	1.083	2.042	
c370_09_013	c370	9	13	568	921	15	19	0.792	0.625	0.479	
c370_09_014	c370	9	14	585	858	36	34	1.417	1.500	-1.833	
c370_09_015	c370	9	15	597	955	27	23	0.958	1.125	1.979	
c370_09_016	c370	9	16	682	953	25	24	1.000	1.042	1.917	
c370_09_017	c370	9	17	720	853	25	25	1.042	1.042	-2.229	
c370_09_018	c370	9	18	776	862	32	31	1.292	1.333	-1.729	
c370_09_019	c370	9	19	819	934	82	65	2.708	3.417	1.979	c370_09_m0131
c370_09_020	c370	9	20	825	874	17	15	0.625	0.708	-1.562	
c370_09_021	c370	9	21	877	872	31	20	0.833	1.292	-1.542	
c370_09_022	c370	9	22	927	876	19	20	0.833	0.792	-1.375	
c370_09_023	c370	9	23	965	864	23	22	0.917	0.958	-1.833	
c370_09_024	c370	9	24	1003	864	26	24	1.000	1.083	-1.792	
c370_09_025	c370	9	25	1042	863	53	30	1.250	2.208	-1.708	
c370_09_026	c370	9	26	1106	874	28	28	1.167	1.167	-1.292	
c370_09_027	c370	9	27	1130	909	8	8	0.333	0.333	-0.250	
c370_09_028	c370	9	28	1156	901	15	32	1.333	0.625	-0.083	
c370_09_029	c370	9	29	1167	959	13	20	0.833	0.542	2.083	c370_09_m0123|c370_09_m0124
c370_09_030	c370	9	30	1229	881	21	22	0.917	0.875	-1.125	
c370_09_031	c370	9	31	1269	886	26	20	0.833	1.083	-0.958	
c370_09_032	c370	9	32	1299	933	32	9	0.375	1.333	0.771	c370_09_m0128|c370_09_m0132
c370_09_033	c370	9	33	1331	897	21	28	1.167	0.875	-0.333	
c370_09_034	c370	9	34	1378	890	24	26	1.083	1.000	-0.667	
c370_09_035	c370	9	35	1412	896	30	37	1.542	1.250	-0.188	
c370_09_036	c370	9	36	1475	900	18	24	1.000	0.750	-0.292	
c370_09_037	c370	9	37	1520	897	34	53	2.208	1.417	0.188	
c370_09_038	c370	9	38	1576	903	18	16	0.667	0.750	-0.333	
c370_09_039	c370	9	39	1610	899	21	21	0.875	0.875	-0.396	
c370_09_040	c370	9	40	1651	902	25	60	2.500	1.042	0.542	
c370_09_041	c370	9	41	1709	904	25	25	1.042	1.042	-0.104	
c370_09_042	c370	9	42	1745	906	22	20	0.833	0.917	-0.125	
c370_09_043	c370	9	43	1781	907	32	42	1.750	1.333	0.375	
c370_09_044	c370	9	44	1827	907	16	20	0.833	0.667	-0.083	c370_09_m0126
c370_09_045	c370	9	45	1875	910	23	22	0.917	0.958	0.083	
c370_09_046	c370	9	46	1918	923	4	8	0.333	0.167	0.333	c370_09_m0129
c370_09_047	c370	9	47	1922	859	20	21	0.875	0.833	-2.062	
c370_09_048	c370	9	48	1922	914	11	18	0.750	0.458	0.167	
c370_09_049	c370	9	49	1967	911	21	22	0.917	0.875	0.125	
c370_09_050	c370	9	50	2012	935	4	8	0.333	0.167	0.833	
c370_09_051	c370	9	51	2014	911	18	15	0.625	0.750	-0.021	
c370_09_052	c370	9	52	2049	906	25	24	1.000	1.042	-0.042	
c370_09_053	c370	9	53	2091	904	25	27	1.125	1.042	-0.062	
c370_09_054	c370	9	54	2130	921	1	12	0.500	0.042	0.333	
c370_09_055	c370	9	55	2133	904	4	9	0.375	0.167	-0.438	
c370_09_056	c370	9	56	2138	884	67	62	2.583	2.792	-0.167	
c370_09_057	c370	9	57	2219	912	37	20	0.833	1.542	0.125	
c370_09_058	c370	9	58	2256	909	28	24	1.000	1.167	0.083	
c370_09_059	c370	9	59	2309	913	42	29	1.208	1.750	0.354	c370_09_m0122
c370_09_060	c370	9	60	2357	901	40	42	1.750	1.667	0.125	c370_09_m0121|c370_09_m0125|c370_09_m0130|c370_09_m0133
c370_09_061	c370	9	61	2385	966	7	10	0.417	0.292	2.167	
c370_10_001	c370	10	1	281	1025	57	68	2.833	2.375	1.500	c370_10_m0134|c370_10_m0135
c370_10_002	c370	10	2	344	1044	24	18	0.750	1.000	1.250	
c370_10_003	c370	10	3	390	1049	19	20	0.833	0.792	1.500	
c370_10_004	c370	10	4	457	1043	17	27	1.125	0.708	1.396	
c370_10_005	c370	10	5	485	1048	24	23	0.958	1.000	1.521	
c370_10_006	c370	10	6	587	1054	25	23	0.958	1.042	1.771	
c370_10_007	c370	10	7	630	1040	31	41	1.708	1.292	1.562	c370_10_m0136
c370_10_008	c370	10	8	660	1000	74	12	0.500	3.083	-0.708	
c370_10_009	c370	10	9	662	1039	12	8	0.333	0.500	0.833	
c370_10_010	c370	10	10	673	1056	48	29	1.208	2.000	1.979	
c370_10_011	c370	10	11	731	962	20	30	1.250	0.833	-1.917	
c370_10_012	c370	10	12	745	957	59	53	2.208	2.458	-1.646	
c370_10_013	c370	10	13	806	1019	46	80	3.333	1.917	1.500	
c370_10_014	c370	10	14	892	971	19	22	0.917	0.792	-1.708	
c370_10_015	c370	10	15	922	968	33	26	1.083	1.375	-1.750	
c370_10_016	c370	10	16	965	968	24	24	1.000	1.000	-1.792	
c370_10_017	c370	10	17	998	968	27	25	1.042	1.125	-1.771	c370_10_m0138
c370_10_018	c370	10	18	1040	968	30	53	2.208	1.250	-1.188	
c370_10_019	c370	10	19	1105	977	18	25	1.042	0.750	-1.396	
c370_10_020	c370	10	20	1138	977	24	36	1.500	1.000	-1.167	
c370_10_021	c370	10	21	1171	979	41	45	1.875	1.708	-0.896	
c370_10_022	c370	10	22	1226	974	13	24	1.000	0.542	-1.542	c370_10_m0139
c370_10_023	c370	10	23	1323	981	37	28	1.167	1.542	-1.167	
c370_10_024	c370	10	24	1375	991	28	36	1.500	1.167	-0.583	
c370_10_025	c370	10	25	1433	977	42	78	3.250	1.750	-0.292	
c370_10_026	c370	10	26	1497	998	26	21	0.875	1.083	-0.604	
c370_10_027	c370	10	27	1544	1002	30	44	1.833	1.250	0.042	c370_10_m0144|c370_10_m0145
c370_10_028	c370	10	28	1637	1006	35	20	0.833	1.458	-0.292	
c370_10_029	c370	10	29	1689	998	54	32	1.333	2.250	-0.375	
c370_10_030	c370	10	30	1731	1010	59	46	1.917	2.458	0.417	
c370_10_031	c370	10	31	1780	1012	26	29	1.208	1.083	0.146	
c370_10_032	c370	10	32	1819	1007	24	22	0.917	1.000	-0.208	
c370_10_033	c370	10	33	1861	1006	23	21	0.875	0.958	-0.271	
c370_10_034	c370	10	34	1898	1014	27	49	2.042	1.125	0.646	
c370_10_035	c370	10	35	1942	992	48	43	1.792	2.000	-0.396	
c370_10_036	c370	10	36	2036	1018	25	27	1.125	1.042	0.354	
c370_10_037	c370	10	37	2085	1004	66	73	3.042	2.750	0.729	
c370_10_038	c370	10	38	2129	1020	66	56	2.333	2.750	1.042	
c370_10_039	c370	10	39	2216	1014	55	34	1.417	2.292	0.333	
c370_10_040	c370	10	40	2288	1023	22	25	1.042	0.917	0.521	
c370_10_041	c370	10	41	2354	993	46	61	2.542	1.917	0.021	c370_10_m0137|c370_10_m0140|c370_10_m0141|c370_10_m0142|c370_10_m0143
c370_11_001	c370	11	1	221	1150	28	22	0.917	1.167	1.750	
c370_11_002	c370	11	2	233	1048	34	55	2.292	1.417	-1.812	
c370_11_003	c370	11	3	249	1131	13	11	0.458	0.542	0.729	
c370_11_004	c370	11	4	270	1087	24	20	0.833	1.000	-0.917	
c370_11_005	c370	11	5	272	1153	16	23	0.958	0.667	1.896	
c370_11_006	c370	11	6	307	1127	63	58	2.417	2.625	1.542	
c370_11_007	c370	11	7	375	1151	27	24	1.000	1.125	1.833	
c370_11_008	c370	11	8	481	1152	36	22	0.917	1.500	1.833	
c370_11_009	c370	11	9	527	1137	47	43	1.792	1.958	1.646	
c370_11_010	c370	11	10	529	1053	32	49	2.042	1.333	-1.729	
c370_11_011	c370	11	11	584	1156	27	25	1.042	1.125	2.062	
c370_11_012	c370	11	12	734	1066	24	44	1.833	1.000	-1.292	
c370_11_013	c370	11	13	799	1067	29	50	2.083	1.208	-1.125	
c370_11_014	c370	11	14	874	1049	45	76	3.167	1.875	-1.333	
c370_11_015	c370	11	15	938	1065	28	29	1.208	1.167	-1.646	
c370_11_016	c370	11	16	987	1080	20	24	1.000	0.833	-1.125	
c370_11_017	c370	11	17	1027	1076	24	22	0.917	1.000	-1.333	c370_11_m0153
c370_11_018	c370	11	18	1053	1149	45	47	1.958	1.875	2.229	
c370_11_019	c370	11	19	1063	1082	30	52	2.167	1.250	-0.458	
c370_11_020	c370	11	20	1106	1086	31	41	1.708	1.292	-0.521	c370_11_m0150
c370_11_021	c370	11	21	1157	1070	18	32	1.333	0.750	-1.375	c370_11_m0146|c370_11_m0152
c370_11_022	c370	11	22	1203	1087	22	26	1.083	0.917	-0.792	
c370_11_023	c370	11	23	1243	1078	25	27	1.125	1.042	-1.146	
c370_11_024	c370	11	24	1264	1120	17	6	0.250	0.708	0.167	
c370_11_025	c370	11	25	1289	1087	14	36	1.500	0.583	-0.583	c370_11_m0147
c370_11_026	c370	11	26	1334	1070	41	37	1.542	1.708	-1.271	
c370_11_027	c370	11	27	1380	1089	38	31	1.292	1.583	-0.604	
c370_11_028	c370	11	28	1437	1093	36	52	2.167	1.500	0.000	
c370_11_029	c370	11	29	1491	1095	36	21	0.875	1.500	-0.562	
c370_11_030	c370	11	30	1547	1097	26	22	0.917	1.083	-0.458	
c370_11_031	c370	11	31	1580	1098	26	21	0.875	1.083	-0.438	
c370_11_032	c370	11	32	1633	1104	20	25	1.042	0.833	-0.104	
c370_11_033	c370	11	33	1671	1104	26	23	0.958	1.083	-0.146	c370_11_m0151
c370_11_034	c370	11	34	1716	1106	26	22	0.917	1.083	-0.083	
c370_11_035	c370	11	35	1763	1110	35	28	1.167	1.458	0.208	
c370_11_036	c370	11	36	1817	1112	24	20	0.833	1.000	0.125	
c370_11_037	c370	11	37	1849	1104	23	23	0.958	0.958	-0.146	
c370_11_038	c370	11	38	1884	1079	52	68	2.833	2.167	-0.250	
c370_11_039	c370	11	39	1940	1116	18	24	1.000	0.750	0.375	
c370_11_040	c370	11	40	1981	1107	55	31	1.292	2.292	0.146	
c370_11_041	c370	11	41	2050	1120	47	21	0.875	1.958	0.479	
c370_11_042	c370	11	42	2086	1084	37	47	1.958	1.542	-0.479	
c370_11_043	c370	11	43	2119	1120	19	21	0.875	0.792	0.479	
c370_11_044	c370	11	44	2152	1120	36	59	2.458	1.500	1.271	
c370_11_045	c370	11	45	2199	1116	31	23	0.958	1.292	0.354	
c370_11_046	c370	11	46	2249	1117	23	22	0.917	0.958	0.375	
c370_11_047	c370	11	47	2283	1112	25	24	1.000	1.042	0.208	
c370_11_048	c370	11	48	2318	1107	35	29	1.208	1.458	0.104	c370_11_m0148|c370_11_m0149|c370_11_m0155
c370_11_049	c370	11	49	2350	1154	11	9	0.375	0.458	1.646	
c370_11_050	c370	11	50	2360	1118	6	15	0.625	0.250	0.271	c370_11_m0154
c370_11_051	c370	11	51	2366	1116	34	22	0.917	1.417	0.333	
c370_11_052	c370	11	52	2377	1159	6	11	0.458	0.250	1.896	
c370_12_001	c370	12	1	214	1245	32	27	1.125	1.333	1.396	
c370_12_002	c370	12	2	275	1256	20	17	0.708	0.833	1.646	
c370_12_003	c370	12	3	315	1245	19	33	1.375	0.792	1.521	
c370_12_004	c370	12	4	425	1157	39	74	3.083	1.625	-1.292	
c370_12_005	c370	12	5	493	1242	15	5	0.208	0.625	0.812	
c370_12_006	c370	12	6	645	1164	16	23	0.958	0.667	-2.062	
c370_12_007	c370	12	7	662	1168	28	62	2.583	1.167	-1.083	
c370_12_008	c370	12	8	690	1169	12	14	0.583	0.500	-2.042	
c370_12_009	c370	12	9	723	1164	40	30	1.250	1.667	-1.917	c370_12_m0158
c370_12_010	c370	12	10	798	1134	65	75	3.125	2.708	-2.229	
c370_12_011	c370	12	11	873	1164	26	28	1.167	1.083	-1.958	
c370_12_012	c370	12	12	917	1173	40	76	3.167	1.667	-0.583	
c370_12_013	c370	12	13	969	1176	27	22	0.917	1.125	-1.583	
c370_12_014	c370	12	14	1014	1180	46	22	0.917	1.917	-1.417	
c370_12_015	c370	12	15	1085	1182	88	51	2.125	3.667	-0.729	
c370_12_016	c370	12	16	1196	1171	53	34	1.417	2.208	-1.542	
c370_12_017	c370	12	17	1226	1174	78	67	2.792	3.250	-0.729	
c370_12_018	c370	12	18	1324	1188	26	24	1.000	1.083	-1.042	c370_12_m0169
c370_12_019	c370	12	19	1408	1188	32	29	1.208	1.333	-0.938	c370_12_m0160|c370_12_m0170
c370_12_020	c370	12	20	1451	1173	37	56	2.333	1.542	-1.000	
c370_12_021	c370	12	21	1499	1201	28	49	2.042	1.167	0.021	
c370_12_022	c370	12	22	1544	1198	55	30	1.250	2.292	-0.500	
c370_12_023	c370	12	23	1619	1209	27	23	0.958	1.125	-0.188	
c370_12_024	c370	12	24	1655	1207	43	24	1.000	1.792	-0.250	
c370_12_025	c370	12	25	1705	1212	32	58	2.417	1.333	0.667	
c370_12_026	c370	12	26	1771	1214	22	32	1.333	0.917	0.208	
c370_12_027	c370	12	27	1794	1195	15	25	1.042	0.625	-0.729	
c370_12_028	c370	12	28	1819	1215	23	22	0.917	0.958	0.042	
c370_12_029	c370	12	29	1850	1209	21	24	1.000	0.875	-0.167	
c370_12_030	c370	12	30	1894	1200	21	44	1.833	0.875	-0.125	
c370_12_031	c370	12	31	1929	1218	24	24	1.000	1.000	0.208	
c370_12_032	c370	12	32	1961	1214	24	21	0.875	1.000	-0.021	
c370_12_033	c370	12	33	1992	1219	37	38	1.583	1.542	0.542	
c370_12_034	c370	12	34	2127	1211	42	30	1.250	1.750	0.042	
c370_12_035	c370	12	35	2195	1182	52	78	3.250	2.167	-0.167	c370_12_m0165
c370_12_036	c370	12	36	2263	1215	53	36	1.500	2.208	0.333	
c370_12_037	c370	12	37	2309	1213	57	56	2.333	2.375	0.667	c370_12_m0156|c370_12_m0161|c370_12_m0163|c370_12_m0164|c370_12_m0166
c370_12_038	c370	12	38	2364	1214	36	58	2.417	1.500	0.750	c370_12_m0157|c370_12_m0159|c370_12_m0162|c370_12_m0167|c370_12_m0168|c370_12_m0171
c370_13_001	c370	13	1	264	1284	21	23	0.958	0.875	-0.646	c370_13_m0175|c370_13_m0179
c370_13_002	c370	13	2	343	1256	58	58	2.417	2.417	-1.083	
c370_13_003	c370	13	3	427	1252	27	28	1.167	1.125	-1.875	
c370_13_004	c370	13	4	440	1343	50	68	2.833	2.083	2.750	
c370_13_005	c370	13	5	469	1251	20	33	1.375	0.833	-1.812	
c370_13_006	c370	13	6	502	1359	10	11	0.458	0.417	2.229	
c370_13_007	c370	13	7	504	1266	24	22	0.917	1.000	-1.417	
c370_13_008	c370	13	8	519	1348	16	6	0.250	0.667	1.667	
c370_13_009	c370	13	9	544	1261	30	23	0.958	1.250	-1.604	
c370_13_010	c370	13	10	590	1273	19	49	2.042	0.792	-0.562	
c370_13_011	c370	13	11	602	1270	15	15	0.625	0.625	-1.396	
c370_13_012	c370	13	12	630	1251	73	62	2.583	3.042	-1.208	
c370_13_013	c370	13	13	710	1279	24	18	0.750	1.000	-0.958	
c370_13_014	c370	13	14	749	1276	35	19	0.792	1.458	-1.062	
c370_13_015	c370	13	15	798	1271	31	24	1.000	1.292	-1.167	
c370_13_016	c370	13	16	847	1268	23	28	1.167	0.958	-1.208	c370_13_m0172|c370_13_m0173|c370_13_m0177
c370_13_017	c370	13	17	945	1254	90	53	2.208	3.750	-1.271	
c370_13_018	c370	13	18	1022	1280	28	23	0.958	1.167	-0.812	
c370_13_019	c370	13	19	1071	1283	23	27	1.125	0.958	-0.604	
c370_13_020	c370	13	20	1123	1287	32	24	1.000	1.333	-0.500	
c370_13_021	c370	13	21	1167	1341	2	9	0.375	0.083	1.438	
c370_13_022	c370	13	22	1177	1292	16	33	1.375	0.667	-0.104	
c370_13_023	c370	13	23	1211	1292	38	22	0.917	1.583	-0.333	
c370_13_024	c370	13	24	1263	1287	26	31	1.292	1.083	-0.354	
c370_13_025	c370	13	25	1317	1299	46	57	2.375	1.917	0.688	c370_13_m0178
c370_13_026	c370	13	26	1376	1300	21	17	0.708	0.875	-0.104	
c370_13_027	c370	13	27	1410	1297	32	24	1.000	1.333	-0.083	
c370_13_028	c370	13	28	1419	1341	44	13	0.542	1.833	1.521	
c370_13_029	c370	13	29	1463	1300	23	39	1.625	0.958	0.354	
c370_13_030	c370	13	30	1517	1301	38	37	1.542	1.583	0.354	
c370_13_031	c370	13	31	1569	1304	29	24	1.000	1.208	0.208	
c370_13_032	c370	13	32	1619	1293	22	32	1.333	0.917	-0.083	
c370_13_033	c370	13	33	1657	1302	27	24	1.000	1.125	0.125	c370_13_m0176
c370_13_034	c370	13	34	1712	1310	53	58	2.417	2.208	1.167	
c370_13_035	c370	13	35	1788	1311	28	22	0.917	1.167	0.458	
c370_13_036	c370	13	36	1837	1305	48	35	1.458	2.000	0.479	
c370_13_037	c370	13	37	1890	1298	41	44	1.833	1.708	0.375	
c370_13_038	c370	13	38	1925	1322	22	34	1.417	0.917	1.167	
c370_13_039	c370	13	39	1950	1285	77	102	4.250	3.208	1.042	
c370_13_040	c370	13	40	2034	1294	63	61	2.542	2.625	0.562	
c370_13_041	c370	13	41	2094	1320	37	29	1.208	1.542	0.979	
c370_13_042	c370	13	42	2151	1321	30	55	2.292	1.250	1.562	
c370_13_043	c370	13	43	2202	1321	40	20	0.833	1.667	0.833	
c370_13_044	c370	13	44	2236	1276	58	65	2.708	2.417	-0.104	
c370_13_045	c370	13	45	2334	1307	38	42	1.750	1.583	0.708	c370_13_m0174
c370_13_046	c370	13	46	2379	1277	21	16	0.667	0.875	-1.083	c370_13_m0181
c370_13_047	c370	13	47	2379	1302	19	45	1.875	0.792	0.562	c370_13_m0180
c370_14_001	c370	14	1	184	1403	52	12	0.500	2.167	-0.583	
c370_14_002	c370	14	2	220	1353	35	48	2.000	1.458	-1.917	
c370_14_003	c370	14	3	233	1436	34	48	2.000	1.417	1.542	
c370_14_004	c370	14	4	286	1354	28	25	1.042	1.167	-2.354	
c370_14_005	c370	14	5	347	1358	27	30	1.250	1.125	-2.083	
c370_14_006	c370	14	6	364	1457	28	33	1.375	1.167	2.104	
c370_14_007	c370	14	7	394	1364	24	45	1.875	1.000	-1.521	
c370_14_008	c370	14	8	418	1418	14	13	0.542	0.583	0.062	
c370_14_009	c370	14	9	444	1436	51	70	2.917	2.125	2.000	
c370_14_010	c370	14	10	454	1372	14	23	0.958	0.583	-1.646	
c370_14_011	c370	14	11	496	1372	17	15	0.625	0.708	-1.812	
c370_14_012	c370	14	12	530	1368	20	20	0.833	0.833	-1.875	
c370_14_013	c370	14	13	552	1364	31	31	1.292	1.292	-1.812	
c370_14_014	c370	14	14	613	1380	24	20	0.833	1.000	-1.375	c370_14_m0182
c370_14_015	c370	14	15	656	1384	20	15	0.625	0.833	-1.312	
c370_14_016	c370	14	16	706	1379	26	43	1.792	1.083	-0.938	
c370_14_017	c370	14	17	707	1456	61	28	1.167	2.542	1.958	
c370_14_018	c370	14	18	709	1424	17	12	0.500	0.708	0.292	
c370_14_019	c370	14	19	752	1368	18	30	1.250	0.750	-1.667	
c370_14_020	c370	14	20	790	1381	26	32	1.333	1.083	-1.083	
c370_14_021	c370	14	21	810	1361	59	71	2.958	2.458	-1.104	
c370_14_022	c370	14	22	891	1373	17	33	1.375	0.708	-1.396	
c370_14_023	c370	14	23	947	1384	33	30	1.250	1.375	-1.000	
c370_14_024	c370	14	24	957	1445	8	8	0.333	0.333	1.083	
c370_14_025	c370	14	25	1004	1389	26	22	0.917	1.083	-0.958	
c370_14_026	c370	14	26	1039	1384	23	25	1.042	0.958	-1.104	
c370_14_027	c370	14	27	1076	1388	37	66	2.750	1.542	-0.083	
c370_14_028	c370	14	28	1137	1389	47	30	1.250	1.958	-0.792	
c370_14_029	c370	14	29	1198	1384	22	36	1.500	0.917	-0.875	c370_14_m0183|c370_14_m0185
c370_14_030	c370	14	30	1254	1402	19	20	0.833	0.792	-0.458	
c370_14_031	c370	14	31	1273	1401	39	75	3.125	1.625	0.646	
c370_14_032	c370	14	32	1327	1398	42	30	1.250	1.750	-0.417	
c370_14_033	c370	14	33	1411	1359	58	89	3.708	2.417	-0.812	
c370_14_034	c370	14	34	1484	1395	22	32	1.333	0.917	-0.500	
c370_14_035	c370	14	35	1517	1406	30	24	1.000	1.250	-0.208	c370_14_m0184|c370_14_m0186
c370_14_036	c370	14	36	1553	1414	50	59	2.458	2.083	0.854	
c370_14_037	c370	14	37	1580	1384	47	14	0.583	1.958	-1.333	
c370_14_038	c370	14	38	1621	1406	26	20	0.833	1.083	-0.292	
c370_14_039	c370	14	39	1667	1409	22	40	1.667	0.917	0.250	
c370_14_040	c370	14	40	1713	1411	25	23	0.958	1.042	-0.021	
c370_14_041	c370	14	41	1749	1412	31	28	1.167	1.292	0.125	
c370_14_042	c370	14	42	1795	1413	43	43	1.792	1.792	0.479	
c370_14_043	c370	14	43	1848	1419	19	21	0.875	0.792	0.271	
c370_14_044	c370	14	44	1875	1417	29	38	1.583	1.208	0.542	
c370_14_045	c370	14	45	1903	1397	18	35	1.458	0.750	-0.354	
c370_14_046	c370	14	46	1923	1417	32	20	0.833	1.333	0.167	
c370_14_047	c370	14	47	1969	1417	26	22	0.917	1.083	0.208	
c370_14_048	c370	14	48	2001	1414	26	24	1.000	1.083	0.125	
c370_14_049	c370	14	49	2046	1418	50	53	2.208	2.083	0.896	
c370_14_050	c370	14	50	2112	1411	31	25	1.042	1.292	0.021	
c370_14_051	c370	14	51	2150	1409	26	25	1.042	1.083	-0.062	
c370_14_052	c370	14	52	2188	1413	46	32	1.333	1.917	0.250	
c370_14_053	c370	14	53	2236	1414	31	21	0.875	1.292	0.062	
c370_14_054	c370	14	54	2274	1411	25	29	1.208	1.042	0.104	
c370_14_055	c370	14	55	2316	1414	34	24	1.000	1.417	0.125	
c370_14_056	c370	14	56	2362	1414	38	55	2.292	1.583	0.771	c370_14_m0187|c370_14_m0188
c370_15_001	c370	15	1	209	1556	20	17	0.708	0.833	1.479	
c370_15_002	c370	15	2	211	1473	35	41	1.708	1.458	-1.479	
c370_15_003	c370	15	3	260	1549	25	29	1.208	1.042	1.438	
c370_15_004	c370	15	4	285	1471	48	33	1.375	2.000	-1.729	
c370_15_005	c370	15	5	303	1510	5	16	0.667	0.208	-0.458	
c370_15_006	c370	15	6	303	1561	24	26	1.083	1.000	1.875	
c370_15_007	c370	15	7	345	1565	24	18	0.750	1.000	1.875	
c370_15_008	c370	15	8	395	1576	15	15	0.625	0.625	2.271	
c370_15_009	c370	15	9	411	1569	23	19	0.792	0.958	2.062	
c370_15_010	c370	15	10	415	1472	19	19	0.792	0.792	-1.979	
c370_15_011	c370	15	11	422	1519	14	23	0.958	0.583	0.062	
c370_15_012	c370	15	12	435	1474	44	40	1.667	1.833	-1.458	
c370_15_013	c370	15	13	438	1558	30	20	0.833	1.250	1.625	
c370_15_014	c370	15	14	465	1534	49	76	3.167	2.042	1.792	
c370_15_015	c370	15	15	491	1478	82	43	1.792	3.417	-1.229	
c370_15_016	c370	15	16	516	1590	4	16	0.667	0.167	2.875	
c370_15_017	c370	15	17	522	1576	28	17	0.708	1.167	2.312	
c370_15_018	c370	15	18	569	1574	42	23	0.958	1.750	2.354	
c370_15_019	c370	15	19	603	1478	37	24	1.000	1.542	-1.625	
c370_15_020	c370	15	20	632	1582	25	28	1.167	1.042	2.792	
c370_15_021	c370	15	21	653	1483	26	21	0.875	1.083	-1.479	
c370_15_022	c370	15	22	681	1577	27	22	0.917	1.125	2.458	
c370_15_023	c370	15	23	696	1485	12	36	1.500	0.500	-1.083	
c370_15_024	c370	15	24	714	1490	29	22	0.917	1.208	-1.167	
c370_15_025	c370	15	25	729	1560	7	10	0.417	0.292	1.500	
c370_15_026	c370	15	26	740	1581	36	51	2.125	1.500	3.229	
c370_15_027	c370	15	27	773	1467	40	43	1.792	1.667	-1.688	
c370_15_028	c370	15	28	792	1588	22	18	0.750	0.917	2.833	
c370_15_029	c370	15	29	820	1484	38	29	1.208	1.583	-1.271	
c370_15_030	c370	15	30	825	1585	37	23	0.958	1.542	2.812	
c370_15_031	c370	15	31	853	1483	58	35	1.458	2.417	-1.188	
c370_15_032	c370	15	32	913	1501	17	37	1.542	0.708	-0.396	c370_15_m0192
c370_15_033	c370	15	33	952	1500	26	30	1.250	1.083	-0.583	
c370_15_034	c370	15	34	953	1588	33	23	0.958	1.375	2.938	
c370_15_035	c370	15	35	956	1528	5	8	0.333	0.208	0.125	
c370_15_036	c370	15	36	982	1475	16	25	1.042	0.667	-1.729	
c370_15_037	c370	15	37	1002	1492	38	36	1.500	1.583	-0.792	
c370_15_038	c370	15	38	1002	1595	22	24	1.000	0.917	3.250	
c370_15_039	c370	15	39	1053	1499	27	21	0.875	1.125	-0.812	
c370_15_040	c370	15	40	1089	1495	24	24	1.000	1.000	-0.917	
c370_15_041	c370	15	41	1130	1500	38	27	1.125	1.583	-0.646	
c370_15_042	c370	15	42	1171	1499	66	62	2.583	2.750	0.042	
c370_15_043	c370	15	43	1183	1587	43	29	1.208	1.792	3.021	
c370_15_044	c370	15	44	1261	1511	25	19	0.792	1.042	-0.354	c370_15_m0193
c370_15_045	c370	15	45	1305	1508	31	24	1.000	1.292	-0.375	
c370_15_046	c370	15	46	1338	1506	25	22	0.917	1.042	-0.500	
c370_15_047	c370	15	47	1339	1517	54	140	5.833	2.250	2.417	
c370_15_048	c370	15	48	1386	1511	19	18	0.750	0.792	-0.375	
c370_15_049	c370	15	49	1423	1505	21	25	1.042	0.875	-0.479	c370_15_m0197
c370_15_050	c370	15	50	1463	1507	28	22	0.917	1.167	-0.458	c370_15_m0194
c370_15_051	c370	15	51	1505	1516	32	47	1.958	1.333	0.438	
c370_15_052	c370	15	52	1541	1513	33	22	0.917	1.375	-0.208	
c370_15_053	c370	15	53	1584	1514	25	21	0.875	1.042	-0.188	
c370_15_054	c370	15	54	1614	1512	25	23	0.958	1.042	-0.229	c370_15_m0196
c370_15_055	c370	15	55	1656	1513	65	54	2.250	2.708	0.458	
c370_15_056	c370	15	56	1709	1521	25	30	1.250	1.042	0.292	
c370_15_057	c370	15	57	1758	1521	21	36	1.500	0.875	0.417	
c370_15_058	c370	15	58	1782	1494	17	41	1.708	0.708	-0.604	
c370_15_059	c370	15	59	1804	1521	19	25	1.042	0.792	0.188	
c370_15_060	c370	15	60	1839	1523	30	28	1.167	1.250	0.333	c370_15_m0200
c370_15_061	c370	15	61	1875	1521	23	29	1.208	0.958	0.271	
c370_15_062	c370	15	62	1915	1525	23	20	0.833	0.958	0.250	
c370_15_063	c370	15	63	1954	1520	18	26	1.083	0.750	0.167	
c370_15_064	c370	15	64	1968	1579	15	20	0.833	0.625	2.500	
c370_15_065	c370	15	65	1972	1486	68	56	2.333	2.833	-0.625	
c370_15_066	c370	15	66	1974	1543	29	32	1.333	1.208	1.250	
c370_15_067	c370	15	67	1998	1528	22	35	1.458	0.917	0.688	
c370_15_068	c370	15	68	2040	1519	45	30	1.250	1.875	0.208	
c370_15_069	c370	15	69	2100	1507	44	40	1.667	1.833	-0.083	
c370_15_070	c370	15	70	2130	1523	32	24	1.000	1.333	0.250	
c370_15_071	c370	15	71	2155	1569	18	29	1.208	0.750	2.271	
c370_15_072	c370	15	72	2169	1497	50	66	2.750	2.083	0.042	
c370_15_073	c370	15	73	2223	1526	23	20	0.833	0.958	0.292	
c370_15_074	c370	15	74	2256	1526	36	23	0.958	1.500	0.354	
c370_15_075	c370	15	75	2301	1529	23	23	0.958	0.958	0.479	
c370_15_076	c370	15	76	2333	1574	5	13	0.542	0.208	2.146	
c370_15_077	c370	15	77	2335	1519	29	31	1.292	1.208	0.229	c370_15_m0189|c370_15_m0190|c370_15_m0195|c370_15_m0198|c370_15_m0201
c370_15_078	c370	15	78	2340	1593	3	8	0.333	0.125	2.833	
c370_15_079	c370	15	79	2362	1530	38	68	2.833	1.583	1.458	c370_15_m0191|c370_15_m0199
c370_16_001	c370	16	1	204	1672	14	20	0.833	0.583	-0.083	c370_16_m0222
c370_16_002	c370	16	2	223	1640	21	46	1.917	0.875	-0.875	c370_16_m0226
c370_16_003	c370	16	3	252	1665	11	21	0.875	0.458	-0.354	
c370_16_004	c370	16	4	260	1708	25	21	0.875	1.042	1.438	c370_16_m0218|c370_16_m0220
c370_16_005	c370	16	5	266	1671	8	11	0.458	0.333	-0.312	
c370_16_006	c370	16	6	291	1642	40	37	1.542	1.667	-0.979	c370_16_m0213
c370_16_007	c370	16	7	293	1678	16	27	1.125	0.667	0.312	
c370_16_008	c370	16	8	310	1670	8	23	0.958	0.333	-0.104	
c370_16_009	c370	16	9	336	1652	38	39	1.625	1.583	-0.521	
c370_16_010	c370	16	10	380	1668	30	45	1.875	1.250	0.271	
c370_16_011	c370	16	11	434	1668	18	27	1.125	0.750	-0.104	
c370_16_012	c370	16	12	465	1648	69	58	2.417	2.875	-0.292	
c370_16_013	c370	16	13	520	1666	66	38	1.583	2.750	0.042	c370_16_m0206|c370_16_m0223
c370_16_014	c370	16	14	574	1610	47	17	0.708	1.958	-2.729	
c370_16_015	c370	16	15	609	1683	12	18	0.750	0.500	0.333	
c370_16_016	c370	16	16	626	1680	35	21	0.875	1.458	0.271	
c370_16_017	c370	16	17	692	1682	41	20	0.833	1.708	0.333	
c370_16_018	c370	16	18	727	1664	29	28	1.167	1.208	-0.250	
c370_16_019	c370	16	19	754	1648	15	26	1.083	0.625	-0.958	
c370_16_020	c370	16	20	763	1670	17	27	1.125	0.708	-0.021	c370_16_m0221
c370_16_021	c370	16	21	802	1675	59	33	1.375	2.458	0.312	
c370_16_022	c370	16	22	869	1687	23	22	0.917	0.958	0.583	
c370_16_023	c370	16	23	881	1589	46	60	2.500	1.917	-2.708	
c370_16_024	c370	16	24	911	1682	29	30	1.250	1.208	0.542	
c370_16_025	c370	16	25	938	1729	36	9	0.375	1.500	2.062	
c370_16_026	c370	16	26	963	1681	34	51	2.125	1.417	0.938	
c370_16_027	c370	16	27	1011	1691	32	22	0.917	1.333	0.750	
c370_16_028	c370	16	28	1062	1678	26	34	1.417	1.083	0.458	c370_16_m0204
c370_16_029	c370	16	29	1094	1599	22	23	0.958	0.917	-3.062	
c370_16_030	c370	16	30	1110	1690	14	21	0.875	0.583	0.688	
c370_16_031	c370	16	31	1118	1594	36	27	1.125	1.500	-3.188	
c370_16_032	c370	16	32	1125	1683	34	30	1.250	1.417	0.583	
c370_16_033	c370	16	33	1186	1695	27	29	1.208	1.125	1.062	
c370_16_034	c370	16	34	1230	1708	26	41	1.708	1.083	1.854	
c370_16_035	c370	16	35	1245	1599	26	22	0.917	1.083	-3.083	
c370_16_036	c370	16	36	1294	1702	52	36	1.500	2.167	1.500	
c370_16_037	c370	16	37	1302	1592	24	33	1.375	1.000	-3.146	
c370_16_038	c370	16	38	1310	1657	43	33	1.375	1.792	-0.438	
c370_16_039	c370	16	39	1358	1613	16	36	1.500	0.667	-2.208	
c370_16_040	c370	16	40	1388	1718	23	20	0.833	0.958	1.833	
c370_16_041	c370	16	41	1402	1589	48	55	2.292	2.000	-2.812	
c370_16_042	c370	16	42	1405	1686	50	60	2.500	2.083	1.333	
c370_16_043	c370	16	43	1452	1620	19	50	2.083	0.792	-1.625	
c370_16_044	c370	16	44	1464	1613	17	16	0.667	0.708	-2.625	
c370_16_045	c370	16	45	1473	1708	25	30	1.250	1.042	1.625	c370_16_m0225
c370_16_046	c370	16	46	1515	1626	58	23	0.958	2.417	-1.938	
c370_16_047	c370	16	47	1527	1716	29	24	1.000	1.208	1.833	
c370_16_048	c370	16	48	1533	1609	9	16	0.667	0.375	-2.792	
c370_16_049	c370	16	49	1592	1617	32	25	1.042	1.333	-2.271	
c370_16_050	c370	16	50	1613	1702	15	30	1.250	0.625	1.375	
c370_16_051	c370	16	51	1630	1619	27	23	0.958	1.125	-2.229	
c370_16_052	c370	16	52	1646	1727	23	18	0.750	0.958	2.167	
c370_16_053	c370	16	53	1678	1617	34	28	1.167	1.417	-2.208	
c370_16_054	c370	16	54	1696	1728	16	21	0.875	0.667	2.271	
c370_16_055	c370	16	55	1703	1672	11	20	0.833	0.458	-0.083	
c370_16_056	c370	16	56	1710	1592	60	75	3.125	2.500	-2.271	
c370_16_057	c370	16	57	1727	1706	36	44	1.833	1.500	1.833	
c370_16_058	c370	16	58	1778	1603	44	60	2.500	1.833	-2.125	
c370_16_059	c370	16	59	1821	1732	19	19	0.792	0.792	2.396	
c370_16_060	c370	16	60	1830	1625	26	53	2.208	1.083	-1.354	
c370_16_061	c370	16	61	1860	1730	15	21	0.875	0.625	2.354	
c370_16_062	c370	16	62	1884	1628	67	52	2.167	2.792	-1.250	
c370_16_063	c370	16	63	1979	1631	18	29	1.208	0.750	-1.604	
c370_16_064	c370	16	64	2001	1603	27	57	2.375	1.125	-2.188	
c370_16_065	c370	16	65	2020	1689	46	9	0.375	1.917	0.396	c370_16_m0217
c370_16_066	c370	16	66	2063	1648	28	30	1.250	1.167	-0.875	c370_16_m0214
c370_16_067	c370	16	67	2067	1711	52	48	2.000	2.167	2.125	
c370_16_068	c370	16	68	2083	1676	49	10	0.417	2.042	-0.125	
c370_16_069	c370	16	69	2116	1640	32	31	1.292	1.333	-1.188	
c370_16_070	c370	16	70	2162	1650	27	26	1.083	1.125	-0.875	c370_16_m0215
c370_16_071	c370	16	71	2203	1609	12	26	1.083	0.500	-2.583	
c370_16_072	c370	16	72	2211	1642	31	55	2.292	1.292	-0.604	
c370_16_073	c370	16	73	2259	1641	32	22	0.917	1.333	-1.333	
c370_16_074	c370	16	74	2298	1638	33	53	2.208	1.375	-0.812	c370_16_m0207|c370_16_m0209|c370_16_m0211|c370_16_m0216
c370_16_075	c370	16	75	2362	1669	6	8	0.333	0.250	-0.458	c370_16_m0202|c370_16_m0203|c370_16_m0208|c370_16_m0210
c370_16_076	c370	16	76	2371	1676	9	15	0.625	0.375	-0.021	
c370_16_077	c370	16	77	2378	1638	11	16	0.667	0.458	-1.583	c370_16_m0212|c370_16_m0224
c370_16_078	c370	16	78	2381	1610	6	14	0.583	0.250	-2.792	
c370_16_079	c370	16	79	2385	1696	9	14	0.583	0.375	0.792	
c370_16_080	c370	16	80	2392	1620	8	23	0.958	0.333	-2.188	c370_16_m0205|c370_16_m0219
c370_17_001	c370	17	1	242	1772	24	19	0.792	1.000	-0.646	c370_17_m0240|c370_17_m0243|c370_17_m0245|c370_17_m0247
c370_17_002	c370	17	2	281	1774	26	34	1.417	1.083	-0.250	
c370_17_003	c370	17	3	306	1759	14	17	0.708	0.583	-1.229	
c370_17_004	c370	17	4	314	1777	34	39	1.625	1.417	-0.021	
c370_17_005	c370	17	5	366	1774	30	23	0.958	1.250	-0.479	
c370_17_006	c370	17	6	414	1777	36	42	1.750	1.500	0.042	
c370_17_007	c370	17	7	467	1782	23	19	0.792	0.958	-0.229	c370_17_m0244
c370_17_008	c370	17	8	510	1777	21	23	0.958	0.875	-0.354	c370_17_m0237|c370_17_m0241
c370_17_009	c370	17	9	568	1784	15	17	0.708	0.625	-0.188	
c370_17_010	c370	17	10	587	1781	35	23	0.958	1.458	-0.188	
c370_17_011	c370	17	11	638	1754	77	63	2.625	3.208	-0.479	
c370_17_012	c370	17	12	755	1792	36	19	0.792	1.500	0.188	c370_17_m0238
c370_17_013	c370	17	13	783	1784	27	18	0.750	1.125	-0.167	
c370_17_014	c370	17	14	838	1785	31	30	1.250	1.292	0.125	
c370_17_015	c370	17	15	889	1792	30	19	0.792	1.250	0.188	
c370_17_016	c370	17	16	925	1790	27	20	0.833	1.125	0.125	
c370_17_017	c370	17	17	960	1770	45	58	2.417	1.875	0.083	
c370_17_018	c370	17	18	1008	1799	19	15	0.625	0.792	0.396	c370_17_m0246
c370_17_019	c370	17	19	1042	1790	26	21	0.875	1.083	0.146	
c370_17_020	c370	17	20	1092	1799	26	47	1.958	1.083	1.062	
c370_17_021	c370	17	21	1144	1799	33	21	0.875	1.375	0.521	
c370_17_022	c370	17	22	1200	1801	16	19	0.792	0.667	0.562	
c370_17_023	c370	17	23	1214	1797	30	26	1.083	1.250	0.542	
c370_17_024	c370	17	24	1266	1801	27	25	1.042	1.125	0.688	
c370_17_025	c370	17	25	1305	1792	65	60	2.500	2.708	1.042	
c370_17_026	c370	17	26	1389	1820	18	23	0.958	0.750	1.438	
c370_17_027	c370	17	27	1408	1752	12	20	0.833	0.500	-1.458	
c370_17_028	c370	17	28	1429	1810	27	28	1.167	1.125	1.125	
c370_17_029	c370	17	29	1491	1817	52	28	1.167	2.167	1.417	
c370_17_030	c370	17	30	1556	1831	18	26	1.083	0.750	1.958	
c370_17_031	c370	17	31	1579	1723	32	38	1.583	1.333	-2.292	
c370_17_032	c370	17	32	1595	1809	65	58	2.417	2.708	1.708	
c370_17_033	c370	17	33	1634	1765	8	18	0.750	0.333	-0.958	
c370_17_034	c370	17	34	1665	1825	20	29	1.208	0.833	1.771	
c370_17_035	c370	17	35	1774	1730	30	44	1.833	1.250	-1.875	c370_17_m0235
c370_17_036	c370	17	36	1875	1726	35	30	1.250	1.458	-2.333	c370_17_m0227|c370_17_m0233
c370_17_037	c370	17	37	1971	1741	37	60	2.500	1.542	-1.083	
c370_17_038	c370	17	38	2024	1740	32	20	0.833	1.333	-1.958	
c370_17_039	c370	17	39	2045	1777	14	21	0.875	0.583	-0.396	
c370_17_040	c370	17	40	2054	1828	14	22	0.917	0.583	1.750	
c370_17_041	c370	17	41	2061	1740	35	40	1.667	1.458	-1.542	
c370_17_042	c370	17	42	2120	1750	5	14	0.583	0.208	-1.667	c370_17_m0242
c370_17_043	c370	17	43	2125	1740	20	16	0.667	0.833	-2.042	c370_17_m0248
c370_17_044	c370	17	44	2149	1814	11	17	0.708	0.458	1.062	
c370_17_045	c370	17	45	2176	1717	50	53	2.208	2.083	-2.229	
c370_17_046	c370	17	46	2219	1740	33	21	0.875	1.375	-1.938	
c370_17_047	c370	17	47	2249	1735	28	22	0.917	1.167	-2.125	
c370_17_048	c370	17	48	2320	1812	5	9	0.375	0.208	0.812	
c370_17_049	c370	17	49	2333	1784	5	13	0.542	0.208	-0.271	c370_17_m0234
c370_17_050	c370	17	50	2338	1789	10	15	0.625	0.417	-0.021	c370_17_m0228|c370_17_m0230|c370_17_m0231|c370_17_m0236
c370_17_051	c370	17	51	2385	1815	15	43	1.792	0.625	1.646	c370_17_m0229|c370_17_m0232|c370_17_m0239|c370_17_m0249|c370_17_m0250
c370_18_001	c370	18	1	0	1943	25	37	1.542	1.042	2.771	
c370_18_002	c370	18	2	24	1959	8	11	0.458	0.333	2.896	
c370_18_003	c370	18	3	33	1955	10	20	0.833	0.417	2.917	
c370_18_004	c370	18	4	42	1935	8	24	1.000	0.333	2.167	
c370_18_005	c370	18	5	47	1963	6	14	0.583	0.250	3.125	
c370_18_006	c370	18	6	56	1932	29	44	1.833	1.208	2.458	
c370_18_007	c370	18	7	91	1935	9	38	1.583	0.375	2.458	
c370_18_008	c370	18	8	111	1959	5	12	0.500	0.208	2.917	
c370_18_009	c370	18	9	126	1968	9	8	0.333	0.375	3.208	
c370_18_010	c370	18	10	131	1898	24	14	0.583	1.000	0.417	
c370_18_011	c370	18	11	156	1909	28	5	0.208	1.167	0.688	
c370_18_012	c370	18	12	190	1867	24	28	1.167	1.000	-0.583	
c370_18_013	c370	18	13	246	1865	32	32	1.333	1.333	-0.583	c370_18_m0257
c370_18_014	c370	18	14	304	1948	12	29	1.208	0.500	2.812	
c370_18_015	c370	18	15	309	1875	30	25	1.042	1.250	-0.312	
c370_18_016	c370	18	16	364	1874	26	21	0.875	1.083	-0.438	
c370_18_017	c370	18	17	397	1851	86	77	3.208	3.583	-0.229	
c370_18_018	c370	18	18	505	1877	17	24	1.000	0.708	-0.250	c370_18_m0255
c370_18_019	c370	18	19	554	1881	34	24	1.000	1.417	-0.083	
c370_18_020	c370	18	20	609	1867	33	43	1.792	1.375	-0.271	c370_18_m0256
c370_18_021	c370	18	21	731	1883	19	24	1.000	0.792	0.000	
c370_18_022	c370	18	22	771	1889	31	21	0.875	1.292	0.188	c370_18_m0258
c370_18_023	c370	18	23	813	1924	7	8	0.333	0.292	1.375	
c370_18_024	c370	18	24	820	1895	21	33	1.375	0.875	0.688	
c370_18_025	c370	18	25	850	1865	16	36	1.500	0.667	-0.500	
c370_18_026	c370	18	26	865	1892	27	44	1.833	1.125	0.792	
c370_18_027	c370	18	27	932	1892	39	45	1.875	1.625	0.812	
c370_18_028	c370	18	28	961	1936	24	28	1.167	1.000	2.292	
c370_18_029	c370	18	29	985	1874	42	68	2.833	1.750	0.542	
c370_18_030	c370	18	30	1031	1878	24	45	1.875	1.000	0.229	
c370_18_031	c370	18	31	1075	1904	50	22	0.917	2.083	0.833	
c370_18_032	c370	18	32	1115	1874	41	40	1.667	1.708	-0.042	
c370_18_033	c370	18	33	1165	1909	28	21	0.875	1.167	1.021	
c370_18_034	c370	18	34	1209	1908	35	24	1.000	1.458	1.042	
c370_18_035	c370	18	35	1261	1912	10	21	0.875	0.417	1.146	
c370_18_036	c370	18	36	1272	1898	11	32	1.333	0.458	0.792	
c370_18_037	c370	18	37	1373	1915	40	40	1.667	1.667	1.667	
c370_18_038	c370	18	38	1436	1919	31	24	1.000	1.292	1.500	
c370_18_039	c370	18	39	1507	1923	32	30	1.250	1.333	1.792	
c370_18_040	c370	18	40	1562	1931	28	23	0.958	1.167	1.979	
c370_18_041	c370	18	41	1599	1932	21	20	0.833	0.875	1.958	
c370_18_042	c370	18	42	1629	1964	6	9	0.375	0.250	3.062	
c370_18_043	c370	18	43	1640	1938	14	30	1.250	0.583	2.417	
c370_18_044	c370	18	44	1668	1908	17	33	1.375	0.708	1.229	
c370_18_045	c370	18	45	1693	1933	17	27	1.125	0.708	2.146	
c370_18_046	c370	18	46	1704	1840	37	26	1.083	1.542	-1.750	
c370_18_047	c370	18	47	1716	1919	18	6	0.250	0.750	1.125	
c370_18_048	c370	18	48	1734	1936	28	23	0.958	1.167	2.188	
c370_18_049	c370	18	49	1771	1842	20	17	0.708	0.833	-1.854	c370_18_m0260
c370_18_050	c370	18	50	1778	1944	35	60	2.500	1.458	3.292	
c370_18_051	c370	18	51	1824	1843	13	16	0.667	0.542	-1.833	
c370_18_052	c370	18	52	1836	1942	39	23	0.958	1.625	2.438	
c370_18_053	c370	18	53	1842	1833	30	31	1.292	1.250	-1.938	
c370_18_054	c370	18	54	1887	1844	25	44	1.833	1.042	-1.208	
c370_18_055	c370	18	55	1905	1945	15	22	0.917	0.625	2.542	
c370_18_056	c370	18	56	1921	1941	36	28	1.167	1.500	2.500	
c370_18_057	c370	18	57	1928	1849	83	52	2.167	3.458	-0.833	
c370_18_058	c370	18	58	1976	1951	33	24	1.000	1.375	2.833	
c370_18_059	c370	18	59	2018	1949	18	26	1.083	0.750	2.792	
c370_18_060	c370	18	60	2021	1860	29	29	1.208	1.208	-0.854	c370_18_m0253
c370_18_061	c370	18	61	2064	1946	26	31	1.292	1.083	2.771	
c370_18_062	c370	18	62	2076	1875	15	23	0.958	0.625	-0.354	
c370_18_063	c370	18	63	2089	1850	19	16	0.667	0.792	-1.542	
c370_18_064	c370	18	64	2111	1955	23	20	0.833	0.958	2.917	
c370_18_065	c370	18	65	2123	1840	20	33	1.375	0.833	-1.604	
c370_18_066	c370	18	66	2151	1953	38	24	1.000	1.583	2.917	
c370_18_067	c370	18	67	2165	1848	25	25	1.042	1.042	-1.438	
c370_18_068	c370	18	68	2173	1902	16	17	0.708	0.667	0.646	
c370_18_069	c370	18	69	2181	1820	72	81	3.375	3.000	-1.438	c370_18_m0261
c370_18_070	c370	18	70	2226	1928	22	49	2.042	0.917	2.396	
c370_18_071	c370	18	71	2247	1815	54	67	2.792	2.250	-1.938	c370_18_m0254
c370_18_072	c370	18	72	2250	1959	28	22	0.917	1.167	3.125	
c370_18_073	c370	18	73	2285	1844	115	73	3.042	4.792	-0.604	c370_18_m0251|c370_18_m0252|c370_18_m0259
c370_18_074	c370	18	74	2286	1958	42	31	1.292	1.750	3.271	
c370_18_075	c370	18	75	2300	1928	8	12	0.500	0.333	1.625	
c370_18_076	c370	18	76	2311	1888	13	34	1.417	0.542	0.417	
c370_18_077	c370	18	77	2318	1925	7	12	0.500	0.292	1.500	
c370_18_078	c370	18	78	2322	1896	9	10	0.417	0.375	0.250	
c370_18_079	c370	18	79	2324	1957	8	15	0.625	0.333	2.896	
c370_18_080	c370	18	80	2328	1886	4	8	0.333	0.167	-0.208	
c370_18_081	c370	18	81	2330	1930	5	16	0.667	0.208	1.792	
c370_18_082	c370	18	82	2339	1895	9	19	0.792	0.375	0.396	
c370_18_083	c370	18	83	2344	1923	7	8	0.333	0.292	1.333	
c370_18_084	c370	18	84	2362	1884	6	21	0.875	0.250	-0.021	
c370_18_085	c370	18	85	2383	1915	14	28	1.167	0.583	1.417	
c370_19_001	c370	19	1	11	1981	16	23	0.958	0.667	-2.896	c370_19_m0262|c370_19_m0268|c370_19_m0274|c370_19_m0282
c370_19_002	c370	19	2	25	2025	12	59	2.458	0.500	-0.312	c370_19_m0264|c370_19_m0269
c370_19_003	c370	19	3	53	2060	8	22	0.917	0.333	0.375	c370_19_m0297|c370_19_m0298
c370_19_004	c370	19	4	91	2054	6	24	1.000	0.250	0.167	c370_19_m0265|c370_19_m0295|c370_19_m0300
c370_19_005	c370	19	5	132	2112	5	8	0.333	0.208	2.250	c370_19_m0263|c370_19_m0266|c370_19_m0273|c370_19_m0275|c370_19_m0276|c370_19_m0293
c370_19_006	c370	19	6	149	2045	91	75	3.125	3.792	0.854	c370_19_m0271|c370_19_m0279|c370_19_m0280|c370_19_m0281|c370_19_m0286|c370_19_m0287|c370_19_m0294|c370_19_m0299|c370_19_m0301
c370_19_007	c370	19	7	177	1969	31	24	1.000	1.292	-3.375	
c370_19_008	c370	19	8	224	2068	9	10	0.417	0.375	0.458	
c370_19_009	c370	19	9	230	1973	25	21	0.875	1.042	-3.271	
c370_19_010	c370	19	10	244	2088	36	70	2.917	1.500	2.542	
c370_19_011	c370	19	11	272	1975	26	37	1.542	1.083	-2.854	
c370_19_012	c370	19	12	300	2091	27	22	0.917	1.125	1.667	c370_19_m0267
c370_19_013	c370	19	13	312	1978	28	53	2.208	1.167	-2.396	
c370_19_014	c370	19	14	338	2092	36	27	1.125	1.500	1.812	
c370_19_015	c370	19	15	358	1981	23	18	0.750	0.958	-3.000	
c370_19_016	c370	19	16	361	2015	71	12	0.500	2.958	-1.708	
c370_19_017	c370	19	17	392	1975	21	25	1.042	0.875	-3.104	
c370_19_018	c370	19	18	406	2086	17	29	1.208	0.708	1.604	
c370_19_019	c370	19	19	431	1983	22	32	1.333	0.917	-2.625	
c370_19_020	c370	19	20	445	2094	27	24	1.000	1.125	1.833	
c370_19_021	c370	19	21	453	2027	42	10	0.417	1.750	-1.250	
c370_19_022	c370	19	22	480	1973	36	49	2.042	1.500	-2.688	
c370_19_023	c370	19	23	545	1974	32	37	1.542	1.333	-2.896	
c370_19_024	c370	19	24	593	1994	24	36	1.500	1.000	-2.083	
c370_19_025	c370	19	25	613	2093	25	30	1.250	1.042	1.917	
c370_19_026	c370	19	26	642	2080	14	9	0.375	0.583	0.938	
c370_19_027	c370	19	27	645	1994	32	21	0.875	1.333	-2.396	
c370_19_028	c370	19	28	661	2099	15	11	0.458	0.625	1.771	
c370_19_029	c370	19	29	664	2032	32	22	0.917	1.333	-0.792	
c370_19_030	c370	19	30	694	1972	44	53	2.208	1.833	-2.646	
c370_19_031	c370	19	31	737	1997	29	22	0.917	1.208	-2.250	
c370_19_032	c370	19	32	786	2107	29	19	0.792	1.208	2.271	
c370_19_033	c370	19	33	790	1993	24	28	1.167	1.000	-2.292	
c370_19_034	c370	19	34	829	2075	48	74	3.083	2.000	2.083	
c370_19_035	c370	19	35	851	1998	33	26	1.083	1.375	-2.125	
c370_19_036	c370	19	36	868	2047	14	24	1.000	0.583	-0.125	
c370_19_037	c370	19	37	896	1978	45	72	3.000	1.875	-2.000	
c370_19_038	c370	19	38	950	2017	27	22	0.917	1.125	-1.417	c370_19_m0283
c370_19_039	c370	19	39	978	1987	12	27	1.125	0.500	-2.562	
c370_19_040	c370	19	40	997	2020	7	31	1.292	0.292	-1.104	
c370_19_041	c370	19	41	1007	2009	27	16	0.667	1.125	-1.875	
c370_19_042	c370	19	42	1013	2091	15	8	0.333	0.625	1.375	
c370_19_043	c370	19	43	1062	2095	15	9	0.375	0.625	1.562	
c370_19_044	c370	19	44	1063	2010	30	27	1.125	1.250	-1.604	
c370_19_045	c370	19	45	1121	1996	24	40	1.667	1.000	-1.917	
c370_19_046	c370	19	46	1155	2019	18	22	0.917	0.750	-1.333	
c370_19_047	c370	19	47	1194	2019	25	32	1.333	1.042	-1.125	
c370_19_048	c370	19	48	1228	1993	16	24	1.000	0.667	-2.375	c370_19_m0292
c370_19_049	c370	19	49	1244	2022	29	42	1.750	1.208	-0.792	
c370_19_050	c370	19	50	1294	2022	29	25	1.042	1.208	-1.146	
c370_19_051	c370	19	51	1338	2002	58	41	1.708	2.417	-1.646	
c370_19_052	c370	19	52	1386	2025	35	34	1.417	1.458	-0.833	
c370_19_053	c370	19	53	1432	2032	26	21	0.875	1.083	-0.812	
c370_19_054	c370	19	54	1465	2008	68	59	2.458	2.833	-1.021	
c370_19_055	c370	19	55	1524	2037	29	43	1.792	1.208	-0.146	
c370_19_056	c370	19	56	1576	2021	20	34	1.417	0.833	-1.000	
c370_19_057	c370	19	57	1613	2037	39	24	1.000	1.625	-0.542	c370_19_m0284
c370_19_058	c370	19	58	1675	2041	27	26	1.083	1.125	-0.333	
c370_19_059	c370	19	59	1726	2023	62	58	2.417	2.583	-0.417	
c370_19_060	c370	19	60	1793	2052	21	42	1.750	0.875	0.458	
c370_19_061	c370	19	61	1835	2053	8	15	0.625	0.333	-0.062	
c370_19_062	c370	19	62	1841	2048	9	12	0.500	0.375	-0.333	
c370_19_063	c370	19	63	1853	2043	28	30	1.250	1.167	-0.167	
c370_19_064	c370	19	64	1895	2048	29	21	0.875	1.208	-0.146	
c370_19_065	c370	19	65	1935	2082	17	28	1.167	0.708	1.417	
c370_19_066	c370	19	66	1951	2054	14	15	0.625	0.583	-0.021	
c370_19_067	c370	19	67	1984	2046	19	27	1.125	0.792	-0.104	
c370_19_068	c370	19	68	2040	2016	60	92	3.833	2.500	0.000	c370_19_m0290
c370_19_069	c370	19	69	2118	2058	56	76	3.167	2.333	1.417	
c370_19_070	c370	19	70	2190	2058	27	22	0.917	1.125	0.292	
c370_19_071	c370	19	71	2201	1957	25	43	1.792	1.042	-3.479	
c370_19_072	c370	19	72	2257	2059	8	9	0.375	0.333	0.062	
c370_19_073	c370	19	73	2331	1958	19	40	1.667	0.792	-3.500	c370_19_m0272|c370_19_m0277|c370_19_m0278|c370_19_m0285|c370_19_m0288|c370_19_m0291|c370_19_m0296
c370_19_074	c370	19	74	2346	1996	8	15	0.625	0.333	-2.438	
c370_19_075	c370	19	75	2347	2094	10	18	0.750	0.417	1.708	c370_19_m0270|c370_19_m0289
c370_19_076	c370	19	76	2362	2108	13	10	0.417	0.542	2.125	
c370_19_077	c370	19	77	2385	2095	9	25	1.042	0.375	1.896	
c370_20_001	c370	20	1	0	2146	45	28	1.167	1.875	-0.667	c370_20_m0304|c370_20_m0309|c370_20_m0315
c370_20_002	c370	20	2	50	2140	99	38	1.583	4.125	-0.708	c370_20_m0305|c370_20_m0306|c370_20_m0314|c370_20_m0316|c370_20_m0318|c370_20_m0321|c370_20_m0322|c370_20_m0323|c370_20_m0327|c370_20_m0328|c370_20_m0332
c370_20_003	c370	20	3	123	2239	53	12	0.500	2.208	2.875	c370_20_m0308
c370_20_004	c370	20	4	150	2128	14	15	0.625	0.583	-1.688	
c370_20_005	c370	20	5	170	2188	93	54	2.250	3.875	1.625	
c370_20_006	c370	20	6	302	2194	29	22	0.917	1.208	1.208	
c370_20_007	c370	20	7	351	2198	19	23	0.958	0.792	1.396	
c370_20_008	c370	20	8	370	2177	27	8	0.333	1.125	0.208	
c370_20_009	c370	20	9	388	2187	34	28	1.167	1.417	1.042	
c370_20_010	c370	20	10	440	2201	33	36	1.500	1.375	1.792	
c370_20_011	c370	20	11	496	2099	35	51	2.125	1.458	-2.146	
c370_20_012	c370	20	12	502	2209	23	21	0.875	0.958	1.812	
c370_20_013	c370	20	13	533	2202	25	21	0.875	1.042	1.521	
c370_20_014	c370	20	14	548	2100	46	46	1.917	1.917	-2.208	
c370_20_015	c370	20	15	573	2211	29	18	0.750	1.208	1.833	
c370_20_016	c370	20	16	628	2208	30	22	0.917	1.250	1.792	c370_20_m0329
c370_20_017	c370	20	17	666	2212	29	23	0.958	1.208	1.979	
c370_20_018	c370	20	18	672	2104	26	44	1.833	1.083	-2.083	
c370_20_019	c370	20	19	694	2195	31	13	0.542	1.292	1.062	
c370_20_020	c370	20	20	720	2207	35	25	1.042	1.458	1.812	
c370_20_021	c370	20	21	725	2101	51	38	1.583	2.125	-2.333	
c370_20_022	c370	20	22	763	2191	60	84	3.500	2.500	2.375	c370_20_m0325|c370_20_m0330
c370_20_023	c370	20	23	818	2194	42	58	2.417	1.750	1.958	
c370_20_024	c370	20	24	837	2110	17	28	1.167	0.708	-2.167	
c370_20_025	c370	20	25	862	2222	28	42	1.750	1.167	2.792	
c370_20_026	c370	20	26	883	2109	36	37	1.542	1.500	-2.021	
c370_20_027	c370	20	27	909	2194	69	59	2.458	2.875	1.979	
c370_20_028	c370	20	28	929	2115	38	52	2.167	1.583	-1.458	
c370_20_029	c370	20	29	933	2223	30	30	1.250	1.250	2.583	
c370_20_030	c370	20	30	984	2098	22	41	1.708	0.917	-2.396	
c370_20_031	c370	20	31	984	2225	28	24	1.000	1.167	2.542	
c370_20_032	c370	20	32	1036	2225	11	9	0.375	0.458	2.229	
c370_20_033	c370	20	33	1045	2124	17	35	1.458	0.708	-1.438	
c370_20_034	c370	20	34	1082	2119	25	24	1.000	1.042	-1.875	
c370_20_035	c370	20	35	1086	2223	19	29	1.208	0.792	2.562	
c370_20_036	c370	20	36	1107	2212	22	9	0.375	0.917	1.688	
c370_20_037	c370	20	37	1120	2230	27	25	1.042	1.125	2.771	
c370_20_038	c370	20	38	1134	2125	28	16	0.667	1.167	-1.792	c370_20_m0302|c370_20_m0319
c370_20_039	c370	20	39	1176	2229	32	22	0.917	1.333	2.667	
c370_20_040	c370	20	40	1181	2125	19	26	1.083	0.792	-1.583	
c370_20_041	c370	20	41	1224	2233	16	21	0.875	0.667	2.812	
c370_20_042	c370	20	42	1228	2117	24	29	1.208	1.000	-1.854	
c370_20_043	c370	20	43	1282	2126	20	24	1.000	0.833	-1.583	
c370_20_044	c370	20	44	1284	2178	20	21	0.875	0.833	0.521	
c370_20_045	c370	20	45	1311	2102	49	75	3.125	2.042	-1.521	
c370_20_046	c370	20	46	1355	2174	51	10	0.417	2.125	0.125	
c370_20_047	c370	20	47	1355	2218	15	29	1.208	0.625	2.354	
c370_20_048	c370	20	48	1367	2137	27	19	0.792	1.125	-1.229	
c370_20_049	c370	20	49	1421	2136	22	32	1.333	0.917	-1.000	
c370_20_050	c370	20	50	1464	2148	10	42	1.750	0.417	-0.292	
c370_20_051	c370	20	51	1475	2137	15	16	0.667	0.625	-1.292	
c370_20_052	c370	20	52	1507	2136	16	22	0.917	0.667	-1.208	
c370_20_053	c370	20	53	1559	2146	22	22	0.917	0.917	-0.792	
c370_20_054	c370	20	54	1564	2226	15	22	0.917	0.625	2.542	
c370_20_055	c370	20	55	1598	2150	21	18	0.750	0.875	-0.708	
c370_20_056	c370	20	56	1613	2200	25	7	0.292	1.042	1.146	
c370_20_057	c370	20	57	1644	2143	34	49	2.042	1.417	-0.354	
c370_20_058	c370	20	58	1696	2152	22	27	1.125	0.917	-0.438	
c370_20_059	c370	20	59	1733	2160	30	42	1.750	1.250	0.208	
c370_20_060	c370	20	60	1786	2145	20	34	1.417	0.833	-0.583	
c370_20_061	c370	20	61	1833	2161	29	21	0.875	1.208	-0.188	c370_20_m0320
c370_20_062	c370	20	62	1876	2151	16	32	1.333	0.667	-0.375	c370_20_m0326
c370_20_063	c370	20	63	1917	2162	42	36	1.500	1.750	0.167	
c370_20_064	c370	20	64	1978	2158	41	31	1.292	1.708	-0.104	
c370_20_065	c370	20	65	2022	2167	31	24	1.000	1.292	0.125	
c370_20_066	c370	20	66	2070	2163	32	24	1.000	1.333	-0.042	
c370_20_067	c370	20	67	2113	2169	23	25	1.042	0.958	0.229	
c370_20_068	c370	20	68	2155	2148	44	59	2.458	1.833	0.062	
c370_20_069	c370	20	69	2193	2163	44	31	1.292	1.833	0.104	
c370_20_070	c370	20	70	2236	2170	41	28	1.167	1.708	0.333	
c370_20_071	c370	20	71	2288	2176	8	8	0.333	0.333	0.167	c370_20_m0310
c370_20_072	c370	20	72	2302	2174	17	30	1.250	0.708	0.542	
c370_20_073	c370	20	73	2318	2178	11	14	0.583	0.458	0.375	c370_20_m0312|c370_20_m0331
c370_20_074	c370	20	74	2338	2169	33	44	1.833	1.375	0.625	c370_20_m0303|c370_20_m0307|c370_20_m0313|c370_20_m0317|c370_20_m0324|c370_20_m0333
c370_20_075	c370	20	75	2350	2219	7	18	0.750	0.292	2.167	
c370_20_076	c370	20	76	2354	2151	12	18	0.750	0.500	-0.667	
c370_20_077	c370	20	77	2355	2114	8	14	0.583	0.333	-2.292	
c370_20_078	c370	20	78	2356	2180	10	14	0.583	0.417	0.458	
c370_20_079	c370	20	79	2359	2134	15	27	1.125	0.625	-1.188	c370_20_m0311
c370_20_080	c370	20	80	2368	2162	11	11	0.458	0.458	-0.354	
c370_20_081	c370	20	81	2374	2119	21	45	1.875	0.875	-1.438	
c370_21_001	c370	21	1	166	2307	18	36	1.500	0.750	0.375	
c370_21_002	c370	21	2	196	2301	25	40	1.667	1.042	0.208	
c370_21_003	c370	21	3	219	2280	29	37	1.542	1.208	-0.729	
c370_21_004	c370	21	4	257	2298	33	29	1.208	1.375	-0.146	
c370_21_005	c370	21	5	313	2292	53	29	1.208	2.208	-0.396	
c370_21_006	c370	21	6	378	2299	40	25	1.042	1.667	-0.188	
c370_21_007	c370	21	7	431	2303	30	45	1.875	1.250	0.396	
c370_21_008	c370	21	8	503	2303	32	30	1.250	1.333	0.083	
c370_21_009	c370	21	9	553	2308	25	22	0.917	1.042	0.125	
c370_21_010	c370	21	10	567	2241	20	24	1.000	0.833	-2.625	c370_21_m0348
c370_21_011	c370	21	11	595	2310	23	20	0.833	0.958	0.167	
c370_21_012	c370	21	12	637	2310	26	23	0.958	1.083	0.229	
c370_21_013	c370	21	13	696	2305	49	31	1.292	2.042	0.188	
c370_21_014	c370	21	14	738	2261	28	27	1.125	1.167	-1.729	c370_21_m0342
c370_21_015	c370	21	15	761	2302	19	36	1.500	0.792	0.167	
c370_21_016	c370	21	16	794	2292	72	63	2.625	3.000	0.312	c370_21_m0350
c370_21_017	c370	21	17	854	2317	83	38	1.583	3.458	0.833	
c370_21_018	c370	21	18	953	2332	30	30	1.250	1.250	1.292	
c370_21_019	c370	21	19	982	2295	30	57	2.375	1.250	0.312	
c370_21_020	c370	21	20	1029	2332	23	34	1.417	0.958	1.375	c370_21_m0335
c370_21_021	c370	21	21	1052	2338	11	8	0.333	0.458	1.083	
c370_21_022	c370	21	22	1064	2309	14	24	1.000	0.583	0.208	
c370_21_023	c370	21	23	1079	2327	19	30	1.250	0.792	1.083	
c370_21_024	c370	21	24	1117	2338	27	23	0.958	1.125	1.396	
c370_21_025	c370	21	25	1161	2344	25	21	0.875	1.042	1.604	
c370_21_026	c370	21	26	1240	2231	38	27	1.125	1.583	-2.979	
c370_21_027	c370	21	27	1283	2238	28	23	0.958	1.167	-2.771	
c370_21_028	c370	21	28	1323	2240	27	38	1.583	1.125	-2.375	
c370_21_029	c370	21	29	1367	2245	22	19	0.792	0.917	-2.562	
c370_21_030	c370	21	30	1397	2240	20	23	0.958	0.833	-2.688	
c370_21_031	c370	21	31	1448	2247	30	22	0.917	1.250	-2.417	c370_21_m0349
c370_21_032	c370	21	32	1450	2300	26	38	1.583	1.083	0.125	
c370_21_033	c370	21	33	1474	2222	52	72	3.000	2.167	-2.417	
c370_21_034	c370	21	34	1524	2250	41	38	1.583	1.708	-1.958	
c370_21_035	c370	21	35	1586	2257	34	42	1.750	1.417	-1.583	c370_21_m0341|c370_21_m0344|c370_21_m0347|c370_21_m0353
c370_21_036	c370	21	36	1658	2307	63	12	0.500	2.625	-0.125	c370_21_m0340|c370_21_m0345
c370_21_037	c370	21	37	1680	2259	19	25	1.042	0.792	-1.854	
c370_21_038	c370	21	38	1723	2262	23	38	1.583	0.958	-1.458	
c370_21_039	c370	21	39	1755	2262	58	58	2.417	2.417	-1.042	c370_21_m0343
c370_21_040	c370	21	40	1833	2265	43	75	3.125	1.792	-0.562	
c370_21_041	c370	21	41	1879	2265	12	14	0.583	0.500	-1.833	
c370_21_042	c370	21	42	1904	2260	38	34	1.417	1.583	-1.625	c370_21_m0346
c370_21_043	c370	21	43	1967	2259	15	26	1.083	0.625	-1.833	
c370_21_044	c370	21	44	1990	2264	30	25	1.042	1.250	-1.646	c370_21_m0336
c370_21_045	c370	21	45	2046	2251	21	47	1.958	0.875	-1.729	
c370_21_046	c370	21	46	2086	2258	18	31	1.292	0.750	-1.771	
c370_21_047	c370	21	47	2088	2327	22	17	0.708	0.917	0.812	c370_21_m0337
c370_21_048	c370	21	48	2115	2240	51	78	3.250	2.125	-1.542	
c370_21_049	c370	21	49	2165	2248	51	56	2.333	2.125	-1.667	
c370_21_050	c370	21	50	2220	2268	34	56	2.333	1.417	-0.833	
c370_21_051	c370	21	51	2297	2303	17	18	0.750	0.708	-0.167	c370_21_m0351
c370_21_052	c370	21	52	2327	2314	13	13	0.542	0.542	0.188	c370_21_m0334|c370_21_m0338|c370_21_m0339|c370_21_m0352
c370_22_001	c370	22	1	156	2396	31	31	1.292	1.292	0.938	
c370_22_002	c370	22	2	207	2384	21	49	2.042	0.875	0.812	
c370_22_003	c370	22	3	242	2404	21	23	0.958	0.875	1.104	
c370_22_004	c370	22	4	280	2391	27	25	1.042	1.125	0.604	
c370_22_005	c370	22	5	324	2407	6	13	0.542	0.250	1.021	
c370_22_006	c370	22	6	331	2399	19	19	0.792	0.792	0.812	c370_22_m0356
c370_22_007	c370	22	7	381	2402	24	23	0.958	1.000	1.021	
c370_22_008	c370	22	8	417	2397	42	46	1.917	1.750	1.292	
c370_22_009	c370	22	9	522	2407	20	22	0.917	0.833	1.208	
c370_22_010	c370	22	10	546	2407	37	23	0.958	1.542	1.229	
c370_22_011	c370	22	11	601	2411	25	37	1.542	1.042	1.688	
c370_22_012	c370	22	12	630	2387	19	35	1.458	0.792	0.646	
c370_22_013	c370	22	13	653	2404	17	29	1.208	0.708	1.229	
c370_22_014	c370	22	14	669	2396	18	7	0.292	0.750	0.438	
c370_22_015	c370	22	15	694	2416	21	29	1.208	0.875	1.729	
c370_22_016	c370	22	16	739	2426	16	17	0.708	0.667	1.896	
c370_22_017	c370	22	17	775	2422	22	12	0.500	0.917	1.625	
c370_22_018	c370	22	18	808	2409	9	21	0.875	0.375	1.271	
c370_22_019	c370	22	19	827	2424	21	22	0.917	0.875	1.917	
c370_22_020	c370	22	20	863	2396	44	62	2.583	1.833	1.583	
c370_22_021	c370	22	21	977	2423	49	30	1.250	2.042	2.042	c370_22_m0354|c370_22_m0359
c370_22_022	c370	22	22	1195	2338	27	27	1.125	1.125	-1.562	
c370_22_023	c370	22	23	1253	2344	24	22	0.917	1.000	-1.417	
c370_22_024	c370	22	24	1298	2352	22	25	1.042	0.917	-1.021	
c370_22_025	c370	22	25	1406	2350	18	25	1.042	0.750	-1.104	
c370_22_026	c370	22	26	1446	2355	13	21	0.875	0.542	-0.979	
c370_22_027	c370	22	27	1467	2346	33	34	1.417	1.375	-1.083	
c370_22_028	c370	22	28	1503	2359	30	23	0.958	1.250	-0.771	
c370_22_029	c370	22	29	1546	2376	19	59	2.458	0.792	0.688	
c370_22_030	c370	22	30	1557	2435	25	10	0.417	1.042	2.125	
c370_22_031	c370	22	31	1561	2365	16	16	0.667	0.667	-0.667	
c370_22_032	c370	22	32	1596	2355	17	27	1.125	0.708	-0.854	
c370_22_033	c370	22	33	1649	2371	23	24	1.000	0.958	-0.250	
c370_22_034	c370	22	34	1702	2354	69	41	1.708	2.875	-0.604	
c370_22_035	c370	22	35	1792	2361	41	40	1.667	1.708	-0.333	
c370_22_036	c370	22	36	1852	2359	26	41	1.708	1.083	-0.396	
c370_22_037	c370	22	37	1904	2379	22	11	0.458	0.917	-0.188	
c370_22_038	c370	22	38	1941	2377	23	22	0.917	0.958	-0.042	
c370_22_039	c370	22	39	1978	2379	20	48	2.000	0.833	0.583	
c370_22_040	c370	22	40	1998	2379	8	15	0.625	0.333	-0.104	
c370_22_041	c370	22	41	2023	2377	26	23	0.958	1.083	-0.021	
c370_22_042	c370	22	42	2069	2373	33	25	1.042	1.375	-0.146	
c370_22_043	c370	22	43	2116	2380	8	8	0.333	0.333	-0.208	c370_22_m0358
c370_22_044	c370	22	44	2163	2377	31	23	0.958	1.292	-0.021	
c370_22_045	c370	22	45	2214	2382	23	38	1.583	0.958	0.500	
c370_22_046	c370	22	46	2255	2353	55	71	2.958	2.292	-0.021	
c370_22_047	c370	22	47	2298	2377	42	36	1.500	1.750	0.250	
c370_22_048	c370	22	48	2319	2429	8	13	0.542	0.333	1.938	
c370_22_049	c370	22	49	2329	2431	8	12	0.500	0.333	2.000	
c370_22_050	c370	22	50	2335	2356	34	75	3.125	1.417	0.188	c370_22_m0355|c370_22_m0357|c370_22_m0360|c370_22_m0361|c370_22_m0362
c370_23_001	c370	23	1	144	2503	44	52	2.167	1.833	1.583	
c370_23_002	c370	23	2	205	2512	26	15	0.625	1.083	1.188	
c370_23_003	c370	23	3	246	2502	24	30	1.250	1.000	1.083	
c370_23_004	c370	23	4	286	2510	35	36	1.500	1.458	1.542	
c370_23_005	c370	23	5	323	2422	32	37	1.542	1.333	-2.104	
c370_23_006	c370	23	6	329	2480	71	84	3.500	2.958	1.292	
c370_23_007	c370	23	7	404	2493	49	45	1.875	2.042	1.021	
c370_23_008	c370	23	8	442	2515	27	25	1.042	1.125	1.521	
c370_23_009	c370	23	9	496	2522	40	19	0.792	1.667	1.688	
c370_23_010	c370	23	10	532	2484	40	40	1.667	1.667	0.542	
c370_23_011	c370	23	11	582	2529	22	37	1.542	0.917	2.354	
c370_23_012	c370	23	12	616	2521	34	25	1.042	1.417	1.771	
c370_23_013	c370	23	13	667	2529	42	25	1.042	1.750	2.104	c370_23_m0363
c370_23_014	c370	23	14	715	2520	45	40	1.667	1.875	2.042	
c370_23_015	c370	23	15	768	2537	80	23	0.958	3.333	2.396	
c370_23_016	c370	23	16	775	2434	31	24	1.000	1.292	-1.875	
c370_23_017	c370	23	17	835	2462	27	25	1.042	1.125	-0.688	
c370_23_018	c370	23	18	856	2454	20	19	0.792	0.833	-1.146	
c370_23_019	c370	23	19	911	2430	40	32	1.333	1.667	-1.875	
c370_23_020	c370	23	20	966	2531	15	9	0.375	0.625	1.854	
c370_23_021	c370	23	21	989	2520	46	50	2.083	1.917	2.250	
c370_23_022	c370	23	22	1031	2437	19	37	1.542	0.792	-1.479	
c370_23_023	c370	23	23	1072	2434	29	24	1.000	1.208	-1.875	
c370_23_024	c370	23	24	1073	2520	13	28	1.167	0.542	1.792	
c370_23_025	c370	23	25	1115	2440	19	17	0.708	0.792	-1.771	c370_23_m0366
c370_23_026	c370	23	26	1166	2437	27	28	1.167	1.125	-1.667	
c370_23_027	c370	23	27	1223	2449	29	22	0.917	1.208	-1.292	
c370_23_028	c370	23	28	1270	2430	47	59	2.458	1.958	-1.312	
c370_23_029	c370	23	29	1320	2481	18	24	1.000	0.750	0.083	c370_23_m0369|c370_23_m0371
c370_23_030	c370	23	30	1333	2455	17	18	0.750	0.708	-1.125	
c370_23_031	c370	23	31	1432	2453	36	24	1.000	1.500	-1.083	c370_23_m0367|c370_23_m0370
c370_23_032	c370	23	32	1476	2459	34	46	1.917	1.417	-0.375	
c370_23_033	c370	23	33	1532	2453	18	29	1.208	0.750	-0.979	
c370_23_034	c370	23	34	1573	2467	23	25	1.042	0.958	-0.479	
c370_23_035	c370	23	35	1610	2468	33	46	1.917	1.375	0.000	c370_23_m0372
c370_23_036	c370	23	36	1675	2469	16	28	1.167	0.667	-0.333	
c370_23_037	c370	23	37	1714	2461	58	35	1.458	2.417	-0.521	
c370_23_038	c370	23	38	1787	2478	26	21	0.875	1.083	-0.104	
c370_23_039	c370	23	39	1840	2482	22	16	0.667	0.917	-0.042	c370_23_m0368
c370_23_040	c370	23	40	1888	2479	20	22	0.917	0.833	-0.042	
c370_23_041	c370	23	41	1908	2520	13	24	1.000	0.542	1.708	
c370_23_042	c370	23	42	1910	2476	10	8	0.333	0.417	-0.458	
c370_23_043	c370	23	43	1929	2450	43	77	3.208	1.792	-0.104	
c370_23_044	c370	23	44	1980	2473	35	29	1.208	1.458	-0.146	
c370_23_045	c370	23	45	2027	2466	30	37	1.542	1.250	-0.271	
c370_23_046	c370	23	46	2085	2483	30	22	0.917	1.250	0.125	
c370_23_047	c370	23	47	2130	2485	21	30	1.250	0.875	0.375	
c370_23_048	c370	23	48	2142	2472	68	74	3.083	2.833	0.750	
c370_23_049	c370	23	49	2223	2460	38	49	2.042	1.583	-0.271	
c370_23_050	c370	23	50	2321	2455	12	39	1.625	0.500	-0.688	c370_23_m0364|c370_23_m0365|c370_23_m0373|c370_23_m0374
c370_24_001	c370	24	1	286	2548	14	25	1.042	0.583	-1.896	c370_24_m0383
c370_24_002	c370	24	2	322	2565	22	23	0.958	0.917	-1.229	c370_24_m0378
c370_24_003	c370	24	3	881	2542	31	23	0.958	1.292	-2.188	
c370_24_004	c370	24	4	926	2541	39	32	1.333	1.625	-2.042	
c370_24_005	c370	24	5	1026	2552	21	35	1.458	0.875	-1.521	c370_24_m0377
c370_24_006	c370	24	6	1082	2556	20	27	1.125	0.833	-1.521	
c370_24_007	c370	24	7	1096	2598	76	16	0.667	3.167	0.000	
c370_24_008	c370	24	8	1119	2553	30	25	1.042	1.250	-1.688	
c370_24_009	c370	24	9	1167	2562	26	35	1.458	1.083	-1.104	c370_24_m0379|c370_24_m0381|c370_24_m0384
c370_24_010	c370	24	10	1266	2566	26	26	1.083	1.083	-1.125	
c370_24_011	c370	24	11	1309	2574	20	30	1.250	0.833	-0.708	
c370_24_012	c370	24	12	1364	2538	26	61	2.542	1.083	-1.562	
c370_24_013	c370	24	13	1384	2580	17	20	0.833	0.708	-0.667	
c370_24_014	c370	24	14	1402	2582	40	20	0.833	1.667	-0.583	c370_24_m0376
c370_24_015	c370	24	15	1447	2582	45	22	0.917	1.875	-0.542	
c370_24_016	c370	24	16	1530	2576	24	34	1.417	1.000	-0.542	c370_24_m0386
c370_24_017	c370	24	17	1532	2632	16	31	1.292	0.667	1.729	
c370_24_018	c370	24	18	1559	2631	8	19	0.792	0.333	1.438	
c370_24_019	c370	24	19	1565	2558	58	79	3.292	2.417	-0.354	c370_24_m0380
c370_24_020	c370	24	20	1621	2589	38	25	1.042	1.583	-0.188	
c370_24_021	c370	24	21	1678	2588	38	32	1.333	1.583	-0.083	
c370_24_022	c370	24	22	1728	2597	29	21	0.875	1.208	0.062	
c370_24_023	c370	24	23	1760	2590	30	26	1.083	1.250	-0.125	
c370_24_024	c370	24	24	1800	2619	22	41	1.708	0.917	1.396	
c370_24_025	c370	24	25	1813	2600	18	21	0.875	0.750	0.188	
c370_24_026	c370	24	26	1851	2606	20	11	0.458	0.833	0.229	
c370_24_027	c370	24	27	1854	2658	32	10	0.417	1.333	2.375	
c370_24_028	c370	24	28	1896	2630	9	27	1.125	0.375	1.562	
c370_24_029	c370	24	29	1903	2606	21	18	0.750	0.875	0.375	
c370_24_030	c370	24	30	1943	2609	22	26	1.083	0.917	0.667	
c370_24_031	c370	24	31	1990	2615	14	31	1.292	0.583	1.021	
c370_24_032	c370	24	32	2005	2651	26	8	0.333	1.083	2.042	
c370_24_033	c370	24	33	2030	2610	76	54	2.250	3.167	1.292	
c370_24_034	c370	24	34	2126	2605	109	70	2.917	4.542	1.417	
c370_24_035	c370	24	35	2240	2594	53	85	3.542	2.208	1.271	
c370_24_036	c370	24	36	2278	2744	9	8	0.333	0.375	5.917	
c370_24_037	c370	24	37	2285	2761	38	34	1.417	1.583	7.167	c370_24_m0385
c370_24_038	c370	24	38	2286	2729	8	16	0.667	0.333	5.458	
c370_24_039	c370	24	39	2293	2705	8	23	0.958	0.333	4.604	
c370_24_040	c370	24	40	2297	2597	7	8	0.333	0.292	-0.208	
c370_24_041	c370	24	41	2297	2720	30	40	1.667	1.250	5.583	
c370_24_042	c370	24	42	2301	2609	15	18	0.750	0.625	0.500	
c370_24_043	c370	24	43	2301	2702	9	13	0.542	0.375	4.271	
c370_24_044	c370	24	44	2303	2744	16	34	1.417	0.667	6.458	
c370_24_045	c370	24	45	2313	2699	8	9	0.375	0.333	4.062	
c370_24_046	c370	24	46	2320	2776	8	9	0.375	0.333	7.271	c370_24_m0375|c370_24_m0382
c371_01_001	c371	1	1	27	67	38	25	0.610	0.927	0.037	
c371_01_002	c371	1	2	92	69	39	56	1.366	0.951	0.463	
c371_01_003	c371	1	3	158	63	41	27	0.659	1.000	-0.037	
c371_01_004	c371	1	4	210	64	30	29	0.707	0.732	0.012	
c371_01_005	c371	1	5	258	42	53	68	1.659	1.293	-0.049	
c371_01_006	c371	1	6	315	63	37	61	1.488	0.902	0.378	
c371_01_007	c371	1	7	380	33	58	61	1.488	1.415	-0.354	
c371_01_008	c371	1	8	442	24	85	105	2.561	2.073	-0.037	
c371_01_009	c371	1	9	547	64	35	28	0.683	0.854	0.000	
c371_01_010	c371	1	10	571	100	48	47	1.146	1.171	1.110	
c371_01_011	c371	1	11	602	22	64	81	1.976	1.561	-0.378	
c371_01_012	c371	1	12	666	56	48	30	0.732	1.171	-0.171	
c371_01_013	c371	1	13	737	55	35	35	0.854	0.854	-0.134	
c371_01_014	c371	1	14	789	27	83	77	1.878	2.024	-0.305	
c371_01_015	c371	1	15	863	68	27	27	0.659	0.659	0.085	
c371_01_016	c371	1	16	910	57	29	33	0.805	0.707	-0.110	
c371_01_017	c371	1	17	964	57	42	43	1.049	1.024	0.012	
c371_01_018	c371	1	18	1026	70	26	30	0.732	0.634	0.171	
c371_01_019	c371	1	19	1043	50	81	80	1.951	1.976	0.293	
c371_01_020	c371	1	20	1148	64	36	29	0.707	0.878	0.012	c371_01_m0002
c371_01_021	c371	1	21	1208	20	88	83	2.024	2.146	-0.402	
c371_01_022	c371	1	22	1296	64	37	27	0.659	0.902	-0.012	
c371_01_023	c371	1	23	1349	64	44	28	0.683	1.073	0.000	
c371_01_024	c371	1	24	1412	38	36	44	1.073	0.878	-0.439	
c371_01_025	c371	1	25	1457	59	32	31	0.756	0.780	-0.085	c371_01_m0001
c371_01_026	c371	1	26	1519	63	39	31	0.756	0.951	0.012	
c371_01_027	c371	1	27	1576	62	35	33	0.805	0.854	0.012	
c371_01_028	c371	1	28	1643	15	109	143	3.488	2.659	0.207	
c371_01_029	c371	1	29	1755	59	31	33	0.805	0.756	-0.061	
c371_01_030	c371	1	30	1800	60	37	31	0.756	0.902	-0.061	
c371_01_031	c371	1	31	1865	59	46	64	1.561	1.122	0.317	
c371_01_032	c371	1	32	1925	58	32	31	0.756	0.780	-0.110	
c371_01_033	c371	1	33	1989	59	32	32	0.780	0.780	-0.073	
c371_01_034	c371	1	34	2047	61	48	36	0.878	1.171	0.024	
c371_01_035	c371	1	35	2104	60	75	97	2.366	1.829	0.744	
c371_01_036	c371	1	36	2200	74	36	52	1.268	0.878	0.537	
c371_01_037	c371	1	37	2255	97	16	17	0.415	0.390	0.671	
c371_01_038	c371	1	38	2289	84	36	37	0.902	0.878	0.598	
c371_01_039	c371	1	39	2338	107	19	24	0.585	0.463	1.000	
c371_01_040	c371	1	40	2365	119	9	25	0.610	0.220	1.305	
c371_02_001	c371	2	1	16	179	39	32	0.780	0.951	0.098	
c371_02_002	c371	2	2	73	178	43	60	1.463	1.049	0.415	
c371_02_003	c371	2	3	142	148	56	59	1.439	1.366	-0.329	
c371_02_004	c371	2	4	195	170	99	71	1.732	2.415	0.354	
c371_02_005	c371	2	5	314	183	42	43	1.049	1.024	0.329	
c371_02_006	c371	2	6	365	147	19	39	0.951	0.463	-0.598	
c371_02_007	c371	2	7	377	180	38	68	1.659	0.927	0.561	
c371_02_008	c371	2	8	441	157	48	49	1.195	1.171	-0.232	
c371_02_009	c371	2	9	492	145	66	65	1.585	1.610	-0.329	
c371_02_010	c371	2	10	604	157	39	53	1.293	0.951	-0.183	
c371_02_011	c371	2	11	660	177	19	31	0.756	0.463	0.037	
c371_02_012	c371	2	12	679	175	32	34	0.829	0.780	0.024	
c371_02_013	c371	2	13	734	171	36	42	1.024	0.878	0.024	
c371_02_014	c371	2	14	754	153	78	104	2.537	1.902	0.341	
c371_02_015	c371	2	15	845	180	44	32	0.780	1.073	0.122	
c371_02_016	c371	2	16	915	176	36	26	0.634	0.878	-0.049	
c371_02_017	c371	2	17	969	181	31	25	0.610	0.756	0.061	
c371_02_018	c371	2	18	1015	180	25	27	0.659	0.610	0.061	
c371_02_019	c371	2	19	1062	177	28	27	0.659	0.683	-0.012	
c371_02_020	c371	2	20	1098	175	31	28	0.683	0.756	-0.049	
c371_02_021	c371	2	21	1156	169	30	34	0.829	0.732	-0.122	
c371_02_022	c371	2	22	1211	137	89	75	1.829	2.171	-0.402	
c371_02_023	c371	2	23	1300	181	32	33	0.805	0.780	0.159	
c371_02_024	c371	2	24	1358	178	29	28	0.683	0.707	0.024	
c371_02_025	c371	2	25	1393	176	49	53	1.293	1.195	0.280	
c371_02_026	c371	2	26	1456	175	46	66	1.610	1.122	0.415	
c371_02_027	c371	2	27	1525	176	27	46	1.122	0.659	0.195	
c371_02_028	c371	2	28	1587	131	77	100	2.439	1.878	-0.244	
c371_02_029	c371	2	29	1688	172	44	31	0.756	1.073	-0.085	c371_02_m0003
c371_02_030	c371	2	30	1747	140	75	79	1.927	1.829	-0.280	
c371_02_031	c371	2	31	1821	173	47	26	0.634	1.146	-0.122	
c371_02_032	c371	2	32	1869	134	58	90	2.195	1.415	-0.293	
c371_02_033	c371	2	33	1934	170	60	42	1.024	1.463	0.000	
c371_02_034	c371	2	34	2003	171	122	68	1.659	2.976	0.341	
c371_02_035	c371	2	35	2140	178	41	31	0.756	1.000	0.061	
c371_02_036	c371	2	36	2205	174	47	42	1.024	1.146	0.098	
c371_02_037	c371	2	37	2262	187	21	35	0.854	0.512	0.329	
c371_02_038	c371	2	38	2321	170	33	69	1.683	0.805	0.329	
c371_02_039	c371	2	39	2350	213	12	22	0.537	0.293	0.805	
c371_03_001	c371	3	1	26	300	32	29	0.707	0.780	0.329	
c371_03_002	c371	3	2	82	300	14	22	0.537	0.341	0.244	
c371_03_003	c371	3	3	95	284	12	34	0.829	0.293	0.000	
c371_03_004	c371	3	4	124	300	33	48	1.171	0.805	0.561	c371_03_m0008
c371_03_005	c371	3	5	162	275	18	28	0.683	0.439	-0.293	
c371_03_006	c371	3	6	184	265	106	73	1.780	2.585	0.012	
c371_03_007	c371	3	7	305	296	42	26	0.634	1.024	0.195	
c371_03_008	c371	3	8	360	289	32	30	0.732	0.780	0.073	
c371_03_009	c371	3	9	416	285	31	35	0.854	0.756	0.037	
c371_03_010	c371	3	10	536	265	50	102	2.488	1.220	0.366	
c371_03_011	c371	3	11	597	293	34	25	0.610	0.829	0.110	
c371_03_012	c371	3	12	653	292	24	27	0.659	0.585	0.110	c371_03_m0007
c371_03_013	c371	3	13	692	261	59	77	1.878	1.439	-0.037	
c371_03_014	c371	3	14	760	285	56	58	1.415	1.366	0.317	c371_03_m0009
c371_03_015	c371	3	15	836	291	29	29	0.707	0.707	0.110	c371_03_m0006
c371_03_016	c371	3	16	936	289	40	33	0.805	0.976	0.110	
c371_03_017	c371	3	17	1007	291	34	25	0.610	0.829	0.061	
c371_03_018	c371	3	18	1074	287	28	27	0.659	0.683	-0.012	
c371_03_019	c371	3	19	1120	286	41	26	0.634	1.000	-0.049	
c371_03_020	c371	3	20	1156	275	24	36	0.878	0.585	-0.195	
c371_03_021	c371	3	21	1190	290	31	26	0.634	0.756	0.049	
c371_03_022	c371	3	22	1200	341	37	33	0.805	0.902	1.378	
c371_03_023	c371	3	23	1226	256	58	99	2.415	1.415	0.110	
c371_03_024	c371	3	24	1293	286	26	54	1.317	0.634	0.293	
c371_03_025	c371	3	25	1350	261	50	51	1.244	1.220	-0.354	
c371_03_026	c371	3	26	1390	276	63	36	0.878	1.537	-0.171	
c371_03_027	c371	3	27	1466	283	33	28	0.683	0.805	-0.098	
c371_03_028	c371	3	28	1509	283	40	29	0.707	0.976	-0.085	
c371_03_029	c371	3	29	1575	283	45	61	1.488	1.098	0.305	
c371_03_030	c371	3	30	1637	282	59	74	1.805	1.439	0.439	c371_03_m0010
c371_03_031	c371	3	31	1724	284	64	71	1.732	1.561	0.451	
c371_03_032	c371	3	32	1810	282	49	38	0.927	1.195	0.000	c371_03_m0004
c371_03_033	c371	3	33	1899	286	34	32	0.780	0.829	0.024	c371_03_m0005
c371_03_034	c371	3	34	1955	291	25	30	0.732	0.610	0.122	
c371_03_035	c371	3	35	1984	260	51	102	2.488	1.244	0.244	
c371_03_036	c371	3	36	2040	283	30	27	0.659	0.732	-0.110	
c371_03_037	c371	3	37	2078	282	45	29	0.707	1.098	-0.110	
c371_03_038	c371	3	38	2140	293	12	55	1.341	0.293	0.476	
c371_03_039	c371	3	39	2149	287	22	24	0.585	0.537	-0.049	
c371_03_040	c371	3	40	2198	272	46	73	1.780	1.122	0.183	
c371_03_041	c371	3	41	2245	295	32	25	0.610	0.780	0.159	
c371_03_042	c371	3	42	2283	296	16	31	0.756	0.390	0.256	
c371_03_043	c371	3	43	2308	303	21	23	0.561	0.512	0.329	
c371_03_044	c371	3	44	2338	311	17	46	1.122	0.415	0.805	
c371_03_045	c371	3	45	2359	304	10	34	0.829	0.244	0.488	
c371_04_001	c371	4	1	25	345	27	23	0.561	0.659	-1.476	
c371_04_002	c371	4	2	34	404	39	43	1.049	0.951	0.207	
c371_04_003	c371	4	3	99	411	27	17	0.415	0.659	0.061	
c371_04_004	c371	4	4	202	394	60	38	0.927	1.463	-0.098	
c371_04_005	c371	4	5	279	405	33	30	0.732	0.805	0.073	
c371_04_006	c371	4	6	346	398	35	29	0.707	0.854	-0.110	
c371_04_007	c371	4	7	411	405	25	43	1.049	0.610	0.232	
c371_04_008	c371	4	8	463	388	39	35	0.854	0.951	-0.280	
c371_04_009	c371	4	9	490	452	38	33	0.805	0.927	1.256	
c371_04_010	c371	4	10	519	368	61	101	2.463	1.488	0.037	
c371_04_011	c371	4	11	585	379	51	64	1.561	1.244	-0.146	
c371_04_012	c371	4	12	646	437	5	14	0.341	0.122	0.659	
c371_04_013	c371	4	13	649	402	30	23	0.561	0.732	-0.085	
c371_04_014	c371	4	14	678	453	38	40	0.976	0.927	1.366	
c371_04_015	c371	4	15	714	355	70	130	3.171	1.707	0.073	
c371_04_016	c371	4	16	770	387	59	41	1.000	1.439	-0.232	
c371_04_017	c371	4	17	835	402	26	25	0.610	0.634	-0.061	
c371_04_018	c371	4	18	877	400	40	30	0.732	0.976	-0.049	
c371_04_019	c371	4	19	945	403	44	27	0.659	1.073	-0.012	
c371_04_020	c371	4	20	998	406	32	30	0.732	0.780	0.098	c371_04_m0012
c371_04_021	c371	4	21	1033	454	23	32	0.780	0.561	1.293	
c371_04_022	c371	4	22	1060	371	60	111	2.707	1.463	0.232	
c371_04_023	c371	4	23	1126	404	29	28	0.683	0.707	0.024	
c371_04_024	c371	4	24	1180	405	18	24	0.585	0.439	0.000	
c371_04_025	c371	4	25	1204	406	28	24	0.585	0.683	0.024	
c371_04_026	c371	4	26	1226	380	31	27	0.659	0.756	-0.573	
c371_04_027	c371	4	27	1252	366	21	24	0.585	0.512	-0.951	
c371_04_028	c371	4	28	1264	383	44	53	1.293	1.073	-0.183	
c371_04_029	c371	4	29	1318	405	29	22	0.537	0.707	-0.024	
c371_04_030	c371	4	30	1363	405	36	27	0.659	0.878	0.037	
c371_04_031	c371	4	31	1411	405	34	73	1.780	0.829	0.598	
c371_04_032	c371	4	32	1481	399	50	38	0.927	1.220	0.024	
c371_04_033	c371	4	33	1550	403	30	28	0.683	0.732	0.000	
c371_04_034	c371	4	34	1591	396	30	28	0.683	0.732	-0.171	
c371_04_035	c371	4	35	1636	372	58	81	1.976	1.415	-0.110	
c371_04_036	c371	4	36	1688	397	46	32	0.780	1.122	-0.098	
c371_04_037	c371	4	37	1747	393	64	39	0.951	1.561	-0.110	
c371_04_038	c371	4	38	1822	392	37	38	0.927	0.902	-0.146	
c371_04_039	c371	4	39	1881	402	34	23	0.561	0.829	-0.085	c371_04_m0011
c371_04_040	c371	4	40	1920	388	80	43	1.049	1.951	-0.183	
c371_04_041	c371	4	41	2014	398	39	41	1.000	0.951	0.037	
c371_04_042	c371	4	42	2076	379	43	48	1.171	1.049	-0.341	
c371_04_043	c371	4	43	2108	401	34	28	0.683	0.829	-0.049	
c371_04_044	c371	4	44	2173	404	45	70	1.707	1.098	0.537	
c371_04_045	c371	4	45	2233	379	61	74	1.805	1.488	-0.024	
c371_04_046	c371	4	46	2295	409	20	29	0.707	0.488	0.159	
c371_04_047	c371	4	47	2320	423	18	23	0.561	0.439	0.427	
c371_05_001	c371	5	1	33	530	11	50	1.220	0.268	0.512	
c371_05_002	c371	5	2	44	522	32	21	0.512	0.780	-0.037	
c371_05_003	c371	5	3	177	523	39	32	0.780	0.951	0.122	
c371_05_004	c371	5	4	232	495	52	54	1.317	1.268	-0.293	
c371_05_005	c371	5	5	282	517	53	44	1.073	1.293	0.122	
c371_05_006	c371	5	6	347	517	45	30	0.732	1.098	-0.049	
c371_05_007	c371	5	7	411	520	86	27	0.659	2.098	-0.012	
c371_05_008	c371	5	8	521	523	35	30	0.732	0.854	0.098	
c371_05_009	c371	5	9	588	517	31	30	0.732	0.756	-0.049	
c371_05_010	c371	5	10	641	497	44	65	1.585	1.073	-0.110	
c371_05_011	c371	5	11	705	520	22	28	0.683	0.537	0.000	c371_05_m0019
c371_05_012	c371	5	12	718	487	84	114	2.780	2.049	0.244	c371_05_m0014
c371_05_013	c371	5	13	812	511	57	30	0.732	1.390	-0.195	c371_05_m0013
c371_05_014	c371	5	14	897	517	23	42	1.024	0.561	0.098	
c371_05_015	c371	5	15	966	520	23	25	0.610	0.561	-0.037	
c371_05_016	c371	5	16	1023	518	47	27	0.659	1.146	-0.061	
c371_05_017	c371	5	17	1076	475	52	56	1.366	1.268	-0.756	
c371_05_018	c371	5	18	1131	471	41	73	1.780	1.000	-0.646	
c371_05_019	c371	5	19	1165	520	15	21	0.512	0.366	-0.085	
c371_05_020	c371	5	20	1180	520	59	28	0.683	1.439	0.000	c371_05_m0016
c371_05_021	c371	5	21	1249	520	35	24	0.585	0.854	-0.049	
c371_05_022	c371	5	22	1323	501	60	44	1.073	1.463	-0.268	
c371_05_023	c371	5	23	1406	522	37	51	1.244	0.902	0.329	
c371_05_024	c371	5	24	1445	487	25	51	1.244	0.610	-0.524	
c371_05_025	c371	5	25	1479	494	56	60	1.463	1.366	-0.244	
c371_05_026	c371	5	26	1531	529	43	45	1.098	1.049	0.427	
c371_05_027	c371	5	27	1571	502	15	30	0.732	0.366	-0.415	
c371_05_028	c371	5	28	1591	529	43	80	1.951	1.049	0.854	
c371_05_029	c371	5	29	1633	494	57	93	2.268	1.390	0.159	
c371_05_030	c371	5	30	1683	525	43	59	1.439	1.049	0.500	
c371_05_031	c371	5	31	1743	521	37	31	0.756	0.902	0.061	
c371_05_032	c371	5	32	1786	512	39	34	0.829	0.951	-0.122	
c371_05_033	c371	5	33	1838	523	42	79	1.927	1.024	0.695	
c371_05_034	c371	5	34	1908	518	35	37	0.902	0.854	0.061	
c371_05_035	c371	5	35	1971	498	57	81	1.976	1.390	0.110	
c371_05_036	c371	5	36	2032	529	26	30	0.732	0.634	0.244	
c371_05_037	c371	5	37	2090	500	52	94	2.293	1.268	0.317	
c371_05_038	c371	5	38	2156	528	27	27	0.659	0.659	0.183	
c371_05_039	c371	5	39	2196	531	27	28	0.683	0.659	0.268	c371_05_m0015
c371_05_040	c371	5	40	2233	528	28	64	1.561	0.683	0.634	
c371_05_041	c371	5	41	2276	538	12	19	0.463	0.293	0.329	c371_05_m0017
c371_05_042	c371	5	42	2317	486	27	79	1.927	0.659	-0.207	c371_05_m0018
c371_06_001	c371	6	1	32	647	31	26	0.634	0.756	-0.024	
c371_06_002	c371	6	2	56	605	78	120	2.927	1.902	0.098	
c371_06_003	c371	6	3	132	639	51	32	0.780	1.244	-0.146	
c371_06_004	c371	6	4	215	632	31	34	0.829	0.756	-0.293	
c371_06_005	c371	6	5	270	635	38	30	0.732	0.927	-0.268	
c371_06_006	c371	6	6	329	640	43	46	1.122	1.049	0.049	
c371_06_007	c371	6	7	374	605	15	34	0.829	0.366	-0.951	
c371_06_008	c371	6	8	392	648	10	39	0.951	0.244	0.159	
c371_06_009	c371	6	9	402	638	18	21	0.512	0.439	-0.305	
c371_06_010	c371	6	10	460	634	44	40	0.976	1.073	-0.171	
c371_06_011	c371	6	11	531	639	32	26	0.634	0.780	-0.220	
c371_06_012	c371	6	12	575	629	30	31	0.756	0.732	-0.402	
c371_06_013	c371	6	13	620	603	54	82	2.000	1.317	-0.415	
c371_06_014	c371	6	14	679	631	36	30	0.732	0.878	-0.366	
c371_06_015	c371	6	15	732	633	39	29	0.707	0.951	-0.329	
c371_06_016	c371	6	16	798	603	47	56	1.366	1.146	-0.732	
c371_06_017	c371	6	17	840	633	20	28	0.683	0.488	-0.341	
c371_06_018	c371	6	18	863	618	40	44	1.073	0.976	-0.512	
c371_06_019	c371	6	19	923	632	33	35	0.854	0.805	-0.280	
c371_06_020	c371	6	20	992	642	21	23	0.561	0.512	-0.183	c371_06_m0021|c371_06_m0022
c371_06_021	c371	6	21	1036	611	58	75	1.829	1.415	-0.305	c371_06_m0020
c371_06_022	c371	6	22	1099	635	55	32	0.780	1.341	-0.244	
c371_06_023	c371	6	23	1191	639	41	47	1.146	1.000	0.037	
c371_06_024	c371	6	24	1254	637	22	27	0.659	0.537	-0.256	
c371_06_025	c371	6	25	1285	642	40	30	0.732	0.976	-0.098	
c371_06_026	c371	6	26	1348	644	37	59	1.439	0.902	0.305	
c371_06_027	c371	6	27	1411	613	78	72	1.756	1.902	-0.293	
c371_06_028	c371	6	28	1511	647	33	30	0.732	0.805	0.024	
c371_06_029	c371	6	29	1557	654	31	25	0.610	0.756	0.134	
c371_06_030	c371	6	30	1573	621	35	32	0.780	0.854	-0.585	
c371_06_031	c371	6	31	1635	652	51	42	1.024	1.244	0.293	
c371_06_032	c371	6	32	1674	619	88	117	2.854	2.146	0.402	
c371_06_033	c371	6	33	1763	655	50	42	1.024	1.220	0.366	
c371_06_034	c371	6	34	1836	660	35	33	0.805	0.854	0.378	
c371_06_035	c371	6	35	1898	657	28	26	0.634	0.683	0.220	
c371_06_036	c371	6	36	1951	660	96	29	0.707	2.341	0.329	
c371_06_037	c371	6	37	2071	601	58	114	2.780	1.415	-0.073	
c371_06_038	c371	6	38	2142	648	44	73	1.780	1.073	0.573	
c371_06_039	c371	6	39	2204	657	40	25	0.610	0.976	0.207	
c371_06_040	c371	6	40	2245	655	12	23	0.561	0.293	0.134	
c371_06_041	c371	6	41	2267	618	53	75	1.829	1.293	-0.134	
c371_06_042	c371	6	42	2317	663	19	27	0.659	0.463	0.378	
c371_06_043	c371	6	43	2338	660	14	28	0.683	0.341	0.317	
c371_07_001	c371	7	1	33	769	36	39	0.951	0.878	0.085	
c371_07_002	c371	7	2	71	732	82	91	2.220	2.000	-0.183	
c371_07_003	c371	7	3	158	768	30	29	0.707	0.732	-0.061	
c371_07_004	c371	7	4	197	765	45	56	1.366	1.098	0.195	
c371_07_005	c371	7	5	259	764	39	29	0.707	0.951	-0.159	
c371_07_006	c371	7	6	328	754	22	37	0.902	0.537	-0.305	c371_07_m0024
c371_07_007	c371	7	7	384	752	58	40	0.976	1.415	-0.317	
c371_07_008	c371	7	8	476	762	34	29	0.707	0.829	-0.207	
c371_07_009	c371	7	9	527	763	22	22	0.537	0.537	-0.268	c371_07_m0025
c371_07_010	c371	7	10	580	761	44	34	0.829	1.073	-0.171	c371_07_m0023
c371_07_011	c371	7	11	649	766	29	26	0.634	0.707	-0.146	
c371_07_012	c371	7	12	696	753	31	28	0.683	0.756	-0.439	
c371_07_013	c371	7	13	744	761	31	54	1.317	0.756	0.073	
c371_07_014	c371	7	14	795	732	54	54	1.317	1.317	-0.634	
c371_07_015	c371	7	15	836	747	69	41	1.000	1.683	-0.427	
c371_07_016	c371	7	16	913	764	30	28	0.683	0.732	-0.171	
c371_07_017	c371	7	17	951	760	54	36	0.878	1.317	-0.171	
c371_07_018	c371	7	18	1081	767	35	29	0.707	0.854	-0.085	
c371_07_019	c371	7	19	1124	771	35	29	0.707	0.854	0.012	
c371_07_020	c371	7	20	1185	755	24	45	1.098	0.585	-0.183	
c371_07_021	c371	7	21	1235	771	30	32	0.780	0.732	0.049	c371_07_m0026
c371_07_022	c371	7	22	1297	747	49	64	1.561	1.195	-0.146	
c371_07_023	c371	7	23	1364	766	32	36	0.878	0.780	-0.024	
c371_07_024	c371	7	24	1432	777	54	41	1.000	1.317	0.305	
c371_07_025	c371	7	25	1515	785	25	23	0.561	0.610	0.280	
c371_07_026	c371	7	26	1558	772	64	43	1.049	1.561	0.207	
c371_07_027	c371	7	27	1643	761	49	55	1.341	1.195	0.085	
c371_07_028	c371	7	28	1689	784	37	26	0.634	0.902	0.293	
c371_07_029	c371	7	29	1736	789	37	26	0.634	0.902	0.415	
c371_07_030	c371	7	30	1791	783	46	60	1.463	1.122	0.683	
c371_07_031	c371	7	31	1862	749	59	59	1.439	1.439	-0.159	
c371_07_032	c371	7	32	1909	741	60	88	2.146	1.463	0.000	
c371_07_033	c371	7	33	1972	782	32	28	0.683	0.780	0.268	
c371_07_034	c371	7	34	2003	755	84	72	1.756	2.049	0.146	
c371_07_035	c371	7	35	2080	783	36	54	1.317	0.878	0.610	
c371_07_036	c371	7	36	2138	778	16	31	0.756	0.390	0.207	
c371_07_037	c371	7	37	2190	789	14	25	0.610	0.341	0.402	c371_07_m0027
c371_07_038	c371	7	38	2210	793	16	20	0.488	0.390	0.439	
c371_07_039	c371	7	39	2228	787	13	25	0.610	0.317	0.354	
c371_07_040	c371	7	40	2258	795	22	24	0.585	0.537	0.537	
c371_07_041	c371	7	41	2291	797	16	25	0.610	0.390	0.598	
c371_07_042	c371	7	42	2323	792	22	40	0.976	0.537	0.659	
c371_07_043	c371	7	43	2356	809	8	20	0.488	0.195	0.829	
c371_08_001	c371	8	1	36	901	22	33	0.805	0.537	0.134	
c371_08_002	c371	8	2	63	829	23	34	0.829	0.561	-1.610	
c371_08_003	c371	8	3	106	861	74	64	1.561	1.805	-0.463	
c371_08_004	c371	8	4	215	896	43	36	0.878	1.049	0.049	
c371_08_005	c371	8	5	281	904	27	25	0.610	0.659	0.110	
c371_08_006	c371	8	6	369	953	40	10	0.244	0.976	1.122	
c371_08_007	c371	8	7	400	894	46	59	1.439	1.122	0.280	
c371_08_008	c371	8	8	483	889	20	27	0.659	0.488	-0.232	
c371_08_009	c371	8	9	507	884	48	88	2.146	1.171	0.390	
c371_08_010	c371	8	10	573	884	45	38	0.927	1.098	-0.220	
c371_08_011	c371	8	11	661	878	62	39	0.951	1.512	-0.354	
c371_08_012	c371	8	12	746	882	53	76	1.854	1.293	0.195	
c371_08_013	c371	8	13	815	885	29	29	0.707	0.707	-0.305	
c371_08_014	c371	8	14	861	884	39	29	0.707	0.951	-0.329	
c371_08_015	c371	8	15	917	888	39	62	1.512	0.951	0.171	
c371_08_016	c371	8	16	976	887	59	63	1.537	1.439	0.159	
c371_08_017	c371	8	17	1068	878	59	44	1.073	1.439	-0.293	
c371_08_018	c371	8	18	1144	891	23	42	1.024	0.561	0.000	
c371_08_019	c371	8	19	1192	871	52	66	1.610	1.268	-0.195	
c371_08_020	c371	8	20	1251	891	42	30	0.732	1.024	-0.146	
c371_08_021	c371	8	21	1276	947	37	37	0.902	0.902	1.305	
c371_08_022	c371	8	22	1308	857	58	92	2.244	1.415	-0.220	
c371_08_023	c371	8	23	1367	899	25	44	1.073	0.610	0.220	
c371_08_024	c371	8	24	1392	866	27	52	1.268	0.659	-0.488	
c371_08_025	c371	8	25	1425	901	24	57	1.390	0.585	0.427	
c371_08_026	c371	8	26	1449	902	12	18	0.439	0.293	-0.024	
c371_08_027	c371	8	27	1491	865	54	63	1.537	1.317	-0.378	
c371_08_028	c371	8	28	1554	905	44	51	1.244	1.073	0.451	c371_08_m0029
c371_08_029	c371	8	29	1617	889	10	14	0.341	0.244	-0.390	
c371_08_030	c371	8	30	1627	908	7	37	0.902	0.171	0.354	
c371_08_031	c371	8	31	1664	908	20	24	0.585	0.488	0.195	
c371_08_032	c371	8	32	1704	907	24	25	0.610	0.585	0.183	
c371_08_033	c371	8	33	1725	895	48	43	1.049	1.171	0.110	
c371_08_034	c371	8	34	1787	912	25	42	1.024	0.610	0.512	
c371_08_035	c371	8	35	1838	870	61	84	2.049	1.488	0.000	
c371_08_036	c371	8	36	1900	861	65	109	2.659	1.585	0.085	
c371_08_037	c371	8	37	1971	888	26	49	1.195	0.634	0.012	
c371_08_038	c371	8	38	2014	893	63	46	1.122	1.537	0.098	
c371_08_039	c371	8	39	2090	905	33	30	0.732	0.805	0.195	
c371_08_040	c371	8	40	2160	909	18	19	0.463	0.439	0.159	
c371_08_041	c371	8	41	2231	911	32	49	1.195	0.780	0.573	
c371_08_042	c371	8	42	2268	898	26	48	1.171	0.634	0.244	
c371_08_043	c371	8	43	2306	921	15	41	1.000	0.366	0.720	
c371_08_044	c371	8	44	2343	929	10	17	0.415	0.244	0.622	
c371_08_045	c371	8	45	2354	934	5	14	0.341	0.122	0.707	c371_08_m0028
c371_09_001	c371	9	1	27	1014	71	58	1.415	1.732	0.049	
c371_09_002	c371	9	2	118	1029	24	44	1.073	0.585	0.244	
c371_09_003	c371	9	3	165	1001	63	76	1.854	1.537	-0.049	
c371_09_004	c371	9	4	225	1021	46	29	0.707	1.122	-0.134	
c371_09_005	c371	9	5	288	1008	26	39	0.951	0.634	-0.329	
c371_09_006	c371	9	6	337	1021	43	45	1.098	1.049	0.061	c371_09_m0032
c371_09_007	c371	9	7	406	1017	38	69	1.683	0.927	0.256	
c371_09_008	c371	9	8	488	1014	72	95	2.317	1.756	0.500	
c371_09_009	c371	9	9	551	982	57	110	2.683	1.390	-0.098	
c371_09_010	c371	9	10	615	989	93	75	1.829	2.268	-0.354	
c371_09_011	c371	9	11	700	1025	32	33	0.805	0.780	0.012	
c371_09_012	c371	9	12	742	1013	41	34	0.829	1.000	-0.268	
c371_09_013	c371	9	13	796	1012	29	36	0.878	0.707	-0.268	
c371_09_014	c371	9	14	864	1021	36	30	0.732	0.878	-0.122	
c371_09_015	c371	9	15	918	1022	33	57	1.390	0.805	0.232	
c371_09_016	c371	9	16	969	995	78	73	1.780	1.902	-0.232	
c371_09_017	c371	9	17	1054	1029	23	26	0.634	0.561	0.024	
c371_09_018	c371	9	18	1093	1015	32	33	0.805	0.780	-0.232	
c371_09_019	c371	9	19	1149	1024	44	42	1.024	1.073	0.098	
c371_09_020	c371	9	20	1188	1018	80	77	1.878	1.951	0.378	
c371_09_021	c371	9	21	1291	1020	66	38	0.927	1.610	-0.049	
c371_09_022	c371	9	22	1363	1030	38	29	0.707	0.927	0.085	
c371_09_023	c371	9	23	1407	1026	57	31	0.756	1.390	0.012	
c371_09_024	c371	9	24	1472	1031	50	50	1.220	1.220	0.366	
c371_09_025	c371	9	25	1555	1036	24	35	0.854	0.585	0.305	c371_09_m0030
c371_09_026	c371	9	26	1606	1029	30	35	0.854	0.732	0.134	
c371_09_027	c371	9	27	1656	1039	35	36	0.878	0.854	0.390	
c371_09_028	c371	9	28	1690	998	83	105	2.561	2.024	0.232	
c371_09_029	c371	9	29	1778	1016	57	55	1.341	1.390	0.061	
c371_09_030	c371	9	30	1826	957	76	113	2.756	1.854	-0.671	
c371_09_031	c371	9	31	1899	1040	35	29	0.707	0.854	0.329	
c371_09_032	c371	9	32	1949	1037	42	65	1.585	1.024	0.695	
c371_09_033	c371	9	33	2024	1004	43	58	1.415	1.049	-0.195	
c371_09_034	c371	9	34	2079	1026	34	46	1.122	0.829	0.195	
c371_09_035	c371	9	35	2133	1047	20	28	0.683	0.488	0.488	c371_09_m0031
c371_09_036	c371	9	36	2167	1032	28	64	1.561	0.683	0.561	
c371_09_037	c371	9	37	2192	1012	8	20	0.488	0.195	-0.463	c371_09_m0033
c371_09_038	c371	9	38	2210	1021	54	113	2.756	1.317	0.890	
c371_09_039	c371	9	39	2262	1056	21	23	0.561	0.512	0.646	
c371_09_040	c371	9	40	2301	1060	26	24	0.585	0.634	0.756	
c371_09_041	c371	9	41	2323	1020	19	48	1.171	0.463	0.073	
c371_10_001	c371	10	1	33	1155	26	31	0.756	0.634	0.110	
c371_10_002	c371	10	2	51	1143	49	107	2.610	1.195	0.744	
c371_10_003	c371	10	3	78	1104	56	96	2.341	1.366	-0.341	
c371_10_004	c371	10	4	142	1152	31	29	0.707	0.756	0.012	
c371_10_005	c371	10	5	188	1149	42	33	0.805	1.024	-0.012	
c371_10_006	c371	10	6	255	1128	83	62	1.512	2.024	-0.171	
c371_10_007	c371	10	7	364	1132	50	65	1.585	1.220	-0.037	
c371_10_008	c371	10	8	430	1149	33	25	0.610	0.805	-0.110	
c371_10_009	c371	10	9	483	1140	32	39	0.951	0.780	-0.159	
c371_10_010	c371	10	10	537	1143	43	30	0.732	1.049	-0.195	
c371_10_011	c371	10	11	594	1167	7	15	0.366	0.171	0.207	
c371_10_012	c371	10	12	608	1142	26	50	1.220	0.634	0.024	
c371_10_013	c371	10	13	667	1116	32	53	1.293	0.780	-0.573	
c371_10_014	c371	10	14	729	1131	59	60	1.463	1.439	-0.122	
c371_10_015	c371	10	15	808	1128	50	53	1.293	1.220	-0.280	
c371_10_016	c371	10	16	891	1138	42	41	1.000	1.024	-0.183	
c371_10_017	c371	10	17	958	1141	38	29	0.707	0.927	-0.256	
c371_10_018	c371	10	18	995	1120	75	70	1.707	1.829	-0.268	
c371_10_019	c371	10	19	1078	1144	29	58	1.415	0.707	0.171	
c371_10_020	c371	10	20	1139	1116	51	56	1.366	1.244	-0.537	
c371_10_021	c371	10	21	1198	1146	35	33	0.805	0.854	-0.085	
c371_10_022	c371	10	22	1253	1127	43	53	1.293	1.049	-0.305	
c371_10_023	c371	10	23	1320	1124	55	76	1.854	1.341	-0.098	
c371_10_024	c371	10	24	1395	1127	43	58	1.415	1.049	-0.244	
c371_10_025	c371	10	25	1519	1153	25	30	0.732	0.610	0.049	c371_10_m0036
c371_10_026	c371	10	26	1568	1157	31	29	0.707	0.756	0.134	
c371_10_027	c371	10	27	1614	1101	82	115	2.805	2.000	-0.183	
c371_10_028	c371	10	28	1689	1158	24	27	0.659	0.585	0.134	
c371_10_029	c371	10	29	1760	1153	44	32	0.780	1.073	0.073	
c371_10_030	c371	10	30	1830	1154	21	28	0.683	0.512	0.049	
c371_10_031	c371	10	31	1853	1143	37	42	1.024	0.902	-0.049	
c371_10_032	c371	10	32	1900	1162	47	32	0.780	1.146	0.293	
c371_10_033	c371	10	33	1950	1160	44	34	0.829	1.073	0.268	c371_10_m0034|c371_10_m0035
c371_10_034	c371	10	34	2091	1160	40	28	0.683	0.976	0.195	
c371_10_035	c371	10	35	2140	1166	25	26	0.634	0.610	0.317	
c371_10_036	c371	10	36	2186	1159	21	31	0.756	0.512	0.207	
c371_10_037	c371	10	37	2191	1098	13	28	0.683	0.317	-1.317	
c371_10_038	c371	10	38	2225	1166	27	27	0.659	0.659	0.329	
c371_10_039	c371	10	39	2258	1202	8	16	0.390	0.195	1.073	
c371_10_040	c371	10	40	2264	1168	13	42	1.024	0.317	0.561	
c371_10_041	c371	10	41	2284	1134	12	26	0.634	0.293	-0.463	
c371_10_042	c371	10	42	2304	1171	13	18	0.439	0.317	0.341	
c371_11_001	c371	11	1	22	1244	75	84	2.049	1.829	0.098	
c371_11_002	c371	11	2	98	1274	31	25	0.610	0.756	0.110	
c371_11_003	c371	11	3	146	1263	30	30	0.732	0.732	-0.098	
c371_11_004	c371	11	4	218	1263	43	30	0.732	1.049	-0.098	
c371_11_005	c371	11	5	278	1268	32	30	0.732	0.780	0.024	
c371_11_006	c371	11	6	330	1266	40	45	1.098	0.976	0.159	
c371_11_007	c371	11	7	373	1235	16	31	0.756	0.390	-0.768	
c371_11_008	c371	11	8	393	1265	36	63	1.537	0.878	0.354	
c371_11_009	c371	11	9	448	1261	37	25	0.610	0.902	-0.207	
c371_11_010	c371	11	10	496	1264	45	40	0.976	1.098	0.049	
c371_11_011	c371	11	11	557	1262	32	29	0.707	0.780	-0.134	
c371_11_012	c371	11	12	618	1268	6	20	0.488	0.146	-0.098	c371_11_m0038
c371_11_013	c371	11	13	683	1258	63	29	0.707	1.537	-0.232	
c371_11_014	c371	11	14	771	1263	27	48	1.171	0.659	0.122	
c371_11_015	c371	11	15	800	1267	15	14	0.341	0.366	-0.195	
c371_11_016	c371	11	16	821	1230	14	26	0.634	0.341	-0.951	
c371_11_017	c371	11	17	837	1261	26	33	0.805	0.634	-0.110	c371_11_m0037|c371_11_m0039
c371_11_018	c371	11	18	896	1261	19	26	0.634	0.463	-0.195	
c371_11_019	c371	11	19	915	1248	45	41	1.000	1.098	-0.329	
c371_11_020	c371	11	20	970	1267	26	48	1.171	0.634	0.220	
c371_11_021	c371	11	21	1020	1268	46	61	1.488	1.122	0.402	
c371_11_022	c371	11	22	1089	1263	44	32	0.780	1.073	-0.073	
c371_11_023	c371	11	23	1157	1251	66	45	1.098	1.610	-0.207	
c371_11_024	c371	11	24	1232	1269	30	65	1.585	0.732	0.476	
c371_11_025	c371	11	25	1291	1266	23	26	0.634	0.561	-0.073	
c371_11_026	c371	11	26	1314	1255	41	40	0.976	1.000	-0.171	
c371_11_027	c371	11	27	1371	1256	34	38	0.927	0.829	-0.171	
c371_11_028	c371	11	28	1396	1266	84	65	1.585	2.049	0.402	
c371_11_029	c371	11	29	1499	1234	63	80	1.951	1.537	-0.195	
c371_11_030	c371	11	30	1561	1271	42	58	1.415	1.024	0.439	
c371_11_031	c371	11	31	1627	1239	46	52	1.268	1.122	-0.415	
c371_11_032	c371	11	32	1680	1248	52	83	2.024	1.268	0.183	
c371_11_033	c371	11	33	1745	1274	31	27	0.659	0.756	0.134	
c371_11_034	c371	11	34	1789	1265	34	36	0.878	0.829	0.024	
c371_11_035	c371	11	35	1836	1273	42	58	1.415	1.024	0.488	c371_11_m0040
c371_11_036	c371	11	36	1892	1247	58	53	1.293	1.415	-0.207	
c371_11_037	c371	11	37	1941	1249	74	70	1.707	1.805	0.049	
c371_11_038	c371	11	38	2029	1262	50	32	0.780	1.220	-0.098	
c371_11_039	c371	11	39	2122	1240	43	55	1.341	1.049	-0.354	
c371_11_040	c371	11	40	2156	1266	34	35	0.854	0.829	0.037	
c371_11_041	c371	11	41	2215	1259	15	40	0.976	0.366	-0.073	
c371_11_042	c371	11	42	2254	1271	21	26	0.634	0.512	0.049	
c371_11_043	c371	11	43	2280	1266	19	32	0.780	0.463	0.000	
c371_11_044	c371	11	44	2316	1271	14	28	0.683	0.341	0.073	
c371_12_001	c371	12	1	25	1350	104	125	3.049	2.537	0.256	
c371_12_002	c371	12	2	135	1347	45	71	1.732	1.098	-0.476	
c371_12_003	c371	12	3	190	1393	42	23	0.561	1.024	0.061	c371_12_m0044
c371_12_004	c371	12	4	239	1391	42	27	0.659	1.024	0.061	
c371_12_005	c371	12	5	285	1446	34	11	0.268	0.829	1.207	
c371_12_006	c371	12	6	312	1379	50	73	1.780	1.220	0.329	
c371_12_007	c371	12	7	389	1390	52	88	2.146	1.268	0.780	
c371_12_008	c371	12	8	435	1386	39	54	1.317	0.951	0.268	c371_12_m0043|c371_12_m0046
c371_12_009	c371	12	9	501	1379	36	33	0.805	0.878	-0.159	
c371_12_010	c371	12	10	580	1447	54	11	0.268	1.317	1.232	
c371_12_011	c371	12	11	617	1380	56	71	1.732	1.366	0.329	
c371_12_012	c371	12	12	661	1384	78	56	1.366	1.902	0.244	
c371_12_013	c371	12	13	765	1342	106	136	3.317	2.585	0.195	
c371_12_014	c371	12	14	873	1378	40	33	0.805	0.976	-0.183	
c371_12_015	c371	12	15	940	1375	30	43	1.049	0.732	-0.134	
c371_12_016	c371	12	16	1015	1387	31	31	0.756	0.756	0.012	
c371_12_017	c371	12	17	1075	1339	89	72	1.756	2.171	-0.659	
c371_12_018	c371	12	18	1156	1381	35	30	0.732	0.854	-0.146	
c371_12_019	c371	12	19	1201	1382	59	31	0.756	1.439	-0.110	
c371_12_020	c371	12	20	1268	1386	38	60	1.463	0.927	0.341	
c371_12_021	c371	12	21	1329	1388	57	79	1.927	1.390	0.622	
c371_12_022	c371	12	22	1406	1359	44	55	1.341	1.073	-0.378	
c371_12_023	c371	12	23	1472	1392	70	65	1.585	1.707	0.549	c371_12_m0041
c371_12_024	c371	12	24	1569	1384	43	31	0.756	1.049	-0.061	
c371_12_025	c371	12	25	1631	1376	71	42	1.024	1.732	-0.122	
c371_12_026	c371	12	26	1705	1371	47	48	1.171	1.146	-0.171	
c371_12_027	c371	12	27	1744	1393	48	43	1.049	1.171	0.305	
c371_12_028	c371	12	28	1782	1353	77	126	3.073	1.878	0.341	
c371_12_029	c371	12	29	1862	1350	74	83	2.024	1.805	-0.256	
c371_12_030	c371	12	30	1948	1384	40	25	0.610	0.976	-0.134	
c371_12_031	c371	12	31	2012	1388	31	21	0.512	0.756	-0.085	
c371_12_032	c371	12	32	2062	1388	46	24	0.585	1.122	-0.049	
c371_12_033	c371	12	33	2096	1333	51	66	1.610	1.244	-0.878	
c371_12_034	c371	12	34	2138	1348	85	134	3.268	2.073	0.317	c371_12_m0045
c371_12_035	c371	12	35	2224	1373	26	36	0.878	0.634	-0.268	
c371_12_036	c371	12	36	2279	1391	22	23	0.561	0.537	0.012	c371_12_m0042
c371_12_037	c371	12	37	2326	1390	17	68	1.659	0.415	0.537	
c371_13_001	c371	13	1	19	1517	24	46	1.122	0.585	0.341	
c371_13_002	c371	13	2	77	1505	27	34	0.829	0.659	-0.098	
c371_13_003	c371	13	3	127	1515	50	42	1.024	1.220	0.244	
c371_13_004	c371	13	4	194	1522	32	27	0.659	0.780	0.232	
c371_13_005	c371	13	5	242	1503	68	46	1.122	1.659	0.000	
c371_13_006	c371	13	6	326	1492	42	46	1.122	1.024	-0.268	
c371_13_007	c371	13	7	446	1509	50	46	1.122	1.220	0.146	
c371_13_008	c371	13	8	526	1515	27	30	0.732	0.659	0.098	
c371_13_009	c371	13	9	573	1509	47	43	1.049	1.146	0.110	
c371_13_010	c371	13	10	626	1509	36	63	1.537	0.878	0.354	
c371_13_011	c371	13	11	664	1471	73	127	3.098	1.780	0.207	
c371_13_012	c371	13	12	743	1481	61	73	1.780	1.488	-0.207	
c371_13_013	c371	13	13	806	1479	49	58	1.415	1.195	-0.439	
c371_13_014	c371	13	14	851	1503	62	41	1.000	1.512	-0.061	
c371_13_015	c371	13	15	938	1501	91	44	1.073	2.220	-0.073	
c371_13_016	c371	13	16	1046	1473	70	89	2.171	1.707	-0.207	
c371_13_017	c371	13	17	1090	1478	78	118	2.878	1.902	0.268	
c371_13_018	c371	13	18	1179	1497	66	43	1.049	1.610	-0.183	
c371_13_019	c371	13	19	1278	1472	90	69	1.683	2.195	-0.476	
c371_13_020	c371	13	20	1358	1507	37	34	0.829	0.902	-0.049	
c371_13_021	c371	13	21	1422	1513	26	48	1.171	0.634	0.268	
c371_13_022	c371	13	22	1485	1500	36	37	0.902	0.878	-0.183	
c371_13_023	c371	13	23	1541	1512	28	32	0.780	0.683	0.049	
c371_13_024	c371	13	24	1581	1466	67	132	3.220	1.634	0.146	
c371_13_025	c371	13	25	1635	1492	98	81	1.976	2.390	0.159	
c371_13_026	c371	13	26	1752	1505	34	54	1.317	0.829	0.146	
c371_13_027	c371	13	27	1807	1486	29	46	1.122	0.707	-0.415	
c371_13_028	c371	13	28	1839	1507	83	72	1.756	2.024	0.415	
c371_13_029	c371	13	29	1940	1505	37	34	0.829	0.902	-0.098	
c371_13_030	c371	13	30	1992	1479	45	61	1.488	1.098	-0.402	
c371_13_031	c371	13	31	2041	1476	54	113	2.756	1.317	0.159	
c371_13_032	c371	13	32	2103	1510	27	29	0.707	0.659	-0.037	
c371_13_033	c371	13	33	2157	1515	36	26	0.634	0.878	0.049	
c371_13_034	c371	13	34	2190	1472	35	57	1.390	0.854	-0.622	
c371_13_035	c371	13	35	2224	1507	24	37	0.902	0.585	-0.012	
c371_13_036	c371	13	36	2256	1512	23	56	1.366	0.561	0.341	
c371_13_037	c371	13	37	2294	1510	17	25	0.610	0.415	-0.085	
c371_13_038	c371	13	38	2321	1509	16	29	0.707	0.390	-0.061	
c371_14_001	c371	14	1	3	1635	66	36	0.878	1.610	0.049	
c371_14_002	c371	14	2	54	1603	88	130	3.171	2.146	0.415	
c371_14_003	c371	14	3	147	1633	34	33	0.805	0.829	-0.037	
c371_14_004	c371	14	4	204	1629	31	40	0.976	0.756	-0.049	
c371_14_005	c371	14	5	271	1627	37	40	0.976	0.902	-0.098	
c371_14_006	c371	14	6	328	1620	67	47	1.146	1.634	-0.183	
c371_14_007	c371	14	7	492	1618	52	91	2.220	1.268	0.305	
c371_14_008	c371	14	8	563	1625	37	42	1.024	0.902	-0.122	c371_14_m0049
c371_14_009	c371	14	9	620	1638	25	37	0.902	0.610	0.134	
c371_14_010	c371	14	10	647	1624	73	76	1.854	1.780	0.268	
c371_14_011	c371	14	11	742	1616	46	51	1.244	1.122	-0.232	
c371_14_012	c371	14	12	807	1637	40	28	0.683	0.976	0.000	
c371_14_013	c371	14	13	874	1604	56	57	1.390	1.366	-0.451	
c371_14_014	c371	14	14	928	1615	40	50	1.220	0.976	-0.268	
c371_14_015	c371	14	15	1040	1631	49	35	0.854	1.195	-0.061	
c371_14_016	c371	14	16	1120	1631	52	46	1.122	1.268	0.073	
c371_14_017	c371	14	17	1190	1639	30	25	0.610	0.732	0.012	
c371_14_018	c371	14	18	1225	1630	43	31	0.756	1.049	-0.134	
c371_14_019	c371	14	19	1270	1635	46	62	1.512	1.122	0.366	
c371_14_020	c371	14	20	1331	1605	68	56	1.366	1.659	-0.439	
c371_14_021	c371	14	21	1386	1624	61	43	1.049	1.488	-0.134	
c371_14_022	c371	14	22	1456	1638	33	29	0.707	0.805	0.037	
c371_14_023	c371	14	23	1498	1636	49	30	0.732	1.195	0.000	c371_14_m0047
c371_14_024	c371	14	24	1627	1637	29	33	0.805	0.707	0.061	
c371_14_025	c371	14	25	1682	1601	71	61	1.488	1.732	-0.476	
c371_14_026	c371	14	26	1775	1638	40	74	1.805	0.976	0.585	
c371_14_027	c371	14	27	1842	1615	48	49	1.195	1.171	-0.280	
c371_14_028	c371	14	28	1885	1629	39	34	0.829	0.951	-0.122	c371_14_m0048
c371_14_029	c371	14	29	1950	1632	48	46	1.122	1.171	0.098	
c371_14_030	c371	14	30	2009	1574	33	36	0.878	0.805	-1.439	
c371_14_031	c371	14	31	2029	1625	62	44	1.073	1.512	-0.098	
c371_14_032	c371	14	32	2097	1618	42	52	1.268	1.024	-0.171	
c371_14_033	c371	14	33	2153	1636	24	35	0.854	0.585	0.061	
c371_14_034	c371	14	34	2195	1644	48	87	2.122	1.171	0.890	
c371_14_035	c371	14	35	2228	1606	35	84	2.049	0.854	-0.073	
c371_14_036	c371	14	36	2266	1610	29	53	1.293	0.707	-0.354	
c371_14_037	c371	14	37	2292	1635	10	24	0.585	0.244	-0.098	
c371_14_038	c371	14	38	2303	1627	14	33	0.805	0.341	-0.183	
c371_14_039	c371	14	39	2322	1635	22	27	0.659	0.537	-0.061	
c371_15_001	c371	15	1	16	1745	40	48	1.171	0.976	-0.195	
c371_15_002	c371	15	2	70	1760	29	54	1.317	0.707	0.244	
c371_15_003	c371	15	3	142	1706	104	85	2.073	2.537	-0.695	
c371_15_004	c371	15	4	247	1763	66	28	0.683	1.610	0.000	c371_15_m0050
c371_15_005	c371	15	5	332	1762	28	35	0.854	0.683	0.061	
c371_15_006	c371	15	6	377	1735	44	55	1.341	1.073	-0.354	
c371_15_007	c371	15	7	417	1759	43	57	1.390	1.049	0.256	
c371_15_008	c371	15	8	469	1762	32	29	0.707	0.780	-0.012	
c371_15_009	c371	15	9	512	1749	66	41	1.000	1.610	-0.183	
c371_15_010	c371	15	10	642	1756	37	34	0.829	0.902	-0.098	
c371_15_011	c371	15	11	707	1733	57	56	1.366	1.390	-0.390	
c371_15_012	c371	15	12	765	1756	41	31	0.756	1.000	-0.134	
c371_15_013	c371	15	13	819	1760	36	29	0.707	0.878	-0.061	
c371_15_014	c371	15	14	962	1764	40	51	1.244	0.976	0.305	
c371_15_015	c371	15	15	1022	1760	28	32	0.780	0.683	-0.024	
c371_15_016	c371	15	16	1063	1756	31	28	0.683	0.756	-0.171	
c371_15_017	c371	15	17	1112	1760	50	69	1.683	1.220	0.427	
c371_15_018	c371	15	18	1192	1734	108	120	2.927	2.634	0.415	
c371_15_019	c371	15	19	1302	1764	32	32	0.780	0.780	0.073	
c371_15_020	c371	15	20	1362	1767	31	30	0.732	0.756	0.122	
c371_15_021	c371	15	21	1406	1732	67	91	2.220	1.634	0.012	
c371_15_022	c371	15	22	1470	1767	27	29	0.707	0.659	0.110	
c371_15_023	c371	15	23	1506	1761	33	31	0.756	0.805	-0.012	
c371_15_024	c371	15	24	1557	1770	44	82	2.000	1.073	0.829	
c371_15_025	c371	15	25	1628	1769	33	27	0.659	0.805	0.134	
c371_15_026	c371	15	26	1677	1760	59	40	0.976	1.439	0.073	
c371_15_027	c371	15	27	1748	1746	47	54	1.317	1.146	-0.098	
c371_15_028	c371	15	28	1787	1762	27	32	0.780	0.659	0.024	
c371_15_029	c371	15	29	1836	1768	52	56	1.366	1.268	0.463	
c371_15_030	c371	15	30	1904	1752	63	40	0.976	1.537	-0.122	
c371_15_031	c371	15	31	1971	1770	23	40	0.976	0.561	0.317	
c371_15_032	c371	15	32	1991	1733	78	120	2.927	1.902	0.390	
c371_15_033	c371	15	33	2075	1758	31	29	0.707	0.756	-0.110	
c371_15_034	c371	15	34	2127	1756	26	64	1.561	0.634	0.268	
c371_15_035	c371	15	35	2173	1747	50	41	1.000	1.220	-0.232	
c371_15_036	c371	15	36	2233	1738	26	48	1.171	0.634	-0.366	
c371_15_037	c371	15	37	2259	1729	31	81	1.976	0.756	-0.183	
c371_15_038	c371	15	38	2292	1757	15	27	0.659	0.366	-0.159	
c371_15_039	c371	15	39	2310	1757	12	24	0.585	0.293	-0.195	
c371_16_001	c371	16	1	20	1878	32	39	0.951	0.780	-0.232	
c371_16_002	c371	16	2	73	1854	86	121	2.951	2.098	0.183	
c371_16_003	c371	16	3	164	1890	30	31	0.756	0.732	-0.037	
c371_16_004	c371	16	4	206	1881	68	40	0.976	1.659	-0.146	
c371_16_005	c371	16	5	288	1893	31	31	0.756	0.756	0.037	
c371_16_006	c371	16	6	339	1891	47	49	1.195	1.146	0.207	
c371_16_007	c371	16	7	403	1875	49	55	1.341	1.195	-0.110	
c371_16_008	c371	16	8	455	1899	40	56	1.366	0.976	0.488	
c371_16_009	c371	16	9	520	1858	86	129	3.146	2.098	0.378	
c371_16_010	c371	16	10	624	1894	40	30	0.732	0.976	0.049	
c371_16_011	c371	16	11	700	1885	49	35	0.854	1.195	-0.110	
c371_16_012	c371	16	12	726	1856	77	124	3.024	1.878	0.268	
c371_16_013	c371	16	13	821	1883	44	34	0.829	1.073	-0.171	
c371_16_014	c371	16	14	883	1879	36	40	0.976	0.878	-0.195	
c371_16_015	c371	16	15	970	1886	34	33	0.805	0.829	-0.110	
c371_16_016	c371	16	16	1025	1889	36	61	1.488	0.878	0.305	
c371_16_017	c371	16	17	1095	1882	36	45	1.098	0.878	-0.061	
c371_16_018	c371	16	18	1147	1893	43	31	0.756	1.049	0.037	
c371_16_019	c371	16	19	1204	1867	63	79	1.927	1.537	-0.012	
c371_16_020	c371	16	20	1264	1894	30	59	1.439	0.732	0.402	
c371_16_021	c371	16	21	1319	1860	52	53	1.293	1.268	-0.500	
c371_16_022	c371	16	22	1364	1880	34	32	0.780	0.829	-0.268	
c371_16_023	c371	16	23	1416	1895	41	73	1.780	1.000	0.598	
c371_16_024	c371	16	24	1466	1893	49	32	0.780	1.195	0.049	
c371_16_025	c371	16	25	1531	1896	38	37	0.902	0.927	0.183	
c371_16_026	c371	16	26	1601	1873	55	60	1.463	1.341	-0.098	
c371_16_027	c371	16	27	1665	1896	41	31	0.756	1.000	0.110	
c371_16_028	c371	16	28	1689	1867	87	127	3.098	2.122	0.573	
c371_16_029	c371	16	29	1782	1899	43	34	0.829	1.049	0.220	
c371_16_030	c371	16	30	1884	1873	85	75	1.829	2.073	0.085	
c371_16_031	c371	16	31	1973	1882	34	49	1.195	0.829	-0.012	
c371_16_032	c371	16	32	2024	1900	27	28	0.683	0.659	0.171	
c371_16_033	c371	16	33	2068	1873	65	72	1.756	1.585	0.049	
c371_16_034	c371	16	34	2145	1907	18	17	0.415	0.439	0.207	
c371_16_035	c371	16	35	2180	1896	17	30	0.732	0.415	0.098	
c371_16_036	c371	16	36	2214	1900	31	40	0.976	0.756	0.317	
c371_16_037	c371	16	37	2254	1897	20	32	0.780	0.488	0.146	
c371_16_038	c371	16	38	2285	1892	21	78	1.902	0.512	0.585	
c371_17_001	c371	17	1	10	1994	67	79	1.927	1.634	-0.232	
c371_17_002	c371	17	2	76	1983	101	134	3.268	2.463	0.171	
c371_17_003	c371	17	3	172	2005	107	84	2.049	2.610	0.098	
c371_17_004	c371	17	4	274	2007	82	87	2.122	2.000	0.183	
c371_17_005	c371	17	5	378	2023	50	32	0.780	1.220	-0.098	
c371_17_006	c371	17	6	442	1997	47	53	1.293	1.146	-0.476	
c371_17_007	c371	17	7	497	2009	33	39	0.951	0.805	-0.354	
c371_17_008	c371	17	8	543	2001	54	79	1.927	1.317	-0.061	
c371_17_009	c371	17	9	604	2017	38	32	0.780	0.927	-0.244	
c371_17_010	c371	17	10	665	2011	55	43	1.049	1.341	-0.256	
c371_17_011	c371	17	11	729	2020	39	32	0.780	0.951	-0.171	
c371_17_012	c371	17	12	780	2017	42	33	0.805	1.024	-0.232	
c371_17_013	c371	17	13	899	2031	23	25	0.610	0.561	0.012	
c371_17_014	c371	17	14	924	2028	87	67	1.634	2.122	0.451	
c371_17_015	c371	17	15	998	2029	34	39	0.951	0.829	0.134	
c371_17_016	c371	17	16	1054	2030	43	46	1.122	1.049	0.244	
c371_17_017	c371	17	17	1098	1997	16	42	1.024	0.390	-0.610	
c371_17_018	c371	17	18	1120	2030	38	75	1.829	0.927	0.598	
c371_17_019	c371	17	19	1199	1999	42	60	1.463	1.024	-0.341	
c371_17_020	c371	17	20	1244	2018	31	41	1.000	0.756	-0.110	
c371_17_021	c371	17	21	1274	2023	57	71	1.732	1.390	0.378	
c371_17_022	c371	17	22	1352	2032	25	39	0.951	0.610	0.207	
c371_17_023	c371	17	23	1402	2033	41	63	1.537	1.000	0.524	
c371_17_024	c371	17	24	1476	2035	44	32	0.780	1.073	0.195	
c371_17_025	c371	17	25	1534	2004	51	55	1.341	1.244	-0.280	
c371_17_026	c371	17	26	1590	2015	39	50	1.220	0.951	-0.073	
c371_17_027	c371	17	27	1610	1995	89	117	2.854	2.171	0.256	
c371_17_028	c371	17	28	1694	2035	51	31	0.756	1.244	0.183	
c371_17_029	c371	17	29	1770	2037	63	39	0.951	1.537	0.329	
c371_17_030	c371	17	30	1843	2038	26	25	0.610	0.634	0.183	
c371_17_031	c371	17	31	1923	2100	30	9	0.220	0.732	1.500	
c371_17_032	c371	17	32	1954	2020	42	68	1.659	1.024	0.268	
c371_17_033	c371	17	33	2011	2036	37	27	0.659	0.902	0.159	
c371_17_034	c371	17	34	2062	2025	20	36	0.878	0.488	0.000	c371_17_m0051
c371_17_035	c371	17	35	2114	2022	27	40	0.976	0.659	-0.024	
c371_17_036	c371	17	36	2143	2009	63	73	1.780	1.537	0.061	
c371_17_037	c371	17	37	2200	2033	20	28	0.683	0.488	0.098	
c371_17_038	c371	17	38	2230	2022	21	31	0.756	0.512	-0.134	
c371_17_039	c371	17	39	2264	2031	29	35	0.854	0.707	0.134	
c371_17_040	c371	17	40	2301	2027	15	29	0.707	0.366	-0.037	
c371_18_001	c371	18	1	0	2130	102	121	2.951	2.488	0.549	
c371_18_002	c371	18	2	102	2137	52	68	1.659	1.268	0.073	
c371_18_003	c371	18	3	161	2155	37	69	1.683	0.902	0.524	
c371_18_004	c371	18	4	198	2153	113	76	1.854	2.756	0.561	
c371_18_005	c371	18	5	350	2153	47	43	1.049	1.146	0.159	
c371_18_006	c371	18	6	488	2150	46	34	0.829	1.122	-0.024	
c371_18_007	c371	18	7	555	2108	90	75	1.829	2.195	-0.549	
c371_18_008	c371	18	8	640	2145	61	33	0.805	1.488	-0.159	
c371_18_009	c371	18	9	708	2138	36	41	1.000	0.878	-0.232	
c371_18_010	c371	18	10	773	2150	45	31	0.756	1.098	-0.061	
c371_18_011	c371	18	11	827	2153	36	29	0.707	0.878	-0.012	c371_18_m0052
c371_18_012	c371	18	12	886	2119	96	80	1.951	2.341	-0.220	
c371_18_013	c371	18	13	985	2126	51	57	1.390	1.244	-0.329	
c371_18_014	c371	18	14	1023	2148	62	36	0.878	1.512	-0.049	
c371_18_015	c371	18	15	1115	2157	30	33	0.805	0.732	0.134	
c371_18_016	c371	18	16	1163	2144	34	47	1.146	0.829	-0.012	
c371_18_017	c371	18	17	1216	2158	41	62	1.512	1.000	0.512	
c371_18_018	c371	18	18	1274	2165	31	31	0.756	0.756	0.305	
c371_18_019	c371	18	19	1329	2145	60	42	1.024	1.463	-0.049	
c371_18_020	c371	18	20	1431	2222	45	9	0.220	1.098	1.427	
c371_18_021	c371	18	21	1464	2147	48	74	1.805	1.171	0.390	
c371_18_022	c371	18	22	1539	2156	46	33	0.805	1.122	0.110	
c371_18_023	c371	18	23	1598	2158	22	24	0.585	0.537	0.049	
c371_18_024	c371	18	24	1612	2196	44	14	0.341	1.073	0.854	c371_18_m0053
c371_18_025	c371	18	25	1635	2128	49	68	1.659	1.195	-0.146	
c371_18_026	c371	18	26	1695	2154	33	51	1.244	0.805	0.280	
c371_18_027	c371	18	27	1727	2128	27	48	1.171	0.659	-0.390	
c371_18_028	c371	18	28	1748	2156	40	51	1.244	0.976	0.329	
c371_18_029	c371	18	29	1814	2131	47	50	1.220	1.146	-0.293	
c371_18_030	c371	18	30	1861	2157	47	41	1.000	1.146	0.232	
c371_18_031	c371	18	31	1934	2157	30	24	0.585	0.732	0.024	
c371_18_032	c371	18	32	1972	2150	33	30	0.732	0.805	-0.073	
c371_18_033	c371	18	33	2023	2157	42	34	0.829	1.024	0.146	
c371_18_034	c371	18	34	2099	2158	18	23	0.561	0.439	0.037	
c371_18_035	c371	18	35	2130	2148	46	31	0.756	1.122	-0.110	
c371_18_036	c371	18	36	2173	2149	13	21	0.512	0.317	-0.207	
c371_18_037	c371	18	37	2204	2145	22	29	0.707	0.537	-0.207	
c371_18_038	c371	18	38	2240	2146	16	20	0.488	0.390	-0.293	
c371_18_039	c371	18	39	2274	2142	9	25	0.610	0.220	-0.329	
c371_18_040	c371	18	40	2286	2129	16	41	1.000	0.390	-0.451	
c371_19_001	c371	19	1	7	2258	61	74	1.805	1.488	0.098	
c371_19_002	c371	19	2	82	2251	46	58	1.415	1.122	-0.268	c371_19_m0058
c371_19_003	c371	19	3	122	2275	38	30	0.732	0.927	-0.024	
c371_19_004	c371	19	4	189	2271	30	37	0.902	0.732	-0.037	
c371_19_005	c371	19	5	241	2274	42	31	0.756	1.024	-0.037	
c371_19_006	c371	19	6	316	2280	21	42	1.024	0.512	0.244	
c371_19_007	c371	19	7	425	2267	69	43	1.049	1.683	-0.061	
c371_19_008	c371	19	8	533	2223	69	106	2.585	1.683	-0.366	
c371_19_009	c371	19	9	627	2265	67	41	1.000	1.634	-0.134	
c371_19_010	c371	19	10	713	2275	33	32	0.780	0.805	0.000	
c371_19_011	c371	19	11	767	2236	91	81	1.976	2.220	-0.354	
c371_19_012	c371	19	12	853	2249	46	52	1.268	1.122	-0.390	
c371_19_013	c371	19	13	894	2272	35	33	0.805	0.854	-0.061	
c371_19_014	c371	19	14	964	2268	26	38	0.927	0.634	-0.098	
c371_19_015	c371	19	15	1023	2267	22	36	0.878	0.537	-0.146	
c371_19_016	c371	19	16	1062	2275	26	28	0.683	0.634	-0.049	c371_19_m0057
c371_19_017	c371	19	17	1089	2259	44	43	1.049	1.073	-0.256	
c371_19_018	c371	19	18	1138	2275	35	28	0.683	0.854	-0.049	
c371_19_019	c371	19	19	1185	2272	46	35	0.854	1.122	-0.037	
c371_19_020	c371	19	20	1253	2276	42	59	1.439	1.024	0.354	
c371_19_021	c371	19	21	1324	2260	67	50	1.220	1.634	-0.146	
c371_19_022	c371	19	22	1412	2283	20	39	0.951	0.488	0.280	
c371_19_023	c371	19	23	1462	2277	31	32	0.780	0.756	0.049	
c371_19_024	c371	19	24	1516	2278	52	38	0.927	1.268	0.146	
c371_19_025	c371	19	25	1592	2208	39	32	0.780	0.951	-1.634	
c371_19_026	c371	19	26	1593	2273	49	31	0.756	1.195	-0.061	c371_19_m0061
c371_19_027	c371	19	27	1672	2273	18	32	0.780	0.439	-0.049	c371_19_m0056|c371_19_m0060
c371_19_028	c371	19	28	1727	2283	30	43	1.049	0.732	0.329	
c371_19_029	c371	19	29	1780	2261	21	40	0.976	0.512	-0.244	
c371_19_030	c371	19	30	1821	2277	44	47	1.146	1.073	0.232	c371_19_m0054
c371_19_031	c371	19	31	1878	2248	11	24	0.585	0.268	-0.756	
c371_19_032	c371	19	32	1890	2274	41	30	0.732	1.000	-0.049	
c371_19_033	c371	19	33	1947	2275	29	25	0.610	0.707	-0.085	
c371_19_034	c371	19	34	1956	2327	66	12	0.293	1.610	1.024	
c371_19_035	c371	19	35	1982	2272	36	29	0.707	0.878	-0.110	
c371_19_036	c371	19	36	2036	2275	29	39	0.951	0.707	0.085	
c371_19_037	c371	19	37	2079	2275	10	32	0.780	0.244	0.000	
c371_19_038	c371	19	38	2101	2268	34	30	0.732	0.829	-0.195	c371_19_m0055
c371_19_039	c371	19	39	2167	2271	5	27	0.659	0.122	-0.159	
c371_19_040	c371	19	40	2175	2260	22	40	0.976	0.537	-0.268	
c371_19_041	c371	19	41	2216	2267	25	28	0.683	0.610	-0.244	
c371_19_042	c371	19	42	2266	2258	16	32	0.780	0.390	-0.415	
c371_19_043	c371	19	43	2304	2267	10	16	0.390	0.244	-0.390	c371_19_m0059
c371_19_044	c371	19	44	2319	2254	10	29	0.707	0.244	-0.549	
c371_20_001	c371	20	1	0	2416	29	27	0.659	0.707	0.207	
c371_20_002	c371	20	2	52	2408	47	31	0.756	1.146	0.061	
c371_20_003	c371	20	3	118	2396	30	36	0.878	0.732	-0.171	
c371_20_004	c371	20	4	174	2405	39	31	0.756	0.951	-0.012	
c371_20_005	c371	20	5	235	2371	55	63	1.537	1.341	-0.451	
c371_20_006	c371	20	6	302	2375	59	113	2.756	1.439	0.256	
c371_20_007	c371	20	7	341	2371	68	94	2.293	1.659	-0.073	
c371_20_008	c371	20	8	421	2403	44	32	0.780	1.073	-0.049	
c371_20_009	c371	20	9	503	2373	57	56	1.366	1.390	-0.488	
c371_20_010	c371	20	10	546	2399	34	29	0.707	0.829	-0.183	
c371_20_011	c371	20	11	572	2452	32	31	0.756	0.780	1.134	
c371_20_012	c371	20	12	602	2359	62	96	2.341	1.512	-0.341	
c371_20_013	c371	20	13	666	2401	30	26	0.634	0.732	-0.171	
c371_20_014	c371	20	14	717	2397	38	34	0.829	0.927	-0.171	
c371_20_015	c371	20	15	782	2398	11	29	0.707	0.268	-0.207	
c371_20_016	c371	20	16	793	2408	7	16	0.390	0.171	-0.122	
c371_20_017	c371	20	17	824	2400	54	34	0.829	1.317	-0.098	
c371_20_018	c371	20	18	906	2398	73	80	1.951	1.780	0.415	
c371_20_019	c371	20	19	974	2361	62	106	2.585	1.512	-0.171	
c371_20_020	c371	20	20	1031	2468	32	8	0.195	0.780	1.244	
c371_20_021	c371	20	21	1048	2406	47	56	1.366	1.146	0.317	
c371_20_022	c371	20	22	1115	2398	33	42	1.024	0.805	-0.049	
c371_20_023	c371	20	23	1185	2403	42	49	1.195	1.024	0.159	
c371_20_024	c371	20	24	1252	2411	22	25	0.610	0.537	0.061	
c371_20_025	c371	20	25	1291	2369	64	99	2.415	1.561	-0.061	
c371_20_026	c371	20	26	1352	2384	46	50	1.220	1.122	-0.293	
c371_20_027	c371	20	27	1418	2406	36	32	0.780	0.878	0.024	
c371_20_028	c371	20	28	1466	2407	27	26	0.634	0.659	-0.024	
c371_20_029	c371	20	29	1481	2365	79	126	3.073	1.927	0.171	
c371_20_030	c371	20	30	1568	2406	28	23	0.561	0.683	-0.085	
c371_20_031	c371	20	31	1599	2399	22	37	0.902	0.537	-0.085	c371_20_m0066
c371_20_032	c371	20	32	1683	2412	23	26	0.634	0.561	0.098	
c371_20_033	c371	20	33	1728	2407	36	31	0.756	0.878	0.037	
c371_20_034	c371	20	34	1780	2408	28	43	1.049	0.683	0.207	
c371_20_035	c371	20	35	1836	2405	25	31	0.756	0.610	-0.012	c371_20_m0063
c371_20_036	c371	20	36	1895	2409	14	26	0.634	0.341	0.024	
c371_20_037	c371	20	37	1933	2409	39	36	0.878	0.951	0.146	
c371_20_038	c371	20	38	2000	2401	40	95	2.317	0.976	0.671	c371_20_m0065
c371_20_039	c371	20	39	2024	2383	62	75	1.829	1.512	-0.012	
c371_20_040	c371	20	40	2090	2409	59	25	0.610	1.439	0.012	
c371_20_041	c371	20	41	2176	2388	37	43	1.049	0.902	-0.280	c371_20_m0062
c371_20_042	c371	20	42	2223	2398	13	37	0.902	0.317	-0.110	
c371_20_043	c371	20	43	2257	2400	18	31	0.756	0.439	-0.134	c371_20_m0067
c371_20_044	c371	20	44	2278	2362	7	32	0.780	0.171	-1.049	
c371_20_045	c371	20	45	2290	2387	15	28	0.683	0.366	-0.488	c371_20_m0064
c371_20_046	c371	20	46	2311	2372	10	28	0.683	0.244	-0.854	
c371_21_001	c371	21	1	0	2529	27	42	1.024	0.659	-0.098	
c371_21_002	c371	21	2	21	2590	27	36	0.878	0.659	1.317	
c371_21_003	c371	21	3	51	2505	57	92	2.244	1.390	-0.073	
c371_21_004	c371	21	4	118	2540	26	48	1.171	0.634	0.244	
c371_21_005	c371	21	5	152	2515	16	38	0.927	0.390	-0.488	
c371_21_006	c371	21	6	181	2540	39	55	1.341	0.951	0.329	
c371_21_007	c371	21	7	261	2541	40	36	0.878	0.976	0.122	
c371_21_008	c371	21	8	320	2541	36	29	0.707	0.878	0.037	
c371_21_009	c371	21	9	361	2534	16	53	1.293	0.390	0.159	
c371_21_010	c371	21	10	378	2506	94	90	2.195	2.293	-0.073	
c371_21_011	c371	21	11	504	2526	22	36	0.878	0.537	-0.244	
c371_21_012	c371	21	12	555	2536	50	27	0.659	1.220	-0.110	c371_21_m0069
c371_21_013	c371	21	13	627	2537	30	28	0.683	0.732	-0.073	
c371_21_014	c371	21	14	694	2536	51	29	0.707	1.244	-0.085	
c371_21_015	c371	21	15	782	2540	23	32	0.780	0.561	0.049	
c371_21_016	c371	21	16	827	2507	82	67	1.634	2.000	-0.329	
c371_21_017	c371	21	17	902	2540	27	29	0.707	0.659	0.012	
c371_21_018	c371	21	18	944	2481	36	23	0.561	0.878	-1.500	
c371_21_019	c371	21	19	945	2534	28	27	0.659	0.683	-0.159	
c371_21_020	c371	21	20	1006	2534	45	43	1.049	1.098	0.037	
c371_21_021	c371	21	21	1085	2530	66	37	0.902	1.610	-0.134	
c371_21_022	c371	21	22	1154	2543	34	26	0.634	0.829	0.049	
c371_21_023	c371	21	23	1211	2534	24	31	0.756	0.585	-0.110	
c371_21_024	c371	21	24	1224	2466	93	161	3.927	2.268	-0.183	
c371_21_025	c371	21	25	1317	2515	49	52	1.268	1.195	-0.317	
c371_21_026	c371	21	26	1367	2511	77	71	1.732	1.878	-0.183	
c371_21_027	c371	21	27	1439	2548	25	24	0.585	0.610	0.146	
c371_21_028	c371	21	28	1479	2535	37	35	0.854	0.902	-0.037	
c371_21_029	c371	21	29	1512	2543	81	77	1.878	1.976	0.671	
c371_21_030	c371	21	30	1626	2538	83	46	1.122	2.024	0.171	
c371_21_031	c371	21	31	1706	2508	97	123	3.000	2.366	0.378	
c371_21_032	c371	21	32	1809	2555	27	26	0.634	0.659	0.341	
c371_21_033	c371	21	33	1858	2553	49	26	0.634	1.195	0.293	
c371_21_034	c371	21	34	1899	2509	49	50	1.220	1.195	-0.488	
c371_21_035	c371	21	35	1934	2549	34	33	0.805	0.829	0.280	
c371_21_036	c371	21	36	1974	2551	45	58	1.415	1.098	0.634	
c371_21_037	c371	21	37	2033	2548	33	24	0.585	0.805	0.146	
c371_21_038	c371	21	38	2076	2545	39	28	0.683	0.951	0.122	
c371_21_039	c371	21	39	2143	2550	16	19	0.463	0.390	0.134	
c371_21_040	c371	21	40	2174	2599	25	10	0.244	0.610	1.220	
c371_21_041	c371	21	41	2189	2532	21	20	0.488	0.512	-0.293	
c371_21_042	c371	21	42	2203	2548	14	43	1.049	0.341	0.378	
c371_21_043	c371	21	43	2229	2526	27	29	0.707	0.659	-0.329	
c371_21_044	c371	21	44	2274	2485	40	114	2.780	0.976	-0.293	c371_21_m0068
c371_22_001	c371	22	1	0	2677	13	23	0.561	0.317	0.085	
c371_22_002	c371	22	2	33	2664	13	44	1.073	0.317	0.024	c371_22_m0071
c371_22_003	c371	22	3	57	2632	88	69	1.683	2.146	-0.451	
c371_22_004	c371	22	4	160	2664	31	31	0.756	0.756	-0.134	
c371_22_005	c371	22	5	210	2664	32	33	0.805	0.780	-0.110	
c371_22_006	c371	22	6	270	2673	24	26	0.634	0.585	0.024	
c371_22_007	c371	22	7	295	2673	21	28	0.683	0.512	0.049	c371_22_m0073
c371_22_008	c371	22	8	356	2678	28	25	0.610	0.683	0.134	
c371_22_009	c371	22	9	424	2669	74	82	2.000	1.805	0.610	
c371_22_010	c371	22	10	529	2668	74	74	1.805	1.805	0.488	
c371_22_011	c371	22	11	619	2669	28	50	1.220	0.683	0.220	
c371_22_012	c371	22	12	679	2656	60	44	1.073	1.463	-0.171	
c371_22_013	c371	22	13	710	2718	64	15	0.366	1.561	0.988	
c371_22_014	c371	22	14	769	2664	34	48	1.171	0.829	0.073	
c371_22_015	c371	22	15	825	2662	40	50	1.220	0.976	0.049	
c371_22_016	c371	22	16	866	2633	18	40	0.976	0.439	-0.780	
c371_22_017	c371	22	17	880	2662	40	63	1.537	0.976	0.207	
c371_22_018	c371	22	18	941	2667	35	26	0.634	0.854	-0.122	
c371_22_019	c371	22	19	993	2665	36	28	0.683	0.878	-0.146	
c371_22_020	c371	22	20	1044	2663	47	63	1.537	1.146	0.232	
c371_22_021	c371	22	21	1127	2660	39	32	0.780	0.951	-0.220	
c371_22_022	c371	22	22	1186	2669	27	28	0.683	0.659	-0.049	
c371_22_023	c371	22	23	1233	2670	31	43	1.049	0.756	0.159	
c371_22_024	c371	22	24	1277	2641	47	85	2.073	1.146	-0.037	
c371_22_025	c371	22	25	1349	2640	47	55	1.341	1.146	-0.427	
c371_22_026	c371	22	26	1426	2675	21	41	1.000	0.512	0.256	
c371_22_027	c371	22	27	1473	2675	34	34	0.829	0.829	0.171	
c371_22_028	c371	22	28	1491	2679	88	62	1.512	2.146	0.610	
c371_22_029	c371	22	29	1613	2670	68	43	1.049	1.659	0.159	
c371_22_030	c371	22	30	1704	2636	66	102	2.488	1.610	0.049	
c371_22_031	c371	22	31	1787	2666	58	42	1.024	1.415	0.049	
c371_22_032	c371	22	32	1860	2686	31	28	0.683	0.756	0.366	
c371_22_033	c371	22	33	1959	2686	47	50	1.220	1.146	0.634	
c371_22_034	c371	22	34	2011	2647	17	39	0.951	0.415	-0.451	
c371_22_035	c371	22	35	2026	2686	20	41	1.000	0.488	0.524	
c371_22_036	c371	22	36	2082	2666	51	41	1.000	1.244	0.037	
c371_22_037	c371	22	37	2143	2678	17	37	0.902	0.415	0.280	
c371_22_038	c371	22	38	2180	2659	19	37	0.902	0.463	-0.183	
c371_22_039	c371	22	39	2214	2666	21	26	0.634	0.512	-0.146	
c371_22_040	c371	22	40	2249	2665	13	21	0.512	0.317	-0.232	c371_22_m0070
c371_22_041	c371	22	41	2280	2639	25	39	0.951	0.610	-0.646	c371_22_m0072
c371_23_001	c371	23	1	0	2806	22	46	1.122	0.537	0.366	
c371_23_002	c371	23	2	48	2814	9	19	0.463	0.220	0.232	c371_23_m0077
c371_23_003	c371	23	3	59	2809	11	20	0.488	0.268	0.122	c371_23_m0080
c371_23_004	c371	23	4	90	2785	42	53	1.293	1.024	-0.061	c371_23_m0075
c371_23_005	c371	23	5	143	2805	27	30	0.732	0.659	0.146	c371_23_m0078
c371_23_006	c371	23	6	179	2798	28	29	0.707	0.683	-0.037	
c371_23_007	c371	23	7	242	2803	31	29	0.707	0.756	0.085	
c371_23_008	c371	23	8	298	2805	25	39	0.951	0.610	0.256	
c371_23_009	c371	23	9	414	2780	54	55	1.341	1.317	-0.159	c371_23_m0081
c371_23_010	c371	23	10	549	2796	30	36	0.878	0.732	0.000	
c371_23_011	c371	23	11	612	2797	22	28	0.683	0.537	-0.073	
c371_23_012	c371	23	12	636	2798	49	83	2.024	1.195	0.622	
c371_23_013	c371	23	13	711	2780	54	46	1.122	1.317	-0.268	
c371_23_014	c371	23	14	793	2784	23	40	0.976	0.561	-0.244	c371_23_m0074
c371_23_015	c371	23	15	839	2780	35	44	1.073	0.854	-0.293	
c371_23_016	c371	23	16	897	2797	36	27	0.659	0.878	-0.085	
c371_23_017	c371	23	17	953	2784	63	42	1.024	1.537	-0.220	
c371_23_018	c371	23	18	1027	2801	25	38	0.927	0.610	0.146	
c371_23_019	c371	23	19	1081	2775	51	59	1.439	1.244	-0.232	
c371_23_020	c371	23	20	1121	2797	48	65	1.585	1.171	0.378	
c371_23_021	c371	23	21	1189	2767	53	56	1.366	1.293	-0.463	
c371_23_022	c371	23	22	1245	2799	29	32	0.780	0.707	0.024	
c371_23_023	c371	23	23	1299	2781	97	43	1.049	2.366	-0.280	
c371_23_024	c371	23	24	1412	2802	37	53	1.293	0.902	0.354	
c371_23_025	c371	23	25	1449	2763	86	128	3.122	2.098	0.317	
c371_23_026	c371	23	26	1544	2792	64	44	1.073	1.561	0.000	
c371_23_027	c371	23	27	1630	2794	38	44	1.073	0.927	0.049	
c371_23_028	c371	23	28	1690	2811	28	30	0.732	0.683	0.293	
c371_23_029	c371	23	29	1719	2760	92	140	3.415	2.244	0.390	
c371_23_030	c371	23	30	1820	2774	47	68	1.659	1.146	-0.146	
c371_23_031	c371	23	31	1868	2794	67	43	1.049	1.634	0.037	
c371_23_032	c371	23	32	1946	2799	47	33	0.805	1.146	0.037	
c371_23_033	c371	23	33	2017	2799	33	67	1.634	0.805	0.451	
c371_23_034	c371	23	34	2069	2773	26	52	1.268	0.634	-0.366	
c371_23_035	c371	23	35	2110	2780	37	40	0.976	0.902	-0.341	
c371_23_036	c371	23	36	2114	2845	56	12	0.293	1.366	0.902	
c371_23_037	c371	23	37	2173	2791	22	40	0.976	0.537	-0.073	
c371_23_038	c371	23	38	2211	2792	38	23	0.561	0.927	-0.256	c371_23_m0076
c371_23_039	c371	23	39	2277	2723	30	102	2.488	0.732	-0.976	c371_23_m0079
c371_24_001	c371	24	1	0	2925	42	82	2.000	1.024	0.390	
c371_24_002	c371	24	2	67	2933	37	27	0.659	0.902	-0.085	
c371_24_003	c371	24	3	120	2902	95	123	3.000	2.317	0.329	
c371_24_004	c371	24	4	226	2932	31	30	0.732	0.756	-0.073	
c371_24_005	c371	24	5	271	2929	42	31	0.756	1.024	-0.134	
c371_24_006	c371	24	6	392	2928	42	30	0.732	1.024	-0.171	c371_24_m0082|c371_24_m0084
c371_24_007	c371	24	7	451	2926	59	35	0.854	1.439	-0.159	
c371_24_008	c371	24	8	531	2930	32	31	0.756	0.780	-0.110	
c371_24_009	c371	24	9	573	2925	48	37	0.902	1.171	-0.159	
c371_24_010	c371	24	10	643	2920	36	34	0.829	0.878	-0.317	
c371_24_011	c371	24	11	689	2904	52	70	1.707	1.268	-0.268	
c371_24_012	c371	24	12	747	2918	22	43	1.049	0.537	-0.256	
c371_24_013	c371	24	13	802	2928	44	42	1.024	1.073	-0.024	
c371_24_014	c371	24	14	864	2937	35	31	0.756	0.854	0.061	
c371_24_015	c371	24	15	902	2934	32	26	0.634	0.780	-0.073	
c371_24_016	c371	24	16	945	2955	5	28	0.683	0.122	0.463	
c371_24_017	c371	24	17	953	2939	28	25	0.610	0.683	0.037	
c371_24_018	c371	24	18	1004	2925	62	39	0.951	1.512	-0.134	
c371_24_019	c371	24	19	1077	2940	25	39	0.951	0.610	0.232	
c371_24_020	c371	24	20	1131	2937	32	30	0.732	0.780	0.049	
c371_24_021	c371	24	21	1152	2912	29	23	0.561	0.707	-0.646	
c371_24_022	c371	24	22	1180	2944	25	36	0.878	0.610	0.293	
c371_24_023	c371	24	23	1228	2939	49	36	0.878	1.195	0.171	
c371_24_024	c371	24	24	1310	2947	32	29	0.707	0.780	0.280	
c371_24_025	c371	24	25	1341	2944	15	13	0.317	0.366	0.012	
c371_24_026	c371	24	26	1344	2995	31	7	0.171	0.756	1.183	
c371_24_027	c371	24	27	1372	2906	66	105	2.561	1.610	0.207	
c371_24_028	c371	24	28	1429	2938	44	34	0.829	1.073	0.122	
c371_24_029	c371	24	29	1498	2929	34	41	1.000	0.829	-0.012	
c371_24_030	c371	24	30	1573	2945	40	30	0.732	0.976	0.244	
c371_24_031	c371	24	31	1634	2939	24	31	0.756	0.585	0.110	
c371_24_032	c371	24	32	1684	2939	39	34	0.829	0.951	0.146	c371_24_m0083
c371_24_033	c371	24	33	1716	2891	30	23	0.561	0.732	-1.159	
c371_24_034	c371	24	34	1745	2947	27	48	1.171	0.659	0.512	
c371_24_035	c371	24	35	1787	2927	43	39	0.951	1.049	-0.085	
c371_24_036	c371	24	36	1863	2938	32	33	0.805	0.780	0.110	
c371_24_037	c371	24	37	1918	2932	47	33	0.805	1.146	-0.037	
c371_24_038	c371	24	38	1987	2933	41	27	0.659	1.000	-0.085	
c371_24_039	c371	24	39	2043	2930	28	34	0.829	0.683	-0.073	c371_24_m0085
c371_24_040	c371	24	40	2137	2878	80	126	3.073	1.951	-0.220	
c371_24_041	c371	24	41	2213	2910	34	30	0.732	0.829	-0.610	
c371_24_042	c371	24	42	2267	2876	25	107	2.610	0.610	-0.500	
c371_24_043	c371	24	43	2298	2896	14	31	0.756	0.341	-0.939	
c371_25_001	c371	25	1	0	3062	26	39	0.951	0.634	0.134	
c371_25_002	c371	25	2	49	3071	52	35	0.854	1.268	0.305	
c371_25_003	c371	25	3	108	3036	69	96	2.341	1.683	0.195	
c371_25_004	c371	25	4	182	3067	43	33	0.805	1.049	0.183	
c371_25_005	c371	25	5	301	3021	86	81	1.976	2.098	-0.354	
c371_25_006	c371	25	6	365	3058	88	44	1.073	2.146	0.098	
c371_25_007	c371	25	7	497	3053	49	39	0.951	1.195	-0.085	
c371_25_008	c371	25	8	566	3070	23	38	0.927	0.561	0.317	
c371_25_009	c371	25	9	588	3030	98	123	3.000	2.390	0.378	
c371_25_010	c371	25	10	680	3066	35	32	0.780	0.854	0.146	
c371_25_011	c371	25	11	728	3060	44	31	0.756	1.073	-0.012	
c371_25_012	c371	25	12	790	3063	26	31	0.756	0.634	0.061	
c371_25_013	c371	25	13	830	3051	30	34	0.829	0.732	-0.195	
c371_25_014	c371	25	14	875	3064	40	75	1.829	0.976	0.622	
c371_25_015	c371	25	15	953	3057	45	44	1.073	1.098	0.073	
c371_25_016	c371	25	16	1021	3062	36	29	0.707	0.878	0.012	
c371_25_017	c371	25	17	1065	3035	86	71	1.732	2.098	-0.134	
c371_25_018	c371	25	18	1147	3057	35	62	1.512	0.854	0.293	
c371_25_019	c371	25	19	1204	3060	21	24	0.585	0.512	-0.098	c371_25_m0088
c371_25_020	c371	25	20	1273	3027	37	73	1.780	0.902	-0.305	
c371_25_021	c371	25	21	1322	3068	37	31	0.756	0.902	0.183	c371_25_m0086
c371_25_022	c371	25	22	1377	3069	49	29	0.707	1.195	0.183	
c371_25_023	c371	25	23	1487	3066	53	74	1.805	1.293	0.659	
c371_25_024	c371	25	24	1571	3070	35	46	1.122	0.854	0.415	
c371_25_025	c371	25	25	1640	3069	37	65	1.585	0.902	0.622	
c371_25_026	c371	25	26	1701	3051	67	42	1.024	1.634	-0.098	
c371_25_027	c371	25	27	1773	3068	30	29	0.707	0.732	0.159	
c371_25_028	c371	25	28	1835	3063	23	43	1.049	0.561	0.207	
c371_25_029	c371	25	29	1882	3062	33	32	0.780	0.805	0.049	
c371_25_030	c371	25	30	1927	3054	47	33	0.805	1.146	-0.134	
c371_25_031	c371	25	31	1989	3033	49	58	1.415	1.195	-0.341	
c371_25_032	c371	25	32	2058	3001	62	112	2.732	1.512	-0.463	
c371_25_033	c371	25	33	2130	3051	18	31	0.756	0.439	-0.232	
c371_25_034	c371	25	34	2155	3122	48	40	0.976	1.171	1.610	
c371_25_035	c371	25	35	2158	3042	35	34	0.829	0.854	-0.415	
c371_25_036	c371	25	36	2197	3035	24	32	0.780	0.585	-0.610	
c371_25_037	c371	25	37	2221	3022	22	34	0.829	0.537	-0.902	
c371_25_038	c371	25	38	2290	3041	17	25	0.610	0.415	-0.549	c371_25_m0087
c371_26_001	c371	26	1	0	3211	27	30	0.732	0.659	0.366	c371_26_m0093
c371_26_002	c371	26	2	0	3332	20	22	0.537	0.488	3.220	
c371_26_003	c371	26	3	56	3211	19	38	0.927	0.463	0.463	
c371_26_004	c371	26	4	61	3347	27	9	0.220	0.659	3.427	
c371_26_005	c371	26	5	80	3127	42	38	0.927	1.024	-1.585	
c371_26_006	c371	26	6	125	3151	40	89	2.171	0.976	-0.378	
c371_26_007	c371	26	7	135	3317	57	39	0.951	1.390	3.061	
c371_26_008	c371	26	8	154	3214	19	23	0.561	0.463	0.354	
c371_26_009	c371	26	9	182	3210	25	30	0.732	0.610	0.341	
c371_26_010	c371	26	10	209	3213	23	21	0.512	0.561	0.305	
c371_26_011	c371	26	11	224	3340	11	16	0.390	0.268	3.341	
c371_26_012	c371	26	12	245	3210	53	25	0.610	1.293	0.280	
c371_26_013	c371	26	13	276	3268	68	16	0.390	1.659	1.585	
c371_26_014	c371	26	14	300	3332	10	24	0.585	0.244	3.244	
c371_26_015	c371	26	15	311	3318	48	38	0.927	1.171	3.073	
c371_26_016	c371	26	16	339	3212	32	53	1.293	0.780	0.671	
c371_26_017	c371	26	17	357	3345	31	11	0.268	0.756	3.402	
c371_26_018	c371	26	18	382	3172	92	81	1.976	2.244	0.037	
c371_26_019	c371	26	19	465	3210	22	42	1.024	0.537	0.488	
c371_26_020	c371	26	20	523	3334	15	22	0.537	0.366	3.268	
c371_26_021	c371	26	21	528	3170	51	68	1.659	1.244	-0.171	
c371_26_022	c371	26	22	534	3310	57	46	1.122	1.390	2.976	
c371_26_023	c371	26	23	590	3196	21	33	0.805	0.512	0.037	
c371_26_024	c371	26	24	614	3334	51	22	0.537	1.244	3.268	c371_26_m0090
c371_26_025	c371	26	25	631	3194	45	49	1.195	1.098	0.183	
c371_26_026	c371	26	26	691	3199	30	26	0.634	0.732	0.024	
c371_26_027	c371	26	27	696	3335	33	21	0.512	0.805	3.280	c371_26_m0092
c371_26_028	c371	26	28	742	3198	38	32	0.780	0.927	0.073	
c371_26_029	c371	26	29	750	3322	65	34	0.829	1.585	3.122	
c371_26_030	c371	26	30	792	3196	38	32	0.780	0.927	0.024	
c371_26_031	c371	26	31	829	3332	27	24	0.585	0.659	3.244	
c371_26_032	c371	26	32	852	3197	49	75	1.829	1.195	0.573	
c371_26_033	c371	26	33	934	3197	37	30	0.732	0.902	0.024	
c371_26_034	c371	26	34	955	3336	8	20	0.488	0.195	3.293	
c371_26_035	c371	26	35	966	3298	36	58	1.415	0.878	2.829	
c371_26_036	c371	26	36	983	3194	32	30	0.732	0.780	-0.049	
c371_26_037	c371	26	37	998	3303	69	53	1.293	1.683	2.890	
c371_26_038	c371	26	38	1001	3157	94	118	2.878	2.293	0.122	
c371_26_039	c371	26	39	1059	3330	35	26	0.634	0.854	3.220	
c371_26_040	c371	26	40	1123	3328	34	28	0.683	0.829	3.195	
c371_26_041	c371	26	41	1159	3187	56	53	1.293	1.366	0.061	
c371_26_042	c371	26	42	1171	3321	55	35	0.854	1.341	3.110	
c371_26_043	c371	26	43	1233	3299	61	57	1.390	1.488	2.841	
c371_26_044	c371	26	44	1242	3189	42	29	0.707	1.024	-0.183	
c371_26_045	c371	26	45	1295	3325	54	31	0.756	1.317	3.159	
c371_26_046	c371	26	46	1303	3189	41	48	1.171	1.000	0.049	
c371_26_047	c371	26	47	1347	3168	15	23	0.561	0.366	-0.768	
c371_26_048	c371	26	48	1366	3189	51	30	0.732	1.244	-0.171	
c371_26_049	c371	26	49	1379	3301	55	55	1.341	1.341	2.866	
c371_26_050	c371	26	50	1426	3191	39	28	0.683	0.951	-0.146	
c371_26_051	c371	26	51	1434	3330	37	26	0.634	0.902	3.220	
c371_26_052	c371	26	52	1458	3304	31	25	0.610	0.756	2.573	
c371_26_053	c371	26	53	1484	3192	37	46	1.122	0.902	0.098	
c371_26_054	c371	26	54	1493	3296	58	60	1.463	1.415	2.805	
c371_26_055	c371	26	55	1515	3158	37	54	1.317	0.902	-0.634	
c371_26_056	c371	26	56	1550	3170	52	52	1.268	1.268	-0.366	
c371_26_057	c371	26	57	1552	3324	48	32	0.780	1.171	3.146	
c371_26_058	c371	26	58	1621	3343	18	13	0.317	0.439	3.378	
c371_26_059	c371	26	59	1629	3198	30	34	0.829	0.732	0.098	
c371_26_060	c371	26	60	1631	3318	15	29	0.707	0.366	2.963	
c371_26_061	c371	26	61	1644	3297	58	59	1.439	1.415	2.817	
c371_26_062	c371	26	62	1693	3193	35	30	0.732	0.854	-0.073	c371_26_m0091
c371_26_063	c371	26	63	1744	3335	20	21	0.512	0.488	3.280	
c371_26_064	c371	26	64	1749	3195	30	27	0.659	0.732	-0.061	
c371_26_065	c371	26	65	1810	3187	40	33	0.805	0.976	-0.183	
c371_26_066	c371	26	66	1829	3329	46	27	0.659	1.122	3.207	
c371_26_067	c371	26	67	1886	3327	47	29	0.707	1.146	3.183	
c371_26_068	c371	26	68	1916	3183	42	54	1.317	1.024	-0.024	
c371_26_069	c371	26	69	1950	3306	47	50	1.220	1.146	2.927	
c371_26_070	c371	26	70	1961	3149	22	48	1.171	0.537	-0.927	
c371_26_071	c371	26	71	1983	3199	20	49	1.195	0.488	0.305	
c371_26_072	c371	26	72	1987	3328	41	28	0.683	1.000	3.195	
c371_26_073	c371	26	73	1992	3185	30	23	0.561	0.732	-0.354	
c371_26_074	c371	26	74	2031	3237	62	15	0.366	1.512	0.817	
c371_26_075	c371	26	75	2042	3171	38	34	0.829	0.927	-0.561	
c371_26_076	c371	26	76	2044	3284	55	72	1.756	1.341	2.659	
c371_26_077	c371	26	77	2093	3167	37	71	1.732	0.902	-0.207	
c371_26_078	c371	26	78	2098	3308	35	35	0.854	0.854	2.793	
c371_26_079	c371	26	79	2150	3171	31	27	0.659	0.756	-0.646	
c371_26_080	c371	26	80	2156	3317	17	31	0.756	0.415	2.963	
c371_26_081	c371	26	81	2171	3211	14	15	0.366	0.341	0.183	
c371_26_082	c371	26	82	2197	3170	7	36	0.878	0.171	-0.561	
c371_26_083	c371	26	83	2200	3279	25	58	1.415	0.610	2.366	
c371_26_084	c371	26	84	2218	3138	37	49	1.195	0.902	-1.183	c371_26_m0089
c371_26_085	c371	26	85	2247	3274	31	82	2.000	0.756	2.537	
c371_26_086	c371	26	86	2264	3152	12	30	0.732	0.293	-1.073	
c372_01_001	c372	1	1	185	146	30	20	0.606	0.909	-1.182	
c372_01_002	c372	1	2	224	150	18	24	0.727	0.545	-1.000	
c372_01_003	c372	1	3	258	149	25	22	0.667	0.758	-1.061	
c372_01_004	c372	1	4	299	150	18	23	0.697	0.545	-1.015	
c372_01_005	c372	1	5	334	152	20	28	0.848	0.606	-0.879	c372_01_m0011
c372_01_006	c372	1	6	353	125	68	87	2.636	2.061	-0.803	
c372_01_007	c372	1	7	450	157	33	38	1.152	1.000	-0.576	c372_01_m0009
c372_01_008	c372	1	8	477	234	20	7	0.212	0.606	1.288	c372_01_m0008
c372_01_009	c372	1	9	503	154	23	25	0.758	0.697	-0.864	
c372_01_010	c372	1	10	547	155	28	21	0.636	0.848	-0.894	
c372_01_011	c372	1	11	584	159	23	22	0.667	0.697	-0.758	
c372_01_012	c372	1	12	613	152	61	55	1.667	1.848	-0.470	
c372_01_013	c372	1	13	676	152	20	45	1.364	0.606	-0.621	
c372_01_014	c372	1	14	694	164	29	32	0.970	0.879	-0.455	c372_01_m0006
c372_01_015	c372	1	15	740	157	19	23	0.697	0.576	-0.803	
c372_01_016	c372	1	16	772	163	33	29	0.879	1.000	-0.530	c372_01_m0007
c372_01_017	c372	1	17	829	167	31	45	1.364	0.939	-0.167	
c372_01_018	c372	1	18	875	172	20	19	0.576	0.606	-0.409	
c372_01_019	c372	1	19	908	169	26	20	0.606	0.788	-0.485	
c372_01_020	c372	1	20	944	191	26	30	0.909	0.788	0.333	c372_01_m0012
c372_01_021	c372	1	21	968	180	8	13	0.394	0.242	-0.258	
c372_01_022	c372	1	22	999	171	25	29	0.879	0.758	-0.288	
c372_01_023	c372	1	23	1038	180	51	22	0.667	1.545	-0.121	
c372_01_024	c372	1	24	1094	174	33	24	0.727	1.000	-0.273	
c372_01_025	c372	1	25	1152	179	25	19	0.576	0.758	-0.197	
c372_01_026	c372	1	26	1205	178	27	49	1.485	0.818	0.227	
c372_01_027	c372	1	27	1254	157	77	98	2.970	2.333	0.333	
c372_01_028	c372	1	28	1330	191	20	41	1.242	0.606	0.500	
c372_01_029	c372	1	29	1340	186	21	17	0.515	0.636	-0.015	c372_01_m0005
c372_01_030	c372	1	30	1368	186	28	43	1.303	0.848	0.379	
c372_01_031	c372	1	31	1412	171	21	33	1.000	0.636	-0.227	c372_01_m0010
c372_01_032	c372	1	32	1504	171	29	42	1.273	0.879	-0.091	
c372_01_033	c372	1	33	1543	194	17	31	0.939	0.515	0.439	
c372_01_034	c372	1	34	1635	193	24	23	0.697	0.727	0.288	
c372_01_035	c372	1	35	1668	197	31	27	0.818	0.939	0.470	
c372_01_036	c372	1	36	1711	194	30	44	1.333	0.909	0.636	
c372_01_037	c372	1	37	1754	197	18	21	0.636	0.545	0.379	
c372_01_038	c372	1	38	1783	194	26	32	0.970	0.788	0.455	
c372_01_039	c372	1	39	1813	175	13	21	0.636	0.394	-0.288	
c372_01_040	c372	1	40	1830	196	26	22	0.667	0.788	0.364	
c372_01_041	c372	1	41	1872	196	25	22	0.667	0.758	0.364	
c372_01_042	c372	1	42	1898	194	30	24	0.727	0.909	0.333	
c372_01_043	c372	1	43	1989	194	28	28	0.848	0.848	0.394	
c372_01_044	c372	1	44	2026	185	64	59	1.788	1.939	0.591	
c372_01_045	c372	1	45	2087	197	33	33	1.000	1.000	0.561	
c372_01_046	c372	1	46	2146	213	46	30	0.909	1.394	1.000	
c372_01_047	c372	1	47	2202	194	39	47	1.424	1.182	0.682	
c372_01_048	c372	1	48	2243	216	24	22	0.667	0.727	0.970	
c372_01_049	c372	1	49	2278	216	32	23	0.697	0.970	0.985	
c372_01_050	c372	1	50	2313	208	36	29	0.879	1.091	0.833	
c372_01_051	c372	1	51	2353	167	47	100	3.030	1.424	0.667	c372_01_m0001|c372_01_m0002|c372_01_m0003|c372_01_m0004
c372_02_001	c372	2	1	188	328	24	25	0.758	0.727	1.258	
c372_02_002	c372	2	2	205	241	18	35	1.061	0.545	-1.227	
c372_02_003	c372	2	3	234	331	43	28	0.848	1.303	1.394	c372_02_m0013
c372_02_004	c372	2	4	285	342	23	17	0.515	0.697	1.561	
c372_02_005	c372	2	5	304	249	32	23	0.697	0.970	-1.167	
c372_02_006	c372	2	6	331	340	25	31	0.939	0.758	1.712	
c372_02_007	c372	2	7	355	244	17	26	0.788	0.515	-1.273	
c372_02_008	c372	2	8	401	252	31	21	0.636	0.939	-1.106	
c372_02_009	c372	2	9	435	321	120	74	2.242	3.636	1.788	
c372_02_010	c372	2	10	460	244	19	31	0.939	0.576	-1.197	
c372_02_011	c372	2	11	470	228	93	94	2.848	2.818	-0.727	
c372_02_012	c372	2	12	569	248	39	61	1.848	1.182	-0.621	c372_02_m0015
c372_02_013	c372	2	13	647	260	24	22	0.667	0.727	-0.848	
c372_02_014	c372	2	14	657	334	32	13	0.394	0.970	1.258	
c372_02_015	c372	2	15	687	258	26	27	0.818	0.788	-0.833	
c372_02_016	c372	2	16	700	237	81	90	2.727	2.455	-0.515	c372_02_m0018
c372_02_017	c372	2	17	823	306	30	29	0.879	0.909	0.652	c372_02_m0017|c372_02_m0019
c372_02_018	c372	2	18	854	239	55	71	2.152	1.667	-0.742	
c372_02_019	c372	2	19	866	273	16	27	0.818	0.485	-0.379	
c372_02_020	c372	2	20	897	274	28	45	1.364	0.848	-0.076	
c372_02_021	c372	2	21	946	271	18	25	0.758	0.545	-0.470	
c372_02_022	c372	2	22	963	268	30	34	1.030	0.909	-0.424	
c372_02_023	c372	2	23	1003	284	18	28	0.848	0.545	-0.030	
c372_02_024	c372	2	24	1050	284	24	25	0.758	0.727	-0.076	
c372_02_025	c372	2	25	1086	277	21	27	0.818	0.636	-0.258	
c372_02_026	c372	2	26	1097	276	54	54	1.636	1.636	0.121	
c372_02_027	c372	2	27	1153	284	31	26	0.788	0.939	-0.061	
c372_02_028	c372	2	28	1187	286	36	21	0.636	1.091	-0.076	
c372_02_029	c372	2	29	1242	281	40	29	0.879	1.212	-0.106	
c372_02_030	c372	2	30	1287	293	20	25	0.758	0.606	0.197	
c372_02_031	c372	2	31	1326	285	36	47	1.424	1.091	0.288	
c372_02_032	c372	2	32	1350	260	80	104	3.152	2.424	0.394	c372_02_m0020
c372_02_033	c372	2	33	1438	277	61	55	1.667	1.848	0.167	
c372_02_034	c372	2	34	1499	299	23	32	0.970	0.697	0.485	
c372_02_035	c372	2	35	1545	294	34	28	0.848	1.030	0.273	
c372_02_036	c372	2	36	1591	302	27	22	0.667	0.818	0.424	
c372_02_037	c372	2	37	1625	291	27	27	0.818	0.818	0.167	
c372_02_038	c372	2	38	1654	272	48	69	2.091	1.455	0.227	
c372_02_039	c372	2	39	1699	290	29	33	1.000	0.879	0.227	
c372_02_040	c372	2	40	1732	291	47	38	1.152	1.424	0.333	
c372_02_041	c372	2	41	1788	268	75	62	1.879	2.273	0.000	
c372_02_042	c372	2	42	1851	295	33	40	1.212	1.000	0.485	
c372_02_043	c372	2	43	1886	300	50	33	1.000	1.515	0.530	
c372_02_044	c372	2	44	1947	297	45	45	1.364	1.364	0.621	
c372_02_045	c372	2	45	2013	303	43	49	1.485	1.303	0.864	
c372_02_046	c372	2	46	2056	326	18	28	0.848	0.545	1.242	
c372_02_047	c372	2	47	2129	322	44	43	1.303	1.333	1.348	
c372_02_048	c372	2	48	2183	330	23	23	0.697	0.697	1.288	
c372_02_049	c372	2	49	2213	328	24	24	0.727	0.727	1.242	
c372_02_050	c372	2	50	2238	328	37	47	1.424	1.121	1.591	
c372_02_051	c372	2	51	2285	336	23	26	0.788	0.697	1.515	
c372_02_052	c372	2	52	2318	334	10	22	0.667	0.303	1.394	
c372_02_053	c372	2	53	2338	306	62	56	1.697	1.879	1.061	c372_02_m0014|c372_02_m0016
c372_03_001	c372	3	1	182	406	84	95	2.879	2.545	0.985	
c372_03_002	c372	3	2	260	434	39	51	1.545	1.182	1.167	
c372_03_003	c372	3	3	276	375	63	12	0.364	1.909	-1.212	
c372_03_004	c372	3	4	317	425	54	35	1.061	1.636	0.652	
c372_03_005	c372	3	5	376	444	19	43	1.303	0.576	1.348	c372_03_m0021
c372_03_006	c372	3	6	392	350	48	73	2.212	1.455	-1.045	
c372_03_007	c372	3	7	424	445	30	27	0.818	0.909	1.136	
c372_03_008	c372	3	8	472	434	34	51	1.545	1.030	1.167	
c372_03_009	c372	3	9	520	459	23	23	0.697	0.697	1.500	
c372_03_010	c372	3	10	553	355	24	20	0.606	0.727	-1.697	
c372_03_011	c372	3	11	560	461	21	31	0.939	0.636	1.682	
c372_03_012	c372	3	12	581	440	21	32	0.970	0.636	1.061	c372_03_m0024|c372_03_m0025
c372_03_013	c372	3	13	597	353	36	40	1.212	1.091	-1.455	
c372_03_014	c372	3	14	602	450	44	37	1.121	1.333	1.439	c372_03_m0029
c372_03_015	c372	3	15	618	413	20	10	0.303	0.606	-0.091	
c372_03_016	c372	3	16	641	341	21	70	2.121	0.636	-1.364	
c372_03_017	c372	3	17	659	466	20	9	0.273	0.606	1.500	
c372_03_018	c372	3	18	660	359	11	24	0.727	0.333	-1.515	
c372_03_019	c372	3	19	677	469	16	11	0.333	0.485	1.621	
c372_03_020	c372	3	20	691	360	22	20	0.606	0.667	-1.545	
c372_03_021	c372	3	21	695	446	12	19	0.576	0.364	1.045	
c372_03_022	c372	3	22	704	464	35	25	0.758	1.061	1.682	
c372_03_023	c372	3	23	736	361	33	25	0.758	1.000	-1.439	
c372_03_024	c372	3	24	755	460	26	26	0.788	0.788	1.576	
c372_03_025	c372	3	25	797	467	26	17	0.515	0.788	1.652	c372_03_m0023
c372_03_026	c372	3	26	826	464	24	25	0.758	0.727	1.682	
c372_03_027	c372	3	27	835	370	14	19	0.576	0.424	-1.258	
c372_03_028	c372	3	28	873	371	35	20	0.606	1.061	-1.212	
c372_03_029	c372	3	29	884	463	44	33	1.000	1.333	1.773	c372_03_m0022
c372_03_030	c372	3	30	932	373	38	41	1.242	1.152	-0.833	
c372_03_031	c372	3	31	1009	449	90	84	2.545	2.727	2.121	c372_03_m0026|c372_03_m0028
c372_03_032	c372	3	32	1041	376	24	27	0.818	0.727	-0.955	
c372_03_033	c372	3	33	1079	379	24	24	0.727	0.727	-0.909	
c372_03_034	c372	3	34	1125	366	38	36	1.091	1.152	-1.121	
c372_03_035	c372	3	35	1164	353	98	73	2.212	2.970	-0.955	
c372_03_036	c372	3	36	1221	466	12	12	0.364	0.364	1.545	
c372_03_037	c372	3	37	1246	378	101	44	1.333	3.061	-0.636	
c372_03_038	c372	3	38	1362	390	30	27	0.818	0.909	-0.530	
c372_03_039	c372	3	39	1415	375	61	57	1.727	1.848	-0.530	
c372_03_040	c372	3	40	1473	404	21	19	0.576	0.636	-0.227	
c372_03_041	c372	3	41	1526	402	38	27	0.818	1.152	-0.167	
c372_03_042	c372	3	42	1581	384	33	55	1.667	1.000	-0.288	
c372_03_043	c372	3	43	1632	410	20	21	0.636	0.606	-0.015	
c372_03_044	c372	3	44	1668	395	54	34	1.030	1.636	-0.273	
c372_03_045	c372	3	45	1724	404	45	25	0.758	1.364	-0.136	
c372_03_046	c372	3	46	1790	395	35	32	0.970	1.061	-0.303	
c372_03_047	c372	3	47	1837	368	57	94	2.848	1.727	-0.182	
c372_03_048	c372	3	48	1905	402	39	31	0.939	1.182	-0.106	
c372_03_049	c372	3	49	1951	408	28	31	0.939	0.848	0.076	
c372_03_050	c372	3	50	1991	414	30	26	0.788	0.909	0.182	c372_03_m0027
c372_03_051	c372	3	51	2030	430	13	10	0.303	0.394	0.424	
c372_03_052	c372	3	52	2037	421	15	32	0.970	0.455	0.485	
c372_03_053	c372	3	53	2081	409	52	31	0.939	1.576	0.106	
c372_03_054	c372	3	54	2136	406	28	38	1.152	0.848	0.121	
c372_03_055	c372	3	55	2163	394	52	59	1.788	1.576	0.076	c372_03_m0030
c372_03_056	c372	3	56	2206	426	38	44	1.333	1.152	0.818	
c372_03_057	c372	3	57	2257	427	21	19	0.576	0.636	0.470	
c372_03_058	c372	3	58	2283	426	42	23	0.697	1.273	0.500	
c372_04_001	c372	4	1	181	526	45	38	1.152	1.364	0.030	
c372_04_002	c372	4	2	235	535	27	21	0.636	0.818	0.045	
c372_04_003	c372	4	3	266	527	51	28	0.848	1.545	-0.091	
c372_04_004	c372	4	4	308	496	21	36	1.091	0.636	-0.909	
c372_04_005	c372	4	5	332	537	34	28	0.848	1.030	0.212	
c372_04_006	c372	4	6	386	524	27	49	1.485	0.818	0.136	
c372_04_007	c372	4	7	425	545	24	23	0.697	0.727	0.379	
c372_04_008	c372	4	8	462	549	30	21	0.636	0.909	0.470	
c372_04_009	c372	4	9	514	550	22	23	0.697	0.667	0.530	
c372_04_010	c372	4	10	540	547	27	24	0.727	0.818	0.455	
c372_04_011	c372	4	11	559	509	44	49	1.485	1.333	-0.318	
c372_04_012	c372	4	12	595	535	38	35	1.061	1.152	0.258	
c372_04_013	c372	4	13	650	544	46	29	0.879	1.394	0.439	
c372_04_014	c372	4	14	654	479	22	21	0.636	0.667	-1.652	
c372_04_015	c372	4	15	722	552	24	25	0.758	0.727	0.621	
c372_04_016	c372	4	16	766	554	22	22	0.667	0.667	0.636	
c372_04_017	c372	4	17	790	529	62	47	1.424	1.879	0.258	
c372_04_018	c372	4	18	839	560	28	21	0.636	0.848	0.803	
c372_04_019	c372	4	19	876	559	33	24	0.727	1.000	0.818	
c372_04_020	c372	4	20	924	562	34	53	1.606	1.030	1.348	
c372_04_021	c372	4	21	940	474	24	20	0.606	0.727	-1.818	
c372_04_022	c372	4	22	980	564	49	36	1.091	1.485	1.152	
c372_04_023	c372	4	23	1005	472	20	25	0.758	0.606	-1.803	
c372_04_024	c372	4	24	1024	530	19	12	0.364	0.576	-0.242	
c372_04_025	c372	4	25	1040	574	27	19	0.576	0.818	1.197	
c372_04_026	c372	4	26	1060	477	18	30	0.909	0.545	-1.576	
c372_04_027	c372	4	27	1074	572	24	22	0.667	0.727	1.182	c372_04_m0032
c372_04_028	c372	4	28	1095	477	38	21	0.636	1.152	-1.712	
c372_04_029	c372	4	29	1162	480	25	23	0.697	0.758	-1.591	
c372_04_030	c372	4	30	1162	560	37	39	1.182	1.121	1.076	
c372_04_031	c372	4	31	1202	482	24	27	0.818	0.727	-1.470	
c372_04_032	c372	4	32	1242	491	22	30	0.909	0.667	-1.152	
c372_04_033	c372	4	33	1334	490	37	66	2.000	1.121	-0.636	c372_04_m0031|c372_04_m0033|c372_04_m0035
c372_04_034	c372	4	34	1377	490	62	29	0.879	1.879	-1.197	
c372_04_035	c372	4	35	1462	467	87	133	4.030	2.636	-0.318	
c372_04_036	c372	4	36	1538	478	43	60	1.818	1.303	-1.091	c372_04_m0034
c372_04_037	c372	4	37	1624	497	83	48	1.455	2.515	-0.697	c372_04_m0036
c372_04_038	c372	4	38	1712	494	80	55	1.667	2.424	-0.682	
c372_04_039	c372	4	39	1806	508	46	29	0.879	1.394	-0.652	
c372_04_040	c372	4	40	1890	506	35	26	0.788	1.061	-0.758	c372_04_m0037
c372_04_041	c372	4	41	1939	507	33	22	0.667	1.000	-0.788	
c372_04_042	c372	4	42	1987	497	23	35	1.061	0.697	-0.894	
c372_04_043	c372	4	43	2018	500	57	34	1.030	1.727	-0.818	
c372_04_044	c372	4	44	2084	515	40	31	0.939	1.212	-0.409	
c372_04_045	c372	4	45	2113	490	66	100	3.030	2.000	-0.121	
c372_04_046	c372	4	46	2177	499	64	79	2.394	1.939	-0.167	
c372_04_047	c372	4	47	2241	523	32	21	0.636	0.970	-0.318	
c372_04_048	c372	4	48	2273	522	41	26	0.788	1.242	-0.273	
c372_05_001	c372	5	1	178	632	23	20	0.606	0.697	0.152	
c372_05_002	c372	5	2	213	629	40	25	0.758	1.212	0.136	
c372_05_003	c372	5	3	267	633	27	23	0.697	0.818	0.227	
c372_05_004	c372	5	4	303	627	27	24	0.727	0.818	0.061	
c372_05_005	c372	5	5	346	637	34	62	1.879	1.030	0.939	
c372_05_006	c372	5	6	387	612	72	84	2.545	2.182	0.515	
c372_05_007	c372	5	7	466	618	31	43	1.303	0.939	0.076	c372_05_m0041
c372_05_008	c372	5	8	518	641	18	24	0.727	0.545	0.485	
c372_05_009	c372	5	9	540	641	19	24	0.727	0.576	0.485	
c372_05_010	c372	5	10	558	618	40	43	1.303	1.212	0.076	
c372_05_011	c372	5	11	598	647	27	36	1.091	0.818	0.848	
c372_05_012	c372	5	12	646	647	31	36	1.091	0.939	0.848	
c372_05_013	c372	5	13	680	621	12	27	0.818	0.364	-0.076	
c372_05_014	c372	5	14	691	648	31	56	1.697	0.939	1.182	
c372_05_015	c372	5	15	742	637	21	28	0.848	0.636	0.424	c372_05_m0042
c372_05_016	c372	5	16	793	623	53	52	1.576	1.606	0.364	c372_05_m0040
c372_05_017	c372	5	17	885	652	31	25	0.758	0.939	0.833	
c372_05_018	c372	5	18	914	650	44	38	1.152	1.333	0.970	
c372_05_019	c372	5	19	998	660	37	24	0.727	1.121	1.061	
c372_05_020	c372	5	20	1063	664	22	19	0.576	0.667	1.106	
c372_05_021	c372	5	21	1097	639	81	62	1.879	2.455	1.000	
c372_05_022	c372	5	22	1108	577	39	41	1.242	1.182	-1.197	
c372_05_023	c372	5	23	1165	667	50	29	0.879	1.515	1.348	
c372_05_024	c372	5	24	1262	581	26	22	0.667	0.788	-1.364	
c372_05_025	c372	5	25	1303	589	22	36	1.091	0.667	-0.909	
c372_05_026	c372	5	26	1350	585	35	32	0.970	1.061	-1.091	
c372_05_027	c372	5	27	1401	594	20	25	0.758	0.606	-0.924	
c372_05_028	c372	5	28	1441	594	35	36	1.091	1.061	-0.758	
c372_05_029	c372	5	29	1491	623	37	38	1.152	1.121	0.152	c372_05_m0038|c372_05_m0039
c372_05_030	c372	5	30	1549	600	31	20	0.606	0.939	-0.818	
c372_05_031	c372	5	31	1586	598	23	21	0.636	0.697	-0.864	
c372_05_032	c372	5	32	1619	602	59	42	1.273	1.788	-0.424	
c372_05_033	c372	5	33	1673	603	24	22	0.667	0.727	-0.697	
c372_05_034	c372	5	34	1715	594	25	28	0.848	0.758	-0.879	
c372_05_035	c372	5	35	1765	606	26	28	0.848	0.788	-0.515	
c372_05_036	c372	5	36	1788	579	65	86	2.606	1.970	-0.455	
c372_05_037	c372	5	37	1860	609	47	37	1.121	1.424	-0.288	
c372_05_038	c372	5	38	1916	604	50	29	0.879	1.515	-0.561	
c372_05_039	c372	5	39	1972	614	29	20	0.606	0.879	-0.394	
c372_05_040	c372	5	40	2013	611	22	24	0.727	0.667	-0.424	
c372_05_041	c372	5	41	2029	583	63	108	3.273	1.909	0.000	
c372_05_042	c372	5	42	2099	596	37	41	1.242	1.121	-0.621	
c372_05_043	c372	5	43	2137	591	61	61	1.848	1.848	-0.470	
c372_05_044	c372	5	44	2194	626	16	26	0.788	0.485	0.061	
c372_05_045	c372	5	45	2221	620	25	22	0.667	0.758	-0.182	
c372_05_046	c372	5	46	2258	597	61	56	1.697	1.848	-0.364	
c372_05_047	c372	5	47	2319	621	54	52	1.576	1.636	0.303	
c372_06_001	c372	6	1	170	736	28	24	0.727	0.848	0.758	
c372_06_002	c372	6	2	208	737	27	24	0.727	0.818	0.788	
c372_06_003	c372	6	3	226	717	26	17	0.515	0.788	0.076	
c372_06_004	c372	6	4	273	737	30	27	0.818	0.909	0.833	
c372_06_005	c372	6	5	316	739	18	28	0.848	0.545	0.909	
c372_06_006	c372	6	6	356	735	46	29	0.879	1.394	0.803	
c372_06_007	c372	6	7	424	743	28	24	0.727	0.848	0.970	
c372_06_008	c372	6	8	464	745	39	24	0.727	1.182	1.030	
c372_06_009	c372	6	9	522	747	36	55	1.667	1.091	1.561	
c372_06_010	c372	6	10	537	684	59	13	0.394	1.788	-0.985	
c372_06_011	c372	6	11	571	734	55	60	1.818	1.667	1.242	
c372_06_012	c372	6	12	650	746	34	24	0.727	1.030	1.061	
c372_06_013	c372	6	13	700	736	29	35	1.061	0.879	0.924	
c372_06_014	c372	6	14	750	725	54	61	1.848	1.636	0.985	
c372_06_015	c372	6	15	802	756	20	33	1.000	0.606	1.500	
c372_06_016	c372	6	16	845	754	45	28	0.848	1.364	1.364	
c372_06_017	c372	6	17	902	760	29	24	0.727	0.879	1.485	
c372_06_018	c372	6	18	932	761	51	25	0.758	1.545	1.530	
c372_06_019	c372	6	19	1049	742	54	61	1.848	1.636	1.500	
c372_06_020	c372	6	20	1101	771	16	23	0.697	0.485	1.803	
c372_06_021	c372	6	21	1120	669	31	33	1.000	0.939	-1.136	
c372_06_022	c372	6	22	1132	772	30	66	2.000	0.909	2.485	
c372_06_023	c372	6	23	1177	772	35	24	0.727	1.061	1.848	
c372_06_024	c372	6	24	1218	669	28	24	0.727	0.848	-1.273	
c372_06_025	c372	6	25	1229	778	24	34	1.030	0.727	2.182	
c372_06_026	c372	6	26	1255	751	25	38	1.152	0.758	1.424	
c372_06_027	c372	6	27	1278	675	44	32	0.970	1.333	-0.970	
c372_06_028	c372	6	28	1348	675	54	30	0.909	1.636	-1.000	
c372_06_029	c372	6	29	1369	768	35	38	1.152	1.061	1.939	
c372_06_030	c372	6	30	1410	684	27	19	0.576	0.818	-0.894	
c372_06_031	c372	6	31	1448	683	49	27	0.818	1.485	-0.803	
c372_06_032	c372	6	32	1488	659	83	142	4.303	2.515	0.212	
c372_06_033	c372	6	33	1567	684	22	33	1.000	0.667	-0.682	
c372_06_034	c372	6	34	1601	680	72	60	1.818	2.182	-0.394	
c372_06_035	c372	6	35	1673	707	21	23	0.697	0.636	-0.136	
c372_06_036	c372	6	36	1696	758	27	25	0.758	0.818	1.439	
c372_06_037	c372	6	37	1708	699	25	25	0.758	0.758	-0.348	
c372_06_038	c372	6	38	1731	749	49	73	2.212	1.485	1.894	
c372_06_039	c372	6	39	1764	697	38	47	1.424	1.152	-0.076	
c372_06_040	c372	6	40	1830	707	51	33	1.000	1.545	0.015	
c372_06_041	c372	6	41	1892	712	23	22	0.667	0.697	0.000	
c372_06_042	c372	6	42	1894	785	8	12	0.364	0.242	2.061	
c372_06_043	c372	6	43	1925	704	27	22	0.667	0.818	-0.242	
c372_06_044	c372	6	44	2009	710	48	33	1.000	1.455	0.106	
c372_06_045	c372	6	45	2072	689	80	85	2.576	2.424	0.258	
c372_06_046	c372	6	46	2150	698	33	37	1.121	1.000	-0.197	
c372_06_047	c372	6	47	2209	713	35	24	0.727	1.061	0.061	
c372_06_048	c372	6	48	2250	713	23	26	0.788	0.697	0.091	
c372_06_049	c372	6	49	2265	689	55	92	2.788	1.667	0.364	
c372_06_050	c372	6	50	2322	708	46	35	1.061	1.394	0.076	c372_06_m0043
c372_07_001	c372	7	1	162	835	32	28	0.848	0.970	-0.636	
c372_07_002	c372	7	2	217	876	71	18	0.545	2.152	0.455	c372_07_m0049
c372_07_003	c372	7	3	274	841	34	34	1.030	1.030	-0.364	
c372_07_004	c372	7	4	330	845	33	25	0.758	1.000	-0.379	
c372_07_005	c372	7	5	392	846	17	31	0.939	0.515	-0.258	
c372_07_006	c372	7	6	426	845	33	24	0.727	1.000	-0.394	
c372_07_007	c372	7	7	477	843	29	30	0.909	0.879	-0.364	c372_07_m0047
c372_07_008	c372	7	8	541	848	46	37	1.121	1.394	-0.106	
c372_07_009	c372	7	9	603	854	24	20	0.606	0.727	-0.182	
c372_07_010	c372	7	10	644	850	35	27	0.818	1.061	-0.197	
c372_07_011	c372	7	11	696	853	24	22	0.667	0.727	-0.182	c372_07_m0052
c372_07_012	c372	7	12	736	860	22	19	0.576	0.667	-0.015	c372_07_m0050
c372_07_013	c372	7	13	775	848	55	33	1.000	1.667	-0.167	c372_07_m0048
c372_07_014	c372	7	14	858	864	50	34	1.030	1.515	0.333	c372_07_m0045
c372_07_015	c372	7	15	923	866	20	30	0.909	0.606	0.333	
c372_07_016	c372	7	16	967	881	11	12	0.364	0.333	0.515	
c372_07_017	c372	7	17	987	835	78	100	3.030	2.364	0.455	
c372_07_018	c372	7	18	1053	868	37	24	0.727	1.121	0.303	
c372_07_019	c372	7	19	1093	868	24	22	0.667	0.727	0.273	
c372_07_020	c372	7	20	1180	862	44	78	2.364	1.333	0.939	
c372_07_021	c372	7	21	1238	859	51	73	2.212	1.545	0.773	
c372_07_022	c372	7	22	1285	775	51	40	1.212	1.545	-2.273	
c372_07_023	c372	7	23	1288	883	24	22	0.667	0.727	0.727	
c372_07_024	c372	7	24	1328	877	24	31	0.939	0.727	0.682	
c372_07_025	c372	7	25	1384	890	35	29	0.879	1.061	1.045	
c372_07_026	c372	7	26	1427	867	38	58	1.758	1.152	0.788	
c372_07_027	c372	7	27	1429	785	15	23	0.697	0.455	-2.227	
c372_07_028	c372	7	28	1447	782	27	29	0.879	0.818	-2.227	
c372_07_029	c372	7	29	1469	900	25	23	0.697	0.758	1.258	
c372_07_030	c372	7	30	1505	799	51	12	0.364	1.545	-1.970	
c372_07_031	c372	7	31	1513	899	21	22	0.667	0.636	1.212	
c372_07_032	c372	7	32	1524	868	72	97	2.939	2.182	1.409	
c372_07_033	c372	7	33	1559	790	27	23	0.697	0.818	-2.076	
c372_07_034	c372	7	34	1583	890	31	35	1.061	0.939	1.136	
c372_07_035	c372	7	35	1602	789	55	29	0.879	1.667	-2.015	
c372_07_036	c372	7	36	1658	796	44	130	3.939	1.333	-0.273	
c372_07_037	c372	7	37	1721	917	21	24	0.727	0.636	1.788	c372_07_m0046
c372_07_038	c372	7	38	1756	802	44	21	0.636	1.333	-1.742	
c372_07_039	c372	7	39	1774	888	29	17	0.515	0.879	0.803	
c372_07_040	c372	7	40	1801	802	42	23	0.697	1.273	-1.712	
c372_07_041	c372	7	41	1864	801	31	27	0.818	0.939	-1.682	
c372_07_042	c372	7	42	1897	808	127	37	1.121	3.848	-1.318	
c372_07_043	c372	7	43	2030	902	60	50	1.515	1.818	1.727	
c372_07_044	c372	7	44	2047	793	38	42	1.273	1.152	-1.697	
c372_07_045	c372	7	45	2096	814	30	23	0.697	0.909	-1.348	
c372_07_046	c372	7	46	2134	802	32	39	1.182	0.970	-1.470	
c372_07_047	c372	7	47	2181	785	69	69	2.091	2.091	-1.530	c372_07_m0051
c372_07_048	c372	7	48	2250	819	19	21	0.636	0.576	-1.227	
c372_07_049	c372	7	49	2280	810	28	27	0.818	0.848	-1.409	c372_07_m0044
c372_07_050	c372	7	50	2303	796	65	87	2.636	1.970	-0.924	
c372_08_001	c372	8	1	165	935	38	30	0.909	1.152	-0.909	
c372_08_002	c372	8	2	221	924	31	52	1.576	0.939	-0.909	
c372_08_003	c372	8	3	261	949	27	22	0.667	0.818	-0.606	
c372_08_004	c372	8	4	308	922	91	93	2.818	2.758	-0.348	
c372_08_005	c372	8	5	395	939	34	36	1.091	1.030	-0.697	
c372_08_006	c372	8	6	450	929	73	60	1.818	2.212	-0.636	
c372_08_007	c372	8	7	520	960	20	28	0.848	0.606	-0.182	
c372_08_008	c372	8	8	564	958	38	27	0.818	1.152	-0.258	
c372_08_009	c372	8	9	642	952	20	33	1.000	0.606	-0.348	
c372_08_010	c372	8	10	672	958	29	25	0.758	0.879	-0.288	c372_08_m0053
c372_08_011	c372	8	11	732	966	28	22	0.667	0.848	-0.091	
c372_08_012	c372	8	12	782	968	23	21	0.636	0.697	-0.045	c372_08_m0054
c372_08_013	c372	8	13	826	965	29	22	0.667	0.879	-0.121	
c372_08_014	c372	8	14	870	957	56	36	1.091	1.697	-0.152	
c372_08_015	c372	8	15	921	972	25	37	1.121	0.758	0.318	c372_08_m0055
c372_08_016	c372	8	16	963	947	55	56	1.697	1.667	-0.152	
c372_08_017	c372	8	17	1019	953	45	42	1.273	1.364	-0.182	
c372_08_018	c372	8	18	1042	973	90	55	1.667	2.727	0.621	
c372_08_019	c372	8	19	1152	970	26	29	0.879	0.788	0.136	
c372_08_020	c372	8	20	1211	984	37	64	1.939	1.121	1.091	
c372_08_021	c372	8	21	1221	924	20	21	0.636	0.606	-1.379	
c372_08_022	c372	8	22	1253	987	23	18	0.545	0.697	0.485	
c372_08_023	c372	8	23	1298	961	89	81	2.455	2.697	0.652	
c372_08_024	c372	8	24	1399	992	32	47	1.424	0.970	1.076	
c372_08_025	c372	8	25	1450	991	22	33	1.000	0.667	0.833	
c372_08_026	c372	8	26	1494	971	75	64	1.939	2.273	0.697	
c372_08_027	c372	8	27	1559	1007	21	21	0.636	0.636	1.136	
c372_08_028	c372	8	28	1609	996	41	30	0.909	1.242	0.939	
c372_08_029	c372	8	29	1647	910	38	42	1.273	1.152	-1.485	
c372_08_030	c372	8	30	1662	1011	20	23	0.697	0.606	1.288	
c372_08_031	c372	8	31	1693	992	68	54	1.636	2.061	1.182	
c372_08_032	c372	8	32	1754	916	27	22	0.667	0.818	-1.606	
c372_08_033	c372	8	33	1795	917	33	39	1.182	1.000	-1.318	
c372_08_034	c372	8	34	1844	914	40	29	0.879	1.212	-1.561	
c372_08_035	c372	8	35	1901	991	44	46	1.394	1.333	1.030	
c372_08_036	c372	8	36	1905	914	29	30	0.909	0.879	-1.545	
c372_08_037	c372	8	37	1939	914	47	28	0.848	1.424	-1.576	
c372_08_038	c372	8	38	1952	982	61	76	2.303	1.848	1.212	
c372_08_039	c372	8	39	2002	922	22	26	0.788	0.667	-1.364	
c372_08_040	c372	8	40	2105	908	39	44	1.333	1.182	-1.515	
c372_08_041	c372	8	41	2161	920	30	29	0.879	0.909	-1.379	
c372_08_042	c372	8	42	2207	924	19	32	0.970	0.576	-1.212	
c372_08_043	c372	8	43	2239	918	41	30	0.909	1.242	-1.424	
c372_09_001	c372	9	1	163	1039	39	59	1.788	1.182	-0.076	
c372_09_002	c372	9	2	218	1033	53	30	0.909	1.606	-0.697	
c372_09_003	c372	9	3	277	1046	21	20	0.606	0.636	-0.455	
c372_09_004	c372	9	4	306	1040	29	25	0.758	0.879	-0.561	
c372_09_005	c372	9	5	355	1039	18	28	0.848	0.545	-0.545	
c372_09_006	c372	9	6	395	1045	21	24	0.727	0.636	-0.424	c372_09_m0059
c372_09_007	c372	9	7	437	1042	51	33	1.000	1.545	-0.379	c372_09_m0056|c372_09_m0064
c372_09_008	c372	9	8	553	1049	57	27	0.818	1.727	-0.258	
c372_09_009	c372	9	9	624	1034	75	62	1.879	2.273	-0.182	
c372_09_010	c372	9	10	703	1062	19	33	1.000	0.576	0.227	
c372_09_011	c372	9	11	746	1036	51	61	1.848	1.545	-0.136	
c372_09_012	c372	9	12	795	1104	14	15	0.455	0.424	1.227	
c372_09_013	c372	9	13	799	1063	29	19	0.576	0.879	0.045	
c372_09_014	c372	9	14	840	1060	35	23	0.697	1.061	0.015	
c372_09_015	c372	9	15	885	1062	38	28	0.848	1.152	0.152	
c372_09_016	c372	9	16	932	1060	76	36	1.091	2.303	0.212	
c372_09_017	c372	9	17	993	1037	83	90	2.727	2.515	0.333	
c372_09_018	c372	9	18	1087	1060	29	39	1.182	0.879	0.258	
c372_09_019	c372	9	19	1118	1056	35	47	1.424	1.061	0.258	
c372_09_020	c372	9	20	1179	1049	82	56	1.697	2.485	0.182	c372_09_m0061
c372_09_021	c372	9	21	1244	1086	72	22	0.667	2.182	0.788	
c372_09_022	c372	9	22	1335	1088	57	26	0.788	1.727	0.909	
c372_09_023	c372	9	23	1384	1051	54	66	2.000	1.636	0.394	
c372_09_024	c372	9	24	1440	1082	49	49	1.485	1.485	1.076	
c372_09_025	c372	9	25	1483	1096	36	27	0.818	1.091	1.167	
c372_09_026	c372	9	26	1542	1101	21	20	0.606	0.636	1.212	
c372_09_027	c372	9	27	1573	1080	43	42	1.273	1.303	0.909	
c372_09_028	c372	9	28	1699	1082	45	52	1.576	1.364	1.121	
c372_09_029	c372	9	29	1753	1013	37	27	0.818	1.121	-1.348	
c372_09_030	c372	9	30	1803	1019	31	25	0.758	0.939	-1.197	
c372_09_031	c372	9	31	1845	1018	39	46	1.394	1.182	-0.909	
c372_09_032	c372	9	32	1861	1101	13	11	0.333	0.394	1.076	
c372_09_033	c372	9	33	1960	1020	44	51	1.545	1.333	-0.773	
c372_09_034	c372	9	34	2026	1010	28	31	0.939	0.848	-1.379	
c372_09_035	c372	9	35	2064	1021	53	55	1.667	1.606	-0.682	
c372_09_036	c372	9	36	2138	1025	27	26	0.788	0.818	-1.000	
c372_09_037	c372	9	37	2158	1027	63	56	1.697	1.909	-0.485	c372_09_m0057|c372_09_m0058|c372_09_m0060|c372_09_m0062|c372_09_m0063
c372_10_001	c372	10	1	156	1131	27	25	0.758	0.818	-0.318	
c372_10_002	c372	10	2	203	1142	29	21	0.636	0.879	-0.045	
c372_10_003	c372	10	3	249	1143	25	24	0.727	0.758	0.030	
c372_10_004	c372	10	4	288	1140	35	23	0.697	1.061	-0.076	
c372_10_005	c372	10	5	330	1123	47	53	1.606	1.424	-0.136	
c372_10_006	c372	10	6	385	1144	25	23	0.697	0.758	0.045	
c372_10_007	c372	10	7	425	1144	24	23	0.697	0.727	0.045	
c372_10_008	c372	10	8	468	1147	39	39	1.182	1.182	0.379	
c372_10_009	c372	10	9	528	1144	29	27	0.818	0.879	0.106	
c372_10_010	c372	10	10	588	1125	41	50	1.515	1.242	-0.121	
c372_10_011	c372	10	11	638	1152	32	22	0.667	0.970	0.273	
c372_10_012	c372	10	12	673	1152	28	25	0.758	0.848	0.318	
c372_10_013	c372	10	13	723	1158	39	33	1.000	1.182	0.621	
c372_10_014	c372	10	14	775	1157	39	24	0.727	1.182	0.455	
c372_10_015	c372	10	15	826	1159	20	25	0.758	0.606	0.530	
c372_10_016	c372	10	16	860	1161	27	23	0.697	0.818	0.561	
c372_10_017	c372	10	17	901	1160	42	28	0.848	1.273	0.606	
c372_10_018	c372	10	18	962	1165	34	51	1.545	1.030	1.106	
c372_10_019	c372	10	19	990	1131	42	58	1.758	1.273	0.182	
c372_10_020	c372	10	20	1122	1150	82	66	2.000	2.485	0.879	
c372_10_021	c372	10	21	1200	1185	22	21	0.636	0.667	1.258	
c372_10_022	c372	10	22	1212	1157	67	88	2.667	2.030	1.424	
c372_10_023	c372	10	23	1291	1184	22	20	0.606	0.667	1.212	
c372_10_024	c372	10	24	1326	1180	34	25	0.758	1.030	1.167	
c372_10_025	c372	10	25	1527	1101	14	40	1.212	0.424	-1.000	
c372_10_026	c372	10	26	1534	1155	21	12	0.364	0.636	0.212	
c372_10_027	c372	10	27	1607	1097	54	31	0.939	1.636	-1.258	c372_10_m0065
c372_10_028	c372	10	28	1739	1108	71	64	1.939	2.152	-0.424	
c372_10_029	c372	10	29	1838	1112	33	33	1.000	1.000	-0.773	
c372_10_030	c372	10	30	1898	1122	17	33	1.000	0.515	-0.470	
c372_10_031	c372	10	31	1957	1091	39	60	1.818	1.182	-1.000	
c372_10_032	c372	10	32	1998	1128	82	23	0.697	2.485	-0.439	
c372_10_033	c372	10	33	2108	1144	5	25	0.758	0.152	0.076	
c372_10_034	c372	10	34	2116	1131	26	20	0.606	0.788	-0.394	
c372_10_035	c372	10	35	2157	1126	57	33	1.000	1.727	-0.348	
c372_10_036	c372	10	36	2220	1137	23	38	1.152	0.697	0.061	
c372_10_037	c372	10	37	2263	1109	58	65	1.970	1.758	-0.379	
c372_11_001	c372	11	1	150	1235	25	25	0.758	0.758	0.409	
c372_11_002	c372	11	2	173	1206	74	96	2.909	2.242	0.606	
c372_11_003	c372	11	3	250	1240	34	29	0.879	1.030	0.621	
c372_11_004	c372	11	4	300	1224	78	38	1.152	2.364	0.273	
c372_11_005	c372	11	5	372	1204	26	70	2.121	0.788	0.152	
c372_11_006	c372	11	6	416	1216	87	67	2.030	2.636	0.470	
c372_11_007	c372	11	7	479	1244	63	38	1.152	1.909	0.879	
c372_11_008	c372	11	8	559	1252	39	31	0.939	1.182	1.015	
c372_11_009	c372	11	9	621	1254	26	24	0.727	0.788	0.970	
c372_11_010	c372	11	10	665	1215	88	62	1.879	2.667	0.364	
c372_11_011	c372	11	11	727	1256	42	38	1.152	1.273	1.242	
c372_11_012	c372	11	12	767	1232	16	18	0.545	0.485	0.212	
c372_11_013	c372	11	13	778	1265	19	35	1.061	0.576	1.470	
c372_11_014	c372	11	14	822	1262	26	38	1.152	0.788	1.424	
c372_11_015	c372	11	15	875	1256	29	31	0.939	0.879	1.136	
c372_11_016	c372	11	16	918	1247	56	67	2.030	1.697	1.409	
c372_11_017	c372	11	17	974	1272	28	21	0.636	0.848	1.470	
c372_11_018	c372	11	18	1011	1270	29	22	0.667	0.879	1.424	
c372_11_019	c372	11	19	1051	1162	62	61	1.848	1.879	-1.258	
c372_11_020	c372	11	20	1057	1272	37	33	1.000	1.121	1.652	
c372_11_021	c372	11	21	1111	1278	30	21	0.636	0.909	1.652	
c372_11_022	c372	11	22	1147	1273	21	23	0.697	0.636	1.530	
c372_11_023	c372	11	23	1179	1283	42	38	1.152	1.273	2.061	
c372_11_024	c372	11	24	1220	1254	14	23	0.697	0.424	0.955	
c372_11_025	c372	11	25	1238	1287	18	18	0.545	0.545	1.879	
c372_11_026	c372	11	26	1240	1223	4	14	0.424	0.121	-0.121	
c372_11_027	c372	11	27	1254	1186	16	27	0.818	0.485	-1.045	
c372_11_028	c372	11	28	1265	1262	34	46	1.394	1.030	1.545	
c372_11_029	c372	11	29	1330	1291	18	17	0.515	0.545	1.985	
c372_11_030	c372	11	30	1373	1189	20	27	0.818	0.606	-0.955	
c372_11_031	c372	11	31	1374	1265	40	44	1.333	1.212	1.606	
c372_11_032	c372	11	32	1378	1190	25	54	1.636	0.758	-0.515	
c372_11_033	c372	11	33	1414	1267	50	60	1.818	1.515	1.909	
c372_11_034	c372	11	34	1437	1177	108	147	4.455	3.273	0.500	
c372_11_035	c372	11	35	1533	1198	38	36	1.091	1.152	-0.545	
c372_11_036	c372	11	36	1595	1171	92	128	3.879	2.788	0.030	
c372_11_037	c372	11	37	1693	1200	34	27	0.818	1.030	-0.621	
c372_11_038	c372	11	38	1732	1197	33	31	0.939	1.000	-0.652	
c372_11_039	c372	11	39	1791	1209	32	33	1.000	0.970	-0.258	
c372_11_040	c372	11	40	1843	1219	23	23	0.697	0.697	-0.106	
c372_11_041	c372	11	41	1869	1199	69	57	1.727	2.091	-0.197	
c372_11_042	c372	11	42	1920	1221	44	44	1.333	1.333	0.273	
c372_11_043	c372	11	43	1977	1197	49	47	1.424	1.485	-0.409	
c372_11_044	c372	11	44	2018	1222	35	25	0.758	1.061	0.015	
c372_11_045	c372	11	45	2073	1225	24	26	0.788	0.727	0.121	
c372_11_046	c372	11	46	2106	1222	39	25	0.758	1.182	0.015	
c372_11_047	c372	11	47	2151	1222	31	29	0.879	0.939	0.076	
c372_11_048	c372	11	48	2190	1219	29	24	0.727	0.879	-0.091	
c372_11_049	c372	11	49	2233	1223	44	56	1.697	1.333	0.515	
c372_11_050	c372	11	50	2366	1262	4	11	0.333	0.121	1.015	
c372_12_001	c372	12	1	107	1309	92	73	2.212	2.788	-1.288	
c372_12_002	c372	12	2	140	1440	30	27	0.818	0.909	1.985	
c372_12_003	c372	12	3	200	1348	22	22	0.667	0.667	-0.879	
c372_12_004	c372	12	4	244	1347	27	22	0.667	0.818	-0.909	
c372_12_005	c372	12	5	277	1346	26	24	0.727	0.788	-0.909	
c372_12_006	c372	12	6	302	1448	40	25	0.758	1.212	2.197	c372_12_m0070|c372_12_m0072
c372_12_007	c372	12	7	377	1353	57	23	0.697	1.727	-0.712	c372_12_m0071
c372_12_008	c372	12	8	456	1352	29	25	0.758	0.879	-0.712	c372_12_m0067
c372_12_009	c372	12	9	508	1355	35	49	1.485	1.061	-0.258	
c372_12_010	c372	12	10	575	1350	52	35	1.061	1.576	-0.621	
c372_12_011	c372	12	11	658	1361	33	39	1.182	1.000	-0.227	
c372_12_012	c372	12	12	707	1344	32	54	1.636	0.970	-0.515	
c372_12_013	c372	12	13	752	1372	24	23	0.697	0.727	-0.136	
c372_12_014	c372	12	14	796	1368	37	36	1.091	1.121	-0.061	
c372_12_015	c372	12	15	832	1340	15	27	0.818	0.455	-1.045	
c372_12_016	c372	12	16	844	1371	32	44	1.333	0.970	0.152	c372_12_m0069
c372_12_017	c372	12	17	894	1366	33	28	0.848	1.000	-0.242	
c372_12_018	c372	12	18	942	1376	16	19	0.576	0.485	-0.076	
c372_12_019	c372	12	19	979	1365	58	31	0.939	1.758	-0.227	
c372_12_020	c372	12	20	1049	1377	26	28	0.848	0.788	0.091	
c372_12_021	c372	12	21	1086	1343	95	71	2.152	2.879	-0.288	
c372_12_022	c372	12	22	1207	1381	45	33	1.000	1.364	0.288	
c372_12_023	c372	12	23	1267	1382	34	22	0.667	1.030	0.152	
c372_12_024	c372	12	24	1312	1384	47	39	1.182	1.424	0.470	c372_12_m0068
c372_12_025	c372	12	25	1354	1366	10	15	0.455	0.303	-0.439	
c372_12_026	c372	12	26	1364	1386	35	30	0.909	1.061	0.394	
c372_12_027	c372	12	27	1421	1377	55	39	1.182	1.667	0.258	
c372_12_028	c372	12	28	1476	1398	22	34	1.030	0.667	0.818	
c372_12_029	c372	12	29	1516	1377	47	62	1.879	1.424	0.606	
c372_12_030	c372	12	30	1551	1303	32	25	0.758	0.970	-2.197	
c372_12_031	c372	12	31	1553	1400	47	46	1.394	1.424	1.061	
c372_12_032	c372	12	32	1594	1304	26	22	0.667	0.788	-2.212	
c372_12_033	c372	12	33	1615	1398	33	24	0.727	1.000	0.667	
c372_12_034	c372	12	34	1647	1286	58	58	1.758	1.758	-2.212	
c372_12_035	c372	12	35	1655	1401	27	22	0.667	0.818	0.727	
c372_12_036	c372	12	36	1686	1401	27	21	0.636	0.818	0.712	
c372_12_037	c372	12	37	1718	1309	19	29	0.879	0.576	-1.955	
c372_12_038	c372	12	38	1733	1411	28	21	0.636	0.848	1.015	
c372_12_039	c372	12	39	1747	1381	75	94	2.848	2.273	1.212	
c372_12_040	c372	12	40	1758	1312	33	23	0.697	1.000	-1.955	
c372_12_041	c372	12	41	1809	1314	19	46	1.394	0.576	-1.545	
c372_12_042	c372	12	42	1829	1402	35	32	0.970	1.061	0.909	
c372_12_043	c372	12	43	1843	1283	112	153	4.636	3.394	-0.864	
c372_12_044	c372	12	44	1953	1416	43	27	0.818	1.303	1.258	
c372_12_045	c372	12	45	1970	1313	39	26	0.788	1.182	-1.879	
c372_12_046	c372	12	46	2017	1308	40	36	1.091	1.212	-1.879	
c372_12_047	c372	12	47	2018	1399	46	91	2.758	1.394	1.712	
c372_12_048	c372	12	48	2067	1316	30	29	0.879	0.909	-1.742	
c372_12_049	c372	12	49	2067	1416	54	49	1.485	1.636	1.591	
c372_12_050	c372	12	50	2127	1322	29	19	0.576	0.879	-1.712	c372_12_m0066|c372_12_m0073|c372_12_m0074
c372_12_051	c372	12	51	2128	1426	28	20	0.606	0.848	1.455	
c372_12_052	c372	12	52	2164	1422	27	23	0.697	0.818	1.379	
c372_12_053	c372	12	53	2175	1297	48	50	1.515	1.455	-2.000	
c372_12_054	c372	12	54	2196	1425	39	39	1.182	1.182	1.712	
c372_12_055	c372	12	55	2210	1320	31	28	0.848	0.939	-1.636	
c372_12_056	c372	12	56	2253	1306	64	47	1.424	1.939	-1.773	
c372_12_057	c372	12	57	2255	1427	21	32	0.970	0.636	1.667	
c372_12_058	c372	12	58	2271	1327	37	32	0.970	1.121	-1.364	
c372_13_001	c372	13	1	134	1548	25	25	0.758	0.758	0.955	
c372_13_002	c372	13	2	166	1513	77	70	2.121	2.333	0.576	
c372_13_003	c372	13	3	191	1447	23	33	1.000	0.697	-1.985	
c372_13_004	c372	13	4	235	1450	34	22	0.667	1.030	-2.061	
c372_13_005	c372	13	5	246	1554	20	31	0.939	0.606	1.227	
c372_13_006	c372	13	6	320	1426	88	101	3.061	2.667	-1.591	
c372_13_007	c372	13	7	349	1552	33	23	0.697	1.000	1.045	
c372_13_008	c372	13	8	369	1453	18	36	1.091	0.545	-1.758	
c372_13_009	c372	13	9	405	1554	43	22	0.667	1.303	1.091	
c372_13_010	c372	13	10	411	1449	40	28	0.848	1.212	-2.000	
c372_13_011	c372	13	11	468	1561	19	19	0.576	0.576	1.258	
c372_13_012	c372	13	12	478	1448	29	30	0.909	0.879	-2.000	
c372_13_013	c372	13	13	483	1539	21	10	0.303	0.636	0.455	
c372_13_014	c372	13	14	512	1559	56	32	0.970	1.697	1.394	
c372_13_015	c372	13	15	541	1452	51	36	1.091	1.545	-1.788	
c372_13_016	c372	13	16	603	1460	26	27	0.818	0.788	-1.682	
c372_13_017	c372	13	17	629	1531	97	69	2.091	2.939	1.106	
c372_13_018	c372	13	18	644	1461	37	29	0.879	1.121	-1.621	
c372_13_019	c372	13	19	645	1568	33	33	1.000	1.000	1.682	
c372_13_020	c372	13	20	692	1461	38	25	0.758	1.152	-1.682	
c372_13_021	c372	13	21	702	1575	18	27	0.818	0.545	1.803	
c372_13_022	c372	13	22	744	1452	24	21	0.636	0.727	-2.015	c372_13_m0076
c372_13_023	c372	13	23	754	1563	46	46	1.394	1.394	1.727	
c372_13_024	c372	13	24	779	1457	62	32	0.970	1.879	-1.697	
c372_13_025	c372	13	25	811	1573	25	23	0.697	0.758	1.682	
c372_13_026	c372	13	26	846	1570	51	27	0.818	1.545	1.652	
c372_13_027	c372	13	27	860	1467	49	61	1.848	1.485	-0.955	
c372_13_028	c372	13	28	893	1554	58	61	1.848	1.758	1.682	
c372_13_029	c372	13	29	922	1470	24	20	0.606	0.727	-1.485	
c372_13_030	c372	13	30	953	1571	31	27	0.818	0.939	1.682	
c372_13_031	c372	13	31	958	1463	30	26	0.788	0.909	-1.606	
c372_13_032	c372	13	32	1001	1472	40	58	1.758	1.212	-0.848	
c372_13_033	c372	13	33	1013	1569	33	34	1.030	1.000	1.727	
c372_13_034	c372	13	34	1054	1477	29	22	0.667	0.879	-1.242	
c372_13_035	c372	13	35	1067	1558	49	44	1.333	1.485	1.545	
c372_13_036	c372	13	36	1069	1452	30	24	0.727	0.909	-1.970	
c372_13_037	c372	13	37	1094	1478	25	23	0.697	0.758	-1.197	
c372_13_038	c372	13	38	1143	1476	40	27	0.818	1.212	-1.197	
c372_13_039	c372	13	39	1169	1581	45	42	1.273	1.364	2.212	
c372_13_040	c372	13	40	1211	1455	56	73	2.212	1.697	-1.136	
c372_13_041	c372	13	41	1235	1589	28	26	0.788	0.848	2.212	
c372_13_042	c372	13	42	1268	1489	21	37	1.121	0.636	-0.652	
c372_13_043	c372	13	43	1280	1450	89	112	3.394	2.697	-0.697	
c372_13_044	c372	13	44	1284	1586	33	27	0.818	1.000	2.136	
c372_13_045	c372	13	45	1324	1586	28	25	0.758	0.848	2.106	
c372_13_046	c372	13	46	1360	1486	33	25	0.758	1.000	-0.924	
c372_13_047	c372	13	47	1394	1488	28	23	0.697	0.848	-0.894	
c372_13_048	c372	13	48	1509	1498	25	27	0.818	0.758	-0.530	
c372_13_049	c372	13	49	1546	1499	29	21	0.636	0.879	-0.591	
c372_13_050	c372	13	50	1594	1479	33	50	1.515	1.000	-0.758	c372_13_m0075
c372_13_051	c372	13	51	1642	1476	78	101	3.061	2.364	-0.076	
c372_13_052	c372	13	52	1725	1498	57	34	1.030	1.727	-0.424	
c372_13_053	c372	13	53	1784	1513	20	40	1.212	0.606	0.121	
c372_13_054	c372	13	54	1827	1515	47	24	0.727	1.424	-0.061	
c372_13_055	c372	13	55	1884	1522	21	29	0.879	0.636	0.227	
c372_13_056	c372	13	56	1927	1519	31	32	0.970	0.939	0.182	
c372_13_057	c372	13	57	1973	1524	32	40	1.212	0.970	0.455	
c372_13_058	c372	13	58	2020	1502	39	42	1.273	1.182	-0.182	
c372_13_059	c372	13	59	2058	1521	16	23	0.697	0.485	0.106	
c372_13_060	c372	13	60	2081	1510	33	36	1.091	1.000	-0.030	
c372_13_061	c372	13	61	2127	1524	43	34	1.030	1.303	0.364	
c372_13_062	c372	13	62	2181	1524	30	23	0.697	0.909	0.197	
c372_13_063	c372	13	63	2225	1504	65	55	1.667	1.970	0.076	
c372_13_064	c372	13	64	2272	1529	41	49	1.485	1.242	0.742	
c372_14_001	c372	14	1	119	1636	27	30	0.909	0.818	-1.061	
c372_14_002	c372	14	2	170	1740	78	40	1.212	2.364	2.242	
c372_14_003	c372	14	3	172	1652	43	62	1.879	1.303	-0.091	
c372_14_004	c372	14	4	234	1720	27	27	0.818	0.818	1.439	
c372_14_005	c372	14	5	239	1633	55	58	1.758	1.667	-0.727	
c372_14_006	c372	14	6	268	1625	77	106	3.212	2.333	-0.242	
c372_14_007	c372	14	7	358	1656	46	30	0.909	1.394	-0.455	
c372_14_008	c372	14	8	431	1648	41	39	1.182	1.242	-0.561	
c372_14_009	c372	14	9	482	1670	20	28	0.848	0.606	-0.061	
c372_14_010	c372	14	10	537	1673	36	69	2.091	1.091	0.652	
c372_14_011	c372	14	11	595	1645	48	47	1.424	1.455	-0.530	
c372_14_012	c372	14	12	634	1661	30	31	0.939	0.909	-0.288	
c372_14_013	c372	14	13	680	1674	41	57	1.727	1.242	0.500	
c372_14_014	c372	14	14	736	1676	25	24	0.727	0.758	0.061	
c372_14_015	c372	14	15	778	1672	46	27	0.818	1.394	-0.015	
c372_14_016	c372	14	16	848	1679	48	32	0.970	1.455	0.273	
c372_14_017	c372	14	17	905	1679	40	29	0.879	1.212	0.227	
c372_14_018	c372	14	18	961	1670	56	34	1.030	1.697	0.030	
c372_14_019	c372	14	19	1041	1676	51	33	1.000	1.545	0.197	
c372_14_020	c372	14	20	1104	1684	51	73	2.212	1.545	1.045	
c372_14_021	c372	14	21	1179	1714	18	30	0.909	0.545	1.303	
c372_14_022	c372	14	22	1191	1689	21	19	0.576	0.636	0.379	
c372_14_023	c372	14	23	1229	1679	59	35	1.061	1.788	0.318	
c372_14_024	c372	14	24	1284	1697	20	30	0.909	0.606	0.788	
c372_14_025	c372	14	25	1325	1676	53	58	1.758	1.606	0.576	
c372_14_026	c372	14	26	1376	1699	29	27	0.818	0.879	0.803	c372_14_m0078
c372_14_027	c372	14	27	1404	1698	31	34	1.030	0.939	0.879	
c372_14_028	c372	14	28	1426	1602	35	41	1.242	1.061	-1.924	
c372_14_029	c372	14	29	1428	1671	29	10	0.303	0.879	-0.303	
c372_14_030	c372	14	30	1448	1697	34	26	0.788	1.030	0.727	
c372_14_031	c372	14	31	1488	1680	54	50	1.515	1.636	0.576	
c372_14_032	c372	14	32	1512	1592	28	34	1.030	0.848	-2.333	
c372_14_033	c372	14	33	1525	1699	59	32	0.970	1.788	0.879	
c372_14_034	c372	14	34	1553	1582	89	65	1.970	2.697	-2.167	
c372_14_035	c372	14	35	1592	1682	71	64	1.939	2.152	0.848	
c372_14_036	c372	14	36	1619	1613	22	23	0.697	0.667	-1.864	
c372_14_037	c372	14	37	1657	1599	23	34	1.030	0.697	-2.121	
c372_14_038	c372	14	38	1663	1684	40	60	1.818	1.212	0.848	
c372_14_039	c372	14	39	1699	1613	64	38	1.152	1.939	-1.636	
c372_14_040	c372	14	40	1724	1716	39	26	0.788	1.182	1.303	
c372_14_041	c372	14	41	1761	1618	27	23	0.697	0.818	-1.712	
c372_14_042	c372	14	42	1773	1697	46	44	1.333	1.394	1.000	
c372_14_043	c372	14	43	1820	1591	43	99	3.000	1.303	-1.379	
c372_14_044	c372	14	44	1826	1717	43	34	1.030	1.303	1.455	
c372_14_045	c372	14	45	1881	1614	50	42	1.273	1.515	-1.545	
c372_14_046	c372	14	46	1896	1716	30	27	0.818	0.909	1.318	
c372_14_047	c372	14	47	1936	1619	35	25	0.758	1.061	-1.652	
c372_14_048	c372	14	48	1971	1615	28	30	0.909	0.848	-1.697	
c372_14_049	c372	14	49	2005	1727	20	24	0.727	0.606	1.606	
c372_14_050	c372	14	50	2026	1598	59	73	2.212	1.788	-1.561	
c372_14_051	c372	14	51	2039	1713	36	42	1.273	1.091	1.455	
c372_14_052	c372	14	52	2085	1631	24	35	1.061	0.727	-1.136	
c372_14_053	c372	14	53	2089	1729	37	47	1.424	1.121	2.015	
c372_14_054	c372	14	54	2123	1613	40	39	1.182	1.212	-1.621	
c372_14_055	c372	14	55	2149	1728	25	25	0.758	0.758	1.652	
c372_14_056	c372	14	56	2181	1630	41	33	1.000	1.242	-1.197	
c372_14_057	c372	14	57	2189	1606	98	151	4.576	2.970	-0.136	c372_14_m0077
c372_15_001	c372	15	1	114	1840	30	34	1.030	0.909	0.515	
c372_15_002	c372	15	2	120	1756	21	25	0.758	0.636	-2.167	
c372_15_003	c372	15	3	179	1857	28	24	0.727	0.848	0.879	
c372_15_004	c372	15	4	205	1842	49	93	2.818	1.485	1.470	
c372_15_005	c372	15	5	239	1830	43	17	0.515	1.303	-0.045	
c372_15_006	c372	15	6	258	1759	39	30	0.909	1.182	-2.000	
c372_15_007	c372	15	7	275	1844	47	61	1.848	1.424	1.045	
c372_15_008	c372	15	8	311	1741	40	56	1.697	1.212	-2.152	
c372_15_009	c372	15	9	325	1868	36	47	1.424	1.091	1.561	
c372_15_010	c372	15	10	359	1772	23	24	0.727	0.697	-1.697	
c372_15_011	c372	15	11	386	1869	63	50	1.515	1.909	1.636	
c372_15_012	c372	15	12	407	1744	91	102	3.091	2.758	-1.364	
c372_15_013	c372	15	13	443	1876	27	31	0.939	0.818	1.561	
c372_15_014	c372	15	14	456	1770	25	39	1.182	0.758	-1.530	
c372_15_015	c372	15	15	500	1759	39	39	1.182	1.182	-1.864	
c372_15_016	c372	15	16	512	1887	11	10	0.303	0.333	1.576	
c372_15_017	c372	15	17	521	1875	26	57	1.727	0.788	1.924	
c372_15_018	c372	15	18	540	1820	42	86	2.606	1.273	0.697	
c372_15_019	c372	15	19	577	1774	42	49	1.485	1.273	-1.258	c372_15_m0079
c372_15_020	c372	15	20	604	1873	37	37	1.121	1.121	1.561	
c372_15_021	c372	15	21	640	1776	37	29	0.879	1.121	-1.500	
c372_15_022	c372	15	22	661	1880	27	22	0.667	0.818	1.545	
c372_15_023	c372	15	23	700	1875	26	24	0.727	0.788	1.424	
c372_15_024	c372	15	24	702	1761	47	45	1.364	1.424	-1.712	
c372_15_025	c372	15	25	728	1883	50	47	1.424	1.515	2.015	
c372_15_026	c372	15	26	754	1773	53	33	1.000	1.606	-1.530	
c372_15_027	c372	15	27	795	1889	23	30	0.909	0.697	1.939	
c372_15_028	c372	15	28	825	1787	23	34	1.030	0.697	-1.091	
c372_15_029	c372	15	29	861	1850	84	59	1.788	2.545	1.197	c372_15_m0085|c372_15_m0087
c372_15_030	c372	15	30	865	1766	77	56	1.697	2.333	-1.394	
c372_15_031	c372	15	31	928	1889	34	21	0.636	1.030	1.803	
c372_15_032	c372	15	32	952	1785	28	46	1.394	0.848	-0.970	
c372_15_033	c372	15	33	969	1864	91	92	2.788	2.758	2.121	
c372_15_034	c372	15	34	1004	1776	61	40	1.212	1.848	-1.333	
c372_15_035	c372	15	35	1061	1879	30	30	0.909	0.909	1.636	
c372_15_036	c372	15	36	1075	1789	38	35	1.061	1.152	-1.015	
c372_15_037	c372	15	37	1104	1890	40	52	1.576	1.212	2.303	
c372_15_038	c372	15	38	1133	1787	42	28	0.848	1.273	-1.182	
c372_15_039	c372	15	39	1164	1863	49	48	1.455	1.485	1.424	
c372_15_040	c372	15	40	1186	1794	30	24	0.727	0.909	-1.030	
c372_15_041	c372	15	41	1224	1897	53	24	0.727	1.606	2.091	
c372_15_042	c372	15	42	1225	1791	47	27	0.818	1.424	-1.076	
c372_15_043	c372	15	43	1273	1861	52	45	1.364	1.576	1.318	c372_15_m0082|c372_15_m0083|c372_15_m0086
c372_15_044	c372	15	44	1309	1882	52	45	1.364	1.576	1.955	
c372_15_045	c372	15	45	1344	1806	34	24	0.727	1.030	-0.667	
c372_15_046	c372	15	46	1361	1899	61	34	1.030	1.848	2.303	c372_15_m0080
c372_15_047	c372	15	47	1392	1809	23	40	1.212	0.697	-0.333	
c372_15_048	c372	15	48	1461	1766	43	70	2.121	1.303	-1.182	
c372_15_049	c372	15	49	1478	1897	42	46	1.394	1.273	2.424	
c372_15_050	c372	15	50	1505	1815	100	24	0.727	3.030	-0.394	c372_15_m0081
c372_15_051	c372	15	51	1618	1812	60	57	1.727	1.818	0.015	
c372_15_052	c372	15	52	1680	1824	28	33	1.000	0.848	0.015	
c372_15_053	c372	15	53	1726	1803	48	63	1.909	1.455	-0.167	
c372_15_054	c372	15	54	1777	1827	36	53	1.606	1.091	0.409	
c372_15_055	c372	15	55	1826	1810	23	37	1.121	0.697	-0.348	
c372_15_056	c372	15	56	1871	1818	31	32	0.970	0.939	-0.182	c372_15_m0084
c372_15_057	c372	15	57	1918	1803	85	61	1.848	2.576	-0.197	
c372_15_058	c372	15	58	1998	1833	35	21	0.636	1.061	0.106	
c372_15_059	c372	15	59	2036	1827	34	25	0.758	1.030	-0.015	
c372_15_060	c372	15	60	2075	1805	58	70	2.121	1.758	0.000	
c372_15_061	c372	15	61	2131	1836	29	51	1.545	0.879	0.652	
c372_15_062	c372	15	62	2179	1822	51	35	1.061	1.545	-0.015	
c372_15_063	c372	15	63	2194	1771	83	28	0.848	2.515	-1.667	
c372_15_064	c372	15	64	2232	1835	26	26	0.788	0.788	0.242	
c372_15_065	c372	15	65	2266	1838	34	27	0.818	1.030	0.348	
c372_15_066	c372	15	66	2303	1834	39	29	0.879	1.182	0.258	
c372_15_067	c372	15	67	2344	1839	4	11	0.333	0.121	0.136	
c372_16_001	c372	16	1	100	2061	36	35	1.061	1.091	2.197	
c372_16_002	c372	16	2	110	1932	51	63	1.909	1.545	-1.288	
c372_16_003	c372	16	3	146	2051	35	57	1.727	1.061	2.227	
c372_16_004	c372	16	4	160	1959	25	24	0.727	0.758	-1.061	
c372_16_005	c372	16	5	191	1959	23	22	0.667	0.697	-1.091	c372_16_m0088
c372_16_006	c372	16	6	201	2042	55	63	1.909	1.667	2.045	
c372_16_007	c372	16	7	248	1961	49	28	0.848	1.485	-0.939	
c372_16_008	c372	16	8	310	1974	21	23	0.697	0.636	-0.621	
c372_16_009	c372	16	9	349	1969	41	38	1.152	1.242	-0.545	
c372_16_010	c372	16	10	361	2051	71	59	1.788	2.152	2.258	
c372_16_011	c372	16	11	388	1947	12	27	0.818	0.364	-1.379	
c372_16_012	c372	16	12	407	1969	42	25	0.758	1.273	-0.742	
c372_16_013	c372	16	13	470	1951	36	43	1.303	1.091	-1.015	
c372_16_014	c372	16	14	513	1973	37	38	1.152	1.121	-0.424	c372_16_m0090|c372_16_m0091|c372_16_m0095
c372_16_015	c372	16	15	569	1984	12	46	1.394	0.364	0.030	
c372_16_016	c372	16	16	579	1979	23	19	0.576	0.697	-0.530	
c372_16_017	c372	16	17	620	1977	34	24	0.727	1.030	-0.515	
c372_16_018	c372	16	18	662	1966	27	37	1.121	0.818	-0.652	c372_16_m0094
c372_16_019	c372	16	19	712	1976	34	29	0.879	1.030	-0.470	
c372_16_020	c372	16	20	747	2056	53	68	2.061	1.606	2.545	
c372_16_021	c372	16	21	767	1988	20	29	0.879	0.606	-0.106	
c372_16_022	c372	16	22	821	1986	28	23	0.697	0.848	-0.258	
c372_16_023	c372	16	23	870	1989	26	34	1.030	0.788	0.000	
c372_16_024	c372	16	24	911	1968	49	48	1.455	1.485	-0.424	
c372_16_025	c372	16	25	951	1991	28	28	0.848	0.848	-0.030	
c372_16_026	c372	16	26	1002	1995	55	42	1.273	1.667	0.303	
c372_16_027	c372	16	27	1076	1989	64	30	0.909	1.939	-0.061	
c372_16_028	c372	16	28	1147	1999	25	22	0.667	0.758	0.121	
c372_16_029	c372	16	29	1184	1999	37	25	0.758	1.121	0.167	
c372_16_030	c372	16	30	1242	2021	8	10	0.303	0.242	0.606	
c372_16_031	c372	16	31	1283	1979	85	105	3.182	2.576	0.773	
c372_16_032	c372	16	32	1369	2010	41	34	1.030	1.242	0.636	
c372_16_033	c372	16	33	1434	2018	18	21	0.636	0.545	0.682	c372_16_m0089
c372_16_034	c372	16	34	1455	1974	77	71	2.152	2.333	0.106	
c372_16_035	c372	16	35	1521	1922	26	25	0.758	0.788	-2.167	
c372_16_036	c372	16	36	1551	2020	23	41	1.242	0.697	1.045	
c372_16_037	c372	16	37	1578	1921	54	40	1.212	1.636	-1.970	
c372_16_038	c372	16	38	1599	2007	53	60	1.818	1.606	0.939	
c372_16_039	c372	16	39	1642	1924	34	25	0.758	1.030	-2.106	
c372_16_040	c372	16	40	1657	2030	21	21	0.636	0.636	1.045	
c372_16_041	c372	16	41	1690	1921	25	31	0.939	0.758	-2.106	
c372_16_042	c372	16	42	1696	2028	40	63	1.909	1.212	1.621	
c372_16_043	c372	16	43	1732	1926	31	23	0.697	0.939	-2.076	
c372_16_044	c372	16	44	1749	2027	38	27	0.818	1.152	1.045	
c372_16_045	c372	16	45	1783	1927	36	28	0.848	1.091	-1.970	
c372_16_046	c372	16	46	1799	2006	52	61	1.848	1.576	0.924	
c372_16_047	c372	16	47	1835	1934	32	60	1.818	0.970	-1.273	
c372_16_048	c372	16	48	1850	2021	25	32	0.970	0.758	0.939	
c372_16_049	c372	16	49	1886	1907	53	49	1.485	1.606	-2.258	
c372_16_050	c372	16	50	1896	2035	21	25	0.758	0.636	1.258	
c372_16_051	c372	16	51	1936	1931	33	29	0.879	1.000	-1.833	
c372_16_052	c372	16	52	1937	2013	40	56	1.697	1.212	1.061	
c372_16_053	c372	16	53	1994	2042	34	65	1.970	1.030	2.076	
c372_16_054	c372	16	54	1997	1937	77	127	3.848	2.333	-0.167	
c372_16_055	c372	16	55	2076	1930	48	40	1.212	1.455	-1.697	c372_16_m0092
c372_16_056	c372	16	56	2084	2041	30	24	0.727	0.909	1.424	
c372_16_057	c372	16	57	2119	2037	32	24	0.727	0.970	1.303	
c372_16_058	c372	16	58	2123	1927	80	82	2.485	2.424	-1.152	
c372_16_059	c372	16	59	2183	2018	47	100	3.030	1.424	1.879	
c372_16_060	c372	16	60	2235	1948	60	26	0.788	1.818	-1.364	c372_16_m0093
c372_16_061	c372	16	61	2357	1928	8	21	0.636	0.242	-2.045	
c372_17_001	c372	17	1	103	2168	18	33	1.000	0.545	1.045	
c372_17_002	c372	17	2	142	2169	32	33	1.000	0.970	1.076	
c372_17_003	c372	17	3	194	2176	29	26	0.788	0.879	1.182	
c372_17_004	c372	17	4	232	2176	43	24	0.727	1.303	1.152	
c372_17_005	c372	17	5	257	2068	36	52	1.576	1.091	-1.697	
c372_17_006	c372	17	6	311	2068	46	26	0.788	1.394	-2.091	
c372_17_007	c372	17	7	314	2176	27	19	0.576	0.818	1.076	
c372_17_008	c372	17	8	376	2074	35	38	1.152	1.061	-1.727	
c372_17_009	c372	17	9	396	2176	33	28	0.848	1.000	1.212	
c372_17_010	c372	17	10	417	2148	47	66	2.000	1.424	0.939	
c372_17_011	c372	17	11	423	2070	55	37	1.121	1.667	-1.864	
c372_17_012	c372	17	12	477	2177	29	29	0.879	0.879	1.258	
c372_17_013	c372	17	13	509	2075	50	33	1.000	1.515	-1.773	
c372_17_014	c372	17	14	522	2151	8	11	0.333	0.242	0.197	
c372_17_015	c372	17	15	524	2183	48	57	1.727	1.455	1.864	
c372_17_016	c372	17	16	547	2051	77	107	3.242	2.333	-1.379	
c372_17_017	c372	17	17	593	2185	31	23	0.697	0.939	1.409	
c372_17_018	c372	17	18	630	2085	37	26	0.788	1.121	-1.576	
c372_17_019	c372	17	19	639	2183	39	27	0.818	1.182	1.409	
c372_17_020	c372	17	20	693	2187	40	44	1.333	1.212	1.788	
c372_17_021	c372	17	21	700	2082	27	23	0.697	0.818	-1.712	
c372_17_022	c372	17	22	716	2142	30	16	0.485	0.909	0.000	c372_17_m0096
c372_17_023	c372	17	23	763	2085	18	29	0.879	0.545	-1.530	
c372_17_024	c372	17	24	765	2180	22	28	0.848	0.667	1.333	
c372_17_025	c372	17	25	801	2188	34	26	0.788	1.030	1.545	
c372_17_026	c372	17	26	804	2084	37	26	0.788	1.121	-1.606	
c372_17_027	c372	17	27	859	2177	17	21	0.636	0.515	1.136	
c372_17_028	c372	17	28	866	2083	29	33	1.000	0.879	-1.530	
c372_17_029	c372	17	29	891	2166	41	14	0.424	1.242	0.697	
c372_17_030	c372	17	30	931	2083	23	42	1.273	0.697	-1.394	
c372_17_031	c372	17	31	963	2061	23	57	1.727	0.697	-1.833	
c372_17_032	c372	17	32	982	2146	43	11	0.333	1.303	0.045	
c372_17_033	c372	17	33	1020	2102	42	45	1.364	1.273	-0.773	
c372_17_034	c372	17	34	1086	2096	31	33	1.000	0.939	-1.136	
c372_17_035	c372	17	35	1098	2167	44	31	0.939	1.333	0.985	
c372_17_036	c372	17	36	1147	2094	33	35	1.061	1.000	-1.167	c372_17_m0098
c372_17_037	c372	17	37	1158	2075	92	127	3.848	2.788	-0.348	
c372_17_038	c372	17	38	1242	2104	41	29	0.879	1.242	-0.955	
c372_17_039	c372	17	39	1374	2117	61	43	1.303	1.848	-0.348	
c372_17_040	c372	17	40	1441	2125	36	24	0.727	1.091	-0.394	
c372_17_041	c372	17	41	1486	2122	29	27	0.818	0.879	-0.439	
c372_17_042	c372	17	42	1523	2131	41	47	1.424	1.242	0.136	
c372_17_043	c372	17	43	1589	2113	38	43	1.303	1.152	-0.470	
c372_17_044	c372	17	44	1631	2125	59	34	1.030	1.788	-0.242	
c372_17_045	c372	17	45	1706	2137	39	24	0.727	1.182	-0.030	
c372_17_046	c372	17	46	1763	2144	28	22	0.667	0.848	0.152	c372_17_m0099
c372_17_047	c372	17	47	1815	2138	32	25	0.758	0.970	0.015	
c372_17_048	c372	17	48	1866	2116	47	52	1.576	1.424	-0.242	
c372_17_049	c372	17	49	1909	2111	80	68	2.061	2.424	-0.152	
c372_17_050	c372	17	50	1988	2149	23	28	0.848	0.697	0.394	
c372_17_051	c372	17	51	2035	2145	35	24	0.727	1.061	0.212	
c372_17_052	c372	17	52	2066	2146	47	48	1.455	1.424	0.606	
c372_17_053	c372	17	53	2125	2149	24	29	0.879	0.727	0.409	
c372_17_054	c372	17	54	2162	2140	64	34	1.030	1.939	0.212	c372_17_m0097
c372_17_055	c372	17	55	2231	2185	20	25	0.758	0.606	1.439	
c372_17_056	c372	17	56	2243	2154	37	21	0.636	1.121	0.439	
c372_17_057	c372	17	57	2324	2167	3	10	0.303	0.091	0.667	c372_17_m0100
c372_18_001	c372	18	1	96	2263	29	27	0.818	0.879	0.409	
c372_18_002	c372	18	2	142	2264	39	26	0.788	1.182	0.424	
c372_18_003	c372	18	3	266	2268	28	21	0.636	0.848	0.470	
c372_18_004	c372	18	4	297	2207	31	34	1.030	0.939	-1.182	
c372_18_005	c372	18	5	326	2269	57	67	2.030	1.727	1.197	
c372_18_006	c372	18	6	406	2272	46	38	1.152	1.394	0.848	
c372_18_007	c372	18	7	413	2205	25	27	0.818	0.758	-1.348	
c372_18_008	c372	18	8	495	2279	43	54	1.636	1.303	1.303	
c372_18_009	c372	18	9	526	2248	40	72	2.182	1.212	0.636	
c372_18_010	c372	18	10	582	2257	47	49	1.485	1.424	0.561	
c372_18_011	c372	18	11	628	2286	22	23	0.697	0.667	1.045	
c372_18_012	c372	18	12	673	2259	55	64	1.939	1.667	0.848	
c372_18_013	c372	18	13	704	2251	86	105	3.182	2.606	1.227	
c372_18_014	c372	18	14	788	2288	35	19	0.576	1.061	1.045	
c372_18_015	c372	18	15	836	2292	33	46	1.394	1.000	1.576	
c372_18_016	c372	18	16	857	2201	21	28	0.848	0.636	-1.455	
c372_18_017	c372	18	17	886	2293	31	24	0.727	0.939	1.273	c372_18_m0101
c372_18_018	c372	18	18	889	2196	25	27	0.818	0.758	-1.621	
c372_18_019	c372	18	19	903	2269	32	24	0.727	0.970	0.545	
c372_18_020	c372	18	20	938	2201	19	21	0.636	0.576	-1.561	
c372_18_021	c372	18	21	939	2295	26	23	0.697	0.788	1.318	
c372_18_022	c372	18	22	976	2288	18	32	0.970	0.545	1.242	
c372_18_023	c372	18	23	986	2197	40	22	0.667	1.212	-1.667	
c372_18_024	c372	18	24	994	2277	18	11	0.333	0.545	0.591	
c372_18_025	c372	18	25	1017	2293	51	29	0.879	1.545	1.348	
c372_18_026	c372	18	26	1045	2204	20	24	0.727	0.606	-1.424	
c372_18_027	c372	18	27	1078	2305	27	25	0.758	0.818	1.652	c372_18_m0103
c372_18_028	c372	18	28	1113	2303	43	29	0.879	1.303	1.652	c372_18_m0102
c372_18_029	c372	18	29	1167	2204	30	40	1.212	0.909	-1.182	
c372_18_030	c372	18	30	1204	2206	47	51	1.545	1.424	-0.955	
c372_18_031	c372	18	31	1273	2210	27	22	0.667	0.818	-1.273	
c372_18_032	c372	18	32	1273	2306	57	35	1.061	1.727	1.833	
c372_18_033	c372	18	33	1289	2204	105	70	2.121	3.182	-0.727	
c372_18_034	c372	18	34	1403	2302	13	26	0.788	0.394	1.576	
c372_18_035	c372	18	35	1435	2204	23	41	1.242	0.697	-1.167	
c372_18_036	c372	18	36	1476	2186	13	53	1.606	0.394	-1.530	
c372_18_037	c372	18	37	1501	2302	36	27	0.818	1.091	1.591	
c372_18_038	c372	18	38	1511	2224	35	42	1.273	1.061	-0.545	
c372_18_039	c372	18	39	1534	2304	76	34	1.030	2.303	1.758	
c372_18_040	c372	18	40	1558	2233	37	21	0.636	1.121	-0.591	
c372_18_041	c372	18	41	1612	2210	51	46	1.394	1.545	-0.909	
c372_18_042	c372	18	42	1651	2235	38	32	0.970	1.152	-0.364	
c372_18_043	c372	18	43	1705	2242	64	61	1.848	1.939	0.288	
c372_18_044	c372	18	44	1793	2241	37	24	0.727	1.121	-0.303	
c372_18_045	c372	18	45	1838	2213	52	55	1.667	1.576	-0.682	
c372_18_046	c372	18	46	1874	2239	35	34	1.030	1.061	-0.212	
c372_18_047	c372	18	47	1945	2249	23	44	1.333	0.697	0.242	
c372_18_048	c372	18	48	1979	2231	45	63	1.909	1.364	-0.015	
c372_18_049	c372	18	49	2032	2249	41	40	1.212	1.242	0.182	
c372_18_050	c372	18	50	2100	2240	65	35	1.061	1.970	-0.167	
c372_18_051	c372	18	51	2171	2248	47	31	0.939	1.424	0.015	
c372_18_052	c372	18	52	2225	2253	28	38	1.152	0.848	0.273	
c372_18_053	c372	18	53	2298	2300	12	13	0.394	0.364	1.318	
c372_19_001	c372	19	1	91	2374	33	25	0.758	1.000	0.045	
c372_19_002	c372	19	2	143	2368	31	29	0.879	0.939	-0.076	
c372_19_003	c372	19	3	190	2368	58	31	0.939	1.758	-0.045	
c372_19_004	c372	19	4	254	2378	22	30	0.909	0.667	0.242	
c372_19_005	c372	19	5	300	2381	26	28	0.848	0.788	0.303	
c372_19_006	c372	19	6	343	2374	43	45	1.364	1.303	0.348	
c372_19_007	c372	19	7	395	2357	52	51	1.545	1.576	-0.076	
c372_19_008	c372	19	8	450	2384	27	45	1.364	0.818	0.652	
c372_19_009	c372	19	9	512	2388	48	59	1.788	1.455	0.985	
c372_19_010	c372	19	10	521	2344	50	23	0.697	1.515	-0.894	
c372_19_011	c372	19	11	570	2369	14	43	1.303	0.424	0.167	
c372_19_012	c372	19	12	585	2366	65	66	2.000	1.970	0.424	
c372_19_013	c372	19	13	652	2370	44	44	1.333	1.333	0.212	
c372_19_014	c372	19	14	699	2394	39	35	1.061	1.182	0.803	c372_19_m0105
c372_19_015	c372	19	15	754	2403	29	21	0.636	0.879	0.864	
c372_19_016	c372	19	16	786	2401	30	21	0.636	0.909	0.803	
c372_19_017	c372	19	17	831	2405	35	58	1.758	1.061	1.485	
c372_19_018	c372	19	18	883	2404	25	22	0.667	0.758	0.909	
c372_19_019	c372	19	19	917	2400	33	26	0.788	1.000	0.848	
c372_19_020	c372	19	20	958	2427	4	18	0.545	0.121	1.545	
c372_19_021	c372	19	21	973	2410	17	20	0.606	0.515	1.061	
c372_19_022	c372	19	22	1006	2387	31	43	1.303	0.939	0.712	
c372_19_023	c372	19	23	1047	2406	22	23	0.697	0.667	0.985	
c372_19_024	c372	19	24	1070	2398	35	34	1.030	1.061	0.909	
c372_19_025	c372	19	25	1111	2404	104	70	2.121	3.152	1.636	c372_19_m0104
c372_19_026	c372	19	26	1215	2344	20	27	0.818	0.606	-0.833	
c372_19_027	c372	19	27	1227	2316	18	20	0.606	0.545	-1.788	
c372_19_028	c372	19	28	1237	2387	57	77	2.333	1.727	1.227	
c372_19_029	c372	19	29	1292	2419	46	64	1.939	1.394	2.000	
c372_19_030	c372	19	30	1329	2324	23	34	1.030	0.697	-1.333	
c372_19_031	c372	19	31	1351	2409	23	42	1.273	0.697	1.364	
c372_19_032	c372	19	32	1369	2323	36	38	1.152	1.091	-1.303	
c372_19_033	c372	19	33	1372	2395	29	13	0.394	0.879	0.500	
c372_19_034	c372	19	34	1411	2429	24	12	0.364	0.727	1.515	
c372_19_035	c372	19	35	1423	2299	29	54	1.636	0.879	-1.788	
c372_19_036	c372	19	36	1455	2403	15	33	1.000	0.455	1.045	
c372_19_037	c372	19	37	1458	2331	19	23	0.697	0.576	-1.288	
c372_19_038	c372	19	38	1469	2435	25	27	0.818	0.758	1.924	
c372_19_039	c372	19	39	1483	2333	17	21	0.636	0.515	-1.258	c372_19_m0106
c372_19_040	c372	19	40	1548	2342	37	28	0.848	1.121	-0.879	c372_19_m0107|c372_19_m0108|c372_19_m0109|c372_19_m0110
c372_19_041	c372	19	41	1575	2438	19	22	0.667	0.576	1.939	
c372_19_042	c372	19	42	1595	2436	13	14	0.424	0.394	1.758	
c372_19_043	c372	19	43	1605	2332	39	45	1.364	1.182	-0.924	c372_19_m0111
c372_19_044	c372	19	44	1662	2340	28	23	0.697	0.848	-1.015	
c372_19_045	c372	19	45	1704	2347	27	36	1.091	0.818	-0.606	
c372_19_046	c372	19	46	1756	2321	75	66	2.000	2.273	-0.939	
c372_19_047	c372	19	47	1835	2350	63	38	1.152	1.909	-0.485	
c372_19_048	c372	19	48	1924	2355	49	42	1.273	1.485	-0.273	
c372_19_049	c372	19	49	1987	2341	79	96	2.909	2.394	0.121	
c372_19_050	c372	19	50	2065	2369	28	24	0.727	0.848	-0.121	
c372_19_051	c372	19	51	2106	2365	48	28	0.848	1.455	-0.182	
c372_19_052	c372	19	52	2168	2361	60	39	1.182	1.818	-0.136	
c372_19_053	c372	19	53	2236	2383	67	10	0.303	2.030	0.091	
c372_20_001	c372	20	1	87	2455	59	52	1.576	1.788	-1.121	
c372_20_002	c372	20	2	147	2487	21	34	1.030	0.636	-0.424	
c372_20_003	c372	20	3	198	2489	35	21	0.636	1.061	-0.561	
c372_20_004	c372	20	4	267	2439	49	79	2.394	1.485	-1.197	
c372_20_005	c372	20	5	320	2496	38	23	0.697	1.152	-0.318	
c372_20_006	c372	20	6	360	2500	38	19	0.576	1.152	-0.258	c372_20_m0112
c372_20_007	c372	20	7	395	2467	88	105	3.182	2.667	0.045	
c372_20_008	c372	20	8	483	2498	26	23	0.697	0.788	-0.258	
c372_20_009	c372	20	9	529	2512	19	10	0.303	0.576	-0.030	
c372_20_010	c372	20	10	551	2470	65	54	1.636	1.970	-0.636	
c372_20_011	c372	20	11	615	2486	33	45	1.364	1.000	-0.288	
c372_20_012	c372	20	12	652	2506	42	49	1.485	1.273	0.379	
c372_20_013	c372	20	13	713	2503	29	23	0.697	0.879	-0.106	
c372_20_014	c372	20	14	752	2504	44	22	0.667	1.333	-0.091	
c372_20_015	c372	20	15	808	2539	7	11	0.333	0.212	0.803	
c372_20_016	c372	20	16	813	2507	38	54	1.636	1.152	0.485	
c372_20_017	c372	20	17	878	2484	52	50	1.515	1.576	-0.273	
c372_20_018	c372	20	18	916	2509	32	24	0.727	0.970	0.091	
c372_20_019	c372	20	19	959	2453	23	20	0.606	0.697	-1.667	
c372_20_020	c372	20	20	966	2512	42	31	0.939	1.273	0.288	
c372_20_021	c372	20	21	1028	2517	26	23	0.697	0.788	0.318	
c372_20_022	c372	20	22	1062	2509	61	30	0.909	1.848	0.182	
c372_20_023	c372	20	23	1127	2520	22	32	0.970	0.667	0.545	
c372_20_024	c372	20	24	1216	2527	20	20	0.606	0.606	0.576	
c372_20_025	c372	20	25	1253	2529	40	33	1.000	1.212	0.833	
c372_20_026	c372	20	26	1306	2529	38	48	1.455	1.152	1.061	
c372_20_027	c372	20	27	1361	2534	30	22	0.667	0.909	0.818	
c372_20_028	c372	20	28	1395	2509	76	51	1.545	2.303	0.500	
c372_20_029	c372	20	29	1405	2438	47	41	1.242	1.424	-1.803	
c372_20_030	c372	20	30	1415	2539	31	31	0.939	0.939	1.106	
c372_20_031	c372	20	31	1469	2535	31	23	0.697	0.939	0.864	
c372_20_032	c372	20	32	1509	2435	45	70	2.121	1.364	-1.455	c372_20_m0113
c372_20_033	c372	20	33	1518	2542	21	28	0.848	0.636	1.152	
c372_20_034	c372	20	34	1557	2540	27	31	0.939	0.818	1.136	
c372_20_035	c372	20	35	1602	2545	32	24	0.727	0.970	1.182	
c372_20_036	c372	20	36	1622	2417	58	71	2.152	1.758	-1.985	
c372_20_037	c372	20	37	1654	2550	21	31	0.939	0.636	1.439	
c372_20_038	c372	20	38	1692	2431	34	38	1.152	1.030	-2.061	
c372_20_039	c372	20	39	1698	2549	27	20	0.606	0.818	1.242	
c372_20_040	c372	20	40	1726	2542	26	29	0.879	0.788	1.167	
c372_20_041	c372	20	41	1741	2450	27	27	0.818	0.818	-1.652	
c372_20_042	c372	20	42	1755	2523	90	68	2.061	2.727	1.182	
c372_20_043	c372	20	43	1791	2450	37	36	1.091	1.121	-1.515	
c372_20_044	c372	20	44	1846	2546	11	29	0.879	0.333	1.288	
c372_20_045	c372	20	45	1856	2455	37	68	2.061	1.121	-0.879	
c372_20_046	c372	20	46	1901	2451	40	27	0.818	1.212	-1.621	
c372_20_047	c372	20	47	1945	2454	31	28	0.848	0.939	-1.515	
c372_20_048	c372	20	48	1978	2453	33	30	0.909	1.000	-1.515	
c372_20_049	c372	20	49	2039	2412	66	110	3.333	2.000	-1.545	
c372_20_050	c372	20	50	2103	2461	66	70	2.121	2.000	-0.667	
c372_20_051	c372	20	51	2192	2470	53	75	2.273	1.606	-0.318	
c372_21_001	c372	21	1	84	2590	41	41	1.242	1.242	-0.167	
c372_21_002	c372	21	2	119	2566	17	23	0.697	0.515	-1.167	
c372_21_003	c372	21	3	139	2595	20	31	0.939	0.606	-0.167	c372_21_m0121|c372_21_m0123
c372_21_004	c372	21	4	224	2566	57	60	1.818	1.727	-0.606	
c372_21_005	c372	21	5	347	2604	24	18	0.545	0.727	-0.091	
c372_21_006	c372	21	6	400	2600	59	69	2.091	1.788	0.561	
c372_21_007	c372	21	7	480	2596	41	35	1.061	1.242	-0.076	
c372_21_008	c372	21	8	512	2655	50	12	0.364	1.515	1.364	
c372_21_009	c372	21	9	556	2605	41	55	1.667	1.242	0.500	c372_21_m0125
c372_21_010	c372	21	10	626	2603	45	28	0.848	1.364	0.030	
c372_21_011	c372	21	11	690	2585	27	41	1.242	0.818	-0.318	
c372_21_012	c372	21	12	730	2577	82	67	2.030	2.485	-0.167	c372_21_m0120
c372_21_013	c372	21	13	829	2614	23	27	0.818	0.697	0.348	
c372_21_014	c372	21	14	871	2614	34	40	1.212	1.030	0.545	
c372_21_015	c372	21	15	905	2587	17	24	0.727	0.515	-0.515	
c372_21_016	c372	21	16	921	2613	31	52	1.576	0.939	0.697	
c372_21_017	c372	21	17	977	2597	22	37	1.121	0.667	-0.015	c372_21_m0119
c372_21_018	c372	21	18	1026	2582	90	59	1.788	2.727	-0.136	
c372_21_019	c372	21	19	1103	2610	62	33	1.000	1.879	0.318	
c372_21_020	c372	21	20	1173	2627	23	25	0.758	0.697	0.712	
c372_21_021	c372	21	21	1206	2627	39	27	0.818	1.182	0.742	
c372_21_022	c372	21	22	1265	2630	12	24	0.727	0.364	0.788	
c372_21_023	c372	21	23	1323	2629	43	49	1.485	1.303	1.136	
c372_21_024	c372	21	24	1434	2626	10	13	0.394	0.303	0.500	c372_21_m0114
c372_21_025	c372	21	25	1445	2643	37	28	0.848	1.121	1.242	
c372_21_026	c372	21	26	1573	2639	19	11	0.333	0.576	0.864	
c372_21_027	c372	21	27	1655	2632	51	48	1.455	1.545	1.212	
c372_21_028	c372	21	28	1834	2636	18	21	0.636	0.545	0.924	c372_21_m0115|c372_21_m0116
c372_21_029	c372	21	29	1924	2565	24	21	0.636	0.727	-1.227	
c372_21_030	c372	21	30	1967	2561	57	29	0.879	1.727	-1.227	
c372_21_031	c372	21	31	1976	2640	46	46	1.394	1.394	1.424	
c372_21_032	c372	21	32	2027	2568	34	21	0.636	1.030	-1.136	
c372_21_033	c372	21	33	2052	2633	15	33	1.000	0.455	1.015	
c372_21_034	c372	21	34	2075	2549	45	42	1.273	1.364	-1.394	
c372_21_035	c372	21	35	2109	2571	30	35	1.061	0.909	-0.833	
c372_21_036	c372	21	36	2154	2547	47	48	1.455	1.424	-1.364	c372_21_m0117|c372_21_m0122
c372_21_037	c372	21	37	2247	2573	37	31	0.939	1.121	-0.833	c372_21_m0118|c372_21_m0124
c372_22_001	c372	22	1	76	2685	35	34	1.030	1.061	-0.364	
c372_22_002	c372	22	2	137	2664	44	55	1.667	1.333	-0.682	
c372_22_003	c372	22	3	182	2690	60	33	1.000	1.818	-0.227	
c372_22_004	c372	22	4	244	2700	30	22	0.667	0.909	-0.091	
c372_22_005	c372	22	5	284	2699	52	23	0.697	1.576	-0.106	
c372_22_006	c372	22	6	343	2701	90	63	1.909	2.727	0.561	
c372_22_007	c372	22	7	429	2698	26	28	0.848	0.788	-0.061	
c372_22_008	c372	22	8	480	2675	94	116	3.515	2.848	0.576	
c372_22_009	c372	22	9	584	2703	37	46	1.394	1.121	0.364	
c372_22_010	c372	22	10	615	2742	43	15	0.455	1.303	1.076	
c372_22_011	c372	22	11	650	2707	29	35	1.061	0.879	0.318	
c372_22_012	c372	22	12	710	2692	57	41	1.242	1.727	-0.045	
c372_22_013	c372	22	13	791	2709	27	27	0.818	0.818	0.258	
c372_22_014	c372	22	14	857	2707	27	32	0.970	0.818	0.273	
c372_22_015	c372	22	15	902	2702	38	55	1.667	1.152	0.470	
c372_22_016	c372	22	16	948	2674	68	67	2.030	2.061	-0.197	c372_22_m0127
c372_22_017	c372	22	17	1016	2707	59	34	1.030	1.788	0.303	
c372_22_018	c372	22	18	1079	2720	32	26	0.788	0.970	0.576	
c372_22_019	c372	22	19	1116	2722	36	27	0.818	1.091	0.652	
c372_22_020	c372	22	20	1166	2727	36	62	1.879	1.091	1.333	
c372_22_021	c372	22	21	1215	2697	75	61	1.848	2.273	0.409	
c372_22_022	c372	22	22	1301	2704	33	57	1.727	1.000	0.561	
c372_22_023	c372	22	23	1372	2726	32	41	1.242	0.970	0.985	
c372_22_024	c372	22	24	1416	2719	49	48	1.455	1.485	0.879	
c372_22_025	c372	22	25	1447	2653	86	51	1.545	2.606	-1.076	
c372_22_026	c372	22	26	1472	2748	36	36	1.091	1.091	1.576	
c372_22_027	c372	22	27	1523	2729	34	57	1.727	1.030	1.318	
c372_22_028	c372	22	28	1550	2657	32	25	0.758	0.970	-1.348	
c372_22_029	c372	22	29	1571	2760	22	23	0.697	0.667	1.742	
c372_22_030	c372	22	30	1592	2656	42	52	1.576	1.273	-0.970	
c372_22_031	c372	22	31	1609	2760	31	26	0.788	0.939	1.788	
c372_22_032	c372	22	32	1657	2722	56	71	2.152	1.697	1.318	
c372_22_033	c372	22	33	1703	2749	37	35	1.061	1.121	1.591	
c372_22_034	c372	22	34	1713	2657	65	25	0.758	1.970	-1.348	
c372_22_035	c372	22	35	1762	2731	85	70	2.121	2.576	1.576	c372_22_m0126
c372_22_036	c372	22	36	1794	2663	31	40	1.212	0.939	-0.939	
c372_22_037	c372	22	37	1804	2769	14	21	0.636	0.424	1.985	
c372_22_038	c372	22	38	1844	2767	20	24	0.727	0.606	1.970	
c372_22_039	c372	22	39	1848	2663	30	21	0.636	0.909	-1.227	
c372_22_040	c372	22	40	1883	2661	24	21	0.636	0.727	-1.288	
c372_22_041	c372	22	41	1886	2758	38	32	0.970	1.152	1.818	
c372_22_042	c372	22	42	1928	2662	31	41	1.242	0.939	-0.955	
c372_22_043	c372	22	43	1956	2764	31	35	1.061	0.939	2.045	
c372_22_044	c372	22	44	2010	2666	43	41	1.242	1.303	-0.833	
c372_22_045	c372	22	45	2019	2767	38	29	0.879	1.152	2.045	
c372_22_046	c372	22	46	2060	2667	37	25	0.758	1.121	-1.045	
c372_22_047	c372	22	47	2067	2751	43	50	1.515	1.303	1.879	
c372_22_048	c372	22	48	2104	2744	50	97	2.939	1.515	2.379	
c372_22_049	c372	22	49	2110	2645	46	45	1.364	1.394	-1.409	
c372_22_050	c372	22	50	2147	2667	43	31	0.939	1.303	-0.955	
c372_22_051	c372	22	51	2161	2775	11	11	0.333	0.333	2.015	
c372_22_052	c372	22	52	2210	2668	37	56	1.697	1.121	-0.545	
c372_22_053	c372	22	53	2222	2770	71	33	1.000	2.152	2.197	
c372_23_001	c372	23	1	70	2791	35	38	1.152	1.061	-1.909	
c372_23_002	c372	23	2	127	2807	36	53	1.606	1.091	-1.197	
c372_23_003	c372	23	3	189	2801	53	34	1.030	1.606	-1.667	
c372_23_004	c372	23	4	256	2818	18	32	0.970	0.545	-1.182	c372_23_m0129
c372_23_005	c372	23	5	294	2814	34	27	0.818	1.030	-1.379	
c372_23_006	c372	23	6	343	2821	27	28	0.848	0.818	-1.152	
c372_23_007	c372	23	7	391	2808	56	33	1.000	1.697	-1.470	
c372_23_008	c372	23	8	462	2820	46	40	1.212	1.394	-1.000	
c372_23_009	c372	23	9	553	2819	90	64	1.939	2.727	-0.667	
c372_23_010	c372	23	10	674	2815	40	42	1.273	1.212	-1.121	
c372_23_011	c372	23	11	741	2798	25	55	1.667	0.758	-1.439	c372_23_m0130|c372_23_m0132
c372_23_012	c372	23	12	815	2801	100	104	3.152	3.030	-0.606	
c372_23_013	c372	23	13	918	2820	30	44	1.333	0.909	-0.939	
c372_23_014	c372	23	14	977	2827	53	39	1.182	1.606	-0.803	
c372_23_015	c372	23	15	1053	2806	98	99	3.000	2.970	-0.530	
c372_23_016	c372	23	16	1146	2843	26	25	0.758	0.788	-0.530	
c372_23_017	c372	23	17	1179	2845	48	24	0.727	1.455	-0.485	
c372_23_018	c372	23	18	1236	2845	36	60	1.818	1.091	0.061	
c372_23_019	c372	23	19	1304	2837	41	40	1.212	1.242	-0.485	
c372_23_020	c372	23	20	1360	2853	56	29	0.879	1.697	-0.167	
c372_23_021	c372	23	21	1409	2841	30	22	0.667	0.909	-0.636	
c372_23_022	c372	23	22	1432	2817	38	88	2.667	1.152	-0.364	
c372_23_023	c372	23	23	1499	2854	57	33	1.000	1.727	-0.076	
c372_23_024	c372	23	24	1570	2863	27	24	0.727	0.818	0.061	
c372_23_025	c372	23	25	1606	2766	60	123	3.727	1.818	-1.379	
c372_23_026	c372	23	26	1658	2842	49	44	1.333	1.485	-0.273	
c372_23_027	c372	23	27	1708	2854	35	44	1.333	1.061	0.091	c372_23_m0131
c372_23_028	c372	23	28	1765	2853	45	45	1.364	1.364	0.076	
c372_23_029	c372	23	29	1817	2870	45	35	1.061	1.364	0.439	
c372_23_030	c372	23	30	1878	2875	20	22	0.667	0.606	0.394	
c372_23_031	c372	23	31	1899	2868	31	34	1.030	0.939	0.364	
c372_23_032	c372	23	32	1942	2875	33	24	0.727	1.000	0.424	
c372_23_033	c372	23	33	1985	2870	22	32	0.970	0.667	0.394	
c372_23_034	c372	23	34	2018	2839	55	66	2.000	1.667	-0.030	
c372_23_035	c372	23	35	2066	2881	24	24	0.727	0.727	0.606	
c372_23_036	c372	23	36	2075	2780	91	125	3.788	2.758	-0.924	
c372_23_037	c372	23	37	2164	2886	22	19	0.576	0.667	0.682	c372_23_m0128
c372_23_038	c372	23	38	2196	2877	35	28	0.848	1.061	0.545	
c372_23_039	c372	23	39	2247	2869	40	36	1.091	1.212	0.424	
c373_01_001	c373	1	1	63	6	19	16	0.552	0.655	-1.379	c373_01_m0002|c373_01_m0003|c373_01_m0004|c373_01_m0005|c373_01_m0006|c373_01_m0007|c373_01_m0008|c373_01_m0009|c373_01_m0010|c373_01_m0011
c373_01_002	c373	1	2	68	92	5	10	0.345	0.172	1.483	c373_01_m0001
c373_01_003	c373	1	3	670	0	89	64	2.207	3.069	-0.759	
c373_01_004	c373	1	4	750	31	21	20	0.690	0.724	-0.448	
c373_01_005	c373	1	5	785	15	40	44	1.517	1.379	-0.586	
c373_01_006	c373	1	6	817	34	37	38	1.310	1.276	-0.034	
c373_01_007	c373	1	7	874	4	76	89	3.069	2.621	-0.190	
c373_01_008	c373	1	8	955	26	49	32	1.103	1.690	-0.414	
c373_01_009	c373	1	9	1011	37	24	18	0.621	0.828	-0.276	
c373_01_010	c373	1	10	1042	39	31	19	0.655	1.069	-0.190	
c373_01_011	c373	1	11	1079	41	40	56	1.931	1.379	0.517	
c373_01_012	c373	1	12	1142	29	49	32	1.103	1.690	-0.310	
c373_01_013	c373	1	13	1210	21	44	37	1.276	1.517	-0.500	
c373_01_014	c373	1	14	1268	45	18	28	0.966	0.621	0.172	
c373_01_015	c373	1	15	1298	44	30	18	0.621	1.034	-0.034	
c373_01_016	c373	1	16	1351	31	26	34	1.172	0.897	-0.207	
c373_01_017	c373	1	17	1396	46	20	28	0.966	0.690	0.207	
c373_01_018	c373	1	18	1434	43	54	26	0.897	1.862	0.069	
c373_01_019	c373	1	19	1492	51	26	23	0.793	0.897	0.293	
c373_01_020	c373	1	20	1522	49	36	22	0.759	1.241	0.207	
c373_01_021	c373	1	21	1569	51	28	46	1.586	0.966	0.690	
c373_01_022	c373	1	22	1621	33	68	38	1.310	2.345	-0.069	
c373_01_023	c373	1	23	1679	18	34	55	1.897	1.172	-0.293	
c373_01_024	c373	1	24	1730	50	46	23	0.793	1.586	0.259	
c373_01_025	c373	1	25	1796	54	35	32	1.103	1.207	0.552	
c373_01_026	c373	1	26	1843	37	23	50	1.724	0.793	0.276	
c373_01_027	c373	1	27	1873	66	19	21	0.724	0.655	0.776	
c373_01_028	c373	1	28	1909	47	40	54	1.862	1.379	0.690	
c373_01_029	c373	1	29	1955	68	26	38	1.310	0.897	1.138	
c373_01_030	c373	1	30	1994	65	33	23	0.793	1.138	0.776	
c373_01_031	c373	1	31	2036	47	61	52	1.793	2.103	0.655	
c373_01_032	c373	1	32	2085	62	48	30	1.034	1.655	0.793	
c373_01_033	c373	1	33	2162	77	18	28	0.966	0.621	1.276	
c373_01_034	c373	1	34	2194	65	31	34	1.172	1.069	0.966	
c373_01_035	c373	1	35	2237	57	42	46	1.586	1.448	0.897	
c373_01_036	c373	1	36	2270	73	44	45	1.552	1.517	1.431	
c373_02_001	c373	2	1	690	127	29	19	0.655	1.000	-0.328	c373_02_m0013|c373_02_m0014|c373_02_m0015|c373_02_m0016|c373_02_m0017|c373_02_m0018|c373_02_m0019|c373_02_m0020
c373_02_002	c373	2	2	738	113	40	35	1.207	1.379	-0.534	
c373_02_003	c373	2	3	776	108	89	81	2.793	3.069	0.086	
c373_02_004	c373	2	4	867	132	32	22	0.759	1.103	-0.103	
c373_02_005	c373	2	5	930	131	44	37	1.276	1.517	0.121	
c373_02_006	c373	2	6	980	135	31	21	0.724	1.069	-0.017	
c373_02_007	c373	2	7	1024	185	54	14	0.483	1.862	1.586	
c373_02_008	c373	2	8	1071	131	37	46	1.586	1.276	0.276	
c373_02_009	c373	2	9	1133	131	48	49	1.690	1.655	0.328	
c373_02_010	c373	2	10	1189	119	31	34	1.172	1.069	-0.345	
c373_02_011	c373	2	11	1239	105	72	52	1.793	2.483	-0.517	
c373_02_012	c373	2	12	1306	109	73	85	2.931	2.517	0.190	
c373_02_013	c373	2	13	1379	138	26	24	0.828	0.897	0.138	
c373_02_014	c373	2	14	1419	133	39	31	1.069	1.345	0.086	
c373_02_015	c373	2	15	1467	139	28	24	0.828	0.966	0.172	
c373_02_016	c373	2	16	1496	142	25	53	1.828	0.862	0.776	
c373_02_017	c373	2	17	1540	138	25	24	0.828	0.862	0.138	
c373_02_018	c373	2	18	1579	142	25	18	0.621	0.862	0.172	
c373_02_019	c373	2	19	1610	143	31	20	0.690	1.069	0.241	
c373_02_020	c373	2	20	1652	137	22	24	0.828	0.759	0.103	
c373_02_021	c373	2	21	1687	143	38	34	1.172	1.310	0.483	
c373_02_022	c373	2	22	1739	141	49	27	0.931	1.690	0.293	
c373_02_023	c373	2	23	1788	153	20	29	1.000	0.690	0.741	
c373_02_024	c373	2	24	1800	153	62	45	1.552	2.138	1.017	
c373_02_025	c373	2	25	1877	128	43	57	1.966	1.483	0.362	
c373_02_026	c373	2	26	1916	154	31	43	1.483	1.069	1.017	
c373_02_027	c373	2	27	1961	133	40	41	1.414	1.379	0.259	c373_02_m0012
c373_02_028	c373	2	28	2001	157	18	24	0.828	0.621	0.793	
c373_02_029	c373	2	29	2030	139	41	50	1.724	1.414	0.621	
c373_02_030	c373	2	30	2073	157	28	43	1.483	0.966	1.121	
c373_02_031	c373	2	31	2113	134	66	87	3.000	2.276	1.086	
c373_02_032	c373	2	32	2194	156	38	27	0.931	1.310	0.810	
c373_02_033	c373	2	33	2236	164	76	50	1.724	2.621	1.483	
c373_02_034	c373	2	34	2324	90	19	21	0.724	0.655	-1.569	
c373_02_035	c373	2	35	2336	156	27	38	1.310	0.931	1.000	
c373_02_036	c373	2	36	2350	88	27	31	1.069	0.931	-1.466	
c373_02_037	c373	2	37	2360	179	19	22	0.759	0.655	1.517	
c373_02_038	c373	2	38	2381	104	15	16	0.552	0.517	-1.172	
c373_03_001	c373	3	1	641	225	77	51	1.759	2.655	-0.052	c373_03_m0021|c373_03_m0022|c373_03_m0023|c373_03_m0024|c373_03_m0025|c373_03_m0026|c373_03_m0027
c373_03_002	c373	3	2	746	200	50	59	2.034	1.724	-0.776	
c373_03_003	c373	3	3	793	233	17	31	1.069	0.586	-0.121	
c373_03_004	c373	3	4	830	228	46	29	1.000	1.586	-0.328	
c373_03_005	c373	3	5	882	235	24	19	0.655	0.828	-0.259	
c373_03_006	c373	3	6	917	235	30	19	0.655	1.034	-0.259	
c373_03_007	c373	3	7	959	251	10	38	1.310	0.345	0.621	
c373_03_008	c373	3	8	964	236	32	16	0.552	1.103	-0.276	
c373_03_009	c373	3	9	1025	216	43	36	1.241	1.483	-0.621	
c373_03_010	c373	3	10	1054	235	32	24	0.828	1.103	-0.172	
c373_03_011	c373	3	11	1100	237	35	32	1.103	1.207	0.034	
c373_03_012	c373	3	12	1152	243	27	18	0.621	0.931	0.000	
c373_03_013	c373	3	13	1197	232	54	30	1.034	1.862	-0.172	
c373_03_014	c373	3	14	1257	226	44	37	1.276	1.517	-0.259	
c373_03_015	c373	3	15	1341	241	28	22	0.759	0.966	0.000	
c373_03_016	c373	3	16	1382	229	37	37	1.276	1.276	-0.155	
c373_03_017	c373	3	17	1509	236	23	26	0.897	0.793	-0.103	
c373_03_018	c373	3	18	1545	220	47	58	2.000	1.621	-0.103	
c373_03_019	c373	3	19	1595	244	17	18	0.621	0.586	0.034	
c373_03_020	c373	3	20	1623	242	32	49	1.690	1.103	0.500	
c373_03_021	c373	3	21	1661	242	39	22	0.759	1.345	0.034	
c373_03_022	c373	3	22	1712	219	47	61	2.103	1.621	-0.086	
c373_03_023	c373	3	23	1759	240	23	27	0.931	0.793	0.052	
c373_03_024	c373	3	24	1796	250	21	19	0.655	0.724	0.259	
c373_03_025	c373	3	25	1830	245	33	28	0.966	1.138	0.241	
c373_03_026	c373	3	26	1877	249	31	50	1.724	1.069	0.759	
c373_03_027	c373	3	27	1921	245	34	22	0.759	1.172	0.138	
c373_03_028	c373	3	28	1960	246	30	20	0.690	1.034	0.138	
c373_03_029	c373	3	29	1995	246	25	21	0.724	0.862	0.155	
c373_03_030	c373	3	30	2046	252	17	23	0.793	0.586	0.397	
c373_03_031	c373	3	31	2083	249	53	66	2.276	1.828	1.034	
c373_03_032	c373	3	32	2147	245	37	33	1.138	1.276	0.328	
c373_03_033	c373	3	33	2213	240	37	37	1.276	1.276	0.224	
c373_03_034	c373	3	34	2264	239	42	54	1.862	1.448	0.483	
c373_03_035	c373	3	35	2287	240	55	90	3.103	1.897	1.138	
c373_03_036	c373	3	36	2353	257	34	28	0.966	1.172	0.655	
c373_04_001	c373	4	1	303	306	8	17	0.586	0.276	-1.121	c373_04_m0028|c373_04_m0029|c373_04_m0031|c373_04_m0032
c373_04_002	c373	4	2	687	295	47	42	1.448	1.621	-1.069	c373_04_m0033
c373_04_003	c373	4	3	737	323	20	30	1.034	0.690	-0.310	
c373_04_004	c373	4	4	787	322	30	22	0.759	1.034	-0.483	
c373_04_005	c373	4	5	846	323	33	25	0.862	1.138	-0.397	
c373_04_006	c373	4	6	864	299	66	81	2.793	2.276	-0.259	
c373_04_007	c373	4	7	937	325	25	23	0.793	0.862	-0.362	c373_04_m0034
c373_04_008	c373	4	8	984	321	23	25	0.862	0.793	-0.466	
c373_04_009	c373	4	9	1031	304	73	61	2.103	2.517	-0.431	
c373_04_010	c373	4	10	1103	310	36	39	1.345	1.241	-0.603	
c373_04_011	c373	4	11	1149	329	48	22	0.759	1.655	-0.241	
c373_04_012	c373	4	12	1189	298	31	40	1.379	1.069	-1.000	
c373_04_013	c373	4	13	1212	329	34	21	0.724	1.172	-0.259	
c373_04_014	c373	4	14	1250	330	31	20	0.690	1.069	-0.241	
c373_04_015	c373	4	15	1292	332	34	50	1.724	1.172	0.345	
c373_04_016	c373	4	16	1355	315	32	39	1.345	1.103	-0.431	
c373_04_017	c373	4	17	1386	333	25	23	0.793	0.862	-0.086	
c373_04_018	c373	4	18	1425	335	33	30	1.034	1.138	0.103	
c373_04_019	c373	4	19	1477	335	29	19	0.655	1.000	-0.086	
c373_04_020	c373	4	20	1514	330	48	28	0.966	1.655	-0.103	
c373_04_021	c373	4	21	1572	314	47	40	1.379	1.621	-0.448	
c373_04_022	c373	4	22	1656	339	39	33	1.138	1.345	0.293	
c373_04_023	c373	4	23	1715	341	19	19	0.655	0.655	0.121	
c373_04_024	c373	4	24	1747	338	41	21	0.724	1.414	0.052	
c373_04_025	c373	4	25	1789	313	43	56	1.931	1.483	-0.207	
c373_04_026	c373	4	26	1829	322	37	34	1.172	1.276	-0.276	
c373_04_027	c373	4	27	1863	331	45	30	1.034	1.552	-0.034	c373_04_m0030
c373_04_028	c373	4	28	1925	325	34	41	1.414	1.172	-0.052	
c373_04_029	c373	4	29	1972	344	20	32	1.103	0.690	0.448	
c373_04_030	c373	4	30	2042	329	68	54	1.862	2.345	0.310	
c373_04_031	c373	4	31	2114	346	29	30	1.034	1.000	0.483	
c373_04_032	c373	4	32	2149	349	28	21	0.724	0.966	0.431	
c373_04_033	c373	4	33	2183	342	29	24	0.828	1.000	0.241	
c373_04_034	c373	4	34	2261	321	43	69	2.379	1.483	0.293	
c373_04_035	c373	4	35	2318	356	19	22	0.759	0.655	0.690	
c373_04_036	c373	4	36	2345	343	41	50	1.724	1.414	0.724	
c373_04_037	c373	4	37	2388	368	12	17	0.586	0.414	1.017	
c373_05_001	c373	5	1	48	460	16	15	0.517	0.552	1.086	
c373_05_002	c373	5	2	51	378	43	26	0.897	1.483	-1.552	c373_05_m0035|c373_05_m0041
c373_05_003	c373	5	3	60	476	9	9	0.310	0.310	1.534	
c373_05_004	c373	5	4	321	394	10	18	0.621	0.345	-1.138	c373_05_m0036|c373_05_m0038|c373_05_m0039|c373_05_m0040|c373_05_m0042|c373_05_m0043|c373_05_m0044
c373_05_005	c373	5	5	592	405	20	17	0.586	0.690	-0.776	c373_05_m0045
c373_05_006	c373	5	6	691	385	51	66	2.276	1.759	-0.621	
c373_05_007	c373	5	7	735	399	34	34	1.172	1.172	-0.690	
c373_05_008	c373	5	8	777	405	65	36	1.241	2.241	-0.448	
c373_05_009	c373	5	9	844	422	17	27	0.931	0.586	-0.017	
c373_05_010	c373	5	10	882	395	69	55	1.897	2.379	-0.466	
c373_05_011	c373	5	11	951	426	17	21	0.724	0.586	0.017	
c373_05_012	c373	5	12	987	423	35	28	0.966	1.207	0.034	
c373_05_013	c373	5	13	1041	424	31	46	1.586	1.069	0.379	
c373_05_014	c373	5	14	1088	426	20	18	0.621	0.690	-0.034	
c373_05_015	c373	5	15	1123	418	24	22	0.759	0.828	-0.241	
c373_05_016	c373	5	16	1158	422	34	49	1.690	1.172	0.362	
c373_05_017	c373	5	17	1220	425	21	23	0.793	0.724	0.017	
c373_05_018	c373	5	18	1262	421	33	28	0.966	1.138	-0.034	
c373_05_019	c373	5	19	1305	424	31	30	1.034	1.069	0.103	
c373_05_020	c373	5	20	1358	396	55	29	1.000	1.897	-0.879	
c373_05_021	c373	5	21	1407	425	29	22	0.759	1.000	0.000	
c373_05_022	c373	5	22	1441	418	27	29	1.000	0.931	-0.121	
c373_05_023	c373	5	23	1491	427	51	22	0.759	1.759	0.069	
c373_05_024	c373	5	24	1524	393	39	39	1.345	1.345	-0.810	
c373_05_025	c373	5	25	1554	425	26	22	0.759	0.897	0.000	
c373_05_026	c373	5	26	1591	430	36	45	1.552	1.241	0.569	
c373_05_027	c373	5	27	1640	409	32	40	1.379	1.103	-0.241	
c373_05_028	c373	5	28	1691	426	29	38	1.310	1.000	0.310	c373_05_m0037
c373_05_029	c373	5	29	1720	404	19	33	1.138	0.655	-0.534	
c373_05_030	c373	5	30	1743	431	22	20	0.690	0.759	0.172	c373_05_m0046
c373_05_031	c373	5	31	1766	430	21	21	0.724	0.724	0.155	
c373_05_032	c373	5	32	1778	392	39	52	1.793	1.345	-0.621	
c373_05_033	c373	5	33	1812	427	49	30	1.034	1.690	0.207	
c373_05_034	c373	5	34	1883	429	32	29	1.000	1.103	0.259	c373_05_m0047
c373_05_035	c373	5	35	1930	440	26	21	0.724	0.897	0.500	
c373_05_036	c373	5	36	1975	431	54	32	1.103	1.862	0.379	
c373_05_037	c373	5	37	2030	443	22	29	1.000	0.759	0.741	
c373_05_038	c373	5	38	2073	412	47	66	2.276	1.621	0.310	
c373_05_039	c373	5	39	2122	447	27	40	1.379	0.931	1.069	
c373_05_040	c373	5	40	2162	444	35	23	0.793	1.207	0.672	
c373_05_041	c373	5	41	2210	445	22	42	1.448	0.759	1.034	
c373_05_042	c373	5	42	2252	412	59	71	2.448	2.034	0.397	
c373_05_043	c373	5	43	2306	453	15	16	0.552	0.517	0.862	
c373_05_044	c373	5	44	2330	455	27	23	0.793	0.931	1.052	
c373_05_045	c373	5	45	2368	462	20	21	0.724	0.690	1.259	
c373_05_046	c373	5	46	2389	460	11	21	0.724	0.379	1.190	
c373_06_001	c373	6	1	639	479	74	95	3.276	2.552	-0.017	c373_06_m0048|c373_06_m0051
c373_06_002	c373	6	2	721	505	40	23	0.793	1.379	-0.362	
c373_06_003	c373	6	3	776	505	26	21	0.724	0.897	-0.397	
c373_06_004	c373	6	4	830	513	7	9	0.310	0.241	-0.328	
c373_06_005	c373	6	5	864	497	54	27	0.931	1.862	-0.569	
c373_06_006	c373	6	6	951	503	10	28	0.966	0.345	-0.345	
c373_06_007	c373	6	7	962	502	41	28	0.966	1.414	-0.379	
c373_06_008	c373	6	8	1030	482	27	45	1.552	0.931	-0.776	
c373_06_009	c373	6	9	1057	549	29	25	0.862	1.000	1.190	
c373_06_010	c373	6	10	1081	475	48	68	2.345	1.655	-0.621	
c373_06_011	c373	6	11	1131	508	20	17	0.586	0.690	-0.362	
c373_06_012	c373	6	12	1157	503	40	27	0.931	1.379	-0.362	
c373_06_013	c373	6	13	1207	479	42	50	1.724	1.448	-0.793	
c373_06_014	c373	6	14	1249	507	24	23	0.793	0.828	-0.293	
c373_06_015	c373	6	15	1360	475	79	64	2.207	2.724	-0.690	
c373_06_016	c373	6	16	1466	500	65	47	1.621	2.241	-0.121	
c373_06_017	c373	6	17	1543	518	37	39	1.345	1.276	0.362	
c373_06_018	c373	6	18	1600	520	24	19	0.655	0.828	0.086	
c373_06_019	c373	6	19	1638	489	66	60	2.069	2.276	-0.276	
c373_06_020	c373	6	20	1689	521	31	39	1.345	1.069	0.466	
c373_06_021	c373	6	21	1738	503	76	71	2.448	2.621	0.397	
c373_06_022	c373	6	22	1866	527	36	61	2.103	1.241	1.052	
c373_06_023	c373	6	23	1919	518	46	29	1.000	1.586	0.190	
c373_06_024	c373	6	24	1965	528	25	27	0.931	0.862	0.500	
c373_06_025	c373	6	25	2001	500	91	61	2.103	3.138	0.121	
c373_06_026	c373	6	26	2109	536	20	26	0.897	0.690	0.759	
c373_06_027	c373	6	27	2137	527	31	28	0.966	1.069	0.483	
c373_06_028	c373	6	28	2179	517	40	40	1.379	1.379	0.345	c373_06_m0049|c373_06_m0050
c373_06_029	c373	6	29	2238	528	46	31	1.069	1.586	0.569	
c373_06_030	c373	6	30	2292	521	53	56	1.931	1.828	0.759	
c373_06_031	c373	6	31	2339	537	26	30	1.034	0.897	0.862	
c373_06_032	c373	6	32	2377	549	23	27	0.931	0.793	1.224	
c373_07_001	c373	7	1	50	568	16	36	1.241	0.552	-0.897	c373_07_m0052
c373_07_002	c373	7	2	680	562	81	57	1.966	2.793	-0.741	
c373_07_003	c373	7	3	748	592	28	24	0.828	0.966	-0.276	
c373_07_004	c373	7	4	798	593	46	27	0.931	1.586	-0.190	
c373_07_005	c373	7	5	871	602	21	22	0.759	0.724	0.034	
c373_07_006	c373	7	6	898	594	27	26	0.897	0.931	-0.172	
c373_07_007	c373	7	7	948	591	36	34	1.172	1.241	-0.138	
c373_07_008	c373	7	8	1009	592	26	27	0.931	0.897	-0.224	
c373_07_009	c373	7	9	1056	595	28	25	0.862	0.966	-0.155	
c373_07_010	c373	7	10	1097	598	24	20	0.690	0.828	-0.138	
c373_07_011	c373	7	11	1133	596	35	24	0.828	1.207	-0.138	
c373_07_012	c373	7	12	1187	591	52	33	1.138	1.793	-0.155	c373_07_m0053
c373_07_013	c373	7	13	1248	597	31	37	1.276	1.069	0.121	
c373_07_014	c373	7	14	1299	603	22	22	0.759	0.759	0.069	
c373_07_015	c373	7	15	1352	601	37	27	0.931	1.276	0.086	
c373_07_016	c373	7	16	1397	605	19	20	0.690	0.655	0.103	
c373_07_017	c373	7	17	1421	598	27	29	1.000	0.931	0.017	
c373_07_018	c373	7	18	1430	612	73	48	1.655	2.517	0.828	
c373_07_019	c373	7	19	1491	612	31	35	1.207	1.069	0.603	
c373_07_020	c373	7	20	1544	601	29	29	1.000	1.000	0.121	
c373_07_021	c373	7	21	1598	609	48	33	1.138	1.655	0.466	
c373_07_022	c373	7	22	1656	610	30	23	0.793	1.034	0.328	
c373_07_023	c373	7	23	1694	586	81	74	2.552	2.793	0.379	
c373_07_024	c373	7	24	1783	582	50	78	2.690	1.724	0.310	
c373_07_025	c373	7	25	1837	593	42	62	2.138	1.448	0.414	
c373_07_026	c373	7	26	1889	621	28	22	0.759	0.966	0.690	
c373_07_027	c373	7	27	1919	617	25	24	0.828	0.862	0.586	
c373_07_028	c373	7	28	1946	624	38	40	1.379	1.310	1.103	
c373_07_029	c373	7	29	1995	614	18	31	1.069	0.621	0.603	
c373_07_030	c373	7	30	2009	597	63	89	3.069	2.172	1.017	
c373_07_031	c373	7	31	2075	622	17	22	0.759	0.586	0.724	
c373_07_032	c373	7	32	2091	615	32	30	1.034	1.103	0.621	
c373_07_033	c373	7	33	2135	628	43	30	1.034	1.483	1.069	
c373_07_034	c373	7	34	2202	631	38	20	0.690	1.310	1.000	
c373_07_035	c373	7	35	2232	599	30	41	1.414	1.034	0.259	
c373_07_036	c373	7	36	2268	634	21	37	1.276	0.724	1.397	
c373_07_037	c373	7	37	2288	611	12	14	0.483	0.414	0.207	
c373_07_038	c373	7	38	2299	642	14	29	1.000	0.483	1.534	
c373_07_039	c373	7	39	2326	622	67	83	2.862	2.310	1.776	
c373_08_001	c373	8	1	624	692	77	44	1.517	2.655	0.276	c373_08_m0054|c373_08_m0055|c373_08_m0056|c373_08_m0058
c373_08_002	c373	8	2	730	686	45	29	1.000	1.552	-0.190	
c373_08_003	c373	8	3	794	697	23	23	0.793	0.793	0.086	
c373_08_004	c373	8	4	841	684	24	27	0.931	0.828	-0.293	
c373_08_005	c373	8	5	884	697	20	27	0.931	0.690	0.155	
c373_08_006	c373	8	6	926	686	50	27	0.931	1.724	-0.224	
c373_08_007	c373	8	7	981	674	62	53	1.828	2.138	-0.190	
c373_08_008	c373	8	8	1043	677	38	36	1.241	1.310	-0.379	
c373_08_009	c373	8	9	1084	695	30	23	0.793	1.034	0.017	
c373_08_010	c373	8	10	1132	697	20	21	0.724	0.690	0.052	
c373_08_011	c373	8	11	1182	690	38	34	1.172	1.310	0.034	
c373_08_012	c373	8	12	1233	671	82	86	2.966	2.828	0.276	
c373_08_013	c373	8	13	1314	696	35	28	0.966	1.207	0.138	
c373_08_014	c373	8	14	1355	680	41	52	1.793	1.414	0.000	
c373_08_015	c373	8	15	1406	682	37	42	1.448	1.276	-0.103	
c373_08_016	c373	8	16	1456	709	21	22	0.759	0.724	0.483	
c373_08_017	c373	8	17	1502	708	33	55	1.897	1.138	1.017	
c373_08_018	c373	8	18	1557	681	76	83	2.862	2.621	0.569	
c373_08_019	c373	8	19	1686	718	25	29	1.000	0.862	0.914	
c373_08_020	c373	8	20	1702	660	86	125	4.310	2.966	0.569	
c373_08_021	c373	8	21	1778	726	33	23	0.793	1.138	1.086	
c373_08_022	c373	8	22	1815	708	38	38	1.310	1.310	0.724	
c373_08_023	c373	8	23	1882	714	42	31	1.069	1.448	0.810	
c373_08_024	c373	8	24	1946	721	25	25	0.862	0.862	0.948	
c373_08_025	c373	8	25	1985	725	39	40	1.379	1.345	1.345	
c373_08_026	c373	8	26	2011	659	12	19	0.655	0.414	-1.293	
c373_08_027	c373	8	27	2021	696	12	26	0.897	0.414	0.103	
c373_08_028	c373	8	28	2027	725	33	27	0.931	1.138	1.121	
c373_08_029	c373	8	29	2074	721	46	33	1.138	1.586	1.086	
c373_08_030	c373	8	30	2123	729	29	24	0.828	1.000	1.207	
c373_08_031	c373	8	31	2160	726	35	26	0.897	1.207	1.138	
c373_08_032	c373	8	32	2208	730	13	21	0.724	0.448	1.190	
c373_08_033	c373	8	33	2221	710	37	46	1.586	1.276	0.931	
c373_08_034	c373	8	34	2278	735	19	20	0.690	0.655	1.345	
c373_08_035	c373	8	35	2334	745	22	16	0.552	0.759	1.621	
c373_08_036	c373	8	36	2367	744	17	22	0.759	0.586	1.690	c373_08_m0057
c373_08_037	c373	8	37	2372	649	12	29	1.000	0.414	-1.466	
c373_09_001	c373	9	1	61	838	15	18	0.621	0.517	1.345	c373_09_m0064|c373_09_m0065
c373_09_002	c373	9	2	655	777	46	59	2.034	1.586	-0.052	c373_09_m0066
c373_09_003	c373	9	3	721	786	24	25	0.862	0.828	-0.328	c373_09_m0063
c373_09_004	c373	9	4	741	830	42	10	0.345	1.448	0.931	c373_09_m0062
c373_09_005	c373	9	5	770	772	35	57	1.966	1.207	-0.259	
c373_09_006	c373	9	6	833	788	24	13	0.448	0.828	-0.466	
c373_09_007	c373	9	7	871	784	25	24	0.828	0.862	-0.414	
c373_09_008	c373	9	8	912	788	34	59	2.034	1.172	0.328	c373_09_m0059
c373_09_009	c373	9	9	961	768	31	40	1.379	1.069	-0.690	
c373_09_010	c373	9	10	999	781	51	32	1.103	1.759	-0.379	c373_09_m0060
c373_09_011	c373	9	11	1062	790	23	23	0.793	0.793	-0.224	
c373_09_012	c373	9	12	1105	786	35	52	1.793	1.207	0.138	
c373_09_013	c373	9	13	1156	789	41	27	0.931	1.414	-0.190	
c373_09_014	c373	9	14	1210	794	26	25	0.862	0.897	-0.052	
c373_09_015	c373	9	15	1243	792	30	24	0.828	1.034	-0.138	
c373_09_016	c373	9	16	1317	801	20	36	1.241	0.690	0.379	
c373_09_017	c373	9	17	1358	801	32	30	1.034	1.103	0.276	
c373_09_018	c373	9	18	1423	805	27	36	1.241	0.931	0.517	
c373_09_019	c373	9	19	1468	781	47	61	2.103	1.621	0.121	
c373_09_020	c373	9	20	1516	807	31	48	1.655	1.069	0.793	
c373_09_021	c373	9	21	1566	781	41	46	1.586	1.414	-0.138	
c373_09_022	c373	9	22	1615	810	29	30	1.034	1.000	0.586	
c373_09_023	c373	9	23	1625	757	50	11	0.379	1.724	-1.569	
c373_09_024	c373	9	24	1656	806	26	26	0.897	0.897	0.379	
c373_09_025	c373	9	25	1697	818	31	56	1.931	1.069	1.310	
c373_09_026	c373	9	26	1746	814	36	24	0.828	1.241	0.621	
c373_09_027	c373	9	27	1793	814	21	27	0.931	0.724	0.672	
c373_09_028	c373	9	28	1808	799	28	15	0.517	0.966	-0.052	
c373_09_029	c373	9	29	1825	800	35	46	1.586	1.207	0.517	
c373_09_030	c373	9	30	1866	819	41	44	1.517	1.414	1.138	
c373_09_031	c373	9	31	1924	799	42	45	1.552	1.448	0.466	
c373_09_032	c373	9	32	1974	824	23	27	0.931	0.793	1.017	
c373_09_033	c373	9	33	2013	803	64	54	1.862	2.207	0.759	
c373_09_034	c373	9	34	2070	823	34	26	0.897	1.172	0.966	
c373_09_035	c373	9	35	2123	830	37	63	2.172	1.276	1.845	
c373_09_036	c373	9	36	2165	828	33	25	0.862	1.138	1.121	
c373_09_037	c373	9	37	2215	809	41	43	1.483	1.414	0.776	
c373_09_038	c373	9	38	2265	795	45	68	2.345	1.552	0.724	c373_09_m0061
c373_09_039	c373	9	39	2322	827	32	28	0.966	1.103	1.138	
c373_09_040	c373	9	40	2359	822	21	46	1.586	0.724	1.276	
c373_10_001	c373	10	1	629	856	82	93	3.207	2.828	0.017	c373_10_m0067|c373_10_m0069|c373_10_m0070
c373_10_002	c373	10	2	697	881	32	25	0.862	1.103	-0.293	
c373_10_003	c373	10	3	747	887	26	40	1.379	0.897	0.172	
c373_10_004	c373	10	4	803	861	46	42	1.448	1.586	-0.690	
c373_10_005	c373	10	5	834	868	42	55	1.897	1.448	-0.224	
c373_10_006	c373	10	6	886	879	36	34	1.172	1.241	-0.207	
c373_10_007	c373	10	7	938	866	43	42	1.448	1.483	-0.517	
c373_10_008	c373	10	8	973	879	49	32	1.103	1.690	-0.241	
c373_10_009	c373	10	9	1021	893	28	20	0.690	0.966	0.034	
c373_10_010	c373	10	10	1041	883	95	55	1.897	3.276	0.293	
c373_10_011	c373	10	11	1139	872	65	71	2.448	2.241	0.190	
c373_10_012	c373	10	12	1225	889	41	40	1.379	1.414	0.241	
c373_10_013	c373	10	13	1266	861	14	29	1.000	0.483	-0.914	
c373_10_014	c373	10	14	1279	891	20	37	1.276	0.690	0.259	
c373_10_015	c373	10	15	1305	876	57	55	1.897	1.966	0.052	
c373_10_016	c373	10	16	1367	848	46	15	0.517	1.586	-1.603	
c373_10_017	c373	10	17	1387	895	33	33	1.138	1.138	0.328	
c373_10_018	c373	10	18	1439	899	25	22	0.759	0.862	0.276	
c373_10_019	c373	10	19	1479	897	25	22	0.759	0.862	0.207	
c373_10_020	c373	10	20	1520	897	38	37	1.276	1.310	0.466	
c373_10_021	c373	10	21	1574	898	23	24	0.828	0.793	0.276	
c373_10_022	c373	10	22	1611	902	16	31	1.069	0.552	0.534	
c373_10_023	c373	10	23	1649	904	12	23	0.793	0.414	0.466	
c373_10_024	c373	10	24	1708	911	23	15	0.517	0.793	0.569	
c373_10_025	c373	10	25	1757	902	64	39	1.345	2.207	0.672	
c373_10_026	c373	10	26	1824	914	24	23	0.793	0.828	0.810	
c373_10_027	c373	10	27	1853	894	51	77	2.655	1.759	1.052	
c373_10_028	c373	10	28	1917	910	29	27	0.931	1.000	0.741	
c373_10_029	c373	10	29	1962	915	61	22	0.759	2.103	0.828	
c373_10_030	c373	10	30	2011	876	64	66	2.276	2.207	0.241	
c373_10_031	c373	10	31	2076	902	34	38	1.310	1.172	0.655	
c373_10_032	c373	10	32	2150	895	51	84	2.897	1.759	1.207	
c373_10_033	c373	10	33	2199	929	4	20	0.690	0.138	1.276	
c373_10_034	c373	10	34	2216	919	21	26	0.897	0.724	1.034	
c373_10_035	c373	10	35	2257	921	39	44	1.517	1.345	1.414	c373_10_m0068
c373_10_036	c373	10	36	2306	926	30	30	1.034	1.034	1.345	
c373_10_037	c373	10	37	2354	930	5	10	0.345	0.172	1.138	
c373_10_038	c373	10	38	2360	914	40	71	2.448	1.379	1.638	
c373_10_039	c373	10	39	2374	844	21	26	0.897	0.724	-1.552	
c373_11_001	c373	11	1	50	1023	18	9	0.310	0.621	1.190	
c373_11_002	c373	11	2	402	977	5	16	0.552	0.172	-0.276	c373_11_m0071
c373_11_003	c373	11	3	644	943	84	70	2.414	2.897	-0.517	
c373_11_004	c373	11	4	717	970	49	34	1.172	1.690	-0.207	
c373_11_005	c373	11	5	788	977	25	23	0.793	0.862	-0.155	
c373_11_006	c373	11	6	832	983	17	32	1.103	0.586	0.207	
c373_11_007	c373	11	7	875	978	23	27	0.931	0.793	-0.052	
c373_11_008	c373	11	8	913	980	23	22	0.759	0.793	-0.069	
c373_11_009	c373	11	9	948	980	29	22	0.759	1.000	-0.069	
c373_11_010	c373	11	10	979	982	33	36	1.241	1.138	0.241	
c373_11_011	c373	11	11	1011	957	15	31	1.069	0.517	-0.707	
c373_11_012	c373	11	12	1026	981	34	53	1.828	1.172	0.500	
c373_11_013	c373	11	13	1079	968	52	33	1.138	1.793	-0.293	
c373_11_014	c373	11	14	1129	974	41	33	1.138	1.414	-0.086	
c373_11_015	c373	11	15	1194	978	33	23	0.793	1.138	-0.121	
c373_11_016	c373	11	16	1249	981	25	28	0.966	0.862	0.069	
c373_11_017	c373	11	17	1275	1020	22	5	0.172	0.759	1.017	c373_11_m0072
c373_11_018	c373	11	18	1291	958	50	60	2.069	1.724	-0.172	
c373_11_019	c373	11	19	1353	983	74	60	2.069	2.552	0.690	
c373_11_020	c373	11	20	1494	984	47	31	1.069	1.621	0.224	
c373_11_021	c373	11	21	1553	994	17	21	0.724	0.586	0.397	
c373_11_022	c373	11	22	1565	976	45	45	1.552	1.552	0.190	
c373_11_023	c373	11	23	1685	998	26	25	0.862	0.897	0.603	
c373_11_024	c373	11	24	1694	939	24	30	1.034	0.828	-1.345	
c373_11_025	c373	11	25	1730	999	32	25	0.862	1.103	0.638	
c373_11_026	c373	11	26	1775	1000	27	27	0.931	0.931	0.707	
c373_11_027	c373	11	27	1812	999	26	24	0.828	0.897	0.621	
c373_11_028	c373	11	28	1875	981	6	16	0.552	0.207	-0.138	
c373_11_029	c373	11	29	1894	1006	37	27	0.931	1.276	0.914	
c373_11_030	c373	11	30	1950	1010	23	16	0.552	0.793	0.862	
c373_11_031	c373	11	31	1977	1008	22	22	0.759	0.759	0.897	
c373_11_032	c373	11	32	2014	1008	21	24	0.828	0.724	0.931	
c373_11_033	c373	11	33	2056	1012	26	26	0.897	0.897	1.103	
c373_11_034	c373	11	34	2099	990	82	91	3.138	2.828	1.466	
c373_11_035	c373	11	35	2187	1020	26	22	0.759	0.897	1.310	
c373_11_036	c373	11	36	2230	1025	13	24	0.828	0.448	1.517	
c373_11_037	c373	11	37	2270	1021	24	21	0.724	0.828	1.328	
c373_11_038	c373	11	38	2305	1027	14	15	0.517	0.483	1.431	
c373_11_039	c373	11	39	2351	943	15	17	0.586	0.517	-1.431	
c373_11_040	c373	11	40	2354	986	25	55	1.897	0.862	0.707	
c373_11_041	c373	11	41	2378	974	4	17	0.586	0.138	-0.362	
c373_12_001	c373	12	1	28	1040	16	30	1.034	0.552	-0.966	c373_12_m0073|c373_12_m0074|c373_12_m0077
c373_12_002	c373	12	2	289	1127	11	9	0.310	0.379	1.672	c373_12_m0075|c373_12_m0076
c373_12_003	c373	12	3	658	1060	44	35	1.207	1.517	-0.190	
c373_12_004	c373	12	4	723	1069	25	24	0.828	0.862	-0.069	
c373_12_005	c373	12	5	787	1056	26	34	1.172	0.897	-0.345	
c373_12_006	c373	12	6	836	1052	30	34	1.172	1.034	-0.483	
c373_12_007	c373	12	7	858	1038	60	96	3.310	2.069	0.103	
c373_12_008	c373	12	8	927	1058	49	34	1.172	1.690	-0.276	
c373_12_009	c373	12	9	996	1072	20	22	0.759	0.690	0.000	
c373_12_010	c373	12	10	1032	1068	32	26	0.897	1.103	-0.069	
c373_12_011	c373	12	11	1097	1074	35	22	0.759	1.207	0.069	
c373_12_012	c373	12	12	1128	1036	42	56	1.931	1.448	-0.655	
c373_12_013	c373	12	13	1159	1072	31	24	0.828	1.069	0.034	
c373_12_014	c373	12	14	1204	1055	35	42	1.448	1.207	-0.241	
c373_12_015	c373	12	15	1240	1073	30	25	0.862	1.034	0.086	
c373_12_016	c373	12	16	1265	1031	19	21	0.724	0.655	-1.431	
c373_12_017	c373	12	17	1286	1075	42	60	2.069	1.448	0.759	
c373_12_018	c373	12	18	1343	1052	75	57	1.966	2.586	-0.086	
c373_12_019	c373	12	19	1419	1065	45	49	1.690	1.552	0.224	
c373_12_020	c373	12	20	1493	1043	57	81	2.793	1.966	0.017	
c373_12_021	c373	12	21	1560	1072	49	62	2.138	1.690	0.690	
c373_12_022	c373	12	22	1635	1076	55	65	2.241	1.897	0.879	
c373_12_023	c373	12	23	1701	1081	41	31	1.069	1.414	0.466	c373_12_m0079
c373_12_024	c373	12	24	1779	1060	53	75	2.586	1.828	0.500	c373_12_m0080
c373_12_025	c373	12	25	1859	1073	43	61	2.103	1.483	0.707	
c373_12_026	c373	12	26	1905	1099	18	32	1.103	0.621	1.103	
c373_12_027	c373	12	27	1961	1098	10	10	0.345	0.345	0.690	
c373_12_028	c373	12	28	2000	1096	37	34	1.172	1.276	1.034	
c373_12_029	c373	12	29	2055	1103	34	25	0.862	1.172	1.121	
c373_12_030	c373	12	30	2094	1102	24	23	0.793	0.828	1.052	
c373_12_031	c373	12	31	2134	1103	29	27	0.931	1.000	1.155	c373_12_m0078
c373_12_032	c373	12	32	2179	1080	42	62	2.138	1.448	0.966	
c373_12_033	c373	12	33	2227	1111	21	18	0.621	0.724	1.276	
c373_12_034	c373	12	34	2268	1111	30	22	0.759	1.034	1.345	
c373_12_035	c373	12	35	2292	1102	12	10	0.345	0.414	0.828	
c373_12_036	c373	12	36	2311	1119	17	30	1.034	0.586	1.759	
c373_12_037	c373	12	37	2331	1032	30	17	0.586	1.034	-1.466	
c373_12_038	c373	12	38	2352	1117	5	9	0.310	0.172	1.328	
c373_12_039	c373	12	39	2375	1030	25	34	1.172	0.862	-1.241	
c373_12_040	c373	12	40	2376	1118	18	17	0.586	0.621	1.500	
c373_13_001	c373	13	1	34	1136	21	18	0.621	0.724	-1.241	c373_13_m0081
c373_13_002	c373	13	2	280	1136	27	35	1.207	0.931	-0.948	c373_13_m0083|c373_13_m0084|c373_13_m0086|c373_13_m0089
c373_13_003	c373	13	3	656	1131	46	62	2.138	1.586	-0.655	c373_13_m0085|c373_13_m0087|c373_13_m0088
c373_13_004	c373	13	4	701	1153	49	35	1.207	1.690	-0.362	
c373_13_005	c373	13	5	789	1157	37	33	1.138	1.276	-0.259	
c373_13_006	c373	13	6	844	1159	28	20	0.690	0.966	-0.414	
c373_13_007	c373	13	7	891	1157	38	24	0.828	1.310	-0.414	
c373_13_008	c373	13	8	943	1159	27	20	0.690	0.931	-0.414	
c373_13_009	c373	13	9	978	1184	6	22	0.759	0.207	0.483	
c373_13_010	c373	13	10	984	1162	28	20	0.690	0.966	-0.310	
c373_13_011	c373	13	11	1029	1165	28	24	0.828	0.966	-0.138	
c373_13_012	c373	13	12	1081	1155	32	60	2.069	1.103	0.138	
c373_13_013	c373	13	13	1101	1140	67	88	3.034	2.310	0.103	
c373_13_014	c373	13	14	1165	1160	40	33	1.138	1.379	-0.155	
c373_13_015	c373	13	15	1209	1174	8	10	0.345	0.276	-0.069	
c373_13_016	c373	13	16	1259	1170	20	23	0.793	0.690	0.017	
c373_13_017	c373	13	17	1290	1172	27	23	0.793	0.931	0.086	
c373_13_018	c373	13	18	1335	1173	35	24	0.828	1.207	0.138	
c373_13_019	c373	13	19	1385	1144	43	81	2.793	1.483	0.121	
c373_13_020	c373	13	20	1433	1174	21	32	1.103	0.724	0.310	
c373_13_021	c373	13	21	1449	1183	14	10	0.345	0.483	0.241	
c373_13_022	c373	13	22	1460	1152	14	29	1.000	0.483	-0.500	
c373_13_023	c373	13	23	1474	1182	9	15	0.517	0.310	0.293	
c373_13_024	c373	13	24	1485	1177	17	19	0.655	0.586	0.190	
c373_13_025	c373	13	25	1515	1176	47	54	1.862	1.621	0.759	
c373_13_026	c373	13	26	1566	1184	26	35	1.207	0.897	0.707	
c373_13_027	c373	13	27	1664	1187	28	33	1.138	0.966	0.776	
c373_13_028	c373	13	28	1682	1152	42	71	2.448	1.448	0.224	
c373_13_029	c373	13	29	1755	1155	72	58	2.000	2.483	0.103	
c373_13_030	c373	13	30	1818	1193	31	24	0.828	1.069	0.828	
c373_13_031	c373	13	31	1857	1196	26	22	0.759	0.897	0.897	
c373_13_032	c373	13	32	1886	1196	29	20	0.690	1.000	0.862	
c373_13_033	c373	13	33	1908	1196	50	53	1.828	1.724	1.431	
c373_13_034	c373	13	34	1966	1197	20	21	0.724	0.690	0.914	
c373_13_035	c373	13	35	1997	1189	77	56	1.931	2.655	1.241	
c373_13_036	c373	13	36	2134	1182	45	65	2.241	1.552	1.155	
c373_13_037	c373	13	37	2198	1200	28	25	0.862	0.966	1.086	
c373_13_038	c373	13	38	2220	1131	9	25	0.862	0.310	-1.293	
c373_13_039	c373	13	39	2236	1210	19	35	1.207	0.655	1.603	
c373_13_040	c373	13	40	2304	1213	21	33	1.138	0.724	1.672	
c373_13_041	c373	13	41	2345	1212	8	11	0.379	0.276	1.259	c373_13_m0082
c373_13_042	c373	13	42	2355	1202	24	31	1.069	0.828	1.259	
c373_13_043	c373	13	43	2387	1218	5	19	0.655	0.172	1.603	
c373_14_001	c373	14	1	0	1308	13	32	1.103	0.448	1.793	c373_14_m0093|c373_14_m0096|c373_14_m0099
c373_14_002	c373	14	2	378	1253	11	16	0.552	0.379	-0.379	c373_14_m0094
c373_14_003	c373	14	3	652	1250	46	35	1.207	1.586	-0.155	c373_14_m0095|c373_14_m0100
c373_14_004	c373	14	4	763	1250	43	29	1.000	1.483	-0.259	c373_14_m0098
c373_14_005	c373	14	5	819	1254	23	61	2.103	0.793	0.431	
c373_14_006	c373	14	6	878	1250	38	48	1.655	1.310	0.069	
c373_14_007	c373	14	7	932	1260	30	20	0.690	1.034	-0.069	
c373_14_008	c373	14	8	959	1238	73	56	1.931	2.517	-0.207	
c373_14_009	c373	14	9	1015	1260	40	47	1.621	1.379	0.397	
c373_14_010	c373	14	10	1073	1217	40	64	2.207	1.379	-0.793	
c373_14_011	c373	14	11	1128	1257	32	30	1.034	1.103	0.000	
c373_14_012	c373	14	12	1171	1260	38	34	1.172	1.310	0.172	
c373_14_013	c373	14	13	1227	1266	30	27	0.931	1.034	0.259	
c373_14_014	c373	14	14	1271	1271	22	33	1.138	0.759	0.534	
c373_14_015	c373	14	15	1313	1287	8	9	0.310	0.276	0.672	
c373_14_016	c373	14	16	1356	1275	25	29	1.000	0.862	0.603	
c373_14_017	c373	14	17	1359	1229	31	19	0.655	1.069	-1.155	
c373_14_018	c373	14	18	1397	1232	93	100	3.448	3.207	0.345	
c373_14_019	c373	14	19	1479	1276	28	18	0.621	0.966	0.448	
c373_14_020	c373	14	20	1524	1274	38	28	0.966	1.310	0.552	
c373_14_021	c373	14	21	1555	1265	23	12	0.414	0.793	-0.034	
c373_14_022	c373	14	22	1578	1283	19	35	1.207	0.655	0.983	
c373_14_023	c373	14	23	1677	1271	40	28	0.966	1.379	0.448	c373_14_m0090|c373_14_m0091
c373_14_024	c373	14	24	1759	1256	24	50	1.724	0.828	0.310	
c373_14_025	c373	14	25	1822	1282	42	28	0.966	1.448	0.828	
c373_14_026	c373	14	26	1883	1289	24	24	0.828	0.828	1.000	
c373_14_027	c373	14	27	1923	1288	40	26	0.897	1.379	1.000	
c373_14_028	c373	14	28	1996	1270	54	65	2.241	1.862	1.052	
c373_14_029	c373	14	29	2047	1302	29	25	0.862	1.000	1.466	
c373_14_030	c373	14	30	2081	1302	29	24	0.828	1.000	1.448	
c373_14_031	c373	14	31	2098	1280	25	20	0.690	0.862	0.621	
c373_14_032	c373	14	32	2113	1302	36	52	1.793	1.241	1.931	c373_14_m0097
c373_14_033	c373	14	33	2170	1304	26	25	0.862	0.897	1.534	
c373_14_034	c373	14	34	2216	1309	30	30	1.034	1.034	1.793	
c373_14_035	c373	14	35	2268	1310	24	24	0.828	0.828	1.724	c373_14_m0092
c373_14_036	c373	14	36	2306	1312	15	19	0.655	0.517	1.707	
c373_14_037	c373	14	37	2332	1292	37	40	1.379	1.276	1.379	
c373_14_038	c373	14	38	2394	1318	3	16	0.552	0.103	1.862	
c373_15_001	c373	15	1	0	1346	5	47	1.621	0.172	-0.362	
c373_15_002	c373	15	2	22	1337	34	28	0.966	1.172	-1.000	c373_15_m0106
c373_15_003	c373	15	3	586	1402	52	11	0.379	1.793	0.948	c373_15_m0101|c373_15_m0102|c373_15_m0103|c373_15_m0104|c373_15_m0105|c373_15_m0107
c373_15_004	c373	15	4	638	1358	36	53	1.828	1.241	0.155	
c373_15_005	c373	15	5	701	1333	37	64	2.207	1.276	-0.517	c373_15_m0109
c373_15_006	c373	15	6	743	1355	36	60	2.069	1.241	0.172	
c373_15_007	c373	15	7	791	1333	46	44	1.517	1.586	-0.862	
c373_15_008	c373	15	8	842	1323	53	61	2.103	1.828	-0.914	
c373_15_009	c373	15	9	915	1360	51	35	1.207	1.759	-0.086	
c373_15_010	c373	15	10	1045	1338	134	50	1.724	4.621	-0.586	c373_15_m0108
c373_15_011	c373	15	11	1209	1359	55	29	1.000	1.897	-0.224	
c373_15_012	c373	15	12	1293	1363	53	67	2.310	1.828	0.569	
c373_15_013	c373	15	13	1367	1363	40	32	1.103	1.379	-0.034	
c373_15_014	c373	15	14	1445	1369	29	26	0.897	1.000	0.069	
c373_15_015	c373	15	15	1483	1371	26	25	0.862	0.897	0.121	
c373_15_016	c373	15	16	1532	1354	53	53	1.828	1.828	0.017	
c373_15_017	c373	15	17	1597	1380	17	33	1.138	0.586	0.569	
c373_15_018	c373	15	18	1635	1369	26	33	1.138	0.897	0.190	
c373_15_019	c373	15	19	1678	1358	48	42	1.448	1.655	-0.034	
c373_15_020	c373	15	20	1714	1367	30	26	0.897	1.034	0.000	
c373_15_021	c373	15	21	1759	1378	48	22	0.759	1.655	0.310	
c373_15_022	c373	15	22	1798	1351	40	39	1.345	1.379	-0.328	
c373_15_023	c373	15	23	1827	1381	30	24	0.828	1.034	0.448	
c373_15_024	c373	15	24	1867	1382	33	25	0.862	1.138	0.500	
c373_15_025	c373	15	25	1913	1387	21	25	0.862	0.724	0.672	
c373_15_026	c373	15	26	1945	1391	6	15	0.517	0.207	0.638	
c373_15_027	c373	15	27	1950	1364	39	59	2.034	1.345	0.466	
c373_15_028	c373	15	28	1993	1389	33	27	0.931	1.138	0.776	
c373_15_029	c373	15	29	2047	1371	42	46	1.586	1.448	0.483	
c373_15_030	c373	15	30	2084	1389	51	29	1.000	1.759	0.810	
c373_15_031	c373	15	31	2169	1399	26	25	0.862	0.897	1.086	
c373_15_032	c373	15	32	2208	1379	40	44	1.517	1.379	0.724	
c373_15_033	c373	15	33	2237	1403	26	25	0.862	0.897	1.224	
c373_15_034	c373	15	34	2284	1410	15	20	0.690	0.517	1.379	
c373_15_035	c373	15	35	2298	1318	8	21	0.724	0.276	-1.776	
c373_15_036	c373	15	36	2315	1409	19	22	0.759	0.655	1.379	
c373_15_037	c373	15	37	2348	1405	26	40	1.379	0.897	1.552	
c373_15_038	c373	15	38	2361	1312	22	25	0.862	0.759	-1.914	
c373_15_039	c373	15	39	2377	1406	23	26	0.897	0.793	1.345	
c373_15_040	c373	15	40	2398	1359	2	14	0.483	0.069	-0.483	
c373_16_001	c373	16	1	1	1512	7	11	0.379	0.241	1.431	
c373_16_002	c373	16	2	187	1498	14	18	0.621	0.483	1.069	
c373_16_003	c373	16	3	645	1455	21	34	1.172	0.724	-0.138	
c373_16_004	c373	16	4	694	1448	54	34	1.172	1.862	-0.379	
c373_16_005	c373	16	5	760	1455	31	23	0.793	1.069	-0.328	
c373_16_006	c373	16	6	813	1458	25	34	1.172	0.862	-0.034	
c373_16_007	c373	16	7	857	1434	38	48	1.655	1.310	-0.621	
c373_16_008	c373	16	8	904	1459	36	54	1.862	1.241	0.345	
c373_16_009	c373	16	9	955	1456	76	59	2.034	2.621	0.328	
c373_16_010	c373	16	10	1049	1456	34	24	0.828	1.172	-0.276	
c373_16_011	c373	16	11	1099	1458	27	26	0.897	0.931	-0.172	
c373_16_012	c373	16	12	1133	1454	27	25	0.862	0.931	-0.328	
c373_16_013	c373	16	13	1197	1442	40	71	2.448	1.379	0.052	
c373_16_014	c373	16	14	1258	1444	45	42	1.448	1.552	-0.379	
c373_16_015	c373	16	15	1307	1465	19	31	1.069	0.655	0.155	
c373_16_016	c373	16	16	1396	1463	47	39	1.345	1.621	0.224	
c373_16_017	c373	16	17	1461	1452	55	35	1.207	1.897	-0.224	
c373_16_018	c373	16	18	1516	1470	25	23	0.793	0.862	0.190	
c373_16_019	c373	16	19	1554	1469	22	28	0.966	0.759	0.241	
c373_16_020	c373	16	20	1566	1506	26	28	0.966	0.897	1.517	
c373_16_021	c373	16	21	1598	1440	51	74	2.552	1.759	0.034	
c373_16_022	c373	16	22	1643	1456	36	39	1.345	1.241	-0.017	
c373_16_023	c373	16	23	1672	1459	59	54	1.862	2.034	0.345	
c373_16_024	c373	16	24	1747	1476	24	23	0.793	0.828	0.397	
c373_16_025	c373	16	25	1780	1473	27	24	0.828	0.931	0.310	
c373_16_026	c373	16	26	1881	1463	39	45	1.552	1.345	0.328	
c373_16_027	c373	16	27	1921	1488	21	26	0.897	0.724	0.862	
c373_16_028	c373	16	28	1957	1478	36	61	2.103	1.241	1.121	
c373_16_029	c373	16	29	2009	1474	39	43	1.483	1.345	0.672	
c373_16_030	c373	16	30	2042	1493	33	52	1.793	1.138	1.483	
c373_16_031	c373	16	31	2089	1489	24	38	1.310	0.828	1.103	
c373_16_032	c373	16	32	2142	1494	26	27	0.931	0.897	1.086	
c373_16_033	c373	16	33	2196	1477	53	41	1.414	1.828	0.741	
c373_16_034	c373	16	34	2265	1465	47	78	2.690	1.621	0.966	
c373_16_035	c373	16	35	2310	1501	22	19	0.655	0.759	1.190	
c373_16_036	c373	16	36	2340	1499	21	20	0.690	0.724	1.138	
c373_16_037	c373	16	37	2372	1505	11	15	0.517	0.379	1.259	
c373_17_001	c373	17	1	630	1540	48	44	1.517	1.655	-0.552	c373_17_m0110|c373_17_m0122
c373_17_002	c373	17	2	706	1543	28	24	0.828	0.966	-0.793	
c373_17_003	c373	17	3	759	1544	21	31	1.069	0.724	-0.638	
c373_17_004	c373	17	4	801	1550	38	36	1.241	1.310	-0.345	
c373_17_005	c373	17	5	840	1520	16	24	0.828	0.552	-1.586	c373_17_m0112
c373_17_006	c373	17	6	850	1551	35	25	0.862	1.207	-0.500	
c373_17_007	c373	17	7	909	1530	46	46	1.586	1.586	-0.862	c373_17_m0120
c373_17_008	c373	17	8	953	1572	9	11	0.379	0.310	-0.017	c373_17_m0117
c373_17_009	c373	17	9	1006	1521	60	59	2.034	2.069	-0.948	c373_17_m0119
c373_17_010	c373	17	10	1131	1548	10	35	1.207	0.345	-0.431	c373_17_m0118
c373_17_011	c373	17	11	1142	1550	38	31	1.069	1.310	-0.431	
c373_17_012	c373	17	12	1197	1526	68	69	2.379	2.345	-0.603	
c373_17_013	c373	17	13	1263	1553	40	39	1.345	1.379	-0.190	
c373_17_014	c373	17	14	1326	1538	43	57	1.966	1.483	-0.397	
c373_17_015	c373	17	15	1379	1562	12	19	0.655	0.414	-0.224	c373_17_m0113|c373_17_m0116
c373_17_016	c373	17	16	1417	1540	58	51	1.759	2.000	-0.431	
c373_17_017	c373	17	17	1481	1562	36	36	1.241	1.241	0.069	
c373_17_018	c373	17	18	1532	1570	27	20	0.690	0.931	0.069	c373_17_m0114
c373_17_019	c373	17	19	1575	1572	20	29	1.000	0.690	0.293	
c373_17_020	c373	17	20	1613	1567	48	61	2.103	1.655	0.672	
c373_17_021	c373	17	21	1679	1559	53	30	1.034	1.828	-0.138	
c373_17_022	c373	17	22	1735	1572	21	36	1.241	0.724	0.414	
c373_17_023	c373	17	23	1781	1571	44	37	1.276	1.517	0.397	
c373_17_024	c373	17	24	1838	1541	53	71	2.448	1.828	-0.052	
c373_17_025	c373	17	25	1887	1570	25	24	0.828	0.862	0.138	
c373_17_026	c373	17	26	1932	1576	20	30	1.034	0.690	0.448	c373_17_m0111
c373_17_027	c373	17	27	1984	1590	24	42	1.448	0.828	1.138	
c373_17_028	c373	17	28	1999	1583	20	22	0.759	0.690	0.552	
c373_17_029	c373	17	29	2042	1576	45	30	1.034	1.552	0.448	
c373_17_030	c373	17	30	2095	1589	18	23	0.793	0.621	0.776	
c373_17_031	c373	17	31	2139	1588	25	35	1.207	0.862	0.948	
c373_17_032	c373	17	32	2176	1558	11	12	0.414	0.379	-0.483	
c373_17_033	c373	17	33	2194	1588	16	20	0.690	0.552	0.690	
c373_17_034	c373	17	34	2231	1585	15	21	0.724	0.517	0.603	
c373_17_035	c373	17	35	2249	1581	25	26	0.897	0.862	0.552	c373_17_m0115|c373_17_m0121
c373_17_036	c373	17	36	2283	1585	15	20	0.690	0.517	0.586	
c373_17_037	c373	17	37	2308	1583	18	22	0.759	0.621	0.552	
c373_17_038	c373	17	38	2339	1581	16	24	0.828	0.552	0.517	
c373_17_039	c373	17	39	2371	1586	15	33	1.138	0.517	0.845	
c373_17_040	c373	17	40	2386	1563	8	31	1.069	0.276	0.017	
c373_18_001	c373	18	1	639	1634	27	32	1.103	0.931	-0.448	c373_18_m0123
c373_18_002	c373	18	2	695	1648	20	22	0.759	0.690	-0.138	
c373_18_003	c373	18	3	736	1647	38	34	1.172	1.310	0.034	
c373_18_004	c373	18	4	799	1646	41	54	1.862	1.414	0.345	
c373_18_005	c373	18	5	853	1644	47	27	0.931	1.621	-0.190	
c373_18_006	c373	18	6	915	1650	24	22	0.759	0.828	-0.069	
c373_18_007	c373	18	7	947	1641	29	29	1.000	1.000	-0.259	
c373_18_008	c373	18	8	1011	1652	21	20	0.690	0.724	-0.034	
c373_18_009	c373	18	9	1031	1693	19	29	1.000	0.655	1.534	
c373_18_010	c373	18	10	1054	1618	55	77	2.655	1.897	-0.224	
c373_18_011	c373	18	11	1101	1646	27	24	0.828	0.931	-0.172	
c373_18_012	c373	18	12	1151	1650	18	29	1.000	0.621	0.052	
c373_18_013	c373	18	13	1193	1632	34	51	1.759	1.172	-0.190	
c373_18_014	c373	18	14	1255	1657	13	16	0.552	0.448	0.069	
c373_18_015	c373	18	15	1271	1651	37	20	0.690	1.276	-0.069	
c373_18_016	c373	18	16	1292	1619	38	34	1.172	1.310	-0.931	
c373_18_017	c373	18	17	1320	1632	65	51	1.759	2.241	-0.190	
c373_18_018	c373	18	18	1387	1629	92	93	3.207	3.172	0.431	
c373_18_019	c373	18	19	1487	1658	37	24	0.828	1.276	0.241	
c373_18_020	c373	18	20	1523	1648	16	10	0.345	0.552	-0.345	
c373_18_021	c373	18	21	1556	1661	49	55	1.897	1.690	0.879	
c373_18_022	c373	18	22	1628	1661	30	37	1.276	1.034	0.569	
c373_18_023	c373	18	23	1659	1637	14	31	1.069	0.483	-0.362	
c373_18_024	c373	18	24	1675	1651	8	45	1.552	0.276	0.362	
c373_18_025	c373	18	25	1684	1634	45	20	0.690	1.552	-0.655	
c373_18_026	c373	18	26	1739	1663	43	39	1.345	1.483	0.672	
c373_18_027	c373	18	27	1801	1678	11	13	0.448	0.379	0.741	
c373_18_028	c373	18	28	1804	1611	42	32	1.103	1.448	-1.241	
c373_18_029	c373	18	29	1842	1662	45	30	1.034	1.552	0.483	
c373_18_030	c373	18	30	1898	1670	43	35	1.207	1.483	0.845	
c373_18_031	c373	18	31	1956	1680	19	26	0.897	0.655	1.034	
c373_18_032	c373	18	32	2015	1683	7	14	0.483	0.241	0.931	c373_18_m0125
c373_18_033	c373	18	33	2023	1679	25	28	0.966	0.862	1.034	c373_18_m0124
c373_18_034	c373	18	34	2063	1703	8	13	0.448	0.276	1.603	
c373_18_035	c373	18	35	2067	1667	6	34	1.172	0.207	0.724	
c373_18_036	c373	18	36	2082	1683	12	21	0.724	0.414	1.052	
c373_18_037	c373	18	37	2093	1685	29	24	0.828	1.000	1.172	
c373_18_038	c373	18	38	2141	1680	24	25	0.862	0.828	1.017	
c373_18_039	c373	18	39	2177	1680	27	25	0.862	0.931	1.017	
c373_18_040	c373	18	40	2205	1681	35	48	1.655	1.207	1.448	
c373_18_041	c373	18	41	2253	1678	26	20	0.690	0.897	0.862	
c373_18_042	c373	18	42	2293	1675	24	26	0.897	0.828	0.862	
c373_18_043	c373	18	43	2333	1674	21	25	0.862	0.724	0.810	
c373_18_044	c373	18	44	2360	1651	40	87	3.000	1.379	1.086	
c373_19_001	c373	19	1	634	1742	39	34	1.172	1.345	-0.517	c373_19_m0131|c373_19_m0132
c373_19_002	c373	19	2	693	1745	30	22	0.759	1.034	-0.621	
c373_19_003	c373	19	3	729	1725	81	62	2.138	2.793	-0.621	
c373_19_004	c373	19	4	799	1746	47	49	1.690	1.621	-0.121	
c373_19_005	c373	19	5	853	1732	20	35	1.207	0.690	-0.845	
c373_19_006	c373	19	6	866	1769	47	17	0.586	1.621	0.121	c373_19_m0127
c373_19_007	c373	19	7	907	1744	39	40	1.379	1.345	-0.345	
c373_19_008	c373	19	8	965	1743	28	26	0.897	0.966	-0.621	
c373_19_009	c373	19	9	1003	1746	36	50	1.724	1.241	-0.103	
c373_19_010	c373	19	10	1066	1749	20	31	1.069	0.690	-0.328	
c373_19_011	c373	19	11	1117	1737	41	62	2.138	1.414	-0.207	
c373_19_012	c373	19	12	1177	1753	28	35	1.207	0.966	-0.121	
c373_19_013	c373	19	13	1228	1719	108	65	2.241	3.724	-0.776	
c373_19_014	c373	19	14	1349	1750	25	25	0.862	0.862	-0.397	
c373_19_015	c373	19	15	1389	1756	32	22	0.759	1.103	-0.241	c373_19_m0128
c373_19_016	c373	19	16	1434	1744	45	50	1.724	1.552	-0.172	c373_19_m0130
c373_19_017	c373	19	17	1478	1754	29	51	1.759	1.000	0.190	
c373_19_018	c373	19	18	1536	1747	48	32	1.103	1.655	-0.379	c373_19_m0134
c373_19_019	c373	19	19	1592	1758	19	38	1.310	0.655	0.103	
c373_19_020	c373	19	20	1636	1768	30	33	1.138	1.034	0.362	
c373_19_021	c373	19	21	1655	1802	27	12	0.414	0.931	1.172	
c373_19_022	c373	19	22	1708	1763	23	28	0.966	0.793	0.103	
c373_19_023	c373	19	23	1744	1756	32	38	1.310	1.103	0.034	
c373_19_024	c373	19	24	1783	1760	70	68	2.345	2.414	0.690	
c373_19_025	c373	19	25	1869	1768	22	27	0.931	0.759	0.259	
c373_19_026	c373	19	26	1897	1773	37	43	1.483	1.276	0.707	c373_19_m0135
c373_19_027	c373	19	27	1952	1775	19	33	1.138	0.655	0.603	
c373_19_028	c373	19	28	1994	1780	9	12	0.414	0.310	0.414	
c373_19_029	c373	19	29	2004	1775	23	20	0.690	0.793	0.379	
c373_19_030	c373	19	30	2041	1775	26	21	0.724	0.897	0.397	c373_19_m0126
c373_19_031	c373	19	31	2081	1779	39	18	0.621	1.345	0.483	
c373_19_032	c373	19	32	2118	1742	32	50	1.724	1.103	-0.241	
c373_19_033	c373	19	33	2142	1778	26	46	1.586	0.897	0.931	
c373_19_034	c373	19	34	2192	1756	36	40	1.379	1.241	0.069	
c373_19_035	c373	19	35	2235	1773	21	41	1.414	0.724	0.672	
c373_19_036	c373	19	36	2267	1749	14	48	1.655	0.483	-0.034	
c373_19_037	c373	19	37	2282	1768	13	30	1.034	0.448	0.310	c373_19_m0133
c373_19_038	c373	19	38	2295	1773	6	10	0.345	0.207	0.138	
c373_19_039	c373	19	39	2312	1766	17	20	0.690	0.586	0.069	
c373_19_040	c373	19	40	2332	1760	17	21	0.724	0.586	-0.121	
c373_19_041	c373	19	41	2360	1725	19	59	2.034	0.655	-0.672	
c373_19_042	c373	19	42	2385	1760	8	27	0.931	0.276	-0.017	c373_19_m0129
c373_20_001	c373	20	1	629	1845	16	16	0.552	0.552	-0.138	c373_20_m0136
c373_20_002	c373	20	2	661	1827	38	47	1.621	1.310	-0.224	
c373_20_003	c373	20	3	705	1815	59	58	2.000	2.034	-0.448	
c373_20_004	c373	20	4	768	1843	15	29	1.000	0.517	0.017	
c373_20_005	c373	20	5	803	1832	49	31	1.069	1.690	-0.328	
c373_20_006	c373	20	6	838	1814	76	95	3.276	2.621	0.155	
c373_20_007	c373	20	7	916	1842	18	22	0.759	0.621	-0.138	c373_20_m0137
c373_20_008	c373	20	8	948	1842	36	23	0.793	1.241	-0.121	
c373_20_009	c373	20	9	1004	1844	27	21	0.724	0.931	-0.086	c373_20_m0139
c373_20_010	c373	20	10	1036	1843	37	48	1.655	1.276	0.345	
c373_20_011	c373	20	11	1086	1822	35	40	1.379	1.207	-0.517	
c373_20_012	c373	20	12	1125	1819	62	54	1.862	2.138	-0.379	
c373_20_013	c373	20	13	1204	1830	28	42	1.448	0.966	-0.207	
c373_20_014	c373	20	14	1259	1848	52	20	0.690	1.793	0.034	
c373_20_015	c373	20	15	1339	1847	25	23	0.793	0.862	0.052	
c373_20_016	c373	20	16	1377	1852	20	34	1.172	0.690	0.414	
c373_20_017	c373	20	17	1416	1853	9	9	0.310	0.310	0.017	
c373_20_018	c373	20	18	1422	1864	9	11	0.379	0.310	0.431	
c373_20_019	c373	20	19	1456	1825	49	53	1.828	1.690	-0.190	
c373_20_020	c373	20	20	1559	1851	23	26	0.897	0.793	0.241	
c373_20_021	c373	20	21	1612	1846	70	34	1.172	2.414	0.207	
c373_20_022	c373	20	22	1693	1866	19	18	0.621	0.655	0.621	
c373_20_023	c373	20	23	1724	1863	25	22	0.759	0.862	0.586	c373_20_m0140
c373_20_024	c373	20	24	1775	1853	53	34	1.172	1.828	0.448	
c373_20_025	c373	20	25	1824	1870	18	29	1.000	0.621	0.948	
c373_20_026	c373	20	26	1859	1853	44	46	1.586	1.517	0.655	
c373_20_027	c373	20	27	1910	1866	27	21	0.724	0.931	0.672	
c373_20_028	c373	20	28	1952	1869	95	49	1.690	3.276	1.259	
c373_20_029	c373	20	29	1987	1795	32	41	1.414	1.103	-1.431	
c373_20_030	c373	20	30	2068	1864	23	22	0.759	0.793	0.621	
c373_20_031	c373	20	31	2124	1871	22	26	0.897	0.759	0.931	
c373_20_032	c373	20	32	2159	1863	23	27	0.931	0.793	0.672	
c373_20_033	c373	20	33	2198	1866	24	42	1.448	0.828	1.034	
c373_20_034	c373	20	34	2237	1858	16	26	0.897	0.552	0.483	
c373_20_035	c373	20	35	2306	1854	19	26	0.897	0.655	0.345	c373_20_m0138
c373_20_036	c373	20	36	2342	1862	14	13	0.448	0.483	0.397	
c373_20_037	c373	20	37	2357	1860	15	53	1.828	0.517	1.017	
c373_20_038	c373	20	38	2373	1852	5	12	0.414	0.172	0.034	
c373_20_039	c373	20	39	2382	1848	12	31	1.069	0.414	0.224	
c373_21_001	c373	21	1	623	1934	29	22	0.759	1.000	-0.345	
c373_21_002	c373	21	2	670	1935	17	25	0.862	0.586	-0.259	
c373_21_003	c373	21	3	716	1929	42	30	1.034	1.448	-0.379	
c373_21_004	c373	21	4	775	1928	74	60	2.069	2.552	0.103	
c373_21_005	c373	21	5	863	1921	42	53	1.828	1.448	-0.259	
c373_21_006	c373	21	6	905	1963	21	25	0.862	0.724	0.707	
c373_21_007	c373	21	7	925	1936	15	17	0.586	0.517	-0.362	
c373_21_008	c373	21	8	957	1922	20	37	1.276	0.690	-0.500	c373_21_m0141
c373_21_009	c373	21	9	989	1921	21	25	0.862	0.724	-0.741	
c373_21_010	c373	21	10	1011	1912	49	53	1.828	1.690	-0.569	
c373_21_011	c373	21	11	1088	1932	27	30	1.034	0.931	-0.276	
c373_21_012	c373	21	12	1148	1941	39	33	1.138	1.345	0.086	
c373_21_013	c373	21	13	1202	1947	19	22	0.759	0.655	0.103	
c373_21_014	c373	21	14	1240	1943	26	23	0.793	0.897	-0.017	
c373_21_015	c373	21	15	1280	1944	31	53	1.828	1.069	0.534	
c373_21_016	c373	21	16	1329	1939	19	27	0.931	0.655	-0.086	
c373_21_017	c373	21	17	1382	1944	32	48	1.655	1.103	0.448	
c373_21_018	c373	21	18	1407	1898	41	74	2.552	1.414	-0.690	
c373_21_019	c373	21	19	1464	1935	25	28	0.966	0.862	-0.207	
c373_21_020	c373	21	20	1514	1932	20	35	1.207	0.690	-0.190	
c373_21_021	c373	21	21	1545	1930	47	52	1.793	1.621	0.034	c373_21_m0142
c373_21_022	c373	21	22	1597	1952	33	28	0.966	1.138	0.379	
c373_21_023	c373	21	23	1646	1950	25	22	0.759	0.862	0.207	
c373_21_024	c373	21	24	1690	1919	74	97	3.345	2.552	0.431	
c373_21_025	c373	21	25	1773	1954	18	20	0.690	0.621	0.310	c373_21_m0143
c373_21_026	c373	21	26	1807	1959	11	20	0.690	0.379	0.483	
c373_21_027	c373	21	27	1852	1948	36	34	1.172	1.241	0.345	
c373_21_028	c373	21	28	1910	1955	27	29	1.000	0.931	0.500	
c373_21_029	c373	21	29	1951	1965	19	28	0.966	0.655	0.828	
c373_21_030	c373	21	30	1990	1965	23	36	1.241	0.793	0.966	
c373_21_031	c373	21	31	2020	1945	59	73	2.517	2.034	0.914	
c373_21_032	c373	21	32	2075	1908	49	12	0.414	1.690	-1.414	
c373_21_033	c373	21	33	2096	1973	24	20	0.690	0.828	0.966	
c373_21_034	c373	21	34	2130	1968	25	41	1.414	0.862	1.155	
c373_21_035	c373	21	35	2175	1971	13	29	1.000	0.448	1.052	
c373_21_036	c373	21	36	2255	1963	25	24	0.828	0.862	0.690	
c373_21_037	c373	21	37	2286	1948	22	35	1.207	0.759	0.362	
c373_21_038	c373	21	38	2319	1959	40	19	0.655	1.379	0.466	
c373_21_039	c373	21	39	2364	1925	23	60	2.069	0.793	0.000	
c373_22_001	c373	22	1	624	2040	39	21	0.724	1.345	-0.224	c373_22_m0144
c373_22_002	c373	22	2	694	2028	48	33	1.138	1.655	-0.431	
c373_22_003	c373	22	3	754	2034	25	24	0.828	0.862	-0.379	
c373_22_004	c373	22	4	797	2010	65	57	1.966	2.241	-0.638	
c373_22_005	c373	22	5	855	2033	21	23	0.793	0.724	-0.431	c373_22_m0145|c373_22_m0146
c373_22_006	c373	22	6	952	2036	33	21	0.724	1.138	-0.362	
c373_22_007	c373	22	7	996	2035	28	23	0.793	0.966	-0.362	
c373_22_008	c373	22	8	1046	2033	64	18	0.621	2.207	-0.517	
c373_22_009	c373	22	9	1132	2038	34	36	1.241	1.172	-0.034	
c373_22_010	c373	22	10	1165	2007	17	35	1.207	0.586	-1.121	
c373_22_011	c373	22	11	1190	2030	15	24	0.828	0.517	-0.517	
c373_22_012	c373	22	12	1229	2036	28	85	2.931	0.966	0.741	
c373_22_013	c373	22	13	1271	2027	35	32	1.103	1.207	-0.483	
c373_22_014	c373	22	14	1327	2031	20	27	0.931	0.690	-0.431	
c373_22_015	c373	22	15	1362	2030	32	31	1.069	1.103	-0.397	
c373_22_016	c373	22	16	1410	2036	35	29	1.000	1.207	-0.224	
c373_22_017	c373	22	17	1472	2051	7	30	1.034	0.241	0.310	
c373_22_018	c373	22	18	1479	2044	11	33	1.138	0.379	0.121	
c373_22_019	c373	22	19	1508	2022	47	57	1.966	1.621	-0.224	
c373_22_020	c373	22	20	1559	2049	19	37	1.276	0.655	0.362	
c373_22_021	c373	22	21	1599	2045	69	22	0.759	2.379	-0.034	
c373_22_022	c373	22	22	1687	2039	27	25	0.862	0.931	-0.190	
c373_22_023	c373	22	23	1732	2049	16	29	1.000	0.552	0.224	
c373_22_024	c373	22	24	1760	2019	60	59	2.034	2.069	-0.293	
c373_22_025	c373	22	25	1831	2029	31	39	1.345	1.069	-0.293	
c373_22_026	c373	22	26	1874	2052	31	21	0.724	1.069	0.190	
c373_22_027	c373	22	27	1917	2057	18	33	1.138	0.621	0.569	
c373_22_028	c373	22	28	1952	2061	8	21	0.724	0.276	0.500	
c373_22_029	c373	22	29	2008	2056	27	21	0.724	0.931	0.328	
c373_22_030	c373	22	30	2048	2031	77	95	3.276	2.655	0.741	
c373_22_031	c373	22	31	2120	2062	28	40	1.379	0.966	0.862	
c373_22_032	c373	22	32	2166	2062	21	18	0.621	0.724	0.483	
c373_22_033	c373	22	33	2199	2060	28	21	0.724	0.966	0.466	
c373_22_034	c373	22	34	2240	2052	36	28	0.966	1.241	0.310	
c373_22_035	c373	22	35	2289	2055	14	24	0.828	0.483	0.345	
c373_22_036	c373	22	36	2308	2054	23	20	0.690	0.793	0.241	
c373_22_037	c373	22	37	2341	2048	21	25	0.862	0.724	0.121	
c373_22_038	c373	22	38	2371	2044	10	20	0.690	0.345	-0.103	
c373_23_001	c373	23	1	608	2124	37	45	1.552	1.276	-0.155	
c373_23_002	c373	23	2	667	2129	5	15	0.517	0.172	-0.500	
c373_23_003	c373	23	3	671	2129	13	17	0.586	0.448	-0.466	c373_23_m0147
c373_23_004	c373	23	4	714	2118	40	28	0.966	1.379	-0.655	
c373_23_005	c373	23	5	787	2122	67	55	1.897	2.310	-0.052	
c373_23_006	c373	23	6	865	2132	27	30	1.034	0.931	-0.138	
c373_23_007	c373	23	7	914	2109	38	54	1.862	1.310	-0.517	
c373_23_008	c373	23	8	959	2133	25	51	1.759	0.862	0.259	
c373_23_009	c373	23	9	1013	2134	23	19	0.655	0.793	-0.259	
c373_23_010	c373	23	10	1058	2130	18	21	0.724	0.621	-0.362	
c373_23_011	c373	23	11	1078	2123	25	28	0.966	0.862	-0.483	
c373_23_012	c373	23	12	1118	2129	41	33	1.138	1.414	-0.190	
c373_23_013	c373	23	13	1170	2135	21	17	0.586	0.724	-0.259	c373_23_m0148
c373_23_014	c373	23	14	1212	2133	29	25	0.862	1.000	-0.190	
c373_23_015	c373	23	15	1258	2139	22	18	0.621	0.759	-0.103	
c373_23_016	c373	23	16	1297	2136	32	23	0.793	1.103	-0.121	
c373_23_017	c373	23	17	1352	2127	48	35	1.207	1.655	-0.224	
c373_23_018	c373	23	18	1406	2140	16	23	0.793	0.552	0.017	
c373_23_019	c373	23	19	1464	2142	26	22	0.759	0.897	0.069	
c373_23_020	c373	23	20	1495	2148	18	16	0.552	0.621	0.172	
c373_23_021	c373	23	21	1536	2145	28	22	0.759	0.966	0.172	
c373_23_022	c373	23	22	1581	2149	21	37	1.276	0.724	0.569	
c373_23_023	c373	23	23	1624	2125	55	56	1.931	1.897	0.069	
c373_23_024	c373	23	24	1673	2146	35	29	1.000	1.207	0.328	
c373_23_025	c373	23	25	1731	2151	20	24	0.828	0.690	0.414	
c373_23_026	c373	23	26	1763	2146	34	26	0.897	1.172	0.276	
c373_23_027	c373	23	27	1827	2150	23	32	1.103	0.793	0.517	
c373_23_028	c373	23	28	1855	2130	9	17	0.586	0.310	-0.431	
c373_23_029	c373	23	29	1856	2185	19	26	0.897	0.655	1.621	
c373_23_030	c373	23	30	1875	2173	11	17	0.586	0.379	1.052	
c373_23_031	c373	23	31	1881	2116	43	69	2.379	1.483	-0.017	
c373_23_032	c373	23	32	1922	2136	51	37	1.276	1.759	0.121	
c373_23_033	c373	23	33	1964	2194	37	13	0.448	1.276	1.707	
c373_23_034	c373	23	34	1997	2148	33	49	1.690	1.138	0.741	
c373_23_035	c373	23	35	2044	2160	22	24	0.828	0.759	0.724	
c373_23_036	c373	23	36	2091	2158	24	37	1.276	0.828	0.879	
c373_23_037	c373	23	37	2107	2139	23	37	1.276	0.793	0.224	
c373_23_038	c373	23	38	2124	2125	59	87	3.000	2.034	0.603	
c373_23_039	c373	23	39	2177	2147	25	22	0.759	0.862	0.241	
c373_23_040	c373	23	40	2209	2153	15	19	0.655	0.517	0.397	
c373_23_041	c373	23	41	2237	2152	24	22	0.759	0.828	0.414	
c373_23_042	c373	23	42	2274	2153	17	46	1.586	0.586	0.862	
c373_23_043	c373	23	43	2308	2118	44	55	1.897	1.517	-0.190	
c373_23_044	c373	23	44	2363	2126	17	28	0.966	0.586	-0.379	
c373_24_001	c373	24	1	616	2222	15	27	0.931	0.517	-0.810	c373_24_m0151
c373_24_002	c373	24	2	632	2218	24	28	0.966	0.828	-0.931	
c373_24_003	c373	24	3	688	2223	26	21	0.724	0.897	-0.879	
c373_24_004	c373	24	4	729	2222	21	25	0.862	0.724	-0.845	c373_24_m0149|c373_24_m0150
c373_24_005	c373	24	5	789	2230	26	35	1.207	0.897	-0.397	
c373_24_006	c373	24	6	817	2200	76	95	3.276	2.621	-0.397	
c373_24_007	c373	24	7	892	2229	11	20	0.690	0.379	-0.690	
c373_24_008	c373	24	8	900	2244	18	8	0.276	0.621	-0.379	
c373_24_009	c373	24	9	928	2228	38	49	1.690	1.310	-0.224	
c373_24_010	c373	24	10	984	2225	27	24	0.828	0.931	-0.759	
c373_24_011	c373	24	11	1025	2225	34	24	0.828	1.172	-0.759	
c373_24_012	c373	24	12	1075	2214	21	34	1.172	0.724	-0.966	
c373_24_013	c373	24	13	1114	2220	49	33	1.138	1.690	-0.776	
c373_24_014	c373	24	14	1173	2233	16	28	0.966	0.552	-0.414	
c373_24_015	c373	24	15	1216	2233	25	23	0.793	0.862	-0.500	
c373_24_016	c373	24	16	1274	2234	11	35	1.207	0.379	-0.259	
c373_24_017	c373	24	17	1309	2236	27	22	0.759	0.931	-0.414	
c373_24_018	c373	24	18	1354	2240	32	28	0.966	1.103	-0.172	
c373_24_019	c373	24	19	1407	2245	25	22	0.759	0.862	-0.103	
c373_24_020	c373	24	20	1452	2243	8	14	0.483	0.276	-0.310	
c373_24_021	c373	24	21	1468	2233	26	34	1.172	0.897	-0.310	
c373_24_022	c373	24	22	1508	2225	46	50	1.724	1.586	-0.310	
c373_24_023	c373	24	23	1564	2247	9	9	0.310	0.310	-0.259	
c373_24_024	c373	24	24	1597	2248	29	56	1.931	1.000	0.586	
c373_24_025	c373	24	25	1647	2235	60	34	1.172	2.069	-0.241	
c373_24_026	c373	24	26	1716	2251	19	34	1.172	0.655	0.310	
c373_24_027	c373	24	27	1757	2228	53	60	2.069	1.828	-0.034	
c373_24_028	c373	24	28	1810	2227	38	55	1.897	1.310	-0.155	
c373_24_029	c373	24	29	1856	2226	41	58	2.000	1.414	-0.138	
c373_24_030	c373	24	30	1897	2231	68	60	2.069	2.345	0.069	
c373_24_031	c373	24	31	1964	2250	36	38	1.310	1.241	0.345	
c373_24_032	c373	24	32	2015	2238	41	40	1.379	1.414	-0.034	
c373_24_033	c373	24	33	2054	2256	21	33	1.138	0.724	0.466	
c373_24_034	c373	24	34	2085	2248	38	43	1.483	1.310	0.362	c373_24_m0153
c373_24_035	c373	24	35	2116	2260	20	24	0.828	0.690	0.448	c373_24_m0152
c373_24_036	c373	24	36	2146	2253	70	34	1.172	2.414	0.379	
c373_24_037	c373	24	37	2231	2254	50	43	1.483	1.724	0.569	
c373_24_038	c373	24	38	2296	2248	29	29	1.000	1.000	0.121	
c373_24_039	c373	24	39	2343	2220	28	84	2.897	0.966	0.103	
c373_25_001	c373	25	1	614	2312	28	28	0.966	0.966	-0.517	
c373_25_002	c373	25	2	677	2323	32	27	0.931	1.103	-0.155	
c373_25_003	c373	25	3	726	2328	26	23	0.793	0.897	-0.052	
c373_25_004	c373	25	4	759	2304	66	54	1.862	2.276	-0.345	
c373_25_005	c373	25	5	821	2325	35	43	1.483	1.207	0.190	
c373_25_006	c373	25	6	872	2327	19	21	0.724	0.655	-0.121	
c373_25_007	c373	25	7	904	2320	23	22	0.759	0.793	-0.345	
c373_25_008	c373	25	8	948	2319	25	27	0.931	0.862	-0.293	
c373_25_009	c373	25	9	992	2320	51	33	1.138	1.759	-0.155	
c373_25_010	c373	25	10	1049	2368	25	8	0.276	0.862	1.069	
c373_25_011	c373	25	11	1066	2320	37	54	1.862	1.276	0.207	
c373_25_012	c373	25	12	1128	2313	29	38	1.310	1.000	-0.310	
c373_25_013	c373	25	13	1176	2331	25	20	0.690	0.862	0.000	
c373_25_014	c373	25	14	1215	2327	25	23	0.793	0.862	-0.086	
c373_25_015	c373	25	15	1267	2323	26	29	1.000	0.897	-0.121	
c373_25_016	c373	25	16	1304	2334	72	49	1.690	2.483	0.603	c373_25_m0155
c373_25_017	c373	25	17	1402	2332	35	28	0.966	1.207	0.172	
c373_25_018	c373	25	18	1453	2324	29	48	1.655	1.000	0.241	
c373_25_019	c373	25	19	1503	2322	37	41	1.414	1.276	0.052	
c373_25_020	c373	25	20	1547	2340	49	27	0.931	1.690	0.431	
c373_25_021	c373	25	21	1612	2349	31	28	0.966	1.069	0.759	
c373_25_022	c373	25	22	1654	2349	25	32	1.103	0.862	0.828	
c373_25_023	c373	25	23	1696	2341	20	32	1.103	0.690	0.552	
c373_25_024	c373	25	24	1733	2352	17	23	0.793	0.586	0.776	
c373_25_025	c373	25	25	1749	2346	32	34	1.172	1.103	0.759	
c373_25_026	c373	25	26	1803	2352	31	31	1.069	1.069	0.914	
c373_25_027	c373	25	27	1825	2284	49	40	1.379	1.690	-1.276	c373_25_m0154
c373_25_028	c373	25	28	1854	2363	31	43	1.483	1.069	1.500	
c373_25_029	c373	25	29	1915	2375	8	9	0.310	0.276	1.328	
c373_25_030	c373	25	30	1955	2359	32	29	1.000	1.103	1.121	
c373_25_031	c373	25	31	2006	2363	21	28	0.966	0.724	1.241	
c373_25_032	c373	25	32	2056	2369	11	18	0.621	0.379	1.276	
c373_25_033	c373	25	33	2093	2366	27	25	0.862	0.931	1.293	
c373_25_034	c373	25	34	2232	2360	26	30	1.034	0.897	1.172	
c373_25_035	c373	25	35	2261	2344	33	52	1.793	1.138	1.000	
c373_25_036	c373	25	36	2309	2358	19	22	0.759	0.655	0.966	
c373_25_037	c373	25	37	2337	2359	12	17	0.586	0.414	0.914	
c373_25_038	c373	25	38	2357	2345	13	21	0.724	0.448	0.500	
c373_25_039	c373	25	39	2376	2345	5	20	0.690	0.172	0.483	
c373_26_001	c373	26	1	602	2521	22	26	0.897	0.759	3.276	
c373_26_002	c373	26	2	604	2390	58	86	2.966	2.000	-0.207	
c373_26_003	c373	26	3	641	2518	41	44	1.517	1.414	3.483	
c373_26_004	c373	26	4	670	2527	53	51	1.759	1.828	3.914	
c373_26_005	c373	26	5	684	2418	23	28	0.966	0.793	-0.241	
c373_26_006	c373	26	6	690	2503	47	50	1.724	1.621	3.069	
c373_26_007	c373	26	7	727	2441	7	9	0.310	0.241	0.224	
c373_26_008	c373	26	8	740	2528	26	22	0.759	0.897	3.448	
c373_26_009	c373	26	9	764	2428	33	55	1.897	1.138	0.569	
c373_26_010	c373	26	10	777	2526	34	25	0.862	1.172	3.431	
c373_26_011	c373	26	11	795	2393	58	88	3.034	2.000	-0.069	
c373_26_012	c373	26	12	837	2535	28	25	0.862	0.966	3.741	
c373_26_013	c373	26	13	858	2426	12	21	0.724	0.414	-0.086	
c373_26_014	c373	26	14	872	2420	28	31	1.069	0.966	-0.121	
c373_26_015	c373	26	15	884	2541	25	23	0.793	0.862	3.914	
c373_26_016	c373	26	16	885	2421	66	61	2.103	2.276	0.431	
c373_26_017	c373	26	17	923	2533	22	24	0.828	0.759	3.655	
c373_26_018	c373	26	18	941	2440	7	9	0.310	0.241	0.190	
c373_26_019	c373	26	19	944	2470	24	8	0.276	0.828	1.207	
c373_26_020	c373	26	20	966	2514	73	61	2.103	2.517	3.638	
c373_26_021	c373	26	21	970	2431	32	44	1.517	1.103	0.483	
c373_26_022	c373	26	22	1022	2429	73	17	0.586	2.517	-0.052	
c373_26_023	c373	26	23	1025	2542	25	22	0.759	0.862	3.931	
c373_26_024	c373	26	24	1076	2539	28	29	1.000	0.966	3.948	
c373_26_025	c373	26	25	1117	2541	32	35	1.207	1.103	4.121	
c373_26_026	c373	26	26	1124	2429	29	41	1.414	1.000	0.362	
c373_26_027	c373	26	27	1149	2400	27	37	1.276	0.931	-0.707	
c373_26_028	c373	26	28	1149	2517	15	30	1.034	0.517	3.207	
c373_26_029	c373	26	29	1163	2541	28	37	1.276	0.966	4.155	
c373_26_030	c373	26	30	1170	2439	4	9	0.310	0.138	0.155	
c373_26_031	c373	26	31	1197	2426	36	55	1.897	1.241	0.500	
c373_26_032	c373	26	32	1212	2529	20	37	1.276	0.690	3.741	
c373_26_033	c373	26	33	1220	2548	9	9	0.310	0.310	3.914	
c373_26_034	c373	26	34	1251	2430	16	22	0.759	0.552	0.069	
c373_26_035	c373	26	35	1252	2515	45	63	2.172	1.552	3.707	
c373_26_036	c373	26	36	1267	2432	6	14	0.483	0.207	0.000	
c373_26_037	c373	26	37	1297	2431	35	47	1.621	1.207	0.534	
c373_26_038	c373	26	38	1297	2543	15	24	0.828	0.517	4.000	
c373_26_039	c373	26	39	1314	2537	30	36	1.241	1.034	4.000	
c373_26_040	c373	26	40	1355	2532	36	38	1.310	1.241	3.862	
c373_26_041	c373	26	41	1404	2433	38	44	1.517	1.310	0.552	
c373_26_042	c373	26	42	1408	2534	32	44	1.517	1.103	4.034	
c373_26_043	c373	26	43	1458	2551	28	26	0.897	0.966	4.310	
c373_26_044	c373	26	44	1464	2420	42	39	1.345	1.448	0.017	
c373_26_045	c373	26	45	1499	2556	30	22	0.759	1.034	4.414	
c373_26_046	c373	26	46	1514	2442	23	23	0.793	0.793	0.500	
c373_26_047	c373	26	47	1530	2412	63	97	3.345	2.172	0.741	
c373_26_048	c373	26	48	1548	2549	19	25	0.862	0.655	4.224	
c373_26_049	c373	26	49	1594	2553	28	23	0.793	0.966	4.328	
c373_26_050	c373	26	50	1609	2426	33	41	1.414	1.138	0.259	
c373_26_051	c373	26	51	1642	2549	50	29	1.000	1.724	4.293	
c373_26_052	c373	26	52	1661	2433	46	38	1.310	1.586	0.448	
c373_26_053	c373	26	53	1701	2563	23	15	0.517	0.793	4.534	
c373_26_054	c373	26	54	1710	2454	21	32	1.103	0.724	1.069	
c373_26_055	c373	26	55	1744	2556	28	22	0.759	0.966	4.414	
c373_26_056	c373	26	56	1755	2454	35	22	0.759	1.207	0.897	
c373_26_057	c373	26	57	1790	2427	36	40	1.379	1.241	0.276	
c373_26_058	c373	26	58	1791	2559	33	19	0.655	1.138	4.466	
c373_26_059	c373	26	59	1795	2399	56	15	0.517	1.931	-1.121	
c373_26_060	c373	26	60	1824	2448	44	33	1.138	1.517	0.879	
c373_26_061	c373	26	61	1855	2553	47	25	0.862	1.621	4.362	
c373_26_062	c373	26	62	1870	2456	37	25	0.862	1.276	1.017	
c373_26_063	c373	26	63	1900	2565	23	13	0.448	0.793	4.569	
c373_26_064	c373	26	64	1914	2436	47	46	1.586	1.621	0.690	
c373_26_065	c373	26	65	1935	2564	35	14	0.483	1.207	4.552	
c373_26_066	c373	26	66	1951	2462	25	32	1.103	0.862	1.345	
c373_26_067	c373	26	67	1990	2465	11	25	0.862	0.379	1.328	
c373_26_068	c373	26	68	1996	2567	18	11	0.379	0.621	4.603	
c373_26_069	c373	26	69	2040	2409	8	19	0.655	0.276	-0.707	c373_26_m0156
c373_26_070	c373	26	70	2040	2538	53	40	1.379	1.828	4.103	
c373_26_071	c373	26	71	2043	2459	24	28	0.966	0.828	1.172	
c373_26_072	c373	26	72	2058	2568	15	10	0.345	0.517	4.621	
c373_26_073	c373	26	73	2088	2568	27	10	0.345	0.931	4.621	
c373_26_074	c373	26	74	2093	2458	35	39	1.345	1.207	1.328	
c373_26_075	c373	26	75	2099	2363	61	60	2.069	2.103	-1.586	
c373_26_076	c373	26	76	2140	2564	20	14	0.483	0.690	4.552	
c373_26_077	c373	26	77	2148	2448	47	33	1.138	1.621	0.879	
c373_26_078	c373	26	78	2183	2569	22	9	0.310	0.759	4.638	
c373_26_079	c373	26	79	2199	2460	17	28	0.966	0.586	1.207	
c373_26_080	c373	26	80	2231	2486	13	20	0.690	0.448	1.966	
c373_26_081	c373	26	81	2237	2565	8	13	0.448	0.276	4.569	
c373_26_082	c373	26	82	2248	2458	10	18	0.621	0.345	0.966	
c373_26_083	c373	26	83	2250	2554	25	24	0.828	0.862	4.379	
c373_26_084	c373	26	84	2278	2456	18	19	0.655	0.621	0.914	
c373_26_085	c373	26	85	2284	2563	15	15	0.517	0.517	4.534	
c373_26_086	c373	26	86	2314	2444	29	28	0.966	1.000	0.655	
c373_26_087	c373	26	87	2316	2556	15	22	0.759	0.517	4.414	
c373_26_088	c373	26	88	2330	2561	7	9	0.310	0.241	4.362	
c373_26_089	c373	26	89	2346	2525	15	53	1.828	0.517	3.879	
c373_26_090	c373	26	90	2352	2441	14	20	0.690	0.483	0.414	
c373_26_091	c373	26	91	2373	2435	7	22	0.759	0.241	0.241	
c374_01_001	c374	1	1	280	32	29	21	0.656	0.906	-0.984	
c374_01_002	c374	1	2	334	39	22	19	0.594	0.688	-0.797	
c374_01_003	c374	1	3	378	39	20	18	0.562	0.625	-0.812	
c374_01_004	c374	1	4	418	35	26	21	0.656	0.812	-0.891	
c374_01_005	c374	1	5	450	109	15	10	0.312	0.469	1.250	
c374_01_006	c374	1	6	454	38	39	35	1.094	1.219	-0.578	
c374_01_007	c374	1	7	493	16	11	23	0.719	0.344	-1.453	
c374_01_008	c374	1	8	516	36	22	19	0.594	0.688	-0.891	
c374_01_009	c374	1	9	561	37	13	20	0.625	0.406	-0.844	
c374_01_010	c374	1	10	586	28	36	32	1.000	1.125	-0.938	
c374_01_011	c374	1	11	651	41	29	42	1.312	0.906	-0.375	
c374_01_012	c374	1	12	674	0	37	29	0.906	1.156	-1.859	c374_01_m0004
c374_01_013	c374	1	13	682	80	30	13	0.406	0.938	0.391	
c374_01_014	c374	1	14	736	42	16	25	0.781	0.500	-0.609	
c374_01_015	c374	1	15	762	98	37	65	2.031	1.156	1.766	c374_01_m0003
c374_01_016	c374	1	16	778	21	49	57	1.781	1.531	-0.766	
c374_01_017	c374	1	17	833	17	50	52	1.625	1.562	-0.969	c374_01_m0005
c374_01_018	c374	1	18	893	40	29	29	0.906	0.906	-0.609	
c374_01_019	c374	1	19	930	54	17	12	0.375	0.531	-0.438	
c374_01_020	c374	1	20	945	105	35	21	0.656	1.094	1.297	
c374_01_021	c374	1	21	975	18	47	86	2.688	1.469	-0.406	
c374_01_022	c374	1	22	1019	50	23	21	0.656	0.719	-0.422	
c374_01_023	c374	1	23	1075	51	9	21	0.656	0.281	-0.391	c374_01_m0009
c374_01_024	c374	1	24	1112	52	7	28	0.875	0.219	-0.250	
c374_01_025	c374	1	25	1122	57	29	25	0.781	0.906	-0.141	c374_01_m0002
c374_01_026	c374	1	26	1167	58	27	25	0.781	0.844	-0.109	
c374_01_027	c374	1	27	1206	58	37	25	0.781	1.156	-0.109	
c374_01_028	c374	1	28	1261	55	17	26	0.812	0.531	-0.188	c374_01_m0001|c374_01_m0006
c374_01_029	c374	1	29	1288	58	29	23	0.719	0.906	-0.141	
c374_01_030	c374	1	30	1354	58	19	32	1.000	0.594	0.000	c374_01_m0008
c374_01_031	c374	1	31	1398	67	32	19	0.594	1.000	0.078	
c374_01_032	c374	1	32	1441	61	30	34	1.062	0.938	0.125	
c374_01_033	c374	1	33	1484	70	13	38	1.188	0.406	0.469	
c374_01_034	c374	1	34	1497	69	17	14	0.438	0.531	0.062	
c374_01_035	c374	1	35	1532	59	18	23	0.719	0.562	-0.109	c374_01_m0007
c374_01_036	c374	1	36	1564	60	26	25	0.781	0.812	-0.047	
c374_01_037	c374	1	37	1602	62	38	22	0.688	1.188	-0.031	
c374_01_038	c374	1	38	1668	64	12	19	0.594	0.375	-0.016	
c374_01_039	c374	1	39	1683	59	30	30	0.938	0.938	0.000	
c374_01_040	c374	1	40	1712	58	65	72	2.250	2.031	0.625	
c374_01_041	c374	1	41	1797	73	27	24	0.750	0.844	0.344	
c374_01_042	c374	1	42	1827	115	39	9	0.281	1.219	1.422	
c374_01_043	c374	1	43	1847	68	40	46	1.438	1.250	0.531	
c374_01_044	c374	1	44	1951	67	42	29	0.906	1.312	0.234	
c374_01_045	c374	1	45	2008	67	47	33	1.031	1.469	0.297	
c374_01_046	c374	1	46	2057	78	68	46	1.438	2.125	0.844	
c374_01_047	c374	1	47	2187	67	50	40	1.250	1.562	0.406	
c374_01_048	c374	1	48	2258	78	35	30	0.938	1.094	0.594	
c374_01_049	c374	1	49	2309	57	79	85	2.656	2.469	0.797	
c374_01_050	c374	1	50	2388	76	12	32	1.000	0.375	0.562	
c374_02_001	c374	2	1	283	198	46	41	1.281	1.438	1.391	
c374_02_002	c374	2	2	291	124	26	27	0.844	0.812	-1.141	
c374_02_003	c374	2	3	343	118	28	43	1.344	0.875	-1.078	c374_02_m0011|c374_02_m0013
c374_02_004	c374	2	4	465	130	81	53	1.656	2.531	-0.547	c374_02_m0014
c374_02_005	c374	2	5	523	198	73	60	1.875	2.281	1.688	
c374_02_006	c374	2	6	571	128	29	25	0.781	0.906	-1.047	
c374_02_007	c374	2	7	634	124	75	33	1.031	2.344	-1.047	
c374_02_008	c374	2	8	745	139	23	21	0.656	0.719	-0.766	c374_02_m0015
c374_02_009	c374	2	9	817	125	41	76	2.375	1.281	-0.344	
c374_02_010	c374	2	10	875	133	28	33	1.031	0.875	-0.766	
c374_02_011	c374	2	11	917	198	42	24	0.750	1.312	1.125	c374_02_m0010|c374_02_m0017
c374_02_012	c374	2	12	933	146	8	20	0.625	0.250	-0.562	
c374_02_013	c374	2	13	959	113	97	67	2.094	3.031	-0.859	
c374_02_014	c374	2	14	1061	150	36	24	0.750	1.125	-0.375	
c374_02_015	c374	2	15	1109	133	45	39	1.219	1.406	-0.672	
c374_02_016	c374	2	16	1140	149	31	24	0.750	0.969	-0.406	
c374_02_017	c374	2	17	1195	148	30	25	0.781	0.938	-0.422	c374_02_m0016|c374_02_m0018
c374_02_018	c374	2	18	1287	157	24	37	1.156	0.750	0.047	
c374_02_019	c374	2	19	1313	131	22	43	1.344	0.688	-0.672	
c374_02_020	c374	2	20	1326	122	68	96	3.000	2.125	-0.125	
c374_02_021	c374	2	21	1393	154	31	22	0.688	0.969	-0.281	c374_02_m0012
c374_02_022	c374	2	22	1436	155	33	54	1.688	1.031	0.250	
c374_02_023	c374	2	23	1490	157	26	24	0.750	0.812	-0.156	
c374_02_024	c374	2	24	1523	152	25	25	0.781	0.781	-0.297	
c374_02_025	c374	2	25	1563	163	23	26	0.812	0.719	0.062	
c374_02_026	c374	2	26	1615	165	13	21	0.656	0.406	0.047	
c374_02_027	c374	2	27	1661	153	42	47	1.469	1.312	0.078	
c374_02_028	c374	2	28	1705	140	57	87	2.719	1.781	0.297	
c374_02_029	c374	2	29	1766	164	20	25	0.781	0.625	0.078	
c374_02_030	c374	2	30	1800	155	27	27	0.844	0.844	-0.172	
c374_02_031	c374	2	31	1841	163	55	34	1.062	1.719	0.188	
c374_02_032	c374	2	32	1912	143	76	94	2.938	2.375	0.500	
c374_02_033	c374	2	33	1993	156	34	38	1.188	1.062	0.031	
c374_02_034	c374	2	34	2045	167	44	35	1.094	1.375	0.328	
c374_02_035	c374	2	35	2102	175	35	23	0.719	1.094	0.391	
c374_02_036	c374	2	36	2149	175	27	23	0.719	0.844	0.391	
c374_02_037	c374	2	37	2195	175	40	23	0.719	1.250	0.391	
c374_02_038	c374	2	38	2238	148	55	60	1.875	1.719	0.125	
c374_02_039	c374	2	39	2289	173	33	51	1.594	1.031	0.766	
c374_02_040	c374	2	40	2335	161	52	42	1.312	1.625	0.250	
c374_02_041	c374	2	41	2376	183	24	49	1.531	0.750	1.047	
c374_03_001	c374	3	1	239	302	11	31	0.969	0.344	1.078	
c374_03_002	c374	3	2	268	316	34	23	0.719	1.062	1.391	
c374_03_003	c374	3	3	318	318	21	31	0.969	0.656	1.578	
c374_03_004	c374	3	4	336	221	19	22	0.688	0.594	-1.594	
c374_03_005	c374	3	5	351	196	58	145	4.531	1.812	-0.453	c374_03_m0024
c374_03_006	c374	3	6	401	320	27	24	0.750	0.844	1.531	
c374_03_007	c374	3	7	423	216	49	32	1.000	1.531	-1.594	
c374_03_008	c374	3	8	450	317	25	22	0.688	0.781	1.406	
c374_03_009	c374	3	9	491	226	23	26	0.812	0.719	-1.375	
c374_03_010	c374	3	10	531	324	22	22	0.688	0.688	1.625	
c374_03_011	c374	3	11	547	225	30	23	0.719	0.938	-1.453	
c374_03_012	c374	3	12	599	225	32	32	1.000	1.000	-1.312	
c374_03_013	c374	3	13	646	226	30	22	0.688	0.938	-1.438	
c374_03_014	c374	3	14	695	226	30	52	1.625	0.938	-0.969	
c374_03_015	c374	3	15	744	227	34	24	0.750	1.062	-1.375	
c374_03_016	c374	3	16	797	231	29	21	0.656	0.906	-1.297	
c374_03_017	c374	3	17	836	229	26	25	0.781	0.812	-1.297	
c374_03_018	c374	3	18	900	241	39	47	1.469	1.219	-0.578	
c374_03_019	c374	3	19	950	225	18	57	1.781	0.562	-0.922	
c374_03_020	c374	3	20	993	244	21	25	0.781	0.656	-0.828	
c374_03_021	c374	3	21	997	290	19	28	0.875	0.594	0.656	
c374_03_022	c374	3	22	1019	214	66	96	3.000	2.062	-0.656	
c374_03_023	c374	3	23	1083	246	29	26	0.812	0.906	-0.750	
c374_03_024	c374	3	24	1122	238	60	31	0.969	1.875	-0.922	
c374_03_025	c374	3	25	1168	248	54	57	1.781	1.688	-0.203	
c374_03_026	c374	3	26	1230	252	28	31	0.969	0.875	-0.484	
c374_03_027	c374	3	27	1285	253	38	67	2.094	1.188	0.109	
c374_03_028	c374	3	28	1347	261	14	40	1.250	0.438	-0.062	
c374_03_029	c374	3	29	1363	255	23	22	0.688	0.719	-0.531	
c374_03_030	c374	3	30	1402	260	19	16	0.500	0.594	-0.469	c374_03_m0020|c374_03_m0023
c374_03_031	c374	3	31	1437	259	27	23	0.719	0.844	-0.391	c374_03_m0019|c374_03_m0022
c374_03_032	c374	3	32	1479	260	25	43	1.344	0.781	-0.047	c374_03_m0021
c374_03_033	c374	3	33	1527	265	20	27	0.844	0.625	-0.141	
c374_03_034	c374	3	34	1556	248	65	67	2.094	2.031	-0.047	
c374_03_035	c374	3	35	1637	262	35	28	0.875	1.094	-0.219	
c374_03_036	c374	3	36	1694	269	23	33	1.031	0.719	0.078	
c374_03_037	c374	3	37	1740	267	38	28	0.875	1.188	-0.062	
c374_03_038	c374	3	38	1801	266	21	26	0.812	0.656	-0.125	
c374_03_039	c374	3	39	1822	259	34	33	1.031	1.062	-0.234	
c374_03_040	c374	3	40	1854	269	30	25	0.781	0.938	-0.047	
c374_03_041	c374	3	41	1890	271	38	26	0.812	1.188	0.031	
c374_03_042	c374	3	42	1939	265	56	54	1.688	1.750	0.281	
c374_03_043	c374	3	43	2007	254	43	43	1.344	1.344	-0.234	
c374_03_044	c374	3	44	2052	278	22	39	1.219	0.688	0.453	
c374_03_045	c374	3	45	2133	278	36	38	1.188	1.125	0.438	
c374_03_046	c374	3	46	2180	264	34	46	1.438	1.062	0.125	
c374_03_047	c374	3	47	2215	282	38	25	0.781	1.188	0.359	
c374_03_048	c374	3	48	2265	270	36	38	1.188	1.125	0.188	
c374_03_049	c374	3	49	2298	286	32	25	0.781	1.000	0.484	
c374_04_001	c374	4	1	274	409	32	29	0.906	1.000	1.359	
c374_04_002	c374	4	2	329	414	27	22	0.688	0.844	1.406	
c374_04_003	c374	4	3	369	415	34	23	0.719	1.062	1.453	
c374_04_004	c374	4	4	408	417	26	22	0.688	0.812	1.500	
c374_04_005	c374	4	5	461	418	26	19	0.594	0.812	1.484	
c374_04_006	c374	4	6	479	319	38	46	1.438	1.188	-1.188	
c374_04_007	c374	4	7	517	412	26	29	0.906	0.812	1.453	
c374_04_008	c374	4	8	566	323	31	24	0.750	0.969	-1.406	
c374_04_009	c374	4	9	610	411	21	42	1.312	0.656	1.625	
c374_04_010	c374	4	10	617	310	47	57	1.781	1.469	-1.297	c374_04_m0025
c374_04_011	c374	4	11	671	314	37	38	1.188	1.156	-1.469	
c374_04_012	c374	4	12	714	319	53	33	1.031	1.656	-1.391	
c374_04_013	c374	4	13	758	333	92	57	1.781	2.875	-0.578	
c374_04_014	c374	4	14	819	408	35	14	0.438	1.094	1.094	
c374_04_015	c374	4	15	851	336	54	33	1.031	1.688	-0.859	c374_04_m0027
c374_04_016	c374	4	16	943	339	67	33	1.031	2.094	-0.766	c374_04_m0028
c374_04_017	c374	4	17	1084	346	42	37	1.156	1.312	-0.484	c374_04_m0029
c374_04_018	c374	4	18	1145	354	24	25	0.781	0.750	-0.422	
c374_04_019	c374	4	19	1163	322	75	96	3.000	2.344	-0.312	
c374_04_020	c374	4	20	1236	356	33	50	1.562	1.031	0.031	
c374_04_021	c374	4	21	1286	357	28	28	0.875	0.875	-0.281	
c374_04_022	c374	4	22	1327	353	27	25	0.781	0.844	-0.453	
c374_04_023	c374	4	23	1374	370	13	46	1.438	0.406	0.406	
c374_04_024	c374	4	24	1390	361	18	19	0.594	0.562	-0.297	
c374_04_025	c374	4	25	1433	348	36	33	1.031	1.125	-0.484	
c374_04_026	c374	4	26	1471	362	9	14	0.438	0.281	-0.344	
c374_04_027	c374	4	27	1494	360	27	26	0.812	0.844	-0.219	c374_04_m0026|c374_04_m0030
c374_04_028	c374	4	28	1591	352	29	36	1.125	0.906	-0.312	
c374_04_029	c374	4	29	1644	371	27	20	0.625	0.844	0.031	
c374_04_030	c374	4	30	1680	367	26	19	0.594	0.812	-0.109	
c374_04_031	c374	4	31	1729	360	24	30	0.938	0.750	-0.156	
c374_04_032	c374	4	32	1772	367	27	22	0.688	0.844	-0.062	
c374_04_033	c374	4	33	1822	371	31	49	1.531	0.969	0.484	
c374_04_034	c374	4	34	1874	357	35	37	1.156	1.094	-0.141	
c374_04_035	c374	4	35	1921	376	20	33	1.031	0.625	0.391	c374_04_m0031
c374_04_036	c374	4	36	1968	368	31	24	0.750	0.969	0.000	
c374_04_037	c374	4	37	2007	366	34	30	0.938	1.062	0.031	
c374_04_038	c374	4	38	2029	351	66	84	2.625	2.062	0.406	
c374_04_039	c374	4	39	2106	376	13	18	0.562	0.406	0.156	
c374_04_040	c374	4	40	2144	371	28	29	0.906	0.875	0.172	
c374_04_041	c374	4	41	2193	373	42	28	0.875	1.312	0.219	
c374_04_042	c374	4	42	2249	378	22	22	0.688	0.688	0.281	
c374_04_043	c374	4	43	2280	371	23	24	0.750	0.719	0.094	
c374_04_044	c374	4	44	2313	345	87	70	2.188	2.719	0.000	
c374_05_001	c374	5	1	271	512	25	23	0.719	0.781	0.984	
c374_05_002	c374	5	2	308	494	58	68	2.125	1.812	1.125	
c374_05_003	c374	5	3	371	496	37	38	1.188	1.156	0.719	
c374_05_004	c374	5	4	429	509	27	29	0.906	0.844	0.984	
c374_05_005	c374	5	5	449	430	27	48	1.500	0.844	-1.188	
c374_05_006	c374	5	6	454	514	22	21	0.656	0.688	1.016	
c374_05_007	c374	5	7	563	424	26	23	0.719	0.812	-1.766	
c374_05_008	c374	5	8	563	495	38	40	1.250	1.188	0.719	
c374_05_009	c374	5	9	601	517	28	20	0.625	0.875	1.094	c374_05_m0038
c374_05_010	c374	5	10	644	431	26	19	0.594	0.812	-1.609	
c374_05_011	c374	5	11	680	428	22	21	0.656	0.688	-1.672	
c374_05_012	c374	5	12	703	517	13	21	0.656	0.406	1.109	
c374_05_013	c374	5	13	706	434	36	40	1.250	1.125	-1.188	
c374_05_014	c374	5	14	720	509	33	31	0.969	1.031	1.016	
c374_05_015	c374	5	15	768	420	22	31	0.969	0.688	-1.766	
c374_05_016	c374	5	16	776	471	21	29	0.906	0.656	-0.203	
c374_05_017	c374	5	17	804	419	28	54	1.688	0.875	-1.438	
c374_05_018	c374	5	18	860	429	47	28	0.875	1.469	-1.531	c374_05_m0033
c374_05_019	c374	5	19	867	495	50	46	1.438	1.562	0.812	
c374_05_020	c374	5	20	920	509	36	34	1.062	1.125	1.062	
c374_05_021	c374	5	21	933	425	50	34	1.062	1.562	-1.562	
c374_05_022	c374	5	22	964	498	89	71	2.219	2.781	1.297	c374_05_m0035|c374_05_m0040
c374_05_023	c374	5	23	997	429	29	31	0.969	0.906	-1.484	c374_05_m0034|c374_05_m0039
c374_05_024	c374	5	24	1075	422	76	60	1.875	2.375	-1.250	c374_05_m0042
c374_05_025	c374	5	25	1150	443	24	43	1.344	0.750	-0.859	c374_05_m0032
c374_05_026	c374	5	26	1199	443	49	30	0.938	1.531	-1.062	
c374_05_027	c374	5	27	1254	449	35	25	0.781	1.094	-0.953	
c374_05_028	c374	5	28	1307	466	12	31	0.969	0.375	-0.328	
c374_05_029	c374	5	29	1317	455	31	19	0.594	0.969	-0.859	
c374_05_030	c374	5	30	1364	448	48	35	1.094	1.500	-0.828	
c374_05_031	c374	5	31	1440	419	59	83	2.594	1.844	-0.984	
c374_05_032	c374	5	32	1515	458	15	25	0.781	0.469	-0.672	
c374_05_033	c374	5	33	1533	451	34	34	1.062	1.062	-0.750	
c374_05_034	c374	5	34	1568	468	21	34	1.062	0.656	-0.219	
c374_05_035	c374	5	35	1612	447	39	53	1.656	1.219	-0.578	
c374_05_036	c374	5	36	1661	464	35	22	0.688	1.094	-0.531	
c374_05_037	c374	5	37	1705	460	21	29	0.906	0.656	-0.547	c374_05_m0037
c374_05_038	c374	5	38	1738	470	34	38	1.188	1.062	-0.094	c374_05_m0036
c374_05_039	c374	5	39	1789	475	32	43	1.344	1.000	0.141	
c374_05_040	c374	5	40	1821	520	48	14	0.438	1.500	1.094	
c374_05_041	c374	5	41	1847	471	45	47	1.469	1.406	0.078	
c374_05_042	c374	5	42	1909	472	31	26	0.812	0.969	-0.219	
c374_05_043	c374	5	43	1956	475	24	20	0.625	0.750	-0.219	
c374_05_044	c374	5	44	1982	472	23	20	0.625	0.719	-0.312	
c374_05_045	c374	5	45	2038	478	31	23	0.719	0.969	-0.078	
c374_05_046	c374	5	46	2091	481	21	18	0.562	0.656	-0.062	c374_05_m0043
c374_05_047	c374	5	47	2124	506	14	16	0.500	0.438	0.688	
c374_05_048	c374	5	48	2128	459	41	60	1.875	1.281	-0.094	
c374_05_049	c374	5	49	2179	474	48	32	1.000	1.500	-0.062	
c374_05_050	c374	5	50	2246	481	31	20	0.625	0.969	-0.031	
c374_05_051	c374	5	51	2290	484	30	24	0.750	0.938	0.125	
c374_05_052	c374	5	52	2324	480	50	35	1.094	1.562	0.172	c374_05_m0041
c374_06_001	c374	6	1	267	595	29	27	0.844	0.906	1.141	
c374_06_002	c374	6	2	291	550	18	22	0.688	0.562	-0.344	
c374_06_003	c374	6	3	328	596	27	27	0.844	0.844	1.172	
c374_06_004	c374	6	4	357	576	76	60	1.875	2.375	1.062	
c374_06_005	c374	6	5	436	607	20	18	0.562	0.625	1.375	
c374_06_006	c374	6	6	468	598	32	27	0.844	1.000	1.234	c374_06_m0044
c374_06_007	c374	6	7	522	598	29	29	0.906	0.906	1.266	
c374_06_008	c374	6	8	571	604	42	31	0.969	1.312	1.484	
c374_06_009	c374	6	9	635	585	54	54	1.688	1.688	1.250	
c374_06_010	c374	6	10	646	517	29	39	1.219	0.906	-1.109	
c374_06_011	c374	6	11	679	610	26	26	0.812	0.812	1.594	
c374_06_012	c374	6	12	730	605	44	28	0.875	1.375	1.469	
c374_06_013	c374	6	13	764	523	18	31	0.969	0.562	-1.047	
c374_06_014	c374	6	14	830	525	52	62	1.938	1.625	-0.500	
c374_06_015	c374	6	15	880	524	17	33	1.031	0.531	-0.984	
c374_06_016	c374	6	16	991	532	32	24	0.750	1.000	-0.875	
c374_06_017	c374	6	17	1032	602	12	15	0.469	0.375	1.172	c374_06_m0049
c374_06_018	c374	6	18	1053	535	20	33	1.031	0.625	-0.641	c374_06_m0045
c374_06_019	c374	6	19	1083	521	58	50	1.562	1.812	-0.812	
c374_06_020	c374	6	20	1147	513	72	60	1.875	2.250	-0.906	c374_06_m0050
c374_06_021	c374	6	21	1228	546	8	19	0.594	0.250	-0.516	c374_06_m0046
c374_06_022	c374	6	22	1308	545	31	22	0.688	0.969	-0.500	c374_06_m0047
c374_06_023	c374	6	23	1359	546	20	25	0.781	0.625	-0.422	
c374_06_024	c374	6	24	1403	546	29	36	1.125	0.906	-0.250	
c374_06_025	c374	6	25	1432	523	20	30	0.938	0.625	-1.062	
c374_06_026	c374	6	26	1461	537	29	36	1.125	0.906	-0.531	
c374_06_027	c374	6	27	1510	554	22	20	0.625	0.688	-0.250	
c374_06_028	c374	6	28	1550	552	47	29	0.906	1.469	-0.172	
c374_06_029	c374	6	29	1615	560	22	25	0.781	0.688	0.016	
c374_06_030	c374	6	30	1647	578	17	33	1.031	0.531	0.703	
c374_06_031	c374	6	31	1667	561	12	19	0.594	0.375	-0.047	
c374_06_032	c374	6	32	1696	558	31	23	0.719	0.969	-0.078	
c374_06_033	c374	6	33	1744	560	38	31	0.969	1.188	0.109	
c374_06_034	c374	6	34	1813	553	37	41	1.281	1.156	0.047	
c374_06_035	c374	6	35	1842	538	63	86	2.688	1.969	0.281	
c374_06_036	c374	6	36	1914	563	19	21	0.656	0.594	0.047	
c374_06_037	c374	6	37	1949	556	31	23	0.719	0.969	-0.141	
c374_06_038	c374	6	38	1989	561	32	40	1.250	1.000	0.281	
c374_06_039	c374	6	39	2048	554	58	78	2.438	1.812	0.656	c374_06_m0048
c374_06_040	c374	6	40	2125	564	36	29	0.906	1.125	0.203	
c374_06_041	c374	6	41	2153	545	66	89	2.781	2.062	0.547	
c374_06_042	c374	6	42	2220	566	30	24	0.750	0.938	0.188	
c374_06_043	c374	6	43	2274	574	23	28	0.875	0.719	0.500	
c374_07_001	c374	7	1	266	702	26	28	0.875	0.812	1.375	
c374_07_002	c374	7	2	292	706	22	19	0.594	0.688	1.359	
c374_07_003	c374	7	3	346	708	23	22	0.688	0.719	1.469	
c374_07_004	c374	7	4	367	687	70	90	2.812	2.188	1.875	
c374_07_005	c374	7	5	440	711	32	43	1.344	1.000	1.891	
c374_07_006	c374	7	6	499	705	51	28	0.875	1.594	1.469	
c374_07_007	c374	7	7	555	717	18	25	0.781	0.562	1.797	
c374_07_008	c374	7	8	593	614	71	130	4.062	2.219	0.219	
c374_07_009	c374	7	9	657	710	43	35	1.094	1.344	1.734	
c374_07_010	c374	7	10	727	716	34	23	0.719	1.062	1.734	
c374_07_011	c374	7	11	773	720	29	22	0.688	0.906	1.844	
c374_07_012	c374	7	12	805	698	20	11	0.344	0.625	0.984	
c374_07_013	c374	7	13	806	611	29	22	0.688	0.906	-1.562	
c374_07_014	c374	7	14	834	714	36	24	0.750	1.125	1.688	
c374_07_015	c374	7	15	854	615	29	22	0.688	0.906	-1.438	
c374_07_016	c374	7	16	887	716	34	24	0.750	1.062	1.750	c374_07_m0051|c374_07_m0052
c374_07_017	c374	7	17	938	619	41	21	0.656	1.281	-1.328	
c374_07_018	c374	7	18	953	720	22	26	0.812	0.688	1.906	
c374_07_019	c374	7	19	969	691	70	82	2.562	2.188	1.875	
c374_07_020	c374	7	20	991	620	33	38	1.188	1.031	-1.031	
c374_07_021	c374	7	21	1039	621	31	23	0.719	0.969	-1.234	
c374_07_022	c374	7	22	1042	711	53	30	0.938	1.656	1.688	
c374_07_023	c374	7	23	1091	620	18	21	0.656	0.562	-1.297	
c374_07_024	c374	7	24	1096	719	30	24	0.750	0.938	1.844	
c374_07_025	c374	7	25	1111	617	31	31	0.969	0.969	-1.234	
c374_07_026	c374	7	26	1136	724	31	19	0.594	0.969	1.922	
c374_07_027	c374	7	27	1155	629	27	22	0.688	0.844	-1.000	
c374_07_028	c374	7	28	1157	678	26	32	1.000	0.812	0.688	
c374_07_029	c374	7	29	1177	725	31	46	1.438	0.969	2.375	
c374_07_030	c374	7	30	1188	602	61	102	3.188	1.906	-0.594	
c374_07_031	c374	7	31	1245	629	29	31	0.969	0.906	-0.859	
c374_07_032	c374	7	32	1247	732	24	21	0.656	0.750	2.203	
c374_07_033	c374	7	33	1279	707	65	70	2.188	2.031	2.188	
c374_07_034	c374	7	34	1299	627	58	32	1.000	1.812	-0.906	
c374_07_035	c374	7	35	1303	736	18	32	1.000	0.562	2.500	
c374_07_036	c374	7	36	1356	641	55	53	1.656	1.719	-0.141	
c374_07_037	c374	7	37	1406	644	28	36	1.125	0.875	-0.312	
c374_07_038	c374	7	38	1459	715	38	37	1.156	1.188	1.922	
c374_07_039	c374	7	39	1466	646	27	28	0.875	0.844	-0.375	
c374_07_040	c374	7	40	1511	651	27	35	1.094	0.844	-0.109	
c374_07_041	c374	7	41	1549	633	9	22	0.688	0.281	-0.875	
c374_07_042	c374	7	42	1560	656	23	22	0.688	0.719	-0.156	
c374_07_043	c374	7	43	1593	652	23	24	0.750	0.719	-0.250	
c374_07_044	c374	7	44	1635	656	27	28	0.875	0.844	-0.062	
c374_07_045	c374	7	45	1665	664	11	22	0.688	0.344	0.094	
c374_07_046	c374	7	46	1669	737	11	20	0.625	0.344	2.344	
c374_07_047	c374	7	47	1696	661	32	21	0.656	1.000	-0.016	
c374_07_048	c374	7	48	1737	634	73	60	1.875	2.281	-0.250	
c374_07_049	c374	7	49	1752	735	22	10	0.312	0.688	2.125	
c374_07_050	c374	7	50	1799	661	24	22	0.688	0.750	0.000	
c374_07_051	c374	7	51	1844	665	20	23	0.719	0.625	0.141	
c374_07_052	c374	7	52	1881	657	46	28	0.875	1.438	-0.031	
c374_07_053	c374	7	53	1941	659	27	24	0.750	0.844	-0.031	
c374_07_054	c374	7	54	1988	663	31	20	0.625	0.969	0.031	
c374_07_055	c374	7	55	2023	657	33	22	0.688	1.031	-0.125	
c374_07_056	c374	7	56	2078	643	48	62	1.938	1.500	0.062	
c374_07_057	c374	7	57	2132	665	25	24	0.750	0.781	0.156	
c374_07_058	c374	7	58	2166	658	25	24	0.750	0.781	-0.062	
c374_07_059	c374	7	59	2177	743	23	10	0.312	0.719	2.375	
c374_07_060	c374	7	60	2252	662	56	30	0.938	1.750	0.156	
c374_07_061	c374	7	61	2299	647	66	75	2.344	2.062	0.391	
c374_07_062	c374	7	62	2379	697	3	10	0.312	0.094	0.938	
c374_07_063	c374	7	63	2381	715	4	11	0.344	0.125	1.516	
c374_08_001	c374	8	1	262	799	20	28	0.875	0.625	-0.438	
c374_08_002	c374	8	2	288	797	35	33	1.031	1.094	-0.422	
c374_08_003	c374	8	3	337	806	33	22	0.688	1.031	-0.312	
c374_08_004	c374	8	4	391	755	9	18	0.562	0.281	-1.969	
c374_08_005	c374	8	5	402	786	36	43	1.344	1.125	-0.609	
c374_08_006	c374	8	6	436	806	34	27	0.844	1.062	-0.234	
c374_08_007	c374	8	7	515	813	58	54	1.688	1.812	0.406	
c374_08_008	c374	8	8	604	807	47	29	0.906	1.469	-0.172	c374_08_m0064
c374_08_009	c374	8	9	673	805	22	41	1.281	0.688	-0.047	
c374_08_010	c374	8	10	690	816	25	21	0.656	0.781	-0.016	
c374_08_011	c374	8	11	708	793	52	49	1.531	1.625	-0.297	
c374_08_012	c374	8	12	753	801	39	35	1.094	1.219	-0.266	
c374_08_013	c374	8	13	805	815	49	32	1.000	1.531	0.125	
c374_08_014	c374	8	14	866	816	30	22	0.688	0.938	0.000	
c374_08_015	c374	8	15	903	795	50	60	1.875	1.562	-0.062	
c374_08_016	c374	8	16	956	813	34	40	1.250	1.062	0.188	
c374_08_017	c374	8	17	1010	819	26	20	0.625	0.812	0.062	
c374_08_018	c374	8	18	1024	856	43	13	0.406	1.344	1.109	
c374_08_019	c374	8	19	1050	811	26	25	0.781	0.812	-0.109	
c374_08_020	c374	8	20	1083	821	39	43	1.344	1.219	0.484	
c374_08_021	c374	8	21	1137	815	56	32	1.000	1.750	0.125	
c374_08_022	c374	8	22	1201	828	23	28	0.875	0.719	0.469	
c374_08_023	c374	8	23	1246	828	61	63	1.969	1.906	1.016	
c374_08_024	c374	8	24	1254	769	30	27	0.844	0.938	-1.391	
c374_08_025	c374	8	25	1321	833	28	24	0.750	0.875	0.562	
c374_08_026	c374	8	26	1342	735	44	33	1.031	1.375	-2.359	
c374_08_027	c374	8	27	1384	827	27	32	1.000	0.844	0.500	
c374_08_028	c374	8	28	1408	813	73	89	2.781	2.281	0.953	
c374_08_029	c374	8	29	1416	743	18	19	0.594	0.562	-2.328	
c374_08_030	c374	8	30	1436	742	27	20	0.625	0.844	-2.344	
c374_08_031	c374	8	31	1440	837	20	36	1.125	0.625	0.875	
c374_08_032	c374	8	32	1481	839	36	21	0.656	1.125	0.703	
c374_08_033	c374	8	33	1487	742	29	21	0.656	0.906	-2.328	
c374_08_034	c374	8	34	1542	751	18	29	0.906	0.562	-1.922	
c374_08_035	c374	8	35	1548	838	26	23	0.719	0.812	0.703	
c374_08_036	c374	8	36	1588	842	28	22	0.688	0.875	0.812	c374_08_m0053
c374_08_037	c374	8	37	1635	848	21	26	0.812	0.656	1.062	
c374_08_038	c374	8	38	1638	755	34	32	1.000	1.062	-1.750	
c374_08_039	c374	8	39	1669	846	31	22	0.688	0.969	0.938	
c374_08_040	c374	8	40	1689	751	29	19	0.594	0.906	-2.078	
c374_08_041	c374	8	41	1711	867	20	18	0.562	0.625	1.531	
c374_08_042	c374	8	42	1723	848	28	19	0.594	0.875	0.953	
c374_08_043	c374	8	43	1735	743	18	29	0.906	0.562	-2.172	
c374_08_044	c374	8	44	1768	850	26	34	1.062	0.812	1.250	c374_08_m0054
c374_08_045	c374	8	45	1790	741	32	31	0.969	1.000	-2.203	
c374_08_046	c374	8	46	1828	754	25	25	0.781	0.781	-1.891	
c374_08_047	c374	8	47	1829	853	22	22	0.688	0.688	1.156	
c374_08_048	c374	8	48	1867	745	27	25	0.781	0.844	-2.172	c374_08_m0062
c374_08_049	c374	8	49	1884	843	33	58	1.812	1.031	1.406	
c374_08_050	c374	8	50	1885	758	58	44	1.375	1.812	-1.469	
c374_08_051	c374	8	51	1945	853	24	27	0.844	0.750	1.234	
c374_08_052	c374	8	52	1962	754	41	35	1.094	1.281	-1.734	
c374_08_053	c374	8	53	1996	847	33	13	0.406	1.031	0.828	c374_08_m0057
c374_08_054	c374	8	54	2026	759	24	22	0.688	0.750	-1.781	
c374_08_055	c374	8	55	2051	859	3	13	0.406	0.094	1.203	
c374_08_056	c374	8	56	2055	848	52	52	1.625	1.625	1.469	
c374_08_057	c374	8	57	2059	755	35	37	1.156	1.094	-1.672	
c374_08_058	c374	8	58	2060	864	13	10	0.312	0.406	1.312	
c374_08_059	c374	8	59	2107	864	23	23	0.719	0.719	1.516	c374_08_m0060
c374_08_060	c374	8	60	2114	763	13	18	0.562	0.406	-1.719	
c374_08_061	c374	8	61	2128	761	18	19	0.594	0.562	-1.766	
c374_08_062	c374	8	62	2164	841	54	12	0.375	1.688	0.625	c374_08_m0055|c374_08_m0056
c374_08_063	c374	8	63	2201	756	21	22	0.688	0.656	-1.875	
c374_08_064	c374	8	64	2238	756	36	23	0.719	1.125	-1.859	
c374_08_065	c374	8	65	2269	854	18	16	0.500	0.562	1.094	
c374_08_066	c374	8	66	2288	850	21	8	0.250	0.656	0.844	
c374_08_067	c374	8	67	2293	747	63	36	1.125	1.969	-1.938	c374_08_m0061
c374_08_068	c374	8	68	2353	823	11	16	0.500	0.344	0.125	c374_08_m0058|c374_08_m0059|c374_08_m0063
c374_09_001	c374	9	1	255	910	37	50	1.562	1.156	0.219	c374_09_m0067|c374_09_m0069
c374_09_002	c374	9	2	307	914	4	15	0.469	0.125	-0.203	c374_09_m0070|c374_09_m0074
c374_09_003	c374	9	3	340	898	25	30	0.938	0.781	-0.469	
c374_09_004	c374	9	4	389	897	36	57	1.781	1.125	-0.078	
c374_09_005	c374	9	5	442	911	41	29	0.906	1.281	-0.078	
c374_09_006	c374	9	6	503	915	22	23	0.719	0.688	-0.047	
c374_09_007	c374	9	7	527	955	20	10	0.312	0.625	1.000	
c374_09_008	c374	9	8	544	912	26	23	0.719	0.812	-0.141	
c374_09_009	c374	9	9	592	920	32	36	1.125	1.000	0.312	
c374_09_010	c374	9	10	658	914	22	19	0.594	0.688	-0.141	
c374_09_011	c374	9	11	681	910	36	24	0.750	1.125	-0.188	
c374_09_012	c374	9	12	732	916	33	58	1.812	1.031	0.531	
c374_09_013	c374	9	13	784	903	22	33	1.031	0.688	-0.266	
c374_09_014	c374	9	14	823	903	44	38	1.188	1.375	-0.188	c374_09_m0071
c374_09_015	c374	9	15	868	915	40	48	1.500	1.250	0.344	
c374_09_016	c374	9	16	930	902	35	34	1.062	1.094	-0.281	
c374_09_017	c374	9	17	1020	920	28	22	0.688	0.875	0.094	
c374_09_018	c374	9	18	1063	916	41	35	1.094	1.281	0.172	
c374_09_019	c374	9	19	1112	922	41	49	1.531	1.281	0.578	
c374_09_020	c374	9	20	1170	926	25	26	0.812	0.781	0.344	
c374_09_021	c374	9	21	1211	898	59	64	2.000	1.844	0.062	
c374_09_022	c374	9	22	1264	924	29	26	0.812	0.906	0.281	
c374_09_023	c374	9	23	1305	930	23	21	0.656	0.719	0.391	
c374_09_024	c374	9	24	1343	922	28	29	0.906	0.875	0.266	
c374_09_025	c374	9	25	1450	928	28	34	1.062	0.875	0.531	
c374_09_026	c374	9	26	1498	940	28	29	0.906	0.875	0.828	
c374_09_027	c374	9	27	1543	952	24	26	0.812	0.750	1.156	
c374_09_028	c374	9	28	1570	936	62	68	2.125	1.938	1.312	
c374_09_029	c374	9	29	1653	942	29	37	1.156	0.906	1.016	
c374_09_030	c374	9	30	1693	955	36	50	1.562	1.125	1.625	
c374_09_031	c374	9	31	1749	952	23	35	1.094	0.719	1.297	
c374_09_032	c374	9	32	1793	951	37	25	0.781	1.156	1.109	
c374_09_033	c374	9	33	1859	943	19	32	1.000	0.594	0.969	c374_09_m0073
c374_09_034	c374	9	34	1898	937	71	57	1.781	2.219	1.172	
c374_09_035	c374	9	35	1978	963	19	18	0.562	0.594	1.375	c374_09_m0075
c374_09_036	c374	9	36	2002	865	29	41	1.281	0.906	-1.328	
c374_09_037	c374	9	37	2023	962	22	34	1.062	0.688	1.594	
c374_09_038	c374	9	38	2039	938	30	39	1.219	0.938	0.922	
c374_09_039	c374	9	39	2125	964	9	12	0.375	0.281	1.312	
c374_09_040	c374	9	40	2144	957	21	14	0.438	0.656	1.125	c374_09_m0068
c374_09_041	c374	9	41	2157	868	22	20	0.625	0.688	-1.562	c374_09_m0066
c374_09_042	c374	9	42	2193	943	30	13	0.406	0.938	0.672	c374_09_m0072
c374_09_043	c374	9	43	2214	965	35	20	0.625	1.094	1.469	c374_09_m0065
c374_09_044	c374	9	44	2218	872	23	44	1.375	0.719	-1.062	
c374_09_045	c374	9	45	2361	968	16	13	0.406	0.500	1.453	
c374_10_001	c374	10	1	251	977	50	45	1.406	1.562	-0.891	
c374_10_002	c374	10	2	303	1003	20	32	1.000	0.625	-0.281	
c374_10_003	c374	10	3	368	1000	31	24	0.750	0.969	-0.500	
c374_10_004	c374	10	4	415	1006	28	21	0.656	0.875	-0.359	
c374_10_005	c374	10	5	431	973	84	96	3.000	2.625	-0.219	c374_10_m0081
c374_10_006	c374	10	6	568	1007	43	34	1.062	1.344	-0.125	c374_10_m0080
c374_10_007	c374	10	7	640	1005	30	24	0.750	0.938	-0.344	
c374_10_008	c374	10	8	691	1006	26	29	0.906	0.812	-0.234	
c374_10_009	c374	10	9	732	1011	28	22	0.688	0.875	-0.188	
c374_10_010	c374	10	10	786	1016	21	35	1.094	0.656	0.172	
c374_10_011	c374	10	11	832	985	79	63	1.969	2.469	-0.359	
c374_10_012	c374	10	12	908	1002	50	38	1.188	1.562	-0.219	
c374_10_013	c374	10	13	988	1010	45	29	0.906	1.406	-0.109	
c374_10_014	c374	10	14	1045	1000	47	41	1.281	1.469	-0.234	
c374_10_015	c374	10	15	1089	998	80	61	1.906	2.500	0.016	
c374_10_016	c374	10	16	1168	1024	20	33	1.031	0.625	0.391	
c374_10_017	c374	10	17	1221	1003	55	59	1.844	1.719	0.141	
c374_10_018	c374	10	18	1287	1009	37	37	1.156	1.156	-0.016	
c374_10_019	c374	10	19	1327	1020	59	29	0.906	1.844	0.203	
c374_10_020	c374	10	20	1396	1032	27	22	0.688	0.844	0.469	
c374_10_021	c374	10	21	1456	1030	32	25	0.781	1.000	0.453	
c374_10_022	c374	10	22	1510	1035	26	22	0.688	0.812	0.562	
c374_10_023	c374	10	23	1540	1024	55	58	1.812	1.719	0.781	
c374_10_024	c374	10	24	1587	1041	38	44	1.375	1.188	1.094	
c374_10_025	c374	10	25	1638	1044	36	22	0.688	1.125	0.844	
c374_10_026	c374	10	26	1694	1048	44	36	1.125	1.375	1.188	
c374_10_027	c374	10	27	1747	1046	27	29	0.906	0.844	1.016	
c374_10_028	c374	10	28	1793	1056	21	37	1.156	0.656	1.453	
c374_10_029	c374	10	29	1850	1061	21	19	0.594	0.656	1.328	
c374_10_030	c374	10	30	1865	1027	37	65	2.031	1.156	0.984	
c374_10_031	c374	10	31	1922	1045	32	38	1.188	1.000	1.125	
c374_10_032	c374	10	32	1970	1061	20	36	1.125	0.625	1.594	
c374_10_033	c374	10	33	2012	1060	33	18	0.562	1.031	1.281	c374_10_m0079
c374_10_034	c374	10	34	2063	1066	21	19	0.594	0.656	1.484	
c374_10_035	c374	10	35	2070	967	21	28	0.875	0.656	-1.469	
c374_10_036	c374	10	36	2096	1040	52	74	2.312	1.625	1.531	c374_10_m0076
c374_10_037	c374	10	37	2130	972	15	19	0.594	0.469	-1.453	
c374_10_038	c374	10	38	2143	1009	11	18	0.562	0.344	-0.312	c374_10_m0077
c374_10_039	c374	10	39	2161	958	19	71	2.219	0.594	-1.078	
c374_10_040	c374	10	40	2182	1065	15	20	0.625	0.469	1.469	c374_10_m0078
c374_10_041	c374	10	41	2187	972	13	32	1.000	0.406	-1.250	
c374_10_042	c374	10	42	2195	1060	29	31	0.969	0.906	1.484	
c374_10_043	c374	10	43	2264	963	51	35	1.094	1.594	-1.484	
c374_10_044	c374	10	44	2306	978	24	30	0.938	0.750	-1.094	
c374_10_045	c374	10	45	2314	1061	31	37	1.156	0.969	1.609	
c374_10_046	c374	10	46	2331	964	46	88	2.750	1.438	-0.625	
c374_10_047	c374	10	47	2372	1019	5	13	0.406	0.156	-0.078	
c374_11_001	c374	11	1	246	1095	32	24	0.750	1.000	-0.875	
c374_11_002	c374	11	2	275	1061	77	98	3.062	2.406	-0.781	
c374_11_003	c374	11	3	368	1080	48	29	0.906	1.500	-1.266	
c374_11_004	c374	11	4	472	1066	36	55	1.719	1.125	-1.297	
c374_11_005	c374	11	5	544	1094	29	26	0.812	0.906	-0.875	
c374_11_006	c374	11	6	602	1099	34	22	0.688	1.062	-0.781	
c374_11_007	c374	11	7	628	1146	19	24	0.750	0.594	0.719	
c374_11_008	c374	11	8	647	1083	37	69	2.156	1.156	-0.547	c374_11_m0082
c374_11_009	c374	11	9	701	1099	33	23	0.719	1.031	-0.766	c374_11_m0087|c374_11_m0096
c374_11_010	c374	11	10	788	1091	49	52	1.625	1.531	-0.562	c374_11_m0088
c374_11_011	c374	11	11	861	1110	17	34	1.062	0.531	-0.250	c374_11_m0084|c374_11_m0094
c374_11_012	c374	11	12	945	1106	28	27	0.844	0.875	-0.484	c374_11_m0092
c374_11_013	c374	11	13	994	1108	46	32	1.000	1.438	-0.344	
c374_11_014	c374	11	14	1044	1119	30	20	0.625	0.938	-0.188	
c374_11_015	c374	11	15	1096	1119	33	22	0.688	1.031	-0.156	
c374_11_016	c374	11	16	1143	1110	26	33	1.031	0.812	-0.266	
c374_11_017	c374	11	17	1179	1112	56	33	1.031	1.750	-0.203	c374_11_m0089
c374_11_018	c374	11	18	1244	1113	30	34	1.062	0.938	-0.156	
c374_11_019	c374	11	19	1329	1125	30	23	0.719	0.938	0.047	
c374_11_020	c374	11	20	1370	1126	27	22	0.688	0.844	0.062	c374_11_m0091
c374_11_021	c374	11	21	1420	1124	31	33	1.031	0.969	0.172	
c374_11_022	c374	11	22	1469	1126	45	54	1.688	1.406	0.562	c374_11_m0090
c374_11_023	c374	11	23	1509	1106	79	92	2.875	2.469	0.531	
c374_11_024	c374	11	24	1595	1118	45	38	1.188	1.406	0.062	
c374_11_025	c374	11	25	1627	1134	30	24	0.750	0.938	0.344	
c374_11_026	c374	11	26	1683	1142	41	19	0.594	1.281	0.516	
c374_11_027	c374	11	27	1722	1127	22	30	0.938	0.688	0.219	
c374_11_028	c374	11	28	1748	1110	13	24	0.750	0.406	-0.406	
c374_11_029	c374	11	29	1765	1146	22	25	0.781	0.688	0.734	
c374_11_030	c374	11	30	1797	1128	45	55	1.719	1.406	0.641	
c374_11_031	c374	11	31	1851	1147	33	28	0.875	1.031	0.812	
c374_11_032	c374	11	32	1868	1069	23	35	1.094	0.719	-1.516	
c374_11_033	c374	11	33	1911	1155	43	18	0.562	1.344	0.906	
c374_11_034	c374	11	34	1946	1126	54	45	1.406	1.688	0.422	
c374_11_035	c374	11	35	2015	1153	20	29	0.906	0.625	1.016	
c374_11_036	c374	11	36	2103	1153	25	22	0.688	0.781	0.906	c374_11_m0095
c374_11_037	c374	11	37	2148	1128	82	96	3.000	2.562	1.281	c374_11_m0085
c374_11_038	c374	11	38	2225	1154	38	48	1.500	1.188	1.344	
c374_11_039	c374	11	39	2235	1077	17	20	0.625	0.531	-1.500	
c374_11_040	c374	11	40	2272	1080	13	30	0.938	0.406	-1.250	
c374_11_041	c374	11	41	2276	1159	24	35	1.094	0.750	1.297	c374_11_m0093
c374_11_042	c374	11	42	2286	1075	21	21	0.656	0.656	-1.547	
c374_11_043	c374	11	43	2307	1152	36	35	1.094	1.125	1.078	c374_11_m0086
c374_11_044	c374	11	44	2354	1123	23	60	1.875	0.719	0.562	c374_11_m0083
c374_11_045	c374	11	45	2371	1075	26	39	1.219	0.812	-1.266	
c374_12_001	c374	12	1	234	1193	30	38	1.188	0.938	-1.000	
c374_12_002	c374	12	2	262	1191	35	21	0.656	1.094	-1.328	
c374_12_003	c374	12	3	316	1195	19	37	1.156	0.594	-0.953	c374_12_m0101
c374_12_004	c374	12	4	371	1195	86	53	1.656	2.688	-0.703	c374_12_m0100|c374_12_m0104
c374_12_005	c374	12	5	473	1183	61	37	1.156	1.906	-1.328	
c374_12_006	c374	12	6	535	1197	40	49	1.531	1.250	-0.703	
c374_12_007	c374	12	7	593	1202	27	23	0.719	0.844	-0.953	
c374_12_008	c374	12	8	641	1198	36	24	0.750	1.125	-1.062	
c374_12_009	c374	12	9	699	1197	31	30	0.938	0.969	-1.000	
c374_12_010	c374	12	10	753	1204	22	36	1.125	0.688	-0.688	c374_12_m0105|c374_12_m0106
c374_12_011	c374	12	11	853	1202	30	34	1.062	0.938	-0.781	c374_12_m0103
c374_12_012	c374	12	12	914	1211	33	22	0.688	1.031	-0.688	
c374_12_013	c374	12	13	964	1194	44	39	1.219	1.375	-0.953	
c374_12_014	c374	12	14	1005	1208	69	60	1.875	2.156	-0.188	
c374_12_015	c374	12	15	1072	1218	36	39	1.219	1.125	-0.203	
c374_12_016	c374	12	16	1138	1216	34	26	0.812	1.062	-0.469	
c374_12_017	c374	12	17	1195	1221	28	21	0.656	0.875	-0.391	
c374_12_018	c374	12	18	1233	1218	26	26	0.812	0.812	-0.406	
c374_12_019	c374	12	19	1291	1226	29	31	0.969	0.906	-0.078	
c374_12_020	c374	12	20	1320	1237	8	21	0.656	0.250	0.109	
c374_12_021	c374	12	21	1350	1233	27	23	0.719	0.844	0.016	
c374_12_022	c374	12	22	1386	1227	26	24	0.750	0.812	-0.156	
c374_12_023	c374	12	23	1429	1236	36	62	1.938	1.125	0.719	
c374_12_024	c374	12	24	1486	1235	32	24	0.750	1.000	0.094	
c374_12_025	c374	12	25	1532	1232	30	21	0.656	0.938	-0.047	c374_12_m0097
c374_12_026	c374	12	26	1553	1210	81	94	2.938	2.531	0.406	
c374_12_027	c374	12	27	1643	1238	28	44	1.375	0.875	0.500	
c374_12_028	c374	12	28	1698	1240	34	51	1.594	1.062	0.672	
c374_12_029	c374	12	29	1755	1243	28	23	0.719	0.875	0.328	
c374_12_030	c374	12	30	1776	1174	38	39	1.219	1.188	-1.578	
c374_12_031	c374	12	31	1800	1217	76	52	1.625	2.375	-0.031	
c374_12_032	c374	12	32	1872	1225	49	64	2.000	1.531	0.406	
c374_12_033	c374	12	33	1923	1247	37	25	0.781	1.156	0.484	
c374_12_034	c374	12	34	1969	1246	28	26	0.812	0.875	0.469	
c374_12_035	c374	12	35	2009	1251	35	21	0.656	1.094	0.547	
c374_12_036	c374	12	36	2045	1215	44	51	1.594	1.375	-0.109	
c374_12_037	c374	12	37	2080	1244	52	31	0.969	1.625	0.484	
c374_12_038	c374	12	38	2196	1257	25	28	0.875	0.781	0.844	
c374_12_039	c374	12	39	2237	1246	42	39	1.219	1.312	0.672	c374_12_m0098|c374_12_m0099|c374_12_m0102|c374_12_m0107
c374_13_001	c374	13	1	238	1288	34	23	0.719	1.062	-1.047	
c374_13_002	c374	13	2	287	1265	91	100	3.125	2.844	-0.562	
c374_13_003	c374	13	3	386	1291	29	22	0.688	0.906	-0.969	
c374_13_004	c374	13	4	435	1292	33	27	0.844	1.031	-0.859	c374_13_m0109|c374_13_m0110|c374_13_m0113
c374_13_005	c374	13	5	536	1278	46	45	1.406	1.438	-1.016	
c374_13_006	c374	13	6	566	1301	38	42	1.312	1.188	-0.344	
c374_13_007	c374	13	7	606	1280	20	32	1.000	0.625	-1.156	
c374_13_008	c374	13	8	629	1300	44	31	0.969	1.375	-0.547	
c374_13_009	c374	13	9	699	1303	18	22	0.688	0.562	-0.594	
c374_13_010	c374	13	10	718	1299	33	30	0.938	1.031	-0.594	
c374_13_011	c374	13	11	773	1303	35	24	0.750	1.094	-0.562	
c374_13_012	c374	13	12	826	1307	46	56	1.750	1.438	0.062	
c374_13_013	c374	13	13	899	1294	48	80	2.500	1.500	0.031	
c374_13_014	c374	13	14	964	1292	84	60	1.875	2.625	-0.344	
c374_13_015	c374	13	15	1038	1318	22	37	1.156	0.688	0.109	
c374_13_016	c374	13	16	1140	1311	28	25	0.781	0.875	-0.297	
c374_13_017	c374	13	17	1190	1310	49	31	0.969	1.531	-0.234	
c374_13_018	c374	13	18	1223	1325	97	54	1.688	3.031	0.594	
c374_13_019	c374	13	19	1333	1317	27	29	0.906	0.844	-0.047	
c374_13_020	c374	13	20	1381	1324	25	19	0.594	0.781	0.016	
c374_13_021	c374	13	21	1425	1328	31	42	1.312	0.969	0.500	
c374_13_022	c374	13	22	1478	1308	38	43	1.344	1.188	-0.109	
c374_13_023	c374	13	23	1579	1324	28	35	1.094	0.875	0.266	
c374_13_024	c374	13	24	1625	1338	28	20	0.625	0.875	0.469	
c374_13_025	c374	13	25	1661	1333	26	24	0.750	0.812	0.375	
c374_13_026	c374	13	26	1719	1342	24	30	0.938	0.750	0.750	
c374_13_027	c374	13	27	1758	1338	50	32	1.000	1.562	0.656	
c374_13_028	c374	13	28	1789	1319	71	89	2.781	2.219	0.953	
c374_13_029	c374	13	29	1868	1343	23	22	0.688	0.719	0.656	
c374_13_030	c374	13	30	1902	1334	27	26	0.812	0.844	0.438	
c374_13_031	c374	13	31	1927	1344	45	47	1.469	1.406	1.078	
c374_13_032	c374	13	32	1989	1327	36	43	1.344	1.125	0.484	
c374_13_033	c374	13	33	2031	1350	25	38	1.188	0.781	1.125	
c374_13_034	c374	13	34	2082	1344	30	23	0.719	0.938	0.703	
c374_13_035	c374	13	35	2127	1331	41	43	1.344	1.281	0.609	
c374_13_036	c374	13	36	2156	1332	64	83	2.594	2.000	1.266	c374_13_m0112
c374_13_037	c374	13	37	2157	1286	52	15	0.469	1.625	-1.234	
c374_13_038	c374	13	38	2258	1348	58	55	1.719	1.812	1.328	c374_13_m0108|c374_13_m0111
c374_14_001	c374	14	1	235	1390	31	29	0.906	0.969	-0.578	c374_14_m0114
c374_14_002	c374	14	2	285	1399	27	21	0.656	0.844	-0.422	
c374_14_003	c374	14	3	320	1391	20	27	0.844	0.625	-0.578	
c374_14_004	c374	14	4	374	1397	30	23	0.719	0.938	-0.453	
c374_14_005	c374	14	5	426	1366	88	97	3.031	2.750	-0.266	
c374_14_006	c374	14	6	507	1380	49	43	1.344	1.531	-0.672	
c374_14_007	c374	14	7	557	1399	102	62	1.938	3.188	0.219	
c374_14_008	c374	14	8	666	1402	33	41	1.281	1.031	-0.016	
c374_14_009	c374	14	9	706	1383	16	28	0.875	0.500	-0.812	
c374_14_010	c374	14	10	725	1404	38	52	1.625	1.188	0.219	
c374_14_011	c374	14	11	785	1388	39	42	1.312	1.219	-0.438	
c374_14_012	c374	14	12	833	1383	57	51	1.594	1.781	-0.453	
c374_14_013	c374	14	13	908	1409	56	23	0.719	1.750	-0.078	
c374_14_014	c374	14	14	983	1414	44	23	0.719	1.375	0.078	
c374_14_015	c374	14	15	1049	1400	36	38	1.188	1.125	-0.125	
c374_14_016	c374	14	16	1078	1414	35	30	0.938	1.094	0.188	
c374_14_017	c374	14	17	1145	1418	19	42	1.312	0.594	0.500	
c374_14_018	c374	14	18	1187	1414	35	23	0.719	1.094	0.078	
c374_14_019	c374	14	19	1226	1414	47	26	0.812	1.469	0.125	
c374_14_020	c374	14	20	1289	1398	38	41	1.281	1.188	-0.141	
c374_14_021	c374	14	21	1331	1416	23	22	0.688	0.719	0.125	
c374_14_022	c374	14	22	1361	1414	29	28	0.875	0.906	0.156	
c374_14_023	c374	14	23	1414	1408	34	43	1.344	1.062	0.203	c374_14_m0115
c374_14_024	c374	14	24	1481	1401	44	50	1.562	1.375	0.094	
c374_14_025	c374	14	25	1536	1429	58	38	1.188	1.812	0.781	
c374_14_026	c374	14	26	1617	1440	24	23	0.719	0.750	0.891	
c374_14_027	c374	14	27	1635	1414	79	98	3.062	2.469	1.250	
c374_14_028	c374	14	28	1722	1440	19	20	0.625	0.594	0.844	
c374_14_029	c374	14	29	1769	1436	55	30	0.938	1.719	0.875	
c374_14_030	c374	14	30	1834	1448	22	35	1.094	0.688	1.328	
c374_14_031	c374	14	31	1878	1386	48	10	0.312	1.500	-1.000	
c374_14_032	c374	14	32	1883	1443	37	35	1.094	1.156	1.172	
c374_14_033	c374	14	33	1945	1448	25	24	0.750	0.781	1.156	
c374_14_034	c374	14	34	1985	1423	56	67	2.094	1.750	1.047	
c374_14_035	c374	14	35	2038	1451	31	45	1.406	0.969	1.578	
c374_14_036	c374	14	36	2089	1430	43	46	1.438	1.344	0.938	
c374_14_037	c374	14	37	2136	1461	30	22	0.688	0.938	1.531	
c374_14_038	c374	14	38	2160	1445	15	12	0.375	0.469	0.875	
c374_14_039	c374	14	39	2340	1408	13	11	0.344	0.406	-0.297	c374_14_m0116|c374_14_m0117|c374_14_m0118
c374_15_001	c374	15	1	232	1494	25	26	0.812	0.781	-0.531	
c374_15_002	c374	15	2	280	1485	28	29	0.906	0.875	-0.766	
c374_15_003	c374	15	3	307	1489	57	52	1.625	1.781	-0.281	
c374_15_004	c374	15	4	380	1498	27	27	0.844	0.844	-0.391	
c374_15_005	c374	15	5	427	1496	32	24	0.750	1.000	-0.500	c374_15_m0119
c374_15_006	c374	15	6	488	1492	56	32	1.000	1.750	-0.500	
c374_15_007	c374	15	7	564	1483	40	39	1.219	1.250	-0.672	c374_15_m0122
c374_15_008	c374	15	8	672	1502	57	20	0.625	1.781	-0.375	
c374_15_009	c374	15	9	754	1503	29	27	0.844	0.906	-0.234	
c374_15_010	c374	15	10	802	1512	21	31	0.969	0.656	0.109	
c374_15_011	c374	15	11	863	1498	53	31	0.969	1.656	-0.328	
c374_15_012	c374	15	12	935	1491	32	40	1.250	1.000	-0.406	
c374_15_013	c374	15	13	984	1505	46	27	0.844	1.438	-0.172	
c374_15_014	c374	15	14	1050	1516	23	27	0.844	0.719	0.172	
c374_15_015	c374	15	15	1092	1508	56	34	1.062	1.750	0.031	
c374_15_016	c374	15	16	1162	1517	48	44	1.375	1.500	0.469	
c374_15_017	c374	15	17	1231	1507	30	32	1.000	0.938	-0.031	
c374_15_018	c374	15	18	1283	1516	70	24	0.750	2.188	0.125	
c374_15_019	c374	15	19	1380	1522	34	56	1.750	1.062	0.812	
c374_15_020	c374	15	20	1432	1513	20	28	0.875	0.625	0.094	
c374_15_021	c374	15	21	1467	1523	28	24	0.750	0.875	0.344	c374_15_m0123
c374_15_022	c374	15	22	1518	1521	30	27	0.844	0.938	0.328	
c374_15_023	c374	15	23	1567	1528	28	22	0.688	0.875	0.469	
c374_15_024	c374	15	24	1614	1535	55	62	1.938	1.719	1.312	
c374_15_025	c374	15	25	1678	1533	36	57	1.781	1.125	1.172	
c374_15_026	c374	15	26	1711	1448	21	46	1.438	0.656	-1.656	
c374_15_027	c374	15	27	1735	1516	78	88	2.750	2.438	1.125	
c374_15_028	c374	15	28	1815	1516	49	59	1.844	1.531	0.672	
c374_15_029	c374	15	29	1864	1541	31	22	0.688	0.969	0.875	
c374_15_030	c374	15	30	1911	1544	29	24	0.750	0.906	1.000	
c374_15_031	c374	15	31	1956	1548	23	26	0.812	0.719	1.156	
c374_15_032	c374	15	32	1980	1547	26	23	0.719	0.812	1.078	
c374_15_033	c374	15	33	2002	1501	44	58	1.812	1.375	0.188	
c374_15_034	c374	15	34	2028	1543	58	33	1.031	1.812	1.109	
c374_15_035	c374	15	35	2089	1555	12	20	0.625	0.375	1.281	
c374_15_036	c374	15	36	2138	1556	22	28	0.875	0.688	1.438	
c374_15_037	c374	15	37	2183	1552	32	28	0.875	1.000	1.312	c374_15_m0120|c374_15_m0121
c374_15_038	c374	15	38	2187	1467	22	31	0.969	0.688	-1.297	
c374_16_001	c374	16	1	221	1596	50	26	0.812	1.562	-0.344	
c374_16_002	c374	16	2	259	1634	42	39	1.219	1.312	1.047	
c374_16_003	c374	16	3	281	1573	51	64	2.000	1.594	-0.469	
c374_16_004	c374	16	4	340	1597	13	27	0.844	0.406	-0.297	
c374_16_005	c374	16	5	349	1609	8	11	0.344	0.250	-0.172	
c374_16_006	c374	16	6	378	1605	20	21	0.656	0.625	-0.141	c374_16_m0126
c374_16_007	c374	16	7	407	1600	26	32	1.000	0.812	-0.125	
c374_16_008	c374	16	8	452	1609	18	31	0.969	0.562	0.141	
c374_16_009	c374	16	9	494	1578	40	50	1.562	1.250	-0.531	
c374_16_010	c374	16	10	552	1607	32	24	0.750	1.000	-0.031	c374_16_m0128
c374_16_011	c374	16	11	604	1610	19	25	0.781	0.594	0.078	
c374_16_012	c374	16	12	666	1600	48	52	1.625	1.500	0.188	
c374_16_013	c374	16	13	736	1611	17	25	0.781	0.531	0.109	
c374_16_014	c374	16	14	768	1589	51	61	1.906	1.594	-0.016	
c374_16_015	c374	16	15	823	1607	23	54	1.688	0.719	0.438	
c374_16_016	c374	16	16	868	1611	30	29	0.906	0.938	0.172	
c374_16_017	c374	16	17	927	1608	38	40	1.250	1.188	0.250	
c374_16_018	c374	16	18	992	1595	43	40	1.250	1.344	-0.156	
c374_16_019	c374	16	19	1032	1607	33	33	1.031	1.031	0.109	
c374_16_020	c374	16	20	1079	1615	35	25	0.781	1.094	0.234	
c374_16_021	c374	16	21	1139	1622	22	36	1.125	0.688	0.625	
c374_16_022	c374	16	22	1176	1622	28	33	1.031	0.875	0.578	
c374_16_023	c374	16	23	1226	1622	37	40	1.250	1.156	0.688	
c374_16_024	c374	16	24	1285	1605	37	39	1.219	1.156	0.141	
c374_16_025	c374	16	25	1313	1599	43	62	1.938	1.344	0.312	
c374_16_026	c374	16	26	1352	1628	45	27	0.844	1.406	0.672	
c374_16_027	c374	16	27	1432	1626	45	34	1.062	1.406	0.719	
c374_16_028	c374	16	28	1489	1605	73	66	2.062	2.281	0.562	
c374_16_029	c374	16	29	1563	1635	27	22	0.688	0.844	0.812	
c374_16_030	c374	16	30	1596	1632	26	25	0.781	0.812	0.766	
c374_16_031	c374	16	31	1638	1615	55	64	2.000	1.719	0.844	
c374_16_032	c374	16	32	1695	1640	31	46	1.438	0.969	1.344	
c374_16_033	c374	16	33	1750	1634	54	35	1.094	1.688	0.984	
c374_16_034	c374	16	34	1816	1649	22	38	1.188	0.688	1.500	
c374_16_035	c374	16	35	1867	1639	28	28	0.875	0.875	1.031	
c374_16_036	c374	16	36	1894	1625	71	92	2.875	2.219	1.594	
c374_16_037	c374	16	37	1964	1650	31	21	0.656	0.969	1.266	
c374_16_038	c374	16	38	2012	1650	21	22	0.688	0.656	1.281	
c374_16_039	c374	16	39	2032	1656	22	17	0.531	0.688	1.391	
c374_16_040	c374	16	40	2050	1634	27	35	1.094	0.844	0.984	
c374_16_041	c374	16	41	2074	1622	38	59	1.844	1.188	0.984	
c374_16_042	c374	16	42	2114	1656	37	51	1.594	1.156	1.922	
c374_16_043	c374	16	43	2164	1659	28	23	0.719	0.875	1.578	c374_16_m0124
c374_16_044	c374	16	44	2202	1659	38	23	0.719	1.188	1.578	
c374_16_045	c374	16	45	2224	1560	32	34	1.062	1.000	-1.344	
c374_16_046	c374	16	46	2261	1663	22	20	0.625	0.688	1.656	c374_16_m0125
c374_16_047	c374	16	47	2287	1670	20	16	0.500	0.625	1.812	
c374_16_048	c374	16	48	2297	1658	23	12	0.375	0.719	1.375	
c374_16_049	c374	16	49	2350	1652	16	12	0.375	0.500	1.188	c374_16_m0127
c374_16_050	c374	16	50	2354	1635	8	16	0.500	0.250	0.719	
c374_17_001	c374	17	1	215	1792	27	41	1.281	0.844	2.141	
c374_17_002	c374	17	2	219	1678	49	80	2.500	1.531	-0.812	
c374_17_003	c374	17	3	265	1698	52	50	1.562	1.625	-0.656	
c374_17_004	c374	17	4	275	1785	22	28	0.875	0.688	1.719	
c374_17_005	c374	17	5	310	1784	42	45	1.406	1.312	1.953	
c374_17_006	c374	17	6	336	1696	35	26	0.812	1.094	-1.094	c374_17_m0134
c374_17_007	c374	17	7	377	1779	33	40	1.250	1.031	1.719	
c374_17_008	c374	17	8	401	1697	67	31	0.969	2.094	-0.984	
c374_17_009	c374	17	9	420	1793	29	34	1.062	0.906	2.062	
c374_17_010	c374	17	10	470	1797	64	23	0.719	2.000	2.016	
c374_17_011	c374	17	11	493	1714	48	20	0.625	1.500	-0.625	
c374_17_012	c374	17	12	517	1773	81	108	3.375	2.531	2.594	c374_17_m0133
c374_17_013	c374	17	13	569	1714	26	19	0.594	0.812	-0.641	
c374_17_014	c374	17	14	608	1790	32	39	1.219	1.000	2.047	
c374_17_015	c374	17	15	611	1696	40	44	1.375	1.250	-0.812	
c374_17_016	c374	17	16	654	1715	30	45	1.406	0.938	-0.203	
c374_17_017	c374	17	17	670	1786	43	40	1.250	1.344	1.938	
c374_17_018	c374	17	18	704	1797	34	29	0.906	1.062	2.109	
c374_17_019	c374	17	19	714	1716	20	39	1.219	0.625	-0.266	
c374_17_020	c374	17	20	767	1717	40	26	0.812	1.250	-0.438	c374_17_m0132
c374_17_021	c374	17	21	768	1806	29	47	1.469	0.906	2.672	
c374_17_022	c374	17	22	821	1786	42	43	1.344	1.312	1.984	
c374_17_023	c374	17	23	840	1718	45	38	1.188	1.406	-0.219	
c374_17_024	c374	17	24	860	1770	38	65	2.031	1.188	1.828	c374_17_m0130
c374_17_025	c374	17	25	880	1690	70	88	2.750	2.188	-0.312	
c374_17_026	c374	17	26	947	1721	17	22	0.688	0.531	-0.375	
c374_17_027	c374	17	27	966	1714	34	33	1.031	1.062	-0.422	
c374_17_028	c374	17	28	1016	1713	35	38	1.188	1.094	-0.375	
c374_17_029	c374	17	29	1063	1757	12	11	0.344	0.375	0.578	
c374_17_030	c374	17	30	1070	1730	18	24	0.750	0.562	-0.062	
c374_17_031	c374	17	31	1160	1712	28	35	1.094	0.875	-0.453	
c374_17_032	c374	17	32	1219	1720	51	32	1.000	1.594	-0.250	
c374_17_033	c374	17	33	1280	1733	24	21	0.656	0.750	-0.016	
c374_17_034	c374	17	34	1316	1729	27	25	0.781	0.844	-0.078	
c374_17_035	c374	17	35	1357	1734	33	52	1.625	1.031	0.500	
c374_17_036	c374	17	36	1403	1734	26	25	0.781	0.812	0.078	
c374_17_037	c374	17	37	1457	1724	35	37	1.156	1.094	-0.047	
c374_17_038	c374	17	38	1500	1729	46	34	1.062	1.438	0.062	
c374_17_039	c374	17	39	1566	1745	20	34	1.062	0.625	0.562	
c374_17_040	c374	17	40	1639	1738	48	39	1.219	1.500	0.422	
c374_17_041	c374	17	41	1704	1744	25	26	0.812	0.781	0.406	
c374_17_042	c374	17	42	1786	1742	30	31	0.969	0.938	0.422	
c374_17_043	c374	17	43	1838	1755	26	21	0.656	0.812	0.672	
c374_17_044	c374	17	44	1880	1747	91	56	1.750	2.844	0.969	
c374_17_045	c374	17	45	2039	1765	19	19	0.594	0.594	0.953	
c374_17_046	c374	17	46	2068	1732	15	40	1.250	0.469	0.250	
c374_17_047	c374	17	47	2114	1760	24	24	0.750	0.750	0.875	
c374_17_048	c374	17	48	2168	1743	60	89	2.781	1.875	1.359	
c374_17_049	c374	17	49	2211	1731	48	70	2.188	1.500	0.688	
c374_17_050	c374	17	50	2268	1757	18	24	0.750	0.562	0.781	
c374_17_051	c374	17	51	2287	1750	37	35	1.094	1.156	0.734	
c374_17_052	c374	17	52	2328	1764	14	25	0.781	0.438	1.016	
c374_17_053	c374	17	53	2346	1704	33	111	3.469	1.031	0.484	c374_17_m0129|c374_17_m0131
c374_18_001	c374	18	1	184	1931	27	31	0.969	0.844	1.047	
c374_18_002	c374	18	2	207	1880	33	59	1.844	1.031	-0.109	c374_18_m0142
c374_18_003	c374	18	3	269	1888	52	37	1.156	1.625	-0.203	
c374_18_004	c374	18	4	345	1897	18	32	1.000	0.562	0.000	
c374_18_005	c374	18	5	380	1897	28	34	1.062	0.875	0.031	
c374_18_006	c374	18	6	430	1891	83	55	1.719	2.594	0.172	c374_18_m0135
c374_18_007	c374	18	7	527	1902	21	18	0.562	0.656	-0.062	
c374_18_008	c374	18	8	548	1893	30	29	0.906	0.938	-0.172	
c374_18_009	c374	18	9	586	1903	31	49	1.531	0.969	0.453	
c374_18_010	c374	18	10	640	1904	26	24	0.750	0.812	0.094	
c374_18_011	c374	18	11	679	1904	40	24	0.750	1.250	0.094	
c374_18_012	c374	18	12	738	1896	30	29	0.906	0.938	-0.078	
c374_18_013	c374	18	13	788	1878	74	59	1.844	2.312	-0.172	
c374_18_014	c374	18	14	883	1898	42	39	1.219	1.312	0.141	
c374_18_015	c374	18	15	908	1812	31	50	1.562	0.969	-2.375	
c374_18_016	c374	18	16	958	1912	37	40	1.250	1.156	0.594	
c374_18_017	c374	18	17	970	1817	19	32	1.000	0.594	-2.500	
c374_18_018	c374	18	18	993	1895	10	21	0.656	0.312	-0.234	
c374_18_019	c374	18	19	1013	1911	31	24	0.750	0.969	0.312	
c374_18_020	c374	18	20	1021	1816	26	27	0.844	0.812	-2.609	
c374_18_021	c374	18	21	1067	1912	27	29	0.906	0.844	0.422	
c374_18_022	c374	18	22	1075	1823	26	22	0.688	0.812	-2.469	
c374_18_023	c374	18	23	1111	1822	23	24	0.750	0.719	-2.469	
c374_18_024	c374	18	24	1115	1920	27	20	0.625	0.844	0.531	
c374_18_025	c374	18	25	1152	1917	84	66	2.062	2.625	1.156	
c374_18_026	c374	18	26	1160	1824	20	24	0.750	0.625	-2.406	
c374_18_027	c374	18	27	1187	1794	65	96	3.000	2.031	-2.219	
c374_18_028	c374	18	28	1256	1812	31	36	1.125	0.969	-2.594	
c374_18_029	c374	18	29	1266	1803	81	154	4.812	2.531	-1.031	c374_18_m0136
c374_18_030	c374	18	30	1363	1824	35	32	1.000	1.094	-2.281	c374_18_m0137
c374_18_031	c374	18	31	1394	1823	61	63	1.969	1.906	-1.828	
c374_18_032	c374	18	32	1408	1932	21	27	0.844	0.656	1.016	
c374_18_033	c374	18	33	1450	1928	27	29	0.906	0.844	0.922	
c374_18_034	c374	18	34	1471	1934	53	52	1.625	1.656	1.469	c374_18_m0140
c374_18_035	c374	18	35	1482	1832	31	28	0.875	0.969	-2.094	
c374_18_036	c374	18	36	1536	1844	24	20	0.625	0.750	-1.844	
c374_18_037	c374	18	37	1538	1937	32	31	0.969	1.000	1.234	
c374_18_038	c374	18	38	1568	1841	22	21	0.656	0.688	-1.922	
c374_18_039	c374	18	39	1590	1938	29	23	0.719	0.906	1.141	
c374_18_040	c374	18	40	1616	1842	29	23	0.719	0.906	-1.859	
c374_18_041	c374	18	41	1642	1941	14	20	0.625	0.438	1.188	
c374_18_042	c374	18	42	1662	1847	22	35	1.094	0.688	-1.516	
c374_18_043	c374	18	43	1662	1937	22	25	0.781	0.688	1.141	
c374_18_044	c374	18	44	1690	1944	18	27	0.844	0.562	1.391	
c374_18_045	c374	18	45	1712	1845	28	21	0.656	0.875	-1.797	
c374_18_046	c374	18	46	1726	1887	16	20	0.625	0.500	-0.500	c374_18_m0145
c374_18_047	c374	18	47	1752	1825	54	78	2.438	1.688	-1.531	
c374_18_048	c374	18	48	1781	1943	28	27	0.844	0.875	1.359	
c374_18_049	c374	18	49	1814	1848	27	20	0.625	0.844	-1.719	
c374_18_050	c374	18	50	1829	1956	35	43	1.344	1.094	2.016	c374_18_m0138|c374_18_m0143
c374_18_051	c374	18	51	1876	1959	27	39	1.219	0.844	2.047	c374_18_m0141
c374_18_052	c374	18	52	1887	1828	14	29	0.906	0.438	-2.203	
c374_18_053	c374	18	53	1903	1853	31	36	1.125	0.969	-1.312	
c374_18_054	c374	18	54	1908	1931	20	35	1.094	0.625	1.109	
c374_18_055	c374	18	55	1932	1956	31	36	1.125	0.969	1.906	
c374_18_056	c374	18	56	1960	1854	20	21	0.656	0.625	-1.516	
c374_18_057	c374	18	57	1983	1852	25	27	0.844	0.781	-1.484	
c374_18_058	c374	18	58	1998	1957	21	19	0.594	0.656	1.672	c374_18_m0139
c374_18_059	c374	18	59	2009	1932	32	22	0.688	1.000	0.938	
c374_18_060	c374	18	60	2024	1856	36	25	0.781	1.125	-1.391	
c374_18_061	c374	18	61	2034	1927	72	62	1.938	2.250	1.406	c374_18_m0144
c374_18_062	c374	18	62	2085	1845	35	39	1.219	1.094	-1.516	
c374_18_063	c374	18	63	2101	1957	31	23	0.719	0.969	1.734	
c374_18_064	c374	18	64	2117	1857	31	31	0.969	0.969	-1.266	
c374_18_065	c374	18	65	2144	1956	48	24	0.750	1.500	1.719	
c374_18_066	c374	18	66	2176	1864	22	25	0.781	0.688	-1.141	
c374_18_067	c374	18	67	2200	1949	52	32	1.000	1.625	1.625	
c374_18_068	c374	18	68	2212	1847	50	49	1.531	1.562	-1.297	
c374_18_069	c374	18	69	2258	1964	22	32	1.000	0.688	2.094	c374_18_m0146
c374_18_070	c374	18	70	2261	1863	30	43	1.344	0.938	-0.891	
c374_18_071	c374	18	71	2296	1959	30	24	0.750	0.938	1.812	
c374_18_072	c374	18	72	2306	1850	36	34	1.062	1.125	-1.438	
c374_19_001	c374	19	1	210	1980	26	34	1.062	0.812	-1.438	
c374_19_002	c374	19	2	213	1972	92	149	4.656	2.875	0.109	
c374_19_003	c374	19	3	306	2061	72	80	2.500	2.250	1.812	
c374_19_004	c374	19	4	314	1984	56	34	1.062	1.750	-1.312	
c374_19_005	c374	19	5	384	2091	35	44	1.375	1.094	2.188	
c374_19_006	c374	19	6	388	1998	18	36	1.125	0.562	-0.844	
c374_19_007	c374	19	7	432	1993	33	27	0.844	1.031	-1.141	
c374_19_008	c374	19	8	435	2092	32	25	0.781	1.000	1.922	
c374_19_009	c374	19	9	483	2087	29	24	0.750	0.906	1.750	
c374_19_010	c374	19	10	485	2024	5	15	0.469	0.156	-0.359	
c374_19_011	c374	19	11	489	2001	31	22	0.688	0.969	-0.969	
c374_19_012	c374	19	12	539	2093	34	30	0.938	1.062	2.031	
c374_19_013	c374	19	13	554	1996	27	23	0.719	0.844	-1.109	
c374_19_014	c374	19	14	611	2088	43	63	1.969	1.344	2.391	c374_19_m0149
c374_19_015	c374	19	15	644	1998	17	27	0.844	0.531	-0.984	
c374_19_016	c374	19	16	660	1973	32	51	1.594	1.000	-1.391	
c374_19_017	c374	19	17	680	2072	89	104	3.250	2.781	2.531	
c374_19_018	c374	19	18	725	1985	39	43	1.344	1.219	-1.141	
c374_19_019	c374	19	19	761	1998	33	30	0.938	1.031	-0.938	
c374_19_020	c374	19	20	789	2091	24	36	1.125	0.750	2.062	
c374_19_021	c374	19	21	823	2002	29	21	0.656	0.906	-0.953	
c374_19_022	c374	19	22	838	2106	29	25	0.781	0.906	2.359	
c374_19_023	c374	19	23	866	1984	109	149	4.656	3.406	0.484	c374_19_m0150|c374_19_m0153
c374_19_024	c374	19	24	1014	2008	45	40	1.250	1.406	-0.469	c374_19_m0151
c374_19_025	c374	19	25	1081	2000	78	92	2.875	2.438	0.094	
c374_19_026	c374	19	26	1153	2021	38	51	1.594	1.188	0.109	
c374_19_027	c374	19	27	1211	2018	35	32	1.000	1.094	-0.281	
c374_19_028	c374	19	28	1233	2092	58	13	0.406	1.812	1.734	
c374_19_029	c374	19	29	1253	2022	34	25	0.781	1.062	-0.266	
c374_19_030	c374	19	30	1366	2024	33	27	0.844	1.031	-0.172	
c374_19_031	c374	19	31	1416	2029	35	24	0.750	1.094	-0.062	
c374_19_032	c374	19	32	1482	2029	32	23	0.719	1.000	-0.078	
c374_19_033	c374	19	33	1528	2034	31	23	0.719	0.969	0.078	c374_19_m0154
c374_19_034	c374	19	34	1551	2012	68	94	2.938	2.125	0.500	
c374_19_035	c374	19	35	1673	2035	57	30	0.938	1.781	0.219	
c374_19_036	c374	19	36	1721	2077	37	28	0.875	1.156	1.500	
c374_19_037	c374	19	37	1740	2016	47	62	1.938	1.469	0.125	
c374_19_038	c374	19	38	1770	1992	54	14	0.438	1.688	-1.375	
c374_19_039	c374	19	39	1809	2044	33	23	0.719	1.031	0.391	
c374_19_040	c374	19	40	1855	2045	31	24	0.750	0.969	0.438	
c374_19_041	c374	19	41	1915	2042	19	32	1.000	0.594	0.469	c374_19_m0148
c374_19_042	c374	19	42	1957	2056	35	20	0.625	1.094	0.719	
c374_19_043	c374	19	43	1993	2034	38	32	1.000	1.188	0.219	c374_19_m0152
c374_19_044	c374	19	44	2027	2044	36	36	1.125	1.125	0.594	c374_19_m0147
c374_19_045	c374	19	45	2086	2072	6	24	0.750	0.188	1.281	
c374_19_046	c374	19	46	2096	2057	22	17	0.531	0.688	0.703	
c374_19_047	c374	19	47	2136	2051	17	26	0.812	0.531	0.656	
c374_19_048	c374	19	48	2170	2048	47	31	0.969	1.469	0.641	
c374_19_049	c374	19	49	2219	2035	71	60	1.875	2.219	0.688	
c374_19_050	c374	19	50	2285	2062	24	32	1.000	0.750	1.094	
c374_19_051	c374	19	51	2320	2065	14	27	0.844	0.438	1.109	
c374_20_001	c374	20	1	201	2187	36	23	0.719	1.125	0.016	
c374_20_002	c374	20	2	217	2234	22	25	0.781	0.688	1.516	
c374_20_003	c374	20	3	252	2158	47	75	2.344	1.469	-0.078	
c374_20_004	c374	20	4	317	2185	27	30	0.938	0.844	0.062	c374_20_m0157
c374_20_005	c374	20	5	363	2174	47	43	1.344	1.469	-0.078	
c374_20_006	c374	20	6	402	2170	73	59	1.844	2.281	0.047	
c374_20_007	c374	20	7	464	2189	66	30	0.938	2.062	0.188	c374_20_m0155
c374_20_008	c374	20	8	558	2176	81	95	2.969	2.531	0.797	c374_20_m0159
c374_20_009	c374	20	9	648	2194	30	27	0.844	0.938	0.297	
c374_20_010	c374	20	10	718	2206	40	21	0.656	1.250	0.578	
c374_20_011	c374	20	11	759	2183	37	29	0.906	1.156	-0.016	
c374_20_012	c374	20	12	790	2173	27	57	1.781	0.844	0.109	
c374_20_013	c374	20	13	838	2191	40	39	1.219	1.250	0.391	
c374_20_014	c374	20	14	870	2206	46	49	1.531	1.438	1.016	
c374_20_015	c374	20	15	941	2182	91	94	2.938	2.844	0.969	
c374_20_016	c374	20	16	958	2110	40	47	1.469	1.250	-2.016	
c374_20_017	c374	20	17	993	2213	19	29	0.906	0.594	0.922	
c374_20_018	c374	20	18	1017	2114	23	32	1.000	0.719	-2.125	
c374_20_019	c374	20	19	1039	2205	54	29	0.906	1.688	0.672	
c374_20_020	c374	20	20	1057	2106	51	35	1.094	1.594	-2.328	
c374_20_021	c374	20	21	1111	2208	48	31	0.969	1.500	0.797	
c374_20_022	c374	20	22	1113	2113	33	26	0.812	1.031	-2.250	
c374_20_023	c374	20	23	1173	2122	21	33	1.031	0.656	-1.859	
c374_20_024	c374	20	24	1185	2221	27	25	0.781	0.844	1.109	
c374_20_025	c374	20	25	1215	2101	48	53	1.656	1.500	-2.203	
c374_20_026	c374	20	26	1235	2220	33	25	0.781	1.031	1.078	
c374_20_027	c374	20	27	1284	2225	31	47	1.469	0.969	1.578	
c374_20_028	c374	20	28	1288	2109	51	46	1.438	1.594	-2.062	
c374_20_029	c374	20	29	1348	2228	25	29	0.906	0.781	1.391	
c374_20_030	c374	20	30	1381	2126	27	24	0.750	0.844	-1.875	
c374_20_031	c374	20	31	1385	2213	59	70	2.188	1.844	1.562	
c374_20_032	c374	20	32	1434	2117	44	42	1.312	1.375	-1.875	
c374_20_033	c374	20	33	1451	2241	33	21	0.656	1.031	1.672	
c374_20_034	c374	20	34	1496	2140	29	25	0.781	0.906	-1.422	
c374_20_035	c374	20	35	1501	2221	40	55	1.719	1.250	1.578	
c374_20_036	c374	20	36	1540	2144	43	28	0.875	1.344	-1.250	
c374_20_037	c374	20	37	1542	2244	31	19	0.594	0.969	1.734	
c374_20_038	c374	20	38	1584	2246	21	21	0.656	0.656	1.828	
c374_20_039	c374	20	39	1599	2151	26	23	0.719	0.812	-1.109	
c374_20_040	c374	20	40	1610	2239	29	31	0.969	0.906	1.766	
c374_20_041	c374	20	41	1617	2127	80	86	2.688	2.500	-0.875	c374_20_m0161
c374_20_042	c374	20	42	1650	2246	31	23	0.719	0.969	1.859	
c374_20_043	c374	20	43	1699	2247	39	31	0.969	1.219	2.016	
c374_20_044	c374	20	44	1704	2143	35	28	0.875	1.094	-1.281	
c374_20_045	c374	20	45	1751	2228	38	40	1.250	1.188	1.562	c374_20_m0160
c374_20_046	c374	20	46	1761	2143	40	29	0.906	1.250	-1.266	
c374_20_047	c374	20	47	1800	2242	28	30	0.938	0.875	1.844	
c374_20_048	c374	20	48	1823	2133	50	61	1.906	1.562	-1.078	
c374_20_049	c374	20	49	1848	2255	25	25	0.781	0.781	2.172	
c374_20_050	c374	20	50	1888	2128	88	96	3.000	2.750	-0.688	
c374_20_051	c374	20	51	1963	2259	31	20	0.625	0.969	2.219	
c374_20_052	c374	20	52	1970	2158	33	22	0.688	1.031	-0.906	c374_20_m0156|c374_20_m0158
c374_20_053	c374	20	53	2032	2139	36	62	1.938	1.125	-0.875	
c374_20_054	c374	20	54	2082	2169	27	21	0.656	0.844	-0.578	
c374_20_055	c374	20	55	2109	2152	75	56	1.750	2.344	-0.562	
c374_20_056	c374	20	56	2176	2168	31	46	1.438	0.969	-0.219	
c374_20_057	c374	20	57	2227	2192	20	15	0.469	0.625	0.047	c374_20_m0162
c374_20_058	c374	20	58	2274	2161	28	32	1.000	0.875	-0.656	
c374_21_001	c374	21	1	216	2292	29	21	0.656	0.906	-1.047	
c374_21_002	c374	21	2	275	2339	12	26	0.812	0.375	0.500	c374_21_m0165|c374_21_m0168|c374_21_m0169
c374_21_003	c374	21	3	285	2298	50	41	1.281	1.562	-0.547	c374_21_m0164
c374_21_004	c374	21	4	307	2273	47	32	1.000	1.469	-1.469	
c374_21_005	c374	21	5	309	2343	4	13	0.406	0.125	0.422	
c374_21_006	c374	21	6	357	2294	29	25	0.781	0.906	-0.922	c374_21_m0166
c374_21_007	c374	21	7	407	2311	5	21	0.656	0.156	-0.453	
c374_21_008	c374	21	8	411	2298	30	18	0.562	0.938	-0.906	
c374_21_009	c374	21	9	461	2296	58	48	1.500	1.812	-0.500	
c374_21_010	c374	21	10	549	2299	27	22	0.688	0.844	-0.812	
c374_21_011	c374	21	11	593	2291	67	34	1.062	2.094	-0.875	
c374_21_012	c374	21	12	664	2279	10	21	0.656	0.312	-1.453	
c374_21_013	c374	21	13	675	2304	30	58	1.812	0.938	-0.094	
c374_21_014	c374	21	14	731	2290	42	36	1.125	1.312	-0.875	
c374_21_015	c374	21	15	774	2308	20	30	0.938	0.625	-0.406	c374_21_m0171|c374_21_m0172|c374_21_m0173
c374_21_016	c374	21	16	873	2304	34	38	1.188	1.062	-0.406	
c374_21_017	c374	21	17	928	2316	46	22	0.688	1.438	-0.281	
c374_21_018	c374	21	18	976	2313	33	27	0.844	1.031	-0.297	
c374_21_019	c374	21	19	1027	2315	32	23	0.719	1.000	-0.297	
c374_21_020	c374	21	20	1073	2318	39	34	1.062	1.219	-0.031	
c374_21_021	c374	21	21	1114	2298	22	32	1.000	0.688	-0.688	
c374_21_022	c374	21	22	1135	2317	36	46	1.438	1.125	0.125	
c374_21_023	c374	21	23	1198	2309	58	36	1.125	1.812	-0.281	
c374_21_024	c374	21	24	1262	2326	19	28	0.875	0.594	0.125	
c374_21_025	c374	21	25	1351	2270	44	85	2.656	1.375	-0.734	
c374_21_026	c374	21	26	1408	2333	23	28	0.875	0.719	0.344	c374_21_m0170
c374_21_027	c374	21	27	1444	2332	43	25	0.781	1.344	0.266	c374_21_m0163|c374_21_m0167
c374_21_028	c374	21	28	1497	2331	26	29	0.906	0.812	0.297	
c374_21_029	c374	21	29	1531	2332	27	23	0.719	0.844	0.234	
c374_21_030	c374	21	30	1614	2332	33	36	1.125	1.031	0.438	
c374_21_031	c374	21	31	1662	2350	21	39	1.219	0.656	1.047	
c374_21_032	c374	21	32	1749	2349	41	27	0.844	1.281	0.828	
c374_21_033	c374	21	33	1808	2328	87	86	2.688	2.719	1.094	
c374_21_034	c374	21	34	1896	2337	45	39	1.219	1.406	0.641	
c374_21_035	c374	21	35	1907	2255	33	30	0.938	1.031	-2.062	
c374_21_036	c374	21	36	1951	2357	47	37	1.156	1.469	1.234	
c374_21_037	c374	21	37	2007	2254	50	28	0.875	1.562	-2.125	
c374_21_038	c374	21	38	2011	2358	22	24	0.750	0.688	1.062	
c374_21_039	c374	21	39	2038	2353	30	25	0.781	0.938	0.922	
c374_21_040	c374	21	40	2059	2260	44	43	1.344	1.375	-1.703	
c374_21_041	c374	21	41	2084	2351	27	29	0.906	0.844	0.922	
c374_21_042	c374	21	42	2100	2232	73	97	3.031	2.281	-1.734	
c374_21_043	c374	21	43	2124	2356	82	24	0.750	2.562	1.000	
c374_21_044	c374	21	44	2174	2259	30	24	0.750	0.938	-2.031	
c374_21_045	c374	21	45	2209	2269	34	42	1.312	1.062	-1.438	
c374_21_046	c374	21	46	2258	2270	40	21	0.656	1.250	-1.734	
c374_21_047	c374	21	47	2299	2270	29	25	0.781	0.906	-1.672	
c374_22_001	c374	22	1	205	2387	37	37	1.156	1.156	-0.484	
c374_22_002	c374	22	2	245	2405	27	36	1.125	0.844	0.062	
c374_22_003	c374	22	3	275	2382	64	82	2.562	2.000	0.062	
c374_22_004	c374	22	4	358	2400	45	30	0.938	1.406	-0.188	c374_22_m0174
c374_22_005	c374	22	5	443	2388	74	41	1.281	2.312	-0.391	
c374_22_006	c374	22	6	508	2376	21	28	0.875	0.656	-0.969	
c374_22_007	c374	22	7	521	2406	33	46	1.438	1.031	0.250	
c374_22_008	c374	22	8	570	2407	42	22	0.688	1.312	-0.094	
c374_22_009	c374	22	9	625	2395	43	39	1.219	1.344	-0.203	
c374_22_010	c374	22	10	672	2403	40	52	1.625	1.250	0.250	
c374_22_011	c374	22	11	733	2408	39	25	0.781	1.219	-0.016	
c374_22_012	c374	22	12	805	2409	32	58	1.812	1.000	0.531	
c374_22_013	c374	22	13	854	2390	38	42	1.312	1.188	-0.312	
c374_22_014	c374	22	14	901	2405	32	28	0.875	1.000	-0.062	
c374_22_015	c374	22	15	955	2411	27	21	0.656	0.844	0.016	
c374_22_016	c374	22	16	993	2406	27	24	0.750	0.844	-0.094	
c374_22_017	c374	22	17	1049	2411	29	25	0.781	0.906	0.078	
c374_22_018	c374	22	18	1099	2404	42	36	1.125	1.312	0.031	
c374_22_019	c374	22	19	1141	2420	31	25	0.781	0.969	0.359	
c374_22_020	c374	22	20	1194	2412	48	30	0.938	1.500	0.188	
c374_22_021	c374	22	21	1262	2417	49	31	0.969	1.531	0.359	
c374_22_022	c374	22	22	1330	2427	25	19	0.594	0.781	0.484	
c374_22_023	c374	22	23	1373	2419	30	26	0.812	0.938	0.344	
c374_22_024	c374	22	24	1416	2427	52	36	1.125	1.625	0.750	
c374_22_025	c374	22	25	1482	2433	23	23	0.719	0.719	0.734	
c374_22_026	c374	22	26	1498	2417	30	12	0.375	0.938	0.062	
c374_22_027	c374	22	27	1517	2417	53	81	2.531	1.656	1.141	
c374_22_028	c374	22	28	1578	2427	58	38	1.188	1.812	0.781	
c374_22_029	c374	22	29	1663	2447	32	28	0.875	1.000	1.250	
c374_22_030	c374	22	30	1707	2438	28	55	1.719	0.875	1.391	
c374_22_031	c374	22	31	1755	2450	36	45	1.406	1.125	1.609	
c374_22_032	c374	22	32	1794	2449	51	25	0.781	1.594	1.266	
c374_22_033	c374	22	33	1852	2427	48	48	1.500	1.500	0.938	
c374_22_034	c374	22	34	1884	2448	39	30	0.938	1.219	1.312	
c374_22_035	c374	22	35	1953	2444	30	28	0.875	0.938	1.156	
c374_22_036	c374	22	36	2006	2432	42	42	1.312	1.312	1.000	
c374_22_037	c374	22	37	2143	2448	53	34	1.062	1.656	1.375	
c374_22_038	c374	22	38	2205	2360	41	42	1.312	1.281	-1.250	
c374_22_039	c374	22	39	2236	2345	65	119	3.719	2.031	-0.516	
c374_22_040	c374	22	40	2296	2421	12	16	0.500	0.375	0.250	
c374_22_041	c374	22	41	2301	2375	21	26	0.812	0.656	-1.031	
c374_23_001	c374	23	1	193	2496	31	31	0.969	0.969	-0.391	
c374_23_002	c374	23	2	250	2507	20	32	1.000	0.625	-0.031	
c374_23_003	c374	23	3	317	2501	33	47	1.469	1.031	0.016	
c374_23_004	c374	23	4	381	2484	37	56	1.750	1.156	-0.375	c374_23_m0175
c374_23_005	c374	23	5	437	2486	47	39	1.219	1.469	-0.578	
c374_23_006	c374	23	6	479	2494	34	34	1.062	1.062	-0.406	
c374_23_007	c374	23	7	541	2500	40	30	0.938	1.250	-0.281	
c374_23_008	c374	23	8	605	2506	25	41	1.281	0.781	0.078	
c374_23_009	c374	23	9	661	2498	59	33	1.031	1.844	-0.297	
c374_23_010	c374	23	10	729	2512	24	35	1.094	0.750	0.172	
c374_23_011	c374	23	11	778	2503	31	33	1.031	0.969	-0.141	
c374_23_012	c374	23	12	826	2513	28	25	0.781	0.875	0.047	
c374_23_013	c374	23	13	874	2508	56	32	1.000	1.750	0.000	
c374_23_014	c374	23	14	960	2504	29	33	1.031	0.906	-0.109	
c374_23_015	c374	23	15	1011	2515	46	44	1.375	1.438	0.406	
c374_23_016	c374	23	16	1056	2499	63	78	2.438	1.969	0.438	
c374_23_017	c374	23	17	1136	2519	17	33	1.031	0.531	0.359	
c374_23_018	c374	23	18	1185	2521	27	35	1.094	0.844	0.453	
c374_23_019	c374	23	19	1207	2525	15	12	0.375	0.469	0.219	
c374_23_020	c374	23	20	1224	2496	14	22	0.688	0.438	-0.531	
c374_23_021	c374	23	21	1240	2524	22	29	0.906	0.688	0.453	
c374_23_022	c374	23	22	1328	2526	48	36	1.125	1.500	0.625	
c374_23_023	c374	23	23	1394	2511	43	41	1.281	1.344	0.234	
c374_23_024	c374	23	24	1428	2518	50	42	1.312	1.562	0.469	
c374_23_025	c374	23	25	1454	2541	95	50	1.562	2.969	1.312	
c374_23_026	c374	23	26	1498	2478	8	18	0.562	0.250	-1.156	
c374_23_027	c374	23	27	1632	2482	57	118	3.688	1.781	0.531	c374_23_m0177
c374_23_028	c374	23	28	1708	2528	56	60	1.875	1.750	1.062	
c374_23_029	c374	23	29	1757	2528	60	54	1.688	1.875	0.969	
c374_23_030	c374	23	30	1821	2545	49	32	1.000	1.531	1.156	
c374_23_031	c374	23	31	1890	2558	39	51	1.594	1.219	1.859	
c374_23_032	c374	23	32	1948	2540	29	43	1.344	0.906	1.172	
c374_23_033	c374	23	33	2016	2530	64	56	1.750	2.000	1.062	
c374_23_034	c374	23	34	2055	2434	81	85	2.656	2.531	-1.484	
c374_23_035	c374	23	35	2204	2457	50	38	1.188	1.562	-1.500	
c374_23_036	c374	23	36	2328	2512	5	14	0.438	0.156	-0.156	c374_23_m0176
c374_24_001	c374	24	1	165	2580	87	67	2.094	2.719	-0.453	
c374_24_002	c374	24	2	254	2608	25	23	0.719	0.781	-0.266	
c374_24_003	c374	24	3	298	2591	46	50	1.562	1.438	-0.375	
c374_24_004	c374	24	4	346	2604	39	60	1.875	1.219	0.188	
c374_24_005	c374	24	5	407	2594	37	37	1.156	1.156	-0.484	
c374_24_006	c374	24	6	449	2605	57	31	0.969	1.781	-0.234	
c374_24_007	c374	24	7	524	2606	27	30	0.938	0.844	-0.219	
c374_24_008	c374	24	8	583	2597	45	40	1.250	1.406	-0.344	
c374_24_009	c374	24	9	636	2618	26	26	0.812	0.812	0.094	
c374_24_010	c374	24	10	681	2605	58	31	0.969	1.812	-0.234	
c374_24_011	c374	24	11	748	2608	33	34	1.062	1.031	-0.094	
c374_24_012	c374	24	12	810	2597	79	46	1.438	2.469	-0.250	
c374_24_013	c374	24	13	909	2621	34	52	1.625	1.062	0.594	
c374_24_014	c374	24	14	989	2612	32	31	0.969	1.000	-0.016	
c374_24_015	c374	24	15	1033	2614	64	61	1.906	2.000	0.516	
c374_24_016	c374	24	16	1044	2567	31	25	0.781	0.969	-1.516	
c374_24_017	c374	24	17	1113	2613	33	35	1.094	1.031	0.078	
c374_24_018	c374	24	18	1143	2674	38	10	0.312	1.188	1.594	
c374_24_019	c374	24	19	1167	2618	44	58	1.812	1.375	0.594	
c374_24_020	c374	24	20	1247	2613	53	71	2.219	1.656	0.641	
c374_24_021	c374	24	21	1294	2638	30	43	1.344	0.938	0.984	
c374_24_022	c374	24	22	1325	2631	19	19	0.594	0.594	0.391	
c374_24_023	c374	24	23	1365	2624	56	36	1.125	1.750	0.438	
c374_24_024	c374	24	24	1436	2621	46	45	1.406	1.438	0.484	
c374_24_025	c374	24	25	1501	2619	90	71	2.219	2.812	0.828	
c374_24_026	c374	24	26	1606	2643	29	28	0.875	0.906	0.906	
c374_24_027	c374	24	27	1650	2651	33	39	1.219	1.031	1.328	
c374_24_028	c374	24	28	1677	2626	33	55	1.719	1.031	0.797	
c374_24_029	c374	24	29	1702	2647	43	43	1.344	1.344	1.266	
c374_24_030	c374	24	30	1741	2579	58	96	3.000	1.812	-0.031	
c374_24_031	c374	24	31	1824	2619	85	61	1.906	2.656	0.672	
c374_24_032	c374	24	32	1899	2643	37	39	1.219	1.156	1.078	
c374_24_033	c374	24	33	1930	2654	35	29	0.906	1.094	1.266	
c374_24_034	c374	24	34	1984	2660	43	27	0.844	1.344	1.422	c374_24_m0178
c374_24_035	c374	24	35	2050	2656	68	34	1.062	2.125	1.406	
c374_24_036	c374	24	36	2076	2566	34	44	1.375	1.062	-1.250	
c374_24_037	c374	24	37	2108	2647	67	43	1.344	2.094	1.266	
c374_24_038	c374	24	38	2139	2568	53	39	1.219	1.656	-1.266	
c374_24_039	c374	24	39	2197	2646	43	44	1.375	1.344	1.250	
c374_24_040	c374	24	40	2211	2569	28	28	0.875	0.875	-1.406	
c374_24_041	c374	24	41	2314	2564	31	126	3.938	0.969	-0.031	
c375_01_001	c375	1	1	47	15	67	62	1.512	1.634	-0.659	c375_01_m0004
c375_01_002	c375	1	2	138	44	28	47	1.146	0.683	-0.134	
c375_01_003	c375	1	3	217	53	44	30	0.732	1.073	-0.122	
c375_01_004	c375	1	4	286	2	182	137	3.341	4.439	-0.061	c375_01_m0005
c375_01_005	c375	1	5	494	52	41	28	0.683	1.000	-0.171	c375_01_m0002|c375_01_m0003
c375_01_006	c375	1	6	556	58	24	38	0.927	0.585	0.098	c375_01_m0001
c375_01_007	c375	1	7	634	54	49	46	1.122	1.195	0.098	
c375_01_008	c375	1	8	680	12	23	42	1.024	0.561	-0.976	
c375_01_009	c375	1	9	716	39	30	44	1.073	0.732	-0.293	
c375_01_010	c375	1	10	772	59	43	28	0.683	1.049	0.000	
c375_01_011	c375	1	11	836	65	42	28	0.683	1.024	0.146	
c375_01_012	c375	1	12	896	63	32	33	0.805	0.780	0.159	
c375_01_013	c375	1	13	956	67	38	31	0.756	0.927	0.232	
c375_01_014	c375	1	14	1022	68	42	35	0.854	1.024	0.305	
c375_01_015	c375	1	15	1092	73	64	72	1.756	1.561	0.878	
c375_01_016	c375	1	16	1181	61	46	51	1.244	1.122	0.329	
c375_01_017	c375	1	17	1254	89	29	44	1.073	0.707	0.927	
c375_01_018	c375	1	18	1387	86	70	38	0.927	1.707	0.780	
c375_01_019	c375	1	19	1472	72	54	61	1.488	1.317	0.720	
c375_01_020	c375	1	20	1515	98	47	34	0.829	1.146	1.024	
c375_01_021	c375	1	21	1658	79	39	52	1.268	0.951	0.780	
c375_01_022	c375	1	22	1734	95	28	35	0.854	0.683	0.963	
c375_01_023	c375	1	23	1754	65	88	134	3.268	2.146	1.439	
c375_01_024	c375	1	24	1859	79	56	57	1.390	1.366	0.841	
c375_01_025	c375	1	25	1908	100	57	36	0.878	1.390	1.098	
c375_01_026	c375	1	26	1990	113	34	40	0.976	0.829	1.463	
c375_01_027	c375	1	27	2050	110	28	41	1.000	0.683	1.402	
c375_01_028	c375	1	28	2073	90	35	16	0.390	0.854	0.610	
c375_01_029	c375	1	29	2099	104	60	61	1.488	1.463	1.500	
c375_01_030	c375	1	30	2178	123	37	31	0.756	0.902	1.598	
c375_01_031	c375	1	31	2269	144	16	14	0.341	0.390	1.902	
c375_02_001	c375	2	1	33	171	69	42	1.024	1.683	-0.951	
c375_02_002	c375	2	2	123	183	24	38	0.927	0.585	-0.707	c375_02_m0012
c375_02_003	c375	2	3	175	156	71	75	1.829	1.732	-0.915	
c375_02_004	c375	2	4	265	173	42	28	0.683	1.024	-1.073	c375_02_m0013|c375_02_m0015
c375_02_005	c375	2	5	334	160	48	48	1.171	1.171	-1.146	
c375_02_006	c375	2	6	396	176	44	42	1.024	1.073	-0.829	
c375_02_007	c375	2	7	478	176	42	55	1.341	1.024	-0.671	
c375_02_008	c375	2	8	606	184	51	32	0.780	1.244	-0.756	c375_02_m0007|c375_02_m0009|c375_02_m0010
c375_02_009	c375	2	9	734	191	47	27	0.659	1.146	-0.646	
c375_02_010	c375	2	10	786	188	53	58	1.415	1.293	-0.341	
c375_02_011	c375	2	11	865	190	22	35	0.854	0.537	-0.573	c375_02_m0014
c375_02_012	c375	2	12	908	201	53	28	0.683	1.293	-0.390	
c375_02_013	c375	2	13	981	188	65	64	1.561	1.585	-0.268	c375_02_m0011
c375_02_014	c375	2	14	1043	170	77	85	2.073	1.878	-0.451	
c375_02_015	c375	2	15	1119	209	31	30	0.732	0.756	-0.171	
c375_02_016	c375	2	16	1167	196	105	84	2.049	2.561	0.171	
c375_02_017	c375	2	17	1310	183	36	61	1.488	0.878	-0.427	
c375_02_018	c375	2	18	1386	209	62	40	0.976	1.512	-0.049	
c375_02_019	c375	2	19	1471	176	76	102	2.488	1.854	-0.098	
c375_02_020	c375	2	20	1557	219	34	30	0.732	0.829	0.073	
c375_02_021	c375	2	21	1611	220	44	30	0.732	1.073	0.098	
c375_02_022	c375	2	22	1671	219	40	37	0.902	0.976	0.159	c375_02_m0016
c375_02_023	c375	2	23	1737	229	36	37	0.902	0.878	0.402	
c375_02_024	c375	2	24	1802	208	58	59	1.439	1.415	0.159	c375_02_m0006
c375_02_025	c375	2	25	1877	234	56	74	1.805	1.366	0.976	
c375_02_026	c375	2	26	1955	235	27	29	0.707	0.659	0.451	
c375_02_027	c375	2	27	2016	237	33	40	0.976	0.805	0.634	
c375_02_028	c375	2	28	2083	221	35	44	1.073	0.854	0.293	
c375_02_029	c375	2	29	2138	245	35	31	0.756	0.854	0.720	
c375_02_030	c375	2	30	2197	229	40	50	1.220	0.976	0.561	
c375_02_031	c375	2	31	2224	141	24	35	0.854	0.585	-1.768	
c375_02_032	c375	2	32	2235	225	67	83	2.024	1.634	0.866	c375_02_m0008
c375_02_033	c375	2	33	2288	141	26	34	0.829	0.634	-1.780	
c375_02_034	c375	2	34	2301	264	21	25	0.610	0.512	1.110	
c375_03_001	c375	3	1	54	308	67	51	1.244	1.634	-0.085	
c375_03_002	c375	3	2	110	281	102	119	2.902	2.488	0.085	
c375_03_003	c375	3	3	201	299	85	79	1.927	2.073	0.037	
c375_03_004	c375	3	4	313	310	40	34	0.829	0.976	-0.244	
c375_03_005	c375	3	5	396	312	47	35	0.854	1.146	-0.183	
c375_03_006	c375	3	6	490	292	58	57	1.390	1.415	-0.402	
c375_03_007	c375	3	7	564	321	37	50	1.220	0.902	0.220	
c375_03_008	c375	3	8	600	323	21	17	0.415	0.512	-0.134	
c375_03_009	c375	3	9	616	292	20	31	0.756	0.488	-0.720	
c375_03_010	c375	3	10	658	295	52	55	1.341	1.268	-0.354	
c375_03_011	c375	3	11	719	286	94	108	2.634	2.293	0.073	
c375_03_012	c375	3	12	813	323	43	50	1.220	1.049	0.268	
c375_03_013	c375	3	13	894	312	39	44	1.073	0.951	-0.073	
c375_03_014	c375	3	14	953	327	31	47	1.146	0.756	0.329	
c375_03_015	c375	3	15	1004	317	82	77	1.878	2.000	0.451	
c375_03_016	c375	3	16	1114	313	54	50	1.220	1.317	0.024	
c375_03_017	c375	3	17	1173	339	28	42	1.024	0.683	0.561	
c375_03_018	c375	3	18	1228	341	21	32	0.780	0.512	0.488	
c375_03_019	c375	3	19	1299	326	42	43	1.049	1.024	0.256	
c375_03_020	c375	3	20	1365	339	37	31	0.756	0.902	0.427	
c375_03_021	c375	3	21	1416	335	37	34	0.829	0.902	0.366	
c375_03_022	c375	3	22	1453	274	21	38	0.927	0.512	-1.073	
c375_03_023	c375	3	23	1469	333	38	38	0.927	0.927	0.366	c375_03_m0017
c375_03_024	c375	3	24	1525	317	88	75	1.829	2.146	0.427	
c375_03_025	c375	3	25	1619	330	47	44	1.073	1.146	0.366	
c375_03_026	c375	3	26	1663	343	50	35	0.854	1.220	0.573	
c375_03_027	c375	3	27	1724	354	17	28	0.683	0.415	0.756	
c375_03_028	c375	3	28	1780	312	77	96	2.341	1.878	0.561	
c375_03_029	c375	3	29	1852	343	34	55	1.341	0.829	0.817	
c375_03_030	c375	3	30	1935	353	63	83	2.024	1.537	1.402	
c375_03_031	c375	3	31	1963	280	57	46	1.122	1.390	-0.829	
c375_03_032	c375	3	32	2021	324	88	77	1.878	2.146	0.622	
c375_03_033	c375	3	33	2100	357	44	27	0.659	1.073	0.817	
c375_03_034	c375	3	34	2175	359	28	34	0.829	0.683	0.951	
c375_03_035	c375	3	35	2221	373	24	34	0.829	0.585	1.293	
c375_03_036	c375	3	36	2272	381	48	25	0.610	1.171	1.378	
c375_04_001	c375	4	1	43	427	44	39	0.951	1.073	-0.549	
c375_04_002	c375	4	2	117	412	123	117	2.854	3.000	0.037	
c375_04_003	c375	4	3	255	437	82	47	1.146	2.000	-0.207	
c375_04_004	c375	4	4	345	431	74	44	1.073	1.805	-0.390	
c375_04_005	c375	4	5	432	443	37	32	0.780	0.902	-0.244	
c375_04_006	c375	4	6	494	448	64	27	0.659	1.561	-0.183	
c375_04_007	c375	4	7	565	450	53	59	1.439	1.293	0.256	
c375_04_008	c375	4	8	651	446	52	28	0.683	1.268	-0.220	
c375_04_009	c375	4	9	721	422	113	121	2.951	2.756	0.329	
c375_04_010	c375	4	10	853	442	38	39	0.951	0.927	-0.183	
c375_04_011	c375	4	11	902	439	78	105	2.561	1.902	0.549	
c375_04_012	c375	4	12	991	418	59	96	2.341	1.439	-0.073	
c375_04_013	c375	4	13	1054	444	65	44	1.073	1.585	-0.073	
c375_04_014	c375	4	14	1133	449	40	42	1.024	0.976	0.024	c375_04_m0019
c375_04_015	c375	4	15	1195	460	46	63	1.537	1.122	0.549	
c375_04_016	c375	4	16	1263	466	32	28	0.683	0.780	0.268	
c375_04_017	c375	4	17	1312	518	48	11	0.268	1.171	1.329	
c375_04_018	c375	4	18	1317	441	40	38	0.927	0.976	-0.220	
c375_04_019	c375	4	19	1365	463	58	65	1.585	1.415	0.646	
c375_04_020	c375	4	20	1466	457	80	40	0.976	1.951	0.195	
c375_04_021	c375	4	21	1576	435	67	59	1.439	1.634	-0.110	
c375_04_022	c375	4	22	1656	464	36	53	1.293	0.878	0.524	
c375_04_023	c375	4	23	1736	463	79	45	1.098	1.927	0.402	
c375_04_024	c375	4	24	1835	482	47	92	2.244	1.146	1.439	c375_04_m0018
c375_04_025	c375	4	25	1897	453	70	113	2.756	1.707	0.988	
c375_04_026	c375	4	26	1961	455	90	76	1.854	2.195	0.585	
c375_04_027	c375	4	27	2051	486	46	49	1.195	1.122	1.012	
c375_04_028	c375	4	28	2119	475	46	48	1.171	1.122	0.732	
c375_04_029	c375	4	29	2157	492	65	35	0.854	1.585	0.988	
c375_04_030	c375	4	30	2261	510	14	29	0.707	0.341	1.354	
c375_04_031	c375	4	31	2290	507	18	25	0.610	0.439	1.232	
c375_05_001	c375	5	1	40	571	33	33	0.805	0.805	-0.305	
c375_05_002	c375	5	2	97	559	30	34	0.829	0.732	-0.585	c375_05_m0020
c375_05_003	c375	5	3	154	558	30	36	0.878	0.732	-0.585	
c375_05_004	c375	5	4	221	556	69	40	0.976	1.683	-0.585	
c375_05_005	c375	5	5	270	627	23	25	0.610	0.561	0.963	
c375_05_006	c375	5	6	300	585	26	65	1.585	0.634	0.427	c375_05_m0022
c375_05_007	c375	5	7	323	577	18	31	0.756	0.439	-0.183	c375_05_m0021
c375_05_008	c375	5	8	385	566	31	32	0.780	0.756	-0.439	
c375_05_009	c375	5	9	446	567	44	35	0.854	1.073	-0.378	
c375_05_010	c375	5	10	518	574	20	33	0.805	0.488	-0.232	
c375_05_011	c375	5	11	592	551	143	104	2.537	3.488	0.073	
c375_05_012	c375	5	12	755	556	67	79	1.927	1.634	-0.110	
c375_05_013	c375	5	13	827	585	42	63	1.537	1.024	0.402	
c375_05_014	c375	5	14	897	527	54	87	2.122	1.317	-0.720	
c375_05_015	c375	5	15	970	589	30	36	0.878	0.732	0.171	
c375_05_016	c375	5	16	1012	572	51	40	0.976	1.244	-0.195	
c375_05_017	c375	5	17	1067	585	52	62	1.512	1.268	0.390	
c375_05_018	c375	5	18	1159	581	30	60	1.463	0.732	0.268	
c375_05_019	c375	5	19	1221	589	39	52	1.268	0.951	0.366	
c375_05_020	c375	5	20	1312	593	34	62	1.512	0.829	0.585	
c375_05_021	c375	5	21	1389	581	27	35	0.854	0.659	-0.037	c375_05_m0023
c375_05_022	c375	5	22	1461	555	92	69	1.683	2.244	-0.256	
c375_05_023	c375	5	23	1543	600	76	73	1.780	1.854	0.890	
c375_05_024	c375	5	24	1650	586	70	44	1.073	1.707	0.195	
c375_05_025	c375	5	25	1750	587	57	65	1.585	1.390	0.476	
c375_05_026	c375	5	26	1825	608	26	40	0.976	0.634	0.683	
c375_05_027	c375	5	27	1888	602	45	32	0.780	1.098	0.439	
c375_05_028	c375	5	28	1950	601	56	33	0.805	1.366	0.427	
c375_05_029	c375	5	29	2028	616	13	27	0.659	0.317	0.720	
c375_05_030	c375	5	30	2075	601	48	52	1.268	1.171	0.659	
c375_05_031	c375	5	31	2146	613	24	32	0.780	0.585	0.707	
c375_05_032	c375	5	32	2188	617	20	33	0.805	0.488	0.817	
c375_05_033	c375	5	33	2227	600	22	51	1.244	0.537	0.622	
c375_05_034	c375	5	34	2270	611	22	43	1.049	0.537	0.793	
c375_06_001	c375	6	1	28	697	48	34	0.829	1.171	-0.317	
c375_06_002	c375	6	2	122	685	69	42	1.024	1.683	-0.512	
c375_06_003	c375	6	3	196	765	32	7	0.171	0.780	1.012	
c375_06_004	c375	6	4	229	682	64	86	2.098	1.561	-0.049	
c375_06_005	c375	6	5	324	678	49	53	1.293	1.195	-0.549	
c375_06_006	c375	6	6	355	686	110	107	2.610	2.683	0.305	
c375_06_007	c375	6	7	459	729	36	54	1.317	0.878	0.707	
c375_06_008	c375	6	8	494	704	40	82	2.000	0.976	0.439	
c375_06_009	c375	6	9	527	739	29	48	1.171	0.707	0.878	
c375_06_010	c375	6	10	554	757	18	31	0.756	0.439	1.110	
c375_06_011	c375	6	11	559	699	39	31	0.756	0.951	-0.305	c375_06_m0024
c375_06_012	c375	6	12	582	756	20	37	0.902	0.488	1.159	
c375_06_013	c375	6	13	598	701	68	90	2.195	1.659	0.463	
c375_06_014	c375	6	14	682	706	41	37	0.902	1.000	-0.061	
c375_06_015	c375	6	15	751	695	69	40	0.976	1.683	-0.293	
c375_06_016	c375	6	16	831	704	47	41	1.000	1.146	-0.061	
c375_06_017	c375	6	17	900	702	35	33	0.805	0.854	-0.207	
c375_06_018	c375	6	18	956	711	22	40	0.976	0.537	0.098	
c375_06_019	c375	6	19	983	709	38	25	0.610	0.927	-0.134	
c375_06_020	c375	6	20	1058	682	50	53	1.293	1.220	-0.451	
c375_06_021	c375	6	21	1115	685	102	81	1.976	2.488	-0.037	
c375_06_022	c375	6	22	1253	678	113	72	1.756	2.756	-0.317	
c375_06_023	c375	6	23	1346	716	48	55	1.341	1.171	0.402	
c375_06_024	c375	6	24	1414	725	31	28	0.683	0.756	0.293	
c375_06_025	c375	6	25	1478	660	63	16	0.390	1.537	-1.439	
c375_06_026	c375	6	26	1487	722	33	35	0.854	0.805	0.305	
c375_06_027	c375	6	27	1543	715	52	36	0.878	1.268	0.146	
c375_06_028	c375	6	28	1618	721	49	34	0.829	1.195	0.268	
c375_06_029	c375	6	29	1668	721	46	33	0.805	1.122	0.256	
c375_06_030	c375	6	30	1732	678	94	84	2.049	2.293	-0.171	
c375_06_031	c375	6	31	1831	689	41	70	1.707	1.000	-0.073	
c375_06_032	c375	6	32	1920	723	66	49	1.195	1.610	0.500	
c375_06_033	c375	6	33	1998	705	105	72	1.756	2.561	0.341	
c375_06_034	c375	6	34	2115	686	71	107	2.610	1.732	0.305	
c375_06_035	c375	6	35	2187	750	13	22	0.537	0.317	0.829	
c375_06_036	c375	6	36	2208	749	20	24	0.585	0.488	0.829	
c375_06_037	c375	6	37	2238	752	9	25	0.610	0.220	0.915	
c375_06_038	c375	6	38	2254	754	10	23	0.561	0.244	0.939	
c375_06_039	c375	6	39	2268	756	19	23	0.561	0.463	0.988	
c380_01_001	c380	1	1	2	359	40	24	0.511	0.851	0.170	
c380_01_002	c380	1	2	59	359	32	29	0.617	0.681	0.223	
c380_01_003	c380	1	3	110	362	19	20	0.426	0.404	0.191	
c380_01_004	c380	1	4	131	358	22	29	0.617	0.468	0.202	
c380_01_005	c380	1	5	150	329	24	87	1.851	0.511	0.202	
c380_01_006	c380	1	6	175	361	25	17	0.362	0.532	0.138	
c380_01_007	c380	1	7	226	305	91	76	1.617	1.936	-0.426	
c380_01_008	c380	1	8	298	355	42	43	0.915	0.894	0.287	
c380_01_009	c380	1	9	344	354	34	44	0.936	0.723	0.277	c380_01_m0012
c380_01_010	c380	1	10	396	313	65	106	2.255	1.383	0.064	
c380_01_011	c380	1	11	457	352	65	81	1.723	1.383	0.628	
c380_01_012	c380	1	12	515	355	29	24	0.511	0.617	0.085	
c380_01_013	c380	1	13	574	292	117	95	2.021	2.489	-0.500	
c380_01_014	c380	1	14	715	337	24	39	0.830	0.511	-0.138	
c380_01_015	c380	1	15	751	355	29	23	0.489	0.617	0.074	
c380_01_016	c380	1	16	797	350	35	25	0.532	0.745	-0.011	
c380_01_017	c380	1	17	927	349	46	37	0.787	0.979	0.096	c380_01_m0011
c380_01_018	c380	1	18	1001	350	41	64	1.362	0.872	0.404	
c380_01_019	c380	1	19	1071	307	54	107	2.277	1.149	-0.053	
c380_01_020	c380	1	20	1126	346	34	27	0.574	0.723	-0.074	
c380_01_021	c380	1	21	1172	348	32	44	0.936	0.681	0.149	
c380_01_022	c380	1	22	1226	354	23	49	1.043	0.489	0.330	
c380_01_023	c380	1	23	1279	354	33	52	1.106	0.702	0.362	
c380_01_024	c380	1	24	1330	351	26	29	0.617	0.553	0.053	
c380_01_025	c380	1	25	1376	343	39	28	0.596	0.830	-0.128	
c380_01_026	c380	1	26	1574	346	43	28	0.596	0.915	-0.064	
c380_01_027	c380	1	27	1634	349	28	46	0.979	0.596	0.191	
c380_01_028	c380	1	28	1661	292	21	154	3.277	0.447	0.128	
c380_01_029	c380	1	29	1691	323	52	51	1.085	1.106	-0.309	
c380_01_030	c380	1	30	1748	350	28	32	0.681	0.596	0.064	
c380_01_031	c380	1	31	1780	301	29	146	3.106	0.617	0.234	
c380_01_032	c380	1	32	1813	346	43	44	0.936	0.915	0.106	
c380_01_033	c380	1	33	1849	313	20	27	0.574	0.426	-0.777	
c380_01_034	c380	1	34	1884	349	20	21	0.447	0.426	-0.074	
c380_01_035	c380	1	35	1893	408	24	21	0.447	0.511	1.181	
c380_01_036	c380	1	36	1905	291	74	79	1.681	1.574	-0.691	
c380_01_037	c380	1	37	1965	344	29	25	0.532	0.617	-0.138	c380_01_m0009
c380_01_038	c380	1	38	1997	340	43	53	1.128	0.915	0.074	
c380_01_039	c380	1	39	2067	310	52	57	1.213	1.106	-0.521	
c380_01_040	c380	1	40	2123	339	44	92	1.957	0.936	0.468	
c380_01_041	c380	1	41	2180	341	28	47	1.000	0.596	0.032	
c380_01_042	c380	1	42	2233	333	29	41	0.872	0.617	-0.202	
c380_01_043	c380	1	43	2278	320	17	36	0.766	0.362	-0.532	
c380_01_044	c380	1	44	2313	303	66	64	1.362	1.404	-0.596	c380_01_m0001|c380_01_m0008
c380_01_045	c380	1	45	2368	0	25	35	0.745	0.532	-7.351	c380_01_m0002|c380_01_m0006|c380_01_m0007|c380_01_m0013
c380_01_046	c380	1	46	2376	348	18	33	0.702	0.383	0.032	
c380_01_047	c380	1	47	2382	178	18	34	0.723	0.383	-3.574	c380_01_m0003|c380_01_m0004|c380_01_m0005|c380_01_m0010
c380_02_001	c380	2	1	0	476	30	22	0.468	0.638	0.191	
c380_02_002	c380	2	2	45	469	47	30	0.638	1.000	0.128	
c380_02_003	c380	2	3	112	473	29	52	1.106	0.617	0.447	
c380_02_004	c380	2	4	213	454	45	52	1.106	0.957	0.043	
c380_02_005	c380	2	5	290	421	98	78	1.660	2.085	-0.383	
c380_02_006	c380	2	6	372	435	107	74	1.574	2.277	-0.128	
c380_02_007	c380	2	7	464	471	36	40	0.851	0.766	0.277	
c380_02_008	c380	2	8	523	451	41	44	0.936	0.872	-0.106	
c380_02_009	c380	2	9	579	470	22	45	0.957	0.468	0.309	
c380_02_010	c380	2	10	622	428	143	78	1.660	3.043	-0.234	
c380_02_011	c380	2	11	800	459	32	34	0.723	0.681	-0.043	
c380_02_012	c380	2	12	872	444	56	69	1.468	1.191	0.011	
c380_02_013	c380	2	13	949	469	24	23	0.489	0.511	0.053	c380_02_m0014
c380_02_014	c380	2	14	1003	443	55	68	1.447	1.170	-0.021	
c380_02_015	c380	2	15	1056	458	48	57	1.213	1.021	0.181	
c380_02_016	c380	2	16	1132	467	21	46	0.979	0.447	0.255	
c380_02_017	c380	2	17	1185	407	113	89	1.894	2.404	-0.564	
c380_02_018	c380	2	18	1324	467	23	42	0.894	0.489	0.213	
c380_02_019	c380	2	19	1388	462	37	25	0.532	0.787	-0.074	
c380_02_020	c380	2	20	1418	448	22	19	0.404	0.468	-0.436	
c380_02_021	c380	2	21	1459	455	62	94	2.000	1.319	0.511	
c380_02_022	c380	2	22	1529	461	29	49	1.043	0.617	0.160	
c380_02_023	c380	2	23	1590	460	24	41	0.872	0.511	0.053	c380_02_m0015
c380_02_024	c380	2	24	1637	453	35	25	0.532	0.745	-0.266	
c380_02_025	c380	2	25	1674	416	43	101	2.149	0.915	-0.245	
c380_02_026	c380	2	26	1708	459	48	84	1.787	1.021	0.489	
c380_02_027	c380	2	27	1769	457	33	30	0.638	0.702	-0.128	
c380_02_028	c380	2	28	1788	524	13	15	0.319	0.277	1.138	
c380_02_029	c380	2	29	1834	458	21	25	0.532	0.447	-0.160	
c380_02_030	c380	2	30	1856	420	69	111	2.362	1.468	-0.053	
c380_02_031	c380	2	31	1920	450	27	56	1.191	0.574	0.000	
c380_02_032	c380	2	32	1961	450	36	54	1.149	0.766	-0.021	
c380_02_033	c380	2	33	2035	451	25	42	0.894	0.532	-0.128	c380_02_m0019
c380_02_034	c380	2	34	2139	427	44	48	1.021	0.936	-0.574	c380_02_m0016|c380_02_m0018
c380_02_035	c380	2	35	2182	521	8	17	0.362	0.170	1.096	
c380_02_036	c380	2	36	2280	416	51	98	2.085	1.085	-0.277	c380_02_m0020
c380_02_037	c380	2	37	2356	480	17	42	0.894	0.362	0.489	
c380_02_038	c380	2	38	2370	510	17	17	0.362	0.362	0.862	c380_02_m0017
c380_03_001	c380	3	1	0	607	35	26	0.553	0.745	0.553	c380_03_m0022
c380_03_002	c380	3	2	55	601	37	31	0.660	0.787	0.479	c380_03_m0025
c380_03_003	c380	3	3	109	602	52	49	1.043	1.106	0.691	
c380_03_004	c380	3	4	170	603	24	25	0.532	0.511	0.457	
c380_03_005	c380	3	5	223	577	57	66	1.404	1.213	0.340	
c380_03_006	c380	3	6	278	597	36	27	0.574	0.766	0.351	
c380_03_007	c380	3	7	345	599	35	21	0.447	0.745	0.330	
c380_03_008	c380	3	8	388	595	40	22	0.468	0.851	0.255	
c380_03_009	c380	3	9	474	554	26	122	2.596	0.553	0.447	
c380_03_010	c380	3	10	511	587	60	32	0.681	1.277	0.191	
c380_03_011	c380	3	11	565	558	35	126	2.681	0.745	0.574	
c380_03_012	c380	3	12	596	561	62	77	1.638	1.319	0.117	
c380_03_013	c380	3	13	667	565	33	55	1.170	0.702	-0.032	
c380_03_014	c380	3	14	721	583	32	31	0.660	0.681	0.096	
c380_03_015	c380	3	15	830	578	52	37	0.787	1.106	0.053	
c380_03_016	c380	3	16	889	584	46	27	0.574	0.979	0.074	
c380_03_017	c380	3	17	960	590	28	35	0.745	0.596	0.287	
c380_03_018	c380	3	18	1005	551	73	71	1.511	1.553	-0.160	
c380_03_019	c380	3	19	1083	578	35	32	0.681	0.745	0.000	
c380_03_020	c380	3	20	1102	544	97	103	2.191	2.064	0.032	
c380_03_021	c380	3	21	1221	582	45	43	0.915	0.957	0.202	
c380_03_022	c380	3	22	1288	580	23	47	1.000	0.489	0.202	c380_03_m0021
c380_03_023	c380	3	23	1345	570	55	33	0.702	1.170	-0.160	
c380_03_024	c380	3	24	1422	580	16	20	0.426	0.340	-0.085	
c380_03_025	c380	3	25	1436	582	16	15	0.319	0.340	-0.096	
c380_03_026	c380	3	26	1452	535	75	93	1.979	1.596	-0.266	
c380_03_027	c380	3	27	1553	561	54	36	0.766	1.149	-0.319	
c380_03_028	c380	3	28	1608	524	31	90	1.915	0.660	-0.532	
c380_03_029	c380	3	29	1631	572	32	25	0.532	0.681	-0.202	
c380_03_030	c380	3	30	1684	565	12	18	0.383	0.255	-0.426	c380_03_m0023
c380_03_031	c380	3	31	1706	557	27	48	1.021	0.574	-0.277	
c380_03_032	c380	3	32	1758	577	33	22	0.468	0.702	-0.128	c380_03_m0024
c380_03_033	c380	3	33	1808	571	34	22	0.468	0.723	-0.255	
c380_03_034	c380	3	34	1859	570	44	49	1.043	0.936	0.011	
c380_03_035	c380	3	35	1932	568	22	43	0.915	0.468	-0.096	
c380_03_036	c380	3	36	1982	522	82	67	1.426	1.745	-0.819	
c380_03_037	c380	3	37	2066	562	29	34	0.723	0.617	-0.319	
c380_03_038	c380	3	38	2110	504	49	85	1.809	1.043	-1.011	
c380_03_039	c380	3	39	2138	564	43	50	1.064	0.915	-0.106	
c380_03_040	c380	3	40	2182	539	14	68	1.447	0.298	-0.447	
c380_03_041	c380	3	41	2222	546	38	43	0.915	0.809	-0.564	
c380_03_042	c380	3	42	2274	522	53	112	2.383	1.128	-0.340	
c380_03_043	c380	3	43	2324	576	35	27	0.574	0.745	-0.096	c380_03_m0026
c380_03_044	c380	3	44	2364	525	33	71	1.511	0.702	-0.713	
c380_04_001	c380	4	1	0	710	43	35	0.745	0.915	0.351	c380_04_m0030
c380_04_002	c380	4	2	54	722	27	44	0.936	0.574	0.702	
c380_04_003	c380	4	3	112	716	33	24	0.511	0.702	0.362	
c380_04_004	c380	4	4	178	676	81	62	1.319	1.723	-0.085	
c380_04_005	c380	4	5	259	714	38	58	1.234	0.809	0.681	
c380_04_006	c380	4	6	320	711	86	59	1.255	1.830	0.628	
c380_04_007	c380	4	7	424	705	56	27	0.574	1.191	0.160	
c380_04_008	c380	4	8	496	705	39	24	0.511	0.830	0.128	
c380_04_009	c380	4	9	548	705	33	26	0.553	0.702	0.149	
c380_04_010	c380	4	10	601	671	21	68	1.447	0.447	-0.128	
c380_04_011	c380	4	11	616	705	49	37	0.787	1.043	0.266	
c380_04_012	c380	4	12	683	705	57	55	1.170	1.213	0.457	
c380_04_013	c380	4	13	738	705	48	53	1.128	1.021	0.436	
c380_04_014	c380	4	14	805	683	49	45	0.957	1.043	-0.117	
c380_04_015	c380	4	15	854	703	40	56	1.191	0.851	0.426	
c380_04_016	c380	4	16	920	651	55	95	2.021	1.170	-0.266	
c380_04_017	c380	4	17	989	705	39	57	1.213	0.830	0.479	
c380_04_018	c380	4	18	998	648	35	26	0.553	0.745	-1.064	
c380_04_019	c380	4	19	1029	643	52	125	2.660	1.106	-0.117	
c380_04_020	c380	4	20	1080	691	33	29	0.617	0.702	-0.117	
c380_04_021	c380	4	21	1118	665	22	77	1.638	0.468	-0.160	
c380_04_022	c380	4	22	1154	664	50	74	1.574	1.064	-0.213	
c380_04_023	c380	4	23	1221	700	32	25	0.532	0.681	0.032	c380_04_m0028
c380_04_024	c380	4	24	1275	693	32	24	0.511	0.681	-0.128	
c380_04_025	c380	4	25	1304	695	54	46	0.979	1.149	0.149	
c380_04_026	c380	4	26	1373	699	39	24	0.511	0.830	0.000	
c380_04_027	c380	4	27	1435	676	53	55	1.170	1.128	-0.160	c380_04_m0029
c380_04_028	c380	4	28	1496	691	21	31	0.660	0.447	-0.096	
c380_04_029	c380	4	29	1546	676	52	34	0.723	1.106	-0.383	
c380_04_030	c380	4	30	1577	739	9	17	0.362	0.191	0.777	
c380_04_031	c380	4	31	1595	639	28	70	1.489	0.596	-0.787	
c380_04_032	c380	4	32	1621	676	35	34	0.723	0.745	-0.383	
c380_04_033	c380	4	33	1664	647	17	50	1.064	0.362	-0.830	
c380_04_034	c380	4	34	1689	643	63	81	1.723	1.340	-0.585	
c380_04_035	c380	4	35	1749	637	66	137	2.915	1.404	-0.117	
c380_04_036	c380	4	36	1810	647	115	136	2.894	2.447	0.085	
c380_04_037	c380	4	37	1896	750	63	34	0.723	1.340	1.191	
c380_04_038	c380	4	38	1923	657	44	50	1.064	0.936	-0.617	
c380_04_039	c380	4	39	1985	662	43	112	2.383	0.915	0.149	
c380_04_040	c380	4	40	2021	633	30	70	1.489	0.638	-0.915	
c380_04_041	c380	4	41	2043	627	87	123	2.617	1.851	-0.479	
c380_04_042	c380	4	42	2133	665	41	39	0.830	0.872	-0.564	
c380_04_043	c380	4	43	2197	679	34	26	0.553	0.723	-0.404	
c380_04_044	c380	4	44	2229	629	31	82	1.745	0.660	-0.872	
c380_04_045	c380	4	45	2248	686	80	51	1.085	1.702	0.011	
c380_04_046	c380	4	46	2379	673	19	48	1.021	0.404	-0.298	c380_04_m0027
c380_05_001	c380	5	1	0	798	48	96	2.043	1.021	0.298	
c380_05_002	c380	5	2	47	838	39	28	0.596	0.830	0.426	
c380_05_003	c380	5	3	115	794	84	64	1.362	1.787	-0.128	
c380_05_004	c380	5	4	197	828	54	40	0.851	1.149	0.340	
c380_05_005	c380	5	5	279	833	28	36	0.766	0.596	0.404	c380_05_m0034|c380_05_m0035
c380_05_006	c380	5	6	335	832	36	22	0.468	0.766	0.234	
c380_05_007	c380	5	7	384	827	39	28	0.596	0.830	0.191	
c380_05_008	c380	5	8	442	821	65	37	0.787	1.383	0.160	
c380_05_009	c380	5	9	505	785	119	143	3.043	2.532	0.521	
c380_05_010	c380	5	10	612	819	40	27	0.574	0.851	0.011	
c380_05_011	c380	5	11	684	825	33	25	0.532	0.702	0.117	
c380_05_012	c380	5	12	735	795	47	50	1.064	1.000	-0.255	
c380_05_013	c380	5	13	778	821	43	56	1.191	0.915	0.362	
c380_05_014	c380	5	14	852	821	22	42	0.894	0.468	0.213	
c380_05_015	c380	5	15	908	807	50	35	0.745	1.064	-0.160	c380_05_m0031
c380_05_016	c380	5	16	958	776	21	90	1.915	0.447	-0.234	
c380_05_017	c380	5	17	989	763	79	116	2.468	1.681	-0.234	c380_05_m0032
c380_05_018	c380	5	18	1081	764	25	97	2.064	0.532	-0.415	
c380_05_019	c380	5	19	1098	796	46	50	1.064	0.979	-0.234	
c380_05_020	c380	5	20	1165	797	34	54	1.149	0.723	-0.170	
c380_05_021	c380	5	21	1216	824	37	24	0.511	0.787	0.085	
c380_05_022	c380	5	22	1275	809	32	26	0.553	0.681	-0.213	
c380_05_023	c380	5	23	1310	811	47	39	0.830	1.000	-0.032	
c380_05_024	c380	5	24	1371	817	29	44	0.936	0.617	0.149	
c380_05_025	c380	5	25	1432	811	19	21	0.447	0.404	-0.223	
c380_05_026	c380	5	26	1454	760	64	73	1.553	1.362	-0.755	
c380_05_027	c380	5	27	1491	868	9	16	0.340	0.191	0.936	
c380_05_028	c380	5	28	1515	768	49	78	1.660	1.043	-0.532	c380_05_m0038
c380_05_029	c380	5	29	1597	810	95	59	1.255	2.021	0.160	
c380_05_030	c380	5	30	1710	787	50	54	1.149	1.064	-0.383	
c380_05_031	c380	5	31	1767	809	41	59	1.255	0.872	0.138	
c380_05_032	c380	5	32	1826	812	38	61	1.298	0.809	0.223	
c380_05_033	c380	5	33	1858	775	19	61	1.298	0.404	-0.564	
c380_05_034	c380	5	34	1903	812	44	49	1.043	0.936	0.096	
c380_05_035	c380	5	35	1947	827	16	52	1.106	0.340	0.447	c380_05_m0036
c380_05_036	c380	5	36	1970	751	78	90	1.915	1.660	-0.766	c380_05_m0033
c380_05_037	c380	5	37	2080	802	32	26	0.553	0.681	-0.362	
c380_05_038	c380	5	38	2129	748	57	137	2.915	1.213	-0.330	
c380_05_039	c380	5	39	2191	804	65	54	1.149	1.383	-0.021	
c380_05_040	c380	5	40	2376	818	20	42	0.894	0.426	0.149	c380_05_m0037
c380_06_001	c380	6	1	0	947	24	30	0.638	0.511	0.362	
c380_06_002	c380	6	2	26	1002	11	18	0.383	0.234	1.404	
c380_06_003	c380	6	3	54	950	48	48	1.021	1.021	0.617	
c380_06_004	c380	6	4	136	905	83	67	1.426	1.766	-0.138	
c380_06_005	c380	6	5	219	949	33	24	0.511	0.702	0.340	
c380_06_006	c380	6	6	272	943	50	26	0.553	1.064	0.234	
c380_06_007	c380	6	7	344	934	58	33	0.702	1.234	0.117	
c380_06_008	c380	6	8	424	910	24	82	1.745	0.511	0.128	
c380_06_009	c380	6	9	447	944	38	46	0.979	0.809	0.468	
c380_06_010	c380	6	10	486	912	20	47	1.000	0.426	-0.202	
c380_06_011	c380	6	11	514	947	27	49	1.043	0.574	0.564	
c380_06_012	c380	6	12	560	947	33	38	0.809	0.702	0.447	
c380_06_013	c380	6	13	615	904	57	113	2.404	1.213	0.330	
c380_06_014	c380	6	14	690	935	29	26	0.553	0.617	0.064	
c380_06_015	c380	6	15	741	937	29	36	0.766	0.617	0.213	
c380_06_016	c380	6	16	795	940	22	39	0.830	0.468	0.309	
c380_06_017	c380	6	17	847	927	33	33	0.702	0.702	-0.032	
c380_06_018	c380	6	18	903	904	43	55	1.170	0.915	-0.287	
c380_06_019	c380	6	19	959	941	26	33	0.702	0.553	0.266	
c380_06_020	c380	6	20	1013	937	25	55	1.170	0.532	0.415	
c380_06_021	c380	6	21	1062	881	82	80	1.702	1.745	-0.511	
c380_06_022	c380	6	22	1183	885	37	128	2.723	0.787	0.085	
c380_06_023	c380	6	23	1234	895	94	78	1.660	2.000	-0.234	
c380_06_024	c380	6	24	1325	887	126	144	3.064	2.681	0.298	
c380_06_025	c380	6	25	1452	926	44	28	0.596	0.936	-0.106	
c380_06_026	c380	6	26	1513	901	44	49	1.043	0.936	-0.415	
c380_06_027	c380	6	27	1546	885	30	83	1.766	0.638	-0.394	
c380_06_028	c380	6	28	1562	868	142	100	2.128	3.021	-0.574	
c380_06_029	c380	6	29	1632	997	15	16	0.340	0.319	1.277	
c380_06_030	c380	6	30	1654	946	7	17	0.362	0.149	0.202	
c380_06_031	c380	6	31	1667	880	73	78	1.660	1.553	-0.553	
c380_06_032	c380	6	32	1743	903	37	47	1.000	0.787	-0.394	
c380_06_033	c380	6	33	1796	906	52	62	1.319	1.106	-0.170	c380_06_m0039
c380_06_034	c380	6	34	1865	928	22	37	0.787	0.468	0.032	
c380_06_035	c380	6	35	1909	893	15	42	0.894	0.319	-0.660	
c380_06_036	c380	6	36	1920	923	44	28	0.596	0.936	-0.170	
c380_06_037	c380	6	37	1992	925	27	28	0.596	0.574	-0.128	c380_06_m0040
c380_06_038	c380	6	38	2045	861	85	82	1.745	1.809	-0.915	
c380_06_039	c380	6	39	2115	918	38	25	0.532	0.809	-0.309	
c380_06_040	c380	6	40	2164	915	51	28	0.596	1.085	-0.340	c380_06_m0042
c380_06_041	c380	6	41	2267	867	38	72	1.532	0.809	-0.894	c380_06_m0041
c380_06_042	c380	6	42	2292	929	52	40	0.851	1.106	0.085	
c380_07_001	c380	7	1	12	1036	39	65	1.383	0.830	-0.138	c380_07_m0043|c380_07_m0049
c380_07_002	c380	7	2	79	1077	37	26	0.553	0.787	0.319	
c380_07_003	c380	7	3	144	1069	47	27	0.574	1.000	0.160	
c380_07_004	c380	7	4	218	1063	39	32	0.681	0.830	0.085	
c380_07_005	c380	7	5	290	1064	50	88	1.872	1.064	0.702	
c380_07_006	c380	7	6	356	1024	11	44	0.936	0.234	-0.617	
c380_07_007	c380	7	7	380	1011	97	76	1.617	2.064	-0.553	
c380_07_008	c380	7	8	482	1073	32	25	0.532	0.681	0.223	
c380_07_009	c380	7	9	597	1051	41	46	0.979	0.872	-0.021	
c380_07_010	c380	7	10	679	1025	95	113	2.404	2.021	0.138	
c380_07_011	c380	7	11	778	1073	27	30	0.638	0.574	0.277	c380_07_m0044
c380_07_012	c380	7	12	818	1097	8	20	0.426	0.170	0.681	c380_07_m0046
c380_07_013	c380	7	13	824	1019	27	75	1.596	0.574	-0.394	
c380_07_014	c380	7	14	842	1064	43	47	1.000	0.915	0.266	
c380_07_015	c380	7	15	898	1061	40	51	1.085	0.851	0.245	
c380_07_016	c380	7	16	973	1006	107	84	1.787	2.277	-0.574	
c380_07_017	c380	7	17	1061	1065	47	43	0.915	1.000	0.245	
c380_07_018	c380	7	18	1114	1033	13	29	0.617	0.277	-0.585	
c380_07_019	c380	7	19	1124	1062	25	47	1.000	0.532	0.223	
c380_07_020	c380	7	20	1177	1037	60	97	2.064	1.277	0.223	
c380_07_021	c380	7	21	1229	1002	42	108	2.298	0.894	-0.404	
c380_07_022	c380	7	22	1272	1027	41	57	1.213	0.872	-0.415	
c380_07_023	c380	7	23	1333	1058	47	66	1.404	1.000	0.340	
c380_07_024	c380	7	24	1387	1025	65	122	2.596	1.383	0.234	
c380_07_025	c380	7	25	1460	1021	27	95	2.021	0.574	-0.138	
c380_07_026	c380	7	26	1484	1032	68	71	1.511	1.447	-0.160	
c380_07_027	c380	7	27	1547	1005	114	88	1.872	2.426	-0.553	
c380_07_028	c380	7	28	1647	1057	39	32	0.681	0.830	-0.043	
c380_07_029	c380	7	29	1721	1064	26	46	0.979	0.553	0.255	
c380_07_030	c380	7	30	1776	1010	81	133	2.830	1.723	0.032	c380_07_m0045
c380_07_031	c380	7	31	1840	1035	56	51	1.085	1.191	-0.309	
c380_07_032	c380	7	32	1901	1055	35	35	0.745	0.745	-0.053	
c380_07_033	c380	7	33	1927	1121	4	15	0.319	0.085	1.138	
c380_07_034	c380	7	34	1929	1020	28	100	2.128	0.596	-0.106	
c380_07_035	c380	7	35	1964	1055	19	38	0.809	0.404	-0.021	c380_07_m0048
c380_07_036	c380	7	36	1985	1022	69	70	1.489	1.468	-0.383	
c380_07_037	c380	7	37	2056	1051	36	48	1.021	0.766	0.000	
c380_07_038	c380	7	38	2104	1047	36	27	0.574	0.766	-0.309	c380_07_m0047
c380_07_039	c380	7	39	2155	1046	54	51	1.085	1.149	-0.074	
c380_07_040	c380	7	40	2219	1039	41	25	0.532	0.872	-0.500	
c380_07_041	c380	7	41	2249	1041	71	51	1.085	1.511	-0.181	
c380_07_042	c380	7	42	2332	997	28	61	1.298	0.596	-1.011	
c380_07_043	c380	7	43	2379	1059	14	31	0.660	0.298	-0.011	
c380_08_001	c380	8	1	8	1139	66	103	2.191	1.404	-0.309	
c380_08_002	c380	8	2	71	1143	31	111	2.362	0.660	-0.138	
c380_08_003	c380	8	3	95	1193	27	24	0.511	0.574	0.000	
c380_08_004	c380	8	4	148	1197	26	32	0.681	0.553	0.170	
c380_08_005	c380	8	5	193	1197	32	53	1.128	0.681	0.394	
c380_08_006	c380	8	6	253	1196	47	38	0.809	1.000	0.213	
c380_08_007	c380	8	7	281	1157	42	37	0.787	0.894	-0.628	
c380_08_008	c380	8	8	322	1161	85	57	1.213	1.809	-0.330	c380_08_m0050
c380_08_009	c380	8	9	493	1196	27	22	0.468	0.574	0.043	
c380_08_010	c380	8	10	536	1198	85	83	1.766	1.809	0.734	
c380_08_011	c380	8	11	606	1191	47	27	0.574	1.000	-0.011	
c380_08_012	c380	8	12	680	1190	39	35	0.745	0.830	0.053	
c380_08_013	c380	8	13	739	1194	37	30	0.638	0.787	0.085	
c380_08_014	c380	8	14	775	1238	9	41	0.872	0.191	1.138	
c380_08_015	c380	8	15	781	1153	17	79	1.681	0.362	-0.266	
c380_08_016	c380	8	16	809	1182	30	33	0.702	0.638	-0.138	
c380_08_017	c380	8	17	829	1144	90	122	2.596	1.915	0.000	
c380_08_018	c380	8	18	941	1175	45	43	0.915	0.957	-0.181	
c380_08_019	c380	8	19	977	1172	87	84	1.787	1.851	0.191	
c380_08_020	c380	8	20	1124	1150	20	85	1.809	0.426	-0.266	
c380_08_021	c380	8	21	1166	1190	32	28	0.596	0.681	-0.021	
c380_08_022	c380	8	22	1221	1197	24	51	1.085	0.511	0.372	
c380_08_023	c380	8	23	1282	1194	28	40	0.851	0.596	0.191	
c380_08_024	c380	8	24	1339	1196	35	30	0.638	0.745	0.128	
c380_08_025	c380	8	25	1393	1192	39	60	1.277	0.830	0.362	
c380_08_026	c380	8	26	1460	1160	85	83	1.766	1.809	-0.074	
c380_08_027	c380	8	27	1567	1176	46	47	1.000	0.979	-0.117	
c380_08_028	c380	8	28	1628	1196	25	54	1.149	0.532	0.383	
c380_08_029	c380	8	29	1690	1195	45	45	0.957	0.957	0.266	
c380_08_030	c380	8	30	1713	1250	45	16	0.340	0.957	1.128	
c380_08_031	c380	8	31	1734	1165	16	34	0.723	0.340	-0.489	
c380_08_032	c380	8	32	1750	1184	53	95	2.021	1.128	0.564	
c380_08_033	c380	8	33	1828	1192	30	35	0.745	0.638	0.096	
c380_08_034	c380	8	34	1914	1154	36	93	1.979	0.766	-0.096	
c380_08_035	c380	8	35	1955	1192	34	35	0.745	0.723	0.096	
c380_08_036	c380	8	36	1989	1138	35	109	2.319	0.745	-0.266	
c380_08_037	c380	8	37	2022	1182	30	33	0.702	0.638	-0.138	
c380_08_038	c380	8	38	2061	1148	9	39	0.830	0.191	-0.798	
c380_08_039	c380	8	39	2083	1150	56	102	2.170	1.191	-0.085	
c380_08_040	c380	8	40	2138	1185	61	36	0.766	1.298	-0.043	
c380_08_041	c380	8	41	2217	1185	30	62	1.319	0.638	0.234	
c380_08_042	c380	8	42	2258	1178	40	30	0.638	0.851	-0.255	
c380_08_043	c380	8	43	2305	1173	38	28	0.596	0.809	-0.383	
c380_08_044	c380	8	44	2351	1126	45	78	1.660	0.957	-0.851	c380_08_m0051
c380_09_001	c380	9	1	0	1324	10	16	0.340	0.213	-0.149	
c380_09_002	c380	9	2	9	1273	72	116	2.468	1.532	-0.170	
c380_09_003	c380	9	3	83	1271	16	73	1.553	0.340	-0.670	
c380_09_004	c380	9	4	105	1322	30	31	0.660	0.638	-0.032	
c380_09_005	c380	9	5	142	1365	8	32	0.681	0.170	0.894	
c380_09_006	c380	9	6	149	1284	61	80	1.702	1.298	-0.319	
c380_09_007	c380	9	7	218	1330	24	43	0.915	0.511	0.266	
c380_09_008	c380	9	8	271	1280	90	73	1.553	1.915	-0.479	
c380_09_009	c380	9	9	346	1317	53	38	0.809	1.128	-0.064	
c380_09_010	c380	9	10	398	1280	34	119	2.532	0.723	0.011	
c380_09_011	c380	9	11	427	1289	111	142	3.021	2.362	0.447	
c380_09_012	c380	9	12	538	1332	43	77	1.638	0.915	0.670	
c380_09_013	c380	9	13	604	1316	30	44	0.936	0.638	-0.021	
c380_09_014	c380	9	14	656	1332	30	26	0.553	0.638	0.128	
c380_09_015	c380	9	15	713	1318	46	34	0.723	0.979	-0.085	
c380_09_016	c380	9	16	773	1325	66	25	0.532	1.404	-0.032	
c380_09_017	c380	9	17	842	1276	8	43	0.915	0.170	-0.883	
c380_09_018	c380	9	18	861	1328	59	66	1.404	1.255	0.468	
c380_09_019	c380	9	19	929	1331	46	62	1.319	0.979	0.489	
c380_09_020	c380	9	20	968	1274	34	76	1.617	0.723	-0.574	
c380_09_021	c380	9	21	1008	1326	28	34	0.723	0.596	0.085	
c380_09_022	c380	9	22	1038	1293	84	122	2.596	1.787	0.319	
c380_09_023	c380	9	23	1130	1326	30	24	0.511	0.638	-0.021	
c380_09_024	c380	9	24	1176	1326	44	31	0.660	0.936	0.053	
c380_09_025	c380	9	25	1237	1321	55	38	0.809	1.170	0.021	
c380_09_026	c380	9	26	1301	1282	32	114	2.426	0.681	0.000	
c380_09_027	c380	9	27	1351	1328	59	26	0.553	1.255	0.043	
c380_09_028	c380	9	28	1390	1274	49	65	1.383	1.043	-0.691	
c380_09_029	c380	9	29	1448	1319	52	35	0.745	1.106	-0.053	
c380_09_030	c380	9	30	1495	1286	86	125	2.660	1.830	0.202	
c380_09_031	c380	9	31	1573	1299	46	52	1.106	0.979	-0.298	
c380_09_032	c380	9	32	1613	1287	85	128	2.723	1.809	0.255	
c380_09_033	c380	9	33	1708	1273	36	75	1.596	0.766	-0.606	
c380_09_034	c380	9	34	1789	1330	21	39	0.830	0.447	0.223	
c380_09_035	c380	9	35	1842	1317	48	32	0.681	1.021	-0.128	
c380_09_036	c380	9	36	1890	1300	97	68	1.447	2.064	-0.106	
c380_09_037	c380	9	37	2012	1327	22	42	0.894	0.468	0.191	
c380_09_038	c380	9	38	2059	1324	26	32	0.681	0.553	0.021	
c380_09_039	c380	9	39	2107	1266	21	46	0.979	0.447	-1.064	
c380_09_040	c380	9	40	2120	1314	40	30	0.638	0.851	-0.213	c380_09_m0052
c380_09_041	c380	9	41	2195	1320	26	40	0.851	0.553	0.021	
c380_09_042	c380	9	42	2252	1288	62	75	1.596	1.319	-0.287	
c380_09_043	c380	9	43	2323	1265	74	127	2.702	1.574	-0.223	
c380_10_001	c380	10	1	0	1452	47	55	1.170	1.000	0.202	c380_10_m0054
c380_10_002	c380	10	2	79	1446	54	54	1.149	1.149	0.064	
c380_10_003	c380	10	3	147	1469	60	26	0.553	1.277	0.255	
c380_10_004	c380	10	4	218	1444	68	74	1.574	1.447	0.234	
c380_10_005	c380	10	5	289	1470	42	58	1.234	0.894	0.617	
c380_10_006	c380	10	6	323	1425	18	67	1.426	0.383	-0.245	
c380_10_007	c380	10	7	360	1470	31	26	0.553	0.660	0.277	
c380_10_008	c380	10	8	412	1457	30	35	0.745	0.638	0.096	
c380_10_009	c380	10	9	427	1459	76	68	1.447	1.617	0.489	
c380_10_010	c380	10	10	527	1459	53	31	0.660	1.128	0.096	c380_10_m0053
c380_10_011	c380	10	11	595	1451	34	34	0.723	0.723	-0.043	
c380_10_012	c380	10	12	635	1418	26	109	2.319	0.553	0.053	
c380_10_013	c380	10	13	664	1452	28	29	0.617	0.596	-0.074	
c380_10_014	c380	10	14	690	1514	8	33	0.702	0.170	1.287	
c380_10_015	c380	10	15	697	1403	15	98	2.085	0.319	-0.383	
c380_10_016	c380	10	16	705	1420	86	79	1.681	1.830	-0.223	
c380_10_017	c380	10	17	807	1419	59	133	2.830	1.255	0.330	
c380_10_018	c380	10	18	867	1459	29	35	0.745	0.617	0.138	
c380_10_019	c380	10	19	923	1459	26	48	1.021	0.553	0.277	
c380_10_020	c380	10	20	981	1454	50	41	0.872	1.064	0.096	
c380_10_021	c380	10	21	1073	1409	95	72	1.532	2.021	-0.532	
c380_10_022	c380	10	22	1163	1453	39	30	0.638	0.830	-0.043	
c380_10_023	c380	10	23	1223	1461	28	40	0.851	0.596	0.234	
c380_10_024	c380	10	24	1266	1462	40	68	1.447	0.851	0.553	
c380_10_025	c380	10	25	1304	1412	19	62	1.319	0.404	-0.574	
c380_10_026	c380	10	26	1328	1410	89	122	2.596	1.894	0.021	
c380_10_027	c380	10	27	1424	1526	7	24	0.511	0.149	1.447	
c380_10_028	c380	10	28	1435	1416	21	60	1.277	0.447	-0.511	
c380_10_029	c380	10	29	1458	1456	30	25	0.532	0.638	-0.032	
c380_10_030	c380	10	30	1508	1459	31	25	0.532	0.660	0.032	
c380_10_031	c380	10	31	1560	1457	50	27	0.574	1.064	0.011	
c380_10_032	c380	10	32	1625	1454	43	36	0.766	0.915	0.043	
c380_10_033	c380	10	33	1692	1415	64	124	2.638	1.362	0.149	
c380_10_034	c380	10	34	1733	1454	93	87	1.851	1.979	0.585	
c380_10_035	c380	10	35	1830	1417	16	71	1.511	0.340	-0.372	
c380_10_036	c380	10	36	1861	1455	47	29	0.617	1.000	-0.011	
c380_10_037	c380	10	37	1934	1463	21	41	0.872	0.447	0.287	
c380_10_038	c380	10	38	1948	1415	102	114	2.426	2.170	0.043	
c380_10_039	c380	10	39	2075	1459	33	39	0.830	0.702	0.181	c380_10_m0056|c380_10_m0058
c380_10_040	c380	10	40	2139	1460	24	45	0.957	0.511	0.266	c380_10_m0057
c380_10_041	c380	10	41	2192	1449	34	25	0.532	0.723	-0.181	
c380_10_042	c380	10	42	2247	1453	41	60	1.277	0.872	0.277	
c380_10_043	c380	10	43	2285	1505	29	16	0.340	0.617	0.915	
c380_10_044	c380	10	44	2306	1444	50	40	0.851	1.064	-0.128	
c380_10_045	c380	10	45	2379	1455	14	21	0.447	0.298	-0.096	
c380_10_046	c380	10	46	2385	1482	9	29	0.617	0.191	0.564	c380_10_m0055
c380_11_001	c380	11	1	13	1577	55	69	1.468	1.170	-0.011	
c380_11_002	c380	11	2	84	1605	45	35	0.745	0.957	0.223	
c380_11_003	c380	11	3	132	1605	19	19	0.404	0.404	0.053	
c380_11_004	c380	11	4	169	1572	102	106	2.255	2.170	0.277	
c380_11_005	c380	11	5	292	1546	23	87	1.851	0.489	-0.479	
c380_11_006	c380	11	6	312	1584	39	44	0.936	0.830	-0.128	
c380_11_007	c380	11	7	377	1602	24	47	1.000	0.511	0.287	
c380_11_008	c380	11	8	431	1596	46	31	0.660	0.979	-0.011	
c380_11_009	c380	11	9	475	1658	6	33	0.702	0.128	1.330	
c380_11_010	c380	11	10	480	1555	25	102	2.170	0.532	-0.128	
c380_11_011	c380	11	11	519	1595	34	84	1.787	0.723	0.532	
c380_11_012	c380	11	12	560	1631	10	59	1.255	0.213	1.032	
c380_11_013	c380	11	13	570	1537	15	75	1.596	0.319	-0.798	
c380_11_014	c380	11	14	652	1574	40	47	1.000	0.851	-0.309	
c380_11_015	c380	11	15	698	1592	46	27	0.574	0.979	-0.138	
c380_11_016	c380	11	16	765	1591	97	78	1.660	2.064	0.383	
c380_11_017	c380	11	17	861	1564	36	103	2.191	0.766	0.074	
c380_11_018	c380	11	18	900	1603	33	36	0.766	0.702	0.191	
c380_11_019	c380	11	19	936	1584	17	89	1.894	0.362	0.351	c380_11_m0061
c380_11_020	c380	11	20	970	1588	37	40	0.851	0.787	-0.085	c380_11_m0063
c380_11_021	c380	11	21	1038	1595	36	34	0.723	0.766	0.000	
c380_11_022	c380	11	22	1097	1596	39	32	0.681	0.830	0.000	
c380_11_023	c380	11	23	1160	1602	39	79	1.681	0.830	0.628	
c380_11_024	c380	11	24	1198	1557	24	64	1.362	0.511	-0.489	
c380_11_025	c380	11	25	1241	1576	47	61	1.298	1.000	-0.117	
c380_11_026	c380	11	26	1305	1578	60	70	1.489	1.277	0.021	
c380_11_027	c380	11	27	1378	1600	61	31	0.660	1.298	0.074	
c380_11_028	c380	11	28	1472	1595	30	38	0.809	0.638	0.043	
c380_11_029	c380	11	29	1529	1601	50	31	0.660	1.064	0.096	
c380_11_030	c380	11	30	1654	1610	23	50	1.064	0.489	0.489	
c380_11_031	c380	11	31	1688	1567	32	84	1.787	0.681	-0.064	
c380_11_032	c380	11	32	1724	1612	29	28	0.596	0.617	0.298	
c380_11_033	c380	11	33	1757	1560	36	122	2.596	0.766	0.191	
c380_11_034	c380	11	34	1794	1609	24	58	1.234	0.511	0.553	
c380_11_035	c380	11	35	1819	1580	26	44	0.936	0.553	-0.213	c380_11_m0059
c380_11_036	c380	11	36	1853	1594	50	40	0.851	1.064	0.043	
c380_11_037	c380	11	37	1922	1599	37	31	0.660	0.787	0.053	c380_11_m0060
c380_11_038	c380	11	38	1957	1553	38	134	2.851	0.809	0.170	
c380_11_039	c380	11	39	1989	1602	72	78	1.660	1.532	0.617	
c380_11_040	c380	11	40	2061	1599	41	24	0.511	0.872	-0.021	
c380_11_041	c380	11	41	2066	1654	11	19	0.404	0.234	1.096	
c380_11_042	c380	11	42	2109	1562	62	106	2.255	1.319	0.064	
c380_11_043	c380	11	43	2173	1582	53	36	0.766	1.128	-0.255	
c380_11_044	c380	11	44	2221	1548	42	89	1.894	0.894	-0.415	
c380_11_045	c380	11	45	2248	1604	45	26	0.553	0.957	0.106	
c380_11_046	c380	11	46	2339	1590	7	19	0.404	0.149	-0.266	
c380_11_047	c380	11	47	2347	1560	13	29	0.617	0.277	-0.798	
c380_11_048	c380	11	48	2380	1586	20	68	1.447	0.426	0.170	c380_11_m0062
c380_12_001	c380	12	1	0	1741	23	68	1.447	0.489	0.638	
c380_12_002	c380	12	2	20	1741	82	73	1.553	1.745	0.691	c380_12_m0064
c380_12_003	c380	12	3	80	1704	48	63	1.340	1.021	-0.202	
c380_12_004	c380	12	4	125	1722	42	42	0.894	0.894	-0.043	
c380_12_005	c380	12	5	197	1738	41	54	1.149	0.872	0.426	
c380_12_006	c380	12	6	240	1692	90	131	2.787	1.915	0.266	
c380_12_007	c380	12	7	336	1706	62	80	1.702	1.319	0.021	
c380_12_008	c380	12	8	405	1737	28	30	0.638	0.596	0.149	
c380_12_009	c380	12	9	457	1729	37	23	0.489	0.787	-0.096	
c380_12_010	c380	12	10	589	1726	64	60	1.277	1.362	0.234	
c380_12_011	c380	12	11	655	1682	85	137	2.915	1.809	0.117	
c380_12_012	c380	12	12	742	1694	75	105	2.234	1.596	0.032	
c380_12_013	c380	12	13	845	1698	57	79	1.681	1.213	-0.160	
c380_12_014	c380	12	14	896	1730	35	92	1.957	0.745	0.660	
c380_12_015	c380	12	15	959	1731	35	26	0.553	0.745	-0.021	
c380_12_016	c380	12	16	1016	1731	101	67	1.426	2.149	0.415	
c380_12_017	c380	12	17	1123	1681	23	88	1.872	0.489	-0.426	
c380_12_018	c380	12	18	1148	1725	58	31	0.660	1.234	-0.096	
c380_12_019	c380	12	19	1202	1692	31	94	2.000	0.660	-0.128	
c380_12_020	c380	12	20	1229	1731	33	37	0.787	0.702	0.096	
c380_12_021	c380	12	21	1255	1710	34	26	0.553	0.723	-0.468	
c380_12_022	c380	12	22	1302	1720	26	47	1.000	0.553	-0.032	
c380_12_023	c380	12	23	1348	1742	30	22	0.468	0.638	0.170	
c380_12_024	c380	12	24	1403	1734	30	24	0.511	0.638	0.021	
c380_12_025	c380	12	25	1451	1738	39	48	1.021	0.830	0.362	
c380_12_026	c380	12	26	1517	1737	26	47	1.000	0.553	0.330	
c380_12_027	c380	12	27	1542	1696	114	116	2.468	2.426	0.191	
c380_12_028	c380	12	28	1690	1724	67	38	0.809	1.426	-0.043	
c380_12_029	c380	12	29	1765	1719	46	47	1.000	0.979	-0.053	
c380_12_030	c380	12	30	1819	1695	110	130	2.766	2.340	0.319	
c380_12_031	c380	12	31	1930	1739	31	29	0.617	0.660	0.181	c380_12_m0065
c380_12_032	c380	12	32	1957	1698	81	131	2.787	1.723	0.394	
c380_12_033	c380	12	33	2049	1723	55	36	0.766	1.170	-0.085	
c380_12_034	c380	12	34	2120	1721	48	34	0.723	1.021	-0.149	
c380_12_035	c380	12	35	2187	1727	48	27	0.574	1.021	-0.096	
c380_12_036	c380	12	36	2232	1692	112	95	2.021	2.383	-0.117	
c380_12_037	c380	12	37	2387	1721	11	38	0.809	0.234	-0.106	
c380_12_038	c380	12	38	2394	1805	6	18	0.383	0.128	1.468	
c380_13_001	c380	13	1	18	1870	61	69	1.468	1.298	0.330	c380_13_m0069
c380_13_002	c380	13	2	71	1839	28	117	2.489	0.596	0.181	
c380_13_003	c380	13	3	102	1875	49	87	1.851	1.043	0.628	
c380_13_004	c380	13	4	172	1874	36	27	0.574	0.766	-0.032	
c380_13_005	c380	13	5	208	1916	12	28	0.596	0.255	0.872	
c380_13_006	c380	13	6	242	1822	97	76	1.617	2.064	-0.617	
c380_13_007	c380	13	7	367	1825	28	125	2.660	0.596	-0.032	
c380_13_008	c380	13	8	393	1861	38	45	0.957	0.809	-0.117	
c380_13_009	c380	13	9	462	1876	27	51	1.085	0.574	0.266	
c380_13_010	c380	13	10	513	1872	32	94	2.000	0.681	0.638	
c380_13_011	c380	13	11	568	1834	20	88	1.872	0.426	-0.234	
c380_13_012	c380	13	12	600	1875	31	79	1.681	0.660	0.543	
c380_13_013	c380	13	13	699	1871	44	33	0.702	0.936	-0.032	c380_13_m0066
c380_13_014	c380	13	14	779	1874	42	53	1.128	0.894	0.245	
c380_13_015	c380	13	15	851	1878	33	24	0.511	0.702	0.021	
c380_13_016	c380	13	16	889	1849	104	71	1.511	2.213	-0.096	c380_13_m0067
c380_13_017	c380	13	17	982	1877	34	23	0.489	0.723	-0.011	
c380_13_018	c380	13	18	1032	1879	31	39	0.830	0.660	0.202	
c380_13_019	c380	13	19	1089	1881	29	37	0.787	0.617	0.223	
c380_13_020	c380	13	20	1147	1882	35	25	0.532	0.745	0.117	
c380_13_021	c380	13	21	1195	1878	37	27	0.574	0.787	0.053	
c380_13_022	c380	13	22	1258	1852	58	73	1.553	1.234	-0.011	
c380_13_023	c380	13	23	1317	1878	38	38	0.809	0.809	0.170	
c380_13_024	c380	13	24	1355	1886	18	20	0.426	0.383	0.149	
c380_13_025	c380	13	25	1399	1876	52	36	0.766	1.106	0.106	
c380_13_026	c380	13	26	1464	1885	47	28	0.596	1.000	0.213	
c380_13_027	c380	13	27	1528	1828	83	101	2.149	1.766	-0.223	
c380_13_028	c380	13	28	1604	1870	32	42	0.894	0.681	0.043	
c380_13_029	c380	13	29	1633	1872	12	31	0.660	0.255	-0.032	
c380_13_030	c380	13	30	1641	1884	68	47	1.000	1.447	0.394	c380_13_m0070|c380_13_m0071
c380_13_031	c380	13	31	1718	1930	7	30	0.638	0.149	1.191	
c380_13_032	c380	13	32	1728	1831	20	77	1.638	0.426	-0.415	
c380_13_033	c380	13	33	1751	1857	57	71	1.511	1.213	0.074	
c380_13_034	c380	13	34	1831	1821	87	83	1.766	1.851	-0.564	
c380_13_035	c380	13	35	1921	1868	59	93	1.979	1.255	0.543	
c380_13_036	c380	13	36	1982	1819	30	77	1.638	0.638	-0.670	
c380_13_037	c380	13	37	2005	1870	33	35	0.745	0.702	-0.032	c380_13_m0072
c380_13_038	c380	13	38	2065	1867	36	30	0.638	0.766	-0.149	c380_13_m0068
c380_13_039	c380	13	39	2122	1867	39	31	0.660	0.830	-0.138	
c380_13_040	c380	13	40	2185	1838	53	75	1.596	1.128	-0.287	
c380_13_041	c380	13	41	2247	1864	39	74	1.574	0.830	0.255	
c380_13_042	c380	13	42	2279	1924	42	20	0.426	0.894	0.957	
c380_13_043	c380	13	43	2301	1865	31	23	0.489	0.660	-0.266	
c380_13_044	c380	13	44	2343	1861	33	56	1.191	0.702	0.000	
c380_14_001	c380	14	1	0	2011	41	56	1.191	0.872	0.255	
c380_14_002	c380	14	2	23	1971	92	123	2.617	1.957	0.117	
c380_14_003	c380	14	3	115	1974	25	121	2.574	0.532	0.160	
c380_14_004	c380	14	4	150	1993	45	52	1.106	0.957	-0.170	
c380_14_005	c380	14	5	208	2017	29	23	0.489	0.617	0.032	
c380_14_006	c380	14	6	253	1973	52	70	1.489	1.106	-0.404	
c380_14_007	c380	14	7	272	2084	5	16	0.340	0.106	1.383	
c380_14_008	c380	14	8	314	2014	33	86	1.830	0.702	0.638	
c380_14_009	c380	14	9	352	1966	18	54	1.149	0.383	-0.723	
c380_14_010	c380	14	10	373	2005	68	74	1.574	1.447	0.319	
c380_14_011	c380	14	11	462	2022	23	43	0.915	0.489	0.351	
c380_14_012	c380	14	12	487	1971	25	71	1.511	0.532	-0.436	
c380_14_013	c380	14	13	501	2007	86	79	1.681	1.830	0.415	
c380_14_014	c380	14	14	548	1938	26	33	0.702	0.553	-1.543	
c380_14_015	c380	14	15	586	1955	26	141	3.000	0.553	-0.032	
c380_14_016	c380	14	16	620	2017	35	26	0.553	0.745	0.064	c380_14_m0073
c380_14_017	c380	14	17	679	2016	30	29	0.617	0.638	0.074	
c380_14_018	c380	14	18	741	2014	42	29	0.617	0.894	0.032	
c380_14_019	c380	14	19	816	2018	34	60	1.277	0.723	0.447	
c380_14_020	c380	14	20	848	2000	29	105	2.234	0.617	0.543	
c380_14_021	c380	14	21	875	1964	15	33	0.702	0.319	-0.989	
c380_14_022	c380	14	22	900	2018	24	53	1.128	0.511	0.372	
c380_14_023	c380	14	23	957	1987	57	80	1.702	1.213	0.000	
c380_14_024	c380	14	24	1027	2014	25	28	0.596	0.532	0.021	
c380_14_025	c380	14	25	1076	2013	34	32	0.681	0.723	0.043	c380_14_m0074
c380_14_026	c380	14	26	1142	2010	43	29	0.617	0.915	-0.053	
c380_14_027	c380	14	27	1268	2021	29	63	1.340	0.617	0.543	
c380_14_028	c380	14	28	1295	2062	16	55	1.170	0.340	1.330	
c380_14_029	c380	14	29	1315	1973	25	71	1.511	0.532	-0.394	
c380_14_030	c380	14	30	1340	2006	30	33	0.702	0.638	-0.096	
c380_14_031	c380	14	31	1413	2018	47	23	0.489	1.000	0.053	
c380_14_032	c380	14	32	1452	1994	28	42	0.894	0.596	-0.255	
c380_14_033	c380	14	33	1474	1957	29	50	1.064	0.617	-0.957	
c380_14_034	c380	14	34	1505	1989	52	69	1.468	1.106	-0.074	
c380_14_035	c380	14	35	1566	1966	88	141	3.000	1.872	0.202	
c380_14_036	c380	14	36	1649	2004	51	40	0.851	1.085	-0.064	
c380_14_037	c380	14	37	1723	2014	33	24	0.511	0.702	-0.021	
c380_14_038	c380	14	38	1784	2014	24	24	0.511	0.511	-0.021	
c380_14_039	c380	14	39	1808	1968	66	69	1.468	1.404	-0.521	
c380_14_040	c380	14	40	1865	2012	46	51	1.085	0.979	0.223	
c380_14_041	c380	14	41	1938	2016	23	48	1.021	0.489	0.277	
c380_14_042	c380	14	42	1994	1998	53	38	0.809	1.128	-0.213	
c380_14_043	c380	14	43	2073	2011	47	97	2.064	1.000	0.691	
c380_14_044	c380	14	44	2131	2011	42	90	1.915	0.894	0.617	
c380_14_045	c380	14	45	2173	1965	37	85	1.809	0.787	-0.415	
c380_14_046	c380	14	46	2210	1989	43	45	0.957	0.915	-0.330	
c380_14_047	c380	14	47	2275	2012	34	58	1.234	0.723	0.298	
c380_15_001	c380	15	1	6	2108	153	82	1.745	3.255	-0.553	c380_15_m0078
c380_15_002	c380	15	2	155	2115	31	113	2.404	0.660	-0.074	
c380_15_003	c380	15	3	200	2152	37	32	0.681	0.787	-0.149	
c380_15_004	c380	15	4	269	2161	24	53	1.128	0.511	0.266	
c380_15_005	c380	15	5	333	2107	96	81	1.723	2.043	-0.585	
c380_15_006	c380	15	6	417	2165	30	38	0.809	0.638	0.191	
c380_15_007	c380	15	7	446	2119	40	125	2.660	0.851	0.138	
c380_15_008	c380	15	8	499	2127	30	64	1.362	0.638	-0.340	
c380_15_009	c380	15	9	524	2110	40	138	2.936	0.851	0.085	
c380_15_010	c380	15	10	567	2158	51	83	1.766	1.085	0.521	
c380_15_011	c380	15	11	644	2165	41	22	0.468	0.872	0.021	
c380_15_012	c380	15	12	696	2106	74	72	1.532	1.574	-0.702	
c380_15_013	c380	15	13	796	2118	30	92	1.957	0.638	-0.234	
c380_15_014	c380	15	14	824	2160	49	31	0.660	1.043	0.011	
c380_15_015	c380	15	15	909	2151	48	37	0.787	1.021	-0.117	
c380_15_016	c380	15	16	987	2108	99	77	1.638	2.106	-0.606	
c380_15_017	c380	15	17	1082	2148	53	40	0.851	1.128	-0.149	
c380_15_018	c380	15	18	1178	2107	32	98	2.085	0.681	-0.404	
c380_15_019	c380	15	19	1214	2160	34	43	0.915	0.723	0.138	
c380_15_020	c380	15	20	1276	2124	51	64	1.362	1.085	-0.404	
c380_15_021	c380	15	21	1330	2156	37	25	0.532	0.787	-0.138	
c380_15_022	c380	15	22	1396	2162	33	42	0.894	0.702	0.170	
c380_15_023	c380	15	23	1459	2165	35	24	0.511	0.745	0.043	
c380_15_024	c380	15	24	1517	2158	43	41	0.872	0.915	0.074	
c380_15_025	c380	15	25	1589	2154	31	45	0.957	0.660	0.032	
c380_15_026	c380	15	26	1644	2117	134	125	2.660	2.851	0.096	c380_15_m0077
c380_15_027	c380	15	27	1764	2118	71	133	2.830	1.511	0.202	
c380_15_028	c380	15	28	1830	2169	35	56	1.191	0.745	0.468	
c380_15_029	c380	15	29	1895	2123	65	86	1.830	1.383	-0.191	
c380_15_030	c380	15	30	1971	2166	47	77	1.638	1.000	0.628	
c380_15_031	c380	15	31	2033	2163	52	156	3.319	1.106	1.404	
c380_15_032	c380	15	32	2101	2160	48	30	0.638	1.021	0.000	c380_15_m0075|c380_15_m0076
c380_15_033	c380	15	33	2174	2111	80	130	2.766	1.702	0.021	
c380_15_034	c380	15	34	2252	2168	56	55	1.170	1.191	0.436	
c380_16_001	c380	16	1	4	2292	30	52	1.106	0.638	0.043	
c380_16_002	c380	16	2	41	2247	87	128	2.723	1.851	-0.106	
c380_16_003	c380	16	3	143	2250	59	79	1.681	1.255	-0.564	
c380_16_004	c380	16	4	213	2259	120	90	1.915	2.553	-0.255	
c380_16_005	c380	16	5	341	2300	25	46	0.979	0.532	0.149	
c380_16_006	c380	16	6	399	2270	67	71	1.511	1.426	-0.223	
c380_16_007	c380	16	7	486	2295	55	37	0.787	1.170	-0.053	
c380_16_008	c380	16	8	572	2300	34	63	1.340	0.723	0.330	
c380_16_009	c380	16	9	622	2301	14	29	0.617	0.298	-0.011	
c380_16_010	c380	16	10	696	2299	68	33	0.702	1.447	-0.011	
c380_16_011	c380	16	11	757	2215	42	157	3.340	0.894	-0.479	
c380_16_012	c380	16	12	807	2293	38	30	0.638	0.809	-0.170	
c380_16_013	c380	16	13	895	2272	54	53	1.128	1.149	-0.372	
c380_16_014	c380	16	14	968	2304	28	44	0.936	0.596	0.213	
c380_16_015	c380	16	15	1043	2246	108	92	1.957	2.298	-0.511	
c380_16_016	c380	16	16	1149	2251	35	106	2.255	0.745	-0.255	
c380_16_017	c380	16	17	1185	2306	33	36	0.766	0.702	0.170	
c380_16_018	c380	16	18	1210	2307	69	88	1.872	1.468	0.745	
c380_16_019	c380	16	19	1249	2268	68	38	0.809	1.447	-0.617	
c380_16_020	c380	16	20	1318	2305	47	78	1.660	1.000	0.596	
c380_16_021	c380	16	21	1384	2287	33	93	1.979	0.702	0.372	
c380_16_022	c380	16	22	1444	2310	36	24	0.511	0.766	0.128	
c380_16_023	c380	16	23	1503	2295	60	41	0.872	1.277	-0.011	
c380_16_024	c380	16	24	1586	2309	48	26	0.553	1.021	0.128	
c380_16_025	c380	16	25	1661	2313	52	69	1.468	1.106	0.670	c380_16_m0080
c380_16_026	c380	16	26	1749	2318	24	44	0.936	0.511	0.511	c380_16_m0081
c380_16_027	c380	16	27	1790	2269	43	96	2.043	0.915	0.021	
c380_16_028	c380	16	28	1825	2312	35	32	0.681	0.745	0.255	
c380_16_029	c380	16	29	1843	2240	100	155	3.298	2.128	0.032	
c380_16_030	c380	16	30	1952	2309	35	24	0.511	0.745	0.106	
c380_16_031	c380	16	31	2002	2307	52	60	1.277	1.106	0.447	c380_16_m0079
c380_16_032	c380	16	32	2067	2266	86	114	2.426	1.830	0.149	
c380_16_033	c380	16	33	2162	2300	43	58	1.234	0.915	0.277	
c380_16_034	c380	16	34	2225	2307	28	45	0.957	0.596	0.287	
c380_16_035	c380	16	35	2264	2304	36	39	0.830	0.766	0.160	
c380_16_036	c380	16	36	2302	2274	90	79	1.681	1.915	-0.053	
c380_17_001	c380	17	1	14	2423	62	55	1.170	1.319	-0.181	
c380_17_002	c380	17	2	75	2446	25	46	0.979	0.532	0.213	
c380_17_003	c380	17	3	133	2409	56	79	1.681	1.191	-0.223	
c380_17_004	c380	17	4	202	2442	47	31	0.660	1.000	-0.032	
c380_17_005	c380	17	5	273	2416	52	55	1.170	1.106	-0.330	
c380_17_006	c380	17	6	331	2438	43	28	0.596	0.915	-0.149	
c380_17_007	c380	17	7	399	2409	66	76	1.617	1.404	-0.255	
c380_17_008	c380	17	8	480	2388	49	127	2.702	1.043	-0.160	
c380_17_009	c380	17	9	556	2388	73	137	2.915	1.553	-0.053	
c380_17_010	c380	17	10	640	2475	10	35	0.745	0.213	0.713	
c380_17_011	c380	17	11	660	2436	50	32	0.681	1.064	-0.149	
c380_17_012	c380	17	12	727	2422	51	49	1.043	1.085	-0.266	
c380_17_013	c380	17	13	790	2392	91	144	3.064	1.936	0.106	
c380_17_014	c380	17	14	918	2438	41	70	1.489	0.872	0.298	
c380_17_015	c380	17	15	985	2439	34	25	0.532	0.723	-0.160	
c380_17_016	c380	17	16	1034	2438	48	28	0.596	1.021	-0.149	
c380_17_017	c380	17	17	1096	2434	67	38	0.809	1.426	-0.128	
c380_17_018	c380	17	18	1180	2397	29	64	1.362	0.617	-0.638	
c380_17_019	c380	17	19	1205	2447	34	45	0.957	0.723	0.223	
c380_17_020	c380	17	20	1248	2413	17	33	0.702	0.362	-0.628	
c380_17_021	c380	17	21	1281	2445	21	47	1.000	0.447	0.202	
c380_17_022	c380	17	22	1337	2389	85	81	1.723	1.809	-0.628	
c380_17_023	c380	17	23	1416	2433	40	45	0.957	0.851	-0.074	
c380_17_024	c380	17	24	1505	2405	31	90	1.915	0.660	-0.191	
c380_17_025	c380	17	25	1539	2452	49	49	1.043	1.043	0.372	
c380_17_026	c380	17	26	1620	2456	30	24	0.511	0.638	0.191	
c380_17_027	c380	17	27	1672	2455	20	20	0.426	0.426	0.128	
c380_17_028	c380	17	28	1694	2428	47	47	1.000	1.000	-0.160	c380_17_m0082
c380_17_029	c380	17	29	1719	2370	51	74	1.574	1.085	-1.106	
c380_17_030	c380	17	30	1760	2430	53	50	1.064	1.128	-0.085	
c380_17_031	c380	17	31	1820	2450	35	24	0.511	0.745	0.064	
c380_17_032	c380	17	32	1875	2457	25	28	0.596	0.532	0.255	
c380_17_033	c380	17	33	1926	2454	39	44	0.936	0.830	0.362	
c380_17_034	c380	17	34	1996	2442	28	33	0.702	0.596	-0.011	
c380_17_035	c380	17	35	2054	2452	35	51	1.085	0.745	0.394	
c380_17_036	c380	17	36	2091	2443	12	18	0.383	0.255	-0.149	
c380_17_037	c380	17	37	2127	2402	36	76	1.617	0.766	-0.404	
c380_17_038	c380	17	38	2156	2446	63	71	1.511	1.340	0.479	
c380_17_039	c380	17	39	2238	2440	31	37	0.787	0.660	-0.011	
c380_17_040	c380	17	40	2280	2411	17	45	0.957	0.362	-0.543	
c380_17_041	c380	17	41	2304	2417	54	65	1.383	1.149	-0.202	c380_17_m0083
c380_18_001	c380	18	1	12	2582	33	34	0.723	0.702	0.213	
c380_18_002	c380	18	2	76	2541	93	67	1.426	1.979	-0.309	
c380_18_003	c380	18	3	172	2582	38	27	0.574	0.809	0.138	
c380_18_004	c380	18	4	230	2575	49	26	0.553	1.043	-0.021	
c380_18_005	c380	18	5	293	2578	44	72	1.532	0.936	0.532	
c380_18_006	c380	18	6	334	2523	32	124	2.638	0.681	-0.085	
c380_18_007	c380	18	7	356	2567	44	35	0.745	0.936	-0.096	
c380_18_008	c380	18	8	401	2522	27	142	3.021	0.574	0.085	
c380_18_009	c380	18	9	430	2555	51	53	1.128	1.085	-0.160	
c380_18_010	c380	18	10	491	2581	27	30	0.638	0.574	0.149	
c380_18_011	c380	18	11	526	2524	24	100	2.128	0.511	-0.319	
c380_18_012	c380	18	12	563	2575	45	41	0.872	0.957	0.138	
c380_18_013	c380	18	13	637	2578	45	26	0.553	0.957	0.043	
c380_18_014	c380	18	14	702	2569	91	65	1.383	1.936	0.266	
c380_18_015	c380	18	15	816	2581	47	25	0.532	1.000	0.096	
c380_18_016	c380	18	16	876	2578	45	44	0.936	0.957	0.234	
c380_18_017	c380	18	17	947	2526	100	76	1.617	2.128	-0.532	
c380_18_018	c380	18	18	1034	2561	43	45	0.957	0.915	-0.117	
c380_18_019	c380	18	19	1102	2575	49	64	1.362	1.043	0.383	
c380_18_020	c380	18	20	1161	2514	11	40	0.851	0.234	-1.170	
c380_18_021	c380	18	21	1172	2573	25	45	0.957	0.532	0.138	
c380_18_022	c380	18	22	1199	2586	15	40	0.851	0.319	0.362	
c380_18_023	c380	18	23	1217	2540	31	35	0.745	0.660	-0.670	
c380_18_024	c380	18	24	1242	2575	30	26	0.553	0.638	-0.021	
c380_18_025	c380	18	25	1300	2553	48	46	0.979	1.021	-0.277	
c380_18_026	c380	18	26	1370	2564	49	36	0.766	1.043	-0.149	c380_18_m0084
c380_18_027	c380	18	27	1428	2573	50	46	0.979	1.064	0.149	
c380_18_028	c380	18	28	1491	2521	10	44	0.936	0.213	-0.979	
c380_18_029	c380	18	29	1501	2581	66	59	1.255	1.404	0.457	
c380_18_030	c380	18	30	1570	2580	26	42	0.894	0.553	0.255	
c380_18_031	c380	18	31	1620	2573	33	34	0.723	0.702	0.021	
c380_18_032	c380	18	32	1679	2575	46	26	0.553	0.979	-0.021	
c380_18_033	c380	18	33	1756	2574	33	67	1.426	0.702	0.394	
c380_18_034	c380	18	34	1784	2631	11	40	0.851	0.234	1.319	
c380_18_035	c380	18	35	1796	2535	34	81	1.723	0.723	-0.287	
c380_18_036	c380	18	36	1819	2533	85	133	2.830	1.809	0.223	
c380_18_037	c380	18	37	1905	2581	27	49	1.043	0.574	0.351	
c380_18_038	c380	18	38	1943	2601	16	71	1.511	0.340	1.011	
c380_18_039	c380	18	39	1958	2573	11	26	0.553	0.234	-0.064	
c380_18_040	c380	18	40	1965	2534	63	92	1.957	1.340	-0.191	
c380_18_041	c380	18	41	2050	2578	21	47	1.000	0.447	0.266	
c380_18_042	c380	18	42	2107	2573	32	27	0.574	0.681	-0.053	
c380_18_043	c380	18	43	2166	2564	37	39	0.830	0.787	-0.117	
c380_18_044	c380	18	44	2234	2567	37	36	0.766	0.787	-0.085	
c380_18_045	c380	18	45	2288	2575	40	54	1.149	0.851	0.277	
c380_18_046	c380	18	46	2321	2542	68	105	2.234	1.447	0.117	
c380_18_047	c380	18	47	2379	2575	21	33	0.702	0.447	0.053	
c380_19_001	c380	19	1	0	2663	80	92	1.957	1.702	-0.319	
c380_19_002	c380	19	2	112	2715	52	40	0.851	1.106	0.234	
c380_19_003	c380	19	3	168	2675	21	122	2.596	0.447	0.255	
c380_19_004	c380	19	4	201	2665	83	135	2.872	1.766	0.181	
c380_19_005	c380	19	5	281	2707	66	25	0.532	1.404	-0.096	
c380_19_006	c380	19	6	338	2662	30	135	2.872	0.638	0.117	
c380_19_007	c380	19	7	375	2712	47	29	0.617	1.000	0.053	
c380_19_008	c380	19	8	419	2663	33	122	2.596	0.702	0.000	
c380_19_009	c380	19	9	459	2717	30	28	0.596	0.638	0.149	
c380_19_010	c380	19	10	482	2669	36	113	2.404	0.766	0.032	
c380_19_011	c380	19	11	541	2707	43	30	0.638	0.915	-0.043	
c380_19_012	c380	19	12	616	2713	31	36	0.766	0.660	0.149	
c380_19_013	c380	19	13	641	2668	92	126	2.681	1.957	0.149	
c380_19_014	c380	19	14	769	2687	55	53	1.128	1.170	-0.223	
c380_19_015	c380	19	15	812	2705	80	79	1.681	1.702	0.436	
c380_19_016	c380	19	16	938	2764	14	42	0.894	0.298	1.298	
c380_19_017	c380	19	17	955	2659	111	100	2.128	2.362	-0.319	
c380_19_018	c380	19	18	1072	2709	47	30	0.638	1.000	0.000	
c380_19_019	c380	19	19	1128	2709	54	26	0.553	1.149	-0.043	
c380_19_020	c380	19	20	1227	2667	110	114	2.426	2.340	0.000	
c380_19_021	c380	19	21	1365	2655	16	43	0.915	0.340	-1.011	
c380_19_022	c380	19	22	1380	2657	122	126	2.681	2.596	-0.085	
c380_19_023	c380	19	23	1516	2710	34	35	0.745	0.723	0.074	c380_19_m0086
c380_19_024	c380	19	24	1569	2665	29	101	2.149	0.617	-0.181	
c380_19_025	c380	19	25	1592	2711	36	37	0.787	0.766	0.117	
c380_19_026	c380	19	26	1650	2712	44	36	0.766	0.936	0.128	
c380_19_027	c380	19	27	1709	2711	47	47	1.000	1.000	0.223	c380_19_m0087
c380_19_028	c380	19	28	1780	2714	35	25	0.532	0.745	0.053	
c380_19_029	c380	19	29	1843	2697	55	57	1.213	1.170	0.032	
c380_19_030	c380	19	30	1913	2707	49	38	0.809	1.043	0.043	
c380_19_031	c380	19	31	1987	2719	26	37	0.787	0.553	0.287	
c380_19_032	c380	19	32	2042	2714	29	56	1.191	0.617	0.383	c380_19_m0085
c380_19_033	c380	19	33	2071	2664	27	67	1.426	0.574	-0.564	
c380_19_034	c380	19	34	2106	2690	54	49	1.043	1.149	-0.202	
c380_19_035	c380	19	35	2177	2712	38	25	0.532	0.809	0.011	
c380_19_036	c380	19	36	2241	2656	79	82	1.745	1.681	-0.574	
c380_19_037	c380	19	37	2313	2712	54	46	0.979	1.149	0.234	
c380_20_001	c380	20	1	14	2843	23	44	0.936	0.489	-0.043	
c380_20_002	c380	20	2	69	2847	29	40	0.851	0.617	0.000	
c380_20_003	c380	20	3	127	2847	100	72	1.532	2.128	0.340	
c380_20_004	c380	20	4	223	2793	92	76	1.617	1.957	-0.766	
c380_20_005	c380	20	5	308	2847	32	39	0.830	0.681	-0.011	
c380_20_006	c380	20	6	378	2846	24	50	1.064	0.511	0.085	
c380_20_007	c380	20	7	399	2903	9	26	0.553	0.191	1.043	
c380_20_008	c380	20	8	407	2791	39	109	2.319	0.830	-0.457	
c380_20_009	c380	20	9	449	2797	68	79	1.681	1.447	-0.649	
c380_20_010	c380	20	10	525	2882	10	31	0.660	0.213	0.649	
c380_20_011	c380	20	11	534	2859	8	22	0.468	0.170	0.064	
c380_20_012	c380	20	12	547	2797	17	39	0.830	0.362	-1.074	
c380_20_013	c380	20	13	561	2827	52	57	1.213	1.106	-0.245	
c380_20_014	c380	20	14	637	2858	33	27	0.574	0.702	0.096	
c380_20_015	c380	20	15	693	2860	38	25	0.532	0.809	0.117	
c380_20_016	c380	20	16	729	2877	17	52	1.106	0.362	0.766	
c380_20_017	c380	20	17	744	2820	15	56	1.191	0.319	-0.404	
c380_20_018	c380	20	18	753	2828	117	77	1.638	2.489	-0.011	
c380_20_019	c380	20	19	858	2863	29	27	0.574	0.617	0.202	
c380_20_020	c380	20	20	909	2807	24	72	1.532	0.511	-0.511	
c380_20_021	c380	20	21	924	2856	49	30	0.638	1.043	0.085	
c380_20_022	c380	20	22	993	2900	7	27	0.574	0.149	0.989	
c380_20_023	c380	20	23	1003	2818	79	66	1.404	1.681	-0.340	
c380_20_024	c380	20	24	1095	2829	64	56	1.191	1.362	-0.213	
c380_20_025	c380	20	25	1198	2809	39	137	2.915	0.830	0.223	
c380_20_026	c380	20	26	1241	2822	70	82	1.745	1.489	-0.085	
c380_20_027	c380	20	27	1315	2858	29	60	1.277	0.617	0.447	
c380_20_028	c380	20	28	1341	2799	52	148	3.149	1.106	0.128	
c380_20_029	c380	20	29	1392	2809	64	98	2.085	1.362	-0.191	
c380_20_030	c380	20	30	1453	2856	34	31	0.660	0.723	0.096	
c380_20_031	c380	20	31	1514	2852	37	22	0.468	0.787	-0.085	
c380_20_032	c380	20	32	1575	2855	56	74	1.574	1.191	0.532	
c380_20_033	c380	20	33	1658	2851	48	33	0.702	1.021	0.011	
c380_20_034	c380	20	34	1719	2856	49	29	0.617	1.043	0.074	
c380_20_035	c380	20	35	1782	2848	70	39	0.830	1.489	0.011	
c380_20_036	c380	20	36	1843	2799	118	121	2.574	2.511	-0.160	
c380_20_037	c380	20	37	1970	2895	7	32	0.681	0.149	0.936	
c380_20_038	c380	20	38	1976	2777	27	116	2.468	0.574	-0.681	
c380_20_039	c380	20	39	1998	2842	54	35	0.745	1.149	-0.160	c380_20_m0088
c380_20_040	c380	20	40	2067	2830	51	45	0.957	1.085	-0.309	
c380_20_041	c380	20	41	2125	2775	87	133	2.830	1.851	-0.543	
c380_20_042	c380	20	42	2211	2818	108	65	1.383	2.298	-0.351	
c380_20_043	c380	20	43	2322	2815	54	87	1.851	1.149	-0.181	
c380_21_001	c380	21	1	15	2939	96	72	1.532	2.043	-0.511	
c380_21_002	c380	21	2	112	2944	115	127	2.702	2.447	0.181	
c380_21_003	c380	21	3	224	2961	42	48	1.021	0.894	-0.298	
c380_21_004	c380	21	4	290	2981	58	54	1.149	1.234	0.191	
c380_21_005	c380	21	5	365	2986	36	23	0.489	0.766	-0.032	
c380_21_006	c380	21	6	422	2982	46	31	0.660	0.979	-0.032	
c380_21_007	c380	21	7	473	3058	7	15	0.319	0.149	1.415	
c380_21_008	c380	21	8	480	2980	57	34	0.723	1.213	-0.043	
c380_21_009	c380	21	9	547	2938	28	81	1.723	0.596	-0.436	
c380_21_010	c380	21	10	583	2983	39	27	0.574	0.830	-0.053	
c380_21_011	c380	21	11	650	2989	31	38	0.809	0.660	0.191	
c380_21_012	c380	21	12	704	2986	35	27	0.574	0.745	0.011	
c380_21_013	c380	21	13	782	2983	22	28	0.596	0.468	-0.043	
c380_21_014	c380	21	14	794	2954	34	28	0.596	0.723	-0.660	
c380_21_015	c380	21	15	830	2983	22	25	0.532	0.468	-0.074	
c380_21_016	c380	21	16	853	2978	36	34	0.723	0.766	-0.085	
c380_21_017	c380	21	17	905	2958	12	35	0.745	0.255	-0.500	
c380_21_018	c380	21	18	928	2989	37	24	0.511	0.787	0.043	
c380_21_019	c380	21	19	988	2939	93	75	1.596	1.979	-0.479	
c380_21_020	c380	21	20	1059	2931	90	127	2.702	1.915	-0.096	
c380_21_021	c380	21	21	1143	3033	12	42	0.894	0.255	1.170	
c380_21_022	c380	21	22	1155	2985	10	41	0.872	0.213	0.138	
c380_21_023	c380	21	23	1163	2956	8	28	0.596	0.170	-0.617	
c380_21_024	c380	21	24	1183	2985	55	29	0.617	1.170	0.011	
c380_21_025	c380	21	25	1268	2990	25	49	1.043	0.532	0.330	
c380_21_026	c380	21	26	1286	2938	42	140	2.979	0.894	0.191	
c380_21_027	c380	21	27	1341	2980	35	29	0.617	0.745	-0.096	
c380_21_028	c380	21	28	1416	2948	62	63	1.340	1.319	-0.415	
c380_21_029	c380	21	29	1476	2990	34	39	0.830	0.723	0.223	
c380_21_030	c380	21	30	1522	2965	106	74	1.574	2.255	0.064	
c380_21_031	c380	21	31	1642	2985	43	31	0.660	0.915	0.032	
c380_21_032	c380	21	32	1716	2987	36	42	0.894	0.766	0.191	
c380_21_033	c380	21	33	1754	2957	28	46	0.979	0.596	-0.404	
c380_21_034	c380	21	34	1768	2989	47	49	1.043	1.000	0.309	
c380_21_035	c380	21	35	1839	2934	55	123	2.617	1.170	-0.074	
c380_21_036	c380	21	36	1878	2967	74	81	1.723	1.574	0.181	
c380_21_037	c380	21	37	1953	3042	7	27	0.574	0.149	1.202	
c380_21_038	c380	21	38	1957	3021	6	18	0.383	0.128	0.660	
c380_21_039	c380	21	39	1963	2930	27	85	1.809	0.574	-0.564	
c380_21_040	c380	21	40	1996	2977	52	43	0.915	1.106	-0.011	c380_21_m0089
c380_21_041	c380	21	41	2067	2979	65	79	1.681	1.383	0.415	
c380_21_042	c380	21	42	2149	2919	28	91	1.936	0.596	-0.734	
c380_21_043	c380	21	43	2181	2972	36	70	1.489	0.766	0.170	
c380_21_044	c380	21	44	2218	2921	38	107	2.277	0.809	-0.521	
c380_21_045	c380	21	45	2241	2976	82	48	1.021	1.745	0.021	
c380_22_001	c380	22	1	11	3107	41	60	1.277	0.872	-0.106	
c380_22_002	c380	22	2	61	3130	36	25	0.532	0.766	0.011	
c380_22_003	c380	22	3	124	3115	33	26	0.553	0.702	-0.298	
c380_22_004	c380	22	4	177	3116	54	32	0.681	1.149	-0.213	
c380_22_005	c380	22	5	261	3105	64	42	0.894	1.362	-0.340	
c380_22_006	c380	22	6	341	3117	34	53	1.128	0.723	0.032	
c380_22_007	c380	22	7	378	3109	16	54	1.149	0.340	-0.128	
c380_22_008	c380	22	8	400	3113	49	30	0.638	1.043	-0.298	c380_22_m0090
c380_22_009	c380	22	9	444	3064	113	135	2.872	2.404	-0.223	c380_22_m0092
c380_22_010	c380	22	10	586	3118	39	26	0.553	0.830	-0.234	
c380_22_011	c380	22	11	643	3115	43	37	0.787	0.915	-0.181	
c380_22_012	c380	22	12	710	3081	72	129	2.745	1.532	0.074	
c380_22_013	c380	22	13	786	3087	63	81	1.723	1.340	-0.309	
c380_22_014	c380	22	14	853	3120	30	37	0.787	0.638	-0.074	c380_22_m0091
c380_22_015	c380	22	15	903	3114	39	28	0.596	0.830	-0.298	
c380_22_016	c380	22	16	984	3069	107	131	2.787	2.277	-0.160	
c380_22_017	c380	22	17	1096	3087	18	65	1.383	0.383	-0.479	
c380_22_018	c380	22	18	1116	3119	65	35	0.745	1.383	-0.117	
c380_22_019	c380	22	19	1186	3127	28	50	1.064	0.596	0.213	
c380_22_020	c380	22	20	1213	3169	13	33	0.702	0.277	0.926	
c380_22_021	c380	22	21	1235	3073	112	109	2.319	2.383	-0.309	
c380_22_022	c380	22	22	1346	3134	50	25	0.532	1.064	0.096	
c380_22_023	c380	22	23	1378	3209	14	35	0.745	0.298	1.798	
c380_22_024	c380	22	24	1409	3077	24	68	1.447	0.511	-0.660	
c380_22_025	c380	22	25	1430	3131	71	85	1.809	1.511	0.670	
c380_22_026	c380	22	26	1504	3137	38	40	0.851	0.809	0.319	
c380_22_027	c380	22	27	1569	3138	38	24	0.511	0.809	0.170	
c380_22_028	c380	22	28	1635	3082	125	111	2.362	2.660	-0.096	
c380_22_029	c380	22	29	1788	3148	31	29	0.617	0.660	0.436	
c380_22_030	c380	22	30	1848	3143	44	46	0.979	0.936	0.511	
c380_22_031	c380	22	31	1885	3117	16	31	0.660	0.340	-0.202	
c380_22_032	c380	22	32	1908	3138	54	54	1.149	1.149	0.489	
c380_22_033	c380	22	33	1968	3098	39	87	1.851	0.830	-0.011	
c380_22_034	c380	22	34	2043	3144	37	26	0.553	0.787	0.319	
c380_22_035	c380	22	35	2063	3100	97	129	2.745	2.064	0.479	
c380_22_036	c380	22	36	2133	3075	87	133	2.830	1.851	-0.011	
c380_22_037	c380	22	37	2232	3083	33	82	1.745	0.702	-0.383	
c380_22_038	c380	22	38	2257	3130	40	52	1.106	0.851	0.298	c380_22_m0093
c380_22_039	c380	22	39	2334	3164	66	38	0.809	1.404	0.872	
