ciphertext_path	ct_status	key_path	key_office	key_years	key_lang	design	coverage	score	z_shuffled	z_unrelated	rank_of_this_key_for_ct	verdict
ciphers/oxenstierna-gustav-adolf-1632/ciphertext_key.tsv	found-solved	ciphers/oxenstierna-gustav-adolf-1632/key.tsv	Oxenstierna, Gustav II Adolf -> Axel Oxenstierna	1632	fr	homophonic	0.9	-1.5584	9.26		1	own
ciphers/clair1067-brienne-poland-1646/ciphertext.txt	solved	ciphers/clair1067-brienne-poland-1646/key_1646.tsv	?	1646	fr	nomenclator	1.0	-0.9894	8.29	3.73	1	own
ciphers/fr5160-letellier-1653/ciphertext_f86.tsv	open	ciphers/fr5160-letellier-1653/key_1659_f86only.tsv	?	1653-1661	fr	nomenclator	0.957	-1.1478	7.49	0.52	1	own
ciphers/august-van-saksen-1561-64/ciphertext_53.tsv	partial	ciphers/august-van-saksen-1561-64/key_53.tsv	?	1561-1564	de	monoalphabetic	0.995	-1.3419	6.86		1	own
ciphers/lodewijk-van-nassau-1573-74/ciphertext_sib.tsv	partial	ciphers/jan-van-nassau-1572-75/key_5549.tsv	?	1572-1575	fr	nomenclator	1.0	-1.061	6.85	1.52		unusable-key
ciphers/lodewijk-van-nassau-1573-74/ciphertext_sib.tsv	partial	ciphers/lodewijk-van-nassau-1573-74/key.tsv	Nassau -> Willem van Oranje	1573-1574	fr	nomenclator	1.0	-1.061	6.85	1.52	2	own
ciphers/fr2980-gramont/ciphertext.txt	?	ciphers/fr2980-gramont/key.tsv	?	1530	fr	homophonic	1.0	-1.3421	6.46		1	own
ciphers/lodewijk-van-nassau-1573-74/ciphertext_4503.tsv	partial	ciphers/jan-van-nassau-1572-75/key_5549.tsv	?	1572-1575	fr	nomenclator	0.835	-0.9872	6.33	0.85		unusable-key
ciphers/lodewijk-van-nassau-1573-74/ciphertext_4503.tsv	partial	ciphers/lodewijk-van-nassau-1573-74/key.tsv	Nassau -> Willem van Oranje	1573-1574	fr	nomenclator	0.835	-0.9872	6.33	0.85	1	own
ciphers/lodewijk-van-nassau-1573-74/ciphertext_4610.tsv	partial	ciphers/jan-van-nassau-1572-75/key_5549.tsv	?	1572-1575	fr	nomenclator	0.819	-1.2029	6.3	0.83		unusable-key
ciphers/lodewijk-van-nassau-1573-74/ciphertext_4610.tsv	partial	ciphers/lodewijk-van-nassau-1573-74/key.tsv	Nassau -> Willem van Oranje	1573-1574	fr	nomenclator	0.819	-1.2029	6.3	0.83	3	own
ciphers/fr5160-letellier-1653/ciphertext_f86.tsv	open	ciphers/fr5160-letellier-1653/key_1659.tsv	?	1653-1661	fr	nomenclator	0.957	-1.2187	5.91	0.49	1	own
ciphers/august-van-saksen-1561-64/ciphertext_126.tsv	partial	ciphers/august-van-saksen-1561-64/key_98.tsv	?	1561-1564	de	nomenclator	0.983	-1.1548	5.76	0.58	1	own
ciphers/lodewijk-van-nassau-1573-74/ciphertext_4616.tsv	partial	ciphers/jan-van-nassau-1572-75/key_5549.tsv	?	1572-1575	fr	nomenclator	0.9	-1.3475	5.45	0.41		unusable-key
ciphers/lodewijk-van-nassau-1573-74/ciphertext_4616.tsv	partial	ciphers/lodewijk-van-nassau-1573-74/key.tsv	Nassau -> Willem van Oranje	1573-1574	fr	nomenclator	0.9	-1.3475	5.45	0.41	6	own
ciphers/lodewijk-van-nassau-1573-74/ciphertext_5810.tsv	partial	ciphers/jan-van-nassau-1572-75/key_5549.tsv	?	1572-1575	fr	nomenclator	0.813	-1.2541	5.35	0.87		unusable-key
ciphers/lodewijk-van-nassau-1573-74/ciphertext_5810.tsv	partial	ciphers/lodewijk-van-nassau-1573-74/key.tsv	Nassau -> Willem van Oranje	1573-1574	fr	nomenclator	0.813	-1.2541	5.35	0.87	4	own
ciphers/gunther-van-schwarzburg-1561/ciphertext_5109.tsv	found-solved	ciphers/gunther-van-schwarzburg-1561/key.tsv	Willem van Oranje -> Günther van Schwarzburg	1561	de	homophonic	0.996	-1.4386	4.94		1	own
ciphers/fr20140-danzay-1557/ciphertext.txt	found-solved	ciphers/fr20140-danzay-1557/key.tsv	BnF fr.20140 — Charles de Danzay -> Henri II / Cardinal of Lorraine	1557	fr	nomenclator	0.89	-1.1978	4.87		1	own
ciphers/fr5160-letellier-1653/ciphertext_f67.tsv	open	ciphers/fr5160-letellier-1653/key_1659_f86only.tsv	?	1653-1661	fr	nomenclator	0.872	-1.3231	4.81	0.44	2	own
ciphers/huntington-luzerne-destouches-1781/ciphertext.tsv	open	ciphers/huntington-luzerne-destouches-1781/key.tsv	La Luzerne -> Destouches	1781	fr	nomenclator	0.797	-0.9713	4.81	2.73	1	own
ciphers/fr5160-letellier-1653/ciphertext_f88.tsv	open	ciphers/fr5160-letellier-1653/key_1659.tsv	?	1653-1661	fr	nomenclator	0.944	-1.2531	4.71	0.49	2	own
ciphers/fr5160-letellier-1653/ciphertext_f67.tsv	open	ciphers/fr5160-letellier-1653/key_1659.tsv	?	1653-1661	fr	nomenclator	0.932	-1.2979	4.62	0.45	3	own
ciphers/fr2980-gramont/ciphertext_f30.tsv	?	ciphers/fr2980-gramont/key.tsv	?	1530	fr	homophonic	0.895	-1.4869	4.42		2	own
ciphers/fr5160-letellier-1653/ciphertext_f86.tsv	open	ciphers/fr5160-letellier-1653/key_1659_ext.tsv	?	1653-1661	fr	nomenclator	0.957	-1.2187	4.25	0.49	1	own
ciphers/huntington-blathwayt-madrid-1728/ciphertext.tsv	partial	ciphers/huntington-blathwayt-madrid-1728/key.tsv	?	1725-1729	fr	code	0.95	-0.8989	4.23	35.35	1	own
ciphers/lodewijk-van-nassau-1573-74/ciphertext_4611.tsv	partial	ciphers/jan-van-nassau-1572-75/key_5549.tsv	?	1572-1575	fr	nomenclator	0.839	-1.34	4.14	0.4		unusable-key
ciphers/lodewijk-van-nassau-1573-74/ciphertext_4611.tsv	partial	ciphers/lodewijk-van-nassau-1573-74/key.tsv	Nassau -> Willem van Oranje	1573-1574	fr	nomenclator	0.839	-1.34	4.14	0.4	5	own
ciphers/fr5160-letellier-1653/ciphertext_f1.tsv	open	ciphers/fr5160-letellier-1653/key_1659_ext.tsv	?	1653-1661	fr	nomenclator	0.513	-1.3798	4.11	0.49	4	own
ciphers/fr5160-letellier-1653/ciphertext_f88.tsv	open	ciphers/fr5160-letellier-1653/key_1659_f86only.tsv	?	1653-1661	fr	nomenclator	0.88	-1.3591	4.04	0.45	3	own
ciphers/huntington-luzerne-destouches-1781/ciphertext_decipher.tsv	open	ciphers/huntington-luzerne-destouches-1781/key.tsv	La Luzerne -> Destouches	1781	fr	nomenclator	0.871	-0.9847	3.87	3.19	2	own
ciphers/fr5160-letellier-1653/ciphertext_f67.tsv	open	ciphers/fr5160-letellier-1653/key_1659_ext.tsv	?	1653-1661	fr	nomenclator	0.973	-1.2395	3.74	0.47	2	own
ciphers/fr5160-letellier-1653/ciphertext_f88.tsv	open	ciphers/fr5160-letellier-1653/key_1659_ext.tsv	?	1653-1661	fr	nomenclator	0.944	-1.2531	3.64	0.49	3	own
ciphers/gunther-van-schwarzburg-1561/ciphertext.tsv	found-solved	ciphers/gunther-van-schwarzburg-1561/key.tsv	Willem van Oranje -> Günther van Schwarzburg	1561	de	homophonic	0.913	-1.4785	3.61		2	own
ciphers/gunther-van-schwarzburg-1561/ciphertext_5109.txt	found-solved	ciphers/gunther-van-schwarzburg-1561/key.tsv	Willem van Oranje -> Günther van Schwarzburg	1561	de	homophonic	0.892	-1.4813	3.55		3	own
ciphers/gunther-van-schwarzburg-1561/ciphertext_8246.txt	found-solved	ciphers/gunther-van-schwarzburg-1561/key.tsv	Willem van Oranje -> Günther van Schwarzburg	1561	de	homophonic	0.891	-1.496	3.09		4	own
ciphers/lodewijk-van-nassau-1573-74/ciphertext_5811.tsv	partial	ciphers/jan-van-nassau-1572-75/key_5549.tsv	?	1572-1575	fr	nomenclator	0.928	-1.4757	2.67	0.12		unusable-key
ciphers/lodewijk-van-nassau-1573-74/ciphertext_5811.tsv	partial	ciphers/lodewijk-van-nassau-1573-74/key.tsv	Nassau -> Willem van Oranje	1573-1574	fr	nomenclator	0.928	-1.4757	2.67	0.12	7	own
ciphers/jan-van-nassau-1572-75/ciphertext_5549_ps.tsv	open	ciphers/jan-van-nassau-1572-75/key_5549.tsv	?	1572-1575	fr	nomenclator	0.797	-1.5281	2.45	-0.37	8	own
ciphers/jan-van-nassau-1572-75/ciphertext_5549_ps.tsv	open	ciphers/lodewijk-van-nassau-1573-74/key.tsv	Nassau -> Willem van Oranje	1573-1574	fr	nomenclator	0.797	-1.5281	2.45	-0.37		unusable-key
ciphers/huntington-blathwayt-madrid-1728/ciphertext_targets.tsv	partial	ciphers/huntington-blathwayt-madrid-1728/key.tsv	?	1725-1729	fr	code	0.878	-0.902	2.21	3.01	2	own
ciphers/dupuy452-carpi-1520/ciphertext.txt	found-solved	ciphers/dupuy452-carpi-1520/key.tsv	?	1520	fr	nomenclator	0.87	-1.0805	2.05		1	own
ciphers/lodewijk-van-nassau-1573-74/ciphertext_sib.tsv	partial	ciphers/oxenstierna-gustav-adolf-1632/key.tsv	Oxenstierna, Gustav II Adolf -> Axel Oxenstierna	1632	fr	homophonic	0.504	-2.0875	1.81			unusable-key
ciphers/vanbeuningen-dewitt-1657/ciphertext.tsv	partial	ciphers/vanbeuningen-dewitt-1657/key.tsv	Van Beuningen circle -> Johan de Witt: the same letter survives as a plain copy and a	1657	nl	code	0.999	-1.5293	1.8		1	own
ciphers/lodewijk-van-nassau-1573-74/ciphertext_4612.tsv	partial	ciphers/oxenstierna-gustav-adolf-1632/key.tsv	Oxenstierna, Gustav II Adolf -> Axel Oxenstierna	1632	fr	homophonic	0.561	-2.0812	1.62			unusable-key
ciphers/fr20140-danzay-1557/ciphertext_f36.tsv	found-solved	ciphers/fr20140-danzay-1557/key.tsv	BnF fr.20140 — Charles de Danzay -> Henri II / Cardinal of Lorraine	1557	fr	nomenclator	0.94	-1.4525	1.46		2	own
ciphers/august-van-saksen-1561-64/ciphertext_57.tsv	partial	ciphers/august-van-saksen-1561-64/key_74.tsv	?	1561-1564	de	nomenclator	0.983	-1.1831	1.4	0.59	1	own
ciphers/la-garde-1577/ciphertext_6467.tsv	open	ciphers/fr3986-nevers-revol-1593/key.tsv	Nevers -> Revol	1593	fr	nomenclator	0.532	-1.2736	1.18	0.56		unusable-key
ciphers/la-garde-1577/ciphertext_6467.tsv	open	ciphers/fr3987-nevers-revol-1593/key.tsv	Nevers -> Revol	1593	fr	nomenclator	0.532	-1.2736	1.18	0.56		unusable-key
ciphers/lodewijk-van-nassau-1573-74/ciphertext_4611.tsv	partial	ciphers/thurloe-printed/key_steele.tsv	?	1742	en16	nomenclator	0.553	-1.2778	1.13	0.6		unusable-key
ciphers/lodewijk-van-nassau-1573-74/ciphertext_5811.tsv	partial	ciphers/thurloe-printed/key_steele.tsv	?	1742	en16	nomenclator	0.56	-1.2977	1.11	0.75		unusable-key
ciphers/lodewijk-van-nassau-1573-74/ciphertext_5811.tsv	partial	ciphers/jan-van-nassau-1572-75/key_1572.tsv	?	1572-1575	fr	nomenclator	0.69	-1.3362	0.82	0.61		unusable-key
ciphers/zodiac-z13-stress/ciphertext.txt	closed-negative	ciphers/fr3986-nevers-revol-1593/key.tsv	Nevers -> Revol	1593	fr	nomenclator	0.538	-1.2114	0.77	1.1		unusable-key
ciphers/zodiac-z13-stress/ciphertext.txt	closed-negative	ciphers/fr3987-nevers-revol-1593/key.tsv	Nevers -> Revol	1593	fr	nomenclator	0.538	-1.2114	0.77	1.1		unusable-key
ciphers/august-van-saksen-1561-64/ciphertext_53.tsv	partial	ciphers/august-van-saksen-1561-64/key_98.tsv	?	1561-1564	de	nomenclator	0.599	-1.4624	0.74	0.47	2	own
ciphers/jan-van-nassau-1572-75/ciphertext_5549_ps.tsv	open	ciphers/jan-van-nassau-1572-75/key_1572.tsv	?	1572-1575	fr	nomenclator	0.554	-1.3409	0.7	0.48	5	own
ciphers/sp53-22-f52/ciphertext.txt	open	ciphers/fr3986-nevers-revol-1593/key.tsv	Nevers -> Revol	1593	fr	nomenclator	0.524	-1.3869	0.68	0.51		unusable-key
ciphers/sp53-22-f52/ciphertext.txt	open	ciphers/fr3987-nevers-revol-1593/key.tsv	Nevers -> Revol	1593	fr	nomenclator	0.524	-1.3869	0.68	0.51		unusable-key
ciphers/lodewijk-van-nassau-1573-74/ciphertext_5810.tsv	partial	ciphers/jan-van-nassau-1572-75/key_1572.tsv	?	1572-1575	fr	nomenclator	0.575	-1.3557	0.64	0.51		unusable-key
ciphers/lodewijk-van-nassau-1573-74/ciphertext_4610.tsv	partial	ciphers/thurloe-printed/key_steele.tsv	?	1742	en16	nomenclator	0.518	-1.3674	0.64	0.31		unusable-key
ciphers/sforza-maino-1446/ciphertext.txt	closed-negative	ciphers/fr3986-nevers-revol-1593/key.tsv	Nevers -> Revol	1593	fr	nomenclator	0.506	-1.3163	0.59	0.72		unusable-key
ciphers/sforza-maino-1446/ciphertext.txt	closed-negative	ciphers/fr3987-nevers-revol-1593/key.tsv	Nevers -> Revol	1593	fr	nomenclator	0.506	-1.3163	0.59	0.72		unusable-key
ciphers/jan-van-nassau-1572-75/j5s/ciphertext_glossed_5557_5552.tsv	open	ciphers/jan-van-nassau-1572-75/key_1572.tsv	?	1572-1575	fr	nomenclator	0.611	-1.3286	0.59	1.21	2	own
ciphers/willem-van-hessen-1567/siblings/ciphertext_1069.tsv	open	ciphers/jan-van-nassau-1572-75/key_1572.tsv	?	1572-1575	fr	nomenclator	0.882	-1.2356	0.58	0.79		unusable-key
ciphers/lodewijk-van-nassau-1573-74/ciphertext_4610.tsv	partial	ciphers/jan-van-nassau-1572-75/key_1572.tsv	?	1572-1575	fr	nomenclator	0.583	-1.3683	0.47	0.31		unusable-key
ciphers/august-van-saksen-1561-64/ciphertext_57.tsv	partial	ciphers/august-van-saksen-1561-64/key_98.tsv	?	1561-1564	de	nomenclator	0.513	-1.5136	0.45	0.45	3	own
ciphers/la-garde-1577/ciphertext_6179_L1.tsv	open	ciphers/jan-van-nassau-1572-75/key_1572.tsv	?	1572-1575	fr	nomenclator	0.896	-1.3659	0.43	1.65		unusable-key
ciphers/lodewijk-van-nassau-1573-74/ciphertext_5811.tsv	partial	ciphers/thurloe-printed/key_blake_extended.tsv	?	1742	en16	code	0.526	-1.2891	0.4	-0.6		unusable-key
ciphers/willem-van-hessen-1567/siblings/ciphertext_1069.tsv	open	ciphers/thurloe-printed/key_montagu_extended.tsv	?	1742	en16	nomenclator	0.882	-1.4978	0.39	0.71		unusable-key
ciphers/jan-van-nassau-1572-75/ciphertext_5549_ps.tsv	open	ciphers/thurloe-printed/key_montagu_extended.tsv	?	1742	en16	nomenclator	0.732	-1.5262	0.37	-0.36		unusable-key
ciphers/la-garde-1577/ciphertext_6179.tsv	open	ciphers/jan-van-nassau-1572-75/key_1572.tsv	?	1572-1575	fr	nomenclator	0.927	-1.3514	0.35	1.41		unusable-key
ciphers/beinecke-mellon29-elia/ciphertext.tsv	closed-negative	ciphers/trew-posthius-1614-18/key.tsv	Two letters, Erasmus Posthius -> Johann Christoph Eysenmenger — UB Erlangen	1614	la	monoalphabetic	0.771	-1.4663	0.34	1.01		unusable-key
ciphers/lodewijk-van-nassau-1573-74/ciphertext_4612.tsv	partial	ciphers/thurloe-printed/key_steele.tsv	?	1742	en16	nomenclator	0.542	-1.3725	0.33	1.32		unusable-key
ciphers/fr3986-nevers-revol-1593/ciphertext.tsv	blocked	ciphers/fr3986-nevers-revol-1593/key.tsv	Nevers -> Revol	1593	fr	nomenclator	0.924	-1.4077	0.31	0.52	5	own
ciphers/fr3986-nevers-revol-1593/ciphertext.tsv	blocked	ciphers/fr3987-nevers-revol-1593/key.tsv	Nevers -> Revol	1593	fr	nomenclator	0.924	-1.4077	0.31	0.52		unusable-key
ciphers/fr4687-paleologue-nevers/ciphertext.txt	open	ciphers/jan-van-nassau-1572-75/key_1572.tsv	?	1572-1575	fr	nomenclator	0.889	-1.3353	0.31	0.5		unusable-key
ciphers/la-garde-1577/ciphertext_6467_L1.tsv	open	ciphers/jan-van-nassau-1572-75/key_1572.tsv	?	1572-1575	fr	nomenclator	0.756	-1.3568	0.27	0.54		unusable-key
ciphers/beinecke-mellon29-elia/ciphertext.tsv	closed-negative	ciphers/trew-posthius-1614-18/key_1618.tsv	Two letters, Erasmus Posthius -> Johann Christoph Eysenmenger — UB Erlangen	1614	la	monoalphabetic	0.771	-1.47	0.22	0.99		unusable-key
ciphers/fr3990-nevers-henri4-1594/ciphertext.tsv	blocked	ciphers/fr3986-nevers-revol-1593/key.tsv	Nevers -> Revol	1593	fr	nomenclator	0.685	-1.5372	0.2	0.46		unusable-key
ciphers/fr3990-nevers-henri4-1594/ciphertext.tsv	blocked	ciphers/fr3987-nevers-revol-1593/key.tsv	Nevers -> Revol	1593	fr	nomenclator	0.685	-1.5372	0.2	0.46		unusable-key
ciphers/lodewijk-van-nassau-1573-74/ciphertext_4616.tsv	partial	ciphers/jan-van-nassau-1572-75/key_1572.tsv	?	1572-1575	fr	nomenclator	0.632	-1.3609	0.17	0.4		unusable-key
ciphers/august-van-saksen-1561-64/ciphertext_53.tsv	partial	ciphers/fr3986-nevers-revol-1593/key.tsv	Nevers -> Revol	1593	fr	nomenclator	0.687	-1.4098	0.15	0.49		unusable-key
ciphers/august-van-saksen-1561-64/ciphertext_53.tsv	partial	ciphers/fr3987-nevers-revol-1593/key.tsv	Nevers -> Revol	1593	fr	nomenclator	0.687	-1.4098	0.15	0.49		unusable-key
ciphers/thurloe-printed/P20/ciphertext.txt	?	ciphers/jan-van-nassau-1572-75/key_1572.tsv	?	1572-1575	fr	nomenclator	0.837	-1.3718	0.14	1.24		unusable-key
ciphers/sp53-22-f52/ciphertext.txt	open	ciphers/rah-canada-1869/key.tsv	?	1869	es	monoalphabetic	0.512	-1.4492	0.13			unusable-key
ciphers/fr4687-paleologue-nevers/ciphertext.txt	open	ciphers/jan-van-nassau-1572-75/key_5549.tsv	?	1572-1575	fr	nomenclator	0.889	-1.9598	-0.1	0.23		unusable-key
ciphers/fr4687-paleologue-nevers/ciphertext.txt	open	ciphers/lodewijk-van-nassau-1573-74/key.tsv	Nassau -> Willem van Oranje	1573-1574	fr	nomenclator	0.889	-1.9598	-0.1	0.23		unusable-key
ciphers/fr3987-nevers-revol-1593/ciphertext.tsv	blocked	ciphers/fr3986-nevers-revol-1593/key.tsv	Nevers -> Revol	1593	fr	nomenclator	0.909	-1.5147	-0.11	0.49		unusable-key
ciphers/fr3987-nevers-revol-1593/ciphertext.tsv	blocked	ciphers/fr3987-nevers-revol-1593/key.tsv	Nevers -> Revol	1593	fr	nomenclator	0.909	-1.5147	-0.11	0.49	7	own
ciphers/bowes-walsingham-1583/ciphertext.txt	partial	ciphers/jan-van-nassau-1572-75/key_1572.tsv	?	1572-1575	fr	nomenclator	0.752	-1.3888	-0.15	0.98		unusable-key
ciphers/rumpf-vandebie-heinsius-1716-19/ciphertext_142.tsv	open	ciphers/jan-van-nassau-1572-75/key_1572.tsv	?	1572-1575	fr	nomenclator	0.918	-1.4042	-0.17	1.14		unusable-key
ciphers/lodewijk-van-nassau-1573-74/ciphertext_sib.tsv	partial	ciphers/thurloe-printed/key_steele.tsv	?	1742	en16	nomenclator	0.551	-1.5372	-0.17	-0.12		unusable-key
ciphers/thurloe-printed/P23/ciphertext.txt	?	ciphers/jan-van-nassau-1572-75/key_1572.tsv	?	1572-1575	fr	nomenclator	0.814	-1.4048	-0.24	0.94		unusable-key
ciphers/trew-posthius-1614-18/ciphertext_1618.tsv	found-solved	ciphers/dupuy452-carpi-1520/key.tsv	?	1520	fr	nomenclator	0.5	-1.654	-0.29			unusable-key
ciphers/lodewijk-van-nassau-1573-74/ciphertext_4503.tsv	partial	ciphers/jan-van-nassau-1572-75/key_1572.tsv	?	1572-1575	fr	nomenclator	0.612	-1.3839	-0.33	-0.05		unusable-key
ciphers/lodewijk-van-nassau-1573-74/ciphertext_sib.tsv	partial	ciphers/jan-van-nassau-1572-75/key_1572.tsv	?	1572-1575	fr	nomenclator	0.788	-1.389	-0.33	0.35		unusable-key
ciphers/lodewijk-van-nassau-1573-74/ciphertext_5811.tsv	partial	ciphers/oxenstierna-gustav-adolf-1632/key.tsv	Oxenstierna, Gustav II Adolf -> Axel Oxenstierna	1632	fr	homophonic	0.519	-2.2012	-0.35			unusable-key
ciphers/jan-van-nassau-1572-75/ciphertext_5549_ps.tsv	open	ciphers/thurloe-printed/pool_1654/key_stamford.tsv	?	1742	en16	nomenclator	0.502	-1.4879	-0.42	-0.19		unusable-key
ciphers/trew-posthius-1614-18/ciphertext_1618.tsv	found-solved	ciphers/trew-posthius-1614-18/key.tsv	Two letters, Erasmus Posthius -> Johann Christoph Eysenmenger — UB Erlangen	1614	la	monoalphabetic	1.0	-1.498	-0.46	1.62	2	own
ciphers/intercepted-royalist-1646/ciphertext.txt	open	ciphers/jan-van-nassau-1572-75/key_5549.tsv	?	1572-1575	fr	nomenclator	0.649	-1.9081	-0.5	-0.67		unusable-key
ciphers/intercepted-royalist-1646/ciphertext.txt	open	ciphers/lodewijk-van-nassau-1573-74/key.tsv	Nassau -> Willem van Oranje	1573-1574	fr	nomenclator	0.649	-1.9081	-0.5	-0.67		unusable-key
ciphers/bowes-walsingham-1583/ciphertext.txt	partial	ciphers/thurloe-printed/key_butler.tsv	?	1742	en16	nomenclator	0.525	-1.9774	-0.5	-0.27		unusable-key
ciphers/zodiac-z13-stress/ciphertext.txt	closed-negative	ciphers/august-van-saksen-1561-64/key_98.tsv	?	1561-1564	de	nomenclator	0.538	-1.7278	-0.51	0.95		unusable-key
ciphers/lodewijk-van-nassau-1573-74/ciphertext_sib.tsv	partial	ciphers/thurloe-printed/key_blake_extended.tsv	?	1742	en16	code	0.504	-1.4937	-0.57	-1.41		unusable-key
ciphers/sforza-maino-1446/ciphertext_f70.txt	closed-negative	ciphers/decode-2754-bnf-baluze156-1636/key_sabran_1631_letters.tsv	?	1636	fr	homophonic	0.564	-9.9	-0.58			none
ciphers/thurloe-printed/P8/ciphertext.txt	?	ciphers/fr5160-letellier-1653/key_1659_ext.tsv	?	1653-1661	fr	nomenclator	0.5	-1.9535	-0.62	0.49		unusable-key
ciphers/rumpf-vandebie-heinsius-1716-19/ciphertext_142.tsv	open	ciphers/oxenstierna-gustav-adolf-1632/key.tsv	Oxenstierna, Gustav II Adolf -> Axel Oxenstierna	1632	fr	homophonic	0.707	-2.2524	-0.66			unusable-key
ciphers/trew-posthius-1614-18/ciphertext_1614.tsv	found-solved	ciphers/trew-posthius-1614-18/key_1618.tsv	Two letters, Erasmus Posthius -> Johann Christoph Eysenmenger — UB Erlangen	1614	la	monoalphabetic	1.0	-1.4889	-0.67	0.35	2	own
ciphers/lodewijk-van-nassau-1573-74/ciphertext_4503.tsv	partial	ciphers/thurloe-printed/pool_1654/key_stamford.tsv	?	1742	en16	nomenclator	0.59	-1.5195	-0.68	-0.35		unusable-key
ciphers/willem-van-hessen-1567/siblings/ciphertext_1069.tsv	open	ciphers/thurloe-printed/key_fauconberg.tsv	?	1742	en16	nomenclator	0.882	-1.8068	-0.78	0.61		unusable-key
ciphers/la-garde-1577/ciphertext_6179_L1.tsv	open	ciphers/thurloe-printed/key_butler.tsv	?	1742	en16	nomenclator	0.518	-2.0048	-0.8	-0.59		unusable-key
ciphers/lodewijk-van-nassau-1573-74/ciphertext_4616.tsv	partial	ciphers/thurloe-printed/pool_1654/key_stamford.tsv	?	1742	en16	nomenclator	0.529	-1.5346	-0.86	0.33		unusable-key
ciphers/fr4687-paleologue-nevers/ciphertext.txt	open	ciphers/thurloe-printed/key_montagu_extended.tsv	?	1742	en16	nomenclator	0.889	-1.8004	-0.87	0.3		unusable-key
ciphers/august-van-saksen-1561-64/ciphertext_57.tsv	partial	ciphers/fr5160-letellier-1653/key_1659.tsv	?	1653-1661	fr	nomenclator	0.537	-2.1742	-0.88	0.16		unusable-key
ciphers/lodewijk-van-nassau-1573-74/ciphertext_4611.tsv	partial	ciphers/jan-van-nassau-1572-75/key_1572.tsv	?	1572-1575	fr	nomenclator	0.628	-1.419	-0.88	0.15		unusable-key
ciphers/bowes-walsingham-1583/ciphertext.txt	partial	ciphers/jan-van-nassau-1572-75/key_5549.tsv	?	1572-1575	fr	nomenclator	0.752	-2.0607	-0.9	-0.44		unusable-key
ciphers/bowes-walsingham-1583/ciphertext.txt	partial	ciphers/lodewijk-van-nassau-1573-74/key.tsv	Nassau -> Willem van Oranje	1573-1574	fr	nomenclator	0.752	-2.0607	-0.9	-0.44		unusable-key
ciphers/willem-van-hessen-1567/siblings/ciphertext_1069.tsv	open	ciphers/thurloe-printed/pool_1654/key_stamford.tsv	?	1742	en16	nomenclator	0.853	-1.8013	-0.9	0.62		unusable-key
ciphers/august-van-saksen-1561-64/ciphertext_57.tsv	partial	ciphers/fr3986-nevers-revol-1593/key.tsv	Nevers -> Revol	1593	fr	nomenclator	0.68	-1.7789	-0.91	0.33		unusable-key
ciphers/august-van-saksen-1561-64/ciphertext_57.tsv	partial	ciphers/fr3987-nevers-revol-1593/key.tsv	Nevers -> Revol	1593	fr	nomenclator	0.68	-1.7789	-0.91	0.33		unusable-key
ciphers/sp53-22-f52/ciphertext.txt	open	ciphers/fr5160-letellier-1653/key_1659_ext.tsv	?	1653-1661	fr	nomenclator	0.536	-2.1354	-0.92	0.19		unusable-key
ciphers/august-van-saksen-1561-64/ciphertext_57.tsv	partial	ciphers/fr5160-letellier-1653/key_1659_ext.tsv	?	1653-1661	fr	nomenclator	0.537	-2.1742	-0.93	0.16		unusable-key
ciphers/thurloe-printed/P17/ciphertext.txt	?	ciphers/fr5160-letellier-1653/key_1659_ext.tsv	?	1653-1661	fr	nomenclator	0.513	-2.0735	-0.93	0.19		unusable-key
ciphers/sp53-22-f52/ciphertext.txt	open	ciphers/fr5160-letellier-1653/key_1659.tsv	?	1653-1661	fr	nomenclator	0.536	-2.1354	-0.94	0.19		unusable-key
ciphers/thurloe-printed/P16/ciphertext.txt	?	ciphers/fr5160-letellier-1653/key_1659_ext.tsv	?	1653-1661	fr	nomenclator	0.53	-2.0771	-0.94	0.18		unusable-key
ciphers/jan-van-nassau-1572-75/j5s/ciphertext_glossed_5557_5552.tsv	open	ciphers/thurloe-printed/key_montagu_extended.tsv	?	1742	en16	nomenclator	0.604	-1.7274	-0.95	-0.03		unusable-key
ciphers/august-van-saksen-1561-64/ciphertext_126.tsv	partial	ciphers/august-van-saksen-1561-64/key_74.tsv	?	1561-1564	de	nomenclator	0.504	-1.581	-0.96	0.4	2	own
ciphers/fr4687-paleologue-nevers/ciphertext.txt	open	ciphers/thurloe-printed/key_fauconberg.tsv	?	1742	en16	nomenclator	0.953	-1.7549	-0.97	0.32		unusable-key
ciphers/la-garde-1577/ciphertext_6467_L1.tsv	open	ciphers/jan-van-nassau-1572-75/key_5549.tsv	?	1572-1575	fr	nomenclator	0.756	-2.194	-1.02	0.16		unusable-key
ciphers/la-garde-1577/ciphertext_6467_L1.tsv	open	ciphers/lodewijk-van-nassau-1573-74/key.tsv	Nassau -> Willem van Oranje	1573-1574	fr	nomenclator	0.756	-2.194	-1.02	0.16		unusable-key
ciphers/lodewijk-van-nassau-1573-74/ciphertext_5811.tsv	partial	ciphers/thurloe-printed/pool_1654/key_stamford.tsv	?	1742	en16	nomenclator	0.618	-1.5385	-1.02	-0.1		unusable-key
ciphers/august-van-saksen-1561-64/ciphertext_53.tsv	partial	ciphers/fr5160-letellier-1653/key_1659.tsv	?	1653-1661	fr	nomenclator	0.519	-2.303	-1.03	0.1		unusable-key
ciphers/willem-van-hessen-1567/siblings/ciphertext_1069.tsv	open	ciphers/jan-van-nassau-1572-75/key_5549.tsv	?	1572-1575	fr	nomenclator	0.882	-2.1804	-1.03	0.5		unusable-key
ciphers/willem-van-hessen-1567/siblings/ciphertext_1069.tsv	open	ciphers/lodewijk-van-nassau-1573-74/key.tsv	Nassau -> Willem van Oranje	1573-1574	fr	nomenclator	0.882	-2.1804	-1.03	0.5		unusable-key
ciphers/bowes-walsingham-1583/ciphertext.txt	partial	ciphers/clair1108-duvergier/key_1696.tsv	?	?	fr	nomenclator	0.693	-1.8445	-1.04	0.0		unusable-key
ciphers/la-garde-1577/ciphertext_6467_L1.tsv	open	ciphers/thurloe-printed/key_fauconberg.tsv	?	1742	en16	nomenclator	0.756	-1.7822	-1.11	0.35		unusable-key
ciphers/thurloe-printed/P5/ciphertext.txt	?	ciphers/fr5160-letellier-1653/key_1659_ext.tsv	?	1653-1661	fr	nomenclator	0.548	-2.0282	-1.12	0.21		unusable-key
ciphers/thurloe-printed/P6/ciphertext.txt	?	ciphers/fr5160-letellier-1653/key_1659_ext.tsv	?	1653-1661	fr	nomenclator	0.545	-2.0191	-1.14	0.2		unusable-key
ciphers/oxenstierna-gustav-adolf-1632/ciphertext_key.tsv	found-solved	ciphers/thurloe-printed/key_montagu_extended.tsv	?	1742	en16	nomenclator	0.855	-1.6845	-1.14	-0.02		unusable-key
ciphers/la-garde-1577/ciphertext_6467.tsv	open	ciphers/fr5160-letellier-1653/key_1659_ext.tsv	?	1653-1661	fr	nomenclator	0.585	-2.3103	-1.16	0.11		unusable-key
ciphers/oxenstierna-gustav-adolf-1632/ciphertext_key.tsv	found-solved	ciphers/thurloe-printed/pool_1654/key_stamford.tsv	?	1742	en16	nomenclator	0.569	-1.6053	-1.17	0.17		unusable-key
ciphers/sp53-16-78/ciphertext.txt	open	ciphers/jan-van-nassau-1572-75/key_1572.tsv	?	1572-1575	fr	nomenclator	0.606	-1.4413	-1.26	0.64		unusable-key
ciphers/august-van-saksen-1561-64/ciphertext_53.tsv	partial	ciphers/fr5160-letellier-1653/key_1659_ext.tsv	?	1653-1661	fr	nomenclator	0.519	-2.303	-1.37	0.1		unusable-key
ciphers/rumpf-vandebie-heinsius-1716-19/ciphertext_142.tsv	open	ciphers/thurloe-printed/key_fauconberg.tsv	?	1742	en16	nomenclator	0.539	-1.6995	-1.39	0.12		unusable-key
ciphers/august-van-saksen-1561-64/ciphertext_74.tsv	partial	ciphers/fr5160-letellier-1653/key_1659.tsv	?	1653-1661	fr	nomenclator	0.531	-2.1064	-1.41	0.19		unusable-key
ciphers/la-garde-1577/ciphertext_6467.tsv	open	ciphers/fr5160-letellier-1653/key_1659.tsv	?	1653-1661	fr	nomenclator	0.581	-2.3333	-1.42	0.1		unusable-key
ciphers/lodewijk-van-nassau-1573-74/ciphertext_4612.tsv	partial	ciphers/thurloe-printed/pool_1654/key_stamford.tsv	?	1742	en16	nomenclator	0.631	-1.5713	-1.43	0.44		unusable-key
ciphers/la-garde-1577/ciphertext_6179.tsv	open	ciphers/thurloe-printed/key_butler.tsv	?	1742	en16	nomenclator	0.592	-2.0467	-1.44	-0.86		unusable-key
ciphers/la-garde-1577/ciphertext_6179_L1.tsv	open	ciphers/thurloe-printed/key_montagu_extended.tsv	?	1742	en16	nomenclator	0.845	-1.8569	-1.44	-0.1		unusable-key
ciphers/august-van-saksen-1561-64/ciphertext_98.tsv	partial	ciphers/fr5160-letellier-1653/key_1659.tsv	?	1653-1661	fr	nomenclator	0.528	-2.1886	-1.45	0.15		unusable-key
ciphers/oxenstierna-gustav-adolf-1632/ciphertext_key.tsv	found-solved	ciphers/thurloe-printed/key_steele.tsv	?	1742	en16	nomenclator	0.576	-1.8765	-1.46	-0.49		unusable-key
ciphers/oxenstierna-gustav-adolf-1632/ciphertext_key.tsv	found-solved	ciphers/jan-van-nassau-1572-75/key_1572.tsv	?	1572-1575	fr	nomenclator	0.8	-1.4604	-1.49	0.52		unusable-key
ciphers/bowes-walsingham-1583/ciphertext.txt	partial	ciphers/thurloe-printed/key_fauconberg.tsv	?	1742	en16	nomenclator	0.752	-1.8902	-1.51	-0.09		unusable-key
ciphers/bowes-walsingham-1583/ciphertext.txt	partial	ciphers/thurloe-printed/pool_1654/key_stamford.tsv	?	1742	en16	nomenclator	0.644	-1.7472	-1.54	0.21		unusable-key
ciphers/la-garde-1577/ciphertext_6467_L1.tsv	open	ciphers/thurloe-printed/key_montagu_extended.tsv	?	1742	en16	nomenclator	0.756	-1.8761	-1.56	0.31		unusable-key
ciphers/fr4687-paleologue-nevers/ciphertext.txt	open	ciphers/thurloe-printed/pool_1654/key_stamford.tsv	?	1742	en16	nomenclator	0.816	-1.9405	-1.58	0.24		unusable-key
ciphers/la-garde-1577/ciphertext_6467.tsv	open	ciphers/fr5160-letellier-1653/key_1659_f86only.tsv	?	1653-1661	fr	nomenclator	0.536	-2.2979	-1.6	0.12		unusable-key
ciphers/thurloe-printed/P7/ciphertext.txt	?	ciphers/fr5160-letellier-1653/key_1659_ext.tsv	?	1653-1661	fr	nomenclator	0.515	-2.1073	-1.64	0.17		unusable-key
ciphers/thurloe-printed/P24/ciphertext.txt	?	ciphers/fr5160-letellier-1653/key_1659_ext.tsv	?	1653-1661	fr	nomenclator	0.596	-2.1511	-1.67	0.11		unusable-key
ciphers/lodewijk-van-nassau-1573-74/ciphertext_sib.tsv	partial	ciphers/thurloe-printed/pool_1654/key_stamford.tsv	?	1742	en16	nomenclator	0.688	-1.5952	-1.68	-0.31		unusable-key
ciphers/bowes-walsingham-1583/ciphertext.txt	partial	ciphers/thurloe-printed/key_montagu_extended.tsv	?	1742	en16	nomenclator	0.713	-1.9573	-1.69	-0.23		unusable-key
ciphers/thurloe-printed/P22/ciphertext.txt	?	ciphers/fr5160-letellier-1653/key_1659_ext.tsv	?	1653-1661	fr	nomenclator	0.611	-2.1561	-1.72	0.11		unusable-key
ciphers/lodewijk-van-nassau-1573-74/ciphertext_5810.tsv	partial	ciphers/thurloe-printed/pool_1654/key_stamford.tsv	?	1742	en16	nomenclator	0.559	-1.5979	-1.73	-0.31		unusable-key
ciphers/jan-van-nassau-1572-75/j5s/ciphertext_glossed_5557_5552.tsv	open	ciphers/thurloe-printed/pool_1654/key_stamford.tsv	?	1742	en16	nomenclator	0.516	-1.769	-1.75	-0.15		unusable-key
ciphers/thurloe-printed/P18/ciphertext.txt	?	ciphers/fr5160-letellier-1653/key_1659_ext.tsv	?	1653-1661	fr	nomenclator	0.502	-2.1816	-1.77	0.15		unusable-key
ciphers/intercepted-royalist-1646/ciphertext.txt	open	ciphers/thurloe-printed/key_montagu_extended.tsv	?	1742	en16	nomenclator	0.561	-1.8256	-1.78	-0.4		unusable-key
ciphers/la-garde-1577/ciphertext_6179.tsv	open	ciphers/thurloe-printed/key_montagu_extended.tsv	?	1742	en16	nomenclator	0.868	-1.8392	-1.79	-0.2		unusable-key
ciphers/lodewijk-van-nassau-1573-74/ciphertext_4610.tsv	partial	ciphers/thurloe-printed/pool_1654/key_stamford.tsv	?	1742	en16	nomenclator	0.529	-1.5755	-1.8	-0.32		unusable-key
ciphers/fr3985-nevers-revol-1593/ciphertext.tsv	blocked	ciphers/fr3986-nevers-revol-1593/key.tsv	Nevers -> Revol	1593	fr	nomenclator	0.658	-1.8037	-1.84	0.39		unusable-key
ciphers/fr3985-nevers-revol-1593/ciphertext.tsv	blocked	ciphers/fr3987-nevers-revol-1593/key.tsv	Nevers -> Revol	1593	fr	nomenclator	0.658	-1.8037	-1.84	0.39		unusable-key
ciphers/la-garde-1577/ciphertext_6179_L1.tsv	open	ciphers/clair1108-duvergier/key_1696.tsv	?	?	fr	nomenclator	0.56	-2.0018	-1.86	-0.58		unusable-key
ciphers/august-van-saksen-1561-64/ciphertext_74.tsv	partial	ciphers/fr5160-letellier-1653/key_1659_ext.tsv	?	1653-1661	fr	nomenclator	0.544	-2.1219	-1.88	0.18		unusable-key
ciphers/thurloe-printed/P19/ciphertext.txt	?	ciphers/fr5160-letellier-1653/key_1659_ext.tsv	?	1653-1661	fr	nomenclator	0.515	-2.2485	-1.9	0.1		unusable-key
ciphers/thurloe-printed/P21/ciphertext.txt	?	ciphers/fr5160-letellier-1653/key_1659_ext.tsv	?	1653-1661	fr	nomenclator	0.569	-2.1954	-1.91	0.11		unusable-key
ciphers/lodewijk-van-nassau-1573-74/ciphertext_4612.tsv	partial	ciphers/thurloe-printed/key_fauconberg.tsv	?	1742	en16	nomenclator	0.544	-1.7411	-1.93	-0.24		unusable-key
ciphers/la-garde-1577/ciphertext_6179.tsv	open	ciphers/jan-van-nassau-1572-75/key_5549.tsv	?	1572-1575	fr	nomenclator	0.927	-2.1768	-1.95	-1.33		unusable-key
ciphers/la-garde-1577/ciphertext_6179.tsv	open	ciphers/lodewijk-van-nassau-1573-74/key.tsv	Nassau -> Willem van Oranje	1573-1574	fr	nomenclator	0.927	-2.1768	-1.95	-1.33		unusable-key
ciphers/thurloe-printed/P24/ciphertext.txt	?	ciphers/fr5160-letellier-1653/key_1659.tsv	?	1653-1661	fr	nomenclator	0.564	-2.1638	-1.99	0.1		unusable-key
ciphers/la-garde-1577/ciphertext_6179_L1.tsv	open	ciphers/thurloe-printed/key_fauconberg.tsv	?	1742	en16	nomenclator	0.896	-1.7919	-2.01	0.11		unusable-key
ciphers/august-van-saksen-1561-64/ciphertext_98.tsv	partial	ciphers/fr5160-letellier-1653/key_1659_ext.tsv	?	1653-1661	fr	nomenclator	0.539	-2.2248	-2.03	0.13		unusable-key
ciphers/la-garde-1577/ciphertext_6467_L1.tsv	open	ciphers/thurloe-printed/pool_1654/key_stamford.tsv	?	1742	en16	nomenclator	0.667	-1.9287	-2.03	0.28		unusable-key
ciphers/august-van-saksen-1561-64/ciphertext_53.tsv	partial	ciphers/august-van-saksen-1561-64/key_74.tsv	?	1561-1564	de	nomenclator	0.896	-1.6768	-2.04	0.37	3	own
ciphers/thurloe-printed/P22/ciphertext.txt	?	ciphers/fr5160-letellier-1653/key_1659.tsv	?	1653-1661	fr	nomenclator	0.584	-2.1107	-2.06	0.13		unusable-key
ciphers/maurice-rupert-1645/ciphertext.txt	open	ciphers/thurloe-printed/key_montagu_extended.tsv	?	1742	en16	nomenclator	0.505	-1.7973	-2.25	-0.37		unusable-key
ciphers/trew-posthius-1614-18/ciphertext.tsv	found-solved	ciphers/trew-posthius-1614-18/key.tsv	Two letters, Erasmus Posthius -> Johann Christoph Eysenmenger — UB Erlangen	1614	la	monoalphabetic	0.901	-1.5314	-2.35	1.11	3	own
ciphers/la-garde-1577/ciphertext_6179.tsv	open	ciphers/thurloe-printed/pool_1654/key_stamford.tsv	?	1742	en16	nomenclator	0.83	-1.8085	-2.4	-0.1		unusable-key
ciphers/jan-van-nassau-1572-75/j5s/ciphertext_glossed_5557_5552.tsv	open	ciphers/thurloe-printed/key_fauconberg.tsv	?	1742	en16	nomenclator	0.58	-1.8617	-2.43	-0.43		unusable-key
ciphers/lodewijk-van-nassau-1573-74/ciphertext_4611.tsv	partial	ciphers/thurloe-printed/key_montagu_extended.tsv	?	1742	en16	nomenclator	0.74	-1.7119	-2.43	-0.8		unusable-key
ciphers/la-garde-1577/ciphertext_6179_L1.tsv	open	ciphers/jan-van-nassau-1572-75/key_5549.tsv	?	1572-1575	fr	nomenclator	0.896	-2.2962	-2.56	-1.7		unusable-key
ciphers/la-garde-1577/ciphertext_6179_L1.tsv	open	ciphers/lodewijk-van-nassau-1573-74/key.tsv	Nassau -> Willem van Oranje	1573-1574	fr	nomenclator	0.896	-2.2962	-2.56	-1.7		unusable-key
ciphers/jan-van-nassau-1572-75/j5s/ciphertext_glossed_5557_5552.tsv	open	ciphers/jan-van-nassau-1572-75/key_5549.tsv	?	1572-1575	fr	nomenclator	0.65	-2.2959	-2.57	-1.96	20	own
ciphers/jan-van-nassau-1572-75/j5s/ciphertext_glossed_5557_5552.tsv	open	ciphers/lodewijk-van-nassau-1573-74/key.tsv	Nassau -> Willem van Oranje	1573-1574	fr	nomenclator	0.65	-2.2959	-2.57	-1.96		unusable-key
ciphers/intercepted-royalist-1646/ciphertext.txt	open	ciphers/jan-van-nassau-1572-75/key_1572.tsv	?	1572-1575	fr	nomenclator	0.544	-1.5807	-2.6	0.38		unusable-key
ciphers/oxenstierna-gustav-adolf-1632/ciphertext_key.tsv	found-solved	ciphers/jan-van-nassau-1572-75/key_5549.tsv	?	1572-1575	fr	nomenclator	0.887	-2.2056	-2.61	-1.37		unusable-key
ciphers/oxenstierna-gustav-adolf-1632/ciphertext_key.tsv	found-solved	ciphers/lodewijk-van-nassau-1573-74/key.tsv	Nassau -> Willem van Oranje	1573-1574	fr	nomenclator	0.887	-2.2056	-2.61	-1.37		unusable-key
ciphers/la-garde-1577/ciphertext_6179.tsv	open	ciphers/thurloe-printed/key_fauconberg.tsv	?	1742	en16	nomenclator	0.917	-1.76	-2.68	0.05		unusable-key
ciphers/thurloe-printed/P21/ciphertext.txt	?	ciphers/fr5160-letellier-1653/key_1659.tsv	?	1653-1661	fr	nomenclator	0.542	-2.1924	-2.69	0.11		unusable-key
ciphers/august-van-saksen-1561-64/ciphertext_57.tsv	partial	ciphers/august-van-saksen-1561-64/key_53.tsv	?	1561-1564	de	monoalphabetic	0.803	-1.6621	-2.71		2	own
ciphers/la-garde-1577/ciphertext_6179_L1.tsv	open	ciphers/thurloe-printed/pool_1654/key_stamford.tsv	?	1742	en16	nomenclator	0.741	-1.8051	-2.76	0.07		unusable-key
ciphers/lodewijk-van-nassau-1573-74/ciphertext_5799.tsv	partial	ciphers/jan-van-nassau-1572-75/key_5549.tsv	?	1572-1575	fr	nomenclator	0.708	-2.0451	-2.87	-1.47		unusable-key
ciphers/lodewijk-van-nassau-1573-74/ciphertext_5799.tsv	partial	ciphers/lodewijk-van-nassau-1573-74/key.tsv	Nassau -> Willem van Oranje	1573-1574	fr	nomenclator	0.708	-2.0451	-2.87	-1.47	11	own
ciphers/lodewijk-van-nassau-1573-74/ciphertext_4612.tsv	partial	ciphers/jan-van-nassau-1572-75/key_1572.tsv	?	1572-1575	fr	nomenclator	0.83	-1.4593	-2.92	0.92		unusable-key
ciphers/thurloe-printed/P20/ciphertext.txt	?	ciphers/jan-van-nassau-1572-75/key_5549.tsv	?	1572-1575	fr	nomenclator	0.837	-2.4349	-2.96	-1.37		unusable-key
ciphers/thurloe-printed/P20/ciphertext.txt	?	ciphers/lodewijk-van-nassau-1573-74/key.tsv	Nassau -> Willem van Oranje	1573-1574	fr	nomenclator	0.837	-2.4349	-2.96	-1.37		unusable-key
ciphers/thurloe-printed/P23/ciphertext.txt	?	ciphers/jan-van-nassau-1572-75/key_5549.tsv	?	1572-1575	fr	nomenclator	0.814	-2.3496	-2.97	-1.29		unusable-key
ciphers/thurloe-printed/P23/ciphertext.txt	?	ciphers/lodewijk-van-nassau-1573-74/key.tsv	Nassau -> Willem van Oranje	1573-1574	fr	nomenclator	0.814	-2.3496	-2.97	-1.29		unusable-key
ciphers/lodewijk-van-nassau-1573-74/ciphertext_4611.tsv	partial	ciphers/thurloe-printed/pool_1654/key_stamford.tsv	?	1742	en16	nomenclator	0.561	-1.6325	-3.01	-0.53		unusable-key
ciphers/lodewijk-van-nassau-1573-74/ciphertext_5799.tsv	partial	ciphers/thurloe-printed/key_montagu_extended.tsv	?	1742	en16	nomenclator	0.505	-1.7341	-3.03	-0.45		unusable-key
ciphers/lodewijk-van-nassau-1573-74/ciphertext_5810.tsv	partial	ciphers/thurloe-printed/key_montagu_extended.tsv	?	1742	en16	nomenclator	0.684	-1.7387	-3.03	-0.8		unusable-key
ciphers/lodewijk-van-nassau-1573-74/ciphertext_4503.tsv	partial	ciphers/thurloe-printed/key_montagu_extended.tsv	?	1742	en16	nomenclator	0.7	-1.7788	-3.05	-0.95		unusable-key
ciphers/lodewijk-van-nassau-1573-74/ciphertext_4612.tsv	partial	ciphers/jan-van-nassau-1572-75/key_5549.tsv	?	1572-1575	fr	nomenclator	0.961	-2.0453	-3.17	-1.61		unusable-key
ciphers/lodewijk-van-nassau-1573-74/ciphertext_4612.tsv	partial	ciphers/lodewijk-van-nassau-1573-74/key.tsv	Nassau -> Willem van Oranje	1573-1574	fr	nomenclator	0.961	-2.0453	-3.17	-1.61	12	own
ciphers/lodewijk-van-nassau-1573-74/ciphertext_sib.tsv	partial	ciphers/thurloe-printed/key_fauconberg.tsv	?	1742	en16	nomenclator	0.537	-1.8235	-3.35	-1.09		unusable-key
ciphers/trew-posthius-1614-18/ciphertext_1614.tsv	found-solved	ciphers/trew-posthius-1614-18/key.tsv	Two letters, Erasmus Posthius -> Johann Christoph Eysenmenger — UB Erlangen	1614	la	monoalphabetic	1.0	-1.6431	-3.47	-5.17	4	own
ciphers/rumpf-vandebie-heinsius-1716-19/ciphertext_142.tsv	open	ciphers/jan-van-nassau-1572-75/key_5549.tsv	?	1572-1575	fr	nomenclator	0.922	-2.1106	-3.5	-1.31		unusable-key
ciphers/rumpf-vandebie-heinsius-1716-19/ciphertext_142.tsv	open	ciphers/lodewijk-van-nassau-1573-74/key.tsv	Nassau -> Willem van Oranje	1573-1574	fr	nomenclator	0.922	-2.1106	-3.5	-1.31		unusable-key
ciphers/thurloe-printed/P20/ciphertext.txt	?	ciphers/clair1108-duvergier/key_1696.tsv	?	?	fr	nomenclator	0.535	-2.2798	-3.54	-0.92		unusable-key
ciphers/lodewijk-van-nassau-1573-74/ciphertext_4616.tsv	partial	ciphers/thurloe-printed/key_montagu_extended.tsv	?	1742	en16	nomenclator	0.751	-1.8614	-3.6	0.18		unusable-key
ciphers/lodewijk-van-nassau-1573-74/ciphertext_4610.tsv	partial	ciphers/thurloe-printed/key_montagu_extended.tsv	?	1742	en16	nomenclator	0.737	-1.7769	-3.66	-0.97		unusable-key
ciphers/trew-posthius-1614-18/ciphertext.tsv	found-solved	ciphers/trew-posthius-1614-18/key_1618.tsv	Two letters, Erasmus Posthius -> Johann Christoph Eysenmenger — UB Erlangen	1614	la	monoalphabetic	0.901	-1.5545	-3.89	0.9	3	own
ciphers/rumpf-vandebie-heinsius-1716-19/ciphertext_142.tsv	open	ciphers/thurloe-printed/key_montagu_extended.tsv	?	1742	en16	nomenclator	0.815	-1.8111	-3.9	-0.24		unusable-key
ciphers/lodewijk-van-nassau-1573-74/ciphertext_sib.tsv	partial	ciphers/thurloe-printed/key_montagu_extended.tsv	?	1742	en16	nomenclator	0.856	-1.8524	-4.18	-1.19		unusable-key
ciphers/lodewijk-van-nassau-1573-74/ciphertext_5811.tsv	partial	ciphers/thurloe-printed/key_montagu_extended.tsv	?	1742	en16	nomenclator	0.77	-1.8754	-4.44	-1.36		unusable-key
ciphers/sp53-16-78/ciphertext.txt	open	ciphers/jan-van-nassau-1572-75/key_5549.tsv	?	1572-1575	fr	nomenclator	0.838	-2.077	-4.49	-1.85		unusable-key
ciphers/sp53-16-78/ciphertext.txt	open	ciphers/lodewijk-van-nassau-1573-74/key.tsv	Nassau -> Willem van Oranje	1573-1574	fr	nomenclator	0.838	-2.077	-4.49	-1.85		unusable-key
ciphers/sp53-16-78/ciphertext.txt	open	ciphers/thurloe-printed/key_montagu_extended.tsv	?	1742	en16	nomenclator	0.679	-1.7815	-4.88	-0.59		unusable-key
ciphers/lodewijk-van-nassau-1573-74/ciphertext_4612.tsv	partial	ciphers/thurloe-printed/key_montagu_extended.tsv	?	1742	en16	nomenclator	0.854	-1.8377	-4.96	-0.64		unusable-key
ciphers/trew-posthius-1614-18/ciphertext_1618.tsv	found-solved	ciphers/trew-posthius-1614-18/key_1618.tsv	Two letters, Erasmus Posthius -> Johann Christoph Eysenmenger — UB Erlangen	1614	la	monoalphabetic	1.0	-1.8036	-8.59	0.52	4	own
ciphers/antt-linhares-chave/ciphertext.tsv	partial	ciphers/antt-linhares-chave/key.tsv	?	?	pt	nomenclator	1.0					unusable-key
ciphers/berthier-napoleon-1812/ciphertext.txt	open	ciphers/antt-linhares-chave/key.tsv	?	?	pt	nomenclator	0.0					unusable-key
ciphers/bowes-walsingham-1583/ciphertext.txt	partial	ciphers/antt-linhares-chave/key.tsv	?	?	pt	nomenclator	0.0					unusable-key
ciphers/fr4687-paleologue-nevers/ciphertext.txt	open	ciphers/antt-linhares-chave/key.tsv	?	?	pt	nomenclator	0.0					unusable-key
ciphers/huntington-blathwayt-madrid-1728/ciphertext.tsv	partial	ciphers/antt-linhares-chave/key.tsv	?	?	pt	nomenclator	0.0					unusable-key
ciphers/huntington-blathwayt-madrid-1728/ciphertext_targets.tsv	partial	ciphers/antt-linhares-chave/key.tsv	?	?	pt	nomenclator	0.0					unusable-key
ciphers/huntington-luzerne-destouches-1781/ciphertext.tsv	open	ciphers/antt-linhares-chave/key.tsv	?	?	pt	nomenclator	0.0					unusable-key
ciphers/huntington-luzerne-destouches-1781/ciphertext_decipher.tsv	open	ciphers/antt-linhares-chave/key.tsv	?	?	pt	nomenclator	0.0					unusable-key
ciphers/intercepted-royalist-1646/ciphertext.txt	open	ciphers/antt-linhares-chave/key.tsv	?	?	pt	nomenclator	0.0					unusable-key
ciphers/jan-van-nassau-1572-75/ciphertext_5549_ps.tsv	open	ciphers/antt-linhares-chave/key.tsv	?	?	pt	nomenclator	0.0					unusable-key
ciphers/jan-van-nassau-1572-75/j5s/ciphertext_glossed_5557_5552.tsv	open	ciphers/antt-linhares-chave/key.tsv	?	?	pt	nomenclator	0.0					unusable-key
ciphers/la-garde-1577/ciphertext_6179.tsv	open	ciphers/antt-linhares-chave/key.tsv	?	?	pt	nomenclator	0.0					unusable-key
ciphers/la-garde-1577/ciphertext_6179_L1.tsv	open	ciphers/antt-linhares-chave/key.tsv	?	?	pt	nomenclator	0.0					unusable-key
ciphers/la-garde-1577/ciphertext_6467_L1.tsv	open	ciphers/antt-linhares-chave/key.tsv	?	?	pt	nomenclator	0.0					unusable-key
ciphers/lodewijk-van-nassau-1573-74/ciphertext_4503.tsv	partial	ciphers/antt-linhares-chave/key.tsv	?	?	pt	nomenclator	0.0					unusable-key
ciphers/lodewijk-van-nassau-1573-74/ciphertext_4610.tsv	partial	ciphers/antt-linhares-chave/key.tsv	?	?	pt	nomenclator	0.0					unusable-key
ciphers/lodewijk-van-nassau-1573-74/ciphertext_4611.tsv	partial	ciphers/antt-linhares-chave/key.tsv	?	?	pt	nomenclator	0.0					unusable-key
ciphers/lodewijk-van-nassau-1573-74/ciphertext_4612.tsv	partial	ciphers/antt-linhares-chave/key.tsv	?	?	pt	nomenclator	0.0					unusable-key
ciphers/lodewijk-van-nassau-1573-74/ciphertext_4616.tsv	partial	ciphers/antt-linhares-chave/key.tsv	?	?	pt	nomenclator	0.0					unusable-key
ciphers/lodewijk-van-nassau-1573-74/ciphertext_5799.tsv	partial	ciphers/antt-linhares-chave/key.tsv	?	?	pt	nomenclator	0.0					unusable-key
ciphers/lodewijk-van-nassau-1573-74/ciphertext_5810.tsv	partial	ciphers/antt-linhares-chave/key.tsv	?	?	pt	nomenclator	0.0					unusable-key
ciphers/lodewijk-van-nassau-1573-74/ciphertext_5811.tsv	partial	ciphers/antt-linhares-chave/key.tsv	?	?	pt	nomenclator	0.0					unusable-key
ciphers/lodewijk-van-nassau-1573-74/ciphertext_sib.tsv	partial	ciphers/antt-linhares-chave/key.tsv	?	?	pt	nomenclator	0.0					unusable-key
ciphers/maurice-rupert-1645/ciphertext.txt	open	ciphers/antt-linhares-chave/key.tsv	?	?	pt	nomenclator	0.0					unusable-key
ciphers/oxenstierna-gustav-adolf-1632/ciphertext_key.tsv	found-solved	ciphers/antt-linhares-chave/key.tsv	?	?	pt	nomenclator	0.0					unusable-key
ciphers/rumpf-vandebie-heinsius-1716-19/ciphertext_142.tsv	open	ciphers/antt-linhares-chave/key.tsv	?	?	pt	nomenclator	0.0					unusable-key
ciphers/sp53-16-78/ciphertext.txt	open	ciphers/antt-linhares-chave/key.tsv	?	?	pt	nomenclator	0.0					unusable-key
ciphers/thurloe-printed/P20/ciphertext.txt	?	ciphers/antt-linhares-chave/key.tsv	?	?	pt	nomenclator	0.0					unusable-key
ciphers/thurloe-printed/P23/ciphertext.txt	?	ciphers/antt-linhares-chave/key.tsv	?	?	pt	nomenclator	0.0					unusable-key
ciphers/willem-van-hessen-1567/siblings/ciphertext_1069.tsv	open	ciphers/antt-linhares-chave/key.tsv	?	?	pt	nomenclator	0.0					unusable-key
ciphers/august-van-saksen-1561-64/ciphertext_126.tsv	partial	ciphers/antt-linhares-chave/key_example.tsv	?	?	pt	nomenclator	0.058					unusable-key
ciphers/august-van-saksen-1561-64/ciphertext_53.tsv	partial	ciphers/antt-linhares-chave/key_example.tsv	?	?	pt	nomenclator	0.214					unusable-key
ciphers/august-van-saksen-1561-64/ciphertext_57.tsv	partial	ciphers/antt-linhares-chave/key_example.tsv	?	?	pt	nomenclator	0.183					unusable-key
ciphers/august-van-saksen-1561-64/ciphertext_74.tsv	partial	ciphers/antt-linhares-chave/key_example.tsv	?	?	pt	nomenclator	0.101					unusable-key
ciphers/august-van-saksen-1561-64/ciphertext_98.tsv	partial	ciphers/antt-linhares-chave/key_example.tsv	?	?	pt	nomenclator	0.111					unusable-key
ciphers/birago-nevers-1571/ciphertext.txt	open	ciphers/antt-linhares-chave/key_example.tsv	?	?	pt	nomenclator	0.0					unusable-key
ciphers/clair1067-brienne-poland-1646/ciphertext.txt	solved	ciphers/antt-linhares-chave/key_example.tsv	?	?	pt	nomenclator	0.0					unusable-key
ciphers/clair1108-duvergier/ciphertext.tsv	solved	ciphers/antt-linhares-chave/key_example.tsv	?	?	pt	nomenclator	0.033					unusable-key
ciphers/clairambault1225-paget-1714/ciphertext.tsv	partial	ciphers/antt-linhares-chave/key_example.tsv	?	?	pt	nomenclator	0.204					unusable-key
ciphers/decode-4450-bnf-fr20506-1525/ciphertext_f136.tsv	open	ciphers/antt-linhares-chave/key_example.tsv	?	?	pt	nomenclator	0.045					unusable-key
ciphers/destaing-gerard-1779/ciphertext.txt	open	ciphers/antt-linhares-chave/key_example.tsv	?	?	pt	nomenclator	0.004					unusable-key
ciphers/dupuy452-carpi-1520/ciphertext_f20_carpi.txt	found-solved	ciphers/antt-linhares-chave/key_example.tsv	?	?	pt	nomenclator	0.0					unusable-key
ciphers/dupuy452-carpi-1520/ciphertext_f28.txt	found-solved	ciphers/antt-linhares-chave/key_example.tsv	?	?	pt	nomenclator	0.0					unusable-key
ciphers/fr2933-salviati-1525/ciphertext_f54r.tsv	open	ciphers/antt-linhares-chave/key_example.tsv	?	?	pt	nomenclator	0.049					unusable-key
ciphers/fr2933-salviati-1525/ciphertext_f54v.tsv	open	ciphers/antt-linhares-chave/key_example.tsv	?	?	pt	nomenclator	0.053					unusable-key
ciphers/fr2933-salviati-1525/ciphertext_f55r.tsv	open	ciphers/antt-linhares-chave/key_example.tsv	?	?	pt	nomenclator	0.0					unusable-key
ciphers/fr2980-gramont/ciphertext.txt	?	ciphers/antt-linhares-chave/key_example.tsv	?	?	pt	nomenclator	0.046					unusable-key
ciphers/fr2980-gramont/ciphertext_f30.tsv	?	ciphers/antt-linhares-chave/key_example.tsv	?	?	pt	nomenclator	0.062					unusable-key
ciphers/fr3985-nevers-revol-1593/ciphertext.tsv	blocked	ciphers/antt-linhares-chave/key_example.tsv	?	?	pt	nomenclator	0.007					unusable-key
ciphers/fr3986-nevers-revol-1593/ciphertext.tsv	blocked	ciphers/antt-linhares-chave/key_example.tsv	?	?	pt	nomenclator	0.03					unusable-key
ciphers/fr3987-nevers-revol-1593/ciphertext.tsv	blocked	ciphers/antt-linhares-chave/key_example.tsv	?	?	pt	nomenclator	0.042					unusable-key
ciphers/fr3990-nevers-henri4-1594/ciphertext.tsv	blocked	ciphers/antt-linhares-chave/key_example.tsv	?	?	pt	nomenclator	0.008					unusable-key
ciphers/fr5160-letellier-1653/ciphertext_f1.tsv	open	ciphers/antt-linhares-chave/key_example.tsv	?	?	pt	nomenclator	0.0					unusable-key
ciphers/fr5160-letellier-1653/ciphertext_f67.tsv	open	ciphers/antt-linhares-chave/key_example.tsv	?	?	pt	nomenclator	0.05					unusable-key
ciphers/fr5160-letellier-1653/ciphertext_f86.tsv	open	ciphers/antt-linhares-chave/key_example.tsv	?	?	pt	nomenclator	0.029					unusable-key
ciphers/fr5160-letellier-1653/ciphertext_f88.tsv	open	ciphers/antt-linhares-chave/key_example.tsv	?	?	pt	nomenclator	0.046					unusable-key
ciphers/fr5160-letellier-1653/ciphertext_f9.tsv	open	ciphers/antt-linhares-chave/key_example.tsv	?	?	pt	nomenclator	0.0					unusable-key
ciphers/gunther-van-schwarzburg-1561/ciphertext.tsv	found-solved	ciphers/antt-linhares-chave/key_example.tsv	?	?	pt	nomenclator	0.0					unusable-key
ciphers/gunther-van-schwarzburg-1561/ciphertext_5109.tsv	found-solved	ciphers/antt-linhares-chave/key_example.tsv	?	?	pt	nomenclator	0.0					unusable-key
ciphers/gunther-van-schwarzburg-1561/ciphertext_5109.txt	found-solved	ciphers/antt-linhares-chave/key_example.tsv	?	?	pt	nomenclator	0.0					unusable-key
ciphers/gunther-van-schwarzburg-1561/ciphertext_8246.txt	found-solved	ciphers/antt-linhares-chave/key_example.tsv	?	?	pt	nomenclator	0.0					unusable-key
ciphers/hamilton-1650/ciphertext.txt	open	ciphers/antt-linhares-chave/key_example.tsv	?	?	pt	nomenclator	0.0					unusable-key
ciphers/jan-van-nassau-1572-75/ciphertext_5549.tsv	open	ciphers/antt-linhares-chave/key_example.tsv	?	?	pt	nomenclator	0.061					unusable-key
ciphers/jan-van-nassau-1572-75/j5s/ciphertext_5550.tsv	open	ciphers/antt-linhares-chave/key_example.tsv	?	?	pt	nomenclator	0.206					unusable-key
ciphers/la-garde-1577/ciphertext_6179_v2.tsv	open	ciphers/antt-linhares-chave/key_example.tsv	?	?	pt	nomenclator	0.039					unusable-key
ciphers/la-garde-1577/ciphertext_6467.tsv	open	ciphers/antt-linhares-chave/key_example.tsv	?	?	pt	nomenclator	0.291					unusable-key
ciphers/la-garde-1577/ciphertext_6467_v2.tsv	open	ciphers/antt-linhares-chave/key_example.tsv	?	?	pt	nomenclator	0.043					unusable-key
ciphers/moray-wood-1568/ciphertext.txt	open	ciphers/antt-linhares-chave/key_example.tsv	?	?	pt	nomenclator	0.0					unusable-key
ciphers/orange-nassau-1572/ciphertext.txt	found-solved	ciphers/antt-linhares-chave/key_example.tsv	?	?	pt	nomenclator	0.007					unusable-key
ciphers/orange-nassau-1572/ciphertext_2.txt	found-solved	ciphers/antt-linhares-chave/key_example.tsv	?	?	pt	nomenclator	0.008					unusable-key
ciphers/ormond-arran-1678/ciphertext.txt	open	ciphers/antt-linhares-chave/key_example.tsv	?	?	pt	nomenclator	0.0					unusable-key
ciphers/oxenstierna-gustav-adolf-1632/ciphertext.txt	found-solved	ciphers/antt-linhares-chave/key_example.tsv	?	?	pt	nomenclator	0.0					unusable-key
ciphers/oxenstierna-gustav-adolf-1632/ciphertext_verified.tsv	found-solved	ciphers/antt-linhares-chave/key_example.tsv	?	?	pt	nomenclator	0.0					unusable-key
ciphers/rah-canada-1869/ciphertext.tsv	solved	ciphers/antt-linhares-chave/key_example.tsv	?	?	pt	nomenclator	0.004					unusable-key
ciphers/randolph-sussex-1569/ciphertext.txt	found-solved	ciphers/antt-linhares-chave/key_example.tsv	?	?	pt	nomenclator	0.006					unusable-key
ciphers/sforza-maino-1446/ciphertext.txt	closed-negative	ciphers/antt-linhares-chave/key_example.tsv	?	?	pt	nomenclator	0.0					unusable-key
ciphers/sp53-16-79/ciphertext.txt	open	ciphers/antt-linhares-chave/key_example.tsv	?	?	pt	nomenclator	0.0					unusable-key
ciphers/sp53-22-f52/ciphertext.txt	open	ciphers/antt-linhares-chave/key_example.tsv	?	?	pt	nomenclator	0.095					unusable-key
ciphers/stepney-manchester-1702/ciphertext.txt	offline-only	ciphers/antt-linhares-chave/key_example.tsv	?	?	pt	nomenclator	0.0					unusable-key
ciphers/thurloe-printed/P10/ciphertext.txt	?	ciphers/antt-linhares-chave/key_example.tsv	?	?	pt	nomenclator	0.009					unusable-key
ciphers/thurloe-printed/P11/ciphertext.txt	?	ciphers/antt-linhares-chave/key_example.tsv	?	?	pt	nomenclator	0.031					unusable-key
ciphers/thurloe-printed/P12/ciphertext.txt	?	ciphers/antt-linhares-chave/key_example.tsv	?	?	pt	nomenclator	0.004					unusable-key
ciphers/thurloe-printed/P13/ciphertext.txt	?	ciphers/antt-linhares-chave/key_example.tsv	?	?	pt	nomenclator	0.028					unusable-key
ciphers/thurloe-printed/P14/ciphertext.txt	?	ciphers/antt-linhares-chave/key_example.tsv	?	?	pt	nomenclator	0.033					unusable-key
ciphers/thurloe-printed/P15/ciphertext.txt	?	ciphers/antt-linhares-chave/key_example.tsv	?	?	pt	nomenclator	0.027					unusable-key
ciphers/thurloe-printed/P16/ciphertext.txt	?	ciphers/antt-linhares-chave/key_example.tsv	?	?	pt	nomenclator	0.008					unusable-key
ciphers/thurloe-printed/P17/ciphertext.txt	?	ciphers/antt-linhares-chave/key_example.tsv	?	?	pt	nomenclator	0.011					unusable-key
ciphers/thurloe-printed/P18/ciphertext.txt	?	ciphers/antt-linhares-chave/key_example.tsv	?	?	pt	nomenclator	0.016					unusable-key
ciphers/thurloe-printed/P19/ciphertext.txt	?	ciphers/antt-linhares-chave/key_example.tsv	?	?	pt	nomenclator	0.012					unusable-key
ciphers/thurloe-printed/P2/ciphertext.txt	?	ciphers/antt-linhares-chave/key_example.tsv	?	?	pt	nomenclator	0.006					unusable-key
ciphers/thurloe-printed/P21/ciphertext.txt	?	ciphers/antt-linhares-chave/key_example.tsv	?	?	pt	nomenclator	0.008					unusable-key
ciphers/thurloe-printed/P22/ciphertext.txt	?	ciphers/antt-linhares-chave/key_example.tsv	?	?	pt	nomenclator	0.007					unusable-key
ciphers/thurloe-printed/P24/ciphertext.txt	?	ciphers/antt-linhares-chave/key_example.tsv	?	?	pt	nomenclator	0.008					unusable-key
ciphers/thurloe-printed/P3/ciphertext.txt	?	ciphers/antt-linhares-chave/key_example.tsv	?	?	pt	nomenclator	0.032					unusable-key
ciphers/thurloe-printed/P4/ciphertext.txt	?	ciphers/antt-linhares-chave/key_example.tsv	?	?	pt	nomenclator	0.007					unusable-key
ciphers/thurloe-printed/P5/ciphertext.txt	?	ciphers/antt-linhares-chave/key_example.tsv	?	?	pt	nomenclator	0.016					unusable-key
ciphers/thurloe-printed/P6/ciphertext.txt	?	ciphers/antt-linhares-chave/key_example.tsv	?	?	pt	nomenclator	0.018					unusable-key
ciphers/thurloe-printed/P7/ciphertext.txt	?	ciphers/antt-linhares-chave/key_example.tsv	?	?	pt	nomenclator	0.022					unusable-key
ciphers/thurloe-printed/P8/ciphertext.txt	?	ciphers/antt-linhares-chave/key_example.tsv	?	?	pt	nomenclator	0.006					unusable-key
ciphers/thurloe-printed/P9/ciphertext.txt	?	ciphers/antt-linhares-chave/key_example.tsv	?	?	pt	nomenclator	0.0					unusable-key
ciphers/vanbeuningen-dewitt-1657/ciphertext.tsv	partial	ciphers/antt-linhares-chave/key_example.tsv	?	?	pt	nomenclator	0.0					unusable-key
ciphers/wellington-maitland-1812/ciphertext.txt	partial	ciphers/antt-linhares-chave/key_example.tsv	?	?	pt	nomenclator	0.005					unusable-key
ciphers/zodiac-z13-stress/ciphertext.txt	closed-negative	ciphers/antt-linhares-chave/key_example.tsv	?	?	pt	nomenclator	0.0					unusable-key
ciphers/august-van-saksen-1561-64/ciphertext_126.tsv	partial	ciphers/august-van-saksen-1561-64/key.tsv	?	1561-1564	de	nomenclator	0.0					unusable-key
ciphers/august-van-saksen-1561-64/ciphertext_53.tsv	partial	ciphers/august-van-saksen-1561-64/key.tsv	?	1561-1564	de	nomenclator	0.0					unusable-key
ciphers/august-van-saksen-1561-64/ciphertext_57.tsv	partial	ciphers/august-van-saksen-1561-64/key.tsv	?	1561-1564	de	nomenclator	0.0					unusable-key
ciphers/august-van-saksen-1561-64/ciphertext_74.tsv	partial	ciphers/august-van-saksen-1561-64/key.tsv	?	1561-1564	de	nomenclator	0.0					unusable-key
ciphers/august-van-saksen-1561-64/ciphertext_98.tsv	partial	ciphers/august-van-saksen-1561-64/key.tsv	?	1561-1564	de	nomenclator	0.0					unusable-key
ciphers/birago-nevers-1571/ciphertext.txt	open	ciphers/august-van-saksen-1561-64/key.tsv	?	1561-1564	de	nomenclator	0.0					unusable-key
ciphers/clair1067-brienne-poland-1646/ciphertext.txt	solved	ciphers/august-van-saksen-1561-64/key.tsv	?	1561-1564	de	nomenclator	0.0					unusable-key
ciphers/clair1108-duvergier/ciphertext.tsv	solved	ciphers/august-van-saksen-1561-64/key.tsv	?	1561-1564	de	nomenclator	0.0					unusable-key
ciphers/clairambault1225-paget-1714/ciphertext.tsv	partial	ciphers/august-van-saksen-1561-64/key.tsv	?	1561-1564	de	nomenclator	0.002					unusable-key
ciphers/decode-4450-bnf-fr20506-1525/ciphertext_f136.tsv	open	ciphers/august-van-saksen-1561-64/key.tsv	?	1561-1564	de	nomenclator	0.0					unusable-key
ciphers/destaing-gerard-1779/ciphertext.txt	open	ciphers/august-van-saksen-1561-64/key.tsv	?	1561-1564	de	nomenclator	0.0					unusable-key
ciphers/dupuy452-carpi-1520/ciphertext_f20_carpi.txt	found-solved	ciphers/august-van-saksen-1561-64/key.tsv	?	1561-1564	de	nomenclator	0.0					unusable-key
ciphers/dupuy452-carpi-1520/ciphertext_f28.txt	found-solved	ciphers/august-van-saksen-1561-64/key.tsv	?	1561-1564	de	nomenclator	0.0					unusable-key
ciphers/fr2933-salviati-1525/ciphertext_f54r.tsv	open	ciphers/august-van-saksen-1561-64/key.tsv	?	1561-1564	de	nomenclator	0.0					unusable-key
ciphers/fr2933-salviati-1525/ciphertext_f54v.tsv	open	ciphers/august-van-saksen-1561-64/key.tsv	?	1561-1564	de	nomenclator	0.0					unusable-key
ciphers/fr2933-salviati-1525/ciphertext_f55r.tsv	open	ciphers/august-van-saksen-1561-64/key.tsv	?	1561-1564	de	nomenclator	0.0					unusable-key
ciphers/fr2980-gramont/ciphertext.txt	?	ciphers/august-van-saksen-1561-64/key.tsv	?	1561-1564	de	nomenclator	0.0					unusable-key
ciphers/fr2980-gramont/ciphertext_f30.tsv	?	ciphers/august-van-saksen-1561-64/key.tsv	?	1561-1564	de	nomenclator	0.0					unusable-key
ciphers/fr3985-nevers-revol-1593/ciphertext.tsv	blocked	ciphers/august-van-saksen-1561-64/key.tsv	?	1561-1564	de	nomenclator	0.0					unusable-key
ciphers/fr3986-nevers-revol-1593/ciphertext.tsv	blocked	ciphers/august-van-saksen-1561-64/key.tsv	?	1561-1564	de	nomenclator	0.0					unusable-key
ciphers/fr3987-nevers-revol-1593/ciphertext.tsv	blocked	ciphers/august-van-saksen-1561-64/key.tsv	?	1561-1564	de	nomenclator	0.0					unusable-key
ciphers/fr3990-nevers-henri4-1594/ciphertext.tsv	blocked	ciphers/august-van-saksen-1561-64/key.tsv	?	1561-1564	de	nomenclator	0.0					unusable-key
ciphers/fr5160-letellier-1653/ciphertext_f1.tsv	open	ciphers/august-van-saksen-1561-64/key.tsv	?	1561-1564	de	nomenclator	0.002					unusable-key
ciphers/fr5160-letellier-1653/ciphertext_f67.tsv	open	ciphers/august-van-saksen-1561-64/key.tsv	?	1561-1564	de	nomenclator	0.0					unusable-key
ciphers/fr5160-letellier-1653/ciphertext_f86.tsv	open	ciphers/august-van-saksen-1561-64/key.tsv	?	1561-1564	de	nomenclator	0.0					unusable-key
ciphers/fr5160-letellier-1653/ciphertext_f88.tsv	open	ciphers/august-van-saksen-1561-64/key.tsv	?	1561-1564	de	nomenclator	0.0					unusable-key
ciphers/fr5160-letellier-1653/ciphertext_f9.tsv	open	ciphers/august-van-saksen-1561-64/key.tsv	?	1561-1564	de	nomenclator	0.0					unusable-key
ciphers/gunther-van-schwarzburg-1561/ciphertext.tsv	found-solved	ciphers/august-van-saksen-1561-64/key.tsv	?	1561-1564	de	nomenclator	0.002					unusable-key
ciphers/gunther-van-schwarzburg-1561/ciphertext_5109.tsv	found-solved	ciphers/august-van-saksen-1561-64/key.tsv	?	1561-1564	de	nomenclator	0.0					unusable-key
ciphers/gunther-van-schwarzburg-1561/ciphertext_5109.txt	found-solved	ciphers/august-van-saksen-1561-64/key.tsv	?	1561-1564	de	nomenclator	0.0					unusable-key
ciphers/gunther-van-schwarzburg-1561/ciphertext_8246.txt	found-solved	ciphers/august-van-saksen-1561-64/key.tsv	?	1561-1564	de	nomenclator	0.002					unusable-key
ciphers/hamilton-1650/ciphertext.txt	open	ciphers/august-van-saksen-1561-64/key.tsv	?	1561-1564	de	nomenclator	0.0					unusable-key
ciphers/jan-van-nassau-1572-75/ciphertext_5549.tsv	open	ciphers/august-van-saksen-1561-64/key.tsv	?	1561-1564	de	nomenclator	0.005					unusable-key
ciphers/jan-van-nassau-1572-75/j5s/ciphertext_5550.tsv	open	ciphers/august-van-saksen-1561-64/key.tsv	?	1561-1564	de	nomenclator	0.0					unusable-key
ciphers/la-garde-1577/ciphertext_6179_v2.tsv	open	ciphers/august-van-saksen-1561-64/key.tsv	?	1561-1564	de	nomenclator	0.0					unusable-key
ciphers/la-garde-1577/ciphertext_6467.tsv	open	ciphers/august-van-saksen-1561-64/key.tsv	?	1561-1564	de	nomenclator	0.0					unusable-key
ciphers/la-garde-1577/ciphertext_6467_v2.tsv	open	ciphers/august-van-saksen-1561-64/key.tsv	?	1561-1564	de	nomenclator	0.0					unusable-key
ciphers/moray-wood-1568/ciphertext.txt	open	ciphers/august-van-saksen-1561-64/key.tsv	?	1561-1564	de	nomenclator	0.0					unusable-key
ciphers/orange-nassau-1572/ciphertext.txt	found-solved	ciphers/august-van-saksen-1561-64/key.tsv	?	1561-1564	de	nomenclator	0.001					unusable-key
ciphers/orange-nassau-1572/ciphertext_2.txt	found-solved	ciphers/august-van-saksen-1561-64/key.tsv	?	1561-1564	de	nomenclator	0.0					unusable-key
ciphers/ormond-arran-1678/ciphertext.txt	open	ciphers/august-van-saksen-1561-64/key.tsv	?	1561-1564	de	nomenclator	0.0					unusable-key
ciphers/oxenstierna-gustav-adolf-1632/ciphertext.txt	found-solved	ciphers/august-van-saksen-1561-64/key.tsv	?	1561-1564	de	nomenclator	0.0					unusable-key
ciphers/oxenstierna-gustav-adolf-1632/ciphertext_verified.tsv	found-solved	ciphers/august-van-saksen-1561-64/key.tsv	?	1561-1564	de	nomenclator	0.001					unusable-key
ciphers/rah-canada-1869/ciphertext.tsv	solved	ciphers/august-van-saksen-1561-64/key.tsv	?	1561-1564	de	nomenclator	0.0					unusable-key
ciphers/randolph-sussex-1569/ciphertext.txt	found-solved	ciphers/august-van-saksen-1561-64/key.tsv	?	1561-1564	de	nomenclator	0.0					unusable-key
ciphers/sforza-maino-1446/ciphertext.txt	closed-negative	ciphers/august-van-saksen-1561-64/key.tsv	?	1561-1564	de	nomenclator	0.0					unusable-key
ciphers/sp53-16-79/ciphertext.txt	open	ciphers/august-van-saksen-1561-64/key.tsv	?	1561-1564	de	nomenclator	0.0					unusable-key
ciphers/sp53-22-f52/ciphertext.txt	open	ciphers/august-van-saksen-1561-64/key.tsv	?	1561-1564	de	nomenclator	0.0					unusable-key
ciphers/stepney-manchester-1702/ciphertext.txt	offline-only	ciphers/august-van-saksen-1561-64/key.tsv	?	1561-1564	de	nomenclator	0.0					unusable-key
ciphers/thurloe-printed/P10/ciphertext.txt	?	ciphers/august-van-saksen-1561-64/key.tsv	?	1561-1564	de	nomenclator	0.0					unusable-key
ciphers/thurloe-printed/P11/ciphertext.txt	?	ciphers/august-van-saksen-1561-64/key.tsv	?	1561-1564	de	nomenclator	0.0					unusable-key
ciphers/thurloe-printed/P12/ciphertext.txt	?	ciphers/august-van-saksen-1561-64/key.tsv	?	1561-1564	de	nomenclator	0.0					unusable-key
ciphers/thurloe-printed/P13/ciphertext.txt	?	ciphers/august-van-saksen-1561-64/key.tsv	?	1561-1564	de	nomenclator	0.0					unusable-key
ciphers/thurloe-printed/P14/ciphertext.txt	?	ciphers/august-van-saksen-1561-64/key.tsv	?	1561-1564	de	nomenclator	0.0					unusable-key
ciphers/thurloe-printed/P15/ciphertext.txt	?	ciphers/august-van-saksen-1561-64/key.tsv	?	1561-1564	de	nomenclator	0.009					unusable-key
ciphers/thurloe-printed/P16/ciphertext.txt	?	ciphers/august-van-saksen-1561-64/key.tsv	?	1561-1564	de	nomenclator	0.0					unusable-key
ciphers/thurloe-printed/P17/ciphertext.txt	?	ciphers/august-van-saksen-1561-64/key.tsv	?	1561-1564	de	nomenclator	0.0					unusable-key
ciphers/thurloe-printed/P18/ciphertext.txt	?	ciphers/august-van-saksen-1561-64/key.tsv	?	1561-1564	de	nomenclator	0.0					unusable-key
ciphers/thurloe-printed/P19/ciphertext.txt	?	ciphers/august-van-saksen-1561-64/key.tsv	?	1561-1564	de	nomenclator	0.0					unusable-key
ciphers/thurloe-printed/P2/ciphertext.txt	?	ciphers/august-van-saksen-1561-64/key.tsv	?	1561-1564	de	nomenclator	0.006					unusable-key
ciphers/thurloe-printed/P21/ciphertext.txt	?	ciphers/august-van-saksen-1561-64/key.tsv	?	1561-1564	de	nomenclator	0.0					unusable-key
ciphers/thurloe-printed/P22/ciphertext.txt	?	ciphers/august-van-saksen-1561-64/key.tsv	?	1561-1564	de	nomenclator	0.0					unusable-key
ciphers/thurloe-printed/P24/ciphertext.txt	?	ciphers/august-van-saksen-1561-64/key.tsv	?	1561-1564	de	nomenclator	0.0					unusable-key
ciphers/thurloe-printed/P3/ciphertext.txt	?	ciphers/august-van-saksen-1561-64/key.tsv	?	1561-1564	de	nomenclator	0.0					unusable-key
ciphers/thurloe-printed/P4/ciphertext.txt	?	ciphers/august-van-saksen-1561-64/key.tsv	?	1561-1564	de	nomenclator	0.0					unusable-key
ciphers/thurloe-printed/P5/ciphertext.txt	?	ciphers/august-van-saksen-1561-64/key.tsv	?	1561-1564	de	nomenclator	0.0					unusable-key
ciphers/thurloe-printed/P6/ciphertext.txt	?	ciphers/august-van-saksen-1561-64/key.tsv	?	1561-1564	de	nomenclator	0.0					unusable-key
ciphers/thurloe-printed/P7/ciphertext.txt	?	ciphers/august-van-saksen-1561-64/key.tsv	?	1561-1564	de	nomenclator	0.0					unusable-key
ciphers/thurloe-printed/P8/ciphertext.txt	?	ciphers/august-van-saksen-1561-64/key.tsv	?	1561-1564	de	nomenclator	0.0					unusable-key
ciphers/thurloe-printed/P9/ciphertext.txt	?	ciphers/august-van-saksen-1561-64/key.tsv	?	1561-1564	de	nomenclator	0.0					unusable-key
ciphers/vanbeuningen-dewitt-1657/ciphertext.tsv	partial	ciphers/august-van-saksen-1561-64/key.tsv	?	1561-1564	de	nomenclator	0.0					unusable-key
ciphers/wellington-maitland-1812/ciphertext.txt	partial	ciphers/august-van-saksen-1561-64/key.tsv	?	1561-1564	de	nomenclator	0.0					unusable-key
ciphers/zodiac-z13-stress/ciphertext.txt	closed-negative	ciphers/august-van-saksen-1561-64/key.tsv	?	1561-1564	de	nomenclator	0.0					unusable-key
ciphers/august-van-saksen-1561-64/ciphertext_126.tsv	partial	ciphers/august-van-saksen-1561-64/key_53.tsv	?	1561-1564	de	monoalphabetic	0.471					unusable-key
ciphers/august-van-saksen-1561-64/ciphertext_74.tsv	partial	ciphers/august-van-saksen-1561-64/key_53.tsv	?	1561-1564	de	monoalphabetic	0.388					unusable-key
ciphers/august-van-saksen-1561-64/ciphertext_98.tsv	partial	ciphers/august-van-saksen-1561-64/key_53.tsv	?	1561-1564	de	monoalphabetic	0.372					unusable-key
ciphers/birago-nevers-1571/ciphertext.txt	open	ciphers/august-van-saksen-1561-64/key_53.tsv	?	1561-1564	de	monoalphabetic	0.0					unusable-key
ciphers/clair1067-brienne-poland-1646/ciphertext.txt	solved	ciphers/august-van-saksen-1561-64/key_53.tsv	?	1561-1564	de	monoalphabetic	0.101					unusable-key
ciphers/clair1108-duvergier/ciphertext.tsv	solved	ciphers/august-van-saksen-1561-64/key_53.tsv	?	1561-1564	de	monoalphabetic	0.112					unusable-key
ciphers/clairambault1225-paget-1714/ciphertext.tsv	partial	ciphers/august-van-saksen-1561-64/key_53.tsv	?	1561-1564	de	monoalphabetic	0.209					unusable-key
ciphers/decode-4450-bnf-fr20506-1525/ciphertext_f136.tsv	open	ciphers/august-van-saksen-1561-64/key_53.tsv	?	1561-1564	de	monoalphabetic	0.351					unusable-key
ciphers/destaing-gerard-1779/ciphertext.txt	open	ciphers/august-van-saksen-1561-64/key_53.tsv	?	1561-1564	de	monoalphabetic	0.007					unusable-key
ciphers/dupuy452-carpi-1520/ciphertext_f20_carpi.txt	found-solved	ciphers/august-van-saksen-1561-64/key_53.tsv	?	1561-1564	de	monoalphabetic	0.0					unusable-key
ciphers/dupuy452-carpi-1520/ciphertext_f28.txt	found-solved	ciphers/august-van-saksen-1561-64/key_53.tsv	?	1561-1564	de	monoalphabetic	0.0					unusable-key
ciphers/fr2933-salviati-1525/ciphertext_f54r.tsv	open	ciphers/august-van-saksen-1561-64/key_53.tsv	?	1561-1564	de	monoalphabetic	0.174					unusable-key
ciphers/fr2933-salviati-1525/ciphertext_f54v.tsv	open	ciphers/august-van-saksen-1561-64/key_53.tsv	?	1561-1564	de	monoalphabetic	0.184					unusable-key
ciphers/fr2933-salviati-1525/ciphertext_f55r.tsv	open	ciphers/august-van-saksen-1561-64/key_53.tsv	?	1561-1564	de	monoalphabetic	0.022					unusable-key
ciphers/fr2980-gramont/ciphertext.txt	?	ciphers/august-van-saksen-1561-64/key_53.tsv	?	1561-1564	de	monoalphabetic	0.09					unusable-key
ciphers/fr2980-gramont/ciphertext_f30.tsv	?	ciphers/august-van-saksen-1561-64/key_53.tsv	?	1561-1564	de	monoalphabetic	0.081					unusable-key
ciphers/fr3985-nevers-revol-1593/ciphertext.tsv	blocked	ciphers/august-van-saksen-1561-64/key_53.tsv	?	1561-1564	de	monoalphabetic	0.134					unusable-key
ciphers/fr3986-nevers-revol-1593/ciphertext.tsv	blocked	ciphers/august-van-saksen-1561-64/key_53.tsv	?	1561-1564	de	monoalphabetic	0.227					unusable-key
ciphers/fr3987-nevers-revol-1593/ciphertext.tsv	blocked	ciphers/august-van-saksen-1561-64/key_53.tsv	?	1561-1564	de	monoalphabetic	0.149					unusable-key
ciphers/fr3990-nevers-henri4-1594/ciphertext.tsv	blocked	ciphers/august-van-saksen-1561-64/key_53.tsv	?	1561-1564	de	monoalphabetic	0.122					unusable-key
ciphers/fr5160-letellier-1653/ciphertext_f1.tsv	open	ciphers/august-van-saksen-1561-64/key_53.tsv	?	1561-1564	de	monoalphabetic	0.059					unusable-key
ciphers/fr5160-letellier-1653/ciphertext_f67.tsv	open	ciphers/august-van-saksen-1561-64/key_53.tsv	?	1561-1564	de	monoalphabetic	0.125					unusable-key
ciphers/fr5160-letellier-1653/ciphertext_f86.tsv	open	ciphers/august-van-saksen-1561-64/key_53.tsv	?	1561-1564	de	monoalphabetic	0.114					unusable-key
ciphers/fr5160-letellier-1653/ciphertext_f88.tsv	open	ciphers/august-van-saksen-1561-64/key_53.tsv	?	1561-1564	de	monoalphabetic	0.092					unusable-key
ciphers/fr5160-letellier-1653/ciphertext_f9.tsv	open	ciphers/august-van-saksen-1561-64/key_53.tsv	?	1561-1564	de	monoalphabetic	0.058					unusable-key
ciphers/gunther-van-schwarzburg-1561/ciphertext.tsv	found-solved	ciphers/august-van-saksen-1561-64/key_53.tsv	?	1561-1564	de	monoalphabetic	0.028					unusable-key
ciphers/gunther-van-schwarzburg-1561/ciphertext_5109.tsv	found-solved	ciphers/august-van-saksen-1561-64/key_53.tsv	?	1561-1564	de	monoalphabetic	0.03					unusable-key
ciphers/gunther-van-schwarzburg-1561/ciphertext_5109.txt	found-solved	ciphers/august-van-saksen-1561-64/key_53.tsv	?	1561-1564	de	monoalphabetic	0.028					unusable-key
ciphers/gunther-van-schwarzburg-1561/ciphertext_8246.txt	found-solved	ciphers/august-van-saksen-1561-64/key_53.tsv	?	1561-1564	de	monoalphabetic	0.027					unusable-key
ciphers/hamilton-1650/ciphertext.txt	open	ciphers/august-van-saksen-1561-64/key_53.tsv	?	1561-1564	de	monoalphabetic	0.047					unusable-key
ciphers/jan-van-nassau-1572-75/ciphertext_5549.tsv	open	ciphers/august-van-saksen-1561-64/key_53.tsv	?	1561-1564	de	monoalphabetic	0.185					unusable-key
ciphers/jan-van-nassau-1572-75/j5s/ciphertext_5550.tsv	open	ciphers/august-van-saksen-1561-64/key_53.tsv	?	1561-1564	de	monoalphabetic	0.324					unusable-key
ciphers/la-garde-1577/ciphertext_6179_v2.tsv	open	ciphers/august-van-saksen-1561-64/key_53.tsv	?	1561-1564	de	monoalphabetic	0.139					unusable-key
ciphers/la-garde-1577/ciphertext_6467.tsv	open	ciphers/august-van-saksen-1561-64/key_53.tsv	?	1561-1564	de	monoalphabetic	0.464					unusable-key
ciphers/la-garde-1577/ciphertext_6467_v2.tsv	open	ciphers/august-van-saksen-1561-64/key_53.tsv	?	1561-1564	de	monoalphabetic	0.326					unusable-key
ciphers/moray-wood-1568/ciphertext.txt	open	ciphers/august-van-saksen-1561-64/key_53.tsv	?	1561-1564	de	monoalphabetic	0.015					unusable-key
ciphers/orange-nassau-1572/ciphertext.txt	found-solved	ciphers/august-van-saksen-1561-64/key_53.tsv	?	1561-1564	de	monoalphabetic	0.052					unusable-key
ciphers/orange-nassau-1572/ciphertext_2.txt	found-solved	ciphers/august-van-saksen-1561-64/key_53.tsv	?	1561-1564	de	monoalphabetic	0.058					unusable-key
ciphers/ormond-arran-1678/ciphertext.txt	open	ciphers/august-van-saksen-1561-64/key_53.tsv	?	1561-1564	de	monoalphabetic	0.0					unusable-key
ciphers/oxenstierna-gustav-adolf-1632/ciphertext.txt	found-solved	ciphers/august-van-saksen-1561-64/key_53.tsv	?	1561-1564	de	monoalphabetic	0.0					unusable-key
ciphers/oxenstierna-gustav-adolf-1632/ciphertext_verified.tsv	found-solved	ciphers/august-van-saksen-1561-64/key_53.tsv	?	1561-1564	de	monoalphabetic	0.002					unusable-key
ciphers/rah-canada-1869/ciphertext.tsv	solved	ciphers/august-van-saksen-1561-64/key_53.tsv	?	1561-1564	de	monoalphabetic	0.184					unusable-key
ciphers/randolph-sussex-1569/ciphertext.txt	found-solved	ciphers/august-van-saksen-1561-64/key_53.tsv	?	1561-1564	de	monoalphabetic	0.274					unusable-key
ciphers/sforza-maino-1446/ciphertext.txt	closed-negative	ciphers/august-van-saksen-1561-64/key_53.tsv	?	1561-1564	de	monoalphabetic	0.161					unusable-key
ciphers/sp53-16-79/ciphertext.txt	open	ciphers/august-van-saksen-1561-64/key_53.tsv	?	1561-1564	de	monoalphabetic	0.0					unusable-key
ciphers/sp53-22-f52/ciphertext.txt	open	ciphers/august-van-saksen-1561-64/key_53.tsv	?	1561-1564	de	monoalphabetic	0.44					unusable-key
ciphers/stepney-manchester-1702/ciphertext.txt	offline-only	ciphers/august-van-saksen-1561-64/key_53.tsv	?	1561-1564	de	monoalphabetic	0.0					unusable-key
ciphers/thurloe-printed/P10/ciphertext.txt	?	ciphers/august-van-saksen-1561-64/key_53.tsv	?	1561-1564	de	monoalphabetic	0.009					unusable-key
ciphers/thurloe-printed/P11/ciphertext.txt	?	ciphers/august-van-saksen-1561-64/key_53.tsv	?	1561-1564	de	monoalphabetic	0.066					unusable-key
ciphers/thurloe-printed/P12/ciphertext.txt	?	ciphers/august-van-saksen-1561-64/key_53.tsv	?	1561-1564	de	monoalphabetic	0.02					unusable-key
ciphers/thurloe-printed/P13/ciphertext.txt	?	ciphers/august-van-saksen-1561-64/key_53.tsv	?	1561-1564	de	monoalphabetic	0.066					unusable-key
ciphers/thurloe-printed/P14/ciphertext.txt	?	ciphers/august-van-saksen-1561-64/key_53.tsv	?	1561-1564	de	monoalphabetic	0.065					unusable-key
ciphers/thurloe-printed/P15/ciphertext.txt	?	ciphers/august-van-saksen-1561-64/key_53.tsv	?	1561-1564	de	monoalphabetic	0.072					unusable-key
ciphers/thurloe-printed/P16/ciphertext.txt	?	ciphers/august-van-saksen-1561-64/key_53.tsv	?	1561-1564	de	monoalphabetic	0.136					unusable-key
ciphers/thurloe-printed/P17/ciphertext.txt	?	ciphers/august-van-saksen-1561-64/key_53.tsv	?	1561-1564	de	monoalphabetic	0.083					unusable-key
ciphers/thurloe-printed/P18/ciphertext.txt	?	ciphers/august-van-saksen-1561-64/key_53.tsv	?	1561-1564	de	monoalphabetic	0.087					unusable-key
ciphers/thurloe-printed/P19/ciphertext.txt	?	ciphers/august-van-saksen-1561-64/key_53.tsv	?	1561-1564	de	monoalphabetic	0.123					unusable-key
ciphers/thurloe-printed/P2/ciphertext.txt	?	ciphers/august-van-saksen-1561-64/key_53.tsv	?	1561-1564	de	monoalphabetic	0.044					unusable-key
ciphers/thurloe-printed/P21/ciphertext.txt	?	ciphers/august-van-saksen-1561-64/key_53.tsv	?	1561-1564	de	monoalphabetic	0.093					unusable-key
ciphers/thurloe-printed/P22/ciphertext.txt	?	ciphers/august-van-saksen-1561-64/key_53.tsv	?	1561-1564	de	monoalphabetic	0.085					unusable-key
ciphers/thurloe-printed/P24/ciphertext.txt	?	ciphers/august-van-saksen-1561-64/key_53.tsv	?	1561-1564	de	monoalphabetic	0.107					unusable-key
ciphers/thurloe-printed/P3/ciphertext.txt	?	ciphers/august-van-saksen-1561-64/key_53.tsv	?	1561-1564	de	monoalphabetic	0.032					unusable-key
ciphers/thurloe-printed/P4/ciphertext.txt	?	ciphers/august-van-saksen-1561-64/key_53.tsv	?	1561-1564	de	monoalphabetic	0.051					unusable-key
ciphers/thurloe-printed/P5/ciphertext.txt	?	ciphers/august-van-saksen-1561-64/key_53.tsv	?	1561-1564	de	monoalphabetic	0.068					unusable-key
ciphers/thurloe-printed/P6/ciphertext.txt	?	ciphers/august-van-saksen-1561-64/key_53.tsv	?	1561-1564	de	monoalphabetic	0.07					unusable-key
ciphers/thurloe-printed/P7/ciphertext.txt	?	ciphers/august-van-saksen-1561-64/key_53.tsv	?	1561-1564	de	monoalphabetic	0.071					unusable-key
ciphers/thurloe-printed/P8/ciphertext.txt	?	ciphers/august-van-saksen-1561-64/key_53.tsv	?	1561-1564	de	monoalphabetic	0.008					unusable-key
ciphers/thurloe-printed/P9/ciphertext.txt	?	ciphers/august-van-saksen-1561-64/key_53.tsv	?	1561-1564	de	monoalphabetic	0.01					unusable-key
ciphers/vanbeuningen-dewitt-1657/ciphertext.tsv	partial	ciphers/august-van-saksen-1561-64/key_53.tsv	?	1561-1564	de	monoalphabetic	0.0					unusable-key
ciphers/wellington-maitland-1812/ciphertext.txt	partial	ciphers/august-van-saksen-1561-64/key_53.tsv	?	1561-1564	de	monoalphabetic	0.01					unusable-key
ciphers/zodiac-z13-stress/ciphertext.txt	closed-negative	ciphers/august-van-saksen-1561-64/key_53.tsv	?	1561-1564	de	monoalphabetic	0.231					unusable-key
ciphers/august-van-saksen-1561-64/ciphertext_74.tsv	partial	ciphers/august-van-saksen-1561-64/key_74.tsv	?	1561-1564	de	nomenclator	0.456					unusable-key
ciphers/august-van-saksen-1561-64/ciphertext_98.tsv	partial	ciphers/august-van-saksen-1561-64/key_74.tsv	?	1561-1564	de	nomenclator	0.391					unusable-key
ciphers/birago-nevers-1571/ciphertext.txt	open	ciphers/august-van-saksen-1561-64/key_74.tsv	?	1561-1564	de	nomenclator	0.0					unusable-key
ciphers/clair1067-brienne-poland-1646/ciphertext.txt	solved	ciphers/august-van-saksen-1561-64/key_74.tsv	?	1561-1564	de	nomenclator	0.112					unusable-key
ciphers/clair1108-duvergier/ciphertext.tsv	solved	ciphers/august-van-saksen-1561-64/key_74.tsv	?	1561-1564	de	nomenclator	0.125					unusable-key
ciphers/clairambault1225-paget-1714/ciphertext.tsv	partial	ciphers/august-van-saksen-1561-64/key_74.tsv	?	1561-1564	de	nomenclator	0.137					unusable-key
ciphers/decode-4450-bnf-fr20506-1525/ciphertext_f136.tsv	open	ciphers/august-van-saksen-1561-64/key_74.tsv	?	1561-1564	de	nomenclator	0.371					unusable-key
ciphers/destaing-gerard-1779/ciphertext.txt	open	ciphers/august-van-saksen-1561-64/key_74.tsv	?	1561-1564	de	nomenclator	0.007					unusable-key
ciphers/dupuy452-carpi-1520/ciphertext_f20_carpi.txt	found-solved	ciphers/august-van-saksen-1561-64/key_74.tsv	?	1561-1564	de	nomenclator	0.0					unusable-key
ciphers/dupuy452-carpi-1520/ciphertext_f28.txt	found-solved	ciphers/august-van-saksen-1561-64/key_74.tsv	?	1561-1564	de	nomenclator	0.0					unusable-key
ciphers/fr2933-salviati-1525/ciphertext_f54r.tsv	open	ciphers/august-van-saksen-1561-64/key_74.tsv	?	1561-1564	de	nomenclator	0.198					unusable-key
ciphers/fr2933-salviati-1525/ciphertext_f54v.tsv	open	ciphers/august-van-saksen-1561-64/key_74.tsv	?	1561-1564	de	nomenclator	0.208					unusable-key
ciphers/fr2933-salviati-1525/ciphertext_f55r.tsv	open	ciphers/august-van-saksen-1561-64/key_74.tsv	?	1561-1564	de	nomenclator	0.045					unusable-key
ciphers/fr2980-gramont/ciphertext.txt	?	ciphers/august-van-saksen-1561-64/key_74.tsv	?	1561-1564	de	nomenclator	0.092					unusable-key
ciphers/fr2980-gramont/ciphertext_f30.tsv	?	ciphers/august-van-saksen-1561-64/key_74.tsv	?	1561-1564	de	nomenclator	0.106					unusable-key
ciphers/fr3985-nevers-revol-1593/ciphertext.tsv	blocked	ciphers/august-van-saksen-1561-64/key_74.tsv	?	1561-1564	de	nomenclator	0.171					unusable-key
ciphers/fr3986-nevers-revol-1593/ciphertext.tsv	blocked	ciphers/august-van-saksen-1561-64/key_74.tsv	?	1561-1564	de	nomenclator	0.273					unusable-key
ciphers/fr3987-nevers-revol-1593/ciphertext.tsv	blocked	ciphers/august-van-saksen-1561-64/key_74.tsv	?	1561-1564	de	nomenclator	0.234					unusable-key
ciphers/fr3990-nevers-henri4-1594/ciphertext.tsv	blocked	ciphers/august-van-saksen-1561-64/key_74.tsv	?	1561-1564	de	nomenclator	0.133					unusable-key
ciphers/fr5160-letellier-1653/ciphertext_f1.tsv	open	ciphers/august-van-saksen-1561-64/key_74.tsv	?	1561-1564	de	nomenclator	0.061					unusable-key
ciphers/fr5160-letellier-1653/ciphertext_f67.tsv	open	ciphers/august-van-saksen-1561-64/key_74.tsv	?	1561-1564	de	nomenclator	0.111					unusable-key
ciphers/fr5160-letellier-1653/ciphertext_f86.tsv	open	ciphers/august-van-saksen-1561-64/key_74.tsv	?	1561-1564	de	nomenclator	0.139					unusable-key
ciphers/fr5160-letellier-1653/ciphertext_f88.tsv	open	ciphers/august-van-saksen-1561-64/key_74.tsv	?	1561-1564	de	nomenclator	0.07					unusable-key
ciphers/fr5160-letellier-1653/ciphertext_f9.tsv	open	ciphers/august-van-saksen-1561-64/key_74.tsv	?	1561-1564	de	nomenclator	0.066					unusable-key
ciphers/gunther-van-schwarzburg-1561/ciphertext.tsv	found-solved	ciphers/august-van-saksen-1561-64/key_74.tsv	?	1561-1564	de	nomenclator	0.043					unusable-key
ciphers/gunther-van-schwarzburg-1561/ciphertext_5109.tsv	found-solved	ciphers/august-van-saksen-1561-64/key_74.tsv	?	1561-1564	de	nomenclator	0.043					unusable-key
ciphers/gunther-van-schwarzburg-1561/ciphertext_5109.txt	found-solved	ciphers/august-van-saksen-1561-64/key_74.tsv	?	1561-1564	de	nomenclator	0.04					unusable-key
ciphers/gunther-van-schwarzburg-1561/ciphertext_8246.txt	found-solved	ciphers/august-van-saksen-1561-64/key_74.tsv	?	1561-1564	de	nomenclator	0.042					unusable-key
ciphers/hamilton-1650/ciphertext.txt	open	ciphers/august-van-saksen-1561-64/key_74.tsv	?	1561-1564	de	nomenclator	0.081					unusable-key
ciphers/jan-van-nassau-1572-75/ciphertext_5549.tsv	open	ciphers/august-van-saksen-1561-64/key_74.tsv	?	1561-1564	de	nomenclator	0.2					unusable-key
ciphers/jan-van-nassau-1572-75/j5s/ciphertext_5550.tsv	open	ciphers/august-van-saksen-1561-64/key_74.tsv	?	1561-1564	de	nomenclator	0.22					unusable-key
ciphers/la-garde-1577/ciphertext_6179_v2.tsv	open	ciphers/august-van-saksen-1561-64/key_74.tsv	?	1561-1564	de	nomenclator	0.159					unusable-key
ciphers/la-garde-1577/ciphertext_6467.tsv	open	ciphers/august-van-saksen-1561-64/key_74.tsv	?	1561-1564	de	nomenclator	0.249					unusable-key
ciphers/la-garde-1577/ciphertext_6467_v2.tsv	open	ciphers/august-van-saksen-1561-64/key_74.tsv	?	1561-1564	de	nomenclator	0.348					unusable-key
ciphers/moray-wood-1568/ciphertext.txt	open	ciphers/august-van-saksen-1561-64/key_74.tsv	?	1561-1564	de	nomenclator	0.015					unusable-key
ciphers/orange-nassau-1572/ciphertext.txt	found-solved	ciphers/august-van-saksen-1561-64/key_74.tsv	?	1561-1564	de	nomenclator	0.069					unusable-key
ciphers/orange-nassau-1572/ciphertext_2.txt	found-solved	ciphers/august-van-saksen-1561-64/key_74.tsv	?	1561-1564	de	nomenclator	0.079					unusable-key
ciphers/ormond-arran-1678/ciphertext.txt	open	ciphers/august-van-saksen-1561-64/key_74.tsv	?	1561-1564	de	nomenclator	0.0					unusable-key
ciphers/oxenstierna-gustav-adolf-1632/ciphertext.txt	found-solved	ciphers/august-van-saksen-1561-64/key_74.tsv	?	1561-1564	de	nomenclator	0.0					unusable-key
ciphers/oxenstierna-gustav-adolf-1632/ciphertext_verified.tsv	found-solved	ciphers/august-van-saksen-1561-64/key_74.tsv	?	1561-1564	de	nomenclator	0.003					unusable-key
ciphers/rah-canada-1869/ciphertext.tsv	solved	ciphers/august-van-saksen-1561-64/key_74.tsv	?	1561-1564	de	nomenclator	0.3					unusable-key
ciphers/randolph-sussex-1569/ciphertext.txt	found-solved	ciphers/august-van-saksen-1561-64/key_74.tsv	?	1561-1564	de	nomenclator	0.301					unusable-key
ciphers/sforza-maino-1446/ciphertext.txt	closed-negative	ciphers/august-van-saksen-1561-64/key_74.tsv	?	1561-1564	de	nomenclator	0.244					unusable-key
ciphers/sp53-16-79/ciphertext.txt	open	ciphers/august-van-saksen-1561-64/key_74.tsv	?	1561-1564	de	nomenclator	0.0					unusable-key
ciphers/sp53-22-f52/ciphertext.txt	open	ciphers/august-van-saksen-1561-64/key_74.tsv	?	1561-1564	de	nomenclator	0.476					unusable-key
ciphers/stepney-manchester-1702/ciphertext.txt	offline-only	ciphers/august-van-saksen-1561-64/key_74.tsv	?	1561-1564	de	nomenclator	0.0					unusable-key
ciphers/thurloe-printed/P10/ciphertext.txt	?	ciphers/august-van-saksen-1561-64/key_74.tsv	?	1561-1564	de	nomenclator	0.009					unusable-key
ciphers/thurloe-printed/P11/ciphertext.txt	?	ciphers/august-van-saksen-1561-64/key_74.tsv	?	1561-1564	de	nomenclator	0.093					unusable-key
ciphers/thurloe-printed/P12/ciphertext.txt	?	ciphers/august-van-saksen-1561-64/key_74.tsv	?	1561-1564	de	nomenclator	0.041					unusable-key
ciphers/thurloe-printed/P13/ciphertext.txt	?	ciphers/august-van-saksen-1561-64/key_74.tsv	?	1561-1564	de	nomenclator	0.08					unusable-key
ciphers/thurloe-printed/P14/ciphertext.txt	?	ciphers/august-van-saksen-1561-64/key_74.tsv	?	1561-1564	de	nomenclator	0.077					unusable-key
ciphers/thurloe-printed/P15/ciphertext.txt	?	ciphers/august-van-saksen-1561-64/key_74.tsv	?	1561-1564	de	nomenclator	0.063					unusable-key
ciphers/thurloe-printed/P16/ciphertext.txt	?	ciphers/august-van-saksen-1561-64/key_74.tsv	?	1561-1564	de	nomenclator	0.167					unusable-key
ciphers/thurloe-printed/P17/ciphertext.txt	?	ciphers/august-van-saksen-1561-64/key_74.tsv	?	1561-1564	de	nomenclator	0.106					unusable-key
ciphers/thurloe-printed/P18/ciphertext.txt	?	ciphers/august-van-saksen-1561-64/key_74.tsv	?	1561-1564	de	nomenclator	0.109					unusable-key
ciphers/thurloe-printed/P19/ciphertext.txt	?	ciphers/august-van-saksen-1561-64/key_74.tsv	?	1561-1564	de	nomenclator	0.166					unusable-key
ciphers/thurloe-printed/P2/ciphertext.txt	?	ciphers/august-van-saksen-1561-64/key_74.tsv	?	1561-1564	de	nomenclator	0.05					unusable-key
ciphers/thurloe-printed/P21/ciphertext.txt	?	ciphers/august-van-saksen-1561-64/key_74.tsv	?	1561-1564	de	nomenclator	0.106					unusable-key
ciphers/thurloe-printed/P22/ciphertext.txt	?	ciphers/august-van-saksen-1561-64/key_74.tsv	?	1561-1564	de	nomenclator	0.099					unusable-key
ciphers/thurloe-printed/P24/ciphertext.txt	?	ciphers/august-van-saksen-1561-64/key_74.tsv	?	1561-1564	de	nomenclator	0.124					unusable-key
ciphers/thurloe-printed/P3/ciphertext.txt	?	ciphers/august-van-saksen-1561-64/key_74.tsv	?	1561-1564	de	nomenclator	0.0					unusable-key
ciphers/thurloe-printed/P4/ciphertext.txt	?	ciphers/august-van-saksen-1561-64/key_74.tsv	?	1561-1564	de	nomenclator	0.062					unusable-key
ciphers/thurloe-printed/P5/ciphertext.txt	?	ciphers/august-van-saksen-1561-64/key_74.tsv	?	1561-1564	de	nomenclator	0.081					unusable-key
ciphers/thurloe-printed/P6/ciphertext.txt	?	ciphers/august-van-saksen-1561-64/key_74.tsv	?	1561-1564	de	nomenclator	0.084					unusable-key
ciphers/thurloe-printed/P7/ciphertext.txt	?	ciphers/august-van-saksen-1561-64/key_74.tsv	?	1561-1564	de	nomenclator	0.082					unusable-key
ciphers/thurloe-printed/P8/ciphertext.txt	?	ciphers/august-van-saksen-1561-64/key_74.tsv	?	1561-1564	de	nomenclator	0.008					unusable-key
ciphers/thurloe-printed/P9/ciphertext.txt	?	ciphers/august-van-saksen-1561-64/key_74.tsv	?	1561-1564	de	nomenclator	0.01					unusable-key
ciphers/vanbeuningen-dewitt-1657/ciphertext.tsv	partial	ciphers/august-van-saksen-1561-64/key_74.tsv	?	1561-1564	de	nomenclator	0.0					unusable-key
ciphers/wellington-maitland-1812/ciphertext.txt	partial	ciphers/august-van-saksen-1561-64/key_74.tsv	?	1561-1564	de	nomenclator	0.02					unusable-key
ciphers/zodiac-z13-stress/ciphertext.txt	closed-negative	ciphers/august-van-saksen-1561-64/key_74.tsv	?	1561-1564	de	nomenclator	0.231					unusable-key
ciphers/august-van-saksen-1561-64/ciphertext_74.tsv	partial	ciphers/august-van-saksen-1561-64/key_98.tsv	?	1561-1564	de	nomenclator	0.276					unusable-key
ciphers/august-van-saksen-1561-64/ciphertext_98.tsv	partial	ciphers/august-van-saksen-1561-64/key_98.tsv	?	1561-1564	de	nomenclator	0.469					unusable-key
ciphers/birago-nevers-1571/ciphertext.txt	open	ciphers/august-van-saksen-1561-64/key_98.tsv	?	1561-1564	de	nomenclator	0.0					unusable-key
ciphers/clair1067-brienne-poland-1646/ciphertext.txt	solved	ciphers/august-van-saksen-1561-64/key_98.tsv	?	1561-1564	de	nomenclator	0.124					unusable-key
ciphers/clair1108-duvergier/ciphertext.tsv	solved	ciphers/august-van-saksen-1561-64/key_98.tsv	?	1561-1564	de	nomenclator	0.1					unusable-key
ciphers/clairambault1225-paget-1714/ciphertext.tsv	partial	ciphers/august-van-saksen-1561-64/key_98.tsv	?	1561-1564	de	nomenclator	0.182					unusable-key
ciphers/decode-4450-bnf-fr20506-1525/ciphertext_f136.tsv	open	ciphers/august-van-saksen-1561-64/key_98.tsv	?	1561-1564	de	nomenclator	0.328					unusable-key
ciphers/destaing-gerard-1779/ciphertext.txt	open	ciphers/august-van-saksen-1561-64/key_98.tsv	?	1561-1564	de	nomenclator	0.007					unusable-key
ciphers/dupuy452-carpi-1520/ciphertext_f20_carpi.txt	found-solved	ciphers/august-van-saksen-1561-64/key_98.tsv	?	1561-1564	de	nomenclator	0.0					unusable-key
ciphers/dupuy452-carpi-1520/ciphertext_f28.txt	found-solved	ciphers/august-van-saksen-1561-64/key_98.tsv	?	1561-1564	de	nomenclator	0.0					unusable-key
ciphers/fr2933-salviati-1525/ciphertext_f54r.tsv	open	ciphers/august-van-saksen-1561-64/key_98.tsv	?	1561-1564	de	nomenclator	0.15					unusable-key
ciphers/fr2933-salviati-1525/ciphertext_f54v.tsv	open	ciphers/august-van-saksen-1561-64/key_98.tsv	?	1561-1564	de	nomenclator	0.161					unusable-key
ciphers/fr2933-salviati-1525/ciphertext_f55r.tsv	open	ciphers/august-van-saksen-1561-64/key_98.tsv	?	1561-1564	de	nomenclator	0.043					unusable-key
ciphers/fr2980-gramont/ciphertext.txt	?	ciphers/august-van-saksen-1561-64/key_98.tsv	?	1561-1564	de	nomenclator	0.095					unusable-key
ciphers/fr2980-gramont/ciphertext_f30.tsv	?	ciphers/august-van-saksen-1561-64/key_98.tsv	?	1561-1564	de	nomenclator	0.102					unusable-key
ciphers/fr3985-nevers-revol-1593/ciphertext.tsv	blocked	ciphers/august-van-saksen-1561-64/key_98.tsv	?	1561-1564	de	nomenclator	0.16					unusable-key
ciphers/fr3986-nevers-revol-1593/ciphertext.tsv	blocked	ciphers/august-van-saksen-1561-64/key_98.tsv	?	1561-1564	de	nomenclator	0.212					unusable-key
ciphers/fr3987-nevers-revol-1593/ciphertext.tsv	blocked	ciphers/august-van-saksen-1561-64/key_98.tsv	?	1561-1564	de	nomenclator	0.182					unusable-key
ciphers/fr3990-nevers-henri4-1594/ciphertext.tsv	blocked	ciphers/august-van-saksen-1561-64/key_98.tsv	?	1561-1564	de	nomenclator	0.116					unusable-key
ciphers/fr5160-letellier-1653/ciphertext_f1.tsv	open	ciphers/august-van-saksen-1561-64/key_98.tsv	?	1561-1564	de	nomenclator	0.061					unusable-key
ciphers/fr5160-letellier-1653/ciphertext_f67.tsv	open	ciphers/august-van-saksen-1561-64/key_98.tsv	?	1561-1564	de	nomenclator	0.045					unusable-key
ciphers/fr5160-letellier-1653/ciphertext_f86.tsv	open	ciphers/august-van-saksen-1561-64/key_98.tsv	?	1561-1564	de	nomenclator	0.075					unusable-key
ciphers/fr5160-letellier-1653/ciphertext_f88.tsv	open	ciphers/august-van-saksen-1561-64/key_98.tsv	?	1561-1564	de	nomenclator	0.035					unusable-key
ciphers/fr5160-letellier-1653/ciphertext_f9.tsv	open	ciphers/august-van-saksen-1561-64/key_98.tsv	?	1561-1564	de	nomenclator	0.066					unusable-key
ciphers/gunther-van-schwarzburg-1561/ciphertext.tsv	found-solved	ciphers/august-van-saksen-1561-64/key_98.tsv	?	1561-1564	de	nomenclator	0.035					unusable-key
ciphers/gunther-van-schwarzburg-1561/ciphertext_5109.tsv	found-solved	ciphers/august-van-saksen-1561-64/key_98.tsv	?	1561-1564	de	nomenclator	0.03					unusable-key
ciphers/gunther-van-schwarzburg-1561/ciphertext_5109.txt	found-solved	ciphers/august-van-saksen-1561-64/key_98.tsv	?	1561-1564	de	nomenclator	0.028					unusable-key
ciphers/gunther-van-schwarzburg-1561/ciphertext_8246.txt	found-solved	ciphers/august-van-saksen-1561-64/key_98.tsv	?	1561-1564	de	nomenclator	0.032					unusable-key
ciphers/hamilton-1650/ciphertext.txt	open	ciphers/august-van-saksen-1561-64/key_98.tsv	?	1561-1564	de	nomenclator	0.072					unusable-key
ciphers/jan-van-nassau-1572-75/ciphertext_5549.tsv	open	ciphers/august-van-saksen-1561-64/key_98.tsv	?	1561-1564	de	nomenclator	0.16					unusable-key
ciphers/jan-van-nassau-1572-75/j5s/ciphertext_5550.tsv	open	ciphers/august-van-saksen-1561-64/key_98.tsv	?	1561-1564	de	nomenclator	0.181					unusable-key
ciphers/la-garde-1577/ciphertext_6179_v2.tsv	open	ciphers/august-van-saksen-1561-64/key_98.tsv	?	1561-1564	de	nomenclator	0.185					unusable-key
ciphers/la-garde-1577/ciphertext_6467.tsv	open	ciphers/august-van-saksen-1561-64/key_98.tsv	?	1561-1564	de	nomenclator	0.226					unusable-key
ciphers/la-garde-1577/ciphertext_6467_v2.tsv	open	ciphers/august-van-saksen-1561-64/key_98.tsv	?	1561-1564	de	nomenclator	0.304					unusable-key
ciphers/moray-wood-1568/ciphertext.txt	open	ciphers/august-van-saksen-1561-64/key_98.tsv	?	1561-1564	de	nomenclator	0.015					unusable-key
ciphers/orange-nassau-1572/ciphertext.txt	found-solved	ciphers/august-van-saksen-1561-64/key_98.tsv	?	1561-1564	de	nomenclator	0.065					unusable-key
ciphers/orange-nassau-1572/ciphertext_2.txt	found-solved	ciphers/august-van-saksen-1561-64/key_98.tsv	?	1561-1564	de	nomenclator	0.07					unusable-key
ciphers/ormond-arran-1678/ciphertext.txt	open	ciphers/august-van-saksen-1561-64/key_98.tsv	?	1561-1564	de	nomenclator	0.0					unusable-key
ciphers/oxenstierna-gustav-adolf-1632/ciphertext.txt	found-solved	ciphers/august-van-saksen-1561-64/key_98.tsv	?	1561-1564	de	nomenclator	0.0					unusable-key
ciphers/oxenstierna-gustav-adolf-1632/ciphertext_verified.tsv	found-solved	ciphers/august-van-saksen-1561-64/key_98.tsv	?	1561-1564	de	nomenclator	0.01					unusable-key
ciphers/rah-canada-1869/ciphertext.tsv	solved	ciphers/august-van-saksen-1561-64/key_98.tsv	?	1561-1564	de	nomenclator	0.201					unusable-key
ciphers/randolph-sussex-1569/ciphertext.txt	found-solved	ciphers/august-van-saksen-1561-64/key_98.tsv	?	1561-1564	de	nomenclator	0.365					unusable-key
ciphers/sforza-maino-1446/ciphertext.txt	closed-negative	ciphers/august-van-saksen-1561-64/key_98.tsv	?	1561-1564	de	nomenclator	0.119					unusable-key
ciphers/sp53-16-79/ciphertext.txt	open	ciphers/august-van-saksen-1561-64/key_98.tsv	?	1561-1564	de	nomenclator	0.0					unusable-key
ciphers/sp53-22-f52/ciphertext.txt	open	ciphers/august-van-saksen-1561-64/key_98.tsv	?	1561-1564	de	nomenclator	0.405					unusable-key
ciphers/stepney-manchester-1702/ciphertext.txt	offline-only	ciphers/august-van-saksen-1561-64/key_98.tsv	?	1561-1564	de	nomenclator	0.0					unusable-key
ciphers/thurloe-printed/P10/ciphertext.txt	?	ciphers/august-van-saksen-1561-64/key_98.tsv	?	1561-1564	de	nomenclator	0.009					unusable-key
ciphers/thurloe-printed/P11/ciphertext.txt	?	ciphers/august-van-saksen-1561-64/key_98.tsv	?	1561-1564	de	nomenclator	0.04					unusable-key
ciphers/thurloe-printed/P12/ciphertext.txt	?	ciphers/august-van-saksen-1561-64/key_98.tsv	?	1561-1564	de	nomenclator	0.008					unusable-key
ciphers/thurloe-printed/P13/ciphertext.txt	?	ciphers/august-van-saksen-1561-64/key_98.tsv	?	1561-1564	de	nomenclator	0.052					unusable-key
ciphers/thurloe-printed/P14/ciphertext.txt	?	ciphers/august-van-saksen-1561-64/key_98.tsv	?	1561-1564	de	nomenclator	0.045					unusable-key
ciphers/thurloe-printed/P15/ciphertext.txt	?	ciphers/august-van-saksen-1561-64/key_98.tsv	?	1561-1564	de	nomenclator	0.045					unusable-key
ciphers/thurloe-printed/P16/ciphertext.txt	?	ciphers/august-van-saksen-1561-64/key_98.tsv	?	1561-1564	de	nomenclator	0.121					unusable-key
ciphers/thurloe-printed/P17/ciphertext.txt	?	ciphers/august-van-saksen-1561-64/key_98.tsv	?	1561-1564	de	nomenclator	0.061					unusable-key
ciphers/thurloe-printed/P18/ciphertext.txt	?	ciphers/august-van-saksen-1561-64/key_98.tsv	?	1561-1564	de	nomenclator	0.064					unusable-key
ciphers/thurloe-printed/P19/ciphertext.txt	?	ciphers/august-van-saksen-1561-64/key_98.tsv	?	1561-1564	de	nomenclator	0.123					unusable-key
ciphers/thurloe-printed/P2/ciphertext.txt	?	ciphers/august-van-saksen-1561-64/key_98.tsv	?	1561-1564	de	nomenclator	0.037					unusable-key
ciphers/thurloe-printed/P21/ciphertext.txt	?	ciphers/august-van-saksen-1561-64/key_98.tsv	?	1561-1564	de	nomenclator	0.083					unusable-key
ciphers/thurloe-printed/P22/ciphertext.txt	?	ciphers/august-van-saksen-1561-64/key_98.tsv	?	1561-1564	de	nomenclator	0.074					unusable-key
ciphers/thurloe-printed/P24/ciphertext.txt	?	ciphers/august-van-saksen-1561-64/key_98.tsv	?	1561-1564	de	nomenclator	0.098					unusable-key
ciphers/thurloe-printed/P3/ciphertext.txt	?	ciphers/august-van-saksen-1561-64/key_98.tsv	?	1561-1564	de	nomenclator	0.0					unusable-key
ciphers/thurloe-printed/P4/ciphertext.txt	?	ciphers/august-van-saksen-1561-64/key_98.tsv	?	1561-1564	de	nomenclator	0.021					unusable-key
ciphers/thurloe-printed/P5/ciphertext.txt	?	ciphers/august-van-saksen-1561-64/key_98.tsv	?	1561-1564	de	nomenclator	0.041					unusable-key
ciphers/thurloe-printed/P6/ciphertext.txt	?	ciphers/august-van-saksen-1561-64/key_98.tsv	?	1561-1564	de	nomenclator	0.041					unusable-key
ciphers/thurloe-printed/P7/ciphertext.txt	?	ciphers/august-van-saksen-1561-64/key_98.tsv	?	1561-1564	de	nomenclator	0.039					unusable-key
ciphers/thurloe-printed/P8/ciphertext.txt	?	ciphers/august-van-saksen-1561-64/key_98.tsv	?	1561-1564	de	nomenclator	0.009					unusable-key
ciphers/thurloe-printed/P9/ciphertext.txt	?	ciphers/august-van-saksen-1561-64/key_98.tsv	?	1561-1564	de	nomenclator	0.01					unusable-key
ciphers/vanbeuningen-dewitt-1657/ciphertext.tsv	partial	ciphers/august-van-saksen-1561-64/key_98.tsv	?	1561-1564	de	nomenclator	0.0					unusable-key
ciphers/wellington-maitland-1812/ciphertext.txt	partial	ciphers/august-van-saksen-1561-64/key_98.tsv	?	1561-1564	de	nomenclator	0.01					unusable-key
ciphers/antt-linhares-chave/ciphertext.tsv	partial	ciphers/bowes-walsingham-1583/key.tsv	Robert Bowes -> Walsingham	1580-1583	?	monoalphabetic	0.0					unusable-key
ciphers/berthier-napoleon-1812/ciphertext.txt	open	ciphers/bowes-walsingham-1583/key.tsv	Robert Bowes -> Walsingham	1580-1583	?	monoalphabetic	0.046					unusable-key
ciphers/bowes-walsingham-1583/ciphertext.txt	partial	ciphers/bowes-walsingham-1583/key.tsv	Robert Bowes -> Walsingham	1580-1583	?	monoalphabetic	1.0					unusable-key
ciphers/fr4687-paleologue-nevers/ciphertext.txt	open	ciphers/bowes-walsingham-1583/key.tsv	Robert Bowes -> Walsingham	1580-1583	?	monoalphabetic	0.0					unusable-key
ciphers/huntington-blathwayt-madrid-1728/ciphertext.tsv	partial	ciphers/bowes-walsingham-1583/key.tsv	Robert Bowes -> Walsingham	1580-1583	?	monoalphabetic	0.041					unusable-key
ciphers/huntington-blathwayt-madrid-1728/ciphertext_targets.tsv	partial	ciphers/bowes-walsingham-1583/key.tsv	Robert Bowes -> Walsingham	1580-1583	?	monoalphabetic	0.064					unusable-key
ciphers/huntington-luzerne-destouches-1781/ciphertext.tsv	open	ciphers/bowes-walsingham-1583/key.tsv	Robert Bowes -> Walsingham	1580-1583	?	monoalphabetic	0.029					unusable-key
ciphers/huntington-luzerne-destouches-1781/ciphertext_decipher.tsv	open	ciphers/bowes-walsingham-1583/key.tsv	Robert Bowes -> Walsingham	1580-1583	?	monoalphabetic	0.023					unusable-key
ciphers/intercepted-royalist-1646/ciphertext.txt	open	ciphers/bowes-walsingham-1583/key.tsv	Robert Bowes -> Walsingham	1580-1583	?	monoalphabetic	0.158					unusable-key
ciphers/jan-van-nassau-1572-75/ciphertext_5549_ps.tsv	open	ciphers/bowes-walsingham-1583/key.tsv	Robert Bowes -> Walsingham	1580-1583	?	monoalphabetic	0.113					unusable-key
ciphers/jan-van-nassau-1572-75/j5s/ciphertext_glossed_5557_5552.tsv	open	ciphers/bowes-walsingham-1583/key.tsv	Robert Bowes -> Walsingham	1580-1583	?	monoalphabetic	0.24					unusable-key
ciphers/la-garde-1577/ciphertext_6179.tsv	open	ciphers/bowes-walsingham-1583/key.tsv	Robert Bowes -> Walsingham	1580-1583	?	monoalphabetic	0.351					unusable-key
ciphers/la-garde-1577/ciphertext_6179_L1.tsv	open	ciphers/bowes-walsingham-1583/key.tsv	Robert Bowes -> Walsingham	1580-1583	?	monoalphabetic	0.544					unusable-key
ciphers/la-garde-1577/ciphertext_6467_L1.tsv	open	ciphers/bowes-walsingham-1583/key.tsv	Robert Bowes -> Walsingham	1580-1583	?	monoalphabetic	0.311					unusable-key
ciphers/lodewijk-van-nassau-1573-74/ciphertext_4503.tsv	partial	ciphers/bowes-walsingham-1583/key.tsv	Robert Bowes -> Walsingham	1580-1583	?	monoalphabetic	0.183					unusable-key
ciphers/lodewijk-van-nassau-1573-74/ciphertext_4610.tsv	partial	ciphers/bowes-walsingham-1583/key.tsv	Robert Bowes -> Walsingham	1580-1583	?	monoalphabetic	0.149					unusable-key
ciphers/lodewijk-van-nassau-1573-74/ciphertext_4611.tsv	partial	ciphers/bowes-walsingham-1583/key.tsv	Robert Bowes -> Walsingham	1580-1583	?	monoalphabetic	0.149					unusable-key
ciphers/lodewijk-van-nassau-1573-74/ciphertext_4612.tsv	partial	ciphers/bowes-walsingham-1583/key.tsv	Robert Bowes -> Walsingham	1580-1583	?	monoalphabetic	0.214					unusable-key
ciphers/lodewijk-van-nassau-1573-74/ciphertext_4616.tsv	partial	ciphers/bowes-walsingham-1583/key.tsv	Robert Bowes -> Walsingham	1580-1583	?	monoalphabetic	0.126					unusable-key
ciphers/lodewijk-van-nassau-1573-74/ciphertext_5799.tsv	partial	ciphers/bowes-walsingham-1583/key.tsv	Robert Bowes -> Walsingham	1580-1583	?	monoalphabetic	0.083					unusable-key
ciphers/lodewijk-van-nassau-1573-74/ciphertext_5810.tsv	partial	ciphers/bowes-walsingham-1583/key.tsv	Robert Bowes -> Walsingham	1580-1583	?	monoalphabetic	0.144					unusable-key
ciphers/lodewijk-van-nassau-1573-74/ciphertext_5811.tsv	partial	ciphers/bowes-walsingham-1583/key.tsv	Robert Bowes -> Walsingham	1580-1583	?	monoalphabetic	0.186					unusable-key
ciphers/lodewijk-van-nassau-1573-74/ciphertext_sib.tsv	partial	ciphers/bowes-walsingham-1583/key.tsv	Robert Bowes -> Walsingham	1580-1583	?	monoalphabetic	0.199					unusable-key
ciphers/maurice-rupert-1645/ciphertext.txt	open	ciphers/bowes-walsingham-1583/key.tsv	Robert Bowes -> Walsingham	1580-1583	?	monoalphabetic	0.121					unusable-key
ciphers/oxenstierna-gustav-adolf-1632/ciphertext_key.tsv	found-solved	ciphers/bowes-walsingham-1583/key.tsv	Robert Bowes -> Walsingham	1580-1583	?	monoalphabetic	0.302					unusable-key
ciphers/rumpf-vandebie-heinsius-1716-19/ciphertext_142.tsv	open	ciphers/bowes-walsingham-1583/key.tsv	Robert Bowes -> Walsingham	1580-1583	?	monoalphabetic	0.194					unusable-key
ciphers/sp53-16-78/ciphertext.txt	open	ciphers/bowes-walsingham-1583/key.tsv	Robert Bowes -> Walsingham	1580-1583	?	monoalphabetic	0.201					unusable-key
ciphers/thurloe-printed/P20/ciphertext.txt	?	ciphers/bowes-walsingham-1583/key.tsv	Robert Bowes -> Walsingham	1580-1583	?	monoalphabetic	0.488					unusable-key
ciphers/thurloe-printed/P23/ciphertext.txt	?	ciphers/bowes-walsingham-1583/key.tsv	Robert Bowes -> Walsingham	1580-1583	?	monoalphabetic	0.38					unusable-key
ciphers/willem-van-hessen-1567/siblings/ciphertext_1069.tsv	open	ciphers/bowes-walsingham-1583/key.tsv	Robert Bowes -> Walsingham	1580-1583	?	monoalphabetic	0.029					unusable-key
ciphers/august-van-saksen-1561-64/ciphertext_126.tsv	partial	ciphers/clair1067-brienne-poland-1646/key_1646.tsv	?	1646	fr	nomenclator	0.225					unusable-key
ciphers/august-van-saksen-1561-64/ciphertext_53.tsv	partial	ciphers/clair1067-brienne-poland-1646/key_1646.tsv	?	1646	fr	nomenclator	0.223					unusable-key
ciphers/august-van-saksen-1561-64/ciphertext_57.tsv	partial	ciphers/clair1067-brienne-poland-1646/key_1646.tsv	?	1646	fr	nomenclator	0.14					unusable-key
ciphers/august-van-saksen-1561-64/ciphertext_74.tsv	partial	ciphers/clair1067-brienne-poland-1646/key_1646.tsv	?	1646	fr	nomenclator	0.188					unusable-key
ciphers/august-van-saksen-1561-64/ciphertext_98.tsv	partial	ciphers/clair1067-brienne-poland-1646/key_1646.tsv	?	1646	fr	nomenclator	0.195					unusable-key
ciphers/birago-nevers-1571/ciphertext.txt	open	ciphers/clair1067-brienne-poland-1646/key_1646.tsv	?	1646	fr	nomenclator	0.0					unusable-key
ciphers/clair1108-duvergier/ciphertext.tsv	solved	ciphers/clair1067-brienne-poland-1646/key_1646.tsv	?	1646	fr	nomenclator	0.068					unusable-key
ciphers/clairambault1225-paget-1714/ciphertext.tsv	partial	ciphers/clair1067-brienne-poland-1646/key_1646.tsv	?	1646	fr	nomenclator	0.063					unusable-key
ciphers/decode-4450-bnf-fr20506-1525/ciphertext_f136.tsv	open	ciphers/clair1067-brienne-poland-1646/key_1646.tsv	?	1646	fr	nomenclator	0.111					unusable-key
ciphers/destaing-gerard-1779/ciphertext.txt	open	ciphers/clair1067-brienne-poland-1646/key_1646.tsv	?	1646	fr	nomenclator	0.062					unusable-key
ciphers/dupuy452-carpi-1520/ciphertext_f20_carpi.txt	found-solved	ciphers/clair1067-brienne-poland-1646/key_1646.tsv	?	1646	fr	nomenclator	0.0					unusable-key
ciphers/dupuy452-carpi-1520/ciphertext_f28.txt	found-solved	ciphers/clair1067-brienne-poland-1646/key_1646.tsv	?	1646	fr	nomenclator	0.0					unusable-key
ciphers/fr2933-salviati-1525/ciphertext_f54r.tsv	open	ciphers/clair1067-brienne-poland-1646/key_1646.tsv	?	1646	fr	nomenclator	0.196					unusable-key
ciphers/fr2933-salviati-1525/ciphertext_f54v.tsv	open	ciphers/clair1067-brienne-poland-1646/key_1646.tsv	?	1646	fr	nomenclator	0.194					unusable-key
ciphers/fr2933-salviati-1525/ciphertext_f55r.tsv	open	ciphers/clair1067-brienne-poland-1646/key_1646.tsv	?	1646	fr	nomenclator	0.134					unusable-key
ciphers/fr2980-gramont/ciphertext.txt	?	ciphers/clair1067-brienne-poland-1646/key_1646.tsv	?	1646	fr	nomenclator	0.22					unusable-key
ciphers/fr2980-gramont/ciphertext_f30.tsv	?	ciphers/clair1067-brienne-poland-1646/key_1646.tsv	?	1646	fr	nomenclator	0.153					unusable-key
ciphers/fr3985-nevers-revol-1593/ciphertext.tsv	blocked	ciphers/clair1067-brienne-poland-1646/key_1646.tsv	?	1646	fr	nomenclator	0.335					unusable-key
ciphers/fr3986-nevers-revol-1593/ciphertext.tsv	blocked	ciphers/clair1067-brienne-poland-1646/key_1646.tsv	?	1646	fr	nomenclator	0.167					unusable-key
ciphers/fr3987-nevers-revol-1593/ciphertext.tsv	blocked	ciphers/clair1067-brienne-poland-1646/key_1646.tsv	?	1646	fr	nomenclator	0.312					unusable-key
ciphers/fr3990-nevers-henri4-1594/ciphertext.tsv	blocked	ciphers/clair1067-brienne-poland-1646/key_1646.tsv	?	1646	fr	nomenclator	0.181					unusable-key
ciphers/fr5160-letellier-1653/ciphertext_f1.tsv	open	ciphers/clair1067-brienne-poland-1646/key_1646.tsv	?	1646	fr	nomenclator	0.284					unusable-key
ciphers/fr5160-letellier-1653/ciphertext_f67.tsv	open	ciphers/clair1067-brienne-poland-1646/key_1646.tsv	?	1646	fr	nomenclator	0.299					unusable-key
ciphers/fr5160-letellier-1653/ciphertext_f86.tsv	open	ciphers/clair1067-brienne-poland-1646/key_1646.tsv	?	1646	fr	nomenclator	0.311					unusable-key
ciphers/fr5160-letellier-1653/ciphertext_f88.tsv	open	ciphers/clair1067-brienne-poland-1646/key_1646.tsv	?	1646	fr	nomenclator	0.335					unusable-key
ciphers/fr5160-letellier-1653/ciphertext_f9.tsv	open	ciphers/clair1067-brienne-poland-1646/key_1646.tsv	?	1646	fr	nomenclator	0.327					unusable-key
ciphers/gunther-van-schwarzburg-1561/ciphertext.tsv	found-solved	ciphers/clair1067-brienne-poland-1646/key_1646.tsv	?	1646	fr	nomenclator	0.188					unusable-key
ciphers/gunther-van-schwarzburg-1561/ciphertext_5109.tsv	found-solved	ciphers/clair1067-brienne-poland-1646/key_1646.tsv	?	1646	fr	nomenclator	0.17					unusable-key
ciphers/gunther-van-schwarzburg-1561/ciphertext_5109.txt	found-solved	ciphers/clair1067-brienne-poland-1646/key_1646.tsv	?	1646	fr	nomenclator	0.163					unusable-key
ciphers/gunther-van-schwarzburg-1561/ciphertext_8246.txt	found-solved	ciphers/clair1067-brienne-poland-1646/key_1646.tsv	?	1646	fr	nomenclator	0.184					unusable-key
ciphers/hamilton-1650/ciphertext.txt	open	ciphers/clair1067-brienne-poland-1646/key_1646.tsv	?	1646	fr	nomenclator	0.128					unusable-key
ciphers/jan-van-nassau-1572-75/ciphertext_5549.tsv	open	ciphers/clair1067-brienne-poland-1646/key_1646.tsv	?	1646	fr	nomenclator	0.219					unusable-key
ciphers/jan-van-nassau-1572-75/j5s/ciphertext_5550.tsv	open	ciphers/clair1067-brienne-poland-1646/key_1646.tsv	?	1646	fr	nomenclator	0.101					unusable-key
ciphers/la-garde-1577/ciphertext_6179_v2.tsv	open	ciphers/clair1067-brienne-poland-1646/key_1646.tsv	?	1646	fr	nomenclator	0.097					unusable-key
ciphers/la-garde-1577/ciphertext_6467.tsv	open	ciphers/clair1067-brienne-poland-1646/key_1646.tsv	?	1646	fr	nomenclator	0.121					unusable-key
ciphers/la-garde-1577/ciphertext_6467_v2.tsv	open	ciphers/clair1067-brienne-poland-1646/key_1646.tsv	?	1646	fr	nomenclator	0.087					unusable-key
ciphers/moray-wood-1568/ciphertext.txt	open	ciphers/clair1067-brienne-poland-1646/key_1646.tsv	?	1646	fr	nomenclator	0.231					unusable-key
ciphers/orange-nassau-1572/ciphertext.txt	found-solved	ciphers/clair1067-brienne-poland-1646/key_1646.tsv	?	1646	fr	nomenclator	0.221					unusable-key
ciphers/orange-nassau-1572/ciphertext_2.txt	found-solved	ciphers/clair1067-brienne-poland-1646/key_1646.tsv	?	1646	fr	nomenclator	0.241					unusable-key
ciphers/ormond-arran-1678/ciphertext.txt	open	ciphers/clair1067-brienne-poland-1646/key_1646.tsv	?	1646	fr	nomenclator	0.118					unusable-key
ciphers/oxenstierna-gustav-adolf-1632/ciphertext.txt	found-solved	ciphers/clair1067-brienne-poland-1646/key_1646.tsv	?	1646	fr	nomenclator	0.001					unusable-key
ciphers/oxenstierna-gustav-adolf-1632/ciphertext_verified.tsv	found-solved	ciphers/clair1067-brienne-poland-1646/key_1646.tsv	?	1646	fr	nomenclator	0.194					unusable-key
ciphers/rah-canada-1869/ciphertext.tsv	solved	ciphers/clair1067-brienne-poland-1646/key_1646.tsv	?	1646	fr	nomenclator	0.087					unusable-key
ciphers/randolph-sussex-1569/ciphertext.txt	found-solved	ciphers/clair1067-brienne-poland-1646/key_1646.tsv	?	1646	fr	nomenclator	0.24					unusable-key
ciphers/sforza-maino-1446/ciphertext.txt	closed-negative	ciphers/clair1067-brienne-poland-1646/key_1646.tsv	?	1646	fr	nomenclator	0.186					unusable-key
ciphers/sp53-16-79/ciphertext.txt	open	ciphers/clair1067-brienne-poland-1646/key_1646.tsv	?	1646	fr	nomenclator	0.259					unusable-key
ciphers/sp53-22-f52/ciphertext.txt	open	ciphers/clair1067-brienne-poland-1646/key_1646.tsv	?	1646	fr	nomenclator	0.226					unusable-key
ciphers/stepney-manchester-1702/ciphertext.txt	offline-only	ciphers/clair1067-brienne-poland-1646/key_1646.tsv	?	1646	fr	nomenclator	0.053					unusable-key
ciphers/thurloe-printed/P10/ciphertext.txt	?	ciphers/clair1067-brienne-poland-1646/key_1646.tsv	?	1646	fr	nomenclator	0.404					unusable-key
ciphers/thurloe-printed/P11/ciphertext.txt	?	ciphers/clair1067-brienne-poland-1646/key_1646.tsv	?	1646	fr	nomenclator	0.26					unusable-key
ciphers/thurloe-printed/P12/ciphertext.txt	?	ciphers/clair1067-brienne-poland-1646/key_1646.tsv	?	1646	fr	nomenclator	0.215					unusable-key
ciphers/thurloe-printed/P13/ciphertext.txt	?	ciphers/clair1067-brienne-poland-1646/key_1646.tsv	?	1646	fr	nomenclator	0.219					unusable-key
ciphers/thurloe-printed/P14/ciphertext.txt	?	ciphers/clair1067-brienne-poland-1646/key_1646.tsv	?	1646	fr	nomenclator	0.228					unusable-key
ciphers/thurloe-printed/P15/ciphertext.txt	?	ciphers/clair1067-brienne-poland-1646/key_1646.tsv	?	1646	fr	nomenclator	0.17					unusable-key
ciphers/thurloe-printed/P16/ciphertext.txt	?	ciphers/clair1067-brienne-poland-1646/key_1646.tsv	?	1646	fr	nomenclator	0.288					unusable-key
ciphers/thurloe-printed/P17/ciphertext.txt	?	ciphers/clair1067-brienne-poland-1646/key_1646.tsv	?	1646	fr	nomenclator	0.251					unusable-key
ciphers/thurloe-printed/P18/ciphertext.txt	?	ciphers/clair1067-brienne-poland-1646/key_1646.tsv	?	1646	fr	nomenclator	0.244					unusable-key
ciphers/thurloe-printed/P19/ciphertext.txt	?	ciphers/clair1067-brienne-poland-1646/key_1646.tsv	?	1646	fr	nomenclator	0.27					unusable-key
ciphers/thurloe-printed/P2/ciphertext.txt	?	ciphers/clair1067-brienne-poland-1646/key_1646.tsv	?	1646	fr	nomenclator	0.319					unusable-key
ciphers/thurloe-printed/P21/ciphertext.txt	?	ciphers/clair1067-brienne-poland-1646/key_1646.tsv	?	1646	fr	nomenclator	0.36					unusable-key
ciphers/thurloe-printed/P22/ciphertext.txt	?	ciphers/clair1067-brienne-poland-1646/key_1646.tsv	?	1646	fr	nomenclator	0.39					unusable-key
ciphers/thurloe-printed/P24/ciphertext.txt	?	ciphers/clair1067-brienne-poland-1646/key_1646.tsv	?	1646	fr	nomenclator	0.396					unusable-key
ciphers/thurloe-printed/P3/ciphertext.txt	?	ciphers/clair1067-brienne-poland-1646/key_1646.tsv	?	1646	fr	nomenclator	0.156					unusable-key
ciphers/thurloe-printed/P4/ciphertext.txt	?	ciphers/clair1067-brienne-poland-1646/key_1646.tsv	?	1646	fr	nomenclator	0.251					unusable-key
ciphers/thurloe-printed/P5/ciphertext.txt	?	ciphers/clair1067-brienne-poland-1646/key_1646.tsv	?	1646	fr	nomenclator	0.361					unusable-key
ciphers/thurloe-printed/P6/ciphertext.txt	?	ciphers/clair1067-brienne-poland-1646/key_1646.tsv	?	1646	fr	nomenclator	0.359					unusable-key
ciphers/thurloe-printed/P7/ciphertext.txt	?	ciphers/clair1067-brienne-poland-1646/key_1646.tsv	?	1646	fr	nomenclator	0.337					unusable-key
ciphers/thurloe-printed/P8/ciphertext.txt	?	ciphers/clair1067-brienne-poland-1646/key_1646.tsv	?	1646	fr	nomenclator	0.448					unusable-key
ciphers/thurloe-printed/P9/ciphertext.txt	?	ciphers/clair1067-brienne-poland-1646/key_1646.tsv	?	1646	fr	nomenclator	0.343					unusable-key
ciphers/vanbeuningen-dewitt-1657/ciphertext.tsv	partial	ciphers/clair1067-brienne-poland-1646/key_1646.tsv	?	1646	fr	nomenclator	0.0					unusable-key
ciphers/wellington-maitland-1812/ciphertext.txt	partial	ciphers/clair1067-brienne-poland-1646/key_1646.tsv	?	1646	fr	nomenclator	0.005					unusable-key
ciphers/zodiac-z13-stress/ciphertext.txt	closed-negative	ciphers/clair1067-brienne-poland-1646/key_1646.tsv	?	1646	fr	nomenclator	0.0					unusable-key
ciphers/antt-linhares-chave/ciphertext.tsv	partial	ciphers/clair1108-duvergier/key_1696.tsv	?	?	fr	nomenclator	0.0					unusable-key
ciphers/berthier-napoleon-1812/ciphertext.txt	open	ciphers/clair1108-duvergier/key_1696.tsv	?	?	fr	nomenclator	0.113					unusable-key
ciphers/fr4687-paleologue-nevers/ciphertext.txt	open	ciphers/clair1108-duvergier/key_1696.tsv	?	?	fr	nomenclator	0.073					unusable-key
ciphers/huntington-blathwayt-madrid-1728/ciphertext.tsv	partial	ciphers/clair1108-duvergier/key_1696.tsv	?	?	fr	nomenclator	0.121					unusable-key
ciphers/huntington-blathwayt-madrid-1728/ciphertext_targets.tsv	partial	ciphers/clair1108-duvergier/key_1696.tsv	?	?	fr	nomenclator	0.128					unusable-key
ciphers/huntington-luzerne-destouches-1781/ciphertext.tsv	open	ciphers/clair1108-duvergier/key_1696.tsv	?	?	fr	nomenclator	0.127					unusable-key
ciphers/huntington-luzerne-destouches-1781/ciphertext_decipher.tsv	open	ciphers/clair1108-duvergier/key_1696.tsv	?	?	fr	nomenclator	0.081					unusable-key
ciphers/intercepted-royalist-1646/ciphertext.txt	open	ciphers/clair1108-duvergier/key_1696.tsv	?	?	fr	nomenclator	0.474					unusable-key
ciphers/jan-van-nassau-1572-75/ciphertext_5549_ps.tsv	open	ciphers/clair1108-duvergier/key_1696.tsv	?	?	fr	nomenclator	0.316					unusable-key
ciphers/jan-van-nassau-1572-75/j5s/ciphertext_glossed_5557_5552.tsv	open	ciphers/clair1108-duvergier/key_1696.tsv	?	?	fr	nomenclator	0.271					unusable-key
ciphers/la-garde-1577/ciphertext_6179.tsv	open	ciphers/clair1108-duvergier/key_1696.tsv	?	?	fr	nomenclator	0.374					unusable-key
ciphers/la-garde-1577/ciphertext_6467_L1.tsv	open	ciphers/clair1108-duvergier/key_1696.tsv	?	?	fr	nomenclator	0.311					unusable-key
ciphers/lodewijk-van-nassau-1573-74/ciphertext_4503.tsv	partial	ciphers/clair1108-duvergier/key_1696.tsv	?	?	fr	nomenclator	0.293					unusable-key
ciphers/lodewijk-van-nassau-1573-74/ciphertext_4610.tsv	partial	ciphers/clair1108-duvergier/key_1696.tsv	?	?	fr	nomenclator	0.357					unusable-key
ciphers/lodewijk-van-nassau-1573-74/ciphertext_4611.tsv	partial	ciphers/clair1108-duvergier/key_1696.tsv	?	?	fr	nomenclator	0.365					unusable-key
ciphers/lodewijk-van-nassau-1573-74/ciphertext_4612.tsv	partial	ciphers/clair1108-duvergier/key_1696.tsv	?	?	fr	nomenclator	0.309					unusable-key
ciphers/lodewijk-van-nassau-1573-74/ciphertext_4616.tsv	partial	ciphers/clair1108-duvergier/key_1696.tsv	?	?	fr	nomenclator	0.238					unusable-key
ciphers/lodewijk-van-nassau-1573-74/ciphertext_5799.tsv	partial	ciphers/clair1108-duvergier/key_1696.tsv	?	?	fr	nomenclator	0.319					unusable-key
ciphers/lodewijk-van-nassau-1573-74/ciphertext_5810.tsv	partial	ciphers/clair1108-duvergier/key_1696.tsv	?	?	fr	nomenclator	0.298					unusable-key
ciphers/lodewijk-van-nassau-1573-74/ciphertext_5811.tsv	partial	ciphers/clair1108-duvergier/key_1696.tsv	?	?	fr	nomenclator	0.337					unusable-key
ciphers/lodewijk-van-nassau-1573-74/ciphertext_sib.tsv	partial	ciphers/clair1108-duvergier/key_1696.tsv	?	?	fr	nomenclator	0.295					unusable-key
ciphers/maurice-rupert-1645/ciphertext.txt	open	ciphers/clair1108-duvergier/key_1696.tsv	?	?	fr	nomenclator	0.212					unusable-key
ciphers/oxenstierna-gustav-adolf-1632/ciphertext_key.tsv	found-solved	ciphers/clair1108-duvergier/key_1696.tsv	?	?	fr	nomenclator	0.267					unusable-key
ciphers/rumpf-vandebie-heinsius-1716-19/ciphertext_142.tsv	open	ciphers/clair1108-duvergier/key_1696.tsv	?	?	fr	nomenclator	0.362					unusable-key
ciphers/sp53-16-78/ciphertext.txt	open	ciphers/clair1108-duvergier/key_1696.tsv	?	?	fr	nomenclator	0.329					unusable-key
ciphers/thurloe-printed/P23/ciphertext.txt	?	ciphers/clair1108-duvergier/key_1696.tsv	?	?	fr	nomenclator	0.445					unusable-key
ciphers/willem-van-hessen-1567/siblings/ciphertext_1069.tsv	open	ciphers/clair1108-duvergier/key_1696.tsv	?	?	fr	nomenclator	0.059					unusable-key
ciphers/beinecke-mellon29-elia/ciphertext.tsv	closed-negative	ciphers/decode-2754-bnf-baluze156-1636/key_sabran_1631.tsv	?	1636	fr	code	0.0					none
ciphers/dupuy452-carpi-1520/ciphertext.txt	found-solved	ciphers/decode-2754-bnf-baluze156-1636/key_sabran_1631.tsv	?	1636	fr	code	0.0					none
ciphers/dupuy468-anhalt/ciphertext.txt	found-solved	ciphers/decode-2754-bnf-baluze156-1636/key_sabran_1631.tsv	?	1636	fr	code	0.0					none
ciphers/eckert-1862/ciphertext.txt	partial	ciphers/decode-2754-bnf-baluze156-1636/key_sabran_1631.tsv	?	1636	fr	code	0.0					none
ciphers/eckert-1864/ciphertext-no2.txt	partial	ciphers/decode-2754-bnf-baluze156-1636/key_sabran_1631.tsv	?	1636	fr	code	0.0					none
ciphers/eckert-1864/ciphertext.txt	partial	ciphers/decode-2754-bnf-baluze156-1636/key_sabran_1631.tsv	?	1636	fr	code	0.0					none
ciphers/fr20140-danzay-1557/ciphertext.txt	found-solved	ciphers/decode-2754-bnf-baluze156-1636/key_sabran_1631.tsv	?	1636	fr	code	0.0					none
ciphers/fr20140-danzay-1557/ciphertext_f36.tsv	found-solved	ciphers/decode-2754-bnf-baluze156-1636/key_sabran_1631.tsv	?	1636	fr	code	0.0					none
ciphers/sforza-maino-1446/ciphertext_f70.txt	closed-negative	ciphers/decode-2754-bnf-baluze156-1636/key_sabran_1631.tsv	?	1636	fr	code	0.0					none
ciphers/trew-posthius-1614-18/ciphertext.tsv	found-solved	ciphers/decode-2754-bnf-baluze156-1636/key_sabran_1631.tsv	?	1636	fr	code	0.0					none
ciphers/trew-posthius-1614-18/ciphertext_1614.tsv	found-solved	ciphers/decode-2754-bnf-baluze156-1636/key_sabran_1631.tsv	?	1636	fr	code	0.0					none
ciphers/trew-posthius-1614-18/ciphertext_1618.tsv	found-solved	ciphers/decode-2754-bnf-baluze156-1636/key_sabran_1631.tsv	?	1636	fr	code	0.0					none
ciphers/beinecke-mellon29-elia/ciphertext.tsv	closed-negative	ciphers/decode-2754-bnf-baluze156-1636/key_sabran_1631_letters.tsv	?	1636	fr	homophonic	0.083					none
ciphers/dupuy452-carpi-1520/ciphertext.txt	found-solved	ciphers/decode-2754-bnf-baluze156-1636/key_sabran_1631_letters.tsv	?	1636	fr	homophonic	0.141					none
ciphers/dupuy468-anhalt/ciphertext.txt	found-solved	ciphers/decode-2754-bnf-baluze156-1636/key_sabran_1631_letters.tsv	?	1636	fr	homophonic	0.432					none
ciphers/eckert-1862/ciphertext.txt	partial	ciphers/decode-2754-bnf-baluze156-1636/key_sabran_1631_letters.tsv	?	1636	fr	homophonic	0.035					none
ciphers/eckert-1864/ciphertext-no2.txt	partial	ciphers/decode-2754-bnf-baluze156-1636/key_sabran_1631_letters.tsv	?	1636	fr	homophonic	0.111					none
ciphers/eckert-1864/ciphertext.txt	partial	ciphers/decode-2754-bnf-baluze156-1636/key_sabran_1631_letters.tsv	?	1636	fr	homophonic	0.042					none
ciphers/fr20140-danzay-1557/ciphertext.txt	found-solved	ciphers/decode-2754-bnf-baluze156-1636/key_sabran_1631_letters.tsv	?	1636	fr	homophonic	0.121					none
ciphers/fr20140-danzay-1557/ciphertext_f36.tsv	found-solved	ciphers/decode-2754-bnf-baluze156-1636/key_sabran_1631_letters.tsv	?	1636	fr	homophonic	0.119					none
ciphers/trew-posthius-1614-18/ciphertext.tsv	found-solved	ciphers/decode-2754-bnf-baluze156-1636/key_sabran_1631_letters.tsv	?	1636	fr	homophonic	0.127					none
ciphers/trew-posthius-1614-18/ciphertext_1614.tsv	found-solved	ciphers/decode-2754-bnf-baluze156-1636/key_sabran_1631_letters.tsv	?	1636	fr	homophonic	0.101					none
ciphers/trew-posthius-1614-18/ciphertext_1618.tsv	found-solved	ciphers/decode-2754-bnf-baluze156-1636/key_sabran_1631_letters.tsv	?	1636	fr	homophonic	0.15					none
ciphers/beinecke-mellon29-elia/ciphertext.tsv	closed-negative	ciphers/dupuy452-carpi-1520/key.tsv	?	1520	fr	nomenclator	0.319					unusable-key
ciphers/dupuy468-anhalt/ciphertext.txt	found-solved	ciphers/dupuy452-carpi-1520/key.tsv	?	1520	fr	nomenclator	0.342					unusable-key
ciphers/eckert-1862/ciphertext.txt	partial	ciphers/dupuy452-carpi-1520/key.tsv	?	1520	fr	nomenclator	0.038					unusable-key
ciphers/eckert-1864/ciphertext-no2.txt	partial	ciphers/dupuy452-carpi-1520/key.tsv	?	1520	fr	nomenclator	0.074					unusable-key
ciphers/eckert-1864/ciphertext.txt	partial	ciphers/dupuy452-carpi-1520/key.tsv	?	1520	fr	nomenclator	0.033					unusable-key
ciphers/fr20140-danzay-1557/ciphertext.txt	found-solved	ciphers/dupuy452-carpi-1520/key.tsv	?	1520	fr	nomenclator	0.26					unusable-key
ciphers/fr20140-danzay-1557/ciphertext_f36.tsv	found-solved	ciphers/dupuy452-carpi-1520/key.tsv	?	1520	fr	nomenclator	0.209					unusable-key
ciphers/sforza-maino-1446/ciphertext_f70.txt	closed-negative	ciphers/dupuy452-carpi-1520/key.tsv	?	1520	fr	nomenclator	0.314					unusable-key
ciphers/trew-posthius-1614-18/ciphertext.tsv	found-solved	ciphers/dupuy452-carpi-1520/key.tsv	?	1520	fr	nomenclator	0.321					unusable-key
ciphers/trew-posthius-1614-18/ciphertext_1614.tsv	found-solved	ciphers/dupuy452-carpi-1520/key.tsv	?	1520	fr	nomenclator	0.275					unusable-key
ciphers/august-van-saksen-1561-64/ciphertext_126.tsv	partial	ciphers/dupuy468-anhalt/key.tsv	Ernest and Joachim of Anhalt-Zerbst -> Francis I	?	la	nomenclator	0.421					unusable-key
ciphers/august-van-saksen-1561-64/ciphertext_53.tsv	partial	ciphers/dupuy468-anhalt/key.tsv	Ernest and Joachim of Anhalt-Zerbst -> Francis I	?	la	nomenclator	0.308					unusable-key
ciphers/august-van-saksen-1561-64/ciphertext_57.tsv	partial	ciphers/dupuy468-anhalt/key.tsv	Ernest and Joachim of Anhalt-Zerbst -> Francis I	?	la	nomenclator	0.43					unusable-key
ciphers/august-van-saksen-1561-64/ciphertext_74.tsv	partial	ciphers/dupuy468-anhalt/key.tsv	Ernest and Joachim of Anhalt-Zerbst -> Francis I	?	la	nomenclator	0.237					unusable-key
ciphers/august-van-saksen-1561-64/ciphertext_98.tsv	partial	ciphers/dupuy468-anhalt/key.tsv	Ernest and Joachim of Anhalt-Zerbst -> Francis I	?	la	nomenclator	0.246					unusable-key
ciphers/birago-nevers-1571/ciphertext.txt	open	ciphers/dupuy468-anhalt/key.tsv	Ernest and Joachim of Anhalt-Zerbst -> Francis I	?	la	nomenclator	0.0					unusable-key
ciphers/clair1067-brienne-poland-1646/ciphertext.txt	solved	ciphers/dupuy468-anhalt/key.tsv	Ernest and Joachim of Anhalt-Zerbst -> Francis I	?	la	nomenclator	0.098					unusable-key
ciphers/clair1108-duvergier/ciphertext.tsv	solved	ciphers/dupuy468-anhalt/key.tsv	Ernest and Joachim of Anhalt-Zerbst -> Francis I	?	la	nomenclator	0.077					unusable-key
ciphers/clairambault1225-paget-1714/ciphertext.tsv	partial	ciphers/dupuy468-anhalt/key.tsv	Ernest and Joachim of Anhalt-Zerbst -> Francis I	?	la	nomenclator	0.006					unusable-key
ciphers/decode-4450-bnf-fr20506-1525/ciphertext_f136.tsv	open	ciphers/dupuy468-anhalt/key.tsv	Ernest and Joachim of Anhalt-Zerbst -> Francis I	?	la	nomenclator	0.107					unusable-key
ciphers/destaing-gerard-1779/ciphertext.txt	open	ciphers/dupuy468-anhalt/key.tsv	Ernest and Joachim of Anhalt-Zerbst -> Francis I	?	la	nomenclator	0.007					unusable-key
ciphers/dupuy452-carpi-1520/ciphertext_f20_carpi.txt	found-solved	ciphers/dupuy468-anhalt/key.tsv	Ernest and Joachim of Anhalt-Zerbst -> Francis I	?	la	nomenclator	0.0					unusable-key
ciphers/dupuy452-carpi-1520/ciphertext_f28.txt	found-solved	ciphers/dupuy468-anhalt/key.tsv	Ernest and Joachim of Anhalt-Zerbst -> Francis I	?	la	nomenclator	0.0					unusable-key
ciphers/fr2933-salviati-1525/ciphertext_f54r.tsv	open	ciphers/dupuy468-anhalt/key.tsv	Ernest and Joachim of Anhalt-Zerbst -> Francis I	?	la	nomenclator	0.151					unusable-key
ciphers/fr2933-salviati-1525/ciphertext_f54v.tsv	open	ciphers/dupuy468-anhalt/key.tsv	Ernest and Joachim of Anhalt-Zerbst -> Francis I	?	la	nomenclator	0.154					unusable-key
ciphers/fr2933-salviati-1525/ciphertext_f55r.tsv	open	ciphers/dupuy468-anhalt/key.tsv	Ernest and Joachim of Anhalt-Zerbst -> Francis I	?	la	nomenclator	0.114					unusable-key
ciphers/fr2980-gramont/ciphertext.txt	?	ciphers/dupuy468-anhalt/key.tsv	Ernest and Joachim of Anhalt-Zerbst -> Francis I	?	la	nomenclator	0.137					unusable-key
ciphers/fr2980-gramont/ciphertext_f30.tsv	?	ciphers/dupuy468-anhalt/key.tsv	Ernest and Joachim of Anhalt-Zerbst -> Francis I	?	la	nomenclator	0.126					unusable-key
ciphers/fr3985-nevers-revol-1593/ciphertext.tsv	blocked	ciphers/dupuy468-anhalt/key.tsv	Ernest and Joachim of Anhalt-Zerbst -> Francis I	?	la	nomenclator	0.294					unusable-key
ciphers/fr3986-nevers-revol-1593/ciphertext.tsv	blocked	ciphers/dupuy468-anhalt/key.tsv	Ernest and Joachim of Anhalt-Zerbst -> Francis I	?	la	nomenclator	0.258					unusable-key
ciphers/fr3987-nevers-revol-1593/ciphertext.tsv	blocked	ciphers/dupuy468-anhalt/key.tsv	Ernest and Joachim of Anhalt-Zerbst -> Francis I	?	la	nomenclator	0.292					unusable-key
ciphers/fr3990-nevers-henri4-1594/ciphertext.tsv	blocked	ciphers/dupuy468-anhalt/key.tsv	Ernest and Joachim of Anhalt-Zerbst -> Francis I	?	la	nomenclator	0.187					unusable-key
ciphers/fr5160-letellier-1653/ciphertext_f1.tsv	open	ciphers/dupuy468-anhalt/key.tsv	Ernest and Joachim of Anhalt-Zerbst -> Francis I	?	la	nomenclator	0.038					unusable-key
ciphers/fr5160-letellier-1653/ciphertext_f67.tsv	open	ciphers/dupuy468-anhalt/key.tsv	Ernest and Joachim of Anhalt-Zerbst -> Francis I	?	la	nomenclator	0.091					unusable-key
ciphers/fr5160-letellier-1653/ciphertext_f86.tsv	open	ciphers/dupuy468-anhalt/key.tsv	Ernest and Joachim of Anhalt-Zerbst -> Francis I	?	la	nomenclator	0.111					unusable-key
ciphers/fr5160-letellier-1653/ciphertext_f88.tsv	open	ciphers/dupuy468-anhalt/key.tsv	Ernest and Joachim of Anhalt-Zerbst -> Francis I	?	la	nomenclator	0.07					unusable-key
ciphers/fr5160-letellier-1653/ciphertext_f9.tsv	open	ciphers/dupuy468-anhalt/key.tsv	Ernest and Joachim of Anhalt-Zerbst -> Francis I	?	la	nomenclator	0.013					unusable-key
ciphers/gunther-van-schwarzburg-1561/ciphertext.tsv	found-solved	ciphers/dupuy468-anhalt/key.tsv	Ernest and Joachim of Anhalt-Zerbst -> Francis I	?	la	nomenclator	0.084					unusable-key
ciphers/gunther-van-schwarzburg-1561/ciphertext_5109.tsv	found-solved	ciphers/dupuy468-anhalt/key.tsv	Ernest and Joachim of Anhalt-Zerbst -> Francis I	?	la	nomenclator	0.104					unusable-key
ciphers/gunther-van-schwarzburg-1561/ciphertext_5109.txt	found-solved	ciphers/dupuy468-anhalt/key.tsv	Ernest and Joachim of Anhalt-Zerbst -> Francis I	?	la	nomenclator	0.104					unusable-key
ciphers/gunther-van-schwarzburg-1561/ciphertext_8246.txt	found-solved	ciphers/dupuy468-anhalt/key.tsv	Ernest and Joachim of Anhalt-Zerbst -> Francis I	?	la	nomenclator	0.079					unusable-key
ciphers/hamilton-1650/ciphertext.txt	open	ciphers/dupuy468-anhalt/key.tsv	Ernest and Joachim of Anhalt-Zerbst -> Francis I	?	la	nomenclator	0.068					unusable-key
ciphers/jan-van-nassau-1572-75/ciphertext_5549.tsv	open	ciphers/dupuy468-anhalt/key.tsv	Ernest and Joachim of Anhalt-Zerbst -> Francis I	?	la	nomenclator	0.126					unusable-key
ciphers/jan-van-nassau-1572-75/j5s/ciphertext_5550.tsv	open	ciphers/dupuy468-anhalt/key.tsv	Ernest and Joachim of Anhalt-Zerbst -> Francis I	?	la	nomenclator	0.11					unusable-key
ciphers/la-garde-1577/ciphertext_6179_v2.tsv	open	ciphers/dupuy468-anhalt/key.tsv	Ernest and Joachim of Anhalt-Zerbst -> Francis I	?	la	nomenclator	0.094					unusable-key
ciphers/la-garde-1577/ciphertext_6467.tsv	open	ciphers/dupuy468-anhalt/key.tsv	Ernest and Joachim of Anhalt-Zerbst -> Francis I	?	la	nomenclator	0.125					unusable-key
ciphers/la-garde-1577/ciphertext_6467_v2.tsv	open	ciphers/dupuy468-anhalt/key.tsv	Ernest and Joachim of Anhalt-Zerbst -> Francis I	?	la	nomenclator	0.239					unusable-key
ciphers/moray-wood-1568/ciphertext.txt	open	ciphers/dupuy468-anhalt/key.tsv	Ernest and Joachim of Anhalt-Zerbst -> Francis I	?	la	nomenclator	0.082					unusable-key
ciphers/orange-nassau-1572/ciphertext.txt	found-solved	ciphers/dupuy468-anhalt/key.tsv	Ernest and Joachim of Anhalt-Zerbst -> Francis I	?	la	nomenclator	0.05					unusable-key
ciphers/orange-nassau-1572/ciphertext_2.txt	found-solved	ciphers/dupuy468-anhalt/key.tsv	Ernest and Joachim of Anhalt-Zerbst -> Francis I	?	la	nomenclator	0.058					unusable-key
ciphers/ormond-arran-1678/ciphertext.txt	open	ciphers/dupuy468-anhalt/key.tsv	Ernest and Joachim of Anhalt-Zerbst -> Francis I	?	la	nomenclator	0.0					unusable-key
ciphers/oxenstierna-gustav-adolf-1632/ciphertext.txt	found-solved	ciphers/dupuy468-anhalt/key.tsv	Ernest and Joachim of Anhalt-Zerbst -> Francis I	?	la	nomenclator	0.0					unusable-key
ciphers/oxenstierna-gustav-adolf-1632/ciphertext_verified.tsv	found-solved	ciphers/dupuy468-anhalt/key.tsv	Ernest and Joachim of Anhalt-Zerbst -> Francis I	?	la	nomenclator	0.002					unusable-key
ciphers/rah-canada-1869/ciphertext.tsv	solved	ciphers/dupuy468-anhalt/key.tsv	Ernest and Joachim of Anhalt-Zerbst -> Francis I	?	la	nomenclator	0.246					unusable-key
ciphers/randolph-sussex-1569/ciphertext.txt	found-solved	ciphers/dupuy468-anhalt/key.tsv	Ernest and Joachim of Anhalt-Zerbst -> Francis I	?	la	nomenclator	0.164					unusable-key
ciphers/sforza-maino-1446/ciphertext.txt	closed-negative	ciphers/dupuy468-anhalt/key.tsv	Ernest and Joachim of Anhalt-Zerbst -> Francis I	?	la	nomenclator	0.201					unusable-key
ciphers/sp53-16-79/ciphertext.txt	open	ciphers/dupuy468-anhalt/key.tsv	Ernest and Joachim of Anhalt-Zerbst -> Francis I	?	la	nomenclator	0.0					unusable-key
ciphers/sp53-22-f52/ciphertext.txt	open	ciphers/dupuy468-anhalt/key.tsv	Ernest and Joachim of Anhalt-Zerbst -> Francis I	?	la	nomenclator	0.25					unusable-key
ciphers/stepney-manchester-1702/ciphertext.txt	offline-only	ciphers/dupuy468-anhalt/key.tsv	Ernest and Joachim of Anhalt-Zerbst -> Francis I	?	la	nomenclator	0.0					unusable-key
ciphers/thurloe-printed/P10/ciphertext.txt	?	ciphers/dupuy468-anhalt/key.tsv	Ernest and Joachim of Anhalt-Zerbst -> Francis I	?	la	nomenclator	0.0					unusable-key
ciphers/thurloe-printed/P11/ciphertext.txt	?	ciphers/dupuy468-anhalt/key.tsv	Ernest and Joachim of Anhalt-Zerbst -> Francis I	?	la	nomenclator	0.07					unusable-key
ciphers/thurloe-printed/P12/ciphertext.txt	?	ciphers/dupuy468-anhalt/key.tsv	Ernest and Joachim of Anhalt-Zerbst -> Francis I	?	la	nomenclator	0.057					unusable-key
ciphers/thurloe-printed/P13/ciphertext.txt	?	ciphers/dupuy468-anhalt/key.tsv	Ernest and Joachim of Anhalt-Zerbst -> Francis I	?	la	nomenclator	0.059					unusable-key
ciphers/thurloe-printed/P14/ciphertext.txt	?	ciphers/dupuy468-anhalt/key.tsv	Ernest and Joachim of Anhalt-Zerbst -> Francis I	?	la	nomenclator	0.037					unusable-key
ciphers/thurloe-printed/P15/ciphertext.txt	?	ciphers/dupuy468-anhalt/key.tsv	Ernest and Joachim of Anhalt-Zerbst -> Francis I	?	la	nomenclator	0.031					unusable-key
ciphers/thurloe-printed/P16/ciphertext.txt	?	ciphers/dupuy468-anhalt/key.tsv	Ernest and Joachim of Anhalt-Zerbst -> Francis I	?	la	nomenclator	0.167					unusable-key
ciphers/thurloe-printed/P17/ciphertext.txt	?	ciphers/dupuy468-anhalt/key.tsv	Ernest and Joachim of Anhalt-Zerbst -> Francis I	?	la	nomenclator	0.112					unusable-key
ciphers/thurloe-printed/P18/ciphertext.txt	?	ciphers/dupuy468-anhalt/key.tsv	Ernest and Joachim of Anhalt-Zerbst -> Francis I	?	la	nomenclator	0.116					unusable-key
ciphers/thurloe-printed/P19/ciphertext.txt	?	ciphers/dupuy468-anhalt/key.tsv	Ernest and Joachim of Anhalt-Zerbst -> Francis I	?	la	nomenclator	0.141					unusable-key
ciphers/thurloe-printed/P2/ciphertext.txt	?	ciphers/dupuy468-anhalt/key.tsv	Ernest and Joachim of Anhalt-Zerbst -> Francis I	?	la	nomenclator	0.044					unusable-key
ciphers/thurloe-printed/P21/ciphertext.txt	?	ciphers/dupuy468-anhalt/key.tsv	Ernest and Joachim of Anhalt-Zerbst -> Francis I	?	la	nomenclator	0.06					unusable-key
ciphers/thurloe-printed/P22/ciphertext.txt	?	ciphers/dupuy468-anhalt/key.tsv	Ernest and Joachim of Anhalt-Zerbst -> Francis I	?	la	nomenclator	0.077					unusable-key
ciphers/thurloe-printed/P24/ciphertext.txt	?	ciphers/dupuy468-anhalt/key.tsv	Ernest and Joachim of Anhalt-Zerbst -> Francis I	?	la	nomenclator	0.057					unusable-key
ciphers/thurloe-printed/P3/ciphertext.txt	?	ciphers/dupuy468-anhalt/key.tsv	Ernest and Joachim of Anhalt-Zerbst -> Francis I	?	la	nomenclator	0.0					unusable-key
ciphers/thurloe-printed/P4/ciphertext.txt	?	ciphers/dupuy468-anhalt/key.tsv	Ernest and Joachim of Anhalt-Zerbst -> Francis I	?	la	nomenclator	0.065					unusable-key
ciphers/thurloe-printed/P5/ciphertext.txt	?	ciphers/dupuy468-anhalt/key.tsv	Ernest and Joachim of Anhalt-Zerbst -> Francis I	?	la	nomenclator	0.076					unusable-key
ciphers/thurloe-printed/P6/ciphertext.txt	?	ciphers/dupuy468-anhalt/key.tsv	Ernest and Joachim of Anhalt-Zerbst -> Francis I	?	la	nomenclator	0.092					unusable-key
ciphers/thurloe-printed/P7/ciphertext.txt	?	ciphers/dupuy468-anhalt/key.tsv	Ernest and Joachim of Anhalt-Zerbst -> Francis I	?	la	nomenclator	0.077					unusable-key
ciphers/thurloe-printed/P8/ciphertext.txt	?	ciphers/dupuy468-anhalt/key.tsv	Ernest and Joachim of Anhalt-Zerbst -> Francis I	?	la	nomenclator	0.008					unusable-key
ciphers/thurloe-printed/P9/ciphertext.txt	?	ciphers/dupuy468-anhalt/key.tsv	Ernest and Joachim of Anhalt-Zerbst -> Francis I	?	la	nomenclator	0.02					unusable-key
ciphers/vanbeuningen-dewitt-1657/ciphertext.tsv	partial	ciphers/dupuy468-anhalt/key.tsv	Ernest and Joachim of Anhalt-Zerbst -> Francis I	?	la	nomenclator	0.0					unusable-key
ciphers/wellington-maitland-1812/ciphertext.txt	partial	ciphers/dupuy468-anhalt/key.tsv	Ernest and Joachim of Anhalt-Zerbst -> Francis I	?	la	nomenclator	0.0					unusable-key
ciphers/zodiac-z13-stress/ciphertext.txt	closed-negative	ciphers/dupuy468-anhalt/key.tsv	Ernest and Joachim of Anhalt-Zerbst -> Francis I	?	la	nomenclator	0.154					unusable-key
ciphers/august-van-saksen-1561-64/ciphertext_126.tsv	partial	ciphers/dupuy468-anhalt/key_from_gloss.tsv	Ernest and Joachim of Anhalt-Zerbst -> Francis I	?	la	nomenclator	0.0					unusable-key
ciphers/august-van-saksen-1561-64/ciphertext_53.tsv	partial	ciphers/dupuy468-anhalt/key_from_gloss.tsv	Ernest and Joachim of Anhalt-Zerbst -> Francis I	?	la	nomenclator	0.0					unusable-key
ciphers/august-van-saksen-1561-64/ciphertext_57.tsv	partial	ciphers/dupuy468-anhalt/key_from_gloss.tsv	Ernest and Joachim of Anhalt-Zerbst -> Francis I	?	la	nomenclator	0.0					unusable-key
ciphers/august-van-saksen-1561-64/ciphertext_74.tsv	partial	ciphers/dupuy468-anhalt/key_from_gloss.tsv	Ernest and Joachim of Anhalt-Zerbst -> Francis I	?	la	nomenclator	0.0					unusable-key
ciphers/august-van-saksen-1561-64/ciphertext_98.tsv	partial	ciphers/dupuy468-anhalt/key_from_gloss.tsv	Ernest and Joachim of Anhalt-Zerbst -> Francis I	?	la	nomenclator	0.0					unusable-key
ciphers/birago-nevers-1571/ciphertext.txt	open	ciphers/dupuy468-anhalt/key_from_gloss.tsv	Ernest and Joachim of Anhalt-Zerbst -> Francis I	?	la	nomenclator	0.0					unusable-key
ciphers/clair1067-brienne-poland-1646/ciphertext.txt	solved	ciphers/dupuy468-anhalt/key_from_gloss.tsv	Ernest and Joachim of Anhalt-Zerbst -> Francis I	?	la	nomenclator	0.0					unusable-key
ciphers/clair1108-duvergier/ciphertext.tsv	solved	ciphers/dupuy468-anhalt/key_from_gloss.tsv	Ernest and Joachim of Anhalt-Zerbst -> Francis I	?	la	nomenclator	0.0					unusable-key
ciphers/clairambault1225-paget-1714/ciphertext.tsv	partial	ciphers/dupuy468-anhalt/key_from_gloss.tsv	Ernest and Joachim of Anhalt-Zerbst -> Francis I	?	la	nomenclator	0.0					unusable-key
ciphers/decode-4450-bnf-fr20506-1525/ciphertext_f136.tsv	open	ciphers/dupuy468-anhalt/key_from_gloss.tsv	Ernest and Joachim of Anhalt-Zerbst -> Francis I	?	la	nomenclator	0.0					unusable-key
ciphers/destaing-gerard-1779/ciphertext.txt	open	ciphers/dupuy468-anhalt/key_from_gloss.tsv	Ernest and Joachim of Anhalt-Zerbst -> Francis I	?	la	nomenclator	0.0					unusable-key
ciphers/dupuy452-carpi-1520/ciphertext_f20_carpi.txt	found-solved	ciphers/dupuy468-anhalt/key_from_gloss.tsv	Ernest and Joachim of Anhalt-Zerbst -> Francis I	?	la	nomenclator	0.095					unusable-key
ciphers/dupuy452-carpi-1520/ciphertext_f28.txt	found-solved	ciphers/dupuy468-anhalt/key_from_gloss.tsv	Ernest and Joachim of Anhalt-Zerbst -> Francis I	?	la	nomenclator	0.0					unusable-key
ciphers/fr2933-salviati-1525/ciphertext_f54r.tsv	open	ciphers/dupuy468-anhalt/key_from_gloss.tsv	Ernest and Joachim of Anhalt-Zerbst -> Francis I	?	la	nomenclator	0.0					unusable-key
ciphers/fr2933-salviati-1525/ciphertext_f54v.tsv	open	ciphers/dupuy468-anhalt/key_from_gloss.tsv	Ernest and Joachim of Anhalt-Zerbst -> Francis I	?	la	nomenclator	0.0					unusable-key
ciphers/fr2933-salviati-1525/ciphertext_f55r.tsv	open	ciphers/dupuy468-anhalt/key_from_gloss.tsv	Ernest and Joachim of Anhalt-Zerbst -> Francis I	?	la	nomenclator	0.0					unusable-key
ciphers/fr2980-gramont/ciphertext.txt	?	ciphers/dupuy468-anhalt/key_from_gloss.tsv	Ernest and Joachim of Anhalt-Zerbst -> Francis I	?	la	nomenclator	0.0					unusable-key
ciphers/fr2980-gramont/ciphertext_f30.tsv	?	ciphers/dupuy468-anhalt/key_from_gloss.tsv	Ernest and Joachim of Anhalt-Zerbst -> Francis I	?	la	nomenclator	0.0					unusable-key
ciphers/fr3985-nevers-revol-1593/ciphertext.tsv	blocked	ciphers/dupuy468-anhalt/key_from_gloss.tsv	Ernest and Joachim of Anhalt-Zerbst -> Francis I	?	la	nomenclator	0.0					unusable-key
ciphers/fr3986-nevers-revol-1593/ciphertext.tsv	blocked	ciphers/dupuy468-anhalt/key_from_gloss.tsv	Ernest and Joachim of Anhalt-Zerbst -> Francis I	?	la	nomenclator	0.0					unusable-key
ciphers/fr3987-nevers-revol-1593/ciphertext.tsv	blocked	ciphers/dupuy468-anhalt/key_from_gloss.tsv	Ernest and Joachim of Anhalt-Zerbst -> Francis I	?	la	nomenclator	0.0					unusable-key
ciphers/fr3990-nevers-henri4-1594/ciphertext.tsv	blocked	ciphers/dupuy468-anhalt/key_from_gloss.tsv	Ernest and Joachim of Anhalt-Zerbst -> Francis I	?	la	nomenclator	0.0					unusable-key
ciphers/fr5160-letellier-1653/ciphertext_f1.tsv	open	ciphers/dupuy468-anhalt/key_from_gloss.tsv	Ernest and Joachim of Anhalt-Zerbst -> Francis I	?	la	nomenclator	0.0					unusable-key
ciphers/fr5160-letellier-1653/ciphertext_f67.tsv	open	ciphers/dupuy468-anhalt/key_from_gloss.tsv	Ernest and Joachim of Anhalt-Zerbst -> Francis I	?	la	nomenclator	0.0					unusable-key
ciphers/fr5160-letellier-1653/ciphertext_f86.tsv	open	ciphers/dupuy468-anhalt/key_from_gloss.tsv	Ernest and Joachim of Anhalt-Zerbst -> Francis I	?	la	nomenclator	0.0					unusable-key
ciphers/fr5160-letellier-1653/ciphertext_f88.tsv	open	ciphers/dupuy468-anhalt/key_from_gloss.tsv	Ernest and Joachim of Anhalt-Zerbst -> Francis I	?	la	nomenclator	0.0					unusable-key
ciphers/fr5160-letellier-1653/ciphertext_f9.tsv	open	ciphers/dupuy468-anhalt/key_from_gloss.tsv	Ernest and Joachim of Anhalt-Zerbst -> Francis I	?	la	nomenclator	0.0					unusable-key
ciphers/gunther-van-schwarzburg-1561/ciphertext.tsv	found-solved	ciphers/dupuy468-anhalt/key_from_gloss.tsv	Ernest and Joachim of Anhalt-Zerbst -> Francis I	?	la	nomenclator	0.0					unusable-key
ciphers/gunther-van-schwarzburg-1561/ciphertext_5109.tsv	found-solved	ciphers/dupuy468-anhalt/key_from_gloss.tsv	Ernest and Joachim of Anhalt-Zerbst -> Francis I	?	la	nomenclator	0.0					unusable-key
ciphers/gunther-van-schwarzburg-1561/ciphertext_5109.txt	found-solved	ciphers/dupuy468-anhalt/key_from_gloss.tsv	Ernest and Joachim of Anhalt-Zerbst -> Francis I	?	la	nomenclator	0.0					unusable-key
ciphers/gunther-van-schwarzburg-1561/ciphertext_8246.txt	found-solved	ciphers/dupuy468-anhalt/key_from_gloss.tsv	Ernest and Joachim of Anhalt-Zerbst -> Francis I	?	la	nomenclator	0.0					unusable-key
ciphers/hamilton-1650/ciphertext.txt	open	ciphers/dupuy468-anhalt/key_from_gloss.tsv	Ernest and Joachim of Anhalt-Zerbst -> Francis I	?	la	nomenclator	0.0					unusable-key
ciphers/jan-van-nassau-1572-75/ciphertext_5549.tsv	open	ciphers/dupuy468-anhalt/key_from_gloss.tsv	Ernest and Joachim of Anhalt-Zerbst -> Francis I	?	la	nomenclator	0.0					unusable-key
ciphers/jan-van-nassau-1572-75/j5s/ciphertext_5550.tsv	open	ciphers/dupuy468-anhalt/key_from_gloss.tsv	Ernest and Joachim of Anhalt-Zerbst -> Francis I	?	la	nomenclator	0.0					unusable-key
ciphers/la-garde-1577/ciphertext_6179_v2.tsv	open	ciphers/dupuy468-anhalt/key_from_gloss.tsv	Ernest and Joachim of Anhalt-Zerbst -> Francis I	?	la	nomenclator	0.0					unusable-key
ciphers/la-garde-1577/ciphertext_6467.tsv	open	ciphers/dupuy468-anhalt/key_from_gloss.tsv	Ernest and Joachim of Anhalt-Zerbst -> Francis I	?	la	nomenclator	0.0					unusable-key
ciphers/la-garde-1577/ciphertext_6467_v2.tsv	open	ciphers/dupuy468-anhalt/key_from_gloss.tsv	Ernest and Joachim of Anhalt-Zerbst -> Francis I	?	la	nomenclator	0.0					unusable-key
ciphers/moray-wood-1568/ciphertext.txt	open	ciphers/dupuy468-anhalt/key_from_gloss.tsv	Ernest and Joachim of Anhalt-Zerbst -> Francis I	?	la	nomenclator	0.0					unusable-key
ciphers/orange-nassau-1572/ciphertext.txt	found-solved	ciphers/dupuy468-anhalt/key_from_gloss.tsv	Ernest and Joachim of Anhalt-Zerbst -> Francis I	?	la	nomenclator	0.0					unusable-key
ciphers/orange-nassau-1572/ciphertext_2.txt	found-solved	ciphers/dupuy468-anhalt/key_from_gloss.tsv	Ernest and Joachim of Anhalt-Zerbst -> Francis I	?	la	nomenclator	0.0					unusable-key
ciphers/ormond-arran-1678/ciphertext.txt	open	ciphers/dupuy468-anhalt/key_from_gloss.tsv	Ernest and Joachim of Anhalt-Zerbst -> Francis I	?	la	nomenclator	0.0					unusable-key
ciphers/oxenstierna-gustav-adolf-1632/ciphertext.txt	found-solved	ciphers/dupuy468-anhalt/key_from_gloss.tsv	Ernest and Joachim of Anhalt-Zerbst -> Francis I	?	la	nomenclator	0.0					unusable-key
ciphers/oxenstierna-gustav-adolf-1632/ciphertext_verified.tsv	found-solved	ciphers/dupuy468-anhalt/key_from_gloss.tsv	Ernest and Joachim of Anhalt-Zerbst -> Francis I	?	la	nomenclator	0.0					unusable-key
ciphers/rah-canada-1869/ciphertext.tsv	solved	ciphers/dupuy468-anhalt/key_from_gloss.tsv	Ernest and Joachim of Anhalt-Zerbst -> Francis I	?	la	nomenclator	0.0					unusable-key
ciphers/randolph-sussex-1569/ciphertext.txt	found-solved	ciphers/dupuy468-anhalt/key_from_gloss.tsv	Ernest and Joachim of Anhalt-Zerbst -> Francis I	?	la	nomenclator	0.0					unusable-key
ciphers/sforza-maino-1446/ciphertext.txt	closed-negative	ciphers/dupuy468-anhalt/key_from_gloss.tsv	Ernest and Joachim of Anhalt-Zerbst -> Francis I	?	la	nomenclator	0.0					unusable-key
ciphers/sp53-16-79/ciphertext.txt	open	ciphers/dupuy468-anhalt/key_from_gloss.tsv	Ernest and Joachim of Anhalt-Zerbst -> Francis I	?	la	nomenclator	0.0					unusable-key
ciphers/sp53-22-f52/ciphertext.txt	open	ciphers/dupuy468-anhalt/key_from_gloss.tsv	Ernest and Joachim of Anhalt-Zerbst -> Francis I	?	la	nomenclator	0.0					unusable-key
ciphers/stepney-manchester-1702/ciphertext.txt	offline-only	ciphers/dupuy468-anhalt/key_from_gloss.tsv	Ernest and Joachim of Anhalt-Zerbst -> Francis I	?	la	nomenclator	0.0					unusable-key
ciphers/thurloe-printed/P10/ciphertext.txt	?	ciphers/dupuy468-anhalt/key_from_gloss.tsv	Ernest and Joachim of Anhalt-Zerbst -> Francis I	?	la	nomenclator	0.0					unusable-key
ciphers/thurloe-printed/P11/ciphertext.txt	?	ciphers/dupuy468-anhalt/key_from_gloss.tsv	Ernest and Joachim of Anhalt-Zerbst -> Francis I	?	la	nomenclator	0.0					unusable-key
ciphers/thurloe-printed/P12/ciphertext.txt	?	ciphers/dupuy468-anhalt/key_from_gloss.tsv	Ernest and Joachim of Anhalt-Zerbst -> Francis I	?	la	nomenclator	0.0					unusable-key
ciphers/thurloe-printed/P13/ciphertext.txt	?	ciphers/dupuy468-anhalt/key_from_gloss.tsv	Ernest and Joachim of Anhalt-Zerbst -> Francis I	?	la	nomenclator	0.0					unusable-key
ciphers/thurloe-printed/P14/ciphertext.txt	?	ciphers/dupuy468-anhalt/key_from_gloss.tsv	Ernest and Joachim of Anhalt-Zerbst -> Francis I	?	la	nomenclator	0.0					unusable-key
ciphers/thurloe-printed/P15/ciphertext.txt	?	ciphers/dupuy468-anhalt/key_from_gloss.tsv	Ernest and Joachim of Anhalt-Zerbst -> Francis I	?	la	nomenclator	0.0					unusable-key
ciphers/thurloe-printed/P16/ciphertext.txt	?	ciphers/dupuy468-anhalt/key_from_gloss.tsv	Ernest and Joachim of Anhalt-Zerbst -> Francis I	?	la	nomenclator	0.0					unusable-key
ciphers/thurloe-printed/P17/ciphertext.txt	?	ciphers/dupuy468-anhalt/key_from_gloss.tsv	Ernest and Joachim of Anhalt-Zerbst -> Francis I	?	la	nomenclator	0.0					unusable-key
ciphers/thurloe-printed/P18/ciphertext.txt	?	ciphers/dupuy468-anhalt/key_from_gloss.tsv	Ernest and Joachim of Anhalt-Zerbst -> Francis I	?	la	nomenclator	0.0					unusable-key
ciphers/thurloe-printed/P19/ciphertext.txt	?	ciphers/dupuy468-anhalt/key_from_gloss.tsv	Ernest and Joachim of Anhalt-Zerbst -> Francis I	?	la	nomenclator	0.0					unusable-key
ciphers/thurloe-printed/P2/ciphertext.txt	?	ciphers/dupuy468-anhalt/key_from_gloss.tsv	Ernest and Joachim of Anhalt-Zerbst -> Francis I	?	la	nomenclator	0.0					unusable-key
ciphers/thurloe-printed/P21/ciphertext.txt	?	ciphers/dupuy468-anhalt/key_from_gloss.tsv	Ernest and Joachim of Anhalt-Zerbst -> Francis I	?	la	nomenclator	0.0					unusable-key
ciphers/thurloe-printed/P22/ciphertext.txt	?	ciphers/dupuy468-anhalt/key_from_gloss.tsv	Ernest and Joachim of Anhalt-Zerbst -> Francis I	?	la	nomenclator	0.0					unusable-key
ciphers/thurloe-printed/P24/ciphertext.txt	?	ciphers/dupuy468-anhalt/key_from_gloss.tsv	Ernest and Joachim of Anhalt-Zerbst -> Francis I	?	la	nomenclator	0.0					unusable-key
ciphers/thurloe-printed/P3/ciphertext.txt	?	ciphers/dupuy468-anhalt/key_from_gloss.tsv	Ernest and Joachim of Anhalt-Zerbst -> Francis I	?	la	nomenclator	0.0					unusable-key
ciphers/thurloe-printed/P4/ciphertext.txt	?	ciphers/dupuy468-anhalt/key_from_gloss.tsv	Ernest and Joachim of Anhalt-Zerbst -> Francis I	?	la	nomenclator	0.0					unusable-key
ciphers/thurloe-printed/P5/ciphertext.txt	?	ciphers/dupuy468-anhalt/key_from_gloss.tsv	Ernest and Joachim of Anhalt-Zerbst -> Francis I	?	la	nomenclator	0.0					unusable-key
ciphers/thurloe-printed/P6/ciphertext.txt	?	ciphers/dupuy468-anhalt/key_from_gloss.tsv	Ernest and Joachim of Anhalt-Zerbst -> Francis I	?	la	nomenclator	0.0					unusable-key
ciphers/thurloe-printed/P7/ciphertext.txt	?	ciphers/dupuy468-anhalt/key_from_gloss.tsv	Ernest and Joachim of Anhalt-Zerbst -> Francis I	?	la	nomenclator	0.0					unusable-key
ciphers/thurloe-printed/P8/ciphertext.txt	?	ciphers/dupuy468-anhalt/key_from_gloss.tsv	Ernest and Joachim of Anhalt-Zerbst -> Francis I	?	la	nomenclator	0.0					unusable-key
ciphers/thurloe-printed/P9/ciphertext.txt	?	ciphers/dupuy468-anhalt/key_from_gloss.tsv	Ernest and Joachim of Anhalt-Zerbst -> Francis I	?	la	nomenclator	0.0					unusable-key
ciphers/vanbeuningen-dewitt-1657/ciphertext.tsv	partial	ciphers/dupuy468-anhalt/key_from_gloss.tsv	Ernest and Joachim of Anhalt-Zerbst -> Francis I	?	la	nomenclator	0.0					unusable-key
ciphers/wellington-maitland-1812/ciphertext.txt	partial	ciphers/dupuy468-anhalt/key_from_gloss.tsv	Ernest and Joachim of Anhalt-Zerbst -> Francis I	?	la	nomenclator	0.005					unusable-key
ciphers/zodiac-z13-stress/ciphertext.txt	closed-negative	ciphers/dupuy468-anhalt/key_from_gloss.tsv	Ernest and Joachim of Anhalt-Zerbst -> Francis I	?	la	nomenclator	0.0					unusable-key
ciphers/beinecke-mellon29-elia/ciphertext.tsv	closed-negative	ciphers/fr20140-danzay-1557/key.tsv	BnF fr.20140 — Charles de Danzay -> Henri II / Cardinal of Lorraine	1557	fr	nomenclator	0.007					unusable-key
ciphers/dupuy452-carpi-1520/ciphertext.txt	found-solved	ciphers/fr20140-danzay-1557/key.tsv	BnF fr.20140 — Charles de Danzay -> Henri II / Cardinal of Lorraine	1557	fr	nomenclator	0.089					unusable-key
ciphers/dupuy468-anhalt/ciphertext.txt	found-solved	ciphers/fr20140-danzay-1557/key.tsv	BnF fr.20140 — Charles de Danzay -> Henri II / Cardinal of Lorraine	1557	fr	nomenclator	0.084					unusable-key
ciphers/eckert-1862/ciphertext.txt	partial	ciphers/fr20140-danzay-1557/key.tsv	BnF fr.20140 — Charles de Danzay -> Henri II / Cardinal of Lorraine	1557	fr	nomenclator	0.003					unusable-key
ciphers/eckert-1864/ciphertext-no2.txt	partial	ciphers/fr20140-danzay-1557/key.tsv	BnF fr.20140 — Charles de Danzay -> Henri II / Cardinal of Lorraine	1557	fr	nomenclator	0.015					unusable-key
ciphers/eckert-1864/ciphertext.txt	partial	ciphers/fr20140-danzay-1557/key.tsv	BnF fr.20140 — Charles de Danzay -> Henri II / Cardinal of Lorraine	1557	fr	nomenclator	0.004					unusable-key
ciphers/sforza-maino-1446/ciphertext_f70.txt	closed-negative	ciphers/fr20140-danzay-1557/key.tsv	BnF fr.20140 — Charles de Danzay -> Henri II / Cardinal of Lorraine	1557	fr	nomenclator	0.117					unusable-key
ciphers/trew-posthius-1614-18/ciphertext.tsv	found-solved	ciphers/fr20140-danzay-1557/key.tsv	BnF fr.20140 — Charles de Danzay -> Henri II / Cardinal of Lorraine	1557	fr	nomenclator	0.028					unusable-key
ciphers/trew-posthius-1614-18/ciphertext_1614.tsv	found-solved	ciphers/fr20140-danzay-1557/key.tsv	BnF fr.20140 — Charles de Danzay -> Henri II / Cardinal of Lorraine	1557	fr	nomenclator	0.072					unusable-key
ciphers/trew-posthius-1614-18/ciphertext_1618.tsv	found-solved	ciphers/fr20140-danzay-1557/key.tsv	BnF fr.20140 — Charles de Danzay -> Henri II / Cardinal of Lorraine	1557	fr	nomenclator	0.025					unusable-key
ciphers/august-van-saksen-1561-64/ciphertext_126.tsv	partial	ciphers/fr2751-dediou-mayenne/key_mayenne_1592-93_polyphonic.tsv	?	?	fr	nomenclator	0.0					none
ciphers/august-van-saksen-1561-64/ciphertext_53.tsv	partial	ciphers/fr2751-dediou-mayenne/key_mayenne_1592-93_polyphonic.tsv	?	?	fr	nomenclator	0.0					none
ciphers/august-van-saksen-1561-64/ciphertext_57.tsv	partial	ciphers/fr2751-dediou-mayenne/key_mayenne_1592-93_polyphonic.tsv	?	?	fr	nomenclator	0.0					none
ciphers/august-van-saksen-1561-64/ciphertext_74.tsv	partial	ciphers/fr2751-dediou-mayenne/key_mayenne_1592-93_polyphonic.tsv	?	?	fr	nomenclator	0.0					none
ciphers/august-van-saksen-1561-64/ciphertext_98.tsv	partial	ciphers/fr2751-dediou-mayenne/key_mayenne_1592-93_polyphonic.tsv	?	?	fr	nomenclator	0.0					none
ciphers/birago-nevers-1571/ciphertext.txt	open	ciphers/fr2751-dediou-mayenne/key_mayenne_1592-93_polyphonic.tsv	?	?	fr	nomenclator	0.0					none
ciphers/clair1067-brienne-poland-1646/ciphertext.txt	solved	ciphers/fr2751-dediou-mayenne/key_mayenne_1592-93_polyphonic.tsv	?	?	fr	nomenclator	0.0					none
ciphers/clair1108-duvergier/ciphertext.tsv	solved	ciphers/fr2751-dediou-mayenne/key_mayenne_1592-93_polyphonic.tsv	?	?	fr	nomenclator	0.0					none
ciphers/clairambault1225-paget-1714/ciphertext.tsv	partial	ciphers/fr2751-dediou-mayenne/key_mayenne_1592-93_polyphonic.tsv	?	?	fr	nomenclator	0.0					none
ciphers/decode-4450-bnf-fr20506-1525/ciphertext_f136.tsv	open	ciphers/fr2751-dediou-mayenne/key_mayenne_1592-93_polyphonic.tsv	?	?	fr	nomenclator	0.0					none
ciphers/destaing-gerard-1779/ciphertext.txt	open	ciphers/fr2751-dediou-mayenne/key_mayenne_1592-93_polyphonic.tsv	?	?	fr	nomenclator	0.0					none
ciphers/dupuy452-carpi-1520/ciphertext_f20_carpi.txt	found-solved	ciphers/fr2751-dediou-mayenne/key_mayenne_1592-93_polyphonic.tsv	?	?	fr	nomenclator	0.0					none
ciphers/dupuy452-carpi-1520/ciphertext_f28.txt	found-solved	ciphers/fr2751-dediou-mayenne/key_mayenne_1592-93_polyphonic.tsv	?	?	fr	nomenclator	0.0					none
ciphers/fr2933-salviati-1525/ciphertext_f54r.tsv	open	ciphers/fr2751-dediou-mayenne/key_mayenne_1592-93_polyphonic.tsv	?	?	fr	nomenclator	0.0					none
ciphers/fr2933-salviati-1525/ciphertext_f54v.tsv	open	ciphers/fr2751-dediou-mayenne/key_mayenne_1592-93_polyphonic.tsv	?	?	fr	nomenclator	0.0					none
ciphers/fr2933-salviati-1525/ciphertext_f55r.tsv	open	ciphers/fr2751-dediou-mayenne/key_mayenne_1592-93_polyphonic.tsv	?	?	fr	nomenclator	0.0					none
ciphers/fr2980-gramont/ciphertext.txt	?	ciphers/fr2751-dediou-mayenne/key_mayenne_1592-93_polyphonic.tsv	?	?	fr	nomenclator	0.0					none
ciphers/fr2980-gramont/ciphertext_f30.tsv	?	ciphers/fr2751-dediou-mayenne/key_mayenne_1592-93_polyphonic.tsv	?	?	fr	nomenclator	0.0					none
ciphers/fr3985-nevers-revol-1593/ciphertext.tsv	blocked	ciphers/fr2751-dediou-mayenne/key_mayenne_1592-93_polyphonic.tsv	?	?	fr	nomenclator	0.0					none
ciphers/fr3986-nevers-revol-1593/ciphertext.tsv	blocked	ciphers/fr2751-dediou-mayenne/key_mayenne_1592-93_polyphonic.tsv	?	?	fr	nomenclator	0.0					none
ciphers/fr3987-nevers-revol-1593/ciphertext.tsv	blocked	ciphers/fr2751-dediou-mayenne/key_mayenne_1592-93_polyphonic.tsv	?	?	fr	nomenclator	0.0					none
ciphers/fr3990-nevers-henri4-1594/ciphertext.tsv	blocked	ciphers/fr2751-dediou-mayenne/key_mayenne_1592-93_polyphonic.tsv	?	?	fr	nomenclator	0.0					none
ciphers/fr5160-letellier-1653/ciphertext_f1.tsv	open	ciphers/fr2751-dediou-mayenne/key_mayenne_1592-93_polyphonic.tsv	?	?	fr	nomenclator	0.0					none
ciphers/fr5160-letellier-1653/ciphertext_f67.tsv	open	ciphers/fr2751-dediou-mayenne/key_mayenne_1592-93_polyphonic.tsv	?	?	fr	nomenclator	0.0					none
ciphers/fr5160-letellier-1653/ciphertext_f86.tsv	open	ciphers/fr2751-dediou-mayenne/key_mayenne_1592-93_polyphonic.tsv	?	?	fr	nomenclator	0.0					none
ciphers/fr5160-letellier-1653/ciphertext_f88.tsv	open	ciphers/fr2751-dediou-mayenne/key_mayenne_1592-93_polyphonic.tsv	?	?	fr	nomenclator	0.0					none
ciphers/fr5160-letellier-1653/ciphertext_f9.tsv	open	ciphers/fr2751-dediou-mayenne/key_mayenne_1592-93_polyphonic.tsv	?	?	fr	nomenclator	0.0					none
ciphers/gunther-van-schwarzburg-1561/ciphertext.tsv	found-solved	ciphers/fr2751-dediou-mayenne/key_mayenne_1592-93_polyphonic.tsv	?	?	fr	nomenclator	0.0					none
ciphers/gunther-van-schwarzburg-1561/ciphertext_5109.tsv	found-solved	ciphers/fr2751-dediou-mayenne/key_mayenne_1592-93_polyphonic.tsv	?	?	fr	nomenclator	0.0					none
ciphers/gunther-van-schwarzburg-1561/ciphertext_5109.txt	found-solved	ciphers/fr2751-dediou-mayenne/key_mayenne_1592-93_polyphonic.tsv	?	?	fr	nomenclator	0.0					none
ciphers/gunther-van-schwarzburg-1561/ciphertext_8246.txt	found-solved	ciphers/fr2751-dediou-mayenne/key_mayenne_1592-93_polyphonic.tsv	?	?	fr	nomenclator	0.0					none
ciphers/hamilton-1650/ciphertext.txt	open	ciphers/fr2751-dediou-mayenne/key_mayenne_1592-93_polyphonic.tsv	?	?	fr	nomenclator	0.0					none
ciphers/jan-van-nassau-1572-75/ciphertext_5549.tsv	open	ciphers/fr2751-dediou-mayenne/key_mayenne_1592-93_polyphonic.tsv	?	?	fr	nomenclator	0.0					none
ciphers/jan-van-nassau-1572-75/j5s/ciphertext_5550.tsv	open	ciphers/fr2751-dediou-mayenne/key_mayenne_1592-93_polyphonic.tsv	?	?	fr	nomenclator	0.0					none
ciphers/la-garde-1577/ciphertext_6179_v2.tsv	open	ciphers/fr2751-dediou-mayenne/key_mayenne_1592-93_polyphonic.tsv	?	?	fr	nomenclator	0.0					none
ciphers/la-garde-1577/ciphertext_6467.tsv	open	ciphers/fr2751-dediou-mayenne/key_mayenne_1592-93_polyphonic.tsv	?	?	fr	nomenclator	0.0					none
ciphers/la-garde-1577/ciphertext_6467_v2.tsv	open	ciphers/fr2751-dediou-mayenne/key_mayenne_1592-93_polyphonic.tsv	?	?	fr	nomenclator	0.0					none
ciphers/moray-wood-1568/ciphertext.txt	open	ciphers/fr2751-dediou-mayenne/key_mayenne_1592-93_polyphonic.tsv	?	?	fr	nomenclator	0.0					none
ciphers/orange-nassau-1572/ciphertext.txt	found-solved	ciphers/fr2751-dediou-mayenne/key_mayenne_1592-93_polyphonic.tsv	?	?	fr	nomenclator	0.0					none
ciphers/orange-nassau-1572/ciphertext_2.txt	found-solved	ciphers/fr2751-dediou-mayenne/key_mayenne_1592-93_polyphonic.tsv	?	?	fr	nomenclator	0.0					none
ciphers/ormond-arran-1678/ciphertext.txt	open	ciphers/fr2751-dediou-mayenne/key_mayenne_1592-93_polyphonic.tsv	?	?	fr	nomenclator	0.0					none
ciphers/oxenstierna-gustav-adolf-1632/ciphertext.txt	found-solved	ciphers/fr2751-dediou-mayenne/key_mayenne_1592-93_polyphonic.tsv	?	?	fr	nomenclator	0.0					none
ciphers/oxenstierna-gustav-adolf-1632/ciphertext_verified.tsv	found-solved	ciphers/fr2751-dediou-mayenne/key_mayenne_1592-93_polyphonic.tsv	?	?	fr	nomenclator	0.0					none
ciphers/rah-canada-1869/ciphertext.tsv	solved	ciphers/fr2751-dediou-mayenne/key_mayenne_1592-93_polyphonic.tsv	?	?	fr	nomenclator	0.0					none
ciphers/randolph-sussex-1569/ciphertext.txt	found-solved	ciphers/fr2751-dediou-mayenne/key_mayenne_1592-93_polyphonic.tsv	?	?	fr	nomenclator	0.0					none
ciphers/sforza-maino-1446/ciphertext.txt	closed-negative	ciphers/fr2751-dediou-mayenne/key_mayenne_1592-93_polyphonic.tsv	?	?	fr	nomenclator	0.0					none
ciphers/sp53-16-79/ciphertext.txt	open	ciphers/fr2751-dediou-mayenne/key_mayenne_1592-93_polyphonic.tsv	?	?	fr	nomenclator	0.0					none
ciphers/sp53-22-f52/ciphertext.txt	open	ciphers/fr2751-dediou-mayenne/key_mayenne_1592-93_polyphonic.tsv	?	?	fr	nomenclator	0.0					none
ciphers/stepney-manchester-1702/ciphertext.txt	offline-only	ciphers/fr2751-dediou-mayenne/key_mayenne_1592-93_polyphonic.tsv	?	?	fr	nomenclator	0.0					none
ciphers/thurloe-printed/P10/ciphertext.txt	?	ciphers/fr2751-dediou-mayenne/key_mayenne_1592-93_polyphonic.tsv	?	?	fr	nomenclator	0.0					none
ciphers/thurloe-printed/P11/ciphertext.txt	?	ciphers/fr2751-dediou-mayenne/key_mayenne_1592-93_polyphonic.tsv	?	?	fr	nomenclator	0.0					none
ciphers/thurloe-printed/P12/ciphertext.txt	?	ciphers/fr2751-dediou-mayenne/key_mayenne_1592-93_polyphonic.tsv	?	?	fr	nomenclator	0.0					none
ciphers/thurloe-printed/P13/ciphertext.txt	?	ciphers/fr2751-dediou-mayenne/key_mayenne_1592-93_polyphonic.tsv	?	?	fr	nomenclator	0.0					none
ciphers/thurloe-printed/P14/ciphertext.txt	?	ciphers/fr2751-dediou-mayenne/key_mayenne_1592-93_polyphonic.tsv	?	?	fr	nomenclator	0.0					none
ciphers/thurloe-printed/P15/ciphertext.txt	?	ciphers/fr2751-dediou-mayenne/key_mayenne_1592-93_polyphonic.tsv	?	?	fr	nomenclator	0.0					none
ciphers/thurloe-printed/P16/ciphertext.txt	?	ciphers/fr2751-dediou-mayenne/key_mayenne_1592-93_polyphonic.tsv	?	?	fr	nomenclator	0.0					none
ciphers/thurloe-printed/P17/ciphertext.txt	?	ciphers/fr2751-dediou-mayenne/key_mayenne_1592-93_polyphonic.tsv	?	?	fr	nomenclator	0.0					none
ciphers/thurloe-printed/P18/ciphertext.txt	?	ciphers/fr2751-dediou-mayenne/key_mayenne_1592-93_polyphonic.tsv	?	?	fr	nomenclator	0.0					none
ciphers/thurloe-printed/P19/ciphertext.txt	?	ciphers/fr2751-dediou-mayenne/key_mayenne_1592-93_polyphonic.tsv	?	?	fr	nomenclator	0.0					none
ciphers/thurloe-printed/P2/ciphertext.txt	?	ciphers/fr2751-dediou-mayenne/key_mayenne_1592-93_polyphonic.tsv	?	?	fr	nomenclator	0.0					none
ciphers/thurloe-printed/P21/ciphertext.txt	?	ciphers/fr2751-dediou-mayenne/key_mayenne_1592-93_polyphonic.tsv	?	?	fr	nomenclator	0.0					none
ciphers/thurloe-printed/P22/ciphertext.txt	?	ciphers/fr2751-dediou-mayenne/key_mayenne_1592-93_polyphonic.tsv	?	?	fr	nomenclator	0.0					none
ciphers/thurloe-printed/P24/ciphertext.txt	?	ciphers/fr2751-dediou-mayenne/key_mayenne_1592-93_polyphonic.tsv	?	?	fr	nomenclator	0.0					none
ciphers/thurloe-printed/P3/ciphertext.txt	?	ciphers/fr2751-dediou-mayenne/key_mayenne_1592-93_polyphonic.tsv	?	?	fr	nomenclator	0.0					none
ciphers/thurloe-printed/P4/ciphertext.txt	?	ciphers/fr2751-dediou-mayenne/key_mayenne_1592-93_polyphonic.tsv	?	?	fr	nomenclator	0.0					none
ciphers/thurloe-printed/P5/ciphertext.txt	?	ciphers/fr2751-dediou-mayenne/key_mayenne_1592-93_polyphonic.tsv	?	?	fr	nomenclator	0.0					none
ciphers/thurloe-printed/P6/ciphertext.txt	?	ciphers/fr2751-dediou-mayenne/key_mayenne_1592-93_polyphonic.tsv	?	?	fr	nomenclator	0.0					none
ciphers/thurloe-printed/P7/ciphertext.txt	?	ciphers/fr2751-dediou-mayenne/key_mayenne_1592-93_polyphonic.tsv	?	?	fr	nomenclator	0.0					none
ciphers/thurloe-printed/P8/ciphertext.txt	?	ciphers/fr2751-dediou-mayenne/key_mayenne_1592-93_polyphonic.tsv	?	?	fr	nomenclator	0.0					none
ciphers/thurloe-printed/P9/ciphertext.txt	?	ciphers/fr2751-dediou-mayenne/key_mayenne_1592-93_polyphonic.tsv	?	?	fr	nomenclator	0.0					none
ciphers/vanbeuningen-dewitt-1657/ciphertext.tsv	partial	ciphers/fr2751-dediou-mayenne/key_mayenne_1592-93_polyphonic.tsv	?	?	fr	nomenclator	0.0					none
ciphers/wellington-maitland-1812/ciphertext.txt	partial	ciphers/fr2751-dediou-mayenne/key_mayenne_1592-93_polyphonic.tsv	?	?	fr	nomenclator	0.0					none
ciphers/zodiac-z13-stress/ciphertext.txt	closed-negative	ciphers/fr2751-dediou-mayenne/key_mayenne_1592-93_polyphonic.tsv	?	?	fr	nomenclator	0.0					none
ciphers/august-van-saksen-1561-64/ciphertext_126.tsv	partial	ciphers/fr2751-dediou-mayenne/key_mayenne_1593_homophonic.tsv	?	?	fr	nomenclator	0.0					none
ciphers/august-van-saksen-1561-64/ciphertext_53.tsv	partial	ciphers/fr2751-dediou-mayenne/key_mayenne_1593_homophonic.tsv	?	?	fr	nomenclator	0.0					none
ciphers/august-van-saksen-1561-64/ciphertext_57.tsv	partial	ciphers/fr2751-dediou-mayenne/key_mayenne_1593_homophonic.tsv	?	?	fr	nomenclator	0.0					none
ciphers/august-van-saksen-1561-64/ciphertext_74.tsv	partial	ciphers/fr2751-dediou-mayenne/key_mayenne_1593_homophonic.tsv	?	?	fr	nomenclator	0.0					none
ciphers/august-van-saksen-1561-64/ciphertext_98.tsv	partial	ciphers/fr2751-dediou-mayenne/key_mayenne_1593_homophonic.tsv	?	?	fr	nomenclator	0.0					none
ciphers/birago-nevers-1571/ciphertext.txt	open	ciphers/fr2751-dediou-mayenne/key_mayenne_1593_homophonic.tsv	?	?	fr	nomenclator	0.0					none
ciphers/clair1067-brienne-poland-1646/ciphertext.txt	solved	ciphers/fr2751-dediou-mayenne/key_mayenne_1593_homophonic.tsv	?	?	fr	nomenclator	0.0					none
ciphers/clair1108-duvergier/ciphertext.tsv	solved	ciphers/fr2751-dediou-mayenne/key_mayenne_1593_homophonic.tsv	?	?	fr	nomenclator	0.0					none
ciphers/clairambault1225-paget-1714/ciphertext.tsv	partial	ciphers/fr2751-dediou-mayenne/key_mayenne_1593_homophonic.tsv	?	?	fr	nomenclator	0.0					none
ciphers/decode-4450-bnf-fr20506-1525/ciphertext_f136.tsv	open	ciphers/fr2751-dediou-mayenne/key_mayenne_1593_homophonic.tsv	?	?	fr	nomenclator	0.0					none
ciphers/destaing-gerard-1779/ciphertext.txt	open	ciphers/fr2751-dediou-mayenne/key_mayenne_1593_homophonic.tsv	?	?	fr	nomenclator	0.0					none
ciphers/dupuy452-carpi-1520/ciphertext_f20_carpi.txt	found-solved	ciphers/fr2751-dediou-mayenne/key_mayenne_1593_homophonic.tsv	?	?	fr	nomenclator	0.0					none
ciphers/dupuy452-carpi-1520/ciphertext_f28.txt	found-solved	ciphers/fr2751-dediou-mayenne/key_mayenne_1593_homophonic.tsv	?	?	fr	nomenclator	0.0					none
ciphers/fr2933-salviati-1525/ciphertext_f54r.tsv	open	ciphers/fr2751-dediou-mayenne/key_mayenne_1593_homophonic.tsv	?	?	fr	nomenclator	0.0					none
ciphers/fr2933-salviati-1525/ciphertext_f54v.tsv	open	ciphers/fr2751-dediou-mayenne/key_mayenne_1593_homophonic.tsv	?	?	fr	nomenclator	0.0					none
ciphers/fr2933-salviati-1525/ciphertext_f55r.tsv	open	ciphers/fr2751-dediou-mayenne/key_mayenne_1593_homophonic.tsv	?	?	fr	nomenclator	0.0					none
ciphers/fr2980-gramont/ciphertext.txt	?	ciphers/fr2751-dediou-mayenne/key_mayenne_1593_homophonic.tsv	?	?	fr	nomenclator	0.0					none
ciphers/fr2980-gramont/ciphertext_f30.tsv	?	ciphers/fr2751-dediou-mayenne/key_mayenne_1593_homophonic.tsv	?	?	fr	nomenclator	0.0					none
ciphers/fr3985-nevers-revol-1593/ciphertext.tsv	blocked	ciphers/fr2751-dediou-mayenne/key_mayenne_1593_homophonic.tsv	?	?	fr	nomenclator	0.0					none
ciphers/fr3986-nevers-revol-1593/ciphertext.tsv	blocked	ciphers/fr2751-dediou-mayenne/key_mayenne_1593_homophonic.tsv	?	?	fr	nomenclator	0.0					none
ciphers/fr3987-nevers-revol-1593/ciphertext.tsv	blocked	ciphers/fr2751-dediou-mayenne/key_mayenne_1593_homophonic.tsv	?	?	fr	nomenclator	0.0					none
ciphers/fr3990-nevers-henri4-1594/ciphertext.tsv	blocked	ciphers/fr2751-dediou-mayenne/key_mayenne_1593_homophonic.tsv	?	?	fr	nomenclator	0.0					none
ciphers/fr5160-letellier-1653/ciphertext_f1.tsv	open	ciphers/fr2751-dediou-mayenne/key_mayenne_1593_homophonic.tsv	?	?	fr	nomenclator	0.0					none
ciphers/fr5160-letellier-1653/ciphertext_f67.tsv	open	ciphers/fr2751-dediou-mayenne/key_mayenne_1593_homophonic.tsv	?	?	fr	nomenclator	0.0					none
ciphers/fr5160-letellier-1653/ciphertext_f86.tsv	open	ciphers/fr2751-dediou-mayenne/key_mayenne_1593_homophonic.tsv	?	?	fr	nomenclator	0.0					none
ciphers/fr5160-letellier-1653/ciphertext_f88.tsv	open	ciphers/fr2751-dediou-mayenne/key_mayenne_1593_homophonic.tsv	?	?	fr	nomenclator	0.0					none
ciphers/fr5160-letellier-1653/ciphertext_f9.tsv	open	ciphers/fr2751-dediou-mayenne/key_mayenne_1593_homophonic.tsv	?	?	fr	nomenclator	0.0					none
ciphers/gunther-van-schwarzburg-1561/ciphertext.tsv	found-solved	ciphers/fr2751-dediou-mayenne/key_mayenne_1593_homophonic.tsv	?	?	fr	nomenclator	0.0					none
ciphers/gunther-van-schwarzburg-1561/ciphertext_5109.tsv	found-solved	ciphers/fr2751-dediou-mayenne/key_mayenne_1593_homophonic.tsv	?	?	fr	nomenclator	0.0					none
ciphers/gunther-van-schwarzburg-1561/ciphertext_5109.txt	found-solved	ciphers/fr2751-dediou-mayenne/key_mayenne_1593_homophonic.tsv	?	?	fr	nomenclator	0.0					none
ciphers/gunther-van-schwarzburg-1561/ciphertext_8246.txt	found-solved	ciphers/fr2751-dediou-mayenne/key_mayenne_1593_homophonic.tsv	?	?	fr	nomenclator	0.0					none
ciphers/hamilton-1650/ciphertext.txt	open	ciphers/fr2751-dediou-mayenne/key_mayenne_1593_homophonic.tsv	?	?	fr	nomenclator	0.0					none
ciphers/jan-van-nassau-1572-75/ciphertext_5549.tsv	open	ciphers/fr2751-dediou-mayenne/key_mayenne_1593_homophonic.tsv	?	?	fr	nomenclator	0.0					none
ciphers/jan-van-nassau-1572-75/j5s/ciphertext_5550.tsv	open	ciphers/fr2751-dediou-mayenne/key_mayenne_1593_homophonic.tsv	?	?	fr	nomenclator	0.0					none
ciphers/la-garde-1577/ciphertext_6179_v2.tsv	open	ciphers/fr2751-dediou-mayenne/key_mayenne_1593_homophonic.tsv	?	?	fr	nomenclator	0.0					none
ciphers/la-garde-1577/ciphertext_6467.tsv	open	ciphers/fr2751-dediou-mayenne/key_mayenne_1593_homophonic.tsv	?	?	fr	nomenclator	0.0					none
ciphers/la-garde-1577/ciphertext_6467_v2.tsv	open	ciphers/fr2751-dediou-mayenne/key_mayenne_1593_homophonic.tsv	?	?	fr	nomenclator	0.0					none
ciphers/moray-wood-1568/ciphertext.txt	open	ciphers/fr2751-dediou-mayenne/key_mayenne_1593_homophonic.tsv	?	?	fr	nomenclator	0.0					none
ciphers/orange-nassau-1572/ciphertext.txt	found-solved	ciphers/fr2751-dediou-mayenne/key_mayenne_1593_homophonic.tsv	?	?	fr	nomenclator	0.0					none
ciphers/orange-nassau-1572/ciphertext_2.txt	found-solved	ciphers/fr2751-dediou-mayenne/key_mayenne_1593_homophonic.tsv	?	?	fr	nomenclator	0.0					none
ciphers/ormond-arran-1678/ciphertext.txt	open	ciphers/fr2751-dediou-mayenne/key_mayenne_1593_homophonic.tsv	?	?	fr	nomenclator	0.0					none
ciphers/oxenstierna-gustav-adolf-1632/ciphertext.txt	found-solved	ciphers/fr2751-dediou-mayenne/key_mayenne_1593_homophonic.tsv	?	?	fr	nomenclator	0.0					none
ciphers/oxenstierna-gustav-adolf-1632/ciphertext_verified.tsv	found-solved	ciphers/fr2751-dediou-mayenne/key_mayenne_1593_homophonic.tsv	?	?	fr	nomenclator	0.0					none
ciphers/rah-canada-1869/ciphertext.tsv	solved	ciphers/fr2751-dediou-mayenne/key_mayenne_1593_homophonic.tsv	?	?	fr	nomenclator	0.0					none
ciphers/randolph-sussex-1569/ciphertext.txt	found-solved	ciphers/fr2751-dediou-mayenne/key_mayenne_1593_homophonic.tsv	?	?	fr	nomenclator	0.0					none
ciphers/sforza-maino-1446/ciphertext.txt	closed-negative	ciphers/fr2751-dediou-mayenne/key_mayenne_1593_homophonic.tsv	?	?	fr	nomenclator	0.0					none
ciphers/sp53-16-79/ciphertext.txt	open	ciphers/fr2751-dediou-mayenne/key_mayenne_1593_homophonic.tsv	?	?	fr	nomenclator	0.0					none
ciphers/sp53-22-f52/ciphertext.txt	open	ciphers/fr2751-dediou-mayenne/key_mayenne_1593_homophonic.tsv	?	?	fr	nomenclator	0.0					none
ciphers/stepney-manchester-1702/ciphertext.txt	offline-only	ciphers/fr2751-dediou-mayenne/key_mayenne_1593_homophonic.tsv	?	?	fr	nomenclator	0.0					none
ciphers/thurloe-printed/P10/ciphertext.txt	?	ciphers/fr2751-dediou-mayenne/key_mayenne_1593_homophonic.tsv	?	?	fr	nomenclator	0.0					none
ciphers/thurloe-printed/P11/ciphertext.txt	?	ciphers/fr2751-dediou-mayenne/key_mayenne_1593_homophonic.tsv	?	?	fr	nomenclator	0.0					none
ciphers/thurloe-printed/P12/ciphertext.txt	?	ciphers/fr2751-dediou-mayenne/key_mayenne_1593_homophonic.tsv	?	?	fr	nomenclator	0.0					none
ciphers/thurloe-printed/P13/ciphertext.txt	?	ciphers/fr2751-dediou-mayenne/key_mayenne_1593_homophonic.tsv	?	?	fr	nomenclator	0.0					none
ciphers/thurloe-printed/P14/ciphertext.txt	?	ciphers/fr2751-dediou-mayenne/key_mayenne_1593_homophonic.tsv	?	?	fr	nomenclator	0.0					none
ciphers/thurloe-printed/P15/ciphertext.txt	?	ciphers/fr2751-dediou-mayenne/key_mayenne_1593_homophonic.tsv	?	?	fr	nomenclator	0.0					none
ciphers/thurloe-printed/P16/ciphertext.txt	?	ciphers/fr2751-dediou-mayenne/key_mayenne_1593_homophonic.tsv	?	?	fr	nomenclator	0.0					none
ciphers/thurloe-printed/P17/ciphertext.txt	?	ciphers/fr2751-dediou-mayenne/key_mayenne_1593_homophonic.tsv	?	?	fr	nomenclator	0.0					none
ciphers/thurloe-printed/P18/ciphertext.txt	?	ciphers/fr2751-dediou-mayenne/key_mayenne_1593_homophonic.tsv	?	?	fr	nomenclator	0.0					none
ciphers/thurloe-printed/P19/ciphertext.txt	?	ciphers/fr2751-dediou-mayenne/key_mayenne_1593_homophonic.tsv	?	?	fr	nomenclator	0.0					none
ciphers/thurloe-printed/P2/ciphertext.txt	?	ciphers/fr2751-dediou-mayenne/key_mayenne_1593_homophonic.tsv	?	?	fr	nomenclator	0.0					none
ciphers/thurloe-printed/P21/ciphertext.txt	?	ciphers/fr2751-dediou-mayenne/key_mayenne_1593_homophonic.tsv	?	?	fr	nomenclator	0.0					none
ciphers/thurloe-printed/P22/ciphertext.txt	?	ciphers/fr2751-dediou-mayenne/key_mayenne_1593_homophonic.tsv	?	?	fr	nomenclator	0.0					none
ciphers/thurloe-printed/P24/ciphertext.txt	?	ciphers/fr2751-dediou-mayenne/key_mayenne_1593_homophonic.tsv	?	?	fr	nomenclator	0.0					none
ciphers/thurloe-printed/P3/ciphertext.txt	?	ciphers/fr2751-dediou-mayenne/key_mayenne_1593_homophonic.tsv	?	?	fr	nomenclator	0.0					none
ciphers/thurloe-printed/P4/ciphertext.txt	?	ciphers/fr2751-dediou-mayenne/key_mayenne_1593_homophonic.tsv	?	?	fr	nomenclator	0.0					none
ciphers/thurloe-printed/P5/ciphertext.txt	?	ciphers/fr2751-dediou-mayenne/key_mayenne_1593_homophonic.tsv	?	?	fr	nomenclator	0.0					none
ciphers/thurloe-printed/P6/ciphertext.txt	?	ciphers/fr2751-dediou-mayenne/key_mayenne_1593_homophonic.tsv	?	?	fr	nomenclator	0.0					none
ciphers/thurloe-printed/P7/ciphertext.txt	?	ciphers/fr2751-dediou-mayenne/key_mayenne_1593_homophonic.tsv	?	?	fr	nomenclator	0.0					none
ciphers/thurloe-printed/P8/ciphertext.txt	?	ciphers/fr2751-dediou-mayenne/key_mayenne_1593_homophonic.tsv	?	?	fr	nomenclator	0.0					none
ciphers/thurloe-printed/P9/ciphertext.txt	?	ciphers/fr2751-dediou-mayenne/key_mayenne_1593_homophonic.tsv	?	?	fr	nomenclator	0.0					none
ciphers/vanbeuningen-dewitt-1657/ciphertext.tsv	partial	ciphers/fr2751-dediou-mayenne/key_mayenne_1593_homophonic.tsv	?	?	fr	nomenclator	0.0					none
ciphers/wellington-maitland-1812/ciphertext.txt	partial	ciphers/fr2751-dediou-mayenne/key_mayenne_1593_homophonic.tsv	?	?	fr	nomenclator	0.0					none
ciphers/zodiac-z13-stress/ciphertext.txt	closed-negative	ciphers/fr2751-dediou-mayenne/key_mayenne_1593_homophonic.tsv	?	?	fr	nomenclator	0.0					none
ciphers/august-van-saksen-1561-64/ciphertext_126.tsv	partial	ciphers/fr2980-gramont/key.tsv	?	1530	fr	homophonic	0.108					unusable-key
ciphers/august-van-saksen-1561-64/ciphertext_53.tsv	partial	ciphers/fr2980-gramont/key.tsv	?	1530	fr	homophonic	0.165					unusable-key
ciphers/august-van-saksen-1561-64/ciphertext_57.tsv	partial	ciphers/fr2980-gramont/key.tsv	?	1530	fr	homophonic	0.127					unusable-key
ciphers/august-van-saksen-1561-64/ciphertext_74.tsv	partial	ciphers/fr2980-gramont/key.tsv	?	1530	fr	homophonic	0.1					unusable-key
ciphers/august-van-saksen-1561-64/ciphertext_98.tsv	partial	ciphers/fr2980-gramont/key.tsv	?	1530	fr	homophonic	0.137					unusable-key
ciphers/birago-nevers-1571/ciphertext.txt	open	ciphers/fr2980-gramont/key.tsv	?	1530	fr	homophonic	0.0					unusable-key
ciphers/clair1067-brienne-poland-1646/ciphertext.txt	solved	ciphers/fr2980-gramont/key.tsv	?	1530	fr	homophonic	0.044					unusable-key
ciphers/clair1108-duvergier/ciphertext.tsv	solved	ciphers/fr2980-gramont/key.tsv	?	1530	fr	homophonic	0.241					unusable-key
ciphers/clairambault1225-paget-1714/ciphertext.tsv	partial	ciphers/fr2980-gramont/key.tsv	?	1530	fr	homophonic	0.263					unusable-key
ciphers/decode-4450-bnf-fr20506-1525/ciphertext_f136.tsv	open	ciphers/fr2980-gramont/key.tsv	?	1530	fr	homophonic	0.066					unusable-key
ciphers/destaing-gerard-1779/ciphertext.txt	open	ciphers/fr2980-gramont/key.tsv	?	1530	fr	homophonic	0.007					unusable-key
ciphers/dupuy452-carpi-1520/ciphertext_f20_carpi.txt	found-solved	ciphers/fr2980-gramont/key.tsv	?	1530	fr	homophonic	0.0					unusable-key
ciphers/dupuy452-carpi-1520/ciphertext_f28.txt	found-solved	ciphers/fr2980-gramont/key.tsv	?	1530	fr	homophonic	0.0					unusable-key
ciphers/fr2933-salviati-1525/ciphertext_f54r.tsv	open	ciphers/fr2980-gramont/key.tsv	?	1530	fr	homophonic	0.119					unusable-key
ciphers/fr2933-salviati-1525/ciphertext_f54v.tsv	open	ciphers/fr2980-gramont/key.tsv	?	1530	fr	homophonic	0.113					unusable-key
ciphers/fr2933-salviati-1525/ciphertext_f55r.tsv	open	ciphers/fr2980-gramont/key.tsv	?	1530	fr	homophonic	0.17					unusable-key
ciphers/fr3985-nevers-revol-1593/ciphertext.tsv	blocked	ciphers/fr2980-gramont/key.tsv	?	1530	fr	homophonic	0.297					unusable-key
ciphers/fr3986-nevers-revol-1593/ciphertext.tsv	blocked	ciphers/fr2980-gramont/key.tsv	?	1530	fr	homophonic	0.227					unusable-key
ciphers/fr3987-nevers-revol-1593/ciphertext.tsv	blocked	ciphers/fr2980-gramont/key.tsv	?	1530	fr	homophonic	0.334					unusable-key
ciphers/fr3990-nevers-henri4-1594/ciphertext.tsv	blocked	ciphers/fr2980-gramont/key.tsv	?	1530	fr	homophonic	0.293					unusable-key
ciphers/fr5160-letellier-1653/ciphertext_f1.tsv	open	ciphers/fr2980-gramont/key.tsv	?	1530	fr	homophonic	0.074					unusable-key
ciphers/fr5160-letellier-1653/ciphertext_f67.tsv	open	ciphers/fr2980-gramont/key.tsv	?	1530	fr	homophonic	0.061					unusable-key
ciphers/fr5160-letellier-1653/ciphertext_f86.tsv	open	ciphers/fr2980-gramont/key.tsv	?	1530	fr	homophonic	0.107					unusable-key
ciphers/fr5160-letellier-1653/ciphertext_f88.tsv	open	ciphers/fr2980-gramont/key.tsv	?	1530	fr	homophonic	0.102					unusable-key
ciphers/fr5160-letellier-1653/ciphertext_f9.tsv	open	ciphers/fr2980-gramont/key.tsv	?	1530	fr	homophonic	0.097					unusable-key
ciphers/gunther-van-schwarzburg-1561/ciphertext.tsv	found-solved	ciphers/fr2980-gramont/key.tsv	?	1530	fr	homophonic	0.131					unusable-key
ciphers/gunther-van-schwarzburg-1561/ciphertext_5109.tsv	found-solved	ciphers/fr2980-gramont/key.tsv	?	1530	fr	homophonic	0.104					unusable-key
ciphers/gunther-van-schwarzburg-1561/ciphertext_5109.txt	found-solved	ciphers/fr2980-gramont/key.tsv	?	1530	fr	homophonic	0.104					unusable-key
ciphers/gunther-van-schwarzburg-1561/ciphertext_8246.txt	found-solved	ciphers/fr2980-gramont/key.tsv	?	1530	fr	homophonic	0.127					unusable-key
ciphers/hamilton-1650/ciphertext.txt	open	ciphers/fr2980-gramont/key.tsv	?	1530	fr	homophonic	0.03					unusable-key
ciphers/jan-van-nassau-1572-75/ciphertext_5549.tsv	open	ciphers/fr2980-gramont/key.tsv	?	1530	fr	homophonic	0.082					unusable-key
ciphers/jan-van-nassau-1572-75/j5s/ciphertext_5550.tsv	open	ciphers/fr2980-gramont/key.tsv	?	1530	fr	homophonic	0.196					unusable-key
ciphers/la-garde-1577/ciphertext_6179_v2.tsv	open	ciphers/fr2980-gramont/key.tsv	?	1530	fr	homophonic	0.217					unusable-key
ciphers/la-garde-1577/ciphertext_6467.tsv	open	ciphers/fr2980-gramont/key.tsv	?	1530	fr	homophonic	0.328					unusable-key
ciphers/la-garde-1577/ciphertext_6467_v2.tsv	open	ciphers/fr2980-gramont/key.tsv	?	1530	fr	homophonic	0.109					unusable-key
ciphers/moray-wood-1568/ciphertext.txt	open	ciphers/fr2980-gramont/key.tsv	?	1530	fr	homophonic	0.239					unusable-key
ciphers/orange-nassau-1572/ciphertext.txt	found-solved	ciphers/fr2980-gramont/key.tsv	?	1530	fr	homophonic	0.039					unusable-key
ciphers/orange-nassau-1572/ciphertext_2.txt	found-solved	ciphers/fr2980-gramont/key.tsv	?	1530	fr	homophonic	0.032					unusable-key
ciphers/ormond-arran-1678/ciphertext.txt	open	ciphers/fr2980-gramont/key.tsv	?	1530	fr	homophonic	0.0					unusable-key
ciphers/oxenstierna-gustav-adolf-1632/ciphertext.txt	found-solved	ciphers/fr2980-gramont/key.tsv	?	1530	fr	homophonic	0.001					unusable-key
ciphers/oxenstierna-gustav-adolf-1632/ciphertext_verified.tsv	found-solved	ciphers/fr2980-gramont/key.tsv	?	1530	fr	homophonic	0.175					unusable-key
ciphers/rah-canada-1869/ciphertext.tsv	solved	ciphers/fr2980-gramont/key.tsv	?	1530	fr	homophonic	0.091					unusable-key
ciphers/randolph-sussex-1569/ciphertext.txt	found-solved	ciphers/fr2980-gramont/key.tsv	?	1530	fr	homophonic	0.158					unusable-key
ciphers/sforza-maino-1446/ciphertext.txt	closed-negative	ciphers/fr2980-gramont/key.tsv	?	1530	fr	homophonic	0.374					unusable-key
ciphers/sp53-16-79/ciphertext.txt	open	ciphers/fr2980-gramont/key.tsv	?	1530	fr	homophonic	0.0					unusable-key
ciphers/sp53-22-f52/ciphertext.txt	open	ciphers/fr2980-gramont/key.tsv	?	1530	fr	homophonic	0.345					unusable-key
ciphers/stepney-manchester-1702/ciphertext.txt	offline-only	ciphers/fr2980-gramont/key.tsv	?	1530	fr	homophonic	0.0					unusable-key
ciphers/thurloe-printed/P10/ciphertext.txt	?	ciphers/fr2980-gramont/key.tsv	?	1530	fr	homophonic	0.009					unusable-key
ciphers/thurloe-printed/P11/ciphertext.txt	?	ciphers/fr2980-gramont/key.tsv	?	1530	fr	homophonic	0.04					unusable-key
ciphers/thurloe-printed/P12/ciphertext.txt	?	ciphers/fr2980-gramont/key.tsv	?	1530	fr	homophonic	0.028					unusable-key
ciphers/thurloe-printed/P13/ciphertext.txt	?	ciphers/fr2980-gramont/key.tsv	?	1530	fr	homophonic	0.068					unusable-key
ciphers/thurloe-printed/P14/ciphertext.txt	?	ciphers/fr2980-gramont/key.tsv	?	1530	fr	homophonic	0.028					unusable-key
ciphers/thurloe-printed/P15/ciphertext.txt	?	ciphers/fr2980-gramont/key.tsv	?	1530	fr	homophonic	0.022					unusable-key
ciphers/thurloe-printed/P16/ciphertext.txt	?	ciphers/fr2980-gramont/key.tsv	?	1530	fr	homophonic	0.008					unusable-key
ciphers/thurloe-printed/P17/ciphertext.txt	?	ciphers/fr2980-gramont/key.tsv	?	1530	fr	homophonic	0.016					unusable-key
ciphers/thurloe-printed/P18/ciphertext.txt	?	ciphers/fr2980-gramont/key.tsv	?	1530	fr	homophonic	0.023					unusable-key
ciphers/thurloe-printed/P19/ciphertext.txt	?	ciphers/fr2980-gramont/key.tsv	?	1530	fr	homophonic	0.092					unusable-key
ciphers/thurloe-printed/P2/ciphertext.txt	?	ciphers/fr2980-gramont/key.tsv	?	1530	fr	homophonic	0.006					unusable-key
ciphers/thurloe-printed/P21/ciphertext.txt	?	ciphers/fr2980-gramont/key.tsv	?	1530	fr	homophonic	0.052					unusable-key
ciphers/thurloe-printed/P22/ciphertext.txt	?	ciphers/fr2980-gramont/key.tsv	?	1530	fr	homophonic	0.051					unusable-key
ciphers/thurloe-printed/P24/ciphertext.txt	?	ciphers/fr2980-gramont/key.tsv	?	1530	fr	homophonic	0.069					unusable-key
ciphers/thurloe-printed/P3/ciphertext.txt	?	ciphers/fr2980-gramont/key.tsv	?	1530	fr	homophonic	0.032					unusable-key
ciphers/thurloe-printed/P4/ciphertext.txt	?	ciphers/fr2980-gramont/key.tsv	?	1530	fr	homophonic	0.006					unusable-key
ciphers/thurloe-printed/P5/ciphertext.txt	?	ciphers/fr2980-gramont/key.tsv	?	1530	fr	homophonic	0.022					unusable-key
ciphers/thurloe-printed/P6/ciphertext.txt	?	ciphers/fr2980-gramont/key.tsv	?	1530	fr	homophonic	0.035					unusable-key
ciphers/thurloe-printed/P7/ciphertext.txt	?	ciphers/fr2980-gramont/key.tsv	?	1530	fr	homophonic	0.029					unusable-key
ciphers/thurloe-printed/P8/ciphertext.txt	?	ciphers/fr2980-gramont/key.tsv	?	1530	fr	homophonic	0.013					unusable-key
ciphers/thurloe-printed/P9/ciphertext.txt	?	ciphers/fr2980-gramont/key.tsv	?	1530	fr	homophonic	0.01					unusable-key
ciphers/vanbeuningen-dewitt-1657/ciphertext.tsv	partial	ciphers/fr2980-gramont/key.tsv	?	1530	fr	homophonic	0.0					unusable-key
ciphers/wellington-maitland-1812/ciphertext.txt	partial	ciphers/fr2980-gramont/key.tsv	?	1530	fr	homophonic	0.01					unusable-key
ciphers/zodiac-z13-stress/ciphertext.txt	closed-negative	ciphers/fr2980-gramont/key.tsv	?	1530	fr	homophonic	0.077					unusable-key
ciphers/beinecke-mellon29-elia/ciphertext.tsv	closed-negative	ciphers/fr2980-gramont/key_extension_f30.tsv	?	1530	fr	monoalphabetic	0.108					unusable-key
ciphers/dupuy452-carpi-1520/ciphertext.txt	found-solved	ciphers/fr2980-gramont/key_extension_f30.tsv	?	1530	fr	monoalphabetic	0.053					unusable-key
ciphers/dupuy468-anhalt/ciphertext.txt	found-solved	ciphers/fr2980-gramont/key_extension_f30.tsv	?	1530	fr	monoalphabetic	0.118					unusable-key
ciphers/eckert-1862/ciphertext.txt	partial	ciphers/fr2980-gramont/key_extension_f30.tsv	?	1530	fr	monoalphabetic	0.0					unusable-key
ciphers/eckert-1864/ciphertext-no2.txt	partial	ciphers/fr2980-gramont/key_extension_f30.tsv	?	1530	fr	monoalphabetic	0.0					unusable-key
ciphers/eckert-1864/ciphertext.txt	partial	ciphers/fr2980-gramont/key_extension_f30.tsv	?	1530	fr	monoalphabetic	0.0					unusable-key
ciphers/fr20140-danzay-1557/ciphertext.txt	found-solved	ciphers/fr2980-gramont/key_extension_f30.tsv	?	1530	fr	monoalphabetic	0.0					unusable-key
ciphers/fr20140-danzay-1557/ciphertext_f36.tsv	found-solved	ciphers/fr2980-gramont/key_extension_f30.tsv	?	1530	fr	monoalphabetic	0.0					unusable-key
ciphers/sforza-maino-1446/ciphertext_f70.txt	closed-negative	ciphers/fr2980-gramont/key_extension_f30.tsv	?	1530	fr	monoalphabetic	0.01					unusable-key
ciphers/trew-posthius-1614-18/ciphertext.tsv	found-solved	ciphers/fr2980-gramont/key_extension_f30.tsv	?	1530	fr	monoalphabetic	0.086					unusable-key
ciphers/trew-posthius-1614-18/ciphertext_1614.tsv	found-solved	ciphers/fr2980-gramont/key_extension_f30.tsv	?	1530	fr	monoalphabetic	0.058					unusable-key
ciphers/trew-posthius-1614-18/ciphertext_1618.tsv	found-solved	ciphers/fr2980-gramont/key_extension_f30.tsv	?	1530	fr	monoalphabetic	0.15					unusable-key
ciphers/august-van-saksen-1561-64/ciphertext_126.tsv	partial	ciphers/fr3985-nevers-revol-1593/key.tsv	Nevers -> Revol	1593	?	code	0.512					unusable-key
ciphers/august-van-saksen-1561-64/ciphertext_53.tsv	partial	ciphers/fr3985-nevers-revol-1593/key.tsv	Nevers -> Revol	1593	?	code	0.745					unusable-key
ciphers/august-van-saksen-1561-64/ciphertext_57.tsv	partial	ciphers/fr3985-nevers-revol-1593/key.tsv	Nevers -> Revol	1593	?	code	0.717					unusable-key
ciphers/august-van-saksen-1561-64/ciphertext_74.tsv	partial	ciphers/fr3985-nevers-revol-1593/key.tsv	Nevers -> Revol	1593	?	code	0.717					unusable-key
ciphers/august-van-saksen-1561-64/ciphertext_98.tsv	partial	ciphers/fr3985-nevers-revol-1593/key.tsv	Nevers -> Revol	1593	?	code	0.525					unusable-key
ciphers/birago-nevers-1571/ciphertext.txt	open	ciphers/fr3985-nevers-revol-1593/key.tsv	Nevers -> Revol	1593	?	code	0.0					unusable-key
ciphers/clair1067-brienne-poland-1646/ciphertext.txt	solved	ciphers/fr3985-nevers-revol-1593/key.tsv	Nevers -> Revol	1593	?	code	0.287					unusable-key
ciphers/clair1108-duvergier/ciphertext.tsv	solved	ciphers/fr3985-nevers-revol-1593/key.tsv	Nevers -> Revol	1593	?	code	0.448					unusable-key
ciphers/clairambault1225-paget-1714/ciphertext.tsv	partial	ciphers/fr3985-nevers-revol-1593/key.tsv	Nevers -> Revol	1593	?	code	0.49					unusable-key
ciphers/decode-4450-bnf-fr20506-1525/ciphertext_f136.tsv	open	ciphers/fr3985-nevers-revol-1593/key.tsv	Nevers -> Revol	1593	?	code	0.529					unusable-key
ciphers/destaing-gerard-1779/ciphertext.txt	open	ciphers/fr3985-nevers-revol-1593/key.tsv	Nevers -> Revol	1593	?	code	0.091					unusable-key
ciphers/dupuy452-carpi-1520/ciphertext_f20_carpi.txt	found-solved	ciphers/fr3985-nevers-revol-1593/key.tsv	Nevers -> Revol	1593	?	code	0.0					unusable-key
ciphers/dupuy452-carpi-1520/ciphertext_f28.txt	found-solved	ciphers/fr3985-nevers-revol-1593/key.tsv	Nevers -> Revol	1593	?	code	0.0					unusable-key
ciphers/fr2933-salviati-1525/ciphertext_f54r.tsv	open	ciphers/fr3985-nevers-revol-1593/key.tsv	Nevers -> Revol	1593	?	code	0.471					unusable-key
ciphers/fr2933-salviati-1525/ciphertext_f54v.tsv	open	ciphers/fr3985-nevers-revol-1593/key.tsv	Nevers -> Revol	1593	?	code	0.485					unusable-key
ciphers/fr2933-salviati-1525/ciphertext_f55r.tsv	open	ciphers/fr3985-nevers-revol-1593/key.tsv	Nevers -> Revol	1593	?	code	0.28					unusable-key
ciphers/fr2980-gramont/ciphertext.txt	?	ciphers/fr3985-nevers-revol-1593/key.tsv	Nevers -> Revol	1593	?	code	0.437					unusable-key
ciphers/fr2980-gramont/ciphertext_f30.tsv	?	ciphers/fr3985-nevers-revol-1593/key.tsv	Nevers -> Revol	1593	?	code	0.324					unusable-key
ciphers/fr3985-nevers-revol-1593/ciphertext.tsv	blocked	ciphers/fr3985-nevers-revol-1593/key.tsv	Nevers -> Revol	1593	?	code	0.941					unusable-key
ciphers/fr3986-nevers-revol-1593/ciphertext.tsv	blocked	ciphers/fr3985-nevers-revol-1593/key.tsv	Nevers -> Revol	1593	?	code	0.712					unusable-key
ciphers/fr3987-nevers-revol-1593/ciphertext.tsv	blocked	ciphers/fr3985-nevers-revol-1593/key.tsv	Nevers -> Revol	1593	?	code	0.766					unusable-key
ciphers/fr3990-nevers-henri4-1594/ciphertext.tsv	blocked	ciphers/fr3985-nevers-revol-1593/key.tsv	Nevers -> Revol	1593	?	code	0.873					unusable-key
ciphers/fr5160-letellier-1653/ciphertext_f1.tsv	open	ciphers/fr3985-nevers-revol-1593/key.tsv	Nevers -> Revol	1593	?	code	0.29					unusable-key
ciphers/fr5160-letellier-1653/ciphertext_f67.tsv	open	ciphers/fr3985-nevers-revol-1593/key.tsv	Nevers -> Revol	1593	?	code	0.394					unusable-key
ciphers/fr5160-letellier-1653/ciphertext_f86.tsv	open	ciphers/fr3985-nevers-revol-1593/key.tsv	Nevers -> Revol	1593	?	code	0.396					unusable-key
ciphers/fr5160-letellier-1653/ciphertext_f88.tsv	open	ciphers/fr3985-nevers-revol-1593/key.tsv	Nevers -> Revol	1593	?	code	0.384					unusable-key
ciphers/fr5160-letellier-1653/ciphertext_f9.tsv	open	ciphers/fr3985-nevers-revol-1593/key.tsv	Nevers -> Revol	1593	?	code	0.314					unusable-key
ciphers/gunther-van-schwarzburg-1561/ciphertext.tsv	found-solved	ciphers/fr3985-nevers-revol-1593/key.tsv	Nevers -> Revol	1593	?	code	0.417					unusable-key
ciphers/gunther-van-schwarzburg-1561/ciphertext_5109.tsv	found-solved	ciphers/fr3985-nevers-revol-1593/key.tsv	Nevers -> Revol	1593	?	code	0.443					unusable-key
ciphers/gunther-van-schwarzburg-1561/ciphertext_5109.txt	found-solved	ciphers/fr3985-nevers-revol-1593/key.tsv	Nevers -> Revol	1593	?	code	0.406					unusable-key
ciphers/gunther-van-schwarzburg-1561/ciphertext_8246.txt	found-solved	ciphers/fr3985-nevers-revol-1593/key.tsv	Nevers -> Revol	1593	?	code	0.405					unusable-key
ciphers/hamilton-1650/ciphertext.txt	open	ciphers/fr3985-nevers-revol-1593/key.tsv	Nevers -> Revol	1593	?	code	0.23					unusable-key
ciphers/jan-van-nassau-1572-75/ciphertext_5549.tsv	open	ciphers/fr3985-nevers-revol-1593/key.tsv	Nevers -> Revol	1593	?	code	0.393					unusable-key
ciphers/jan-van-nassau-1572-75/j5s/ciphertext_5550.tsv	open	ciphers/fr3985-nevers-revol-1593/key.tsv	Nevers -> Revol	1593	?	code	0.451					unusable-key
ciphers/la-garde-1577/ciphertext_6179_v2.tsv	open	ciphers/fr3985-nevers-revol-1593/key.tsv	Nevers -> Revol	1593	?	code	0.577					unusable-key
ciphers/la-garde-1577/ciphertext_6467.tsv	open	ciphers/fr3985-nevers-revol-1593/key.tsv	Nevers -> Revol	1593	?	code	0.596					unusable-key
ciphers/la-garde-1577/ciphertext_6467_v2.tsv	open	ciphers/fr3985-nevers-revol-1593/key.tsv	Nevers -> Revol	1593	?	code	0.587					unusable-key
ciphers/moray-wood-1568/ciphertext.txt	open	ciphers/fr3985-nevers-revol-1593/key.tsv	Nevers -> Revol	1593	?	code	0.604					unusable-key
ciphers/orange-nassau-1572/ciphertext.txt	found-solved	ciphers/fr3985-nevers-revol-1593/key.tsv	Nevers -> Revol	1593	?	code	0.279					unusable-key
ciphers/orange-nassau-1572/ciphertext_2.txt	found-solved	ciphers/fr3985-nevers-revol-1593/key.tsv	Nevers -> Revol	1593	?	code	0.261					unusable-key
ciphers/ormond-arran-1678/ciphertext.txt	open	ciphers/fr3985-nevers-revol-1593/key.tsv	Nevers -> Revol	1593	?	code	0.059					unusable-key
ciphers/oxenstierna-gustav-adolf-1632/ciphertext.txt	found-solved	ciphers/fr3985-nevers-revol-1593/key.tsv	Nevers -> Revol	1593	?	code	0.002					unusable-key
ciphers/oxenstierna-gustav-adolf-1632/ciphertext_verified.tsv	found-solved	ciphers/fr3985-nevers-revol-1593/key.tsv	Nevers -> Revol	1593	?	code	0.225					unusable-key
ciphers/rah-canada-1869/ciphertext.tsv	solved	ciphers/fr3985-nevers-revol-1593/key.tsv	Nevers -> Revol	1593	?	code	0.304					unusable-key
ciphers/randolph-sussex-1569/ciphertext.txt	found-solved	ciphers/fr3985-nevers-revol-1593/key.tsv	Nevers -> Revol	1593	?	code	0.468					unusable-key
ciphers/sforza-maino-1446/ciphertext.txt	closed-negative	ciphers/fr3985-nevers-revol-1593/key.tsv	Nevers -> Revol	1593	?	code	0.743					unusable-key
ciphers/sp53-16-79/ciphertext.txt	open	ciphers/fr3985-nevers-revol-1593/key.tsv	Nevers -> Revol	1593	?	code	0.211					unusable-key
ciphers/sp53-22-f52/ciphertext.txt	open	ciphers/fr3985-nevers-revol-1593/key.tsv	Nevers -> Revol	1593	?	code	0.631					unusable-key
ciphers/stepney-manchester-1702/ciphertext.txt	offline-only	ciphers/fr3985-nevers-revol-1593/key.tsv	Nevers -> Revol	1593	?	code	0.053					unusable-key
ciphers/thurloe-printed/P10/ciphertext.txt	?	ciphers/fr3985-nevers-revol-1593/key.tsv	Nevers -> Revol	1593	?	code	0.206					unusable-key
ciphers/thurloe-printed/P11/ciphertext.txt	?	ciphers/fr3985-nevers-revol-1593/key.tsv	Nevers -> Revol	1593	?	code	0.233					unusable-key
ciphers/thurloe-printed/P12/ciphertext.txt	?	ciphers/fr3985-nevers-revol-1593/key.tsv	Nevers -> Revol	1593	?	code	0.276					unusable-key
ciphers/thurloe-printed/P13/ciphertext.txt	?	ciphers/fr3985-nevers-revol-1593/key.tsv	Nevers -> Revol	1593	?	code	0.309					unusable-key
ciphers/thurloe-printed/P14/ciphertext.txt	?	ciphers/fr3985-nevers-revol-1593/key.tsv	Nevers -> Revol	1593	?	code	0.248					unusable-key
ciphers/thurloe-printed/P15/ciphertext.txt	?	ciphers/fr3985-nevers-revol-1593/key.tsv	Nevers -> Revol	1593	?	code	0.256					unusable-key
ciphers/thurloe-printed/P16/ciphertext.txt	?	ciphers/fr3985-nevers-revol-1593/key.tsv	Nevers -> Revol	1593	?	code	0.402					unusable-key
ciphers/thurloe-printed/P17/ciphertext.txt	?	ciphers/fr3985-nevers-revol-1593/key.tsv	Nevers -> Revol	1593	?	code	0.295					unusable-key
ciphers/thurloe-printed/P18/ciphertext.txt	?	ciphers/fr3985-nevers-revol-1593/key.tsv	Nevers -> Revol	1593	?	code	0.289					unusable-key
ciphers/thurloe-printed/P19/ciphertext.txt	?	ciphers/fr3985-nevers-revol-1593/key.tsv	Nevers -> Revol	1593	?	code	0.393					unusable-key
ciphers/thurloe-printed/P2/ciphertext.txt	?	ciphers/fr3985-nevers-revol-1593/key.tsv	Nevers -> Revol	1593	?	code	0.2					unusable-key
ciphers/thurloe-printed/P21/ciphertext.txt	?	ciphers/fr3985-nevers-revol-1593/key.tsv	Nevers -> Revol	1593	?	code	0.369					unusable-key
ciphers/thurloe-printed/P22/ciphertext.txt	?	ciphers/fr3985-nevers-revol-1593/key.tsv	Nevers -> Revol	1593	?	code	0.362					unusable-key
ciphers/thurloe-printed/P24/ciphertext.txt	?	ciphers/fr3985-nevers-revol-1593/key.tsv	Nevers -> Revol	1593	?	code	0.377					unusable-key
ciphers/thurloe-printed/P3/ciphertext.txt	?	ciphers/fr3985-nevers-revol-1593/key.tsv	Nevers -> Revol	1593	?	code	0.123					unusable-key
ciphers/thurloe-printed/P4/ciphertext.txt	?	ciphers/fr3985-nevers-revol-1593/key.tsv	Nevers -> Revol	1593	?	code	0.243					unusable-key
ciphers/thurloe-printed/P5/ciphertext.txt	?	ciphers/fr3985-nevers-revol-1593/key.tsv	Nevers -> Revol	1593	?	code	0.335					unusable-key
ciphers/thurloe-printed/P6/ciphertext.txt	?	ciphers/fr3985-nevers-revol-1593/key.tsv	Nevers -> Revol	1593	?	code	0.32					unusable-key
ciphers/thurloe-printed/P7/ciphertext.txt	?	ciphers/fr3985-nevers-revol-1593/key.tsv	Nevers -> Revol	1593	?	code	0.333					unusable-key
ciphers/thurloe-printed/P8/ciphertext.txt	?	ciphers/fr3985-nevers-revol-1593/key.tsv	Nevers -> Revol	1593	?	code	0.21					unusable-key
ciphers/thurloe-printed/P9/ciphertext.txt	?	ciphers/fr3985-nevers-revol-1593/key.tsv	Nevers -> Revol	1593	?	code	0.157					unusable-key
ciphers/vanbeuningen-dewitt-1657/ciphertext.tsv	partial	ciphers/fr3985-nevers-revol-1593/key.tsv	Nevers -> Revol	1593	?	code	0.023					unusable-key
ciphers/wellington-maitland-1812/ciphertext.txt	partial	ciphers/fr3985-nevers-revol-1593/key.tsv	Nevers -> Revol	1593	?	code	0.059					unusable-key
ciphers/zodiac-z13-stress/ciphertext.txt	closed-negative	ciphers/fr3985-nevers-revol-1593/key.tsv	Nevers -> Revol	1593	?	code	0.692					unusable-key
ciphers/august-van-saksen-1561-64/ciphertext_126.tsv	partial	ciphers/fr3986-nevers-revol-1593/key.tsv	Nevers -> Revol	1593	fr	nomenclator	0.45					unusable-key
ciphers/august-van-saksen-1561-64/ciphertext_74.tsv	partial	ciphers/fr3986-nevers-revol-1593/key.tsv	Nevers -> Revol	1593	fr	nomenclator	0.437					unusable-key
ciphers/august-van-saksen-1561-64/ciphertext_98.tsv	partial	ciphers/fr3986-nevers-revol-1593/key.tsv	Nevers -> Revol	1593	fr	nomenclator	0.448					unusable-key
ciphers/birago-nevers-1571/ciphertext.txt	open	ciphers/fr3986-nevers-revol-1593/key.tsv	Nevers -> Revol	1593	fr	nomenclator	0.0					unusable-key
ciphers/clair1067-brienne-poland-1646/ciphertext.txt	solved	ciphers/fr3986-nevers-revol-1593/key.tsv	Nevers -> Revol	1593	fr	nomenclator	0.213					unusable-key
ciphers/clair1108-duvergier/ciphertext.tsv	solved	ciphers/fr3986-nevers-revol-1593/key.tsv	Nevers -> Revol	1593	fr	nomenclator	0.184					unusable-key
ciphers/clairambault1225-paget-1714/ciphertext.tsv	partial	ciphers/fr3986-nevers-revol-1593/key.tsv	Nevers -> Revol	1593	fr	nomenclator	0.266					unusable-key
ciphers/decode-4450-bnf-fr20506-1525/ciphertext_f136.tsv	open	ciphers/fr3986-nevers-revol-1593/key.tsv	Nevers -> Revol	1593	fr	nomenclator	0.246					unusable-key
ciphers/destaing-gerard-1779/ciphertext.txt	open	ciphers/fr3986-nevers-revol-1593/key.tsv	Nevers -> Revol	1593	fr	nomenclator	0.022					unusable-key
ciphers/dupuy452-carpi-1520/ciphertext_f20_carpi.txt	found-solved	ciphers/fr3986-nevers-revol-1593/key.tsv	Nevers -> Revol	1593	fr	nomenclator	0.0					unusable-key
ciphers/dupuy452-carpi-1520/ciphertext_f28.txt	found-solved	ciphers/fr3986-nevers-revol-1593/key.tsv	Nevers -> Revol	1593	fr	nomenclator	0.0					unusable-key
ciphers/fr2933-salviati-1525/ciphertext_f54r.tsv	open	ciphers/fr3986-nevers-revol-1593/key.tsv	Nevers -> Revol	1593	fr	nomenclator	0.342					unusable-key
ciphers/fr2933-salviati-1525/ciphertext_f54v.tsv	open	ciphers/fr3986-nevers-revol-1593/key.tsv	Nevers -> Revol	1593	fr	nomenclator	0.353					unusable-key
ciphers/fr2933-salviati-1525/ciphertext_f55r.tsv	open	ciphers/fr3986-nevers-revol-1593/key.tsv	Nevers -> Revol	1593	fr	nomenclator	0.277					unusable-key
ciphers/fr2980-gramont/ciphertext.txt	?	ciphers/fr3986-nevers-revol-1593/key.tsv	Nevers -> Revol	1593	fr	nomenclator	0.437					unusable-key
ciphers/fr2980-gramont/ciphertext_f30.tsv	?	ciphers/fr3986-nevers-revol-1593/key.tsv	Nevers -> Revol	1593	fr	nomenclator	0.356					unusable-key
ciphers/fr5160-letellier-1653/ciphertext_f1.tsv	open	ciphers/fr3986-nevers-revol-1593/key.tsv	Nevers -> Revol	1593	fr	nomenclator	0.199					unusable-key
ciphers/fr5160-letellier-1653/ciphertext_f67.tsv	open	ciphers/fr3986-nevers-revol-1593/key.tsv	Nevers -> Revol	1593	fr	nomenclator	0.266					unusable-key
ciphers/fr5160-letellier-1653/ciphertext_f86.tsv	open	ciphers/fr3986-nevers-revol-1593/key.tsv	Nevers -> Revol	1593	fr	nomenclator	0.282					unusable-key
ciphers/fr5160-letellier-1653/ciphertext_f88.tsv	open	ciphers/fr3986-nevers-revol-1593/key.tsv	Nevers -> Revol	1593	fr	nomenclator	0.218					unusable-key
ciphers/fr5160-letellier-1653/ciphertext_f9.tsv	open	ciphers/fr3986-nevers-revol-1593/key.tsv	Nevers -> Revol	1593	fr	nomenclator	0.19					unusable-key
ciphers/gunther-van-schwarzburg-1561/ciphertext.tsv	found-solved	ciphers/fr3986-nevers-revol-1593/key.tsv	Nevers -> Revol	1593	fr	nomenclator	0.332					unusable-key
ciphers/gunther-van-schwarzburg-1561/ciphertext_5109.tsv	found-solved	ciphers/fr3986-nevers-revol-1593/key.tsv	Nevers -> Revol	1593	fr	nomenclator	0.309					unusable-key
ciphers/gunther-van-schwarzburg-1561/ciphertext_5109.txt	found-solved	ciphers/fr3986-nevers-revol-1593/key.tsv	Nevers -> Revol	1593	fr	nomenclator	0.291					unusable-key
ciphers/gunther-van-schwarzburg-1561/ciphertext_8246.txt	found-solved	ciphers/fr3986-nevers-revol-1593/key.tsv	Nevers -> Revol	1593	fr	nomenclator	0.321					unusable-key
ciphers/hamilton-1650/ciphertext.txt	open	ciphers/fr3986-nevers-revol-1593/key.tsv	Nevers -> Revol	1593	fr	nomenclator	0.106					unusable-key
ciphers/jan-van-nassau-1572-75/ciphertext_5549.tsv	open	ciphers/fr3986-nevers-revol-1593/key.tsv	Nevers -> Revol	1593	fr	nomenclator	0.275					unusable-key
ciphers/jan-van-nassau-1572-75/j5s/ciphertext_5550.tsv	open	ciphers/fr3986-nevers-revol-1593/key.tsv	Nevers -> Revol	1593	fr	nomenclator	0.386					unusable-key
ciphers/la-garde-1577/ciphertext_6179_v2.tsv	open	ciphers/fr3986-nevers-revol-1593/key.tsv	Nevers -> Revol	1593	fr	nomenclator	0.3					unusable-key
ciphers/la-garde-1577/ciphertext_6467_v2.tsv	open	ciphers/fr3986-nevers-revol-1593/key.tsv	Nevers -> Revol	1593	fr	nomenclator	0.478					unusable-key
ciphers/moray-wood-1568/ciphertext.txt	open	ciphers/fr3986-nevers-revol-1593/key.tsv	Nevers -> Revol	1593	fr	nomenclator	0.433					unusable-key
ciphers/orange-nassau-1572/ciphertext.txt	found-solved	ciphers/fr3986-nevers-revol-1593/key.tsv	Nevers -> Revol	1593	fr	nomenclator	0.125					unusable-key
ciphers/orange-nassau-1572/ciphertext_2.txt	found-solved	ciphers/fr3986-nevers-revol-1593/key.tsv	Nevers -> Revol	1593	fr	nomenclator	0.102					unusable-key
ciphers/ormond-arran-1678/ciphertext.txt	open	ciphers/fr3986-nevers-revol-1593/key.tsv	Nevers -> Revol	1593	fr	nomenclator	0.0					unusable-key
ciphers/oxenstierna-gustav-adolf-1632/ciphertext.txt	found-solved	ciphers/fr3986-nevers-revol-1593/key.tsv	Nevers -> Revol	1593	fr	nomenclator	0.001					unusable-key
ciphers/oxenstierna-gustav-adolf-1632/ciphertext_verified.tsv	found-solved	ciphers/fr3986-nevers-revol-1593/key.tsv	Nevers -> Revol	1593	fr	nomenclator	0.024					unusable-key
ciphers/rah-canada-1869/ciphertext.tsv	solved	ciphers/fr3986-nevers-revol-1593/key.tsv	Nevers -> Revol	1593	fr	nomenclator	0.265					unusable-key
ciphers/randolph-sussex-1569/ciphertext.txt	found-solved	ciphers/fr3986-nevers-revol-1593/key.tsv	Nevers -> Revol	1593	fr	nomenclator	0.416					unusable-key
ciphers/sp53-16-79/ciphertext.txt	open	ciphers/fr3986-nevers-revol-1593/key.tsv	Nevers -> Revol	1593	fr	nomenclator	0.085					unusable-key
ciphers/stepney-manchester-1702/ciphertext.txt	offline-only	ciphers/fr3986-nevers-revol-1593/key.tsv	Nevers -> Revol	1593	fr	nomenclator	0.0					unusable-key
ciphers/thurloe-printed/P10/ciphertext.txt	?	ciphers/fr3986-nevers-revol-1593/key.tsv	Nevers -> Revol	1593	fr	nomenclator	0.124					unusable-key
ciphers/thurloe-printed/P11/ciphertext.txt	?	ciphers/fr3986-nevers-revol-1593/key.tsv	Nevers -> Revol	1593	fr	nomenclator	0.176					unusable-key
ciphers/thurloe-printed/P12/ciphertext.txt	?	ciphers/fr3986-nevers-revol-1593/key.tsv	Nevers -> Revol	1593	fr	nomenclator	0.179					unusable-key
ciphers/thurloe-printed/P13/ciphertext.txt	?	ciphers/fr3986-nevers-revol-1593/key.tsv	Nevers -> Revol	1593	fr	nomenclator	0.203					unusable-key
ciphers/thurloe-printed/P14/ciphertext.txt	?	ciphers/fr3986-nevers-revol-1593/key.tsv	Nevers -> Revol	1593	fr	nomenclator	0.134					unusable-key
ciphers/thurloe-printed/P15/ciphertext.txt	?	ciphers/fr3986-nevers-revol-1593/key.tsv	Nevers -> Revol	1593	fr	nomenclator	0.161					unusable-key
ciphers/thurloe-printed/P16/ciphertext.txt	?	ciphers/fr3986-nevers-revol-1593/key.tsv	Nevers -> Revol	1593	fr	nomenclator	0.205					unusable-key
ciphers/thurloe-printed/P17/ciphertext.txt	?	ciphers/fr3986-nevers-revol-1593/key.tsv	Nevers -> Revol	1593	fr	nomenclator	0.133					unusable-key
ciphers/thurloe-printed/P18/ciphertext.txt	?	ciphers/fr3986-nevers-revol-1593/key.tsv	Nevers -> Revol	1593	fr	nomenclator	0.151					unusable-key
ciphers/thurloe-printed/P19/ciphertext.txt	?	ciphers/fr3986-nevers-revol-1593/key.tsv	Nevers -> Revol	1593	fr	nomenclator	0.233					unusable-key
ciphers/thurloe-printed/P2/ciphertext.txt	?	ciphers/fr3986-nevers-revol-1593/key.tsv	Nevers -> Revol	1593	fr	nomenclator	0.1					unusable-key
ciphers/thurloe-printed/P21/ciphertext.txt	?	ciphers/fr3986-nevers-revol-1593/key.tsv	Nevers -> Revol	1593	fr	nomenclator	0.14					unusable-key
ciphers/thurloe-printed/P22/ciphertext.txt	?	ciphers/fr3986-nevers-revol-1593/key.tsv	Nevers -> Revol	1593	fr	nomenclator	0.118					unusable-key
ciphers/thurloe-printed/P24/ciphertext.txt	?	ciphers/fr3986-nevers-revol-1593/key.tsv	Nevers -> Revol	1593	fr	nomenclator	0.157					unusable-key
ciphers/thurloe-printed/P3/ciphertext.txt	?	ciphers/fr3986-nevers-revol-1593/key.tsv	Nevers -> Revol	1593	fr	nomenclator	0.045					unusable-key
ciphers/thurloe-printed/P4/ciphertext.txt	?	ciphers/fr3986-nevers-revol-1593/key.tsv	Nevers -> Revol	1593	fr	nomenclator	0.123					unusable-key
ciphers/thurloe-printed/P5/ciphertext.txt	?	ciphers/fr3986-nevers-revol-1593/key.tsv	Nevers -> Revol	1593	fr	nomenclator	0.18					unusable-key
ciphers/thurloe-printed/P6/ciphertext.txt	?	ciphers/fr3986-nevers-revol-1593/key.tsv	Nevers -> Revol	1593	fr	nomenclator	0.184					unusable-key
ciphers/thurloe-printed/P7/ciphertext.txt	?	ciphers/fr3986-nevers-revol-1593/key.tsv	Nevers -> Revol	1593	fr	nomenclator	0.177					unusable-key
ciphers/thurloe-printed/P8/ciphertext.txt	?	ciphers/fr3986-nevers-revol-1593/key.tsv	Nevers -> Revol	1593	fr	nomenclator	0.111					unusable-key
ciphers/thurloe-printed/P9/ciphertext.txt	?	ciphers/fr3986-nevers-revol-1593/key.tsv	Nevers -> Revol	1593	fr	nomenclator	0.108					unusable-key
ciphers/vanbeuningen-dewitt-1657/ciphertext.tsv	partial	ciphers/fr3986-nevers-revol-1593/key.tsv	Nevers -> Revol	1593	fr	nomenclator	0.0					unusable-key
ciphers/wellington-maitland-1812/ciphertext.txt	partial	ciphers/fr3986-nevers-revol-1593/key.tsv	Nevers -> Revol	1593	fr	nomenclator	0.01					unusable-key
ciphers/august-van-saksen-1561-64/ciphertext_126.tsv	partial	ciphers/fr3987-nevers-revol-1593/key.tsv	Nevers -> Revol	1593	fr	nomenclator	0.45					unusable-key
ciphers/august-van-saksen-1561-64/ciphertext_74.tsv	partial	ciphers/fr3987-nevers-revol-1593/key.tsv	Nevers -> Revol	1593	fr	nomenclator	0.437					unusable-key
ciphers/august-van-saksen-1561-64/ciphertext_98.tsv	partial	ciphers/fr3987-nevers-revol-1593/key.tsv	Nevers -> Revol	1593	fr	nomenclator	0.448					unusable-key
ciphers/birago-nevers-1571/ciphertext.txt	open	ciphers/fr3987-nevers-revol-1593/key.tsv	Nevers -> Revol	1593	fr	nomenclator	0.0					unusable-key
ciphers/clair1067-brienne-poland-1646/ciphertext.txt	solved	ciphers/fr3987-nevers-revol-1593/key.tsv	Nevers -> Revol	1593	fr	nomenclator	0.213					unusable-key
ciphers/clair1108-duvergier/ciphertext.tsv	solved	ciphers/fr3987-nevers-revol-1593/key.tsv	Nevers -> Revol	1593	fr	nomenclator	0.184					unusable-key
ciphers/clairambault1225-paget-1714/ciphertext.tsv	partial	ciphers/fr3987-nevers-revol-1593/key.tsv	Nevers -> Revol	1593	fr	nomenclator	0.266					unusable-key
ciphers/decode-4450-bnf-fr20506-1525/ciphertext_f136.tsv	open	ciphers/fr3987-nevers-revol-1593/key.tsv	Nevers -> Revol	1593	fr	nomenclator	0.246					unusable-key
ciphers/destaing-gerard-1779/ciphertext.txt	open	ciphers/fr3987-nevers-revol-1593/key.tsv	Nevers -> Revol	1593	fr	nomenclator	0.022					unusable-key
ciphers/dupuy452-carpi-1520/ciphertext_f20_carpi.txt	found-solved	ciphers/fr3987-nevers-revol-1593/key.tsv	Nevers -> Revol	1593	fr	nomenclator	0.0					unusable-key
ciphers/dupuy452-carpi-1520/ciphertext_f28.txt	found-solved	ciphers/fr3987-nevers-revol-1593/key.tsv	Nevers -> Revol	1593	fr	nomenclator	0.0					unusable-key
ciphers/fr2933-salviati-1525/ciphertext_f54r.tsv	open	ciphers/fr3987-nevers-revol-1593/key.tsv	Nevers -> Revol	1593	fr	nomenclator	0.342					unusable-key
ciphers/fr2933-salviati-1525/ciphertext_f54v.tsv	open	ciphers/fr3987-nevers-revol-1593/key.tsv	Nevers -> Revol	1593	fr	nomenclator	0.353					unusable-key
ciphers/fr2933-salviati-1525/ciphertext_f55r.tsv	open	ciphers/fr3987-nevers-revol-1593/key.tsv	Nevers -> Revol	1593	fr	nomenclator	0.277					unusable-key
ciphers/fr2980-gramont/ciphertext.txt	?	ciphers/fr3987-nevers-revol-1593/key.tsv	Nevers -> Revol	1593	fr	nomenclator	0.437					unusable-key
ciphers/fr2980-gramont/ciphertext_f30.tsv	?	ciphers/fr3987-nevers-revol-1593/key.tsv	Nevers -> Revol	1593	fr	nomenclator	0.356					unusable-key
ciphers/fr5160-letellier-1653/ciphertext_f1.tsv	open	ciphers/fr3987-nevers-revol-1593/key.tsv	Nevers -> Revol	1593	fr	nomenclator	0.199					unusable-key
ciphers/fr5160-letellier-1653/ciphertext_f67.tsv	open	ciphers/fr3987-nevers-revol-1593/key.tsv	Nevers -> Revol	1593	fr	nomenclator	0.266					unusable-key
ciphers/fr5160-letellier-1653/ciphertext_f86.tsv	open	ciphers/fr3987-nevers-revol-1593/key.tsv	Nevers -> Revol	1593	fr	nomenclator	0.282					unusable-key
ciphers/fr5160-letellier-1653/ciphertext_f88.tsv	open	ciphers/fr3987-nevers-revol-1593/key.tsv	Nevers -> Revol	1593	fr	nomenclator	0.218					unusable-key
ciphers/fr5160-letellier-1653/ciphertext_f9.tsv	open	ciphers/fr3987-nevers-revol-1593/key.tsv	Nevers -> Revol	1593	fr	nomenclator	0.19					unusable-key
ciphers/gunther-van-schwarzburg-1561/ciphertext.tsv	found-solved	ciphers/fr3987-nevers-revol-1593/key.tsv	Nevers -> Revol	1593	fr	nomenclator	0.332					unusable-key
ciphers/gunther-van-schwarzburg-1561/ciphertext_5109.tsv	found-solved	ciphers/fr3987-nevers-revol-1593/key.tsv	Nevers -> Revol	1593	fr	nomenclator	0.309					unusable-key
ciphers/gunther-van-schwarzburg-1561/ciphertext_5109.txt	found-solved	ciphers/fr3987-nevers-revol-1593/key.tsv	Nevers -> Revol	1593	fr	nomenclator	0.291					unusable-key
ciphers/gunther-van-schwarzburg-1561/ciphertext_8246.txt	found-solved	ciphers/fr3987-nevers-revol-1593/key.tsv	Nevers -> Revol	1593	fr	nomenclator	0.321					unusable-key
ciphers/hamilton-1650/ciphertext.txt	open	ciphers/fr3987-nevers-revol-1593/key.tsv	Nevers -> Revol	1593	fr	nomenclator	0.106					unusable-key
ciphers/jan-van-nassau-1572-75/ciphertext_5549.tsv	open	ciphers/fr3987-nevers-revol-1593/key.tsv	Nevers -> Revol	1593	fr	nomenclator	0.275					unusable-key
ciphers/jan-van-nassau-1572-75/j5s/ciphertext_5550.tsv	open	ciphers/fr3987-nevers-revol-1593/key.tsv	Nevers -> Revol	1593	fr	nomenclator	0.386					unusable-key
ciphers/la-garde-1577/ciphertext_6179_v2.tsv	open	ciphers/fr3987-nevers-revol-1593/key.tsv	Nevers -> Revol	1593	fr	nomenclator	0.3					unusable-key
ciphers/la-garde-1577/ciphertext_6467_v2.tsv	open	ciphers/fr3987-nevers-revol-1593/key.tsv	Nevers -> Revol	1593	fr	nomenclator	0.478					unusable-key
ciphers/moray-wood-1568/ciphertext.txt	open	ciphers/fr3987-nevers-revol-1593/key.tsv	Nevers -> Revol	1593	fr	nomenclator	0.433					unusable-key
ciphers/orange-nassau-1572/ciphertext.txt	found-solved	ciphers/fr3987-nevers-revol-1593/key.tsv	Nevers -> Revol	1593	fr	nomenclator	0.125					unusable-key
ciphers/orange-nassau-1572/ciphertext_2.txt	found-solved	ciphers/fr3987-nevers-revol-1593/key.tsv	Nevers -> Revol	1593	fr	nomenclator	0.102					unusable-key
ciphers/ormond-arran-1678/ciphertext.txt	open	ciphers/fr3987-nevers-revol-1593/key.tsv	Nevers -> Revol	1593	fr	nomenclator	0.0					unusable-key
ciphers/oxenstierna-gustav-adolf-1632/ciphertext.txt	found-solved	ciphers/fr3987-nevers-revol-1593/key.tsv	Nevers -> Revol	1593	fr	nomenclator	0.001					unusable-key
ciphers/oxenstierna-gustav-adolf-1632/ciphertext_verified.tsv	found-solved	ciphers/fr3987-nevers-revol-1593/key.tsv	Nevers -> Revol	1593	fr	nomenclator	0.024					unusable-key
ciphers/rah-canada-1869/ciphertext.tsv	solved	ciphers/fr3987-nevers-revol-1593/key.tsv	Nevers -> Revol	1593	fr	nomenclator	0.265					unusable-key
ciphers/randolph-sussex-1569/ciphertext.txt	found-solved	ciphers/fr3987-nevers-revol-1593/key.tsv	Nevers -> Revol	1593	fr	nomenclator	0.416					unusable-key
ciphers/sp53-16-79/ciphertext.txt	open	ciphers/fr3987-nevers-revol-1593/key.tsv	Nevers -> Revol	1593	fr	nomenclator	0.085					unusable-key
ciphers/stepney-manchester-1702/ciphertext.txt	offline-only	ciphers/fr3987-nevers-revol-1593/key.tsv	Nevers -> Revol	1593	fr	nomenclator	0.0					unusable-key
ciphers/thurloe-printed/P10/ciphertext.txt	?	ciphers/fr3987-nevers-revol-1593/key.tsv	Nevers -> Revol	1593	fr	nomenclator	0.124					unusable-key
ciphers/thurloe-printed/P11/ciphertext.txt	?	ciphers/fr3987-nevers-revol-1593/key.tsv	Nevers -> Revol	1593	fr	nomenclator	0.176					unusable-key
ciphers/thurloe-printed/P12/ciphertext.txt	?	ciphers/fr3987-nevers-revol-1593/key.tsv	Nevers -> Revol	1593	fr	nomenclator	0.179					unusable-key
ciphers/thurloe-printed/P13/ciphertext.txt	?	ciphers/fr3987-nevers-revol-1593/key.tsv	Nevers -> Revol	1593	fr	nomenclator	0.203					unusable-key
ciphers/thurloe-printed/P14/ciphertext.txt	?	ciphers/fr3987-nevers-revol-1593/key.tsv	Nevers -> Revol	1593	fr	nomenclator	0.134					unusable-key
ciphers/thurloe-printed/P15/ciphertext.txt	?	ciphers/fr3987-nevers-revol-1593/key.tsv	Nevers -> Revol	1593	fr	nomenclator	0.161					unusable-key
ciphers/thurloe-printed/P16/ciphertext.txt	?	ciphers/fr3987-nevers-revol-1593/key.tsv	Nevers -> Revol	1593	fr	nomenclator	0.205					unusable-key
ciphers/thurloe-printed/P17/ciphertext.txt	?	ciphers/fr3987-nevers-revol-1593/key.tsv	Nevers -> Revol	1593	fr	nomenclator	0.133					unusable-key
ciphers/thurloe-printed/P18/ciphertext.txt	?	ciphers/fr3987-nevers-revol-1593/key.tsv	Nevers -> Revol	1593	fr	nomenclator	0.151					unusable-key
ciphers/thurloe-printed/P19/ciphertext.txt	?	ciphers/fr3987-nevers-revol-1593/key.tsv	Nevers -> Revol	1593	fr	nomenclator	0.233					unusable-key
ciphers/thurloe-printed/P2/ciphertext.txt	?	ciphers/fr3987-nevers-revol-1593/key.tsv	Nevers -> Revol	1593	fr	nomenclator	0.1					unusable-key
ciphers/thurloe-printed/P21/ciphertext.txt	?	ciphers/fr3987-nevers-revol-1593/key.tsv	Nevers -> Revol	1593	fr	nomenclator	0.14					unusable-key
ciphers/thurloe-printed/P22/ciphertext.txt	?	ciphers/fr3987-nevers-revol-1593/key.tsv	Nevers -> Revol	1593	fr	nomenclator	0.118					unusable-key
ciphers/thurloe-printed/P24/ciphertext.txt	?	ciphers/fr3987-nevers-revol-1593/key.tsv	Nevers -> Revol	1593	fr	nomenclator	0.157					unusable-key
ciphers/thurloe-printed/P3/ciphertext.txt	?	ciphers/fr3987-nevers-revol-1593/key.tsv	Nevers -> Revol	1593	fr	nomenclator	0.045					unusable-key
ciphers/thurloe-printed/P4/ciphertext.txt	?	ciphers/fr3987-nevers-revol-1593/key.tsv	Nevers -> Revol	1593	fr	nomenclator	0.123					unusable-key
ciphers/thurloe-printed/P5/ciphertext.txt	?	ciphers/fr3987-nevers-revol-1593/key.tsv	Nevers -> Revol	1593	fr	nomenclator	0.18					unusable-key
ciphers/thurloe-printed/P6/ciphertext.txt	?	ciphers/fr3987-nevers-revol-1593/key.tsv	Nevers -> Revol	1593	fr	nomenclator	0.184					unusable-key
ciphers/thurloe-printed/P7/ciphertext.txt	?	ciphers/fr3987-nevers-revol-1593/key.tsv	Nevers -> Revol	1593	fr	nomenclator	0.177					unusable-key
ciphers/thurloe-printed/P8/ciphertext.txt	?	ciphers/fr3987-nevers-revol-1593/key.tsv	Nevers -> Revol	1593	fr	nomenclator	0.111					unusable-key
ciphers/thurloe-printed/P9/ciphertext.txt	?	ciphers/fr3987-nevers-revol-1593/key.tsv	Nevers -> Revol	1593	fr	nomenclator	0.108					unusable-key
ciphers/vanbeuningen-dewitt-1657/ciphertext.tsv	partial	ciphers/fr3987-nevers-revol-1593/key.tsv	Nevers -> Revol	1593	fr	nomenclator	0.0					unusable-key
ciphers/wellington-maitland-1812/ciphertext.txt	partial	ciphers/fr3987-nevers-revol-1593/key.tsv	Nevers -> Revol	1593	fr	nomenclator	0.01					unusable-key
ciphers/august-van-saksen-1561-64/ciphertext_126.tsv	partial	ciphers/fr5160-letellier-1653/key_1659.tsv	?	1653-1661	fr	nomenclator	0.358					unusable-key
ciphers/birago-nevers-1571/ciphertext.txt	open	ciphers/fr5160-letellier-1653/key_1659.tsv	?	1653-1661	fr	nomenclator	0.0					unusable-key
ciphers/clair1067-brienne-poland-1646/ciphertext.txt	solved	ciphers/fr5160-letellier-1653/key_1659.tsv	?	1653-1661	fr	nomenclator	0.284					unusable-key
ciphers/clair1108-duvergier/ciphertext.tsv	solved	ciphers/fr5160-letellier-1653/key_1659.tsv	?	1653-1661	fr	nomenclator	0.219					unusable-key
ciphers/clairambault1225-paget-1714/ciphertext.tsv	partial	ciphers/fr5160-letellier-1653/key_1659.tsv	?	1653-1661	fr	nomenclator	0.269					unusable-key
ciphers/decode-4450-bnf-fr20506-1525/ciphertext_f136.tsv	open	ciphers/fr5160-letellier-1653/key_1659.tsv	?	1653-1661	fr	nomenclator	0.326					unusable-key
ciphers/destaing-gerard-1779/ciphertext.txt	open	ciphers/fr5160-letellier-1653/key_1659.tsv	?	1653-1661	fr	nomenclator	0.083					unusable-key
ciphers/dupuy452-carpi-1520/ciphertext_f20_carpi.txt	found-solved	ciphers/fr5160-letellier-1653/key_1659.tsv	?	1653-1661	fr	nomenclator	0.0					unusable-key
ciphers/dupuy452-carpi-1520/ciphertext_f28.txt	found-solved	ciphers/fr5160-letellier-1653/key_1659.tsv	?	1653-1661	fr	nomenclator	0.0					unusable-key
ciphers/fr2933-salviati-1525/ciphertext_f54r.tsv	open	ciphers/fr5160-letellier-1653/key_1659.tsv	?	1653-1661	fr	nomenclator	0.416					unusable-key
ciphers/fr2933-salviati-1525/ciphertext_f54v.tsv	open	ciphers/fr5160-letellier-1653/key_1659.tsv	?	1653-1661	fr	nomenclator	0.427					unusable-key
ciphers/fr2933-salviati-1525/ciphertext_f55r.tsv	open	ciphers/fr5160-letellier-1653/key_1659.tsv	?	1653-1661	fr	nomenclator	0.022					unusable-key
ciphers/fr2980-gramont/ciphertext.txt	?	ciphers/fr5160-letellier-1653/key_1659.tsv	?	1653-1661	fr	nomenclator	0.19					unusable-key
ciphers/fr2980-gramont/ciphertext_f30.tsv	?	ciphers/fr5160-letellier-1653/key_1659.tsv	?	1653-1661	fr	nomenclator	0.199					unusable-key
ciphers/fr3985-nevers-revol-1593/ciphertext.tsv	blocked	ciphers/fr5160-letellier-1653/key_1659.tsv	?	1653-1661	fr	nomenclator	0.134					unusable-key
ciphers/fr3986-nevers-revol-1593/ciphertext.tsv	blocked	ciphers/fr5160-letellier-1653/key_1659.tsv	?	1653-1661	fr	nomenclator	0.242					unusable-key
ciphers/fr3987-nevers-revol-1593/ciphertext.tsv	blocked	ciphers/fr5160-letellier-1653/key_1659.tsv	?	1653-1661	fr	nomenclator	0.172					unusable-key
ciphers/fr3990-nevers-henri4-1594/ciphertext.tsv	blocked	ciphers/fr5160-letellier-1653/key_1659.tsv	?	1653-1661	fr	nomenclator	0.131					unusable-key
ciphers/fr5160-letellier-1653/ciphertext_f1.tsv	open	ciphers/fr5160-letellier-1653/key_1659.tsv	?	1653-1661	fr	nomenclator	0.492					unusable-key
ciphers/fr5160-letellier-1653/ciphertext_f9.tsv	open	ciphers/fr5160-letellier-1653/key_1659.tsv	?	1653-1661	fr	nomenclator	0.469					unusable-key
ciphers/gunther-van-schwarzburg-1561/ciphertext.tsv	found-solved	ciphers/fr5160-letellier-1653/key_1659.tsv	?	1653-1661	fr	nomenclator	0.137					unusable-key
ciphers/gunther-van-schwarzburg-1561/ciphertext_5109.tsv	found-solved	ciphers/fr5160-letellier-1653/key_1659.tsv	?	1653-1661	fr	nomenclator	0.096					unusable-key
ciphers/gunther-van-schwarzburg-1561/ciphertext_5109.txt	found-solved	ciphers/fr5160-letellier-1653/key_1659.tsv	?	1653-1661	fr	nomenclator	0.088					unusable-key
ciphers/gunther-van-schwarzburg-1561/ciphertext_8246.txt	found-solved	ciphers/fr5160-letellier-1653/key_1659.tsv	?	1653-1661	fr	nomenclator	0.135					unusable-key
ciphers/hamilton-1650/ciphertext.txt	open	ciphers/fr5160-letellier-1653/key_1659.tsv	?	1653-1661	fr	nomenclator	0.213					unusable-key
ciphers/jan-van-nassau-1572-75/ciphertext_5549.tsv	open	ciphers/fr5160-letellier-1653/key_1659.tsv	?	1653-1661	fr	nomenclator	0.451					unusable-key
ciphers/jan-van-nassau-1572-75/j5s/ciphertext_5550.tsv	open	ciphers/fr5160-letellier-1653/key_1659.tsv	?	1653-1661	fr	nomenclator	0.429					unusable-key
ciphers/la-garde-1577/ciphertext_6179_v2.tsv	open	ciphers/fr5160-letellier-1653/key_1659.tsv	?	1653-1661	fr	nomenclator	0.345					unusable-key
ciphers/la-garde-1577/ciphertext_6467_v2.tsv	open	ciphers/fr5160-letellier-1653/key_1659.tsv	?	1653-1661	fr	nomenclator	0.457					unusable-key
ciphers/moray-wood-1568/ciphertext.txt	open	ciphers/fr5160-letellier-1653/key_1659.tsv	?	1653-1661	fr	nomenclator	0.336					unusable-key
ciphers/orange-nassau-1572/ciphertext.txt	found-solved	ciphers/fr5160-letellier-1653/key_1659.tsv	?	1653-1661	fr	nomenclator	0.262					unusable-key
ciphers/orange-nassau-1572/ciphertext_2.txt	found-solved	ciphers/fr5160-letellier-1653/key_1659.tsv	?	1653-1661	fr	nomenclator	0.333					unusable-key
ciphers/ormond-arran-1678/ciphertext.txt	open	ciphers/fr5160-letellier-1653/key_1659.tsv	?	1653-1661	fr	nomenclator	0.059					unusable-key
ciphers/oxenstierna-gustav-adolf-1632/ciphertext.txt	found-solved	ciphers/fr5160-letellier-1653/key_1659.tsv	?	1653-1661	fr	nomenclator	0.001					unusable-key
ciphers/oxenstierna-gustav-adolf-1632/ciphertext_verified.tsv	found-solved	ciphers/fr5160-letellier-1653/key_1659.tsv	?	1653-1661	fr	nomenclator	0.139					unusable-key
ciphers/rah-canada-1869/ciphertext.tsv	solved	ciphers/fr5160-letellier-1653/key_1659.tsv	?	1653-1661	fr	nomenclator	0.265					unusable-key
ciphers/randolph-sussex-1569/ciphertext.txt	found-solved	ciphers/fr5160-letellier-1653/key_1659.tsv	?	1653-1661	fr	nomenclator	0.112					unusable-key
ciphers/sforza-maino-1446/ciphertext.txt	closed-negative	ciphers/fr5160-letellier-1653/key_1659.tsv	?	1653-1661	fr	nomenclator	0.074					unusable-key
ciphers/sp53-16-79/ciphertext.txt	open	ciphers/fr5160-letellier-1653/key_1659.tsv	?	1653-1661	fr	nomenclator	0.22					unusable-key
ciphers/stepney-manchester-1702/ciphertext.txt	offline-only	ciphers/fr5160-letellier-1653/key_1659.tsv	?	1653-1661	fr	nomenclator	0.053					unusable-key
ciphers/thurloe-printed/P10/ciphertext.txt	?	ciphers/fr5160-letellier-1653/key_1659.tsv	?	1653-1661	fr	nomenclator	0.399					unusable-key
ciphers/thurloe-printed/P11/ciphertext.txt	?	ciphers/fr5160-letellier-1653/key_1659.tsv	?	1653-1661	fr	nomenclator	0.344					unusable-key
ciphers/thurloe-printed/P12/ciphertext.txt	?	ciphers/fr5160-letellier-1653/key_1659.tsv	?	1653-1661	fr	nomenclator	0.268					unusable-key
ciphers/thurloe-printed/P13/ciphertext.txt	?	ciphers/fr5160-letellier-1653/key_1659.tsv	?	1653-1661	fr	nomenclator	0.337					unusable-key
ciphers/thurloe-printed/P14/ciphertext.txt	?	ciphers/fr5160-letellier-1653/key_1659.tsv	?	1653-1661	fr	nomenclator	0.337					unusable-key
ciphers/thurloe-printed/P15/ciphertext.txt	?	ciphers/fr5160-letellier-1653/key_1659.tsv	?	1653-1661	fr	nomenclator	0.269					unusable-key
ciphers/thurloe-printed/P16/ciphertext.txt	?	ciphers/fr5160-letellier-1653/key_1659.tsv	?	1653-1661	fr	nomenclator	0.477					unusable-key
ciphers/thurloe-printed/P17/ciphertext.txt	?	ciphers/fr5160-letellier-1653/key_1659.tsv	?	1653-1661	fr	nomenclator	0.495					unusable-key
ciphers/thurloe-printed/P18/ciphertext.txt	?	ciphers/fr5160-letellier-1653/key_1659.tsv	?	1653-1661	fr	nomenclator	0.489					unusable-key
ciphers/thurloe-printed/P19/ciphertext.txt	?	ciphers/fr5160-letellier-1653/key_1659.tsv	?	1653-1661	fr	nomenclator	0.497					unusable-key
ciphers/thurloe-printed/P2/ciphertext.txt	?	ciphers/fr5160-letellier-1653/key_1659.tsv	?	1653-1661	fr	nomenclator	0.425					unusable-key
ciphers/thurloe-printed/P3/ciphertext.txt	?	ciphers/fr5160-letellier-1653/key_1659.tsv	?	1653-1661	fr	nomenclator	0.182					unusable-key
ciphers/thurloe-printed/P4/ciphertext.txt	?	ciphers/fr5160-letellier-1653/key_1659.tsv	?	1653-1661	fr	nomenclator	0.379					unusable-key
ciphers/thurloe-printed/P5/ciphertext.txt	?	ciphers/fr5160-letellier-1653/key_1659.tsv	?	1653-1661	fr	nomenclator	0.487					unusable-key
ciphers/thurloe-printed/P6/ciphertext.txt	?	ciphers/fr5160-letellier-1653/key_1659.tsv	?	1653-1661	fr	nomenclator	0.471					unusable-key
ciphers/thurloe-printed/P7/ciphertext.txt	?	ciphers/fr5160-letellier-1653/key_1659.tsv	?	1653-1661	fr	nomenclator	0.45					unusable-key
ciphers/thurloe-printed/P8/ciphertext.txt	?	ciphers/fr5160-letellier-1653/key_1659.tsv	?	1653-1661	fr	nomenclator	0.434					unusable-key
ciphers/thurloe-printed/P9/ciphertext.txt	?	ciphers/fr5160-letellier-1653/key_1659.tsv	?	1653-1661	fr	nomenclator	0.314					unusable-key
ciphers/vanbeuningen-dewitt-1657/ciphertext.tsv	partial	ciphers/fr5160-letellier-1653/key_1659.tsv	?	1653-1661	fr	nomenclator	0.0					unusable-key
ciphers/wellington-maitland-1812/ciphertext.txt	partial	ciphers/fr5160-letellier-1653/key_1659.tsv	?	1653-1661	fr	nomenclator	0.01					unusable-key
ciphers/zodiac-z13-stress/ciphertext.txt	closed-negative	ciphers/fr5160-letellier-1653/key_1659.tsv	?	1653-1661	fr	nomenclator	0.231					unusable-key
ciphers/august-van-saksen-1561-64/ciphertext_126.tsv	partial	ciphers/fr5160-letellier-1653/key_1659_ext.tsv	?	1653-1661	fr	nomenclator	0.358					unusable-key
ciphers/birago-nevers-1571/ciphertext.txt	open	ciphers/fr5160-letellier-1653/key_1659_ext.tsv	?	1653-1661	fr	nomenclator	0.0					unusable-key
ciphers/clair1067-brienne-poland-1646/ciphertext.txt	solved	ciphers/fr5160-letellier-1653/key_1659_ext.tsv	?	1653-1661	fr	nomenclator	0.314					unusable-key
ciphers/clair1108-duvergier/ciphertext.tsv	solved	ciphers/fr5160-letellier-1653/key_1659_ext.tsv	?	1653-1661	fr	nomenclator	0.223					unusable-key
ciphers/clairambault1225-paget-1714/ciphertext.tsv	partial	ciphers/fr5160-letellier-1653/key_1659_ext.tsv	?	1653-1661	fr	nomenclator	0.283					unusable-key
ciphers/decode-4450-bnf-fr20506-1525/ciphertext_f136.tsv	open	ciphers/fr5160-letellier-1653/key_1659_ext.tsv	?	1653-1661	fr	nomenclator	0.334					unusable-key
ciphers/destaing-gerard-1779/ciphertext.txt	open	ciphers/fr5160-letellier-1653/key_1659_ext.tsv	?	1653-1661	fr	nomenclator	0.094					unusable-key
ciphers/dupuy452-carpi-1520/ciphertext_f20_carpi.txt	found-solved	ciphers/fr5160-letellier-1653/key_1659_ext.tsv	?	1653-1661	fr	nomenclator	0.0					unusable-key
ciphers/dupuy452-carpi-1520/ciphertext_f28.txt	found-solved	ciphers/fr5160-letellier-1653/key_1659_ext.tsv	?	1653-1661	fr	nomenclator	0.0					unusable-key
ciphers/fr2933-salviati-1525/ciphertext_f54r.tsv	open	ciphers/fr5160-letellier-1653/key_1659_ext.tsv	?	1653-1661	fr	nomenclator	0.423					unusable-key
ciphers/fr2933-salviati-1525/ciphertext_f54v.tsv	open	ciphers/fr5160-letellier-1653/key_1659_ext.tsv	?	1653-1661	fr	nomenclator	0.434					unusable-key
ciphers/fr2933-salviati-1525/ciphertext_f55r.tsv	open	ciphers/fr5160-letellier-1653/key_1659_ext.tsv	?	1653-1661	fr	nomenclator	0.022					unusable-key
ciphers/fr2980-gramont/ciphertext.txt	?	ciphers/fr5160-letellier-1653/key_1659_ext.tsv	?	1653-1661	fr	nomenclator	0.19					unusable-key
ciphers/fr2980-gramont/ciphertext_f30.tsv	?	ciphers/fr5160-letellier-1653/key_1659_ext.tsv	?	1653-1661	fr	nomenclator	0.199					unusable-key
ciphers/fr3985-nevers-revol-1593/ciphertext.tsv	blocked	ciphers/fr5160-letellier-1653/key_1659_ext.tsv	?	1653-1661	fr	nomenclator	0.138					unusable-key
ciphers/fr3986-nevers-revol-1593/ciphertext.tsv	blocked	ciphers/fr5160-letellier-1653/key_1659_ext.tsv	?	1653-1661	fr	nomenclator	0.242					unusable-key
ciphers/fr3987-nevers-revol-1593/ciphertext.tsv	blocked	ciphers/fr5160-letellier-1653/key_1659_ext.tsv	?	1653-1661	fr	nomenclator	0.172					unusable-key
ciphers/fr3990-nevers-henri4-1594/ciphertext.tsv	blocked	ciphers/fr5160-letellier-1653/key_1659_ext.tsv	?	1653-1661	fr	nomenclator	0.131					unusable-key
ciphers/fr5160-letellier-1653/ciphertext_f9.tsv	open	ciphers/fr5160-letellier-1653/key_1659_ext.tsv	?	1653-1661	fr	nomenclator	0.496					unusable-key
ciphers/gunther-van-schwarzburg-1561/ciphertext.tsv	found-solved	ciphers/fr5160-letellier-1653/key_1659_ext.tsv	?	1653-1661	fr	nomenclator	0.14					unusable-key
ciphers/gunther-van-schwarzburg-1561/ciphertext_5109.tsv	found-solved	ciphers/fr5160-letellier-1653/key_1659_ext.tsv	?	1653-1661	fr	nomenclator	0.104					unusable-key
ciphers/gunther-van-schwarzburg-1561/ciphertext_5109.txt	found-solved	ciphers/fr5160-letellier-1653/key_1659_ext.tsv	?	1653-1661	fr	nomenclator	0.096					unusable-key
ciphers/gunther-van-schwarzburg-1561/ciphertext_8246.txt	found-solved	ciphers/fr5160-letellier-1653/key_1659_ext.tsv	?	1653-1661	fr	nomenclator	0.136					unusable-key
ciphers/hamilton-1650/ciphertext.txt	open	ciphers/fr5160-letellier-1653/key_1659_ext.tsv	?	1653-1661	fr	nomenclator	0.213					unusable-key
ciphers/jan-van-nassau-1572-75/ciphertext_5549.tsv	open	ciphers/fr5160-letellier-1653/key_1659_ext.tsv	?	1653-1661	fr	nomenclator	0.476					unusable-key
ciphers/jan-van-nassau-1572-75/j5s/ciphertext_5550.tsv	open	ciphers/fr5160-letellier-1653/key_1659_ext.tsv	?	1653-1661	fr	nomenclator	0.438					unusable-key
ciphers/la-garde-1577/ciphertext_6179_v2.tsv	open	ciphers/fr5160-letellier-1653/key_1659_ext.tsv	?	1653-1661	fr	nomenclator	0.349					unusable-key
ciphers/la-garde-1577/ciphertext_6467_v2.tsv	open	ciphers/fr5160-letellier-1653/key_1659_ext.tsv	?	1653-1661	fr	nomenclator	0.457					unusable-key
ciphers/moray-wood-1568/ciphertext.txt	open	ciphers/fr5160-letellier-1653/key_1659_ext.tsv	?	1653-1661	fr	nomenclator	0.336					unusable-key
ciphers/orange-nassau-1572/ciphertext.txt	found-solved	ciphers/fr5160-letellier-1653/key_1659_ext.tsv	?	1653-1661	fr	nomenclator	0.283					unusable-key
ciphers/orange-nassau-1572/ciphertext_2.txt	found-solved	ciphers/fr5160-letellier-1653/key_1659_ext.tsv	?	1653-1661	fr	nomenclator	0.353					unusable-key
ciphers/ormond-arran-1678/ciphertext.txt	open	ciphers/fr5160-letellier-1653/key_1659_ext.tsv	?	1653-1661	fr	nomenclator	0.088					unusable-key
ciphers/oxenstierna-gustav-adolf-1632/ciphertext.txt	found-solved	ciphers/fr5160-letellier-1653/key_1659_ext.tsv	?	1653-1661	fr	nomenclator	0.001					unusable-key
ciphers/oxenstierna-gustav-adolf-1632/ciphertext_verified.tsv	found-solved	ciphers/fr5160-letellier-1653/key_1659_ext.tsv	?	1653-1661	fr	nomenclator	0.203					unusable-key
ciphers/rah-canada-1869/ciphertext.tsv	solved	ciphers/fr5160-letellier-1653/key_1659_ext.tsv	?	1653-1661	fr	nomenclator	0.265					unusable-key
ciphers/randolph-sussex-1569/ciphertext.txt	found-solved	ciphers/fr5160-letellier-1653/key_1659_ext.tsv	?	1653-1661	fr	nomenclator	0.112					unusable-key
ciphers/sforza-maino-1446/ciphertext.txt	closed-negative	ciphers/fr5160-letellier-1653/key_1659_ext.tsv	?	1653-1661	fr	nomenclator	0.074					unusable-key
ciphers/sp53-16-79/ciphertext.txt	open	ciphers/fr5160-letellier-1653/key_1659_ext.tsv	?	1653-1661	fr	nomenclator	0.269					unusable-key
ciphers/stepney-manchester-1702/ciphertext.txt	offline-only	ciphers/fr5160-letellier-1653/key_1659_ext.tsv	?	1653-1661	fr	nomenclator	0.053					unusable-key
ciphers/thurloe-printed/P10/ciphertext.txt	?	ciphers/fr5160-letellier-1653/key_1659_ext.tsv	?	1653-1661	fr	nomenclator	0.477					unusable-key
ciphers/thurloe-printed/P11/ciphertext.txt	?	ciphers/fr5160-letellier-1653/key_1659_ext.tsv	?	1653-1661	fr	nomenclator	0.361					unusable-key
ciphers/thurloe-printed/P12/ciphertext.txt	?	ciphers/fr5160-letellier-1653/key_1659_ext.tsv	?	1653-1661	fr	nomenclator	0.276					unusable-key
ciphers/thurloe-printed/P13/ciphertext.txt	?	ciphers/fr5160-letellier-1653/key_1659_ext.tsv	?	1653-1661	fr	nomenclator	0.358					unusable-key
ciphers/thurloe-printed/P14/ciphertext.txt	?	ciphers/fr5160-letellier-1653/key_1659_ext.tsv	?	1653-1661	fr	nomenclator	0.337					unusable-key
ciphers/thurloe-printed/P15/ciphertext.txt	?	ciphers/fr5160-letellier-1653/key_1659_ext.tsv	?	1653-1661	fr	nomenclator	0.278					unusable-key
ciphers/thurloe-printed/P2/ciphertext.txt	?	ciphers/fr5160-letellier-1653/key_1659_ext.tsv	?	1653-1661	fr	nomenclator	0.456					unusable-key
ciphers/thurloe-printed/P3/ciphertext.txt	?	ciphers/fr5160-letellier-1653/key_1659_ext.tsv	?	1653-1661	fr	nomenclator	0.182					unusable-key
ciphers/thurloe-printed/P4/ciphertext.txt	?	ciphers/fr5160-letellier-1653/key_1659_ext.tsv	?	1653-1661	fr	nomenclator	0.415					unusable-key
ciphers/thurloe-printed/P9/ciphertext.txt	?	ciphers/fr5160-letellier-1653/key_1659_ext.tsv	?	1653-1661	fr	nomenclator	0.373					unusable-key
ciphers/vanbeuningen-dewitt-1657/ciphertext.tsv	partial	ciphers/fr5160-letellier-1653/key_1659_ext.tsv	?	1653-1661	fr	nomenclator	0.0					unusable-key
ciphers/wellington-maitland-1812/ciphertext.txt	partial	ciphers/fr5160-letellier-1653/key_1659_ext.tsv	?	1653-1661	fr	nomenclator	0.01					unusable-key
ciphers/zodiac-z13-stress/ciphertext.txt	closed-negative	ciphers/fr5160-letellier-1653/key_1659_ext.tsv	?	1653-1661	fr	nomenclator	0.231					unusable-key
ciphers/august-van-saksen-1561-64/ciphertext_126.tsv	partial	ciphers/fr5160-letellier-1653/key_1659_f86only.tsv	?	1653-1661	fr	nomenclator	0.192					unusable-key
ciphers/august-van-saksen-1561-64/ciphertext_53.tsv	partial	ciphers/fr5160-letellier-1653/key_1659_f86only.tsv	?	1653-1661	fr	nomenclator	0.475					unusable-key
ciphers/august-van-saksen-1561-64/ciphertext_57.tsv	partial	ciphers/fr5160-letellier-1653/key_1659_f86only.tsv	?	1653-1661	fr	nomenclator	0.49					unusable-key
ciphers/august-van-saksen-1561-64/ciphertext_74.tsv	partial	ciphers/fr5160-letellier-1653/key_1659_f86only.tsv	?	1653-1661	fr	nomenclator	0.448					unusable-key
ciphers/august-van-saksen-1561-64/ciphertext_98.tsv	partial	ciphers/fr5160-letellier-1653/key_1659_f86only.tsv	?	1653-1661	fr	nomenclator	0.415					unusable-key
ciphers/birago-nevers-1571/ciphertext.txt	open	ciphers/fr5160-letellier-1653/key_1659_f86only.tsv	?	1653-1661	fr	nomenclator	0.0					unusable-key
ciphers/clair1067-brienne-poland-1646/ciphertext.txt	solved	ciphers/fr5160-letellier-1653/key_1659_f86only.tsv	?	1653-1661	fr	nomenclator	0.222					unusable-key
ciphers/clair1108-duvergier/ciphertext.tsv	solved	ciphers/fr5160-letellier-1653/key_1659_f86only.tsv	?	1653-1661	fr	nomenclator	0.19					unusable-key
ciphers/clairambault1225-paget-1714/ciphertext.tsv	partial	ciphers/fr5160-letellier-1653/key_1659_f86only.tsv	?	1653-1661	fr	nomenclator	0.257					unusable-key
ciphers/decode-4450-bnf-fr20506-1525/ciphertext_f136.tsv	open	ciphers/fr5160-letellier-1653/key_1659_f86only.tsv	?	1653-1661	fr	nomenclator	0.269					unusable-key
ciphers/destaing-gerard-1779/ciphertext.txt	open	ciphers/fr5160-letellier-1653/key_1659_f86only.tsv	?	1653-1661	fr	nomenclator	0.062					unusable-key
ciphers/dupuy452-carpi-1520/ciphertext_f20_carpi.txt	found-solved	ciphers/fr5160-letellier-1653/key_1659_f86only.tsv	?	1653-1661	fr	nomenclator	0.0					unusable-key
ciphers/dupuy452-carpi-1520/ciphertext_f28.txt	found-solved	ciphers/fr5160-letellier-1653/key_1659_f86only.tsv	?	1653-1661	fr	nomenclator	0.0					unusable-key
ciphers/fr2933-salviati-1525/ciphertext_f54r.tsv	open	ciphers/fr5160-letellier-1653/key_1659_f86only.tsv	?	1653-1661	fr	nomenclator	0.356					unusable-key
ciphers/fr2933-salviati-1525/ciphertext_f54v.tsv	open	ciphers/fr5160-letellier-1653/key_1659_f86only.tsv	?	1653-1661	fr	nomenclator	0.366					unusable-key
ciphers/fr2933-salviati-1525/ciphertext_f55r.tsv	open	ciphers/fr5160-letellier-1653/key_1659_f86only.tsv	?	1653-1661	fr	nomenclator	0.022					unusable-key
ciphers/fr2980-gramont/ciphertext.txt	?	ciphers/fr5160-letellier-1653/key_1659_f86only.tsv	?	1653-1661	fr	nomenclator	0.19					unusable-key
ciphers/fr2980-gramont/ciphertext_f30.tsv	?	ciphers/fr5160-letellier-1653/key_1659_f86only.tsv	?	1653-1661	fr	nomenclator	0.199					unusable-key
ciphers/fr3985-nevers-revol-1593/ciphertext.tsv	blocked	ciphers/fr5160-letellier-1653/key_1659_f86only.tsv	?	1653-1661	fr	nomenclator	0.123					unusable-key
ciphers/fr3986-nevers-revol-1593/ciphertext.tsv	blocked	ciphers/fr5160-letellier-1653/key_1659_f86only.tsv	?	1653-1661	fr	nomenclator	0.182					unusable-key
ciphers/fr3987-nevers-revol-1593/ciphertext.tsv	blocked	ciphers/fr5160-letellier-1653/key_1659_f86only.tsv	?	1653-1661	fr	nomenclator	0.169					unusable-key
ciphers/fr3990-nevers-henri4-1594/ciphertext.tsv	blocked	ciphers/fr5160-letellier-1653/key_1659_f86only.tsv	?	1653-1661	fr	nomenclator	0.118					unusable-key
ciphers/fr5160-letellier-1653/ciphertext_f1.tsv	open	ciphers/fr5160-letellier-1653/key_1659_f86only.tsv	?	1653-1661	fr	nomenclator	0.438					unusable-key
ciphers/fr5160-letellier-1653/ciphertext_f9.tsv	open	ciphers/fr5160-letellier-1653/key_1659_f86only.tsv	?	1653-1661	fr	nomenclator	0.434					unusable-key
ciphers/gunther-van-schwarzburg-1561/ciphertext.tsv	found-solved	ciphers/fr5160-letellier-1653/key_1659_f86only.tsv	?	1653-1661	fr	nomenclator	0.125					unusable-key
ciphers/gunther-van-schwarzburg-1561/ciphertext_5109.tsv	found-solved	ciphers/fr5160-letellier-1653/key_1659_f86only.tsv	?	1653-1661	fr	nomenclator	0.087					unusable-key
ciphers/gunther-van-schwarzburg-1561/ciphertext_5109.txt	found-solved	ciphers/fr5160-letellier-1653/key_1659_f86only.tsv	?	1653-1661	fr	nomenclator	0.08					unusable-key
ciphers/gunther-van-schwarzburg-1561/ciphertext_8246.txt	found-solved	ciphers/fr5160-letellier-1653/key_1659_f86only.tsv	?	1653-1661	fr	nomenclator	0.123					unusable-key
ciphers/hamilton-1650/ciphertext.txt	open	ciphers/fr5160-letellier-1653/key_1659_f86only.tsv	?	1653-1661	fr	nomenclator	0.153					unusable-key
ciphers/jan-van-nassau-1572-75/ciphertext_5549.tsv	open	ciphers/fr5160-letellier-1653/key_1659_f86only.tsv	?	1653-1661	fr	nomenclator	0.374					unusable-key
ciphers/jan-van-nassau-1572-75/j5s/ciphertext_5550.tsv	open	ciphers/fr5160-letellier-1653/key_1659_f86only.tsv	?	1653-1661	fr	nomenclator	0.385					unusable-key
ciphers/la-garde-1577/ciphertext_6179_v2.tsv	open	ciphers/fr5160-letellier-1653/key_1659_f86only.tsv	?	1653-1661	fr	nomenclator	0.307					unusable-key
ciphers/la-garde-1577/ciphertext_6467_v2.tsv	open	ciphers/fr5160-letellier-1653/key_1659_f86only.tsv	?	1653-1661	fr	nomenclator	0.413					unusable-key
ciphers/moray-wood-1568/ciphertext.txt	open	ciphers/fr5160-letellier-1653/key_1659_f86only.tsv	?	1653-1661	fr	nomenclator	0.299					unusable-key
ciphers/orange-nassau-1572/ciphertext.txt	found-solved	ciphers/fr5160-letellier-1653/key_1659_f86only.tsv	?	1653-1661	fr	nomenclator	0.2					unusable-key
ciphers/orange-nassau-1572/ciphertext_2.txt	found-solved	ciphers/fr5160-letellier-1653/key_1659_f86only.tsv	?	1653-1661	fr	nomenclator	0.267					unusable-key
ciphers/ormond-arran-1678/ciphertext.txt	open	ciphers/fr5160-letellier-1653/key_1659_f86only.tsv	?	1653-1661	fr	nomenclator	0.059					unusable-key
ciphers/oxenstierna-gustav-adolf-1632/ciphertext.txt	found-solved	ciphers/fr5160-letellier-1653/key_1659_f86only.tsv	?	1653-1661	fr	nomenclator	0.001					unusable-key
ciphers/oxenstierna-gustav-adolf-1632/ciphertext_verified.tsv	found-solved	ciphers/fr5160-letellier-1653/key_1659_f86only.tsv	?	1653-1661	fr	nomenclator	0.079					unusable-key
ciphers/rah-canada-1869/ciphertext.tsv	solved	ciphers/fr5160-letellier-1653/key_1659_f86only.tsv	?	1653-1661	fr	nomenclator	0.198					unusable-key
ciphers/randolph-sussex-1569/ciphertext.txt	found-solved	ciphers/fr5160-letellier-1653/key_1659_f86only.tsv	?	1653-1661	fr	nomenclator	0.085					unusable-key
ciphers/sforza-maino-1446/ciphertext.txt	closed-negative	ciphers/fr5160-letellier-1653/key_1659_f86only.tsv	?	1653-1661	fr	nomenclator	0.074					unusable-key
ciphers/sp53-16-79/ciphertext.txt	open	ciphers/fr5160-letellier-1653/key_1659_f86only.tsv	?	1653-1661	fr	nomenclator	0.185					unusable-key
ciphers/sp53-22-f52/ciphertext.txt	open	ciphers/fr5160-letellier-1653/key_1659_f86only.tsv	?	1653-1661	fr	nomenclator	0.476					unusable-key
ciphers/stepney-manchester-1702/ciphertext.txt	offline-only	ciphers/fr5160-letellier-1653/key_1659_f86only.tsv	?	1653-1661	fr	nomenclator	0.053					unusable-key
ciphers/thurloe-printed/P10/ciphertext.txt	?	ciphers/fr5160-letellier-1653/key_1659_f86only.tsv	?	1653-1661	fr	nomenclator	0.321					unusable-key
ciphers/thurloe-printed/P11/ciphertext.txt	?	ciphers/fr5160-letellier-1653/key_1659_f86only.tsv	?	1653-1661	fr	nomenclator	0.3					unusable-key
ciphers/thurloe-printed/P12/ciphertext.txt	?	ciphers/fr5160-letellier-1653/key_1659_f86only.tsv	?	1653-1661	fr	nomenclator	0.211					unusable-key
ciphers/thurloe-printed/P13/ciphertext.txt	?	ciphers/fr5160-letellier-1653/key_1659_f86only.tsv	?	1653-1661	fr	nomenclator	0.288					unusable-key
ciphers/thurloe-printed/P14/ciphertext.txt	?	ciphers/fr5160-letellier-1653/key_1659_f86only.tsv	?	1653-1661	fr	nomenclator	0.293					unusable-key
ciphers/thurloe-printed/P15/ciphertext.txt	?	ciphers/fr5160-letellier-1653/key_1659_f86only.tsv	?	1653-1661	fr	nomenclator	0.26					unusable-key
ciphers/thurloe-printed/P16/ciphertext.txt	?	ciphers/fr5160-letellier-1653/key_1659_f86only.tsv	?	1653-1661	fr	nomenclator	0.258					unusable-key
ciphers/thurloe-printed/P17/ciphertext.txt	?	ciphers/fr5160-letellier-1653/key_1659_f86only.tsv	?	1653-1661	fr	nomenclator	0.301					unusable-key
ciphers/thurloe-printed/P18/ciphertext.txt	?	ciphers/fr5160-letellier-1653/key_1659_f86only.tsv	?	1653-1661	fr	nomenclator	0.334					unusable-key
ciphers/thurloe-printed/P19/ciphertext.txt	?	ciphers/fr5160-letellier-1653/key_1659_f86only.tsv	?	1653-1661	fr	nomenclator	0.368					unusable-key
ciphers/thurloe-printed/P2/ciphertext.txt	?	ciphers/fr5160-letellier-1653/key_1659_f86only.tsv	?	1653-1661	fr	nomenclator	0.331					unusable-key
ciphers/thurloe-printed/P21/ciphertext.txt	?	ciphers/fr5160-letellier-1653/key_1659_f86only.tsv	?	1653-1661	fr	nomenclator	0.383					unusable-key
ciphers/thurloe-printed/P22/ciphertext.txt	?	ciphers/fr5160-letellier-1653/key_1659_f86only.tsv	?	1653-1661	fr	nomenclator	0.405					unusable-key
ciphers/thurloe-printed/P24/ciphertext.txt	?	ciphers/fr5160-letellier-1653/key_1659_f86only.tsv	?	1653-1661	fr	nomenclator	0.396					unusable-key
ciphers/thurloe-printed/P3/ciphertext.txt	?	ciphers/fr5160-letellier-1653/key_1659_f86only.tsv	?	1653-1661	fr	nomenclator	0.156					unusable-key
ciphers/thurloe-printed/P4/ciphertext.txt	?	ciphers/fr5160-letellier-1653/key_1659_f86only.tsv	?	1653-1661	fr	nomenclator	0.336					unusable-key
ciphers/thurloe-printed/P5/ciphertext.txt	?	ciphers/fr5160-letellier-1653/key_1659_f86only.tsv	?	1653-1661	fr	nomenclator	0.421					unusable-key
ciphers/thurloe-printed/P6/ciphertext.txt	?	ciphers/fr5160-letellier-1653/key_1659_f86only.tsv	?	1653-1661	fr	nomenclator	0.412					unusable-key
ciphers/thurloe-printed/P7/ciphertext.txt	?	ciphers/fr5160-letellier-1653/key_1659_f86only.tsv	?	1653-1661	fr	nomenclator	0.394					unusable-key
ciphers/thurloe-printed/P8/ciphertext.txt	?	ciphers/fr5160-letellier-1653/key_1659_f86only.tsv	?	1653-1661	fr	nomenclator	0.352					unusable-key
ciphers/thurloe-printed/P9/ciphertext.txt	?	ciphers/fr5160-letellier-1653/key_1659_f86only.tsv	?	1653-1661	fr	nomenclator	0.275					unusable-key
ciphers/vanbeuningen-dewitt-1657/ciphertext.tsv	partial	ciphers/fr5160-letellier-1653/key_1659_f86only.tsv	?	1653-1661	fr	nomenclator	0.0					unusable-key
ciphers/wellington-maitland-1812/ciphertext.txt	partial	ciphers/fr5160-letellier-1653/key_1659_f86only.tsv	?	1653-1661	fr	nomenclator	0.01					unusable-key
ciphers/zodiac-z13-stress/ciphertext.txt	closed-negative	ciphers/fr5160-letellier-1653/key_1659_f86only.tsv	?	1653-1661	fr	nomenclator	0.231					unusable-key
ciphers/august-van-saksen-1561-64/ciphertext_126.tsv	partial	ciphers/fr5761-election-1519/key.tsv	?	1519	fr	nomenclator	0.0					none
ciphers/august-van-saksen-1561-64/ciphertext_53.tsv	partial	ciphers/fr5761-election-1519/key.tsv	?	1519	fr	nomenclator	0.0					none
ciphers/august-van-saksen-1561-64/ciphertext_57.tsv	partial	ciphers/fr5761-election-1519/key.tsv	?	1519	fr	nomenclator	0.0					none
ciphers/august-van-saksen-1561-64/ciphertext_74.tsv	partial	ciphers/fr5761-election-1519/key.tsv	?	1519	fr	nomenclator	0.0					none
ciphers/august-van-saksen-1561-64/ciphertext_98.tsv	partial	ciphers/fr5761-election-1519/key.tsv	?	1519	fr	nomenclator	0.0					none
ciphers/birago-nevers-1571/ciphertext.txt	open	ciphers/fr5761-election-1519/key.tsv	?	1519	fr	nomenclator	0.0					none
ciphers/clair1067-brienne-poland-1646/ciphertext.txt	solved	ciphers/fr5761-election-1519/key.tsv	?	1519	fr	nomenclator	0.0					none
ciphers/clair1108-duvergier/ciphertext.tsv	solved	ciphers/fr5761-election-1519/key.tsv	?	1519	fr	nomenclator	0.0					none
ciphers/clairambault1225-paget-1714/ciphertext.tsv	partial	ciphers/fr5761-election-1519/key.tsv	?	1519	fr	nomenclator	0.0					none
ciphers/decode-4450-bnf-fr20506-1525/ciphertext_f136.tsv	open	ciphers/fr5761-election-1519/key.tsv	?	1519	fr	nomenclator	0.0					none
ciphers/destaing-gerard-1779/ciphertext.txt	open	ciphers/fr5761-election-1519/key.tsv	?	1519	fr	nomenclator	0.0					none
ciphers/dupuy452-carpi-1520/ciphertext_f20_carpi.txt	found-solved	ciphers/fr5761-election-1519/key.tsv	?	1519	fr	nomenclator	0.0					none
ciphers/dupuy452-carpi-1520/ciphertext_f28.txt	found-solved	ciphers/fr5761-election-1519/key.tsv	?	1519	fr	nomenclator	0.0					none
ciphers/fr2933-salviati-1525/ciphertext_f54r.tsv	open	ciphers/fr5761-election-1519/key.tsv	?	1519	fr	nomenclator	0.0					none
ciphers/fr2933-salviati-1525/ciphertext_f54v.tsv	open	ciphers/fr5761-election-1519/key.tsv	?	1519	fr	nomenclator	0.0					none
ciphers/fr2933-salviati-1525/ciphertext_f55r.tsv	open	ciphers/fr5761-election-1519/key.tsv	?	1519	fr	nomenclator	0.0					none
ciphers/fr2980-gramont/ciphertext.txt	?	ciphers/fr5761-election-1519/key.tsv	?	1519	fr	nomenclator	0.0					none
ciphers/fr2980-gramont/ciphertext_f30.tsv	?	ciphers/fr5761-election-1519/key.tsv	?	1519	fr	nomenclator	0.0					none
ciphers/fr3985-nevers-revol-1593/ciphertext.tsv	blocked	ciphers/fr5761-election-1519/key.tsv	?	1519	fr	nomenclator	0.0					none
ciphers/fr3986-nevers-revol-1593/ciphertext.tsv	blocked	ciphers/fr5761-election-1519/key.tsv	?	1519	fr	nomenclator	0.0					none
ciphers/fr3987-nevers-revol-1593/ciphertext.tsv	blocked	ciphers/fr5761-election-1519/key.tsv	?	1519	fr	nomenclator	0.0					none
ciphers/fr3990-nevers-henri4-1594/ciphertext.tsv	blocked	ciphers/fr5761-election-1519/key.tsv	?	1519	fr	nomenclator	0.0					none
ciphers/fr5160-letellier-1653/ciphertext_f1.tsv	open	ciphers/fr5761-election-1519/key.tsv	?	1519	fr	nomenclator	0.0					none
ciphers/fr5160-letellier-1653/ciphertext_f67.tsv	open	ciphers/fr5761-election-1519/key.tsv	?	1519	fr	nomenclator	0.0					none
ciphers/fr5160-letellier-1653/ciphertext_f86.tsv	open	ciphers/fr5761-election-1519/key.tsv	?	1519	fr	nomenclator	0.0					none
ciphers/fr5160-letellier-1653/ciphertext_f88.tsv	open	ciphers/fr5761-election-1519/key.tsv	?	1519	fr	nomenclator	0.0					none
ciphers/fr5160-letellier-1653/ciphertext_f9.tsv	open	ciphers/fr5761-election-1519/key.tsv	?	1519	fr	nomenclator	0.0					none
ciphers/gunther-van-schwarzburg-1561/ciphertext.tsv	found-solved	ciphers/fr5761-election-1519/key.tsv	?	1519	fr	nomenclator	0.0					none
ciphers/gunther-van-schwarzburg-1561/ciphertext_5109.tsv	found-solved	ciphers/fr5761-election-1519/key.tsv	?	1519	fr	nomenclator	0.0					none
ciphers/gunther-van-schwarzburg-1561/ciphertext_5109.txt	found-solved	ciphers/fr5761-election-1519/key.tsv	?	1519	fr	nomenclator	0.0					none
ciphers/gunther-van-schwarzburg-1561/ciphertext_8246.txt	found-solved	ciphers/fr5761-election-1519/key.tsv	?	1519	fr	nomenclator	0.0					none
ciphers/hamilton-1650/ciphertext.txt	open	ciphers/fr5761-election-1519/key.tsv	?	1519	fr	nomenclator	0.0					none
ciphers/jan-van-nassau-1572-75/ciphertext_5549.tsv	open	ciphers/fr5761-election-1519/key.tsv	?	1519	fr	nomenclator	0.0					none
ciphers/jan-van-nassau-1572-75/j5s/ciphertext_5550.tsv	open	ciphers/fr5761-election-1519/key.tsv	?	1519	fr	nomenclator	0.0					none
ciphers/la-garde-1577/ciphertext_6179_v2.tsv	open	ciphers/fr5761-election-1519/key.tsv	?	1519	fr	nomenclator	0.0					none
ciphers/la-garde-1577/ciphertext_6467.tsv	open	ciphers/fr5761-election-1519/key.tsv	?	1519	fr	nomenclator	0.0					none
ciphers/la-garde-1577/ciphertext_6467_v2.tsv	open	ciphers/fr5761-election-1519/key.tsv	?	1519	fr	nomenclator	0.0					none
ciphers/moray-wood-1568/ciphertext.txt	open	ciphers/fr5761-election-1519/key.tsv	?	1519	fr	nomenclator	0.0					none
ciphers/orange-nassau-1572/ciphertext.txt	found-solved	ciphers/fr5761-election-1519/key.tsv	?	1519	fr	nomenclator	0.0					none
ciphers/orange-nassau-1572/ciphertext_2.txt	found-solved	ciphers/fr5761-election-1519/key.tsv	?	1519	fr	nomenclator	0.0					none
ciphers/ormond-arran-1678/ciphertext.txt	open	ciphers/fr5761-election-1519/key.tsv	?	1519	fr	nomenclator	0.0					none
ciphers/oxenstierna-gustav-adolf-1632/ciphertext.txt	found-solved	ciphers/fr5761-election-1519/key.tsv	?	1519	fr	nomenclator	0.0					none
ciphers/oxenstierna-gustav-adolf-1632/ciphertext_verified.tsv	found-solved	ciphers/fr5761-election-1519/key.tsv	?	1519	fr	nomenclator	0.0					none
ciphers/rah-canada-1869/ciphertext.tsv	solved	ciphers/fr5761-election-1519/key.tsv	?	1519	fr	nomenclator	0.0					none
ciphers/randolph-sussex-1569/ciphertext.txt	found-solved	ciphers/fr5761-election-1519/key.tsv	?	1519	fr	nomenclator	0.0					none
ciphers/sforza-maino-1446/ciphertext.txt	closed-negative	ciphers/fr5761-election-1519/key.tsv	?	1519	fr	nomenclator	0.0					none
ciphers/sp53-16-79/ciphertext.txt	open	ciphers/fr5761-election-1519/key.tsv	?	1519	fr	nomenclator	0.0					none
ciphers/sp53-22-f52/ciphertext.txt	open	ciphers/fr5761-election-1519/key.tsv	?	1519	fr	nomenclator	0.0					none
ciphers/stepney-manchester-1702/ciphertext.txt	offline-only	ciphers/fr5761-election-1519/key.tsv	?	1519	fr	nomenclator	0.0					none
ciphers/thurloe-printed/P10/ciphertext.txt	?	ciphers/fr5761-election-1519/key.tsv	?	1519	fr	nomenclator	0.0					none
ciphers/thurloe-printed/P11/ciphertext.txt	?	ciphers/fr5761-election-1519/key.tsv	?	1519	fr	nomenclator	0.0					none
ciphers/thurloe-printed/P12/ciphertext.txt	?	ciphers/fr5761-election-1519/key.tsv	?	1519	fr	nomenclator	0.0					none
ciphers/thurloe-printed/P13/ciphertext.txt	?	ciphers/fr5761-election-1519/key.tsv	?	1519	fr	nomenclator	0.0					none
ciphers/thurloe-printed/P14/ciphertext.txt	?	ciphers/fr5761-election-1519/key.tsv	?	1519	fr	nomenclator	0.0					none
ciphers/thurloe-printed/P15/ciphertext.txt	?	ciphers/fr5761-election-1519/key.tsv	?	1519	fr	nomenclator	0.0					none
ciphers/thurloe-printed/P16/ciphertext.txt	?	ciphers/fr5761-election-1519/key.tsv	?	1519	fr	nomenclator	0.0					none
ciphers/thurloe-printed/P17/ciphertext.txt	?	ciphers/fr5761-election-1519/key.tsv	?	1519	fr	nomenclator	0.0					none
ciphers/thurloe-printed/P18/ciphertext.txt	?	ciphers/fr5761-election-1519/key.tsv	?	1519	fr	nomenclator	0.0					none
ciphers/thurloe-printed/P19/ciphertext.txt	?	ciphers/fr5761-election-1519/key.tsv	?	1519	fr	nomenclator	0.0					none
ciphers/thurloe-printed/P2/ciphertext.txt	?	ciphers/fr5761-election-1519/key.tsv	?	1519	fr	nomenclator	0.0					none
ciphers/thurloe-printed/P21/ciphertext.txt	?	ciphers/fr5761-election-1519/key.tsv	?	1519	fr	nomenclator	0.0					none
ciphers/thurloe-printed/P22/ciphertext.txt	?	ciphers/fr5761-election-1519/key.tsv	?	1519	fr	nomenclator	0.0					none
ciphers/thurloe-printed/P24/ciphertext.txt	?	ciphers/fr5761-election-1519/key.tsv	?	1519	fr	nomenclator	0.0					none
ciphers/thurloe-printed/P3/ciphertext.txt	?	ciphers/fr5761-election-1519/key.tsv	?	1519	fr	nomenclator	0.0					none
ciphers/thurloe-printed/P4/ciphertext.txt	?	ciphers/fr5761-election-1519/key.tsv	?	1519	fr	nomenclator	0.0					none
ciphers/thurloe-printed/P5/ciphertext.txt	?	ciphers/fr5761-election-1519/key.tsv	?	1519	fr	nomenclator	0.0					none
ciphers/thurloe-printed/P6/ciphertext.txt	?	ciphers/fr5761-election-1519/key.tsv	?	1519	fr	nomenclator	0.0					none
ciphers/thurloe-printed/P7/ciphertext.txt	?	ciphers/fr5761-election-1519/key.tsv	?	1519	fr	nomenclator	0.0					none
ciphers/thurloe-printed/P8/ciphertext.txt	?	ciphers/fr5761-election-1519/key.tsv	?	1519	fr	nomenclator	0.0					none
ciphers/thurloe-printed/P9/ciphertext.txt	?	ciphers/fr5761-election-1519/key.tsv	?	1519	fr	nomenclator	0.0					none
ciphers/vanbeuningen-dewitt-1657/ciphertext.tsv	partial	ciphers/fr5761-election-1519/key.tsv	?	1519	fr	nomenclator	0.0					none
ciphers/wellington-maitland-1812/ciphertext.txt	partial	ciphers/fr5761-election-1519/key.tsv	?	1519	fr	nomenclator	0.0					none
ciphers/zodiac-z13-stress/ciphertext.txt	closed-negative	ciphers/fr5761-election-1519/key.tsv	?	1519	fr	nomenclator	0.0					none
ciphers/august-van-saksen-1561-64/ciphertext_126.tsv	partial	ciphers/gunther-van-schwarzburg-1561/key.tsv	Willem van Oranje -> Günther van Schwarzburg	1561	de	homophonic	0.258					unusable-key
ciphers/august-van-saksen-1561-64/ciphertext_53.tsv	partial	ciphers/gunther-van-schwarzburg-1561/key.tsv	Willem van Oranje -> Günther van Schwarzburg	1561	de	homophonic	0.154					unusable-key
ciphers/august-van-saksen-1561-64/ciphertext_57.tsv	partial	ciphers/gunther-van-schwarzburg-1561/key.tsv	Willem van Oranje -> Günther van Schwarzburg	1561	de	homophonic	0.24					unusable-key
ciphers/august-van-saksen-1561-64/ciphertext_74.tsv	partial	ciphers/gunther-van-schwarzburg-1561/key.tsv	Willem van Oranje -> Günther van Schwarzburg	1561	de	homophonic	0.173					unusable-key
ciphers/august-van-saksen-1561-64/ciphertext_98.tsv	partial	ciphers/gunther-van-schwarzburg-1561/key.tsv	Willem van Oranje -> Günther van Schwarzburg	1561	de	homophonic	0.167					unusable-key
ciphers/birago-nevers-1571/ciphertext.txt	open	ciphers/gunther-van-schwarzburg-1561/key.tsv	Willem van Oranje -> Günther van Schwarzburg	1561	de	homophonic	0.0					unusable-key
ciphers/clair1067-brienne-poland-1646/ciphertext.txt	solved	ciphers/gunther-van-schwarzburg-1561/key.tsv	Willem van Oranje -> Günther van Schwarzburg	1561	de	homophonic	0.151					unusable-key
ciphers/clair1108-duvergier/ciphertext.tsv	solved	ciphers/gunther-van-schwarzburg-1561/key.tsv	Willem van Oranje -> Günther van Schwarzburg	1561	de	homophonic	0.073					unusable-key
ciphers/clairambault1225-paget-1714/ciphertext.tsv	partial	ciphers/gunther-van-schwarzburg-1561/key.tsv	Willem van Oranje -> Günther van Schwarzburg	1561	de	homophonic	0.032					unusable-key
ciphers/decode-4450-bnf-fr20506-1525/ciphertext_f136.tsv	open	ciphers/gunther-van-schwarzburg-1561/key.tsv	Willem van Oranje -> Günther van Schwarzburg	1561	de	homophonic	0.086					unusable-key
ciphers/destaing-gerard-1779/ciphertext.txt	open	ciphers/gunther-van-schwarzburg-1561/key.tsv	Willem van Oranje -> Günther van Schwarzburg	1561	de	homophonic	0.018					unusable-key
ciphers/dupuy452-carpi-1520/ciphertext_f20_carpi.txt	found-solved	ciphers/gunther-van-schwarzburg-1561/key.tsv	Willem van Oranje -> Günther van Schwarzburg	1561	de	homophonic	0.0					unusable-key
ciphers/dupuy452-carpi-1520/ciphertext_f28.txt	found-solved	ciphers/gunther-van-schwarzburg-1561/key.tsv	Willem van Oranje -> Günther van Schwarzburg	1561	de	homophonic	0.0					unusable-key
ciphers/fr2933-salviati-1525/ciphertext_f54r.tsv	open	ciphers/gunther-van-schwarzburg-1561/key.tsv	Willem van Oranje -> Günther van Schwarzburg	1561	de	homophonic	0.141					unusable-key
ciphers/fr2933-salviati-1525/ciphertext_f54v.tsv	open	ciphers/gunther-van-schwarzburg-1561/key.tsv	Willem van Oranje -> Günther van Schwarzburg	1561	de	homophonic	0.134					unusable-key
ciphers/fr2933-salviati-1525/ciphertext_f55r.tsv	open	ciphers/gunther-van-schwarzburg-1561/key.tsv	Willem van Oranje -> Günther van Schwarzburg	1561	de	homophonic	0.208					unusable-key
ciphers/fr2980-gramont/ciphertext.txt	?	ciphers/gunther-van-schwarzburg-1561/key.tsv	Willem van Oranje -> Günther van Schwarzburg	1561	de	homophonic	0.252					unusable-key
ciphers/fr2980-gramont/ciphertext_f30.tsv	?	ciphers/gunther-van-schwarzburg-1561/key.tsv	Willem van Oranje -> Günther van Schwarzburg	1561	de	homophonic	0.18					unusable-key
ciphers/fr3985-nevers-revol-1593/ciphertext.tsv	blocked	ciphers/gunther-van-schwarzburg-1561/key.tsv	Willem van Oranje -> Günther van Schwarzburg	1561	de	homophonic	0.349					unusable-key
ciphers/fr3986-nevers-revol-1593/ciphertext.tsv	blocked	ciphers/gunther-van-schwarzburg-1561/key.tsv	Willem van Oranje -> Günther van Schwarzburg	1561	de	homophonic	0.333					unusable-key
ciphers/fr3987-nevers-revol-1593/ciphertext.tsv	blocked	ciphers/gunther-van-schwarzburg-1561/key.tsv	Willem van Oranje -> Günther van Schwarzburg	1561	de	homophonic	0.315					unusable-key
ciphers/fr3990-nevers-henri4-1594/ciphertext.tsv	blocked	ciphers/gunther-van-schwarzburg-1561/key.tsv	Willem van Oranje -> Günther van Schwarzburg	1561	de	homophonic	0.357					unusable-key
ciphers/fr5160-letellier-1653/ciphertext_f1.tsv	open	ciphers/gunther-van-schwarzburg-1561/key.tsv	Willem van Oranje -> Günther van Schwarzburg	1561	de	homophonic	0.129					unusable-key
ciphers/fr5160-letellier-1653/ciphertext_f67.tsv	open	ciphers/gunther-van-schwarzburg-1561/key.tsv	Willem van Oranje -> Günther van Schwarzburg	1561	de	homophonic	0.107					unusable-key
ciphers/fr5160-letellier-1653/ciphertext_f86.tsv	open	ciphers/gunther-van-schwarzburg-1561/key.tsv	Willem van Oranje -> Günther van Schwarzburg	1561	de	homophonic	0.143					unusable-key
ciphers/fr5160-letellier-1653/ciphertext_f88.tsv	open	ciphers/gunther-van-schwarzburg-1561/key.tsv	Willem van Oranje -> Günther van Schwarzburg	1561	de	homophonic	0.116					unusable-key
ciphers/fr5160-letellier-1653/ciphertext_f9.tsv	open	ciphers/gunther-van-schwarzburg-1561/key.tsv	Willem van Oranje -> Günther van Schwarzburg	1561	de	homophonic	0.168					unusable-key
ciphers/hamilton-1650/ciphertext.txt	open	ciphers/gunther-van-schwarzburg-1561/key.tsv	Willem van Oranje -> Günther van Schwarzburg	1561	de	homophonic	0.051					unusable-key
ciphers/jan-van-nassau-1572-75/ciphertext_5549.tsv	open	ciphers/gunther-van-schwarzburg-1561/key.tsv	Willem van Oranje -> Günther van Schwarzburg	1561	de	homophonic	0.135					unusable-key
ciphers/jan-van-nassau-1572-75/j5s/ciphertext_5550.tsv	open	ciphers/gunther-van-schwarzburg-1561/key.tsv	Willem van Oranje -> Günther van Schwarzburg	1561	de	homophonic	0.104					unusable-key
ciphers/la-garde-1577/ciphertext_6179_v2.tsv	open	ciphers/gunther-van-schwarzburg-1561/key.tsv	Willem van Oranje -> Günther van Schwarzburg	1561	de	homophonic	0.082					unusable-key
ciphers/la-garde-1577/ciphertext_6467.tsv	open	ciphers/gunther-van-schwarzburg-1561/key.tsv	Willem van Oranje -> Günther van Schwarzburg	1561	de	homophonic	0.075					unusable-key
ciphers/la-garde-1577/ciphertext_6467_v2.tsv	open	ciphers/gunther-van-schwarzburg-1561/key.tsv	Willem van Oranje -> Günther van Schwarzburg	1561	de	homophonic	0.13					unusable-key
ciphers/moray-wood-1568/ciphertext.txt	open	ciphers/gunther-van-schwarzburg-1561/key.tsv	Willem van Oranje -> Günther van Schwarzburg	1561	de	homophonic	0.336					unusable-key
ciphers/orange-nassau-1572/ciphertext.txt	found-solved	ciphers/gunther-van-schwarzburg-1561/key.tsv	Willem van Oranje -> Günther van Schwarzburg	1561	de	homophonic	0.112					unusable-key
ciphers/orange-nassau-1572/ciphertext_2.txt	found-solved	ciphers/gunther-van-schwarzburg-1561/key.tsv	Willem van Oranje -> Günther van Schwarzburg	1561	de	homophonic	0.132					unusable-key
ciphers/ormond-arran-1678/ciphertext.txt	open	ciphers/gunther-van-schwarzburg-1561/key.tsv	Willem van Oranje -> Günther van Schwarzburg	1561	de	homophonic	0.088					unusable-key
ciphers/oxenstierna-gustav-adolf-1632/ciphertext.txt	found-solved	ciphers/gunther-van-schwarzburg-1561/key.tsv	Willem van Oranje -> Günther van Schwarzburg	1561	de	homophonic	0.001					unusable-key
ciphers/oxenstierna-gustav-adolf-1632/ciphertext_verified.tsv	found-solved	ciphers/gunther-van-schwarzburg-1561/key.tsv	Willem van Oranje -> Günther van Schwarzburg	1561	de	homophonic	0.024					unusable-key
ciphers/rah-canada-1869/ciphertext.tsv	solved	ciphers/gunther-van-schwarzburg-1561/key.tsv	Willem van Oranje -> Günther van Schwarzburg	1561	de	homophonic	0.166					unusable-key
ciphers/randolph-sussex-1569/ciphertext.txt	found-solved	ciphers/gunther-van-schwarzburg-1561/key.tsv	Willem van Oranje -> Günther van Schwarzburg	1561	de	homophonic	0.119					unusable-key
ciphers/sforza-maino-1446/ciphertext.txt	closed-negative	ciphers/gunther-van-schwarzburg-1561/key.tsv	Willem van Oranje -> Günther van Schwarzburg	1561	de	homophonic	0.427					unusable-key
ciphers/sp53-16-79/ciphertext.txt	open	ciphers/gunther-van-schwarzburg-1561/key.tsv	Willem van Oranje -> Günther van Schwarzburg	1561	de	homophonic	0.031					unusable-key
ciphers/sp53-22-f52/ciphertext.txt	open	ciphers/gunther-van-schwarzburg-1561/key.tsv	Willem van Oranje -> Günther van Schwarzburg	1561	de	homophonic	0.167					unusable-key
ciphers/stepney-manchester-1702/ciphertext.txt	offline-only	ciphers/gunther-van-schwarzburg-1561/key.tsv	Willem van Oranje -> Günther van Schwarzburg	1561	de	homophonic	0.105					unusable-key
ciphers/thurloe-printed/P10/ciphertext.txt	?	ciphers/gunther-van-schwarzburg-1561/key.tsv	Willem van Oranje -> Günther van Schwarzburg	1561	de	homophonic	0.128					unusable-key
ciphers/thurloe-printed/P11/ciphertext.txt	?	ciphers/gunther-van-schwarzburg-1561/key.tsv	Willem van Oranje -> Günther van Schwarzburg	1561	de	homophonic	0.123					unusable-key
ciphers/thurloe-printed/P12/ciphertext.txt	?	ciphers/gunther-van-schwarzburg-1561/key.tsv	Willem van Oranje -> Günther van Schwarzburg	1561	de	homophonic	0.085					unusable-key
ciphers/thurloe-printed/P13/ciphertext.txt	?	ciphers/gunther-van-schwarzburg-1561/key.tsv	Willem van Oranje -> Günther van Schwarzburg	1561	de	homophonic	0.116					unusable-key
ciphers/thurloe-printed/P14/ciphertext.txt	?	ciphers/gunther-van-schwarzburg-1561/key.tsv	Willem van Oranje -> Günther van Schwarzburg	1561	de	homophonic	0.114					unusable-key
ciphers/thurloe-printed/P15/ciphertext.txt	?	ciphers/gunther-van-schwarzburg-1561/key.tsv	Willem van Oranje -> Günther van Schwarzburg	1561	de	homophonic	0.094					unusable-key
ciphers/thurloe-printed/P16/ciphertext.txt	?	ciphers/gunther-van-schwarzburg-1561/key.tsv	Willem van Oranje -> Günther van Schwarzburg	1561	de	homophonic	0.235					unusable-key
ciphers/thurloe-printed/P17/ciphertext.txt	?	ciphers/gunther-van-schwarzburg-1561/key.tsv	Willem van Oranje -> Günther van Schwarzburg	1561	de	homophonic	0.159					unusable-key
ciphers/thurloe-printed/P18/ciphertext.txt	?	ciphers/gunther-van-schwarzburg-1561/key.tsv	Willem van Oranje -> Günther van Schwarzburg	1561	de	homophonic	0.183					unusable-key
ciphers/thurloe-printed/P19/ciphertext.txt	?	ciphers/gunther-van-schwarzburg-1561/key.tsv	Willem van Oranje -> Günther van Schwarzburg	1561	de	homophonic	0.135					unusable-key
ciphers/thurloe-printed/P2/ciphertext.txt	?	ciphers/gunther-van-schwarzburg-1561/key.tsv	Willem van Oranje -> Günther van Schwarzburg	1561	de	homophonic	0.181					unusable-key
ciphers/thurloe-printed/P21/ciphertext.txt	?	ciphers/gunther-van-schwarzburg-1561/key.tsv	Willem van Oranje -> Günther van Schwarzburg	1561	de	homophonic	0.098					unusable-key
ciphers/thurloe-printed/P22/ciphertext.txt	?	ciphers/gunther-van-schwarzburg-1561/key.tsv	Willem van Oranje -> Günther van Schwarzburg	1561	de	homophonic	0.076					unusable-key
ciphers/thurloe-printed/P24/ciphertext.txt	?	ciphers/gunther-van-schwarzburg-1561/key.tsv	Willem van Oranje -> Günther van Schwarzburg	1561	de	homophonic	0.111					unusable-key
ciphers/thurloe-printed/P3/ciphertext.txt	?	ciphers/gunther-van-schwarzburg-1561/key.tsv	Willem van Oranje -> Günther van Schwarzburg	1561	de	homophonic	0.097					unusable-key
ciphers/thurloe-printed/P4/ciphertext.txt	?	ciphers/gunther-van-schwarzburg-1561/key.tsv	Willem van Oranje -> Günther van Schwarzburg	1561	de	homophonic	0.119					unusable-key
ciphers/thurloe-printed/P5/ciphertext.txt	?	ciphers/gunther-van-schwarzburg-1561/key.tsv	Willem van Oranje -> Günther van Schwarzburg	1561	de	homophonic	0.13					unusable-key
ciphers/thurloe-printed/P6/ciphertext.txt	?	ciphers/gunther-van-schwarzburg-1561/key.tsv	Willem van Oranje -> Günther van Schwarzburg	1561	de	homophonic	0.129					unusable-key
ciphers/thurloe-printed/P7/ciphertext.txt	?	ciphers/gunther-van-schwarzburg-1561/key.tsv	Willem van Oranje -> Günther van Schwarzburg	1561	de	homophonic	0.106					unusable-key
ciphers/thurloe-printed/P8/ciphertext.txt	?	ciphers/gunther-van-schwarzburg-1561/key.tsv	Willem van Oranje -> Günther van Schwarzburg	1561	de	homophonic	0.092					unusable-key
ciphers/thurloe-printed/P9/ciphertext.txt	?	ciphers/gunther-van-schwarzburg-1561/key.tsv	Willem van Oranje -> Günther van Schwarzburg	1561	de	homophonic	0.078					unusable-key
ciphers/vanbeuningen-dewitt-1657/ciphertext.tsv	partial	ciphers/gunther-van-schwarzburg-1561/key.tsv	Willem van Oranje -> Günther van Schwarzburg	1561	de	homophonic	0.0					unusable-key
ciphers/wellington-maitland-1812/ciphertext.txt	partial	ciphers/gunther-van-schwarzburg-1561/key.tsv	Willem van Oranje -> Günther van Schwarzburg	1561	de	homophonic	0.044					unusable-key
ciphers/zodiac-z13-stress/ciphertext.txt	closed-negative	ciphers/gunther-van-schwarzburg-1561/key.tsv	Willem van Oranje -> Günther van Schwarzburg	1561	de	homophonic	0.308					unusable-key
ciphers/antt-linhares-chave/ciphertext.tsv	partial	ciphers/huntington-blathwayt-madrid-1728/key.tsv	?	1725-1729	fr	code	0.0					none
ciphers/berthier-napoleon-1812/ciphertext.txt	open	ciphers/huntington-blathwayt-madrid-1728/key.tsv	?	1725-1729	fr	code	0.345					none
ciphers/bowes-walsingham-1583/ciphertext.txt	partial	ciphers/huntington-blathwayt-madrid-1728/key.tsv	?	1725-1729	fr	code	0.337					none
ciphers/fr4687-paleologue-nevers/ciphertext.txt	open	ciphers/huntington-blathwayt-madrid-1728/key.tsv	?	1725-1729	fr	code	0.073					none
ciphers/huntington-luzerne-destouches-1781/ciphertext.tsv	open	ciphers/huntington-blathwayt-madrid-1728/key.tsv	?	1725-1729	fr	code	0.342					none
ciphers/huntington-luzerne-destouches-1781/ciphertext_decipher.tsv	open	ciphers/huntington-blathwayt-madrid-1728/key.tsv	?	1725-1729	fr	code	0.31					none
ciphers/intercepted-royalist-1646/ciphertext.txt	open	ciphers/huntington-blathwayt-madrid-1728/key.tsv	?	1725-1729	fr	code	0.281					none
ciphers/jan-van-nassau-1572-75/ciphertext_5549_ps.tsv	open	ciphers/huntington-blathwayt-madrid-1728/key.tsv	?	1725-1729	fr	code	0.312					none
ciphers/jan-van-nassau-1572-75/j5s/ciphertext_glossed_5557_5552.tsv	open	ciphers/huntington-blathwayt-madrid-1728/key.tsv	?	1725-1729	fr	code	0.17					none
ciphers/la-garde-1577/ciphertext_6179.tsv	open	ciphers/huntington-blathwayt-madrid-1728/key.tsv	?	1725-1729	fr	code	0.186					none
ciphers/la-garde-1577/ciphertext_6179_L1.tsv	open	ciphers/huntington-blathwayt-madrid-1728/key.tsv	?	1725-1729	fr	code	0.275					none
ciphers/la-garde-1577/ciphertext_6467_L1.tsv	open	ciphers/huntington-blathwayt-madrid-1728/key.tsv	?	1725-1729	fr	code	0.133					none
ciphers/lodewijk-van-nassau-1573-74/ciphertext_4503.tsv	partial	ciphers/huntington-blathwayt-madrid-1728/key.tsv	?	1725-1729	fr	code	0.231					none
ciphers/lodewijk-van-nassau-1573-74/ciphertext_4610.tsv	partial	ciphers/huntington-blathwayt-madrid-1728/key.tsv	?	1725-1729	fr	code	0.263					none
ciphers/lodewijk-van-nassau-1573-74/ciphertext_4611.tsv	partial	ciphers/huntington-blathwayt-madrid-1728/key.tsv	?	1725-1729	fr	code	0.292					none
ciphers/lodewijk-van-nassau-1573-74/ciphertext_4612.tsv	partial	ciphers/huntington-blathwayt-madrid-1728/key.tsv	?	1725-1729	fr	code	0.343					none
ciphers/lodewijk-van-nassau-1573-74/ciphertext_4616.tsv	partial	ciphers/huntington-blathwayt-madrid-1728/key.tsv	?	1725-1729	fr	code	0.261					none
ciphers/lodewijk-van-nassau-1573-74/ciphertext_5799.tsv	partial	ciphers/huntington-blathwayt-madrid-1728/key.tsv	?	1725-1729	fr	code	0.329					none
ciphers/lodewijk-van-nassau-1573-74/ciphertext_5810.tsv	partial	ciphers/huntington-blathwayt-madrid-1728/key.tsv	?	1725-1729	fr	code	0.272					none
ciphers/lodewijk-van-nassau-1573-74/ciphertext_5811.tsv	partial	ciphers/huntington-blathwayt-madrid-1728/key.tsv	?	1725-1729	fr	code	0.291					none
ciphers/lodewijk-van-nassau-1573-74/ciphertext_sib.tsv	partial	ciphers/huntington-blathwayt-madrid-1728/key.tsv	?	1725-1729	fr	code	0.304					none
ciphers/maurice-rupert-1645/ciphertext.txt	open	ciphers/huntington-blathwayt-madrid-1728/key.tsv	?	1725-1729	fr	code	0.212					none
ciphers/oxenstierna-gustav-adolf-1632/ciphertext_key.tsv	found-solved	ciphers/huntington-blathwayt-madrid-1728/key.tsv	?	1725-1729	fr	code	0.345					none
ciphers/rumpf-vandebie-heinsius-1716-19/ciphertext_142.tsv	open	ciphers/huntington-blathwayt-madrid-1728/key.tsv	?	1725-1729	fr	code	0.353					none
ciphers/sp53-16-78/ciphertext.txt	open	ciphers/huntington-blathwayt-madrid-1728/key.tsv	?	1725-1729	fr	code	0.345					none
ciphers/thurloe-printed/P20/ciphertext.txt	?	ciphers/huntington-blathwayt-madrid-1728/key.tsv	?	1725-1729	fr	code	0.279					none
ciphers/thurloe-printed/P23/ciphertext.txt	?	ciphers/huntington-blathwayt-madrid-1728/key.tsv	?	1725-1729	fr	code	0.262					none
ciphers/willem-van-hessen-1567/siblings/ciphertext_1069.tsv	open	ciphers/huntington-blathwayt-madrid-1728/key.tsv	?	1725-1729	fr	code	0.029					none
ciphers/august-van-saksen-1561-64/ciphertext_126.tsv	partial	ciphers/huntington-blathwayt-madrid-1728/key_items.tsv	?	1725-1729	fr	code	0.0					unusable-key
ciphers/august-van-saksen-1561-64/ciphertext_53.tsv	partial	ciphers/huntington-blathwayt-madrid-1728/key_items.tsv	?	1725-1729	fr	code	0.0					unusable-key
ciphers/august-van-saksen-1561-64/ciphertext_57.tsv	partial	ciphers/huntington-blathwayt-madrid-1728/key_items.tsv	?	1725-1729	fr	code	0.0					unusable-key
ciphers/august-van-saksen-1561-64/ciphertext_74.tsv	partial	ciphers/huntington-blathwayt-madrid-1728/key_items.tsv	?	1725-1729	fr	code	0.0					unusable-key
ciphers/august-van-saksen-1561-64/ciphertext_98.tsv	partial	ciphers/huntington-blathwayt-madrid-1728/key_items.tsv	?	1725-1729	fr	code	0.0					unusable-key
ciphers/birago-nevers-1571/ciphertext.txt	open	ciphers/huntington-blathwayt-madrid-1728/key_items.tsv	?	1725-1729	fr	code	0.0					unusable-key
ciphers/clair1067-brienne-poland-1646/ciphertext.txt	solved	ciphers/huntington-blathwayt-madrid-1728/key_items.tsv	?	1725-1729	fr	code	0.0					unusable-key
ciphers/clair1108-duvergier/ciphertext.tsv	solved	ciphers/huntington-blathwayt-madrid-1728/key_items.tsv	?	1725-1729	fr	code	0.0					unusable-key
ciphers/clairambault1225-paget-1714/ciphertext.tsv	partial	ciphers/huntington-blathwayt-madrid-1728/key_items.tsv	?	1725-1729	fr	code	0.0					unusable-key
ciphers/decode-4450-bnf-fr20506-1525/ciphertext_f136.tsv	open	ciphers/huntington-blathwayt-madrid-1728/key_items.tsv	?	1725-1729	fr	code	0.0					unusable-key
ciphers/destaing-gerard-1779/ciphertext.txt	open	ciphers/huntington-blathwayt-madrid-1728/key_items.tsv	?	1725-1729	fr	code	0.0					unusable-key
ciphers/dupuy452-carpi-1520/ciphertext_f20_carpi.txt	found-solved	ciphers/huntington-blathwayt-madrid-1728/key_items.tsv	?	1725-1729	fr	code	0.0					unusable-key
ciphers/dupuy452-carpi-1520/ciphertext_f28.txt	found-solved	ciphers/huntington-blathwayt-madrid-1728/key_items.tsv	?	1725-1729	fr	code	0.0					unusable-key
ciphers/fr2933-salviati-1525/ciphertext_f54r.tsv	open	ciphers/huntington-blathwayt-madrid-1728/key_items.tsv	?	1725-1729	fr	code	0.0					unusable-key
ciphers/fr2933-salviati-1525/ciphertext_f54v.tsv	open	ciphers/huntington-blathwayt-madrid-1728/key_items.tsv	?	1725-1729	fr	code	0.0					unusable-key
ciphers/fr2933-salviati-1525/ciphertext_f55r.tsv	open	ciphers/huntington-blathwayt-madrid-1728/key_items.tsv	?	1725-1729	fr	code	0.0					unusable-key
ciphers/fr2980-gramont/ciphertext.txt	?	ciphers/huntington-blathwayt-madrid-1728/key_items.tsv	?	1725-1729	fr	code	0.0					unusable-key
ciphers/fr2980-gramont/ciphertext_f30.tsv	?	ciphers/huntington-blathwayt-madrid-1728/key_items.tsv	?	1725-1729	fr	code	0.0					unusable-key
ciphers/fr3985-nevers-revol-1593/ciphertext.tsv	blocked	ciphers/huntington-blathwayt-madrid-1728/key_items.tsv	?	1725-1729	fr	code	0.0					unusable-key
ciphers/fr3986-nevers-revol-1593/ciphertext.tsv	blocked	ciphers/huntington-blathwayt-madrid-1728/key_items.tsv	?	1725-1729	fr	code	0.0					unusable-key
ciphers/fr3987-nevers-revol-1593/ciphertext.tsv	blocked	ciphers/huntington-blathwayt-madrid-1728/key_items.tsv	?	1725-1729	fr	code	0.0					unusable-key
ciphers/fr3990-nevers-henri4-1594/ciphertext.tsv	blocked	ciphers/huntington-blathwayt-madrid-1728/key_items.tsv	?	1725-1729	fr	code	0.0					unusable-key
ciphers/fr5160-letellier-1653/ciphertext_f1.tsv	open	ciphers/huntington-blathwayt-madrid-1728/key_items.tsv	?	1725-1729	fr	code	0.0					unusable-key
ciphers/fr5160-letellier-1653/ciphertext_f67.tsv	open	ciphers/huntington-blathwayt-madrid-1728/key_items.tsv	?	1725-1729	fr	code	0.0					unusable-key
ciphers/fr5160-letellier-1653/ciphertext_f86.tsv	open	ciphers/huntington-blathwayt-madrid-1728/key_items.tsv	?	1725-1729	fr	code	0.0					unusable-key
ciphers/fr5160-letellier-1653/ciphertext_f88.tsv	open	ciphers/huntington-blathwayt-madrid-1728/key_items.tsv	?	1725-1729	fr	code	0.0					unusable-key
ciphers/fr5160-letellier-1653/ciphertext_f9.tsv	open	ciphers/huntington-blathwayt-madrid-1728/key_items.tsv	?	1725-1729	fr	code	0.0					unusable-key
ciphers/gunther-van-schwarzburg-1561/ciphertext.tsv	found-solved	ciphers/huntington-blathwayt-madrid-1728/key_items.tsv	?	1725-1729	fr	code	0.0					unusable-key
ciphers/gunther-van-schwarzburg-1561/ciphertext_5109.tsv	found-solved	ciphers/huntington-blathwayt-madrid-1728/key_items.tsv	?	1725-1729	fr	code	0.0					unusable-key
ciphers/gunther-van-schwarzburg-1561/ciphertext_5109.txt	found-solved	ciphers/huntington-blathwayt-madrid-1728/key_items.tsv	?	1725-1729	fr	code	0.0					unusable-key
ciphers/gunther-van-schwarzburg-1561/ciphertext_8246.txt	found-solved	ciphers/huntington-blathwayt-madrid-1728/key_items.tsv	?	1725-1729	fr	code	0.0					unusable-key
ciphers/hamilton-1650/ciphertext.txt	open	ciphers/huntington-blathwayt-madrid-1728/key_items.tsv	?	1725-1729	fr	code	0.0					unusable-key
ciphers/jan-van-nassau-1572-75/ciphertext_5549.tsv	open	ciphers/huntington-blathwayt-madrid-1728/key_items.tsv	?	1725-1729	fr	code	0.0					unusable-key
ciphers/jan-van-nassau-1572-75/j5s/ciphertext_5550.tsv	open	ciphers/huntington-blathwayt-madrid-1728/key_items.tsv	?	1725-1729	fr	code	0.0					unusable-key
ciphers/la-garde-1577/ciphertext_6179_v2.tsv	open	ciphers/huntington-blathwayt-madrid-1728/key_items.tsv	?	1725-1729	fr	code	0.0					unusable-key
ciphers/la-garde-1577/ciphertext_6467.tsv	open	ciphers/huntington-blathwayt-madrid-1728/key_items.tsv	?	1725-1729	fr	code	0.0					unusable-key
ciphers/la-garde-1577/ciphertext_6467_v2.tsv	open	ciphers/huntington-blathwayt-madrid-1728/key_items.tsv	?	1725-1729	fr	code	0.0					unusable-key
ciphers/moray-wood-1568/ciphertext.txt	open	ciphers/huntington-blathwayt-madrid-1728/key_items.tsv	?	1725-1729	fr	code	0.0					unusable-key
ciphers/orange-nassau-1572/ciphertext.txt	found-solved	ciphers/huntington-blathwayt-madrid-1728/key_items.tsv	?	1725-1729	fr	code	0.0					unusable-key
ciphers/orange-nassau-1572/ciphertext_2.txt	found-solved	ciphers/huntington-blathwayt-madrid-1728/key_items.tsv	?	1725-1729	fr	code	0.0					unusable-key
ciphers/ormond-arran-1678/ciphertext.txt	open	ciphers/huntington-blathwayt-madrid-1728/key_items.tsv	?	1725-1729	fr	code	0.0					unusable-key
ciphers/oxenstierna-gustav-adolf-1632/ciphertext.txt	found-solved	ciphers/huntington-blathwayt-madrid-1728/key_items.tsv	?	1725-1729	fr	code	0.0					unusable-key
ciphers/oxenstierna-gustav-adolf-1632/ciphertext_verified.tsv	found-solved	ciphers/huntington-blathwayt-madrid-1728/key_items.tsv	?	1725-1729	fr	code	0.0					unusable-key
ciphers/rah-canada-1869/ciphertext.tsv	solved	ciphers/huntington-blathwayt-madrid-1728/key_items.tsv	?	1725-1729	fr	code	0.0					unusable-key
ciphers/randolph-sussex-1569/ciphertext.txt	found-solved	ciphers/huntington-blathwayt-madrid-1728/key_items.tsv	?	1725-1729	fr	code	0.0					unusable-key
ciphers/sforza-maino-1446/ciphertext.txt	closed-negative	ciphers/huntington-blathwayt-madrid-1728/key_items.tsv	?	1725-1729	fr	code	0.0					unusable-key
ciphers/sp53-16-79/ciphertext.txt	open	ciphers/huntington-blathwayt-madrid-1728/key_items.tsv	?	1725-1729	fr	code	0.0					unusable-key
ciphers/sp53-22-f52/ciphertext.txt	open	ciphers/huntington-blathwayt-madrid-1728/key_items.tsv	?	1725-1729	fr	code	0.0					unusable-key
ciphers/stepney-manchester-1702/ciphertext.txt	offline-only	ciphers/huntington-blathwayt-madrid-1728/key_items.tsv	?	1725-1729	fr	code	0.0					unusable-key
ciphers/thurloe-printed/P10/ciphertext.txt	?	ciphers/huntington-blathwayt-madrid-1728/key_items.tsv	?	1725-1729	fr	code	0.0					unusable-key
ciphers/thurloe-printed/P11/ciphertext.txt	?	ciphers/huntington-blathwayt-madrid-1728/key_items.tsv	?	1725-1729	fr	code	0.0					unusable-key
ciphers/thurloe-printed/P12/ciphertext.txt	?	ciphers/huntington-blathwayt-madrid-1728/key_items.tsv	?	1725-1729	fr	code	0.0					unusable-key
ciphers/thurloe-printed/P13/ciphertext.txt	?	ciphers/huntington-blathwayt-madrid-1728/key_items.tsv	?	1725-1729	fr	code	0.0					unusable-key
ciphers/thurloe-printed/P14/ciphertext.txt	?	ciphers/huntington-blathwayt-madrid-1728/key_items.tsv	?	1725-1729	fr	code	0.0					unusable-key
ciphers/thurloe-printed/P15/ciphertext.txt	?	ciphers/huntington-blathwayt-madrid-1728/key_items.tsv	?	1725-1729	fr	code	0.0					unusable-key
ciphers/thurloe-printed/P16/ciphertext.txt	?	ciphers/huntington-blathwayt-madrid-1728/key_items.tsv	?	1725-1729	fr	code	0.0					unusable-key
ciphers/thurloe-printed/P17/ciphertext.txt	?	ciphers/huntington-blathwayt-madrid-1728/key_items.tsv	?	1725-1729	fr	code	0.0					unusable-key
ciphers/thurloe-printed/P18/ciphertext.txt	?	ciphers/huntington-blathwayt-madrid-1728/key_items.tsv	?	1725-1729	fr	code	0.0					unusable-key
ciphers/thurloe-printed/P19/ciphertext.txt	?	ciphers/huntington-blathwayt-madrid-1728/key_items.tsv	?	1725-1729	fr	code	0.0					unusable-key
ciphers/thurloe-printed/P2/ciphertext.txt	?	ciphers/huntington-blathwayt-madrid-1728/key_items.tsv	?	1725-1729	fr	code	0.0					unusable-key
ciphers/thurloe-printed/P21/ciphertext.txt	?	ciphers/huntington-blathwayt-madrid-1728/key_items.tsv	?	1725-1729	fr	code	0.0					unusable-key
ciphers/thurloe-printed/P22/ciphertext.txt	?	ciphers/huntington-blathwayt-madrid-1728/key_items.tsv	?	1725-1729	fr	code	0.0					unusable-key
ciphers/thurloe-printed/P24/ciphertext.txt	?	ciphers/huntington-blathwayt-madrid-1728/key_items.tsv	?	1725-1729	fr	code	0.0					unusable-key
ciphers/thurloe-printed/P3/ciphertext.txt	?	ciphers/huntington-blathwayt-madrid-1728/key_items.tsv	?	1725-1729	fr	code	0.0					unusable-key
ciphers/thurloe-printed/P4/ciphertext.txt	?	ciphers/huntington-blathwayt-madrid-1728/key_items.tsv	?	1725-1729	fr	code	0.0					unusable-key
ciphers/thurloe-printed/P5/ciphertext.txt	?	ciphers/huntington-blathwayt-madrid-1728/key_items.tsv	?	1725-1729	fr	code	0.0					unusable-key
ciphers/thurloe-printed/P6/ciphertext.txt	?	ciphers/huntington-blathwayt-madrid-1728/key_items.tsv	?	1725-1729	fr	code	0.0					unusable-key
ciphers/thurloe-printed/P7/ciphertext.txt	?	ciphers/huntington-blathwayt-madrid-1728/key_items.tsv	?	1725-1729	fr	code	0.0					unusable-key
ciphers/thurloe-printed/P8/ciphertext.txt	?	ciphers/huntington-blathwayt-madrid-1728/key_items.tsv	?	1725-1729	fr	code	0.0					unusable-key
ciphers/thurloe-printed/P9/ciphertext.txt	?	ciphers/huntington-blathwayt-madrid-1728/key_items.tsv	?	1725-1729	fr	code	0.0					unusable-key
ciphers/vanbeuningen-dewitt-1657/ciphertext.tsv	partial	ciphers/huntington-blathwayt-madrid-1728/key_items.tsv	?	1725-1729	fr	code	0.0					unusable-key
ciphers/wellington-maitland-1812/ciphertext.txt	partial	ciphers/huntington-blathwayt-madrid-1728/key_items.tsv	?	1725-1729	fr	code	0.0					unusable-key
ciphers/zodiac-z13-stress/ciphertext.txt	closed-negative	ciphers/huntington-blathwayt-madrid-1728/key_items.tsv	?	1725-1729	fr	code	0.0					unusable-key
ciphers/antt-linhares-chave/ciphertext.tsv	partial	ciphers/huntington-luzerne-destouches-1781/key.tsv	La Luzerne -> Destouches	1781	fr	nomenclator	0.0					unusable-key
ciphers/berthier-napoleon-1812/ciphertext.txt	open	ciphers/huntington-luzerne-destouches-1781/key.tsv	La Luzerne -> Destouches	1781	fr	nomenclator	0.201					unusable-key
ciphers/bowes-walsingham-1583/ciphertext.txt	partial	ciphers/huntington-luzerne-destouches-1781/key.tsv	La Luzerne -> Destouches	1781	fr	nomenclator	0.168					unusable-key
ciphers/fr4687-paleologue-nevers/ciphertext.txt	open	ciphers/huntington-luzerne-destouches-1781/key.tsv	La Luzerne -> Destouches	1781	fr	nomenclator	0.326					unusable-key
ciphers/huntington-blathwayt-madrid-1728/ciphertext.tsv	partial	ciphers/huntington-luzerne-destouches-1781/key.tsv	La Luzerne -> Destouches	1781	fr	nomenclator	0.205					unusable-key
ciphers/huntington-blathwayt-madrid-1728/ciphertext_targets.tsv	partial	ciphers/huntington-luzerne-destouches-1781/key.tsv	La Luzerne -> Destouches	1781	fr	nomenclator	0.192					unusable-key
ciphers/intercepted-royalist-1646/ciphertext.txt	open	ciphers/huntington-luzerne-destouches-1781/key.tsv	La Luzerne -> Destouches	1781	fr	nomenclator	0.228					unusable-key
ciphers/jan-van-nassau-1572-75/ciphertext_5549_ps.tsv	open	ciphers/huntington-luzerne-destouches-1781/key.tsv	La Luzerne -> Destouches	1781	fr	nomenclator	0.177					unusable-key
ciphers/jan-van-nassau-1572-75/j5s/ciphertext_glossed_5557_5552.tsv	open	ciphers/huntington-luzerne-destouches-1781/key.tsv	La Luzerne -> Destouches	1781	fr	nomenclator	0.263					unusable-key
ciphers/la-garde-1577/ciphertext_6179.tsv	open	ciphers/huntington-luzerne-destouches-1781/key.tsv	La Luzerne -> Destouches	1781	fr	nomenclator	0.154					unusable-key
ciphers/la-garde-1577/ciphertext_6179_L1.tsv	open	ciphers/huntington-luzerne-destouches-1781/key.tsv	La Luzerne -> Destouches	1781	fr	nomenclator	0.275					unusable-key
ciphers/la-garde-1577/ciphertext_6467_L1.tsv	open	ciphers/huntington-luzerne-destouches-1781/key.tsv	La Luzerne -> Destouches	1781	fr	nomenclator	0.222					unusable-key
ciphers/lodewijk-van-nassau-1573-74/ciphertext_4503.tsv	partial	ciphers/huntington-luzerne-destouches-1781/key.tsv	La Luzerne -> Destouches	1781	fr	nomenclator	0.099					unusable-key
ciphers/lodewijk-van-nassau-1573-74/ciphertext_4610.tsv	partial	ciphers/huntington-luzerne-destouches-1781/key.tsv	La Luzerne -> Destouches	1781	fr	nomenclator	0.204					unusable-key
ciphers/lodewijk-van-nassau-1573-74/ciphertext_4611.tsv	partial	ciphers/huntington-luzerne-destouches-1781/key.tsv	La Luzerne -> Destouches	1781	fr	nomenclator	0.227					unusable-key
ciphers/lodewijk-van-nassau-1573-74/ciphertext_4612.tsv	partial	ciphers/huntington-luzerne-destouches-1781/key.tsv	La Luzerne -> Destouches	1781	fr	nomenclator	0.263					unusable-key
ciphers/lodewijk-van-nassau-1573-74/ciphertext_4616.tsv	partial	ciphers/huntington-luzerne-destouches-1781/key.tsv	La Luzerne -> Destouches	1781	fr	nomenclator	0.169					unusable-key
ciphers/lodewijk-van-nassau-1573-74/ciphertext_5799.tsv	partial	ciphers/huntington-luzerne-destouches-1781/key.tsv	La Luzerne -> Destouches	1781	fr	nomenclator	0.218					unusable-key
ciphers/lodewijk-van-nassau-1573-74/ciphertext_5810.tsv	partial	ciphers/huntington-luzerne-destouches-1781/key.tsv	La Luzerne -> Destouches	1781	fr	nomenclator	0.165					unusable-key
ciphers/lodewijk-van-nassau-1573-74/ciphertext_5811.tsv	partial	ciphers/huntington-luzerne-destouches-1781/key.tsv	La Luzerne -> Destouches	1781	fr	nomenclator	0.123					unusable-key
ciphers/lodewijk-van-nassau-1573-74/ciphertext_sib.tsv	partial	ciphers/huntington-luzerne-destouches-1781/key.tsv	La Luzerne -> Destouches	1781	fr	nomenclator	0.201					unusable-key
ciphers/maurice-rupert-1645/ciphertext.txt	open	ciphers/huntington-luzerne-destouches-1781/key.tsv	La Luzerne -> Destouches	1781	fr	nomenclator	0.182					unusable-key
ciphers/oxenstierna-gustav-adolf-1632/ciphertext_key.tsv	found-solved	ciphers/huntington-luzerne-destouches-1781/key.tsv	La Luzerne -> Destouches	1781	fr	nomenclator	0.214					unusable-key
ciphers/rumpf-vandebie-heinsius-1716-19/ciphertext_142.tsv	open	ciphers/huntington-luzerne-destouches-1781/key.tsv	La Luzerne -> Destouches	1781	fr	nomenclator	0.198					unusable-key
ciphers/sp53-16-78/ciphertext.txt	open	ciphers/huntington-luzerne-destouches-1781/key.tsv	La Luzerne -> Destouches	1781	fr	nomenclator	0.268					unusable-key
ciphers/thurloe-printed/P20/ciphertext.txt	?	ciphers/huntington-luzerne-destouches-1781/key.tsv	La Luzerne -> Destouches	1781	fr	nomenclator	0.209					unusable-key
ciphers/thurloe-printed/P23/ciphertext.txt	?	ciphers/huntington-luzerne-destouches-1781/key.tsv	La Luzerne -> Destouches	1781	fr	nomenclator	0.161					unusable-key
ciphers/willem-van-hessen-1567/siblings/ciphertext_1069.tsv	open	ciphers/huntington-luzerne-destouches-1781/key.tsv	La Luzerne -> Destouches	1781	fr	nomenclator	0.412					unusable-key
ciphers/antt-linhares-chave/ciphertext.tsv	partial	ciphers/huntington-luzerne-destouches-1781/key_tomokiyo.tsv	La Luzerne -> Destouches	1781	fr	nomenclator	0.0					unusable-key
ciphers/berthier-napoleon-1812/ciphertext.txt	open	ciphers/huntington-luzerne-destouches-1781/key_tomokiyo.tsv	La Luzerne -> Destouches	1781	fr	nomenclator	0.11					unusable-key
ciphers/bowes-walsingham-1583/ciphertext.txt	partial	ciphers/huntington-luzerne-destouches-1781/key_tomokiyo.tsv	La Luzerne -> Destouches	1781	fr	nomenclator	0.069					unusable-key
ciphers/fr4687-paleologue-nevers/ciphertext.txt	open	ciphers/huntington-luzerne-destouches-1781/key_tomokiyo.tsv	La Luzerne -> Destouches	1781	fr	nomenclator	0.089					unusable-key
ciphers/huntington-blathwayt-madrid-1728/ciphertext.tsv	partial	ciphers/huntington-luzerne-destouches-1781/key_tomokiyo.tsv	La Luzerne -> Destouches	1781	fr	nomenclator	0.132					unusable-key
ciphers/huntington-blathwayt-madrid-1728/ciphertext_targets.tsv	partial	ciphers/huntington-luzerne-destouches-1781/key_tomokiyo.tsv	La Luzerne -> Destouches	1781	fr	nomenclator	0.128					unusable-key
ciphers/huntington-luzerne-destouches-1781/ciphertext.tsv	open	ciphers/huntington-luzerne-destouches-1781/key_tomokiyo.tsv	La Luzerne -> Destouches	1781	fr	nomenclator	0.192					unusable-key
ciphers/huntington-luzerne-destouches-1781/ciphertext_decipher.tsv	open	ciphers/huntington-luzerne-destouches-1781/key_tomokiyo.tsv	La Luzerne -> Destouches	1781	fr	nomenclator	0.212					unusable-key
ciphers/intercepted-royalist-1646/ciphertext.txt	open	ciphers/huntington-luzerne-destouches-1781/key_tomokiyo.tsv	La Luzerne -> Destouches	1781	fr	nomenclator	0.193					unusable-key
ciphers/jan-van-nassau-1572-75/ciphertext_5549_ps.tsv	open	ciphers/huntington-luzerne-destouches-1781/key_tomokiyo.tsv	La Luzerne -> Destouches	1781	fr	nomenclator	0.108					unusable-key
ciphers/jan-van-nassau-1572-75/j5s/ciphertext_glossed_5557_5552.tsv	open	ciphers/huntington-luzerne-destouches-1781/key_tomokiyo.tsv	La Luzerne -> Destouches	1781	fr	nomenclator	0.066					unusable-key
ciphers/la-garde-1577/ciphertext_6179.tsv	open	ciphers/huntington-luzerne-destouches-1781/key_tomokiyo.tsv	La Luzerne -> Destouches	1781	fr	nomenclator	0.063					unusable-key
ciphers/la-garde-1577/ciphertext_6179_L1.tsv	open	ciphers/huntington-luzerne-destouches-1781/key_tomokiyo.tsv	La Luzerne -> Destouches	1781	fr	nomenclator	0.062					unusable-key
ciphers/la-garde-1577/ciphertext_6467_L1.tsv	open	ciphers/huntington-luzerne-destouches-1781/key_tomokiyo.tsv	La Luzerne -> Destouches	1781	fr	nomenclator	0.133					unusable-key
ciphers/lodewijk-van-nassau-1573-74/ciphertext_4503.tsv	partial	ciphers/huntington-luzerne-destouches-1781/key_tomokiyo.tsv	La Luzerne -> Destouches	1781	fr	nomenclator	0.095					unusable-key
ciphers/lodewijk-van-nassau-1573-74/ciphertext_4610.tsv	partial	ciphers/huntington-luzerne-destouches-1781/key_tomokiyo.tsv	La Luzerne -> Destouches	1781	fr	nomenclator	0.123					unusable-key
ciphers/lodewijk-van-nassau-1573-74/ciphertext_4611.tsv	partial	ciphers/huntington-luzerne-destouches-1781/key_tomokiyo.tsv	La Luzerne -> Destouches	1781	fr	nomenclator	0.136					unusable-key
ciphers/lodewijk-van-nassau-1573-74/ciphertext_4612.tsv	partial	ciphers/huntington-luzerne-destouches-1781/key_tomokiyo.tsv	La Luzerne -> Destouches	1781	fr	nomenclator	0.171					unusable-key
ciphers/lodewijk-van-nassau-1573-74/ciphertext_4616.tsv	partial	ciphers/huntington-luzerne-destouches-1781/key_tomokiyo.tsv	La Luzerne -> Destouches	1781	fr	nomenclator	0.065					unusable-key
ciphers/lodewijk-van-nassau-1573-74/ciphertext_5799.tsv	partial	ciphers/huntington-luzerne-destouches-1781/key_tomokiyo.tsv	La Luzerne -> Destouches	1781	fr	nomenclator	0.148					unusable-key
ciphers/lodewijk-van-nassau-1573-74/ciphertext_5810.tsv	partial	ciphers/huntington-luzerne-destouches-1781/key_tomokiyo.tsv	La Luzerne -> Destouches	1781	fr	nomenclator	0.113					unusable-key
ciphers/lodewijk-van-nassau-1573-74/ciphertext_5811.tsv	partial	ciphers/huntington-luzerne-destouches-1781/key_tomokiyo.tsv	La Luzerne -> Destouches	1781	fr	nomenclator	0.106					unusable-key
ciphers/lodewijk-van-nassau-1573-74/ciphertext_sib.tsv	partial	ciphers/huntington-luzerne-destouches-1781/key_tomokiyo.tsv	La Luzerne -> Destouches	1781	fr	nomenclator	0.09					unusable-key
ciphers/maurice-rupert-1645/ciphertext.txt	open	ciphers/huntington-luzerne-destouches-1781/key_tomokiyo.tsv	La Luzerne -> Destouches	1781	fr	nomenclator	0.172					unusable-key
ciphers/oxenstierna-gustav-adolf-1632/ciphertext_key.tsv	found-solved	ciphers/huntington-luzerne-destouches-1781/key_tomokiyo.tsv	La Luzerne -> Destouches	1781	fr	nomenclator	0.126					unusable-key
ciphers/rumpf-vandebie-heinsius-1716-19/ciphertext_142.tsv	open	ciphers/huntington-luzerne-destouches-1781/key_tomokiyo.tsv	La Luzerne -> Destouches	1781	fr	nomenclator	0.112					unusable-key
ciphers/sp53-16-78/ciphertext.txt	open	ciphers/huntington-luzerne-destouches-1781/key_tomokiyo.tsv	La Luzerne -> Destouches	1781	fr	nomenclator	0.148					unusable-key
ciphers/thurloe-printed/P20/ciphertext.txt	?	ciphers/huntington-luzerne-destouches-1781/key_tomokiyo.tsv	La Luzerne -> Destouches	1781	fr	nomenclator	0.128					unusable-key
ciphers/thurloe-printed/P23/ciphertext.txt	?	ciphers/huntington-luzerne-destouches-1781/key_tomokiyo.tsv	La Luzerne -> Destouches	1781	fr	nomenclator	0.106					unusable-key
ciphers/willem-van-hessen-1567/siblings/ciphertext_1069.tsv	open	ciphers/huntington-luzerne-destouches-1781/key_tomokiyo.tsv	La Luzerne -> Destouches	1781	fr	nomenclator	0.029					unusable-key
ciphers/antt-linhares-chave/ciphertext.tsv	partial	ciphers/jan-van-nassau-1572-75/key_1572.tsv	?	1572-1575	fr	nomenclator	0.0					unusable-key
ciphers/berthier-napoleon-1812/ciphertext.txt	open	ciphers/jan-van-nassau-1572-75/key_1572.tsv	?	1572-1575	fr	nomenclator	0.098					unusable-key
ciphers/huntington-blathwayt-madrid-1728/ciphertext.tsv	partial	ciphers/jan-van-nassau-1572-75/key_1572.tsv	?	1572-1575	fr	nomenclator	0.078					unusable-key
ciphers/huntington-blathwayt-madrid-1728/ciphertext_targets.tsv	partial	ciphers/jan-van-nassau-1572-75/key_1572.tsv	?	1572-1575	fr	nomenclator	0.11					unusable-key
ciphers/huntington-luzerne-destouches-1781/ciphertext.tsv	open	ciphers/jan-van-nassau-1572-75/key_1572.tsv	?	1572-1575	fr	nomenclator	0.108					unusable-key
ciphers/huntington-luzerne-destouches-1781/ciphertext_decipher.tsv	open	ciphers/jan-van-nassau-1572-75/key_1572.tsv	?	1572-1575	fr	nomenclator	0.096					unusable-key
ciphers/lodewijk-van-nassau-1573-74/ciphertext_5799.tsv	partial	ciphers/jan-van-nassau-1572-75/key_1572.tsv	?	1572-1575	fr	nomenclator	0.491					unusable-key
ciphers/maurice-rupert-1645/ciphertext.txt	open	ciphers/jan-van-nassau-1572-75/key_1572.tsv	?	1572-1575	fr	nomenclator	0.242					unusable-key
ciphers/antt-linhares-chave/ciphertext.tsv	partial	ciphers/jan-van-nassau-1572-75/key_5549.tsv	?	1572-1575	fr	nomenclator	0.0					unusable-key
ciphers/berthier-napoleon-1812/ciphertext.txt	open	ciphers/jan-van-nassau-1572-75/key_5549.tsv	?	1572-1575	fr	nomenclator	0.119					unusable-key
ciphers/huntington-blathwayt-madrid-1728/ciphertext.tsv	partial	ciphers/jan-van-nassau-1572-75/key_5549.tsv	?	1572-1575	fr	nomenclator	0.116					unusable-key
ciphers/huntington-blathwayt-madrid-1728/ciphertext_targets.tsv	partial	ciphers/jan-van-nassau-1572-75/key_5549.tsv	?	1572-1575	fr	nomenclator	0.14					unusable-key
ciphers/huntington-luzerne-destouches-1781/ciphertext.tsv	open	ciphers/jan-van-nassau-1572-75/key_5549.tsv	?	1572-1575	fr	nomenclator	0.147					unusable-key
ciphers/huntington-luzerne-destouches-1781/ciphertext_decipher.tsv	open	ciphers/jan-van-nassau-1572-75/key_5549.tsv	?	1572-1575	fr	nomenclator	0.122					unusable-key
ciphers/maurice-rupert-1645/ciphertext.txt	open	ciphers/jan-van-nassau-1572-75/key_5549.tsv	?	1572-1575	fr	nomenclator	0.303					unusable-key
ciphers/antt-linhares-chave/ciphertext.tsv	partial	ciphers/lodewijk-van-nassau-1573-74/key.tsv	Nassau -> Willem van Oranje	1573-1574	fr	nomenclator	0.0					unusable-key
ciphers/berthier-napoleon-1812/ciphertext.txt	open	ciphers/lodewijk-van-nassau-1573-74/key.tsv	Nassau -> Willem van Oranje	1573-1574	fr	nomenclator	0.119					unusable-key
ciphers/huntington-blathwayt-madrid-1728/ciphertext.tsv	partial	ciphers/lodewijk-van-nassau-1573-74/key.tsv	Nassau -> Willem van Oranje	1573-1574	fr	nomenclator	0.116					unusable-key
ciphers/huntington-blathwayt-madrid-1728/ciphertext_targets.tsv	partial	ciphers/lodewijk-van-nassau-1573-74/key.tsv	Nassau -> Willem van Oranje	1573-1574	fr	nomenclator	0.14					unusable-key
ciphers/huntington-luzerne-destouches-1781/ciphertext.tsv	open	ciphers/lodewijk-van-nassau-1573-74/key.tsv	Nassau -> Willem van Oranje	1573-1574	fr	nomenclator	0.147					unusable-key
ciphers/huntington-luzerne-destouches-1781/ciphertext_decipher.tsv	open	ciphers/lodewijk-van-nassau-1573-74/key.tsv	Nassau -> Willem van Oranje	1573-1574	fr	nomenclator	0.122					unusable-key
ciphers/maurice-rupert-1645/ciphertext.txt	open	ciphers/lodewijk-van-nassau-1573-74/key.tsv	Nassau -> Willem van Oranje	1573-1574	fr	nomenclator	0.303					unusable-key
ciphers/antt-linhares-chave/ciphertext.tsv	partial	ciphers/orange-nassau-1572/key_nepveu.tsv	?	1572	fr	monoalphabetic	0.0					unusable-key
ciphers/berthier-napoleon-1812/ciphertext.txt	open	ciphers/orange-nassau-1572/key_nepveu.tsv	?	1572	fr	monoalphabetic	0.009					unusable-key
ciphers/bowes-walsingham-1583/ciphertext.txt	partial	ciphers/orange-nassau-1572/key_nepveu.tsv	?	1572	fr	monoalphabetic	0.158					unusable-key
ciphers/fr4687-paleologue-nevers/ciphertext.txt	open	ciphers/orange-nassau-1572/key_nepveu.tsv	?	1572	fr	monoalphabetic	0.227					unusable-key
ciphers/huntington-blathwayt-madrid-1728/ciphertext.tsv	partial	ciphers/orange-nassau-1572/key_nepveu.tsv	?	1572	fr	monoalphabetic	0.037					unusable-key
ciphers/huntington-blathwayt-madrid-1728/ciphertext_targets.tsv	partial	ciphers/orange-nassau-1572/key_nepveu.tsv	?	1572	fr	monoalphabetic	0.041					unusable-key
ciphers/huntington-luzerne-destouches-1781/ciphertext.tsv	open	ciphers/orange-nassau-1572/key_nepveu.tsv	?	1572	fr	monoalphabetic	0.024					unusable-key
ciphers/huntington-luzerne-destouches-1781/ciphertext_decipher.tsv	open	ciphers/orange-nassau-1572/key_nepveu.tsv	?	1572	fr	monoalphabetic	0.032					unusable-key
ciphers/intercepted-royalist-1646/ciphertext.txt	open	ciphers/orange-nassau-1572/key_nepveu.tsv	?	1572	fr	monoalphabetic	0.263					unusable-key
ciphers/jan-van-nassau-1572-75/ciphertext_5549_ps.tsv	open	ciphers/orange-nassau-1572/key_nepveu.tsv	?	1572	fr	monoalphabetic	0.139					unusable-key
ciphers/jan-van-nassau-1572-75/j5s/ciphertext_glossed_5557_5552.tsv	open	ciphers/orange-nassau-1572/key_nepveu.tsv	?	1572	fr	monoalphabetic	0.155					unusable-key
ciphers/la-garde-1577/ciphertext_6179.tsv	open	ciphers/orange-nassau-1572/key_nepveu.tsv	?	1572	fr	monoalphabetic	0.312					unusable-key
ciphers/la-garde-1577/ciphertext_6179_L1.tsv	open	ciphers/orange-nassau-1572/key_nepveu.tsv	?	1572	fr	monoalphabetic	0.275					unusable-key
ciphers/la-garde-1577/ciphertext_6467_L1.tsv	open	ciphers/orange-nassau-1572/key_nepveu.tsv	?	1572	fr	monoalphabetic	0.2					unusable-key
ciphers/lodewijk-van-nassau-1573-74/ciphertext_4503.tsv	partial	ciphers/orange-nassau-1572/key_nepveu.tsv	?	1572	fr	monoalphabetic	0.176					unusable-key
ciphers/lodewijk-van-nassau-1573-74/ciphertext_4610.tsv	partial	ciphers/orange-nassau-1572/key_nepveu.tsv	?	1572	fr	monoalphabetic	0.151					unusable-key
ciphers/lodewijk-van-nassau-1573-74/ciphertext_4611.tsv	partial	ciphers/orange-nassau-1572/key_nepveu.tsv	?	1572	fr	monoalphabetic	0.182					unusable-key
ciphers/lodewijk-van-nassau-1573-74/ciphertext_4612.tsv	partial	ciphers/orange-nassau-1572/key_nepveu.tsv	?	1572	fr	monoalphabetic	0.278					unusable-key
ciphers/lodewijk-van-nassau-1573-74/ciphertext_4616.tsv	partial	ciphers/orange-nassau-1572/key_nepveu.tsv	?	1572	fr	monoalphabetic	0.195					unusable-key
ciphers/lodewijk-van-nassau-1573-74/ciphertext_5799.tsv	partial	ciphers/orange-nassau-1572/key_nepveu.tsv	?	1572	fr	monoalphabetic	0.12					unusable-key
ciphers/lodewijk-van-nassau-1573-74/ciphertext_5810.tsv	partial	ciphers/orange-nassau-1572/key_nepveu.tsv	?	1572	fr	monoalphabetic	0.159					unusable-key
ciphers/lodewijk-van-nassau-1573-74/ciphertext_5811.tsv	partial	ciphers/orange-nassau-1572/key_nepveu.tsv	?	1572	fr	monoalphabetic	0.162					unusable-key
ciphers/lodewijk-van-nassau-1573-74/ciphertext_sib.tsv	partial	ciphers/orange-nassau-1572/key_nepveu.tsv	?	1572	fr	monoalphabetic	0.229					unusable-key
ciphers/maurice-rupert-1645/ciphertext.txt	open	ciphers/orange-nassau-1572/key_nepveu.tsv	?	1572	fr	monoalphabetic	0.101					unusable-key
ciphers/oxenstierna-gustav-adolf-1632/ciphertext_key.tsv	found-solved	ciphers/orange-nassau-1572/key_nepveu.tsv	?	1572	fr	monoalphabetic	0.2					unusable-key
ciphers/rumpf-vandebie-heinsius-1716-19/ciphertext_142.tsv	open	ciphers/orange-nassau-1572/key_nepveu.tsv	?	1572	fr	monoalphabetic	0.241					unusable-key
ciphers/sp53-16-78/ciphertext.txt	open	ciphers/orange-nassau-1572/key_nepveu.tsv	?	1572	fr	monoalphabetic	0.174					unusable-key
ciphers/thurloe-printed/P20/ciphertext.txt	?	ciphers/orange-nassau-1572/key_nepveu.tsv	?	1572	fr	monoalphabetic	0.221					unusable-key
ciphers/thurloe-printed/P23/ciphertext.txt	?	ciphers/orange-nassau-1572/key_nepveu.tsv	?	1572	fr	monoalphabetic	0.239					unusable-key
ciphers/willem-van-hessen-1567/siblings/ciphertext_1069.tsv	open	ciphers/orange-nassau-1572/key_nepveu.tsv	?	1572	fr	monoalphabetic	0.088					unusable-key
ciphers/antt-linhares-chave/ciphertext.tsv	partial	ciphers/oxenstierna-gustav-adolf-1632/key.tsv	Oxenstierna, Gustav II Adolf -> Axel Oxenstierna	1632	fr	homophonic	0.0					unusable-key
ciphers/berthier-napoleon-1812/ciphertext.txt	open	ciphers/oxenstierna-gustav-adolf-1632/key.tsv	Oxenstierna, Gustav II Adolf -> Axel Oxenstierna	1632	fr	homophonic	0.058					unusable-key
ciphers/bowes-walsingham-1583/ciphertext.txt	partial	ciphers/oxenstierna-gustav-adolf-1632/key.tsv	Oxenstierna, Gustav II Adolf -> Axel Oxenstierna	1632	fr	homophonic	0.465					unusable-key
ciphers/fr4687-paleologue-nevers/ciphertext.txt	open	ciphers/oxenstierna-gustav-adolf-1632/key.tsv	Oxenstierna, Gustav II Adolf -> Axel Oxenstierna	1632	fr	homophonic	0.259					unusable-key
ciphers/huntington-blathwayt-madrid-1728/ciphertext.tsv	partial	ciphers/oxenstierna-gustav-adolf-1632/key.tsv	Oxenstierna, Gustav II Adolf -> Axel Oxenstierna	1632	fr	homophonic	0.068					unusable-key
ciphers/huntington-blathwayt-madrid-1728/ciphertext_targets.tsv	partial	ciphers/oxenstierna-gustav-adolf-1632/key.tsv	Oxenstierna, Gustav II Adolf -> Axel Oxenstierna	1632	fr	homophonic	0.105					unusable-key
ciphers/huntington-luzerne-destouches-1781/ciphertext.tsv	open	ciphers/oxenstierna-gustav-adolf-1632/key.tsv	Oxenstierna, Gustav II Adolf -> Axel Oxenstierna	1632	fr	homophonic	0.063					unusable-key
ciphers/huntington-luzerne-destouches-1781/ciphertext_decipher.tsv	open	ciphers/oxenstierna-gustav-adolf-1632/key.tsv	Oxenstierna, Gustav II Adolf -> Axel Oxenstierna	1632	fr	homophonic	0.043					unusable-key
ciphers/intercepted-royalist-1646/ciphertext.txt	open	ciphers/oxenstierna-gustav-adolf-1632/key.tsv	Oxenstierna, Gustav II Adolf -> Axel Oxenstierna	1632	fr	homophonic	0.456					unusable-key
ciphers/jan-van-nassau-1572-75/ciphertext_5549_ps.tsv	open	ciphers/oxenstierna-gustav-adolf-1632/key.tsv	Oxenstierna, Gustav II Adolf -> Axel Oxenstierna	1632	fr	homophonic	0.377					unusable-key
ciphers/jan-van-nassau-1572-75/j5s/ciphertext_glossed_5557_5552.tsv	open	ciphers/oxenstierna-gustav-adolf-1632/key.tsv	Oxenstierna, Gustav II Adolf -> Axel Oxenstierna	1632	fr	homophonic	0.269					unusable-key
ciphers/la-garde-1577/ciphertext_6179.tsv	open	ciphers/oxenstierna-gustav-adolf-1632/key.tsv	Oxenstierna, Gustav II Adolf -> Axel Oxenstierna	1632	fr	homophonic	0.4					unusable-key
ciphers/la-garde-1577/ciphertext_6179_L1.tsv	open	ciphers/oxenstierna-gustav-adolf-1632/key.tsv	Oxenstierna, Gustav II Adolf -> Axel Oxenstierna	1632	fr	homophonic	0.435					unusable-key
ciphers/la-garde-1577/ciphertext_6467_L1.tsv	open	ciphers/oxenstierna-gustav-adolf-1632/key.tsv	Oxenstierna, Gustav II Adolf -> Axel Oxenstierna	1632	fr	homophonic	0.311					unusable-key
ciphers/lodewijk-van-nassau-1573-74/ciphertext_4503.tsv	partial	ciphers/oxenstierna-gustav-adolf-1632/key.tsv	Oxenstierna, Gustav II Adolf -> Axel Oxenstierna	1632	fr	homophonic	0.476					unusable-key
ciphers/lodewijk-van-nassau-1573-74/ciphertext_4610.tsv	partial	ciphers/oxenstierna-gustav-adolf-1632/key.tsv	Oxenstierna, Gustav II Adolf -> Axel Oxenstierna	1632	fr	homophonic	0.42					unusable-key
ciphers/lodewijk-van-nassau-1573-74/ciphertext_4611.tsv	partial	ciphers/oxenstierna-gustav-adolf-1632/key.tsv	Oxenstierna, Gustav II Adolf -> Axel Oxenstierna	1632	fr	homophonic	0.434					unusable-key
ciphers/lodewijk-van-nassau-1573-74/ciphertext_4616.tsv	partial	ciphers/oxenstierna-gustav-adolf-1632/key.tsv	Oxenstierna, Gustav II Adolf -> Axel Oxenstierna	1632	fr	homophonic	0.36					unusable-key
ciphers/lodewijk-van-nassau-1573-74/ciphertext_5799.tsv	partial	ciphers/oxenstierna-gustav-adolf-1632/key.tsv	Oxenstierna, Gustav II Adolf -> Axel Oxenstierna	1632	fr	homophonic	0.338					unusable-key
ciphers/lodewijk-van-nassau-1573-74/ciphertext_5810.tsv	partial	ciphers/oxenstierna-gustav-adolf-1632/key.tsv	Oxenstierna, Gustav II Adolf -> Axel Oxenstierna	1632	fr	homophonic	0.424					unusable-key
ciphers/maurice-rupert-1645/ciphertext.txt	open	ciphers/oxenstierna-gustav-adolf-1632/key.tsv	Oxenstierna, Gustav II Adolf -> Axel Oxenstierna	1632	fr	homophonic	0.152					unusable-key
ciphers/sp53-16-78/ciphertext.txt	open	ciphers/oxenstierna-gustav-adolf-1632/key.tsv	Oxenstierna, Gustav II Adolf -> Axel Oxenstierna	1632	fr	homophonic	0.351					unusable-key
ciphers/thurloe-printed/P20/ciphertext.txt	?	ciphers/oxenstierna-gustav-adolf-1632/key.tsv	Oxenstierna, Gustav II Adolf -> Axel Oxenstierna	1632	fr	homophonic	0.453					unusable-key
ciphers/thurloe-printed/P23/ciphertext.txt	?	ciphers/oxenstierna-gustav-adolf-1632/key.tsv	Oxenstierna, Gustav II Adolf -> Axel Oxenstierna	1632	fr	homophonic	0.43					unusable-key
ciphers/willem-van-hessen-1567/siblings/ciphertext_1069.tsv	open	ciphers/oxenstierna-gustav-adolf-1632/key.tsv	Oxenstierna, Gustav II Adolf -> Axel Oxenstierna	1632	fr	homophonic	0.088					unusable-key
ciphers/august-van-saksen-1561-64/ciphertext_126.tsv	partial	ciphers/rah-canada-1869/key.tsv	?	1869	es	monoalphabetic	0.342					unusable-key
ciphers/august-van-saksen-1561-64/ciphertext_53.tsv	partial	ciphers/rah-canada-1869/key.tsv	?	1869	es	monoalphabetic	0.376					unusable-key
ciphers/august-van-saksen-1561-64/ciphertext_57.tsv	partial	ciphers/rah-canada-1869/key.tsv	?	1869	es	monoalphabetic	0.36					unusable-key
ciphers/august-van-saksen-1561-64/ciphertext_74.tsv	partial	ciphers/rah-canada-1869/key.tsv	?	1869	es	monoalphabetic	0.272					unusable-key
ciphers/august-van-saksen-1561-64/ciphertext_98.tsv	partial	ciphers/rah-canada-1869/key.tsv	?	1869	es	monoalphabetic	0.341					unusable-key
ciphers/birago-nevers-1571/ciphertext.txt	open	ciphers/rah-canada-1869/key.tsv	?	1869	es	monoalphabetic	0.0					unusable-key
ciphers/clair1067-brienne-poland-1646/ciphertext.txt	solved	ciphers/rah-canada-1869/key.tsv	?	1869	es	monoalphabetic	0.015					unusable-key
ciphers/clair1108-duvergier/ciphertext.tsv	solved	ciphers/rah-canada-1869/key.tsv	?	1869	es	monoalphabetic	0.11					unusable-key
ciphers/clairambault1225-paget-1714/ciphertext.tsv	partial	ciphers/rah-canada-1869/key.tsv	?	1869	es	monoalphabetic	0.081					unusable-key
ciphers/decode-4450-bnf-fr20506-1525/ciphertext_f136.tsv	open	ciphers/rah-canada-1869/key.tsv	?	1869	es	monoalphabetic	0.349					unusable-key
ciphers/destaing-gerard-1779/ciphertext.txt	open	ciphers/rah-canada-1869/key.tsv	?	1869	es	monoalphabetic	0.011					unusable-key
ciphers/dupuy452-carpi-1520/ciphertext_f20_carpi.txt	found-solved	ciphers/rah-canada-1869/key.tsv	?	1869	es	monoalphabetic	0.0					unusable-key
ciphers/dupuy452-carpi-1520/ciphertext_f28.txt	found-solved	ciphers/rah-canada-1869/key.tsv	?	1869	es	monoalphabetic	0.0					unusable-key
ciphers/fr2933-salviati-1525/ciphertext_f54r.tsv	open	ciphers/rah-canada-1869/key.tsv	?	1869	es	monoalphabetic	0.163					unusable-key
ciphers/fr2933-salviati-1525/ciphertext_f54v.tsv	open	ciphers/rah-canada-1869/key.tsv	?	1869	es	monoalphabetic	0.167					unusable-key
ciphers/fr2933-salviati-1525/ciphertext_f55r.tsv	open	ciphers/rah-canada-1869/key.tsv	?	1869	es	monoalphabetic	0.0					unusable-key
ciphers/fr2980-gramont/ciphertext.txt	?	ciphers/rah-canada-1869/key.tsv	?	1869	es	monoalphabetic	0.132					unusable-key
ciphers/fr2980-gramont/ciphertext_f30.tsv	?	ciphers/rah-canada-1869/key.tsv	?	1869	es	monoalphabetic	0.165					unusable-key
ciphers/fr3985-nevers-revol-1593/ciphertext.tsv	blocked	ciphers/rah-canada-1869/key.tsv	?	1869	es	monoalphabetic	0.104					unusable-key
ciphers/fr3986-nevers-revol-1593/ciphertext.tsv	blocked	ciphers/rah-canada-1869/key.tsv	?	1869	es	monoalphabetic	0.167					unusable-key
ciphers/fr3987-nevers-revol-1593/ciphertext.tsv	blocked	ciphers/rah-canada-1869/key.tsv	?	1869	es	monoalphabetic	0.12					unusable-key
ciphers/fr3990-nevers-henri4-1594/ciphertext.tsv	blocked	ciphers/rah-canada-1869/key.tsv	?	1869	es	monoalphabetic	0.046					unusable-key
ciphers/fr5160-letellier-1653/ciphertext_f1.tsv	open	ciphers/rah-canada-1869/key.tsv	?	1869	es	monoalphabetic	0.032					unusable-key
ciphers/fr5160-letellier-1653/ciphertext_f67.tsv	open	ciphers/rah-canada-1869/key.tsv	?	1869	es	monoalphabetic	0.146					unusable-key
ciphers/fr5160-letellier-1653/ciphertext_f86.tsv	open	ciphers/rah-canada-1869/key.tsv	?	1869	es	monoalphabetic	0.146					unusable-key
ciphers/fr5160-letellier-1653/ciphertext_f88.tsv	open	ciphers/rah-canada-1869/key.tsv	?	1869	es	monoalphabetic	0.116					unusable-key
ciphers/fr5160-letellier-1653/ciphertext_f9.tsv	open	ciphers/rah-canada-1869/key.tsv	?	1869	es	monoalphabetic	0.013					unusable-key
ciphers/gunther-van-schwarzburg-1561/ciphertext.tsv	found-solved	ciphers/rah-canada-1869/key.tsv	?	1869	es	monoalphabetic	0.03					unusable-key
ciphers/gunther-van-schwarzburg-1561/ciphertext_5109.tsv	found-solved	ciphers/rah-canada-1869/key.tsv	?	1869	es	monoalphabetic	0.022					unusable-key
ciphers/gunther-van-schwarzburg-1561/ciphertext_5109.txt	found-solved	ciphers/rah-canada-1869/key.tsv	?	1869	es	monoalphabetic	0.02					unusable-key
ciphers/gunther-van-schwarzburg-1561/ciphertext_8246.txt	found-solved	ciphers/rah-canada-1869/key.tsv	?	1869	es	monoalphabetic	0.03					unusable-key
ciphers/hamilton-1650/ciphertext.txt	open	ciphers/rah-canada-1869/key.tsv	?	1869	es	monoalphabetic	0.072					unusable-key
ciphers/jan-van-nassau-1572-75/ciphertext_5549.tsv	open	ciphers/rah-canada-1869/key.tsv	?	1869	es	monoalphabetic	0.181					unusable-key
ciphers/jan-van-nassau-1572-75/j5s/ciphertext_5550.tsv	open	ciphers/rah-canada-1869/key.tsv	?	1869	es	monoalphabetic	0.282					unusable-key
ciphers/la-garde-1577/ciphertext_6179_v2.tsv	open	ciphers/rah-canada-1869/key.tsv	?	1869	es	monoalphabetic	0.131					unusable-key
ciphers/la-garde-1577/ciphertext_6467.tsv	open	ciphers/rah-canada-1869/key.tsv	?	1869	es	monoalphabetic	0.43					unusable-key
ciphers/la-garde-1577/ciphertext_6467_v2.tsv	open	ciphers/rah-canada-1869/key.tsv	?	1869	es	monoalphabetic	0.304					unusable-key
ciphers/moray-wood-1568/ciphertext.txt	open	ciphers/rah-canada-1869/key.tsv	?	1869	es	monoalphabetic	0.015					unusable-key
ciphers/orange-nassau-1572/ciphertext.txt	found-solved	ciphers/rah-canada-1869/key.tsv	?	1869	es	monoalphabetic	0.063					unusable-key
ciphers/orange-nassau-1572/ciphertext_2.txt	found-solved	ciphers/rah-canada-1869/key.tsv	?	1869	es	monoalphabetic	0.068					unusable-key
ciphers/ormond-arran-1678/ciphertext.txt	open	ciphers/rah-canada-1869/key.tsv	?	1869	es	monoalphabetic	0.0					unusable-key
ciphers/oxenstierna-gustav-adolf-1632/ciphertext.txt	found-solved	ciphers/rah-canada-1869/key.tsv	?	1869	es	monoalphabetic	0.0					unusable-key
ciphers/oxenstierna-gustav-adolf-1632/ciphertext_verified.tsv	found-solved	ciphers/rah-canada-1869/key.tsv	?	1869	es	monoalphabetic	0.003					unusable-key
ciphers/rah-canada-1869/ciphertext.tsv	solved	ciphers/rah-canada-1869/key.tsv	?	1869	es	monoalphabetic	1.0					unusable-key
ciphers/randolph-sussex-1569/ciphertext.txt	found-solved	ciphers/rah-canada-1869/key.tsv	?	1869	es	monoalphabetic	0.061					unusable-key
ciphers/sforza-maino-1446/ciphertext.txt	closed-negative	ciphers/rah-canada-1869/key.tsv	?	1869	es	monoalphabetic	0.011					unusable-key
ciphers/sp53-16-79/ciphertext.txt	open	ciphers/rah-canada-1869/key.tsv	?	1869	es	monoalphabetic	0.0					unusable-key
ciphers/stepney-manchester-1702/ciphertext.txt	offline-only	ciphers/rah-canada-1869/key.tsv	?	1869	es	monoalphabetic	0.0					unusable-key
ciphers/thurloe-printed/P10/ciphertext.txt	?	ciphers/rah-canada-1869/key.tsv	?	1869	es	monoalphabetic	0.0					unusable-key
ciphers/thurloe-printed/P11/ciphertext.txt	?	ciphers/rah-canada-1869/key.tsv	?	1869	es	monoalphabetic	0.079					unusable-key
ciphers/thurloe-printed/P12/ciphertext.txt	?	ciphers/rah-canada-1869/key.tsv	?	1869	es	monoalphabetic	0.045					unusable-key
ciphers/thurloe-printed/P13/ciphertext.txt	?	ciphers/rah-canada-1869/key.tsv	?	1869	es	monoalphabetic	0.061					unusable-key
ciphers/thurloe-printed/P14/ciphertext.txt	?	ciphers/rah-canada-1869/key.tsv	?	1869	es	monoalphabetic	0.061					unusable-key
ciphers/thurloe-printed/P15/ciphertext.txt	?	ciphers/rah-canada-1869/key.tsv	?	1869	es	monoalphabetic	0.045					unusable-key
ciphers/thurloe-printed/P16/ciphertext.txt	?	ciphers/rah-canada-1869/key.tsv	?	1869	es	monoalphabetic	0.159					unusable-key
ciphers/thurloe-printed/P17/ciphertext.txt	?	ciphers/rah-canada-1869/key.tsv	?	1869	es	monoalphabetic	0.114					unusable-key
ciphers/thurloe-printed/P18/ciphertext.txt	?	ciphers/rah-canada-1869/key.tsv	?	1869	es	monoalphabetic	0.125					unusable-key
ciphers/thurloe-printed/P19/ciphertext.txt	?	ciphers/rah-canada-1869/key.tsv	?	1869	es	monoalphabetic	0.153					unusable-key
ciphers/thurloe-printed/P2/ciphertext.txt	?	ciphers/rah-canada-1869/key.tsv	?	1869	es	monoalphabetic	0.044					unusable-key
ciphers/thurloe-printed/P21/ciphertext.txt	?	ciphers/rah-canada-1869/key.tsv	?	1869	es	monoalphabetic	0.097					unusable-key
ciphers/thurloe-printed/P22/ciphertext.txt	?	ciphers/rah-canada-1869/key.tsv	?	1869	es	monoalphabetic	0.094					unusable-key
ciphers/thurloe-printed/P24/ciphertext.txt	?	ciphers/rah-canada-1869/key.tsv	?	1869	es	monoalphabetic	0.11					unusable-key
ciphers/thurloe-printed/P3/ciphertext.txt	?	ciphers/rah-canada-1869/key.tsv	?	1869	es	monoalphabetic	0.032					unusable-key
ciphers/thurloe-printed/P4/ciphertext.txt	?	ciphers/rah-canada-1869/key.tsv	?	1869	es	monoalphabetic	0.067					unusable-key
ciphers/thurloe-printed/P5/ciphertext.txt	?	ciphers/rah-canada-1869/key.tsv	?	1869	es	monoalphabetic	0.094					unusable-key
ciphers/thurloe-printed/P6/ciphertext.txt	?	ciphers/rah-canada-1869/key.tsv	?	1869	es	monoalphabetic	0.098					unusable-key
ciphers/thurloe-printed/P7/ciphertext.txt	?	ciphers/rah-canada-1869/key.tsv	?	1869	es	monoalphabetic	0.098					unusable-key
ciphers/thurloe-printed/P8/ciphertext.txt	?	ciphers/rah-canada-1869/key.tsv	?	1869	es	monoalphabetic	0.0					unusable-key
ciphers/thurloe-printed/P9/ciphertext.txt	?	ciphers/rah-canada-1869/key.tsv	?	1869	es	monoalphabetic	0.0					unusable-key
ciphers/vanbeuningen-dewitt-1657/ciphertext.tsv	partial	ciphers/rah-canada-1869/key.tsv	?	1869	es	monoalphabetic	0.0					unusable-key
ciphers/wellington-maitland-1812/ciphertext.txt	partial	ciphers/rah-canada-1869/key.tsv	?	1869	es	monoalphabetic	0.005					unusable-key
ciphers/zodiac-z13-stress/ciphertext.txt	closed-negative	ciphers/rah-canada-1869/key.tsv	?	1869	es	monoalphabetic	0.0					unusable-key
ciphers/august-van-saksen-1561-64/ciphertext_126.tsv	partial	ciphers/sforza-maino-1446/key.tsv	Sforza reply -> Zorzo	1446-1583	?	monoalphabetic	0.271					unusable-key
ciphers/august-van-saksen-1561-64/ciphertext_53.tsv	partial	ciphers/sforza-maino-1446/key.tsv	Sforza reply -> Zorzo	1446-1583	?	monoalphabetic	0.379					unusable-key
ciphers/august-van-saksen-1561-64/ciphertext_57.tsv	partial	ciphers/sforza-maino-1446/key.tsv	Sforza reply -> Zorzo	1446-1583	?	monoalphabetic	0.38					unusable-key
ciphers/august-van-saksen-1561-64/ciphertext_74.tsv	partial	ciphers/sforza-maino-1446/key.tsv	Sforza reply -> Zorzo	1446-1583	?	monoalphabetic	0.229					unusable-key
ciphers/august-van-saksen-1561-64/ciphertext_98.tsv	partial	ciphers/sforza-maino-1446/key.tsv	Sforza reply -> Zorzo	1446-1583	?	monoalphabetic	0.218					unusable-key
ciphers/birago-nevers-1571/ciphertext.txt	open	ciphers/sforza-maino-1446/key.tsv	Sforza reply -> Zorzo	1446-1583	?	monoalphabetic	0.0					unusable-key
ciphers/clair1067-brienne-poland-1646/ciphertext.txt	solved	ciphers/sforza-maino-1446/key.tsv	Sforza reply -> Zorzo	1446-1583	?	monoalphabetic	0.056					unusable-key
ciphers/clair1108-duvergier/ciphertext.tsv	solved	ciphers/sforza-maino-1446/key.tsv	Sforza reply -> Zorzo	1446-1583	?	monoalphabetic	0.282					unusable-key
ciphers/clairambault1225-paget-1714/ciphertext.tsv	partial	ciphers/sforza-maino-1446/key.tsv	Sforza reply -> Zorzo	1446-1583	?	monoalphabetic	0.24					unusable-key
ciphers/decode-4450-bnf-fr20506-1525/ciphertext_f136.tsv	open	ciphers/sforza-maino-1446/key.tsv	Sforza reply -> Zorzo	1446-1583	?	monoalphabetic	0.107					unusable-key
ciphers/destaing-gerard-1779/ciphertext.txt	open	ciphers/sforza-maino-1446/key.tsv	Sforza reply -> Zorzo	1446-1583	?	monoalphabetic	0.004					unusable-key
ciphers/dupuy452-carpi-1520/ciphertext_f20_carpi.txt	found-solved	ciphers/sforza-maino-1446/key.tsv	Sforza reply -> Zorzo	1446-1583	?	monoalphabetic	0.0					unusable-key
ciphers/dupuy452-carpi-1520/ciphertext_f28.txt	found-solved	ciphers/sforza-maino-1446/key.tsv	Sforza reply -> Zorzo	1446-1583	?	monoalphabetic	0.0					unusable-key
ciphers/fr2933-salviati-1525/ciphertext_f54r.tsv	open	ciphers/sforza-maino-1446/key.tsv	Sforza reply -> Zorzo	1446-1583	?	monoalphabetic	0.155					unusable-key
ciphers/fr2933-salviati-1525/ciphertext_f54v.tsv	open	ciphers/sforza-maino-1446/key.tsv	Sforza reply -> Zorzo	1446-1583	?	monoalphabetic	0.157					unusable-key
ciphers/fr2933-salviati-1525/ciphertext_f55r.tsv	open	ciphers/sforza-maino-1446/key.tsv	Sforza reply -> Zorzo	1446-1583	?	monoalphabetic	0.161					unusable-key
ciphers/fr2980-gramont/ciphertext.txt	?	ciphers/sforza-maino-1446/key.tsv	Sforza reply -> Zorzo	1446-1583	?	monoalphabetic	0.225					unusable-key
ciphers/fr2980-gramont/ciphertext_f30.tsv	?	ciphers/sforza-maino-1446/key.tsv	Sforza reply -> Zorzo	1446-1583	?	monoalphabetic	0.128					unusable-key
ciphers/fr3985-nevers-revol-1593/ciphertext.tsv	blocked	ciphers/sforza-maino-1446/key.tsv	Sforza reply -> Zorzo	1446-1583	?	monoalphabetic	0.305					unusable-key
ciphers/fr3986-nevers-revol-1593/ciphertext.tsv	blocked	ciphers/sforza-maino-1446/key.tsv	Sforza reply -> Zorzo	1446-1583	?	monoalphabetic	0.515					unusable-key
ciphers/fr3987-nevers-revol-1593/ciphertext.tsv	blocked	ciphers/sforza-maino-1446/key.tsv	Sforza reply -> Zorzo	1446-1583	?	monoalphabetic	0.39					unusable-key
ciphers/fr3990-nevers-henri4-1594/ciphertext.tsv	blocked	ciphers/sforza-maino-1446/key.tsv	Sforza reply -> Zorzo	1446-1583	?	monoalphabetic	0.398					unusable-key
ciphers/fr5160-letellier-1653/ciphertext_f1.tsv	open	ciphers/sforza-maino-1446/key.tsv	Sforza reply -> Zorzo	1446-1583	?	monoalphabetic	0.083					unusable-key
ciphers/fr5160-letellier-1653/ciphertext_f67.tsv	open	ciphers/sforza-maino-1446/key.tsv	Sforza reply -> Zorzo	1446-1583	?	monoalphabetic	0.089					unusable-key
ciphers/fr5160-letellier-1653/ciphertext_f86.tsv	open	ciphers/sforza-maino-1446/key.tsv	Sforza reply -> Zorzo	1446-1583	?	monoalphabetic	0.086					unusable-key
ciphers/fr5160-letellier-1653/ciphertext_f88.tsv	open	ciphers/sforza-maino-1446/key.tsv	Sforza reply -> Zorzo	1446-1583	?	monoalphabetic	0.049					unusable-key
ciphers/fr5160-letellier-1653/ciphertext_f9.tsv	open	ciphers/sforza-maino-1446/key.tsv	Sforza reply -> Zorzo	1446-1583	?	monoalphabetic	0.111					unusable-key
ciphers/gunther-van-schwarzburg-1561/ciphertext.tsv	found-solved	ciphers/sforza-maino-1446/key.tsv	Sforza reply -> Zorzo	1446-1583	?	monoalphabetic	0.244					unusable-key
ciphers/gunther-van-schwarzburg-1561/ciphertext_5109.tsv	found-solved	ciphers/sforza-maino-1446/key.tsv	Sforza reply -> Zorzo	1446-1583	?	monoalphabetic	0.261					unusable-key
ciphers/gunther-van-schwarzburg-1561/ciphertext_5109.txt	found-solved	ciphers/sforza-maino-1446/key.tsv	Sforza reply -> Zorzo	1446-1583	?	monoalphabetic	0.243					unusable-key
ciphers/gunther-van-schwarzburg-1561/ciphertext_8246.txt	found-solved	ciphers/sforza-maino-1446/key.tsv	Sforza reply -> Zorzo	1446-1583	?	monoalphabetic	0.238					unusable-key
ciphers/hamilton-1650/ciphertext.txt	open	ciphers/sforza-maino-1446/key.tsv	Sforza reply -> Zorzo	1446-1583	?	monoalphabetic	0.051					unusable-key
ciphers/jan-van-nassau-1572-75/ciphertext_5549.tsv	open	ciphers/sforza-maino-1446/key.tsv	Sforza reply -> Zorzo	1446-1583	?	monoalphabetic	0.123					unusable-key
ciphers/jan-van-nassau-1572-75/j5s/ciphertext_5550.tsv	open	ciphers/sforza-maino-1446/key.tsv	Sforza reply -> Zorzo	1446-1583	?	monoalphabetic	0.111					unusable-key
ciphers/la-garde-1577/ciphertext_6179_v2.tsv	open	ciphers/sforza-maino-1446/key.tsv	Sforza reply -> Zorzo	1446-1583	?	monoalphabetic	0.323					unusable-key
ciphers/la-garde-1577/ciphertext_6467.tsv	open	ciphers/sforza-maino-1446/key.tsv	Sforza reply -> Zorzo	1446-1583	?	monoalphabetic	0.125					unusable-key
ciphers/la-garde-1577/ciphertext_6467_v2.tsv	open	ciphers/sforza-maino-1446/key.tsv	Sforza reply -> Zorzo	1446-1583	?	monoalphabetic	0.239					unusable-key
ciphers/moray-wood-1568/ciphertext.txt	open	ciphers/sforza-maino-1446/key.tsv	Sforza reply -> Zorzo	1446-1583	?	monoalphabetic	0.276					unusable-key
ciphers/orange-nassau-1572/ciphertext.txt	found-solved	ciphers/sforza-maino-1446/key.tsv	Sforza reply -> Zorzo	1446-1583	?	monoalphabetic	0.058					unusable-key
ciphers/orange-nassau-1572/ciphertext_2.txt	found-solved	ciphers/sforza-maino-1446/key.tsv	Sforza reply -> Zorzo	1446-1583	?	monoalphabetic	0.068					unusable-key
ciphers/ormond-arran-1678/ciphertext.txt	open	ciphers/sforza-maino-1446/key.tsv	Sforza reply -> Zorzo	1446-1583	?	monoalphabetic	0.0					unusable-key
ciphers/oxenstierna-gustav-adolf-1632/ciphertext.txt	found-solved	ciphers/sforza-maino-1446/key.tsv	Sforza reply -> Zorzo	1446-1583	?	monoalphabetic	0.002					unusable-key
ciphers/oxenstierna-gustav-adolf-1632/ciphertext_verified.tsv	found-solved	ciphers/sforza-maino-1446/key.tsv	Sforza reply -> Zorzo	1446-1583	?	monoalphabetic	0.187					unusable-key
ciphers/rah-canada-1869/ciphertext.tsv	solved	ciphers/sforza-maino-1446/key.tsv	Sforza reply -> Zorzo	1446-1583	?	monoalphabetic	0.174					unusable-key
ciphers/randolph-sussex-1569/ciphertext.txt	found-solved	ciphers/sforza-maino-1446/key.tsv	Sforza reply -> Zorzo	1446-1583	?	monoalphabetic	0.395					unusable-key
ciphers/sforza-maino-1446/ciphertext.txt	closed-negative	ciphers/sforza-maino-1446/key.tsv	Sforza reply -> Zorzo	1446-1583	?	monoalphabetic	0.906					unusable-key
ciphers/sp53-16-79/ciphertext.txt	open	ciphers/sforza-maino-1446/key.tsv	Sforza reply -> Zorzo	1446-1583	?	monoalphabetic	0.0					unusable-key
ciphers/sp53-22-f52/ciphertext.txt	open	ciphers/sforza-maino-1446/key.tsv	Sforza reply -> Zorzo	1446-1583	?	monoalphabetic	0.202					unusable-key
ciphers/stepney-manchester-1702/ciphertext.txt	offline-only	ciphers/sforza-maino-1446/key.tsv	Sforza reply -> Zorzo	1446-1583	?	monoalphabetic	0.0					unusable-key
ciphers/thurloe-printed/P10/ciphertext.txt	?	ciphers/sforza-maino-1446/key.tsv	Sforza reply -> Zorzo	1446-1583	?	monoalphabetic	0.032					unusable-key
ciphers/thurloe-printed/P11/ciphertext.txt	?	ciphers/sforza-maino-1446/key.tsv	Sforza reply -> Zorzo	1446-1583	?	monoalphabetic	0.088					unusable-key
ciphers/thurloe-printed/P12/ciphertext.txt	?	ciphers/sforza-maino-1446/key.tsv	Sforza reply -> Zorzo	1446-1583	?	monoalphabetic	0.085					unusable-key
ciphers/thurloe-printed/P13/ciphertext.txt	?	ciphers/sforza-maino-1446/key.tsv	Sforza reply -> Zorzo	1446-1583	?	monoalphabetic	0.09					unusable-key
ciphers/thurloe-printed/P14/ciphertext.txt	?	ciphers/sforza-maino-1446/key.tsv	Sforza reply -> Zorzo	1446-1583	?	monoalphabetic	0.033					unusable-key
ciphers/thurloe-printed/P15/ciphertext.txt	?	ciphers/sforza-maino-1446/key.tsv	Sforza reply -> Zorzo	1446-1583	?	monoalphabetic	0.072					unusable-key
ciphers/thurloe-printed/P16/ciphertext.txt	?	ciphers/sforza-maino-1446/key.tsv	Sforza reply -> Zorzo	1446-1583	?	monoalphabetic	0.174					unusable-key
ciphers/thurloe-printed/P17/ciphertext.txt	?	ciphers/sforza-maino-1446/key.tsv	Sforza reply -> Zorzo	1446-1583	?	monoalphabetic	0.11					unusable-key
ciphers/thurloe-printed/P18/ciphertext.txt	?	ciphers/sforza-maino-1446/key.tsv	Sforza reply -> Zorzo	1446-1583	?	monoalphabetic	0.119					unusable-key
ciphers/thurloe-printed/P19/ciphertext.txt	?	ciphers/sforza-maino-1446/key.tsv	Sforza reply -> Zorzo	1446-1583	?	monoalphabetic	0.166					unusable-key
ciphers/thurloe-printed/P2/ciphertext.txt	?	ciphers/sforza-maino-1446/key.tsv	Sforza reply -> Zorzo	1446-1583	?	monoalphabetic	0.037					unusable-key
ciphers/thurloe-printed/P21/ciphertext.txt	?	ciphers/sforza-maino-1446/key.tsv	Sforza reply -> Zorzo	1446-1583	?	monoalphabetic	0.066					unusable-key
ciphers/thurloe-printed/P22/ciphertext.txt	?	ciphers/sforza-maino-1446/key.tsv	Sforza reply -> Zorzo	1446-1583	?	monoalphabetic	0.056					unusable-key
ciphers/thurloe-printed/P24/ciphertext.txt	?	ciphers/sforza-maino-1446/key.tsv	Sforza reply -> Zorzo	1446-1583	?	monoalphabetic	0.068					unusable-key
ciphers/thurloe-printed/P3/ciphertext.txt	?	ciphers/sforza-maino-1446/key.tsv	Sforza reply -> Zorzo	1446-1583	?	monoalphabetic	0.0					unusable-key
ciphers/thurloe-printed/P4/ciphertext.txt	?	ciphers/sforza-maino-1446/key.tsv	Sforza reply -> Zorzo	1446-1583	?	monoalphabetic	0.061					unusable-key
ciphers/thurloe-printed/P5/ciphertext.txt	?	ciphers/sforza-maino-1446/key.tsv	Sforza reply -> Zorzo	1446-1583	?	monoalphabetic	0.073					unusable-key
ciphers/thurloe-printed/P6/ciphertext.txt	?	ciphers/sforza-maino-1446/key.tsv	Sforza reply -> Zorzo	1446-1583	?	monoalphabetic	0.096					unusable-key
ciphers/thurloe-printed/P7/ciphertext.txt	?	ciphers/sforza-maino-1446/key.tsv	Sforza reply -> Zorzo	1446-1583	?	monoalphabetic	0.074					unusable-key
ciphers/thurloe-printed/P8/ciphertext.txt	?	ciphers/sforza-maino-1446/key.tsv	Sforza reply -> Zorzo	1446-1583	?	monoalphabetic	0.022					unusable-key
ciphers/thurloe-printed/P9/ciphertext.txt	?	ciphers/sforza-maino-1446/key.tsv	Sforza reply -> Zorzo	1446-1583	?	monoalphabetic	0.029					unusable-key
ciphers/vanbeuningen-dewitt-1657/ciphertext.tsv	partial	ciphers/sforza-maino-1446/key.tsv	Sforza reply -> Zorzo	1446-1583	?	monoalphabetic	0.001					unusable-key
ciphers/wellington-maitland-1812/ciphertext.txt	partial	ciphers/sforza-maino-1446/key.tsv	Sforza reply -> Zorzo	1446-1583	?	monoalphabetic	0.0					unusable-key
ciphers/zodiac-z13-stress/ciphertext.txt	closed-negative	ciphers/sforza-maino-1446/key.tsv	Sforza reply -> Zorzo	1446-1583	?	monoalphabetic	0.615					unusable-key
ciphers/antt-linhares-chave/ciphertext.tsv	partial	ciphers/thurloe-printed/key_blake.tsv	?	1742	en16	code	0.0					unusable-key
ciphers/berthier-napoleon-1812/ciphertext.txt	open	ciphers/thurloe-printed/key_blake.tsv	?	1742	en16	code	0.0					unusable-key
ciphers/bowes-walsingham-1583/ciphertext.txt	partial	ciphers/thurloe-printed/key_blake.tsv	?	1742	en16	code	0.03					unusable-key
ciphers/fr4687-paleologue-nevers/ciphertext.txt	open	ciphers/thurloe-printed/key_blake.tsv	?	1742	en16	code	0.0					unusable-key
ciphers/huntington-blathwayt-madrid-1728/ciphertext.tsv	partial	ciphers/thurloe-printed/key_blake.tsv	?	1742	en16	code	0.02					unusable-key
ciphers/huntington-blathwayt-madrid-1728/ciphertext_targets.tsv	partial	ciphers/thurloe-printed/key_blake.tsv	?	1742	en16	code	0.029					unusable-key
ciphers/huntington-luzerne-destouches-1781/ciphertext.tsv	open	ciphers/thurloe-printed/key_blake.tsv	?	1742	en16	code	0.022					unusable-key
ciphers/huntington-luzerne-destouches-1781/ciphertext_decipher.tsv	open	ciphers/thurloe-printed/key_blake.tsv	?	1742	en16	code	0.011					unusable-key
ciphers/intercepted-royalist-1646/ciphertext.txt	open	ciphers/thurloe-printed/key_blake.tsv	?	1742	en16	code	0.14					unusable-key
ciphers/jan-van-nassau-1572-75/ciphertext_5549_ps.tsv	open	ciphers/thurloe-printed/key_blake.tsv	?	1742	en16	code	0.147					unusable-key
ciphers/jan-van-nassau-1572-75/j5s/ciphertext_glossed_5557_5552.tsv	open	ciphers/thurloe-printed/key_blake.tsv	?	1742	en16	code	0.043					unusable-key
ciphers/la-garde-1577/ciphertext_6179.tsv	open	ciphers/thurloe-printed/key_blake.tsv	?	1742	en16	code	0.08					unusable-key
ciphers/la-garde-1577/ciphertext_6179_L1.tsv	open	ciphers/thurloe-printed/key_blake.tsv	?	1742	en16	code	0.041					unusable-key
ciphers/la-garde-1577/ciphertext_6467_L1.tsv	open	ciphers/thurloe-printed/key_blake.tsv	?	1742	en16	code	0.022					unusable-key
ciphers/lodewijk-van-nassau-1573-74/ciphertext_4503.tsv	partial	ciphers/thurloe-printed/key_blake.tsv	?	1742	en16	code	0.106					unusable-key
ciphers/lodewijk-van-nassau-1573-74/ciphertext_4610.tsv	partial	ciphers/thurloe-printed/key_blake.tsv	?	1742	en16	code	0.159					unusable-key
ciphers/lodewijk-van-nassau-1573-74/ciphertext_4611.tsv	partial	ciphers/thurloe-printed/key_blake.tsv	?	1742	en16	code	0.187					unusable-key
ciphers/lodewijk-van-nassau-1573-74/ciphertext_4612.tsv	partial	ciphers/thurloe-printed/key_blake.tsv	?	1742	en16	code	0.167					unusable-key
ciphers/lodewijk-van-nassau-1573-74/ciphertext_4616.tsv	partial	ciphers/thurloe-printed/key_blake.tsv	?	1742	en16	code	0.119					unusable-key
ciphers/lodewijk-van-nassau-1573-74/ciphertext_5799.tsv	partial	ciphers/thurloe-printed/key_blake.tsv	?	1742	en16	code	0.102					unusable-key
ciphers/lodewijk-van-nassau-1573-74/ciphertext_5810.tsv	partial	ciphers/thurloe-printed/key_blake.tsv	?	1742	en16	code	0.17					unusable-key
ciphers/lodewijk-van-nassau-1573-74/ciphertext_5811.tsv	partial	ciphers/thurloe-printed/key_blake.tsv	?	1742	en16	code	0.182					unusable-key
ciphers/lodewijk-van-nassau-1573-74/ciphertext_sib.tsv	partial	ciphers/thurloe-printed/key_blake.tsv	?	1742	en16	code	0.193					unusable-key
ciphers/maurice-rupert-1645/ciphertext.txt	open	ciphers/thurloe-printed/key_blake.tsv	?	1742	en16	code	0.051					unusable-key
ciphers/oxenstierna-gustav-adolf-1632/ciphertext_key.tsv	found-solved	ciphers/thurloe-printed/key_blake.tsv	?	1742	en16	code	0.261					unusable-key
ciphers/rumpf-vandebie-heinsius-1716-19/ciphertext_142.tsv	open	ciphers/thurloe-printed/key_blake.tsv	?	1742	en16	code	0.112					unusable-key
ciphers/sp53-16-78/ciphertext.txt	open	ciphers/thurloe-printed/key_blake.tsv	?	1742	en16	code	0.107					unusable-key
ciphers/thurloe-printed/P20/ciphertext.txt	?	ciphers/thurloe-printed/key_blake.tsv	?	1742	en16	code	0.128					unusable-key
ciphers/thurloe-printed/P23/ciphertext.txt	?	ciphers/thurloe-printed/key_blake.tsv	?	1742	en16	code	0.154					unusable-key
ciphers/willem-van-hessen-1567/siblings/ciphertext_1069.tsv	open	ciphers/thurloe-printed/key_blake.tsv	?	1742	en16	code	0.0					unusable-key
ciphers/antt-linhares-chave/ciphertext.tsv	partial	ciphers/thurloe-printed/key_blake_extended.tsv	?	1742	en16	code	0.0					unusable-key
ciphers/berthier-napoleon-1812/ciphertext.txt	open	ciphers/thurloe-printed/key_blake_extended.tsv	?	1742	en16	code	0.046					unusable-key
ciphers/bowes-walsingham-1583/ciphertext.txt	partial	ciphers/thurloe-printed/key_blake_extended.tsv	?	1742	en16	code	0.238					unusable-key
ciphers/fr4687-paleologue-nevers/ciphertext.txt	open	ciphers/thurloe-printed/key_blake_extended.tsv	?	1742	en16	code	0.0					unusable-key
ciphers/huntington-blathwayt-madrid-1728/ciphertext.tsv	partial	ciphers/thurloe-printed/key_blake_extended.tsv	?	1742	en16	code	0.038					unusable-key
ciphers/huntington-blathwayt-madrid-1728/ciphertext_targets.tsv	partial	ciphers/thurloe-printed/key_blake_extended.tsv	?	1742	en16	code	0.047					unusable-key
ciphers/huntington-luzerne-destouches-1781/ciphertext.tsv	open	ciphers/thurloe-printed/key_blake_extended.tsv	?	1742	en16	code	0.075					unusable-key
ciphers/huntington-luzerne-destouches-1781/ciphertext_decipher.tsv	open	ciphers/thurloe-printed/key_blake_extended.tsv	?	1742	en16	code	0.049					unusable-key
ciphers/intercepted-royalist-1646/ciphertext.txt	open	ciphers/thurloe-printed/key_blake_extended.tsv	?	1742	en16	code	0.351					unusable-key
ciphers/jan-van-nassau-1572-75/ciphertext_5549_ps.tsv	open	ciphers/thurloe-printed/key_blake_extended.tsv	?	1742	en16	code	0.433					unusable-key
ciphers/jan-van-nassau-1572-75/j5s/ciphertext_glossed_5557_5552.tsv	open	ciphers/thurloe-printed/key_blake_extended.tsv	?	1742	en16	code	0.185					unusable-key
ciphers/la-garde-1577/ciphertext_6179.tsv	open	ciphers/thurloe-printed/key_blake_extended.tsv	?	1742	en16	code	0.303					unusable-key
ciphers/la-garde-1577/ciphertext_6179_L1.tsv	open	ciphers/thurloe-printed/key_blake_extended.tsv	?	1742	en16	code	0.28					unusable-key
ciphers/la-garde-1577/ciphertext_6467_L1.tsv	open	ciphers/thurloe-printed/key_blake_extended.tsv	?	1742	en16	code	0.089					unusable-key
ciphers/lodewijk-van-nassau-1573-74/ciphertext_4503.tsv	partial	ciphers/thurloe-printed/key_blake_extended.tsv	?	1742	en16	code	0.487					unusable-key
ciphers/lodewijk-van-nassau-1573-74/ciphertext_4610.tsv	partial	ciphers/thurloe-printed/key_blake_extended.tsv	?	1742	en16	code	0.421					unusable-key
ciphers/lodewijk-van-nassau-1573-74/ciphertext_4611.tsv	partial	ciphers/thurloe-printed/key_blake_extended.tsv	?	1742	en16	code	0.457					unusable-key
ciphers/lodewijk-van-nassau-1573-74/ciphertext_4612.tsv	partial	ciphers/thurloe-printed/key_blake_extended.tsv	?	1742	en16	code	0.483					unusable-key
ciphers/lodewijk-van-nassau-1573-74/ciphertext_4616.tsv	partial	ciphers/thurloe-printed/key_blake_extended.tsv	?	1742	en16	code	0.406					unusable-key
ciphers/lodewijk-van-nassau-1573-74/ciphertext_5799.tsv	partial	ciphers/thurloe-printed/key_blake_extended.tsv	?	1742	en16	code	0.38					unusable-key
ciphers/lodewijk-van-nassau-1573-74/ciphertext_5810.tsv	partial	ciphers/thurloe-printed/key_blake_extended.tsv	?	1742	en16	code	0.43					unusable-key
ciphers/maurice-rupert-1645/ciphertext.txt	open	ciphers/thurloe-printed/key_blake_extended.tsv	?	1742	en16	code	0.131					unusable-key
ciphers/oxenstierna-gustav-adolf-1632/ciphertext_key.tsv	found-solved	ciphers/thurloe-printed/key_blake_extended.tsv	?	1742	en16	code	0.499					unusable-key
ciphers/rumpf-vandebie-heinsius-1716-19/ciphertext_142.tsv	open	ciphers/thurloe-printed/key_blake_extended.tsv	?	1742	en16	code	0.405					unusable-key
ciphers/sp53-16-78/ciphertext.txt	open	ciphers/thurloe-printed/key_blake_extended.tsv	?	1742	en16	code	0.359					unusable-key
ciphers/thurloe-printed/P20/ciphertext.txt	?	ciphers/thurloe-printed/key_blake_extended.tsv	?	1742	en16	code	0.488					unusable-key
ciphers/thurloe-printed/P23/ciphertext.txt	?	ciphers/thurloe-printed/key_blake_extended.tsv	?	1742	en16	code	0.43					unusable-key
ciphers/willem-van-hessen-1567/siblings/ciphertext_1069.tsv	open	ciphers/thurloe-printed/key_blake_extended.tsv	?	1742	en16	code	0.029					unusable-key
ciphers/antt-linhares-chave/ciphertext.tsv	partial	ciphers/thurloe-printed/key_butler.tsv	?	1742	en16	nomenclator	0.0					unusable-key
ciphers/berthier-napoleon-1812/ciphertext.txt	open	ciphers/thurloe-printed/key_butler.tsv	?	1742	en16	nomenclator	0.098					unusable-key
ciphers/fr4687-paleologue-nevers/ciphertext.txt	open	ciphers/thurloe-printed/key_butler.tsv	?	1742	en16	nomenclator	0.46					unusable-key
ciphers/huntington-blathwayt-madrid-1728/ciphertext.tsv	partial	ciphers/thurloe-printed/key_butler.tsv	?	1742	en16	nomenclator	0.054					unusable-key
ciphers/huntington-blathwayt-madrid-1728/ciphertext_targets.tsv	partial	ciphers/thurloe-printed/key_butler.tsv	?	1742	en16	nomenclator	0.087					unusable-key
ciphers/huntington-luzerne-destouches-1781/ciphertext.tsv	open	ciphers/thurloe-printed/key_butler.tsv	?	1742	en16	nomenclator	0.072					unusable-key
ciphers/huntington-luzerne-destouches-1781/ciphertext_decipher.tsv	open	ciphers/thurloe-printed/key_butler.tsv	?	1742	en16	nomenclator	0.066					unusable-key
ciphers/intercepted-royalist-1646/ciphertext.txt	open	ciphers/thurloe-printed/key_butler.tsv	?	1742	en16	nomenclator	0.246					unusable-key
ciphers/jan-van-nassau-1572-75/ciphertext_5549_ps.tsv	open	ciphers/thurloe-printed/key_butler.tsv	?	1742	en16	nomenclator	0.165					unusable-key
ciphers/jan-van-nassau-1572-75/j5s/ciphertext_glossed_5557_5552.tsv	open	ciphers/thurloe-printed/key_butler.tsv	?	1742	en16	nomenclator	0.229					unusable-key
ciphers/la-garde-1577/ciphertext_6467_L1.tsv	open	ciphers/thurloe-printed/key_butler.tsv	?	1742	en16	nomenclator	0.444					unusable-key
ciphers/lodewijk-van-nassau-1573-74/ciphertext_4503.tsv	partial	ciphers/thurloe-printed/key_butler.tsv	?	1742	en16	nomenclator	0.125					unusable-key
ciphers/lodewijk-van-nassau-1573-74/ciphertext_4610.tsv	partial	ciphers/thurloe-printed/key_butler.tsv	?	1742	en16	nomenclator	0.161					unusable-key
ciphers/lodewijk-van-nassau-1573-74/ciphertext_4611.tsv	partial	ciphers/thurloe-printed/key_butler.tsv	?	1742	en16	nomenclator	0.185					unusable-key
ciphers/lodewijk-van-nassau-1573-74/ciphertext_4612.tsv	partial	ciphers/thurloe-printed/key_butler.tsv	?	1742	en16	nomenclator	0.246					unusable-key
ciphers/lodewijk-van-nassau-1573-74/ciphertext_4616.tsv	partial	ciphers/thurloe-printed/key_butler.tsv	?	1742	en16	nomenclator	0.253					unusable-key
ciphers/lodewijk-van-nassau-1573-74/ciphertext_5799.tsv	partial	ciphers/thurloe-printed/key_butler.tsv	?	1742	en16	nomenclator	0.093					unusable-key
ciphers/lodewijk-van-nassau-1573-74/ciphertext_5810.tsv	partial	ciphers/thurloe-printed/key_butler.tsv	?	1742	en16	nomenclator	0.167					unusable-key
ciphers/lodewijk-van-nassau-1573-74/ciphertext_5811.tsv	partial	ciphers/thurloe-printed/key_butler.tsv	?	1742	en16	nomenclator	0.179					unusable-key
ciphers/lodewijk-van-nassau-1573-74/ciphertext_sib.tsv	partial	ciphers/thurloe-printed/key_butler.tsv	?	1742	en16	nomenclator	0.309					unusable-key
ciphers/maurice-rupert-1645/ciphertext.txt	open	ciphers/thurloe-printed/key_butler.tsv	?	1742	en16	nomenclator	0.111					unusable-key
ciphers/oxenstierna-gustav-adolf-1632/ciphertext_key.tsv	found-solved	ciphers/thurloe-printed/key_butler.tsv	?	1742	en16	nomenclator	0.259					unusable-key
ciphers/rumpf-vandebie-heinsius-1716-19/ciphertext_142.tsv	open	ciphers/thurloe-printed/key_butler.tsv	?	1742	en16	nomenclator	0.28					unusable-key
ciphers/sp53-16-78/ciphertext.txt	open	ciphers/thurloe-printed/key_butler.tsv	?	1742	en16	nomenclator	0.136					unusable-key
ciphers/thurloe-printed/P20/ciphertext.txt	?	ciphers/thurloe-printed/key_butler.tsv	?	1742	en16	nomenclator	0.453					unusable-key
ciphers/thurloe-printed/P23/ciphertext.txt	?	ciphers/thurloe-printed/key_butler.tsv	?	1742	en16	nomenclator	0.436					unusable-key
ciphers/willem-van-hessen-1567/siblings/ciphertext_1069.tsv	open	ciphers/thurloe-printed/key_butler.tsv	?	1742	en16	nomenclator	0.471					unusable-key
ciphers/antt-linhares-chave/ciphertext.tsv	partial	ciphers/thurloe-printed/key_downing.tsv	?	1742	en16	code	0.0					unusable-key
ciphers/berthier-napoleon-1812/ciphertext.txt	open	ciphers/thurloe-printed/key_downing.tsv	?	1742	en16	code	0.015					unusable-key
ciphers/bowes-walsingham-1583/ciphertext.txt	partial	ciphers/thurloe-printed/key_downing.tsv	?	1742	en16	code	0.0					unusable-key
ciphers/fr4687-paleologue-nevers/ciphertext.txt	open	ciphers/thurloe-printed/key_downing.tsv	?	1742	en16	code	0.0					unusable-key
ciphers/huntington-blathwayt-madrid-1728/ciphertext.tsv	partial	ciphers/thurloe-printed/key_downing.tsv	?	1742	en16	code	0.007					unusable-key
ciphers/huntington-blathwayt-madrid-1728/ciphertext_targets.tsv	partial	ciphers/thurloe-printed/key_downing.tsv	?	1742	en16	code	0.017					unusable-key
ciphers/huntington-luzerne-destouches-1781/ciphertext.tsv	open	ciphers/thurloe-printed/key_downing.tsv	?	1742	en16	code	0.015					unusable-key
ciphers/huntington-luzerne-destouches-1781/ciphertext_decipher.tsv	open	ciphers/thurloe-printed/key_downing.tsv	?	1742	en16	code	0.017					unusable-key
ciphers/intercepted-royalist-1646/ciphertext.txt	open	ciphers/thurloe-printed/key_downing.tsv	?	1742	en16	code	0.035					unusable-key
ciphers/jan-van-nassau-1572-75/ciphertext_5549_ps.tsv	open	ciphers/thurloe-printed/key_downing.tsv	?	1742	en16	code	0.026					unusable-key
ciphers/jan-van-nassau-1572-75/j5s/ciphertext_glossed_5557_5552.tsv	open	ciphers/thurloe-printed/key_downing.tsv	?	1742	en16	code	0.004					unusable-key
ciphers/la-garde-1577/ciphertext_6179.tsv	open	ciphers/thurloe-printed/key_downing.tsv	?	1742	en16	code	0.01					unusable-key
ciphers/la-garde-1577/ciphertext_6179_L1.tsv	open	ciphers/thurloe-printed/key_downing.tsv	?	1742	en16	code	0.0					unusable-key
ciphers/la-garde-1577/ciphertext_6467_L1.tsv	open	ciphers/thurloe-printed/key_downing.tsv	?	1742	en16	code	0.0					unusable-key
ciphers/lodewijk-van-nassau-1573-74/ciphertext_4503.tsv	partial	ciphers/thurloe-printed/key_downing.tsv	?	1742	en16	code	0.007					unusable-key
ciphers/lodewijk-van-nassau-1573-74/ciphertext_4610.tsv	partial	ciphers/thurloe-printed/key_downing.tsv	?	1742	en16	code	0.017					unusable-key
ciphers/lodewijk-van-nassau-1573-74/ciphertext_4611.tsv	partial	ciphers/thurloe-printed/key_downing.tsv	?	1742	en16	code	0.032					unusable-key
ciphers/lodewijk-van-nassau-1573-74/ciphertext_4612.tsv	partial	ciphers/thurloe-printed/key_downing.tsv	?	1742	en16	code	0.068					unusable-key
ciphers/lodewijk-van-nassau-1573-74/ciphertext_4616.tsv	partial	ciphers/thurloe-printed/key_downing.tsv	?	1742	en16	code	0.027					unusable-key
ciphers/lodewijk-van-nassau-1573-74/ciphertext_5799.tsv	partial	ciphers/thurloe-printed/key_downing.tsv	?	1742	en16	code	0.028					unusable-key
ciphers/lodewijk-van-nassau-1573-74/ciphertext_5810.tsv	partial	ciphers/thurloe-printed/key_downing.tsv	?	1742	en16	code	0.024					unusable-key
ciphers/lodewijk-van-nassau-1573-74/ciphertext_5811.tsv	partial	ciphers/thurloe-printed/key_downing.tsv	?	1742	en16	code	0.011					unusable-key
ciphers/lodewijk-van-nassau-1573-74/ciphertext_sib.tsv	partial	ciphers/thurloe-printed/key_downing.tsv	?	1742	en16	code	0.044					unusable-key
ciphers/maurice-rupert-1645/ciphertext.txt	open	ciphers/thurloe-printed/key_downing.tsv	?	1742	en16	code	0.061					unusable-key
ciphers/oxenstierna-gustav-adolf-1632/ciphertext_key.tsv	found-solved	ciphers/thurloe-printed/key_downing.tsv	?	1742	en16	code	0.019					unusable-key
ciphers/rumpf-vandebie-heinsius-1716-19/ciphertext_142.tsv	open	ciphers/thurloe-printed/key_downing.tsv	?	1742	en16	code	0.086					unusable-key
ciphers/sp53-16-78/ciphertext.txt	open	ciphers/thurloe-printed/key_downing.tsv	?	1742	en16	code	0.041					unusable-key
ciphers/thurloe-printed/P20/ciphertext.txt	?	ciphers/thurloe-printed/key_downing.tsv	?	1742	en16	code	0.128					unusable-key
ciphers/thurloe-printed/P23/ciphertext.txt	?	ciphers/thurloe-printed/key_downing.tsv	?	1742	en16	code	0.107					unusable-key
ciphers/willem-van-hessen-1567/siblings/ciphertext_1069.tsv	open	ciphers/thurloe-printed/key_downing.tsv	?	1742	en16	code	0.0					unusable-key
ciphers/antt-linhares-chave/ciphertext.tsv	partial	ciphers/thurloe-printed/key_fauconberg.tsv	?	1742	en16	nomenclator	0.0					unusable-key
ciphers/berthier-napoleon-1812/ciphertext.txt	open	ciphers/thurloe-printed/key_fauconberg.tsv	?	1742	en16	nomenclator	0.07					unusable-key
ciphers/huntington-blathwayt-madrid-1728/ciphertext.tsv	partial	ciphers/thurloe-printed/key_fauconberg.tsv	?	1742	en16	nomenclator	0.055					unusable-key
ciphers/huntington-blathwayt-madrid-1728/ciphertext_targets.tsv	partial	ciphers/thurloe-printed/key_fauconberg.tsv	?	1742	en16	nomenclator	0.076					unusable-key
ciphers/huntington-luzerne-destouches-1781/ciphertext.tsv	open	ciphers/thurloe-printed/key_fauconberg.tsv	?	1742	en16	nomenclator	0.075					unusable-key
ciphers/huntington-luzerne-destouches-1781/ciphertext_decipher.tsv	open	ciphers/thurloe-printed/key_fauconberg.tsv	?	1742	en16	nomenclator	0.064					unusable-key
ciphers/intercepted-royalist-1646/ciphertext.txt	open	ciphers/thurloe-printed/key_fauconberg.tsv	?	1742	en16	nomenclator	0.333					unusable-key
ciphers/jan-van-nassau-1572-75/ciphertext_5549_ps.tsv	open	ciphers/thurloe-printed/key_fauconberg.tsv	?	1742	en16	nomenclator	0.355					unusable-key
ciphers/lodewijk-van-nassau-1573-74/ciphertext_4503.tsv	partial	ciphers/thurloe-printed/key_fauconberg.tsv	?	1742	en16	nomenclator	0.429					unusable-key
ciphers/lodewijk-van-nassau-1573-74/ciphertext_4610.tsv	partial	ciphers/thurloe-printed/key_fauconberg.tsv	?	1742	en16	nomenclator	0.386					unusable-key
ciphers/lodewijk-van-nassau-1573-74/ciphertext_4611.tsv	partial	ciphers/thurloe-printed/key_fauconberg.tsv	?	1742	en16	nomenclator	0.415					unusable-key
ciphers/lodewijk-van-nassau-1573-74/ciphertext_4616.tsv	partial	ciphers/thurloe-printed/key_fauconberg.tsv	?	1742	en16	nomenclator	0.395					unusable-key
ciphers/lodewijk-van-nassau-1573-74/ciphertext_5799.tsv	partial	ciphers/thurloe-printed/key_fauconberg.tsv	?	1742	en16	nomenclator	0.213					unusable-key
ciphers/lodewijk-van-nassau-1573-74/ciphertext_5810.tsv	partial	ciphers/thurloe-printed/key_fauconberg.tsv	?	1742	en16	nomenclator	0.403					unusable-key
ciphers/lodewijk-van-nassau-1573-74/ciphertext_5811.tsv	partial	ciphers/thurloe-printed/key_fauconberg.tsv	?	1742	en16	nomenclator	0.479					unusable-key
ciphers/maurice-rupert-1645/ciphertext.txt	open	ciphers/thurloe-printed/key_fauconberg.tsv	?	1742	en16	nomenclator	0.192					unusable-key
ciphers/oxenstierna-gustav-adolf-1632/ciphertext_key.tsv	found-solved	ciphers/thurloe-printed/key_fauconberg.tsv	?	1742	en16	nomenclator	0.475					unusable-key
ciphers/sp53-16-78/ciphertext.txt	open	ciphers/thurloe-printed/key_fauconberg.tsv	?	1742	en16	nomenclator	0.262					unusable-key
ciphers/thurloe-printed/P20/ciphertext.txt	?	ciphers/thurloe-printed/key_fauconberg.tsv	?	1742	en16	nomenclator	0.837					unusable-key
ciphers/thurloe-printed/P23/ciphertext.txt	?	ciphers/thurloe-printed/key_fauconberg.tsv	?	1742	en16	nomenclator	0.818					unusable-key
ciphers/antt-linhares-chave/ciphertext.tsv	partial	ciphers/thurloe-printed/key_montagu.tsv	?	1742	en16	nomenclator	0.0					unusable-key
ciphers/berthier-napoleon-1812/ciphertext.txt	open	ciphers/thurloe-printed/key_montagu.tsv	?	1742	en16	nomenclator	0.0					unusable-key
ciphers/bowes-walsingham-1583/ciphertext.txt	partial	ciphers/thurloe-printed/key_montagu.tsv	?	1742	en16	nomenclator	0.05					unusable-key
ciphers/fr4687-paleologue-nevers/ciphertext.txt	open	ciphers/thurloe-printed/key_montagu.tsv	?	1742	en16	nomenclator	0.0					unusable-key
ciphers/huntington-blathwayt-madrid-1728/ciphertext.tsv	partial	ciphers/thurloe-printed/key_montagu.tsv	?	1742	en16	nomenclator	0.028					unusable-key
ciphers/huntington-blathwayt-madrid-1728/ciphertext_targets.tsv	partial	ciphers/thurloe-printed/key_montagu.tsv	?	1742	en16	nomenclator	0.029					unusable-key
ciphers/huntington-luzerne-destouches-1781/ciphertext.tsv	open	ciphers/thurloe-printed/key_montagu.tsv	?	1742	en16	nomenclator	0.004					unusable-key
ciphers/huntington-luzerne-destouches-1781/ciphertext_decipher.tsv	open	ciphers/thurloe-printed/key_montagu.tsv	?	1742	en16	nomenclator	0.006					unusable-key
ciphers/intercepted-royalist-1646/ciphertext.txt	open	ciphers/thurloe-printed/key_montagu.tsv	?	1742	en16	nomenclator	0.0					unusable-key
ciphers/jan-van-nassau-1572-75/ciphertext_5549_ps.tsv	open	ciphers/thurloe-printed/key_montagu.tsv	?	1742	en16	nomenclator	0.022					unusable-key
ciphers/jan-van-nassau-1572-75/j5s/ciphertext_glossed_5557_5552.tsv	open	ciphers/thurloe-printed/key_montagu.tsv	?	1742	en16	nomenclator	0.014					unusable-key
ciphers/la-garde-1577/ciphertext_6179.tsv	open	ciphers/thurloe-printed/key_montagu.tsv	?	1742	en16	nomenclator	0.014					unusable-key
ciphers/la-garde-1577/ciphertext_6179_L1.tsv	open	ciphers/thurloe-printed/key_montagu.tsv	?	1742	en16	nomenclator	0.021					unusable-key
ciphers/la-garde-1577/ciphertext_6467_L1.tsv	open	ciphers/thurloe-printed/key_montagu.tsv	?	1742	en16	nomenclator	0.0					unusable-key
ciphers/lodewijk-van-nassau-1573-74/ciphertext_4503.tsv	partial	ciphers/thurloe-printed/key_montagu.tsv	?	1742	en16	nomenclator	0.007					unusable-key
ciphers/lodewijk-van-nassau-1573-74/ciphertext_4610.tsv	partial	ciphers/thurloe-printed/key_montagu.tsv	?	1742	en16	nomenclator	0.008					unusable-key
ciphers/lodewijk-van-nassau-1573-74/ciphertext_4611.tsv	partial	ciphers/thurloe-printed/key_montagu.tsv	?	1742	en16	nomenclator	0.02					unusable-key
ciphers/lodewijk-van-nassau-1573-74/ciphertext_4612.tsv	partial	ciphers/thurloe-printed/key_montagu.tsv	?	1742	en16	nomenclator	0.033					unusable-key
ciphers/lodewijk-van-nassau-1573-74/ciphertext_4616.tsv	partial	ciphers/thurloe-printed/key_montagu.tsv	?	1742	en16	nomenclator	0.004					unusable-key
ciphers/lodewijk-van-nassau-1573-74/ciphertext_5799.tsv	partial	ciphers/thurloe-printed/key_montagu.tsv	?	1742	en16	nomenclator	0.014					unusable-key
ciphers/lodewijk-van-nassau-1573-74/ciphertext_5810.tsv	partial	ciphers/thurloe-printed/key_montagu.tsv	?	1742	en16	nomenclator	0.01					unusable-key
ciphers/lodewijk-van-nassau-1573-74/ciphertext_5811.tsv	partial	ciphers/thurloe-printed/key_montagu.tsv	?	1742	en16	nomenclator	0.021					unusable-key
ciphers/lodewijk-van-nassau-1573-74/ciphertext_sib.tsv	partial	ciphers/thurloe-printed/key_montagu.tsv	?	1742	en16	nomenclator	0.011					unusable-key
ciphers/maurice-rupert-1645/ciphertext.txt	open	ciphers/thurloe-printed/key_montagu.tsv	?	1742	en16	nomenclator	0.0					unusable-key
ciphers/oxenstierna-gustav-adolf-1632/ciphertext_key.tsv	found-solved	ciphers/thurloe-printed/key_montagu.tsv	?	1742	en16	nomenclator	0.009					unusable-key
ciphers/rumpf-vandebie-heinsius-1716-19/ciphertext_142.tsv	open	ciphers/thurloe-printed/key_montagu.tsv	?	1742	en16	nomenclator	0.034					unusable-key
ciphers/sp53-16-78/ciphertext.txt	open	ciphers/thurloe-printed/key_montagu.tsv	?	1742	en16	nomenclator	0.03					unusable-key
ciphers/thurloe-printed/P20/ciphertext.txt	?	ciphers/thurloe-printed/key_montagu.tsv	?	1742	en16	nomenclator	0.0					unusable-key
ciphers/thurloe-printed/P23/ciphertext.txt	?	ciphers/thurloe-printed/key_montagu.tsv	?	1742	en16	nomenclator	0.006					unusable-key
ciphers/willem-van-hessen-1567/siblings/ciphertext_1069.tsv	open	ciphers/thurloe-printed/key_montagu.tsv	?	1742	en16	nomenclator	0.0					unusable-key
ciphers/antt-linhares-chave/ciphertext.tsv	partial	ciphers/thurloe-printed/key_montagu_extended.tsv	?	1742	en16	nomenclator	0.0					unusable-key
ciphers/berthier-napoleon-1812/ciphertext.txt	open	ciphers/thurloe-printed/key_montagu_extended.tsv	?	1742	en16	nomenclator	0.226					unusable-key
ciphers/huntington-blathwayt-madrid-1728/ciphertext.tsv	partial	ciphers/thurloe-printed/key_montagu_extended.tsv	?	1742	en16	nomenclator	0.185					unusable-key
ciphers/huntington-blathwayt-madrid-1728/ciphertext_targets.tsv	partial	ciphers/thurloe-printed/key_montagu_extended.tsv	?	1742	en16	nomenclator	0.192					unusable-key
ciphers/huntington-luzerne-destouches-1781/ciphertext.tsv	open	ciphers/thurloe-printed/key_montagu_extended.tsv	?	1742	en16	nomenclator	0.267					unusable-key
ciphers/huntington-luzerne-destouches-1781/ciphertext_decipher.tsv	open	ciphers/thurloe-printed/key_montagu_extended.tsv	?	1742	en16	nomenclator	0.22					unusable-key
ciphers/thurloe-printed/P20/ciphertext.txt	?	ciphers/thurloe-printed/key_montagu_extended.tsv	?	1742	en16	nomenclator	0.791					unusable-key
ciphers/thurloe-printed/P23/ciphertext.txt	?	ciphers/thurloe-printed/key_montagu_extended.tsv	?	1742	en16	nomenclator	0.729					unusable-key
ciphers/antt-linhares-chave/ciphertext.tsv	partial	ciphers/thurloe-printed/key_steele.tsv	?	1742	en16	nomenclator	0.0					unusable-key
ciphers/berthier-napoleon-1812/ciphertext.txt	open	ciphers/thurloe-printed/key_steele.tsv	?	1742	en16	nomenclator	0.058					unusable-key
ciphers/bowes-walsingham-1583/ciphertext.txt	partial	ciphers/thurloe-printed/key_steele.tsv	?	1742	en16	nomenclator	0.228					unusable-key
ciphers/fr4687-paleologue-nevers/ciphertext.txt	open	ciphers/thurloe-printed/key_steele.tsv	?	1742	en16	nomenclator	0.0					unusable-key
ciphers/huntington-blathwayt-madrid-1728/ciphertext.tsv	partial	ciphers/thurloe-printed/key_steele.tsv	?	1742	en16	nomenclator	0.044					unusable-key
ciphers/huntington-blathwayt-madrid-1728/ciphertext_targets.tsv	partial	ciphers/thurloe-printed/key_steele.tsv	?	1742	en16	nomenclator	0.07					unusable-key
ciphers/huntington-luzerne-destouches-1781/ciphertext.tsv	open	ciphers/thurloe-printed/key_steele.tsv	?	1742	en16	nomenclator	0.097					unusable-key
ciphers/huntington-luzerne-destouches-1781/ciphertext_decipher.tsv	open	ciphers/thurloe-printed/key_steele.tsv	?	1742	en16	nomenclator	0.068					unusable-key
ciphers/intercepted-royalist-1646/ciphertext.txt	open	ciphers/thurloe-printed/key_steele.tsv	?	1742	en16	nomenclator	0.351					unusable-key
ciphers/jan-van-nassau-1572-75/ciphertext_5549_ps.tsv	open	ciphers/thurloe-printed/key_steele.tsv	?	1742	en16	nomenclator	0.485					unusable-key
ciphers/jan-van-nassau-1572-75/j5s/ciphertext_glossed_5557_5552.tsv	open	ciphers/thurloe-printed/key_steele.tsv	?	1742	en16	nomenclator	0.176					unusable-key
ciphers/la-garde-1577/ciphertext_6179.tsv	open	ciphers/thurloe-printed/key_steele.tsv	?	1742	en16	nomenclator	0.291					unusable-key
ciphers/la-garde-1577/ciphertext_6179_L1.tsv	open	ciphers/thurloe-printed/key_steele.tsv	?	1742	en16	nomenclator	0.238					unusable-key
ciphers/la-garde-1577/ciphertext_6467_L1.tsv	open	ciphers/thurloe-printed/key_steele.tsv	?	1742	en16	nomenclator	0.067					unusable-key
ciphers/lodewijk-van-nassau-1573-74/ciphertext_4503.tsv	partial	ciphers/thurloe-printed/key_steele.tsv	?	1742	en16	nomenclator	0.487					unusable-key
ciphers/lodewijk-van-nassau-1573-74/ciphertext_4616.tsv	partial	ciphers/thurloe-printed/key_steele.tsv	?	1742	en16	nomenclator	0.398					unusable-key
ciphers/lodewijk-van-nassau-1573-74/ciphertext_5799.tsv	partial	ciphers/thurloe-printed/key_steele.tsv	?	1742	en16	nomenclator	0.472					unusable-key
ciphers/lodewijk-van-nassau-1573-74/ciphertext_5810.tsv	partial	ciphers/thurloe-printed/key_steele.tsv	?	1742	en16	nomenclator	0.491					unusable-key
ciphers/maurice-rupert-1645/ciphertext.txt	open	ciphers/thurloe-printed/key_steele.tsv	?	1742	en16	nomenclator	0.162					unusable-key
ciphers/rumpf-vandebie-heinsius-1716-19/ciphertext_142.tsv	open	ciphers/thurloe-printed/key_steele.tsv	?	1742	en16	nomenclator	0.474					unusable-key
ciphers/sp53-16-78/ciphertext.txt	open	ciphers/thurloe-printed/key_steele.tsv	?	1742	en16	nomenclator	0.464					unusable-key
ciphers/thurloe-printed/P20/ciphertext.txt	?	ciphers/thurloe-printed/key_steele.tsv	?	1742	en16	nomenclator	0.453					unusable-key
ciphers/thurloe-printed/P23/ciphertext.txt	?	ciphers/thurloe-printed/key_steele.tsv	?	1742	en16	nomenclator	0.42					unusable-key
ciphers/willem-van-hessen-1567/siblings/ciphertext_1069.tsv	open	ciphers/thurloe-printed/key_steele.tsv	?	1742	en16	nomenclator	0.029					unusable-key
ciphers/antt-linhares-chave/ciphertext.tsv	partial	ciphers/thurloe-printed/pool_1654/key_stamford.tsv	?	1742	en16	nomenclator	0.0					unusable-key
ciphers/berthier-napoleon-1812/ciphertext.txt	open	ciphers/thurloe-printed/pool_1654/key_stamford.tsv	?	1742	en16	nomenclator	0.046					unusable-key
ciphers/huntington-blathwayt-madrid-1728/ciphertext.tsv	partial	ciphers/thurloe-printed/pool_1654/key_stamford.tsv	?	1742	en16	nomenclator	0.062					unusable-key
ciphers/huntington-blathwayt-madrid-1728/ciphertext_targets.tsv	partial	ciphers/thurloe-printed/pool_1654/key_stamford.tsv	?	1742	en16	nomenclator	0.099					unusable-key
ciphers/huntington-luzerne-destouches-1781/ciphertext.tsv	open	ciphers/thurloe-printed/pool_1654/key_stamford.tsv	?	1742	en16	nomenclator	0.071					unusable-key
ciphers/huntington-luzerne-destouches-1781/ciphertext_decipher.tsv	open	ciphers/thurloe-printed/pool_1654/key_stamford.tsv	?	1742	en16	nomenclator	0.058					unusable-key
ciphers/intercepted-royalist-1646/ciphertext.txt	open	ciphers/thurloe-printed/pool_1654/key_stamford.tsv	?	1742	en16	nomenclator	0.316					unusable-key
ciphers/lodewijk-van-nassau-1573-74/ciphertext_5799.tsv	partial	ciphers/thurloe-printed/pool_1654/key_stamford.tsv	?	1742	en16	nomenclator	0.278					unusable-key
ciphers/maurice-rupert-1645/ciphertext.txt	open	ciphers/thurloe-printed/pool_1654/key_stamford.tsv	?	1742	en16	nomenclator	0.172					unusable-key
ciphers/rumpf-vandebie-heinsius-1716-19/ciphertext_142.tsv	open	ciphers/thurloe-printed/pool_1654/key_stamford.tsv	?	1742	en16	nomenclator	0.478					unusable-key
ciphers/sp53-16-78/ciphertext.txt	open	ciphers/thurloe-printed/pool_1654/key_stamford.tsv	?	1742	en16	nomenclator	0.298					unusable-key
ciphers/thurloe-printed/P20/ciphertext.txt	?	ciphers/thurloe-printed/pool_1654/key_stamford.tsv	?	1742	en16	nomenclator	0.628					unusable-key
ciphers/thurloe-printed/P23/ciphertext.txt	?	ciphers/thurloe-printed/pool_1654/key_stamford.tsv	?	1742	en16	nomenclator	0.704					unusable-key
ciphers/dupuy452-carpi-1520/ciphertext.txt	found-solved	ciphers/trew-posthius-1614-18/key.tsv	Two letters, Erasmus Posthius -> Johann Christoph Eysenmenger — UB Erlangen	1614	la	monoalphabetic	0.285					unusable-key
ciphers/dupuy468-anhalt/ciphertext.txt	found-solved	ciphers/trew-posthius-1614-18/key.tsv	Two letters, Erasmus Posthius -> Johann Christoph Eysenmenger — UB Erlangen	1614	la	monoalphabetic	0.141					unusable-key
ciphers/eckert-1862/ciphertext.txt	partial	ciphers/trew-posthius-1614-18/key.tsv	Two letters, Erasmus Posthius -> Johann Christoph Eysenmenger — UB Erlangen	1614	la	monoalphabetic	0.025					unusable-key
ciphers/eckert-1864/ciphertext-no2.txt	partial	ciphers/trew-posthius-1614-18/key.tsv	Two letters, Erasmus Posthius -> Johann Christoph Eysenmenger — UB Erlangen	1614	la	monoalphabetic	0.007					unusable-key
ciphers/eckert-1864/ciphertext.txt	partial	ciphers/trew-posthius-1614-18/key.tsv	Two letters, Erasmus Posthius -> Johann Christoph Eysenmenger — UB Erlangen	1614	la	monoalphabetic	0.031					unusable-key
ciphers/fr20140-danzay-1557/ciphertext.txt	found-solved	ciphers/trew-posthius-1614-18/key.tsv	Two letters, Erasmus Posthius -> Johann Christoph Eysenmenger — UB Erlangen	1614	la	monoalphabetic	0.08					unusable-key
ciphers/fr20140-danzay-1557/ciphertext_f36.tsv	found-solved	ciphers/trew-posthius-1614-18/key.tsv	Two letters, Erasmus Posthius -> Johann Christoph Eysenmenger — UB Erlangen	1614	la	monoalphabetic	0.09					unusable-key
ciphers/sforza-maino-1446/ciphertext_f70.txt	closed-negative	ciphers/trew-posthius-1614-18/key.tsv	Two letters, Erasmus Posthius -> Johann Christoph Eysenmenger — UB Erlangen	1614	la	monoalphabetic	0.255					unusable-key
ciphers/dupuy452-carpi-1520/ciphertext.txt	found-solved	ciphers/trew-posthius-1614-18/key_1618.tsv	Two letters, Erasmus Posthius -> Johann Christoph Eysenmenger — UB Erlangen	1614	la	monoalphabetic	0.285					unusable-key
ciphers/dupuy468-anhalt/ciphertext.txt	found-solved	ciphers/trew-posthius-1614-18/key_1618.tsv	Two letters, Erasmus Posthius -> Johann Christoph Eysenmenger — UB Erlangen	1614	la	monoalphabetic	0.141					unusable-key
ciphers/eckert-1862/ciphertext.txt	partial	ciphers/trew-posthius-1614-18/key_1618.tsv	Two letters, Erasmus Posthius -> Johann Christoph Eysenmenger — UB Erlangen	1614	la	monoalphabetic	0.025					unusable-key
ciphers/eckert-1864/ciphertext-no2.txt	partial	ciphers/trew-posthius-1614-18/key_1618.tsv	Two letters, Erasmus Posthius -> Johann Christoph Eysenmenger — UB Erlangen	1614	la	monoalphabetic	0.007					unusable-key
ciphers/eckert-1864/ciphertext.txt	partial	ciphers/trew-posthius-1614-18/key_1618.tsv	Two letters, Erasmus Posthius -> Johann Christoph Eysenmenger — UB Erlangen	1614	la	monoalphabetic	0.031					unusable-key
ciphers/fr20140-danzay-1557/ciphertext.txt	found-solved	ciphers/trew-posthius-1614-18/key_1618.tsv	Two letters, Erasmus Posthius -> Johann Christoph Eysenmenger — UB Erlangen	1614	la	monoalphabetic	0.08					unusable-key
ciphers/fr20140-danzay-1557/ciphertext_f36.tsv	found-solved	ciphers/trew-posthius-1614-18/key_1618.tsv	Two letters, Erasmus Posthius -> Johann Christoph Eysenmenger — UB Erlangen	1614	la	monoalphabetic	0.09					unusable-key
ciphers/sforza-maino-1446/ciphertext_f70.txt	closed-negative	ciphers/trew-posthius-1614-18/key_1618.tsv	Two letters, Erasmus Posthius -> Johann Christoph Eysenmenger — UB Erlangen	1614	la	monoalphabetic	0.255					unusable-key
ciphers/beinecke-mellon29-elia/ciphertext.tsv	closed-negative	ciphers/trew-posthius-1614-18/key_leaf_1614.tsv	Two letters, Erasmus Posthius -> Johann Christoph Eysenmenger — UB Erlangen	1614	la	nomenclator	0.0					unusable-key
ciphers/dupuy452-carpi-1520/ciphertext.txt	found-solved	ciphers/trew-posthius-1614-18/key_leaf_1614.tsv	Two letters, Erasmus Posthius -> Johann Christoph Eysenmenger — UB Erlangen	1614	la	nomenclator	0.0					unusable-key
ciphers/dupuy468-anhalt/ciphertext.txt	found-solved	ciphers/trew-posthius-1614-18/key_leaf_1614.tsv	Two letters, Erasmus Posthius -> Johann Christoph Eysenmenger — UB Erlangen	1614	la	nomenclator	0.0					unusable-key
ciphers/eckert-1862/ciphertext.txt	partial	ciphers/trew-posthius-1614-18/key_leaf_1614.tsv	Two letters, Erasmus Posthius -> Johann Christoph Eysenmenger — UB Erlangen	1614	la	nomenclator	0.0					unusable-key
ciphers/eckert-1864/ciphertext-no2.txt	partial	ciphers/trew-posthius-1614-18/key_leaf_1614.tsv	Two letters, Erasmus Posthius -> Johann Christoph Eysenmenger — UB Erlangen	1614	la	nomenclator	0.0					unusable-key
ciphers/eckert-1864/ciphertext.txt	partial	ciphers/trew-posthius-1614-18/key_leaf_1614.tsv	Two letters, Erasmus Posthius -> Johann Christoph Eysenmenger — UB Erlangen	1614	la	nomenclator	0.0					unusable-key
ciphers/fr20140-danzay-1557/ciphertext.txt	found-solved	ciphers/trew-posthius-1614-18/key_leaf_1614.tsv	Two letters, Erasmus Posthius -> Johann Christoph Eysenmenger — UB Erlangen	1614	la	nomenclator	0.0					unusable-key
ciphers/fr20140-danzay-1557/ciphertext_f36.tsv	found-solved	ciphers/trew-posthius-1614-18/key_leaf_1614.tsv	Two letters, Erasmus Posthius -> Johann Christoph Eysenmenger — UB Erlangen	1614	la	nomenclator	0.0					unusable-key
ciphers/sforza-maino-1446/ciphertext_f70.txt	closed-negative	ciphers/trew-posthius-1614-18/key_leaf_1614.tsv	Two letters, Erasmus Posthius -> Johann Christoph Eysenmenger — UB Erlangen	1614	la	nomenclator	0.0					unusable-key
ciphers/trew-posthius-1614-18/ciphertext.tsv	found-solved	ciphers/trew-posthius-1614-18/key_leaf_1614.tsv	Two letters, Erasmus Posthius -> Johann Christoph Eysenmenger — UB Erlangen	1614	la	nomenclator	0.0					unusable-key
ciphers/trew-posthius-1614-18/ciphertext_1614.tsv	found-solved	ciphers/trew-posthius-1614-18/key_leaf_1614.tsv	Two letters, Erasmus Posthius -> Johann Christoph Eysenmenger — UB Erlangen	1614	la	nomenclator	0.0					unusable-key
ciphers/trew-posthius-1614-18/ciphertext_1618.tsv	found-solved	ciphers/trew-posthius-1614-18/key_leaf_1614.tsv	Two letters, Erasmus Posthius -> Johann Christoph Eysenmenger — UB Erlangen	1614	la	nomenclator	0.0					unusable-key
ciphers/beinecke-mellon29-elia/ciphertext.tsv	closed-negative	ciphers/trew-posthius-1614-18/key_leaf_1618_left.tsv	Two letters, Erasmus Posthius -> Johann Christoph Eysenmenger — UB Erlangen	1614	la	nomenclator	0.0					unusable-key
ciphers/dupuy452-carpi-1520/ciphertext.txt	found-solved	ciphers/trew-posthius-1614-18/key_leaf_1618_left.tsv	Two letters, Erasmus Posthius -> Johann Christoph Eysenmenger — UB Erlangen	1614	la	nomenclator	0.0					unusable-key
ciphers/dupuy468-anhalt/ciphertext.txt	found-solved	ciphers/trew-posthius-1614-18/key_leaf_1618_left.tsv	Two letters, Erasmus Posthius -> Johann Christoph Eysenmenger — UB Erlangen	1614	la	nomenclator	0.0					unusable-key
ciphers/eckert-1862/ciphertext.txt	partial	ciphers/trew-posthius-1614-18/key_leaf_1618_left.tsv	Two letters, Erasmus Posthius -> Johann Christoph Eysenmenger — UB Erlangen	1614	la	nomenclator	0.0					unusable-key
ciphers/eckert-1864/ciphertext-no2.txt	partial	ciphers/trew-posthius-1614-18/key_leaf_1618_left.tsv	Two letters, Erasmus Posthius -> Johann Christoph Eysenmenger — UB Erlangen	1614	la	nomenclator	0.0					unusable-key
ciphers/eckert-1864/ciphertext.txt	partial	ciphers/trew-posthius-1614-18/key_leaf_1618_left.tsv	Two letters, Erasmus Posthius -> Johann Christoph Eysenmenger — UB Erlangen	1614	la	nomenclator	0.0					unusable-key
ciphers/fr20140-danzay-1557/ciphertext.txt	found-solved	ciphers/trew-posthius-1614-18/key_leaf_1618_left.tsv	Two letters, Erasmus Posthius -> Johann Christoph Eysenmenger — UB Erlangen	1614	la	nomenclator	0.0					unusable-key
ciphers/fr20140-danzay-1557/ciphertext_f36.tsv	found-solved	ciphers/trew-posthius-1614-18/key_leaf_1618_left.tsv	Two letters, Erasmus Posthius -> Johann Christoph Eysenmenger — UB Erlangen	1614	la	nomenclator	0.0					unusable-key
ciphers/sforza-maino-1446/ciphertext_f70.txt	closed-negative	ciphers/trew-posthius-1614-18/key_leaf_1618_left.tsv	Two letters, Erasmus Posthius -> Johann Christoph Eysenmenger — UB Erlangen	1614	la	nomenclator	0.0					unusable-key
ciphers/trew-posthius-1614-18/ciphertext.tsv	found-solved	ciphers/trew-posthius-1614-18/key_leaf_1618_left.tsv	Two letters, Erasmus Posthius -> Johann Christoph Eysenmenger — UB Erlangen	1614	la	nomenclator	0.0					unusable-key
ciphers/trew-posthius-1614-18/ciphertext_1614.tsv	found-solved	ciphers/trew-posthius-1614-18/key_leaf_1618_left.tsv	Two letters, Erasmus Posthius -> Johann Christoph Eysenmenger — UB Erlangen	1614	la	nomenclator	0.0					unusable-key
ciphers/trew-posthius-1614-18/ciphertext_1618.tsv	found-solved	ciphers/trew-posthius-1614-18/key_leaf_1618_left.tsv	Two letters, Erasmus Posthius -> Johann Christoph Eysenmenger — UB Erlangen	1614	la	nomenclator	0.0					unusable-key
ciphers/beinecke-mellon29-elia/ciphertext.tsv	closed-negative	ciphers/trew-posthius-1614-18/key_leaf_1618_right.tsv	Two letters, Erasmus Posthius -> Johann Christoph Eysenmenger — UB Erlangen	1614	la	nomenclator	0.0					unusable-key
ciphers/dupuy452-carpi-1520/ciphertext.txt	found-solved	ciphers/trew-posthius-1614-18/key_leaf_1618_right.tsv	Two letters, Erasmus Posthius -> Johann Christoph Eysenmenger — UB Erlangen	1614	la	nomenclator	0.0					unusable-key
ciphers/dupuy468-anhalt/ciphertext.txt	found-solved	ciphers/trew-posthius-1614-18/key_leaf_1618_right.tsv	Two letters, Erasmus Posthius -> Johann Christoph Eysenmenger — UB Erlangen	1614	la	nomenclator	0.0					unusable-key
ciphers/eckert-1862/ciphertext.txt	partial	ciphers/trew-posthius-1614-18/key_leaf_1618_right.tsv	Two letters, Erasmus Posthius -> Johann Christoph Eysenmenger — UB Erlangen	1614	la	nomenclator	0.0					unusable-key
ciphers/eckert-1864/ciphertext-no2.txt	partial	ciphers/trew-posthius-1614-18/key_leaf_1618_right.tsv	Two letters, Erasmus Posthius -> Johann Christoph Eysenmenger — UB Erlangen	1614	la	nomenclator	0.0					unusable-key
ciphers/eckert-1864/ciphertext.txt	partial	ciphers/trew-posthius-1614-18/key_leaf_1618_right.tsv	Two letters, Erasmus Posthius -> Johann Christoph Eysenmenger — UB Erlangen	1614	la	nomenclator	0.0					unusable-key
ciphers/fr20140-danzay-1557/ciphertext.txt	found-solved	ciphers/trew-posthius-1614-18/key_leaf_1618_right.tsv	Two letters, Erasmus Posthius -> Johann Christoph Eysenmenger — UB Erlangen	1614	la	nomenclator	0.0					unusable-key
ciphers/fr20140-danzay-1557/ciphertext_f36.tsv	found-solved	ciphers/trew-posthius-1614-18/key_leaf_1618_right.tsv	Two letters, Erasmus Posthius -> Johann Christoph Eysenmenger — UB Erlangen	1614	la	nomenclator	0.0					unusable-key
ciphers/sforza-maino-1446/ciphertext_f70.txt	closed-negative	ciphers/trew-posthius-1614-18/key_leaf_1618_right.tsv	Two letters, Erasmus Posthius -> Johann Christoph Eysenmenger — UB Erlangen	1614	la	nomenclator	0.0					unusable-key
ciphers/trew-posthius-1614-18/ciphertext.tsv	found-solved	ciphers/trew-posthius-1614-18/key_leaf_1618_right.tsv	Two letters, Erasmus Posthius -> Johann Christoph Eysenmenger — UB Erlangen	1614	la	nomenclator	0.0					unusable-key
ciphers/trew-posthius-1614-18/ciphertext_1614.tsv	found-solved	ciphers/trew-posthius-1614-18/key_leaf_1618_right.tsv	Two letters, Erasmus Posthius -> Johann Christoph Eysenmenger — UB Erlangen	1614	la	nomenclator	0.0					unusable-key
ciphers/trew-posthius-1614-18/ciphertext_1618.tsv	found-solved	ciphers/trew-posthius-1614-18/key_leaf_1618_right.tsv	Two letters, Erasmus Posthius -> Johann Christoph Eysenmenger — UB Erlangen	1614	la	nomenclator	0.0					unusable-key
ciphers/august-van-saksen-1561-64/ciphertext_126.tsv	partial	ciphers/vanbeuningen-dewitt-1657/key.tsv	Van Beuningen circle -> Johan de Witt: the same letter survives as a plain copy and a	1657	nl	code	0.0					unusable-key
ciphers/august-van-saksen-1561-64/ciphertext_53.tsv	partial	ciphers/vanbeuningen-dewitt-1657/key.tsv	Van Beuningen circle -> Johan de Witt: the same letter survives as a plain copy and a	1657	nl	code	0.0					unusable-key
ciphers/august-van-saksen-1561-64/ciphertext_57.tsv	partial	ciphers/vanbeuningen-dewitt-1657/key.tsv	Van Beuningen circle -> Johan de Witt: the same letter survives as a plain copy and a	1657	nl	code	0.0					unusable-key
ciphers/august-van-saksen-1561-64/ciphertext_74.tsv	partial	ciphers/vanbeuningen-dewitt-1657/key.tsv	Van Beuningen circle -> Johan de Witt: the same letter survives as a plain copy and a	1657	nl	code	0.0					unusable-key
ciphers/august-van-saksen-1561-64/ciphertext_98.tsv	partial	ciphers/vanbeuningen-dewitt-1657/key.tsv	Van Beuningen circle -> Johan de Witt: the same letter survives as a plain copy and a	1657	nl	code	0.0					unusable-key
ciphers/birago-nevers-1571/ciphertext.txt	open	ciphers/vanbeuningen-dewitt-1657/key.tsv	Van Beuningen circle -> Johan de Witt: the same letter survives as a plain copy and a	1657	nl	code	0.0					unusable-key
ciphers/clair1067-brienne-poland-1646/ciphertext.txt	solved	ciphers/vanbeuningen-dewitt-1657/key.tsv	Van Beuningen circle -> Johan de Witt: the same letter survives as a plain copy and a	1657	nl	code	0.0					unusable-key
ciphers/clair1108-duvergier/ciphertext.tsv	solved	ciphers/vanbeuningen-dewitt-1657/key.tsv	Van Beuningen circle -> Johan de Witt: the same letter survives as a plain copy and a	1657	nl	code	0.004					unusable-key
ciphers/clairambault1225-paget-1714/ciphertext.tsv	partial	ciphers/vanbeuningen-dewitt-1657/key.tsv	Van Beuningen circle -> Johan de Witt: the same letter survives as a plain copy and a	1657	nl	code	0.01					unusable-key
ciphers/decode-4450-bnf-fr20506-1525/ciphertext_f136.tsv	open	ciphers/vanbeuningen-dewitt-1657/key.tsv	Van Beuningen circle -> Johan de Witt: the same letter survives as a plain copy and a	1657	nl	code	0.0					unusable-key
ciphers/destaing-gerard-1779/ciphertext.txt	open	ciphers/vanbeuningen-dewitt-1657/key.tsv	Van Beuningen circle -> Johan de Witt: the same letter survives as a plain copy and a	1657	nl	code	0.04					unusable-key
ciphers/dupuy452-carpi-1520/ciphertext_f20_carpi.txt	found-solved	ciphers/vanbeuningen-dewitt-1657/key.tsv	Van Beuningen circle -> Johan de Witt: the same letter survives as a plain copy and a	1657	nl	code	0.0					unusable-key
ciphers/dupuy452-carpi-1520/ciphertext_f28.txt	found-solved	ciphers/vanbeuningen-dewitt-1657/key.tsv	Van Beuningen circle -> Johan de Witt: the same letter survives as a plain copy and a	1657	nl	code	0.0					unusable-key
ciphers/fr2933-salviati-1525/ciphertext_f54r.tsv	open	ciphers/vanbeuningen-dewitt-1657/key.tsv	Van Beuningen circle -> Johan de Witt: the same letter survives as a plain copy and a	1657	nl	code	0.0					unusable-key
ciphers/fr2933-salviati-1525/ciphertext_f54v.tsv	open	ciphers/vanbeuningen-dewitt-1657/key.tsv	Van Beuningen circle -> Johan de Witt: the same letter survives as a plain copy and a	1657	nl	code	0.0					unusable-key
ciphers/fr2933-salviati-1525/ciphertext_f55r.tsv	open	ciphers/vanbeuningen-dewitt-1657/key.tsv	Van Beuningen circle -> Johan de Witt: the same letter survives as a plain copy and a	1657	nl	code	0.0					unusable-key
ciphers/fr2980-gramont/ciphertext.txt	?	ciphers/vanbeuningen-dewitt-1657/key.tsv	Van Beuningen circle -> Johan de Witt: the same letter survives as a plain copy and a	1657	nl	code	0.0					unusable-key
ciphers/fr2980-gramont/ciphertext_f30.tsv	?	ciphers/vanbeuningen-dewitt-1657/key.tsv	Van Beuningen circle -> Johan de Witt: the same letter survives as a plain copy and a	1657	nl	code	0.0					unusable-key
ciphers/fr3985-nevers-revol-1593/ciphertext.tsv	blocked	ciphers/vanbeuningen-dewitt-1657/key.tsv	Van Beuningen circle -> Johan de Witt: the same letter survives as a plain copy and a	1657	nl	code	0.0					unusable-key
ciphers/fr3986-nevers-revol-1593/ciphertext.tsv	blocked	ciphers/vanbeuningen-dewitt-1657/key.tsv	Van Beuningen circle -> Johan de Witt: the same letter survives as a plain copy and a	1657	nl	code	0.0					unusable-key
ciphers/fr3987-nevers-revol-1593/ciphertext.tsv	blocked	ciphers/vanbeuningen-dewitt-1657/key.tsv	Van Beuningen circle -> Johan de Witt: the same letter survives as a plain copy and a	1657	nl	code	0.0					unusable-key
ciphers/fr3990-nevers-henri4-1594/ciphertext.tsv	blocked	ciphers/vanbeuningen-dewitt-1657/key.tsv	Van Beuningen circle -> Johan de Witt: the same letter survives as a plain copy and a	1657	nl	code	0.0					unusable-key
ciphers/fr5160-letellier-1653/ciphertext_f1.tsv	open	ciphers/vanbeuningen-dewitt-1657/key.tsv	Van Beuningen circle -> Johan de Witt: the same letter survives as a plain copy and a	1657	nl	code	0.0					unusable-key
ciphers/fr5160-letellier-1653/ciphertext_f67.tsv	open	ciphers/vanbeuningen-dewitt-1657/key.tsv	Van Beuningen circle -> Johan de Witt: the same letter survives as a plain copy and a	1657	nl	code	0.0					unusable-key
ciphers/fr5160-letellier-1653/ciphertext_f86.tsv	open	ciphers/vanbeuningen-dewitt-1657/key.tsv	Van Beuningen circle -> Johan de Witt: the same letter survives as a plain copy and a	1657	nl	code	0.0					unusable-key
ciphers/fr5160-letellier-1653/ciphertext_f88.tsv	open	ciphers/vanbeuningen-dewitt-1657/key.tsv	Van Beuningen circle -> Johan de Witt: the same letter survives as a plain copy and a	1657	nl	code	0.0					unusable-key
ciphers/fr5160-letellier-1653/ciphertext_f9.tsv	open	ciphers/vanbeuningen-dewitt-1657/key.tsv	Van Beuningen circle -> Johan de Witt: the same letter survives as a plain copy and a	1657	nl	code	0.0					unusable-key
ciphers/gunther-van-schwarzburg-1561/ciphertext.tsv	found-solved	ciphers/vanbeuningen-dewitt-1657/key.tsv	Van Beuningen circle -> Johan de Witt: the same letter survives as a plain copy and a	1657	nl	code	0.0					unusable-key
ciphers/gunther-van-schwarzburg-1561/ciphertext_5109.tsv	found-solved	ciphers/vanbeuningen-dewitt-1657/key.tsv	Van Beuningen circle -> Johan de Witt: the same letter survives as a plain copy and a	1657	nl	code	0.0					unusable-key
ciphers/gunther-van-schwarzburg-1561/ciphertext_5109.txt	found-solved	ciphers/vanbeuningen-dewitt-1657/key.tsv	Van Beuningen circle -> Johan de Witt: the same letter survives as a plain copy and a	1657	nl	code	0.0					unusable-key
ciphers/gunther-van-schwarzburg-1561/ciphertext_8246.txt	found-solved	ciphers/vanbeuningen-dewitt-1657/key.tsv	Van Beuningen circle -> Johan de Witt: the same letter survives as a plain copy and a	1657	nl	code	0.0					unusable-key
ciphers/hamilton-1650/ciphertext.txt	open	ciphers/vanbeuningen-dewitt-1657/key.tsv	Van Beuningen circle -> Johan de Witt: the same letter survives as a plain copy and a	1657	nl	code	0.013					unusable-key
ciphers/jan-van-nassau-1572-75/ciphertext_5549.tsv	open	ciphers/vanbeuningen-dewitt-1657/key.tsv	Van Beuningen circle -> Johan de Witt: the same letter survives as a plain copy and a	1657	nl	code	0.004					unusable-key
ciphers/jan-van-nassau-1572-75/j5s/ciphertext_5550.tsv	open	ciphers/vanbeuningen-dewitt-1657/key.tsv	Van Beuningen circle -> Johan de Witt: the same letter survives as a plain copy and a	1657	nl	code	0.015					unusable-key
ciphers/la-garde-1577/ciphertext_6179_v2.tsv	open	ciphers/vanbeuningen-dewitt-1657/key.tsv	Van Beuningen circle -> Johan de Witt: the same letter survives as a plain copy and a	1657	nl	code	0.0					unusable-key
ciphers/la-garde-1577/ciphertext_6467.tsv	open	ciphers/vanbeuningen-dewitt-1657/key.tsv	Van Beuningen circle -> Johan de Witt: the same letter survives as a plain copy and a	1657	nl	code	0.0					unusable-key
ciphers/la-garde-1577/ciphertext_6467_v2.tsv	open	ciphers/vanbeuningen-dewitt-1657/key.tsv	Van Beuningen circle -> Johan de Witt: the same letter survives as a plain copy and a	1657	nl	code	0.0					unusable-key
ciphers/moray-wood-1568/ciphertext.txt	open	ciphers/vanbeuningen-dewitt-1657/key.tsv	Van Beuningen circle -> Johan de Witt: the same letter survives as a plain copy and a	1657	nl	code	0.0					unusable-key
ciphers/orange-nassau-1572/ciphertext.txt	found-solved	ciphers/vanbeuningen-dewitt-1657/key.tsv	Van Beuningen circle -> Johan de Witt: the same letter survives as a plain copy and a	1657	nl	code	0.063					unusable-key
ciphers/orange-nassau-1572/ciphertext_2.txt	found-solved	ciphers/vanbeuningen-dewitt-1657/key.tsv	Van Beuningen circle -> Johan de Witt: the same letter survives as a plain copy and a	1657	nl	code	0.017					unusable-key
ciphers/ormond-arran-1678/ciphertext.txt	open	ciphers/vanbeuningen-dewitt-1657/key.tsv	Van Beuningen circle -> Johan de Witt: the same letter survives as a plain copy and a	1657	nl	code	0.029					unusable-key
ciphers/oxenstierna-gustav-adolf-1632/ciphertext.txt	found-solved	ciphers/vanbeuningen-dewitt-1657/key.tsv	Van Beuningen circle -> Johan de Witt: the same letter survives as a plain copy and a	1657	nl	code	0.002					unusable-key
ciphers/oxenstierna-gustav-adolf-1632/ciphertext_verified.tsv	found-solved	ciphers/vanbeuningen-dewitt-1657/key.tsv	Van Beuningen circle -> Johan de Witt: the same letter survives as a plain copy and a	1657	nl	code	0.002					unusable-key
ciphers/rah-canada-1869/ciphertext.tsv	solved	ciphers/vanbeuningen-dewitt-1657/key.tsv	Van Beuningen circle -> Johan de Witt: the same letter survives as a plain copy and a	1657	nl	code	0.0					unusable-key
ciphers/randolph-sussex-1569/ciphertext.txt	found-solved	ciphers/vanbeuningen-dewitt-1657/key.tsv	Van Beuningen circle -> Johan de Witt: the same letter survives as a plain copy and a	1657	nl	code	0.003					unusable-key
ciphers/sforza-maino-1446/ciphertext.txt	closed-negative	ciphers/vanbeuningen-dewitt-1657/key.tsv	Van Beuningen circle -> Johan de Witt: the same letter survives as a plain copy and a	1657	nl	code	0.022					unusable-key
ciphers/sp53-16-79/ciphertext.txt	open	ciphers/vanbeuningen-dewitt-1657/key.tsv	Van Beuningen circle -> Johan de Witt: the same letter survives as a plain copy and a	1657	nl	code	0.0					unusable-key
ciphers/sp53-22-f52/ciphertext.txt	open	ciphers/vanbeuningen-dewitt-1657/key.tsv	Van Beuningen circle -> Johan de Witt: the same letter survives as a plain copy and a	1657	nl	code	0.0					unusable-key
ciphers/stepney-manchester-1702/ciphertext.txt	offline-only	ciphers/vanbeuningen-dewitt-1657/key.tsv	Van Beuningen circle -> Johan de Witt: the same letter survives as a plain copy and a	1657	nl	code	0.026					unusable-key
ciphers/thurloe-printed/P10/ciphertext.txt	?	ciphers/vanbeuningen-dewitt-1657/key.tsv	Van Beuningen circle -> Johan de Witt: the same letter survives as a plain copy and a	1657	nl	code	0.0					unusable-key
ciphers/thurloe-printed/P11/ciphertext.txt	?	ciphers/vanbeuningen-dewitt-1657/key.tsv	Van Beuningen circle -> Johan de Witt: the same letter survives as a plain copy and a	1657	nl	code	0.0					unusable-key
ciphers/thurloe-printed/P12/ciphertext.txt	?	ciphers/vanbeuningen-dewitt-1657/key.tsv	Van Beuningen circle -> Johan de Witt: the same letter survives as a plain copy and a	1657	nl	code	0.004					unusable-key
ciphers/thurloe-printed/P13/ciphertext.txt	?	ciphers/vanbeuningen-dewitt-1657/key.tsv	Van Beuningen circle -> Johan de Witt: the same letter survives as a plain copy and a	1657	nl	code	0.0					unusable-key
ciphers/thurloe-printed/P14/ciphertext.txt	?	ciphers/vanbeuningen-dewitt-1657/key.tsv	Van Beuningen circle -> Johan de Witt: the same letter survives as a plain copy and a	1657	nl	code	0.0					unusable-key
ciphers/thurloe-printed/P15/ciphertext.txt	?	ciphers/vanbeuningen-dewitt-1657/key.tsv	Van Beuningen circle -> Johan de Witt: the same letter survives as a plain copy and a	1657	nl	code	0.004					unusable-key
ciphers/thurloe-printed/P16/ciphertext.txt	?	ciphers/vanbeuningen-dewitt-1657/key.tsv	Van Beuningen circle -> Johan de Witt: the same letter survives as a plain copy and a	1657	nl	code	0.015					unusable-key
ciphers/thurloe-printed/P17/ciphertext.txt	?	ciphers/vanbeuningen-dewitt-1657/key.tsv	Van Beuningen circle -> Johan de Witt: the same letter survives as a plain copy and a	1657	nl	code	0.001					unusable-key
ciphers/thurloe-printed/P18/ciphertext.txt	?	ciphers/vanbeuningen-dewitt-1657/key.tsv	Van Beuningen circle -> Johan de Witt: the same letter survives as a plain copy and a	1657	nl	code	0.003					unusable-key
ciphers/thurloe-printed/P19/ciphertext.txt	?	ciphers/vanbeuningen-dewitt-1657/key.tsv	Van Beuningen circle -> Johan de Witt: the same letter survives as a plain copy and a	1657	nl	code	0.006					unusable-key
ciphers/thurloe-printed/P2/ciphertext.txt	?	ciphers/vanbeuningen-dewitt-1657/key.tsv	Van Beuningen circle -> Johan de Witt: the same letter survives as a plain copy and a	1657	nl	code	0.006					unusable-key
ciphers/thurloe-printed/P21/ciphertext.txt	?	ciphers/vanbeuningen-dewitt-1657/key.tsv	Van Beuningen circle -> Johan de Witt: the same letter survives as a plain copy and a	1657	nl	code	0.004					unusable-key
ciphers/thurloe-printed/P22/ciphertext.txt	?	ciphers/vanbeuningen-dewitt-1657/key.tsv	Van Beuningen circle -> Johan de Witt: the same letter survives as a plain copy and a	1657	nl	code	0.001					unusable-key
ciphers/thurloe-printed/P24/ciphertext.txt	?	ciphers/vanbeuningen-dewitt-1657/key.tsv	Van Beuningen circle -> Johan de Witt: the same letter survives as a plain copy and a	1657	nl	code	0.002					unusable-key
ciphers/thurloe-printed/P3/ciphertext.txt	?	ciphers/vanbeuningen-dewitt-1657/key.tsv	Van Beuningen circle -> Johan de Witt: the same letter survives as a plain copy and a	1657	nl	code	0.0					unusable-key
ciphers/thurloe-printed/P4/ciphertext.txt	?	ciphers/vanbeuningen-dewitt-1657/key.tsv	Van Beuningen circle -> Johan de Witt: the same letter survives as a plain copy and a	1657	nl	code	0.01					unusable-key
ciphers/thurloe-printed/P5/ciphertext.txt	?	ciphers/vanbeuningen-dewitt-1657/key.tsv	Van Beuningen circle -> Johan de Witt: the same letter survives as a plain copy and a	1657	nl	code	0.013					unusable-key
ciphers/thurloe-printed/P6/ciphertext.txt	?	ciphers/vanbeuningen-dewitt-1657/key.tsv	Van Beuningen circle -> Johan de Witt: the same letter survives as a plain copy and a	1657	nl	code	0.008					unusable-key
ciphers/thurloe-printed/P7/ciphertext.txt	?	ciphers/vanbeuningen-dewitt-1657/key.tsv	Van Beuningen circle -> Johan de Witt: the same letter survives as a plain copy and a	1657	nl	code	0.01					unusable-key
ciphers/thurloe-printed/P8/ciphertext.txt	?	ciphers/vanbeuningen-dewitt-1657/key.tsv	Van Beuningen circle -> Johan de Witt: the same letter survives as a plain copy and a	1657	nl	code	0.0					unusable-key
ciphers/thurloe-printed/P9/ciphertext.txt	?	ciphers/vanbeuningen-dewitt-1657/key.tsv	Van Beuningen circle -> Johan de Witt: the same letter survives as a plain copy and a	1657	nl	code	0.02					unusable-key
ciphers/wellington-maitland-1812/ciphertext.txt	partial	ciphers/vanbeuningen-dewitt-1657/key.tsv	Van Beuningen circle -> Johan de Witt: the same letter survives as a plain copy and a	1657	nl	code	0.02					unusable-key
ciphers/zodiac-z13-stress/ciphertext.txt	closed-negative	ciphers/vanbeuningen-dewitt-1657/key.tsv	Van Beuningen circle -> Johan de Witt: the same letter survives as a plain copy and a	1657	nl	code	0.0					unusable-key
ciphers/august-van-saksen-1561-64/ciphertext_126.tsv	partial	ciphers/willem-van-hessen-1567/siblings/key_1069.tsv	Willem van Hessen -> Willem van Oranje	1567	nl	monoalphabetic	0.0					unusable-key
ciphers/august-van-saksen-1561-64/ciphertext_53.tsv	partial	ciphers/willem-van-hessen-1567/siblings/key_1069.tsv	Willem van Hessen -> Willem van Oranje	1567	nl	monoalphabetic	0.0					unusable-key
ciphers/august-van-saksen-1561-64/ciphertext_57.tsv	partial	ciphers/willem-van-hessen-1567/siblings/key_1069.tsv	Willem van Hessen -> Willem van Oranje	1567	nl	monoalphabetic	0.0					unusable-key
ciphers/august-van-saksen-1561-64/ciphertext_74.tsv	partial	ciphers/willem-van-hessen-1567/siblings/key_1069.tsv	Willem van Hessen -> Willem van Oranje	1567	nl	monoalphabetic	0.0					unusable-key
ciphers/august-van-saksen-1561-64/ciphertext_98.tsv	partial	ciphers/willem-van-hessen-1567/siblings/key_1069.tsv	Willem van Hessen -> Willem van Oranje	1567	nl	monoalphabetic	0.0					unusable-key
ciphers/birago-nevers-1571/ciphertext.txt	open	ciphers/willem-van-hessen-1567/siblings/key_1069.tsv	Willem van Hessen -> Willem van Oranje	1567	nl	monoalphabetic	0.0					unusable-key
ciphers/clair1067-brienne-poland-1646/ciphertext.txt	solved	ciphers/willem-van-hessen-1567/siblings/key_1069.tsv	Willem van Hessen -> Willem van Oranje	1567	nl	monoalphabetic	0.0					unusable-key
ciphers/clair1108-duvergier/ciphertext.tsv	solved	ciphers/willem-van-hessen-1567/siblings/key_1069.tsv	Willem van Hessen -> Willem van Oranje	1567	nl	monoalphabetic	0.0					unusable-key
ciphers/clairambault1225-paget-1714/ciphertext.tsv	partial	ciphers/willem-van-hessen-1567/siblings/key_1069.tsv	Willem van Hessen -> Willem van Oranje	1567	nl	monoalphabetic	0.0					unusable-key
ciphers/decode-4450-bnf-fr20506-1525/ciphertext_f136.tsv	open	ciphers/willem-van-hessen-1567/siblings/key_1069.tsv	Willem van Hessen -> Willem van Oranje	1567	nl	monoalphabetic	0.0					unusable-key
ciphers/destaing-gerard-1779/ciphertext.txt	open	ciphers/willem-van-hessen-1567/siblings/key_1069.tsv	Willem van Hessen -> Willem van Oranje	1567	nl	monoalphabetic	0.0					unusable-key
ciphers/dupuy452-carpi-1520/ciphertext_f20_carpi.txt	found-solved	ciphers/willem-van-hessen-1567/siblings/key_1069.tsv	Willem van Hessen -> Willem van Oranje	1567	nl	monoalphabetic	0.0					unusable-key
ciphers/dupuy452-carpi-1520/ciphertext_f28.txt	found-solved	ciphers/willem-van-hessen-1567/siblings/key_1069.tsv	Willem van Hessen -> Willem van Oranje	1567	nl	monoalphabetic	0.0					unusable-key
ciphers/fr2933-salviati-1525/ciphertext_f54r.tsv	open	ciphers/willem-van-hessen-1567/siblings/key_1069.tsv	Willem van Hessen -> Willem van Oranje	1567	nl	monoalphabetic	0.0					unusable-key
ciphers/fr2933-salviati-1525/ciphertext_f54v.tsv	open	ciphers/willem-van-hessen-1567/siblings/key_1069.tsv	Willem van Hessen -> Willem van Oranje	1567	nl	monoalphabetic	0.0					unusable-key
ciphers/fr2933-salviati-1525/ciphertext_f55r.tsv	open	ciphers/willem-van-hessen-1567/siblings/key_1069.tsv	Willem van Hessen -> Willem van Oranje	1567	nl	monoalphabetic	0.0					unusable-key
ciphers/fr2980-gramont/ciphertext.txt	?	ciphers/willem-van-hessen-1567/siblings/key_1069.tsv	Willem van Hessen -> Willem van Oranje	1567	nl	monoalphabetic	0.0					unusable-key
ciphers/fr2980-gramont/ciphertext_f30.tsv	?	ciphers/willem-van-hessen-1567/siblings/key_1069.tsv	Willem van Hessen -> Willem van Oranje	1567	nl	monoalphabetic	0.0					unusable-key
ciphers/fr3985-nevers-revol-1593/ciphertext.tsv	blocked	ciphers/willem-van-hessen-1567/siblings/key_1069.tsv	Willem van Hessen -> Willem van Oranje	1567	nl	monoalphabetic	0.0					unusable-key
ciphers/fr3986-nevers-revol-1593/ciphertext.tsv	blocked	ciphers/willem-van-hessen-1567/siblings/key_1069.tsv	Willem van Hessen -> Willem van Oranje	1567	nl	monoalphabetic	0.0					unusable-key
ciphers/fr3987-nevers-revol-1593/ciphertext.tsv	blocked	ciphers/willem-van-hessen-1567/siblings/key_1069.tsv	Willem van Hessen -> Willem van Oranje	1567	nl	monoalphabetic	0.0					unusable-key
ciphers/fr3990-nevers-henri4-1594/ciphertext.tsv	blocked	ciphers/willem-van-hessen-1567/siblings/key_1069.tsv	Willem van Hessen -> Willem van Oranje	1567	nl	monoalphabetic	0.0					unusable-key
ciphers/fr5160-letellier-1653/ciphertext_f1.tsv	open	ciphers/willem-van-hessen-1567/siblings/key_1069.tsv	Willem van Hessen -> Willem van Oranje	1567	nl	monoalphabetic	0.0					unusable-key
ciphers/fr5160-letellier-1653/ciphertext_f67.tsv	open	ciphers/willem-van-hessen-1567/siblings/key_1069.tsv	Willem van Hessen -> Willem van Oranje	1567	nl	monoalphabetic	0.0					unusable-key
ciphers/fr5160-letellier-1653/ciphertext_f86.tsv	open	ciphers/willem-van-hessen-1567/siblings/key_1069.tsv	Willem van Hessen -> Willem van Oranje	1567	nl	monoalphabetic	0.0					unusable-key
ciphers/fr5160-letellier-1653/ciphertext_f88.tsv	open	ciphers/willem-van-hessen-1567/siblings/key_1069.tsv	Willem van Hessen -> Willem van Oranje	1567	nl	monoalphabetic	0.0					unusable-key
ciphers/fr5160-letellier-1653/ciphertext_f9.tsv	open	ciphers/willem-van-hessen-1567/siblings/key_1069.tsv	Willem van Hessen -> Willem van Oranje	1567	nl	monoalphabetic	0.0					unusable-key
ciphers/gunther-van-schwarzburg-1561/ciphertext.tsv	found-solved	ciphers/willem-van-hessen-1567/siblings/key_1069.tsv	Willem van Hessen -> Willem van Oranje	1567	nl	monoalphabetic	0.0					unusable-key
ciphers/gunther-van-schwarzburg-1561/ciphertext_5109.tsv	found-solved	ciphers/willem-van-hessen-1567/siblings/key_1069.tsv	Willem van Hessen -> Willem van Oranje	1567	nl	monoalphabetic	0.0					unusable-key
ciphers/gunther-van-schwarzburg-1561/ciphertext_5109.txt	found-solved	ciphers/willem-van-hessen-1567/siblings/key_1069.tsv	Willem van Hessen -> Willem van Oranje	1567	nl	monoalphabetic	0.0					unusable-key
ciphers/gunther-van-schwarzburg-1561/ciphertext_8246.txt	found-solved	ciphers/willem-van-hessen-1567/siblings/key_1069.tsv	Willem van Hessen -> Willem van Oranje	1567	nl	monoalphabetic	0.0					unusable-key
ciphers/hamilton-1650/ciphertext.txt	open	ciphers/willem-van-hessen-1567/siblings/key_1069.tsv	Willem van Hessen -> Willem van Oranje	1567	nl	monoalphabetic	0.0					unusable-key
ciphers/jan-van-nassau-1572-75/ciphertext_5549.tsv	open	ciphers/willem-van-hessen-1567/siblings/key_1069.tsv	Willem van Hessen -> Willem van Oranje	1567	nl	monoalphabetic	0.0					unusable-key
ciphers/jan-van-nassau-1572-75/j5s/ciphertext_5550.tsv	open	ciphers/willem-van-hessen-1567/siblings/key_1069.tsv	Willem van Hessen -> Willem van Oranje	1567	nl	monoalphabetic	0.0					unusable-key
ciphers/la-garde-1577/ciphertext_6179_v2.tsv	open	ciphers/willem-van-hessen-1567/siblings/key_1069.tsv	Willem van Hessen -> Willem van Oranje	1567	nl	monoalphabetic	0.0					unusable-key
ciphers/la-garde-1577/ciphertext_6467.tsv	open	ciphers/willem-van-hessen-1567/siblings/key_1069.tsv	Willem van Hessen -> Willem van Oranje	1567	nl	monoalphabetic	0.0					unusable-key
ciphers/la-garde-1577/ciphertext_6467_v2.tsv	open	ciphers/willem-van-hessen-1567/siblings/key_1069.tsv	Willem van Hessen -> Willem van Oranje	1567	nl	monoalphabetic	0.0					unusable-key
ciphers/moray-wood-1568/ciphertext.txt	open	ciphers/willem-van-hessen-1567/siblings/key_1069.tsv	Willem van Hessen -> Willem van Oranje	1567	nl	monoalphabetic	0.0					unusable-key
ciphers/orange-nassau-1572/ciphertext.txt	found-solved	ciphers/willem-van-hessen-1567/siblings/key_1069.tsv	Willem van Hessen -> Willem van Oranje	1567	nl	monoalphabetic	0.0					unusable-key
ciphers/orange-nassau-1572/ciphertext_2.txt	found-solved	ciphers/willem-van-hessen-1567/siblings/key_1069.tsv	Willem van Hessen -> Willem van Oranje	1567	nl	monoalphabetic	0.0					unusable-key
ciphers/ormond-arran-1678/ciphertext.txt	open	ciphers/willem-van-hessen-1567/siblings/key_1069.tsv	Willem van Hessen -> Willem van Oranje	1567	nl	monoalphabetic	0.0					unusable-key
ciphers/oxenstierna-gustav-adolf-1632/ciphertext.txt	found-solved	ciphers/willem-van-hessen-1567/siblings/key_1069.tsv	Willem van Hessen -> Willem van Oranje	1567	nl	monoalphabetic	0.0					unusable-key
ciphers/oxenstierna-gustav-adolf-1632/ciphertext_verified.tsv	found-solved	ciphers/willem-van-hessen-1567/siblings/key_1069.tsv	Willem van Hessen -> Willem van Oranje	1567	nl	monoalphabetic	0.0					unusable-key
ciphers/rah-canada-1869/ciphertext.tsv	solved	ciphers/willem-van-hessen-1567/siblings/key_1069.tsv	Willem van Hessen -> Willem van Oranje	1567	nl	monoalphabetic	0.0					unusable-key
ciphers/randolph-sussex-1569/ciphertext.txt	found-solved	ciphers/willem-van-hessen-1567/siblings/key_1069.tsv	Willem van Hessen -> Willem van Oranje	1567	nl	monoalphabetic	0.0					unusable-key
ciphers/sforza-maino-1446/ciphertext.txt	closed-negative	ciphers/willem-van-hessen-1567/siblings/key_1069.tsv	Willem van Hessen -> Willem van Oranje	1567	nl	monoalphabetic	0.0					unusable-key
ciphers/sp53-16-79/ciphertext.txt	open	ciphers/willem-van-hessen-1567/siblings/key_1069.tsv	Willem van Hessen -> Willem van Oranje	1567	nl	monoalphabetic	0.0					unusable-key
ciphers/sp53-22-f52/ciphertext.txt	open	ciphers/willem-van-hessen-1567/siblings/key_1069.tsv	Willem van Hessen -> Willem van Oranje	1567	nl	monoalphabetic	0.0					unusable-key
ciphers/stepney-manchester-1702/ciphertext.txt	offline-only	ciphers/willem-van-hessen-1567/siblings/key_1069.tsv	Willem van Hessen -> Willem van Oranje	1567	nl	monoalphabetic	0.0					unusable-key
ciphers/thurloe-printed/P10/ciphertext.txt	?	ciphers/willem-van-hessen-1567/siblings/key_1069.tsv	Willem van Hessen -> Willem van Oranje	1567	nl	monoalphabetic	0.0					unusable-key
ciphers/thurloe-printed/P11/ciphertext.txt	?	ciphers/willem-van-hessen-1567/siblings/key_1069.tsv	Willem van Hessen -> Willem van Oranje	1567	nl	monoalphabetic	0.0					unusable-key
ciphers/thurloe-printed/P12/ciphertext.txt	?	ciphers/willem-van-hessen-1567/siblings/key_1069.tsv	Willem van Hessen -> Willem van Oranje	1567	nl	monoalphabetic	0.0					unusable-key
ciphers/thurloe-printed/P13/ciphertext.txt	?	ciphers/willem-van-hessen-1567/siblings/key_1069.tsv	Willem van Hessen -> Willem van Oranje	1567	nl	monoalphabetic	0.0					unusable-key
ciphers/thurloe-printed/P14/ciphertext.txt	?	ciphers/willem-van-hessen-1567/siblings/key_1069.tsv	Willem van Hessen -> Willem van Oranje	1567	nl	monoalphabetic	0.0					unusable-key
ciphers/thurloe-printed/P15/ciphertext.txt	?	ciphers/willem-van-hessen-1567/siblings/key_1069.tsv	Willem van Hessen -> Willem van Oranje	1567	nl	monoalphabetic	0.0					unusable-key
ciphers/thurloe-printed/P16/ciphertext.txt	?	ciphers/willem-van-hessen-1567/siblings/key_1069.tsv	Willem van Hessen -> Willem van Oranje	1567	nl	monoalphabetic	0.0					unusable-key
ciphers/thurloe-printed/P17/ciphertext.txt	?	ciphers/willem-van-hessen-1567/siblings/key_1069.tsv	Willem van Hessen -> Willem van Oranje	1567	nl	monoalphabetic	0.0					unusable-key
ciphers/thurloe-printed/P18/ciphertext.txt	?	ciphers/willem-van-hessen-1567/siblings/key_1069.tsv	Willem van Hessen -> Willem van Oranje	1567	nl	monoalphabetic	0.0					unusable-key
ciphers/thurloe-printed/P19/ciphertext.txt	?	ciphers/willem-van-hessen-1567/siblings/key_1069.tsv	Willem van Hessen -> Willem van Oranje	1567	nl	monoalphabetic	0.0					unusable-key
ciphers/thurloe-printed/P2/ciphertext.txt	?	ciphers/willem-van-hessen-1567/siblings/key_1069.tsv	Willem van Hessen -> Willem van Oranje	1567	nl	monoalphabetic	0.0					unusable-key
ciphers/thurloe-printed/P21/ciphertext.txt	?	ciphers/willem-van-hessen-1567/siblings/key_1069.tsv	Willem van Hessen -> Willem van Oranje	1567	nl	monoalphabetic	0.0					unusable-key
ciphers/thurloe-printed/P22/ciphertext.txt	?	ciphers/willem-van-hessen-1567/siblings/key_1069.tsv	Willem van Hessen -> Willem van Oranje	1567	nl	monoalphabetic	0.0					unusable-key
ciphers/thurloe-printed/P24/ciphertext.txt	?	ciphers/willem-van-hessen-1567/siblings/key_1069.tsv	Willem van Hessen -> Willem van Oranje	1567	nl	monoalphabetic	0.0					unusable-key
ciphers/thurloe-printed/P3/ciphertext.txt	?	ciphers/willem-van-hessen-1567/siblings/key_1069.tsv	Willem van Hessen -> Willem van Oranje	1567	nl	monoalphabetic	0.0					unusable-key
ciphers/thurloe-printed/P4/ciphertext.txt	?	ciphers/willem-van-hessen-1567/siblings/key_1069.tsv	Willem van Hessen -> Willem van Oranje	1567	nl	monoalphabetic	0.0					unusable-key
ciphers/thurloe-printed/P5/ciphertext.txt	?	ciphers/willem-van-hessen-1567/siblings/key_1069.tsv	Willem van Hessen -> Willem van Oranje	1567	nl	monoalphabetic	0.0					unusable-key
ciphers/thurloe-printed/P6/ciphertext.txt	?	ciphers/willem-van-hessen-1567/siblings/key_1069.tsv	Willem van Hessen -> Willem van Oranje	1567	nl	monoalphabetic	0.0					unusable-key
ciphers/thurloe-printed/P7/ciphertext.txt	?	ciphers/willem-van-hessen-1567/siblings/key_1069.tsv	Willem van Hessen -> Willem van Oranje	1567	nl	monoalphabetic	0.0					unusable-key
ciphers/thurloe-printed/P8/ciphertext.txt	?	ciphers/willem-van-hessen-1567/siblings/key_1069.tsv	Willem van Hessen -> Willem van Oranje	1567	nl	monoalphabetic	0.0					unusable-key
ciphers/thurloe-printed/P9/ciphertext.txt	?	ciphers/willem-van-hessen-1567/siblings/key_1069.tsv	Willem van Hessen -> Willem van Oranje	1567	nl	monoalphabetic	0.0					unusable-key
ciphers/vanbeuningen-dewitt-1657/ciphertext.tsv	partial	ciphers/willem-van-hessen-1567/siblings/key_1069.tsv	Willem van Hessen -> Willem van Oranje	1567	nl	monoalphabetic	0.0					unusable-key
ciphers/wellington-maitland-1812/ciphertext.txt	partial	ciphers/willem-van-hessen-1567/siblings/key_1069.tsv	Willem van Hessen -> Willem van Oranje	1567	nl	monoalphabetic	0.0					unusable-key
ciphers/zodiac-z13-stress/ciphertext.txt	closed-negative	ciphers/willem-van-hessen-1567/siblings/key_1069.tsv	Willem van Hessen -> Willem van Oranje	1567	nl	monoalphabetic	0.0					unusable-key
ciphers/beinecke-mellon29-elia/ciphertext.tsv	closed-negative	ciphers/willem-van-hessen-1567/siblings/key_174_nomenclator.tsv	Willem van Hessen -> Willem van Oranje	1567	nl	code	0.0					unusable-key
ciphers/dupuy452-carpi-1520/ciphertext.txt	found-solved	ciphers/willem-van-hessen-1567/siblings/key_174_nomenclator.tsv	Willem van Hessen -> Willem van Oranje	1567	nl	code	0.0					unusable-key
ciphers/dupuy468-anhalt/ciphertext.txt	found-solved	ciphers/willem-van-hessen-1567/siblings/key_174_nomenclator.tsv	Willem van Hessen -> Willem van Oranje	1567	nl	code	0.0					unusable-key
ciphers/eckert-1862/ciphertext.txt	partial	ciphers/willem-van-hessen-1567/siblings/key_174_nomenclator.tsv	Willem van Hessen -> Willem van Oranje	1567	nl	code	0.0					unusable-key
ciphers/eckert-1864/ciphertext-no2.txt	partial	ciphers/willem-van-hessen-1567/siblings/key_174_nomenclator.tsv	Willem van Hessen -> Willem van Oranje	1567	nl	code	0.0					unusable-key
ciphers/eckert-1864/ciphertext.txt	partial	ciphers/willem-van-hessen-1567/siblings/key_174_nomenclator.tsv	Willem van Hessen -> Willem van Oranje	1567	nl	code	0.0					unusable-key
ciphers/fr20140-danzay-1557/ciphertext.txt	found-solved	ciphers/willem-van-hessen-1567/siblings/key_174_nomenclator.tsv	Willem van Hessen -> Willem van Oranje	1567	nl	code	0.0					unusable-key
ciphers/fr20140-danzay-1557/ciphertext_f36.tsv	found-solved	ciphers/willem-van-hessen-1567/siblings/key_174_nomenclator.tsv	Willem van Hessen -> Willem van Oranje	1567	nl	code	0.0					unusable-key
ciphers/sforza-maino-1446/ciphertext_f70.txt	closed-negative	ciphers/willem-van-hessen-1567/siblings/key_174_nomenclator.tsv	Willem van Hessen -> Willem van Oranje	1567	nl	code	0.0					unusable-key
ciphers/trew-posthius-1614-18/ciphertext.tsv	found-solved	ciphers/willem-van-hessen-1567/siblings/key_174_nomenclator.tsv	Willem van Hessen -> Willem van Oranje	1567	nl	code	0.0					unusable-key
ciphers/trew-posthius-1614-18/ciphertext_1614.tsv	found-solved	ciphers/willem-van-hessen-1567/siblings/key_174_nomenclator.tsv	Willem van Hessen -> Willem van Oranje	1567	nl	code	0.0					unusable-key
ciphers/trew-posthius-1614-18/ciphertext_1618.tsv	found-solved	ciphers/willem-van-hessen-1567/siblings/key_174_nomenclator.tsv	Willem van Hessen -> Willem van Oranje	1567	nl	code	0.0					unusable-key
ciphers/august-van-saksen-1561-64/ciphertext_126.tsv	partial	tools/keys/key60.tsv	Nevers -> Revol	1593	?	code	0.45					unusable-key
ciphers/august-van-saksen-1561-64/ciphertext_53.tsv	partial	tools/keys/key60.tsv	Nevers -> Revol	1593	?	code	0.709					unusable-key
ciphers/august-van-saksen-1561-64/ciphertext_57.tsv	partial	tools/keys/key60.tsv	Nevers -> Revol	1593	?	code	0.69					unusable-key
ciphers/august-van-saksen-1561-64/ciphertext_74.tsv	partial	tools/keys/key60.tsv	Nevers -> Revol	1593	?	code	0.693					unusable-key
ciphers/august-van-saksen-1561-64/ciphertext_98.tsv	partial	tools/keys/key60.tsv	Nevers -> Revol	1593	?	code	0.501					unusable-key
ciphers/birago-nevers-1571/ciphertext.txt	open	tools/keys/key60.tsv	Nevers -> Revol	1593	?	code	0.0					unusable-key
ciphers/clair1067-brienne-poland-1646/ciphertext.txt	solved	tools/keys/key60.tsv	Nevers -> Revol	1593	?	code	0.275					unusable-key
ciphers/clair1108-duvergier/ciphertext.tsv	solved	tools/keys/key60.tsv	Nevers -> Revol	1593	?	code	0.433					unusable-key
ciphers/clairambault1225-paget-1714/ciphertext.tsv	partial	tools/keys/key60.tsv	Nevers -> Revol	1593	?	code	0.487					unusable-key
ciphers/decode-4450-bnf-fr20506-1525/ciphertext_f136.tsv	open	tools/keys/key60.tsv	Nevers -> Revol	1593	?	code	0.308					unusable-key
ciphers/destaing-gerard-1779/ciphertext.txt	open	tools/keys/key60.tsv	Nevers -> Revol	1593	?	code	0.091					unusable-key
ciphers/dupuy452-carpi-1520/ciphertext_f20_carpi.txt	found-solved	tools/keys/key60.tsv	Nevers -> Revol	1593	?	code	0.0					unusable-key
ciphers/dupuy452-carpi-1520/ciphertext_f28.txt	found-solved	tools/keys/key60.tsv	Nevers -> Revol	1593	?	code	0.0					unusable-key
ciphers/fr2933-salviati-1525/ciphertext_f54r.tsv	open	tools/keys/key60.tsv	Nevers -> Revol	1593	?	code	0.448					unusable-key
ciphers/fr2933-salviati-1525/ciphertext_f54v.tsv	open	tools/keys/key60.tsv	Nevers -> Revol	1593	?	code	0.462					unusable-key
ciphers/fr2933-salviati-1525/ciphertext_f55r.tsv	open	tools/keys/key60.tsv	Nevers -> Revol	1593	?	code	0.28					unusable-key
ciphers/fr2980-gramont/ciphertext.txt	?	tools/keys/key60.tsv	Nevers -> Revol	1593	?	code	0.437					unusable-key
ciphers/fr2980-gramont/ciphertext_f30.tsv	?	tools/keys/key60.tsv	Nevers -> Revol	1593	?	code	0.324					unusable-key
ciphers/fr3985-nevers-revol-1593/ciphertext.tsv	blocked	tools/keys/key60.tsv	Nevers -> Revol	1593	?	code	0.87					unusable-key
ciphers/fr3986-nevers-revol-1593/ciphertext.tsv	blocked	tools/keys/key60.tsv	Nevers -> Revol	1593	?	code	0.712					unusable-key
ciphers/fr3987-nevers-revol-1593/ciphertext.tsv	blocked	tools/keys/key60.tsv	Nevers -> Revol	1593	?	code	0.766					unusable-key
ciphers/fr3990-nevers-henri4-1594/ciphertext.tsv	blocked	tools/keys/key60.tsv	Nevers -> Revol	1593	?	code	0.871					unusable-key
ciphers/fr5160-letellier-1653/ciphertext_f1.tsv	open	tools/keys/key60.tsv	Nevers -> Revol	1593	?	code	0.241					unusable-key
ciphers/fr5160-letellier-1653/ciphertext_f67.tsv	open	tools/keys/key60.tsv	Nevers -> Revol	1593	?	code	0.39					unusable-key
ciphers/fr5160-letellier-1653/ciphertext_f86.tsv	open	tools/keys/key60.tsv	Nevers -> Revol	1593	?	code	0.389					unusable-key
ciphers/fr5160-letellier-1653/ciphertext_f88.tsv	open	tools/keys/key60.tsv	Nevers -> Revol	1593	?	code	0.37					unusable-key
ciphers/fr5160-letellier-1653/ciphertext_f9.tsv	open	tools/keys/key60.tsv	Nevers -> Revol	1593	?	code	0.243					unusable-key
ciphers/gunther-van-schwarzburg-1561/ciphertext.tsv	found-solved	tools/keys/key60.tsv	Nevers -> Revol	1593	?	code	0.417					unusable-key
ciphers/gunther-van-schwarzburg-1561/ciphertext_5109.tsv	found-solved	tools/keys/key60.tsv	Nevers -> Revol	1593	?	code	0.443					unusable-key
ciphers/gunther-van-schwarzburg-1561/ciphertext_5109.txt	found-solved	tools/keys/key60.tsv	Nevers -> Revol	1593	?	code	0.406					unusable-key
ciphers/gunther-van-schwarzburg-1561/ciphertext_8246.txt	found-solved	tools/keys/key60.tsv	Nevers -> Revol	1593	?	code	0.405					unusable-key
ciphers/hamilton-1650/ciphertext.txt	open	tools/keys/key60.tsv	Nevers -> Revol	1593	?	code	0.221					unusable-key
ciphers/jan-van-nassau-1572-75/ciphertext_5549.tsv	open	tools/keys/key60.tsv	Nevers -> Revol	1593	?	code	0.367					unusable-key
ciphers/jan-van-nassau-1572-75/j5s/ciphertext_5550.tsv	open	tools/keys/key60.tsv	Nevers -> Revol	1593	?	code	0.433					unusable-key
ciphers/la-garde-1577/ciphertext_6179_v2.tsv	open	tools/keys/key60.tsv	Nevers -> Revol	1593	?	code	0.56					unusable-key
ciphers/la-garde-1577/ciphertext_6467.tsv	open	tools/keys/key60.tsv	Nevers -> Revol	1593	?	code	0.574					unusable-key
ciphers/la-garde-1577/ciphertext_6467_v2.tsv	open	tools/keys/key60.tsv	Nevers -> Revol	1593	?	code	0.5					unusable-key
ciphers/moray-wood-1568/ciphertext.txt	open	tools/keys/key60.tsv	Nevers -> Revol	1593	?	code	0.597					unusable-key
ciphers/orange-nassau-1572/ciphertext.txt	found-solved	tools/keys/key60.tsv	Nevers -> Revol	1593	?	code	0.277					unusable-key
ciphers/orange-nassau-1572/ciphertext_2.txt	found-solved	tools/keys/key60.tsv	Nevers -> Revol	1593	?	code	0.246					unusable-key
ciphers/ormond-arran-1678/ciphertext.txt	open	tools/keys/key60.tsv	Nevers -> Revol	1593	?	code	0.059					unusable-key
ciphers/oxenstierna-gustav-adolf-1632/ciphertext.txt	found-solved	tools/keys/key60.tsv	Nevers -> Revol	1593	?	code	0.002					unusable-key
ciphers/oxenstierna-gustav-adolf-1632/ciphertext_verified.tsv	found-solved	tools/keys/key60.tsv	Nevers -> Revol	1593	?	code	0.224					unusable-key
ciphers/rah-canada-1869/ciphertext.tsv	solved	tools/keys/key60.tsv	Nevers -> Revol	1593	?	code	0.265					unusable-key
ciphers/randolph-sussex-1569/ciphertext.txt	found-solved	tools/keys/key60.tsv	Nevers -> Revol	1593	?	code	0.468					unusable-key
ciphers/sforza-maino-1446/ciphertext.txt	closed-negative	tools/keys/key60.tsv	Nevers -> Revol	1593	?	code	0.743					unusable-key
ciphers/sp53-16-79/ciphertext.txt	open	tools/keys/key60.tsv	Nevers -> Revol	1593	?	code	0.21					unusable-key
ciphers/sp53-22-f52/ciphertext.txt	open	tools/keys/key60.tsv	Nevers -> Revol	1593	?	code	0.548					unusable-key
ciphers/stepney-manchester-1702/ciphertext.txt	offline-only	tools/keys/key60.tsv	Nevers -> Revol	1593	?	code	0.053					unusable-key
ciphers/thurloe-printed/P10/ciphertext.txt	?	tools/keys/key60.tsv	Nevers -> Revol	1593	?	code	0.206					unusable-key
ciphers/thurloe-printed/P11/ciphertext.txt	?	tools/keys/key60.tsv	Nevers -> Revol	1593	?	code	0.233					unusable-key
ciphers/thurloe-printed/P12/ciphertext.txt	?	tools/keys/key60.tsv	Nevers -> Revol	1593	?	code	0.272					unusable-key
ciphers/thurloe-printed/P13/ciphertext.txt	?	tools/keys/key60.tsv	Nevers -> Revol	1593	?	code	0.3					unusable-key
ciphers/thurloe-printed/P14/ciphertext.txt	?	tools/keys/key60.tsv	Nevers -> Revol	1593	?	code	0.248					unusable-key
ciphers/thurloe-printed/P15/ciphertext.txt	?	tools/keys/key60.tsv	Nevers -> Revol	1593	?	code	0.242					unusable-key
ciphers/thurloe-printed/P16/ciphertext.txt	?	tools/keys/key60.tsv	Nevers -> Revol	1593	?	code	0.326					unusable-key
ciphers/thurloe-printed/P17/ciphertext.txt	?	tools/keys/key60.tsv	Nevers -> Revol	1593	?	code	0.203					unusable-key
ciphers/thurloe-printed/P18/ciphertext.txt	?	tools/keys/key60.tsv	Nevers -> Revol	1593	?	code	0.206					unusable-key
ciphers/thurloe-printed/P19/ciphertext.txt	?	tools/keys/key60.tsv	Nevers -> Revol	1593	?	code	0.325					unusable-key
ciphers/thurloe-printed/P2/ciphertext.txt	?	tools/keys/key60.tsv	Nevers -> Revol	1593	?	code	0.175					unusable-key
ciphers/thurloe-printed/P21/ciphertext.txt	?	tools/keys/key60.tsv	Nevers -> Revol	1593	?	code	0.305					unusable-key
ciphers/thurloe-printed/P22/ciphertext.txt	?	tools/keys/key60.tsv	Nevers -> Revol	1593	?	code	0.292					unusable-key
ciphers/thurloe-printed/P24/ciphertext.txt	?	tools/keys/key60.tsv	Nevers -> Revol	1593	?	code	0.316					unusable-key
ciphers/thurloe-printed/P3/ciphertext.txt	?	tools/keys/key60.tsv	Nevers -> Revol	1593	?	code	0.097					unusable-key
ciphers/thurloe-printed/P4/ciphertext.txt	?	tools/keys/key60.tsv	Nevers -> Revol	1593	?	code	0.197					unusable-key
ciphers/thurloe-printed/P5/ciphertext.txt	?	tools/keys/key60.tsv	Nevers -> Revol	1593	?	code	0.278					unusable-key
ciphers/thurloe-printed/P6/ciphertext.txt	?	tools/keys/key60.tsv	Nevers -> Revol	1593	?	code	0.283					unusable-key
ciphers/thurloe-printed/P7/ciphertext.txt	?	tools/keys/key60.tsv	Nevers -> Revol	1593	?	code	0.271					unusable-key
ciphers/thurloe-printed/P8/ciphertext.txt	?	tools/keys/key60.tsv	Nevers -> Revol	1593	?	code	0.189					unusable-key
ciphers/thurloe-printed/P9/ciphertext.txt	?	tools/keys/key60.tsv	Nevers -> Revol	1593	?	code	0.157					unusable-key
ciphers/vanbeuningen-dewitt-1657/ciphertext.tsv	partial	tools/keys/key60.tsv	Nevers -> Revol	1593	?	code	0.023					unusable-key
ciphers/wellington-maitland-1812/ciphertext.txt	partial	tools/keys/key60.tsv	Nevers -> Revol	1593	?	code	0.059					unusable-key
ciphers/zodiac-z13-stress/ciphertext.txt	closed-negative	tools/keys/key60.tsv	Nevers -> Revol	1593	?	code	0.692					unusable-key
