mode	span	entry	start	pos	class	code	truth	decoded
real	A	m0291/Carta 96	0	9	U	25	o	o
real	A	m0291/Carta 96	0	19	K	15	o	o
real	A	m0291/Carta 96	0	5	K	e	g	g
real	A	m0291/Carta 96	0	13	K	13	q	t
real	A	m0291/Carta 96	0	31	K	2	d	d
real	A	m0291/Carta 96	0	46	K	c	u	u
real	A	m0291/Carta 96	0	38	K	c	v	a
real	A	m0291/Carta 96	0	3	K	12	r	r
real	A	m0291/Carta 96	0	30	K	15	o	o
real	A	m0291/Carta 96	0	35	K	25	o	o
real	A	m0291/Carta 96	0	16	K	16	f	o
real	A	m0291/Carta 96	0	0	K	5	c	f
real	A	m0291/Carta 96	0	12	K	18	m	m
real	A	m0291/Carta 96	0	11	K	15	o	o
real	A	m0291/Carta 96	0	7	K	4	s	s
real	A	m0291/Carta 96	0	40	K	15	o	o
real	A	m0291/Carta 96	0	49	K	8	i	i
real	A	m0291/Carta 96	0	39	K	y	a	a
shuf	A	m0291/Carta 96	0	9	U	25	o	n
shuf	A	m0291/Carta 96	0	19	K	15	o	o
shuf	A	m0291/Carta 96	0	5	K	e	g	o
shuf	A	m0291/Carta 96	0	13	K	13	q	m
shuf	A	m0291/Carta 96	0	31	K	2	d	s
shuf	A	m0291/Carta 96	0	46	K	c	u	o
shuf	A	m0291/Carta 96	0	38	K	c	v	v
shuf	A	m0291/Carta 96	0	3	K	12	r	r
shuf	A	m0291/Carta 96	0	30	K	15	o	o
shuf	A	m0291/Carta 96	0	35	K	25	o	u
shuf	A	m0291/Carta 96	0	16	K	16	f	t
shuf	A	m0291/Carta 96	0	0	K	5	c	c
shuf	A	m0291/Carta 96	0	12	K	18	m	o
shuf	A	m0291/Carta 96	0	11	K	15	o	o
shuf	A	m0291/Carta 96	0	7	K	4	s	s
shuf	A	m0291/Carta 96	0	40	K	15	o	o
shuf	A	m0291/Carta 96	0	49	K	8	i	i
shuf	A	m0291/Carta 96	0	39	K	y	a	a
real	A	m0291/Passage 3a	7	4	U	m	n	x
real	A	m0291/Passage 3a	7	1	K	6	h	p
real	A	m0291/Passage 3a	7	23	K	y	a	a
real	A	m0291/Passage 3a	7	5	K	a	t	t
real	A	m0291/Passage 3a	7	32	K	7	e	e
real	A	m0291/Passage 3a	7	46	K	26	v	v
real	A	m0291/Passage 3a	7	22	K	10	h	r
real	A	m0291/Passage 3a	7	38	K	y	a	a
real	A	m0291/Passage 3a	7	34	K	5	c	s
real	A	m0291/Passage 3a	7	44	K	12	r	r
real	A	m0291/Passage 3a	7	21	K	7	e	e
real	A	m0291/Passage 3a	7	9	K	23	a	a
real	A	m0291/Passage 3a	7	47	K	22	i	e
real	A	m0291/Passage 3a	7	49	K	8	i	i
real	A	m0291/Passage 3a	7	6	K	18	r	r
real	A	m0291/Passage 3a	7	8	K	x	d	d
real	A	m0291/Passage 3a	7	43	K	55	p	p
real	A	m0291/Passage 3a	7	26	K	26	v	v
shuf	A	m0291/Passage 3a	7	4	U	m	n	q
shuf	A	m0291/Passage 3a	7	1	K	6	h	p
shuf	A	m0291/Passage 3a	7	23	K	y	a	a
shuf	A	m0291/Passage 3a	7	5	K	a	t	u
shuf	A	m0291/Passage 3a	7	32	K	7	e	a
shuf	A	m0291/Passage 3a	7	46	K	26	v	v
shuf	A	m0291/Passage 3a	7	22	K	10	h	l
shuf	A	m0291/Passage 3a	7	38	K	y	a	a
shuf	A	m0291/Passage 3a	7	34	K	5	c	s
shuf	A	m0291/Passage 3a	7	44	K	12	r	r
shuf	A	m0291/Passage 3a	7	21	K	7	e	e
shuf	A	m0291/Passage 3a	7	9	K	23	a	o
shuf	A	m0291/Passage 3a	7	47	K	22	i	e
shuf	A	m0291/Passage 3a	7	49	K	8	i	i
shuf	A	m0291/Passage 3a	7	6	K	18	r	a
shuf	A	m0291/Passage 3a	7	8	K	x	d	d
shuf	A	m0291/Passage 3a	7	43	K	55	p	p
shuf	A	m0291/Passage 3a	7	26	K	26	v	d
real	A	m0285/Carta 72	5	25	U	26	o	q
real	A	m0285/Carta 72	5	0	K	12	r	r
real	A	m0285/Carta 72	5	13	K	c	g	g
real	A	m0285/Carta 72	5	7	K	17	a	a
real	A	m0285/Carta 72	5	47	K	y	a	a
real	A	m0285/Carta 72	5	24	K	8	j	i
real	A	m0285/Carta 72	5	14	K	15	o	o
real	A	m0285/Carta 72	5	39	K	19	e	e
real	A	m0285/Carta 72	5	44	K	2	d	d
real	A	m0285/Carta 72	5	3	K	7	e	e
real	A	m0285/Carta 72	5	43	K	14	n	n
real	A	m0285/Carta 72	5	30	K	15	o	o
real	A	m0285/Carta 72	5	41	K	5	c	c
real	A	m0285/Carta 72	5	42	K	15	o	o
real	A	m0285/Carta 72	5	4	K	14	n	n
real	A	m0285/Carta 72	5	2	K	18	o	m
real	A	m0285/Carta 72	5	29	K	2	d	d
real	A	m0285/Carta 72	5	5	K	3	t	t
shuf	A	m0285/Carta 72	5	25	U	26	o	n
shuf	A	m0285/Carta 72	5	0	K	12	r	r
shuf	A	m0285/Carta 72	5	13	K	c	g	c
shuf	A	m0285/Carta 72	5	7	K	17	a	a
shuf	A	m0285/Carta 72	5	47	K	y	a	a
shuf	A	m0285/Carta 72	5	24	K	8	j	i
shuf	A	m0285/Carta 72	5	14	K	15	o	o
shuf	A	m0285/Carta 72	5	39	K	19	e	e
shuf	A	m0285/Carta 72	5	44	K	2	d	d
shuf	A	m0285/Carta 72	5	3	K	7	e	e
shuf	A	m0285/Carta 72	5	43	K	14	n	n
shuf	A	m0285/Carta 72	5	30	K	15	o	o
shuf	A	m0285/Carta 72	5	41	K	5	c	c
shuf	A	m0285/Carta 72	5	42	K	15	o	o
shuf	A	m0285/Carta 72	5	4	K	14	n	n
shuf	A	m0285/Carta 72	5	2	K	18	o	m
shuf	A	m0285/Carta 72	5	29	K	2	d	t
shuf	A	m0285/Carta 72	5	5	K	3	t	t
real	A	m0288/Carta 85	13	44	U	7	e	e
real	A	m0288/Carta 85	13	48	K	3	t	t
real	A	m0288/Carta 85	13	2	K	19	e	e
real	A	m0288/Carta 85	13	32	K	3	t	t
real	A	m0288/Carta 85	13	45	K	12	r	r
real	A	m0288/Carta 85	13	34	K	2	d	d
real	A	m0288/Carta 85	13	3	K	18	m	m
real	A	m0288/Carta 85	13	41	K	19	e	e
real	A	m0288/Carta 85	13	43	K	2	d	d
real	A	m0288/Carta 85	13	1	K	12	r	r
real	A	m0288/Carta 85	13	30	K	12	r	r
real	A	m0288/Carta 85	13	40	K	26	v	v
real	A	m0288/Carta 85	13	35	K	15	o	o
real	A	m0288/Carta 85	13	36	K	2	d	d
real	A	m0288/Carta 85	13	33	K	23	a	a
real	A	m0288/Carta 85	13	42	K	14	n	n
real	A	m0288/Carta 85	13	38	K	8	i	i
real	A	m0288/Carta 85	13	27	K	14	n	n
shuf	A	m0288/Carta 85	13	44	U	7	e	e
shuf	A	m0288/Carta 85	13	48	K	3	t	i
shuf	A	m0288/Carta 85	13	2	K	19	e	e
shuf	A	m0288/Carta 85	13	32	K	3	t	t
shuf	A	m0288/Carta 85	13	45	K	12	r	r
shuf	A	m0288/Carta 85	13	34	K	2	d	d
shuf	A	m0288/Carta 85	13	3	K	18	m	m
shuf	A	m0288/Carta 85	13	41	K	19	e	e
shuf	A	m0288/Carta 85	13	43	K	2	d	d
shuf	A	m0288/Carta 85	13	1	K	12	r	r
shuf	A	m0288/Carta 85	13	30	K	12	r	e
shuf	A	m0288/Carta 85	13	40	K	26	v	v
shuf	A	m0288/Carta 85	13	35	K	15	o	o
shuf	A	m0288/Carta 85	13	36	K	2	d	d
shuf	A	m0288/Carta 85	13	33	K	23	a	a
shuf	A	m0288/Carta 85	13	42	K	14	n	n
shuf	A	m0288/Carta 85	13	38	K	8	i	i
shuf	A	m0288/Carta 85	13	27	K	14	n	e
real	A	m0287/Carta 79	23	10	U	24	e	i
real	A	m0287/Carta 79	23	1	K	26	u	u
real	A	m0287/Carta 79	23	17	K	15	o	o
real	A	m0287/Carta 79	23	8	K	24	e	e
real	A	m0287/Carta 79	23	19	K	19	e	e
real	A	m0287/Carta 79	23	0	K	e	g	g
real	A	m0287/Carta 79	23	41	K	55	p	p
real	A	m0287/Carta 79	23	49	K	15	o	o
real	A	m0287/Carta 79	23	25	K	8	i	i
real	A	m0287/Carta 79	23	18	K	3	t	t
real	A	m0287/Carta 79	23	9	K	26	v	v
real	A	m0287/Carta 79	23	21	K	15	o	o
real	A	m0287/Carta 79	23	12	K	10	h	h
real	A	m0287/Carta 79	23	5	K	19	e	e
real	A	m0287/Carta 79	23	45	K	3	s	s
real	A	m0287/Carta 79	23	11	K	20	l	l
real	A	m0287/Carta 79	23	24	K	19	e	e
real	A	m0287/Carta 79	23	31	K	4	s	s
shuf	A	m0287/Carta 79	23	10	U	24	e	e
shuf	A	m0287/Carta 79	23	1	K	26	u	u
shuf	A	m0287/Carta 79	23	17	K	15	o	o
shuf	A	m0287/Carta 79	23	8	K	24	e	q
shuf	A	m0287/Carta 79	23	19	K	19	e	e
shuf	A	m0287/Carta 79	23	0	K	e	g	g
shuf	A	m0287/Carta 79	23	41	K	55	p	d
shuf	A	m0287/Carta 79	23	49	K	15	o	o
shuf	A	m0287/Carta 79	23	25	K	8	i	i
shuf	A	m0287/Carta 79	23	18	K	3	t	d
shuf	A	m0287/Carta 79	23	9	K	26	v	u
shuf	A	m0287/Carta 79	23	21	K	15	o	o
shuf	A	m0287/Carta 79	23	12	K	10	h	h
shuf	A	m0287/Carta 79	23	5	K	19	e	e
shuf	A	m0287/Carta 79	23	45	K	3	s	e
shuf	A	m0287/Carta 79	23	11	K	20	l	l
shuf	A	m0287/Carta 79	23	24	K	19	e	i
shuf	A	m0287/Carta 79	23	31	K	4	s	l
real	A	m0282/Carta 58	1	23	U	15	o	e
real	A	m0282/Carta 58	1	7	K	19	e	e
real	A	m0282/Carta 58	1	0	K	m	n	n
real	A	m0282/Carta 58	1	29	K	4	s	s
real	A	m0282/Carta 58	1	5	K	8	i	i
real	A	m0282/Carta 58	1	27	K	2	d	d
real	A	m0282/Carta 58	1	31	K	19	e	e
real	A	m0282/Carta 58	1	14	K	19	e	e
real	A	m0282/Carta 58	1	24	K	12	r	r
real	A	m0282/Carta 58	1	10	K	19	i	e
real	A	m0282/Carta 58	1	17	K	8	i	i
real	A	m0282/Carta 58	1	42	K	4	s	s
real	A	m0282/Carta 58	1	45	K	19	e	e
real	A	m0282/Carta 58	1	26	K	15	o	o
real	A	m0282/Carta 58	1	30	K	55	p	p
real	A	m0282/Carta 58	1	32	K	4	s	s
real	A	m0282/Carta 58	1	28	K	17	a	a
real	A	m0282/Carta 58	1	43	K	17	a	a
shuf	A	m0282/Carta 58	1	23	U	15	o	t
shuf	A	m0282/Carta 58	1	7	K	19	e	e
shuf	A	m0282/Carta 58	1	0	K	m	n	n
shuf	A	m0282/Carta 58	1	29	K	4	s	s
shuf	A	m0282/Carta 58	1	5	K	8	i	i
shuf	A	m0282/Carta 58	1	27	K	2	d	d
shuf	A	m0282/Carta 58	1	31	K	19	e	e
shuf	A	m0282/Carta 58	1	14	K	19	e	e
shuf	A	m0282/Carta 58	1	24	K	12	r	r
shuf	A	m0282/Carta 58	1	10	K	19	i	a
shuf	A	m0282/Carta 58	1	17	K	8	i	i
shuf	A	m0282/Carta 58	1	42	K	4	s	a
shuf	A	m0282/Carta 58	1	45	K	19	e	e
shuf	A	m0282/Carta 58	1	26	K	15	o	o
shuf	A	m0282/Carta 58	1	30	K	55	p	p
shuf	A	m0282/Carta 58	1	32	K	4	s	c
shuf	A	m0282/Carta 58	1	28	K	17	a	a
shuf	A	m0282/Carta 58	1	43	K	17	a	a
real	A	m0291/Passage 3a	5	16	U	22	i	i
real	A	m0291/Passage 3a	5	20	K	55	p	a
real	A	m0291/Passage 3a	5	45	K	55	p	p
real	A	m0291/Passage 3a	5	47	K	19	e	e
real	A	m0291/Passage 3a	5	9	K	17	a	a
real	A	m0291/Passage 3a	5	3	K	6	h	e
real	A	m0291/Passage 3a	5	18	K	5	c	c
real	A	m0291/Passage 3a	5	19	K	8	i	i
real	A	m0291/Passage 3a	5	12	K	2	d	d
real	A	m0291/Passage 3a	5	4	K	4	s	s
real	A	m0291/Passage 3a	5	5	K	7	e	e
real	A	m0291/Passage 3a	5	35	K	f	s	s
real	A	m0291/Passage 3a	5	29	K	19	e	e
real	A	m0291/Passage 3a	5	0	K	m	w	g
real	A	m0291/Passage 3a	5	49	K	22	i	i
real	A	m0291/Passage 3a	5	39	K	8	i	i
real	A	m0291/Passage 3a	5	23	K	7	e	e
real	A	m0291/Passage 3a	5	27	K	25	o	o
shuf	A	m0291/Passage 3a	5	16	U	22	i	a
shuf	A	m0291/Passage 3a	5	20	K	55	p	v
shuf	A	m0291/Passage 3a	5	45	K	55	p	o
shuf	A	m0291/Passage 3a	5	47	K	19	e	e
shuf	A	m0291/Passage 3a	5	9	K	17	a	a
shuf	A	m0291/Passage 3a	5	3	K	6	h	e
shuf	A	m0291/Passage 3a	5	18	K	5	c	c
shuf	A	m0291/Passage 3a	5	19	K	8	i	i
shuf	A	m0291/Passage 3a	5	12	K	2	d	e
shuf	A	m0291/Passage 3a	5	4	K	4	s	s
shuf	A	m0291/Passage 3a	5	5	K	7	e	o
shuf	A	m0291/Passage 3a	5	35	K	f	s	s
shuf	A	m0291/Passage 3a	5	29	K	19	e	e
shuf	A	m0291/Passage 3a	5	0	K	m	w	n
shuf	A	m0291/Passage 3a	5	49	K	22	i	i
shuf	A	m0291/Passage 3a	5	39	K	8	i	i
shuf	A	m0291/Passage 3a	5	23	K	7	e	e
shuf	A	m0291/Passage 3a	5	27	K	25	o	o
real	A	m0287/Carta 79	14	32	U	52	r	t
real	A	m0287/Carta 79	14	4	K	f	z	s
real	A	m0287/Carta 79	14	15	K	4	s	s
real	A	m0287/Carta 79	14	18	K	26	v	c
real	A	m0287/Carta 79	14	11	K	18	m	m
real	A	m0287/Carta 79	14	36	K	15	o	o
real	A	m0287/Carta 79	14	17	K	24	e	e
real	A	m0287/Carta 79	14	22	K	17	a	o
real	A	m0287/Carta 79	14	35	K	12	r	r
real	A	m0287/Carta 79	14	23	K	5	c	c
real	A	m0287/Carta 79	14	40	K	4	s	s
real	A	m0287/Carta 79	14	26	K	15	o	o
real	A	m0287/Carta 79	14	9	K	e	g	e
real	A	m0287/Carta 79	14	0	K	19	e	e
real	A	m0287/Carta 79	14	34	K	8	i	i
real	A	m0287/Carta 79	14	33	K	19	e	e
real	A	m0287/Carta 79	14	1	K	17	a	a
real	A	m0287/Carta 79	14	42	K	26	u	u
shuf	A	m0287/Carta 79	14	32	U	52	r	b
shuf	A	m0287/Carta 79	14	4	K	f	z	a
shuf	A	m0287/Carta 79	14	15	K	4	s	s
shuf	A	m0287/Carta 79	14	18	K	26	v	v
shuf	A	m0287/Carta 79	14	11	K	18	m	m
shuf	A	m0287/Carta 79	14	36	K	15	o	o
shuf	A	m0287/Carta 79	14	17	K	24	e	e
shuf	A	m0287/Carta 79	14	22	K	17	a	o
shuf	A	m0287/Carta 79	14	35	K	12	r	r
shuf	A	m0287/Carta 79	14	23	K	5	c	c
shuf	A	m0287/Carta 79	14	40	K	4	s	s
shuf	A	m0287/Carta 79	14	26	K	15	o	o
shuf	A	m0287/Carta 79	14	9	K	e	g	e
shuf	A	m0287/Carta 79	14	0	K	19	e	e
shuf	A	m0287/Carta 79	14	34	K	8	i	i
shuf	A	m0287/Carta 79	14	33	K	19	e	e
shuf	A	m0287/Carta 79	14	1	K	17	a	a
shuf	A	m0287/Carta 79	14	42	K	26	u	u
real	A	m0290/Passage 2a	45	40	U	8	i	i
real	A	m0290/Passage 2a	45	46	K	15	e	l
real	A	m0290/Passage 2a	45	47	K	20	l	l
real	A	m0290/Passage 2a	45	32	K	9	i	r
real	A	m0290/Passage 2a	45	41	K	24	h	r
real	A	m0290/Passage 2a	45	12	K	7	e	e
real	A	m0290/Passage 2a	45	33	K	5	c	c
real	A	m0290/Passage 2a	45	31	K	15	o	o
real	A	m0290/Passage 2a	45	13	K	12	r	r
real	A	m0290/Passage 2a	45	23	K	y	a	a
real	A	m0290/Passage 2a	45	16	K	14	s	n
real	A	m0290/Passage 2a	45	9	K	14	n	n
real	A	m0290/Passage 2a	45	15	K	25	o	o
real	A	m0290/Passage 2a	45	8	K	8	i	i
real	A	m0290/Passage 2a	45	10	K	f	s	s
real	A	m0290/Passage 2a	45	27	K	2	d	d
real	A	m0290/Passage 2a	45	35	K	7	e	e
real	A	m0290/Passage 2a	45	43	K	4	e	q
shuf	A	m0290/Passage 2a	45	40	U	8	i	v
shuf	A	m0290/Passage 2a	45	46	K	15	e	a
shuf	A	m0290/Passage 2a	45	47	K	20	l	s
shuf	A	m0290/Passage 2a	45	32	K	9	i	a
shuf	A	m0290/Passage 2a	45	41	K	24	h	e
shuf	A	m0290/Passage 2a	45	12	K	7	e	e
shuf	A	m0290/Passage 2a	45	33	K	5	c	c
shuf	A	m0290/Passage 2a	45	31	K	15	o	o
shuf	A	m0290/Passage 2a	45	13	K	12	r	o
shuf	A	m0290/Passage 2a	45	23	K	y	a	a
shuf	A	m0290/Passage 2a	45	16	K	14	s	r
shuf	A	m0290/Passage 2a	45	9	K	14	n	n
shuf	A	m0290/Passage 2a	45	15	K	25	o	t
shuf	A	m0290/Passage 2a	45	8	K	8	i	i
shuf	A	m0290/Passage 2a	45	10	K	f	s	s
shuf	A	m0290/Passage 2a	45	27	K	2	d	r
shuf	A	m0290/Passage 2a	45	35	K	7	e	e
shuf	A	m0290/Passage 2a	45	43	K	4	e	s
real	A	m0282/Carta 61	53	36	U	14	n	i
real	A	m0282/Carta 61	53	32	K	4	s	s
real	A	m0282/Carta 61	53	47	K	2	e	e
real	A	m0282/Carta 61	53	7	K	20	l	l
real	A	m0282/Carta 61	53	43	K	52	r	r
real	A	m0282/Carta 61	53	11	K	15	o	o
real	A	m0282/Carta 61	53	17	K	3	t	t
real	A	m0282/Carta 61	53	44	K	20	l	l
real	A	m0282/Carta 61	53	35	K	26	u	v
real	A	m0282/Carta 61	53	8	K	10	h	l
real	A	m0282/Carta 61	53	49	K	3	t	t
real	A	m0282/Carta 61	53	10	K	5	c	c
real	A	m0282/Carta 61	53	48	K	14	n	n
real	A	m0282/Carta 61	53	37	K	3	t	t
real	A	m0282/Carta 61	53	45	K	17	a	a
real	A	m0282/Carta 61	53	41	K	55	p	p
real	A	m0282/Carta 61	53	42	K	17	a	a
real	A	m0282/Carta 61	53	33	K	2	e	d
shuf	A	m0282/Carta 61	53	36	U	14	n	o
shuf	A	m0282/Carta 61	53	32	K	4	s	s
shuf	A	m0282/Carta 61	53	47	K	2	e	d
shuf	A	m0282/Carta 61	53	7	K	20	l	n
shuf	A	m0282/Carta 61	53	43	K	52	r	r
shuf	A	m0282/Carta 61	53	11	K	15	o	o
shuf	A	m0282/Carta 61	53	17	K	3	t	t
shuf	A	m0282/Carta 61	53	44	K	20	l	l
shuf	A	m0282/Carta 61	53	35	K	26	u	v
shuf	A	m0282/Carta 61	53	8	K	10	h	h
shuf	A	m0282/Carta 61	53	49	K	3	t	t
shuf	A	m0282/Carta 61	53	10	K	5	c	c
shuf	A	m0282/Carta 61	53	48	K	14	n	n
shuf	A	m0282/Carta 61	53	37	K	3	t	s
shuf	A	m0282/Carta 61	53	45	K	17	a	a
shuf	A	m0282/Carta 61	53	41	K	55	p	p
shuf	A	m0282/Carta 61	53	42	K	17	a	a
shuf	A	m0282/Carta 61	53	33	K	2	e	e
real	A	m0289/Carta 92	0	7	U	10	h	l
real	A	m0289/Carta 92	0	10	K	15	o	a
real	A	m0289/Carta 92	0	26	K	17	a	a
real	A	m0289/Carta 92	0	27	K	m	n	n
real	A	m0289/Carta 92	0	29	K	7	e	e
real	A	m0289/Carta 92	0	40	K	4	s	s
real	A	m0289/Carta 92	0	30	K	4	s	s
real	A	m0289/Carta 92	0	23	K	25	o	o
real	A	m0289/Carta 92	0	4	K	26	v	v
real	A	m0289/Carta 92	0	17	K	5	c	c
real	A	m0289/Carta 92	0	20	K	12	r	r
real	A	m0289/Carta 92	0	47	K	3	t	t
real	A	m0289/Carta 92	0	21	K	y	a	a
real	A	m0289/Carta 92	0	18	K	20	l	l
real	A	m0289/Carta 92	0	22	K	x	d	d
real	A	m0289/Carta 92	0	36	K	24	t	e
real	A	m0289/Carta 92	0	16	K	7	e	e
real	A	m0289/Carta 92	0	24	K	16	f	f
shuf	A	m0289/Carta 92	0	7	U	10	h	f
shuf	A	m0289/Carta 92	0	10	K	15	o	o
shuf	A	m0289/Carta 92	0	26	K	17	a	a
shuf	A	m0289/Carta 92	0	27	K	m	n	n
shuf	A	m0289/Carta 92	0	29	K	7	e	e
shuf	A	m0289/Carta 92	0	40	K	4	s	o
shuf	A	m0289/Carta 92	0	30	K	4	s	s
shuf	A	m0289/Carta 92	0	23	K	25	o	o
shuf	A	m0289/Carta 92	0	4	K	26	v	v
shuf	A	m0289/Carta 92	0	17	K	5	c	l
shuf	A	m0289/Carta 92	0	20	K	12	r	r
shuf	A	m0289/Carta 92	0	47	K	3	t	a
shuf	A	m0289/Carta 92	0	21	K	y	a	a
shuf	A	m0289/Carta 92	0	18	K	20	l	l
shuf	A	m0289/Carta 92	0	22	K	x	d	d
shuf	A	m0289/Carta 92	0	36	K	24	t	s
shuf	A	m0289/Carta 92	0	16	K	7	e	e
shuf	A	m0289/Carta 92	0	24	K	16	f	s
real	A	m0294/Carta 110	6	26	U	8	i	e
real	A	m0294/Carta 110	6	8	K	12	r	r
real	A	m0294/Carta 110	6	11	K	55	p	p
real	A	m0294/Carta 110	6	14	K	x	d	u
real	A	m0294/Carta 110	6	46	K	y	a	a
real	A	m0294/Carta 110	6	47	K	18	m	m
real	A	m0294/Carta 110	6	45	K	26	u	u
real	A	m0294/Carta 110	6	17	K	18	m	r
real	A	m0294/Carta 110	6	1	K	10	h	h
real	A	m0294/Carta 110	6	18	K	7	e	e
real	A	m0294/Carta 110	6	25	K	18	m	m
real	A	m0294/Carta 110	6	7	K	18	o	m
real	A	m0294/Carta 110	6	9	K	19	e	e
real	A	m0294/Carta 110	6	12	K	15	o	o
real	A	m0294/Carta 110	6	10	K	4	s	s
real	A	m0294/Carta 110	6	21	K	e	g	i
real	A	m0294/Carta 110	6	22	K	7	e	e
real	A	m0294/Carta 110	6	0	K	20	l	l
shuf	A	m0294/Carta 110	6	26	U	8	i	s
shuf	A	m0294/Carta 110	6	8	K	12	r	r
shuf	A	m0294/Carta 110	6	11	K	55	p	s
shuf	A	m0294/Carta 110	6	14	K	x	d	d
shuf	A	m0294/Carta 110	6	46	K	y	a	a
shuf	A	m0294/Carta 110	6	47	K	18	m	m
shuf	A	m0294/Carta 110	6	45	K	26	u	u
shuf	A	m0294/Carta 110	6	17	K	18	m	r
shuf	A	m0294/Carta 110	6	1	K	10	h	p
shuf	A	m0294/Carta 110	6	18	K	7	e	e
shuf	A	m0294/Carta 110	6	25	K	18	m	o
shuf	A	m0294/Carta 110	6	7	K	18	o	o
shuf	A	m0294/Carta 110	6	9	K	19	e	e
shuf	A	m0294/Carta 110	6	12	K	15	o	o
shuf	A	m0294/Carta 110	6	10	K	4	s	s
shuf	A	m0294/Carta 110	6	21	K	e	g	g
shuf	A	m0294/Carta 110	6	22	K	7	e	u
shuf	A	m0294/Carta 110	6	0	K	20	l	l
real	A	m0285/Carta 72	25	9	U	2	d	d
real	A	m0285/Carta 72	25	4	K	8	j	i
real	A	m0285/Carta 72	25	25	K	8	i	i
real	A	m0285/Carta 72	25	8	K	14	n	n
real	A	m0285/Carta 72	25	10	K	15	o	o
real	A	m0285/Carta 72	25	46	K	c	g	u
real	A	m0285/Carta 72	25	7	K	y	a	a
real	A	m0285/Carta 72	25	22	K	15	o	o
real	A	m0285/Carta 72	25	19	K	19	e	e
real	A	m0285/Carta 72	25	17	K	17	e	a
real	A	m0285/Carta 72	25	21	K	5	c	c
real	A	m0285/Carta 72	25	27	K	y	a	a
real	A	m0285/Carta 72	25	5	K	26	o	q
real	A	m0285/Carta 72	25	45	K	12	r	r
real	A	m0285/Carta 72	25	20	K	4	s	s
real	A	m0285/Carta 72	25	28	K	4	s	s
real	A	m0285/Carta 72	25	26	K	x	d	d
real	A	m0285/Carta 72	25	23	K	14	n	n
shuf	A	m0285/Carta 72	25	9	U	2	d	t
shuf	A	m0285/Carta 72	25	4	K	8	j	i
shuf	A	m0285/Carta 72	25	25	K	8	i	i
shuf	A	m0285/Carta 72	25	8	K	14	n	n
shuf	A	m0285/Carta 72	25	10	K	15	o	o
shuf	A	m0285/Carta 72	25	46	K	c	g	o
shuf	A	m0285/Carta 72	25	7	K	y	a	a
shuf	A	m0285/Carta 72	25	22	K	15	o	o
shuf	A	m0285/Carta 72	25	19	K	19	e	e
shuf	A	m0285/Carta 72	25	17	K	17	e	a
shuf	A	m0285/Carta 72	25	21	K	5	c	c
shuf	A	m0285/Carta 72	25	27	K	y	a	a
shuf	A	m0285/Carta 72	25	5	K	26	o	o
shuf	A	m0285/Carta 72	25	45	K	12	r	r
shuf	A	m0285/Carta 72	25	20	K	4	s	s
shuf	A	m0285/Carta 72	25	28	K	4	s	s
shuf	A	m0285/Carta 72	25	26	K	x	d	d
shuf	A	m0285/Carta 72	25	23	K	14	n	m
real	A	m0280/Carta 13	34	10	U	y	a	a
real	A	m0280/Carta 13	34	0	K	4	s	s
real	A	m0280/Carta 13	34	5	K	7	e	e
real	A	m0280/Carta 13	34	38	K	12	m	r
real	A	m0280/Carta 13	34	37	K	8	i	i
real	A	m0280/Carta 13	34	4	K	c	v	v
real	A	m0280/Carta 13	34	2	K	15	o	o
real	A	m0280/Carta 13	34	8	K	7	e	e
real	A	m0280/Carta 13	34	13	K	15	o	o
real	A	m0280/Carta 13	34	14	K	4	s	s
real	A	m0280/Carta 13	34	1	K	5	c	c
real	A	m0280/Carta 13	34	12	K	4	s	s
real	A	m0280/Carta 13	34	36	K	y	l	a
real	A	m0280/Carta 13	34	19	K	7	e	e
real	A	m0280/Carta 13	34	18	K	2	d	d
real	A	m0280/Carta 13	34	31	K	10	h	h
real	A	m0280/Carta 13	34	7	K	5	c	c
real	A	m0280/Carta 13	34	35	K	18	m	m
shuf	A	m0280/Carta 13	34	10	U	y	a	e
shuf	A	m0280/Carta 13	34	0	K	4	s	s
shuf	A	m0280/Carta 13	34	5	K	7	e	u
shuf	A	m0280/Carta 13	34	38	K	12	m	r
shuf	A	m0280/Carta 13	34	37	K	8	i	i
shuf	A	m0280/Carta 13	34	4	K	c	v	g
shuf	A	m0280/Carta 13	34	2	K	15	o	o
shuf	A	m0280/Carta 13	34	8	K	7	e	e
shuf	A	m0280/Carta 13	34	13	K	15	o	o
shuf	A	m0280/Carta 13	34	14	K	4	s	s
shuf	A	m0280/Carta 13	34	1	K	5	c	c
shuf	A	m0280/Carta 13	34	12	K	4	s	e
shuf	A	m0280/Carta 13	34	36	K	y	l	e
shuf	A	m0280/Carta 13	34	19	K	7	e	e
shuf	A	m0280/Carta 13	34	18	K	2	d	d
shuf	A	m0280/Carta 13	34	31	K	10	h	t
shuf	A	m0280/Carta 13	34	7	K	5	c	r
shuf	A	m0280/Carta 13	34	35	K	18	m	m
real	A	m0282/Carta 58	9	3	U	a	l	s
real	A	m0282/Carta 58	9	38	K	22	e	i
real	A	m0282/Carta 58	9	49	K	2	d	d
real	A	m0282/Carta 58	9	12	K	4	s	a
real	A	m0282/Carta 58	9	48	K	18	o	o
real	A	m0282/Carta 58	9	43	K	13	d	e
real	A	m0282/Carta 58	9	25	K	15	o	o
real	A	m0282/Carta 58	9	40	K	15	o	o
real	A	m0282/Carta 58	9	27	K	4	s	s
real	A	m0282/Carta 58	9	45	K	26	u	u
real	A	m0282/Carta 58	9	35	K	17	a	a
real	A	m0282/Carta 58	9	18	K	15	o	o
real	A	m0282/Carta 58	9	20	K	17	a	a
real	A	m0282/Carta 58	9	8	K	5	c	c
real	A	m0282/Carta 58	9	42	K	17	a	u
real	A	m0282/Carta 58	9	7	K	m	n	n
real	A	m0282/Carta 58	9	37	K	19	e	e
real	A	m0282/Carta 58	9	44	K	2	d	d
shuf	A	m0282/Carta 58	9	3	U	a	l	o
shuf	A	m0282/Carta 58	9	38	K	22	e	s
shuf	A	m0282/Carta 58	9	49	K	2	d	d
shuf	A	m0282/Carta 58	9	12	K	4	s	u
shuf	A	m0282/Carta 58	9	48	K	18	o	o
shuf	A	m0282/Carta 58	9	43	K	13	d	l
shuf	A	m0282/Carta 58	9	25	K	15	o	o
shuf	A	m0282/Carta 58	9	40	K	15	o	o
shuf	A	m0282/Carta 58	9	27	K	4	s	a
shuf	A	m0282/Carta 58	9	45	K	26	u	v
shuf	A	m0282/Carta 58	9	35	K	17	a	a
shuf	A	m0282/Carta 58	9	18	K	15	o	a
shuf	A	m0282/Carta 58	9	20	K	17	a	a
shuf	A	m0282/Carta 58	9	8	K	5	c	c
shuf	A	m0282/Carta 58	9	42	K	17	a	a
shuf	A	m0282/Carta 58	9	7	K	m	n	n
shuf	A	m0282/Carta 58	9	37	K	19	e	e
shuf	A	m0282/Carta 58	9	44	K	2	d	a
real	A	m0294/Carta 110	3	14	U	55	p	p
real	A	m0294/Carta 110	3	2	K	24	e	e
real	A	m0294/Carta 110	3	28	K	18	m	m
real	A	m0294/Carta 110	3	0	K	19	e	e
real	A	m0294/Carta 110	3	26	K	2	d	d
real	A	m0294/Carta 110	3	24	K	e	g	i
real	A	m0294/Carta 110	3	5	K	17	a	a
real	A	m0294/Carta 110	3	25	K	7	e	e
real	A	m0294/Carta 110	3	11	K	12	r	r
real	A	m0294/Carta 110	3	23	K	15	o	o
real	A	m0294/Carta 110	3	15	K	15	o	o
real	A	m0294/Carta 110	3	20	K	18	m	o
real	A	m0294/Carta 110	3	48	K	26	u	u
real	A	m0294/Carta 110	3	27	K	7	e	e
real	A	m0294/Carta 110	3	29	K	8	i	i
real	A	m0294/Carta 110	3	12	K	19	e	e
real	A	m0294/Carta 110	3	18	K	7	e	e
real	A	m0294/Carta 110	3	16	K	55	n	n
shuf	A	m0294/Carta 110	3	14	U	55	p	i
shuf	A	m0294/Carta 110	3	2	K	24	e	c
shuf	A	m0294/Carta 110	3	28	K	18	m	o
shuf	A	m0294/Carta 110	3	0	K	19	e	e
shuf	A	m0294/Carta 110	3	26	K	2	d	d
shuf	A	m0294/Carta 110	3	24	K	e	g	s
shuf	A	m0294/Carta 110	3	5	K	17	a	a
shuf	A	m0294/Carta 110	3	25	K	7	e	e
shuf	A	m0294/Carta 110	3	11	K	12	r	r
shuf	A	m0294/Carta 110	3	23	K	15	o	e
shuf	A	m0294/Carta 110	3	15	K	15	o	o
shuf	A	m0294/Carta 110	3	20	K	18	m	o
shuf	A	m0294/Carta 110	3	48	K	26	u	i
shuf	A	m0294/Carta 110	3	27	K	7	e	e
shuf	A	m0294/Carta 110	3	29	K	8	i	i
shuf	A	m0294/Carta 110	3	12	K	19	e	e
shuf	A	m0294/Carta 110	3	18	K	7	e	e
shuf	A	m0294/Carta 110	3	16	K	55	n	o
real	A	m0286/Carta 74	7	37	U	7	e	a
real	A	m0286/Carta 74	7	48	K	5	c	c
real	A	m0286/Carta 74	7	42	K	f	a	a
real	A	m0286/Carta 74	7	10	K	20	l	l
real	A	m0286/Carta 74	7	9	K	a	t	o
real	A	m0286/Carta 74	7	32	K	7	e	e
real	A	m0286/Carta 74	7	13	K	18	o	o
real	A	m0286/Carta 74	7	46	K	3	d	t
real	A	m0286/Carta 74	7	6	K	23	a	a
real	A	m0286/Carta 74	7	45	K	4	s	s
real	A	m0286/Carta 74	7	24	K	f	r	s
real	A	m0286/Carta 74	7	18	K	12	r	r
real	A	m0286/Carta 74	7	20	K	22	s	d
real	A	m0286/Carta 74	7	3	K	y	a	a
real	A	m0286/Carta 74	7	40	K	12	l	n
real	A	m0286/Carta 74	7	21	K	15	c	o
real	A	m0286/Carta 74	7	36	K	12	v	r
real	A	m0286/Carta 74	7	22	K	5	c	c
shuf	A	m0286/Carta 74	7	37	U	7	e	r
shuf	A	m0286/Carta 74	7	48	K	5	c	c
shuf	A	m0286/Carta 74	7	42	K	f	a	s
shuf	A	m0286/Carta 74	7	10	K	20	l	t
shuf	A	m0286/Carta 74	7	9	K	a	t	t
shuf	A	m0286/Carta 74	7	32	K	7	e	e
shuf	A	m0286/Carta 74	7	13	K	18	o	m
shuf	A	m0286/Carta 74	7	46	K	3	d	t
shuf	A	m0286/Carta 74	7	6	K	23	a	a
shuf	A	m0286/Carta 74	7	45	K	4	s	s
shuf	A	m0286/Carta 74	7	24	K	f	r	r
shuf	A	m0286/Carta 74	7	18	K	12	r	r
shuf	A	m0286/Carta 74	7	20	K	22	s	a
shuf	A	m0286/Carta 74	7	3	K	y	a	a
shuf	A	m0286/Carta 74	7	40	K	12	l	r
shuf	A	m0286/Carta 74	7	21	K	15	c	o
shuf	A	m0286/Carta 74	7	36	K	12	v	r
shuf	A	m0286/Carta 74	7	22	K	5	c	c
real	A	m0289/Carta 92	47	27	U	18	o	s
real	A	m0289/Carta 92	47	7	K	y	a	a
real	A	m0289/Carta 92	47	29	K	7	e	e
real	A	m0289/Carta 92	47	6	K	5	c	c
real	A	m0289/Carta 92	47	8	K	y	s	r
real	A	m0289/Carta 92	47	12	K	x	d	d
real	A	m0289/Carta 92	47	21	K	c	u	u
real	A	m0289/Carta 92	47	31	K	12	r	r
real	A	m0289/Carta 92	47	20	K	10	h	h
real	A	m0289/Carta 92	47	2	K	m	n	n
real	A	m0289/Carta 92	47	46	K	15	o	o
real	A	m0289/Carta 92	47	5	K	7	e	e
real	A	m0289/Carta 92	47	41	K	15	o	o
real	A	m0289/Carta 92	47	43	K	16	h	o
real	A	m0289/Carta 92	47	13	K	25	o	o
real	A	m0289/Carta 92	47	45	K	11	p	p
real	A	m0289/Carta 92	47	34	K	15	o	o
real	A	m0289/Carta 92	47	1	K	23	a	a
shuf	A	m0289/Carta 92	47	27	U	18	o	o
shuf	A	m0289/Carta 92	47	7	K	y	a	a
shuf	A	m0289/Carta 92	47	29	K	7	e	r
shuf	A	m0289/Carta 92	47	6	K	5	c	c
shuf	A	m0289/Carta 92	47	8	K	y	s	a
shuf	A	m0289/Carta 92	47	12	K	x	d	d
shuf	A	m0289/Carta 92	47	21	K	c	u	q
shuf	A	m0289/Carta 92	47	31	K	12	r	r
shuf	A	m0289/Carta 92	47	20	K	10	h	i
shuf	A	m0289/Carta 92	47	2	K	m	n	e
shuf	A	m0289/Carta 92	47	46	K	15	o	o
shuf	A	m0289/Carta 92	47	5	K	7	e	e
shuf	A	m0289/Carta 92	47	41	K	15	o	o
shuf	A	m0289/Carta 92	47	43	K	16	h	e
shuf	A	m0289/Carta 92	47	13	K	25	o	o
shuf	A	m0289/Carta 92	47	45	K	11	p	r
shuf	A	m0289/Carta 92	47	34	K	15	o	o
shuf	A	m0289/Carta 92	47	1	K	23	a	a
real	A	m0281/Carta 15	28	47	U	8	i	s
real	A	m0281/Carta 15	28	3	K	7	e	r
real	A	m0281/Carta 15	28	44	K	15	u	o
real	A	m0281/Carta 15	28	43	K	5	c	c
real	A	m0281/Carta 15	28	29	K	5	c	c
real	A	m0281/Carta 15	28	4	K	8	i	i
real	A	m0281/Carta 15	28	45	K	18	m	m
real	A	m0281/Carta 15	28	0	K	7	e	e
real	A	m0281/Carta 15	28	33	K	y	a	a
real	A	m0281/Carta 15	28	48	K	18	m	m
real	A	m0281/Carta 15	28	25	K	10	h	h
real	A	m0281/Carta 15	28	22	K	6	p	c
real	A	m0281/Carta 15	28	26	K	e	u	u
real	A	m0281/Carta 15	28	27	K	18	m	m
real	A	m0281/Carta 15	28	24	K	7	r	m
real	A	m0281/Carta 15	28	2	K	7	r	e
real	A	m0281/Carta 15	28	49	K	z	e	o
real	A	m0281/Carta 15	28	28	K	y	a	a
shuf	A	m0281/Carta 15	28	47	U	8	i	i
shuf	A	m0281/Carta 15	28	3	K	7	e	r
shuf	A	m0281/Carta 15	28	44	K	15	u	o
shuf	A	m0281/Carta 15	28	43	K	5	c	c
shuf	A	m0281/Carta 15	28	29	K	5	c	i
shuf	A	m0281/Carta 15	28	4	K	8	i	i
shuf	A	m0281/Carta 15	28	45	K	18	m	m
shuf	A	m0281/Carta 15	28	0	K	7	e	e
shuf	A	m0281/Carta 15	28	33	K	y	a	a
shuf	A	m0281/Carta 15	28	48	K	18	m	m
shuf	A	m0281/Carta 15	28	25	K	10	h	r
shuf	A	m0281/Carta 15	28	22	K	6	p	e
shuf	A	m0281/Carta 15	28	26	K	e	u	a
shuf	A	m0281/Carta 15	28	27	K	18	m	m
shuf	A	m0281/Carta 15	28	24	K	7	r	e
shuf	A	m0281/Carta 15	28	2	K	7	r	e
shuf	A	m0281/Carta 15	28	49	K	z	e	o
shuf	A	m0281/Carta 15	28	28	K	y	a	a
real	A	m0282/Carta 61	54	44	U	17	a	e
real	A	m0282/Carta 61	54	38	K	12	r	r
real	A	m0282/Carta 61	54	33	K	8	j	j
real	A	m0282/Carta 61	54	40	K	55	p	p
real	A	m0282/Carta 61	54	48	K	3	t	t
real	A	m0282/Carta 61	54	7	K	10	h	h
real	A	m0282/Carta 61	54	47	K	14	n	e
real	A	m0282/Carta 61	54	45	K	18	m	m
real	A	m0282/Carta 61	54	6	K	20	l	l
real	A	m0282/Carta 61	54	39	K	15	o	o
real	A	m0282/Carta 61	54	4	K	26	v	m
real	A	m0282/Carta 61	54	32	K	2	e	e
real	A	m0282/Carta 61	54	19	K	23	a	a
real	A	m0282/Carta 61	54	35	K	14	n	n
real	A	m0282/Carta 61	54	18	K	5	c	c
real	A	m0282/Carta 61	54	31	K	4	s	s
real	A	m0282/Carta 61	54	20	K	2	d	d
real	A	m0282/Carta 61	54	16	K	3	t	t
shuf	A	m0282/Carta 61	54	44	U	17	a	s
shuf	A	m0282/Carta 61	54	38	K	12	r	r
shuf	A	m0282/Carta 61	54	33	K	8	j	i
shuf	A	m0282/Carta 61	54	40	K	55	p	p
shuf	A	m0282/Carta 61	54	48	K	3	t	t
shuf	A	m0282/Carta 61	54	7	K	10	h	h
shuf	A	m0282/Carta 61	54	47	K	14	n	n
shuf	A	m0282/Carta 61	54	45	K	18	m	o
shuf	A	m0282/Carta 61	54	6	K	20	l	l
shuf	A	m0282/Carta 61	54	39	K	15	o	o
shuf	A	m0282/Carta 61	54	4	K	26	v	v
shuf	A	m0282/Carta 61	54	32	K	2	e	d
shuf	A	m0282/Carta 61	54	19	K	23	a	u
shuf	A	m0282/Carta 61	54	35	K	14	n	t
shuf	A	m0282/Carta 61	54	18	K	5	c	c
shuf	A	m0282/Carta 61	54	31	K	4	s	s
shuf	A	m0282/Carta 61	54	20	K	2	d	m
shuf	A	m0282/Carta 61	54	16	K	3	t	i
real	A	m0282/Carta 58	0	10	U	2	d	p
real	A	m0282/Carta 58	0	36	K	4	s	s
real	A	m0282/Carta 58	0	14	K	c	g	v
real	A	m0282/Carta 58	0	24	K	15	o	e
real	A	m0282/Carta 58	0	9	K	18	m	m
real	A	m0282/Carta 58	0	49	K	15	o	o
real	A	m0282/Carta 58	0	47	K	22	e	i
real	A	m0282/Carta 58	0	33	K	4	s	s
real	A	m0282/Carta 58	0	12	K	a	l	t
real	A	m0282/Carta 58	0	32	K	19	e	e
real	A	m0282/Carta 58	0	44	K	17	a	a
real	A	m0282/Carta 58	0	43	K	4	s	s
real	A	m0282/Carta 58	0	7	K	4	s	s
real	A	m0282/Carta 58	0	31	K	55	p	p
real	A	m0282/Carta 58	0	25	K	12	r	r
real	A	m0282/Carta 58	0	34	K	15	o	o
real	A	m0282/Carta 58	0	29	K	17	a	a
real	A	m0282/Carta 58	0	46	K	19	e	e
shuf	A	m0282/Carta 58	0	10	U	2	d	o
shuf	A	m0282/Carta 58	0	36	K	4	s	s
shuf	A	m0282/Carta 58	0	14	K	c	g	r
shuf	A	m0282/Carta 58	0	24	K	15	o	e
shuf	A	m0282/Carta 58	0	9	K	18	m	m
shuf	A	m0282/Carta 58	0	49	K	15	o	o
shuf	A	m0282/Carta 58	0	47	K	22	e	s
shuf	A	m0282/Carta 58	0	33	K	4	s	s
shuf	A	m0282/Carta 58	0	12	K	a	l	t
shuf	A	m0282/Carta 58	0	32	K	19	e	e
shuf	A	m0282/Carta 58	0	44	K	17	a	a
shuf	A	m0282/Carta 58	0	43	K	4	s	s
shuf	A	m0282/Carta 58	0	7	K	4	s	s
shuf	A	m0282/Carta 58	0	31	K	55	p	t
shuf	A	m0282/Carta 58	0	25	K	12	r	n
shuf	A	m0282/Carta 58	0	34	K	15	o	o
shuf	A	m0282/Carta 58	0	29	K	17	a	a
shuf	A	m0282/Carta 58	0	46	K	19	e	e
real	A	m0282/Carta 58	17	8	U	12	r	r
real	A	m0282/Carta 58	17	15	K	19	e	e
real	A	m0282/Carta 58	17	13	K	4	s	s
real	A	m0282/Carta 58	17	36	K	2	d	d
real	A	m0282/Carta 58	17	3	K	14	e	s
real	A	m0282/Carta 58	17	7	K	15	o	e
real	A	m0282/Carta 58	17	18	K	17	a	a
real	A	m0282/Carta 58	17	40	K	18	o	o
real	A	m0282/Carta 58	17	14	K	55	p	p
real	A	m0282/Carta 58	17	43	K	4	s	s
real	A	m0282/Carta 58	17	33	K	13	m	l
real	A	m0282/Carta 58	17	26	K	4	s	s
real	A	m0282/Carta 58	17	4	K	4	s	s
real	A	m0282/Carta 58	17	29	K	19	e	e
real	A	m0282/Carta 58	17	12	K	17	a	a
real	A	m0282/Carta 58	17	42	K	15	o	o
real	A	m0282/Carta 58	17	35	K	13	d	n
real	A	m0282/Carta 58	17	34	K	17	a	o
shuf	A	m0282/Carta 58	17	8	U	12	r	m
shuf	A	m0282/Carta 58	17	15	K	19	e	e
shuf	A	m0282/Carta 58	17	13	K	4	s	s
shuf	A	m0282/Carta 58	17	36	K	2	d	e
shuf	A	m0282/Carta 58	17	3	K	14	e	n
shuf	A	m0282/Carta 58	17	7	K	15	o	o
shuf	A	m0282/Carta 58	17	18	K	17	a	e
shuf	A	m0282/Carta 58	17	40	K	18	o	o
shuf	A	m0282/Carta 58	17	14	K	55	p	p
shuf	A	m0282/Carta 58	17	43	K	4	s	s
shuf	A	m0282/Carta 58	17	33	K	13	m	c
shuf	A	m0282/Carta 58	17	26	K	4	s	s
shuf	A	m0282/Carta 58	17	4	K	4	s	e
shuf	A	m0282/Carta 58	17	29	K	19	e	e
shuf	A	m0282/Carta 58	17	12	K	17	a	a
shuf	A	m0282/Carta 58	17	42	K	15	o	e
shuf	A	m0282/Carta 58	17	35	K	13	d	z
shuf	A	m0282/Carta 58	17	34	K	17	a	e
real	A	m0282/Carta 58	11	42	U	2	d	c
real	A	m0282/Carta 58	11	17	K	2	d	d
real	A	m0282/Carta 58	11	46	K	18	o	o
real	A	m0282/Carta 58	11	33	K	17	a	a
real	A	m0282/Carta 58	11	16	K	15	o	o
real	A	m0282/Carta 58	11	24	K	17	a	a
real	A	m0282/Carta 58	11	4	K	19	e	e
real	A	m0282/Carta 58	11	6	K	5	c	c
real	A	m0282/Carta 58	11	8	K	17	a	a
real	A	m0282/Carta 58	11	32	K	4	s	s
real	A	m0282/Carta 58	11	22	K	4	s	s
real	A	m0282/Carta 58	11	14	K	12	r	r
real	A	m0282/Carta 58	11	38	K	15	o	o
real	A	m0282/Carta 58	11	41	K	13	d	e
real	A	m0282/Carta 58	11	7	K	8	i	i
real	A	m0282/Carta 58	11	21	K	19	e	e
real	A	m0282/Carta 58	11	49	K	4	s	s
real	A	m0282/Carta 58	11	25	K	4	s	s
shuf	A	m0282/Carta 58	11	42	U	2	d	i
shuf	A	m0282/Carta 58	11	17	K	2	d	o
shuf	A	m0282/Carta 58	11	46	K	18	o	s
shuf	A	m0282/Carta 58	11	33	K	17	a	a
shuf	A	m0282/Carta 58	11	16	K	15	o	o
shuf	A	m0282/Carta 58	11	24	K	17	a	a
shuf	A	m0282/Carta 58	11	4	K	19	e	e
shuf	A	m0282/Carta 58	11	6	K	5	c	c
shuf	A	m0282/Carta 58	11	8	K	17	a	q
shuf	A	m0282/Carta 58	11	32	K	4	s	s
shuf	A	m0282/Carta 58	11	22	K	4	s	s
shuf	A	m0282/Carta 58	11	14	K	12	r	d
shuf	A	m0282/Carta 58	11	38	K	15	o	r
shuf	A	m0282/Carta 58	11	41	K	13	d	a
shuf	A	m0282/Carta 58	11	7	K	8	i	i
shuf	A	m0282/Carta 58	11	21	K	19	e	e
shuf	A	m0282/Carta 58	11	49	K	4	s	e
shuf	A	m0282/Carta 58	11	25	K	4	s	s
real	A	m0286/Carta 74	1	24	U	12	r	a
real	A	m0286/Carta 74	1	11	K	a	t	t
real	A	m0286/Carta 74	1	35	K	24	e	e
real	A	m0286/Carta 74	1	49	K	15	c	o
real	A	m0286/Carta 74	1	13	K	d	o	o
real	A	m0286/Carta 74	1	22	K	12	r	r
real	A	m0286/Carta 74	1	4	K	d	o	o
real	A	m0286/Carta 74	1	42	K	12	v	r
real	A	m0286/Carta 74	1	8	K	15	p	o
real	A	m0286/Carta 74	1	0	K	f	s	s
real	A	m0286/Carta 74	1	9	K	y	a	a
real	A	m0286/Carta 74	1	15	K	a	t	o
real	A	m0286/Carta 74	1	46	K	12	l	n
real	A	m0286/Carta 74	1	5	K	4	q	q
real	A	m0286/Carta 74	1	38	K	7	e	e
real	A	m0286/Carta 74	1	2	K	24	e	e
real	A	m0286/Carta 74	1	19	K	18	o	o
real	A	m0286/Carta 74	1	30	K	f	r	s
shuf	A	m0286/Carta 74	1	24	U	12	r	e
shuf	A	m0286/Carta 74	1	11	K	a	t	t
shuf	A	m0286/Carta 74	1	35	K	24	e	i
shuf	A	m0286/Carta 74	1	49	K	15	c	o
shuf	A	m0286/Carta 74	1	13	K	d	o	o
shuf	A	m0286/Carta 74	1	22	K	12	r	e
shuf	A	m0286/Carta 74	1	4	K	d	o	o
shuf	A	m0286/Carta 74	1	42	K	12	v	o
shuf	A	m0286/Carta 74	1	8	K	15	p	o
shuf	A	m0286/Carta 74	1	0	K	f	s	s
shuf	A	m0286/Carta 74	1	9	K	y	a	a
shuf	A	m0286/Carta 74	1	15	K	a	t	t
shuf	A	m0286/Carta 74	1	46	K	12	l	r
shuf	A	m0286/Carta 74	1	5	K	4	q	s
shuf	A	m0286/Carta 74	1	38	K	7	e	e
shuf	A	m0286/Carta 74	1	2	K	24	e	e
shuf	A	m0286/Carta 74	1	19	K	18	o	a
shuf	A	m0286/Carta 74	1	30	K	f	r	r
real	A	m0288/Passage 2a	8	10	U	2	d	d
real	A	m0288/Passage 2a	8	48	K	2	d	d
real	A	m0288/Passage 2a	8	49	K	7	e	e
real	A	m0288/Passage 2a	8	43	K	17	a	a
real	A	m0288/Passage 2a	8	5	K	16	f	f
real	A	m0288/Passage 2a	8	7	K	5	c	c
real	A	m0288/Passage 2a	8	21	K	2	a	d
real	A	m0288/Passage 2a	8	41	K	15	o	o
real	A	m0288/Passage 2a	8	6	K	7	e	e
real	A	m0288/Passage 2a	8	0	K	17	n	a
real	A	m0288/Passage 2a	8	42	K	55	p	p
real	A	m0288/Passage 2a	8	45	K	19	e	e
real	A	m0288/Passage 2a	8	11	K	15	o	o
real	A	m0288/Passage 2a	8	46	K	20	l	l
real	A	m0288/Passage 2a	8	22	K	17	a	a
real	A	m0288/Passage 2a	8	1	K	4	s	s
real	A	m0288/Passage 2a	8	19	K	3	t	t
real	A	m0288/Passage 2a	8	18	K	17	a	n
shuf	A	m0288/Passage 2a	8	10	U	2	d	r
shuf	A	m0288/Passage 2a	8	48	K	2	d	e
shuf	A	m0288/Passage 2a	8	49	K	7	e	e
shuf	A	m0288/Passage 2a	8	43	K	17	a	a
shuf	A	m0288/Passage 2a	8	5	K	16	f	a
shuf	A	m0288/Passage 2a	8	7	K	5	c	c
shuf	A	m0288/Passage 2a	8	21	K	2	a	d
shuf	A	m0288/Passage 2a	8	41	K	15	o	o
shuf	A	m0288/Passage 2a	8	6	K	7	e	r
shuf	A	m0288/Passage 2a	8	0	K	17	n	a
shuf	A	m0288/Passage 2a	8	42	K	55	p	d
shuf	A	m0288/Passage 2a	8	45	K	19	e	e
shuf	A	m0288/Passage 2a	8	11	K	15	o	o
shuf	A	m0288/Passage 2a	8	46	K	20	l	n
shuf	A	m0288/Passage 2a	8	22	K	17	a	a
shuf	A	m0288/Passage 2a	8	1	K	4	s	r
shuf	A	m0288/Passage 2a	8	19	K	3	t	t
shuf	A	m0288/Passage 2a	8	18	K	17	a	a
real	A	m0287/Carta 79	20	48	U	3	s	c
real	A	m0287/Carta 79	20	5	K	18	m	m
real	A	m0287/Carta 79	20	47	K	17	a	a
real	A	m0287/Carta 79	20	16	K	17	a	a
real	A	m0287/Carta 79	20	36	K	26	u	u
real	A	m0287/Carta 79	20	18	K	15	o	o
real	A	m0287/Carta 79	20	3	K	e	g	g
real	A	m0287/Carta 79	20	45	K	24	a	e
real	A	m0287/Carta 79	20	19	K	20	d	l
real	A	m0287/Carta 79	20	0	K	18	o	m
real	A	m0287/Carta 79	20	44	K	55	p	p
real	A	m0287/Carta 79	20	1	K	y	a	a
real	A	m0287/Carta 79	20	14	K	20	l	i
real	A	m0287/Carta 79	20	22	K	19	e	e
real	A	m0287/Carta 79	20	49	K	y	a	a
real	A	m0287/Carta 79	20	2	K	10	l	l
real	A	m0287/Carta 79	20	10	K	3	t	a
real	A	m0287/Carta 79	20	15	K	10	h	r
shuf	A	m0287/Carta 79	20	48	U	3	s	m
shuf	A	m0287/Carta 79	20	5	K	18	m	m
shuf	A	m0287/Carta 79	20	47	K	17	a	a
shuf	A	m0287/Carta 79	20	16	K	17	a	a
shuf	A	m0287/Carta 79	20	36	K	26	u	o
shuf	A	m0287/Carta 79	20	18	K	15	o	o
shuf	A	m0287/Carta 79	20	3	K	e	g	g
shuf	A	m0287/Carta 79	20	45	K	24	a	e
shuf	A	m0287/Carta 79	20	19	K	20	d	s
shuf	A	m0287/Carta 79	20	0	K	18	o	m
shuf	A	m0287/Carta 79	20	44	K	55	p	p
shuf	A	m0287/Carta 79	20	1	K	y	a	a
shuf	A	m0287/Carta 79	20	14	K	20	l	l
shuf	A	m0287/Carta 79	20	22	K	19	e	i
shuf	A	m0287/Carta 79	20	49	K	y	a	a
shuf	A	m0287/Carta 79	20	2	K	10	l	r
shuf	A	m0287/Carta 79	20	10	K	3	t	t
shuf	A	m0287/Carta 79	20	15	K	10	h	g
real	A	m0290/Passage 2a	38	6	U	26	u	i
real	A	m0290/Passage 2a	38	29	K	d	o	o
real	A	m0290/Passage 2a	38	44	K	x	d	d
real	A	m0290/Passage 2a	38	36	K	4	s	s
real	A	m0290/Passage 2a	38	21	K	22	i	i
real	A	m0290/Passage 2a	38	31	K	f	s	s
real	A	m0290/Passage 2a	38	40	K	5	c	c
real	A	m0290/Passage 2a	38	19	K	7	e	e
real	A	m0290/Passage 2a	38	5	K	4	m	s
real	A	m0290/Passage 2a	38	18	K	a	t	t
real	A	m0290/Passage 2a	38	2	K	y	a	a
real	A	m0290/Passage 2a	38	30	K	y	a	a
real	A	m0290/Passage 2a	38	39	K	9	i	r
real	A	m0290/Passage 2a	38	16	K	14	n	n
real	A	m0290/Passage 2a	38	43	K	f	s	s
real	A	m0290/Passage 2a	38	15	K	8	i	i
real	A	m0290/Passage 2a	38	34	K	2	d	d
real	A	m0290/Passage 2a	38	42	K	7	e	e
shuf	A	m0290/Passage 2a	38	6	U	26	u	e
shuf	A	m0290/Passage 2a	38	29	K	d	o	m
shuf	A	m0290/Passage 2a	38	44	K	x	d	e
shuf	A	m0290/Passage 2a	38	36	K	4	s	s
shuf	A	m0290/Passage 2a	38	21	K	22	i	i
shuf	A	m0290/Passage 2a	38	31	K	f	s	s
shuf	A	m0290/Passage 2a	38	40	K	5	c	c
shuf	A	m0290/Passage 2a	38	19	K	7	e	e
shuf	A	m0290/Passage 2a	38	5	K	4	m	s
shuf	A	m0290/Passage 2a	38	18	K	a	t	a
shuf	A	m0290/Passage 2a	38	2	K	y	a	p
shuf	A	m0290/Passage 2a	38	30	K	y	a	a
shuf	A	m0290/Passage 2a	38	39	K	9	i	c
shuf	A	m0290/Passage 2a	38	16	K	14	n	n
shuf	A	m0290/Passage 2a	38	43	K	f	s	s
shuf	A	m0290/Passage 2a	38	15	K	8	i	i
shuf	A	m0290/Passage 2a	38	34	K	2	d	e
shuf	A	m0290/Passage 2a	38	42	K	7	e	e
real	A	m0282/Carta 61	6	15	U	7	e	e
real	A	m0282/Carta 61	6	3	K	7	h	e
real	A	m0282/Carta 61	6	16	K	8	i	i
real	A	m0282/Carta 61	6	8	K	15	o	o
real	A	m0282/Carta 61	6	5	K	19	e	e
real	A	m0282/Carta 61	6	13	K	26	u	u
real	A	m0282/Carta 61	6	7	K	23	o	a
real	A	m0282/Carta 61	6	1	K	15	o	o
real	A	m0282/Carta 61	6	4	K	26	v	v
real	A	m0282/Carta 61	6	9	K	3	t	t
real	A	m0282/Carta 61	6	18	K	15	o	o
real	A	m0282/Carta 61	6	17	K	12	r	r
real	A	m0282/Carta 61	6	12	K	15	o	o
real	A	m0282/Carta 61	6	11	K	4	s	s
real	A	m0282/Carta 61	6	0	K	21	b	b
real	A	m0282/Carta 61	6	14	K	12	r	r
real	A	m0282/Carta 61	6	6	K	12	r	r
real	A	m0282/Carta 61	6	10	K	7	e	e
shuf	A	m0282/Carta 61	6	15	U	7	e	e
shuf	A	m0282/Carta 61	6	3	K	7	h	e
shuf	A	m0282/Carta 61	6	16	K	8	i	i
shuf	A	m0282/Carta 61	6	8	K	15	o	o
shuf	A	m0282/Carta 61	6	5	K	19	e	e
shuf	A	m0282/Carta 61	6	13	K	26	u	u
shuf	A	m0282/Carta 61	6	7	K	23	o	a
shuf	A	m0282/Carta 61	6	1	K	15	o	o
shuf	A	m0282/Carta 61	6	4	K	26	v	v
shuf	A	m0282/Carta 61	6	9	K	3	t	t
shuf	A	m0282/Carta 61	6	18	K	15	o	o
shuf	A	m0282/Carta 61	6	17	K	12	r	r
shuf	A	m0282/Carta 61	6	12	K	15	o	o
shuf	A	m0282/Carta 61	6	11	K	4	s	s
shuf	A	m0282/Carta 61	6	0	K	21	b	b
shuf	A	m0282/Carta 61	6	14	K	12	r	r
shuf	A	m0282/Carta 61	6	6	K	12	r	r
shuf	A	m0282/Carta 61	6	10	K	7	e	e
real	A	m0294/Carta 110	1	13	U	12	r	t
real	A	m0294/Carta 110	1	23	K	7	e	e
real	A	m0294/Carta 110	1	28	K	2	d	d
real	A	m0294/Carta 110	1	20	K	7	e	e
real	A	m0294/Carta 110	1	32	K	18	m	m
real	A	m0294/Carta 110	1	6	K	10	h	l
real	A	m0294/Carta 110	1	12	K	18	o	r
real	A	m0294/Carta 110	1	17	K	15	o	o
real	A	m0294/Carta 110	1	9	K	15	o	o
real	A	m0294/Carta 110	1	49	K	4	s	s
real	A	m0294/Carta 110	1	16	K	55	p	p
real	A	m0294/Carta 110	1	1	K	3	t	s
real	A	m0294/Carta 110	1	5	K	20	l	l
real	A	m0294/Carta 110	1	26	K	e	g	d
real	A	m0294/Carta 110	1	22	K	18	m	m
real	A	m0294/Carta 110	1	24	K	16	f	i
real	A	m0294/Carta 110	1	2	K	19	e	v
real	A	m0294/Carta 110	1	10	K	55	n	p
shuf	A	m0294/Carta 110	1	13	U	12	r	d
shuf	A	m0294/Carta 110	1	23	K	7	e	e
shuf	A	m0294/Carta 110	1	28	K	2	d	d
shuf	A	m0294/Carta 110	1	20	K	7	e	r
shuf	A	m0294/Carta 110	1	32	K	18	m	a
shuf	A	m0294/Carta 110	1	6	K	10	h	h
shuf	A	m0294/Carta 110	1	12	K	18	o	o
shuf	A	m0294/Carta 110	1	17	K	15	o	o
shuf	A	m0294/Carta 110	1	9	K	15	o	p
shuf	A	m0294/Carta 110	1	49	K	4	s	s
shuf	A	m0294/Carta 110	1	16	K	55	p	p
shuf	A	m0294/Carta 110	1	1	K	3	t	t
shuf	A	m0294/Carta 110	1	5	K	20	l	l
shuf	A	m0294/Carta 110	1	26	K	e	g	a
shuf	A	m0294/Carta 110	1	22	K	18	m	a
shuf	A	m0294/Carta 110	1	24	K	16	f	s
shuf	A	m0294/Carta 110	1	2	K	19	e	p
shuf	A	m0294/Carta 110	1	10	K	55	n	p
real	A	m0282/Carta 61	0	9	U	7	h	q
real	A	m0282/Carta 61	0	20	K	12	r	r
real	A	m0282/Carta 61	0	18	K	15	o	o
real	A	m0282/Carta 61	0	22	K	8	i	i
real	A	m0282/Carta 61	0	1	K	7	e	e
real	A	m0282/Carta 61	0	3	K	2	d	d
real	A	m0282/Carta 61	0	2	K	15	o	o
real	A	m0282/Carta 61	0	16	K	7	e	e
real	A	m0282/Carta 61	0	17	K	4	s	s
real	A	m0282/Carta 61	0	15	K	3	t	t
real	A	m0282/Carta 61	0	6	K	21	b	n
real	A	m0282/Carta 61	0	0	K	4	s	s
real	A	m0282/Carta 61	0	14	K	15	o	o
real	A	m0282/Carta 61	0	23	K	12	r	r
real	A	m0282/Carta 61	0	5	K	17	a	a
real	A	m0282/Carta 61	0	13	K	23	o	r
real	A	m0282/Carta 61	0	19	K	26	u	u
real	A	m0282/Carta 61	0	10	K	26	v	u
shuf	A	m0282/Carta 61	0	9	U	7	h	c
shuf	A	m0282/Carta 61	0	20	K	12	r	r
shuf	A	m0282/Carta 61	0	18	K	15	o	o
shuf	A	m0282/Carta 61	0	22	K	8	i	i
shuf	A	m0282/Carta 61	0	1	K	7	e	e
shuf	A	m0282/Carta 61	0	3	K	2	d	e
shuf	A	m0282/Carta 61	0	2	K	15	o	o
shuf	A	m0282/Carta 61	0	16	K	7	e	e
shuf	A	m0282/Carta 61	0	17	K	4	s	s
shuf	A	m0282/Carta 61	0	15	K	3	t	t
shuf	A	m0282/Carta 61	0	6	K	21	b	b
shuf	A	m0282/Carta 61	0	0	K	4	s	s
shuf	A	m0282/Carta 61	0	14	K	15	o	o
shuf	A	m0282/Carta 61	0	23	K	12	r	r
shuf	A	m0282/Carta 61	0	5	K	17	a	a
shuf	A	m0282/Carta 61	0	13	K	23	o	a
shuf	A	m0282/Carta 61	0	19	K	26	u	u
shuf	A	m0282/Carta 61	0	10	K	26	v	a
real	A	m0288/Passage 2a	5	10	U	5	c	l
real	A	m0288/Passage 2a	5	24	K	2	a	d
real	A	m0288/Passage 2a	5	4	K	4	s	s
real	A	m0288/Passage 2a	5	48	K	19	e	e
real	A	m0288/Passage 2a	5	47	K	55	p	p
real	A	m0288/Passage 2a	5	12	K	17	a	a
real	A	m0288/Passage 2a	5	3	K	17	n	e
real	A	m0288/Passage 2a	5	11	K	10	h	h
real	A	m0288/Passage 2a	5	21	K	17	a	n
real	A	m0288/Passage 2a	5	25	K	17	a	a
real	A	m0288/Passage 2a	5	44	K	15	o	o
real	A	m0288/Passage 2a	5	49	K	20	l	l
real	A	m0288/Passage 2a	5	22	K	3	t	t
real	A	m0288/Passage 2a	5	46	K	17	a	a
real	A	m0288/Passage 2a	5	8	K	16	f	s
real	A	m0288/Passage 2a	5	43	K	14	n	n
real	A	m0288/Passage 2a	5	1	K	15	o	o
real	A	m0288/Passage 2a	5	14	K	15	o	o
shuf	A	m0288/Passage 2a	5	10	U	5	c	t
shuf	A	m0288/Passage 2a	5	24	K	2	a	d
shuf	A	m0288/Passage 2a	5	4	K	4	s	s
shuf	A	m0288/Passage 2a	5	48	K	19	e	e
shuf	A	m0288/Passage 2a	5	47	K	55	p	p
shuf	A	m0288/Passage 2a	5	12	K	17	a	a
shuf	A	m0288/Passage 2a	5	3	K	17	n	a
shuf	A	m0288/Passage 2a	5	11	K	10	h	r
shuf	A	m0288/Passage 2a	5	21	K	17	a	a
shuf	A	m0288/Passage 2a	5	25	K	17	a	a
shuf	A	m0288/Passage 2a	5	44	K	15	o	u
shuf	A	m0288/Passage 2a	5	49	K	20	l	l
shuf	A	m0288/Passage 2a	5	22	K	3	t	t
shuf	A	m0288/Passage 2a	5	46	K	17	a	a
shuf	A	m0288/Passage 2a	5	8	K	16	f	c
shuf	A	m0288/Passage 2a	5	43	K	14	n	c
shuf	A	m0288/Passage 2a	5	1	K	15	o	o
shuf	A	m0288/Passage 2a	5	14	K	15	o	o
real	A	m0288/Passage 2a	17	31	U	14	n	d
real	A	m0288/Passage 2a	17	35	K	55	p	p
real	A	m0288/Passage 2a	17	2	K	15	o	o
real	A	m0288/Passage 2a	17	9	K	17	a	n
real	A	m0288/Passage 2a	17	34	K	17	a	a
real	A	m0288/Passage 2a	17	1	K	2	d	d
real	A	m0288/Passage 2a	17	10	K	3	t	t
real	A	m0288/Passage 2a	17	37	K	20	l	l
real	A	m0288/Passage 2a	17	43	K	15	o	o
real	A	m0288/Passage 2a	17	42	K	16	f	g
real	A	m0288/Passage 2a	17	39	K	2	d	d
real	A	m0288/Passage 2a	17	32	K	15	o	o
real	A	m0288/Passage 2a	17	45	K	15	o	o
real	A	m0288/Passage 2a	17	44	K	12	r	r
real	A	m0288/Passage 2a	17	40	K	7	e	e
real	A	m0288/Passage 2a	17	41	K	17	a	a
real	A	m0288/Passage 2a	17	33	K	55	p	p
real	A	m0288/Passage 2a	17	12	K	2	a	d
shuf	A	m0288/Passage 2a	17	31	U	14	n	n
shuf	A	m0288/Passage 2a	17	35	K	55	p	n
shuf	A	m0288/Passage 2a	17	2	K	15	o	o
shuf	A	m0288/Passage 2a	17	9	K	17	a	a
shuf	A	m0288/Passage 2a	17	34	K	17	a	a
shuf	A	m0288/Passage 2a	17	1	K	2	d	d
shuf	A	m0288/Passage 2a	17	10	K	3	t	t
shuf	A	m0288/Passage 2a	17	37	K	20	l	a
shuf	A	m0288/Passage 2a	17	43	K	15	o	o
shuf	A	m0288/Passage 2a	17	42	K	16	f	g
shuf	A	m0288/Passage 2a	17	39	K	2	d	d
shuf	A	m0288/Passage 2a	17	32	K	15	o	o
shuf	A	m0288/Passage 2a	17	45	K	15	o	o
shuf	A	m0288/Passage 2a	17	44	K	12	r	r
shuf	A	m0288/Passage 2a	17	40	K	7	e	e
shuf	A	m0288/Passage 2a	17	41	K	17	a	a
shuf	A	m0288/Passage 2a	17	33	K	55	p	p
shuf	A	m0288/Passage 2a	17	12	K	2	a	e
real	A	m0290/Passage 2a	22	38	U	25	o	a
real	A	m0290/Passage 2a	22	11	K	a	t	t
real	A	m0290/Passage 2a	22	21	K	4	m	s
real	A	m0290/Passage 2a	22	24	K	x	d	i
real	A	m0290/Passage 2a	22	19	K	2	d	d
real	A	m0290/Passage 2a	22	18	K	y	a	a
real	A	m0290/Passage 2a	22	48	K	8	i	i
real	A	m0290/Passage 2a	22	3	K	4	s	s
real	A	m0290/Passage 2a	22	23	K	m	n	n
real	A	m0290/Passage 2a	22	35	K	7	e	e
real	A	m0290/Passage 2a	22	14	K	d	o	o
real	A	m0290/Passage 2a	22	49	K	14	n	n
real	A	m0290/Passage 2a	22	22	K	26	u	u
real	A	m0290/Passage 2a	22	5	K	17	a	a
real	A	m0290/Passage 2a	22	34	K	a	t	t
real	A	m0290/Passage 2a	22	7	K	14	n	a
real	A	m0290/Passage 2a	22	37	K	22	i	i
real	A	m0290/Passage 2a	22	26	K	15	o	o
shuf	A	m0290/Passage 2a	22	38	U	25	o	n
shuf	A	m0290/Passage 2a	22	11	K	a	t	t
shuf	A	m0290/Passage 2a	22	21	K	4	m	s
shuf	A	m0290/Passage 2a	22	24	K	x	d	d
shuf	A	m0290/Passage 2a	22	19	K	2	d	e
shuf	A	m0290/Passage 2a	22	18	K	y	a	t
shuf	A	m0290/Passage 2a	22	48	K	8	i	i
shuf	A	m0290/Passage 2a	22	3	K	4	s	o
shuf	A	m0290/Passage 2a	22	23	K	m	n	n
shuf	A	m0290/Passage 2a	22	35	K	7	e	q
shuf	A	m0290/Passage 2a	22	14	K	d	o	o
shuf	A	m0290/Passage 2a	22	49	K	14	n	n
shuf	A	m0290/Passage 2a	22	22	K	26	u	o
shuf	A	m0290/Passage 2a	22	5	K	17	a	a
shuf	A	m0290/Passage 2a	22	34	K	a	t	a
shuf	A	m0290/Passage 2a	22	7	K	14	n	n
shuf	A	m0290/Passage 2a	22	37	K	22	i	e
shuf	A	m0290/Passage 2a	22	26	K	15	o	o
real	A	m0281/Carta 15	5	24	U	4	l	s
real	A	m0281/Carta 15	5	47	K	7	r	n
real	A	m0281/Carta 15	5	5	K	y	a	t
real	A	m0281/Carta 15	5	46	K	15	o	o
real	A	m0281/Carta 15	5	2	K	c	u	g
real	A	m0281/Carta 15	5	6	K	8	i	i
real	A	m0281/Carta 15	5	13	K	15	o	o
real	A	m0281/Carta 15	5	25	K	7	r	e
real	A	m0281/Carta 15	5	3	K	z	e	l
real	A	m0281/Carta 15	5	14	K	c	u	s
real	A	m0281/Carta 15	5	1	K	13	q	q
real	A	m0281/Carta 15	5	4	K	y	a	a
real	A	m0281/Carta 15	5	12	K	2	d	d
real	A	m0281/Carta 15	5	49	K	e	u	e
real	A	m0281/Carta 15	5	11	K	m	n	a
real	A	m0281/Carta 15	5	27	K	8	i	i
real	A	m0281/Carta 15	5	45	K	6	p	c
real	A	m0281/Carta 15	5	23	K	7	e	e
shuf	A	m0281/Carta 15	5	24	U	4	l	r
shuf	A	m0281/Carta 15	5	47	K	7	r	e
shuf	A	m0281/Carta 15	5	5	K	y	a	p
shuf	A	m0281/Carta 15	5	46	K	15	o	o
shuf	A	m0281/Carta 15	5	2	K	c	u	g
shuf	A	m0281/Carta 15	5	6	K	8	i	i
shuf	A	m0281/Carta 15	5	13	K	15	o	o
shuf	A	m0281/Carta 15	5	25	K	7	r	e
shuf	A	m0281/Carta 15	5	3	K	z	e	r
shuf	A	m0281/Carta 15	5	14	K	c	u	o
shuf	A	m0281/Carta 15	5	1	K	13	q	q
shuf	A	m0281/Carta 15	5	4	K	y	a	a
shuf	A	m0281/Carta 15	5	12	K	2	d	d
shuf	A	m0281/Carta 15	5	49	K	e	u	a
shuf	A	m0281/Carta 15	5	11	K	m	n	n
shuf	A	m0281/Carta 15	5	27	K	8	i	i
shuf	A	m0281/Carta 15	5	45	K	6	p	d
shuf	A	m0281/Carta 15	5	23	K	7	e	e
real	A	m0286/Carta 74	27	11	U	a	t	d
real	A	m0286/Carta 74	27	36	K	12	r	n
real	A	m0286/Carta 74	27	45	K	d	o	a
real	A	m0286/Carta 74	27	16	K	12	v	r
real	A	m0286/Carta 74	27	20	K	12	l	n
real	A	m0286/Carta 74	27	4	K	f	r	s
real	A	m0286/Carta 74	27	42	K	3	t	t
real	A	m0286/Carta 74	27	33	K	7	u	e
real	A	m0286/Carta 74	27	17	K	7	e	e
real	A	m0286/Carta 74	27	40	K	15	o	o
real	A	m0286/Carta 74	27	22	K	f	a	a
real	A	m0286/Carta 74	27	3	K	17	a	a
real	A	m0286/Carta 74	27	47	K	5	c	c
real	A	m0286/Carta 74	27	39	K	15	p	p
real	A	m0286/Carta 74	27	9	K	24	e	i
real	A	m0286/Carta 74	27	29	K	d	o	o
real	A	m0286/Carta 74	27	24	K	15	o	e
real	A	m0286/Carta 74	27	13	K	f	s	s
shuf	A	m0286/Carta 74	27	11	U	a	t	o
shuf	A	m0286/Carta 74	27	36	K	12	r	r
shuf	A	m0286/Carta 74	27	45	K	d	o	o
shuf	A	m0286/Carta 74	27	16	K	12	v	r
shuf	A	m0286/Carta 74	27	20	K	12	l	r
shuf	A	m0286/Carta 74	27	4	K	f	r	s
shuf	A	m0286/Carta 74	27	42	K	3	t	i
shuf	A	m0286/Carta 74	27	33	K	7	u	e
shuf	A	m0286/Carta 74	27	17	K	7	e	e
shuf	A	m0286/Carta 74	27	40	K	15	o	o
shuf	A	m0286/Carta 74	27	22	K	f	a	s
shuf	A	m0286/Carta 74	27	3	K	17	a	a
shuf	A	m0286/Carta 74	27	47	K	5	c	c
shuf	A	m0286/Carta 74	27	39	K	15	p	o
shuf	A	m0286/Carta 74	27	9	K	24	e	e
shuf	A	m0286/Carta 74	27	29	K	d	o	a
shuf	A	m0286/Carta 74	27	24	K	15	o	o
shuf	A	m0286/Carta 74	27	13	K	f	s	s
real	A	m0288/Carta 85	4	37	U	15	o	o
real	A	m0288/Carta 85	4	42	K	23	a	a
real	A	m0288/Carta 85	4	7	K	14	n	n
real	A	m0288/Carta 85	4	4	K	20	l	l
real	A	m0288/Carta 85	4	0	K	5	c	c
real	A	m0288/Carta 85	4	11	K	19	e	e
real	A	m0288/Carta 85	4	12	K	18	m	m
real	A	m0288/Carta 85	4	49	K	26	v	u
real	A	m0288/Carta 85	4	48	K	4	a	s
real	A	m0288/Carta 85	4	10	K	12	r	r
real	A	m0288/Carta 85	4	3	K	17	a	a
real	A	m0288/Carta 85	4	44	K	15	o	o
real	A	m0288/Carta 85	4	41	K	3	t	t
real	A	m0288/Carta 85	4	43	K	2	d	d
real	A	m0288/Carta 85	4	45	K	2	d	d
real	A	m0288/Carta 85	4	1	K	2	d	d
real	A	m0288/Carta 85	4	6	K	17	a	a
real	A	m0288/Carta 85	4	47	K	8	i	i
shuf	A	m0288/Carta 85	4	37	U	15	o	r
shuf	A	m0288/Carta 85	4	42	K	23	a	a
shuf	A	m0288/Carta 85	4	7	K	14	n	n
shuf	A	m0288/Carta 85	4	4	K	20	l	l
shuf	A	m0288/Carta 85	4	0	K	5	c	c
shuf	A	m0288/Carta 85	4	11	K	19	e	e
shuf	A	m0288/Carta 85	4	12	K	18	m	a
shuf	A	m0288/Carta 85	4	49	K	26	v	o
shuf	A	m0288/Carta 85	4	48	K	4	a	s
shuf	A	m0288/Carta 85	4	10	K	12	r	r
shuf	A	m0288/Carta 85	4	3	K	17	a	a
shuf	A	m0288/Carta 85	4	44	K	15	o	o
shuf	A	m0288/Carta 85	4	41	K	3	t	t
shuf	A	m0288/Carta 85	4	43	K	2	d	d
shuf	A	m0288/Carta 85	4	45	K	2	d	a
shuf	A	m0288/Carta 85	4	1	K	2	d	d
shuf	A	m0288/Carta 85	4	6	K	17	a	a
shuf	A	m0288/Carta 85	4	47	K	8	i	i
real	A	m0283/Carta 70	75	49	U	19	e	i
real	A	m0283/Carta 70	75	41	K	4	s	s
real	A	m0283/Carta 70	75	24	K	19	e	e
real	A	m0283/Carta 70	75	39	K	18	m	m
real	A	m0283/Carta 70	75	26	K	18	m	m
real	A	m0283/Carta 70	75	44	K	55	p	p
real	A	m0283/Carta 70	75	42	K	18	m	m
real	A	m0283/Carta 70	75	38	K	15	o	o
real	A	m0283/Carta 70	75	32	K	12	r	r
real	A	m0283/Carta 70	75	29	K	8	i	i
real	A	m0283/Carta 70	75	43	K	15	o	o
real	A	m0283/Carta 70	75	37	K	20	l	l
real	A	m0283/Carta 70	75	40	K	19	e	e
real	A	m0283/Carta 70	75	27	K	8	i	i
real	A	m0283/Carta 70	75	22	K	4	s	s
real	A	m0283/Carta 70	75	36	K	17	a	a
real	A	m0283/Carta 70	75	31	K	3	t	t
real	A	m0283/Carta 70	75	35	K	26	v	v
shuf	A	m0283/Carta 70	75	49	U	19	e	a
shuf	A	m0283/Carta 70	75	41	K	4	s	s
shuf	A	m0283/Carta 70	75	24	K	19	e	e
shuf	A	m0283/Carta 70	75	39	K	18	m	m
shuf	A	m0283/Carta 70	75	26	K	18	m	m
shuf	A	m0283/Carta 70	75	44	K	55	p	p
shuf	A	m0283/Carta 70	75	42	K	18	m	m
shuf	A	m0283/Carta 70	75	38	K	15	o	o
shuf	A	m0283/Carta 70	75	32	K	12	r	r
shuf	A	m0283/Carta 70	75	29	K	8	i	i
shuf	A	m0283/Carta 70	75	43	K	15	o	o
shuf	A	m0283/Carta 70	75	37	K	20	l	d
shuf	A	m0283/Carta 70	75	40	K	19	e	e
shuf	A	m0283/Carta 70	75	27	K	8	i	i
shuf	A	m0283/Carta 70	75	22	K	4	s	s
shuf	A	m0283/Carta 70	75	36	K	17	a	a
shuf	A	m0283/Carta 70	75	31	K	3	t	t
shuf	A	m0283/Carta 70	75	35	K	26	v	m
real	A	m0290/Passage 2a	28	17	U	m	n	l
real	A	m0290/Passage 2a	28	10	K	15	o	o
real	A	m0290/Passage 2a	28	30	K	12	r	r
real	A	m0290/Passage 2a	28	9	K	16	f	f
real	A	m0290/Passage 2a	28	48	K	15	o	o
real	A	m0290/Passage 2a	28	20	K	15	o	o
real	A	m0290/Passage 2a	28	11	K	12	r	r
real	A	m0290/Passage 2a	28	35	K	c	g	g
real	A	m0290/Passage 2a	28	16	K	26	u	o
real	A	m0290/Passage 2a	28	6	K	19	e	e
real	A	m0290/Passage 2a	28	39	K	d	o	o
real	A	m0290/Passage 2a	28	24	K	19	m	e
real	A	m0290/Passage 2a	28	34	K	19	e	e
real	A	m0290/Passage 2a	28	3	K	f	s	a
real	A	m0290/Passage 2a	28	29	K	7	e	e
real	A	m0290/Passage 2a	28	33	K	14	s	s
real	A	m0290/Passage 2a	28	28	K	a	t	t
real	A	m0290/Passage 2a	28	25	K	8	i	i
shuf	A	m0290/Passage 2a	28	17	U	m	n	r
shuf	A	m0290/Passage 2a	28	10	K	15	o	o
shuf	A	m0290/Passage 2a	28	30	K	12	r	r
shuf	A	m0290/Passage 2a	28	9	K	16	f	a
shuf	A	m0290/Passage 2a	28	48	K	15	o	o
shuf	A	m0290/Passage 2a	28	20	K	15	o	o
shuf	A	m0290/Passage 2a	28	11	K	12	r	v
shuf	A	m0290/Passage 2a	28	35	K	c	g	t
shuf	A	m0290/Passage 2a	28	16	K	26	u	u
shuf	A	m0290/Passage 2a	28	6	K	19	e	e
shuf	A	m0290/Passage 2a	28	39	K	d	o	o
shuf	A	m0290/Passage 2a	28	24	K	19	m	e
shuf	A	m0290/Passage 2a	28	34	K	19	e	a
shuf	A	m0290/Passage 2a	28	3	K	f	s	e
shuf	A	m0290/Passage 2a	28	29	K	7	e	e
shuf	A	m0290/Passage 2a	28	33	K	14	s	n
shuf	A	m0290/Passage 2a	28	28	K	a	t	d
shuf	A	m0290/Passage 2a	28	25	K	8	i	i
real	A	m0289/Carta 92	53	23	U	7	e	e
real	A	m0289/Carta 92	53	37	K	16	h	o
real	A	m0289/Carta 92	53	31	K	4	c	s
real	A	m0289/Carta 92	53	4	K	x	d	d
real	A	m0289/Carta 92	53	32	K	19	e	e
real	A	m0289/Carta 92	53	14	K	10	h	h
real	A	m0289/Carta 92	53	33	K	f	s	s
real	A	m0289/Carta 92	53	22	K	2	d	d
real	A	m0289/Carta 92	53	6	K	x	d	d
real	A	m0289/Carta 92	53	0	K	5	c	c
real	A	m0289/Carta 92	53	41	K	26	u	u
real	A	m0289/Carta 92	53	9	K	21	h	b
real	A	m0289/Carta 92	53	27	K	26	v	v
real	A	m0289/Carta 92	53	19	K	11	s	i
real	A	m0289/Carta 92	53	15	K	c	u	u
real	A	m0289/Carta 92	53	28	K	15	o	e
real	A	m0289/Carta 92	53	43	K	25	o	a
real	A	m0289/Carta 92	53	12	K	f	s	d
shuf	A	m0289/Carta 92	53	23	U	7	e	a
shuf	A	m0289/Carta 92	53	37	K	16	h	i
shuf	A	m0289/Carta 92	53	31	K	4	c	a
shuf	A	m0289/Carta 92	53	4	K	x	d	u
shuf	A	m0289/Carta 92	53	32	K	19	e	e
shuf	A	m0289/Carta 92	53	14	K	10	h	r
shuf	A	m0289/Carta 92	53	33	K	f	s	s
shuf	A	m0289/Carta 92	53	22	K	2	d	e
shuf	A	m0289/Carta 92	53	6	K	x	d	d
shuf	A	m0289/Carta 92	53	0	K	5	c	c
shuf	A	m0289/Carta 92	53	41	K	26	u	o
shuf	A	m0289/Carta 92	53	9	K	21	h	s
shuf	A	m0289/Carta 92	53	27	K	26	v	h
shuf	A	m0289/Carta 92	53	19	K	11	s	a
shuf	A	m0289/Carta 92	53	15	K	c	u	g
shuf	A	m0289/Carta 92	53	28	K	15	o	o
shuf	A	m0289/Carta 92	53	43	K	25	o	o
shuf	A	m0289/Carta 92	53	12	K	f	s	r
real	A	m0289/Carta 92	31	9	U	4	s	n
real	A	m0289/Carta 92	31	15	K	14	n	n
real	A	m0289/Carta 92	31	45	K	7	e	e
real	A	m0289/Carta 92	31	19	K	x	d	d
real	A	m0289/Carta 92	31	14	K	17	a	a
real	A	m0289/Carta 92	31	38	K	18	m	m
real	A	m0289/Carta 92	31	31	K	21	h	t
real	A	m0289/Carta 92	31	47	K	12	r	r
real	A	m0289/Carta 92	31	27	K	15	o	o
real	A	m0289/Carta 92	31	25	K	17	a	a
real	A	m0289/Carta 92	31	43	K	18	o	m
real	A	m0289/Carta 92	31	36	K	10	h	h
real	A	m0289/Carta 92	31	46	K	55	p	p
real	A	m0289/Carta 92	31	17	K	23	a	a
real	A	m0289/Carta 92	31	11	K	22	i	i
real	A	m0289/Carta 92	31	21	K	7	e	e
real	A	m0289/Carta 92	31	23	K	y	a	a
real	A	m0289/Carta 92	31	6	K	f	r	s
shuf	A	m0289/Carta 92	31	9	U	4	s	r
shuf	A	m0289/Carta 92	31	15	K	14	n	n
shuf	A	m0289/Carta 92	31	45	K	7	e	e
shuf	A	m0289/Carta 92	31	19	K	x	d	s
shuf	A	m0289/Carta 92	31	14	K	17	a	a
shuf	A	m0289/Carta 92	31	38	K	18	m	o
shuf	A	m0289/Carta 92	31	31	K	21	h	e
shuf	A	m0289/Carta 92	31	47	K	12	r	r
shuf	A	m0289/Carta 92	31	27	K	15	o	c
shuf	A	m0289/Carta 92	31	25	K	17	a	a
shuf	A	m0289/Carta 92	31	43	K	18	o	m
shuf	A	m0289/Carta 92	31	36	K	10	h	i
shuf	A	m0289/Carta 92	31	46	K	55	p	p
shuf	A	m0289/Carta 92	31	17	K	23	a	o
shuf	A	m0289/Carta 92	31	11	K	22	i	i
shuf	A	m0289/Carta 92	31	21	K	7	e	e
shuf	A	m0289/Carta 92	31	23	K	y	a	a
shuf	A	m0289/Carta 92	31	6	K	f	r	e
real	A	m0290/Passage 2a	47	19	U	x	d	d
real	A	m0290/Passage 2a	47	14	K	14	s	s
real	A	m0290/Passage 2a	47	33	K	7	e	e
real	A	m0290/Passage 2a	47	16	K	c	g	g
real	A	m0290/Passage 2a	47	28	K	55	p	p
real	A	m0290/Passage 2a	47	47	K	m	n	e
real	A	m0290/Passage 2a	47	6	K	8	i	i
real	A	m0290/Passage 2a	47	7	K	14	n	n
real	A	m0290/Passage 2a	47	20	K	d	o	o
real	A	m0290/Passage 2a	47	3	K	2	d	d
real	A	m0290/Passage 2a	47	4	K	25	o	o
real	A	m0290/Passage 2a	47	30	K	9	i	r
real	A	m0290/Passage 2a	47	1	K	15	o	o
real	A	m0290/Passage 2a	47	26	K	22	i	i
real	A	m0290/Passage 2a	47	31	K	5	c	c
real	A	m0290/Passage 2a	47	45	K	20	l	s
real	A	m0290/Passage 2a	47	12	K	22	i	i
real	A	m0290/Passage 2a	47	9	K	a	t	t
shuf	A	m0290/Passage 2a	47	19	U	x	d	d
shuf	A	m0290/Passage 2a	47	14	K	14	s	e
shuf	A	m0290/Passage 2a	47	33	K	7	e	e
shuf	A	m0290/Passage 2a	47	16	K	c	g	m
shuf	A	m0290/Passage 2a	47	28	K	55	p	p
shuf	A	m0290/Passage 2a	47	47	K	m	n	n
shuf	A	m0290/Passage 2a	47	6	K	8	i	i
shuf	A	m0290/Passage 2a	47	7	K	14	n	n
shuf	A	m0290/Passage 2a	47	20	K	d	o	o
shuf	A	m0290/Passage 2a	47	3	K	2	d	e
shuf	A	m0290/Passage 2a	47	4	K	25	o	o
shuf	A	m0290/Passage 2a	47	30	K	9	i	r
shuf	A	m0290/Passage 2a	47	1	K	15	o	o
shuf	A	m0290/Passage 2a	47	26	K	22	i	e
shuf	A	m0290/Passage 2a	47	31	K	5	c	e
shuf	A	m0290/Passage 2a	47	45	K	20	l	o
shuf	A	m0290/Passage 2a	47	12	K	22	i	s
shuf	A	m0290/Passage 2a	47	9	K	a	t	a
real	A	m0281/Carta 15	29	22	U	15	o	u
real	A	m0281/Carta 15	29	30	K	7	r	e
real	A	m0281/Carta 15	29	43	K	15	u	o
real	A	m0281/Carta 15	29	31	K	a	t	d
real	A	m0281/Carta 15	29	23	K	7	r	e
real	A	m0281/Carta 15	29	26	K	18	m	m
real	A	m0281/Carta 15	29	21	K	6	p	q
real	A	m0281/Carta 15	29	25	K	e	u	u
real	A	m0281/Carta 15	29	27	K	y	a	a
real	A	m0281/Carta 15	29	32	K	y	a	a
real	A	m0281/Carta 15	29	48	K	z	e	o
real	A	m0281/Carta 15	29	46	K	8	i	s
real	A	m0281/Carta 15	29	45	K	7	r	e
real	A	m0281/Carta 15	29	49	K	m	n	n
real	A	m0281/Carta 15	29	2	K	7	e	r
real	A	m0281/Carta 15	29	28	K	5	c	c
real	A	m0281/Carta 15	29	42	K	5	c	c
real	A	m0281/Carta 15	29	44	K	18	m	m
shuf	A	m0281/Carta 15	29	22	U	15	o	d
shuf	A	m0281/Carta 15	29	30	K	7	r	e
shuf	A	m0281/Carta 15	29	43	K	15	u	o
shuf	A	m0281/Carta 15	29	31	K	a	t	l
shuf	A	m0281/Carta 15	29	23	K	7	r	e
shuf	A	m0281/Carta 15	29	26	K	18	m	m
shuf	A	m0281/Carta 15	29	21	K	6	p	o
shuf	A	m0281/Carta 15	29	25	K	e	u	u
shuf	A	m0281/Carta 15	29	27	K	y	a	a
shuf	A	m0281/Carta 15	29	32	K	y	a	a
shuf	A	m0281/Carta 15	29	48	K	z	e	e
shuf	A	m0281/Carta 15	29	46	K	8	i	i
shuf	A	m0281/Carta 15	29	45	K	7	r	e
shuf	A	m0281/Carta 15	29	49	K	m	n	n
shuf	A	m0281/Carta 15	29	2	K	7	e	e
shuf	A	m0281/Carta 15	29	28	K	5	c	s
shuf	A	m0281/Carta 15	29	42	K	5	c	c
shuf	A	m0281/Carta 15	29	44	K	18	m	m
real	A	m0281/Carta 15	71	34	U	4	l	d
real	A	m0281/Carta 15	71	5	K	18	m	o
real	A	m0281/Carta 15	71	36	K	13	q	q
real	A	m0281/Carta 15	71	22	K	y	r	a
real	A	m0281/Carta 15	71	10	K	4	s	s
real	A	m0281/Carta 15	71	18	K	m	r	n
real	A	m0281/Carta 15	71	38	K	y	a	e
real	A	m0281/Carta 15	71	20	K	y	x	a
real	A	m0281/Carta 15	71	1	K	15	u	o
real	A	m0281/Carta 15	71	33	K	7	e	e
real	A	m0281/Carta 15	71	2	K	18	m	m
real	A	m0281/Carta 15	71	35	K	15	o	o
real	A	m0281/Carta 15	71	17	K	y	o	a
real	A	m0281/Carta 15	71	39	K	4	l	s
real	A	m0281/Carta 15	71	37	K	c	u	u
real	A	m0281/Carta 15	71	40	K	7	e	e
real	A	m0281/Carta 15	71	31	K	15	o	o
real	A	m0281/Carta 15	71	4	K	8	i	i
shuf	A	m0281/Carta 15	71	34	U	4	l	d
shuf	A	m0281/Carta 15	71	5	K	18	m	m
shuf	A	m0281/Carta 15	71	36	K	13	q	q
shuf	A	m0281/Carta 15	71	22	K	y	r	a
shuf	A	m0281/Carta 15	71	10	K	4	s	s
shuf	A	m0281/Carta 15	71	18	K	m	r	r
shuf	A	m0281/Carta 15	71	38	K	y	a	e
shuf	A	m0281/Carta 15	71	20	K	y	x	a
shuf	A	m0281/Carta 15	71	1	K	15	u	o
shuf	A	m0281/Carta 15	71	33	K	7	e	e
shuf	A	m0281/Carta 15	71	2	K	18	m	m
shuf	A	m0281/Carta 15	71	35	K	15	o	o
shuf	A	m0281/Carta 15	71	17	K	y	o	a
shuf	A	m0281/Carta 15	71	39	K	4	l	s
shuf	A	m0281/Carta 15	71	37	K	c	u	u
shuf	A	m0281/Carta 15	71	40	K	7	e	e
shuf	A	m0281/Carta 15	71	31	K	15	o	o
shuf	A	m0281/Carta 15	71	4	K	8	i	i
real	A	m0288/Passage 2a	11	41	U	55	p	p
real	A	m0288/Passage 2a	11	19	K	17	a	a
real	A	m0288/Passage 2a	11	6	K	17	a	a
real	A	m0288/Passage 2a	11	16	K	3	t	t
real	A	m0288/Passage 2a	11	8	K	15	o	o
real	A	m0288/Passage 2a	11	3	K	7	e	e
real	A	m0288/Passage 2a	11	48	K	16	f	f
real	A	m0288/Passage 2a	11	18	K	2	a	d
real	A	m0288/Passage 2a	11	42	K	19	e	e
real	A	m0288/Passage 2a	11	49	K	15	o	o
real	A	m0288/Passage 2a	11	7	K	2	d	d
real	A	m0288/Passage 2a	11	5	K	10	h	h
real	A	m0288/Passage 2a	11	47	K	17	a	a
real	A	m0288/Passage 2a	11	15	K	17	a	n
real	A	m0288/Passage 2a	11	2	K	16	f	f
real	A	m0288/Passage 2a	11	43	K	20	l	l
real	A	m0288/Passage 2a	11	45	K	2	d	d
real	A	m0288/Passage 2a	11	39	K	55	p	p
shuf	A	m0288/Passage 2a	11	41	U	55	p	d
shuf	A	m0288/Passage 2a	11	19	K	17	a	a
shuf	A	m0288/Passage 2a	11	6	K	17	a	a
shuf	A	m0288/Passage 2a	11	16	K	3	t	t
shuf	A	m0288/Passage 2a	11	8	K	15	o	o
shuf	A	m0288/Passage 2a	11	3	K	7	e	e
shuf	A	m0288/Passage 2a	11	48	K	16	f	d
shuf	A	m0288/Passage 2a	11	18	K	2	a	d
shuf	A	m0288/Passage 2a	11	42	K	19	e	e
shuf	A	m0288/Passage 2a	11	49	K	15	o	o
shuf	A	m0288/Passage 2a	11	7	K	2	d	d
shuf	A	m0288/Passage 2a	11	5	K	10	h	m
shuf	A	m0288/Passage 2a	11	47	K	17	a	a
shuf	A	m0288/Passage 2a	11	15	K	17	a	a
shuf	A	m0288/Passage 2a	11	2	K	16	f	h
shuf	A	m0288/Passage 2a	11	43	K	20	l	v
shuf	A	m0288/Passage 2a	11	45	K	2	d	r
shuf	A	m0288/Passage 2a	11	39	K	55	p	p
real	A	m0289/Carta 92	18	48	U	7	e	e
real	A	m0289/Carta 92	18	39	K	x	d	d
real	A	m0289/Carta 92	18	24	K	22	i	i
real	A	m0289/Carta 92	18	8	K	17	a	a
real	A	m0289/Carta 92	18	11	K	7	e	e
real	A	m0289/Carta 92	18	26	K	f	s	s
real	A	m0289/Carta 92	18	36	K	y	a	a
real	A	m0289/Carta 92	18	41	K	x	d	d
real	A	m0289/Carta 92	18	22	K	4	s	s
real	A	m0289/Carta 92	18	29	K	3	t	t
real	A	m0289/Carta 92	18	12	K	4	s	s
real	A	m0289/Carta 92	18	44	K	21	h	o
real	A	m0289/Carta 92	18	19	K	f	r	e
real	A	m0289/Carta 92	18	16	K	18	m	a
real	A	m0289/Carta 92	18	9	K	m	n	n
real	A	m0289/Carta 92	18	21	K	19	e	e
real	A	m0289/Carta 92	18	38	K	17	a	a
real	A	m0289/Carta 92	18	45	K	a	d	n
shuf	A	m0289/Carta 92	18	48	U	7	e	t
shuf	A	m0289/Carta 92	18	39	K	x	d	d
shuf	A	m0289/Carta 92	18	24	K	22	i	l
shuf	A	m0289/Carta 92	18	8	K	17	a	a
shuf	A	m0289/Carta 92	18	11	K	7	e	e
shuf	A	m0289/Carta 92	18	26	K	f	s	a
shuf	A	m0289/Carta 92	18	36	K	y	a	e
shuf	A	m0289/Carta 92	18	41	K	x	d	d
shuf	A	m0289/Carta 92	18	22	K	4	s	s
shuf	A	m0289/Carta 92	18	29	K	3	t	t
shuf	A	m0289/Carta 92	18	12	K	4	s	s
shuf	A	m0289/Carta 92	18	44	K	21	h	a
shuf	A	m0289/Carta 92	18	19	K	f	r	i
shuf	A	m0289/Carta 92	18	16	K	18	m	o
shuf	A	m0289/Carta 92	18	9	K	m	n	o
shuf	A	m0289/Carta 92	18	21	K	19	e	e
shuf	A	m0289/Carta 92	18	38	K	17	a	a
shuf	A	m0289/Carta 92	18	45	K	a	d	t
real	A	m0282/Carta 61	52	7	U	7	e	i
real	A	m0282/Carta 61	52	12	K	15	o	o
real	A	m0282/Carta 61	52	41	K	15	o	o
real	A	m0282/Carta 61	52	48	K	2	e	e
real	A	m0282/Carta 61	52	49	K	14	n	n
real	A	m0282/Carta 61	52	34	K	2	e	e
real	A	m0282/Carta 61	52	9	K	10	h	h
real	A	m0282/Carta 61	52	45	K	20	l	l
real	A	m0282/Carta 61	52	40	K	12	r	r
real	A	m0282/Carta 61	52	38	K	3	t	t
real	A	m0282/Carta 61	52	23	K	25	o	o
real	A	m0282/Carta 61	52	36	K	26	u	u
real	A	m0282/Carta 61	52	33	K	4	s	s
real	A	m0282/Carta 61	52	42	K	55	p	p
real	A	m0282/Carta 61	52	43	K	17	a	a
real	A	m0282/Carta 61	52	18	K	3	t	t
real	A	m0282/Carta 61	52	11	K	5	c	c
real	A	m0282/Carta 61	52	6	K	26	v	v
shuf	A	m0282/Carta 61	52	7	U	7	e	s
shuf	A	m0282/Carta 61	52	12	K	15	o	l
shuf	A	m0282/Carta 61	52	41	K	15	o	o
shuf	A	m0282/Carta 61	52	48	K	2	e	d
shuf	A	m0282/Carta 61	52	49	K	14	n	e
shuf	A	m0282/Carta 61	52	34	K	2	e	e
shuf	A	m0282/Carta 61	52	9	K	10	h	r
shuf	A	m0282/Carta 61	52	45	K	20	l	s
shuf	A	m0282/Carta 61	52	40	K	12	r	r
shuf	A	m0282/Carta 61	52	38	K	3	t	r
shuf	A	m0282/Carta 61	52	23	K	25	o	q
shuf	A	m0282/Carta 61	52	36	K	26	u	u
shuf	A	m0282/Carta 61	52	33	K	4	s	s
shuf	A	m0282/Carta 61	52	42	K	55	p	p
shuf	A	m0282/Carta 61	52	43	K	17	a	a
shuf	A	m0282/Carta 61	52	18	K	3	t	t
shuf	A	m0282/Carta 61	52	11	K	5	c	c
shuf	A	m0282/Carta 61	52	6	K	26	v	u
real	A	m0282/Carta 58	14	12	U	m	n	t
real	A	m0282/Carta 58	14	43	K	18	o	o
real	A	m0282/Carta 58	14	7	K	4	s	a
real	A	m0282/Carta 58	14	44	K	2	d	d
real	A	m0282/Carta 58	14	46	K	4	s	s
real	A	m0282/Carta 58	14	1	K	19	e	e
real	A	m0282/Carta 58	14	34	K	5	c	r
real	A	m0282/Carta 58	14	38	K	13	d	e
real	A	m0282/Carta 58	14	30	K	17	a	a
real	A	m0282/Carta 58	14	2	K	m	n	n
real	A	m0282/Carta 58	14	17	K	55	p	p
real	A	m0282/Carta 58	14	14	K	2	d	d
real	A	m0282/Carta 58	14	5	K	17	a	a
real	A	m0282/Carta 58	14	33	K	22	e	i
real	A	m0282/Carta 58	14	32	K	19	e	e
real	A	m0282/Carta 58	14	10	K	15	o	e
real	A	m0282/Carta 58	14	45	K	15	o	o
real	A	m0282/Carta 58	14	31	K	21	b	b
shuf	A	m0282/Carta 58	14	12	U	m	n	v
shuf	A	m0282/Carta 58	14	43	K	18	o	r
shuf	A	m0282/Carta 58	14	7	K	4	s	s
shuf	A	m0282/Carta 58	14	44	K	2	d	d
shuf	A	m0282/Carta 58	14	46	K	4	s	a
shuf	A	m0282/Carta 58	14	1	K	19	e	u
shuf	A	m0282/Carta 58	14	34	K	5	c	r
shuf	A	m0282/Carta 58	14	38	K	13	d	o
shuf	A	m0282/Carta 58	14	30	K	17	a	a
shuf	A	m0282/Carta 58	14	2	K	m	n	n
shuf	A	m0282/Carta 58	14	17	K	55	p	p
shuf	A	m0282/Carta 58	14	14	K	2	d	r
shuf	A	m0282/Carta 58	14	5	K	17	a	a
shuf	A	m0282/Carta 58	14	33	K	22	e	i
shuf	A	m0282/Carta 58	14	32	K	19	e	e
shuf	A	m0282/Carta 58	14	10	K	15	o	o
shuf	A	m0282/Carta 58	14	45	K	15	o	o
shuf	A	m0282/Carta 58	14	31	K	21	b	n
real	A	m0289/Carta 92	24	29	U	5	c	p
real	A	m0289/Carta 92	24	5	K	7	e	e
real	A	m0289/Carta 92	24	17	K	x	d	d
real	A	m0289/Carta 92	24	46	K	22	i	i
real	A	m0289/Carta 92	24	33	K	x	d	d
real	A	m0289/Carta 92	24	43	K	10	h	h
real	A	m0289/Carta 92	24	34	K	15	o	o
real	A	m0289/Carta 92	24	9	K	26	u	u
real	A	m0289/Carta 92	24	19	K	y	a	a
real	A	m0289/Carta 92	24	2	K	17	a	a
real	A	m0289/Carta 92	24	25	K	m	n	n
real	A	m0289/Carta 92	24	39	K	a	d	a
real	A	m0289/Carta 92	24	10	K	18	m	m
real	A	m0289/Carta 92	24	12	K	24	t	e
real	A	m0289/Carta 92	24	1	K	12	r	r
real	A	m0289/Carta 92	24	18	K	22	i	i
real	A	m0289/Carta 92	24	31	K	y	s	r
real	A	m0289/Carta 92	24	28	K	7	e	e
shuf	A	m0289/Carta 92	24	29	U	5	c	t
shuf	A	m0289/Carta 92	24	5	K	7	e	r
shuf	A	m0289/Carta 92	24	17	K	x	d	a
shuf	A	m0289/Carta 92	24	46	K	22	i	e
shuf	A	m0289/Carta 92	24	33	K	x	d	d
shuf	A	m0289/Carta 92	24	43	K	10	h	o
shuf	A	m0289/Carta 92	24	34	K	15	o	o
shuf	A	m0289/Carta 92	24	9	K	26	u	u
shuf	A	m0289/Carta 92	24	19	K	y	a	a
shuf	A	m0289/Carta 92	24	2	K	17	a	a
shuf	A	m0289/Carta 92	24	25	K	m	n	n
shuf	A	m0289/Carta 92	24	39	K	a	d	o
shuf	A	m0289/Carta 92	24	10	K	18	m	m
shuf	A	m0289/Carta 92	24	12	K	24	t	i
shuf	A	m0289/Carta 92	24	1	K	12	r	r
shuf	A	m0289/Carta 92	24	18	K	22	i	r
shuf	A	m0289/Carta 92	24	31	K	y	s	a
shuf	A	m0289/Carta 92	24	28	K	7	e	e
real	A	m0282/Carta 61	52	49	U	14	n	n
real	A	m0282/Carta 61	52	46	K	17	a	a
real	A	m0282/Carta 61	52	34	K	2	e	e
real	A	m0282/Carta 61	52	42	K	55	p	p
real	A	m0282/Carta 61	52	11	K	5	c	c
real	A	m0282/Carta 61	52	43	K	17	a	a
real	A	m0282/Carta 61	52	45	K	20	l	l
real	A	m0282/Carta 61	52	12	K	15	o	o
real	A	m0282/Carta 61	52	48	K	2	e	e
real	A	m0282/Carta 61	52	21	K	23	a	a
real	A	m0282/Carta 61	52	8	K	20	l	l
real	A	m0282/Carta 61	52	39	K	17	a	a
real	A	m0282/Carta 61	52	22	K	2	d	d
real	A	m0282/Carta 61	52	9	K	10	h	l
real	A	m0282/Carta 61	52	18	K	3	t	t
real	A	m0282/Carta 61	52	17	K	17	a	a
real	A	m0282/Carta 61	52	38	K	3	t	t
real	A	m0282/Carta 61	52	44	K	52	r	r
shuf	A	m0282/Carta 61	52	49	U	14	n	e
shuf	A	m0282/Carta 61	52	46	K	17	a	a
shuf	A	m0282/Carta 61	52	34	K	2	e	d
shuf	A	m0282/Carta 61	52	42	K	55	p	p
shuf	A	m0282/Carta 61	52	11	K	5	c	c
shuf	A	m0282/Carta 61	52	43	K	17	a	a
shuf	A	m0282/Carta 61	52	45	K	20	l	t
shuf	A	m0282/Carta 61	52	12	K	15	o	o
shuf	A	m0282/Carta 61	52	48	K	2	e	d
shuf	A	m0282/Carta 61	52	21	K	23	a	a
shuf	A	m0282/Carta 61	52	8	K	20	l	u
shuf	A	m0282/Carta 61	52	39	K	17	a	a
shuf	A	m0282/Carta 61	52	22	K	2	d	d
shuf	A	m0282/Carta 61	52	9	K	10	h	e
shuf	A	m0282/Carta 61	52	18	K	3	t	t
shuf	A	m0282/Carta 61	52	17	K	17	a	a
shuf	A	m0282/Carta 61	52	38	K	3	t	t
shuf	A	m0282/Carta 61	52	44	K	52	r	r
real	A	m0289/Carta 92	12	31	U	y	a	s
real	A	m0289/Carta 92	12	3	K	x	d	d
real	A	m0289/Carta 92	12	21	K	26	u	v
real	A	m0289/Carta 92	12	36	K	23	a	a
real	A	m0289/Carta 92	12	46	K	15	o	o
real	A	m0289/Carta 92	12	4	K	7	e	e
real	A	m0289/Carta 92	12	11	K	25	o	o
real	A	m0289/Carta 92	12	29	K	x	d	d
real	A	m0289/Carta 92	12	12	K	16	f	f
real	A	m0289/Carta 92	12	0	K	f	s	s
real	A	m0289/Carta 92	12	40	K	7	e	e
real	A	m0289/Carta 92	12	35	K	3	t	t
real	A	m0289/Carta 92	12	30	K	22	i	i
real	A	m0289/Carta 92	12	1	K	3	t	t
real	A	m0289/Carta 92	12	19	K	19	e	e
real	A	m0289/Carta 92	12	13	K	12	r	r
real	A	m0289/Carta 92	12	49	K	5	e	c
real	A	m0289/Carta 92	12	37	K	m	n	n
shuf	A	m0289/Carta 92	12	31	U	y	a	g
shuf	A	m0289/Carta 92	12	3	K	x	d	d
shuf	A	m0289/Carta 92	12	21	K	26	u	e
shuf	A	m0289/Carta 92	12	36	K	23	a	a
shuf	A	m0289/Carta 92	12	46	K	15	o	o
shuf	A	m0289/Carta 92	12	4	K	7	e	e
shuf	A	m0289/Carta 92	12	11	K	25	o	o
shuf	A	m0289/Carta 92	12	29	K	x	d	h
shuf	A	m0289/Carta 92	12	12	K	16	f	s
shuf	A	m0289/Carta 92	12	0	K	f	s	s
shuf	A	m0289/Carta 92	12	40	K	7	e	e
shuf	A	m0289/Carta 92	12	35	K	3	t	t
shuf	A	m0289/Carta 92	12	30	K	22	i	e
shuf	A	m0289/Carta 92	12	1	K	3	t	t
shuf	A	m0289/Carta 92	12	19	K	19	e	e
shuf	A	m0289/Carta 92	12	13	K	12	r	o
shuf	A	m0289/Carta 92	12	49	K	5	e	c
shuf	A	m0289/Carta 92	12	37	K	m	n	n
real	A	m0288/Passage 2a	14	3	U	17	a	a
real	A	m0288/Passage 2a	14	34	K	14	n	n
real	A	m0288/Passage 2a	14	0	K	7	e	e
real	A	m0288/Passage 2a	14	40	K	20	l	l
real	A	m0288/Passage 2a	14	36	K	55	p	p
real	A	m0288/Passage 2a	14	46	K	15	o	o
real	A	m0288/Passage 2a	14	12	K	17	a	n
real	A	m0288/Passage 2a	14	5	K	15	o	o
real	A	m0288/Passage 2a	14	48	K	15	o	o
real	A	m0288/Passage 2a	14	43	K	7	e	e
real	A	m0288/Passage 2a	14	42	K	2	d	d
real	A	m0288/Passage 2a	14	13	K	3	t	t
real	A	m0288/Passage 2a	14	1	K	5	c	c
real	A	m0288/Passage 2a	14	47	K	12	r	r
real	A	m0288/Passage 2a	14	2	K	10	h	h
real	A	m0288/Passage 2a	14	35	K	15	o	o
real	A	m0288/Passage 2a	14	15	K	2	a	d
real	A	m0288/Passage 2a	14	38	K	55	p	p
shuf	A	m0288/Passage 2a	14	3	U	17	a	a
shuf	A	m0288/Passage 2a	14	34	K	14	n	m
shuf	A	m0288/Passage 2a	14	0	K	7	e	e
shuf	A	m0288/Passage 2a	14	40	K	20	l	n
shuf	A	m0288/Passage 2a	14	36	K	55	p	p
shuf	A	m0288/Passage 2a	14	46	K	15	o	o
shuf	A	m0288/Passage 2a	14	12	K	17	a	a
shuf	A	m0288/Passage 2a	14	5	K	15	o	o
shuf	A	m0288/Passage 2a	14	48	K	15	o	o
shuf	A	m0288/Passage 2a	14	43	K	7	e	r
shuf	A	m0288/Passage 2a	14	42	K	2	d	e
shuf	A	m0288/Passage 2a	14	13	K	3	t	t
shuf	A	m0288/Passage 2a	14	1	K	5	c	c
shuf	A	m0288/Passage 2a	14	47	K	12	r	r
shuf	A	m0288/Passage 2a	14	2	K	10	h	h
shuf	A	m0288/Passage 2a	14	35	K	15	o	o
shuf	A	m0288/Passage 2a	14	15	K	2	a	d
shuf	A	m0288/Passage 2a	14	38	K	55	p	p
real	A	m0289/Carta 92	10	13	U	25	o	a
real	A	m0289/Carta 92	10	27	K	f	r	s
real	A	m0289/Carta 92	10	20	K	4	s	s
real	A	m0289/Carta 92	10	44	K	y	a	a
real	A	m0289/Carta 92	10	29	K	19	e	e
real	A	m0289/Carta 92	10	17	K	m	n	n
real	A	m0289/Carta 92	10	0	K	15	o	c
real	A	m0289/Carta 92	10	3	K	3	t	t
real	A	m0289/Carta 92	10	15	K	12	r	r
real	A	m0289/Carta 92	10	7	K	5	c	c
real	A	m0289/Carta 92	10	49	K	x	d	d
real	A	m0289/Carta 92	10	46	K	17	a	a
real	A	m0289/Carta 92	10	8	K	20	l	l
real	A	m0289/Carta 92	10	14	K	16	f	f
real	A	m0289/Carta 92	10	16	K	17	a	a
real	A	m0289/Carta 92	10	32	K	22	i	i
real	A	m0289/Carta 92	10	24	K	18	m	m
real	A	m0289/Carta 92	10	26	K	24	t	e
shuf	A	m0289/Carta 92	10	13	U	25	o	o
shuf	A	m0289/Carta 92	10	27	K	f	r	s
shuf	A	m0289/Carta 92	10	20	K	4	s	s
shuf	A	m0289/Carta 92	10	44	K	y	a	a
shuf	A	m0289/Carta 92	10	29	K	19	e	e
shuf	A	m0289/Carta 92	10	17	K	m	n	n
shuf	A	m0289/Carta 92	10	0	K	15	o	o
shuf	A	m0289/Carta 92	10	3	K	3	t	t
shuf	A	m0289/Carta 92	10	15	K	12	r	r
shuf	A	m0289/Carta 92	10	7	K	5	c	c
shuf	A	m0289/Carta 92	10	49	K	x	d	d
shuf	A	m0289/Carta 92	10	46	K	17	a	a
shuf	A	m0289/Carta 92	10	8	K	20	l	a
shuf	A	m0289/Carta 92	10	14	K	16	f	f
shuf	A	m0289/Carta 92	10	16	K	17	a	a
shuf	A	m0289/Carta 92	10	32	K	22	i	e
shuf	A	m0289/Carta 92	10	24	K	18	m	o
shuf	A	m0289/Carta 92	10	26	K	24	t	e
real	A	m0292/Carta 101	12	11	U	55	o	o
real	A	m0292/Carta 101	12	8	K	10	h	h
real	A	m0292/Carta 101	12	47	K	55	p	p
real	A	m0292/Carta 101	12	13	K	14	n	n
real	A	m0292/Carta 101	12	42	K	19	e	e
real	A	m0292/Carta 101	12	41	K	52	r	r
real	A	m0292/Carta 101	12	49	K	12	r	r
real	A	m0292/Carta 101	12	48	K	15	o	o
real	A	m0292/Carta 101	12	12	K	52	r	r
real	A	m0292/Carta 101	12	7	K	14	n	n
real	A	m0292/Carta 101	12	5	K	26	v	s
real	A	m0292/Carta 101	12	38	K	2	e	e
real	A	m0292/Carta 101	12	10	K	55	p	p
real	A	m0292/Carta 101	12	40	K	3	t	t
real	A	m0292/Carta 101	12	14	K	2	a	a
real	A	m0292/Carta 101	12	9	K	17	a	a
real	A	m0292/Carta 101	12	6	K	2	i	e
real	A	m0292/Carta 101	12	39	K	14	n	n
shuf	A	m0292/Carta 101	12	11	U	55	o	o
shuf	A	m0292/Carta 101	12	8	K	10	h	h
shuf	A	m0292/Carta 101	12	47	K	55	p	p
shuf	A	m0292/Carta 101	12	13	K	14	n	s
shuf	A	m0292/Carta 101	12	42	K	19	e	e
shuf	A	m0292/Carta 101	12	41	K	52	r	r
shuf	A	m0292/Carta 101	12	49	K	12	r	r
shuf	A	m0292/Carta 101	12	48	K	15	o	o
shuf	A	m0292/Carta 101	12	12	K	52	r	r
shuf	A	m0292/Carta 101	12	7	K	14	n	n
shuf	A	m0292/Carta 101	12	5	K	26	v	v
shuf	A	m0292/Carta 101	12	38	K	2	e	l
shuf	A	m0292/Carta 101	12	10	K	55	p	p
shuf	A	m0292/Carta 101	12	40	K	3	t	t
shuf	A	m0292/Carta 101	12	14	K	2	a	e
shuf	A	m0292/Carta 101	12	9	K	17	a	a
shuf	A	m0292/Carta 101	12	6	K	2	i	e
shuf	A	m0292/Carta 101	12	39	K	14	n	n
real	A	m0287/Carta 79	26	46	U	15	o	e
real	A	m0287/Carta 79	26	22	K	8	i	i
real	A	m0287/Carta 79	26	20	K	52	r	r
real	A	m0287/Carta 79	26	8	K	20	l	o
real	A	m0287/Carta 79	26	41	K	17	a	a
real	A	m0287/Carta 79	26	28	K	4	s	s
real	A	m0287/Carta 79	26	23	K	12	r	r
real	A	m0287/Carta 79	26	3	K	4	s	s
real	A	m0287/Carta 79	26	4	K	3	t	t
real	A	m0287/Carta 79	26	11	K	5	c	c
real	A	m0287/Carta 79	26	49	K	19	e	e
real	A	m0287/Carta 79	26	39	K	24	a	e
real	A	m0287/Carta 79	26	12	K	15	o	o
real	A	m0287/Carta 79	26	17	K	f	s	s
real	A	m0287/Carta 79	26	6	K	26	v	n
real	A	m0287/Carta 79	26	19	K	26	u	u
real	A	m0287/Carta 79	26	5	K	24	e	e
real	A	m0287/Carta 79	26	45	K	21	b	b
shuf	A	m0287/Carta 79	26	46	U	15	o	e
shuf	A	m0287/Carta 79	26	22	K	8	i	i
shuf	A	m0287/Carta 79	26	20	K	52	r	r
shuf	A	m0287/Carta 79	26	8	K	20	l	l
shuf	A	m0287/Carta 79	26	41	K	17	a	a
shuf	A	m0287/Carta 79	26	28	K	4	s	g
shuf	A	m0287/Carta 79	26	23	K	12	r	r
shuf	A	m0287/Carta 79	26	3	K	4	s	i
shuf	A	m0287/Carta 79	26	4	K	3	t	t
shuf	A	m0287/Carta 79	26	11	K	5	c	c
shuf	A	m0287/Carta 79	26	49	K	19	e	e
shuf	A	m0287/Carta 79	26	39	K	24	a	s
shuf	A	m0287/Carta 79	26	12	K	15	o	o
shuf	A	m0287/Carta 79	26	17	K	f	s	s
shuf	A	m0287/Carta 79	26	6	K	26	v	c
shuf	A	m0287/Carta 79	26	19	K	26	u	o
shuf	A	m0287/Carta 79	26	5	K	24	e	i
shuf	A	m0287/Carta 79	26	45	K	21	b	m
real	A	m0288/Passage 2a	11	40	U	17	a	a
real	A	m0288/Passage 2a	11	16	K	3	t	t
real	A	m0288/Passage 2a	11	2	K	16	f	f
real	A	m0288/Passage 2a	11	37	K	14	n	n
real	A	m0288/Passage 2a	11	45	K	2	d	d
real	A	m0288/Passage 2a	11	6	K	17	a	a
real	A	m0288/Passage 2a	11	8	K	15	o	o
real	A	m0288/Passage 2a	11	43	K	20	l	l
real	A	m0288/Passage 2a	11	39	K	55	p	p
real	A	m0288/Passage 2a	11	18	K	2	a	d
real	A	m0288/Passage 2a	11	15	K	17	a	n
real	A	m0288/Passage 2a	11	7	K	2	d	d
real	A	m0288/Passage 2a	11	47	K	17	a	a
real	A	m0288/Passage 2a	11	42	K	19	e	e
real	A	m0288/Passage 2a	11	3	K	7	e	e
real	A	m0288/Passage 2a	11	41	K	55	p	p
real	A	m0288/Passage 2a	11	46	K	7	e	e
real	A	m0288/Passage 2a	11	4	K	5	c	c
shuf	A	m0288/Passage 2a	11	40	U	17	a	r
shuf	A	m0288/Passage 2a	11	16	K	3	t	t
shuf	A	m0288/Passage 2a	11	2	K	16	f	d
shuf	A	m0288/Passage 2a	11	37	K	14	n	n
shuf	A	m0288/Passage 2a	11	45	K	2	d	d
shuf	A	m0288/Passage 2a	11	6	K	17	a	a
shuf	A	m0288/Passage 2a	11	8	K	15	o	o
shuf	A	m0288/Passage 2a	11	43	K	20	l	l
shuf	A	m0288/Passage 2a	11	39	K	55	p	o
shuf	A	m0288/Passage 2a	11	18	K	2	a	d
shuf	A	m0288/Passage 2a	11	15	K	17	a	a
shuf	A	m0288/Passage 2a	11	7	K	2	d	d
shuf	A	m0288/Passage 2a	11	47	K	17	a	a
shuf	A	m0288/Passage 2a	11	42	K	19	e	e
shuf	A	m0288/Passage 2a	11	3	K	7	e	e
shuf	A	m0288/Passage 2a	11	41	K	55	p	p
shuf	A	m0288/Passage 2a	11	46	K	7	e	e
shuf	A	m0288/Passage 2a	11	4	K	5	c	c
real	A	m0290/Passage 2a	43	38	U	f	s	n
real	A	m0290/Passage 2a	43	23	K	x	d	d
real	A	m0290/Passage 2a	43	5	K	15	o	o
real	A	m0290/Passage 2a	43	49	K	20	l	l
real	A	m0290/Passage 2a	43	43	K	24	h	r
real	A	m0290/Passage 2a	43	32	K	55	p	p
real	A	m0290/Passage 2a	43	13	K	a	t	t
real	A	m0290/Passage 2a	43	9	K	19	m	e
real	A	m0290/Passage 2a	43	47	K	22	a	i
real	A	m0290/Passage 2a	43	3	K	x	d	i
real	A	m0290/Passage 2a	43	29	K	2	d	d
real	A	m0290/Passage 2a	43	19	K	19	e	e
real	A	m0290/Passage 2a	43	40	K	17	a	a
real	A	m0290/Passage 2a	43	25	K	y	a	a
real	A	m0290/Passage 2a	43	24	K	d	o	o
real	A	m0290/Passage 2a	43	46	K	26	d	v
real	A	m0290/Passage 2a	43	34	K	9	i	r
real	A	m0290/Passage 2a	43	10	K	8	i	i
shuf	A	m0290/Passage 2a	43	38	U	f	s	a
shuf	A	m0290/Passage 2a	43	23	K	x	d	d
shuf	A	m0290/Passage 2a	43	5	K	15	o	o
shuf	A	m0290/Passage 2a	43	49	K	20	l	t
shuf	A	m0290/Passage 2a	43	43	K	24	h	q
shuf	A	m0290/Passage 2a	43	32	K	55	p	o
shuf	A	m0290/Passage 2a	43	13	K	a	t	t
shuf	A	m0290/Passage 2a	43	9	K	19	m	e
shuf	A	m0290/Passage 2a	43	47	K	22	a	i
shuf	A	m0290/Passage 2a	43	3	K	x	d	d
shuf	A	m0290/Passage 2a	43	29	K	2	d	d
shuf	A	m0290/Passage 2a	43	19	K	19	e	a
shuf	A	m0290/Passage 2a	43	40	K	17	a	a
shuf	A	m0290/Passage 2a	43	25	K	y	a	s
shuf	A	m0290/Passage 2a	43	24	K	d	o	o
shuf	A	m0290/Passage 2a	43	46	K	26	d	v
shuf	A	m0290/Passage 2a	43	34	K	9	i	e
shuf	A	m0290/Passage 2a	43	10	K	8	i	i
real	A	m0281/Carta 15	23	3	U	7	r	r
real	A	m0281/Carta 15	23	1	K	15	o	o
real	A	m0281/Carta 15	23	36	K	7	r	e
real	A	m0281/Carta 15	23	33	K	y	a	a
real	A	m0281/Carta 15	23	5	K	7	e	e
real	A	m0281/Carta 15	23	38	K	y	a	a
real	A	m0281/Carta 15	23	37	K	a	t	d
real	A	m0281/Carta 15	23	49	K	15	u	o
real	A	m0281/Carta 15	23	28	K	15	o	o
real	A	m0281/Carta 15	23	29	K	7	r	m
real	A	m0281/Carta 15	23	31	K	e	u	u
real	A	m0281/Carta 15	23	34	K	5	c	c
real	A	m0281/Carta 15	23	48	K	5	c	c
real	A	m0281/Carta 15	23	4	K	y	a	a
real	A	m0281/Carta 15	23	35	K	y	a	a
real	A	m0281/Carta 15	23	30	K	10	h	h
real	A	m0281/Carta 15	23	6	K	4	l	s
real	A	m0281/Carta 15	23	7	K	7	r	e
shuf	A	m0281/Carta 15	23	3	U	7	r	r
shuf	A	m0281/Carta 15	23	1	K	15	o	o
shuf	A	m0281/Carta 15	23	36	K	7	r	e
shuf	A	m0281/Carta 15	23	33	K	y	a	a
shuf	A	m0281/Carta 15	23	5	K	7	e	e
shuf	A	m0281/Carta 15	23	38	K	y	a	a
shuf	A	m0281/Carta 15	23	37	K	a	t	t
shuf	A	m0281/Carta 15	23	49	K	15	u	o
shuf	A	m0281/Carta 15	23	28	K	15	o	o
shuf	A	m0281/Carta 15	23	29	K	7	r	e
shuf	A	m0281/Carta 15	23	31	K	e	u	l
shuf	A	m0281/Carta 15	23	34	K	5	c	c
shuf	A	m0281/Carta 15	23	48	K	5	c	e
shuf	A	m0281/Carta 15	23	4	K	y	a	a
shuf	A	m0281/Carta 15	23	35	K	y	a	r
shuf	A	m0281/Carta 15	23	30	K	10	h	l
shuf	A	m0281/Carta 15	23	6	K	4	l	s
shuf	A	m0281/Carta 15	23	7	K	7	r	e
real	A	m0289/Carta 92	4	47	U	d	o	o
real	A	m0289/Carta 92	4	29	K	26	u	u
real	A	m0289/Carta 92	4	39	K	y	a	a
real	A	m0289/Carta 92	4	27	K	19	e	e
real	A	m0289/Carta 92	4	33	K	f	r	s
real	A	m0289/Carta 92	4	19	K	25	o	o
real	A	m0289/Carta 92	4	36	K	4	s	s
real	A	m0289/Carta 92	4	11	K	x	d	d
real	A	m0289/Carta 92	4	14	K	20	l	l
real	A	m0289/Carta 92	4	15	K	23	a	a
real	A	m0289/Carta 92	4	22	K	17	a	a
real	A	m0289/Carta 92	4	5	K	5	c	c
real	A	m0289/Carta 92	4	32	K	24	t	e
real	A	m0289/Carta 92	4	3	K	10	h	h
real	A	m0289/Carta 92	4	42	K	14	n	n
real	A	m0289/Carta 92	4	21	K	12	r	r
real	A	m0289/Carta 92	4	28	K	y	h	a
real	A	m0289/Carta 92	4	0	K	26	v	v
shuf	A	m0289/Carta 92	4	47	U	d	o	m
shuf	A	m0289/Carta 92	4	29	K	26	u	o
shuf	A	m0289/Carta 92	4	39	K	y	a	r
shuf	A	m0289/Carta 92	4	27	K	19	e	e
shuf	A	m0289/Carta 92	4	33	K	f	r	s
shuf	A	m0289/Carta 92	4	19	K	25	o	o
shuf	A	m0289/Carta 92	4	36	K	4	s	s
shuf	A	m0289/Carta 92	4	11	K	x	d	e
shuf	A	m0289/Carta 92	4	14	K	20	l	o
shuf	A	m0289/Carta 92	4	15	K	23	a	d
shuf	A	m0289/Carta 92	4	22	K	17	a	a
shuf	A	m0289/Carta 92	4	5	K	5	c	s
shuf	A	m0289/Carta 92	4	32	K	24	t	e
shuf	A	m0289/Carta 92	4	3	K	10	h	d
shuf	A	m0289/Carta 92	4	42	K	14	n	s
shuf	A	m0289/Carta 92	4	21	K	12	r	i
shuf	A	m0289/Carta 92	4	28	K	y	h	a
shuf	A	m0289/Carta 92	4	0	K	26	v	u
real	A	m0286/Carta 74	4	31	U	23	d	e
real	A	m0286/Carta 74	4	32	K	24	e	e
real	A	m0286/Carta 74	4	45	K	f	a	e
real	A	m0286/Carta 74	4	40	K	7	e	e
real	A	m0286/Carta 74	4	25	K	5	c	c
real	A	m0286/Carta 74	4	13	K	20	l	o
real	A	m0286/Carta 74	4	6	K	y	a	a
real	A	m0286/Carta 74	4	34	K	a	t	t
real	A	m0286/Carta 74	4	47	K	15	o	e
real	A	m0286/Carta 74	4	10	K	d	o	e
real	A	m0286/Carta 74	4	22	K	y	a	a
real	A	m0286/Carta 74	4	39	K	12	v	r
real	A	m0286/Carta 74	4	11	K	m	n	n
real	A	m0286/Carta 74	4	9	K	23	a	a
real	A	m0286/Carta 74	4	49	K	3	d	t
real	A	m0286/Carta 74	4	20	K	3	t	t
real	A	m0286/Carta 74	4	14	K	19	e	e
real	A	m0286/Carta 74	4	2	K	4	q	q
shuf	A	m0286/Carta 74	4	31	U	23	d	f
shuf	A	m0286/Carta 74	4	32	K	24	e	n
shuf	A	m0286/Carta 74	4	45	K	f	a	s
shuf	A	m0286/Carta 74	4	40	K	7	e	e
shuf	A	m0286/Carta 74	4	25	K	5	c	s
shuf	A	m0286/Carta 74	4	13	K	20	l	s
shuf	A	m0286/Carta 74	4	6	K	y	a	r
shuf	A	m0286/Carta 74	4	34	K	a	t	t
shuf	A	m0286/Carta 74	4	47	K	15	o	o
shuf	A	m0286/Carta 74	4	10	K	d	o	o
shuf	A	m0286/Carta 74	4	22	K	y	a	a
shuf	A	m0286/Carta 74	4	39	K	12	v	r
shuf	A	m0286/Carta 74	4	11	K	m	n	n
shuf	A	m0286/Carta 74	4	9	K	23	a	a
shuf	A	m0286/Carta 74	4	49	K	3	d	e
shuf	A	m0286/Carta 74	4	20	K	3	t	s
shuf	A	m0286/Carta 74	4	14	K	19	e	e
shuf	A	m0286/Carta 74	4	2	K	4	q	s
real	A	m0293/Carta 106	2	34	U	15	o	i
real	A	m0293/Carta 106	2	32	K	21	b	b
real	A	m0293/Carta 106	2	46	K	2	d	d
real	A	m0293/Carta 106	2	21	K	15	o	o
real	A	m0293/Carta 106	2	22	K	55	o	p
real	A	m0293/Carta 106	2	20	K	2	d	d
real	A	m0293/Carta 106	2	2	K	10	r	h
real	A	m0293/Carta 106	2	8	K	12	r	r
real	A	m0293/Carta 106	2	0	K	3	t	t
real	A	m0293/Carta 106	2	42	K	4	s	s
real	A	m0293/Carta 106	2	40	K	18	m	m
real	A	m0293/Carta 106	2	24	K	2	d	d
real	A	m0293/Carta 106	2	30	K	14	n	n
real	A	m0293/Carta 106	2	37	K	4	s	s
real	A	m0293/Carta 106	2	45	K	14	n	e
real	A	m0293/Carta 106	2	3	K	8	i	i
real	A	m0293/Carta 106	2	41	K	15	o	o
real	A	m0293/Carta 106	2	48	K	2	d	d
shuf	A	m0293/Carta 106	2	34	U	15	o	t
shuf	A	m0293/Carta 106	2	32	K	21	b	a
shuf	A	m0293/Carta 106	2	46	K	2	d	i
shuf	A	m0293/Carta 106	2	21	K	15	o	o
shuf	A	m0293/Carta 106	2	22	K	55	o	p
shuf	A	m0293/Carta 106	2	20	K	2	d	d
shuf	A	m0293/Carta 106	2	2	K	10	r	k
shuf	A	m0293/Carta 106	2	8	K	12	r	e
shuf	A	m0293/Carta 106	2	0	K	3	t	t
shuf	A	m0293/Carta 106	2	42	K	4	s	s
shuf	A	m0293/Carta 106	2	40	K	18	m	m
shuf	A	m0293/Carta 106	2	24	K	2	d	c
shuf	A	m0293/Carta 106	2	30	K	14	n	a
shuf	A	m0293/Carta 106	2	37	K	4	s	o
shuf	A	m0293/Carta 106	2	45	K	14	n	n
shuf	A	m0293/Carta 106	2	3	K	8	i	i
shuf	A	m0293/Carta 106	2	41	K	15	o	o
shuf	A	m0293/Carta 106	2	48	K	2	d	o
real	A	m0282/Carta 58	21	38	U	15	o	e
real	A	m0282/Carta 58	21	1	K	15	o	o
real	A	m0282/Carta 58	21	23	K	17	a	a
real	A	m0282/Carta 58	21	5	K	m	n	n
real	A	m0282/Carta 58	21	15	K	4	s	s
real	A	m0282/Carta 58	21	13	K	15	o	o
real	A	m0282/Carta 58	21	9	K	4	s	s
real	A	m0282/Carta 58	21	25	K	19	e	e
real	A	m0282/Carta 58	21	32	K	2	d	d
real	A	m0282/Carta 58	21	39	K	4	s	s
real	A	m0282/Carta 58	21	48	K	8	j	i
real	A	m0282/Carta 58	21	30	K	17	a	a
real	A	m0282/Carta 58	21	26	K	22	e	i
real	A	m0282/Carta 58	21	33	K	26	u	u
real	A	m0282/Carta 58	21	10	K	55	p	p
real	A	m0282/Carta 58	21	27	K	5	c	r
real	A	m0282/Carta 58	21	31	K	13	d	e
real	A	m0282/Carta 58	21	8	K	17	a	a
shuf	A	m0282/Carta 58	21	38	U	15	o	p
shuf	A	m0282/Carta 58	21	1	K	15	o	o
shuf	A	m0282/Carta 58	21	23	K	17	a	a
shuf	A	m0282/Carta 58	21	5	K	m	n	n
shuf	A	m0282/Carta 58	21	15	K	4	s	e
shuf	A	m0282/Carta 58	21	13	K	15	o	o
shuf	A	m0282/Carta 58	21	9	K	4	s	s
shuf	A	m0282/Carta 58	21	25	K	19	e	e
shuf	A	m0282/Carta 58	21	32	K	2	d	e
shuf	A	m0282/Carta 58	21	39	K	4	s	l
shuf	A	m0282/Carta 58	21	48	K	8	j	i
shuf	A	m0282/Carta 58	21	30	K	17	a	a
shuf	A	m0282/Carta 58	21	26	K	22	e	i
shuf	A	m0282/Carta 58	21	33	K	26	u	v
shuf	A	m0282/Carta 58	21	10	K	55	p	p
shuf	A	m0282/Carta 58	21	27	K	5	c	c
shuf	A	m0282/Carta 58	21	31	K	13	d	l
shuf	A	m0282/Carta 58	21	8	K	17	a	a
real	A	m0285/Carta 72	1	13	U	5	c	a
real	A	m0285/Carta 72	1	20	K	18	m	m
real	A	m0285/Carta 72	1	8	K	14	n	n
real	A	m0285/Carta 72	1	30	K	c	g	u
real	A	m0285/Carta 72	1	6	K	18	o	m
real	A	m0285/Carta 72	1	29	K	26	o	q
real	A	m0285/Carta 72	1	18	K	15	o	o
real	A	m0285/Carta 72	1	9	K	3	t	t
real	A	m0285/Carta 72	1	15	K	18	m	m
real	A	m0285/Carta 72	1	0	K	26	v	v
real	A	m0285/Carta 72	1	44	K	4	s	s
real	A	m0285/Carta 72	1	32	K	14	n	n
real	A	m0285/Carta 72	1	11	K	17	a	a
real	A	m0285/Carta 72	1	28	K	8	j	i
real	A	m0285/Carta 72	1	46	K	15	o	o
real	A	m0285/Carta 72	1	7	K	7	e	e
real	A	m0285/Carta 72	1	2	K	3	t	t
real	A	m0285/Carta 72	1	47	K	14	n	n
shuf	A	m0285/Carta 72	1	13	U	5	c	s
shuf	A	m0285/Carta 72	1	20	K	18	m	a
shuf	A	m0285/Carta 72	1	8	K	14	n	n
shuf	A	m0285/Carta 72	1	30	K	c	g	g
shuf	A	m0285/Carta 72	1	6	K	18	o	m
shuf	A	m0285/Carta 72	1	29	K	26	o	d
shuf	A	m0285/Carta 72	1	18	K	15	o	o
shuf	A	m0285/Carta 72	1	9	K	3	t	t
shuf	A	m0285/Carta 72	1	15	K	18	m	m
shuf	A	m0285/Carta 72	1	0	K	26	v	u
shuf	A	m0285/Carta 72	1	44	K	4	s	s
shuf	A	m0285/Carta 72	1	32	K	14	n	n
shuf	A	m0285/Carta 72	1	11	K	17	a	a
shuf	A	m0285/Carta 72	1	28	K	8	j	i
shuf	A	m0285/Carta 72	1	46	K	15	o	o
shuf	A	m0285/Carta 72	1	7	K	7	e	e
shuf	A	m0285/Carta 72	1	2	K	3	t	t
shuf	A	m0285/Carta 72	1	47	K	14	n	n
real	A	m0285/Carta 72	7	24	U	c	g	r
real	A	m0285/Carta 72	7	5	K	17	a	a
real	A	m0285/Carta 72	7	37	K	19	e	e
real	A	m0285/Carta 72	7	41	K	14	n	n
real	A	m0285/Carta 72	7	38	K	4	s	s
real	A	m0285/Carta 72	7	28	K	15	o	o
real	A	m0285/Carta 72	7	11	K	c	g	g
real	A	m0285/Carta 72	7	2	K	14	n	n
real	A	m0285/Carta 72	7	12	K	15	o	o
real	A	m0285/Carta 72	7	43	K	8	i	i
real	A	m0285/Carta 72	7	27	K	2	d	d
real	A	m0285/Carta 72	7	14	K	18	m	m
real	A	m0285/Carta 72	7	44	K	x	d	d
real	A	m0285/Carta 72	7	9	K	18	m	m
real	A	m0285/Carta 72	7	6	K	12	r	r
real	A	m0285/Carta 72	7	39	K	5	c	c
real	A	m0285/Carta 72	7	23	K	26	o	u
real	A	m0285/Carta 72	7	46	K	4	s	s
shuf	A	m0285/Carta 72	7	24	U	c	g	r
shuf	A	m0285/Carta 72	7	5	K	17	a	a
shuf	A	m0285/Carta 72	7	37	K	19	e	e
shuf	A	m0285/Carta 72	7	41	K	14	n	n
shuf	A	m0285/Carta 72	7	38	K	4	s	s
shuf	A	m0285/Carta 72	7	28	K	15	o	o
shuf	A	m0285/Carta 72	7	11	K	c	g	d
shuf	A	m0285/Carta 72	7	2	K	14	n	t
shuf	A	m0285/Carta 72	7	12	K	15	o	o
shuf	A	m0285/Carta 72	7	43	K	8	i	i
shuf	A	m0285/Carta 72	7	27	K	2	d	d
shuf	A	m0285/Carta 72	7	14	K	18	m	o
shuf	A	m0285/Carta 72	7	44	K	x	d	t
shuf	A	m0285/Carta 72	7	9	K	18	m	r
shuf	A	m0285/Carta 72	7	6	K	12	r	r
shuf	A	m0285/Carta 72	7	39	K	5	c	c
shuf	A	m0285/Carta 72	7	23	K	26	o	a
shuf	A	m0285/Carta 72	7	46	K	4	s	r
real	A	m0286/Carta 74	31	28	U	12	r	l
real	A	m0286/Carta 74	31	36	K	15	o	b
real	A	m0286/Carta 74	31	16	K	12	l	r
real	A	m0286/Carta 74	31	8	K	7	e	e
real	A	m0286/Carta 74	31	7	K	a	t	t
real	A	m0286/Carta 74	31	49	K	10	h	h
real	A	m0286/Carta 74	31	43	K	5	c	c
real	A	m0286/Carta 74	31	9	K	f	s	s
real	A	m0286/Carta 74	31	30	K	18	m	m
real	A	m0286/Carta 74	31	24	K	5	c	c
real	A	m0286/Carta 74	31	32	K	12	r	n
real	A	m0286/Carta 74	31	19	K	15	c	p
real	A	m0286/Carta 74	31	42	K	25	o	o
real	A	m0286/Carta 74	31	1	K	8	i	i
real	A	m0286/Carta 74	31	13	K	7	e	e
real	A	m0286/Carta 74	31	17	K	24	h	e
real	A	m0286/Carta 74	31	31	K	17	a	a
real	A	m0286/Carta 74	31	29	K	7	u	e
shuf	A	m0286/Carta 74	31	28	U	12	r	s
shuf	A	m0286/Carta 74	31	36	K	15	o	c
shuf	A	m0286/Carta 74	31	16	K	12	l	r
shuf	A	m0286/Carta 74	31	8	K	7	e	e
shuf	A	m0286/Carta 74	31	7	K	a	t	p
shuf	A	m0286/Carta 74	31	49	K	10	h	h
shuf	A	m0286/Carta 74	31	43	K	5	c	n
shuf	A	m0286/Carta 74	31	9	K	f	s	s
shuf	A	m0286/Carta 74	31	30	K	18	m	m
shuf	A	m0286/Carta 74	31	24	K	5	c	c
shuf	A	m0286/Carta 74	31	32	K	12	r	r
shuf	A	m0286/Carta 74	31	19	K	15	c	o
shuf	A	m0286/Carta 74	31	42	K	25	o	o
shuf	A	m0286/Carta 74	31	1	K	8	i	i
shuf	A	m0286/Carta 74	31	13	K	7	e	r
shuf	A	m0286/Carta 74	31	17	K	24	h	a
shuf	A	m0286/Carta 74	31	31	K	17	a	a
shuf	A	m0286/Carta 74	31	29	K	7	u	e
real	A	m0281/Carta 15	18	1	U	c	u	q
real	A	m0281/Carta 15	18	36	K	e	u	u
real	A	m0281/Carta 15	18	11	K	4	l	s
real	A	m0281/Carta 15	18	32	K	6	p	c
real	A	m0281/Carta 15	18	9	K	y	a	a
real	A	m0281/Carta 15	18	4	K	6	p	t
real	A	m0281/Carta 15	18	12	K	7	r	e
real	A	m0281/Carta 15	18	8	K	7	r	u
real	A	m0281/Carta 15	18	37	K	18	m	m
real	A	m0281/Carta 15	18	33	K	15	o	o
real	A	m0281/Carta 15	18	35	K	10	h	h
real	A	m0281/Carta 15	18	42	K	a	t	d
real	A	m0281/Carta 15	18	5	K	7	r	e
real	A	m0281/Carta 15	18	41	K	7	r	e
real	A	m0281/Carta 15	18	13	K	7	e	r
real	A	m0281/Carta 15	18	40	K	y	a	a
real	A	m0281/Carta 15	18	34	K	7	r	m
real	A	m0281/Carta 15	18	6	K	15	o	o
shuf	A	m0281/Carta 15	18	1	U	c	u	h
shuf	A	m0281/Carta 15	18	36	K	e	u	o
shuf	A	m0281/Carta 15	18	11	K	4	l	s
shuf	A	m0281/Carta 15	18	32	K	6	p	e
shuf	A	m0281/Carta 15	18	9	K	y	a	a
shuf	A	m0281/Carta 15	18	4	K	6	p	p
shuf	A	m0281/Carta 15	18	12	K	7	r	p
shuf	A	m0281/Carta 15	18	8	K	7	r	r
shuf	A	m0281/Carta 15	18	37	K	18	m	m
shuf	A	m0281/Carta 15	18	33	K	15	o	o
shuf	A	m0281/Carta 15	18	35	K	10	h	h
shuf	A	m0281/Carta 15	18	42	K	a	t	o
shuf	A	m0281/Carta 15	18	5	K	7	r	e
shuf	A	m0281/Carta 15	18	41	K	7	r	e
shuf	A	m0281/Carta 15	18	13	K	7	e	e
shuf	A	m0281/Carta 15	18	40	K	y	a	s
shuf	A	m0281/Carta 15	18	34	K	7	r	e
shuf	A	m0281/Carta 15	18	6	K	15	o	c
real	A	m0290/Passage 2a	19	9	U	12	r	i
real	A	m0290/Passage 2a	19	28	K	2	o	a
real	A	m0290/Passage 2a	19	8	K	17	a	a
real	A	m0290/Passage 2a	19	4	K	18	o	m
real	A	m0290/Passage 2a	19	1	K	12	r	r
real	A	m0290/Passage 2a	19	34	K	8	i	i
real	A	m0290/Passage 2a	19	33	K	19	m	e
real	A	m0290/Passage 2a	19	29	K	15	o	o
real	A	m0290/Passage 2a	19	13	K	7	e	e
real	A	m0290/Passage 2a	19	21	K	y	a	a
real	A	m0290/Passage 2a	19	42	K	14	s	n
real	A	m0290/Passage 2a	19	38	K	7	e	e
real	A	m0290/Passage 2a	19	39	K	12	r	r
real	A	m0290/Passage 2a	19	19	K	15	o	o
real	A	m0290/Passage 2a	19	16	K	11	p	m
real	A	m0290/Passage 2a	19	43	K	19	e	e
real	A	m0290/Passage 2a	19	41	K	25	o	o
real	A	m0290/Passage 2a	19	0	K	7	e	e
shuf	A	m0290/Passage 2a	19	9	U	12	r	u
shuf	A	m0290/Passage 2a	19	28	K	2	o	e
shuf	A	m0290/Passage 2a	19	8	K	17	a	a
shuf	A	m0290/Passage 2a	19	4	K	18	o	m
shuf	A	m0290/Passage 2a	19	1	K	12	r	r
shuf	A	m0290/Passage 2a	19	34	K	8	i	i
shuf	A	m0290/Passage 2a	19	33	K	19	m	e
shuf	A	m0290/Passage 2a	19	29	K	15	o	o
shuf	A	m0290/Passage 2a	19	13	K	7	e	e
shuf	A	m0290/Passage 2a	19	21	K	y	a	i
shuf	A	m0290/Passage 2a	19	42	K	14	s	n
shuf	A	m0290/Passage 2a	19	38	K	7	e	e
shuf	A	m0290/Passage 2a	19	39	K	12	r	b
shuf	A	m0290/Passage 2a	19	19	K	15	o	o
shuf	A	m0290/Passage 2a	19	16	K	11	p	e
shuf	A	m0290/Passage 2a	19	43	K	19	e	a
shuf	A	m0290/Passage 2a	19	41	K	25	o	o
shuf	A	m0290/Passage 2a	19	0	K	7	e	e
real	A	m0282/Carta 58	20	40	U	4	s	s
real	A	m0282/Carta 58	20	24	K	17	a	a
real	A	m0282/Carta 58	20	48	K	17	a	a
real	A	m0282/Carta 58	20	14	K	15	o	o
real	A	m0282/Carta 58	20	9	K	17	a	a
real	A	m0282/Carta 58	20	12	K	19	e	e
real	A	m0282/Carta 58	20	1	K	4	s	s
real	A	m0282/Carta 58	20	29	K	15	o	o
real	A	m0282/Carta 58	20	26	K	19	e	e
real	A	m0282/Carta 58	20	23	K	4	s	s
real	A	m0282/Carta 58	20	6	K	m	n	t
real	A	m0282/Carta 58	20	10	K	4	s	s
real	A	m0282/Carta 58	20	32	K	13	d	o
real	A	m0282/Carta 58	20	49	K	8	j	i
real	A	m0282/Carta 58	20	15	K	17	a	a
real	A	m0282/Carta 58	20	3	K	21	b	p
real	A	m0282/Carta 58	20	2	K	15	o	o
real	A	m0282/Carta 58	20	30	K	13	m	s
shuf	A	m0282/Carta 58	20	40	U	4	s	a
shuf	A	m0282/Carta 58	20	24	K	17	a	n
shuf	A	m0282/Carta 58	20	48	K	17	a	o
shuf	A	m0282/Carta 58	20	14	K	15	o	o
shuf	A	m0282/Carta 58	20	9	K	17	a	a
shuf	A	m0282/Carta 58	20	12	K	19	e	e
shuf	A	m0282/Carta 58	20	1	K	4	s	s
shuf	A	m0282/Carta 58	20	29	K	15	o	o
shuf	A	m0282/Carta 58	20	26	K	19	e	a
shuf	A	m0282/Carta 58	20	23	K	4	s	a
shuf	A	m0282/Carta 58	20	6	K	m	n	r
shuf	A	m0282/Carta 58	20	10	K	4	s	o
shuf	A	m0282/Carta 58	20	32	K	13	d	d
shuf	A	m0282/Carta 58	20	49	K	8	j	i
shuf	A	m0282/Carta 58	20	15	K	17	a	a
shuf	A	m0282/Carta 58	20	3	K	21	b	s
shuf	A	m0282/Carta 58	20	2	K	15	o	o
shuf	A	m0282/Carta 58	20	30	K	13	m	p
real	A	m0294/Carta 110	5	2	U	10	h	v
real	A	m0294/Carta 110	5	0	K	24	e	e
real	A	m0294/Carta 110	5	17	K	12	r	r
real	A	m0294/Carta 110	5	26	K	18	m	f
real	A	m0294/Carta 110	5	28	K	18	m	m
real	A	m0294/Carta 110	5	24	K	2	d	n
real	A	m0294/Carta 110	5	46	K	26	u	u
real	A	m0294/Carta 110	5	48	K	18	m	m
real	A	m0294/Carta 110	5	27	K	8	i	i
real	A	m0294/Carta 110	5	8	K	18	o	m
real	A	m0294/Carta 110	5	19	K	7	e	e
real	A	m0294/Carta 110	5	16	K	7	e	e
real	A	m0294/Carta 110	5	5	K	15	o	o
real	A	m0294/Carta 110	5	6	K	55	n	p
real	A	m0294/Carta 110	5	10	K	19	e	e
real	A	m0294/Carta 110	5	3	K	17	a	a
real	A	m0294/Carta 110	5	12	K	55	p	p
real	A	m0294/Carta 110	5	4	K	5	c	c
shuf	A	m0294/Carta 110	5	2	U	10	h	c
shuf	A	m0294/Carta 110	5	0	K	24	e	h
shuf	A	m0294/Carta 110	5	17	K	12	r	r
shuf	A	m0294/Carta 110	5	26	K	18	m	m
shuf	A	m0294/Carta 110	5	28	K	18	m	n
shuf	A	m0294/Carta 110	5	24	K	2	d	e
shuf	A	m0294/Carta 110	5	46	K	26	u	u
shuf	A	m0294/Carta 110	5	48	K	18	m	i
shuf	A	m0294/Carta 110	5	27	K	8	i	i
shuf	A	m0294/Carta 110	5	8	K	18	o	a
shuf	A	m0294/Carta 110	5	19	K	7	e	e
shuf	A	m0294/Carta 110	5	16	K	7	e	e
shuf	A	m0294/Carta 110	5	5	K	15	o	o
shuf	A	m0294/Carta 110	5	6	K	55	n	l
shuf	A	m0294/Carta 110	5	10	K	19	e	e
shuf	A	m0294/Carta 110	5	3	K	17	a	a
shuf	A	m0294/Carta 110	5	12	K	55	p	p
shuf	A	m0294/Carta 110	5	4	K	5	c	c
real	A	m0287/Carta 79	6	40	U	52	r	t
real	A	m0287/Carta 79	6	4	K	3	t	t
real	A	m0287/Carta 79	6	3	K	17	a	a
real	A	m0287/Carta 79	6	29	K	10	h	h
real	A	m0287/Carta 79	6	9	K	17	a	a
real	A	m0287/Carta 79	6	6	K	14	n	n
real	A	m0287/Carta 79	6	27	K	24	e	i
real	A	m0287/Carta 79	6	11	K	23	a	a
real	A	m0287/Carta 79	6	48	K	4	s	s
real	A	m0287/Carta 79	6	18	K	26	u	u
real	A	m0287/Carta 79	6	44	K	15	o	o
real	A	m0287/Carta 79	6	7	K	2	d	d
real	A	m0287/Carta 79	6	49	K	19	e	e
real	A	m0287/Carta 79	6	16	K	10	l	l
real	A	m0287/Carta 79	6	12	K	f	z	s
real	A	m0287/Carta 79	6	42	K	8	i	i
real	A	m0287/Carta 79	6	37	K	f	s	s
real	A	m0287/Carta 79	6	31	K	5	c	c
shuf	A	m0287/Carta 79	6	40	U	52	r	s
shuf	A	m0287/Carta 79	6	4	K	3	t	t
shuf	A	m0287/Carta 79	6	3	K	17	a	n
shuf	A	m0287/Carta 79	6	29	K	10	h	d
shuf	A	m0287/Carta 79	6	9	K	17	a	a
shuf	A	m0287/Carta 79	6	6	K	14	n	s
shuf	A	m0287/Carta 79	6	27	K	24	e	t
shuf	A	m0287/Carta 79	6	11	K	23	a	a
shuf	A	m0287/Carta 79	6	48	K	4	s	h
shuf	A	m0287/Carta 79	6	18	K	26	u	u
shuf	A	m0287/Carta 79	6	44	K	15	o	o
shuf	A	m0287/Carta 79	6	7	K	2	d	e
shuf	A	m0287/Carta 79	6	49	K	19	e	e
shuf	A	m0287/Carta 79	6	16	K	10	l	a
shuf	A	m0287/Carta 79	6	12	K	f	z	s
shuf	A	m0287/Carta 79	6	42	K	8	i	i
shuf	A	m0287/Carta 79	6	37	K	f	s	a
shuf	A	m0287/Carta 79	6	31	K	5	c	s
real	A	m0289/Carta 92	34	28	U	21	h	t
real	A	m0289/Carta 92	34	12	K	14	n	n
real	A	m0289/Carta 92	34	34	K	c	u	u
real	A	m0289/Carta 92	34	35	K	18	m	m
real	A	m0289/Carta 92	34	13	K	3	t	t
real	A	m0289/Carta 92	34	38	K	11	s	i
real	A	m0289/Carta 92	34	20	K	y	a	a
real	A	m0289/Carta 92	34	24	K	15	o	o
real	A	m0289/Carta 92	34	36	K	22	i	i
real	A	m0289/Carta 92	34	33	K	10	h	h
real	A	m0289/Carta 92	34	17	K	d	o	o
real	A	m0289/Carta 92	34	43	K	55	p	p
real	A	m0289/Carta 92	34	39	K	y	t	a
real	A	m0289/Carta 92	34	22	K	17	a	a
real	A	m0289/Carta 92	34	27	K	5	e	c
real	A	m0289/Carta 92	34	21	K	y	s	r
real	A	m0289/Carta 92	34	26	K	25	o	o
real	A	m0289/Carta 92	34	3	K	f	r	s
shuf	A	m0289/Carta 92	34	28	U	21	h	c
shuf	A	m0289/Carta 92	34	12	K	14	n	n
shuf	A	m0289/Carta 92	34	34	K	c	u	u
shuf	A	m0289/Carta 92	34	35	K	18	m	m
shuf	A	m0289/Carta 92	34	13	K	3	t	t
shuf	A	m0289/Carta 92	34	38	K	11	s	n
shuf	A	m0289/Carta 92	34	20	K	y	a	a
shuf	A	m0289/Carta 92	34	24	K	15	o	o
shuf	A	m0289/Carta 92	34	36	K	22	i	a
shuf	A	m0289/Carta 92	34	33	K	10	h	h
shuf	A	m0289/Carta 92	34	17	K	d	o	o
shuf	A	m0289/Carta 92	34	43	K	55	p	v
shuf	A	m0289/Carta 92	34	39	K	y	t	a
shuf	A	m0289/Carta 92	34	22	K	17	a	a
shuf	A	m0289/Carta 92	34	27	K	5	e	c
shuf	A	m0289/Carta 92	34	21	K	y	s	r
shuf	A	m0289/Carta 92	34	26	K	25	o	o
shuf	A	m0289/Carta 92	34	3	K	f	r	z
real	A	m0285/Carta 72	21	23	U	19	e	a
real	A	m0285/Carta 72	21	0	K	18	m	m
real	A	m0285/Carta 72	21	24	K	4	s	s
real	A	m0285/Carta 72	21	11	K	y	a	a
real	A	m0285/Carta 72	21	21	K	17	e	a
real	A	m0285/Carta 72	21	48	K	19	e	e
real	A	m0285/Carta 72	21	13	K	2	d	d
real	A	m0285/Carta 72	21	30	K	x	d	d
real	A	m0285/Carta 72	21	31	K	y	a	a
real	A	m0285/Carta 72	21	22	K	4	s	s
real	A	m0285/Carta 72	21	14	K	15	o	o
real	A	m0285/Carta 72	21	28	K	2	d	d
real	A	m0285/Carta 72	21	27	K	14	n	n
real	A	m0285/Carta 72	21	8	K	8	j	i
real	A	m0285/Carta 72	21	47	K	3	s	t
real	A	m0285/Carta 72	21	29	K	8	i	i
real	A	m0285/Carta 72	21	12	K	14	n	n
real	A	m0285/Carta 72	21	25	K	5	c	c
shuf	A	m0285/Carta 72	21	23	U	19	e	a
shuf	A	m0285/Carta 72	21	0	K	18	m	m
shuf	A	m0285/Carta 72	21	24	K	4	s	s
shuf	A	m0285/Carta 72	21	11	K	y	a	a
shuf	A	m0285/Carta 72	21	21	K	17	e	a
shuf	A	m0285/Carta 72	21	48	K	19	e	e
shuf	A	m0285/Carta 72	21	13	K	2	d	d
shuf	A	m0285/Carta 72	21	30	K	x	d	d
shuf	A	m0285/Carta 72	21	31	K	y	a	a
shuf	A	m0285/Carta 72	21	22	K	4	s	s
shuf	A	m0285/Carta 72	21	14	K	15	o	o
shuf	A	m0285/Carta 72	21	28	K	2	d	d
shuf	A	m0285/Carta 72	21	27	K	14	n	n
shuf	A	m0285/Carta 72	21	8	K	8	j	i
shuf	A	m0285/Carta 72	21	47	K	3	s	t
shuf	A	m0285/Carta 72	21	29	K	8	i	i
shuf	A	m0285/Carta 72	21	12	K	14	n	n
shuf	A	m0285/Carta 72	21	25	K	5	c	c
real	A	m0291/Passage 3a	7	38	U	y	a	a
real	A	m0291/Passage 3a	7	7	K	17	a	a
real	A	m0291/Passage 3a	7	49	K	8	i	i
real	A	m0291/Passage 3a	7	13	K	12	r	r
real	A	m0291/Passage 3a	7	31	K	12	r	r
real	A	m0291/Passage 3a	7	26	K	26	v	v
real	A	m0291/Passage 3a	7	6	K	18	r	r
real	A	m0291/Passage 3a	7	46	K	26	v	o
real	A	m0291/Passage 3a	7	21	K	7	e	e
real	A	m0291/Passage 3a	7	14	K	22	i	i
real	A	m0291/Passage 3a	7	25	K	25	o	o
real	A	m0291/Passage 3a	7	40	K	17	a	a
real	A	m0291/Passage 3a	7	27	K	19	e	e
real	A	m0291/Passage 3a	7	32	K	7	e	e
real	A	m0291/Passage 3a	7	39	K	11	p	p
real	A	m0291/Passage 3a	7	9	K	23	a	a
real	A	m0291/Passage 3a	7	22	K	10	h	r
real	A	m0291/Passage 3a	7	44	K	12	r	r
shuf	A	m0291/Passage 3a	7	38	U	y	a	a
shuf	A	m0291/Passage 3a	7	7	K	17	a	a
shuf	A	m0291/Passage 3a	7	49	K	8	i	i
shuf	A	m0291/Passage 3a	7	13	K	12	r	r
shuf	A	m0291/Passage 3a	7	31	K	12	r	r
shuf	A	m0291/Passage 3a	7	26	K	26	v	v
shuf	A	m0291/Passage 3a	7	6	K	18	r	o
shuf	A	m0291/Passage 3a	7	46	K	26	v	l
shuf	A	m0291/Passage 3a	7	21	K	7	e	u
shuf	A	m0291/Passage 3a	7	14	K	22	i	i
shuf	A	m0291/Passage 3a	7	25	K	25	o	o
shuf	A	m0291/Passage 3a	7	40	K	17	a	a
shuf	A	m0291/Passage 3a	7	27	K	19	e	e
shuf	A	m0291/Passage 3a	7	32	K	7	e	e
shuf	A	m0291/Passage 3a	7	39	K	11	p	p
shuf	A	m0291/Passage 3a	7	9	K	23	a	a
shuf	A	m0291/Passage 3a	7	22	K	10	h	s
shuf	A	m0291/Passage 3a	7	44	K	12	r	r
real	A	m0286/Carta 74	23	5	U	15	c	i
real	A	m0286/Carta 74	23	38	K	18	m	m
real	A	m0286/Carta 74	23	25	K	24	h	e
real	A	m0286/Carta 74	23	49	K	d	o	o
real	A	m0286/Carta 74	23	1	K	3	t	t
real	A	m0286/Carta 74	23	0	K	12	r	r
real	A	m0286/Carta 74	23	8	K	f	r	s
real	A	m0286/Carta 74	23	24	K	12	l	r
real	A	m0286/Carta 74	23	33	K	d	o	o
real	A	m0286/Carta 74	23	20	K	12	v	r
real	A	m0286/Carta 74	23	2	K	12	r	r
real	A	m0286/Carta 74	23	46	K	3	t	t
real	A	m0286/Carta 74	23	16	K	7	e	e
real	A	m0286/Carta 74	23	11	K	18	s	o
real	A	m0286/Carta 74	23	27	K	15	c	p
real	A	m0286/Carta 74	23	28	K	15	o	o
real	A	m0286/Carta 74	23	17	K	f	s	s
real	A	m0286/Carta 74	23	15	K	a	t	t
shuf	A	m0286/Carta 74	23	5	U	15	c	r
shuf	A	m0286/Carta 74	23	38	K	18	m	m
shuf	A	m0286/Carta 74	23	25	K	24	h	e
shuf	A	m0286/Carta 74	23	49	K	d	o	o
shuf	A	m0286/Carta 74	23	1	K	3	t	t
shuf	A	m0286/Carta 74	23	0	K	12	r	r
shuf	A	m0286/Carta 74	23	8	K	f	r	o
shuf	A	m0286/Carta 74	23	24	K	12	l	r
shuf	A	m0286/Carta 74	23	33	K	d	o	o
shuf	A	m0286/Carta 74	23	20	K	12	v	t
shuf	A	m0286/Carta 74	23	2	K	12	r	r
shuf	A	m0286/Carta 74	23	46	K	3	t	t
shuf	A	m0286/Carta 74	23	16	K	7	e	e
shuf	A	m0286/Carta 74	23	11	K	18	s	o
shuf	A	m0286/Carta 74	23	27	K	15	c	e
shuf	A	m0286/Carta 74	23	28	K	15	o	o
shuf	A	m0286/Carta 74	23	17	K	f	s	s
shuf	A	m0286/Carta 74	23	15	K	a	t	t
real	A	m0285/Carta 72	3	4	U	18	o	m
real	A	m0285/Carta 72	3	40	K	4	s	s
real	A	m0285/Carta 72	3	6	K	14	n	n
real	A	m0285/Carta 72	3	44	K	15	o	o
real	A	m0285/Carta 72	3	11	K	5	c	c
real	A	m0285/Carta 72	3	1	K	17	a	a
real	A	m0285/Carta 72	3	43	K	5	c	c
real	A	m0285/Carta 72	3	49	K	y	a	a
real	A	m0285/Carta 72	3	48	K	x	d	d
real	A	m0285/Carta 72	3	46	K	2	d	d
real	A	m0285/Carta 72	3	47	K	8	i	i
real	A	m0285/Carta 72	3	30	K	14	n	n
real	A	m0285/Carta 72	3	31	K	2	d	d
real	A	m0285/Carta 72	3	29	K	y	a	a
real	A	m0285/Carta 72	3	9	K	17	a	a
real	A	m0285/Carta 72	3	5	K	7	e	e
real	A	m0285/Carta 72	3	14	K	8	i	o
real	A	m0285/Carta 72	3	12	K	15	o	o
shuf	A	m0285/Carta 72	3	4	U	18	o	t
shuf	A	m0285/Carta 72	3	40	K	4	s	s
shuf	A	m0285/Carta 72	3	6	K	14	n	n
shuf	A	m0285/Carta 72	3	44	K	15	o	o
shuf	A	m0285/Carta 72	3	11	K	5	c	c
shuf	A	m0285/Carta 72	3	1	K	17	a	a
shuf	A	m0285/Carta 72	3	43	K	5	c	c
shuf	A	m0285/Carta 72	3	49	K	y	a	a
shuf	A	m0285/Carta 72	3	48	K	x	d	d
shuf	A	m0285/Carta 72	3	46	K	2	d	d
shuf	A	m0285/Carta 72	3	47	K	8	i	i
shuf	A	m0285/Carta 72	3	30	K	14	n	f
shuf	A	m0285/Carta 72	3	31	K	2	d	o
shuf	A	m0285/Carta 72	3	29	K	y	a	a
shuf	A	m0285/Carta 72	3	9	K	17	a	a
shuf	A	m0285/Carta 72	3	5	K	7	e	e
shuf	A	m0285/Carta 72	3	14	K	8	i	i
shuf	A	m0285/Carta 72	3	12	K	15	o	o
real	A	m0288/Passage 2a	22	48	U	12	r	r
real	A	m0288/Passage 2a	22	35	K	7	e	e
real	A	m0288/Passage 2a	22	40	K	15	o	o
real	A	m0288/Passage 2a	22	34	K	2	d	d
real	A	m0288/Passage 2a	22	37	K	16	f	g
real	A	m0288/Passage 2a	22	30	K	55	p	p
real	A	m0288/Passage 2a	22	31	K	19	e	e
real	A	m0288/Passage 2a	22	49	K	17	a	a
real	A	m0288/Passage 2a	22	47	K	3	t	t
real	A	m0288/Passage 2a	22	36	K	17	a	a
real	A	m0288/Passage 2a	22	32	K	20	l	l
real	A	m0288/Passage 2a	22	8	K	17	a	a
real	A	m0288/Passage 2a	22	26	K	14	n	n
real	A	m0288/Passage 2a	22	38	K	15	o	o
real	A	m0288/Passage 2a	22	7	K	2	a	d
real	A	m0288/Passage 2a	22	5	K	3	t	t
real	A	m0288/Passage 2a	22	39	K	12	r	r
real	A	m0288/Passage 2a	22	29	K	17	a	a
shuf	A	m0288/Passage 2a	22	48	U	12	r	t
shuf	A	m0288/Passage 2a	22	35	K	7	e	e
shuf	A	m0288/Passage 2a	22	40	K	15	o	o
shuf	A	m0288/Passage 2a	22	34	K	2	d	d
shuf	A	m0288/Passage 2a	22	37	K	16	f	g
shuf	A	m0288/Passage 2a	22	30	K	55	p	p
shuf	A	m0288/Passage 2a	22	31	K	19	e	e
shuf	A	m0288/Passage 2a	22	49	K	17	a	a
shuf	A	m0288/Passage 2a	22	47	K	3	t	i
shuf	A	m0288/Passage 2a	22	36	K	17	a	a
shuf	A	m0288/Passage 2a	22	32	K	20	l	l
shuf	A	m0288/Passage 2a	22	8	K	17	a	a
shuf	A	m0288/Passage 2a	22	26	K	14	n	a
shuf	A	m0288/Passage 2a	22	38	K	15	o	o
shuf	A	m0288/Passage 2a	22	7	K	2	a	d
shuf	A	m0288/Passage 2a	22	5	K	3	t	t
shuf	A	m0288/Passage 2a	22	39	K	12	r	r
shuf	A	m0288/Passage 2a	22	29	K	17	a	a
real	A	m0282/Carta 61	43	15	U	26	v	m
real	A	m0282/Carta 61	43	21	K	15	o	o
real	A	m0282/Carta 61	43	31	K	2	d	d
real	A	m0282/Carta 61	43	43	K	2	e	e
real	A	m0282/Carta 61	43	49	K	12	r	r
real	A	m0282/Carta 61	43	29	K	5	c	c
real	A	m0282/Carta 61	43	26	K	17	a	a
real	A	m0282/Carta 61	43	47	K	3	t	t
real	A	m0282/Carta 61	43	32	K	25	o	o
real	A	m0282/Carta 61	43	30	K	23	a	a
real	A	m0282/Carta 61	43	46	K	14	n	n
real	A	m0282/Carta 61	43	45	K	26	u	u
real	A	m0282/Carta 61	43	44	K	8	j	j
real	A	m0282/Carta 61	43	20	K	5	c	c
real	A	m0282/Carta 61	43	48	K	17	a	a
real	A	m0282/Carta 61	43	16	K	7	e	e
real	A	m0282/Carta 61	43	18	K	10	h	h
real	A	m0282/Carta 61	43	28	K	17	a	a
shuf	A	m0282/Carta 61	43	15	U	26	v	k
shuf	A	m0282/Carta 61	43	21	K	15	o	o
shuf	A	m0282/Carta 61	43	31	K	2	d	d
shuf	A	m0282/Carta 61	43	43	K	2	e	u
shuf	A	m0282/Carta 61	43	49	K	12	r	r
shuf	A	m0282/Carta 61	43	29	K	5	c	c
shuf	A	m0282/Carta 61	43	26	K	17	a	a
shuf	A	m0282/Carta 61	43	47	K	3	t	t
shuf	A	m0282/Carta 61	43	32	K	25	o	o
shuf	A	m0282/Carta 61	43	30	K	23	a	a
shuf	A	m0282/Carta 61	43	46	K	14	n	n
shuf	A	m0282/Carta 61	43	45	K	26	u	u
shuf	A	m0282/Carta 61	43	44	K	8	j	i
shuf	A	m0282/Carta 61	43	20	K	5	c	o
shuf	A	m0282/Carta 61	43	48	K	17	a	a
shuf	A	m0282/Carta 61	43	16	K	7	e	m
shuf	A	m0282/Carta 61	43	18	K	10	h	h
shuf	A	m0282/Carta 61	43	28	K	17	a	a
real	A	m0291/Passage 3a	11	30	U	5	c	s
real	A	m0291/Passage 3a	11	18	K	10	h	r
real	A	m0291/Passage 3a	11	45	K	8	i	t
real	A	m0291/Passage 3a	11	0	K	m	n	n
real	A	m0291/Passage 3a	11	14	K	55	p	a
real	A	m0291/Passage 3a	11	24	K	12	r	r
real	A	m0291/Passage 3a	11	7	K	15	o	o
real	A	m0291/Passage 3a	11	2	K	18	r	m
real	A	m0291/Passage 3a	11	26	K	d	o	o
real	A	m0291/Passage 3a	11	39	K	55	p	p
real	A	m0291/Passage 3a	11	28	K	7	e	e
real	A	m0291/Passage 3a	11	49	K	d	o	o
real	A	m0291/Passage 3a	11	3	K	17	a	a
real	A	m0291/Passage 3a	11	31	K	15	o	o
real	A	m0291/Passage 3a	11	36	K	17	a	a
real	A	m0291/Passage 3a	11	19	K	y	a	a
real	A	m0291/Passage 3a	11	10	K	22	i	i
real	A	m0291/Passage 3a	11	32	K	5	c	c
shuf	A	m0291/Passage 3a	11	30	U	5	c	i
shuf	A	m0291/Passage 3a	11	18	K	10	h	t
shuf	A	m0291/Passage 3a	11	45	K	8	i	i
shuf	A	m0291/Passage 3a	11	0	K	m	n	n
shuf	A	m0291/Passage 3a	11	14	K	55	p	e
shuf	A	m0291/Passage 3a	11	24	K	12	r	r
shuf	A	m0291/Passage 3a	11	7	K	15	o	p
shuf	A	m0291/Passage 3a	11	2	K	18	r	m
shuf	A	m0291/Passage 3a	11	26	K	d	o	o
shuf	A	m0291/Passage 3a	11	39	K	55	p	o
shuf	A	m0291/Passage 3a	11	28	K	7	e	r
shuf	A	m0291/Passage 3a	11	49	K	d	o	o
shuf	A	m0291/Passage 3a	11	3	K	17	a	a
shuf	A	m0291/Passage 3a	11	31	K	15	o	o
shuf	A	m0291/Passage 3a	11	36	K	17	a	a
shuf	A	m0291/Passage 3a	11	19	K	y	a	a
shuf	A	m0291/Passage 3a	11	10	K	22	i	i
shuf	A	m0291/Passage 3a	11	32	K	5	c	c
real	A	m0281/Carta 15	0	10	U	y	a	m
real	A	m0281/Carta 15	0	11	K	8	i	i
real	A	m0281/Carta 15	0	4	K	c	u	s
real	A	m0281/Carta 15	0	6	K	13	q	q
real	A	m0281/Carta 15	0	9	K	y	a	a
real	A	m0281/Carta 15	0	17	K	2	d	d
real	A	m0281/Carta 15	0	15	K	18	m	o
real	A	m0281/Carta 15	0	5	K	a	t	a
real	A	m0281/Carta 15	0	30	K	7	r	e
real	A	m0281/Carta 15	0	28	K	7	e	e
real	A	m0281/Carta 15	0	29	K	4	l	s
real	A	m0281/Carta 15	0	26	K	7	r	u
real	A	m0281/Carta 15	0	18	K	15	o	o
real	A	m0281/Carta 15	0	24	K	15	o	o
real	A	m0281/Carta 15	0	2	K	18	m	m
real	A	m0281/Carta 15	0	25	K	15	o	o
real	A	m0281/Carta 15	0	8	K	z	e	e
real	A	m0281/Carta 15	0	1	K	y	a	a
shuf	A	m0281/Carta 15	0	10	U	y	a	s
shuf	A	m0281/Carta 15	0	11	K	8	i	i
shuf	A	m0281/Carta 15	0	4	K	c	u	u
shuf	A	m0281/Carta 15	0	6	K	13	q	t
shuf	A	m0281/Carta 15	0	9	K	y	a	a
shuf	A	m0281/Carta 15	0	17	K	2	d	d
shuf	A	m0281/Carta 15	0	15	K	18	m	m
shuf	A	m0281/Carta 15	0	5	K	a	t	l
shuf	A	m0281/Carta 15	0	30	K	7	r	e
shuf	A	m0281/Carta 15	0	28	K	7	e	e
shuf	A	m0281/Carta 15	0	29	K	4	l	s
shuf	A	m0281/Carta 15	0	26	K	7	r	d
shuf	A	m0281/Carta 15	0	18	K	15	o	o
shuf	A	m0281/Carta 15	0	24	K	15	o	p
shuf	A	m0281/Carta 15	0	2	K	18	m	o
shuf	A	m0281/Carta 15	0	25	K	15	o	o
shuf	A	m0281/Carta 15	0	8	K	z	e	d
shuf	A	m0281/Carta 15	0	1	K	y	a	a
real	A	m0292/Carta 101	12	40	U	3	t	t
real	A	m0292/Carta 101	12	9	K	17	a	a
real	A	m0292/Carta 101	12	6	K	2	i	e
real	A	m0292/Carta 101	12	47	K	55	p	p
real	A	m0292/Carta 101	12	10	K	55	p	p
real	A	m0292/Carta 101	12	48	K	15	o	o
real	A	m0292/Carta 101	12	12	K	52	r	r
real	A	m0292/Carta 101	12	38	K	2	e	e
real	A	m0292/Carta 101	12	42	K	19	e	e
real	A	m0292/Carta 101	12	5	K	26	v	s
real	A	m0292/Carta 101	12	8	K	10	h	h
real	A	m0292/Carta 101	12	11	K	55	o	o
real	A	m0292/Carta 101	12	14	K	2	a	a
real	A	m0292/Carta 101	12	49	K	12	r	r
real	A	m0292/Carta 101	12	41	K	52	r	r
real	A	m0292/Carta 101	12	7	K	14	n	n
real	A	m0292/Carta 101	12	13	K	14	n	n
real	A	m0292/Carta 101	12	39	K	14	n	n
shuf	A	m0292/Carta 101	12	40	U	3	t	t
shuf	A	m0292/Carta 101	12	9	K	17	a	a
shuf	A	m0292/Carta 101	12	6	K	2	i	e
shuf	A	m0292/Carta 101	12	47	K	55	p	p
shuf	A	m0292/Carta 101	12	10	K	55	p	p
shuf	A	m0292/Carta 101	12	48	K	15	o	o
shuf	A	m0292/Carta 101	12	12	K	52	r	r
shuf	A	m0292/Carta 101	12	38	K	2	e	o
shuf	A	m0292/Carta 101	12	42	K	19	e	e
shuf	A	m0292/Carta 101	12	5	K	26	v	s
shuf	A	m0292/Carta 101	12	8	K	10	h	h
shuf	A	m0292/Carta 101	12	11	K	55	o	o
shuf	A	m0292/Carta 101	12	14	K	2	a	s
shuf	A	m0292/Carta 101	12	49	K	12	r	r
shuf	A	m0292/Carta 101	12	41	K	52	r	r
shuf	A	m0292/Carta 101	12	7	K	14	n	n
shuf	A	m0292/Carta 101	12	13	K	14	n	e
shuf	A	m0292/Carta 101	12	39	K	14	n	n
real	A	m0291/Carta 96	2	14	U	16	f	l
real	A	m0291/Carta 96	2	10	K	18	m	m
real	A	m0291/Carta 96	2	35	K	2	e	q
real	A	m0291/Carta 96	2	45	K	12	r	r
real	A	m0291/Carta 96	2	1	K	12	r	r
real	A	m0291/Carta 96	2	39	K	3	t	t
real	A	m0291/Carta 96	2	17	K	15	o	o
real	A	m0291/Carta 96	2	16	K	5	c	c
real	A	m0291/Carta 96	2	15	K	8	i	i
real	A	m0291/Carta 96	2	9	K	15	o	o
real	A	m0291/Carta 96	2	6	K	3	t	t
real	A	m0291/Carta 96	2	41	K	f	e	s
real	A	m0291/Carta 96	2	40	K	2	h	e
real	A	m0291/Carta 96	2	34	K	20	l	l
real	A	m0291/Carta 96	2	33	K	25	o	o
real	A	m0291/Carta 96	2	42	K	f	s	s
real	A	m0291/Carta 96	2	38	K	15	o	n
real	A	m0291/Carta 96	2	43	K	15	o	o
shuf	A	m0291/Carta 96	2	14	U	16	f	s
shuf	A	m0291/Carta 96	2	10	K	18	m	m
shuf	A	m0291/Carta 96	2	35	K	2	e	e
shuf	A	m0291/Carta 96	2	45	K	12	r	r
shuf	A	m0291/Carta 96	2	1	K	12	r	q
shuf	A	m0291/Carta 96	2	39	K	3	t	t
shuf	A	m0291/Carta 96	2	17	K	15	o	o
shuf	A	m0291/Carta 96	2	16	K	5	c	c
shuf	A	m0291/Carta 96	2	15	K	8	i	i
shuf	A	m0291/Carta 96	2	9	K	15	o	o
shuf	A	m0291/Carta 96	2	6	K	3	t	t
shuf	A	m0291/Carta 96	2	41	K	f	e	s
shuf	A	m0291/Carta 96	2	40	K	2	h	e
shuf	A	m0291/Carta 96	2	34	K	20	l	s
shuf	A	m0291/Carta 96	2	33	K	25	o	o
shuf	A	m0291/Carta 96	2	42	K	f	s	s
shuf	A	m0291/Carta 96	2	38	K	15	o	o
shuf	A	m0291/Carta 96	2	43	K	15	o	o
real	A	m0291/Passage 3a	0	29	U	10	h	r
real	A	m0291/Passage 3a	0	26	K	24	e	e
real	A	m0291/Passage 3a	0	43	K	5	c	c
real	A	m0291/Passage 3a	0	44	K	8	i	i
real	A	m0291/Passage 3a	0	4	K	f	s	s
real	A	m0291/Passage 3a	0	33	K	26	v	v
real	A	m0291/Passage 3a	0	12	K	a	t	t
real	A	m0291/Passage 3a	0	5	K	m	w	c
real	A	m0291/Passage 3a	0	13	K	18	r	r
real	A	m0291/Passage 3a	0	41	K	5	c	s
real	A	m0291/Passage 3a	0	46	K	11	p	p
real	A	m0291/Passage 3a	0	39	K	7	e	e
real	A	m0291/Passage 3a	0	11	K	m	n	n
real	A	m0291/Passage 3a	0	16	K	23	a	a
real	A	m0291/Passage 3a	0	9	K	4	s	o
real	A	m0291/Passage 3a	0	14	K	17	a	a
real	A	m0291/Passage 3a	0	37	K	d	o	o
real	A	m0291/Passage 3a	0	27	K	x	d	d
shuf	A	m0291/Passage 3a	0	29	U	10	h	s
shuf	A	m0291/Passage 3a	0	26	K	24	e	o
shuf	A	m0291/Passage 3a	0	43	K	5	c	e
shuf	A	m0291/Passage 3a	0	44	K	8	i	i
shuf	A	m0291/Passage 3a	0	4	K	f	s	s
shuf	A	m0291/Passage 3a	0	33	K	26	v	u
shuf	A	m0291/Passage 3a	0	12	K	a	t	u
shuf	A	m0291/Passage 3a	0	5	K	m	w	l
shuf	A	m0291/Passage 3a	0	13	K	18	r	m
shuf	A	m0291/Passage 3a	0	41	K	5	c	c
shuf	A	m0291/Passage 3a	0	46	K	11	p	o
shuf	A	m0291/Passage 3a	0	39	K	7	e	r
shuf	A	m0291/Passage 3a	0	11	K	m	n	e
shuf	A	m0291/Passage 3a	0	16	K	23	a	a
shuf	A	m0291/Passage 3a	0	9	K	4	s	s
shuf	A	m0291/Passage 3a	0	14	K	17	a	a
shuf	A	m0291/Passage 3a	0	37	K	d	o	b
shuf	A	m0291/Passage 3a	0	27	K	x	d	d
real	A	m0287/Carta 79	13	28	U	3	t	r
real	A	m0287/Carta 79	13	32	K	26	u	u
real	A	m0287/Carta 79	13	9	K	10	l	l
real	A	m0287/Carta 79	13	17	K	3	t	t
real	A	m0287/Carta 79	13	1	K	19	e	e
real	A	m0287/Carta 79	13	18	K	24	e	e
real	A	m0287/Carta 79	13	11	K	26	u	u
real	A	m0287/Carta 79	13	42	K	19	e	e
real	A	m0287/Carta 79	13	35	K	8	i	i
real	A	m0287/Carta 79	13	31	K	15	o	o
real	A	m0287/Carta 79	13	41	K	4	s	s
real	A	m0287/Carta 79	13	7	K	18	o	o
real	A	m0287/Carta 79	13	15	K	19	e	e
real	A	m0287/Carta 79	13	8	K	y	a	a
real	A	m0287/Carta 79	13	36	K	12	r	r
real	A	m0287/Carta 79	13	22	K	10	h	r
real	A	m0287/Carta 79	13	21	K	20	l	o
real	A	m0287/Carta 79	13	26	K	20	d	l
shuf	A	m0287/Carta 79	13	28	U	3	t	e
shuf	A	m0287/Carta 79	13	32	K	26	u	u
shuf	A	m0287/Carta 79	13	9	K	10	l	n
shuf	A	m0287/Carta 79	13	17	K	3	t	t
shuf	A	m0287/Carta 79	13	1	K	19	e	e
shuf	A	m0287/Carta 79	13	18	K	24	e	e
shuf	A	m0287/Carta 79	13	11	K	26	u	o
shuf	A	m0287/Carta 79	13	42	K	19	e	e
shuf	A	m0287/Carta 79	13	35	K	8	i	p
shuf	A	m0287/Carta 79	13	31	K	15	o	o
shuf	A	m0287/Carta 79	13	41	K	4	s	o
shuf	A	m0287/Carta 79	13	7	K	18	o	m
shuf	A	m0287/Carta 79	13	15	K	19	e	e
shuf	A	m0287/Carta 79	13	8	K	y	a	a
shuf	A	m0287/Carta 79	13	36	K	12	r	r
shuf	A	m0287/Carta 79	13	22	K	10	h	h
shuf	A	m0287/Carta 79	13	21	K	20	l	h
shuf	A	m0287/Carta 79	13	26	K	20	d	l
real	A	m0281/Carta 15	31	22	U	10	h	m
real	A	m0281/Carta 15	31	47	K	m	n	n
real	A	m0281/Carta 15	31	24	K	18	m	m
real	A	m0281/Carta 15	31	48	K	a	t	a
real	A	m0281/Carta 15	31	28	K	7	r	e
real	A	m0281/Carta 15	31	1	K	8	i	i
real	A	m0281/Carta 15	31	20	K	15	o	o
real	A	m0281/Carta 15	31	30	K	y	a	a
real	A	m0281/Carta 15	31	29	K	a	t	d
real	A	m0281/Carta 15	31	41	K	15	u	o
real	A	m0281/Carta 15	31	23	K	e	u	u
real	A	m0281/Carta 15	31	25	K	y	a	a
real	A	m0281/Carta 15	31	45	K	18	m	o
real	A	m0281/Carta 15	31	27	K	y	a	a
real	A	m0281/Carta 15	31	21	K	7	r	e
real	A	m0281/Carta 15	31	26	K	5	c	c
real	A	m0281/Carta 15	31	40	K	5	c	c
real	A	m0281/Carta 15	31	19	K	6	p	p
shuf	A	m0281/Carta 15	31	22	U	10	h	m
shuf	A	m0281/Carta 15	31	47	K	m	n	e
shuf	A	m0281/Carta 15	31	24	K	18	m	m
shuf	A	m0281/Carta 15	31	48	K	a	t	l
shuf	A	m0281/Carta 15	31	28	K	7	r	o
shuf	A	m0281/Carta 15	31	1	K	8	i	i
shuf	A	m0281/Carta 15	31	20	K	15	o	o
shuf	A	m0281/Carta 15	31	30	K	y	a	a
shuf	A	m0281/Carta 15	31	29	K	a	t	d
shuf	A	m0281/Carta 15	31	41	K	15	u	o
shuf	A	m0281/Carta 15	31	23	K	e	u	u
shuf	A	m0281/Carta 15	31	25	K	y	a	a
shuf	A	m0281/Carta 15	31	45	K	18	m	o
shuf	A	m0281/Carta 15	31	27	K	y	a	a
shuf	A	m0281/Carta 15	31	21	K	7	r	e
shuf	A	m0281/Carta 15	31	26	K	5	c	c
shuf	A	m0281/Carta 15	31	40	K	5	c	c
shuf	A	m0281/Carta 15	31	19	K	6	p	a
real	A	m0293/Carta 106	1	5	U	26	v	b
real	A	m0293/Carta 106	1	45	K	2	e	e
real	A	m0293/Carta 106	1	29	K	20	l	l
real	A	m0293/Carta 106	1	35	K	15	o	a
real	A	m0293/Carta 106	1	28	K	15	u	o
real	A	m0293/Carta 106	1	9	K	12	r	r
real	A	m0293/Carta 106	1	30	K	8	i	i
real	A	m0293/Carta 106	1	40	K	52	r	r
real	A	m0293/Carta 106	1	33	K	21	b	b
real	A	m0293/Carta 106	1	8	K	7	e	e
real	A	m0293/Carta 106	1	44	K	26	v	v
real	A	m0293/Carta 106	1	42	K	15	o	o
real	A	m0293/Carta 106	1	49	K	2	d	d
real	A	m0293/Carta 106	1	47	K	2	d	d
real	A	m0293/Carta 106	1	25	K	2	d	d
real	A	m0293/Carta 106	1	0	K	4	s	s
real	A	m0293/Carta 106	1	4	K	8	i	i
real	A	m0293/Carta 106	1	2	K	y	a	o
shuf	A	m0293/Carta 106	1	5	U	26	v	t
shuf	A	m0293/Carta 106	1	45	K	2	e	e
shuf	A	m0293/Carta 106	1	29	K	20	l	l
shuf	A	m0293/Carta 106	1	35	K	15	o	e
shuf	A	m0293/Carta 106	1	28	K	15	u	o
shuf	A	m0293/Carta 106	1	9	K	12	r	l
shuf	A	m0293/Carta 106	1	30	K	8	i	i
shuf	A	m0293/Carta 106	1	40	K	52	r	o
shuf	A	m0293/Carta 106	1	33	K	21	b	q
shuf	A	m0293/Carta 106	1	8	K	7	e	e
shuf	A	m0293/Carta 106	1	44	K	26	v	r
shuf	A	m0293/Carta 106	1	42	K	15	o	o
shuf	A	m0293/Carta 106	1	49	K	2	d	d
shuf	A	m0293/Carta 106	1	47	K	2	d	e
shuf	A	m0293/Carta 106	1	25	K	2	d	a
shuf	A	m0293/Carta 106	1	0	K	4	s	s
shuf	A	m0293/Carta 106	1	4	K	8	i	i
shuf	A	m0293/Carta 106	1	2	K	y	a	a
real	A	m0283/Carta 70	84	29	U	15	o	e
real	A	m0283/Carta 70	84	15	K	19	e	e
real	A	m0283/Carta 70	84	27	K	17	a	a
real	A	m0283/Carta 70	84	18	K	8	i	i
real	A	m0283/Carta 70	84	35	K	55	p	p
real	A	m0283/Carta 70	84	19	K	14	n	n
real	A	m0283/Carta 70	84	21	K	4	s	s
real	A	m0283/Carta 70	84	31	K	19	e	e
real	A	m0283/Carta 70	84	11	K	7	d	r
real	A	m0283/Carta 70	84	41	K	12	r	r
real	A	m0283/Carta 70	84	13	K	4	s	s
real	A	m0283/Carta 70	84	24	K	15	o	o
real	A	m0283/Carta 70	84	17	K	18	m	m
real	A	m0283/Carta 70	84	28	K	20	l	l
real	A	m0283/Carta 70	84	12	K	19	e	e
real	A	m0283/Carta 70	84	34	K	15	o	o
real	A	m0283/Carta 70	84	32	K	4	s	s
real	A	m0283/Carta 70	84	20	K	8	i	i
shuf	A	m0283/Carta 70	84	29	U	15	o	e
shuf	A	m0283/Carta 70	84	15	K	19	e	e
shuf	A	m0283/Carta 70	84	27	K	17	a	a
shuf	A	m0283/Carta 70	84	18	K	8	i	i
shuf	A	m0283/Carta 70	84	35	K	55	p	p
shuf	A	m0283/Carta 70	84	19	K	14	n	n
shuf	A	m0283/Carta 70	84	21	K	4	s	s
shuf	A	m0283/Carta 70	84	31	K	19	e	e
shuf	A	m0283/Carta 70	84	11	K	7	d	m
shuf	A	m0283/Carta 70	84	41	K	12	r	r
shuf	A	m0283/Carta 70	84	13	K	4	s	s
shuf	A	m0283/Carta 70	84	24	K	15	o	o
shuf	A	m0283/Carta 70	84	17	K	18	m	o
shuf	A	m0283/Carta 70	84	28	K	20	l	g
shuf	A	m0283/Carta 70	84	12	K	19	e	e
shuf	A	m0283/Carta 70	84	34	K	15	o	o
shuf	A	m0283/Carta 70	84	32	K	4	s	s
shuf	A	m0283/Carta 70	84	20	K	8	i	i
real	A	m0291/Passage 3a	1	25	U	24	e	e
real	A	m0291/Passage 3a	1	20	K	22	i	i
real	A	m0291/Passage 3a	1	9	K	7	e	e
real	A	m0291/Passage 3a	1	44	K	y	a	a
real	A	m0291/Passage 3a	1	46	K	17	a	a
real	A	m0291/Passage 3a	1	3	K	f	s	e
real	A	m0291/Passage 3a	1	33	K	19	e	e
real	A	m0291/Passage 3a	1	23	K	8	i	i
real	A	m0291/Passage 3a	1	16	K	2	d	d
real	A	m0291/Passage 3a	1	8	K	4	s	o
real	A	m0291/Passage 3a	1	19	K	12	r	r
real	A	m0291/Passage 3a	1	4	K	m	w	n
real	A	m0291/Passage 3a	1	11	K	a	t	s
real	A	m0291/Passage 3a	1	2	K	15	o	g
real	A	m0291/Passage 3a	1	39	K	f	s	s
real	A	m0291/Passage 3a	1	27	K	7	e	e
real	A	m0291/Passage 3a	1	24	K	55	p	p
real	A	m0291/Passage 3a	1	42	K	5	c	c
shuf	A	m0291/Passage 3a	1	25	U	24	e	a
shuf	A	m0291/Passage 3a	1	20	K	22	i	g
shuf	A	m0291/Passage 3a	1	9	K	7	e	r
shuf	A	m0291/Passage 3a	1	44	K	y	a	r
shuf	A	m0291/Passage 3a	1	46	K	17	a	a
shuf	A	m0291/Passage 3a	1	3	K	f	s	a
shuf	A	m0291/Passage 3a	1	33	K	19	e	e
shuf	A	m0291/Passage 3a	1	23	K	8	i	i
shuf	A	m0291/Passage 3a	1	16	K	2	d	d
shuf	A	m0291/Passage 3a	1	8	K	4	s	e
shuf	A	m0291/Passage 3a	1	19	K	12	r	e
shuf	A	m0291/Passage 3a	1	4	K	m	w	q
shuf	A	m0291/Passage 3a	1	11	K	a	t	l
shuf	A	m0291/Passage 3a	1	2	K	15	o	o
shuf	A	m0291/Passage 3a	1	39	K	f	s	t
shuf	A	m0291/Passage 3a	1	27	K	7	e	t
shuf	A	m0291/Passage 3a	1	24	K	55	p	p
shuf	A	m0291/Passage 3a	1	42	K	5	c	p
real	A	m0291/Passage 3a	5	3	U	6	h	e
real	A	m0291/Passage 3a	5	32	K	d	o	o
real	A	m0291/Passage 3a	5	0	K	m	w	g
real	A	m0291/Passage 3a	5	36	K	5	c	s
real	A	m0291/Passage 3a	5	37	K	15	o	o
real	A	m0291/Passage 3a	5	25	K	y	a	a
real	A	m0291/Passage 3a	5	31	K	55	p	p
real	A	m0291/Passage 3a	5	46	K	12	r	r
real	A	m0291/Passage 3a	5	12	K	2	d	d
real	A	m0291/Passage 3a	5	45	K	55	p	p
real	A	m0291/Passage 3a	5	35	K	f	s	s
real	A	m0291/Passage 3a	5	29	K	19	e	e
real	A	m0291/Passage 3a	5	24	K	10	h	r
real	A	m0291/Passage 3a	5	5	K	7	e	e
real	A	m0291/Passage 3a	5	14	K	55	p	p
real	A	m0291/Passage 3a	5	21	K	24	e	e
real	A	m0291/Passage 3a	5	1	K	10	i	h
real	A	m0291/Passage 3a	5	38	K	5	c	c
shuf	A	m0291/Passage 3a	5	3	U	6	h	i
shuf	A	m0291/Passage 3a	5	32	K	d	o	d
shuf	A	m0291/Passage 3a	5	0	K	m	w	n
shuf	A	m0291/Passage 3a	5	36	K	5	c	c
shuf	A	m0291/Passage 3a	5	37	K	15	o	o
shuf	A	m0291/Passage 3a	5	25	K	y	a	a
shuf	A	m0291/Passage 3a	5	31	K	55	p	o
shuf	A	m0291/Passage 3a	5	46	K	12	r	r
shuf	A	m0291/Passage 3a	5	12	K	2	d	d
shuf	A	m0291/Passage 3a	5	45	K	55	p	f
shuf	A	m0291/Passage 3a	5	35	K	f	s	s
shuf	A	m0291/Passage 3a	5	29	K	19	e	e
shuf	A	m0291/Passage 3a	5	24	K	10	h	a
shuf	A	m0291/Passage 3a	5	5	K	7	e	e
shuf	A	m0291/Passage 3a	5	14	K	55	p	g
shuf	A	m0291/Passage 3a	5	21	K	24	e	a
shuf	A	m0291/Passage 3a	5	1	K	10	i	h
shuf	A	m0291/Passage 3a	5	38	K	5	c	c
real	A	m0281/Carta 15	57	32	U	m	r	n
real	A	m0281/Carta 15	57	0	K	5	c	c
real	A	m0281/Carta 15	57	49	K	15	o	o
real	A	m0281/Carta 15	57	17	K	7	r	e
real	A	m0281/Carta 15	57	34	K	y	x	a
real	A	m0281/Carta 15	57	31	K	y	o	a
real	A	m0281/Carta 15	57	24	K	4	s	s
real	A	m0281/Carta 15	57	23	K	15	o	o
real	A	m0281/Carta 15	57	4	K	y	a	a
real	A	m0281/Carta 15	57	46	K	6	p	r
real	A	m0281/Carta 15	57	16	K	18	m	m
real	A	m0281/Carta 15	57	48	K	4	l	s
real	A	m0281/Carta 15	57	33	K	2	e	d
real	A	m0281/Carta 15	57	19	K	18	m	o
real	A	m0281/Carta 15	57	30	K	18	p	m
real	A	m0281/Carta 15	57	1	K	y	a	a
real	A	m0281/Carta 15	57	47	K	7	e	e
real	A	m0281/Carta 15	57	14	K	5	c	c
shuf	A	m0281/Carta 15	57	32	U	m	r	s
shuf	A	m0281/Carta 15	57	0	K	5	c	c
shuf	A	m0281/Carta 15	57	49	K	15	o	o
shuf	A	m0281/Carta 15	57	17	K	7	r	e
shuf	A	m0281/Carta 15	57	34	K	y	x	a
shuf	A	m0281/Carta 15	57	31	K	y	o	a
shuf	A	m0281/Carta 15	57	24	K	4	s	s
shuf	A	m0281/Carta 15	57	23	K	15	o	o
shuf	A	m0281/Carta 15	57	4	K	y	a	e
shuf	A	m0281/Carta 15	57	46	K	6	p	r
shuf	A	m0281/Carta 15	57	16	K	18	m	n
shuf	A	m0281/Carta 15	57	48	K	4	l	s
shuf	A	m0281/Carta 15	57	33	K	2	e	d
shuf	A	m0281/Carta 15	57	19	K	18	m	r
shuf	A	m0281/Carta 15	57	30	K	18	p	o
shuf	A	m0281/Carta 15	57	1	K	y	a	a
shuf	A	m0281/Carta 15	57	47	K	7	e	e
shuf	A	m0281/Carta 15	57	14	K	5	c	t
real	A	m0288/Passage 2a	25	5	U	17	a	a
real	A	m0288/Passage 2a	25	29	K	20	l	l
real	A	m0288/Passage 2a	25	26	K	17	a	a
real	A	m0288/Passage 2a	25	28	K	19	e	e
real	A	m0288/Passage 2a	25	2	K	3	t	t
real	A	m0288/Passage 2a	25	33	K	17	a	a
real	A	m0288/Passage 2a	25	34	K	16	f	g
real	A	m0288/Passage 2a	25	35	K	15	o	o
real	A	m0288/Passage 2a	25	25	K	55	p	p
real	A	m0288/Passage 2a	25	46	K	17	a	a
real	A	m0288/Passage 2a	25	44	K	3	t	t
real	A	m0288/Passage 2a	25	47	K	3	t	t
real	A	m0288/Passage 2a	25	1	K	17	a	a
real	A	m0288/Passage 2a	25	31	K	2	d	d
real	A	m0288/Passage 2a	25	37	K	15	o	o
real	A	m0288/Passage 2a	25	32	K	7	e	e
real	A	m0288/Passage 2a	25	48	K	23	o	a
real	A	m0288/Passage 2a	25	4	K	2	a	d
shuf	A	m0288/Passage 2a	25	5	U	17	a	a
shuf	A	m0288/Passage 2a	25	29	K	20	l	t
shuf	A	m0288/Passage 2a	25	26	K	17	a	a
shuf	A	m0288/Passage 2a	25	28	K	19	e	e
shuf	A	m0288/Passage 2a	25	2	K	3	t	i
shuf	A	m0288/Passage 2a	25	33	K	17	a	a
shuf	A	m0288/Passage 2a	25	34	K	16	f	g
shuf	A	m0288/Passage 2a	25	35	K	15	o	o
shuf	A	m0288/Passage 2a	25	25	K	55	p	l
shuf	A	m0288/Passage 2a	25	46	K	17	a	a
shuf	A	m0288/Passage 2a	25	44	K	3	t	o
shuf	A	m0288/Passage 2a	25	47	K	3	t	t
shuf	A	m0288/Passage 2a	25	1	K	17	a	a
shuf	A	m0288/Passage 2a	25	31	K	2	d	d
shuf	A	m0288/Passage 2a	25	37	K	15	o	o
shuf	A	m0288/Passage 2a	25	32	K	7	e	e
shuf	A	m0288/Passage 2a	25	48	K	23	o	a
shuf	A	m0288/Passage 2a	25	4	K	2	a	d
real	A	m0285/Carta 72	9	37	U	5	c	p
real	A	m0285/Carta 72	9	3	K	17	a	a
real	A	m0285/Carta 72	9	43	K	y	a	a
real	A	m0285/Carta 72	9	33	K	17	e	a
real	A	m0285/Carta 72	9	35	K	19	e	e
real	A	m0285/Carta 72	9	34	K	4	s	s
real	A	m0285/Carta 72	9	10	K	15	o	o
real	A	m0285/Carta 72	9	22	K	c	g	u
real	A	m0285/Carta 72	9	42	K	x	d	d
real	A	m0285/Carta 72	9	8	K	8	i	o
real	A	m0285/Carta 72	9	23	K	y	a	a
real	A	m0285/Carta 72	9	21	K	26	o	q
real	A	m0285/Carta 72	9	38	K	15	o	o
real	A	m0285/Carta 72	9	1	K	3	t	t
real	A	m0285/Carta 72	9	2	K	12	r	r
real	A	m0285/Carta 72	9	26	K	15	o	o
real	A	m0285/Carta 72	9	12	K	18	m	m
real	A	m0285/Carta 72	9	5	K	5	c	c
shuf	A	m0285/Carta 72	9	37	U	5	c	m
shuf	A	m0285/Carta 72	9	3	K	17	a	a
shuf	A	m0285/Carta 72	9	43	K	y	a	a
shuf	A	m0285/Carta 72	9	33	K	17	e	a
shuf	A	m0285/Carta 72	9	35	K	19	e	e
shuf	A	m0285/Carta 72	9	34	K	4	s	s
shuf	A	m0285/Carta 72	9	10	K	15	o	o
shuf	A	m0285/Carta 72	9	22	K	c	g	g
shuf	A	m0285/Carta 72	9	42	K	x	d	d
shuf	A	m0285/Carta 72	9	8	K	8	i	i
shuf	A	m0285/Carta 72	9	23	K	y	a	a
shuf	A	m0285/Carta 72	9	21	K	26	o	u
shuf	A	m0285/Carta 72	9	38	K	15	o	o
shuf	A	m0285/Carta 72	9	1	K	3	t	t
shuf	A	m0285/Carta 72	9	2	K	12	r	r
shuf	A	m0285/Carta 72	9	26	K	15	o	c
shuf	A	m0285/Carta 72	9	12	K	18	m	o
shuf	A	m0285/Carta 72	9	5	K	5	c	e
real	A	m0288/Passage 2a	27	32	U	16	f	g
real	A	m0288/Passage 2a	27	31	K	17	a	a
real	A	m0288/Passage 2a	27	47	K	18	a	e
real	A	m0288/Passage 2a	27	25	K	55	p	p
real	A	m0288/Passage 2a	27	23	K	55	p	p
real	A	m0288/Passage 2a	27	44	K	17	a	a
real	A	m0288/Passage 2a	27	21	K	14	n	n
real	A	m0288/Passage 2a	27	0	K	3	t	t
real	A	m0288/Passage 2a	27	42	K	3	t	t
real	A	m0288/Passage 2a	27	46	K	23	o	a
real	A	m0288/Passage 2a	27	35	K	15	o	o
real	A	m0288/Passage 2a	27	3	K	17	a	a
real	A	m0288/Passage 2a	27	45	K	3	t	t
real	A	m0288/Passage 2a	27	26	K	19	e	e
real	A	m0288/Passage 2a	27	24	K	17	a	a
real	A	m0288/Passage 2a	27	34	K	12	r	r
real	A	m0288/Passage 2a	27	29	K	2	d	d
real	A	m0288/Passage 2a	27	43	K	12	r	r
shuf	A	m0288/Passage 2a	27	32	U	16	f	m
shuf	A	m0288/Passage 2a	27	31	K	17	a	a
shuf	A	m0288/Passage 2a	27	47	K	18	a	o
shuf	A	m0288/Passage 2a	27	25	K	55	p	p
shuf	A	m0288/Passage 2a	27	23	K	55	p	o
shuf	A	m0288/Passage 2a	27	44	K	17	a	a
shuf	A	m0288/Passage 2a	27	21	K	14	n	s
shuf	A	m0288/Passage 2a	27	0	K	3	t	t
shuf	A	m0288/Passage 2a	27	42	K	3	t	t
shuf	A	m0288/Passage 2a	27	46	K	23	o	a
shuf	A	m0288/Passage 2a	27	35	K	15	o	c
shuf	A	m0288/Passage 2a	27	3	K	17	a	a
shuf	A	m0288/Passage 2a	27	45	K	3	t	t
shuf	A	m0288/Passage 2a	27	26	K	19	e	e
shuf	A	m0288/Passage 2a	27	24	K	17	a	a
shuf	A	m0288/Passage 2a	27	34	K	12	r	r
shuf	A	m0288/Passage 2a	27	29	K	2	d	e
shuf	A	m0288/Passage 2a	27	43	K	12	r	r
real	A	m0289/Carta 92	19	4	U	25	o	a
real	A	m0289/Carta 92	19	29	K	23	a	a
real	A	m0289/Carta 92	19	46	K	f	s	s
real	A	m0289/Carta 92	19	11	K	4	s	s
real	A	m0289/Carta 92	19	48	K	10	h	g
real	A	m0289/Carta 92	19	13	K	y	h	a
real	A	m0289/Carta 92	19	32	K	d	o	o
real	A	m0289/Carta 92	19	3	K	x	d	d
real	A	m0289/Carta 92	19	49	K	c	u	u
real	A	m0289/Carta 92	19	34	K	5	c	c
real	A	m0289/Carta 92	19	0	K	23	a	a
real	A	m0289/Carta 92	19	6	K	12	r	r
real	A	m0289/Carta 92	19	8	K	m	n	n
real	A	m0289/Carta 92	19	1	K	12	r	r
real	A	m0289/Carta 92	19	44	K	a	d	a
real	A	m0289/Carta 92	19	42	K	5	e	c
real	A	m0289/Carta 92	19	30	K	m	n	n
real	A	m0289/Carta 92	19	36	K	y	s	r
shuf	A	m0289/Carta 92	19	4	U	25	o	o
shuf	A	m0289/Carta 92	19	29	K	23	a	a
shuf	A	m0289/Carta 92	19	46	K	f	s	e
shuf	A	m0289/Carta 92	19	11	K	4	s	s
shuf	A	m0289/Carta 92	19	48	K	10	h	h
shuf	A	m0289/Carta 92	19	13	K	y	h	a
shuf	A	m0289/Carta 92	19	32	K	d	o	o
shuf	A	m0289/Carta 92	19	3	K	x	d	d
shuf	A	m0289/Carta 92	19	49	K	c	u	u
shuf	A	m0289/Carta 92	19	34	K	5	c	c
shuf	A	m0289/Carta 92	19	0	K	23	a	g
shuf	A	m0289/Carta 92	19	6	K	12	r	e
shuf	A	m0289/Carta 92	19	8	K	m	n	n
shuf	A	m0289/Carta 92	19	1	K	12	r	r
shuf	A	m0289/Carta 92	19	44	K	a	d	t
shuf	A	m0289/Carta 92	19	42	K	5	e	c
shuf	A	m0289/Carta 92	19	30	K	m	n	n
shuf	A	m0289/Carta 92	19	36	K	y	s	a
real	A	m0294/Carta 110	9	41	U	4	s	s
real	A	m0294/Carta 110	9	7	K	4	s	s
real	A	m0294/Carta 110	9	45	K	7	e	e
real	A	m0294/Carta 110	9	44	K	18	m	m
real	A	m0294/Carta 110	9	8	K	55	p	p
real	A	m0294/Carta 110	9	22	K	18	m	m
real	A	m0294/Carta 110	9	4	K	18	o	m
real	A	m0294/Carta 110	9	10	K	55	n	n
real	A	m0294/Carta 110	9	24	K	18	m	m
real	A	m0294/Carta 110	9	19	K	7	e	e
real	A	m0294/Carta 110	9	1	K	15	o	o
real	A	m0294/Carta 110	9	16	K	16	f	l
real	A	m0294/Carta 110	9	21	K	7	e	e
real	A	m0294/Carta 110	9	43	K	y	a	a
real	A	m0294/Carta 110	9	14	K	18	m	p
real	A	m0294/Carta 110	9	46	K	14	n	n
real	A	m0294/Carta 110	9	5	K	12	r	r
real	A	m0294/Carta 110	9	13	K	12	r	r
shuf	A	m0294/Carta 110	9	41	U	4	s	d
shuf	A	m0294/Carta 110	9	7	K	4	s	s
shuf	A	m0294/Carta 110	9	45	K	7	e	e
shuf	A	m0294/Carta 110	9	44	K	18	m	m
shuf	A	m0294/Carta 110	9	8	K	55	p	s
shuf	A	m0294/Carta 110	9	22	K	18	m	m
shuf	A	m0294/Carta 110	9	4	K	18	o	a
shuf	A	m0294/Carta 110	9	10	K	55	n	p
shuf	A	m0294/Carta 110	9	24	K	18	m	o
shuf	A	m0294/Carta 110	9	19	K	7	e	d
shuf	A	m0294/Carta 110	9	1	K	15	o	p
shuf	A	m0294/Carta 110	9	16	K	16	f	i
shuf	A	m0294/Carta 110	9	21	K	7	e	e
shuf	A	m0294/Carta 110	9	43	K	y	a	a
shuf	A	m0294/Carta 110	9	14	K	18	m	m
shuf	A	m0294/Carta 110	9	46	K	14	n	n
shuf	A	m0294/Carta 110	9	5	K	12	r	r
shuf	A	m0294/Carta 110	9	13	K	12	r	r
real	A	m0294/Carta 110	5	2	U	10	h	v
real	A	m0294/Carta 110	5	0	K	24	e	e
real	A	m0294/Carta 110	5	10	K	19	e	e
real	A	m0294/Carta 110	5	45	K	4	s	s
real	A	m0294/Carta 110	5	49	K	7	e	e
real	A	m0294/Carta 110	5	15	K	x	d	u
real	A	m0294/Carta 110	5	22	K	e	g	i
real	A	m0294/Carta 110	5	24	K	2	d	d
real	A	m0294/Carta 110	5	8	K	18	o	m
real	A	m0294/Carta 110	5	17	K	12	r	r
real	A	m0294/Carta 110	5	3	K	17	a	a
real	A	m0294/Carta 110	5	6	K	55	n	p
real	A	m0294/Carta 110	5	26	K	18	m	m
real	A	m0294/Carta 110	5	48	K	18	m	m
real	A	m0294/Carta 110	5	9	K	12	r	r
real	A	m0294/Carta 110	5	19	K	7	e	e
real	A	m0294/Carta 110	5	11	K	4	s	s
real	A	m0294/Carta 110	5	18	K	18	m	r
shuf	A	m0294/Carta 110	5	2	U	10	h	c
shuf	A	m0294/Carta 110	5	0	K	24	e	e
shuf	A	m0294/Carta 110	5	10	K	19	e	e
shuf	A	m0294/Carta 110	5	45	K	4	s	e
shuf	A	m0294/Carta 110	5	49	K	7	e	e
shuf	A	m0294/Carta 110	5	15	K	x	d	o
shuf	A	m0294/Carta 110	5	22	K	e	g	n
shuf	A	m0294/Carta 110	5	24	K	2	d	d
shuf	A	m0294/Carta 110	5	8	K	18	o	a
shuf	A	m0294/Carta 110	5	17	K	12	r	o
shuf	A	m0294/Carta 110	5	3	K	17	a	a
shuf	A	m0294/Carta 110	5	6	K	55	n	o
shuf	A	m0294/Carta 110	5	26	K	18	m	a
shuf	A	m0294/Carta 110	5	48	K	18	m	d
shuf	A	m0294/Carta 110	5	9	K	12	r	r
shuf	A	m0294/Carta 110	5	19	K	7	e	e
shuf	A	m0294/Carta 110	5	11	K	4	s	s
shuf	A	m0294/Carta 110	5	18	K	18	m	m
real	A	m0288/Passage 2a	12	2	U	7	e	e
real	A	m0288/Passage 2a	12	15	K	3	t	t
real	A	m0288/Passage 2a	12	47	K	16	f	f
real	A	m0288/Passage 2a	12	44	K	2	d	d
real	A	m0288/Passage 2a	12	14	K	17	a	n
real	A	m0288/Passage 2a	12	46	K	17	a	a
real	A	m0288/Passage 2a	12	6	K	2	d	d
real	A	m0288/Passage 2a	12	49	K	12	r	r
real	A	m0288/Passage 2a	12	7	K	15	o	o
real	A	m0288/Passage 2a	12	42	K	20	l	l
real	A	m0288/Passage 2a	12	1	K	16	f	f
real	A	m0288/Passage 2a	12	38	K	55	p	p
real	A	m0288/Passage 2a	12	39	K	17	a	a
real	A	m0288/Passage 2a	12	37	K	15	o	o
real	A	m0288/Passage 2a	12	36	K	14	n	n
real	A	m0288/Passage 2a	12	18	K	17	a	a
real	A	m0288/Passage 2a	12	40	K	55	p	p
real	A	m0288/Passage 2a	12	48	K	15	o	o
shuf	A	m0288/Passage 2a	12	2	U	7	e	t
shuf	A	m0288/Passage 2a	12	15	K	3	t	t
shuf	A	m0288/Passage 2a	12	47	K	16	f	f
shuf	A	m0288/Passage 2a	12	44	K	2	d	d
shuf	A	m0288/Passage 2a	12	14	K	17	a	a
shuf	A	m0288/Passage 2a	12	46	K	17	a	a
shuf	A	m0288/Passage 2a	12	6	K	2	d	d
shuf	A	m0288/Passage 2a	12	49	K	12	r	r
shuf	A	m0288/Passage 2a	12	7	K	15	o	e
shuf	A	m0288/Passage 2a	12	42	K	20	l	i
shuf	A	m0288/Passage 2a	12	1	K	16	f	f
shuf	A	m0288/Passage 2a	12	38	K	55	p	p
shuf	A	m0288/Passage 2a	12	39	K	17	a	a
shuf	A	m0288/Passage 2a	12	37	K	15	o	o
shuf	A	m0288/Passage 2a	12	36	K	14	n	n
shuf	A	m0288/Passage 2a	12	18	K	17	a	a
shuf	A	m0288/Passage 2a	12	40	K	55	p	n
shuf	A	m0288/Passage 2a	12	48	K	15	o	o
real	A	m0294/Carta 110	4	29	U	18	m	a
real	A	m0294/Carta 110	4	20	K	7	e	e
real	A	m0294/Carta 110	4	23	K	e	g	d
real	A	m0294/Carta 110	4	26	K	7	e	e
real	A	m0294/Carta 110	4	4	K	17	a	a
real	A	m0294/Carta 110	4	21	K	16	f	i
real	A	m0294/Carta 110	4	49	K	18	m	m
real	A	m0294/Carta 110	4	28	K	8	i	i
real	A	m0294/Carta 110	4	12	K	4	s	s
real	A	m0294/Carta 110	4	18	K	12	r	r
real	A	m0294/Carta 110	4	16	K	x	d	d
real	A	m0294/Carta 110	4	1	K	24	e	e
real	A	m0294/Carta 110	4	15	K	55	n	n
real	A	m0294/Carta 110	4	17	K	7	e	e
real	A	m0294/Carta 110	4	2	K	20	l	l
real	A	m0294/Carta 110	4	22	K	15	o	o
real	A	m0294/Carta 110	4	3	K	10	h	l
real	A	m0294/Carta 110	4	9	K	18	o	m
shuf	A	m0294/Carta 110	4	29	U	18	m	d
shuf	A	m0294/Carta 110	4	20	K	7	e	e
shuf	A	m0294/Carta 110	4	23	K	e	g	n
shuf	A	m0294/Carta 110	4	26	K	7	e	e
shuf	A	m0294/Carta 110	4	4	K	17	a	a
shuf	A	m0294/Carta 110	4	21	K	16	f	c
shuf	A	m0294/Carta 110	4	49	K	18	m	m
shuf	A	m0294/Carta 110	4	28	K	8	i	i
shuf	A	m0294/Carta 110	4	12	K	4	s	s
shuf	A	m0294/Carta 110	4	18	K	12	r	r
shuf	A	m0294/Carta 110	4	16	K	x	d	d
shuf	A	m0294/Carta 110	4	1	K	24	e	n
shuf	A	m0294/Carta 110	4	15	K	55	n	i
shuf	A	m0294/Carta 110	4	17	K	7	e	e
shuf	A	m0294/Carta 110	4	2	K	20	l	l
shuf	A	m0294/Carta 110	4	22	K	15	o	o
shuf	A	m0294/Carta 110	4	3	K	10	h	h
shuf	A	m0294/Carta 110	4	9	K	18	o	o
real	A	m0288/Carta 85	16	41	U	7	e	e
real	A	m0288/Carta 85	16	33	K	2	d	d
real	A	m0288/Carta 85	16	25	K	15	o	o
real	A	m0288/Carta 85	16	37	K	26	v	v
real	A	m0288/Carta 85	16	31	K	2	d	d
real	A	m0288/Carta 85	16	39	K	14	n	n
real	A	m0288/Carta 85	16	36	K	4	a	s
real	A	m0288/Carta 85	16	26	K	3	t	t
real	A	m0288/Carta 85	16	24	K	14	n	n
real	A	m0288/Carta 85	16	38	K	19	e	e
real	A	m0288/Carta 85	16	40	K	2	d	d
real	A	m0288/Carta 85	16	27	K	12	r	r
real	A	m0288/Carta 85	16	42	K	12	r	r
real	A	m0288/Carta 85	16	48	K	15	o	o
real	A	m0288/Carta 85	16	32	K	15	o	o
real	A	m0288/Carta 85	16	49	K	18	m	m
real	A	m0288/Carta 85	16	34	K	19	a	e
real	A	m0288/Carta 85	16	45	K	3	t	t
shuf	A	m0288/Carta 85	16	41	U	7	e	v
shuf	A	m0288/Carta 85	16	33	K	2	d	d
shuf	A	m0288/Carta 85	16	25	K	15	o	o
shuf	A	m0288/Carta 85	16	37	K	26	v	v
shuf	A	m0288/Carta 85	16	31	K	2	d	l
shuf	A	m0288/Carta 85	16	39	K	14	n	n
shuf	A	m0288/Carta 85	16	36	K	4	a	e
shuf	A	m0288/Carta 85	16	26	K	3	t	t
shuf	A	m0288/Carta 85	16	24	K	14	n	n
shuf	A	m0288/Carta 85	16	38	K	19	e	e
shuf	A	m0288/Carta 85	16	40	K	2	d	d
shuf	A	m0288/Carta 85	16	27	K	12	r	r
shuf	A	m0288/Carta 85	16	42	K	12	r	r
shuf	A	m0288/Carta 85	16	48	K	15	o	o
shuf	A	m0288/Carta 85	16	32	K	15	o	o
shuf	A	m0288/Carta 85	16	49	K	18	m	m
shuf	A	m0288/Carta 85	16	34	K	19	a	e
shuf	A	m0288/Carta 85	16	45	K	3	t	s
real	A	m0294/Carta 110	3	23	U	15	o	i
real	A	m0294/Carta 110	3	15	K	15	o	o
real	A	m0294/Carta 110	3	0	K	19	e	e
real	A	m0294/Carta 110	3	4	K	10	h	l
real	A	m0294/Carta 110	3	8	K	55	n	p
real	A	m0294/Carta 110	3	24	K	e	g	z
real	A	m0294/Carta 110	3	13	K	4	s	s
real	A	m0294/Carta 110	3	11	K	12	r	r
real	A	m0294/Carta 110	3	21	K	7	e	e
real	A	m0294/Carta 110	3	19	K	12	r	r
real	A	m0294/Carta 110	3	28	K	18	m	m
real	A	m0294/Carta 110	3	16	K	55	n	n
real	A	m0294/Carta 110	3	17	K	x	d	d
real	A	m0294/Carta 110	3	14	K	55	p	p
real	A	m0294/Carta 110	3	48	K	26	u	u
real	A	m0294/Carta 110	3	30	K	18	m	m
real	A	m0294/Carta 110	3	2	K	24	e	e
real	A	m0294/Carta 110	3	7	K	15	o	o
shuf	A	m0294/Carta 110	3	23	U	15	o	e
shuf	A	m0294/Carta 110	3	15	K	15	o	o
shuf	A	m0294/Carta 110	3	0	K	19	e	e
shuf	A	m0294/Carta 110	3	4	K	10	h	l
shuf	A	m0294/Carta 110	3	8	K	55	n	p
shuf	A	m0294/Carta 110	3	24	K	e	g	g
shuf	A	m0294/Carta 110	3	13	K	4	s	a
shuf	A	m0294/Carta 110	3	11	K	12	r	i
shuf	A	m0294/Carta 110	3	21	K	7	e	e
shuf	A	m0294/Carta 110	3	19	K	12	r	e
shuf	A	m0294/Carta 110	3	28	K	18	m	o
shuf	A	m0294/Carta 110	3	16	K	55	n	n
shuf	A	m0294/Carta 110	3	17	K	x	d	d
shuf	A	m0294/Carta 110	3	14	K	55	p	p
shuf	A	m0294/Carta 110	3	48	K	26	u	i
shuf	A	m0294/Carta 110	3	30	K	18	m	m
shuf	A	m0294/Carta 110	3	2	K	24	e	w
shuf	A	m0294/Carta 110	3	7	K	15	o	s
real	A	m0282/Carta 58	22	25	U	22	e	m
real	A	m0282/Carta 58	22	0	K	15	o	o
real	A	m0282/Carta 58	22	28	K	13	m	m
real	A	m0282/Carta 58	22	21	K	4	s	s
real	A	m0282/Carta 58	22	4	K	m	n	n
real	A	m0282/Carta 58	22	46	K	17	a	a
real	A	m0282/Carta 58	22	31	K	2	d	i
real	A	m0282/Carta 58	22	9	K	55	p	p
real	A	m0282/Carta 58	22	23	K	21	b	b
real	A	m0282/Carta 58	22	38	K	4	s	s
real	A	m0282/Carta 58	22	35	K	18	o	o
real	A	m0282/Carta 58	22	29	K	17	a	a
real	A	m0282/Carta 58	22	6	K	2	d	d
real	A	m0282/Carta 58	22	10	K	19	e	e
real	A	m0282/Carta 58	22	24	K	19	e	e
real	A	m0282/Carta 58	22	27	K	15	o	o
real	A	m0282/Carta 58	22	7	K	17	a	a
real	A	m0282/Carta 58	22	22	K	17	a	a
shuf	A	m0282/Carta 58	22	25	U	22	e	r
shuf	A	m0282/Carta 58	22	0	K	15	o	o
shuf	A	m0282/Carta 58	22	28	K	13	m	n
shuf	A	m0282/Carta 58	22	21	K	4	s	s
shuf	A	m0282/Carta 58	22	4	K	m	n	n
shuf	A	m0282/Carta 58	22	46	K	17	a	s
shuf	A	m0282/Carta 58	22	31	K	2	d	e
shuf	A	m0282/Carta 58	22	9	K	55	p	p
shuf	A	m0282/Carta 58	22	23	K	21	b	b
shuf	A	m0282/Carta 58	22	38	K	4	s	d
shuf	A	m0282/Carta 58	22	35	K	18	o	m
shuf	A	m0282/Carta 58	22	29	K	17	a	a
shuf	A	m0282/Carta 58	22	6	K	2	d	d
shuf	A	m0282/Carta 58	22	10	K	19	e	e
shuf	A	m0282/Carta 58	22	24	K	19	e	e
shuf	A	m0282/Carta 58	22	27	K	15	o	o
shuf	A	m0282/Carta 58	22	7	K	17	a	a
shuf	A	m0282/Carta 58	22	22	K	17	a	a
real	A	m0293/Carta 106	0	45	U	26	v	t
real	A	m0293/Carta 106	0	4	K	10	r	r
real	A	m0293/Carta 106	0	30	K	20	l	l
real	A	m0293/Carta 106	0	7	K	22	i	g
real	A	m0293/Carta 106	0	9	K	7	e	e
real	A	m0293/Carta 106	0	3	K	y	a	a
real	A	m0293/Carta 106	0	39	K	4	s	s
real	A	m0293/Carta 106	0	35	K	12	r	r
real	A	m0293/Carta 106	0	29	K	15	u	o
real	A	m0293/Carta 106	0	0	K	19	e	e
real	A	m0293/Carta 106	0	31	K	8	i	i
real	A	m0293/Carta 106	0	10	K	12	r	r
real	A	m0293/Carta 106	0	34	K	21	b	p
real	A	m0293/Carta 106	0	46	K	2	e	e
real	A	m0293/Carta 106	0	37	K	26	o	v
real	A	m0293/Carta 106	0	48	K	2	d	d
real	A	m0293/Carta 106	0	40	K	7	e	e
real	A	m0293/Carta 106	0	33	K	d	g	o
shuf	A	m0293/Carta 106	0	45	U	26	v	a
shuf	A	m0293/Carta 106	0	4	K	10	r	i
shuf	A	m0293/Carta 106	0	30	K	20	l	l
shuf	A	m0293/Carta 106	0	7	K	22	i	a
shuf	A	m0293/Carta 106	0	9	K	7	e	u
shuf	A	m0293/Carta 106	0	3	K	y	a	s
shuf	A	m0293/Carta 106	0	39	K	4	s	l
shuf	A	m0293/Carta 106	0	35	K	12	r	r
shuf	A	m0293/Carta 106	0	29	K	15	u	o
shuf	A	m0293/Carta 106	0	0	K	19	e	e
shuf	A	m0293/Carta 106	0	31	K	8	i	i
shuf	A	m0293/Carta 106	0	10	K	12	r	r
shuf	A	m0293/Carta 106	0	34	K	21	b	b
shuf	A	m0293/Carta 106	0	46	K	2	e	o
shuf	A	m0293/Carta 106	0	37	K	26	o	u
shuf	A	m0293/Carta 106	0	48	K	2	d	d
shuf	A	m0293/Carta 106	0	40	K	7	e	e
shuf	A	m0293/Carta 106	0	33	K	d	g	o
real	A	m0285/Carta 72	13	31	U	19	e	a
real	A	m0285/Carta 72	13	17	K	26	o	q
real	A	m0285/Carta 72	13	8	K	18	m	m
real	A	m0285/Carta 72	13	39	K	y	a	a
real	A	m0285/Carta 72	13	6	K	15	o	o
real	A	m0285/Carta 72	13	7	K	7	e	e
real	A	m0285/Carta 72	13	1	K	5	c	c
real	A	m0285/Carta 72	13	32	K	4	s	s
real	A	m0285/Carta 72	13	30	K	4	s	s
real	A	m0285/Carta 72	13	3	K	18	m	m
real	A	m0285/Carta 72	13	36	K	2	d	d
real	A	m0285/Carta 72	13	35	K	14	n	n
real	A	m0285/Carta 72	13	40	K	4	s	s
real	A	m0285/Carta 72	13	18	K	c	g	u
real	A	m0285/Carta 72	13	2	K	15	o	o
real	A	m0285/Carta 72	13	4	K	8	i	o
real	A	m0285/Carta 72	13	33	K	5	c	c
real	A	m0285/Carta 72	13	38	K	x	d	d
shuf	A	m0285/Carta 72	13	31	U	19	e	s
shuf	A	m0285/Carta 72	13	17	K	26	o	u
shuf	A	m0285/Carta 72	13	8	K	18	m	m
shuf	A	m0285/Carta 72	13	39	K	y	a	a
shuf	A	m0285/Carta 72	13	6	K	15	o	o
shuf	A	m0285/Carta 72	13	7	K	7	e	e
shuf	A	m0285/Carta 72	13	1	K	5	c	c
shuf	A	m0285/Carta 72	13	32	K	4	s	s
shuf	A	m0285/Carta 72	13	30	K	4	s	a
shuf	A	m0285/Carta 72	13	3	K	18	m	m
shuf	A	m0285/Carta 72	13	36	K	2	d	e
shuf	A	m0285/Carta 72	13	35	K	14	n	m
shuf	A	m0285/Carta 72	13	40	K	4	s	s
shuf	A	m0285/Carta 72	13	18	K	c	g	p
shuf	A	m0285/Carta 72	13	2	K	15	o	o
shuf	A	m0285/Carta 72	13	4	K	8	i	i
shuf	A	m0285/Carta 72	13	33	K	5	c	i
shuf	A	m0285/Carta 72	13	38	K	x	d	i
real	A	m0291/Carta 96	1	39	U	15	o	r
real	A	m0291/Carta 96	1	31	K	8	i	i
real	A	m0291/Carta 96	1	3	K	15	e	o
real	A	m0291/Carta 96	1	15	K	16	f	o
real	A	m0291/Carta 96	1	12	K	13	q	t
real	A	m0291/Carta 96	1	16	K	8	i	i
real	A	m0291/Carta 96	1	8	K	25	o	o
real	A	m0291/Carta 96	1	37	K	c	v	a
real	A	m0291/Carta 96	1	9	K	5	c	c
real	A	m0291/Carta 96	1	44	K	15	o	o
real	A	m0291/Carta 96	1	40	K	3	t	t
real	A	m0291/Carta 96	1	7	K	3	t	t
real	A	m0291/Carta 96	1	34	K	25	o	o
real	A	m0291/Carta 96	1	17	K	5	c	c
real	A	m0291/Carta 96	1	48	K	8	i	i
real	A	m0291/Carta 96	1	0	K	12	r	r
real	A	m0291/Carta 96	1	38	K	y	a	a
real	A	m0291/Carta 96	1	46	K	12	r	r
shuf	A	m0291/Carta 96	1	39	U	15	o	r
shuf	A	m0291/Carta 96	1	31	K	8	i	g
shuf	A	m0291/Carta 96	1	3	K	15	e	p
shuf	A	m0291/Carta 96	1	15	K	16	f	a
shuf	A	m0291/Carta 96	1	12	K	13	q	m
shuf	A	m0291/Carta 96	1	16	K	8	i	i
shuf	A	m0291/Carta 96	1	8	K	25	o	o
shuf	A	m0291/Carta 96	1	37	K	c	v	u
shuf	A	m0291/Carta 96	1	9	K	5	c	e
shuf	A	m0291/Carta 96	1	44	K	15	o	p
shuf	A	m0291/Carta 96	1	40	K	3	t	t
shuf	A	m0291/Carta 96	1	7	K	3	t	t
shuf	A	m0291/Carta 96	1	34	K	25	o	o
shuf	A	m0291/Carta 96	1	17	K	5	c	n
shuf	A	m0291/Carta 96	1	48	K	8	i	u
shuf	A	m0291/Carta 96	1	0	K	12	r	r
shuf	A	m0291/Carta 96	1	38	K	y	a	a
shuf	A	m0291/Carta 96	1	46	K	12	r	r
real	A	m0282/Carta 58	0	21	U	4	s	a
real	A	m0282/Carta 58	0	1	K	m	n	n
real	A	m0282/Carta 58	0	26	K	m	n	n
real	A	m0282/Carta 58	0	48	K	5	c	c
real	A	m0282/Carta 58	0	27	K	15	o	o
real	A	m0282/Carta 58	0	14	K	c	g	v
real	A	m0282/Carta 58	0	28	K	2	d	d
real	A	m0282/Carta 58	0	10	K	2	d	d
real	A	m0282/Carta 58	0	16	K	m	n	n
real	A	m0282/Carta 58	0	19	K	17	a	a
real	A	m0282/Carta 58	0	13	K	8	i	i
real	A	m0282/Carta 58	0	29	K	17	a	a
real	A	m0282/Carta 58	0	31	K	55	p	p
real	A	m0282/Carta 58	0	22	K	15	o	o
real	A	m0282/Carta 58	0	17	K	5	c	c
real	A	m0282/Carta 58	0	46	K	19	e	e
real	A	m0282/Carta 58	0	45	K	21	b	b
real	A	m0282/Carta 58	0	32	K	19	e	e
shuf	A	m0282/Carta 58	0	21	U	4	s	d
shuf	A	m0282/Carta 58	0	1	K	m	n	n
shuf	A	m0282/Carta 58	0	26	K	m	n	r
shuf	A	m0282/Carta 58	0	48	K	5	c	e
shuf	A	m0282/Carta 58	0	27	K	15	o	o
shuf	A	m0282/Carta 58	0	14	K	c	g	v
shuf	A	m0282/Carta 58	0	28	K	2	d	d
shuf	A	m0282/Carta 58	0	10	K	2	d	d
shuf	A	m0282/Carta 58	0	16	K	m	n	n
shuf	A	m0282/Carta 58	0	19	K	17	a	a
shuf	A	m0282/Carta 58	0	13	K	8	i	i
shuf	A	m0282/Carta 58	0	29	K	17	a	a
shuf	A	m0282/Carta 58	0	31	K	55	p	o
shuf	A	m0282/Carta 58	0	22	K	15	o	o
shuf	A	m0282/Carta 58	0	17	K	5	c	c
shuf	A	m0282/Carta 58	0	46	K	19	e	e
shuf	A	m0282/Carta 58	0	45	K	21	b	t
shuf	A	m0282/Carta 58	0	32	K	19	e	a
real	A	m0291/Carta 96	2	28	U	15	o	o
real	A	m0291/Carta 96	2	10	K	18	m	m
real	A	m0291/Carta 96	2	3	K	e	g	g
real	A	m0291/Carta 96	2	33	K	25	o	o
real	A	m0291/Carta 96	2	38	K	15	o	o
real	A	m0291/Carta 96	2	43	K	15	o	o
real	A	m0291/Carta 96	2	17	K	15	o	o
real	A	m0291/Carta 96	2	41	K	f	e	o
real	A	m0291/Carta 96	2	29	K	2	d	d
real	A	m0291/Carta 96	2	36	K	c	v	a
real	A	m0291/Carta 96	2	9	K	15	o	o
real	A	m0291/Carta 96	2	47	K	8	i	i
real	A	m0291/Carta 96	2	16	K	5	c	c
real	A	m0291/Carta 96	2	39	K	3	t	s
real	A	m0291/Carta 96	2	44	K	c	u	u
real	A	m0291/Carta 96	2	2	K	15	e	o
real	A	m0291/Carta 96	2	45	K	12	r	r
real	A	m0291/Carta 96	2	49	K	25	o	o
shuf	A	m0291/Carta 96	2	28	U	15	o	u
shuf	A	m0291/Carta 96	2	10	K	18	m	o
shuf	A	m0291/Carta 96	2	3	K	e	g	s
shuf	A	m0291/Carta 96	2	33	K	25	o	o
shuf	A	m0291/Carta 96	2	38	K	15	o	o
shuf	A	m0291/Carta 96	2	43	K	15	o	o
shuf	A	m0291/Carta 96	2	17	K	15	o	i
shuf	A	m0291/Carta 96	2	41	K	f	e	a
shuf	A	m0291/Carta 96	2	29	K	2	d	d
shuf	A	m0291/Carta 96	2	36	K	c	v	u
shuf	A	m0291/Carta 96	2	9	K	15	o	o
shuf	A	m0291/Carta 96	2	47	K	8	i	i
shuf	A	m0291/Carta 96	2	16	K	5	c	c
shuf	A	m0291/Carta 96	2	39	K	3	t	t
shuf	A	m0291/Carta 96	2	44	K	c	u	i
shuf	A	m0291/Carta 96	2	2	K	15	e	o
shuf	A	m0291/Carta 96	2	45	K	12	r	r
shuf	A	m0291/Carta 96	2	49	K	25	o	o
real	A	m0293/Carta 106	0	10	U	12	r	t
real	A	m0293/Carta 106	0	48	K	2	d	d
real	A	m0293/Carta 106	0	49	K	8	i	i
real	A	m0293/Carta 106	0	33	K	d	g	o
real	A	m0293/Carta 106	0	27	K	19	e	e
real	A	m0293/Carta 106	0	2	K	3	t	t
real	A	m0293/Carta 106	0	46	K	2	e	i
real	A	m0293/Carta 106	0	47	K	14	n	n
real	A	m0293/Carta 106	0	25	K	2	e	o
real	A	m0293/Carta 106	0	35	K	12	r	r
real	A	m0293/Carta 106	0	36	K	15	o	a
real	A	m0293/Carta 106	0	28	K	21	b	b
real	A	m0293/Carta 106	0	30	K	20	l	l
real	A	m0293/Carta 106	0	9	K	7	e	e
real	A	m0293/Carta 106	0	5	K	8	i	i
real	A	m0293/Carta 106	0	0	K	19	e	e
real	A	m0293/Carta 106	0	32	K	14	n	n
real	A	m0293/Carta 106	0	26	K	2	d	d
shuf	A	m0293/Carta 106	0	10	U	12	r	m
shuf	A	m0293/Carta 106	0	48	K	2	d	d
shuf	A	m0293/Carta 106	0	49	K	8	i	i
shuf	A	m0293/Carta 106	0	33	K	d	g	o
shuf	A	m0293/Carta 106	0	27	K	19	e	e
shuf	A	m0293/Carta 106	0	2	K	3	t	t
shuf	A	m0293/Carta 106	0	46	K	2	e	e
shuf	A	m0293/Carta 106	0	47	K	14	n	n
shuf	A	m0293/Carta 106	0	25	K	2	e	r
shuf	A	m0293/Carta 106	0	35	K	12	r	o
shuf	A	m0293/Carta 106	0	36	K	15	o	o
shuf	A	m0293/Carta 106	0	28	K	21	b	n
shuf	A	m0293/Carta 106	0	30	K	20	l	i
shuf	A	m0293/Carta 106	0	9	K	7	e	e
shuf	A	m0293/Carta 106	0	5	K	8	i	a
shuf	A	m0293/Carta 106	0	0	K	19	e	e
shuf	A	m0293/Carta 106	0	32	K	14	n	i
shuf	A	m0293/Carta 106	0	26	K	2	d	d
real	A	m0282/Carta 61	49	48	U	20	l	a
real	A	m0282/Carta 61	49	37	K	2	e	e
real	A	m0282/Carta 61	49	43	K	12	r	r
real	A	m0282/Carta 61	49	44	K	15	o	o
real	A	m0282/Carta 61	49	20	K	17	a	a
real	A	m0282/Carta 61	49	24	K	23	a	a
real	A	m0282/Carta 61	49	42	K	17	a	a
real	A	m0282/Carta 61	49	9	K	26	v	m
real	A	m0282/Carta 61	49	36	K	4	s	s
real	A	m0282/Carta 61	49	41	K	3	t	t
real	A	m0282/Carta 61	49	12	K	10	h	h
real	A	m0282/Carta 61	49	10	K	7	e	e
real	A	m0282/Carta 61	49	25	K	2	d	d
real	A	m0282/Carta 61	49	47	K	52	r	r
real	A	m0282/Carta 61	49	45	K	55	p	p
real	A	m0282/Carta 61	49	23	K	5	c	c
real	A	m0282/Carta 61	49	39	K	26	u	u
real	A	m0282/Carta 61	49	13	K	17	a	a
shuf	A	m0282/Carta 61	49	48	U	20	l	t
shuf	A	m0282/Carta 61	49	37	K	2	e	e
shuf	A	m0282/Carta 61	49	43	K	12	r	r
shuf	A	m0282/Carta 61	49	44	K	15	o	o
shuf	A	m0282/Carta 61	49	20	K	17	a	a
shuf	A	m0282/Carta 61	49	24	K	23	a	a
shuf	A	m0282/Carta 61	49	42	K	17	a	a
shuf	A	m0282/Carta 61	49	9	K	26	v	u
shuf	A	m0282/Carta 61	49	36	K	4	s	s
shuf	A	m0282/Carta 61	49	41	K	3	t	t
shuf	A	m0282/Carta 61	49	12	K	10	h	r
shuf	A	m0282/Carta 61	49	10	K	7	e	e
shuf	A	m0282/Carta 61	49	25	K	2	d	o
shuf	A	m0282/Carta 61	49	47	K	52	r	r
shuf	A	m0282/Carta 61	49	45	K	55	p	p
shuf	A	m0282/Carta 61	49	23	K	5	c	c
shuf	A	m0282/Carta 61	49	39	K	26	u	v
shuf	A	m0282/Carta 61	49	13	K	17	a	a
real	A	m0287/Carta 79	19	13	U	26	v	m
real	A	m0287/Carta 79	19	46	K	24	a	e
real	A	m0287/Carta 79	19	12	K	24	e	e
real	A	m0287/Carta 79	19	5	K	26	u	u
real	A	m0287/Carta 79	19	15	K	20	l	l
real	A	m0287/Carta 79	19	11	K	3	t	t
real	A	m0287/Carta 79	19	24	K	f	s	s
real	A	m0287/Carta 79	19	26	K	26	u	u
real	A	m0287/Carta 79	19	27	K	52	r	r
real	A	m0287/Carta 79	19	23	K	19	e	e
real	A	m0287/Carta 79	19	22	K	3	t	t
real	A	m0287/Carta 79	19	6	K	18	m	m
real	A	m0287/Carta 79	19	4	K	e	g	g
real	A	m0287/Carta 79	19	29	K	8	i	i
real	A	m0287/Carta 79	19	49	K	3	s	t
real	A	m0287/Carta 79	19	14	K	24	e	e
real	A	m0287/Carta 79	19	3	K	10	l	l
real	A	m0287/Carta 79	19	10	K	4	s	s
shuf	A	m0287/Carta 79	19	13	U	26	v	b
shuf	A	m0287/Carta 79	19	46	K	24	a	p
shuf	A	m0287/Carta 79	19	12	K	24	e	a
shuf	A	m0287/Carta 79	19	5	K	26	u	u
shuf	A	m0287/Carta 79	19	15	K	20	l	l
shuf	A	m0287/Carta 79	19	11	K	3	t	t
shuf	A	m0287/Carta 79	19	24	K	f	s	s
shuf	A	m0287/Carta 79	19	26	K	26	u	o
shuf	A	m0287/Carta 79	19	27	K	52	r	r
shuf	A	m0287/Carta 79	19	23	K	19	e	e
shuf	A	m0287/Carta 79	19	22	K	3	t	t
shuf	A	m0287/Carta 79	19	6	K	18	m	m
shuf	A	m0287/Carta 79	19	4	K	e	g	g
shuf	A	m0287/Carta 79	19	29	K	8	i	i
shuf	A	m0287/Carta 79	19	49	K	3	s	t
shuf	A	m0287/Carta 79	19	14	K	24	e	e
shuf	A	m0287/Carta 79	19	3	K	10	l	l
shuf	A	m0287/Carta 79	19	10	K	4	s	s
real	A	m0290/Passage 2a	29	23	U	19	m	s
real	A	m0290/Passage 2a	29	26	K	f	s	s
real	A	m0290/Passage 2a	29	47	K	15	o	o
real	A	m0290/Passage 2a	29	49	K	5	c	s
real	A	m0290/Passage 2a	29	27	K	a	t	t
real	A	m0290/Passage 2a	29	1	K	24	e	e
real	A	m0290/Passage 2a	29	9	K	15	o	o
real	A	m0290/Passage 2a	29	21	K	2	d	d
real	A	m0290/Passage 2a	29	40	K	f	s	s
real	A	m0290/Passage 2a	29	3	K	7	e	e
real	A	m0290/Passage 2a	29	16	K	m	n	n
real	A	m0290/Passage 2a	29	20	K	c	u	s
real	A	m0290/Passage 2a	29	44	K	22	i	i
real	A	m0290/Passage 2a	29	17	K	x	d	i
real	A	m0290/Passage 2a	29	10	K	12	r	r
real	A	m0290/Passage 2a	29	28	K	7	e	e
real	A	m0290/Passage 2a	29	4	K	a	t	d
real	A	m0290/Passage 2a	29	31	K	25	o	o
shuf	A	m0290/Passage 2a	29	23	U	19	m	a
shuf	A	m0290/Passage 2a	29	26	K	f	s	s
shuf	A	m0290/Passage 2a	29	47	K	15	o	o
shuf	A	m0290/Passage 2a	29	49	K	5	c	c
shuf	A	m0290/Passage 2a	29	27	K	a	t	t
shuf	A	m0290/Passage 2a	29	1	K	24	e	e
shuf	A	m0290/Passage 2a	29	9	K	15	o	o
shuf	A	m0290/Passage 2a	29	21	K	2	d	d
shuf	A	m0290/Passage 2a	29	40	K	f	s	i
shuf	A	m0290/Passage 2a	29	3	K	7	e	e
shuf	A	m0290/Passage 2a	29	16	K	m	n	s
shuf	A	m0290/Passage 2a	29	20	K	c	u	a
shuf	A	m0290/Passage 2a	29	44	K	22	i	i
shuf	A	m0290/Passage 2a	29	17	K	x	d	a
shuf	A	m0290/Passage 2a	29	10	K	12	r	r
shuf	A	m0290/Passage 2a	29	28	K	7	e	r
shuf	A	m0290/Passage 2a	29	4	K	a	t	t
shuf	A	m0290/Passage 2a	29	31	K	25	o	o
real	A	m0291/Carta 96	2	49	U	25	o	o
real	A	m0291/Carta 96	2	3	K	e	g	g
real	A	m0291/Carta 96	2	2	K	15	e	o
real	A	m0291/Carta 96	2	28	K	15	o	o
real	A	m0291/Carta 96	2	33	K	25	o	o
real	A	m0291/Carta 96	2	35	K	2	e	e
real	A	m0291/Carta 96	2	30	K	8	i	i
real	A	m0291/Carta 96	2	14	K	16	f	l
real	A	m0291/Carta 96	2	15	K	8	i	i
real	A	m0291/Carta 96	2	37	K	y	a	a
real	A	m0291/Carta 96	2	10	K	18	m	m
real	A	m0291/Carta 96	2	32	K	21	b	p
real	A	m0291/Carta 96	2	38	K	15	o	o
real	A	m0291/Carta 96	2	48	K	12	r	r
real	A	m0291/Carta 96	2	6	K	3	t	t
real	A	m0291/Carta 96	2	0	K	2	e	d
real	A	m0291/Carta 96	2	36	K	c	v	n
real	A	m0291/Carta 96	2	47	K	8	i	i
shuf	A	m0291/Carta 96	2	49	U	25	o	a
shuf	A	m0291/Carta 96	2	3	K	e	g	n
shuf	A	m0291/Carta 96	2	2	K	15	e	o
shuf	A	m0291/Carta 96	2	28	K	15	o	o
shuf	A	m0291/Carta 96	2	33	K	25	o	s
shuf	A	m0291/Carta 96	2	35	K	2	e	a
shuf	A	m0291/Carta 96	2	30	K	8	i	i
shuf	A	m0291/Carta 96	2	14	K	16	f	e
shuf	A	m0291/Carta 96	2	15	K	8	i	i
shuf	A	m0291/Carta 96	2	37	K	y	a	a
shuf	A	m0291/Carta 96	2	10	K	18	m	m
shuf	A	m0291/Carta 96	2	32	K	21	b	o
shuf	A	m0291/Carta 96	2	38	K	15	o	o
shuf	A	m0291/Carta 96	2	48	K	12	r	r
shuf	A	m0291/Carta 96	2	6	K	3	t	e
shuf	A	m0291/Carta 96	2	0	K	2	e	d
shuf	A	m0291/Carta 96	2	36	K	c	v	c
shuf	A	m0291/Carta 96	2	47	K	8	i	i
real	A	m0291/Carta 96	0	46	U	c	u	b
real	A	m0291/Carta 96	0	45	K	15	o	o
real	A	m0291/Carta 96	0	49	K	8	i	i
real	A	m0291/Carta 96	0	2	K	2	e	e
real	A	m0291/Carta 96	0	37	K	2	e	e
real	A	m0291/Carta 96	0	19	K	15	o	o
real	A	m0291/Carta 96	0	17	K	8	i	i
real	A	m0291/Carta 96	0	38	K	c	v	n
real	A	m0291/Carta 96	0	41	K	3	t	t
real	A	m0291/Carta 96	0	11	K	15	o	o
real	A	m0291/Carta 96	0	1	K	12	r	r
real	A	m0291/Carta 96	0	7	K	4	s	s
real	A	m0291/Carta 96	0	3	K	12	r	r
real	A	m0291/Carta 96	0	48	K	7	e	e
real	A	m0291/Carta 96	0	8	K	3	t	t
real	A	m0291/Carta 96	0	9	K	25	o	o
real	A	m0291/Carta 96	0	12	K	18	m	m
real	A	m0291/Carta 96	0	4	K	15	e	o
shuf	A	m0291/Carta 96	0	46	U	c	u	n
shuf	A	m0291/Carta 96	0	45	K	15	o	o
shuf	A	m0291/Carta 96	0	49	K	8	i	i
shuf	A	m0291/Carta 96	0	2	K	2	e	e
shuf	A	m0291/Carta 96	0	37	K	2	e	d
shuf	A	m0291/Carta 96	0	19	K	15	o	o
shuf	A	m0291/Carta 96	0	17	K	8	i	j
shuf	A	m0291/Carta 96	0	38	K	c	v	e
shuf	A	m0291/Carta 96	0	41	K	3	t	t
shuf	A	m0291/Carta 96	0	11	K	15	o	o
shuf	A	m0291/Carta 96	0	1	K	12	r	r
shuf	A	m0291/Carta 96	0	7	K	4	s	e
shuf	A	m0291/Carta 96	0	3	K	12	r	r
shuf	A	m0291/Carta 96	0	48	K	7	e	r
shuf	A	m0291/Carta 96	0	8	K	3	t	t
shuf	A	m0291/Carta 96	0	9	K	25	o	o
shuf	A	m0291/Carta 96	0	12	K	18	m	f
shuf	A	m0291/Carta 96	0	4	K	15	e	o
real	A	m0286/Carta 74	1	10	U	12	r	u
real	A	m0286/Carta 74	1	17	K	19	e	e
real	A	m0286/Carta 74	1	28	K	5	c	c
real	A	m0286/Carta 74	1	2	K	24	e	e
real	A	m0286/Carta 74	1	7	K	19	e	e
real	A	m0286/Carta 74	1	26	K	22	s	d
real	A	m0286/Carta 74	1	13	K	d	o	o
real	A	m0286/Carta 74	1	46	K	12	l	n
real	A	m0286/Carta 74	1	24	K	12	r	r
real	A	m0286/Carta 74	1	8	K	15	p	o
real	A	m0286/Carta 74	1	31	K	8	i	i
real	A	m0286/Carta 74	1	9	K	y	a	a
real	A	m0286/Carta 74	1	25	K	y	a	a
real	A	m0286/Carta 74	1	38	K	7	e	e
real	A	m0286/Carta 74	1	36	K	4	s	s
real	A	m0286/Carta 74	1	43	K	7	e	e
real	A	m0286/Carta 74	1	12	K	23	a	h
real	A	m0286/Carta 74	1	0	K	f	s	s
shuf	A	m0286/Carta 74	1	10	U	12	r	o
shuf	A	m0286/Carta 74	1	17	K	19	e	e
shuf	A	m0286/Carta 74	1	28	K	5	c	c
shuf	A	m0286/Carta 74	1	2	K	24	e	g
shuf	A	m0286/Carta 74	1	7	K	19	e	e
shuf	A	m0286/Carta 74	1	26	K	22	s	i
shuf	A	m0286/Carta 74	1	13	K	d	o	v
shuf	A	m0286/Carta 74	1	46	K	12	l	e
shuf	A	m0286/Carta 74	1	24	K	12	r	r
shuf	A	m0286/Carta 74	1	8	K	15	p	o
shuf	A	m0286/Carta 74	1	31	K	8	i	i
shuf	A	m0286/Carta 74	1	9	K	y	a	a
shuf	A	m0286/Carta 74	1	25	K	y	a	a
shuf	A	m0286/Carta 74	1	38	K	7	e	a
shuf	A	m0286/Carta 74	1	36	K	4	s	s
shuf	A	m0286/Carta 74	1	43	K	7	e	e
shuf	A	m0286/Carta 74	1	12	K	23	a	o
shuf	A	m0286/Carta 74	1	0	K	f	s	s
real	A	m0282/Carta 61	49	40	U	14	n	i
real	A	m0282/Carta 61	49	9	K	26	v	m
real	A	m0282/Carta 61	49	47	K	52	r	r
real	A	m0282/Carta 61	49	39	K	26	u	v
real	A	m0282/Carta 61	49	49	K	17	a	a
real	A	m0282/Carta 61	49	36	K	4	s	s
real	A	m0282/Carta 61	49	43	K	12	r	r
real	A	m0282/Carta 61	49	23	K	5	c	c
real	A	m0282/Carta 61	49	26	K	25	o	o
real	A	m0282/Carta 61	49	22	K	17	a	a
real	A	m0282/Carta 61	49	25	K	2	d	d
real	A	m0282/Carta 61	49	45	K	55	p	p
real	A	m0282/Carta 61	49	14	K	5	c	c
real	A	m0282/Carta 61	49	48	K	20	l	l
real	A	m0282/Carta 61	49	20	K	17	a	a
real	A	m0282/Carta 61	49	41	K	3	t	t
real	A	m0282/Carta 61	49	42	K	17	a	a
real	A	m0282/Carta 61	49	21	K	3	t	t
shuf	A	m0282/Carta 61	49	40	U	14	n	e
shuf	A	m0282/Carta 61	49	9	K	26	v	u
shuf	A	m0282/Carta 61	49	47	K	52	r	l
shuf	A	m0282/Carta 61	49	39	K	26	u	u
shuf	A	m0282/Carta 61	49	49	K	17	a	a
shuf	A	m0282/Carta 61	49	36	K	4	s	s
shuf	A	m0282/Carta 61	49	43	K	12	r	r
shuf	A	m0282/Carta 61	49	23	K	5	c	c
shuf	A	m0282/Carta 61	49	26	K	25	o	o
shuf	A	m0282/Carta 61	49	22	K	17	a	a
shuf	A	m0282/Carta 61	49	25	K	2	d	d
shuf	A	m0282/Carta 61	49	45	K	55	p	a
shuf	A	m0282/Carta 61	49	14	K	5	c	c
shuf	A	m0282/Carta 61	49	48	K	20	l	l
shuf	A	m0282/Carta 61	49	20	K	17	a	a
shuf	A	m0282/Carta 61	49	41	K	3	t	t
shuf	A	m0282/Carta 61	49	42	K	17	a	e
shuf	A	m0282/Carta 61	49	21	K	3	t	t
real	A	m0287/Carta 79	14	11	U	18	m	d
real	A	m0287/Carta 79	14	7	K	y	a	r
real	A	m0287/Carta 79	14	20	K	20	l	o
real	A	m0287/Carta 79	14	1	K	17	a	a
real	A	m0287/Carta 79	14	23	K	5	c	c
real	A	m0287/Carta 79	14	27	K	3	t	t
real	A	m0287/Carta 79	14	34	K	8	i	i
real	A	m0287/Carta 79	14	31	K	26	u	u
real	A	m0287/Carta 79	14	25	K	20	d	l
real	A	m0287/Carta 79	14	22	K	17	a	a
real	A	m0287/Carta 79	14	28	K	19	e	e
real	A	m0287/Carta 79	14	41	K	19	e	e
real	A	m0287/Carta 79	14	17	K	24	e	e
real	A	m0287/Carta 79	14	30	K	15	o	o
real	A	m0287/Carta 79	14	32	K	52	r	r
real	A	m0287/Carta 79	14	16	K	3	t	t
real	A	m0287/Carta 79	14	36	K	15	o	o
real	A	m0287/Carta 79	14	21	K	10	h	r
shuf	A	m0287/Carta 79	14	11	U	18	m	b
shuf	A	m0287/Carta 79	14	7	K	y	a	k
shuf	A	m0287/Carta 79	14	20	K	20	l	l
shuf	A	m0287/Carta 79	14	1	K	17	a	a
shuf	A	m0287/Carta 79	14	23	K	5	c	m
shuf	A	m0287/Carta 79	14	27	K	3	t	o
shuf	A	m0287/Carta 79	14	34	K	8	i	o
shuf	A	m0287/Carta 79	14	31	K	26	u	u
shuf	A	m0287/Carta 79	14	25	K	20	d	l
shuf	A	m0287/Carta 79	14	22	K	17	a	a
shuf	A	m0287/Carta 79	14	28	K	19	e	e
shuf	A	m0287/Carta 79	14	41	K	19	e	e
shuf	A	m0287/Carta 79	14	17	K	24	e	r
shuf	A	m0287/Carta 79	14	30	K	15	o	o
shuf	A	m0287/Carta 79	14	32	K	52	r	r
shuf	A	m0287/Carta 79	14	16	K	3	t	t
shuf	A	m0287/Carta 79	14	36	K	15	o	t
shuf	A	m0287/Carta 79	14	21	K	10	h	r
real	A	m0290/Passage 2a	52	8	U	25	o	a
real	A	m0290/Passage 2a	52	35	K	23	a	a
real	A	m0290/Passage 2a	52	0	K	19	m	e
real	A	m0290/Passage 2a	52	37	K	26	d	v
real	A	m0290/Passage 2a	52	43	K	5	c	c
real	A	m0290/Passage 2a	52	2	K	14	n	n
real	A	m0290/Passage 2a	52	23	K	55	p	p
real	A	m0290/Passage 2a	52	26	K	5	c	c
real	A	m0290/Passage 2a	52	25	K	9	i	r
real	A	m0290/Passage 2a	52	1	K	8	i	i
real	A	m0290/Passage 2a	52	42	K	m	n	e
real	A	m0290/Passage 2a	52	9	K	14	s	n
real	A	m0290/Passage 2a	52	45	K	y	a	a
real	A	m0290/Passage 2a	52	33	K	8	i	i
real	A	m0290/Passage 2a	52	22	K	4	s	s
real	A	m0290/Passage 2a	52	32	K	10	r	h
real	A	m0290/Passage 2a	52	47	K	x	d	d
real	A	m0290/Passage 2a	52	7	K	22	i	i
shuf	A	m0290/Passage 2a	52	8	U	25	o	e
shuf	A	m0290/Passage 2a	52	35	K	23	a	a
shuf	A	m0290/Passage 2a	52	0	K	19	m	e
shuf	A	m0290/Passage 2a	52	37	K	26	d	i
shuf	A	m0290/Passage 2a	52	43	K	5	c	c
shuf	A	m0290/Passage 2a	52	2	K	14	n	n
shuf	A	m0290/Passage 2a	52	23	K	55	p	p
shuf	A	m0290/Passage 2a	52	26	K	5	c	c
shuf	A	m0290/Passage 2a	52	25	K	9	i	o
shuf	A	m0290/Passage 2a	52	1	K	8	i	l
shuf	A	m0290/Passage 2a	52	42	K	m	n	n
shuf	A	m0290/Passage 2a	52	9	K	14	s	n
shuf	A	m0290/Passage 2a	52	45	K	y	a	a
shuf	A	m0290/Passage 2a	52	33	K	8	i	i
shuf	A	m0290/Passage 2a	52	22	K	4	s	a
shuf	A	m0290/Passage 2a	52	32	K	10	r	r
shuf	A	m0290/Passage 2a	52	47	K	x	d	e
shuf	A	m0290/Passage 2a	52	7	K	22	i	i
real	A	m0287/Carta 79	6	43	U	12	r	t
real	A	m0287/Carta 79	6	25	K	24	e	e
real	A	m0287/Carta 79	6	32	K	15	o	o
real	A	m0287/Carta 79	6	4	K	3	t	t
real	A	m0287/Carta 79	6	3	K	17	a	a
real	A	m0287/Carta 79	6	6	K	14	n	n
real	A	m0287/Carta 79	6	27	K	24	e	e
real	A	m0287/Carta 79	6	34	K	15	o	o
real	A	m0287/Carta 79	6	17	K	e	g	e
real	A	m0287/Carta 79	6	30	K	17	a	a
real	A	m0287/Carta 79	6	0	K	18	o	m
real	A	m0287/Carta 79	6	24	K	3	t	t
real	A	m0287/Carta 79	6	39	K	26	u	u
real	A	m0287/Carta 79	6	26	K	26	v	m
real	A	m0287/Carta 79	6	18	K	26	u	u
real	A	m0287/Carta 79	6	9	K	17	a	a
real	A	m0287/Carta 79	6	48	K	4	s	s
real	A	m0287/Carta 79	6	22	K	19	e	e
shuf	A	m0287/Carta 79	6	43	U	12	r	e
shuf	A	m0287/Carta 79	6	25	K	24	e	q
shuf	A	m0287/Carta 79	6	32	K	15	o	o
shuf	A	m0287/Carta 79	6	4	K	3	t	t
shuf	A	m0287/Carta 79	6	3	K	17	a	a
shuf	A	m0287/Carta 79	6	6	K	14	n	a
shuf	A	m0287/Carta 79	6	27	K	24	e	e
shuf	A	m0287/Carta 79	6	34	K	15	o	o
shuf	A	m0287/Carta 79	6	17	K	e	g	v
shuf	A	m0287/Carta 79	6	30	K	17	a	a
shuf	A	m0287/Carta 79	6	0	K	18	o	m
shuf	A	m0287/Carta 79	6	24	K	3	t	e
shuf	A	m0287/Carta 79	6	39	K	26	u	u
shuf	A	m0287/Carta 79	6	26	K	26	v	u
shuf	A	m0287/Carta 79	6	18	K	26	u	o
shuf	A	m0287/Carta 79	6	9	K	17	a	a
shuf	A	m0287/Carta 79	6	48	K	4	s	e
shuf	A	m0287/Carta 79	6	22	K	19	e	o
real	A	m0289/Carta 92	32	37	U	18	m	m
real	A	m0289/Carta 92	32	28	K	25	o	o
real	A	m0289/Carta 92	32	25	K	x	d	d
real	A	m0289/Carta 92	32	48	K	26	v	v
real	A	m0289/Carta 92	32	2	K	18	m	w
real	A	m0289/Carta 92	32	11	K	y	a	a
real	A	m0289/Carta 92	32	30	K	21	h	t
real	A	m0289/Carta 92	32	8	K	4	s	s
real	A	m0289/Carta 92	32	21	K	5	c	c
real	A	m0289/Carta 92	32	18	K	x	d	d
real	A	m0289/Carta 92	32	41	K	y	t	a
real	A	m0289/Carta 92	32	7	K	19	e	e
real	A	m0289/Carta 92	32	13	K	17	a	a
real	A	m0289/Carta 92	32	26	K	15	o	o
real	A	m0289/Carta 92	32	45	K	55	p	p
real	A	m0289/Carta 92	32	27	K	x	d	d
real	A	m0289/Carta 92	32	12	K	f	s	s
real	A	m0289/Carta 92	32	32	K	4	s	s
shuf	A	m0289/Carta 92	32	37	U	18	m	a
shuf	A	m0289/Carta 92	32	28	K	25	o	o
shuf	A	m0289/Carta 92	32	25	K	x	d	d
shuf	A	m0289/Carta 92	32	48	K	26	v	d
shuf	A	m0289/Carta 92	32	2	K	18	m	o
shuf	A	m0289/Carta 92	32	11	K	y	a	a
shuf	A	m0289/Carta 92	32	30	K	21	h	m
shuf	A	m0289/Carta 92	32	8	K	4	s	a
shuf	A	m0289/Carta 92	32	21	K	5	c	c
shuf	A	m0289/Carta 92	32	18	K	x	d	d
shuf	A	m0289/Carta 92	32	41	K	y	t	c
shuf	A	m0289/Carta 92	32	7	K	19	e	e
shuf	A	m0289/Carta 92	32	13	K	17	a	a
shuf	A	m0289/Carta 92	32	26	K	15	o	o
shuf	A	m0289/Carta 92	32	45	K	55	p	n
shuf	A	m0289/Carta 92	32	27	K	x	d	d
shuf	A	m0289/Carta 92	32	12	K	f	s	s
shuf	A	m0289/Carta 92	32	32	K	4	s	e
real	A	m0289/Carta 92	30	46	U	7	e	e
real	A	m0289/Carta 92	30	32	K	21	h	t
real	A	m0289/Carta 92	30	16	K	14	n	n
real	A	m0289/Carta 92	30	12	K	22	i	i
real	A	m0289/Carta 92	30	36	K	7	e	e
real	A	m0289/Carta 92	30	23	K	5	c	c
real	A	m0289/Carta 92	30	1	K	19	e	e
real	A	m0289/Carta 92	30	38	K	c	u	u
real	A	m0289/Carta 92	30	21	K	d	o	o
real	A	m0289/Carta 92	30	3	K	26	u	v
real	A	m0289/Carta 92	30	22	K	7	e	e
real	A	m0289/Carta 92	30	10	K	4	s	s
real	A	m0289/Carta 92	30	20	K	x	d	d
real	A	m0289/Carta 92	30	42	K	11	s	i
real	A	m0289/Carta 92	30	15	K	17	a	a
real	A	m0289/Carta 92	30	11	K	x	d	d
real	A	m0289/Carta 92	30	37	K	10	h	h
real	A	m0289/Carta 92	30	31	K	5	e	c
shuf	A	m0289/Carta 92	30	46	U	7	e	c
shuf	A	m0289/Carta 92	30	32	K	21	h	e
shuf	A	m0289/Carta 92	30	16	K	14	n	n
shuf	A	m0289/Carta 92	30	12	K	22	i	e
shuf	A	m0289/Carta 92	30	36	K	7	e	e
shuf	A	m0289/Carta 92	30	23	K	5	c	c
shuf	A	m0289/Carta 92	30	1	K	19	e	e
shuf	A	m0289/Carta 92	30	38	K	c	u	l
shuf	A	m0289/Carta 92	30	21	K	d	o	o
shuf	A	m0289/Carta 92	30	3	K	26	u	u
shuf	A	m0289/Carta 92	30	22	K	7	e	e
shuf	A	m0289/Carta 92	30	10	K	4	s	o
shuf	A	m0289/Carta 92	30	20	K	x	d	d
shuf	A	m0289/Carta 92	30	42	K	11	s	s
shuf	A	m0289/Carta 92	30	15	K	17	a	i
shuf	A	m0289/Carta 92	30	11	K	x	d	d
shuf	A	m0289/Carta 92	30	37	K	10	h	l
shuf	A	m0289/Carta 92	30	31	K	5	e	c
real	A	m0288/Passage 2a	18	30	U	14	n	d
real	A	m0288/Passage 2a	18	1	K	15	o	o
real	A	m0288/Passage 2a	18	12	K	17	a	a
real	A	m0288/Passage 2a	18	11	K	2	a	d
real	A	m0288/Passage 2a	18	36	K	20	l	l
real	A	m0288/Passage 2a	18	41	K	16	f	g
real	A	m0288/Passage 2a	18	42	K	15	o	o
real	A	m0288/Passage 2a	18	34	K	55	p	p
real	A	m0288/Passage 2a	18	32	K	55	p	p
real	A	m0288/Passage 2a	18	38	K	2	d	d
real	A	m0288/Passage 2a	18	44	K	15	o	o
real	A	m0288/Passage 2a	18	35	K	19	e	e
real	A	m0288/Passage 2a	18	9	K	3	t	t
real	A	m0288/Passage 2a	18	8	K	17	a	n
real	A	m0288/Passage 2a	18	43	K	12	r	r
real	A	m0288/Passage 2a	18	40	K	17	a	a
real	A	m0288/Passage 2a	18	31	K	15	o	o
real	A	m0288/Passage 2a	18	33	K	17	a	a
shuf	A	m0288/Passage 2a	18	30	U	14	n	r
shuf	A	m0288/Passage 2a	18	1	K	15	o	o
shuf	A	m0288/Passage 2a	18	12	K	17	a	a
shuf	A	m0288/Passage 2a	18	11	K	2	a	d
shuf	A	m0288/Passage 2a	18	36	K	20	l	l
shuf	A	m0288/Passage 2a	18	41	K	16	f	f
shuf	A	m0288/Passage 2a	18	42	K	15	o	o
shuf	A	m0288/Passage 2a	18	34	K	55	p	p
shuf	A	m0288/Passage 2a	18	32	K	55	p	p
shuf	A	m0288/Passage 2a	18	38	K	2	d	e
shuf	A	m0288/Passage 2a	18	44	K	15	o	o
shuf	A	m0288/Passage 2a	18	35	K	19	e	e
shuf	A	m0288/Passage 2a	18	9	K	3	t	t
shuf	A	m0288/Passage 2a	18	8	K	17	a	n
shuf	A	m0288/Passage 2a	18	43	K	12	r	i
shuf	A	m0288/Passage 2a	18	40	K	17	a	a
shuf	A	m0288/Passage 2a	18	31	K	15	o	o
shuf	A	m0288/Passage 2a	18	33	K	17	a	a
real	A	m0287/Carta 79	3	42	U	26	u	b
real	A	m0287/Carta 79	3	18	K	y	a	a
real	A	m0287/Carta 79	3	40	K	f	s	s
real	A	m0287/Carta 79	3	15	K	f	z	p
real	A	m0287/Carta 79	3	32	K	10	h	r
real	A	m0287/Carta 79	3	17	K	18	o	r
real	A	m0287/Carta 79	3	41	K	15	o	o
real	A	m0287/Carta 79	3	10	K	2	d	d
real	A	m0287/Carta 79	3	6	K	17	a	a
real	A	m0287/Carta 79	3	45	K	8	i	i
real	A	m0287/Carta 79	3	0	K	8	i	i
real	A	m0287/Carta 79	3	37	K	15	o	o
real	A	m0287/Carta 79	3	43	K	52	r	r
real	A	m0287/Carta 79	3	28	K	24	e	e
real	A	m0287/Carta 79	3	34	K	5	c	c
real	A	m0287/Carta 79	3	5	K	19	e	e
real	A	m0287/Carta 79	3	29	K	26	v	i
real	A	m0287/Carta 79	3	3	K	18	o	o
shuf	A	m0287/Carta 79	3	42	U	26	u	s
shuf	A	m0287/Carta 79	3	18	K	y	a	a
shuf	A	m0287/Carta 79	3	40	K	f	s	e
shuf	A	m0287/Carta 79	3	15	K	f	z	e
shuf	A	m0287/Carta 79	3	32	K	10	h	i
shuf	A	m0287/Carta 79	3	17	K	18	o	o
shuf	A	m0287/Carta 79	3	41	K	15	o	o
shuf	A	m0287/Carta 79	3	10	K	2	d	d
shuf	A	m0287/Carta 79	3	6	K	17	a	a
shuf	A	m0287/Carta 79	3	45	K	8	i	i
shuf	A	m0287/Carta 79	3	0	K	8	i	i
shuf	A	m0287/Carta 79	3	37	K	15	o	a
shuf	A	m0287/Carta 79	3	43	K	52	r	r
shuf	A	m0287/Carta 79	3	28	K	24	e	e
shuf	A	m0287/Carta 79	3	34	K	5	c	c
shuf	A	m0287/Carta 79	3	5	K	19	e	e
shuf	A	m0287/Carta 79	3	29	K	26	v	i
shuf	A	m0287/Carta 79	3	3	K	18	o	m
real	A	m0288/Passage 2a	17	34	U	17	a	a
real	A	m0288/Passage 2a	17	43	K	15	o	o
real	A	m0288/Passage 2a	17	9	K	17	a	n
real	A	m0288/Passage 2a	17	39	K	2	d	d
real	A	m0288/Passage 2a	17	45	K	15	o	o
real	A	m0288/Passage 2a	17	33	K	55	p	p
real	A	m0288/Passage 2a	17	35	K	55	p	p
real	A	m0288/Passage 2a	17	42	K	16	f	g
real	A	m0288/Passage 2a	17	40	K	7	e	e
real	A	m0288/Passage 2a	17	1	K	2	d	d
real	A	m0288/Passage 2a	17	44	K	12	r	r
real	A	m0288/Passage 2a	17	10	K	3	t	t
real	A	m0288/Passage 2a	17	13	K	17	a	a
real	A	m0288/Passage 2a	17	31	K	14	n	n
real	A	m0288/Passage 2a	17	0	K	17	a	a
real	A	m0288/Passage 2a	17	2	K	15	o	o
real	A	m0288/Passage 2a	17	37	K	20	l	l
real	A	m0288/Passage 2a	17	36	K	19	e	e
shuf	A	m0288/Passage 2a	17	34	U	17	a	q
shuf	A	m0288/Passage 2a	17	43	K	15	o	o
shuf	A	m0288/Passage 2a	17	9	K	17	a	a
shuf	A	m0288/Passage 2a	17	39	K	2	d	d
shuf	A	m0288/Passage 2a	17	45	K	15	o	o
shuf	A	m0288/Passage 2a	17	33	K	55	p	o
shuf	A	m0288/Passage 2a	17	35	K	55	p	u
shuf	A	m0288/Passage 2a	17	42	K	16	f	e
shuf	A	m0288/Passage 2a	17	40	K	7	e	e
shuf	A	m0288/Passage 2a	17	1	K	2	d	d
shuf	A	m0288/Passage 2a	17	44	K	12	r	r
shuf	A	m0288/Passage 2a	17	10	K	3	t	t
shuf	A	m0288/Passage 2a	17	13	K	17	a	a
shuf	A	m0288/Passage 2a	17	31	K	14	n	n
shuf	A	m0288/Passage 2a	17	0	K	17	a	a
shuf	A	m0288/Passage 2a	17	2	K	15	o	o
shuf	A	m0288/Passage 2a	17	37	K	20	l	o
shuf	A	m0288/Passage 2a	17	36	K	19	e	e
real	A	m0290/Passage 2a	23	36	U	22	i	r
real	A	m0290/Passage 2a	23	35	K	12	r	r
real	A	m0290/Passage 2a	23	14	K	16	f	f
real	A	m0290/Passage 2a	23	26	K	c	u	s
real	A	m0290/Passage 2a	23	31	K	14	n	n
real	A	m0290/Passage 2a	23	10	K	a	t	t
real	A	m0290/Passage 2a	23	12	K	11	p	m
real	A	m0290/Passage 2a	23	20	K	4	m	s
real	A	m0290/Passage 2a	23	3	K	3	t	t
real	A	m0290/Passage 2a	23	23	K	x	d	i
real	A	m0290/Passage 2a	23	19	K	25	o	o
real	A	m0290/Passage 2a	23	13	K	d	o	o
real	A	m0290/Passage 2a	23	39	K	19	e	e
real	A	m0290/Passage 2a	23	37	K	25	o	o
real	A	m0290/Passage 2a	23	45	K	y	a	a
real	A	m0290/Passage 2a	23	32	K	f	s	s
real	A	m0290/Passage 2a	23	47	K	8	i	i
real	A	m0290/Passage 2a	23	34	K	7	e	e
shuf	A	m0290/Passage 2a	23	36	U	22	i	e
shuf	A	m0290/Passage 2a	23	35	K	12	r	r
shuf	A	m0290/Passage 2a	23	14	K	16	f	s
shuf	A	m0290/Passage 2a	23	26	K	c	u	i
shuf	A	m0290/Passage 2a	23	31	K	14	n	n
shuf	A	m0290/Passage 2a	23	10	K	a	t	o
shuf	A	m0290/Passage 2a	23	12	K	11	p	a
shuf	A	m0290/Passage 2a	23	20	K	4	m	e
shuf	A	m0290/Passage 2a	23	3	K	3	t	t
shuf	A	m0290/Passage 2a	23	23	K	x	d	o
shuf	A	m0290/Passage 2a	23	19	K	25	o	t
shuf	A	m0290/Passage 2a	23	13	K	d	o	o
shuf	A	m0290/Passage 2a	23	39	K	19	e	e
shuf	A	m0290/Passage 2a	23	37	K	25	o	q
shuf	A	m0290/Passage 2a	23	45	K	y	a	a
shuf	A	m0290/Passage 2a	23	32	K	f	s	s
shuf	A	m0290/Passage 2a	23	47	K	8	i	i
shuf	A	m0290/Passage 2a	23	34	K	7	e	e
real	A	m0288/Carta 85	17	40	U	7	e	e
real	A	m0288/Carta 85	17	46	K	2	d	d
real	A	m0288/Carta 85	17	39	K	2	d	d
real	A	m0288/Carta 85	17	34	K	8	i	i
real	A	m0288/Carta 85	17	35	K	4	a	s
real	A	m0288/Carta 85	17	38	K	14	n	n
real	A	m0288/Carta 85	17	30	K	2	d	d
real	A	m0288/Carta 85	17	26	K	12	r	r
real	A	m0288/Carta 85	17	42	K	17	a	a
real	A	m0288/Carta 85	17	24	K	15	o	o
real	A	m0288/Carta 85	17	37	K	19	e	e
real	A	m0288/Carta 85	17	28	K	3	t	t
real	A	m0288/Carta 85	17	45	K	15	o	o
real	A	m0288/Carta 85	17	36	K	26	v	v
real	A	m0288/Carta 85	17	44	K	3	t	t
real	A	m0288/Carta 85	17	49	K	26	u	u
real	A	m0288/Carta 85	17	29	K	23	a	a
real	A	m0288/Carta 85	17	48	K	18	m	m
shuf	A	m0288/Carta 85	17	40	U	7	e	r
shuf	A	m0288/Carta 85	17	46	K	2	d	d
shuf	A	m0288/Carta 85	17	39	K	2	d	e
shuf	A	m0288/Carta 85	17	34	K	8	i	i
shuf	A	m0288/Carta 85	17	35	K	4	a	l
shuf	A	m0288/Carta 85	17	38	K	14	n	n
shuf	A	m0288/Carta 85	17	30	K	2	d	d
shuf	A	m0288/Carta 85	17	26	K	12	r	r
shuf	A	m0288/Carta 85	17	42	K	17	a	a
shuf	A	m0288/Carta 85	17	24	K	15	o	a
shuf	A	m0288/Carta 85	17	37	K	19	e	e
shuf	A	m0288/Carta 85	17	28	K	3	t	t
shuf	A	m0288/Carta 85	17	45	K	15	o	o
shuf	A	m0288/Carta 85	17	36	K	26	v	u
shuf	A	m0288/Carta 85	17	44	K	3	t	t
shuf	A	m0288/Carta 85	17	49	K	26	u	u
shuf	A	m0288/Carta 85	17	29	K	23	a	a
shuf	A	m0288/Carta 85	17	48	K	18	m	m
real	A	m0289/Carta 92	40	19	U	x	d	s
real	A	m0289/Carta 92	40	15	K	y	s	r
real	A	m0289/Carta 92	40	0	K	4	s	s
real	A	m0289/Carta 92	40	13	K	5	c	c
real	A	m0289/Carta 92	40	38	K	12	r	r
real	A	m0289/Carta 92	40	37	K	55	p	p
real	A	m0289/Carta 92	40	2	K	22	i	i
real	A	m0289/Carta 92	40	6	K	14	n	n
real	A	m0289/Carta 92	40	42	K	8	i	i
real	A	m0289/Carta 92	40	49	K	18	m	m
real	A	m0289/Carta 92	40	17	K	x	d	d
real	A	m0289/Carta 92	40	3	K	y	a	a
real	A	m0289/Carta 92	40	8	K	23	a	a
real	A	m0289/Carta 92	40	45	K	19	e	e
real	A	m0289/Carta 92	40	25	K	f	s	d
real	A	m0289/Carta 92	40	34	K	18	o	m
real	A	m0289/Carta 92	40	28	K	c	u	u
real	A	m0289/Carta 92	40	36	K	7	e	e
shuf	A	m0289/Carta 92	40	19	U	x	d	m
shuf	A	m0289/Carta 92	40	15	K	y	s	a
shuf	A	m0289/Carta 92	40	0	K	4	s	s
shuf	A	m0289/Carta 92	40	13	K	5	c	o
shuf	A	m0289/Carta 92	40	38	K	12	r	r
shuf	A	m0289/Carta 92	40	37	K	55	p	o
shuf	A	m0289/Carta 92	40	2	K	22	i	i
shuf	A	m0289/Carta 92	40	6	K	14	n	n
shuf	A	m0289/Carta 92	40	42	K	8	i	i
shuf	A	m0289/Carta 92	40	49	K	18	m	o
shuf	A	m0289/Carta 92	40	17	K	x	d	o
shuf	A	m0289/Carta 92	40	3	K	y	a	a
shuf	A	m0289/Carta 92	40	8	K	23	a	s
shuf	A	m0289/Carta 92	40	45	K	19	e	e
shuf	A	m0289/Carta 92	40	25	K	f	s	r
shuf	A	m0289/Carta 92	40	34	K	18	o	m
shuf	A	m0289/Carta 92	40	28	K	c	u	c
shuf	A	m0289/Carta 92	40	36	K	7	e	e
real	A	m0281/Carta 15	66	23	U	m	r	n
real	A	m0281/Carta 15	66	24	K	2	e	d
real	A	m0281/Carta 15	66	12	K	m	n	n
real	A	m0281/Carta 15	66	46	K	c	u	u
real	A	m0281/Carta 15	66	37	K	6	p	r
real	A	m0281/Carta 15	66	11	K	z	e	e
real	A	m0281/Carta 15	66	7	K	18	m	m
real	A	m0281/Carta 15	66	44	K	4	l	s
real	A	m0281/Carta 15	66	5	K	5	c	c
real	A	m0281/Carta 15	66	42	K	c	u	u
real	A	m0281/Carta 15	66	41	K	13	q	q
real	A	m0281/Carta 15	66	49	K	y	a	a
real	A	m0281/Carta 15	66	15	K	4	s	s
real	A	m0281/Carta 15	66	21	K	18	p	m
real	A	m0281/Carta 15	66	47	K	6	p	c
real	A	m0281/Carta 15	66	48	K	15	o	o
real	A	m0281/Carta 15	66	26	K	c	p	v
real	A	m0281/Carta 15	66	34	K	7	s	e
shuf	A	m0281/Carta 15	66	23	U	m	r	a
shuf	A	m0281/Carta 15	66	24	K	2	e	d
shuf	A	m0281/Carta 15	66	12	K	m	n	n
shuf	A	m0281/Carta 15	66	46	K	c	u	u
shuf	A	m0281/Carta 15	66	37	K	6	p	n
shuf	A	m0281/Carta 15	66	11	K	z	e	r
shuf	A	m0281/Carta 15	66	7	K	18	m	o
shuf	A	m0281/Carta 15	66	44	K	4	l	s
shuf	A	m0281/Carta 15	66	5	K	5	c	c
shuf	A	m0281/Carta 15	66	42	K	c	u	u
shuf	A	m0281/Carta 15	66	41	K	13	q	q
shuf	A	m0281/Carta 15	66	49	K	y	a	a
shuf	A	m0281/Carta 15	66	15	K	4	s	s
shuf	A	m0281/Carta 15	66	21	K	18	p	h
shuf	A	m0281/Carta 15	66	47	K	6	p	c
shuf	A	m0281/Carta 15	66	48	K	15	o	o
shuf	A	m0281/Carta 15	66	26	K	c	p	u
shuf	A	m0281/Carta 15	66	34	K	7	s	r
real	A	m0293/Carta 106	0	39	U	4	s	a
real	A	m0293/Carta 106	0	3	K	y	a	a
real	A	m0293/Carta 106	0	27	K	19	e	e
real	A	m0293/Carta 106	0	35	K	12	r	r
real	A	m0293/Carta 106	0	47	K	14	n	n
real	A	m0293/Carta 106	0	24	K	55	o	p
real	A	m0293/Carta 106	0	6	K	26	v	u
real	A	m0293/Carta 106	0	28	K	21	b	b
real	A	m0293/Carta 106	0	26	K	2	d	d
real	A	m0293/Carta 106	0	41	K	52	r	a
real	A	m0293/Carta 106	0	4	K	10	r	r
real	A	m0293/Carta 106	0	5	K	8	i	i
real	A	m0293/Carta 106	0	38	K	55	k	p
real	A	m0293/Carta 106	0	40	K	7	e	r
real	A	m0293/Carta 106	0	7	K	22	i	g
real	A	m0293/Carta 106	0	22	K	2	d	d
real	A	m0293/Carta 106	0	37	K	26	o	u
real	A	m0293/Carta 106	0	46	K	2	e	i
shuf	A	m0293/Carta 106	0	39	U	4	s	a
shuf	A	m0293/Carta 106	0	3	K	y	a	a
shuf	A	m0293/Carta 106	0	27	K	19	e	e
shuf	A	m0293/Carta 106	0	35	K	12	r	a
shuf	A	m0293/Carta 106	0	47	K	14	n	n
shuf	A	m0293/Carta 106	0	24	K	55	o	p
shuf	A	m0293/Carta 106	0	6	K	26	v	v
shuf	A	m0293/Carta 106	0	28	K	21	b	a
shuf	A	m0293/Carta 106	0	26	K	2	d	d
shuf	A	m0293/Carta 106	0	41	K	52	r	s
shuf	A	m0293/Carta 106	0	4	K	10	r	h
shuf	A	m0293/Carta 106	0	5	K	8	i	a
shuf	A	m0293/Carta 106	0	38	K	55	k	n
shuf	A	m0293/Carta 106	0	40	K	7	e	e
shuf	A	m0293/Carta 106	0	7	K	22	i	i
shuf	A	m0293/Carta 106	0	22	K	2	d	d
shuf	A	m0293/Carta 106	0	37	K	26	o	u
shuf	A	m0293/Carta 106	0	46	K	2	e	o
real	A	m0285/Carta 72	7	42	U	2	d	s
real	A	m0285/Carta 72	7	38	K	4	s	s
real	A	m0285/Carta 72	7	25	K	y	a	a
real	A	m0285/Carta 72	7	14	K	18	m	m
real	A	m0285/Carta 72	7	46	K	4	s	s
real	A	m0285/Carta 72	7	37	K	19	e	e
real	A	m0285/Carta 72	7	35	K	17	e	a
real	A	m0285/Carta 72	7	13	K	7	e	e
real	A	m0285/Carta 72	7	24	K	c	g	u
real	A	m0285/Carta 72	7	26	K	14	n	n
real	A	m0285/Carta 72	7	44	K	x	d	d
real	A	m0285/Carta 72	7	39	K	5	c	c
real	A	m0285/Carta 72	7	23	K	26	o	q
real	A	m0285/Carta 72	7	1	K	7	e	e
real	A	m0285/Carta 72	7	12	K	15	o	o
real	A	m0285/Carta 72	7	3	K	3	t	t
real	A	m0285/Carta 72	7	2	K	14	n	n
real	A	m0285/Carta 72	7	27	K	2	d	d
shuf	A	m0285/Carta 72	7	42	U	2	d	t
shuf	A	m0285/Carta 72	7	38	K	4	s	s
shuf	A	m0285/Carta 72	7	25	K	y	a	a
shuf	A	m0285/Carta 72	7	14	K	18	m	m
shuf	A	m0285/Carta 72	7	46	K	4	s	d
shuf	A	m0285/Carta 72	7	37	K	19	e	e
shuf	A	m0285/Carta 72	7	35	K	17	e	a
shuf	A	m0285/Carta 72	7	13	K	7	e	e
shuf	A	m0285/Carta 72	7	24	K	c	g	u
shuf	A	m0285/Carta 72	7	26	K	14	n	n
shuf	A	m0285/Carta 72	7	44	K	x	d	d
shuf	A	m0285/Carta 72	7	39	K	5	c	c
shuf	A	m0285/Carta 72	7	23	K	26	o	q
shuf	A	m0285/Carta 72	7	1	K	7	e	e
shuf	A	m0285/Carta 72	7	12	K	15	o	o
shuf	A	m0285/Carta 72	7	3	K	3	t	t
shuf	A	m0285/Carta 72	7	2	K	14	n	n
shuf	A	m0285/Carta 72	7	27	K	2	d	d
real	A	m0282/Carta 58	4	7	U	19	i	e
real	A	m0282/Carta 58	4	15	K	17	a	a
real	A	m0282/Carta 58	4	8	K	a	l	l
real	A	m0282/Carta 58	4	27	K	55	p	p
real	A	m0282/Carta 58	4	10	K	c	g	g
real	A	m0282/Carta 58	4	46	K	13	m	u
real	A	m0282/Carta 58	4	9	K	8	i	i
real	A	m0282/Carta 58	4	40	K	17	a	a
real	A	m0282/Carta 58	4	42	K	19	e	e
real	A	m0282/Carta 58	4	39	K	4	s	s
real	A	m0282/Carta 58	4	29	K	4	s	s
real	A	m0282/Carta 58	4	43	K	22	e	i
real	A	m0282/Carta 58	4	5	K	18	m	m
real	A	m0282/Carta 58	4	32	K	4	s	s
real	A	m0282/Carta 58	4	13	K	5	c	c
real	A	m0282/Carta 58	4	0	K	16	f	f
real	A	m0282/Carta 58	4	25	K	17	a	a
real	A	m0282/Carta 58	4	6	K	2	d	d
shuf	A	m0282/Carta 58	4	7	U	19	i	n
shuf	A	m0282/Carta 58	4	15	K	17	a	d
shuf	A	m0282/Carta 58	4	8	K	a	l	t
shuf	A	m0282/Carta 58	4	27	K	55	p	o
shuf	A	m0282/Carta 58	4	10	K	c	g	g
shuf	A	m0282/Carta 58	4	46	K	13	m	q
shuf	A	m0282/Carta 58	4	9	K	8	i	i
shuf	A	m0282/Carta 58	4	40	K	17	a	a
shuf	A	m0282/Carta 58	4	42	K	19	e	e
shuf	A	m0282/Carta 58	4	39	K	4	s	s
shuf	A	m0282/Carta 58	4	29	K	4	s	e
shuf	A	m0282/Carta 58	4	43	K	22	e	i
shuf	A	m0282/Carta 58	4	5	K	18	m	m
shuf	A	m0282/Carta 58	4	32	K	4	s	l
shuf	A	m0282/Carta 58	4	13	K	5	c	c
shuf	A	m0282/Carta 58	4	0	K	16	f	h
shuf	A	m0282/Carta 58	4	25	K	17	a	r
shuf	A	m0282/Carta 58	4	6	K	2	d	e
real	A	m0288/Passage 2a	12	38	U	55	p	s
real	A	m0288/Passage 2a	12	37	K	15	o	o
real	A	m0288/Passage 2a	12	14	K	17	a	n
real	A	m0288/Passage 2a	12	18	K	17	a	a
real	A	m0288/Passage 2a	12	6	K	2	d	d
real	A	m0288/Passage 2a	12	42	K	20	l	l
real	A	m0288/Passage 2a	12	5	K	17	a	a
real	A	m0288/Passage 2a	12	17	K	2	a	d
real	A	m0288/Passage 2a	12	3	K	5	c	c
real	A	m0288/Passage 2a	12	1	K	16	f	f
real	A	m0288/Passage 2a	12	48	K	15	o	o
real	A	m0288/Passage 2a	12	39	K	17	a	a
real	A	m0288/Passage 2a	12	47	K	16	f	f
real	A	m0288/Passage 2a	12	4	K	10	h	h
real	A	m0288/Passage 2a	12	41	K	19	e	e
real	A	m0288/Passage 2a	12	36	K	14	n	n
real	A	m0288/Passage 2a	12	40	K	55	p	p
real	A	m0288/Passage 2a	12	45	K	7	e	e
shuf	A	m0288/Passage 2a	12	38	U	55	p	p
shuf	A	m0288/Passage 2a	12	37	K	15	o	o
shuf	A	m0288/Passage 2a	12	14	K	17	a	a
shuf	A	m0288/Passage 2a	12	18	K	17	a	a
shuf	A	m0288/Passage 2a	12	6	K	2	d	d
shuf	A	m0288/Passage 2a	12	42	K	20	l	l
shuf	A	m0288/Passage 2a	12	5	K	17	a	a
shuf	A	m0288/Passage 2a	12	17	K	2	a	d
shuf	A	m0288/Passage 2a	12	3	K	5	c	c
shuf	A	m0288/Passage 2a	12	1	K	16	f	s
shuf	A	m0288/Passage 2a	12	48	K	15	o	c
shuf	A	m0288/Passage 2a	12	39	K	17	a	a
shuf	A	m0288/Passage 2a	12	47	K	16	f	a
shuf	A	m0288/Passage 2a	12	4	K	10	h	h
shuf	A	m0288/Passage 2a	12	41	K	19	e	e
shuf	A	m0288/Passage 2a	12	36	K	14	n	r
shuf	A	m0288/Passage 2a	12	40	K	55	p	p
shuf	A	m0288/Passage 2a	12	45	K	7	e	e
real	A	m0293/Carta 106	3	34	U	26	o	d
real	A	m0293/Carta 106	3	5	K	26	v	v
real	A	m0293/Carta 106	3	41	K	4	s	s
real	A	m0293/Carta 106	3	44	K	14	n	e
real	A	m0293/Carta 106	3	19	K	2	d	d
real	A	m0293/Carta 106	3	29	K	14	n	n
real	A	m0293/Carta 106	3	23	K	2	d	d
real	A	m0293/Carta 106	3	1	K	10	r	h
real	A	m0293/Carta 106	3	49	K	4	s	s
real	A	m0293/Carta 106	3	33	K	15	o	o
real	A	m0293/Carta 106	3	2	K	8	i	q
real	A	m0293/Carta 106	3	38	K	52	r	r
real	A	m0293/Carta 106	3	42	K	26	v	o
real	A	m0293/Carta 106	3	40	K	15	o	o
real	A	m0293/Carta 106	3	22	K	2	e	o
real	A	m0293/Carta 106	3	31	K	21	b	b
real	A	m0293/Carta 106	3	48	K	15	o	o
real	A	m0293/Carta 106	3	6	K	7	e	e
shuf	A	m0293/Carta 106	3	34	U	26	o	c
shuf	A	m0293/Carta 106	3	5	K	26	v	o
shuf	A	m0293/Carta 106	3	41	K	4	s	s
shuf	A	m0293/Carta 106	3	44	K	14	n	n
shuf	A	m0293/Carta 106	3	19	K	2	d	d
shuf	A	m0293/Carta 106	3	29	K	14	n	a
shuf	A	m0293/Carta 106	3	23	K	2	d	i
shuf	A	m0293/Carta 106	3	1	K	10	r	h
shuf	A	m0293/Carta 106	3	49	K	4	s	s
shuf	A	m0293/Carta 106	3	33	K	15	o	o
shuf	A	m0293/Carta 106	3	2	K	8	i	c
shuf	A	m0293/Carta 106	3	38	K	52	r	r
shuf	A	m0293/Carta 106	3	42	K	26	v	o
shuf	A	m0293/Carta 106	3	40	K	15	o	o
shuf	A	m0293/Carta 106	3	22	K	2	e	d
shuf	A	m0293/Carta 106	3	31	K	21	b	o
shuf	A	m0293/Carta 106	3	48	K	15	o	o
shuf	A	m0293/Carta 106	3	6	K	7	e	e
real	A	m0288/Carta 85	11	44	U	14	n	z
real	A	m0288/Carta 85	11	45	K	2	d	d
real	A	m0288/Carta 85	11	3	K	12	r	r
real	A	m0288/Carta 85	11	34	K	3	t	t
real	A	m0288/Carta 85	11	46	K	7	e	e
real	A	m0288/Carta 85	11	4	K	19	e	e
real	A	m0288/Carta 85	11	33	K	17	a	a
real	A	m0288/Carta 85	11	32	K	12	r	r
real	A	m0288/Carta 85	11	41	K	4	a	g
real	A	m0288/Carta 85	11	48	K	17	a	a
real	A	m0288/Carta 85	11	0	K	14	n	n
real	A	m0288/Carta 85	11	39	K	19	a	e
real	A	m0288/Carta 85	11	29	K	14	n	n
real	A	m0288/Carta 85	11	43	K	19	e	e
real	A	m0288/Carta 85	11	37	K	15	o	o
real	A	m0288/Carta 85	11	31	K	3	t	t
real	A	m0288/Carta 85	11	30	K	15	o	o
real	A	m0288/Carta 85	11	36	K	2	d	d
shuf	A	m0288/Carta 85	11	44	U	14	n	l
shuf	A	m0288/Carta 85	11	45	K	2	d	l
shuf	A	m0288/Carta 85	11	3	K	12	r	t
shuf	A	m0288/Carta 85	11	34	K	3	t	t
shuf	A	m0288/Carta 85	11	46	K	7	e	e
shuf	A	m0288/Carta 85	11	4	K	19	e	e
shuf	A	m0288/Carta 85	11	33	K	17	a	a
shuf	A	m0288/Carta 85	11	32	K	12	r	r
shuf	A	m0288/Carta 85	11	41	K	4	a	u
shuf	A	m0288/Carta 85	11	48	K	17	a	a
shuf	A	m0288/Carta 85	11	0	K	14	n	n
shuf	A	m0288/Carta 85	11	39	K	19	a	e
shuf	A	m0288/Carta 85	11	29	K	14	n	m
shuf	A	m0288/Carta 85	11	43	K	19	e	e
shuf	A	m0288/Carta 85	11	37	K	15	o	o
shuf	A	m0288/Carta 85	11	31	K	3	t	t
shuf	A	m0288/Carta 85	11	30	K	15	o	o
shuf	A	m0288/Carta 85	11	36	K	2	d	d
real	A	m0293/Carta 106	0	6	U	26	v	a
real	A	m0293/Carta 106	0	40	K	7	e	e
real	A	m0293/Carta 106	0	29	K	15	u	o
real	A	m0293/Carta 106	0	46	K	2	e	i
real	A	m0293/Carta 106	0	1	K	4	s	s
real	A	m0293/Carta 106	0	49	K	8	i	i
real	A	m0293/Carta 106	0	42	K	18	m	m
real	A	m0293/Carta 106	0	25	K	2	e	o
real	A	m0293/Carta 106	0	38	K	55	k	o
real	A	m0293/Carta 106	0	41	K	52	r	r
real	A	m0293/Carta 106	0	26	K	2	d	d
real	A	m0293/Carta 106	0	23	K	15	o	o
real	A	m0293/Carta 106	0	30	K	20	l	l
real	A	m0293/Carta 106	0	39	K	4	s	s
real	A	m0293/Carta 106	0	0	K	19	e	e
real	A	m0293/Carta 106	0	37	K	26	o	d
real	A	m0293/Carta 106	0	7	K	22	i	q
real	A	m0293/Carta 106	0	28	K	21	b	b
shuf	A	m0293/Carta 106	0	6	U	26	v	a
shuf	A	m0293/Carta 106	0	40	K	7	e	e
shuf	A	m0293/Carta 106	0	29	K	15	u	o
shuf	A	m0293/Carta 106	0	46	K	2	e	e
shuf	A	m0293/Carta 106	0	1	K	4	s	f
shuf	A	m0293/Carta 106	0	49	K	8	i	i
shuf	A	m0293/Carta 106	0	42	K	18	m	m
shuf	A	m0293/Carta 106	0	25	K	2	e	d
shuf	A	m0293/Carta 106	0	38	K	55	k	e
shuf	A	m0293/Carta 106	0	41	K	52	r	r
shuf	A	m0293/Carta 106	0	26	K	2	d	e
shuf	A	m0293/Carta 106	0	23	K	15	o	o
shuf	A	m0293/Carta 106	0	30	K	20	l	l
shuf	A	m0293/Carta 106	0	39	K	4	s	s
shuf	A	m0293/Carta 106	0	0	K	19	e	e
shuf	A	m0293/Carta 106	0	37	K	26	o	u
shuf	A	m0293/Carta 106	0	7	K	22	i	i
shuf	A	m0293/Carta 106	0	28	K	21	b	g
real	A	m0292/Carta 101	15	46	U	12	r	r
real	A	m0292/Carta 101	15	37	K	3	t	t
real	A	m0292/Carta 101	15	45	K	15	o	o
real	A	m0292/Carta 101	15	39	K	19	e	e
real	A	m0292/Carta 101	15	11	K	2	a	s
real	A	m0292/Carta 101	15	2	K	26	v	v
real	A	m0292/Carta 101	15	10	K	14	n	e
real	A	m0292/Carta 101	15	35	K	2	e	e
real	A	m0292/Carta 101	15	3	K	2	i	e
real	A	m0292/Carta 101	15	9	K	52	r	r
real	A	m0292/Carta 101	15	5	K	10	h	h
real	A	m0292/Carta 101	15	48	K	17	a	a
real	A	m0292/Carta 101	15	44	K	55	p	p
real	A	m0292/Carta 101	15	47	K	3	t	t
real	A	m0292/Carta 101	15	7	K	55	p	p
real	A	m0292/Carta 101	15	38	K	52	r	r
real	A	m0292/Carta 101	15	49	K	2	d	d
real	A	m0292/Carta 101	15	4	K	14	n	n
shuf	A	m0292/Carta 101	15	46	U	12	r	r
shuf	A	m0292/Carta 101	15	37	K	3	t	s
shuf	A	m0292/Carta 101	15	45	K	15	o	o
shuf	A	m0292/Carta 101	15	39	K	19	e	e
shuf	A	m0292/Carta 101	15	11	K	2	a	e
shuf	A	m0292/Carta 101	15	2	K	26	v	v
shuf	A	m0292/Carta 101	15	10	K	14	n	e
shuf	A	m0292/Carta 101	15	35	K	2	e	d
shuf	A	m0292/Carta 101	15	3	K	2	i	e
shuf	A	m0292/Carta 101	15	9	K	52	r	u
shuf	A	m0292/Carta 101	15	5	K	10	h	t
shuf	A	m0292/Carta 101	15	48	K	17	a	a
shuf	A	m0292/Carta 101	15	44	K	55	p	p
shuf	A	m0292/Carta 101	15	47	K	3	t	t
shuf	A	m0292/Carta 101	15	7	K	55	p	s
shuf	A	m0292/Carta 101	15	38	K	52	r	r
shuf	A	m0292/Carta 101	15	49	K	2	d	d
shuf	A	m0292/Carta 101	15	4	K	14	n	n
real	A	m0285/Carta 72	7	36	U	4	s	l
real	A	m0285/Carta 72	7	22	K	8	j	i
real	A	m0285/Carta 72	7	35	K	17	e	a
real	A	m0285/Carta 72	7	13	K	7	e	e
real	A	m0285/Carta 72	7	44	K	x	d	d
real	A	m0285/Carta 72	7	5	K	17	a	a
real	A	m0285/Carta 72	7	2	K	14	n	n
real	A	m0285/Carta 72	7	40	K	15	o	o
real	A	m0285/Carta 72	7	0	K	18	o	m
real	A	m0285/Carta 72	7	37	K	19	e	e
real	A	m0285/Carta 72	7	26	K	14	n	n
real	A	m0285/Carta 72	7	1	K	7	e	e
real	A	m0285/Carta 72	7	12	K	15	o	o
real	A	m0285/Carta 72	7	24	K	c	g	r
real	A	m0285/Carta 72	7	42	K	2	d	d
real	A	m0285/Carta 72	7	8	K	15	o	o
real	A	m0285/Carta 72	7	45	K	y	a	a
real	A	m0285/Carta 72	7	14	K	18	m	m
shuf	A	m0285/Carta 72	7	36	U	4	s	v
shuf	A	m0285/Carta 72	7	22	K	8	j	i
shuf	A	m0285/Carta 72	7	35	K	17	e	a
shuf	A	m0285/Carta 72	7	13	K	7	e	e
shuf	A	m0285/Carta 72	7	44	K	x	d	c
shuf	A	m0285/Carta 72	7	5	K	17	a	a
shuf	A	m0285/Carta 72	7	2	K	14	n	n
shuf	A	m0285/Carta 72	7	40	K	15	o	o
shuf	A	m0285/Carta 72	7	0	K	18	o	m
shuf	A	m0285/Carta 72	7	37	K	19	e	e
shuf	A	m0285/Carta 72	7	26	K	14	n	a
shuf	A	m0285/Carta 72	7	1	K	7	e	d
shuf	A	m0285/Carta 72	7	12	K	15	o	s
shuf	A	m0285/Carta 72	7	24	K	c	g	u
shuf	A	m0285/Carta 72	7	42	K	2	d	o
shuf	A	m0285/Carta 72	7	8	K	15	o	o
shuf	A	m0285/Carta 72	7	45	K	y	a	a
shuf	A	m0285/Carta 72	7	14	K	18	m	o
real	A	m0292/Carta 101	16	47	U	17	a	o
real	A	m0292/Carta 101	16	35	K	14	n	n
real	A	m0292/Carta 101	16	49	K	23	e	a
real	A	m0292/Carta 101	16	4	K	10	h	h
real	A	m0292/Carta 101	16	7	K	55	o	o
real	A	m0292/Carta 101	16	36	K	3	t	t
real	A	m0292/Carta 101	16	9	K	14	n	n
real	A	m0292/Carta 101	16	43	K	55	p	p
real	A	m0292/Carta 101	16	34	K	2	e	e
real	A	m0292/Carta 101	16	38	K	19	e	e
real	A	m0292/Carta 101	16	2	K	2	i	e
real	A	m0292/Carta 101	16	44	K	15	o	o
real	A	m0292/Carta 101	16	10	K	2	a	a
real	A	m0292/Carta 101	16	5	K	17	a	a
real	A	m0292/Carta 101	16	6	K	55	p	p
real	A	m0292/Carta 101	16	45	K	12	r	r
real	A	m0292/Carta 101	16	8	K	52	r	r
real	A	m0292/Carta 101	16	1	K	26	v	v
shuf	A	m0292/Carta 101	16	47	U	17	a	s
shuf	A	m0292/Carta 101	16	35	K	14	n	n
shuf	A	m0292/Carta 101	16	49	K	23	e	a
shuf	A	m0292/Carta 101	16	4	K	10	h	r
shuf	A	m0292/Carta 101	16	7	K	55	o	o
shuf	A	m0292/Carta 101	16	36	K	3	t	t
shuf	A	m0292/Carta 101	16	9	K	14	n	n
shuf	A	m0292/Carta 101	16	43	K	55	p	p
shuf	A	m0292/Carta 101	16	34	K	2	e	e
shuf	A	m0292/Carta 101	16	38	K	19	e	e
shuf	A	m0292/Carta 101	16	2	K	2	i	e
shuf	A	m0292/Carta 101	16	44	K	15	o	o
shuf	A	m0292/Carta 101	16	10	K	2	a	a
shuf	A	m0292/Carta 101	16	5	K	17	a	a
shuf	A	m0292/Carta 101	16	6	K	55	p	p
shuf	A	m0292/Carta 101	16	45	K	12	r	r
shuf	A	m0292/Carta 101	16	8	K	52	r	r
shuf	A	m0292/Carta 101	16	1	K	26	v	u
real	A	m0293/Carta 106	3	5	U	26	v	d
real	A	m0293/Carta 106	3	43	K	2	e	e
real	A	m0293/Carta 106	3	42	K	26	v	v
real	A	m0293/Carta 106	3	7	K	12	r	r
real	A	m0293/Carta 106	3	30	K	d	g	o
real	A	m0293/Carta 106	3	46	K	8	i	i
real	A	m0293/Carta 106	3	26	K	15	u	o
real	A	m0293/Carta 106	3	4	K	22	i	i
real	A	m0293/Carta 106	3	28	K	8	i	i
real	A	m0293/Carta 106	3	23	K	2	d	d
real	A	m0293/Carta 106	3	35	K	55	k	e
real	A	m0293/Carta 106	3	32	K	12	r	r
real	A	m0293/Carta 106	3	3	K	26	v	v
real	A	m0293/Carta 106	3	39	K	18	m	m
real	A	m0293/Carta 106	3	36	K	4	s	s
real	A	m0293/Carta 106	3	33	K	15	o	o
real	A	m0293/Carta 106	3	49	K	4	s	s
real	A	m0293/Carta 106	3	0	K	y	a	a
shuf	A	m0293/Carta 106	3	5	U	26	v	l
shuf	A	m0293/Carta 106	3	43	K	2	e	d
shuf	A	m0293/Carta 106	3	42	K	26	v	u
shuf	A	m0293/Carta 106	3	7	K	12	r	o
shuf	A	m0293/Carta 106	3	30	K	d	g	o
shuf	A	m0293/Carta 106	3	46	K	8	i	t
shuf	A	m0293/Carta 106	3	26	K	15	u	o
shuf	A	m0293/Carta 106	3	4	K	22	i	i
shuf	A	m0293/Carta 106	3	28	K	8	i	j
shuf	A	m0293/Carta 106	3	23	K	2	d	o
shuf	A	m0293/Carta 106	3	35	K	55	k	n
shuf	A	m0293/Carta 106	3	32	K	12	r	r
shuf	A	m0293/Carta 106	3	3	K	26	v	u
shuf	A	m0293/Carta 106	3	39	K	18	m	s
shuf	A	m0293/Carta 106	3	36	K	4	s	s
shuf	A	m0293/Carta 106	3	33	K	15	o	o
shuf	A	m0293/Carta 106	3	49	K	4	s	l
shuf	A	m0293/Carta 106	3	0	K	y	a	a
real	A	m0288/Carta 85	4	42	U	23	a	a
real	A	m0288/Carta 85	4	37	K	15	o	o
real	A	m0288/Carta 85	4	39	K	12	r	r
real	A	m0288/Carta 85	4	6	K	17	a	a
real	A	m0288/Carta 85	4	0	K	5	c	c
real	A	m0288/Carta 85	4	3	K	17	a	a
real	A	m0288/Carta 85	4	4	K	20	l	l
real	A	m0288/Carta 85	4	46	K	19	a	e
real	A	m0288/Carta 85	4	48	K	4	a	s
real	A	m0288/Carta 85	4	36	K	14	n	n
real	A	m0288/Carta 85	4	38	K	3	t	t
real	A	m0288/Carta 85	4	2	K	7	e	e
real	A	m0288/Carta 85	4	44	K	15	o	o
real	A	m0288/Carta 85	4	7	K	14	n	n
real	A	m0288/Carta 85	4	9	K	23	a	a
real	A	m0288/Carta 85	4	43	K	2	d	d
real	A	m0288/Carta 85	4	49	K	26	v	u
real	A	m0288/Carta 85	4	10	K	12	r	r
shuf	A	m0288/Carta 85	4	42	U	23	a	u
shuf	A	m0288/Carta 85	4	37	K	15	o	o
shuf	A	m0288/Carta 85	4	39	K	12	r	o
shuf	A	m0288/Carta 85	4	6	K	17	a	a
shuf	A	m0288/Carta 85	4	0	K	5	c	c
shuf	A	m0288/Carta 85	4	3	K	17	a	a
shuf	A	m0288/Carta 85	4	4	K	20	l	l
shuf	A	m0288/Carta 85	4	46	K	19	a	e
shuf	A	m0288/Carta 85	4	48	K	4	a	e
shuf	A	m0288/Carta 85	4	36	K	14	n	n
shuf	A	m0288/Carta 85	4	38	K	3	t	t
shuf	A	m0288/Carta 85	4	2	K	7	e	e
shuf	A	m0288/Carta 85	4	44	K	15	o	o
shuf	A	m0288/Carta 85	4	7	K	14	n	n
shuf	A	m0288/Carta 85	4	9	K	23	a	a
shuf	A	m0288/Carta 85	4	43	K	2	d	e
shuf	A	m0288/Carta 85	4	49	K	26	v	u
shuf	A	m0288/Carta 85	4	10	K	12	r	r
real	A	m0281/Carta 15	35	36	U	5	c	c
real	A	m0281/Carta 15	35	40	K	8	i	i
real	A	m0281/Carta 15	35	43	K	m	n	n
real	A	m0281/Carta 15	35	18	K	10	h	a
real	A	m0281/Carta 15	35	42	K	z	e	e
real	A	m0281/Carta 15	35	17	K	7	r	r
real	A	m0281/Carta 15	35	23	K	y	a	a
real	A	m0281/Carta 15	35	41	K	18	m	m
real	A	m0281/Carta 15	35	44	K	a	t	t
real	A	m0281/Carta 15	35	22	K	5	c	c
real	A	m0281/Carta 15	35	38	K	18	m	m
real	A	m0281/Carta 15	35	46	K	4	s	s
real	A	m0281/Carta 15	35	16	K	15	o	o
real	A	m0281/Carta 15	35	15	K	6	p	c
real	A	m0281/Carta 15	35	21	K	y	a	a
real	A	m0281/Carta 15	35	39	K	7	r	e
real	A	m0281/Carta 15	35	25	K	a	t	d
real	A	m0281/Carta 15	35	37	K	15	u	o
shuf	A	m0281/Carta 15	35	36	U	5	c	a
shuf	A	m0281/Carta 15	35	40	K	8	i	i
shuf	A	m0281/Carta 15	35	43	K	m	n	n
shuf	A	m0281/Carta 15	35	18	K	10	h	m
shuf	A	m0281/Carta 15	35	42	K	z	e	x
shuf	A	m0281/Carta 15	35	17	K	7	r	e
shuf	A	m0281/Carta 15	35	23	K	y	a	a
shuf	A	m0281/Carta 15	35	41	K	18	m	o
shuf	A	m0281/Carta 15	35	44	K	a	t	t
shuf	A	m0281/Carta 15	35	22	K	5	c	c
shuf	A	m0281/Carta 15	35	38	K	18	m	m
shuf	A	m0281/Carta 15	35	46	K	4	s	m
shuf	A	m0281/Carta 15	35	16	K	15	o	o
shuf	A	m0281/Carta 15	35	15	K	6	p	p
shuf	A	m0281/Carta 15	35	21	K	y	a	a
shuf	A	m0281/Carta 15	35	39	K	7	r	e
shuf	A	m0281/Carta 15	35	25	K	a	t	t
shuf	A	m0281/Carta 15	35	37	K	15	u	o
real	A	m0282/Carta 58	9	23	U	19	e	s
real	A	m0282/Carta 58	9	22	K	55	p	o
real	A	m0282/Carta 58	9	49	K	2	d	e
real	A	m0282/Carta 58	9	4	K	8	i	i
real	A	m0282/Carta 58	9	39	K	5	c	c
real	A	m0282/Carta 58	9	19	K	2	d	d
real	A	m0282/Carta 58	9	18	K	15	o	o
real	A	m0282/Carta 58	9	38	K	22	e	m
real	A	m0282/Carta 58	9	41	K	13	m	m
real	A	m0282/Carta 58	9	17	K	m	n	n
real	A	m0282/Carta 58	9	26	K	17	a	a
real	A	m0282/Carta 58	9	36	K	21	b	b
real	A	m0282/Carta 58	9	7	K	m	n	n
real	A	m0282/Carta 58	9	43	K	13	d	n
real	A	m0282/Carta 58	9	44	K	2	d	d
real	A	m0282/Carta 58	9	10	K	17	a	a
real	A	m0282/Carta 58	9	21	K	4	s	s
real	A	m0282/Carta 58	9	12	K	4	s	a
shuf	A	m0282/Carta 58	9	23	U	19	e	e
shuf	A	m0282/Carta 58	9	22	K	55	p	o
shuf	A	m0282/Carta 58	9	49	K	2	d	d
shuf	A	m0282/Carta 58	9	4	K	8	i	a
shuf	A	m0282/Carta 58	9	39	K	5	c	c
shuf	A	m0282/Carta 58	9	19	K	2	d	d
shuf	A	m0282/Carta 58	9	18	K	15	o	o
shuf	A	m0282/Carta 58	9	38	K	22	e	c
shuf	A	m0282/Carta 58	9	41	K	13	m	s
shuf	A	m0282/Carta 58	9	17	K	m	n	r
shuf	A	m0282/Carta 58	9	26	K	17	a	a
shuf	A	m0282/Carta 58	9	36	K	21	b	s
shuf	A	m0282/Carta 58	9	7	K	m	n	t
shuf	A	m0282/Carta 58	9	43	K	13	d	e
shuf	A	m0282/Carta 58	9	44	K	2	d	s
shuf	A	m0282/Carta 58	9	10	K	17	a	a
shuf	A	m0282/Carta 58	9	21	K	4	s	s
shuf	A	m0282/Carta 58	9	12	K	4	s	s
real	A	m0288/Passage 2a	30	45	U	4	f	a
real	A	m0288/Passage 2a	30	24	K	20	l	l
real	A	m0288/Passage 2a	30	29	K	16	f	g
real	A	m0288/Passage 2a	30	28	K	17	a	a
real	A	m0288/Passage 2a	30	49	K	25	o	o
real	A	m0288/Passage 2a	30	30	K	15	o	o
real	A	m0288/Passage 2a	30	41	K	17	a	a
real	A	m0288/Passage 2a	30	31	K	12	r	r
real	A	m0288/Passage 2a	30	21	K	17	a	a
real	A	m0288/Passage 2a	30	42	K	3	t	t
real	A	m0288/Passage 2a	30	43	K	23	o	a
real	A	m0288/Passage 2a	30	22	K	55	p	p
real	A	m0288/Passage 2a	30	40	K	12	r	r
real	A	m0288/Passage 2a	30	0	K	17	a	a
real	A	m0288/Passage 2a	30	47	K	15	o	o
real	A	m0288/Passage 2a	30	44	K	18	a	m
real	A	m0288/Passage 2a	30	20	K	55	p	p
real	A	m0288/Passage 2a	30	27	K	7	e	e
shuf	A	m0288/Passage 2a	30	45	U	4	f	a
shuf	A	m0288/Passage 2a	30	24	K	20	l	e
shuf	A	m0288/Passage 2a	30	29	K	16	f	f
shuf	A	m0288/Passage 2a	30	28	K	17	a	a
shuf	A	m0288/Passage 2a	30	49	K	25	o	o
shuf	A	m0288/Passage 2a	30	30	K	15	o	o
shuf	A	m0288/Passage 2a	30	41	K	17	a	a
shuf	A	m0288/Passage 2a	30	31	K	12	r	r
shuf	A	m0288/Passage 2a	30	21	K	17	a	a
shuf	A	m0288/Passage 2a	30	42	K	3	t	d
shuf	A	m0288/Passage 2a	30	43	K	23	o	a
shuf	A	m0288/Passage 2a	30	22	K	55	p	g
shuf	A	m0288/Passage 2a	30	40	K	12	r	r
shuf	A	m0288/Passage 2a	30	0	K	17	a	a
shuf	A	m0288/Passage 2a	30	47	K	15	o	o
shuf	A	m0288/Passage 2a	30	44	K	18	a	m
shuf	A	m0288/Passage 2a	30	20	K	55	p	p
shuf	A	m0288/Passage 2a	30	27	K	7	e	e
real	A	m0287/Carta 79	12	26	U	15	o	o
real	A	m0287/Carta 79	12	2	K	19	e	e
real	A	m0287/Carta 79	12	27	K	20	d	l
real	A	m0287/Carta 79	12	23	K	10	h	l
real	A	m0287/Carta 79	12	43	K	19	e	e
real	A	m0287/Carta 79	12	30	K	19	e	e
real	A	m0287/Carta 79	12	0	K	14	n	n
real	A	m0287/Carta 79	12	28	K	15	o	o
real	A	m0287/Carta 79	12	19	K	24	e	a
real	A	m0287/Carta 79	12	25	K	5	c	c
real	A	m0287/Carta 79	12	12	K	26	u	u
real	A	m0287/Carta 79	12	4	K	12	r	r
real	A	m0287/Carta 79	12	29	K	3	t	t
real	A	m0287/Carta 79	12	37	K	12	r	r
real	A	m0287/Carta 79	12	5	K	23	a	a
real	A	m0287/Carta 79	12	8	K	18	o	r
real	A	m0287/Carta 79	12	1	K	2	d	d
real	A	m0287/Carta 79	12	42	K	4	s	s
shuf	A	m0287/Carta 79	12	26	U	15	o	u
shuf	A	m0287/Carta 79	12	2	K	19	e	t
shuf	A	m0287/Carta 79	12	27	K	20	d	l
shuf	A	m0287/Carta 79	12	23	K	10	h	d
shuf	A	m0287/Carta 79	12	43	K	19	e	q
shuf	A	m0287/Carta 79	12	30	K	19	e	e
shuf	A	m0287/Carta 79	12	0	K	14	n	n
shuf	A	m0287/Carta 79	12	28	K	15	o	o
shuf	A	m0287/Carta 79	12	19	K	24	e	q
shuf	A	m0287/Carta 79	12	25	K	5	c	c
shuf	A	m0287/Carta 79	12	12	K	26	u	u
shuf	A	m0287/Carta 79	12	4	K	12	r	r
shuf	A	m0287/Carta 79	12	29	K	3	t	t
shuf	A	m0287/Carta 79	12	37	K	12	r	r
shuf	A	m0287/Carta 79	12	5	K	23	a	a
shuf	A	m0287/Carta 79	12	8	K	18	o	n
shuf	A	m0287/Carta 79	12	1	K	2	d	a
shuf	A	m0287/Carta 79	12	42	K	4	s	s
real	A	m0287/Carta 79	16	7	U	e	g	g
real	A	m0287/Carta 79	16	22	K	15	o	o
real	A	m0287/Carta 79	16	39	K	19	e	e
real	A	m0287/Carta 79	16	20	K	17	a	a
real	A	m0287/Carta 79	16	34	K	15	o	o
real	A	m0287/Carta 79	16	26	K	19	e	e
real	A	m0287/Carta 79	16	9	K	18	m	m
real	A	m0287/Carta 79	16	33	K	12	r	r
real	A	m0287/Carta 79	16	19	K	10	h	l
real	A	m0287/Carta 79	16	21	K	5	c	c
real	A	m0287/Carta 79	16	2	K	f	z	r
real	A	m0287/Carta 79	16	24	K	15	o	o
real	A	m0287/Carta 79	16	48	K	55	p	a
real	A	m0287/Carta 79	16	6	K	10	l	l
real	A	m0287/Carta 79	16	23	K	20	d	l
real	A	m0287/Carta 79	16	14	K	3	t	a
real	A	m0287/Carta 79	16	32	K	8	i	i
real	A	m0287/Carta 79	16	28	K	15	o	o
shuf	A	m0287/Carta 79	16	7	U	e	g	t
shuf	A	m0287/Carta 79	16	22	K	15	o	o
shuf	A	m0287/Carta 79	16	39	K	19	e	e
shuf	A	m0287/Carta 79	16	20	K	17	a	a
shuf	A	m0287/Carta 79	16	34	K	15	o	o
shuf	A	m0287/Carta 79	16	26	K	19	e	e
shuf	A	m0287/Carta 79	16	9	K	18	m	o
shuf	A	m0287/Carta 79	16	33	K	12	r	r
shuf	A	m0287/Carta 79	16	19	K	10	h	a
shuf	A	m0287/Carta 79	16	21	K	5	c	c
shuf	A	m0287/Carta 79	16	2	K	f	z	s
shuf	A	m0287/Carta 79	16	24	K	15	o	o
shuf	A	m0287/Carta 79	16	48	K	55	p	n
shuf	A	m0287/Carta 79	16	6	K	10	l	s
shuf	A	m0287/Carta 79	16	23	K	20	d	l
shuf	A	m0287/Carta 79	16	14	K	3	t	s
shuf	A	m0287/Carta 79	16	32	K	8	i	i
shuf	A	m0287/Carta 79	16	28	K	15	o	o
real	A	m0289/Carta 92	36	19	U	y	s	v
real	A	m0289/Carta 92	36	18	K	y	a	a
real	A	m0289/Carta 92	36	23	K	x	d	d
real	A	m0289/Carta 92	36	42	K	12	r	r
real	A	m0289/Carta 92	36	16	K	7	e	e
real	A	m0289/Carta 92	36	41	K	55	p	p
real	A	m0289/Carta 92	36	38	K	18	o	m
real	A	m0289/Carta 92	36	12	K	23	a	a
real	A	m0289/Carta 92	36	46	K	8	i	i
real	A	m0289/Carta 92	36	39	K	2	d	d
real	A	m0289/Carta 92	36	9	K	17	a	a
real	A	m0289/Carta 92	36	30	K	7	e	e
real	A	m0289/Carta 92	36	13	K	m	n	n
real	A	m0289/Carta 92	36	26	K	21	h	t
real	A	m0289/Carta 92	36	21	K	x	d	d
real	A	m0289/Carta 92	36	8	K	f	s	s
real	A	m0289/Carta 92	36	45	K	15	o	o
real	A	m0289/Carta 92	36	48	K	4	c	s
shuf	A	m0289/Carta 92	36	19	U	y	s	v
shuf	A	m0289/Carta 92	36	18	K	y	a	a
shuf	A	m0289/Carta 92	36	23	K	x	d	d
shuf	A	m0289/Carta 92	36	42	K	12	r	r
shuf	A	m0289/Carta 92	36	16	K	7	e	d
shuf	A	m0289/Carta 92	36	41	K	55	p	o
shuf	A	m0289/Carta 92	36	38	K	18	o	m
shuf	A	m0289/Carta 92	36	12	K	23	a	a
shuf	A	m0289/Carta 92	36	46	K	8	i	i
shuf	A	m0289/Carta 92	36	39	K	2	d	e
shuf	A	m0289/Carta 92	36	9	K	17	a	a
shuf	A	m0289/Carta 92	36	30	K	7	e	e
shuf	A	m0289/Carta 92	36	13	K	m	n	r
shuf	A	m0289/Carta 92	36	26	K	21	h	l
shuf	A	m0289/Carta 92	36	21	K	x	d	d
shuf	A	m0289/Carta 92	36	8	K	f	s	e
shuf	A	m0289/Carta 92	36	45	K	15	o	c
shuf	A	m0289/Carta 92	36	48	K	4	c	s
real	A	m0290/Passage 2a	11	16	U	17	a	a
real	A	m0290/Passage 2a	11	17	K	12	r	r
real	A	m0290/Passage 2a	11	18	K	14	n	a
real	A	m0290/Passage 2a	11	25	K	d	o	o
real	A	m0290/Passage 2a	11	23	K	19	e	e
real	A	m0290/Passage 2a	11	3	K	11	r	m
real	A	m0290/Passage 2a	11	28	K	12	r	r
real	A	m0290/Passage 2a	11	42	K	8	i	i
real	A	m0290/Passage 2a	11	41	K	19	m	e
real	A	m0290/Passage 2a	11	48	K	22	i	i
real	A	m0290/Passage 2a	11	33	K	26	u	u
real	A	m0290/Passage 2a	11	39	K	2	d	d
real	A	m0290/Passage 2a	11	36	K	2	o	a
real	A	m0290/Passage 2a	11	29	K	y	a	a
real	A	m0290/Passage 2a	11	38	K	c	u	u
real	A	m0290/Passage 2a	11	4	K	2	o	a
real	A	m0290/Passage 2a	11	46	K	7	e	e
real	A	m0290/Passage 2a	11	43	K	14	n	n
shuf	A	m0290/Passage 2a	11	16	U	17	a	a
shuf	A	m0290/Passage 2a	11	17	K	12	r	r
shuf	A	m0290/Passage 2a	11	18	K	14	n	n
shuf	A	m0290/Passage 2a	11	25	K	d	o	o
shuf	A	m0290/Passage 2a	11	23	K	19	e	e
shuf	A	m0290/Passage 2a	11	3	K	11	r	o
shuf	A	m0290/Passage 2a	11	28	K	12	r	r
shuf	A	m0290/Passage 2a	11	42	K	8	i	i
shuf	A	m0290/Passage 2a	11	41	K	19	m	e
shuf	A	m0290/Passage 2a	11	48	K	22	i	v
shuf	A	m0290/Passage 2a	11	33	K	26	u	x
shuf	A	m0290/Passage 2a	11	39	K	2	d	d
shuf	A	m0290/Passage 2a	11	36	K	2	o	e
shuf	A	m0290/Passage 2a	11	29	K	y	a	a
shuf	A	m0290/Passage 2a	11	38	K	c	u	i
shuf	A	m0290/Passage 2a	11	4	K	2	o	i
shuf	A	m0290/Passage 2a	11	46	K	7	e	r
shuf	A	m0290/Passage 2a	11	43	K	14	n	n
real	A	m0293/Carta 106	0	49	U	8	i	e
real	A	m0293/Carta 106	0	34	K	21	b	p
real	A	m0293/Carta 106	0	8	K	26	v	u
real	A	m0293/Carta 106	0	48	K	2	d	d
real	A	m0293/Carta 106	0	37	K	26	o	v
real	A	m0293/Carta 106	0	28	K	21	b	b
real	A	m0293/Carta 106	0	32	K	14	n	n
real	A	m0293/Carta 106	0	30	K	20	l	l
real	A	m0293/Carta 106	0	3	K	y	a	a
real	A	m0293/Carta 106	0	4	K	10	r	i
real	A	m0293/Carta 106	0	24	K	55	o	p
real	A	m0293/Carta 106	0	25	K	2	e	o
real	A	m0293/Carta 106	0	41	K	52	r	r
real	A	m0293/Carta 106	0	27	K	19	e	e
real	A	m0293/Carta 106	0	9	K	7	e	e
real	A	m0293/Carta 106	0	40	K	7	e	e
real	A	m0293/Carta 106	0	39	K	4	s	s
real	A	m0293/Carta 106	0	45	K	26	v	v
shuf	A	m0293/Carta 106	0	49	U	8	i	e
shuf	A	m0293/Carta 106	0	34	K	21	b	b
shuf	A	m0293/Carta 106	0	8	K	26	v	u
shuf	A	m0293/Carta 106	0	48	K	2	d	d
shuf	A	m0293/Carta 106	0	37	K	26	o	u
shuf	A	m0293/Carta 106	0	28	K	21	b	r
shuf	A	m0293/Carta 106	0	32	K	14	n	a
shuf	A	m0293/Carta 106	0	30	K	20	l	o
shuf	A	m0293/Carta 106	0	3	K	y	a	a
shuf	A	m0293/Carta 106	0	4	K	10	r	l
shuf	A	m0293/Carta 106	0	24	K	55	o	r
shuf	A	m0293/Carta 106	0	25	K	2	e	e
shuf	A	m0293/Carta 106	0	41	K	52	r	a
shuf	A	m0293/Carta 106	0	27	K	19	e	e
shuf	A	m0293/Carta 106	0	9	K	7	e	r
shuf	A	m0293/Carta 106	0	40	K	7	e	r
shuf	A	m0293/Carta 106	0	39	K	4	s	a
shuf	A	m0293/Carta 106	0	45	K	26	v	u
real	A	m0290/Passage 2a	29	13	U	25	o	o
real	A	m0290/Passage 2a	29	1	K	24	e	e
real	A	m0290/Passage 2a	29	37	K	x	d	d
real	A	m0290/Passage 2a	29	3	K	7	e	e
real	A	m0290/Passage 2a	29	19	K	15	o	o
real	A	m0290/Passage 2a	29	8	K	16	f	f
real	A	m0290/Passage 2a	29	22	K	25	o	o
real	A	m0290/Passage 2a	29	6	K	11	p	m
real	A	m0290/Passage 2a	29	45	K	4	s	s
real	A	m0290/Passage 2a	29	26	K	f	s	s
real	A	m0290/Passage 2a	29	17	K	x	d	i
real	A	m0290/Passage 2a	29	31	K	25	o	o
real	A	m0290/Passage 2a	29	42	K	14	n	n
real	A	m0290/Passage 2a	29	30	K	22	i	i
real	A	m0290/Passage 2a	29	33	K	19	e	e
real	A	m0290/Passage 2a	29	38	K	d	o	o
real	A	m0290/Passage 2a	29	4	K	a	t	t
real	A	m0290/Passage 2a	29	0	K	14	n	n
shuf	A	m0290/Passage 2a	29	13	U	25	o	s
shuf	A	m0290/Passage 2a	29	1	K	24	e	e
shuf	A	m0290/Passage 2a	29	37	K	x	d	r
shuf	A	m0290/Passage 2a	29	3	K	7	e	e
shuf	A	m0290/Passage 2a	29	19	K	15	o	o
shuf	A	m0290/Passage 2a	29	8	K	16	f	f
shuf	A	m0290/Passage 2a	29	22	K	25	o	r
shuf	A	m0290/Passage 2a	29	6	K	11	p	i
shuf	A	m0290/Passage 2a	29	45	K	4	s	s
shuf	A	m0290/Passage 2a	29	26	K	f	s	n
shuf	A	m0290/Passage 2a	29	17	K	x	d	t
shuf	A	m0290/Passage 2a	29	31	K	25	o	o
shuf	A	m0290/Passage 2a	29	42	K	14	n	e
shuf	A	m0290/Passage 2a	29	30	K	22	i	d
shuf	A	m0290/Passage 2a	29	33	K	19	e	e
shuf	A	m0290/Passage 2a	29	38	K	d	o	o
shuf	A	m0290/Passage 2a	29	4	K	a	t	t
shuf	A	m0290/Passage 2a	29	0	K	14	n	n
real	A	m0293/Carta 106	0	29	U	15	u	o
real	A	m0293/Carta 106	0	24	K	55	o	p
real	A	m0293/Carta 106	0	28	K	21	b	b
real	A	m0293/Carta 106	0	48	K	2	d	d
real	A	m0293/Carta 106	0	44	K	4	s	s
real	A	m0293/Carta 106	0	42	K	18	m	m
real	A	m0293/Carta 106	0	46	K	2	e	i
real	A	m0293/Carta 106	0	25	K	2	e	o
real	A	m0293/Carta 106	0	8	K	26	v	u
real	A	m0293/Carta 106	0	47	K	14	n	n
real	A	m0293/Carta 106	0	4	K	10	r	i
real	A	m0293/Carta 106	0	23	K	15	o	o
real	A	m0293/Carta 106	0	30	K	20	l	l
real	A	m0293/Carta 106	0	3	K	y	a	a
real	A	m0293/Carta 106	0	26	K	2	d	d
real	A	m0293/Carta 106	0	34	K	21	b	b
real	A	m0293/Carta 106	0	2	K	3	t	t
real	A	m0293/Carta 106	0	49	K	8	i	i
shuf	A	m0293/Carta 106	0	29	U	15	u	f
shuf	A	m0293/Carta 106	0	24	K	55	o	s
shuf	A	m0293/Carta 106	0	28	K	21	b	b
shuf	A	m0293/Carta 106	0	48	K	2	d	d
shuf	A	m0293/Carta 106	0	44	K	4	s	e
shuf	A	m0293/Carta 106	0	42	K	18	m	p
shuf	A	m0293/Carta 106	0	46	K	2	e	i
shuf	A	m0293/Carta 106	0	25	K	2	e	d
shuf	A	m0293/Carta 106	0	8	K	26	v	u
shuf	A	m0293/Carta 106	0	47	K	14	n	n
shuf	A	m0293/Carta 106	0	4	K	10	r	d
shuf	A	m0293/Carta 106	0	23	K	15	o	i
shuf	A	m0293/Carta 106	0	30	K	20	l	l
shuf	A	m0293/Carta 106	0	3	K	y	a	a
shuf	A	m0293/Carta 106	0	26	K	2	d	e
shuf	A	m0293/Carta 106	0	34	K	21	b	b
shuf	A	m0293/Carta 106	0	2	K	3	t	t
shuf	A	m0293/Carta 106	0	49	K	8	i	i
real	A	m0291/Passage 3a	8	13	U	22	i	i
real	A	m0291/Passage 3a	8	17	K	55	p	p
real	A	m0291/Passage 3a	8	5	K	18	r	r
real	A	m0291/Passage 3a	8	25	K	26	v	v
real	A	m0291/Passage 3a	8	42	K	55	p	p
real	A	m0291/Passage 3a	8	39	K	17	a	a
real	A	m0291/Passage 3a	8	7	K	x	d	d
real	A	m0291/Passage 3a	8	18	K	24	e	e
real	A	m0291/Passage 3a	8	43	K	12	r	r
real	A	m0291/Passage 3a	8	32	K	f	s	s
real	A	m0291/Passage 3a	8	19	K	x	d	d
real	A	m0291/Passage 3a	8	31	K	7	e	e
real	A	m0291/Passage 3a	8	0	K	6	h	p
real	A	m0291/Passage 3a	8	27	K	12	r	r
real	A	m0291/Passage 3a	8	47	K	m	n	n
real	A	m0291/Passage 3a	8	16	K	8	i	i
real	A	m0291/Passage 3a	8	49	K	12	r	r
real	A	m0291/Passage 3a	8	44	K	19	e	e
shuf	A	m0291/Passage 3a	8	13	U	22	i	i
shuf	A	m0291/Passage 3a	8	17	K	55	p	p
shuf	A	m0291/Passage 3a	8	5	K	18	r	u
shuf	A	m0291/Passage 3a	8	25	K	26	v	o
shuf	A	m0291/Passage 3a	8	42	K	55	p	i
shuf	A	m0291/Passage 3a	8	39	K	17	a	a
shuf	A	m0291/Passage 3a	8	7	K	x	d	r
shuf	A	m0291/Passage 3a	8	18	K	24	e	e
shuf	A	m0291/Passage 3a	8	43	K	12	r	v
shuf	A	m0291/Passage 3a	8	32	K	f	s	a
shuf	A	m0291/Passage 3a	8	19	K	x	d	d
shuf	A	m0291/Passage 3a	8	31	K	7	e	r
shuf	A	m0291/Passage 3a	8	0	K	6	h	p
shuf	A	m0291/Passage 3a	8	27	K	12	r	r
shuf	A	m0291/Passage 3a	8	47	K	m	n	n
shuf	A	m0291/Passage 3a	8	16	K	8	i	i
shuf	A	m0291/Passage 3a	8	49	K	12	r	r
shuf	A	m0291/Passage 3a	8	44	K	19	e	e
real	A	m0287/Carta 79	8	42	U	15	o	a
real	A	m0287/Carta 79	8	8	K	12	r	r
real	A	m0287/Carta 79	8	32	K	15	o	o
real	A	m0287/Carta 79	8	38	K	52	r	r
real	A	m0287/Carta 79	8	15	K	e	g	g
real	A	m0287/Carta 79	8	24	K	26	v	i
real	A	m0287/Carta 79	8	1	K	17	a	a
real	A	m0287/Carta 79	8	34	K	19	e	e
real	A	m0287/Carta 79	8	7	K	17	a	a
real	A	m0287/Carta 79	8	0	K	19	e	e
real	A	m0287/Carta 79	8	9	K	23	a	a
real	A	m0287/Carta 79	8	20	K	19	e	e
real	A	m0287/Carta 79	8	23	K	24	e	e
real	A	m0287/Carta 79	8	27	K	10	h	r
real	A	m0287/Carta 79	8	14	K	10	l	l
real	A	m0287/Carta 79	8	48	K	26	u	u
real	A	m0287/Carta 79	8	46	K	4	s	s
real	A	m0287/Carta 79	8	10	K	f	z	s
shuf	A	m0287/Carta 79	8	42	U	15	o	b
shuf	A	m0287/Carta 79	8	8	K	12	r	r
shuf	A	m0287/Carta 79	8	32	K	15	o	o
shuf	A	m0287/Carta 79	8	38	K	52	r	c
shuf	A	m0287/Carta 79	8	15	K	e	g	a
shuf	A	m0287/Carta 79	8	24	K	26	v	u
shuf	A	m0287/Carta 79	8	1	K	17	a	a
shuf	A	m0287/Carta 79	8	34	K	19	e	e
shuf	A	m0287/Carta 79	8	7	K	17	a	a
shuf	A	m0287/Carta 79	8	0	K	19	e	e
shuf	A	m0287/Carta 79	8	9	K	23	a	a
shuf	A	m0287/Carta 79	8	20	K	19	e	e
shuf	A	m0287/Carta 79	8	23	K	24	e	q
shuf	A	m0287/Carta 79	8	27	K	10	h	l
shuf	A	m0287/Carta 79	8	14	K	10	l	i
shuf	A	m0287/Carta 79	8	48	K	26	u	u
shuf	A	m0287/Carta 79	8	46	K	4	s	s
shuf	A	m0287/Carta 79	8	10	K	f	z	s
real	A	m0288/Passage 2a	7	7	U	7	e	r
real	A	m0288/Passage 2a	7	2	K	4	s	s
real	A	m0288/Passage 2a	7	6	K	16	f	a
real	A	m0288/Passage 2a	7	46	K	19	e	e
real	A	m0288/Passage 2a	7	12	K	15	o	o
real	A	m0288/Passage 2a	7	8	K	5	c	c
real	A	m0288/Passage 2a	7	10	K	17	a	a
real	A	m0288/Passage 2a	7	1	K	17	n	a
real	A	m0288/Passage 2a	7	45	K	55	p	p
real	A	m0288/Passage 2a	7	47	K	20	l	l
real	A	m0288/Passage 2a	7	49	K	2	d	d
real	A	m0288/Passage 2a	7	11	K	2	d	d
real	A	m0288/Passage 2a	7	19	K	17	a	n
real	A	m0288/Passage 2a	7	22	K	2	a	d
real	A	m0288/Passage 2a	7	20	K	3	t	t
real	A	m0288/Passage 2a	7	41	K	14	n	n
real	A	m0288/Passage 2a	7	43	K	55	p	p
real	A	m0288/Passage 2a	7	42	K	15	o	o
shuf	A	m0288/Passage 2a	7	7	U	7	e	e
shuf	A	m0288/Passage 2a	7	2	K	4	s	s
shuf	A	m0288/Passage 2a	7	6	K	16	f	r
shuf	A	m0288/Passage 2a	7	46	K	19	e	e
shuf	A	m0288/Passage 2a	7	12	K	15	o	o
shuf	A	m0288/Passage 2a	7	8	K	5	c	c
shuf	A	m0288/Passage 2a	7	10	K	17	a	a
shuf	A	m0288/Passage 2a	7	1	K	17	n	a
shuf	A	m0288/Passage 2a	7	45	K	55	p	p
shuf	A	m0288/Passage 2a	7	47	K	20	l	l
shuf	A	m0288/Passage 2a	7	49	K	2	d	d
shuf	A	m0288/Passage 2a	7	11	K	2	d	d
shuf	A	m0288/Passage 2a	7	19	K	17	a	a
shuf	A	m0288/Passage 2a	7	22	K	2	a	e
shuf	A	m0288/Passage 2a	7	20	K	3	t	t
shuf	A	m0288/Passage 2a	7	41	K	14	n	n
shuf	A	m0288/Passage 2a	7	43	K	55	p	s
shuf	A	m0288/Passage 2a	7	42	K	15	o	o
real	A	m0288/Passage 2a	28	47	U	4	f	a
real	A	m0288/Passage 2a	28	24	K	55	p	p
real	A	m0288/Passage 2a	28	28	K	2	d	d
real	A	m0288/Passage 2a	28	21	K	15	o	o
real	A	m0288/Passage 2a	28	26	K	20	l	l
real	A	m0288/Passage 2a	28	23	K	17	a	a
real	A	m0288/Passage 2a	28	44	K	3	t	t
real	A	m0288/Passage 2a	28	30	K	17	a	a
real	A	m0288/Passage 2a	28	2	K	17	a	a
real	A	m0288/Passage 2a	28	20	K	14	n	n
real	A	m0288/Passage 2a	28	22	K	55	p	p
real	A	m0288/Passage 2a	28	49	K	15	o	o
real	A	m0288/Passage 2a	28	42	K	12	r	r
real	A	m0288/Passage 2a	28	33	K	12	r	r
real	A	m0288/Passage 2a	28	29	K	7	e	e
real	A	m0288/Passage 2a	28	45	K	23	o	a
real	A	m0288/Passage 2a	28	34	K	15	o	o
real	A	m0288/Passage 2a	28	46	K	18	a	m
shuf	A	m0288/Passage 2a	28	47	U	4	f	s
shuf	A	m0288/Passage 2a	28	24	K	55	p	o
shuf	A	m0288/Passage 2a	28	28	K	2	d	d
shuf	A	m0288/Passage 2a	28	21	K	15	o	o
shuf	A	m0288/Passage 2a	28	26	K	20	l	e
shuf	A	m0288/Passage 2a	28	23	K	17	a	a
shuf	A	m0288/Passage 2a	28	44	K	3	t	i
shuf	A	m0288/Passage 2a	28	30	K	17	a	a
shuf	A	m0288/Passage 2a	28	2	K	17	a	a
shuf	A	m0288/Passage 2a	28	20	K	14	n	m
shuf	A	m0288/Passage 2a	28	22	K	55	p	n
shuf	A	m0288/Passage 2a	28	49	K	15	o	u
shuf	A	m0288/Passage 2a	28	42	K	12	r	r
shuf	A	m0288/Passage 2a	28	33	K	12	r	r
shuf	A	m0288/Passage 2a	28	29	K	7	e	e
shuf	A	m0288/Passage 2a	28	45	K	23	o	d
shuf	A	m0288/Passage 2a	28	34	K	15	o	o
shuf	A	m0288/Passage 2a	28	46	K	18	a	o
real	A	m0293/Carta 106	0	39	U	4	s	a
real	A	m0293/Carta 106	0	47	K	14	n	e
real	A	m0293/Carta 106	0	23	K	15	o	o
real	A	m0293/Carta 106	0	43	K	15	o	o
real	A	m0293/Carta 106	0	0	K	19	e	e
real	A	m0293/Carta 106	0	5	K	8	i	i
real	A	m0293/Carta 106	0	41	K	52	r	a
real	A	m0293/Carta 106	0	49	K	8	i	i
real	A	m0293/Carta 106	0	9	K	7	e	e
real	A	m0293/Carta 106	0	32	K	14	n	n
real	A	m0293/Carta 106	0	37	K	26	o	u
real	A	m0293/Carta 106	0	29	K	15	u	o
real	A	m0293/Carta 106	0	38	K	55	k	p
real	A	m0293/Carta 106	0	10	K	12	r	r
real	A	m0293/Carta 106	0	33	K	d	g	o
real	A	m0293/Carta 106	0	28	K	21	b	b
real	A	m0293/Carta 106	0	45	K	26	v	o
real	A	m0293/Carta 106	0	40	K	7	e	r
shuf	A	m0293/Carta 106	0	39	U	4	s	r
shuf	A	m0293/Carta 106	0	47	K	14	n	a
shuf	A	m0293/Carta 106	0	23	K	15	o	o
shuf	A	m0293/Carta 106	0	43	K	15	o	o
shuf	A	m0293/Carta 106	0	0	K	19	e	e
shuf	A	m0293/Carta 106	0	5	K	8	i	i
shuf	A	m0293/Carta 106	0	41	K	52	r	n
shuf	A	m0293/Carta 106	0	49	K	8	i	i
shuf	A	m0293/Carta 106	0	9	K	7	e	e
shuf	A	m0293/Carta 106	0	32	K	14	n	m
shuf	A	m0293/Carta 106	0	37	K	26	o	u
shuf	A	m0293/Carta 106	0	29	K	15	u	o
shuf	A	m0293/Carta 106	0	38	K	55	k	p
shuf	A	m0293/Carta 106	0	10	K	12	r	n
shuf	A	m0293/Carta 106	0	33	K	d	g	o
shuf	A	m0293/Carta 106	0	28	K	21	b	o
shuf	A	m0293/Carta 106	0	45	K	26	v	u
shuf	A	m0293/Carta 106	0	40	K	7	e	e
real	A	m0281/Carta 15	6	21	U	y	a	d
real	A	m0281/Carta 15	6	20	K	7	r	r
real	A	m0281/Carta 15	6	12	K	15	o	o
real	A	m0281/Carta 15	6	45	K	15	o	u
real	A	m0281/Carta 15	6	4	K	y	a	t
real	A	m0281/Carta 15	6	7	K	10	h	h
real	A	m0281/Carta 15	6	1	K	c	u	g
real	A	m0281/Carta 15	6	16	K	6	p	c
real	A	m0281/Carta 15	6	26	K	8	i	i
real	A	m0281/Carta 15	6	13	K	c	u	s
real	A	m0281/Carta 15	6	0	K	13	q	q
real	A	m0281/Carta 15	6	49	K	18	m	o
real	A	m0281/Carta 15	6	9	K	18	m	m
real	A	m0281/Carta 15	6	47	K	10	h	o
real	A	m0281/Carta 15	6	44	K	6	p	q
real	A	m0281/Carta 15	6	11	K	2	d	a
real	A	m0281/Carta 15	6	5	K	8	i	i
real	A	m0281/Carta 15	6	24	K	7	r	e
shuf	A	m0281/Carta 15	6	21	U	y	a	n
shuf	A	m0281/Carta 15	6	20	K	7	r	e
shuf	A	m0281/Carta 15	6	12	K	15	o	o
shuf	A	m0281/Carta 15	6	45	K	15	o	o
shuf	A	m0281/Carta 15	6	4	K	y	a	a
shuf	A	m0281/Carta 15	6	7	K	10	h	h
shuf	A	m0281/Carta 15	6	1	K	c	u	q
shuf	A	m0281/Carta 15	6	16	K	6	p	o
shuf	A	m0281/Carta 15	6	26	K	8	i	i
shuf	A	m0281/Carta 15	6	13	K	c	u	r
shuf	A	m0281/Carta 15	6	0	K	13	q	q
shuf	A	m0281/Carta 15	6	49	K	18	m	m
shuf	A	m0281/Carta 15	6	9	K	18	m	o
shuf	A	m0281/Carta 15	6	47	K	10	h	o
shuf	A	m0281/Carta 15	6	44	K	6	p	m
shuf	A	m0281/Carta 15	6	11	K	2	d	d
shuf	A	m0281/Carta 15	6	5	K	8	i	i
shuf	A	m0281/Carta 15	6	24	K	7	r	e
real	A	m0291/Passage 3a	8	9	U	2	d	d
real	A	m0291/Passage 3a	8	28	K	55	p	p
real	A	m0291/Passage 3a	8	30	K	12	r	r
real	A	m0291/Passage 3a	8	35	K	5	c	c
real	A	m0291/Passage 3a	8	43	K	12	r	r
real	A	m0291/Passage 3a	8	23	K	14	n	n
real	A	m0291/Passage 3a	8	8	K	23	a	a
real	A	m0291/Passage 3a	8	38	K	11	p	p
real	A	m0291/Passage 3a	8	29	K	d	o	o
real	A	m0291/Passage 3a	8	1	K	4	s	s
real	A	m0291/Passage 3a	8	33	K	5	c	s
real	A	m0291/Passage 3a	8	0	K	6	h	p
real	A	m0291/Passage 3a	8	12	K	12	r	r
real	A	m0291/Passage 3a	8	46	K	22	i	i
real	A	m0291/Passage 3a	8	37	K	y	a	a
real	A	m0291/Passage 3a	8	21	K	10	h	r
real	A	m0291/Passage 3a	8	42	K	55	p	p
real	A	m0291/Passage 3a	8	47	K	m	n	n
shuf	A	m0291/Passage 3a	8	9	U	2	d	c
shuf	A	m0291/Passage 3a	8	28	K	55	p	p
shuf	A	m0291/Passage 3a	8	30	K	12	r	r
shuf	A	m0291/Passage 3a	8	35	K	5	c	c
shuf	A	m0291/Passage 3a	8	43	K	12	r	o
shuf	A	m0291/Passage 3a	8	23	K	14	n	a
shuf	A	m0291/Passage 3a	8	8	K	23	a	a
shuf	A	m0291/Passage 3a	8	38	K	11	p	h
shuf	A	m0291/Passage 3a	8	29	K	d	o	o
shuf	A	m0291/Passage 3a	8	1	K	4	s	s
shuf	A	m0291/Passage 3a	8	33	K	5	c	u
shuf	A	m0291/Passage 3a	8	0	K	6	h	p
shuf	A	m0291/Passage 3a	8	12	K	12	r	r
shuf	A	m0291/Passage 3a	8	46	K	22	i	e
shuf	A	m0291/Passage 3a	8	37	K	y	a	a
shuf	A	m0291/Passage 3a	8	21	K	10	h	b
shuf	A	m0291/Passage 3a	8	42	K	55	p	n
shuf	A	m0291/Passage 3a	8	47	K	m	n	n
real	A	m0281/Carta 15	52	7	U	7	r	s
real	A	m0281/Carta 15	52	5	K	5	c	c
real	A	m0281/Carta 15	52	40	K	c	p	v
real	A	m0281/Carta 15	52	22	K	7	r	e
real	A	m0281/Carta 15	52	27	K	a	t	t
real	A	m0281/Carta 15	52	38	K	2	e	d
real	A	m0281/Carta 15	52	3	K	18	m	r
real	A	m0281/Carta 15	52	29	K	4	s	s
real	A	m0281/Carta 15	52	36	K	y	o	a
real	A	m0281/Carta 15	52	8	K	a	t	t
real	A	m0281/Carta 15	52	23	K	8	i	i
real	A	m0281/Carta 15	52	25	K	z	e	e
real	A	m0281/Carta 15	52	9	K	y	a	a
real	A	m0281/Carta 15	52	1	K	10	h	s
real	A	m0281/Carta 15	52	20	K	15	u	o
real	A	m0281/Carta 15	52	19	K	5	c	c
real	A	m0281/Carta 15	52	6	K	y	a	a
real	A	m0281/Carta 15	52	39	K	y	x	a
shuf	A	m0281/Carta 15	52	7	U	7	r	d
shuf	A	m0281/Carta 15	52	5	K	5	c	c
shuf	A	m0281/Carta 15	52	40	K	c	p	d
shuf	A	m0281/Carta 15	52	22	K	7	r	e
shuf	A	m0281/Carta 15	52	27	K	a	t	t
shuf	A	m0281/Carta 15	52	38	K	2	e	d
shuf	A	m0281/Carta 15	52	3	K	18	m	a
shuf	A	m0281/Carta 15	52	29	K	4	s	s
shuf	A	m0281/Carta 15	52	36	K	y	o	a
shuf	A	m0281/Carta 15	52	8	K	a	t	o
shuf	A	m0281/Carta 15	52	23	K	8	i	i
shuf	A	m0281/Carta 15	52	25	K	z	e	o
shuf	A	m0281/Carta 15	52	9	K	y	a	s
shuf	A	m0281/Carta 15	52	1	K	10	h	h
shuf	A	m0281/Carta 15	52	20	K	15	u	o
shuf	A	m0281/Carta 15	52	19	K	5	c	c
shuf	A	m0281/Carta 15	52	6	K	y	a	a
shuf	A	m0281/Carta 15	52	39	K	y	x	a
real	A	m0288/Passage 2a	18	40	U	17	a	s
real	A	m0288/Passage 2a	18	9	K	3	t	t
real	A	m0288/Passage 2a	18	42	K	15	o	o
real	A	m0288/Passage 2a	18	33	K	17	a	a
real	A	m0288/Passage 2a	18	34	K	55	p	p
real	A	m0288/Passage 2a	18	38	K	2	d	d
real	A	m0288/Passage 2a	18	12	K	17	a	a
real	A	m0288/Passage 2a	18	32	K	55	p	p
real	A	m0288/Passage 2a	18	41	K	16	f	f
real	A	m0288/Passage 2a	18	11	K	2	a	d
real	A	m0288/Passage 2a	18	36	K	20	l	l
real	A	m0288/Passage 2a	18	43	K	12	r	r
real	A	m0288/Passage 2a	18	31	K	15	o	o
real	A	m0288/Passage 2a	18	30	K	14	n	n
real	A	m0288/Passage 2a	18	1	K	15	o	o
real	A	m0288/Passage 2a	18	35	K	19	e	e
real	A	m0288/Passage 2a	18	44	K	15	o	o
real	A	m0288/Passage 2a	18	39	K	7	e	e
shuf	A	m0288/Passage 2a	18	40	U	17	a	s
shuf	A	m0288/Passage 2a	18	9	K	3	t	t
shuf	A	m0288/Passage 2a	18	42	K	15	o	o
shuf	A	m0288/Passage 2a	18	33	K	17	a	a
shuf	A	m0288/Passage 2a	18	34	K	55	p	p
shuf	A	m0288/Passage 2a	18	38	K	2	d	d
shuf	A	m0288/Passage 2a	18	12	K	17	a	a
shuf	A	m0288/Passage 2a	18	32	K	55	p	p
shuf	A	m0288/Passage 2a	18	41	K	16	f	c
shuf	A	m0288/Passage 2a	18	11	K	2	a	d
shuf	A	m0288/Passage 2a	18	36	K	20	l	l
shuf	A	m0288/Passage 2a	18	43	K	12	r	r
shuf	A	m0288/Passage 2a	18	31	K	15	o	o
shuf	A	m0288/Passage 2a	18	30	K	14	n	a
shuf	A	m0288/Passage 2a	18	1	K	15	o	o
shuf	A	m0288/Passage 2a	18	35	K	19	e	e
shuf	A	m0288/Passage 2a	18	44	K	15	o	p
shuf	A	m0288/Passage 2a	18	39	K	7	e	e
real	A	m0282/Carta 58	25	48	U	19	e	a
real	A	m0282/Carta 58	25	22	K	22	e	i
real	A	m0282/Carta 58	25	10	K	17	a	a
real	A	m0282/Carta 58	25	35	K	4	s	s
real	A	m0282/Carta 58	25	1	K	m	n	n
real	A	m0282/Carta 58	25	9	K	15	o	o
real	A	m0282/Carta 58	25	28	K	2	d	i
real	A	m0282/Carta 58	25	49	K	4	s	s
real	A	m0282/Carta 58	25	4	K	17	a	a
real	A	m0282/Carta 58	25	25	K	13	m	u
real	A	m0282/Carta 58	25	47	K	3	t	t
real	A	m0282/Carta 58	25	23	K	5	c	c
real	A	m0282/Carta 58	25	8	K	4	s	s
real	A	m0282/Carta 58	25	33	K	2	d	d
real	A	m0282/Carta 58	25	45	K	26	u	n
real	A	m0282/Carta 58	25	7	K	19	e	e
real	A	m0282/Carta 58	25	46	K	4	s	s
real	A	m0282/Carta 58	25	3	K	2	d	d
shuf	A	m0282/Carta 58	25	48	U	19	e	o
shuf	A	m0282/Carta 58	25	22	K	22	e	a
shuf	A	m0282/Carta 58	25	10	K	17	a	a
shuf	A	m0282/Carta 58	25	35	K	4	s	e
shuf	A	m0282/Carta 58	25	1	K	m	n	n
shuf	A	m0282/Carta 58	25	9	K	15	o	o
shuf	A	m0282/Carta 58	25	28	K	2	d	o
shuf	A	m0282/Carta 58	25	49	K	4	s	s
shuf	A	m0282/Carta 58	25	4	K	17	a	a
shuf	A	m0282/Carta 58	25	25	K	13	m	s
shuf	A	m0282/Carta 58	25	47	K	3	t	t
shuf	A	m0282/Carta 58	25	23	K	5	c	i
shuf	A	m0282/Carta 58	25	8	K	4	s	s
shuf	A	m0282/Carta 58	25	33	K	2	d	q
shuf	A	m0282/Carta 58	25	45	K	26	u	o
shuf	A	m0282/Carta 58	25	7	K	19	e	s
shuf	A	m0282/Carta 58	25	46	K	4	s	s
shuf	A	m0282/Carta 58	25	3	K	2	d	d
real	A	m0291/Carta 96	0	44	U	f	s	b
real	A	m0291/Carta 96	0	9	K	25	o	o
real	A	m0291/Carta 96	0	33	K	y	a	a
real	A	m0291/Carta 96	0	11	K	15	o	o
real	A	m0291/Carta 96	0	43	K	f	e	e
real	A	m0291/Carta 96	0	34	K	21	b	p
real	A	m0291/Carta 96	0	40	K	15	o	o
real	A	m0291/Carta 96	0	18	K	5	c	c
real	A	m0291/Carta 96	0	4	K	15	e	o
real	A	m0291/Carta 96	0	35	K	25	o	o
real	A	m0291/Carta 96	0	37	K	2	e	e
real	A	m0291/Carta 96	0	19	K	15	o	o
real	A	m0291/Carta 96	0	32	K	8	i	i
real	A	m0291/Carta 96	0	31	K	2	d	d
real	A	m0291/Carta 96	0	5	K	e	g	g
real	A	m0291/Carta 96	0	46	K	c	u	u
real	A	m0291/Carta 96	0	38	K	c	v	n
real	A	m0291/Carta 96	0	8	K	3	t	t
shuf	A	m0291/Carta 96	0	44	U	f	s	d
shuf	A	m0291/Carta 96	0	9	K	25	o	o
shuf	A	m0291/Carta 96	0	33	K	y	a	t
shuf	A	m0291/Carta 96	0	11	K	15	o	o
shuf	A	m0291/Carta 96	0	43	K	f	e	a
shuf	A	m0291/Carta 96	0	34	K	21	b	o
shuf	A	m0291/Carta 96	0	40	K	15	o	o
shuf	A	m0291/Carta 96	0	18	K	5	c	t
shuf	A	m0291/Carta 96	0	4	K	15	e	o
shuf	A	m0291/Carta 96	0	35	K	25	o	o
shuf	A	m0291/Carta 96	0	37	K	2	e	d
shuf	A	m0291/Carta 96	0	19	K	15	o	o
shuf	A	m0291/Carta 96	0	32	K	8	i	i
shuf	A	m0291/Carta 96	0	31	K	2	d	e
shuf	A	m0291/Carta 96	0	5	K	e	g	s
shuf	A	m0291/Carta 96	0	46	K	c	u	a
shuf	A	m0291/Carta 96	0	38	K	c	v	i
shuf	A	m0291/Carta 96	0	8	K	3	t	t
real	A	m0290/Passage 2a	7	7	U	11	r	m
real	A	m0290/Passage 2a	7	17	K	19	e	e
real	A	m0290/Passage 2a	7	47	K	14	n	n
real	A	m0290/Passage 2a	7	39	K	x	d	i
real	A	m0290/Passage 2a	7	49	K	a	t	t
real	A	m0290/Passage 2a	7	19	K	3	t	t
real	A	m0290/Passage 2a	7	10	K	15	o	o
real	A	m0290/Passage 2a	7	36	K	4	m	s
real	A	m0290/Passage 2a	7	31	K	15	o	o
real	A	m0290/Passage 2a	7	25	K	7	e	e
real	A	m0290/Passage 2a	7	4	K	f	s	s
real	A	m0290/Passage 2a	7	46	K	8	i	i
real	A	m0290/Passage 2a	7	16	K	18	o	m
real	A	m0290/Passage 2a	7	42	K	c	u	s
real	A	m0290/Passage 2a	7	9	K	55	p	o
real	A	m0290/Passage 2a	7	1	K	25	o	o
real	A	m0290/Passage 2a	7	37	K	26	u	u
real	A	m0290/Passage 2a	7	12	K	7	e	e
shuf	A	m0290/Passage 2a	7	7	U	11	r	f
shuf	A	m0290/Passage 2a	7	17	K	19	e	e
shuf	A	m0290/Passage 2a	7	47	K	14	n	n
shuf	A	m0290/Passage 2a	7	39	K	x	d	o
shuf	A	m0290/Passage 2a	7	49	K	a	t	t
shuf	A	m0290/Passage 2a	7	19	K	3	t	o
shuf	A	m0290/Passage 2a	7	10	K	15	o	o
shuf	A	m0290/Passage 2a	7	36	K	4	m	s
shuf	A	m0290/Passage 2a	7	31	K	15	o	p
shuf	A	m0290/Passage 2a	7	25	K	7	e	a
shuf	A	m0290/Passage 2a	7	4	K	f	s	a
shuf	A	m0290/Passage 2a	7	46	K	8	i	i
shuf	A	m0290/Passage 2a	7	16	K	18	o	m
shuf	A	m0290/Passage 2a	7	42	K	c	u	o
shuf	A	m0290/Passage 2a	7	9	K	55	p	p
shuf	A	m0290/Passage 2a	7	1	K	25	o	o
shuf	A	m0290/Passage 2a	7	37	K	26	u	u
shuf	A	m0290/Passage 2a	7	12	K	7	e	e
real	A	m0288/Passage 2a	27	31	U	17	a	s
real	A	m0288/Passage 2a	27	48	K	4	f	s
real	A	m0288/Passage 2a	27	35	K	15	o	o
real	A	m0288/Passage 2a	27	0	K	3	t	t
real	A	m0288/Passage 2a	27	25	K	55	p	p
real	A	m0288/Passage 2a	27	2	K	2	a	d
real	A	m0288/Passage 2a	27	45	K	3	t	t
real	A	m0288/Passage 2a	27	43	K	12	r	r
real	A	m0288/Passage 2a	27	22	K	15	o	o
real	A	m0288/Passage 2a	27	24	K	17	a	a
real	A	m0288/Passage 2a	27	29	K	2	d	d
real	A	m0288/Passage 2a	27	30	K	7	e	e
real	A	m0288/Passage 2a	27	23	K	55	p	p
real	A	m0288/Passage 2a	27	21	K	14	n	n
real	A	m0288/Passage 2a	27	42	K	3	t	t
real	A	m0288/Passage 2a	27	32	K	16	f	f
real	A	m0288/Passage 2a	27	33	K	15	o	o
real	A	m0288/Passage 2a	27	27	K	20	l	l
shuf	A	m0288/Passage 2a	27	31	U	17	a	i
shuf	A	m0288/Passage 2a	27	48	K	4	f	a
shuf	A	m0288/Passage 2a	27	35	K	15	o	o
shuf	A	m0288/Passage 2a	27	0	K	3	t	t
shuf	A	m0288/Passage 2a	27	25	K	55	p	o
shuf	A	m0288/Passage 2a	27	2	K	2	a	e
shuf	A	m0288/Passage 2a	27	45	K	3	t	t
shuf	A	m0288/Passage 2a	27	43	K	12	r	r
shuf	A	m0288/Passage 2a	27	22	K	15	o	o
shuf	A	m0288/Passage 2a	27	24	K	17	a	a
shuf	A	m0288/Passage 2a	27	29	K	2	d	d
shuf	A	m0288/Passage 2a	27	30	K	7	e	e
shuf	A	m0288/Passage 2a	27	23	K	55	p	p
shuf	A	m0288/Passage 2a	27	21	K	14	n	n
shuf	A	m0288/Passage 2a	27	42	K	3	t	t
shuf	A	m0288/Passage 2a	27	32	K	16	f	r
shuf	A	m0288/Passage 2a	27	33	K	15	o	o
shuf	A	m0288/Passage 2a	27	27	K	20	l	r
real	A	m0289/Carta 92	42	31	U	y	t	e
real	A	m0289/Carta 92	42	0	K	22	i	i
real	A	m0289/Carta 92	42	46	K	15	o	o
real	A	m0289/Carta 92	42	3	K	17	a	a
real	A	m0289/Carta 92	42	23	K	f	s	d
real	A	m0289/Carta 92	42	28	K	22	i	i
real	A	m0289/Carta 92	42	2	K	f	s	s
real	A	m0289/Carta 92	42	18	K	25	o	o
real	A	m0289/Carta 92	42	14	K	17	a	a
real	A	m0289/Carta 92	42	39	K	15	o	o
real	A	m0289/Carta 92	42	21	K	a	d	t
real	A	m0289/Carta 92	42	44	K	f	s	s
real	A	m0289/Carta 92	42	11	K	5	c	c
real	A	m0289/Carta 92	42	25	K	10	h	h
real	A	m0289/Carta 92	42	27	K	18	m	m
real	A	m0289/Carta 92	42	16	K	15	o	o
real	A	m0289/Carta 92	42	42	K	4	c	s
real	A	m0289/Carta 92	42	47	K	18	m	m
shuf	A	m0289/Carta 92	42	31	U	y	t	h
shuf	A	m0289/Carta 92	42	0	K	22	i	i
shuf	A	m0289/Carta 92	42	46	K	15	o	a
shuf	A	m0289/Carta 92	42	3	K	17	a	a
shuf	A	m0289/Carta 92	42	23	K	f	s	l
shuf	A	m0289/Carta 92	42	28	K	22	i	a
shuf	A	m0289/Carta 92	42	2	K	f	s	a
shuf	A	m0289/Carta 92	42	18	K	25	o	o
shuf	A	m0289/Carta 92	42	14	K	17	a	e
shuf	A	m0289/Carta 92	42	39	K	15	o	o
shuf	A	m0289/Carta 92	42	21	K	a	d	e
shuf	A	m0289/Carta 92	42	44	K	f	s	e
shuf	A	m0289/Carta 92	42	11	K	5	c	c
shuf	A	m0289/Carta 92	42	25	K	10	h	r
shuf	A	m0289/Carta 92	42	27	K	18	m	m
shuf	A	m0289/Carta 92	42	16	K	15	o	o
shuf	A	m0289/Carta 92	42	42	K	4	c	s
shuf	A	m0289/Carta 92	42	47	K	18	m	o
real	A	m0291/Passage 3a	13	34	U	17	a	a
real	A	m0291/Passage 3a	13	4	K	2	d	d
real	A	m0291/Passage 3a	13	40	K	26	v	o
real	A	m0291/Passage 3a	13	3	K	23	a	a
real	A	m0291/Passage 3a	13	28	K	5	c	s
real	A	m0291/Passage 3a	13	37	K	55	p	p
real	A	m0291/Passage 3a	13	30	K	5	c	c
real	A	m0291/Passage 3a	13	44	K	12	r	r
real	A	m0291/Passage 3a	13	31	K	8	i	i
real	A	m0291/Passage 3a	13	27	K	f	s	s
real	A	m0291/Passage 3a	13	33	K	11	p	p
real	A	m0291/Passage 3a	13	17	K	y	a	e
real	A	m0291/Passage 3a	13	6	K	55	p	p
real	A	m0291/Passage 3a	13	13	K	24	e	e
real	A	m0291/Passage 3a	13	29	K	15	o	o
real	A	m0291/Passage 3a	13	11	K	8	i	i
real	A	m0291/Passage 3a	13	8	K	22	i	i
real	A	m0291/Passage 3a	13	45	K	y	a	a
shuf	A	m0291/Passage 3a	13	34	U	17	a	c
shuf	A	m0291/Passage 3a	13	4	K	2	d	d
shuf	A	m0291/Passage 3a	13	40	K	26	v	c
shuf	A	m0291/Passage 3a	13	3	K	23	a	a
shuf	A	m0291/Passage 3a	13	28	K	5	c	s
shuf	A	m0291/Passage 3a	13	37	K	55	p	o
shuf	A	m0291/Passage 3a	13	30	K	5	c	c
shuf	A	m0291/Passage 3a	13	44	K	12	r	r
shuf	A	m0291/Passage 3a	13	31	K	8	i	i
shuf	A	m0291/Passage 3a	13	27	K	f	s	s
shuf	A	m0291/Passage 3a	13	33	K	11	p	s
shuf	A	m0291/Passage 3a	13	17	K	y	a	a
shuf	A	m0291/Passage 3a	13	6	K	55	p	o
shuf	A	m0291/Passage 3a	13	13	K	24	e	e
shuf	A	m0291/Passage 3a	13	29	K	15	o	o
shuf	A	m0291/Passage 3a	13	11	K	8	i	i
shuf	A	m0291/Passage 3a	13	8	K	22	i	i
shuf	A	m0291/Passage 3a	13	45	K	y	a	a
real	A	m0286/Carta 74	32	2	U	18	s	w
real	A	m0286/Carta 74	32	8	K	f	s	s
real	A	m0286/Carta 74	32	49	K	17	a	a
real	A	m0286/Carta 74	32	44	K	f	s	s
real	A	m0286/Carta 74	32	16	K	24	h	e
real	A	m0286/Carta 74	32	15	K	12	l	r
real	A	m0286/Carta 74	32	22	K	y	e	a
real	A	m0286/Carta 74	32	27	K	12	r	r
real	A	m0286/Carta 74	32	3	K	23	d	a
real	A	m0286/Carta 74	32	30	K	17	a	a
real	A	m0286/Carta 74	32	47	K	20	l	l
real	A	m0286/Carta 74	32	24	K	d	o	o
real	A	m0286/Carta 74	32	43	K	23	a	a
real	A	m0286/Carta 74	32	23	K	5	c	c
real	A	m0286/Carta 74	32	11	K	12	v	r
real	A	m0286/Carta 74	32	6	K	a	t	t
real	A	m0286/Carta 74	32	28	K	7	u	e
real	A	m0286/Carta 74	32	19	K	15	o	e
shuf	A	m0286/Carta 74	32	2	U	18	s	b
shuf	A	m0286/Carta 74	32	8	K	f	s	e
shuf	A	m0286/Carta 74	32	49	K	17	a	a
shuf	A	m0286/Carta 74	32	44	K	f	s	s
shuf	A	m0286/Carta 74	32	16	K	24	h	e
shuf	A	m0286/Carta 74	32	15	K	12	l	r
shuf	A	m0286/Carta 74	32	22	K	y	e	a
shuf	A	m0286/Carta 74	32	27	K	12	r	r
shuf	A	m0286/Carta 74	32	3	K	23	d	a
shuf	A	m0286/Carta 74	32	30	K	17	a	a
shuf	A	m0286/Carta 74	32	47	K	20	l	s
shuf	A	m0286/Carta 74	32	24	K	d	o	i
shuf	A	m0286/Carta 74	32	43	K	23	a	u
shuf	A	m0286/Carta 74	32	23	K	5	c	b
shuf	A	m0286/Carta 74	32	11	K	12	v	r
shuf	A	m0286/Carta 74	32	6	K	a	t	t
shuf	A	m0286/Carta 74	32	28	K	7	u	e
shuf	A	m0286/Carta 74	32	19	K	15	o	o
real	A	m0290/Passage 2a	34	10	U	26	u	i
real	A	m0290/Passage 2a	34	26	K	25	o	o
real	A	m0290/Passage 2a	34	48	K	x	d	t
real	A	m0290/Passage 2a	34	41	K	55	p	p
real	A	m0290/Passage 2a	34	0	K	19	e	e
real	A	m0290/Passage 2a	34	28	K	19	e	e
real	A	m0290/Passage 2a	34	40	K	4	s	s
real	A	m0290/Passage 2a	34	22	K	a	t	t
real	A	m0290/Passage 2a	34	14	K	15	o	o
real	A	m0290/Passage 2a	34	33	K	d	o	o
real	A	m0290/Passage 2a	34	29	K	c	g	g
real	A	m0290/Passage 2a	34	43	K	9	i	r
real	A	m0290/Passage 2a	34	19	K	8	i	i
real	A	m0290/Passage 2a	34	27	K	14	s	s
real	A	m0290/Passage 2a	34	23	K	7	e	e
real	A	m0290/Passage 2a	34	7	K	2	d	d
real	A	m0290/Passage 2a	34	1	K	11	p	s
real	A	m0290/Passage 2a	34	8	K	25	o	o
shuf	A	m0290/Passage 2a	34	10	U	26	u	o
shuf	A	m0290/Passage 2a	34	26	K	25	o	o
shuf	A	m0290/Passage 2a	34	48	K	x	d	d
shuf	A	m0290/Passage 2a	34	41	K	55	p	o
shuf	A	m0290/Passage 2a	34	0	K	19	e	e
shuf	A	m0290/Passage 2a	34	28	K	19	e	e
shuf	A	m0290/Passage 2a	34	40	K	4	s	s
shuf	A	m0290/Passage 2a	34	22	K	a	t	d
shuf	A	m0290/Passage 2a	34	14	K	15	o	o
shuf	A	m0290/Passage 2a	34	33	K	d	o	i
shuf	A	m0290/Passage 2a	34	29	K	c	g	r
shuf	A	m0290/Passage 2a	34	43	K	9	i	o
shuf	A	m0290/Passage 2a	34	19	K	8	i	i
shuf	A	m0290/Passage 2a	34	27	K	14	s	t
shuf	A	m0290/Passage 2a	34	23	K	7	e	e
shuf	A	m0290/Passage 2a	34	7	K	2	d	d
shuf	A	m0290/Passage 2a	34	1	K	11	p	p
shuf	A	m0290/Passage 2a	34	8	K	25	o	o
real	A	m0282/Carta 58	9	16	U	12	r	r
real	A	m0282/Carta 58	9	38	K	22	e	i
real	A	m0282/Carta 58	9	14	K	21	b	b
real	A	m0282/Carta 58	9	9	K	8	i	i
real	A	m0282/Carta 58	9	7	K	m	n	n
real	A	m0282/Carta 58	9	48	K	18	o	o
real	A	m0282/Carta 58	9	40	K	15	o	o
real	A	m0282/Carta 58	9	13	K	15	o	o
real	A	m0282/Carta 58	9	22	K	55	p	p
real	A	m0282/Carta 58	9	35	K	17	a	a
real	A	m0282/Carta 58	9	36	K	21	b	b
real	A	m0282/Carta 58	9	27	K	4	s	s
real	A	m0282/Carta 58	9	2	K	19	i	e
real	A	m0282/Carta 58	9	3	K	a	l	t
real	A	m0282/Carta 58	9	26	K	17	a	a
real	A	m0282/Carta 58	9	4	K	8	i	i
real	A	m0282/Carta 58	9	15	K	15	o	e
real	A	m0282/Carta 58	9	43	K	13	d	e
shuf	A	m0282/Carta 58	9	16	U	12	r	n
shuf	A	m0282/Carta 58	9	38	K	22	e	i
shuf	A	m0282/Carta 58	9	14	K	21	b	b
shuf	A	m0282/Carta 58	9	9	K	8	i	l
shuf	A	m0282/Carta 58	9	7	K	m	n	u
shuf	A	m0282/Carta 58	9	48	K	18	o	m
shuf	A	m0282/Carta 58	9	40	K	15	o	o
shuf	A	m0282/Carta 58	9	13	K	15	o	e
shuf	A	m0282/Carta 58	9	22	K	55	p	v
shuf	A	m0282/Carta 58	9	35	K	17	a	a
shuf	A	m0282/Carta 58	9	36	K	21	b	c
shuf	A	m0282/Carta 58	9	27	K	4	s	s
shuf	A	m0282/Carta 58	9	2	K	19	i	e
shuf	A	m0282/Carta 58	9	3	K	a	l	t
shuf	A	m0282/Carta 58	9	26	K	17	a	a
shuf	A	m0282/Carta 58	9	4	K	8	i	i
shuf	A	m0282/Carta 58	9	15	K	15	o	o
shuf	A	m0282/Carta 58	9	43	K	13	d	e
real	A	m0293/Carta 106	1	48	U	8	i	e
real	A	m0293/Carta 106	1	35	K	15	o	o
real	A	m0293/Carta 106	1	27	K	21	b	b
real	A	m0293/Carta 106	1	44	K	26	v	i
real	A	m0293/Carta 106	1	2	K	y	a	a
real	A	m0293/Carta 106	1	34	K	12	r	r
real	A	m0293/Carta 106	1	49	K	2	d	d
real	A	m0293/Carta 106	1	28	K	15	u	o
real	A	m0293/Carta 106	1	30	K	8	i	i
real	A	m0293/Carta 106	1	46	K	14	n	a
real	A	m0293/Carta 106	1	36	K	26	o	v
real	A	m0293/Carta 106	1	22	K	15	o	o
real	A	m0293/Carta 106	1	31	K	14	n	n
real	A	m0293/Carta 106	1	33	K	21	b	p
real	A	m0293/Carta 106	1	29	K	20	l	l
real	A	m0293/Carta 106	1	8	K	7	e	e
real	A	m0293/Carta 106	1	0	K	4	s	s
real	A	m0293/Carta 106	1	1	K	3	t	t
shuf	A	m0293/Carta 106	1	48	U	8	i	s
shuf	A	m0293/Carta 106	1	35	K	15	o	o
shuf	A	m0293/Carta 106	1	27	K	21	b	b
shuf	A	m0293/Carta 106	1	44	K	26	v	o
shuf	A	m0293/Carta 106	1	2	K	y	a	a
shuf	A	m0293/Carta 106	1	34	K	12	r	r
shuf	A	m0293/Carta 106	1	49	K	2	d	d
shuf	A	m0293/Carta 106	1	28	K	15	u	o
shuf	A	m0293/Carta 106	1	30	K	8	i	i
shuf	A	m0293/Carta 106	1	46	K	14	n	r
shuf	A	m0293/Carta 106	1	36	K	26	o	u
shuf	A	m0293/Carta 106	1	22	K	15	o	c
shuf	A	m0293/Carta 106	1	31	K	14	n	n
shuf	A	m0293/Carta 106	1	33	K	21	b	a
shuf	A	m0293/Carta 106	1	29	K	20	l	l
shuf	A	m0293/Carta 106	1	8	K	7	e	e
shuf	A	m0293/Carta 106	1	0	K	4	s	s
shuf	A	m0293/Carta 106	1	1	K	3	t	t
real	A	m0291/Passage 3a	9	38	U	17	a	a
real	A	m0291/Passage 3a	9	47	K	8	i	i
real	A	m0291/Passage 3a	9	27	K	55	p	p
real	A	m0291/Passage 3a	9	32	K	5	c	s
real	A	m0291/Passage 3a	9	14	K	5	c	c
real	A	m0291/Passage 3a	9	13	K	14	n	n
real	A	m0291/Passage 3a	9	48	K	12	r	r
real	A	m0291/Passage 3a	9	43	K	19	e	e
real	A	m0291/Passage 3a	9	9	K	15	o	o
real	A	m0291/Passage 3a	9	11	K	12	r	r
real	A	m0291/Passage 3a	9	3	K	a	t	a
real	A	m0291/Passage 3a	9	19	K	7	e	q
real	A	m0291/Passage 3a	9	5	K	17	a	a
real	A	m0291/Passage 3a	9	24	K	26	v	v
real	A	m0291/Passage 3a	9	10	K	55	p	p
real	A	m0291/Passage 3a	9	36	K	y	a	a
real	A	m0291/Passage 3a	9	12	K	22	i	i
real	A	m0291/Passage 3a	9	44	K	26	v	o
shuf	A	m0291/Passage 3a	9	38	U	17	a	p
shuf	A	m0291/Passage 3a	9	47	K	8	i	t
shuf	A	m0291/Passage 3a	9	27	K	55	p	a
shuf	A	m0291/Passage 3a	9	32	K	5	c	c
shuf	A	m0291/Passage 3a	9	14	K	5	c	o
shuf	A	m0291/Passage 3a	9	13	K	14	n	n
shuf	A	m0291/Passage 3a	9	48	K	12	r	r
shuf	A	m0291/Passage 3a	9	43	K	19	e	e
shuf	A	m0291/Passage 3a	9	9	K	15	o	o
shuf	A	m0291/Passage 3a	9	11	K	12	r	r
shuf	A	m0291/Passage 3a	9	3	K	a	t	o
shuf	A	m0291/Passage 3a	9	19	K	7	e	e
shuf	A	m0291/Passage 3a	9	5	K	17	a	a
shuf	A	m0291/Passage 3a	9	24	K	26	v	r
shuf	A	m0291/Passage 3a	9	10	K	55	p	p
shuf	A	m0291/Passage 3a	9	36	K	y	a	a
shuf	A	m0291/Passage 3a	9	12	K	22	i	i
shuf	A	m0291/Passage 3a	9	44	K	26	v	c
real	A	m0294/Carta 110	0	25	U	16	f	i
real	A	m0294/Carta 110	0	7	K	10	h	l
real	A	m0294/Carta 110	0	22	K	12	r	r
real	A	m0294/Carta 110	0	13	K	18	o	m
real	A	m0294/Carta 110	0	16	K	4	s	s
real	A	m0294/Carta 110	0	31	K	18	m	m
real	A	m0294/Carta 110	0	2	K	3	t	t
real	A	m0294/Carta 110	0	17	K	55	p	p
real	A	m0294/Carta 110	0	9	K	5	c	c
real	A	m0294/Carta 110	0	28	K	7	e	e
real	A	m0294/Carta 110	0	30	K	7	e	e
real	A	m0294/Carta 110	0	0	K	19	e	e
real	A	m0294/Carta 110	0	27	K	e	g	d
real	A	m0294/Carta 110	0	21	K	7	e	e
real	A	m0294/Carta 110	0	24	K	7	e	e
real	A	m0294/Carta 110	0	8	K	17	a	a
real	A	m0294/Carta 110	0	20	K	x	d	d
real	A	m0294/Carta 110	0	19	K	55	n	n
shuf	A	m0294/Carta 110	0	25	U	16	f	m
shuf	A	m0294/Carta 110	0	7	K	10	h	s
shuf	A	m0294/Carta 110	0	22	K	12	r	r
shuf	A	m0294/Carta 110	0	13	K	18	o	o
shuf	A	m0294/Carta 110	0	16	K	4	s	s
shuf	A	m0294/Carta 110	0	31	K	18	m	a
shuf	A	m0294/Carta 110	0	2	K	3	t	t
shuf	A	m0294/Carta 110	0	17	K	55	p	a
shuf	A	m0294/Carta 110	0	9	K	5	c	c
shuf	A	m0294/Carta 110	0	28	K	7	e	e
shuf	A	m0294/Carta 110	0	30	K	7	e	e
shuf	A	m0294/Carta 110	0	0	K	19	e	e
shuf	A	m0294/Carta 110	0	27	K	e	g	v
shuf	A	m0294/Carta 110	0	21	K	7	e	e
shuf	A	m0294/Carta 110	0	24	K	7	e	e
shuf	A	m0294/Carta 110	0	8	K	17	a	a
shuf	A	m0294/Carta 110	0	20	K	x	d	d
shuf	A	m0294/Carta 110	0	19	K	55	n	o
real	A	m0290/Passage 2a	42	25	U	d	o	o
real	A	m0290/Passage 2a	42	35	K	9	i	r
real	A	m0290/Passage 2a	42	38	K	7	e	e
real	A	m0290/Passage 2a	42	46	K	4	e	q
real	A	m0290/Passage 2a	42	49	K	15	e	o
real	A	m0290/Passage 2a	42	7	K	c	u	s
real	A	m0290/Passage 2a	42	20	K	19	e	e
real	A	m0290/Passage 2a	42	27	K	f	s	s
real	A	m0290/Passage 2a	42	29	K	14	n	n
real	A	m0290/Passage 2a	42	2	K	26	u	u
real	A	m0290/Passage 2a	42	8	K	2	d	d
real	A	m0290/Passage 2a	42	28	K	8	i	i
real	A	m0290/Passage 2a	42	45	K	23	a	a
real	A	m0290/Passage 2a	42	1	K	4	m	f
real	A	m0290/Passage 2a	42	32	K	4	s	s
real	A	m0290/Passage 2a	42	42	K	10	r	h
real	A	m0290/Passage 2a	42	0	K	25	o	o
real	A	m0290/Passage 2a	42	16	K	12	r	r
shuf	A	m0290/Passage 2a	42	25	U	d	o	e
shuf	A	m0290/Passage 2a	42	35	K	9	i	c
shuf	A	m0290/Passage 2a	42	38	K	7	e	d
shuf	A	m0290/Passage 2a	42	46	K	4	e	s
shuf	A	m0290/Passage 2a	42	49	K	15	e	n
shuf	A	m0290/Passage 2a	42	7	K	c	u	e
shuf	A	m0290/Passage 2a	42	20	K	19	e	e
shuf	A	m0290/Passage 2a	42	27	K	f	s	s
shuf	A	m0290/Passage 2a	42	29	K	14	n	n
shuf	A	m0290/Passage 2a	42	2	K	26	u	v
shuf	A	m0290/Passage 2a	42	8	K	2	d	l
shuf	A	m0290/Passage 2a	42	28	K	8	i	i
shuf	A	m0290/Passage 2a	42	45	K	23	a	o
shuf	A	m0290/Passage 2a	42	1	K	4	m	s
shuf	A	m0290/Passage 2a	42	32	K	4	s	c
shuf	A	m0290/Passage 2a	42	42	K	10	r	l
shuf	A	m0290/Passage 2a	42	0	K	25	o	o
shuf	A	m0290/Passage 2a	42	16	K	12	r	n
real	A	m0291/Passage 3a	8	17	U	55	p	a
real	A	m0291/Passage 3a	8	10	K	15	o	o
real	A	m0291/Passage 3a	8	39	K	17	a	a
real	A	m0291/Passage 3a	8	43	K	12	r	r
real	A	m0291/Passage 3a	8	48	K	8	i	t
real	A	m0291/Passage 3a	8	5	K	18	r	r
real	A	m0291/Passage 3a	8	3	K	m	n	n
real	A	m0291/Passage 3a	8	31	K	7	e	e
real	A	m0291/Passage 3a	8	44	K	19	e	e
real	A	m0291/Passage 3a	8	22	K	y	a	e
real	A	m0291/Passage 3a	8	4	K	a	t	t
real	A	m0291/Passage 3a	8	1	K	4	s	s
real	A	m0291/Passage 3a	8	38	K	11	p	p
real	A	m0291/Passage 3a	8	18	K	24	e	e
real	A	m0291/Passage 3a	8	29	K	d	o	o
real	A	m0291/Passage 3a	8	24	K	25	o	o
real	A	m0291/Passage 3a	8	0	K	6	h	p
real	A	m0291/Passage 3a	8	6	K	17	a	a
shuf	A	m0291/Passage 3a	8	17	U	55	p	t
shuf	A	m0291/Passage 3a	8	10	K	15	o	o
shuf	A	m0291/Passage 3a	8	39	K	17	a	a
shuf	A	m0291/Passage 3a	8	43	K	12	r	r
shuf	A	m0291/Passage 3a	8	48	K	8	i	i
shuf	A	m0291/Passage 3a	8	5	K	18	r	r
shuf	A	m0291/Passage 3a	8	3	K	m	n	n
shuf	A	m0291/Passage 3a	8	31	K	7	e	e
shuf	A	m0291/Passage 3a	8	44	K	19	e	e
shuf	A	m0291/Passage 3a	8	22	K	y	a	a
shuf	A	m0291/Passage 3a	8	4	K	a	t	t
shuf	A	m0291/Passage 3a	8	1	K	4	s	s
shuf	A	m0291/Passage 3a	8	38	K	11	p	a
shuf	A	m0291/Passage 3a	8	18	K	24	e	h
shuf	A	m0291/Passage 3a	8	29	K	d	o	e
shuf	A	m0291/Passage 3a	8	24	K	25	o	m
shuf	A	m0291/Passage 3a	8	0	K	6	h	p
shuf	A	m0291/Passage 3a	8	6	K	17	a	a
real	A	m0280/Carta 13	133	15	U	7	e	e
real	A	m0280/Carta 13	133	17	K	c	u	u
real	A	m0280/Carta 13	133	18	K	8	i	i
real	A	m0280/Carta 13	133	13	K	y	c	a
real	A	m0280/Carta 13	133	22	K	7	e	e
real	A	m0280/Carta 13	133	27	K	8	j	j
real	A	m0280/Carta 13	133	0	K	7	e	e
real	A	m0280/Carta 13	133	29	K	5	c	c
real	A	m0280/Carta 13	133	16	K	e	g	g
real	A	m0280/Carta 13	133	31	K	15	o	o
real	A	m0280/Carta 13	133	28	K	7	e	e
real	A	m0280/Carta 13	133	14	K	4	s	s
real	A	m0280/Carta 13	133	23	K	c	u	u
real	A	m0280/Carta 13	133	20	K	15	o	o
real	A	m0280/Carta 13	133	1	K	9	r	o
real	A	m0280/Carta 13	133	19	K	z	r	r
real	A	m0280/Carta 13	133	30	K	a	t	t
real	A	m0280/Carta 13	133	24	K	6	p	p
shuf	A	m0280/Carta 13	133	15	U	7	e	e
shuf	A	m0280/Carta 13	133	17	K	c	u	u
shuf	A	m0280/Carta 13	133	18	K	8	i	i
shuf	A	m0280/Carta 13	133	13	K	y	c	e
shuf	A	m0280/Carta 13	133	22	K	7	e	e
shuf	A	m0280/Carta 13	133	27	K	8	j	l
shuf	A	m0280/Carta 13	133	0	K	7	e	e
shuf	A	m0280/Carta 13	133	29	K	5	c	c
shuf	A	m0280/Carta 13	133	16	K	e	g	g
shuf	A	m0280/Carta 13	133	31	K	15	o	o
shuf	A	m0280/Carta 13	133	28	K	7	e	e
shuf	A	m0280/Carta 13	133	14	K	4	s	s
shuf	A	m0280/Carta 13	133	23	K	c	u	x
shuf	A	m0280/Carta 13	133	20	K	15	o	o
shuf	A	m0280/Carta 13	133	1	K	9	r	j
shuf	A	m0280/Carta 13	133	19	K	z	r	d
shuf	A	m0280/Carta 13	133	30	K	a	t	t
shuf	A	m0280/Carta 13	133	24	K	6	p	c
real	A	m0294/Carta 110	1	26	U	e	g	d
real	A	m0294/Carta 110	1	10	K	55	n	p
real	A	m0294/Carta 110	1	23	K	7	e	e
real	A	m0294/Carta 110	1	49	K	4	s	s
real	A	m0294/Carta 110	1	13	K	12	r	r
real	A	m0294/Carta 110	1	28	K	2	d	d
real	A	m0294/Carta 110	1	19	K	x	d	d
real	A	m0294/Carta 110	1	12	K	18	o	m
real	A	m0294/Carta 110	1	3	K	26	v	i
real	A	m0294/Carta 110	1	22	K	18	m	m
real	A	m0294/Carta 110	1	6	K	10	h	r
real	A	m0294/Carta 110	1	24	K	16	f	i
real	A	m0294/Carta 110	1	25	K	15	o	o
real	A	m0294/Carta 110	1	15	K	4	s	s
real	A	m0294/Carta 110	1	32	K	18	m	m
real	A	m0294/Carta 110	1	20	K	7	e	e
real	A	m0294/Carta 110	1	18	K	55	n	n
real	A	m0294/Carta 110	1	29	K	7	e	e
shuf	A	m0294/Carta 110	1	26	U	e	g	l
shuf	A	m0294/Carta 110	1	10	K	55	n	n
shuf	A	m0294/Carta 110	1	23	K	7	e	e
shuf	A	m0294/Carta 110	1	49	K	4	s	s
shuf	A	m0294/Carta 110	1	13	K	12	r	r
shuf	A	m0294/Carta 110	1	28	K	2	d	i
shuf	A	m0294/Carta 110	1	19	K	x	d	d
shuf	A	m0294/Carta 110	1	12	K	18	o	o
shuf	A	m0294/Carta 110	1	3	K	26	v	o
shuf	A	m0294/Carta 110	1	22	K	18	m	o
shuf	A	m0294/Carta 110	1	6	K	10	h	g
shuf	A	m0294/Carta 110	1	24	K	16	f	s
shuf	A	m0294/Carta 110	1	25	K	15	o	o
shuf	A	m0294/Carta 110	1	15	K	4	s	s
shuf	A	m0294/Carta 110	1	32	K	18	m	m
shuf	A	m0294/Carta 110	1	20	K	7	e	e
shuf	A	m0294/Carta 110	1	18	K	55	n	p
shuf	A	m0294/Carta 110	1	29	K	7	e	d
real	A	m0288/Passage 2a	0	2	U	3	t	h
real	A	m0288/Passage 2a	0	15	K	5	c	c
real	A	m0288/Passage 2a	0	9	K	4	s	s
real	A	m0288/Passage 2a	0	7	K	18	m	m
real	A	m0288/Passage 2a	0	48	K	14	n	n
real	A	m0288/Passage 2a	0	5	K	10	h	h
real	A	m0288/Passage 2a	0	18	K	2	d	d
real	A	m0288/Passage 2a	0	19	K	15	o	o
real	A	m0288/Passage 2a	0	27	K	3	t	t
real	A	m0288/Passage 2a	0	30	K	17	a	a
real	A	m0288/Passage 2a	0	3	K	19	e	e
real	A	m0288/Passage 2a	0	17	K	17	a	a
real	A	m0288/Passage 2a	0	14	K	7	e	e
real	A	m0288/Passage 2a	0	49	K	15	o	o
real	A	m0288/Passage 2a	0	6	K	15	o	o
real	A	m0288/Passage 2a	0	29	K	2	a	d
real	A	m0288/Passage 2a	0	1	K	4	s	s
real	A	m0288/Passage 2a	0	13	K	16	f	f
shuf	A	m0288/Passage 2a	0	2	U	3	t	m
shuf	A	m0288/Passage 2a	0	15	K	5	c	c
shuf	A	m0288/Passage 2a	0	9	K	4	s	s
shuf	A	m0288/Passage 2a	0	7	K	18	m	m
shuf	A	m0288/Passage 2a	0	48	K	14	n	n
shuf	A	m0288/Passage 2a	0	5	K	10	h	c
shuf	A	m0288/Passage 2a	0	18	K	2	d	d
shuf	A	m0288/Passage 2a	0	19	K	15	o	o
shuf	A	m0288/Passage 2a	0	27	K	3	t	e
shuf	A	m0288/Passage 2a	0	30	K	17	a	a
shuf	A	m0288/Passage 2a	0	3	K	19	e	e
shuf	A	m0288/Passage 2a	0	17	K	17	a	a
shuf	A	m0288/Passage 2a	0	14	K	7	e	e
shuf	A	m0288/Passage 2a	0	49	K	15	o	o
shuf	A	m0288/Passage 2a	0	6	K	15	o	o
shuf	A	m0288/Passage 2a	0	29	K	2	a	d
shuf	A	m0288/Passage 2a	0	1	K	4	s	s
shuf	A	m0288/Passage 2a	0	13	K	16	f	d
real	A	m0281/Carta 15	35	18	U	10	h	m
real	A	m0281/Carta 15	35	45	K	15	o	o
real	A	m0281/Carta 15	35	46	K	4	s	s
real	A	m0281/Carta 15	35	20	K	18	m	m
real	A	m0281/Carta 15	35	22	K	5	c	c
real	A	m0281/Carta 15	35	41	K	18	m	m
real	A	m0281/Carta 15	35	16	K	15	o	o
real	A	m0281/Carta 15	35	44	K	a	t	t
real	A	m0281/Carta 15	35	25	K	a	t	d
real	A	m0281/Carta 15	35	23	K	y	a	a
real	A	m0281/Carta 15	35	17	K	7	r	e
real	A	m0281/Carta 15	35	19	K	e	u	u
real	A	m0281/Carta 15	35	24	K	7	r	e
real	A	m0281/Carta 15	35	37	K	15	u	o
real	A	m0281/Carta 15	35	42	K	z	e	e
real	A	m0281/Carta 15	35	36	K	5	c	c
real	A	m0281/Carta 15	35	39	K	7	r	e
real	A	m0281/Carta 15	35	15	K	6	p	p
shuf	A	m0281/Carta 15	35	18	U	10	h	m
shuf	A	m0281/Carta 15	35	45	K	15	o	o
shuf	A	m0281/Carta 15	35	46	K	4	s	s
shuf	A	m0281/Carta 15	35	20	K	18	m	m
shuf	A	m0281/Carta 15	35	22	K	5	c	c
shuf	A	m0281/Carta 15	35	41	K	18	m	s
shuf	A	m0281/Carta 15	35	16	K	15	o	e
shuf	A	m0281/Carta 15	35	44	K	a	t	n
shuf	A	m0281/Carta 15	35	25	K	a	t	t
shuf	A	m0281/Carta 15	35	23	K	y	a	a
shuf	A	m0281/Carta 15	35	17	K	7	r	e
shuf	A	m0281/Carta 15	35	19	K	e	u	u
shuf	A	m0281/Carta 15	35	24	K	7	r	e
shuf	A	m0281/Carta 15	35	37	K	15	u	o
shuf	A	m0281/Carta 15	35	42	K	z	e	i
shuf	A	m0281/Carta 15	35	36	K	5	c	c
shuf	A	m0281/Carta 15	35	39	K	7	r	e
shuf	A	m0281/Carta 15	35	15	K	6	p	u
real	A	m0290/Passage 2a	23	49	U	2	d	t
real	A	m0290/Passage 2a	23	24	K	2	o	a
real	A	m0290/Passage 2a	23	0	K	18	o	m
real	A	m0290/Passage 2a	23	48	K	14	n	n
real	A	m0290/Passage 2a	23	9	K	7	e	e
real	A	m0290/Passage 2a	23	36	K	22	i	i
real	A	m0290/Passage 2a	23	12	K	11	p	m
real	A	m0290/Passage 2a	23	15	K	15	o	o
real	A	m0290/Passage 2a	23	46	K	f	s	s
real	A	m0290/Passage 2a	23	33	K	a	t	t
real	A	m0290/Passage 2a	23	19	K	25	o	o
real	A	m0290/Passage 2a	23	43	K	x	d	d
real	A	m0290/Passage 2a	23	13	K	d	o	o
real	A	m0290/Passage 2a	23	25	K	15	o	o
real	A	m0290/Passage 2a	23	44	K	d	o	o
real	A	m0290/Passage 2a	23	1	K	19	e	e
real	A	m0290/Passage 2a	23	7	K	24	e	e
real	A	m0290/Passage 2a	23	31	K	14	n	n
shuf	A	m0290/Passage 2a	23	49	U	2	d	t
shuf	A	m0290/Passage 2a	23	24	K	2	o	d
shuf	A	m0290/Passage 2a	23	0	K	18	o	m
shuf	A	m0290/Passage 2a	23	48	K	14	n	n
shuf	A	m0290/Passage 2a	23	9	K	7	e	e
shuf	A	m0290/Passage 2a	23	36	K	22	i	e
shuf	A	m0290/Passage 2a	23	12	K	11	p	e
shuf	A	m0290/Passage 2a	23	15	K	15	o	o
shuf	A	m0290/Passage 2a	23	46	K	f	s	s
shuf	A	m0290/Passage 2a	23	33	K	a	t	e
shuf	A	m0290/Passage 2a	23	19	K	25	o	d
shuf	A	m0290/Passage 2a	23	43	K	x	d	d
shuf	A	m0290/Passage 2a	23	13	K	d	o	i
shuf	A	m0290/Passage 2a	23	25	K	15	o	o
shuf	A	m0290/Passage 2a	23	44	K	d	o	o
shuf	A	m0290/Passage 2a	23	1	K	19	e	e
shuf	A	m0290/Passage 2a	23	7	K	24	e	s
shuf	A	m0290/Passage 2a	23	31	K	14	n	s
real	A	m0291/Passage 3a	1	25	U	24	e	e
real	A	m0291/Passage 3a	1	10	K	m	n	n
real	A	m0291/Passage 3a	1	3	K	f	s	s
real	A	m0291/Passage 3a	1	14	K	x	d	d
real	A	m0291/Passage 3a	1	16	K	2	d	d
real	A	m0291/Passage 3a	1	33	K	19	e	e
real	A	m0291/Passage 3a	1	45	K	11	p	p
real	A	m0291/Passage 3a	1	9	K	7	e	e
real	A	m0291/Passage 3a	1	32	K	26	v	v
real	A	m0291/Passage 3a	1	5	K	10	i	e
real	A	m0291/Passage 3a	1	17	K	15	o	o
real	A	m0291/Passage 3a	1	12	K	18	r	r
real	A	m0291/Passage 3a	1	36	K	d	o	o
real	A	m0291/Passage 3a	1	19	K	12	r	r
real	A	m0291/Passage 3a	1	13	K	17	a	a
real	A	m0291/Passage 3a	1	46	K	17	a	a
real	A	m0291/Passage 3a	1	26	K	x	d	d
real	A	m0291/Passage 3a	1	8	K	4	s	o
shuf	A	m0291/Passage 3a	1	25	U	24	e	a
shuf	A	m0291/Passage 3a	1	10	K	m	n	n
shuf	A	m0291/Passage 3a	1	3	K	f	s	r
shuf	A	m0291/Passage 3a	1	14	K	x	d	d
shuf	A	m0291/Passage 3a	1	16	K	2	d	d
shuf	A	m0291/Passage 3a	1	33	K	19	e	e
shuf	A	m0291/Passage 3a	1	45	K	11	p	r
shuf	A	m0291/Passage 3a	1	9	K	7	e	e
shuf	A	m0291/Passage 3a	1	32	K	26	v	o
shuf	A	m0291/Passage 3a	1	5	K	10	i	h
shuf	A	m0291/Passage 3a	1	17	K	15	o	o
shuf	A	m0291/Passage 3a	1	12	K	18	r	o
shuf	A	m0291/Passage 3a	1	36	K	d	o	o
shuf	A	m0291/Passage 3a	1	19	K	12	r	r
shuf	A	m0291/Passage 3a	1	13	K	17	a	a
shuf	A	m0291/Passage 3a	1	46	K	17	a	a
shuf	A	m0291/Passage 3a	1	26	K	x	d	d
shuf	A	m0291/Passage 3a	1	8	K	4	s	s
real	A	m0289/Carta 92	56	41	U	x	d	r
real	A	m0289/Carta 92	56	0	K	17	a	a
real	A	m0289/Carta 92	56	2	K	15	o	o
real	A	m0289/Carta 92	56	4	K	25	o	o
real	A	m0289/Carta 92	56	32	K	15	o	o
real	A	m0289/Carta 92	56	21	K	55	p	p
real	A	m0289/Carta 92	56	33	K	18	m	m
real	A	m0289/Carta 92	56	24	K	26	v	d
real	A	m0289/Carta 92	56	38	K	26	u	u
real	A	m0289/Carta 92	56	44	K	m	n	i
real	A	m0289/Carta 92	56	45	K	d	o	o
real	A	m0289/Carta 92	56	37	K	15	o	o
real	A	m0289/Carta 92	56	48	K	5	c	c
real	A	m0289/Carta 92	56	1	K	x	d	d
real	A	m0289/Carta 92	56	5	K	5	e	c
real	A	m0289/Carta 92	56	30	K	f	s	s
real	A	m0289/Carta 92	56	7	K	a	d	a
real	A	m0289/Carta 92	56	47	K	y	a	a
shuf	A	m0289/Carta 92	56	41	U	x	d	c
shuf	A	m0289/Carta 92	56	0	K	17	a	a
shuf	A	m0289/Carta 92	56	2	K	15	o	o
shuf	A	m0289/Carta 92	56	4	K	25	o	o
shuf	A	m0289/Carta 92	56	32	K	15	o	o
shuf	A	m0289/Carta 92	56	21	K	55	p	o
shuf	A	m0289/Carta 92	56	33	K	18	m	s
shuf	A	m0289/Carta 92	56	24	K	26	v	o
shuf	A	m0289/Carta 92	56	38	K	26	u	u
shuf	A	m0289/Carta 92	56	44	K	m	n	i
shuf	A	m0289/Carta 92	56	45	K	d	o	o
shuf	A	m0289/Carta 92	56	37	K	15	o	o
shuf	A	m0289/Carta 92	56	48	K	5	c	c
shuf	A	m0289/Carta 92	56	1	K	x	d	d
shuf	A	m0289/Carta 92	56	5	K	5	e	e
shuf	A	m0289/Carta 92	56	30	K	f	s	s
shuf	A	m0289/Carta 92	56	7	K	a	d	t
shuf	A	m0289/Carta 92	56	47	K	y	a	a
real	A	m0287/Carta 79	5	11	U	12	r	d
real	A	m0287/Carta 79	5	9	K	19	e	e
real	A	m0287/Carta 79	5	3	K	19	e	e
real	A	m0287/Carta 79	5	6	K	19	e	e
real	A	m0287/Carta 79	5	40	K	26	u	u
real	A	m0287/Carta 79	5	33	K	15	o	o
real	A	m0287/Carta 79	5	42	K	19	e	e
real	A	m0287/Carta 79	5	44	K	12	r	r
real	A	m0287/Carta 79	5	31	K	17	a	a
real	A	m0287/Carta 79	5	23	K	19	e	e
real	A	m0287/Carta 79	5	26	K	24	e	e
real	A	m0287/Carta 79	5	28	K	24	e	e
real	A	m0287/Carta 79	5	2	K	4	s	s
real	A	m0287/Carta 79	5	15	K	18	o	r
real	A	m0287/Carta 79	5	7	K	14	n	n
real	A	m0287/Carta 79	5	29	K	20	l	l
real	A	m0287/Carta 79	5	16	K	y	a	a
real	A	m0287/Carta 79	5	20	K	18	m	m
shuf	A	m0287/Carta 79	5	11	U	12	r	l
shuf	A	m0287/Carta 79	5	9	K	19	e	e
shuf	A	m0287/Carta 79	5	3	K	19	e	e
shuf	A	m0287/Carta 79	5	6	K	19	e	e
shuf	A	m0287/Carta 79	5	40	K	26	u	o
shuf	A	m0287/Carta 79	5	33	K	15	o	o
shuf	A	m0287/Carta 79	5	42	K	19	e	e
shuf	A	m0287/Carta 79	5	44	K	12	r	r
shuf	A	m0287/Carta 79	5	31	K	17	a	a
shuf	A	m0287/Carta 79	5	23	K	19	e	i
shuf	A	m0287/Carta 79	5	26	K	24	e	e
shuf	A	m0287/Carta 79	5	28	K	24	e	e
shuf	A	m0287/Carta 79	5	2	K	4	s	s
shuf	A	m0287/Carta 79	5	15	K	18	o	m
shuf	A	m0287/Carta 79	5	7	K	14	n	m
shuf	A	m0287/Carta 79	5	29	K	20	l	n
shuf	A	m0287/Carta 79	5	16	K	y	a	a
shuf	A	m0287/Carta 79	5	20	K	18	m	j
real	A	m0282/Carta 61	48	12	U	20	l	n
real	A	m0282/Carta 61	48	21	K	17	a	a
real	A	m0282/Carta 61	48	47	K	17	a	a
real	A	m0282/Carta 61	48	37	K	4	s	s
real	A	m0282/Carta 61	48	41	K	14	n	n
real	A	m0282/Carta 61	48	26	K	2	d	d
real	A	m0282/Carta 61	48	24	K	5	c	c
real	A	m0282/Carta 61	48	14	K	17	a	a
real	A	m0282/Carta 61	48	10	K	26	v	v
real	A	m0282/Carta 61	48	44	K	12	r	r
real	A	m0282/Carta 61	48	25	K	23	a	a
real	A	m0282/Carta 61	48	16	K	15	o	o
real	A	m0282/Carta 61	48	13	K	10	h	h
real	A	m0282/Carta 61	48	11	K	7	e	e
real	A	m0282/Carta 61	48	22	K	3	t	t
real	A	m0282/Carta 61	48	23	K	17	a	a
real	A	m0282/Carta 61	48	48	K	52	r	r
real	A	m0282/Carta 61	48	46	K	55	p	p
shuf	A	m0282/Carta 61	48	12	U	20	l	n
shuf	A	m0282/Carta 61	48	21	K	17	a	a
shuf	A	m0282/Carta 61	48	47	K	17	a	a
shuf	A	m0282/Carta 61	48	37	K	4	s	u
shuf	A	m0282/Carta 61	48	41	K	14	n	e
shuf	A	m0282/Carta 61	48	26	K	2	d	o
shuf	A	m0282/Carta 61	48	24	K	5	c	c
shuf	A	m0282/Carta 61	48	14	K	17	a	a
shuf	A	m0282/Carta 61	48	10	K	26	v	v
shuf	A	m0282/Carta 61	48	44	K	12	r	r
shuf	A	m0282/Carta 61	48	25	K	23	a	a
shuf	A	m0282/Carta 61	48	16	K	15	o	o
shuf	A	m0282/Carta 61	48	13	K	10	h	h
shuf	A	m0282/Carta 61	48	11	K	7	e	e
shuf	A	m0282/Carta 61	48	22	K	3	t	t
shuf	A	m0282/Carta 61	48	23	K	17	a	a
shuf	A	m0282/Carta 61	48	48	K	52	r	r
shuf	A	m0282/Carta 61	48	46	K	55	p	p
real	A	m0281/Carta 15	20	38	U	y	a	r
real	A	m0281/Carta 15	20	37	K	5	c	c
real	A	m0281/Carta 15	20	39	K	7	r	e
real	A	m0281/Carta 15	20	40	K	a	t	t
real	A	m0281/Carta 15	20	35	K	18	m	m
real	A	m0281/Carta 15	20	33	K	10	h	h
real	A	m0281/Carta 15	20	2	K	6	p	p
real	A	m0281/Carta 15	20	10	K	7	r	e
real	A	m0281/Carta 15	20	7	K	y	a	a
real	A	m0281/Carta 15	20	34	K	e	u	u
real	A	m0281/Carta 15	20	12	K	8	i	i
real	A	m0281/Carta 15	20	30	K	6	p	c
real	A	m0281/Carta 15	20	4	K	15	o	l
real	A	m0281/Carta 15	20	31	K	15	o	o
real	A	m0281/Carta 15	20	9	K	4	l	s
real	A	m0281/Carta 15	20	36	K	y	a	a
real	A	m0281/Carta 15	20	11	K	7	e	r
real	A	m0281/Carta 15	20	32	K	7	r	m
shuf	A	m0281/Carta 15	20	38	U	y	a	r
shuf	A	m0281/Carta 15	20	37	K	5	c	c
shuf	A	m0281/Carta 15	20	39	K	7	r	e
shuf	A	m0281/Carta 15	20	40	K	a	t	t
shuf	A	m0281/Carta 15	20	35	K	18	m	m
shuf	A	m0281/Carta 15	20	33	K	10	h	h
shuf	A	m0281/Carta 15	20	2	K	6	p	h
shuf	A	m0281/Carta 15	20	10	K	7	r	e
shuf	A	m0281/Carta 15	20	7	K	y	a	e
shuf	A	m0281/Carta 15	20	34	K	e	u	u
shuf	A	m0281/Carta 15	20	12	K	8	i	i
shuf	A	m0281/Carta 15	20	30	K	6	p	a
shuf	A	m0281/Carta 15	20	4	K	15	o	o
shuf	A	m0281/Carta 15	20	31	K	15	o	d
shuf	A	m0281/Carta 15	20	9	K	4	l	s
shuf	A	m0281/Carta 15	20	36	K	y	a	a
shuf	A	m0281/Carta 15	20	11	K	7	e	d
shuf	A	m0281/Carta 15	20	32	K	7	r	e
real	A	m0294/Carta 110	9	17	U	15	o	i
real	A	m0294/Carta 110	9	22	K	18	m	m
real	A	m0294/Carta 110	9	21	K	7	e	e
real	A	m0294/Carta 110	9	45	K	7	e	e
real	A	m0294/Carta 110	9	23	K	8	i	i
real	A	m0294/Carta 110	9	18	K	e	g	z
real	A	m0294/Carta 110	9	6	K	19	e	e
real	A	m0294/Carta 110	9	41	K	4	s	s
real	A	m0294/Carta 110	9	11	K	x	d	d
real	A	m0294/Carta 110	9	2	K	55	n	p
real	A	m0294/Carta 110	9	48	K	8	i	i
real	A	m0294/Carta 110	9	15	K	7	e	e
real	A	m0294/Carta 110	9	10	K	55	n	n
real	A	m0294/Carta 110	9	5	K	12	r	r
real	A	m0294/Carta 110	9	0	K	5	c	c
real	A	m0294/Carta 110	9	12	K	7	e	e
real	A	m0294/Carta 110	9	7	K	4	s	s
real	A	m0294/Carta 110	9	42	K	26	u	u
shuf	A	m0294/Carta 110	9	17	U	15	o	e
shuf	A	m0294/Carta 110	9	22	K	18	m	r
shuf	A	m0294/Carta 110	9	21	K	7	e	e
shuf	A	m0294/Carta 110	9	45	K	7	e	e
shuf	A	m0294/Carta 110	9	23	K	8	i	i
shuf	A	m0294/Carta 110	9	18	K	e	g	g
shuf	A	m0294/Carta 110	9	6	K	19	e	e
shuf	A	m0294/Carta 110	9	41	K	4	s	o
shuf	A	m0294/Carta 110	9	11	K	x	d	d
shuf	A	m0294/Carta 110	9	2	K	55	n	o
shuf	A	m0294/Carta 110	9	48	K	8	i	i
shuf	A	m0294/Carta 110	9	15	K	7	e	e
shuf	A	m0294/Carta 110	9	10	K	55	n	o
shuf	A	m0294/Carta 110	9	5	K	12	r	m
shuf	A	m0294/Carta 110	9	0	K	5	c	c
shuf	A	m0294/Carta 110	9	12	K	7	e	e
shuf	A	m0294/Carta 110	9	7	K	4	s	s
shuf	A	m0294/Carta 110	9	42	K	26	u	u
real	A	m0286/Carta 74	20	27	U	12	l	n
real	A	m0286/Carta 74	20	1	K	55	p	p
real	A	m0286/Carta 74	20	12	K	8	i	i
real	A	m0286/Carta 74	20	9	K	5	c	c
real	A	m0286/Carta 74	20	40	K	7	u	e
real	A	m0286/Carta 74	20	37	K	a	t	m
real	A	m0286/Carta 74	20	15	K	23	d	e
real	A	m0286/Carta 74	20	10	K	17	a	a
real	A	m0286/Carta 74	20	33	K	3	d	t
real	A	m0286/Carta 74	20	41	K	18	m	m
real	A	m0286/Carta 74	20	38	K	y	a	a
real	A	m0286/Carta 74	20	30	K	15	c	p
real	A	m0286/Carta 74	20	49	K	3	t	t
real	A	m0286/Carta 74	20	24	K	7	e	e
real	A	m0286/Carta 74	20	19	K	7	e	e
real	A	m0286/Carta 74	20	18	K	a	t	t
real	A	m0286/Carta 74	20	46	K	15	p	p
real	A	m0286/Carta 74	20	31	K	15	o	o
shuf	A	m0286/Carta 74	20	27	U	12	l	c
shuf	A	m0286/Carta 74	20	1	K	55	p	p
shuf	A	m0286/Carta 74	20	12	K	8	i	i
shuf	A	m0286/Carta 74	20	9	K	5	c	c
shuf	A	m0286/Carta 74	20	40	K	7	u	e
shuf	A	m0286/Carta 74	20	37	K	a	t	t
shuf	A	m0286/Carta 74	20	15	K	23	d	c
shuf	A	m0286/Carta 74	20	10	K	17	a	a
shuf	A	m0286/Carta 74	20	33	K	3	d	t
shuf	A	m0286/Carta 74	20	41	K	18	m	m
shuf	A	m0286/Carta 74	20	38	K	y	a	a
shuf	A	m0286/Carta 74	20	30	K	15	c	c
shuf	A	m0286/Carta 74	20	49	K	3	t	t
shuf	A	m0286/Carta 74	20	24	K	7	e	e
shuf	A	m0286/Carta 74	20	19	K	7	e	e
shuf	A	m0286/Carta 74	20	18	K	a	t	p
shuf	A	m0286/Carta 74	20	46	K	15	p	o
shuf	A	m0286/Carta 74	20	31	K	15	o	o
real	A	m0283/Carta 70	100	2	U	8	i	i
real	A	m0283/Carta 70	100	39	K	12	r	r
real	A	m0283/Carta 70	100	33	K	12	r	r
real	A	m0283/Carta 70	100	1	K	18	m	m
real	A	m0283/Carta 70	100	7	K	12	r	r
real	A	m0283/Carta 70	100	40	K	4	s	s
real	A	m0283/Carta 70	100	34	K	19	e	e
real	A	m0283/Carta 70	100	13	K	15	o	o
real	A	m0283/Carta 70	100	17	K	18	m	m
real	A	m0283/Carta 70	100	38	K	17	a	a
real	A	m0283/Carta 70	100	25	K	12	r	r
real	A	m0283/Carta 70	100	6	K	3	t	t
real	A	m0283/Carta 70	100	36	K	8	i	i
real	A	m0283/Carta 70	100	3	K	14	n	n
real	A	m0283/Carta 70	100	35	K	4	s	s
real	A	m0283/Carta 70	100	49	K	2	d	e
real	A	m0283/Carta 70	100	18	K	15	o	o
real	A	m0283/Carta 70	100	4	K	8	i	i
shuf	A	m0283/Carta 70	100	2	U	8	i	k
shuf	A	m0283/Carta 70	100	39	K	12	r	r
shuf	A	m0283/Carta 70	100	33	K	12	r	r
shuf	A	m0283/Carta 70	100	1	K	18	m	o
shuf	A	m0283/Carta 70	100	7	K	12	r	r
shuf	A	m0283/Carta 70	100	40	K	4	s	e
shuf	A	m0283/Carta 70	100	34	K	19	e	e
shuf	A	m0283/Carta 70	100	13	K	15	o	o
shuf	A	m0283/Carta 70	100	17	K	18	m	m
shuf	A	m0283/Carta 70	100	38	K	17	a	a
shuf	A	m0283/Carta 70	100	25	K	12	r	r
shuf	A	m0283/Carta 70	100	6	K	3	t	o
shuf	A	m0283/Carta 70	100	36	K	8	i	i
shuf	A	m0283/Carta 70	100	3	K	14	n	n
shuf	A	m0283/Carta 70	100	35	K	4	s	s
shuf	A	m0283/Carta 70	100	49	K	2	d	e
shuf	A	m0283/Carta 70	100	18	K	15	o	o
shuf	A	m0283/Carta 70	100	4	K	8	i	i
real	A	m0287/Carta 79	18	46	U	55	p	c
real	A	m0287/Carta 79	18	6	K	26	u	u
real	A	m0287/Carta 79	18	30	K	8	i	i
real	A	m0287/Carta 79	18	0	K	f	z	s
real	A	m0287/Carta 79	18	18	K	17	a	a
real	A	m0287/Carta 79	18	16	K	20	l	o
real	A	m0287/Carta 79	18	28	K	52	r	r
real	A	m0287/Carta 79	18	22	K	15	o	o
real	A	m0287/Carta 79	18	5	K	e	g	e
real	A	m0287/Carta 79	18	21	K	20	d	l
real	A	m0287/Carta 79	18	38	K	26	u	u
real	A	m0287/Carta 79	18	7	K	18	m	m
real	A	m0287/Carta 79	18	29	K	19	e	e
real	A	m0287/Carta 79	18	13	K	24	e	e
real	A	m0287/Carta 79	18	14	K	26	v	n
real	A	m0287/Carta 79	18	19	K	5	c	c
real	A	m0287/Carta 79	18	49	K	17	a	a
real	A	m0287/Carta 79	18	12	K	3	t	t
shuf	A	m0287/Carta 79	18	46	U	55	p	i
shuf	A	m0287/Carta 79	18	6	K	26	u	i
shuf	A	m0287/Carta 79	18	30	K	8	i	i
shuf	A	m0287/Carta 79	18	0	K	f	z	s
shuf	A	m0287/Carta 79	18	18	K	17	a	a
shuf	A	m0287/Carta 79	18	16	K	20	l	i
shuf	A	m0287/Carta 79	18	28	K	52	r	r
shuf	A	m0287/Carta 79	18	22	K	15	o	u
shuf	A	m0287/Carta 79	18	5	K	e	g	u
shuf	A	m0287/Carta 79	18	21	K	20	d	q
shuf	A	m0287/Carta 79	18	38	K	26	u	o
shuf	A	m0287/Carta 79	18	7	K	18	m	r
shuf	A	m0287/Carta 79	18	29	K	19	e	e
shuf	A	m0287/Carta 79	18	13	K	24	e	e
shuf	A	m0287/Carta 79	18	14	K	26	v	u
shuf	A	m0287/Carta 79	18	19	K	5	c	e
shuf	A	m0287/Carta 79	18	49	K	17	a	a
shuf	A	m0287/Carta 79	18	12	K	3	t	m
real	A	m0294/Carta 110	10	10	U	x	d	t
real	A	m0294/Carta 110	10	0	K	15	o	o
real	A	m0294/Carta 110	10	4	K	12	r	r
real	A	m0294/Carta 110	10	18	K	7	e	e
real	A	m0294/Carta 110	10	9	K	55	n	n
real	A	m0294/Carta 110	10	19	K	2	d	d
real	A	m0294/Carta 110	10	17	K	e	g	d
real	A	m0294/Carta 110	10	48	K	12	r	r
real	A	m0294/Carta 110	10	44	K	7	e	e
real	A	m0294/Carta 110	10	12	K	12	r	r
real	A	m0294/Carta 110	10	15	K	16	f	i
real	A	m0294/Carta 110	10	45	K	14	n	n
real	A	m0294/Carta 110	10	22	K	8	i	i
real	A	m0294/Carta 110	10	3	K	18	o	m
real	A	m0294/Carta 110	10	23	K	18	m	m
real	A	m0294/Carta 110	10	11	K	7	e	e
real	A	m0294/Carta 110	10	7	K	55	p	p
real	A	m0294/Carta 110	10	40	K	4	s	s
shuf	A	m0294/Carta 110	10	10	U	x	d	d
shuf	A	m0294/Carta 110	10	0	K	15	o	o
shuf	A	m0294/Carta 110	10	4	K	12	r	r
shuf	A	m0294/Carta 110	10	18	K	7	e	e
shuf	A	m0294/Carta 110	10	9	K	55	n	o
shuf	A	m0294/Carta 110	10	19	K	2	d	d
shuf	A	m0294/Carta 110	10	17	K	e	g	r
shuf	A	m0294/Carta 110	10	48	K	12	r	r
shuf	A	m0294/Carta 110	10	44	K	7	e	e
shuf	A	m0294/Carta 110	10	12	K	12	r	r
shuf	A	m0294/Carta 110	10	15	K	16	f	h
shuf	A	m0294/Carta 110	10	45	K	14	n	a
shuf	A	m0294/Carta 110	10	22	K	8	i	i
shuf	A	m0294/Carta 110	10	3	K	18	o	r
shuf	A	m0294/Carta 110	10	23	K	18	m	o
shuf	A	m0294/Carta 110	10	11	K	7	e	e
shuf	A	m0294/Carta 110	10	7	K	55	p	c
shuf	A	m0294/Carta 110	10	40	K	4	s	e
real	A	m0291/Carta 96	2	48	U	12	r	t
real	A	m0291/Carta 96	2	35	K	2	e	e
real	A	m0291/Carta 96	2	4	K	15	o	o
real	A	m0291/Carta 96	2	39	K	3	t	s
real	A	m0291/Carta 96	2	9	K	15	o	o
real	A	m0291/Carta 96	2	29	K	2	d	d
real	A	m0291/Carta 96	2	15	K	8	i	i
real	A	m0291/Carta 96	2	43	K	15	o	o
real	A	m0291/Carta 96	2	45	K	12	r	r
real	A	m0291/Carta 96	2	30	K	8	i	i
real	A	m0291/Carta 96	2	42	K	f	s	s
real	A	m0291/Carta 96	2	8	K	5	c	c
real	A	m0291/Carta 96	2	38	K	15	o	o
real	A	m0291/Carta 96	2	28	K	15	o	o
real	A	m0291/Carta 96	2	6	K	3	t	t
real	A	m0291/Carta 96	2	14	K	16	f	l
real	A	m0291/Carta 96	2	41	K	f	e	o
real	A	m0291/Carta 96	2	16	K	5	c	c
shuf	A	m0291/Carta 96	2	48	U	12	r	e
shuf	A	m0291/Carta 96	2	35	K	2	e	a
shuf	A	m0291/Carta 96	2	4	K	15	o	j
shuf	A	m0291/Carta 96	2	39	K	3	t	t
shuf	A	m0291/Carta 96	2	9	K	15	o	o
shuf	A	m0291/Carta 96	2	29	K	2	d	d
shuf	A	m0291/Carta 96	2	15	K	8	i	i
shuf	A	m0291/Carta 96	2	43	K	15	o	p
shuf	A	m0291/Carta 96	2	45	K	12	r	r
shuf	A	m0291/Carta 96	2	30	K	8	i	i
shuf	A	m0291/Carta 96	2	42	K	f	s	s
shuf	A	m0291/Carta 96	2	8	K	5	c	c
shuf	A	m0291/Carta 96	2	38	K	15	o	o
shuf	A	m0291/Carta 96	2	28	K	15	o	o
shuf	A	m0291/Carta 96	2	6	K	3	t	i
shuf	A	m0291/Carta 96	2	14	K	16	f	f
shuf	A	m0291/Carta 96	2	41	K	f	e	e
shuf	A	m0291/Carta 96	2	16	K	5	c	c
real	A	m0288/Passage 2a	11	42	U	19	e	e
real	A	m0288/Passage 2a	11	15	K	17	a	n
real	A	m0288/Passage 2a	11	18	K	2	a	d
real	A	m0288/Passage 2a	11	47	K	17	a	a
real	A	m0288/Passage 2a	11	49	K	15	o	o
real	A	m0288/Passage 2a	11	46	K	7	e	e
real	A	m0288/Passage 2a	11	48	K	16	f	f
real	A	m0288/Passage 2a	11	6	K	17	a	a
real	A	m0288/Passage 2a	11	37	K	14	n	n
real	A	m0288/Passage 2a	11	4	K	5	c	c
real	A	m0288/Passage 2a	11	19	K	17	a	a
real	A	m0288/Passage 2a	11	3	K	7	e	e
real	A	m0288/Passage 2a	11	8	K	15	o	o
real	A	m0288/Passage 2a	11	45	K	2	d	d
real	A	m0288/Passage 2a	11	5	K	10	h	h
real	A	m0288/Passage 2a	11	7	K	2	d	d
real	A	m0288/Passage 2a	11	41	K	55	p	p
real	A	m0288/Passage 2a	11	2	K	16	f	f
shuf	A	m0288/Passage 2a	11	42	U	19	e	i
shuf	A	m0288/Passage 2a	11	15	K	17	a	a
shuf	A	m0288/Passage 2a	11	18	K	2	a	d
shuf	A	m0288/Passage 2a	11	47	K	17	a	a
shuf	A	m0288/Passage 2a	11	49	K	15	o	o
shuf	A	m0288/Passage 2a	11	46	K	7	e	r
shuf	A	m0288/Passage 2a	11	48	K	16	f	f
shuf	A	m0288/Passage 2a	11	6	K	17	a	a
shuf	A	m0288/Passage 2a	11	37	K	14	n	n
shuf	A	m0288/Passage 2a	11	4	K	5	c	c
shuf	A	m0288/Passage 2a	11	19	K	17	a	a
shuf	A	m0288/Passage 2a	11	3	K	7	e	e
shuf	A	m0288/Passage 2a	11	8	K	15	o	o
shuf	A	m0288/Passage 2a	11	45	K	2	d	e
shuf	A	m0288/Passage 2a	11	5	K	10	h	h
shuf	A	m0288/Passage 2a	11	7	K	2	d	d
shuf	A	m0288/Passage 2a	11	41	K	55	p	o
shuf	A	m0288/Passage 2a	11	2	K	16	f	f
real	A	m0285/Carta 72	29	18	U	15	o	o
real	A	m0285/Carta 72	29	2	K	c	g	u
real	A	m0285/Carta 72	29	24	K	4	s	s
real	A	m0285/Carta 72	29	19	K	14	n	n
real	A	m0285/Carta 72	29	1	K	26	o	v
real	A	m0285/Carta 72	29	49	K	5	n	c
real	A	m0285/Carta 72	29	20	K	2	d	d
real	A	m0285/Carta 72	29	41	K	12	r	r
real	A	m0285/Carta 72	29	15	K	19	e	e
real	A	m0285/Carta 72	29	47	K	4	d	s
real	A	m0285/Carta 72	29	22	K	x	d	d
real	A	m0285/Carta 72	29	13	K	17	e	a
real	A	m0285/Carta 72	29	17	K	5	c	c
real	A	m0285/Carta 72	29	21	K	8	i	i
real	A	m0285/Carta 72	29	3	K	y	a	a
real	A	m0285/Carta 72	29	46	K	12	r	r
real	A	m0285/Carta 72	29	23	K	y	a	a
real	A	m0285/Carta 72	29	48	K	y	e	a
shuf	A	m0285/Carta 72	29	18	U	15	o	i
shuf	A	m0285/Carta 72	29	2	K	c	g	u
shuf	A	m0285/Carta 72	29	24	K	4	s	s
shuf	A	m0285/Carta 72	29	19	K	14	n	n
shuf	A	m0285/Carta 72	29	1	K	26	o	d
shuf	A	m0285/Carta 72	29	49	K	5	n	c
shuf	A	m0285/Carta 72	29	20	K	2	d	d
shuf	A	m0285/Carta 72	29	41	K	12	r	v
shuf	A	m0285/Carta 72	29	15	K	19	e	e
shuf	A	m0285/Carta 72	29	47	K	4	d	e
shuf	A	m0285/Carta 72	29	22	K	x	d	d
shuf	A	m0285/Carta 72	29	13	K	17	e	a
shuf	A	m0285/Carta 72	29	17	K	5	c	e
shuf	A	m0285/Carta 72	29	21	K	8	i	i
shuf	A	m0285/Carta 72	29	3	K	y	a	a
shuf	A	m0285/Carta 72	29	46	K	12	r	r
shuf	A	m0285/Carta 72	29	23	K	y	a	a
shuf	A	m0285/Carta 72	29	48	K	y	e	a
real	A	m0291/Carta 96	0	40	U	15	o	n
real	A	m0291/Carta 96	0	2	K	2	e	e
real	A	m0291/Carta 96	0	43	K	f	e	s
real	A	m0291/Carta 96	0	37	K	2	e	q
real	A	m0291/Carta 96	0	18	K	5	c	c
real	A	m0291/Carta 96	0	35	K	25	o	o
real	A	m0291/Carta 96	0	30	K	15	o	o
real	A	m0291/Carta 96	0	34	K	21	b	b
real	A	m0291/Carta 96	0	31	K	2	d	d
real	A	m0291/Carta 96	0	12	K	18	m	m
real	A	m0291/Carta 96	0	19	K	15	o	o
real	A	m0291/Carta 96	0	13	K	13	q	t
real	A	m0291/Carta 96	0	33	K	y	a	a
real	A	m0291/Carta 96	0	41	K	3	t	t
real	A	m0291/Carta 96	0	16	K	16	f	o
real	A	m0291/Carta 96	0	7	K	4	s	s
real	A	m0291/Carta 96	0	42	K	2	h	e
real	A	m0291/Carta 96	0	48	K	7	e	e
shuf	A	m0291/Carta 96	0	40	U	15	o	o
shuf	A	m0291/Carta 96	0	2	K	2	e	d
shuf	A	m0291/Carta 96	0	43	K	f	e	s
shuf	A	m0291/Carta 96	0	37	K	2	e	d
shuf	A	m0291/Carta 96	0	18	K	5	c	c
shuf	A	m0291/Carta 96	0	35	K	25	o	o
shuf	A	m0291/Carta 96	0	30	K	15	o	o
shuf	A	m0291/Carta 96	0	34	K	21	b	b
shuf	A	m0291/Carta 96	0	31	K	2	d	d
shuf	A	m0291/Carta 96	0	12	K	18	m	q
shuf	A	m0291/Carta 96	0	19	K	15	o	o
shuf	A	m0291/Carta 96	0	13	K	13	q	u
shuf	A	m0291/Carta 96	0	33	K	y	a	a
shuf	A	m0291/Carta 96	0	41	K	3	t	t
shuf	A	m0291/Carta 96	0	16	K	16	f	s
shuf	A	m0291/Carta 96	0	7	K	4	s	c
shuf	A	m0291/Carta 96	0	42	K	2	h	e
shuf	A	m0291/Carta 96	0	48	K	7	e	e
real	A	m0290/Passage 2a	0	38	U	15	o	o
real	A	m0290/Passage 2a	0	31	K	f	s	a
real	A	m0290/Passage 2a	0	28	K	12	r	r
real	A	m0290/Passage 2a	0	12	K	24	e	e
real	A	m0290/Passage 2a	0	18	K	x	d	d
real	A	m0290/Passage 2a	0	6	K	20	l	n
real	A	m0290/Passage 2a	0	40	K	y	a	a
real	A	m0290/Passage 2a	0	47	K	2	o	a
real	A	m0290/Passage 2a	0	15	K	2	o	e
real	A	m0290/Passage 2a	0	26	K	3	t	t
real	A	m0290/Passage 2a	0	8	K	25	o	o
real	A	m0290/Passage 2a	0	17	K	15	o	o
real	A	m0290/Passage 2a	0	48	K	15	o	o
real	A	m0290/Passage 2a	0	1	K	26	l	u
real	A	m0290/Passage 2a	0	20	K	12	r	r
real	A	m0290/Passage 2a	0	2	K	19	e	e
real	A	m0290/Passage 2a	0	24	K	19	e	e
real	A	m0290/Passage 2a	0	5	K	7	e	e
shuf	A	m0290/Passage 2a	0	38	U	15	o	o
shuf	A	m0290/Passage 2a	0	31	K	f	s	d
shuf	A	m0290/Passage 2a	0	28	K	12	r	r
shuf	A	m0290/Passage 2a	0	12	K	24	e	l
shuf	A	m0290/Passage 2a	0	18	K	x	d	a
shuf	A	m0290/Passage 2a	0	6	K	20	l	o
shuf	A	m0290/Passage 2a	0	40	K	y	a	a
shuf	A	m0290/Passage 2a	0	47	K	2	o	d
shuf	A	m0290/Passage 2a	0	15	K	2	o	s
shuf	A	m0290/Passage 2a	0	26	K	3	t	t
shuf	A	m0290/Passage 2a	0	8	K	25	o	o
shuf	A	m0290/Passage 2a	0	17	K	15	o	o
shuf	A	m0290/Passage 2a	0	48	K	15	o	o
shuf	A	m0290/Passage 2a	0	1	K	26	l	u
shuf	A	m0290/Passage 2a	0	20	K	12	r	r
shuf	A	m0290/Passage 2a	0	2	K	19	e	e
shuf	A	m0290/Passage 2a	0	24	K	19	e	d
shuf	A	m0290/Passage 2a	0	5	K	7	e	e
real	A	m0286/Carta 74	10	42	U	4	s	u
real	A	m0286/Carta 74	10	30	K	f	s	s
real	A	m0286/Carta 74	10	7	K	20	l	o
real	A	m0286/Carta 74	10	3	K	23	a	a
real	A	m0286/Carta 74	10	26	K	24	e	e
real	A	m0286/Carta 74	10	13	K	12	r	r
real	A	m0286/Carta 74	10	17	K	22	s	d
real	A	m0286/Carta 74	10	12	K	15	o	o
real	A	m0286/Carta 74	10	46	K	d	o	o
real	A	m0286/Carta 74	10	0	K	y	a	a
real	A	m0286/Carta 74	10	16	K	y	a	a
real	A	m0286/Carta 74	10	24	K	18	s	o
real	A	m0286/Carta 74	10	14	K	3	t	t
real	A	m0286/Carta 74	10	8	K	19	e	e
real	A	m0286/Carta 74	10	22	K	8	i	i
real	A	m0286/Carta 74	10	4	K	d	o	e
real	A	m0286/Carta 74	10	18	K	15	c	o
real	A	m0286/Carta 74	10	33	K	12	v	r
shuf	A	m0286/Carta 74	10	42	U	4	s	w
shuf	A	m0286/Carta 74	10	30	K	f	s	s
shuf	A	m0286/Carta 74	10	7	K	20	l	d
shuf	A	m0286/Carta 74	10	3	K	23	a	a
shuf	A	m0286/Carta 74	10	26	K	24	e	a
shuf	A	m0286/Carta 74	10	13	K	12	r	r
shuf	A	m0286/Carta 74	10	17	K	22	s	i
shuf	A	m0286/Carta 74	10	12	K	15	o	o
shuf	A	m0286/Carta 74	10	46	K	d	o	e
shuf	A	m0286/Carta 74	10	0	K	y	a	a
shuf	A	m0286/Carta 74	10	16	K	y	a	r
shuf	A	m0286/Carta 74	10	24	K	18	s	n
shuf	A	m0286/Carta 74	10	14	K	3	t	t
shuf	A	m0286/Carta 74	10	8	K	19	e	e
shuf	A	m0286/Carta 74	10	22	K	8	i	i
shuf	A	m0286/Carta 74	10	4	K	d	o	o
shuf	A	m0286/Carta 74	10	18	K	15	c	o
shuf	A	m0286/Carta 74	10	33	K	12	v	o
real	A	m0293/Carta 106	3	48	U	15	o	o
real	A	m0293/Carta 106	3	25	K	21	b	b
real	A	m0293/Carta 106	3	1	K	10	r	j
real	A	m0293/Carta 106	3	22	K	2	e	o
real	A	m0293/Carta 106	3	2	K	8	i	i
real	A	m0293/Carta 106	3	43	K	2	e	i
real	A	m0293/Carta 106	3	38	K	52	r	a
real	A	m0293/Carta 106	3	33	K	15	o	o
real	A	m0293/Carta 106	3	41	K	4	s	s
real	A	m0293/Carta 106	3	36	K	4	s	a
real	A	m0293/Carta 106	3	6	K	7	e	e
real	A	m0293/Carta 106	3	27	K	20	l	l
real	A	m0293/Carta 106	3	47	K	2	d	d
real	A	m0293/Carta 106	3	4	K	22	i	g
real	A	m0293/Carta 106	3	0	K	y	a	a
real	A	m0293/Carta 106	3	23	K	2	d	d
real	A	m0293/Carta 106	3	3	K	26	v	u
real	A	m0293/Carta 106	3	37	K	7	e	r
shuf	A	m0293/Carta 106	3	48	U	15	o	a
shuf	A	m0293/Carta 106	3	25	K	21	b	o
shuf	A	m0293/Carta 106	3	1	K	10	r	h
shuf	A	m0293/Carta 106	3	22	K	2	e	s
shuf	A	m0293/Carta 106	3	2	K	8	i	i
shuf	A	m0293/Carta 106	3	43	K	2	e	d
shuf	A	m0293/Carta 106	3	38	K	52	r	r
shuf	A	m0293/Carta 106	3	33	K	15	o	o
shuf	A	m0293/Carta 106	3	41	K	4	s	s
shuf	A	m0293/Carta 106	3	36	K	4	s	s
shuf	A	m0293/Carta 106	3	6	K	7	e	r
shuf	A	m0293/Carta 106	3	27	K	20	l	l
shuf	A	m0293/Carta 106	3	47	K	2	d	d
shuf	A	m0293/Carta 106	3	4	K	22	i	e
shuf	A	m0293/Carta 106	3	0	K	y	a	a
shuf	A	m0293/Carta 106	3	23	K	2	d	e
shuf	A	m0293/Carta 106	3	3	K	26	v	u
shuf	A	m0293/Carta 106	3	37	K	7	e	e
real	A	m0289/Carta 92	47	27	U	18	o	s
real	A	m0289/Carta 92	47	30	K	55	p	p
real	A	m0289/Carta 92	47	1	K	23	a	a
real	A	m0289/Carta 92	47	12	K	x	d	d
real	A	m0289/Carta 92	47	22	K	18	m	m
real	A	m0289/Carta 92	47	39	K	f	s	s
real	A	m0289/Carta 92	47	14	K	5	e	c
real	A	m0289/Carta 92	47	21	K	c	u	u
real	A	m0289/Carta 92	47	23	K	22	i	i
real	A	m0289/Carta 92	47	38	K	19	e	e
real	A	m0289/Carta 92	47	18	K	f	s	d
real	A	m0289/Carta 92	47	49	K	25	o	o
real	A	m0289/Carta 92	47	13	K	25	o	o
real	A	m0289/Carta 92	47	31	K	12	r	r
real	A	m0289/Carta 92	47	25	K	11	s	h
real	A	m0289/Carta 92	47	48	K	5	c	c
real	A	m0289/Carta 92	47	42	K	18	m	m
real	A	m0289/Carta 92	47	6	K	5	c	c
shuf	A	m0289/Carta 92	47	27	U	18	o	i
shuf	A	m0289/Carta 92	47	30	K	55	p	o
shuf	A	m0289/Carta 92	47	1	K	23	a	a
shuf	A	m0289/Carta 92	47	12	K	x	d	d
shuf	A	m0289/Carta 92	47	22	K	18	m	m
shuf	A	m0289/Carta 92	47	39	K	f	s	s
shuf	A	m0289/Carta 92	47	14	K	5	e	c
shuf	A	m0289/Carta 92	47	21	K	c	u	u
shuf	A	m0289/Carta 92	47	23	K	22	i	c
shuf	A	m0289/Carta 92	47	38	K	19	e	a
shuf	A	m0289/Carta 92	47	18	K	f	s	s
shuf	A	m0289/Carta 92	47	49	K	25	o	o
shuf	A	m0289/Carta 92	47	13	K	25	o	o
shuf	A	m0289/Carta 92	47	31	K	12	r	r
shuf	A	m0289/Carta 92	47	25	K	11	s	n
shuf	A	m0289/Carta 92	47	48	K	5	c	c
shuf	A	m0289/Carta 92	47	42	K	18	m	c
shuf	A	m0289/Carta 92	47	6	K	5	c	e
real	A	m0291/Passage 3a	6	45	U	12	r	r
real	A	m0291/Passage 3a	6	32	K	12	r	r
real	A	m0291/Passage 3a	6	38	K	8	i	i
real	A	m0291/Passage 3a	6	19	K	55	p	a
real	A	m0291/Passage 3a	6	27	K	26	v	v
real	A	m0291/Passage 3a	6	37	K	5	c	c
real	A	m0291/Passage 3a	6	6	K	a	t	t
real	A	m0291/Passage 3a	6	22	K	7	e	e
real	A	m0291/Passage 3a	6	5	K	m	n	n
real	A	m0291/Passage 3a	6	40	K	11	p	p
real	A	m0291/Passage 3a	6	46	K	19	e	e
real	A	m0291/Passage 3a	6	36	K	15	o	o
real	A	m0291/Passage 3a	6	25	K	14	n	n
real	A	m0291/Passage 3a	6	29	K	12	r	r
real	A	m0291/Passage 3a	6	4	K	7	e	e
real	A	m0291/Passage 3a	6	14	K	12	r	r
real	A	m0291/Passage 3a	6	3	K	4	s	o
real	A	m0291/Passage 3a	6	7	K	18	r	r
shuf	A	m0291/Passage 3a	6	45	U	12	r	a
shuf	A	m0291/Passage 3a	6	32	K	12	r	m
shuf	A	m0291/Passage 3a	6	38	K	8	i	i
shuf	A	m0291/Passage 3a	6	19	K	55	p	o
shuf	A	m0291/Passage 3a	6	27	K	26	v	i
shuf	A	m0291/Passage 3a	6	37	K	5	c	c
shuf	A	m0291/Passage 3a	6	6	K	a	t	t
shuf	A	m0291/Passage 3a	6	22	K	7	e	e
shuf	A	m0291/Passage 3a	6	5	K	m	n	n
shuf	A	m0291/Passage 3a	6	40	K	11	p	d
shuf	A	m0291/Passage 3a	6	46	K	19	e	r
shuf	A	m0291/Passage 3a	6	36	K	15	o	o
shuf	A	m0291/Passage 3a	6	25	K	14	n	q
shuf	A	m0291/Passage 3a	6	29	K	12	r	r
shuf	A	m0291/Passage 3a	6	4	K	7	e	e
shuf	A	m0291/Passage 3a	6	14	K	12	r	r
shuf	A	m0291/Passage 3a	6	3	K	4	s	s
shuf	A	m0291/Passage 3a	6	7	K	18	r	o
real	A	m0286/Carta 74	33	4	U	4	s	n
real	A	m0286/Carta 74	33	29	K	17	a	a
real	A	m0286/Carta 74	33	14	K	12	l	n
real	A	m0286/Carta 74	33	43	K	f	s	s
real	A	m0286/Carta 74	33	36	K	3	t	t
real	A	m0286/Carta 74	33	47	K	10	h	h
real	A	m0286/Carta 74	33	42	K	23	a	a
real	A	m0286/Carta 74	33	41	K	5	c	c
real	A	m0286/Carta 74	33	26	K	12	r	r
real	A	m0286/Carta 74	33	3	K	24	e	e
real	A	m0286/Carta 74	33	1	K	18	s	o
real	A	m0286/Carta 74	33	6	K	7	e	e
real	A	m0286/Carta 74	33	27	K	7	u	e
real	A	m0286/Carta 74	33	20	K	3	d	t
real	A	m0286/Carta 74	33	2	K	23	d	m
real	A	m0286/Carta 74	33	28	K	18	m	m
real	A	m0286/Carta 74	33	18	K	15	o	b
real	A	m0286/Carta 74	33	10	K	12	v	r
shuf	A	m0286/Carta 74	33	4	U	4	s	e
shuf	A	m0286/Carta 74	33	29	K	17	a	a
shuf	A	m0286/Carta 74	33	14	K	12	l	o
shuf	A	m0286/Carta 74	33	43	K	f	s	r
shuf	A	m0286/Carta 74	33	36	K	3	t	t
shuf	A	m0286/Carta 74	33	47	K	10	h	s
shuf	A	m0286/Carta 74	33	42	K	23	a	o
shuf	A	m0286/Carta 74	33	41	K	5	c	c
shuf	A	m0286/Carta 74	33	26	K	12	r	r
shuf	A	m0286/Carta 74	33	3	K	24	e	r
shuf	A	m0286/Carta 74	33	1	K	18	s	m
shuf	A	m0286/Carta 74	33	6	K	7	e	e
shuf	A	m0286/Carta 74	33	27	K	7	u	e
shuf	A	m0286/Carta 74	33	20	K	3	d	t
shuf	A	m0286/Carta 74	33	2	K	23	d	a
shuf	A	m0286/Carta 74	33	28	K	18	m	m
shuf	A	m0286/Carta 74	33	18	K	15	o	o
shuf	A	m0286/Carta 74	33	10	K	12	v	r
real	A	m0282/Carta 61	1	17	U	15	o	d
real	A	m0282/Carta 61	1	1	K	15	o	o
real	A	m0282/Carta 61	1	22	K	12	r	r
real	A	m0282/Carta 61	1	16	K	4	s	s
real	A	m0282/Carta 61	1	15	K	7	e	e
real	A	m0282/Carta 61	1	4	K	17	a	a
real	A	m0282/Carta 61	1	6	K	15	o	o
real	A	m0282/Carta 61	1	19	K	12	r	r
real	A	m0282/Carta 61	1	8	K	7	h	e
real	A	m0282/Carta 61	1	18	K	26	u	i
real	A	m0282/Carta 61	1	11	K	12	r	r
real	A	m0282/Carta 61	1	13	K	15	o	o
real	A	m0282/Carta 61	1	0	K	7	e	e
real	A	m0282/Carta 61	1	14	K	3	t	t
real	A	m0282/Carta 61	1	9	K	26	v	v
real	A	m0282/Carta 61	1	12	K	23	o	a
real	A	m0282/Carta 61	1	21	K	8	i	i
real	A	m0282/Carta 61	1	23	K	15	o	o
shuf	A	m0282/Carta 61	1	17	U	15	o	d
shuf	A	m0282/Carta 61	1	1	K	15	o	p
shuf	A	m0282/Carta 61	1	22	K	12	r	r
shuf	A	m0282/Carta 61	1	16	K	4	s	s
shuf	A	m0282/Carta 61	1	15	K	7	e	e
shuf	A	m0282/Carta 61	1	4	K	17	a	a
shuf	A	m0282/Carta 61	1	6	K	15	o	c
shuf	A	m0282/Carta 61	1	19	K	12	r	r
shuf	A	m0282/Carta 61	1	8	K	7	h	e
shuf	A	m0282/Carta 61	1	18	K	26	u	i
shuf	A	m0282/Carta 61	1	11	K	12	r	n
shuf	A	m0282/Carta 61	1	13	K	15	o	o
shuf	A	m0282/Carta 61	1	0	K	7	e	e
shuf	A	m0282/Carta 61	1	14	K	3	t	t
shuf	A	m0282/Carta 61	1	9	K	26	v	n
shuf	A	m0282/Carta 61	1	12	K	23	o	a
shuf	A	m0282/Carta 61	1	21	K	8	i	i
shuf	A	m0282/Carta 61	1	23	K	15	o	o
real	A	m0291/Carta 96	0	47	U	12	r	d
real	A	m0291/Carta 96	0	36	K	20	l	r
real	A	m0291/Carta 96	0	12	K	18	m	m
real	A	m0291/Carta 96	0	31	K	2	d	d
real	A	m0291/Carta 96	0	1	K	12	r	h
real	A	m0291/Carta 96	0	48	K	7	e	e
real	A	m0291/Carta 96	0	44	K	f	s	s
real	A	m0291/Carta 96	0	42	K	2	h	e
real	A	m0291/Carta 96	0	18	K	5	c	c
real	A	m0291/Carta 96	0	5	K	e	g	g
real	A	m0291/Carta 96	0	35	K	25	o	o
real	A	m0291/Carta 96	0	33	K	y	a	a
real	A	m0291/Carta 96	0	40	K	15	o	o
real	A	m0291/Carta 96	0	34	K	21	b	b
real	A	m0291/Carta 96	0	46	K	c	u	u
real	A	m0291/Carta 96	0	39	K	y	a	a
real	A	m0291/Carta 96	0	6	K	15	o	o
real	A	m0291/Carta 96	0	7	K	4	s	s
shuf	A	m0291/Carta 96	0	47	U	12	r	u
shuf	A	m0291/Carta 96	0	36	K	20	l	l
shuf	A	m0291/Carta 96	0	12	K	18	m	o
shuf	A	m0291/Carta 96	0	31	K	2	d	a
shuf	A	m0291/Carta 96	0	1	K	12	r	r
shuf	A	m0291/Carta 96	0	48	K	7	e	e
shuf	A	m0291/Carta 96	0	44	K	f	s	s
shuf	A	m0291/Carta 96	0	42	K	2	h	m
shuf	A	m0291/Carta 96	0	18	K	5	c	c
shuf	A	m0291/Carta 96	0	5	K	e	g	c
shuf	A	m0291/Carta 96	0	35	K	25	o	o
shuf	A	m0291/Carta 96	0	33	K	y	a	a
shuf	A	m0291/Carta 96	0	40	K	15	o	c
shuf	A	m0291/Carta 96	0	34	K	21	b	b
shuf	A	m0291/Carta 96	0	46	K	c	u	q
shuf	A	m0291/Carta 96	0	39	K	y	a	a
shuf	A	m0291/Carta 96	0	6	K	15	o	o
shuf	A	m0291/Carta 96	0	7	K	4	s	a
real	A	m0292/Carta 101	16	34	U	2	e	e
real	A	m0292/Carta 101	16	1	K	26	v	v
real	A	m0292/Carta 101	16	7	K	55	o	o
real	A	m0292/Carta 101	16	36	K	3	t	t
real	A	m0292/Carta 101	16	9	K	14	n	i
real	A	m0292/Carta 101	16	48	K	2	d	d
real	A	m0292/Carta 101	16	38	K	19	e	e
real	A	m0292/Carta 101	16	43	K	55	p	p
real	A	m0292/Carta 101	16	2	K	2	i	e
real	A	m0292/Carta 101	16	49	K	23	e	a
real	A	m0292/Carta 101	16	6	K	55	p	p
real	A	m0292/Carta 101	16	44	K	15	o	o
real	A	m0292/Carta 101	16	45	K	12	r	r
real	A	m0292/Carta 101	16	46	K	3	t	t
real	A	m0292/Carta 101	16	35	K	14	n	n
real	A	m0292/Carta 101	16	8	K	52	r	r
real	A	m0292/Carta 101	16	37	K	52	r	r
real	A	m0292/Carta 101	16	3	K	14	n	n
shuf	A	m0292/Carta 101	16	34	U	2	e	e
shuf	A	m0292/Carta 101	16	1	K	26	v	v
shuf	A	m0292/Carta 101	16	7	K	55	o	t
shuf	A	m0292/Carta 101	16	36	K	3	t	t
shuf	A	m0292/Carta 101	16	9	K	14	n	a
shuf	A	m0292/Carta 101	16	48	K	2	d	d
shuf	A	m0292/Carta 101	16	38	K	19	e	e
shuf	A	m0292/Carta 101	16	43	K	55	p	p
shuf	A	m0292/Carta 101	16	2	K	2	i	e
shuf	A	m0292/Carta 101	16	49	K	23	e	a
shuf	A	m0292/Carta 101	16	6	K	55	p	n
shuf	A	m0292/Carta 101	16	44	K	15	o	o
shuf	A	m0292/Carta 101	16	45	K	12	r	r
shuf	A	m0292/Carta 101	16	46	K	3	t	t
shuf	A	m0292/Carta 101	16	35	K	14	n	n
shuf	A	m0292/Carta 101	16	8	K	52	r	r
shuf	A	m0292/Carta 101	16	37	K	52	r	r
shuf	A	m0292/Carta 101	16	3	K	14	n	n
real	A	m0291/Passage 3a	7	1	U	6	h	x
real	A	m0291/Passage 3a	7	10	K	2	d	d
real	A	m0291/Passage 3a	7	9	K	23	a	a
real	A	m0291/Passage 3a	7	44	K	12	r	r
real	A	m0291/Passage 3a	7	7	K	17	a	a
real	A	m0291/Passage 3a	7	19	K	24	e	e
real	A	m0291/Passage 3a	7	46	K	26	v	v
real	A	m0291/Passage 3a	7	47	K	22	i	e
real	A	m0291/Passage 3a	7	40	K	17	a	a
real	A	m0291/Passage 3a	7	28	K	12	r	r
real	A	m0291/Passage 3a	7	14	K	22	i	i
real	A	m0291/Passage 3a	7	15	K	14	n	n
real	A	m0291/Passage 3a	7	30	K	d	o	o
real	A	m0291/Passage 3a	7	34	K	5	c	s
real	A	m0291/Passage 3a	7	3	K	7	e	e
real	A	m0291/Passage 3a	7	43	K	55	p	p
real	A	m0291/Passage 3a	7	20	K	x	d	d
real	A	m0291/Passage 3a	7	32	K	7	e	e
shuf	A	m0291/Passage 3a	7	1	U	6	h	b
shuf	A	m0291/Passage 3a	7	10	K	2	d	e
shuf	A	m0291/Passage 3a	7	9	K	23	a	a
shuf	A	m0291/Passage 3a	7	44	K	12	r	r
shuf	A	m0291/Passage 3a	7	7	K	17	a	c
shuf	A	m0291/Passage 3a	7	19	K	24	e	a
shuf	A	m0291/Passage 3a	7	46	K	26	v	v
shuf	A	m0291/Passage 3a	7	47	K	22	i	a
shuf	A	m0291/Passage 3a	7	40	K	17	a	a
shuf	A	m0291/Passage 3a	7	28	K	12	r	o
shuf	A	m0291/Passage 3a	7	14	K	22	i	i
shuf	A	m0291/Passage 3a	7	15	K	14	n	l
shuf	A	m0291/Passage 3a	7	30	K	d	o	x
shuf	A	m0291/Passage 3a	7	34	K	5	c	i
shuf	A	m0291/Passage 3a	7	3	K	7	e	e
shuf	A	m0291/Passage 3a	7	43	K	55	p	p
shuf	A	m0291/Passage 3a	7	20	K	x	d	d
shuf	A	m0291/Passage 3a	7	32	K	7	e	r
real	A	m0291/Passage 3a	3	3	U	10	i	a
real	A	m0291/Passage 3a	3	49	K	19	e	e
real	A	m0291/Passage 3a	3	20	K	5	c	c
real	A	m0291/Passage 3a	3	32	K	12	r	r
real	A	m0291/Passage 3a	3	27	K	y	a	e
real	A	m0291/Passage 3a	3	24	K	x	d	a
real	A	m0291/Passage 3a	3	41	K	8	i	i
real	A	m0291/Passage 3a	3	30	K	26	v	v
real	A	m0291/Passage 3a	3	12	K	x	d	d
real	A	m0291/Passage 3a	3	1	K	f	s	s
real	A	m0291/Passage 3a	3	22	K	55	p	p
real	A	m0291/Passage 3a	3	14	K	2	d	d
real	A	m0291/Passage 3a	3	34	K	d	o	o
real	A	m0291/Passage 3a	3	36	K	7	e	e
real	A	m0291/Passage 3a	3	29	K	25	o	o
real	A	m0291/Passage 3a	3	18	K	22	i	i
real	A	m0291/Passage 3a	3	7	K	7	e	e
real	A	m0291/Passage 3a	3	38	K	5	c	s
shuf	A	m0291/Passage 3a	3	3	U	10	i	r
shuf	A	m0291/Passage 3a	3	49	K	19	e	e
shuf	A	m0291/Passage 3a	3	20	K	5	c	c
shuf	A	m0291/Passage 3a	3	32	K	12	r	r
shuf	A	m0291/Passage 3a	3	27	K	y	a	a
shuf	A	m0291/Passage 3a	3	24	K	x	d	d
shuf	A	m0291/Passage 3a	3	41	K	8	i	i
shuf	A	m0291/Passage 3a	3	30	K	26	v	u
shuf	A	m0291/Passage 3a	3	12	K	x	d	o
shuf	A	m0291/Passage 3a	3	1	K	f	s	s
shuf	A	m0291/Passage 3a	3	22	K	55	p	a
shuf	A	m0291/Passage 3a	3	14	K	2	d	a
shuf	A	m0291/Passage 3a	3	34	K	d	o	m
shuf	A	m0291/Passage 3a	3	36	K	7	e	e
shuf	A	m0291/Passage 3a	3	29	K	25	o	o
shuf	A	m0291/Passage 3a	3	18	K	22	i	r
shuf	A	m0291/Passage 3a	3	7	K	7	e	i
shuf	A	m0291/Passage 3a	3	38	K	5	c	a
real	A	m0289/Carta 92	29	44	U	y	t	e
real	A	m0289/Carta 92	29	1	K	4	s	s
real	A	m0289/Carta 92	29	30	K	x	d	d
real	A	m0289/Carta 92	29	48	K	55	p	p
real	A	m0289/Carta 92	29	15	K	f	s	s
real	A	m0289/Carta 92	29	0	K	7	e	e
real	A	m0289/Carta 92	29	8	K	f	r	s
real	A	m0289/Carta 92	29	32	K	5	e	c
real	A	m0289/Carta 92	29	12	K	x	d	d
real	A	m0289/Carta 92	29	16	K	17	a	a
real	A	m0289/Carta 92	29	49	K	12	r	r
real	A	m0289/Carta 92	29	18	K	3	t	t
real	A	m0289/Carta 92	29	14	K	y	a	a
real	A	m0289/Carta 92	29	22	K	d	o	o
real	A	m0289/Carta 92	29	20	K	m	n	n
real	A	m0289/Carta 92	29	34	K	a	d	a
real	A	m0289/Carta 92	29	3	K	y	h	a
real	A	m0289/Carta 92	29	25	K	y	a	a
shuf	A	m0289/Carta 92	29	44	U	y	t	d
shuf	A	m0289/Carta 92	29	1	K	4	s	s
shuf	A	m0289/Carta 92	29	30	K	x	d	a
shuf	A	m0289/Carta 92	29	48	K	55	p	p
shuf	A	m0289/Carta 92	29	15	K	f	s	i
shuf	A	m0289/Carta 92	29	0	K	7	e	e
shuf	A	m0289/Carta 92	29	8	K	f	r	e
shuf	A	m0289/Carta 92	29	32	K	5	e	c
shuf	A	m0289/Carta 92	29	12	K	x	d	v
shuf	A	m0289/Carta 92	29	16	K	17	a	a
shuf	A	m0289/Carta 92	29	49	K	12	r	r
shuf	A	m0289/Carta 92	29	18	K	3	t	m
shuf	A	m0289/Carta 92	29	14	K	y	a	r
shuf	A	m0289/Carta 92	29	22	K	d	o	o
shuf	A	m0289/Carta 92	29	20	K	m	n	n
shuf	A	m0289/Carta 92	29	34	K	a	d	t
shuf	A	m0289/Carta 92	29	3	K	y	h	a
shuf	A	m0289/Carta 92	29	25	K	y	a	a
real	A	m0294/Carta 110	0	24	U	7	e	o
real	A	m0294/Carta 110	0	5	K	24	e	e
real	A	m0294/Carta 110	0	0	K	19	e	e
real	A	m0294/Carta 110	0	33	K	18	m	m
real	A	m0294/Carta 110	0	32	K	8	i	i
real	A	m0294/Carta 110	0	18	K	15	o	o
real	A	m0294/Carta 110	0	14	K	12	r	r
real	A	m0294/Carta 110	0	1	K	4	s	s
real	A	m0294/Carta 110	0	22	K	12	r	r
real	A	m0294/Carta 110	0	17	K	55	p	p
real	A	m0294/Carta 110	0	19	K	55	n	n
real	A	m0294/Carta 110	0	13	K	18	o	m
real	A	m0294/Carta 110	0	27	K	e	g	i
real	A	m0294/Carta 110	0	29	K	2	d	d
real	A	m0294/Carta 110	0	3	K	19	e	e
real	A	m0294/Carta 110	0	16	K	4	s	s
real	A	m0294/Carta 110	0	21	K	7	e	e
real	A	m0294/Carta 110	0	7	K	10	h	l
shuf	A	m0294/Carta 110	0	24	U	7	e	i
shuf	A	m0294/Carta 110	0	5	K	24	e	s
shuf	A	m0294/Carta 110	0	0	K	19	e	e
shuf	A	m0294/Carta 110	0	33	K	18	m	m
shuf	A	m0294/Carta 110	0	32	K	8	i	o
shuf	A	m0294/Carta 110	0	18	K	15	o	o
shuf	A	m0294/Carta 110	0	14	K	12	r	r
shuf	A	m0294/Carta 110	0	1	K	4	s	q
shuf	A	m0294/Carta 110	0	22	K	12	r	r
shuf	A	m0294/Carta 110	0	17	K	55	p	p
shuf	A	m0294/Carta 110	0	19	K	55	n	p
shuf	A	m0294/Carta 110	0	13	K	18	o	a
shuf	A	m0294/Carta 110	0	27	K	e	g	a
shuf	A	m0294/Carta 110	0	29	K	2	d	e
shuf	A	m0294/Carta 110	0	3	K	19	e	e
shuf	A	m0294/Carta 110	0	16	K	4	s	s
shuf	A	m0294/Carta 110	0	21	K	7	e	e
shuf	A	m0294/Carta 110	0	7	K	10	h	r
real	A	m0288/Carta 85	11	29	U	14	n	d
real	A	m0288/Carta 85	11	3	K	12	r	r
real	A	m0288/Carta 85	11	40	K	8	i	i
real	A	m0288/Carta 85	11	46	K	7	e	e
real	A	m0288/Carta 85	11	34	K	3	t	t
real	A	m0288/Carta 85	11	44	K	14	n	n
real	A	m0288/Carta 85	11	5	K	18	m	m
real	A	m0288/Carta 85	11	33	K	17	a	a
real	A	m0288/Carta 85	11	32	K	12	r	r
real	A	m0288/Carta 85	11	41	K	4	a	s
real	A	m0288/Carta 85	11	45	K	2	d	d
real	A	m0288/Carta 85	11	30	K	15	o	o
real	A	m0288/Carta 85	11	35	K	23	a	a
real	A	m0288/Carta 85	11	31	K	3	t	t
real	A	m0288/Carta 85	11	43	K	19	e	e
real	A	m0288/Carta 85	11	48	K	17	a	a
real	A	m0288/Carta 85	11	38	K	2	d	d
real	A	m0288/Carta 85	11	42	K	26	v	v
shuf	A	m0288/Carta 85	11	29	U	14	n	e
shuf	A	m0288/Carta 85	11	3	K	12	r	a
shuf	A	m0288/Carta 85	11	40	K	8	i	i
shuf	A	m0288/Carta 85	11	46	K	7	e	e
shuf	A	m0288/Carta 85	11	34	K	3	t	t
shuf	A	m0288/Carta 85	11	44	K	14	n	n
shuf	A	m0288/Carta 85	11	5	K	18	m	o
shuf	A	m0288/Carta 85	11	33	K	17	a	a
shuf	A	m0288/Carta 85	11	32	K	12	r	r
shuf	A	m0288/Carta 85	11	41	K	4	a	s
shuf	A	m0288/Carta 85	11	45	K	2	d	d
shuf	A	m0288/Carta 85	11	30	K	15	o	o
shuf	A	m0288/Carta 85	11	35	K	23	a	a
shuf	A	m0288/Carta 85	11	31	K	3	t	t
shuf	A	m0288/Carta 85	11	43	K	19	e	e
shuf	A	m0288/Carta 85	11	48	K	17	a	a
shuf	A	m0288/Carta 85	11	38	K	2	d	d
shuf	A	m0288/Carta 85	11	42	K	26	v	v
real	A	m0293/Carta 106	0	47	U	14	n	n
real	A	m0293/Carta 106	0	10	K	12	r	r
real	A	m0293/Carta 106	0	32	K	14	n	n
real	A	m0293/Carta 106	0	35	K	12	r	r
real	A	m0293/Carta 106	0	27	K	19	e	e
real	A	m0293/Carta 106	0	40	K	7	e	e
real	A	m0293/Carta 106	0	46	K	2	e	e
real	A	m0293/Carta 106	0	1	K	4	s	s
real	A	m0293/Carta 106	0	22	K	2	d	d
real	A	m0293/Carta 106	0	0	K	19	e	e
real	A	m0293/Carta 106	0	2	K	3	t	t
real	A	m0293/Carta 106	0	48	K	2	d	d
real	A	m0293/Carta 106	0	29	K	15	u	o
real	A	m0293/Carta 106	0	31	K	8	i	i
real	A	m0293/Carta 106	0	30	K	20	l	l
real	A	m0293/Carta 106	0	34	K	21	b	b
real	A	m0293/Carta 106	0	45	K	26	v	v
real	A	m0293/Carta 106	0	28	K	21	b	b
shuf	A	m0293/Carta 106	0	47	U	14	n	c
shuf	A	m0293/Carta 106	0	10	K	12	r	r
shuf	A	m0293/Carta 106	0	32	K	14	n	n
shuf	A	m0293/Carta 106	0	35	K	12	r	r
shuf	A	m0293/Carta 106	0	27	K	19	e	e
shuf	A	m0293/Carta 106	0	40	K	7	e	e
shuf	A	m0293/Carta 106	0	46	K	2	e	e
shuf	A	m0293/Carta 106	0	1	K	4	s	s
shuf	A	m0293/Carta 106	0	22	K	2	d	a
shuf	A	m0293/Carta 106	0	0	K	19	e	e
shuf	A	m0293/Carta 106	0	2	K	3	t	z
shuf	A	m0293/Carta 106	0	48	K	2	d	e
shuf	A	m0293/Carta 106	0	29	K	15	u	o
shuf	A	m0293/Carta 106	0	31	K	8	i	i
shuf	A	m0293/Carta 106	0	30	K	20	l	l
shuf	A	m0293/Carta 106	0	34	K	21	b	a
shuf	A	m0293/Carta 106	0	45	K	26	v	u
shuf	A	m0293/Carta 106	0	28	K	21	b	v
real	A	m0289/Carta 92	28	22	U	x	d	t
real	A	m0289/Carta 92	28	32	K	25	o	o
real	A	m0289/Carta 92	28	19	K	3	t	t
real	A	m0289/Carta 92	28	20	K	23	a	a
real	A	m0289/Carta 92	28	39	K	10	h	h
real	A	m0289/Carta 92	28	11	K	19	e	e
real	A	m0289/Carta 92	28	12	K	4	s	s
real	A	m0289/Carta 92	28	1	K	7	e	e
real	A	m0289/Carta 92	28	2	K	4	s	s
real	A	m0289/Carta 92	28	0	K	5	c	c
real	A	m0289/Carta 92	28	49	K	55	p	p
real	A	m0289/Carta 92	28	30	K	15	o	o
real	A	m0289/Carta 92	28	48	K	7	e	e
real	A	m0289/Carta 92	28	25	K	5	c	c
real	A	m0289/Carta 92	28	37	K	f	s	d
real	A	m0289/Carta 92	28	35	K	a	d	t
real	A	m0289/Carta 92	28	38	K	7	e	e
real	A	m0289/Carta 92	28	4	K	y	h	a
shuf	A	m0289/Carta 92	28	22	U	x	d	d
shuf	A	m0289/Carta 92	28	32	K	25	o	o
shuf	A	m0289/Carta 92	28	19	K	3	t	t
shuf	A	m0289/Carta 92	28	20	K	23	a	a
shuf	A	m0289/Carta 92	28	39	K	10	h	h
shuf	A	m0289/Carta 92	28	11	K	19	e	e
shuf	A	m0289/Carta 92	28	12	K	4	s	s
shuf	A	m0289/Carta 92	28	1	K	7	e	e
shuf	A	m0289/Carta 92	28	2	K	4	s	s
shuf	A	m0289/Carta 92	28	0	K	5	c	c
shuf	A	m0289/Carta 92	28	49	K	55	p	a
shuf	A	m0289/Carta 92	28	30	K	15	o	i
shuf	A	m0289/Carta 92	28	48	K	7	e	r
shuf	A	m0289/Carta 92	28	25	K	5	c	l
shuf	A	m0289/Carta 92	28	37	K	f	s	s
shuf	A	m0289/Carta 92	28	35	K	a	d	o
shuf	A	m0289/Carta 92	28	38	K	7	e	e
shuf	A	m0289/Carta 92	28	4	K	y	h	a
real	A	m0287/Carta 79	11	38	U	12	r	t
real	A	m0287/Carta 79	11	2	K	2	d	d
real	A	m0287/Carta 79	11	27	K	15	o	o
real	A	m0287/Carta 79	11	21	K	26	v	a
real	A	m0287/Carta 79	11	35	K	52	r	r
real	A	m0287/Carta 79	11	24	K	10	h	r
real	A	m0287/Carta 79	11	30	K	3	t	t
real	A	m0287/Carta 79	11	12	K	e	g	g
real	A	m0287/Carta 79	11	17	K	19	e	e
real	A	m0287/Carta 79	11	18	K	4	s	s
real	A	m0287/Carta 79	11	19	K	3	t	e
real	A	m0287/Carta 79	11	32	K	f	s	s
real	A	m0287/Carta 79	11	31	K	19	e	e
real	A	m0287/Carta 79	11	36	K	19	e	e
real	A	m0287/Carta 79	11	11	K	10	l	l
real	A	m0287/Carta 79	11	37	K	8	i	i
real	A	m0287/Carta 79	11	25	K	17	a	a
real	A	m0287/Carta 79	11	39	K	15	o	o
shuf	A	m0287/Carta 79	11	38	U	12	r	t
shuf	A	m0287/Carta 79	11	2	K	2	d	d
shuf	A	m0287/Carta 79	11	27	K	15	o	o
shuf	A	m0287/Carta 79	11	21	K	26	v	s
shuf	A	m0287/Carta 79	11	35	K	52	r	r
shuf	A	m0287/Carta 79	11	24	K	10	h	i
shuf	A	m0287/Carta 79	11	30	K	3	t	a
shuf	A	m0287/Carta 79	11	12	K	e	g	u
shuf	A	m0287/Carta 79	11	17	K	19	e	e
shuf	A	m0287/Carta 79	11	18	K	4	s	s
shuf	A	m0287/Carta 79	11	19	K	3	t	t
shuf	A	m0287/Carta 79	11	32	K	f	s	s
shuf	A	m0287/Carta 79	11	31	K	19	e	e
shuf	A	m0287/Carta 79	11	36	K	19	e	e
shuf	A	m0287/Carta 79	11	11	K	10	l	o
shuf	A	m0287/Carta 79	11	37	K	8	i	i
shuf	A	m0287/Carta 79	11	25	K	17	a	a
shuf	A	m0287/Carta 79	11	39	K	15	o	o
real	A	m0293/Carta 106	3	47	U	2	d	d
real	A	m0293/Carta 106	3	22	K	2	e	o
real	A	m0293/Carta 106	3	1	K	10	r	j
real	A	m0293/Carta 106	3	30	K	d	g	o
real	A	m0293/Carta 106	3	34	K	26	o	d
real	A	m0293/Carta 106	3	28	K	8	i	i
real	A	m0293/Carta 106	3	29	K	14	n	n
real	A	m0293/Carta 106	3	3	K	26	v	u
real	A	m0293/Carta 106	3	2	K	8	i	i
real	A	m0293/Carta 106	3	6	K	7	e	e
real	A	m0293/Carta 106	3	0	K	y	a	a
real	A	m0293/Carta 106	3	49	K	4	s	s
real	A	m0293/Carta 106	3	32	K	12	r	r
real	A	m0293/Carta 106	3	19	K	2	d	d
real	A	m0293/Carta 106	3	44	K	14	n	e
real	A	m0293/Carta 106	3	4	K	22	i	g
real	A	m0293/Carta 106	3	33	K	15	o	o
real	A	m0293/Carta 106	3	20	K	15	o	o
shuf	A	m0293/Carta 106	3	47	U	2	d	r
shuf	A	m0293/Carta 106	3	22	K	2	e	o
shuf	A	m0293/Carta 106	3	1	K	10	r	h
shuf	A	m0293/Carta 106	3	30	K	d	g	f
shuf	A	m0293/Carta 106	3	34	K	26	o	u
shuf	A	m0293/Carta 106	3	28	K	8	i	i
shuf	A	m0293/Carta 106	3	29	K	14	n	n
shuf	A	m0293/Carta 106	3	3	K	26	v	v
shuf	A	m0293/Carta 106	3	2	K	8	i	j
shuf	A	m0293/Carta 106	3	6	K	7	e	d
shuf	A	m0293/Carta 106	3	0	K	y	a	a
shuf	A	m0293/Carta 106	3	49	K	4	s	e
shuf	A	m0293/Carta 106	3	32	K	12	r	r
shuf	A	m0293/Carta 106	3	19	K	2	d	d
shuf	A	m0293/Carta 106	3	44	K	14	n	a
shuf	A	m0293/Carta 106	3	4	K	22	i	q
shuf	A	m0293/Carta 106	3	33	K	15	o	o
shuf	A	m0293/Carta 106	3	20	K	15	o	o
real	A	m0290/Passage 2a	6	7	U	26	u	r
real	A	m0290/Passage 2a	6	35	K	2	d	d
real	A	m0290/Passage 2a	6	19	K	4	s	s
real	A	m0290/Passage 2a	6	13	K	7	e	e
real	A	m0290/Passage 2a	6	34	K	y	a	a
real	A	m0290/Passage 2a	6	23	K	14	n	a
real	A	m0290/Passage 2a	6	14	K	12	r	r
real	A	m0290/Passage 2a	6	32	K	15	o	o
real	A	m0290/Passage 2a	6	27	K	a	t	t
real	A	m0290/Passage 2a	6	12	K	x	d	d
real	A	m0290/Passage 2a	6	33	K	12	r	r
real	A	m0290/Passage 2a	6	47	K	8	i	i
real	A	m0290/Passage 2a	6	18	K	19	e	e
real	A	m0290/Passage 2a	6	6	K	24	e	e
real	A	m0290/Passage 2a	6	38	K	26	u	u
real	A	m0290/Passage 2a	6	11	K	15	o	o
real	A	m0290/Passage 2a	6	4	K	d	o	o
real	A	m0290/Passage 2a	6	37	K	4	m	s
shuf	A	m0290/Passage 2a	6	7	U	26	u	r
shuf	A	m0290/Passage 2a	6	35	K	2	d	e
shuf	A	m0290/Passage 2a	6	19	K	4	s	s
shuf	A	m0290/Passage 2a	6	13	K	7	e	e
shuf	A	m0290/Passage 2a	6	34	K	y	a	a
shuf	A	m0290/Passage 2a	6	23	K	14	n	o
shuf	A	m0290/Passage 2a	6	14	K	12	r	r
shuf	A	m0290/Passage 2a	6	32	K	15	o	o
shuf	A	m0290/Passage 2a	6	27	K	a	t	i
shuf	A	m0290/Passage 2a	6	12	K	x	d	d
shuf	A	m0290/Passage 2a	6	33	K	12	r	r
shuf	A	m0290/Passage 2a	6	47	K	8	i	i
shuf	A	m0290/Passage 2a	6	18	K	19	e	e
shuf	A	m0290/Passage 2a	6	6	K	24	e	e
shuf	A	m0290/Passage 2a	6	38	K	26	u	u
shuf	A	m0290/Passage 2a	6	11	K	15	o	o
shuf	A	m0290/Passage 2a	6	4	K	d	o	o
shuf	A	m0290/Passage 2a	6	37	K	4	m	o
real	A	m0288/Carta 85	7	3	U	17	a	o
real	A	m0288/Carta 85	7	44	K	8	i	i
real	A	m0288/Carta 85	7	40	K	2	d	d
real	A	m0288/Carta 85	7	8	K	19	e	e
real	A	m0288/Carta 85	7	6	K	23	a	e
real	A	m0288/Carta 85	7	48	K	14	n	n
real	A	m0288/Carta 85	7	49	K	2	d	e
real	A	m0288/Carta 85	7	37	K	17	a	a
real	A	m0288/Carta 85	7	45	K	4	a	q
real	A	m0288/Carta 85	7	39	K	23	a	a
real	A	m0288/Carta 85	7	42	K	2	d	d
real	A	m0288/Carta 85	7	36	K	12	r	r
real	A	m0288/Carta 85	7	2	K	5	c	c
real	A	m0288/Carta 85	7	34	K	15	o	o
real	A	m0288/Carta 85	7	43	K	19	a	e
real	A	m0288/Carta 85	7	35	K	3	t	t
real	A	m0288/Carta 85	7	0	K	17	a	a
real	A	m0288/Carta 85	7	7	K	12	r	r
shuf	A	m0288/Carta 85	7	3	U	17	a	c
shuf	A	m0288/Carta 85	7	44	K	8	i	i
shuf	A	m0288/Carta 85	7	40	K	2	d	e
shuf	A	m0288/Carta 85	7	8	K	19	e	e
shuf	A	m0288/Carta 85	7	6	K	23	a	a
shuf	A	m0288/Carta 85	7	48	K	14	n	n
shuf	A	m0288/Carta 85	7	49	K	2	d	d
shuf	A	m0288/Carta 85	7	37	K	17	a	a
shuf	A	m0288/Carta 85	7	45	K	4	a	s
shuf	A	m0288/Carta 85	7	39	K	23	a	a
shuf	A	m0288/Carta 85	7	42	K	2	d	d
shuf	A	m0288/Carta 85	7	36	K	12	r	r
shuf	A	m0288/Carta 85	7	2	K	5	c	c
shuf	A	m0288/Carta 85	7	34	K	15	o	o
shuf	A	m0288/Carta 85	7	43	K	19	a	e
shuf	A	m0288/Carta 85	7	35	K	3	t	t
shuf	A	m0288/Carta 85	7	0	K	17	a	a
shuf	A	m0288/Carta 85	7	7	K	12	r	r
real	A	m0291/Carta 96	1	15	U	16	f	o
real	A	m0291/Carta 96	1	49	K	12	r	r
real	A	m0291/Carta 96	1	11	K	18	m	m
real	A	m0291/Carta 96	1	48	K	8	i	i
real	A	m0291/Carta 96	1	33	K	21	b	p
real	A	m0291/Carta 96	1	12	K	13	q	t
real	A	m0291/Carta 96	1	9	K	5	c	c
real	A	m0291/Carta 96	1	47	K	7	e	e
real	A	m0291/Carta 96	1	4	K	e	g	g
real	A	m0291/Carta 96	1	6	K	4	s	s
real	A	m0291/Carta 96	1	36	K	2	e	e
real	A	m0291/Carta 96	1	10	K	15	o	o
real	A	m0291/Carta 96	1	5	K	15	o	o
real	A	m0291/Carta 96	1	29	K	15	o	o
real	A	m0291/Carta 96	1	16	K	8	i	i
real	A	m0291/Carta 96	1	39	K	15	o	o
real	A	m0291/Carta 96	1	17	K	5	c	c
real	A	m0291/Carta 96	1	42	K	f	e	e
shuf	A	m0291/Carta 96	1	15	U	16	f	d
shuf	A	m0291/Carta 96	1	49	K	12	r	r
shuf	A	m0291/Carta 96	1	11	K	18	m	m
shuf	A	m0291/Carta 96	1	48	K	8	i	i
shuf	A	m0291/Carta 96	1	33	K	21	b	a
shuf	A	m0291/Carta 96	1	12	K	13	q	p
shuf	A	m0291/Carta 96	1	9	K	5	c	c
shuf	A	m0291/Carta 96	1	47	K	7	e	e
shuf	A	m0291/Carta 96	1	4	K	e	g	p
shuf	A	m0291/Carta 96	1	6	K	4	s	s
shuf	A	m0291/Carta 96	1	36	K	2	e	e
shuf	A	m0291/Carta 96	1	10	K	15	o	o
shuf	A	m0291/Carta 96	1	5	K	15	o	o
shuf	A	m0291/Carta 96	1	29	K	15	o	o
shuf	A	m0291/Carta 96	1	16	K	8	i	i
shuf	A	m0291/Carta 96	1	39	K	15	o	o
shuf	A	m0291/Carta 96	1	17	K	5	c	c
shuf	A	m0291/Carta 96	1	42	K	f	e	f
real	A	m0294/Carta 110	2	31	U	18	m	a
real	A	m0294/Carta 110	2	1	K	19	e	e
real	A	m0294/Carta 110	2	26	K	7	e	e
real	A	m0294/Carta 110	2	28	K	7	e	e
real	A	m0294/Carta 110	2	12	K	12	r	r
real	A	m0294/Carta 110	2	18	K	x	d	u
real	A	m0294/Carta 110	2	6	K	17	a	a
real	A	m0294/Carta 110	2	8	K	15	o	o
real	A	m0294/Carta 110	2	29	K	18	m	m
real	A	m0294/Carta 110	2	27	K	2	d	d
real	A	m0294/Carta 110	2	14	K	4	s	s
real	A	m0294/Carta 110	2	4	K	20	l	o
real	A	m0294/Carta 110	2	23	K	16	f	i
real	A	m0294/Carta 110	2	21	K	18	m	m
real	A	m0294/Carta 110	2	15	K	55	p	p
real	A	m0294/Carta 110	2	5	K	10	h	r
real	A	m0294/Carta 110	2	25	K	e	g	d
real	A	m0294/Carta 110	2	49	K	26	u	u
shuf	A	m0294/Carta 110	2	31	U	18	m	s
shuf	A	m0294/Carta 110	2	1	K	19	e	e
shuf	A	m0294/Carta 110	2	26	K	7	e	r
shuf	A	m0294/Carta 110	2	28	K	7	e	e
shuf	A	m0294/Carta 110	2	12	K	12	r	r
shuf	A	m0294/Carta 110	2	18	K	x	d	i
shuf	A	m0294/Carta 110	2	6	K	17	a	a
shuf	A	m0294/Carta 110	2	8	K	15	o	o
shuf	A	m0294/Carta 110	2	29	K	18	m	m
shuf	A	m0294/Carta 110	2	27	K	2	d	d
shuf	A	m0294/Carta 110	2	14	K	4	s	i
shuf	A	m0294/Carta 110	2	4	K	20	l	l
shuf	A	m0294/Carta 110	2	23	K	16	f	a
shuf	A	m0294/Carta 110	2	21	K	18	m	o
shuf	A	m0294/Carta 110	2	15	K	55	p	o
shuf	A	m0294/Carta 110	2	5	K	10	h	l
shuf	A	m0294/Carta 110	2	25	K	e	g	e
shuf	A	m0294/Carta 110	2	49	K	26	u	m
real	A	m0282/Carta 61	44	47	U	17	a	a
real	A	m0282/Carta 61	44	43	K	8	j	i
real	A	m0282/Carta 61	44	19	K	5	c	c
real	A	m0282/Carta 61	44	31	K	25	o	o
real	A	m0282/Carta 61	44	27	K	17	a	a
real	A	m0282/Carta 61	44	17	K	10	h	h
real	A	m0282/Carta 61	44	28	K	5	c	c
real	A	m0282/Carta 61	44	26	K	3	t	t
real	A	m0282/Carta 61	44	41	K	4	s	s
real	A	m0282/Carta 61	44	44	K	26	u	u
real	A	m0282/Carta 61	44	14	K	26	v	m
real	A	m0282/Carta 61	44	49	K	15	o	o
real	A	m0282/Carta 61	44	16	K	20	l	l
real	A	m0282/Carta 61	44	20	K	15	o	o
real	A	m0282/Carta 61	44	15	K	7	e	e
real	A	m0282/Carta 61	44	18	K	17	a	a
real	A	m0282/Carta 61	44	29	K	23	a	a
real	A	m0282/Carta 61	44	30	K	2	d	d
shuf	A	m0282/Carta 61	44	47	U	17	a	s
shuf	A	m0282/Carta 61	44	43	K	8	j	j
shuf	A	m0282/Carta 61	44	19	K	5	c	c
shuf	A	m0282/Carta 61	44	31	K	25	o	o
shuf	A	m0282/Carta 61	44	27	K	17	a	a
shuf	A	m0282/Carta 61	44	17	K	10	h	l
shuf	A	m0282/Carta 61	44	28	K	5	c	c
shuf	A	m0282/Carta 61	44	26	K	3	t	t
shuf	A	m0282/Carta 61	44	41	K	4	s	s
shuf	A	m0282/Carta 61	44	44	K	26	u	u
shuf	A	m0282/Carta 61	44	14	K	26	v	u
shuf	A	m0282/Carta 61	44	49	K	15	o	o
shuf	A	m0282/Carta 61	44	16	K	20	l	l
shuf	A	m0282/Carta 61	44	20	K	15	o	o
shuf	A	m0282/Carta 61	44	15	K	7	e	e
shuf	A	m0282/Carta 61	44	18	K	17	a	a
shuf	A	m0282/Carta 61	44	29	K	23	a	a
shuf	A	m0282/Carta 61	44	30	K	2	d	d
real	A	m0286/Carta 74	4	24	U	15	c	i
real	A	m0286/Carta 74	4	18	K	15	o	o
real	A	m0286/Carta 74	4	10	K	d	o	e
real	A	m0286/Carta 74	4	20	K	3	t	t
real	A	m0286/Carta 74	4	7	K	12	r	r
real	A	m0286/Carta 74	4	22	K	y	a	a
real	A	m0286/Carta 74	4	44	K	24	h	e
real	A	m0286/Carta 74	4	8	K	a	t	t
real	A	m0286/Carta 74	4	35	K	7	e	e
real	A	m0286/Carta 74	4	5	K	15	p	c
real	A	m0286/Carta 74	4	1	K	d	o	y
real	A	m0286/Carta 74	4	17	K	55	p	p
real	A	m0286/Carta 74	4	30	K	18	s	o
real	A	m0286/Carta 74	4	48	K	4	s	s
real	A	m0286/Carta 74	4	27	K	f	r	s
real	A	m0286/Carta 74	4	13	K	20	l	o
real	A	m0286/Carta 74	4	11	K	m	n	n
real	A	m0286/Carta 74	4	26	K	17	a	a
shuf	A	m0286/Carta 74	4	24	U	15	c	a
shuf	A	m0286/Carta 74	4	18	K	15	o	o
shuf	A	m0286/Carta 74	4	10	K	d	o	e
shuf	A	m0286/Carta 74	4	20	K	3	t	t
shuf	A	m0286/Carta 74	4	7	K	12	r	r
shuf	A	m0286/Carta 74	4	22	K	y	a	a
shuf	A	m0286/Carta 74	4	44	K	24	h	e
shuf	A	m0286/Carta 74	4	8	K	a	t	t
shuf	A	m0286/Carta 74	4	35	K	7	e	e
shuf	A	m0286/Carta 74	4	5	K	15	p	o
shuf	A	m0286/Carta 74	4	1	K	d	o	f
shuf	A	m0286/Carta 74	4	17	K	55	p	e
shuf	A	m0286/Carta 74	4	30	K	18	s	o
shuf	A	m0286/Carta 74	4	48	K	4	s	s
shuf	A	m0286/Carta 74	4	27	K	f	r	s
shuf	A	m0286/Carta 74	4	13	K	20	l	d
shuf	A	m0286/Carta 74	4	11	K	m	n	n
shuf	A	m0286/Carta 74	4	26	K	17	a	a
real	A	m0281/Carta 15	1	25	U	7	r	r
real	A	m0281/Carta 15	1	27	K	7	e	e
real	A	m0281/Carta 15	1	8	K	y	a	a
real	A	m0281/Carta 15	1	24	K	15	o	o
real	A	m0281/Carta 15	1	21	K	6	p	c
real	A	m0281/Carta 15	1	26	K	y	a	a
real	A	m0281/Carta 15	1	12	K	10	h	h
real	A	m0281/Carta 15	1	4	K	a	t	t
real	A	m0281/Carta 15	1	5	K	13	q	r
real	A	m0281/Carta 15	1	11	K	m	n	n
real	A	m0281/Carta 15	1	23	K	15	o	o
real	A	m0281/Carta 15	1	22	K	7	r	e
real	A	m0281/Carta 15	1	31	K	8	i	i
real	A	m0281/Carta 15	1	1	K	18	m	m
real	A	m0281/Carta 15	1	30	K	7	e	r
real	A	m0281/Carta 15	1	9	K	y	a	a
real	A	m0281/Carta 15	1	49	K	6	p	c
real	A	m0281/Carta 15	1	6	K	c	u	a
shuf	A	m0281/Carta 15	1	25	U	7	r	m
shuf	A	m0281/Carta 15	1	27	K	7	e	r
shuf	A	m0281/Carta 15	1	8	K	y	a	c
shuf	A	m0281/Carta 15	1	24	K	15	o	o
shuf	A	m0281/Carta 15	1	21	K	6	p	t
shuf	A	m0281/Carta 15	1	26	K	y	a	a
shuf	A	m0281/Carta 15	1	12	K	10	h	o
shuf	A	m0281/Carta 15	1	4	K	a	t	t
shuf	A	m0281/Carta 15	1	5	K	13	q	i
shuf	A	m0281/Carta 15	1	11	K	m	n	p
shuf	A	m0281/Carta 15	1	23	K	15	o	c
shuf	A	m0281/Carta 15	1	22	K	7	r	e
shuf	A	m0281/Carta 15	1	31	K	8	i	i
shuf	A	m0281/Carta 15	1	1	K	18	m	m
shuf	A	m0281/Carta 15	1	30	K	7	e	e
shuf	A	m0281/Carta 15	1	9	K	y	a	a
shuf	A	m0281/Carta 15	1	49	K	6	p	c
shuf	A	m0281/Carta 15	1	6	K	c	u	g
real	A	m0294/Carta 110	0	20	U	x	d	t
real	A	m0294/Carta 110	0	29	K	2	d	d
real	A	m0294/Carta 110	0	3	K	19	e	e
real	A	m0294/Carta 110	0	19	K	55	n	n
real	A	m0294/Carta 110	0	30	K	7	e	e
real	A	m0294/Carta 110	0	16	K	4	s	s
real	A	m0294/Carta 110	0	1	K	4	s	s
real	A	m0294/Carta 110	0	2	K	3	t	t
real	A	m0294/Carta 110	0	32	K	8	i	i
real	A	m0294/Carta 110	0	15	K	19	e	e
real	A	m0294/Carta 110	0	22	K	12	r	r
real	A	m0294/Carta 110	0	17	K	55	p	p
real	A	m0294/Carta 110	0	6	K	20	l	o
real	A	m0294/Carta 110	0	0	K	19	e	e
real	A	m0294/Carta 110	0	26	K	15	o	o
real	A	m0294/Carta 110	0	7	K	10	h	r
real	A	m0294/Carta 110	0	21	K	7	e	e
real	A	m0294/Carta 110	0	18	K	15	o	o
shuf	A	m0294/Carta 110	0	20	U	x	d	t
shuf	A	m0294/Carta 110	0	29	K	2	d	d
shuf	A	m0294/Carta 110	0	3	K	19	e	e
shuf	A	m0294/Carta 110	0	19	K	55	n	r
shuf	A	m0294/Carta 110	0	30	K	7	e	e
shuf	A	m0294/Carta 110	0	16	K	4	s	s
shuf	A	m0294/Carta 110	0	1	K	4	s	s
shuf	A	m0294/Carta 110	0	2	K	3	t	t
shuf	A	m0294/Carta 110	0	32	K	8	i	i
shuf	A	m0294/Carta 110	0	15	K	19	e	e
shuf	A	m0294/Carta 110	0	22	K	12	r	q
shuf	A	m0294/Carta 110	0	17	K	55	p	p
shuf	A	m0294/Carta 110	0	6	K	20	l	o
shuf	A	m0294/Carta 110	0	0	K	19	e	e
shuf	A	m0294/Carta 110	0	26	K	15	o	e
shuf	A	m0294/Carta 110	0	7	K	10	h	e
shuf	A	m0294/Carta 110	0	21	K	7	e	e
shuf	A	m0294/Carta 110	0	18	K	15	o	o
real	A	m0288/Carta 85	19	42	U	3	t	t
real	A	m0288/Carta 85	19	38	K	7	e	e
real	A	m0288/Carta 85	19	49	K	2	d	d
real	A	m0288/Carta 85	19	46	K	18	m	m
real	A	m0288/Carta 85	19	28	K	2	d	d
real	A	m0288/Carta 85	19	24	K	12	r	r
real	A	m0288/Carta 85	19	29	K	15	o	o
real	A	m0288/Carta 85	19	27	K	23	a	a
real	A	m0288/Carta 85	19	40	K	17	a	a
real	A	m0288/Carta 85	19	31	K	19	a	e
real	A	m0288/Carta 85	19	23	K	3	t	t
real	A	m0288/Carta 85	19	45	K	15	o	o
real	A	m0288/Carta 85	19	25	K	17	a	a
real	A	m0288/Carta 85	19	22	K	15	o	o
real	A	m0288/Carta 85	19	47	K	26	u	u
real	A	m0288/Carta 85	19	30	K	2	d	d
real	A	m0288/Carta 85	19	43	K	15	o	o
real	A	m0288/Carta 85	19	35	K	19	e	a
shuf	A	m0288/Carta 85	19	42	U	3	t	d
shuf	A	m0288/Carta 85	19	38	K	7	e	l
shuf	A	m0288/Carta 85	19	49	K	2	d	d
shuf	A	m0288/Carta 85	19	46	K	18	m	m
shuf	A	m0288/Carta 85	19	28	K	2	d	d
shuf	A	m0288/Carta 85	19	24	K	12	r	r
shuf	A	m0288/Carta 85	19	29	K	15	o	o
shuf	A	m0288/Carta 85	19	27	K	23	a	a
shuf	A	m0288/Carta 85	19	40	K	17	a	a
shuf	A	m0288/Carta 85	19	31	K	19	a	e
shuf	A	m0288/Carta 85	19	23	K	3	t	t
shuf	A	m0288/Carta 85	19	45	K	15	o	o
shuf	A	m0288/Carta 85	19	25	K	17	a	a
shuf	A	m0288/Carta 85	19	22	K	15	o	o
shuf	A	m0288/Carta 85	19	47	K	26	u	u
shuf	A	m0288/Carta 85	19	30	K	2	d	d
shuf	A	m0288/Carta 85	19	43	K	15	o	o
shuf	A	m0288/Carta 85	19	35	K	19	e	o
real	A	m0291/Passage 3a	8	16	U	8	i	i
real	A	m0291/Passage 3a	8	6	K	17	a	a
real	A	m0291/Passage 3a	8	23	K	14	n	n
real	A	m0291/Passage 3a	8	20	K	7	e	q
real	A	m0291/Passage 3a	8	5	K	18	r	r
real	A	m0291/Passage 3a	8	7	K	x	d	d
real	A	m0291/Passage 3a	8	15	K	5	c	c
real	A	m0291/Passage 3a	8	32	K	f	s	s
real	A	m0291/Passage 3a	8	4	K	a	t	t
real	A	m0291/Passage 3a	8	30	K	12	r	r
real	A	m0291/Passage 3a	8	31	K	7	e	e
real	A	m0291/Passage 3a	8	1	K	4	s	s
real	A	m0291/Passage 3a	8	33	K	5	c	s
real	A	m0291/Passage 3a	8	45	K	26	v	o
real	A	m0291/Passage 3a	8	25	K	26	v	v
real	A	m0291/Passage 3a	8	9	K	2	d	d
real	A	m0291/Passage 3a	8	43	K	12	r	r
real	A	m0291/Passage 3a	8	8	K	23	a	a
shuf	A	m0291/Passage 3a	8	16	U	8	i	m
shuf	A	m0291/Passage 3a	8	6	K	17	a	a
shuf	A	m0291/Passage 3a	8	23	K	14	n	m
shuf	A	m0291/Passage 3a	8	20	K	7	e	r
shuf	A	m0291/Passage 3a	8	5	K	18	r	o
shuf	A	m0291/Passage 3a	8	7	K	x	d	d
shuf	A	m0291/Passage 3a	8	15	K	5	c	o
shuf	A	m0291/Passage 3a	8	32	K	f	s	s
shuf	A	m0291/Passage 3a	8	4	K	a	t	t
shuf	A	m0291/Passage 3a	8	30	K	12	r	t
shuf	A	m0291/Passage 3a	8	31	K	7	e	e
shuf	A	m0291/Passage 3a	8	1	K	4	s	s
shuf	A	m0291/Passage 3a	8	33	K	5	c	e
shuf	A	m0291/Passage 3a	8	45	K	26	v	o
shuf	A	m0291/Passage 3a	8	25	K	26	v	i
shuf	A	m0291/Passage 3a	8	9	K	2	d	d
shuf	A	m0291/Passage 3a	8	43	K	12	r	r
shuf	A	m0291/Passage 3a	8	8	K	23	a	e
real	A	m0286/Carta 74	27	27	U	y	e	i
real	A	m0286/Carta 74	27	8	K	23	d	e
real	A	m0286/Carta 74	27	9	K	24	e	e
real	A	m0286/Carta 74	27	1	K	15	c	o
real	A	m0286/Carta 74	27	13	K	f	s	s
real	A	m0286/Carta 74	27	34	K	18	m	m
real	A	m0286/Carta 74	27	40	K	15	o	b
real	A	m0286/Carta 74	27	29	K	d	o	o
real	A	m0286/Carta 74	27	33	K	7	u	e
real	A	m0286/Carta 74	27	42	K	3	t	t
real	A	m0286/Carta 74	27	45	K	d	o	a
real	A	m0286/Carta 74	27	47	K	5	c	c
real	A	m0286/Carta 74	27	2	K	5	c	c
real	A	m0286/Carta 74	27	31	K	y	a	a
real	A	m0286/Carta 74	27	25	K	4	s	s
real	A	m0286/Carta 74	27	21	K	24	h	e
real	A	m0286/Carta 74	27	3	K	17	a	a
real	A	m0286/Carta 74	27	22	K	f	a	s
shuf	A	m0286/Carta 74	27	27	U	y	e	b
shuf	A	m0286/Carta 74	27	8	K	23	d	a
shuf	A	m0286/Carta 74	27	9	K	24	e	e
shuf	A	m0286/Carta 74	27	1	K	15	c	o
shuf	A	m0286/Carta 74	27	13	K	f	s	r
shuf	A	m0286/Carta 74	27	34	K	18	m	m
shuf	A	m0286/Carta 74	27	40	K	15	o	o
shuf	A	m0286/Carta 74	27	29	K	d	o	e
shuf	A	m0286/Carta 74	27	33	K	7	u	e
shuf	A	m0286/Carta 74	27	42	K	3	t	e
shuf	A	m0286/Carta 74	27	45	K	d	o	n
shuf	A	m0286/Carta 74	27	47	K	5	c	o
shuf	A	m0286/Carta 74	27	2	K	5	c	c
shuf	A	m0286/Carta 74	27	31	K	y	a	a
shuf	A	m0286/Carta 74	27	25	K	4	s	s
shuf	A	m0286/Carta 74	27	21	K	24	h	a
shuf	A	m0286/Carta 74	27	3	K	17	a	a
shuf	A	m0286/Carta 74	27	22	K	f	a	s
real	A	m0291/Carta 96	1	44	U	15	o	d
real	A	m0291/Carta 96	1	0	K	12	r	r
real	A	m0291/Carta 96	1	7	K	3	t	t
real	A	m0291/Carta 96	1	45	K	c	u	i
real	A	m0291/Carta 96	1	46	K	12	r	r
real	A	m0291/Carta 96	1	31	K	8	i	i
real	A	m0291/Carta 96	1	38	K	y	a	e
real	A	m0291/Carta 96	1	33	K	21	b	b
real	A	m0291/Carta 96	1	10	K	15	o	o
real	A	m0291/Carta 96	1	6	K	4	s	s
real	A	m0291/Carta 96	1	48	K	8	i	i
real	A	m0291/Carta 96	1	35	K	20	l	l
real	A	m0291/Carta 96	1	36	K	2	e	q
real	A	m0291/Carta 96	1	11	K	18	m	m
real	A	m0291/Carta 96	1	32	K	y	a	a
real	A	m0291/Carta 96	1	12	K	13	q	e
real	A	m0291/Carta 96	1	40	K	3	t	s
real	A	m0291/Carta 96	1	42	K	f	e	a
shuf	A	m0291/Carta 96	1	44	U	15	o	u
shuf	A	m0291/Carta 96	1	0	K	12	r	r
shuf	A	m0291/Carta 96	1	7	K	3	t	e
shuf	A	m0291/Carta 96	1	45	K	c	u	t
shuf	A	m0291/Carta 96	1	46	K	12	r	r
shuf	A	m0291/Carta 96	1	31	K	8	i	s
shuf	A	m0291/Carta 96	1	38	K	y	a	a
shuf	A	m0291/Carta 96	1	33	K	21	b	b
shuf	A	m0291/Carta 96	1	10	K	15	o	o
shuf	A	m0291/Carta 96	1	6	K	4	s	s
shuf	A	m0291/Carta 96	1	48	K	8	i	i
shuf	A	m0291/Carta 96	1	35	K	20	l	l
shuf	A	m0291/Carta 96	1	36	K	2	e	e
shuf	A	m0291/Carta 96	1	11	K	18	m	m
shuf	A	m0291/Carta 96	1	32	K	y	a	a
shuf	A	m0291/Carta 96	1	12	K	13	q	a
shuf	A	m0291/Carta 96	1	40	K	3	t	t
shuf	A	m0291/Carta 96	1	42	K	f	e	a
real	A	m0287/Carta 79	25	21	U	52	r	t
real	A	m0287/Carta 79	25	19	K	15	o	o
real	A	m0287/Carta 79	25	16	K	3	t	t
real	A	m0287/Carta 79	25	7	K	26	v	i
real	A	m0287/Carta 79	25	12	K	5	c	c
real	A	m0287/Carta 79	25	29	K	4	s	s
real	A	m0287/Carta 79	25	20	K	26	u	u
real	A	m0287/Carta 79	25	10	K	10	h	r
real	A	m0287/Carta 79	25	3	K	19	e	e
real	A	m0287/Carta 79	25	23	K	8	i	i
real	A	m0287/Carta 79	25	15	K	15	o	o
real	A	m0287/Carta 79	25	9	K	20	l	p
real	A	m0287/Carta 79	25	46	K	21	b	b
real	A	m0287/Carta 79	25	31	K	26	u	u
real	A	m0287/Carta 79	25	18	K	f	s	s
real	A	m0287/Carta 79	25	48	K	12	r	r
real	A	m0287/Carta 79	25	41	K	12	r	i
real	A	m0287/Carta 79	25	11	K	17	a	a
shuf	A	m0287/Carta 79	25	21	U	52	r	t
shuf	A	m0287/Carta 79	25	19	K	15	o	o
shuf	A	m0287/Carta 79	25	16	K	3	t	t
shuf	A	m0287/Carta 79	25	7	K	26	v	t
shuf	A	m0287/Carta 79	25	12	K	5	c	r
shuf	A	m0287/Carta 79	25	29	K	4	s	s
shuf	A	m0287/Carta 79	25	20	K	26	u	u
shuf	A	m0287/Carta 79	25	10	K	10	h	h
shuf	A	m0287/Carta 79	25	3	K	19	e	e
shuf	A	m0287/Carta 79	25	23	K	8	i	i
shuf	A	m0287/Carta 79	25	15	K	15	o	o
shuf	A	m0287/Carta 79	25	9	K	20	l	l
shuf	A	m0287/Carta 79	25	46	K	21	b	b
shuf	A	m0287/Carta 79	25	31	K	26	u	u
shuf	A	m0287/Carta 79	25	18	K	f	s	s
shuf	A	m0287/Carta 79	25	48	K	12	r	c
shuf	A	m0287/Carta 79	25	41	K	12	r	r
shuf	A	m0287/Carta 79	25	11	K	17	a	a
real	A	m0288/Passage 2a	10	6	U	10	h	t
real	A	m0288/Passage 2a	10	16	K	17	a	n
real	A	m0288/Passage 2a	10	5	K	5	c	c
real	A	m0288/Passage 2a	10	3	K	16	f	f
real	A	m0288/Passage 2a	10	43	K	19	e	e
real	A	m0288/Passage 2a	10	17	K	3	t	t
real	A	m0288/Passage 2a	10	41	K	17	a	a
real	A	m0288/Passage 2a	10	39	K	15	o	o
real	A	m0288/Passage 2a	10	49	K	16	f	s
real	A	m0288/Passage 2a	10	7	K	17	a	a
real	A	m0288/Passage 2a	10	20	K	17	a	a
real	A	m0288/Passage 2a	10	48	K	17	a	a
real	A	m0288/Passage 2a	10	4	K	7	e	e
real	A	m0288/Passage 2a	10	40	K	55	p	p
real	A	m0288/Passage 2a	10	9	K	15	o	o
real	A	m0288/Passage 2a	10	38	K	14	n	n
real	A	m0288/Passage 2a	10	46	K	2	d	d
real	A	m0288/Passage 2a	10	42	K	55	p	p
shuf	A	m0288/Passage 2a	10	6	U	10	h	h
shuf	A	m0288/Passage 2a	10	16	K	17	a	a
shuf	A	m0288/Passage 2a	10	5	K	5	c	c
shuf	A	m0288/Passage 2a	10	3	K	16	f	f
shuf	A	m0288/Passage 2a	10	43	K	19	e	e
shuf	A	m0288/Passage 2a	10	17	K	3	t	d
shuf	A	m0288/Passage 2a	10	41	K	17	a	a
shuf	A	m0288/Passage 2a	10	39	K	15	o	o
shuf	A	m0288/Passage 2a	10	49	K	16	f	s
shuf	A	m0288/Passage 2a	10	7	K	17	a	a
shuf	A	m0288/Passage 2a	10	20	K	17	a	a
shuf	A	m0288/Passage 2a	10	48	K	17	a	a
shuf	A	m0288/Passage 2a	10	4	K	7	e	e
shuf	A	m0288/Passage 2a	10	40	K	55	p	p
shuf	A	m0288/Passage 2a	10	9	K	15	o	a
shuf	A	m0288/Passage 2a	10	38	K	14	n	e
shuf	A	m0288/Passage 2a	10	46	K	2	d	s
shuf	A	m0288/Passage 2a	10	42	K	55	p	p
real	A	m0293/Carta 106	3	23	U	2	d	d
real	A	m0293/Carta 106	3	36	K	4	s	s
real	A	m0293/Carta 106	3	41	K	4	s	s
real	A	m0293/Carta 106	3	46	K	8	i	i
real	A	m0293/Carta 106	3	21	K	55	o	p
real	A	m0293/Carta 106	3	35	K	55	k	o
real	A	m0293/Carta 106	3	7	K	12	r	r
real	A	m0293/Carta 106	3	28	K	8	i	i
real	A	m0293/Carta 106	3	26	K	15	u	o
real	A	m0293/Carta 106	3	34	K	26	o	d
real	A	m0293/Carta 106	3	38	K	52	r	r
real	A	m0293/Carta 106	3	19	K	2	d	d
real	A	m0293/Carta 106	3	22	K	2	e	o
real	A	m0293/Carta 106	3	49	K	4	s	s
real	A	m0293/Carta 106	3	47	K	2	d	d
real	A	m0293/Carta 106	3	30	K	d	g	o
real	A	m0293/Carta 106	3	20	K	15	o	o
real	A	m0293/Carta 106	3	25	K	21	b	b
shuf	A	m0293/Carta 106	3	23	U	2	d	d
shuf	A	m0293/Carta 106	3	36	K	4	s	s
shuf	A	m0293/Carta 106	3	41	K	4	s	s
shuf	A	m0293/Carta 106	3	46	K	8	i	s
shuf	A	m0293/Carta 106	3	21	K	55	o	p
shuf	A	m0293/Carta 106	3	35	K	55	k	b
shuf	A	m0293/Carta 106	3	7	K	12	r	o
shuf	A	m0293/Carta 106	3	28	K	8	i	i
shuf	A	m0293/Carta 106	3	26	K	15	u	o
shuf	A	m0293/Carta 106	3	34	K	26	o	u
shuf	A	m0293/Carta 106	3	38	K	52	r	c
shuf	A	m0293/Carta 106	3	19	K	2	d	d
shuf	A	m0293/Carta 106	3	22	K	2	e	o
shuf	A	m0293/Carta 106	3	49	K	4	s	s
shuf	A	m0293/Carta 106	3	47	K	2	d	e
shuf	A	m0293/Carta 106	3	30	K	d	g	p
shuf	A	m0293/Carta 106	3	20	K	15	o	o
shuf	A	m0293/Carta 106	3	25	K	21	b	b
real	A	m0282/Carta 58	2	23	U	12	r	r
real	A	m0282/Carta 58	2	24	K	m	n	t
real	A	m0282/Carta 58	2	49	K	17	a	a
real	A	m0282/Carta 58	2	29	K	55	p	p
real	A	m0282/Carta 58	2	46	K	5	c	r
real	A	m0282/Carta 58	2	31	K	4	s	s
real	A	m0282/Carta 58	2	34	K	4	s	s
real	A	m0282/Carta 58	2	47	K	15	o	o
real	A	m0282/Carta 58	2	43	K	21	b	b
real	A	m0282/Carta 58	2	12	K	c	g	v
real	A	m0282/Carta 58	2	32	K	15	o	o
real	A	m0282/Carta 58	2	33	K	17	a	a
real	A	m0282/Carta 58	2	16	K	8	i	i
real	A	m0282/Carta 58	2	3	K	15	o	o
real	A	m0282/Carta 58	2	17	K	17	a	a
real	A	m0282/Carta 58	2	21	K	21	b	p
real	A	m0282/Carta 58	2	15	K	5	c	c
real	A	m0282/Carta 58	2	1	K	15	o	o
shuf	A	m0282/Carta 58	2	23	U	12	r	o
shuf	A	m0282/Carta 58	2	24	K	m	n	n
shuf	A	m0282/Carta 58	2	49	K	17	a	a
shuf	A	m0282/Carta 58	2	29	K	55	p	e
shuf	A	m0282/Carta 58	2	46	K	5	c	k
shuf	A	m0282/Carta 58	2	31	K	4	s	d
shuf	A	m0282/Carta 58	2	34	K	4	s	s
shuf	A	m0282/Carta 58	2	47	K	15	o	c
shuf	A	m0282/Carta 58	2	43	K	21	b	l
shuf	A	m0282/Carta 58	2	12	K	c	g	u
shuf	A	m0282/Carta 58	2	32	K	15	o	o
shuf	A	m0282/Carta 58	2	33	K	17	a	a
shuf	A	m0282/Carta 58	2	16	K	8	i	i
shuf	A	m0282/Carta 58	2	3	K	15	o	u
shuf	A	m0282/Carta 58	2	17	K	17	a	a
shuf	A	m0282/Carta 58	2	21	K	21	b	i
shuf	A	m0282/Carta 58	2	15	K	5	c	c
shuf	A	m0282/Carta 58	2	1	K	15	o	o
real	A	m0293/Carta 106	3	46	U	8	i	e
real	A	m0293/Carta 106	3	40	K	15	o	o
real	A	m0293/Carta 106	3	7	K	12	r	r
real	A	m0293/Carta 106	3	31	K	21	b	b
real	A	m0293/Carta 106	3	45	K	2	d	d
real	A	m0293/Carta 106	3	47	K	2	d	d
real	A	m0293/Carta 106	3	49	K	4	s	s
real	A	m0293/Carta 106	3	22	K	2	e	o
real	A	m0293/Carta 106	3	25	K	21	b	b
real	A	m0293/Carta 106	3	48	K	15	o	o
real	A	m0293/Carta 106	3	32	K	12	r	r
real	A	m0293/Carta 106	3	44	K	14	n	a
real	A	m0293/Carta 106	3	19	K	2	d	d
real	A	m0293/Carta 106	3	2	K	8	i	i
real	A	m0293/Carta 106	3	37	K	7	e	e
real	A	m0293/Carta 106	3	35	K	55	k	e
real	A	m0293/Carta 106	3	39	K	18	m	m
real	A	m0293/Carta 106	3	6	K	7	e	e
shuf	A	m0293/Carta 106	3	46	U	8	i	i
shuf	A	m0293/Carta 106	3	40	K	15	o	o
shuf	A	m0293/Carta 106	3	7	K	12	r	s
shuf	A	m0293/Carta 106	3	31	K	21	b	a
shuf	A	m0293/Carta 106	3	45	K	2	d	d
shuf	A	m0293/Carta 106	3	47	K	2	d	d
shuf	A	m0293/Carta 106	3	49	K	4	s	s
shuf	A	m0293/Carta 106	3	22	K	2	e	d
shuf	A	m0293/Carta 106	3	25	K	21	b	f
shuf	A	m0293/Carta 106	3	48	K	15	o	o
shuf	A	m0293/Carta 106	3	32	K	12	r	o
shuf	A	m0293/Carta 106	3	44	K	14	n	n
shuf	A	m0293/Carta 106	3	19	K	2	d	r
shuf	A	m0293/Carta 106	3	2	K	8	i	i
shuf	A	m0293/Carta 106	3	37	K	7	e	e
shuf	A	m0293/Carta 106	3	35	K	55	k	o
shuf	A	m0293/Carta 106	3	39	K	18	m	m
shuf	A	m0293/Carta 106	3	6	K	7	e	e
real	A	m0294/Carta 110	3	16	U	55	n	n
real	A	m0294/Carta 110	3	8	K	55	n	p
real	A	m0294/Carta 110	3	15	K	15	o	o
real	A	m0294/Carta 110	3	21	K	7	e	e
real	A	m0294/Carta 110	3	23	K	15	o	o
real	A	m0294/Carta 110	3	47	K	4	s	s
real	A	m0294/Carta 110	3	28	K	18	m	m
real	A	m0294/Carta 110	3	5	K	17	a	a
real	A	m0294/Carta 110	3	1	K	26	v	u
real	A	m0294/Carta 110	3	13	K	4	s	s
real	A	m0294/Carta 110	3	0	K	19	e	e
real	A	m0294/Carta 110	3	24	K	e	g	i
real	A	m0294/Carta 110	3	7	K	15	o	o
real	A	m0294/Carta 110	3	25	K	7	e	e
real	A	m0294/Carta 110	3	6	K	5	c	c
real	A	m0294/Carta 110	3	2	K	24	e	e
real	A	m0294/Carta 110	3	49	K	y	a	a
real	A	m0294/Carta 110	3	11	K	12	r	r
shuf	A	m0294/Carta 110	3	16	U	55	n	s
shuf	A	m0294/Carta 110	3	8	K	55	n	p
shuf	A	m0294/Carta 110	3	15	K	15	o	o
shuf	A	m0294/Carta 110	3	21	K	7	e	e
shuf	A	m0294/Carta 110	3	23	K	15	o	o
shuf	A	m0294/Carta 110	3	47	K	4	s	a
shuf	A	m0294/Carta 110	3	28	K	18	m	l
shuf	A	m0294/Carta 110	3	5	K	17	a	a
shuf	A	m0294/Carta 110	3	1	K	26	v	u
shuf	A	m0294/Carta 110	3	13	K	4	s	s
shuf	A	m0294/Carta 110	3	0	K	19	e	e
shuf	A	m0294/Carta 110	3	24	K	e	g	d
shuf	A	m0294/Carta 110	3	7	K	15	o	o
shuf	A	m0294/Carta 110	3	25	K	7	e	e
shuf	A	m0294/Carta 110	3	6	K	5	c	c
shuf	A	m0294/Carta 110	3	2	K	24	e	e
shuf	A	m0294/Carta 110	3	49	K	y	a	a
shuf	A	m0294/Carta 110	3	11	K	12	r	r
real	A	m0291/Passage 3a	1	13	U	17	a	i
real	A	m0291/Passage 3a	1	39	K	f	s	s
real	A	m0291/Passage 3a	1	10	K	m	n	n
real	A	m0291/Passage 3a	1	18	K	55	p	p
real	A	m0291/Passage 3a	1	36	K	d	o	o
real	A	m0291/Passage 3a	1	8	K	4	s	o
real	A	m0291/Passage 3a	1	20	K	22	i	i
real	A	m0291/Passage 3a	1	4	K	m	w	n
real	A	m0291/Passage 3a	1	3	K	f	s	e
real	A	m0291/Passage 3a	1	16	K	2	d	d
real	A	m0291/Passage 3a	1	37	K	12	r	r
real	A	m0291/Passage 3a	1	44	K	y	a	a
real	A	m0291/Passage 3a	1	38	K	7	e	e
real	A	m0291/Passage 3a	1	17	K	15	o	o
real	A	m0291/Passage 3a	1	45	K	11	p	p
real	A	m0291/Passage 3a	1	32	K	26	v	v
real	A	m0291/Passage 3a	1	2	K	15	o	g
real	A	m0291/Passage 3a	1	30	K	14	n	n
shuf	A	m0291/Passage 3a	1	13	U	17	a	f
shuf	A	m0291/Passage 3a	1	39	K	f	s	a
shuf	A	m0291/Passage 3a	1	10	K	m	n	p
shuf	A	m0291/Passage 3a	1	18	K	55	p	n
shuf	A	m0291/Passage 3a	1	36	K	d	o	o
shuf	A	m0291/Passage 3a	1	8	K	4	s	a
shuf	A	m0291/Passage 3a	1	20	K	22	i	i
shuf	A	m0291/Passage 3a	1	4	K	m	w	n
shuf	A	m0291/Passage 3a	1	3	K	f	s	s
shuf	A	m0291/Passage 3a	1	16	K	2	d	h
shuf	A	m0291/Passage 3a	1	37	K	12	r	r
shuf	A	m0291/Passage 3a	1	44	K	y	a	a
shuf	A	m0291/Passage 3a	1	38	K	7	e	e
shuf	A	m0291/Passage 3a	1	17	K	15	o	o
shuf	A	m0291/Passage 3a	1	45	K	11	p	s
shuf	A	m0291/Passage 3a	1	32	K	26	v	s
shuf	A	m0291/Passage 3a	1	2	K	15	o	o
shuf	A	m0291/Passage 3a	1	30	K	14	n	n
real	A	m0291/Carta 96	0	42	U	2	h	i
real	A	m0291/Carta 96	0	47	K	12	r	r
real	A	m0291/Carta 96	0	1	K	12	r	h
real	A	m0291/Carta 96	0	41	K	3	t	t
real	A	m0291/Carta 96	0	17	K	8	i	i
real	A	m0291/Carta 96	0	38	K	c	v	a
real	A	m0291/Carta 96	0	9	K	25	o	o
real	A	m0291/Carta 96	0	35	K	25	o	o
real	A	m0291/Carta 96	0	30	K	15	o	o
real	A	m0291/Carta 96	0	40	K	15	o	o
real	A	m0291/Carta 96	0	31	K	2	d	d
real	A	m0291/Carta 96	0	44	K	f	s	s
real	A	m0291/Carta 96	0	49	K	8	i	i
real	A	m0291/Carta 96	0	46	K	c	u	u
real	A	m0291/Carta 96	0	16	K	16	f	l
real	A	m0291/Carta 96	0	10	K	5	c	c
real	A	m0291/Carta 96	0	5	K	e	g	g
real	A	m0291/Carta 96	0	8	K	3	t	t
shuf	A	m0291/Carta 96	0	42	U	2	h	r
shuf	A	m0291/Carta 96	0	47	K	12	r	e
shuf	A	m0291/Carta 96	0	1	K	12	r	r
shuf	A	m0291/Carta 96	0	41	K	3	t	t
shuf	A	m0291/Carta 96	0	17	K	8	i	i
shuf	A	m0291/Carta 96	0	38	K	c	v	g
shuf	A	m0291/Carta 96	0	9	K	25	o	i
shuf	A	m0291/Carta 96	0	35	K	25	o	o
shuf	A	m0291/Carta 96	0	30	K	15	o	o
shuf	A	m0291/Carta 96	0	40	K	15	o	a
shuf	A	m0291/Carta 96	0	31	K	2	d	o
shuf	A	m0291/Carta 96	0	44	K	f	s	s
shuf	A	m0291/Carta 96	0	49	K	8	i	i
shuf	A	m0291/Carta 96	0	46	K	c	u	u
shuf	A	m0291/Carta 96	0	16	K	16	f	f
shuf	A	m0291/Carta 96	0	10	K	5	c	c
shuf	A	m0291/Carta 96	0	5	K	e	g	p
shuf	A	m0291/Carta 96	0	8	K	3	t	t
real	A	m0287/Carta 79	18	31	U	12	r	t
real	A	m0287/Carta 79	18	36	K	4	s	s
real	A	m0287/Carta 79	18	49	K	17	a	a
real	A	m0287/Carta 79	18	47	K	24	a	e
real	A	m0287/Carta 79	18	4	K	10	l	l
real	A	m0287/Carta 79	18	19	K	5	c	c
real	A	m0287/Carta 79	18	23	K	3	t	t
real	A	m0287/Carta 79	18	5	K	e	g	g
real	A	m0287/Carta 79	18	3	K	y	a	a
real	A	m0287/Carta 79	18	11	K	4	s	s
real	A	m0287/Carta 79	18	10	K	19	e	e
real	A	m0287/Carta 79	18	7	K	18	m	m
real	A	m0287/Carta 79	18	37	K	19	e	e
real	A	m0287/Carta 79	18	12	K	3	t	a
real	A	m0287/Carta 79	18	28	K	52	r	r
real	A	m0287/Carta 79	18	25	K	f	s	s
real	A	m0287/Carta 79	18	2	K	18	o	m
real	A	m0287/Carta 79	18	0	K	f	z	s
shuf	A	m0287/Carta 79	18	31	U	12	r	e
shuf	A	m0287/Carta 79	18	36	K	4	s	s
shuf	A	m0287/Carta 79	18	49	K	17	a	a
shuf	A	m0287/Carta 79	18	47	K	24	a	e
shuf	A	m0287/Carta 79	18	4	K	10	l	r
shuf	A	m0287/Carta 79	18	19	K	5	c	e
shuf	A	m0287/Carta 79	18	23	K	3	t	t
shuf	A	m0287/Carta 79	18	5	K	e	g	g
shuf	A	m0287/Carta 79	18	3	K	y	a	a
shuf	A	m0287/Carta 79	18	11	K	4	s	s
shuf	A	m0287/Carta 79	18	10	K	19	e	e
shuf	A	m0287/Carta 79	18	7	K	18	m	n
shuf	A	m0287/Carta 79	18	37	K	19	e	e
shuf	A	m0287/Carta 79	18	12	K	3	t	t
shuf	A	m0287/Carta 79	18	28	K	52	r	r
shuf	A	m0287/Carta 79	18	25	K	f	s	s
shuf	A	m0287/Carta 79	18	2	K	18	o	m
shuf	A	m0287/Carta 79	18	0	K	f	z	s
real	A	m0285/Carta 72	15	18	U	14	n	r
real	A	m0285/Carta 72	15	28	K	4	s	s
real	A	m0285/Carta 72	15	17	K	y	a	a
real	A	m0285/Carta 72	15	14	K	8	j	i
real	A	m0285/Carta 72	15	27	K	17	e	a
real	A	m0285/Carta 72	15	3	K	c	g	g
real	A	m0285/Carta 72	15	2	K	8	i	i
real	A	m0285/Carta 72	15	5	K	7	e	e
real	A	m0285/Carta 72	15	31	K	5	c	c
real	A	m0285/Carta 72	15	0	K	15	o	o
real	A	m0285/Carta 72	15	34	K	2	d	d
real	A	m0285/Carta 72	15	36	K	x	d	d
real	A	m0285/Carta 72	15	33	K	14	n	n
real	A	m0285/Carta 72	15	38	K	4	s	s
real	A	m0285/Carta 72	15	1	K	18	m	m
real	A	m0285/Carta 72	15	6	K	18	m	m
real	A	m0285/Carta 72	15	4	K	15	o	o
real	A	m0285/Carta 72	15	35	K	8	i	i
shuf	A	m0285/Carta 72	15	18	U	14	n	e
shuf	A	m0285/Carta 72	15	28	K	4	s	s
shuf	A	m0285/Carta 72	15	17	K	y	a	a
shuf	A	m0285/Carta 72	15	14	K	8	j	i
shuf	A	m0285/Carta 72	15	27	K	17	e	a
shuf	A	m0285/Carta 72	15	3	K	c	g	g
shuf	A	m0285/Carta 72	15	2	K	8	i	i
shuf	A	m0285/Carta 72	15	5	K	7	e	e
shuf	A	m0285/Carta 72	15	31	K	5	c	c
shuf	A	m0285/Carta 72	15	0	K	15	o	o
shuf	A	m0285/Carta 72	15	34	K	2	d	d
shuf	A	m0285/Carta 72	15	36	K	x	d	d
shuf	A	m0285/Carta 72	15	33	K	14	n	n
shuf	A	m0285/Carta 72	15	38	K	4	s	s
shuf	A	m0285/Carta 72	15	1	K	18	m	m
shuf	A	m0285/Carta 72	15	6	K	18	m	m
shuf	A	m0285/Carta 72	15	4	K	15	o	o
shuf	A	m0285/Carta 72	15	35	K	8	i	i
real	A	m0293/Carta 106	2	8	U	12	r	t
real	A	m0293/Carta 106	2	4	K	26	v	u
real	A	m0293/Carta 106	2	39	K	52	r	r
real	A	m0293/Carta 106	2	42	K	4	s	s
real	A	m0293/Carta 106	2	20	K	2	d	d
real	A	m0293/Carta 106	2	34	K	15	o	a
real	A	m0293/Carta 106	2	0	K	3	t	t
real	A	m0293/Carta 106	2	29	K	8	i	i
real	A	m0293/Carta 106	2	46	K	2	d	d
real	A	m0293/Carta 106	2	2	K	10	r	h
real	A	m0293/Carta 106	2	1	K	y	a	a
real	A	m0293/Carta 106	2	30	K	14	n	n
real	A	m0293/Carta 106	2	41	K	15	o	o
real	A	m0293/Carta 106	2	45	K	14	n	n
real	A	m0293/Carta 106	2	23	K	2	e	o
real	A	m0293/Carta 106	2	40	K	18	m	m
real	A	m0293/Carta 106	2	44	K	2	e	e
real	A	m0293/Carta 106	2	43	K	26	v	v
shuf	A	m0293/Carta 106	2	8	U	12	r	o
shuf	A	m0293/Carta 106	2	4	K	26	v	u
shuf	A	m0293/Carta 106	2	39	K	52	r	r
shuf	A	m0293/Carta 106	2	42	K	4	s	q
shuf	A	m0293/Carta 106	2	20	K	2	d	d
shuf	A	m0293/Carta 106	2	34	K	15	o	o
shuf	A	m0293/Carta 106	2	0	K	3	t	t
shuf	A	m0293/Carta 106	2	29	K	8	i	i
shuf	A	m0293/Carta 106	2	46	K	2	d	a
shuf	A	m0293/Carta 106	2	2	K	10	r	h
shuf	A	m0293/Carta 106	2	1	K	y	a	a
shuf	A	m0293/Carta 106	2	30	K	14	n	n
shuf	A	m0293/Carta 106	2	41	K	15	o	o
shuf	A	m0293/Carta 106	2	45	K	14	n	n
shuf	A	m0293/Carta 106	2	23	K	2	e	e
shuf	A	m0293/Carta 106	2	40	K	18	m	o
shuf	A	m0293/Carta 106	2	44	K	2	e	e
shuf	A	m0293/Carta 106	2	43	K	26	v	u
real	A	m0288/Passage 2a	12	46	U	17	a	s
real	A	m0288/Passage 2a	12	5	K	17	a	a
real	A	m0288/Passage 2a	12	14	K	17	a	n
real	A	m0288/Passage 2a	12	44	K	2	d	d
real	A	m0288/Passage 2a	12	49	K	12	r	r
real	A	m0288/Passage 2a	12	15	K	3	t	t
real	A	m0288/Passage 2a	12	6	K	2	d	d
real	A	m0288/Passage 2a	12	38	K	55	p	p
real	A	m0288/Passage 2a	12	3	K	5	c	c
real	A	m0288/Passage 2a	12	7	K	15	o	o
real	A	m0288/Passage 2a	12	48	K	15	o	o
real	A	m0288/Passage 2a	12	17	K	2	a	d
real	A	m0288/Passage 2a	12	18	K	17	a	a
real	A	m0288/Passage 2a	12	2	K	7	e	e
real	A	m0288/Passage 2a	12	45	K	7	e	e
real	A	m0288/Passage 2a	12	37	K	15	o	o
real	A	m0288/Passage 2a	12	42	K	20	l	l
real	A	m0288/Passage 2a	12	4	K	10	h	h
shuf	A	m0288/Passage 2a	12	46	U	17	a	q
shuf	A	m0288/Passage 2a	12	5	K	17	a	a
shuf	A	m0288/Passage 2a	12	14	K	17	a	a
shuf	A	m0288/Passage 2a	12	44	K	2	d	e
shuf	A	m0288/Passage 2a	12	49	K	12	r	r
shuf	A	m0288/Passage 2a	12	15	K	3	t	t
shuf	A	m0288/Passage 2a	12	6	K	2	d	d
shuf	A	m0288/Passage 2a	12	38	K	55	p	p
shuf	A	m0288/Passage 2a	12	3	K	5	c	c
shuf	A	m0288/Passage 2a	12	7	K	15	o	o
shuf	A	m0288/Passage 2a	12	48	K	15	o	e
shuf	A	m0288/Passage 2a	12	17	K	2	a	e
shuf	A	m0288/Passage 2a	12	18	K	17	a	r
shuf	A	m0288/Passage 2a	12	2	K	7	e	u
shuf	A	m0288/Passage 2a	12	45	K	7	e	e
shuf	A	m0288/Passage 2a	12	37	K	15	o	o
shuf	A	m0288/Passage 2a	12	42	K	20	l	l
shuf	A	m0288/Passage 2a	12	4	K	10	h	h
real	A	m0285/Carta 72	7	46	U	4	s	d
real	A	m0285/Carta 72	7	26	K	14	n	n
real	A	m0285/Carta 72	7	43	K	8	i	i
real	A	m0285/Carta 72	7	23	K	26	o	q
real	A	m0285/Carta 72	7	25	K	y	a	a
real	A	m0285/Carta 72	7	37	K	19	e	e
real	A	m0285/Carta 72	7	0	K	18	o	m
real	A	m0285/Carta 72	7	11	K	c	g	g
real	A	m0285/Carta 72	7	39	K	5	c	c
real	A	m0285/Carta 72	7	4	K	12	r	r
real	A	m0285/Carta 72	7	28	K	15	o	o
real	A	m0285/Carta 72	7	42	K	2	d	d
real	A	m0285/Carta 72	7	24	K	c	g	u
real	A	m0285/Carta 72	7	45	K	y	a	a
real	A	m0285/Carta 72	7	13	K	7	e	e
real	A	m0285/Carta 72	7	36	K	4	s	s
real	A	m0285/Carta 72	7	3	K	3	t	t
real	A	m0285/Carta 72	7	10	K	8	i	i
shuf	A	m0285/Carta 72	7	46	U	4	s	p
shuf	A	m0285/Carta 72	7	26	K	14	n	i
shuf	A	m0285/Carta 72	7	43	K	8	i	i
shuf	A	m0285/Carta 72	7	23	K	26	o	u
shuf	A	m0285/Carta 72	7	25	K	y	a	a
shuf	A	m0285/Carta 72	7	37	K	19	e	e
shuf	A	m0285/Carta 72	7	0	K	18	o	m
shuf	A	m0285/Carta 72	7	11	K	c	g	u
shuf	A	m0285/Carta 72	7	39	K	5	c	o
shuf	A	m0285/Carta 72	7	4	K	12	r	r
shuf	A	m0285/Carta 72	7	28	K	15	o	o
shuf	A	m0285/Carta 72	7	42	K	2	d	e
shuf	A	m0285/Carta 72	7	24	K	c	g	m
shuf	A	m0285/Carta 72	7	45	K	y	a	a
shuf	A	m0285/Carta 72	7	13	K	7	e	e
shuf	A	m0285/Carta 72	7	36	K	4	s	s
shuf	A	m0285/Carta 72	7	3	K	3	t	a
shuf	A	m0285/Carta 72	7	10	K	8	i	i
real	A	m0291/Carta 96	0	49	U	8	i	z
real	A	m0291/Carta 96	0	19	K	15	o	o
real	A	m0291/Carta 96	0	32	K	8	i	i
real	A	m0291/Carta 96	0	1	K	12	r	v
real	A	m0291/Carta 96	0	11	K	15	o	o
real	A	m0291/Carta 96	0	3	K	12	r	r
real	A	m0291/Carta 96	0	6	K	15	o	o
real	A	m0291/Carta 96	0	40	K	15	o	o
real	A	m0291/Carta 96	0	36	K	20	l	l
real	A	m0291/Carta 96	0	39	K	y	a	a
real	A	m0291/Carta 96	0	31	K	2	d	d
real	A	m0291/Carta 96	0	12	K	18	m	m
real	A	m0291/Carta 96	0	8	K	3	t	t
real	A	m0291/Carta 96	0	17	K	8	i	i
real	A	m0291/Carta 96	0	43	K	f	e	e
real	A	m0291/Carta 96	0	38	K	c	v	a
real	A	m0291/Carta 96	0	0	K	5	c	h
real	A	m0291/Carta 96	0	10	K	5	c	c
shuf	A	m0291/Carta 96	0	49	U	8	i	u
shuf	A	m0291/Carta 96	0	19	K	15	o	j
shuf	A	m0291/Carta 96	0	32	K	8	i	o
shuf	A	m0291/Carta 96	0	1	K	12	r	r
shuf	A	m0291/Carta 96	0	11	K	15	o	o
shuf	A	m0291/Carta 96	0	3	K	12	r	o
shuf	A	m0291/Carta 96	0	6	K	15	o	o
shuf	A	m0291/Carta 96	0	40	K	15	o	o
shuf	A	m0291/Carta 96	0	36	K	20	l	l
shuf	A	m0291/Carta 96	0	39	K	y	a	c
shuf	A	m0291/Carta 96	0	31	K	2	d	d
shuf	A	m0291/Carta 96	0	12	K	18	m	o
shuf	A	m0291/Carta 96	0	8	K	3	t	t
shuf	A	m0291/Carta 96	0	17	K	8	i	i
shuf	A	m0291/Carta 96	0	43	K	f	e	s
shuf	A	m0291/Carta 96	0	38	K	c	v	u
shuf	A	m0291/Carta 96	0	0	K	5	c	c
shuf	A	m0291/Carta 96	0	10	K	5	c	d
real	A	m0288/Carta 85	5	6	U	14	n	s
real	A	m0288/Carta 85	5	46	K	8	i	i
real	A	m0288/Carta 85	5	43	K	15	o	o
real	A	m0288/Carta 85	5	5	K	17	a	a
real	A	m0288/Carta 85	5	49	K	19	e	e
real	A	m0288/Carta 85	5	4	K	5	c	c
real	A	m0288/Carta 85	5	11	K	18	m	m
real	A	m0288/Carta 85	5	37	K	3	t	t
real	A	m0288/Carta 85	5	36	K	15	o	o
real	A	m0288/Carta 85	5	45	K	19	a	e
real	A	m0288/Carta 85	5	47	K	4	a	q
real	A	m0288/Carta 85	5	41	K	23	a	a
real	A	m0288/Carta 85	5	9	K	12	r	r
real	A	m0288/Carta 85	5	39	K	17	a	a
real	A	m0288/Carta 85	5	44	K	2	d	d
real	A	m0288/Carta 85	5	2	K	17	a	a
real	A	m0288/Carta 85	5	8	K	23	a	a
real	A	m0288/Carta 85	5	3	K	20	l	l
shuf	A	m0288/Carta 85	5	6	U	14	n	q
shuf	A	m0288/Carta 85	5	46	K	8	i	i
shuf	A	m0288/Carta 85	5	43	K	15	o	o
shuf	A	m0288/Carta 85	5	5	K	17	a	a
shuf	A	m0288/Carta 85	5	49	K	19	e	e
shuf	A	m0288/Carta 85	5	4	K	5	c	c
shuf	A	m0288/Carta 85	5	11	K	18	m	m
shuf	A	m0288/Carta 85	5	37	K	3	t	s
shuf	A	m0288/Carta 85	5	36	K	15	o	o
shuf	A	m0288/Carta 85	5	45	K	19	a	e
shuf	A	m0288/Carta 85	5	47	K	4	a	s
shuf	A	m0288/Carta 85	5	41	K	23	a	a
shuf	A	m0288/Carta 85	5	9	K	12	r	r
shuf	A	m0288/Carta 85	5	39	K	17	a	a
shuf	A	m0288/Carta 85	5	44	K	2	d	d
shuf	A	m0288/Carta 85	5	2	K	17	a	a
shuf	A	m0288/Carta 85	5	8	K	23	a	a
shuf	A	m0288/Carta 85	5	3	K	20	l	l
real	A	m0290/Passage 2a	33	12	U	m	n	n
real	A	m0290/Passage 2a	33	11	K	26	u	u
real	A	m0290/Passage 2a	33	1	K	19	e	e
real	A	m0290/Passage 2a	33	29	K	19	e	e
real	A	m0290/Passage 2a	33	2	K	11	p	p
real	A	m0290/Passage 2a	33	8	K	2	d	d
real	A	m0290/Passage 2a	33	23	K	a	t	t
real	A	m0290/Passage 2a	33	34	K	d	o	o
real	A	m0290/Passage 2a	33	3	K	d	o	o
real	A	m0290/Passage 2a	33	45	K	5	c	c
real	A	m0290/Passage 2a	33	36	K	f	s	s
real	A	m0290/Passage 2a	33	17	K	2	d	d
real	A	m0290/Passage 2a	33	13	K	x	d	i
real	A	m0290/Passage 2a	33	48	K	f	s	s
real	A	m0290/Passage 2a	33	16	K	c	u	s
real	A	m0290/Passage 2a	33	0	K	a	t	t
real	A	m0290/Passage 2a	33	33	K	x	d	d
real	A	m0290/Passage 2a	33	39	K	2	d	d
shuf	A	m0290/Passage 2a	33	12	U	m	n	s
shuf	A	m0290/Passage 2a	33	11	K	26	u	u
shuf	A	m0290/Passage 2a	33	1	K	19	e	e
shuf	A	m0290/Passage 2a	33	29	K	19	e	e
shuf	A	m0290/Passage 2a	33	2	K	11	p	d
shuf	A	m0290/Passage 2a	33	8	K	2	d	e
shuf	A	m0290/Passage 2a	33	23	K	a	t	t
shuf	A	m0290/Passage 2a	33	34	K	d	o	o
shuf	A	m0290/Passage 2a	33	3	K	d	o	o
shuf	A	m0290/Passage 2a	33	45	K	5	c	o
shuf	A	m0290/Passage 2a	33	36	K	f	s	s
shuf	A	m0290/Passage 2a	33	17	K	2	d	d
shuf	A	m0290/Passage 2a	33	13	K	x	d	d
shuf	A	m0290/Passage 2a	33	48	K	f	s	e
shuf	A	m0290/Passage 2a	33	16	K	c	u	n
shuf	A	m0290/Passage 2a	33	0	K	a	t	t
shuf	A	m0290/Passage 2a	33	33	K	x	d	d
shuf	A	m0290/Passage 2a	33	39	K	2	d	f
real	A	m0292/Carta 101	12	13	U	14	n	t
real	A	m0292/Carta 101	12	5	K	26	v	s
real	A	m0292/Carta 101	12	48	K	15	o	o
real	A	m0292/Carta 101	12	8	K	10	h	h
real	A	m0292/Carta 101	12	14	K	2	a	e
real	A	m0292/Carta 101	12	47	K	55	p	p
real	A	m0292/Carta 101	12	38	K	2	e	e
real	A	m0292/Carta 101	12	49	K	12	r	r
real	A	m0292/Carta 101	12	40	K	3	t	t
real	A	m0292/Carta 101	12	39	K	14	n	n
real	A	m0292/Carta 101	12	6	K	2	i	e
real	A	m0292/Carta 101	12	12	K	52	r	r
real	A	m0292/Carta 101	12	42	K	19	e	e
real	A	m0292/Carta 101	12	11	K	55	o	o
real	A	m0292/Carta 101	12	7	K	14	n	n
real	A	m0292/Carta 101	12	9	K	17	a	a
real	A	m0292/Carta 101	12	10	K	55	p	p
real	A	m0292/Carta 101	12	41	K	52	r	r
shuf	A	m0292/Carta 101	12	13	U	14	n	o
shuf	A	m0292/Carta 101	12	5	K	26	v	v
shuf	A	m0292/Carta 101	12	48	K	15	o	o
shuf	A	m0292/Carta 101	12	8	K	10	h	h
shuf	A	m0292/Carta 101	12	14	K	2	a	d
shuf	A	m0292/Carta 101	12	47	K	55	p	n
shuf	A	m0292/Carta 101	12	38	K	2	e	d
shuf	A	m0292/Carta 101	12	49	K	12	r	r
shuf	A	m0292/Carta 101	12	40	K	3	t	t
shuf	A	m0292/Carta 101	12	39	K	14	n	e
shuf	A	m0292/Carta 101	12	6	K	2	i	e
shuf	A	m0292/Carta 101	12	12	K	52	r	r
shuf	A	m0292/Carta 101	12	42	K	19	e	e
shuf	A	m0292/Carta 101	12	11	K	55	o	p
shuf	A	m0292/Carta 101	12	7	K	14	n	n
shuf	A	m0292/Carta 101	12	9	K	17	a	a
shuf	A	m0292/Carta 101	12	10	K	55	p	p
shuf	A	m0292/Carta 101	12	41	K	52	r	r
real	A	m0287/Carta 79	21	2	U	e	g	e
real	A	m0287/Carta 79	21	47	K	3	s	s
real	A	m0287/Carta 79	21	15	K	17	a	a
real	A	m0287/Carta 79	21	24	K	26	u	u
real	A	m0287/Carta 79	21	23	K	15	o	o
real	A	m0287/Carta 79	21	29	K	15	o	o
real	A	m0287/Carta 79	21	8	K	4	s	s
real	A	m0287/Carta 79	21	45	K	12	r	r
real	A	m0287/Carta 79	21	9	K	3	t	t
real	A	m0287/Carta 79	21	26	K	19	e	e
real	A	m0287/Carta 79	21	34	K	19	e	e
real	A	m0287/Carta 79	21	18	K	20	d	l
real	A	m0287/Carta 79	21	14	K	10	h	h
real	A	m0287/Carta 79	21	21	K	19	e	e
real	A	m0287/Carta 79	21	19	K	15	o	o
real	A	m0287/Carta 79	21	12	K	24	e	i
real	A	m0287/Carta 79	21	17	K	15	o	o
real	A	m0287/Carta 79	21	16	K	5	c	c
shuf	A	m0287/Carta 79	21	2	U	e	g	e
shuf	A	m0287/Carta 79	21	47	K	3	s	t
shuf	A	m0287/Carta 79	21	15	K	17	a	a
shuf	A	m0287/Carta 79	21	24	K	26	u	u
shuf	A	m0287/Carta 79	21	23	K	15	o	o
shuf	A	m0287/Carta 79	21	29	K	15	o	p
shuf	A	m0287/Carta 79	21	8	K	4	s	s
shuf	A	m0287/Carta 79	21	45	K	12	r	r
shuf	A	m0287/Carta 79	21	9	K	3	t	y
shuf	A	m0287/Carta 79	21	26	K	19	e	a
shuf	A	m0287/Carta 79	21	34	K	19	e	e
shuf	A	m0287/Carta 79	21	18	K	20	d	l
shuf	A	m0287/Carta 79	21	14	K	10	h	r
shuf	A	m0287/Carta 79	21	21	K	19	e	e
shuf	A	m0287/Carta 79	21	19	K	15	o	o
shuf	A	m0287/Carta 79	21	12	K	24	e	e
shuf	A	m0287/Carta 79	21	17	K	15	o	o
shuf	A	m0287/Carta 79	21	16	K	5	c	c
real	A	m0281/Carta 15	65	24	U	m	r	n
real	A	m0281/Carta 15	65	26	K	y	x	a
real	A	m0281/Carta 15	65	7	K	15	u	o
real	A	m0281/Carta 15	65	28	K	y	r	a
real	A	m0281/Carta 15	65	12	K	z	e	e
real	A	m0281/Carta 15	65	15	K	15	o	o
real	A	m0281/Carta 15	65	16	K	4	s	s
real	A	m0281/Carta 15	65	9	K	7	r	e
real	A	m0281/Carta 15	65	36	K	4	s	s
real	A	m0281/Carta 15	65	39	K	7	e	e
real	A	m0281/Carta 15	65	38	K	6	p	r
real	A	m0281/Carta 15	65	49	K	15	o	o
real	A	m0281/Carta 15	65	35	K	7	s	e
real	A	m0281/Carta 15	65	48	K	6	p	c
real	A	m0281/Carta 15	65	22	K	18	p	m
real	A	m0281/Carta 15	65	14	K	a	t	t
real	A	m0281/Carta 15	65	42	K	13	q	q
real	A	m0281/Carta 15	65	43	K	c	u	u
shuf	A	m0281/Carta 15	65	24	U	m	r	e
shuf	A	m0281/Carta 15	65	26	K	y	x	a
shuf	A	m0281/Carta 15	65	7	K	15	u	o
shuf	A	m0281/Carta 15	65	28	K	y	r	a
shuf	A	m0281/Carta 15	65	12	K	z	e	e
shuf	A	m0281/Carta 15	65	15	K	15	o	o
shuf	A	m0281/Carta 15	65	16	K	4	s	s
shuf	A	m0281/Carta 15	65	9	K	7	r	a
shuf	A	m0281/Carta 15	65	36	K	4	s	s
shuf	A	m0281/Carta 15	65	39	K	7	e	e
shuf	A	m0281/Carta 15	65	38	K	6	p	p
shuf	A	m0281/Carta 15	65	49	K	15	o	o
shuf	A	m0281/Carta 15	65	35	K	7	s	e
shuf	A	m0281/Carta 15	65	48	K	6	p	c
shuf	A	m0281/Carta 15	65	22	K	18	p	q
shuf	A	m0281/Carta 15	65	14	K	a	t	d
shuf	A	m0281/Carta 15	65	42	K	13	q	p
shuf	A	m0281/Carta 15	65	43	K	c	u	o
real	A	m0287/Carta 79	13	34	U	19	e	e
real	A	m0287/Carta 79	13	25	K	15	o	o
real	A	m0287/Carta 79	13	22	K	10	h	h
real	A	m0287/Carta 79	13	7	K	18	o	o
real	A	m0287/Carta 79	13	37	K	15	o	o
real	A	m0287/Carta 79	13	26	K	20	d	l
real	A	m0287/Carta 79	13	0	K	2	d	d
real	A	m0287/Carta 79	13	21	K	20	l	l
real	A	m0287/Carta 79	13	20	K	24	e	i
real	A	m0287/Carta 79	13	29	K	19	e	e
real	A	m0287/Carta 79	13	27	K	15	o	o
real	A	m0287/Carta 79	13	9	K	10	l	l
real	A	m0287/Carta 79	13	28	K	3	t	t
real	A	m0287/Carta 79	13	19	K	26	v	u
real	A	m0287/Carta 79	13	2	K	17	a	a
real	A	m0287/Carta 79	13	24	K	5	c	c
real	A	m0287/Carta 79	13	33	K	52	r	r
real	A	m0287/Carta 79	13	23	K	17	a	a
shuf	A	m0287/Carta 79	13	34	U	19	e	i
shuf	A	m0287/Carta 79	13	25	K	15	o	o
shuf	A	m0287/Carta 79	13	22	K	10	h	h
shuf	A	m0287/Carta 79	13	7	K	18	o	r
shuf	A	m0287/Carta 79	13	37	K	15	o	c
shuf	A	m0287/Carta 79	13	26	K	20	d	l
shuf	A	m0287/Carta 79	13	0	K	2	d	d
shuf	A	m0287/Carta 79	13	21	K	20	l	l
shuf	A	m0287/Carta 79	13	20	K	24	e	e
shuf	A	m0287/Carta 79	13	29	K	19	e	e
shuf	A	m0287/Carta 79	13	27	K	15	o	o
shuf	A	m0287/Carta 79	13	9	K	10	l	n
shuf	A	m0287/Carta 79	13	28	K	3	t	t
shuf	A	m0287/Carta 79	13	19	K	26	v	s
shuf	A	m0287/Carta 79	13	2	K	17	a	e
shuf	A	m0287/Carta 79	13	24	K	5	c	c
shuf	A	m0287/Carta 79	13	33	K	52	r	r
shuf	A	m0287/Carta 79	13	23	K	17	a	a
real	A	m0294/Carta 110	0	14	U	12	r	r
real	A	m0294/Carta 110	0	19	K	55	n	n
real	A	m0294/Carta 110	0	7	K	10	h	l
real	A	m0294/Carta 110	0	9	K	5	c	c
real	A	m0294/Carta 110	0	33	K	18	m	m
real	A	m0294/Carta 110	0	6	K	20	l	l
real	A	m0294/Carta 110	0	31	K	18	m	m
real	A	m0294/Carta 110	0	16	K	4	s	s
real	A	m0294/Carta 110	0	5	K	24	e	e
real	A	m0294/Carta 110	0	25	K	16	f	i
real	A	m0294/Carta 110	0	10	K	15	o	o
real	A	m0294/Carta 110	0	2	K	3	t	t
real	A	m0294/Carta 110	0	30	K	7	e	e
real	A	m0294/Carta 110	0	15	K	19	e	e
real	A	m0294/Carta 110	0	8	K	17	a	a
real	A	m0294/Carta 110	0	26	K	15	o	o
real	A	m0294/Carta 110	0	18	K	15	o	o
real	A	m0294/Carta 110	0	24	K	7	e	e
shuf	A	m0294/Carta 110	0	14	U	12	r	a
shuf	A	m0294/Carta 110	0	19	K	55	n	p
shuf	A	m0294/Carta 110	0	7	K	10	h	h
shuf	A	m0294/Carta 110	0	9	K	5	c	d
shuf	A	m0294/Carta 110	0	33	K	18	m	m
shuf	A	m0294/Carta 110	0	6	K	20	l	l
shuf	A	m0294/Carta 110	0	31	K	18	m	r
shuf	A	m0294/Carta 110	0	16	K	4	s	s
shuf	A	m0294/Carta 110	0	5	K	24	e	a
shuf	A	m0294/Carta 110	0	25	K	16	f	r
shuf	A	m0294/Carta 110	0	10	K	15	o	o
shuf	A	m0294/Carta 110	0	2	K	3	t	t
shuf	A	m0294/Carta 110	0	30	K	7	e	e
shuf	A	m0294/Carta 110	0	15	K	19	e	e
shuf	A	m0294/Carta 110	0	8	K	17	a	a
shuf	A	m0294/Carta 110	0	26	K	15	o	o
shuf	A	m0294/Carta 110	0	18	K	15	o	o
shuf	A	m0294/Carta 110	0	24	K	7	e	e
real	A	m0288/Passage 2a	24	37	U	12	r	d
real	A	m0288/Passage 2a	24	33	K	7	e	e
real	A	m0288/Passage 2a	24	29	K	19	e	e
real	A	m0288/Passage 2a	24	27	K	17	a	a
real	A	m0288/Passage 2a	24	30	K	20	l	l
real	A	m0288/Passage 2a	24	2	K	17	a	a
real	A	m0288/Passage 2a	24	5	K	2	a	d
real	A	m0288/Passage 2a	24	35	K	16	f	t
real	A	m0288/Passage 2a	24	49	K	23	o	a
real	A	m0288/Passage 2a	24	3	K	3	t	t
real	A	m0288/Passage 2a	24	26	K	55	p	p
real	A	m0288/Passage 2a	24	24	K	14	n	n
real	A	m0288/Passage 2a	24	45	K	3	t	t
real	A	m0288/Passage 2a	24	38	K	15	o	o
real	A	m0288/Passage 2a	24	36	K	15	o	o
real	A	m0288/Passage 2a	24	6	K	17	a	a
real	A	m0288/Passage 2a	24	46	K	12	r	r
real	A	m0288/Passage 2a	24	48	K	3	t	t
shuf	A	m0288/Passage 2a	24	37	U	12	r	m
shuf	A	m0288/Passage 2a	24	33	K	7	e	e
shuf	A	m0288/Passage 2a	24	29	K	19	e	i
shuf	A	m0288/Passage 2a	24	27	K	17	a	a
shuf	A	m0288/Passage 2a	24	30	K	20	l	l
shuf	A	m0288/Passage 2a	24	2	K	17	a	a
shuf	A	m0288/Passage 2a	24	5	K	2	a	e
shuf	A	m0288/Passage 2a	24	35	K	16	f	c
shuf	A	m0288/Passage 2a	24	49	K	23	o	a
shuf	A	m0288/Passage 2a	24	3	K	3	t	o
shuf	A	m0288/Passage 2a	24	26	K	55	p	p
shuf	A	m0288/Passage 2a	24	24	K	14	n	c
shuf	A	m0288/Passage 2a	24	45	K	3	t	t
shuf	A	m0288/Passage 2a	24	38	K	15	o	o
shuf	A	m0288/Passage 2a	24	36	K	15	o	o
shuf	A	m0288/Passage 2a	24	6	K	17	a	a
shuf	A	m0288/Passage 2a	24	46	K	12	r	r
shuf	A	m0288/Passage 2a	24	48	K	3	t	t
real	A	m0290/Passage 2a	9	10	U	7	e	e
real	A	m0290/Passage 2a	9	20	K	14	n	a
real	A	m0290/Passage 2a	9	17	K	3	t	t
real	A	m0290/Passage 2a	9	19	K	12	r	r
real	A	m0290/Passage 2a	9	45	K	14	n	n
real	A	m0290/Passage 2a	9	26	K	11	p	m
real	A	m0290/Passage 2a	9	2	K	f	s	x
real	A	m0290/Passage 2a	9	49	K	12	r	r
real	A	m0290/Passage 2a	9	36	K	m	n	n
real	A	m0290/Passage 2a	9	30	K	12	r	r
real	A	m0290/Passage 2a	9	48	K	7	e	e
real	A	m0290/Passage 2a	9	14	K	18	o	m
real	A	m0290/Passage 2a	9	43	K	19	m	e
real	A	m0290/Passage 2a	9	11	K	12	r	r
real	A	m0290/Passage 2a	9	18	K	17	a	a
real	A	m0290/Passage 2a	9	5	K	11	r	i
real	A	m0290/Passage 2a	9	25	K	19	e	e
real	A	m0290/Passage 2a	9	8	K	15	o	o
shuf	A	m0290/Passage 2a	9	10	U	7	e	c
shuf	A	m0290/Passage 2a	9	20	K	14	n	n
shuf	A	m0290/Passage 2a	9	17	K	3	t	r
shuf	A	m0290/Passage 2a	9	19	K	12	r	r
shuf	A	m0290/Passage 2a	9	45	K	14	n	e
shuf	A	m0290/Passage 2a	9	26	K	11	p	s
shuf	A	m0290/Passage 2a	9	2	K	f	s	s
shuf	A	m0290/Passage 2a	9	49	K	12	r	a
shuf	A	m0290/Passage 2a	9	36	K	m	n	a
shuf	A	m0290/Passage 2a	9	30	K	12	r	o
shuf	A	m0290/Passage 2a	9	48	K	7	e	r
shuf	A	m0290/Passage 2a	9	14	K	18	o	a
shuf	A	m0290/Passage 2a	9	43	K	19	m	a
shuf	A	m0290/Passage 2a	9	11	K	12	r	r
shuf	A	m0290/Passage 2a	9	18	K	17	a	a
shuf	A	m0290/Passage 2a	9	5	K	11	r	d
shuf	A	m0290/Passage 2a	9	25	K	19	e	e
shuf	A	m0290/Passage 2a	9	8	K	15	o	s
real	A	m0285/Carta 72	18	13	U	c	g	r
real	A	m0285/Carta 72	18	27	K	4	s	s
real	A	m0285/Carta 72	18	0	K	c	g	u
real	A	m0285/Carta 72	18	2	K	7	e	e
real	A	m0285/Carta 72	18	16	K	2	d	d
real	A	m0285/Carta 72	18	34	K	y	a	a
real	A	m0285/Carta 72	18	28	K	5	c	c
real	A	m0285/Carta 72	18	15	K	14	n	n
real	A	m0285/Carta 72	18	31	K	2	d	d
real	A	m0285/Carta 72	18	26	K	19	e	e
real	A	m0285/Carta 72	18	25	K	4	s	s
real	A	m0285/Carta 72	18	17	K	15	o	o
real	A	m0285/Carta 72	18	35	K	4	s	s
real	A	m0285/Carta 72	18	33	K	x	d	d
real	A	m0285/Carta 72	18	3	K	18	m	m
real	A	m0285/Carta 72	18	14	K	y	a	a
real	A	m0285/Carta 72	18	29	K	15	o	o
real	A	m0285/Carta 72	18	24	K	17	e	a
shuf	A	m0285/Carta 72	18	13	U	c	g	m
shuf	A	m0285/Carta 72	18	27	K	4	s	s
shuf	A	m0285/Carta 72	18	0	K	c	g	u
shuf	A	m0285/Carta 72	18	2	K	7	e	u
shuf	A	m0285/Carta 72	18	16	K	2	d	d
shuf	A	m0285/Carta 72	18	34	K	y	a	a
shuf	A	m0285/Carta 72	18	28	K	5	c	c
shuf	A	m0285/Carta 72	18	15	K	14	n	n
shuf	A	m0285/Carta 72	18	31	K	2	d	d
shuf	A	m0285/Carta 72	18	26	K	19	e	e
shuf	A	m0285/Carta 72	18	25	K	4	s	s
shuf	A	m0285/Carta 72	18	17	K	15	o	o
shuf	A	m0285/Carta 72	18	35	K	4	s	s
shuf	A	m0285/Carta 72	18	33	K	x	d	d
shuf	A	m0285/Carta 72	18	3	K	18	m	m
shuf	A	m0285/Carta 72	18	14	K	y	a	a
shuf	A	m0285/Carta 72	18	29	K	15	o	o
shuf	A	m0285/Carta 72	18	24	K	17	e	a
real	A	m0289/Carta 92	11	28	U	19	e	o
real	A	m0289/Carta 92	11	21	K	y	h	a
real	A	m0289/Carta 92	11	31	K	22	i	i
real	A	m0289/Carta 92	11	8	K	23	a	a
real	A	m0289/Carta 92	11	48	K	x	d	d
real	A	m0289/Carta 92	11	13	K	16	f	f
real	A	m0289/Carta 92	11	40	K	d	o	o
real	A	m0289/Carta 92	11	49	K	25	o	o
real	A	m0289/Carta 92	11	47	K	15	o	o
real	A	m0289/Carta 92	11	38	K	m	n	n
real	A	m0289/Carta 92	11	11	K	x	d	d
real	A	m0289/Carta 92	11	17	K	5	c	c
real	A	m0289/Carta 92	11	26	K	f	r	f
real	A	m0289/Carta 92	11	1	K	f	s	s
real	A	m0289/Carta 92	11	46	K	x	d	d
real	A	m0289/Carta 92	11	29	K	4	s	s
real	A	m0289/Carta 92	11	19	K	4	s	s
real	A	m0289/Carta 92	11	44	K	y	s	r
shuf	A	m0289/Carta 92	11	28	U	19	e	i
shuf	A	m0289/Carta 92	11	21	K	y	h	a
shuf	A	m0289/Carta 92	11	31	K	22	i	i
shuf	A	m0289/Carta 92	11	8	K	23	a	a
shuf	A	m0289/Carta 92	11	48	K	x	d	d
shuf	A	m0289/Carta 92	11	13	K	16	f	u
shuf	A	m0289/Carta 92	11	40	K	d	o	m
shuf	A	m0289/Carta 92	11	49	K	25	o	o
shuf	A	m0289/Carta 92	11	47	K	15	o	o
shuf	A	m0289/Carta 92	11	38	K	m	n	e
shuf	A	m0289/Carta 92	11	11	K	x	d	d
shuf	A	m0289/Carta 92	11	17	K	5	c	c
shuf	A	m0289/Carta 92	11	26	K	f	r	m
shuf	A	m0289/Carta 92	11	1	K	f	s	s
shuf	A	m0289/Carta 92	11	46	K	x	d	d
shuf	A	m0289/Carta 92	11	29	K	4	s	s
shuf	A	m0289/Carta 92	11	19	K	4	s	s
shuf	A	m0289/Carta 92	11	44	K	y	s	r
real	A	m0287/Carta 79	17	11	U	19	e	e
real	A	m0287/Carta 79	17	48	K	24	a	e
real	A	m0287/Carta 79	17	32	K	12	r	r
real	A	m0287/Carta 79	17	12	K	4	s	s
real	A	m0287/Carta 79	17	22	K	20	d	l
real	A	m0287/Carta 79	17	4	K	y	a	r
real	A	m0287/Carta 79	17	0	K	23	a	a
real	A	m0287/Carta 79	17	18	K	10	h	h
real	A	m0287/Carta 79	17	16	K	24	e	i
real	A	m0287/Carta 79	17	13	K	3	t	t
real	A	m0287/Carta 79	17	33	K	15	o	o
real	A	m0287/Carta 79	17	47	K	55	p	p
real	A	m0287/Carta 79	17	39	K	26	u	u
real	A	m0287/Carta 79	17	31	K	8	i	i
real	A	m0287/Carta 79	17	24	K	3	t	t
real	A	m0287/Carta 79	17	30	K	19	e	e
real	A	m0287/Carta 79	17	29	K	52	r	r
real	A	m0287/Carta 79	17	49	K	12	r	r
shuf	A	m0287/Carta 79	17	11	U	19	e	o
shuf	A	m0287/Carta 79	17	48	K	24	a	e
shuf	A	m0287/Carta 79	17	32	K	12	r	r
shuf	A	m0287/Carta 79	17	12	K	4	s	s
shuf	A	m0287/Carta 79	17	22	K	20	d	u
shuf	A	m0287/Carta 79	17	4	K	y	a	a
shuf	A	m0287/Carta 79	17	0	K	23	a	a
shuf	A	m0287/Carta 79	17	18	K	10	h	p
shuf	A	m0287/Carta 79	17	16	K	24	e	r
shuf	A	m0287/Carta 79	17	13	K	3	t	t
shuf	A	m0287/Carta 79	17	33	K	15	o	o
shuf	A	m0287/Carta 79	17	47	K	55	p	p
shuf	A	m0287/Carta 79	17	39	K	26	u	o
shuf	A	m0287/Carta 79	17	31	K	8	i	i
shuf	A	m0287/Carta 79	17	24	K	3	t	t
shuf	A	m0287/Carta 79	17	30	K	19	e	e
shuf	A	m0287/Carta 79	17	29	K	52	r	r
shuf	A	m0287/Carta 79	17	49	K	12	r	r
real	A	m0291/Passage 3a	12	10	U	14	n	n
real	A	m0291/Passage 3a	12	24	K	55	p	p
real	A	m0291/Passage 3a	12	7	K	55	p	p
real	A	m0291/Passage 3a	12	46	K	y	a	a
real	A	m0291/Passage 3a	12	9	K	22	i	i
real	A	m0291/Passage 3a	12	41	K	26	v	o
real	A	m0291/Passage 3a	12	34	K	11	p	p
real	A	m0291/Passage 3a	12	28	K	f	s	s
real	A	m0291/Passage 3a	12	4	K	23	a	a
real	A	m0291/Passage 3a	12	23	K	12	r	r
real	A	m0291/Passage 3a	12	27	K	7	e	e
real	A	m0291/Passage 3a	12	30	K	15	o	o
real	A	m0291/Passage 3a	12	21	K	26	v	v
real	A	m0291/Passage 3a	12	22	K	19	e	e
real	A	m0291/Passage 3a	12	20	K	25	o	o
real	A	m0291/Passage 3a	12	18	K	y	a	e
real	A	m0291/Passage 3a	12	2	K	17	a	a
real	A	m0291/Passage 3a	12	25	K	d	o	o
shuf	A	m0291/Passage 3a	12	10	U	14	n	a
shuf	A	m0291/Passage 3a	12	24	K	55	p	n
shuf	A	m0291/Passage 3a	12	7	K	55	p	n
shuf	A	m0291/Passage 3a	12	46	K	y	a	a
shuf	A	m0291/Passage 3a	12	9	K	22	i	i
shuf	A	m0291/Passage 3a	12	41	K	26	v	i
shuf	A	m0291/Passage 3a	12	34	K	11	p	t
shuf	A	m0291/Passage 3a	12	28	K	f	s	r
shuf	A	m0291/Passage 3a	12	4	K	23	a	a
shuf	A	m0291/Passage 3a	12	23	K	12	r	r
shuf	A	m0291/Passage 3a	12	27	K	7	e	e
shuf	A	m0291/Passage 3a	12	30	K	15	o	o
shuf	A	m0291/Passage 3a	12	21	K	26	v	v
shuf	A	m0291/Passage 3a	12	22	K	19	e	e
shuf	A	m0291/Passage 3a	12	20	K	25	o	o
shuf	A	m0291/Passage 3a	12	18	K	y	a	a
shuf	A	m0291/Passage 3a	12	2	K	17	a	e
shuf	A	m0291/Passage 3a	12	25	K	d	o	o
real	A	m0291/Passage 3a	4	33	U	d	o	o
real	A	m0291/Passage 3a	4	47	K	12	r	r
real	A	m0291/Passage 3a	4	13	K	2	d	d
real	A	m0291/Passage 3a	4	15	K	55	p	p
real	A	m0291/Passage 3a	4	2	K	10	i	h
real	A	m0291/Passage 3a	4	8	K	a	t	a
real	A	m0291/Passage 3a	4	46	K	55	p	p
real	A	m0291/Passage 3a	4	0	K	f	s	z
real	A	m0291/Passage 3a	4	17	K	22	i	i
real	A	m0291/Passage 3a	4	27	K	14	n	n
real	A	m0291/Passage 3a	4	16	K	12	r	r
real	A	m0291/Passage 3a	4	28	K	25	o	o
real	A	m0291/Passage 3a	4	41	K	y	a	a
real	A	m0291/Passage 3a	4	29	K	26	v	v
real	A	m0291/Passage 3a	4	35	K	7	e	e
real	A	m0291/Passage 3a	4	22	K	24	e	e
real	A	m0291/Passage 3a	4	39	K	5	c	c
real	A	m0291/Passage 3a	4	26	K	y	a	e
shuf	A	m0291/Passage 3a	4	33	U	d	o	a
shuf	A	m0291/Passage 3a	4	47	K	12	r	r
shuf	A	m0291/Passage 3a	4	13	K	2	d	a
shuf	A	m0291/Passage 3a	4	15	K	55	p	p
shuf	A	m0291/Passage 3a	4	2	K	10	i	h
shuf	A	m0291/Passage 3a	4	8	K	a	t	m
shuf	A	m0291/Passage 3a	4	46	K	55	p	i
shuf	A	m0291/Passage 3a	4	0	K	f	s	s
shuf	A	m0291/Passage 3a	4	17	K	22	i	o
shuf	A	m0291/Passage 3a	4	27	K	14	n	n
shuf	A	m0291/Passage 3a	4	16	K	12	r	r
shuf	A	m0291/Passage 3a	4	28	K	25	o	o
shuf	A	m0291/Passage 3a	4	41	K	y	a	a
shuf	A	m0291/Passage 3a	4	29	K	26	v	v
shuf	A	m0291/Passage 3a	4	35	K	7	e	e
shuf	A	m0291/Passage 3a	4	22	K	24	e	r
shuf	A	m0291/Passage 3a	4	39	K	5	c	c
shuf	A	m0291/Passage 3a	4	26	K	y	a	a
real	A	m0289/Carta 92	13	34	U	3	t	t
real	A	m0289/Carta 92	13	27	K	4	s	s
real	A	m0289/Carta 92	13	18	K	19	e	e
real	A	m0289/Carta 92	13	7	K	12	r	r
real	A	m0289/Carta 92	13	43	K	17	a	a
real	A	m0289/Carta 92	13	38	K	d	o	o
real	A	m0289/Carta 92	13	47	K	25	o	o
real	A	m0289/Carta 92	13	10	K	25	o	o
real	A	m0289/Carta 92	13	32	K	17	a	a
real	A	m0289/Carta 92	13	36	K	m	n	n
real	A	m0289/Carta 92	13	28	K	x	d	d
real	A	m0289/Carta 92	13	42	K	y	s	r
real	A	m0289/Carta 92	13	21	K	18	m	b
real	A	m0289/Carta 92	13	39	K	7	e	e
real	A	m0289/Carta 92	13	46	K	x	d	d
real	A	m0289/Carta 92	13	16	K	7	e	e
real	A	m0289/Carta 92	13	37	K	x	d	d
real	A	m0289/Carta 92	13	13	K	17	a	a
shuf	A	m0289/Carta 92	13	34	U	3	t	o
shuf	A	m0289/Carta 92	13	27	K	4	s	a
shuf	A	m0289/Carta 92	13	18	K	19	e	e
shuf	A	m0289/Carta 92	13	7	K	12	r	u
shuf	A	m0289/Carta 92	13	43	K	17	a	d
shuf	A	m0289/Carta 92	13	38	K	d	o	o
shuf	A	m0289/Carta 92	13	47	K	25	o	o
shuf	A	m0289/Carta 92	13	10	K	25	o	o
shuf	A	m0289/Carta 92	13	32	K	17	a	a
shuf	A	m0289/Carta 92	13	36	K	m	n	a
shuf	A	m0289/Carta 92	13	28	K	x	d	d
shuf	A	m0289/Carta 92	13	42	K	y	s	a
shuf	A	m0289/Carta 92	13	21	K	18	m	m
shuf	A	m0289/Carta 92	13	39	K	7	e	r
shuf	A	m0289/Carta 92	13	46	K	x	d	d
shuf	A	m0289/Carta 92	13	16	K	7	e	e
shuf	A	m0289/Carta 92	13	37	K	x	d	d
shuf	A	m0289/Carta 92	13	13	K	17	a	a
real	A	m0286/Carta 74	20	41	U	18	m	g
real	A	m0286/Carta 74	20	42	K	17	a	a
real	A	m0286/Carta 74	20	3	K	12	r	r
real	A	m0286/Carta 74	20	28	K	24	h	e
real	A	m0286/Carta 74	20	12	K	8	i	i
real	A	m0286/Carta 74	20	49	K	3	t	t
real	A	m0286/Carta 74	20	35	K	5	c	c
real	A	m0286/Carta 74	20	5	K	12	r	r
real	A	m0286/Carta 74	20	34	K	y	e	a
real	A	m0286/Carta 74	20	11	K	f	r	s
real	A	m0286/Carta 74	20	36	K	d	o	o
real	A	m0286/Carta 74	20	29	K	f	a	s
real	A	m0286/Carta 74	20	40	K	7	u	e
real	A	m0286/Carta 74	20	32	K	4	s	s
real	A	m0286/Carta 74	20	33	K	3	d	t
real	A	m0286/Carta 74	20	16	K	24	e	e
real	A	m0286/Carta 74	20	31	K	15	o	e
real	A	m0286/Carta 74	20	15	K	23	d	e
shuf	A	m0286/Carta 74	20	41	U	18	m	i
shuf	A	m0286/Carta 74	20	42	K	17	a	a
shuf	A	m0286/Carta 74	20	3	K	12	r	a
shuf	A	m0286/Carta 74	20	28	K	24	h	e
shuf	A	m0286/Carta 74	20	12	K	8	i	i
shuf	A	m0286/Carta 74	20	49	K	3	t	t
shuf	A	m0286/Carta 74	20	35	K	5	c	c
shuf	A	m0286/Carta 74	20	5	K	12	r	o
shuf	A	m0286/Carta 74	20	34	K	y	e	a
shuf	A	m0286/Carta 74	20	11	K	f	r	s
shuf	A	m0286/Carta 74	20	36	K	d	o	o
shuf	A	m0286/Carta 74	20	29	K	f	a	r
shuf	A	m0286/Carta 74	20	40	K	7	u	r
shuf	A	m0286/Carta 74	20	32	K	4	s	s
shuf	A	m0286/Carta 74	20	33	K	3	d	t
shuf	A	m0286/Carta 74	20	16	K	24	e	e
shuf	A	m0286/Carta 74	20	31	K	15	o	o
shuf	A	m0286/Carta 74	20	15	K	23	d	a
real	A	m0285/Carta 72	19	29	U	14	n	n
real	A	m0285/Carta 72	19	26	K	4	s	s
real	A	m0285/Carta 72	19	16	K	15	o	o
real	A	m0285/Carta 72	19	33	K	y	a	a
real	A	m0285/Carta 72	19	0	K	15	o	o
real	A	m0285/Carta 72	19	11	K	26	o	q
real	A	m0285/Carta 72	19	34	K	4	s	s
real	A	m0285/Carta 72	19	24	K	4	s	s
real	A	m0285/Carta 72	19	2	K	18	m	m
real	A	m0285/Carta 72	19	15	K	2	d	d
real	A	m0285/Carta 72	19	14	K	14	n	n
real	A	m0285/Carta 72	19	31	K	8	i	i
real	A	m0285/Carta 72	19	27	K	5	c	c
real	A	m0285/Carta 72	19	1	K	7	e	e
real	A	m0285/Carta 72	19	23	K	17	e	a
real	A	m0285/Carta 72	19	32	K	x	d	d
real	A	m0285/Carta 72	19	13	K	y	a	a
real	A	m0285/Carta 72	19	10	K	8	j	i
shuf	A	m0285/Carta 72	19	29	U	14	n	n
shuf	A	m0285/Carta 72	19	26	K	4	s	s
shuf	A	m0285/Carta 72	19	16	K	15	o	o
shuf	A	m0285/Carta 72	19	33	K	y	a	a
shuf	A	m0285/Carta 72	19	0	K	15	o	o
shuf	A	m0285/Carta 72	19	11	K	26	o	v
shuf	A	m0285/Carta 72	19	34	K	4	s	o
shuf	A	m0285/Carta 72	19	24	K	4	s	s
shuf	A	m0285/Carta 72	19	2	K	18	m	m
shuf	A	m0285/Carta 72	19	15	K	2	d	d
shuf	A	m0285/Carta 72	19	14	K	14	n	n
shuf	A	m0285/Carta 72	19	31	K	8	i	i
shuf	A	m0285/Carta 72	19	27	K	5	c	c
shuf	A	m0285/Carta 72	19	1	K	7	e	e
shuf	A	m0285/Carta 72	19	23	K	17	e	a
shuf	A	m0285/Carta 72	19	32	K	x	d	d
shuf	A	m0285/Carta 72	19	13	K	y	a	a
shuf	A	m0285/Carta 72	19	10	K	8	j	i
real	A	m0289/Carta 92	33	41	U	18	o	s
real	A	m0289/Carta 92	33	21	K	y	a	a
real	A	m0289/Carta 92	33	8	K	x	d	d
real	A	m0289/Carta 92	33	1	K	18	m	p
real	A	m0289/Carta 92	33	31	K	4	s	s
real	A	m0289/Carta 92	33	42	K	2	d	d
real	A	m0289/Carta 92	33	30	K	a	d	o
real	A	m0289/Carta 92	33	13	K	14	n	n
real	A	m0289/Carta 92	33	29	K	21	h	n
real	A	m0289/Carta 92	33	49	K	8	i	i
real	A	m0289/Carta 92	33	15	K	23	a	a
real	A	m0289/Carta 92	33	33	K	7	e	e
real	A	m0289/Carta 92	33	28	K	5	e	s
real	A	m0289/Carta 92	33	39	K	11	s	h
real	A	m0289/Carta 92	33	16	K	m	n	n
real	A	m0289/Carta 92	33	20	K	5	c	c
real	A	m0289/Carta 92	33	34	K	10	h	h
real	A	m0289/Carta 92	33	18	K	d	o	o
shuf	A	m0289/Carta 92	33	41	U	18	o	r
shuf	A	m0289/Carta 92	33	21	K	y	a	a
shuf	A	m0289/Carta 92	33	8	K	x	d	e
shuf	A	m0289/Carta 92	33	1	K	18	m	m
shuf	A	m0289/Carta 92	33	31	K	4	s	s
shuf	A	m0289/Carta 92	33	42	K	2	d	d
shuf	A	m0289/Carta 92	33	30	K	a	d	t
shuf	A	m0289/Carta 92	33	13	K	14	n	s
shuf	A	m0289/Carta 92	33	29	K	21	h	b
shuf	A	m0289/Carta 92	33	49	K	8	i	i
shuf	A	m0289/Carta 92	33	15	K	23	a	a
shuf	A	m0289/Carta 92	33	33	K	7	e	e
shuf	A	m0289/Carta 92	33	28	K	5	e	j
shuf	A	m0289/Carta 92	33	39	K	11	s	p
shuf	A	m0289/Carta 92	33	16	K	m	n	n
shuf	A	m0289/Carta 92	33	20	K	5	c	c
shuf	A	m0289/Carta 92	33	34	K	10	h	s
shuf	A	m0289/Carta 92	33	18	K	d	o	f
real	A	m0293/Carta 106	0	44	U	4	s	q
real	A	m0293/Carta 106	0	3	K	y	a	a
real	A	m0293/Carta 106	0	47	K	14	n	n
real	A	m0293/Carta 106	0	25	K	2	e	o
real	A	m0293/Carta 106	0	46	K	2	e	a
real	A	m0293/Carta 106	0	30	K	20	l	l
real	A	m0293/Carta 106	0	42	K	18	m	m
real	A	m0293/Carta 106	0	31	K	8	i	i
real	A	m0293/Carta 106	0	10	K	12	r	r
real	A	m0293/Carta 106	0	36	K	15	o	o
real	A	m0293/Carta 106	0	5	K	8	i	i
real	A	m0293/Carta 106	0	35	K	12	r	r
real	A	m0293/Carta 106	0	4	K	10	r	i
real	A	m0293/Carta 106	0	27	K	19	e	e
real	A	m0293/Carta 106	0	40	K	7	e	e
real	A	m0293/Carta 106	0	24	K	55	o	p
real	A	m0293/Carta 106	0	37	K	26	o	d
real	A	m0293/Carta 106	0	28	K	21	b	b
shuf	A	m0293/Carta 106	0	44	U	4	s	e
shuf	A	m0293/Carta 106	0	3	K	y	a	a
shuf	A	m0293/Carta 106	0	47	K	14	n	n
shuf	A	m0293/Carta 106	0	25	K	2	e	a
shuf	A	m0293/Carta 106	0	46	K	2	e	e
shuf	A	m0293/Carta 106	0	30	K	20	l	l
shuf	A	m0293/Carta 106	0	42	K	18	m	o
shuf	A	m0293/Carta 106	0	31	K	8	i	i
shuf	A	m0293/Carta 106	0	10	K	12	r	r
shuf	A	m0293/Carta 106	0	36	K	15	o	o
shuf	A	m0293/Carta 106	0	5	K	8	i	i
shuf	A	m0293/Carta 106	0	35	K	12	r	r
shuf	A	m0293/Carta 106	0	4	K	10	r	h
shuf	A	m0293/Carta 106	0	27	K	19	e	a
shuf	A	m0293/Carta 106	0	40	K	7	e	l
shuf	A	m0293/Carta 106	0	24	K	55	o	p
shuf	A	m0293/Carta 106	0	37	K	26	o	u
shuf	A	m0293/Carta 106	0	28	K	21	b	b
real	A	m0282/Carta 58	11	39	U	13	m	u
real	A	m0282/Carta 58	11	47	K	2	d	d
real	A	m0282/Carta 58	11	13	K	15	o	e
real	A	m0282/Carta 58	11	16	K	15	o	o
real	A	m0282/Carta 58	11	32	K	4	s	s
real	A	m0282/Carta 58	11	40	K	17	a	a
real	A	m0282/Carta 58	11	8	K	17	a	a
real	A	m0282/Carta 58	11	9	K	14	e	s
real	A	m0282/Carta 58	11	0	K	19	i	e
real	A	m0282/Carta 58	11	22	K	4	s	s
real	A	m0282/Carta 58	11	25	K	4	s	s
real	A	m0282/Carta 58	11	4	K	19	e	e
real	A	m0282/Carta 58	11	11	K	15	o	o
real	A	m0282/Carta 58	11	36	K	22	e	i
real	A	m0282/Carta 58	11	42	K	2	d	i
real	A	m0282/Carta 58	11	34	K	21	b	b
real	A	m0282/Carta 58	11	49	K	4	s	s
real	A	m0282/Carta 58	11	35	K	19	e	e
shuf	A	m0282/Carta 58	11	39	U	13	m	t
shuf	A	m0282/Carta 58	11	47	K	2	d	a
shuf	A	m0282/Carta 58	11	13	K	15	o	e
shuf	A	m0282/Carta 58	11	16	K	15	o	j
shuf	A	m0282/Carta 58	11	32	K	4	s	s
shuf	A	m0282/Carta 58	11	40	K	17	a	a
shuf	A	m0282/Carta 58	11	8	K	17	a	a
shuf	A	m0282/Carta 58	11	9	K	14	e	n
shuf	A	m0282/Carta 58	11	0	K	19	i	e
shuf	A	m0282/Carta 58	11	22	K	4	s	s
shuf	A	m0282/Carta 58	11	25	K	4	s	m
shuf	A	m0282/Carta 58	11	4	K	19	e	e
shuf	A	m0282/Carta 58	11	11	K	15	o	o
shuf	A	m0282/Carta 58	11	36	K	22	e	s
shuf	A	m0282/Carta 58	11	42	K	2	d	e
shuf	A	m0282/Carta 58	11	34	K	21	b	r
shuf	A	m0282/Carta 58	11	49	K	4	s	o
shuf	A	m0282/Carta 58	11	35	K	19	e	e
real	A	m0288/Carta 85	17	44	U	3	t	t
real	A	m0288/Carta 85	17	23	K	14	n	n
real	A	m0288/Carta 85	17	33	K	19	a	e
real	A	m0288/Carta 85	17	36	K	26	v	v
real	A	m0288/Carta 85	17	31	K	15	o	o
real	A	m0288/Carta 85	17	39	K	2	d	d
real	A	m0288/Carta 85	17	38	K	14	n	n
real	A	m0288/Carta 85	17	37	K	19	e	e
real	A	m0288/Carta 85	17	35	K	4	a	s
real	A	m0288/Carta 85	17	47	K	15	o	o
real	A	m0288/Carta 85	17	45	K	15	o	o
real	A	m0288/Carta 85	17	26	K	12	r	r
real	A	m0288/Carta 85	17	27	K	17	a	a
real	A	m0288/Carta 85	17	34	K	8	i	i
real	A	m0288/Carta 85	17	46	K	2	d	d
real	A	m0288/Carta 85	17	48	K	18	m	m
real	A	m0288/Carta 85	17	29	K	23	a	a
real	A	m0288/Carta 85	17	32	K	2	d	d
shuf	A	m0288/Carta 85	17	44	U	3	t	d
shuf	A	m0288/Carta 85	17	23	K	14	n	n
shuf	A	m0288/Carta 85	17	33	K	19	a	e
shuf	A	m0288/Carta 85	17	36	K	26	v	v
shuf	A	m0288/Carta 85	17	31	K	15	o	o
shuf	A	m0288/Carta 85	17	39	K	2	d	d
shuf	A	m0288/Carta 85	17	38	K	14	n	n
shuf	A	m0288/Carta 85	17	37	K	19	e	e
shuf	A	m0288/Carta 85	17	35	K	4	a	s
shuf	A	m0288/Carta 85	17	47	K	15	o	o
shuf	A	m0288/Carta 85	17	45	K	15	o	o
shuf	A	m0288/Carta 85	17	26	K	12	r	r
shuf	A	m0288/Carta 85	17	27	K	17	a	a
shuf	A	m0288/Carta 85	17	34	K	8	i	i
shuf	A	m0288/Carta 85	17	46	K	2	d	d
shuf	A	m0288/Carta 85	17	48	K	18	m	o
shuf	A	m0288/Carta 85	17	29	K	23	a	a
shuf	A	m0288/Carta 85	17	32	K	2	d	d
real	A	m0280/Carta 13	41	8	U	55	p	i
real	A	m0280/Carta 13	41	32	K	8	i	i
real	A	m0280/Carta 13	41	0	K	5	c	c
real	A	m0280/Carta 13	41	1	K	7	e	e
real	A	m0280/Carta 13	41	5	K	4	s	s
real	A	m0280/Carta 13	41	2	K	18	m	m
real	A	m0280/Carta 13	41	10	K	y	r	a
real	A	m0280/Carta 13	41	34	K	7	e	e
real	A	m0280/Carta 13	41	11	K	2	d	d
real	A	m0280/Carta 13	41	9	K	2	e	d
real	A	m0280/Carta 13	41	24	K	10	h	h
real	A	m0280/Carta 13	41	7	K	4	s	s
real	A	m0280/Carta 13	41	6	K	15	o	o
real	A	m0280/Carta 13	41	4	K	8	i	i
real	A	m0280/Carta 13	41	33	K	a	t	t
real	A	m0280/Carta 13	41	12	K	7	e	e
real	A	m0280/Carta 13	41	26	K	4	s	s
real	A	m0280/Carta 13	41	29	K	y	l	a
shuf	A	m0280/Carta 13	41	8	U	55	p	i
shuf	A	m0280/Carta 13	41	32	K	8	i	i
shuf	A	m0280/Carta 13	41	0	K	5	c	c
shuf	A	m0280/Carta 13	41	1	K	7	e	e
shuf	A	m0280/Carta 13	41	5	K	4	s	s
shuf	A	m0280/Carta 13	41	2	K	18	m	p
shuf	A	m0280/Carta 13	41	10	K	y	r	a
shuf	A	m0280/Carta 13	41	34	K	7	e	e
shuf	A	m0280/Carta 13	41	11	K	2	d	d
shuf	A	m0280/Carta 13	41	9	K	2	e	d
shuf	A	m0280/Carta 13	41	24	K	10	h	a
shuf	A	m0280/Carta 13	41	7	K	4	s	s
shuf	A	m0280/Carta 13	41	6	K	15	o	o
shuf	A	m0280/Carta 13	41	4	K	8	i	i
shuf	A	m0280/Carta 13	41	33	K	a	t	t
shuf	A	m0280/Carta 13	41	12	K	7	e	e
shuf	A	m0280/Carta 13	41	26	K	4	s	s
shuf	A	m0280/Carta 13	41	29	K	y	l	a
real	A	m0282/Carta 58	23	3	U	m	n	i
real	A	m0282/Carta 58	23	45	K	17	a	a
real	A	m0282/Carta 58	23	28	K	17	a	q
real	A	m0282/Carta 58	23	13	K	4	s	s
real	A	m0282/Carta 58	23	35	K	2	d	d
real	A	m0282/Carta 58	23	26	K	15	o	o
real	A	m0282/Carta 58	23	47	K	26	u	n
real	A	m0282/Carta 58	23	10	K	4	s	s
real	A	m0282/Carta 58	23	25	K	5	c	c
real	A	m0282/Carta 58	23	11	K	15	o	o
real	A	m0282/Carta 58	23	37	K	4	s	s
real	A	m0282/Carta 58	23	30	K	2	d	i
real	A	m0282/Carta 58	23	12	K	17	a	a
real	A	m0282/Carta 58	23	9	K	19	e	e
real	A	m0282/Carta 58	23	34	K	18	o	o
real	A	m0282/Carta 58	23	48	K	4	s	s
real	A	m0282/Carta 58	23	1	K	15	o	o
real	A	m0282/Carta 58	23	20	K	4	s	s
shuf	A	m0282/Carta 58	23	3	U	m	n	l
shuf	A	m0282/Carta 58	23	45	K	17	a	a
shuf	A	m0282/Carta 58	23	28	K	17	a	a
shuf	A	m0282/Carta 58	23	13	K	4	s	s
shuf	A	m0282/Carta 58	23	35	K	2	d	d
shuf	A	m0282/Carta 58	23	26	K	15	o	o
shuf	A	m0282/Carta 58	23	47	K	26	u	u
shuf	A	m0282/Carta 58	23	10	K	4	s	s
shuf	A	m0282/Carta 58	23	25	K	5	c	e
shuf	A	m0282/Carta 58	23	11	K	15	o	m
shuf	A	m0282/Carta 58	23	37	K	4	s	s
shuf	A	m0282/Carta 58	23	30	K	2	d	e
shuf	A	m0282/Carta 58	23	12	K	17	a	a
shuf	A	m0282/Carta 58	23	9	K	19	e	e
shuf	A	m0282/Carta 58	23	34	K	18	o	r
shuf	A	m0282/Carta 58	23	48	K	4	s	s
shuf	A	m0282/Carta 58	23	1	K	15	o	p
shuf	A	m0282/Carta 58	23	20	K	4	s	o
real	A	m0288/Carta 85	7	44	U	8	i	e
real	A	m0288/Carta 85	7	2	K	5	c	c
real	A	m0288/Carta 85	7	3	K	17	a	a
real	A	m0288/Carta 85	7	7	K	12	r	r
real	A	m0288/Carta 85	7	41	K	15	o	o
real	A	m0288/Carta 85	7	38	K	3	t	t
real	A	m0288/Carta 85	7	39	K	23	a	a
real	A	m0288/Carta 85	7	34	K	15	o	o
real	A	m0288/Carta 85	7	46	K	26	v	t
real	A	m0288/Carta 85	7	42	K	2	d	d
real	A	m0288/Carta 85	7	33	K	14	n	n
real	A	m0288/Carta 85	7	48	K	14	n	n
real	A	m0288/Carta 85	7	0	K	17	a	a
real	A	m0288/Carta 85	7	36	K	12	r	r
real	A	m0288/Carta 85	7	9	K	18	m	m
real	A	m0288/Carta 85	7	47	K	19	e	e
real	A	m0288/Carta 85	7	35	K	3	t	t
real	A	m0288/Carta 85	7	37	K	17	a	a
shuf	A	m0288/Carta 85	7	44	U	8	i	o
shuf	A	m0288/Carta 85	7	2	K	5	c	c
shuf	A	m0288/Carta 85	7	3	K	17	a	a
shuf	A	m0288/Carta 85	7	7	K	12	r	r
shuf	A	m0288/Carta 85	7	41	K	15	o	p
shuf	A	m0288/Carta 85	7	38	K	3	t	t
shuf	A	m0288/Carta 85	7	39	K	23	a	a
shuf	A	m0288/Carta 85	7	34	K	15	o	o
shuf	A	m0288/Carta 85	7	46	K	26	v	u
shuf	A	m0288/Carta 85	7	42	K	2	d	e
shuf	A	m0288/Carta 85	7	33	K	14	n	n
shuf	A	m0288/Carta 85	7	48	K	14	n	n
shuf	A	m0288/Carta 85	7	0	K	17	a	a
shuf	A	m0288/Carta 85	7	36	K	12	r	r
shuf	A	m0288/Carta 85	7	9	K	18	m	o
shuf	A	m0288/Carta 85	7	47	K	19	e	a
shuf	A	m0288/Carta 85	7	35	K	3	t	t
shuf	A	m0288/Carta 85	7	37	K	17	a	a
real	A	m0285/Carta 72	5	13	U	c	g	g
real	A	m0285/Carta 72	5	30	K	15	o	o
real	A	m0285/Carta 72	5	44	K	2	d	d
real	A	m0285/Carta 72	5	3	K	7	e	e
real	A	m0285/Carta 72	5	42	K	15	o	o
real	A	m0285/Carta 72	5	2	K	18	o	m
real	A	m0285/Carta 72	5	48	K	4	s	s
real	A	m0285/Carta 72	5	0	K	12	r	r
real	A	m0285/Carta 72	5	8	K	12	r	r
real	A	m0285/Carta 72	5	39	K	19	e	e
real	A	m0285/Carta 72	5	10	K	15	o	o
real	A	m0285/Carta 72	5	26	K	c	g	u
real	A	m0285/Carta 72	5	5	K	3	t	t
real	A	m0285/Carta 72	5	43	K	14	n	n
real	A	m0285/Carta 72	5	38	K	4	s	s
real	A	m0285/Carta 72	5	9	K	5	c	c
real	A	m0285/Carta 72	5	15	K	7	e	e
real	A	m0285/Carta 72	5	25	K	26	o	q
shuf	A	m0285/Carta 72	5	13	U	c	g	i
shuf	A	m0285/Carta 72	5	30	K	15	o	o
shuf	A	m0285/Carta 72	5	44	K	2	d	e
shuf	A	m0285/Carta 72	5	3	K	7	e	e
shuf	A	m0285/Carta 72	5	42	K	15	o	o
shuf	A	m0285/Carta 72	5	2	K	18	o	m
shuf	A	m0285/Carta 72	5	48	K	4	s	s
shuf	A	m0285/Carta 72	5	0	K	12	r	r
shuf	A	m0285/Carta 72	5	8	K	12	r	r
shuf	A	m0285/Carta 72	5	39	K	19	e	e
shuf	A	m0285/Carta 72	5	10	K	15	o	o
shuf	A	m0285/Carta 72	5	26	K	c	g	u
shuf	A	m0285/Carta 72	5	5	K	3	t	t
shuf	A	m0285/Carta 72	5	43	K	14	n	n
shuf	A	m0285/Carta 72	5	38	K	4	s	s
shuf	A	m0285/Carta 72	5	9	K	5	c	c
shuf	A	m0285/Carta 72	5	15	K	7	e	e
shuf	A	m0285/Carta 72	5	25	K	26	o	u
real	A	m0283/Carta 70	73	37	U	26	v	v
real	A	m0283/Carta 70	73	26	K	19	e	e
real	A	m0283/Carta 70	73	42	K	19	e	e
real	A	m0283/Carta 70	73	33	K	3	t	t
real	A	m0283/Carta 70	73	23	K	19	e	e
real	A	m0283/Carta 70	73	24	K	4	s	s
real	A	m0283/Carta 70	73	32	K	4	s	s
real	A	m0283/Carta 70	73	39	K	20	l	l
real	A	m0283/Carta 70	73	46	K	55	p	p
real	A	m0283/Carta 70	73	25	K	3	t	t
real	A	m0283/Carta 70	73	38	K	17	a	a
real	A	m0283/Carta 70	73	35	K	15	o	o
real	A	m0283/Carta 70	73	43	K	4	s	s
real	A	m0283/Carta 70	73	41	K	18	m	m
real	A	m0283/Carta 70	73	31	K	8	i	i
real	A	m0283/Carta 70	73	45	K	15	o	o
real	A	m0283/Carta 70	73	22	K	7	d	r
real	A	m0283/Carta 70	73	30	K	14	n	n
shuf	A	m0283/Carta 70	73	37	U	26	v	i
shuf	A	m0283/Carta 70	73	26	K	19	e	e
shuf	A	m0283/Carta 70	73	42	K	19	e	e
shuf	A	m0283/Carta 70	73	33	K	3	t	t
shuf	A	m0283/Carta 70	73	23	K	19	e	e
shuf	A	m0283/Carta 70	73	24	K	4	s	s
shuf	A	m0283/Carta 70	73	32	K	4	s	s
shuf	A	m0283/Carta 70	73	39	K	20	l	t
shuf	A	m0283/Carta 70	73	46	K	55	p	c
shuf	A	m0283/Carta 70	73	25	K	3	t	t
shuf	A	m0283/Carta 70	73	38	K	17	a	a
shuf	A	m0283/Carta 70	73	35	K	15	o	o
shuf	A	m0283/Carta 70	73	43	K	4	s	s
shuf	A	m0283/Carta 70	73	41	K	18	m	m
shuf	A	m0283/Carta 70	73	31	K	8	i	i
shuf	A	m0283/Carta 70	73	45	K	15	o	o
shuf	A	m0283/Carta 70	73	22	K	7	d	e
shuf	A	m0283/Carta 70	73	30	K	14	n	n
real	A	m0288/Carta 85	12	44	U	2	d	d
real	A	m0288/Carta 85	12	40	K	4	a	s
real	A	m0288/Carta 85	12	46	K	12	r	r
real	A	m0288/Carta 85	12	45	K	7	e	e
real	A	m0288/Carta 85	12	32	K	17	a	a
real	A	m0288/Carta 85	12	35	K	2	d	d
real	A	m0288/Carta 85	12	36	K	15	o	o
real	A	m0288/Carta 85	12	37	K	2	d	d
real	A	m0288/Carta 85	12	28	K	14	n	n
real	A	m0288/Carta 85	12	47	K	17	a	a
real	A	m0288/Carta 85	12	33	K	3	t	t
real	A	m0288/Carta 85	12	31	K	12	r	r
real	A	m0288/Carta 85	12	41	K	26	v	v
real	A	m0288/Carta 85	12	38	K	19	a	e
real	A	m0288/Carta 85	12	39	K	8	i	i
real	A	m0288/Carta 85	12	43	K	14	n	n
real	A	m0288/Carta 85	12	1	K	23	a	a
real	A	m0288/Carta 85	12	3	K	19	e	e
shuf	A	m0288/Carta 85	12	44	U	2	d	p
shuf	A	m0288/Carta 85	12	40	K	4	a	g
shuf	A	m0288/Carta 85	12	46	K	12	r	r
shuf	A	m0288/Carta 85	12	45	K	7	e	e
shuf	A	m0288/Carta 85	12	32	K	17	a	a
shuf	A	m0288/Carta 85	12	35	K	2	d	u
shuf	A	m0288/Carta 85	12	36	K	15	o	e
shuf	A	m0288/Carta 85	12	37	K	2	d	d
shuf	A	m0288/Carta 85	12	28	K	14	n	n
shuf	A	m0288/Carta 85	12	47	K	17	a	a
shuf	A	m0288/Carta 85	12	33	K	3	t	s
shuf	A	m0288/Carta 85	12	31	K	12	r	r
shuf	A	m0288/Carta 85	12	41	K	26	v	u
shuf	A	m0288/Carta 85	12	38	K	19	a	e
shuf	A	m0288/Carta 85	12	39	K	8	i	i
shuf	A	m0288/Carta 85	12	43	K	14	n	a
shuf	A	m0288/Carta 85	12	1	K	23	a	a
shuf	A	m0288/Carta 85	12	3	K	19	e	a
real	A	m0280/Carta 13	261	23	U	15	o	o
real	A	m0280/Carta 13	261	40	K	8	i	i
real	A	m0280/Carta 13	261	38	K	7	e	e
real	A	m0280/Carta 13	261	22	K	10	h	h
real	A	m0280/Carta 13	261	25	K	7	r	r
real	A	m0280/Carta 13	261	26	K	y	a	a
real	A	m0280/Carta 13	261	46	K	y	a	a
real	A	m0280/Carta 13	261	47	K	4	s	s
real	A	m0280/Carta 13	261	17	K	2	d	d
real	A	m0280/Carta 13	261	18	K	y	a	a
real	A	m0280/Carta 13	261	14	K	y	a	e
real	A	m0280/Carta 13	261	48	K	c	u	u
real	A	m0280/Carta 13	261	39	K	4	l	l
real	A	m0280/Carta 13	261	16	K	8	i	i
real	A	m0280/Carta 13	261	13	K	2	d	d
real	A	m0280/Carta 13	261	37	K	7	r	d
real	A	m0280/Carta 13	261	19	K	7	e	e
real	A	m0280/Carta 13	261	44	K	18	q	m
shuf	A	m0280/Carta 13	261	23	U	15	o	p
shuf	A	m0280/Carta 13	261	40	K	8	i	i
shuf	A	m0280/Carta 13	261	38	K	7	e	e
shuf	A	m0280/Carta 13	261	22	K	10	h	a
shuf	A	m0280/Carta 13	261	25	K	7	r	r
shuf	A	m0280/Carta 13	261	26	K	y	a	a
shuf	A	m0280/Carta 13	261	46	K	y	a	a
shuf	A	m0280/Carta 13	261	47	K	4	s	s
shuf	A	m0280/Carta 13	261	17	K	2	d	d
shuf	A	m0280/Carta 13	261	18	K	y	a	a
shuf	A	m0280/Carta 13	261	14	K	y	a	q
shuf	A	m0280/Carta 13	261	48	K	c	u	u
shuf	A	m0280/Carta 13	261	39	K	4	l	s
shuf	A	m0280/Carta 13	261	16	K	8	i	i
shuf	A	m0280/Carta 13	261	13	K	2	d	d
shuf	A	m0280/Carta 13	261	37	K	7	r	e
shuf	A	m0280/Carta 13	261	19	K	7	e	d
shuf	A	m0280/Carta 13	261	44	K	18	q	m
real	A	m0287/Carta 79	8	0	U	19	e	y
real	A	m0287/Carta 79	8	25	K	24	e	i
real	A	m0287/Carta 79	8	42	K	15	o	o
real	A	m0287/Carta 79	8	4	K	14	n	n
real	A	m0287/Carta 79	8	28	K	17	a	a
real	A	m0287/Carta 79	8	1	K	17	a	a
real	A	m0287/Carta 79	8	3	K	19	e	e
real	A	m0287/Carta 79	8	39	K	19	e	e
real	A	m0287/Carta 79	8	30	K	15	o	o
real	A	m0287/Carta 79	8	26	K	20	l	l
real	A	m0287/Carta 79	8	46	K	4	s	s
real	A	m0287/Carta 79	8	47	K	19	e	e
real	A	m0287/Carta 79	8	21	K	4	s	s
real	A	m0287/Carta 79	8	38	K	52	r	r
real	A	m0287/Carta 79	8	15	K	e	g	g
real	A	m0287/Carta 79	8	14	K	10	l	l
real	A	m0287/Carta 79	8	31	K	20	d	l
real	A	m0287/Carta 79	8	32	K	15	o	o
shuf	A	m0287/Carta 79	8	0	U	19	e	f
shuf	A	m0287/Carta 79	8	25	K	24	e	m
shuf	A	m0287/Carta 79	8	42	K	15	o	o
shuf	A	m0287/Carta 79	8	4	K	14	n	n
shuf	A	m0287/Carta 79	8	28	K	17	a	a
shuf	A	m0287/Carta 79	8	1	K	17	a	a
shuf	A	m0287/Carta 79	8	3	K	19	e	e
shuf	A	m0287/Carta 79	8	39	K	19	e	e
shuf	A	m0287/Carta 79	8	30	K	15	o	o
shuf	A	m0287/Carta 79	8	26	K	20	l	l
shuf	A	m0287/Carta 79	8	46	K	4	s	s
shuf	A	m0287/Carta 79	8	47	K	19	e	e
shuf	A	m0287/Carta 79	8	21	K	4	s	a
shuf	A	m0287/Carta 79	8	38	K	52	r	r
shuf	A	m0287/Carta 79	8	15	K	e	g	g
shuf	A	m0287/Carta 79	8	14	K	10	l	e
shuf	A	m0287/Carta 79	8	31	K	20	d	l
shuf	A	m0287/Carta 79	8	32	K	15	o	o
real	A	m0281/Carta 15	39	37	U	18	m	r
real	A	m0281/Carta 15	39	41	K	15	o	o
real	A	m0281/Carta 15	39	49	K	y	o	a
real	A	m0281/Carta 15	39	17	K	y	a	a
real	A	m0281/Carta 15	39	34	K	18	m	m
real	A	m0281/Carta 15	39	18	K	5	c	c
real	A	m0281/Carta 15	39	35	K	7	r	e
real	A	m0281/Carta 15	39	13	K	7	r	m
real	A	m0281/Carta 15	39	12	K	15	o	o
real	A	m0281/Carta 15	39	39	K	m	n	i
real	A	m0281/Carta 15	39	16	K	18	m	m
real	A	m0281/Carta 15	39	21	K	a	t	d
real	A	m0281/Carta 15	39	19	K	y	a	a
real	A	m0281/Carta 15	39	22	K	y	a	a
real	A	m0281/Carta 15	39	15	K	e	u	u
real	A	m0281/Carta 15	39	42	K	4	s	s
real	A	m0281/Carta 15	39	33	K	15	u	o
real	A	m0281/Carta 15	39	20	K	7	r	e
shuf	A	m0281/Carta 15	39	37	U	18	m	a
shuf	A	m0281/Carta 15	39	41	K	15	o	o
shuf	A	m0281/Carta 15	39	49	K	y	o	a
shuf	A	m0281/Carta 15	39	17	K	y	a	a
shuf	A	m0281/Carta 15	39	34	K	18	m	s
shuf	A	m0281/Carta 15	39	18	K	5	c	c
shuf	A	m0281/Carta 15	39	35	K	7	r	e
shuf	A	m0281/Carta 15	39	13	K	7	r	e
shuf	A	m0281/Carta 15	39	12	K	15	o	o
shuf	A	m0281/Carta 15	39	39	K	m	n	o
shuf	A	m0281/Carta 15	39	16	K	18	m	o
shuf	A	m0281/Carta 15	39	21	K	a	t	t
shuf	A	m0281/Carta 15	39	19	K	y	a	r
shuf	A	m0281/Carta 15	39	22	K	y	a	a
shuf	A	m0281/Carta 15	39	15	K	e	u	g
shuf	A	m0281/Carta 15	39	42	K	4	s	s
shuf	A	m0281/Carta 15	39	33	K	15	u	o
shuf	A	m0281/Carta 15	39	20	K	7	r	e
real	A	m0288/Carta 85	12	38	U	19	a	e
real	A	m0288/Carta 85	12	29	K	15	o	o
real	A	m0288/Carta 85	12	49	K	3	t	t
real	A	m0288/Carta 85	12	28	K	14	n	n
real	A	m0288/Carta 85	12	4	K	18	m	m
real	A	m0288/Carta 85	12	42	K	19	e	e
real	A	m0288/Carta 85	12	1	K	23	a	a
real	A	m0288/Carta 85	12	43	K	14	n	n
real	A	m0288/Carta 85	12	35	K	2	d	d
real	A	m0288/Carta 85	12	30	K	3	t	t
real	A	m0288/Carta 85	12	40	K	4	a	s
real	A	m0288/Carta 85	12	36	K	15	o	o
real	A	m0288/Carta 85	12	44	K	2	d	d
real	A	m0288/Carta 85	12	32	K	17	a	a
real	A	m0288/Carta 85	12	39	K	8	i	i
real	A	m0288/Carta 85	12	41	K	26	v	v
real	A	m0288/Carta 85	12	34	K	23	a	a
real	A	m0288/Carta 85	12	3	K	19	e	e
shuf	A	m0288/Carta 85	12	38	U	19	a	v
shuf	A	m0288/Carta 85	12	29	K	15	o	o
shuf	A	m0288/Carta 85	12	49	K	3	t	t
shuf	A	m0288/Carta 85	12	28	K	14	n	n
shuf	A	m0288/Carta 85	12	4	K	18	m	r
shuf	A	m0288/Carta 85	12	42	K	19	e	e
shuf	A	m0288/Carta 85	12	1	K	23	a	q
shuf	A	m0288/Carta 85	12	43	K	14	n	n
shuf	A	m0288/Carta 85	12	35	K	2	d	d
shuf	A	m0288/Carta 85	12	30	K	3	t	t
shuf	A	m0288/Carta 85	12	40	K	4	a	s
shuf	A	m0288/Carta 85	12	36	K	15	o	o
shuf	A	m0288/Carta 85	12	44	K	2	d	s
shuf	A	m0288/Carta 85	12	32	K	17	a	a
shuf	A	m0288/Carta 85	12	39	K	8	i	i
shuf	A	m0288/Carta 85	12	41	K	26	v	o
shuf	A	m0288/Carta 85	12	34	K	23	a	a
shuf	A	m0288/Carta 85	12	3	K	19	e	e
real	A	m0292/Carta 101	12	8	U	10	h	c
real	A	m0292/Carta 101	12	42	K	19	e	e
real	A	m0292/Carta 101	12	14	K	2	a	a
real	A	m0292/Carta 101	12	40	K	3	t	t
real	A	m0292/Carta 101	12	49	K	12	r	r
real	A	m0292/Carta 101	12	13	K	14	n	n
real	A	m0292/Carta 101	12	48	K	15	o	o
real	A	m0292/Carta 101	12	5	K	26	v	v
real	A	m0292/Carta 101	12	7	K	14	n	n
real	A	m0292/Carta 101	12	38	K	2	e	e
real	A	m0292/Carta 101	12	9	K	17	a	a
real	A	m0292/Carta 101	12	10	K	55	p	p
real	A	m0292/Carta 101	12	41	K	52	r	r
real	A	m0292/Carta 101	12	47	K	55	p	p
real	A	m0292/Carta 101	12	11	K	55	o	o
real	A	m0292/Carta 101	12	12	K	52	r	r
real	A	m0292/Carta 101	12	6	K	2	i	e
real	A	m0292/Carta 101	12	39	K	14	n	n
shuf	A	m0292/Carta 101	12	8	U	10	h	a
shuf	A	m0292/Carta 101	12	42	K	19	e	e
shuf	A	m0292/Carta 101	12	14	K	2	a	d
shuf	A	m0292/Carta 101	12	40	K	3	t	t
shuf	A	m0292/Carta 101	12	49	K	12	r	r
shuf	A	m0292/Carta 101	12	13	K	14	n	n
shuf	A	m0292/Carta 101	12	48	K	15	o	o
shuf	A	m0292/Carta 101	12	5	K	26	v	s
shuf	A	m0292/Carta 101	12	7	K	14	n	n
shuf	A	m0292/Carta 101	12	38	K	2	e	e
shuf	A	m0292/Carta 101	12	9	K	17	a	o
shuf	A	m0292/Carta 101	12	10	K	55	p	p
shuf	A	m0292/Carta 101	12	41	K	52	r	r
shuf	A	m0292/Carta 101	12	47	K	55	p	p
shuf	A	m0292/Carta 101	12	11	K	55	o	p
shuf	A	m0292/Carta 101	12	12	K	52	r	o
shuf	A	m0292/Carta 101	12	6	K	2	i	e
shuf	A	m0292/Carta 101	12	39	K	14	n	n
real	A	m0292/Carta 101	13	48	U	12	r	r
real	A	m0292/Carta 101	13	46	K	55	p	p
real	A	m0292/Carta 101	13	8	K	17	a	a
real	A	m0292/Carta 101	13	11	K	52	r	r
real	A	m0292/Carta 101	13	41	K	19	e	e
real	A	m0292/Carta 101	13	13	K	2	a	a
real	A	m0292/Carta 101	13	7	K	10	h	h
real	A	m0292/Carta 101	13	40	K	52	r	r
real	A	m0292/Carta 101	13	39	K	3	t	t
real	A	m0292/Carta 101	13	47	K	15	o	o
real	A	m0292/Carta 101	13	5	K	2	i	e
real	A	m0292/Carta 101	13	49	K	3	t	t
real	A	m0292/Carta 101	13	9	K	55	p	p
real	A	m0292/Carta 101	13	38	K	14	n	n
real	A	m0292/Carta 101	13	6	K	14	n	n
real	A	m0292/Carta 101	13	37	K	2	e	e
real	A	m0292/Carta 101	13	10	K	55	o	o
real	A	m0292/Carta 101	13	4	K	26	v	s
shuf	A	m0292/Carta 101	13	48	U	12	r	s
shuf	A	m0292/Carta 101	13	46	K	55	p	n
shuf	A	m0292/Carta 101	13	8	K	17	a	a
shuf	A	m0292/Carta 101	13	11	K	52	r	r
shuf	A	m0292/Carta 101	13	41	K	19	e	a
shuf	A	m0292/Carta 101	13	13	K	2	a	z
shuf	A	m0292/Carta 101	13	7	K	10	h	a
shuf	A	m0292/Carta 101	13	40	K	52	r	r
shuf	A	m0292/Carta 101	13	39	K	3	t	t
shuf	A	m0292/Carta 101	13	47	K	15	o	o
shuf	A	m0292/Carta 101	13	5	K	2	i	e
shuf	A	m0292/Carta 101	13	49	K	3	t	t
shuf	A	m0292/Carta 101	13	9	K	55	p	p
shuf	A	m0292/Carta 101	13	38	K	14	n	n
shuf	A	m0292/Carta 101	13	6	K	14	n	n
shuf	A	m0292/Carta 101	13	37	K	2	e	e
shuf	A	m0292/Carta 101	13	10	K	55	o	p
shuf	A	m0292/Carta 101	13	4	K	26	v	u
real	A	m0289/Carta 92	10	21	U	19	e	s
real	A	m0289/Carta 92	10	32	K	22	i	i
real	A	m0289/Carta 92	10	43	K	5	c	c
real	A	m0289/Carta 92	10	13	K	25	o	o
real	A	m0289/Carta 92	10	33	K	y	a	a
real	A	m0289/Carta 92	10	1	K	24	e	e
real	A	m0289/Carta 92	10	26	K	24	t	e
real	A	m0289/Carta 92	10	6	K	7	e	e
real	A	m0289/Carta 92	10	27	K	f	r	s
real	A	m0289/Carta 92	10	31	K	x	d	d
real	A	m0289/Carta 92	10	47	K	x	d	d
real	A	m0289/Carta 92	10	34	K	f	s	s
real	A	m0289/Carta 92	10	11	K	y	a	a
real	A	m0289/Carta 92	10	15	K	12	r	r
real	A	m0289/Carta 92	10	2	K	f	s	s
real	A	m0289/Carta 92	10	49	K	x	d	d
real	A	m0289/Carta 92	10	19	K	7	e	e
real	A	m0289/Carta 92	10	29	K	19	e	e
shuf	A	m0289/Carta 92	10	21	U	19	e	d
shuf	A	m0289/Carta 92	10	32	K	22	i	i
shuf	A	m0289/Carta 92	10	43	K	5	c	c
shuf	A	m0289/Carta 92	10	13	K	25	o	h
shuf	A	m0289/Carta 92	10	33	K	y	a	a
shuf	A	m0289/Carta 92	10	1	K	24	e	x
shuf	A	m0289/Carta 92	10	26	K	24	t	a
shuf	A	m0289/Carta 92	10	6	K	7	e	d
shuf	A	m0289/Carta 92	10	27	K	f	r	s
shuf	A	m0289/Carta 92	10	31	K	x	d	d
shuf	A	m0289/Carta 92	10	47	K	x	d	s
shuf	A	m0289/Carta 92	10	34	K	f	s	e
shuf	A	m0289/Carta 92	10	11	K	y	a	a
shuf	A	m0289/Carta 92	10	15	K	12	r	r
shuf	A	m0289/Carta 92	10	2	K	f	s	s
shuf	A	m0289/Carta 92	10	49	K	x	d	o
shuf	A	m0289/Carta 92	10	19	K	7	e	e
shuf	A	m0289/Carta 92	10	29	K	19	e	e
real	A	m0288/Passage 2a	26	47	U	23	o	r
real	A	m0288/Passage 2a	26	44	K	12	r	r
real	A	m0288/Passage 2a	26	0	K	17	a	a
real	A	m0288/Passage 2a	26	25	K	17	a	a
real	A	m0288/Passage 2a	26	34	K	15	o	o
real	A	m0288/Passage 2a	26	33	K	16	f	g
real	A	m0288/Passage 2a	26	36	K	15	o	o
real	A	m0288/Passage 2a	26	23	K	15	o	o
real	A	m0288/Passage 2a	26	35	K	12	r	r
real	A	m0288/Passage 2a	26	31	K	7	e	e
real	A	m0288/Passage 2a	26	4	K	17	a	a
real	A	m0288/Passage 2a	26	48	K	18	a	o
real	A	m0288/Passage 2a	26	1	K	3	t	t
real	A	m0288/Passage 2a	26	27	K	19	e	e
real	A	m0288/Passage 2a	26	30	K	2	d	d
real	A	m0288/Passage 2a	26	49	K	4	f	s
real	A	m0288/Passage 2a	26	24	K	55	p	p
real	A	m0288/Passage 2a	26	22	K	14	n	n
shuf	A	m0288/Passage 2a	26	47	U	23	o	i
shuf	A	m0288/Passage 2a	26	44	K	12	r	r
shuf	A	m0288/Passage 2a	26	0	K	17	a	a
shuf	A	m0288/Passage 2a	26	25	K	17	a	a
shuf	A	m0288/Passage 2a	26	34	K	15	o	o
shuf	A	m0288/Passage 2a	26	33	K	16	f	c
shuf	A	m0288/Passage 2a	26	36	K	15	o	o
shuf	A	m0288/Passage 2a	26	23	K	15	o	o
shuf	A	m0288/Passage 2a	26	35	K	12	r	r
shuf	A	m0288/Passage 2a	26	31	K	7	e	e
shuf	A	m0288/Passage 2a	26	4	K	17	a	a
shuf	A	m0288/Passage 2a	26	48	K	18	a	o
shuf	A	m0288/Passage 2a	26	1	K	3	t	t
shuf	A	m0288/Passage 2a	26	27	K	19	e	e
shuf	A	m0288/Passage 2a	26	30	K	2	d	d
shuf	A	m0288/Passage 2a	26	49	K	4	f	s
shuf	A	m0288/Passage 2a	26	24	K	55	p	p
shuf	A	m0288/Passage 2a	26	22	K	14	n	n
real	A	m0293/Carta 106	0	46	U	2	e	i
real	A	m0293/Carta 106	0	10	K	12	r	r
real	A	m0293/Carta 106	0	0	K	19	e	e
real	A	m0293/Carta 106	0	5	K	8	i	i
real	A	m0293/Carta 106	0	41	K	52	r	r
real	A	m0293/Carta 106	0	49	K	8	i	i
real	A	m0293/Carta 106	0	9	K	7	e	e
real	A	m0293/Carta 106	0	43	K	15	o	o
real	A	m0293/Carta 106	0	30	K	20	l	l
real	A	m0293/Carta 106	0	33	K	d	g	o
real	A	m0293/Carta 106	0	29	K	15	u	o
real	A	m0293/Carta 106	0	44	K	4	s	s
real	A	m0293/Carta 106	0	27	K	19	e	e
real	A	m0293/Carta 106	0	3	K	y	a	a
real	A	m0293/Carta 106	0	6	K	26	v	s
real	A	m0293/Carta 106	0	1	K	4	s	s
real	A	m0293/Carta 106	0	24	K	55	o	p
real	A	m0293/Carta 106	0	8	K	26	v	v
shuf	A	m0293/Carta 106	0	46	U	2	e	i
shuf	A	m0293/Carta 106	0	10	K	12	r	r
shuf	A	m0293/Carta 106	0	0	K	19	e	e
shuf	A	m0293/Carta 106	0	5	K	8	i	i
shuf	A	m0293/Carta 106	0	41	K	52	r	a
shuf	A	m0293/Carta 106	0	49	K	8	i	i
shuf	A	m0293/Carta 106	0	9	K	7	e	e
shuf	A	m0293/Carta 106	0	43	K	15	o	o
shuf	A	m0293/Carta 106	0	30	K	20	l	i
shuf	A	m0293/Carta 106	0	33	K	d	g	o
shuf	A	m0293/Carta 106	0	29	K	15	u	o
shuf	A	m0293/Carta 106	0	44	K	4	s	s
shuf	A	m0293/Carta 106	0	27	K	19	e	e
shuf	A	m0293/Carta 106	0	3	K	y	a	a
shuf	A	m0293/Carta 106	0	6	K	26	v	d
shuf	A	m0293/Carta 106	0	1	K	4	s	s
shuf	A	m0293/Carta 106	0	24	K	55	o	g
shuf	A	m0293/Carta 106	0	8	K	26	v	v
real	A	m0289/Carta 92	47	13	U	25	o	e
real	A	m0289/Carta 92	47	16	K	a	d	a
real	A	m0289/Carta 92	47	7	K	y	a	a
real	A	m0289/Carta 92	47	20	K	10	h	h
real	A	m0289/Carta 92	47	22	K	18	m	m
real	A	m0289/Carta 92	47	41	K	15	o	o
real	A	m0289/Carta 92	47	29	K	7	e	e
real	A	m0289/Carta 92	47	17	K	4	s	s
real	A	m0289/Carta 92	47	43	K	16	h	o
real	A	m0289/Carta 92	47	28	K	2	d	d
real	A	m0289/Carta 92	47	34	K	15	o	e
real	A	m0289/Carta 92	47	14	K	5	e	c
real	A	m0289/Carta 92	47	40	K	5	c	c
real	A	m0289/Carta 92	47	0	K	3	t	t
real	A	m0289/Carta 92	47	4	K	d	o	o
real	A	m0289/Carta 92	47	8	K	y	s	r
real	A	m0289/Carta 92	47	33	K	26	v	v
real	A	m0289/Carta 92	47	46	K	15	o	o
shuf	A	m0289/Carta 92	47	13	U	25	o	r
shuf	A	m0289/Carta 92	47	16	K	a	d	a
shuf	A	m0289/Carta 92	47	7	K	y	a	a
shuf	A	m0289/Carta 92	47	20	K	10	h	l
shuf	A	m0289/Carta 92	47	22	K	18	m	a
shuf	A	m0289/Carta 92	47	41	K	15	o	o
shuf	A	m0289/Carta 92	47	29	K	7	e	e
shuf	A	m0289/Carta 92	47	17	K	4	s	s
shuf	A	m0289/Carta 92	47	43	K	16	h	a
shuf	A	m0289/Carta 92	47	28	K	2	d	d
shuf	A	m0289/Carta 92	47	34	K	15	o	c
shuf	A	m0289/Carta 92	47	14	K	5	e	o
shuf	A	m0289/Carta 92	47	40	K	5	c	c
shuf	A	m0289/Carta 92	47	0	K	3	t	s
shuf	A	m0289/Carta 92	47	4	K	d	o	o
shuf	A	m0289/Carta 92	47	8	K	y	s	s
shuf	A	m0289/Carta 92	47	33	K	26	v	u
shuf	A	m0289/Carta 92	47	46	K	15	o	o
real	A	m0287/Carta 79	22	3	U	18	m	d
real	A	m0287/Carta 79	22	32	K	4	s	s
real	A	m0287/Carta 79	22	12	K	20	l	i
real	A	m0287/Carta 79	22	28	K	15	o	o
real	A	m0287/Carta 79	22	8	K	3	t	a
real	A	m0287/Carta 79	22	2	K	26	u	v
real	A	m0287/Carta 79	22	48	K	8	i	i
real	A	m0287/Carta 79	22	25	K	19	e	e
real	A	m0287/Carta 79	22	1	K	e	g	g
real	A	m0287/Carta 79	22	27	K	12	r	r
real	A	m0287/Carta 79	22	17	K	20	d	l
real	A	m0287/Carta 79	22	19	K	3	t	t
real	A	m0287/Carta 79	22	13	K	10	h	r
real	A	m0287/Carta 79	22	45	K	17	a	a
real	A	m0287/Carta 79	22	7	K	4	s	s
real	A	m0287/Carta 79	22	18	K	15	o	o
real	A	m0287/Carta 79	22	23	K	26	u	u
real	A	m0287/Carta 79	22	47	K	y	a	r
shuf	A	m0287/Carta 79	22	3	U	18	m	e
shuf	A	m0287/Carta 79	22	32	K	4	s	z
shuf	A	m0287/Carta 79	22	12	K	20	l	s
shuf	A	m0287/Carta 79	22	28	K	15	o	e
shuf	A	m0287/Carta 79	22	8	K	3	t	t
shuf	A	m0287/Carta 79	22	2	K	26	u	v
shuf	A	m0287/Carta 79	22	48	K	8	i	i
shuf	A	m0287/Carta 79	22	25	K	19	e	e
shuf	A	m0287/Carta 79	22	1	K	e	g	g
shuf	A	m0287/Carta 79	22	27	K	12	r	r
shuf	A	m0287/Carta 79	22	17	K	20	d	r
shuf	A	m0287/Carta 79	22	19	K	3	t	t
shuf	A	m0287/Carta 79	22	13	K	10	h	t
shuf	A	m0287/Carta 79	22	45	K	17	a	a
shuf	A	m0287/Carta 79	22	7	K	4	s	a
shuf	A	m0287/Carta 79	22	18	K	15	o	o
shuf	A	m0287/Carta 79	22	23	K	26	u	u
shuf	A	m0287/Carta 79	22	47	K	y	a	a
real	A	m0285/Carta 72	9	26	U	15	o	o
real	A	m0285/Carta 72	9	20	K	8	j	i
real	A	m0285/Carta 72	9	7	K	18	m	m
real	A	m0285/Carta 72	9	41	K	8	i	i
real	A	m0285/Carta 72	9	42	K	x	d	d
real	A	m0285/Carta 72	9	23	K	y	a	a
real	A	m0285/Carta 72	9	4	K	12	r	r
real	A	m0285/Carta 72	9	38	K	15	o	o
real	A	m0285/Carta 72	9	39	K	14	n	n
real	A	m0285/Carta 72	9	2	K	12	r	r
real	A	m0285/Carta 72	9	5	K	5	c	c
real	A	m0285/Carta 72	9	10	K	15	o	o
real	A	m0285/Carta 72	9	33	K	17	e	a
real	A	m0285/Carta 72	9	8	K	8	i	o
real	A	m0285/Carta 72	9	12	K	18	m	m
real	A	m0285/Carta 72	9	1	K	3	t	t
real	A	m0285/Carta 72	9	6	K	15	o	o
real	A	m0285/Carta 72	9	40	K	2	d	d
shuf	A	m0285/Carta 72	9	26	U	15	o	e
shuf	A	m0285/Carta 72	9	20	K	8	j	i
shuf	A	m0285/Carta 72	9	7	K	18	m	m
shuf	A	m0285/Carta 72	9	41	K	8	i	i
shuf	A	m0285/Carta 72	9	42	K	x	d	s
shuf	A	m0285/Carta 72	9	23	K	y	a	a
shuf	A	m0285/Carta 72	9	4	K	12	r	r
shuf	A	m0285/Carta 72	9	38	K	15	o	e
shuf	A	m0285/Carta 72	9	39	K	14	n	n
shuf	A	m0285/Carta 72	9	2	K	12	r	e
shuf	A	m0285/Carta 72	9	5	K	5	c	c
shuf	A	m0285/Carta 72	9	10	K	15	o	o
shuf	A	m0285/Carta 72	9	33	K	17	e	a
shuf	A	m0285/Carta 72	9	8	K	8	i	i
shuf	A	m0285/Carta 72	9	12	K	18	m	m
shuf	A	m0285/Carta 72	9	1	K	3	t	w
shuf	A	m0285/Carta 72	9	6	K	15	o	o
shuf	A	m0285/Carta 72	9	40	K	2	d	d
real	A	m0281/Carta 15	3	6	U	y	a	s
real	A	m0281/Carta 15	3	47	K	6	p	c
real	A	m0281/Carta 15	3	12	K	18	m	o
real	A	m0281/Carta 15	3	23	K	7	r	u
real	A	m0281/Carta 15	3	20	K	7	r	e
real	A	m0281/Carta 15	3	4	K	c	u	u
real	A	m0281/Carta 15	3	28	K	7	e	r
real	A	m0281/Carta 15	3	21	K	15	o	o
real	A	m0281/Carta 15	3	48	K	15	o	o
real	A	m0281/Carta 15	3	9	K	m	n	n
real	A	m0281/Carta 15	3	15	K	15	o	o
real	A	m0281/Carta 15	3	19	K	6	p	c
real	A	m0281/Carta 15	3	25	K	7	e	e
real	A	m0281/Carta 15	3	22	K	15	o	o
real	A	m0281/Carta 15	3	16	K	c	u	s
real	A	m0281/Carta 15	3	2	K	a	t	y
real	A	m0281/Carta 15	3	10	K	10	h	h
real	A	m0281/Carta 15	3	5	K	z	e	e
shuf	A	m0281/Carta 15	3	6	U	y	a	l
shuf	A	m0281/Carta 15	3	47	K	6	p	p
shuf	A	m0281/Carta 15	3	12	K	18	m	o
shuf	A	m0281/Carta 15	3	23	K	7	r	m
shuf	A	m0281/Carta 15	3	20	K	7	r	e
shuf	A	m0281/Carta 15	3	4	K	c	u	v
shuf	A	m0281/Carta 15	3	28	K	7	e	e
shuf	A	m0281/Carta 15	3	21	K	15	o	c
shuf	A	m0281/Carta 15	3	48	K	15	o	o
shuf	A	m0281/Carta 15	3	9	K	m	n	n
shuf	A	m0281/Carta 15	3	15	K	15	o	o
shuf	A	m0281/Carta 15	3	19	K	6	p	r
shuf	A	m0281/Carta 15	3	25	K	7	e	e
shuf	A	m0281/Carta 15	3	22	K	15	o	o
shuf	A	m0281/Carta 15	3	16	K	c	u	g
shuf	A	m0281/Carta 15	3	2	K	a	t	o
shuf	A	m0281/Carta 15	3	10	K	10	h	i
shuf	A	m0281/Carta 15	3	5	K	z	e	o
real	A	m0285/Carta 72	23	20	U	4	s	l
real	A	m0285/Carta 72	23	12	K	15	o	o
real	A	m0285/Carta 72	23	46	K	19	e	e
real	A	m0285/Carta 72	23	7	K	26	o	q
real	A	m0285/Carta 72	23	24	K	15	o	o
real	A	m0285/Carta 72	23	26	K	2	d	d
real	A	m0285/Carta 72	23	30	K	4	s	s
real	A	m0285/Carta 72	23	27	K	8	i	i
real	A	m0285/Carta 72	23	23	K	5	c	c
real	A	m0285/Carta 72	23	21	K	19	e	e
real	A	m0285/Carta 72	23	9	K	y	a	a
real	A	m0285/Carta 72	23	11	K	2	d	d
real	A	m0285/Carta 72	23	19	K	17	e	a
real	A	m0285/Carta 72	23	47	K	12	r	r
real	A	m0285/Carta 72	23	45	K	3	s	t
real	A	m0285/Carta 72	23	29	K	y	a	a
real	A	m0285/Carta 72	23	8	K	c	g	u
real	A	m0285/Carta 72	23	28	K	x	d	d
shuf	A	m0285/Carta 72	23	20	U	4	s	m
shuf	A	m0285/Carta 72	23	12	K	15	o	o
shuf	A	m0285/Carta 72	23	46	K	19	e	e
shuf	A	m0285/Carta 72	23	7	K	26	o	o
shuf	A	m0285/Carta 72	23	24	K	15	o	o
shuf	A	m0285/Carta 72	23	26	K	2	d	d
shuf	A	m0285/Carta 72	23	30	K	4	s	s
shuf	A	m0285/Carta 72	23	27	K	8	i	i
shuf	A	m0285/Carta 72	23	23	K	5	c	c
shuf	A	m0285/Carta 72	23	21	K	19	e	e
shuf	A	m0285/Carta 72	23	9	K	y	a	a
shuf	A	m0285/Carta 72	23	11	K	2	d	d
shuf	A	m0285/Carta 72	23	19	K	17	e	a
shuf	A	m0285/Carta 72	23	47	K	12	r	r
shuf	A	m0285/Carta 72	23	45	K	3	s	t
shuf	A	m0285/Carta 72	23	29	K	y	a	a
shuf	A	m0285/Carta 72	23	8	K	c	g	u
shuf	A	m0285/Carta 72	23	28	K	x	d	d
real	A	m0285/Carta 72	19	32	U	x	d	d
real	A	m0285/Carta 72	19	2	K	18	m	m
real	A	m0285/Carta 72	19	24	K	4	s	s
real	A	m0285/Carta 72	19	33	K	y	a	a
real	A	m0285/Carta 72	19	49	K	3	s	t
real	A	m0285/Carta 72	19	16	K	15	o	o
real	A	m0285/Carta 72	19	26	K	4	s	s
real	A	m0285/Carta 72	19	34	K	4	s	s
real	A	m0285/Carta 72	19	30	K	2	d	d
real	A	m0285/Carta 72	19	11	K	26	o	q
real	A	m0285/Carta 72	19	12	K	c	g	u
real	A	m0285/Carta 72	19	27	K	5	c	c
real	A	m0285/Carta 72	19	29	K	14	n	n
real	A	m0285/Carta 72	19	15	K	2	d	d
real	A	m0285/Carta 72	19	14	K	14	n	n
real	A	m0285/Carta 72	19	23	K	17	e	a
real	A	m0285/Carta 72	19	13	K	y	a	a
real	A	m0285/Carta 72	19	10	K	8	j	i
shuf	A	m0285/Carta 72	19	32	U	x	d	p
shuf	A	m0285/Carta 72	19	2	K	18	m	m
shuf	A	m0285/Carta 72	19	24	K	4	s	s
shuf	A	m0285/Carta 72	19	33	K	y	a	a
shuf	A	m0285/Carta 72	19	49	K	3	s	t
shuf	A	m0285/Carta 72	19	16	K	15	o	o
shuf	A	m0285/Carta 72	19	26	K	4	s	s
shuf	A	m0285/Carta 72	19	34	K	4	s	s
shuf	A	m0285/Carta 72	19	30	K	2	d	d
shuf	A	m0285/Carta 72	19	11	K	26	o	q
shuf	A	m0285/Carta 72	19	12	K	c	g	u
shuf	A	m0285/Carta 72	19	27	K	5	c	c
shuf	A	m0285/Carta 72	19	29	K	14	n	e
shuf	A	m0285/Carta 72	19	15	K	2	d	d
shuf	A	m0285/Carta 72	19	14	K	14	n	n
shuf	A	m0285/Carta 72	19	23	K	17	e	a
shuf	A	m0285/Carta 72	19	13	K	y	a	a
shuf	A	m0285/Carta 72	19	10	K	8	j	i
real	A	m0293/Carta 106	1	37	U	55	k	a
real	A	m0293/Carta 106	1	40	K	52	r	r
real	A	m0293/Carta 106	1	35	K	15	o	o
real	A	m0293/Carta 106	1	4	K	8	i	i
real	A	m0293/Carta 106	1	38	K	4	s	s
real	A	m0293/Carta 106	1	32	K	d	g	o
real	A	m0293/Carta 106	1	39	K	7	e	e
real	A	m0293/Carta 106	1	46	K	14	n	e
real	A	m0293/Carta 106	1	7	K	26	v	v
real	A	m0293/Carta 106	1	0	K	4	s	s
real	A	m0293/Carta 106	1	36	K	26	o	v
real	A	m0293/Carta 106	1	33	K	21	b	p
real	A	m0293/Carta 106	1	48	K	8	i	i
real	A	m0293/Carta 106	1	5	K	26	v	s
real	A	m0293/Carta 106	1	41	K	18	m	m
real	A	m0293/Carta 106	1	25	K	2	d	d
real	A	m0293/Carta 106	1	23	K	55	o	p
real	A	m0293/Carta 106	1	42	K	15	o	o
shuf	A	m0293/Carta 106	1	37	U	55	k	b
shuf	A	m0293/Carta 106	1	40	K	52	r	r
shuf	A	m0293/Carta 106	1	35	K	15	o	o
shuf	A	m0293/Carta 106	1	4	K	8	i	i
shuf	A	m0293/Carta 106	1	38	K	4	s	s
shuf	A	m0293/Carta 106	1	32	K	d	g	n
shuf	A	m0293/Carta 106	1	39	K	7	e	e
shuf	A	m0293/Carta 106	1	46	K	14	n	o
shuf	A	m0293/Carta 106	1	7	K	26	v	f
shuf	A	m0293/Carta 106	1	0	K	4	s	s
shuf	A	m0293/Carta 106	1	36	K	26	o	o
shuf	A	m0293/Carta 106	1	33	K	21	b	i
shuf	A	m0293/Carta 106	1	48	K	8	i	i
shuf	A	m0293/Carta 106	1	5	K	26	v	o
shuf	A	m0293/Carta 106	1	41	K	18	m	m
shuf	A	m0293/Carta 106	1	25	K	2	d	d
shuf	A	m0293/Carta 106	1	23	K	55	o	n
shuf	A	m0293/Carta 106	1	42	K	15	o	o
real	A	m0288/Passage 2a	0	5	U	10	h	c
real	A	m0288/Passage 2a	0	48	K	14	n	n
real	A	m0288/Passage 2a	0	2	K	3	t	t
real	A	m0288/Passage 2a	0	26	K	17	a	n
real	A	m0288/Passage 2a	0	9	K	4	s	s
real	A	m0288/Passage 2a	0	7	K	18	m	m
real	A	m0288/Passage 2a	0	18	K	2	d	d
real	A	m0288/Passage 2a	0	13	K	16	f	f
real	A	m0288/Passage 2a	0	29	K	2	a	d
real	A	m0288/Passage 2a	0	30	K	17	a	a
real	A	m0288/Passage 2a	0	16	K	10	h	h
real	A	m0288/Passage 2a	0	49	K	15	o	o
real	A	m0288/Passage 2a	0	19	K	15	o	o
real	A	m0288/Passage 2a	0	6	K	15	o	o
real	A	m0288/Passage 2a	0	0	K	19	e	e
real	A	m0288/Passage 2a	0	14	K	7	e	e
real	A	m0288/Passage 2a	0	1	K	4	s	s
real	A	m0288/Passage 2a	0	27	K	3	t	t
shuf	A	m0288/Passage 2a	0	5	U	10	h	c
shuf	A	m0288/Passage 2a	0	48	K	14	n	n
shuf	A	m0288/Passage 2a	0	2	K	3	t	t
shuf	A	m0288/Passage 2a	0	26	K	17	a	r
shuf	A	m0288/Passage 2a	0	9	K	4	s	e
shuf	A	m0288/Passage 2a	0	7	K	18	m	m
shuf	A	m0288/Passage 2a	0	18	K	2	d	d
shuf	A	m0288/Passage 2a	0	13	K	16	f	s
shuf	A	m0288/Passage 2a	0	29	K	2	a	d
shuf	A	m0288/Passage 2a	0	30	K	17	a	a
shuf	A	m0288/Passage 2a	0	16	K	10	h	h
shuf	A	m0288/Passage 2a	0	49	K	15	o	o
shuf	A	m0288/Passage 2a	0	19	K	15	o	o
shuf	A	m0288/Passage 2a	0	6	K	15	o	o
shuf	A	m0288/Passage 2a	0	0	K	19	e	e
shuf	A	m0288/Passage 2a	0	14	K	7	e	e
shuf	A	m0288/Passage 2a	0	1	K	4	s	s
shuf	A	m0288/Passage 2a	0	27	K	3	t	t
real	A	m0291/Carta 96	1	10	U	15	o	o
real	A	m0291/Carta 96	1	44	K	15	o	o
real	A	m0291/Carta 96	1	7	K	3	t	t
real	A	m0291/Carta 96	1	16	K	8	i	i
real	A	m0291/Carta 96	1	49	K	12	r	r
real	A	m0291/Carta 96	1	33	K	21	b	b
real	A	m0291/Carta 96	1	12	K	13	q	e
real	A	m0291/Carta 96	1	3	K	15	e	o
real	A	m0291/Carta 96	1	5	K	15	o	o
real	A	m0291/Carta 96	1	45	K	c	u	u
real	A	m0291/Carta 96	1	31	K	8	i	i
real	A	m0291/Carta 96	1	41	K	2	h	e
real	A	m0291/Carta 96	1	42	K	f	e	s
real	A	m0291/Carta 96	1	6	K	4	s	s
real	A	m0291/Carta 96	1	32	K	y	a	a
real	A	m0291/Carta 96	1	9	K	5	c	c
real	A	m0291/Carta 96	1	47	K	7	e	e
real	A	m0291/Carta 96	1	46	K	12	r	r
shuf	A	m0291/Carta 96	1	10	U	15	o	a
shuf	A	m0291/Carta 96	1	44	K	15	o	o
shuf	A	m0291/Carta 96	1	7	K	3	t	t
shuf	A	m0291/Carta 96	1	16	K	8	i	i
shuf	A	m0291/Carta 96	1	49	K	12	r	r
shuf	A	m0291/Carta 96	1	33	K	21	b	l
shuf	A	m0291/Carta 96	1	12	K	13	q	o
shuf	A	m0291/Carta 96	1	3	K	15	e	e
shuf	A	m0291/Carta 96	1	5	K	15	o	o
shuf	A	m0291/Carta 96	1	45	K	c	u	u
shuf	A	m0291/Carta 96	1	31	K	8	i	u
shuf	A	m0291/Carta 96	1	41	K	2	h	d
shuf	A	m0291/Carta 96	1	42	K	f	e	e
shuf	A	m0291/Carta 96	1	6	K	4	s	s
shuf	A	m0291/Carta 96	1	32	K	y	a	a
shuf	A	m0291/Carta 96	1	9	K	5	c	r
shuf	A	m0291/Carta 96	1	47	K	7	e	e
shuf	A	m0291/Carta 96	1	46	K	12	r	r
real	A	m0288/Carta 85	12	40	U	4	a	n
real	A	m0288/Carta 85	12	28	K	14	n	n
real	A	m0288/Carta 85	12	42	K	19	e	e
real	A	m0288/Carta 85	12	3	K	19	e	e
real	A	m0288/Carta 85	12	43	K	14	n	n
real	A	m0288/Carta 85	12	29	K	15	o	o
real	A	m0288/Carta 85	12	31	K	12	r	r
real	A	m0288/Carta 85	12	35	K	2	d	d
real	A	m0288/Carta 85	12	46	K	12	r	r
real	A	m0288/Carta 85	12	32	K	17	a	a
real	A	m0288/Carta 85	12	47	K	17	a	a
real	A	m0288/Carta 85	12	36	K	15	o	o
real	A	m0288/Carta 85	12	30	K	3	t	t
real	A	m0288/Carta 85	12	33	K	3	t	t
real	A	m0288/Carta 85	12	38	K	19	a	e
real	A	m0288/Carta 85	12	37	K	2	d	d
real	A	m0288/Carta 85	12	34	K	23	a	a
real	A	m0288/Carta 85	12	41	K	26	v	v
shuf	A	m0288/Carta 85	12	40	U	4	a	o
shuf	A	m0288/Carta 85	12	28	K	14	n	n
shuf	A	m0288/Carta 85	12	42	K	19	e	e
shuf	A	m0288/Carta 85	12	3	K	19	e	e
shuf	A	m0288/Carta 85	12	43	K	14	n	m
shuf	A	m0288/Carta 85	12	29	K	15	o	o
shuf	A	m0288/Carta 85	12	31	K	12	r	r
shuf	A	m0288/Carta 85	12	35	K	2	d	d
shuf	A	m0288/Carta 85	12	46	K	12	r	r
shuf	A	m0288/Carta 85	12	32	K	17	a	a
shuf	A	m0288/Carta 85	12	47	K	17	a	a
shuf	A	m0288/Carta 85	12	36	K	15	o	o
shuf	A	m0288/Carta 85	12	30	K	3	t	t
shuf	A	m0288/Carta 85	12	33	K	3	t	t
shuf	A	m0288/Carta 85	12	38	K	19	a	e
shuf	A	m0288/Carta 85	12	37	K	2	d	d
shuf	A	m0288/Carta 85	12	34	K	23	a	a
shuf	A	m0288/Carta 85	12	41	K	26	v	v
real	A	m0290/Passage 2a	40	12	U	19	m	s
real	A	m0290/Passage 2a	40	47	K	23	a	a
real	A	m0290/Passage 2a	40	40	K	7	e	e
real	A	m0290/Passage 2a	40	38	K	5	c	c
real	A	m0290/Passage 2a	40	11	K	25	o	o
real	A	m0290/Passage 2a	40	42	K	x	d	d
real	A	m0290/Passage 2a	40	6	K	x	d	i
real	A	m0290/Passage 2a	40	7	K	2	o	d
real	A	m0290/Passage 2a	40	49	K	26	d	u
real	A	m0290/Passage 2a	40	5	K	m	n	n
real	A	m0290/Passage 2a	40	20	K	25	o	o
real	A	m0290/Passage 2a	40	35	K	55	p	p
real	A	m0290/Passage 2a	40	34	K	4	s	s
real	A	m0290/Passage 2a	40	48	K	4	e	s
real	A	m0290/Passage 2a	40	44	K	10	r	h
real	A	m0290/Passage 2a	40	9	K	c	u	s
real	A	m0290/Passage 2a	40	0	K	y	a	a
real	A	m0290/Passage 2a	40	23	K	c	g	g
shuf	A	m0290/Passage 2a	40	12	U	19	m	r
shuf	A	m0290/Passage 2a	40	47	K	23	a	a
shuf	A	m0290/Passage 2a	40	40	K	7	e	e
shuf	A	m0290/Passage 2a	40	38	K	5	c	c
shuf	A	m0290/Passage 2a	40	11	K	25	o	o
shuf	A	m0290/Passage 2a	40	42	K	x	d	e
shuf	A	m0290/Passage 2a	40	6	K	x	d	d
shuf	A	m0290/Passage 2a	40	7	K	2	o	e
shuf	A	m0290/Passage 2a	40	49	K	26	d	u
shuf	A	m0290/Passage 2a	40	5	K	m	n	e
shuf	A	m0290/Passage 2a	40	20	K	25	o	o
shuf	A	m0290/Passage 2a	40	35	K	55	p	c
shuf	A	m0290/Passage 2a	40	34	K	4	s	e
shuf	A	m0290/Passage 2a	40	48	K	4	e	s
shuf	A	m0290/Passage 2a	40	44	K	10	r	h
shuf	A	m0290/Passage 2a	40	9	K	c	u	u
shuf	A	m0290/Passage 2a	40	0	K	y	a	a
shuf	A	m0290/Passage 2a	40	23	K	c	g	a
real	A	m0286/Carta 74	0	36	U	24	e	i
real	A	m0286/Carta 74	0	13	K	23	a	a
real	A	m0286/Carta 74	0	22	K	15	o	o
real	A	m0286/Carta 74	0	12	K	a	t	t
real	A	m0286/Carta 74	0	18	K	19	e	e
real	A	m0286/Carta 74	0	26	K	y	a	a
real	A	m0286/Carta 74	0	44	K	7	e	e
real	A	m0286/Carta 74	0	48	K	24	h	e
real	A	m0286/Carta 74	0	0	K	7	e	e
real	A	m0286/Carta 74	0	15	K	m	n	n
real	A	m0286/Carta 74	0	31	K	f	r	s
real	A	m0286/Carta 74	0	37	K	4	s	s
real	A	m0286/Carta 74	0	9	K	15	p	c
real	A	m0286/Carta 74	0	28	K	15	c	o
real	A	m0286/Carta 74	0	14	K	d	o	i
real	A	m0286/Carta 74	0	20	K	18	o	o
real	A	m0286/Carta 74	0	8	K	19	e	e
real	A	m0286/Carta 74	0	34	K	18	s	m
shuf	A	m0286/Carta 74	0	36	U	24	e	o
shuf	A	m0286/Carta 74	0	13	K	23	a	a
shuf	A	m0286/Carta 74	0	22	K	15	o	a
shuf	A	m0286/Carta 74	0	12	K	a	t	c
shuf	A	m0286/Carta 74	0	18	K	19	e	e
shuf	A	m0286/Carta 74	0	26	K	y	a	r
shuf	A	m0286/Carta 74	0	44	K	7	e	e
shuf	A	m0286/Carta 74	0	48	K	24	h	e
shuf	A	m0286/Carta 74	0	0	K	7	e	e
shuf	A	m0286/Carta 74	0	15	K	m	n	n
shuf	A	m0286/Carta 74	0	31	K	f	r	s
shuf	A	m0286/Carta 74	0	37	K	4	s	s
shuf	A	m0286/Carta 74	0	9	K	15	p	o
shuf	A	m0286/Carta 74	0	28	K	15	c	o
shuf	A	m0286/Carta 74	0	14	K	d	o	o
shuf	A	m0286/Carta 74	0	20	K	18	o	t
shuf	A	m0286/Carta 74	0	8	K	19	e	e
shuf	A	m0286/Carta 74	0	34	K	18	s	o
real	A	m0293/Carta 106	0	30	U	20	l	m
real	A	m0293/Carta 106	0	3	K	y	a	a
real	A	m0293/Carta 106	0	42	K	18	m	m
real	A	m0293/Carta 106	0	9	K	7	e	e
real	A	m0293/Carta 106	0	37	K	26	o	v
real	A	m0293/Carta 106	0	34	K	21	b	p
real	A	m0293/Carta 106	0	41	K	52	r	r
real	A	m0293/Carta 106	0	6	K	26	v	s
real	A	m0293/Carta 106	0	45	K	26	v	o
real	A	m0293/Carta 106	0	40	K	7	e	e
real	A	m0293/Carta 106	0	29	K	15	u	o
real	A	m0293/Carta 106	0	31	K	8	i	i
real	A	m0293/Carta 106	0	22	K	2	d	d
real	A	m0293/Carta 106	0	10	K	12	r	r
real	A	m0293/Carta 106	0	35	K	12	r	r
real	A	m0293/Carta 106	0	8	K	26	v	v
real	A	m0293/Carta 106	0	47	K	14	n	e
real	A	m0293/Carta 106	0	33	K	d	g	o
shuf	A	m0293/Carta 106	0	30	U	20	l	m
shuf	A	m0293/Carta 106	0	3	K	y	a	s
shuf	A	m0293/Carta 106	0	42	K	18	m	m
shuf	A	m0293/Carta 106	0	9	K	7	e	e
shuf	A	m0293/Carta 106	0	37	K	26	o	v
shuf	A	m0293/Carta 106	0	34	K	21	b	n
shuf	A	m0293/Carta 106	0	41	K	52	r	u
shuf	A	m0293/Carta 106	0	6	K	26	v	u
shuf	A	m0293/Carta 106	0	45	K	26	v	a
shuf	A	m0293/Carta 106	0	40	K	7	e	e
shuf	A	m0293/Carta 106	0	29	K	15	u	o
shuf	A	m0293/Carta 106	0	31	K	8	i	i
shuf	A	m0293/Carta 106	0	22	K	2	d	e
shuf	A	m0293/Carta 106	0	10	K	12	r	r
shuf	A	m0293/Carta 106	0	35	K	12	r	r
shuf	A	m0293/Carta 106	0	8	K	26	v	v
shuf	A	m0293/Carta 106	0	47	K	14	n	n
shuf	A	m0293/Carta 106	0	33	K	d	g	o
real	A	m0288/Carta 85	9	35	U	17	a	a
real	A	m0288/Carta 85	9	0	K	5	c	c
real	A	m0288/Carta 85	9	45	K	19	e	e
real	A	m0288/Carta 85	9	37	K	23	a	a
real	A	m0288/Carta 85	9	6	K	19	e	e
real	A	m0288/Carta 85	9	44	K	26	v	v
real	A	m0288/Carta 85	9	46	K	14	n	n
real	A	m0288/Carta 85	9	43	K	4	a	s
real	A	m0288/Carta 85	9	41	K	19	a	e
real	A	m0288/Carta 85	9	32	K	15	o	o
real	A	m0288/Carta 85	9	48	K	7	e	e
real	A	m0288/Carta 85	9	2	K	14	n	n
real	A	m0288/Carta 85	9	38	K	2	d	d
real	A	m0288/Carta 85	9	4	K	23	a	a
real	A	m0288/Carta 85	9	36	K	3	t	t
real	A	m0288/Carta 85	9	40	K	2	d	d
real	A	m0288/Carta 85	9	47	K	2	d	d
real	A	m0288/Carta 85	9	31	K	14	n	n
shuf	A	m0288/Carta 85	9	35	U	17	a	a
shuf	A	m0288/Carta 85	9	0	K	5	c	c
shuf	A	m0288/Carta 85	9	45	K	19	e	e
shuf	A	m0288/Carta 85	9	37	K	23	a	a
shuf	A	m0288/Carta 85	9	6	K	19	e	e
shuf	A	m0288/Carta 85	9	44	K	26	v	v
shuf	A	m0288/Carta 85	9	46	K	14	n	n
shuf	A	m0288/Carta 85	9	43	K	4	a	e
shuf	A	m0288/Carta 85	9	41	K	19	a	e
shuf	A	m0288/Carta 85	9	32	K	15	o	o
shuf	A	m0288/Carta 85	9	48	K	7	e	e
shuf	A	m0288/Carta 85	9	2	K	14	n	n
shuf	A	m0288/Carta 85	9	38	K	2	d	d
shuf	A	m0288/Carta 85	9	4	K	23	a	a
shuf	A	m0288/Carta 85	9	36	K	3	t	t
shuf	A	m0288/Carta 85	9	40	K	2	d	d
shuf	A	m0288/Carta 85	9	47	K	2	d	d
shuf	A	m0288/Carta 85	9	31	K	14	n	n
real	A	m0286/Carta 74	9	13	U	15	o	o
real	A	m0286/Carta 74	9	25	K	18	s	o
real	A	m0286/Carta 74	9	44	K	3	d	t
real	A	m0286/Carta 74	9	49	K	y	a	a
real	A	m0286/Carta 74	9	21	K	17	a	a
real	A	m0286/Carta 74	9	45	K	y	e	a
real	A	m0286/Carta 74	9	1	K	y	a	a
real	A	m0286/Carta 74	9	39	K	24	h	e
real	A	m0286/Carta 74	9	4	K	23	a	e
real	A	m0286/Carta 74	9	23	K	8	i	i
real	A	m0286/Carta 74	9	47	K	d	o	o
real	A	m0286/Carta 74	9	43	K	4	s	s
real	A	m0286/Carta 74	9	31	K	f	s	s
real	A	m0286/Carta 74	9	29	K	a	t	t
real	A	m0286/Carta 74	9	48	K	a	t	m
real	A	m0286/Carta 74	9	0	K	15	p	o
real	A	m0286/Carta 74	9	35	K	7	e	e
real	A	m0286/Carta 74	9	46	K	5	c	c
shuf	A	m0286/Carta 74	9	13	U	15	o	p
shuf	A	m0286/Carta 74	9	25	K	18	s	o
shuf	A	m0286/Carta 74	9	44	K	3	d	t
shuf	A	m0286/Carta 74	9	49	K	y	a	a
shuf	A	m0286/Carta 74	9	21	K	17	a	a
shuf	A	m0286/Carta 74	9	45	K	y	e	a
shuf	A	m0286/Carta 74	9	1	K	y	a	s
shuf	A	m0286/Carta 74	9	39	K	24	h	a
shuf	A	m0286/Carta 74	9	4	K	23	a	a
shuf	A	m0286/Carta 74	9	23	K	8	i	i
shuf	A	m0286/Carta 74	9	47	K	d	o	o
shuf	A	m0286/Carta 74	9	43	K	4	s	s
shuf	A	m0286/Carta 74	9	31	K	f	s	r
shuf	A	m0286/Carta 74	9	29	K	a	t	e
shuf	A	m0286/Carta 74	9	48	K	a	t	m
shuf	A	m0286/Carta 74	9	0	K	15	p	o
shuf	A	m0286/Carta 74	9	35	K	7	e	e
shuf	A	m0286/Carta 74	9	46	K	5	c	c
real	A	m0290/Passage 2a	34	47	U	f	s	n
real	A	m0290/Passage 2a	34	38	K	2	d	d
real	A	m0290/Passage 2a	34	48	K	x	d	s
real	A	m0290/Passage 2a	34	23	K	7	e	e
real	A	m0290/Passage 2a	34	25	K	22	i	i
real	A	m0290/Passage 2a	34	16	K	2	d	d
real	A	m0290/Passage 2a	34	29	K	c	g	g
real	A	m0290/Passage 2a	34	15	K	c	u	s
real	A	m0290/Passage 2a	34	0	K	19	e	e
real	A	m0290/Passage 2a	34	40	K	4	s	s
real	A	m0290/Passage 2a	34	1	K	11	p	s
real	A	m0290/Passage 2a	34	26	K	25	o	o
real	A	m0290/Passage 2a	34	44	K	5	c	c
real	A	m0290/Passage 2a	34	8	K	25	o	o
real	A	m0290/Passage 2a	34	4	K	15	o	o
real	A	m0290/Passage 2a	34	18	K	19	m	e
real	A	m0290/Passage 2a	34	46	K	7	e	e
real	A	m0290/Passage 2a	34	43	K	9	i	r
shuf	A	m0290/Passage 2a	34	47	U	f	s	c
shuf	A	m0290/Passage 2a	34	38	K	2	d	d
shuf	A	m0290/Passage 2a	34	48	K	x	d	o
shuf	A	m0290/Passage 2a	34	23	K	7	e	q
shuf	A	m0290/Passage 2a	34	25	K	22	i	e
shuf	A	m0290/Passage 2a	34	16	K	2	d	d
shuf	A	m0290/Passage 2a	34	29	K	c	g	o
shuf	A	m0290/Passage 2a	34	15	K	c	u	u
shuf	A	m0290/Passage 2a	34	0	K	19	e	e
shuf	A	m0290/Passage 2a	34	40	K	4	s	s
shuf	A	m0290/Passage 2a	34	1	K	11	p	s
shuf	A	m0290/Passage 2a	34	26	K	25	o	a
shuf	A	m0290/Passage 2a	34	44	K	5	c	s
shuf	A	m0290/Passage 2a	34	8	K	25	o	t
shuf	A	m0290/Passage 2a	34	4	K	15	o	o
shuf	A	m0290/Passage 2a	34	18	K	19	m	e
shuf	A	m0290/Passage 2a	34	46	K	7	e	e
shuf	A	m0290/Passage 2a	34	43	K	9	i	o
real	A	m0291/Carta 96	0	18	U	5	c	t
real	A	m0291/Carta 96	0	36	K	20	l	l
real	A	m0291/Carta 96	0	7	K	4	s	s
real	A	m0291/Carta 96	0	19	K	15	o	o
real	A	m0291/Carta 96	0	16	K	16	f	e
real	A	m0291/Carta 96	0	33	K	y	a	a
real	A	m0291/Carta 96	0	49	K	8	i	i
real	A	m0291/Carta 96	0	39	K	y	a	a
real	A	m0291/Carta 96	0	42	K	2	h	e
real	A	m0291/Carta 96	0	3	K	12	r	r
real	A	m0291/Carta 96	0	1	K	12	r	h
real	A	m0291/Carta 96	0	46	K	c	u	u
real	A	m0291/Carta 96	0	6	K	15	o	o
real	A	m0291/Carta 96	0	48	K	7	e	e
real	A	m0291/Carta 96	0	35	K	25	o	o
real	A	m0291/Carta 96	0	37	K	2	e	e
real	A	m0291/Carta 96	0	44	K	f	s	s
real	A	m0291/Carta 96	0	47	K	12	r	r
shuf	A	m0291/Carta 96	0	18	U	5	c	r
shuf	A	m0291/Carta 96	0	36	K	20	l	l
shuf	A	m0291/Carta 96	0	7	K	4	s	m
shuf	A	m0291/Carta 96	0	19	K	15	o	a
shuf	A	m0291/Carta 96	0	16	K	16	f	f
shuf	A	m0291/Carta 96	0	33	K	y	a	a
shuf	A	m0291/Carta 96	0	49	K	8	i	i
shuf	A	m0291/Carta 96	0	39	K	y	a	a
shuf	A	m0291/Carta 96	0	42	K	2	h	a
shuf	A	m0291/Carta 96	0	3	K	12	r	r
shuf	A	m0291/Carta 96	0	1	K	12	r	r
shuf	A	m0291/Carta 96	0	46	K	c	u	o
shuf	A	m0291/Carta 96	0	6	K	15	o	o
shuf	A	m0291/Carta 96	0	48	K	7	e	e
shuf	A	m0291/Carta 96	0	35	K	25	o	a
shuf	A	m0291/Carta 96	0	37	K	2	e	d
shuf	A	m0291/Carta 96	0	44	K	f	s	r
shuf	A	m0291/Carta 96	0	47	K	12	r	r
real	A	m0282/Carta 58	12	17	U	17	a	e
real	A	m0282/Carta 58	12	11	K	21	b	b
real	A	m0282/Carta 58	12	39	K	17	a	a
real	A	m0282/Carta 58	12	4	K	m	n	n
real	A	m0282/Carta 58	12	46	K	2	d	d
real	A	m0282/Carta 58	12	0	K	a	l	t
real	A	m0282/Carta 58	12	35	K	22	e	i
real	A	m0282/Carta 58	12	5	K	5	c	c
real	A	m0282/Carta 58	12	41	K	2	d	i
real	A	m0282/Carta 58	12	37	K	15	o	o
real	A	m0282/Carta 58	12	38	K	13	m	u
real	A	m0282/Carta 58	12	22	K	15	o	o
real	A	m0282/Carta 58	12	18	K	4	s	s
real	A	m0282/Carta 58	12	32	K	17	a	a
real	A	m0282/Carta 58	12	33	K	21	b	b
real	A	m0282/Carta 58	12	21	K	4	s	s
real	A	m0282/Carta 58	12	8	K	14	e	s
real	A	m0282/Carta 58	12	23	K	17	a	a
shuf	A	m0282/Carta 58	12	17	U	17	a	a
shuf	A	m0282/Carta 58	12	11	K	21	b	a
shuf	A	m0282/Carta 58	12	39	K	17	a	a
shuf	A	m0282/Carta 58	12	4	K	m	n	a
shuf	A	m0282/Carta 58	12	46	K	2	d	t
shuf	A	m0282/Carta 58	12	0	K	a	l	t
shuf	A	m0282/Carta 58	12	35	K	22	e	i
shuf	A	m0282/Carta 58	12	5	K	5	c	i
shuf	A	m0282/Carta 58	12	41	K	2	d	d
shuf	A	m0282/Carta 58	12	37	K	15	o	o
shuf	A	m0282/Carta 58	12	38	K	13	m	q
shuf	A	m0282/Carta 58	12	22	K	15	o	t
shuf	A	m0282/Carta 58	12	18	K	4	s	s
shuf	A	m0282/Carta 58	12	32	K	17	a	a
shuf	A	m0282/Carta 58	12	33	K	21	b	b
shuf	A	m0282/Carta 58	12	21	K	4	s	s
shuf	A	m0282/Carta 58	12	8	K	14	e	s
shuf	A	m0282/Carta 58	12	23	K	17	a	r
real	A	m0291/Passage 3a	8	27	U	12	r	r
real	A	m0291/Passage 3a	8	35	K	5	c	c
real	A	m0291/Passage 3a	8	22	K	y	a	e
real	A	m0291/Passage 3a	8	34	K	15	o	o
real	A	m0291/Passage 3a	8	46	K	22	i	i
real	A	m0291/Passage 3a	8	7	K	x	d	d
real	A	m0291/Passage 3a	8	11	K	55	p	p
real	A	m0291/Passage 3a	8	19	K	x	d	a
real	A	m0291/Passage 3a	8	36	K	8	i	i
real	A	m0291/Passage 3a	8	8	K	23	a	a
real	A	m0291/Passage 3a	8	15	K	5	c	c
real	A	m0291/Passage 3a	8	2	K	7	e	e
real	A	m0291/Passage 3a	8	25	K	26	v	v
real	A	m0291/Passage 3a	8	5	K	18	r	r
real	A	m0291/Passage 3a	8	44	K	19	e	e
real	A	m0291/Passage 3a	8	16	K	8	i	i
real	A	m0291/Passage 3a	8	23	K	14	n	n
real	A	m0291/Passage 3a	8	37	K	y	a	a
shuf	A	m0291/Passage 3a	8	27	U	12	r	n
shuf	A	m0291/Passage 3a	8	35	K	5	c	c
shuf	A	m0291/Passage 3a	8	22	K	y	a	a
shuf	A	m0291/Passage 3a	8	34	K	15	o	e
shuf	A	m0291/Passage 3a	8	46	K	22	i	i
shuf	A	m0291/Passage 3a	8	7	K	x	d	d
shuf	A	m0291/Passage 3a	8	11	K	55	p	p
shuf	A	m0291/Passage 3a	8	19	K	x	d	d
shuf	A	m0291/Passage 3a	8	36	K	8	i	i
shuf	A	m0291/Passage 3a	8	8	K	23	a	a
shuf	A	m0291/Passage 3a	8	15	K	5	c	e
shuf	A	m0291/Passage 3a	8	2	K	7	e	e
shuf	A	m0291/Passage 3a	8	25	K	26	v	o
shuf	A	m0291/Passage 3a	8	5	K	18	r	m
shuf	A	m0291/Passage 3a	8	44	K	19	e	e
shuf	A	m0291/Passage 3a	8	16	K	8	i	g
shuf	A	m0291/Passage 3a	8	23	K	14	n	n
shuf	A	m0291/Passage 3a	8	37	K	y	a	a
real	A	m0294/Carta 110	8	12	U	x	d	u
real	A	m0294/Carta 110	8	3	K	55	n	p
real	A	m0294/Carta 110	8	25	K	18	m	m
real	A	m0294/Carta 110	8	9	K	55	p	p
real	A	m0294/Carta 110	8	24	K	8	i	i
real	A	m0294/Carta 110	8	1	K	5	c	c
real	A	m0294/Carta 110	8	13	K	7	e	e
real	A	m0294/Carta 110	8	49	K	8	i	i
real	A	m0294/Carta 110	8	17	K	16	f	i
real	A	m0294/Carta 110	8	18	K	15	o	o
real	A	m0294/Carta 110	8	44	K	y	a	a
real	A	m0294/Carta 110	8	7	K	19	e	e
real	A	m0294/Carta 110	8	46	K	7	e	e
real	A	m0294/Carta 110	8	20	K	7	e	e
real	A	m0294/Carta 110	8	45	K	18	m	m
real	A	m0294/Carta 110	8	42	K	4	s	s
real	A	m0294/Carta 110	8	6	K	12	r	r
real	A	m0294/Carta 110	8	14	K	12	r	r
shuf	A	m0294/Carta 110	8	12	U	x	d	u
shuf	A	m0294/Carta 110	8	3	K	55	n	p
shuf	A	m0294/Carta 110	8	25	K	18	m	o
shuf	A	m0294/Carta 110	8	9	K	55	p	r
shuf	A	m0294/Carta 110	8	24	K	8	i	i
shuf	A	m0294/Carta 110	8	1	K	5	c	g
shuf	A	m0294/Carta 110	8	13	K	7	e	r
shuf	A	m0294/Carta 110	8	49	K	8	i	i
shuf	A	m0294/Carta 110	8	17	K	16	f	n
shuf	A	m0294/Carta 110	8	18	K	15	o	a
shuf	A	m0294/Carta 110	8	44	K	y	a	a
shuf	A	m0294/Carta 110	8	7	K	19	e	e
shuf	A	m0294/Carta 110	8	46	K	7	e	e
shuf	A	m0294/Carta 110	8	20	K	7	e	e
shuf	A	m0294/Carta 110	8	45	K	18	m	m
shuf	A	m0294/Carta 110	8	42	K	4	s	s
shuf	A	m0294/Carta 110	8	6	K	12	r	r
shuf	A	m0294/Carta 110	8	14	K	12	r	q
real	A	m0281/Carta 15	24	29	U	10	h	m
real	A	m0281/Carta 15	24	1	K	15	o	o
real	A	m0281/Carta 15	24	48	K	15	u	o
real	A	m0281/Carta 15	24	49	K	18	m	m
real	A	m0281/Carta 15	24	5	K	4	l	s
real	A	m0281/Carta 15	24	47	K	5	c	c
real	A	m0281/Carta 15	24	4	K	7	e	e
real	A	m0281/Carta 15	24	31	K	18	m	r
real	A	m0281/Carta 15	24	2	K	7	r	e
real	A	m0281/Carta 15	24	6	K	7	r	e
real	A	m0281/Carta 15	24	36	K	a	t	d
real	A	m0281/Carta 15	24	8	K	8	i	i
real	A	m0281/Carta 15	24	0	K	15	o	o
real	A	m0281/Carta 15	24	35	K	7	r	e
real	A	m0281/Carta 15	24	7	K	7	e	r
real	A	m0281/Carta 15	24	33	K	5	c	c
real	A	m0281/Carta 15	24	26	K	6	p	p
real	A	m0281/Carta 15	24	3	K	y	a	a
shuf	A	m0281/Carta 15	24	29	U	10	h	e
shuf	A	m0281/Carta 15	24	1	K	15	o	o
shuf	A	m0281/Carta 15	24	48	K	15	u	o
shuf	A	m0281/Carta 15	24	49	K	18	m	m
shuf	A	m0281/Carta 15	24	5	K	4	l	s
shuf	A	m0281/Carta 15	24	47	K	5	c	c
shuf	A	m0281/Carta 15	24	4	K	7	e	e
shuf	A	m0281/Carta 15	24	31	K	18	m	r
shuf	A	m0281/Carta 15	24	2	K	7	r	e
shuf	A	m0281/Carta 15	24	6	K	7	r	e
shuf	A	m0281/Carta 15	24	36	K	a	t	t
shuf	A	m0281/Carta 15	24	8	K	8	i	i
shuf	A	m0281/Carta 15	24	0	K	15	o	o
shuf	A	m0281/Carta 15	24	35	K	7	r	r
shuf	A	m0281/Carta 15	24	7	K	7	e	e
shuf	A	m0281/Carta 15	24	33	K	5	c	c
shuf	A	m0281/Carta 15	24	26	K	6	p	p
shuf	A	m0281/Carta 15	24	3	K	y	a	a
real	A	m0285/Carta 72	30	0	U	26	o	q
real	A	m0285/Carta 72	30	48	K	5	n	c
real	A	m0285/Carta 72	30	12	K	17	e	a
real	A	m0285/Carta 72	30	20	K	8	i	i
real	A	m0285/Carta 72	30	2	K	y	a	a
real	A	m0285/Carta 72	30	22	K	y	a	a
real	A	m0285/Carta 72	30	14	K	19	e	e
real	A	m0285/Carta 72	30	38	K	3	s	t
real	A	m0285/Carta 72	30	18	K	14	n	n
real	A	m0285/Carta 72	30	45	K	12	r	r
real	A	m0285/Carta 72	30	19	K	2	d	d
real	A	m0285/Carta 72	30	23	K	4	s	s
real	A	m0285/Carta 72	30	4	K	2	d	d
real	A	m0285/Carta 72	30	17	K	15	o	o
real	A	m0285/Carta 72	30	15	K	4	s	s
real	A	m0285/Carta 72	30	16	K	5	c	c
real	A	m0285/Carta 72	30	47	K	y	e	a
real	A	m0285/Carta 72	30	1	K	c	g	u
shuf	A	m0285/Carta 72	30	0	U	26	o	w
shuf	A	m0285/Carta 72	30	48	K	5	n	c
shuf	A	m0285/Carta 72	30	12	K	17	e	a
shuf	A	m0285/Carta 72	30	20	K	8	i	r
shuf	A	m0285/Carta 72	30	2	K	y	a	a
shuf	A	m0285/Carta 72	30	22	K	y	a	a
shuf	A	m0285/Carta 72	30	14	K	19	e	e
shuf	A	m0285/Carta 72	30	38	K	3	s	a
shuf	A	m0285/Carta 72	30	18	K	14	n	n
shuf	A	m0285/Carta 72	30	45	K	12	r	r
shuf	A	m0285/Carta 72	30	19	K	2	d	d
shuf	A	m0285/Carta 72	30	23	K	4	s	l
shuf	A	m0285/Carta 72	30	4	K	2	d	o
shuf	A	m0285/Carta 72	30	17	K	15	o	o
shuf	A	m0285/Carta 72	30	15	K	4	s	s
shuf	A	m0285/Carta 72	30	16	K	5	c	c
shuf	A	m0285/Carta 72	30	47	K	y	e	a
shuf	A	m0285/Carta 72	30	1	K	c	g	v
real	A	m0291/Carta 96	2	2	U	15	e	i
real	A	m0291/Carta 96	2	15	K	8	i	i
real	A	m0291/Carta 96	2	17	K	15	o	o
real	A	m0291/Carta 96	2	46	K	7	e	e
real	A	m0291/Carta 96	2	43	K	15	o	o
real	A	m0291/Carta 96	2	30	K	8	i	i
real	A	m0291/Carta 96	2	45	K	12	r	r
real	A	m0291/Carta 96	2	49	K	25	o	o
real	A	m0291/Carta 96	2	41	K	f	e	e
real	A	m0291/Carta 96	2	8	K	5	c	c
real	A	m0291/Carta 96	2	34	K	20	l	r
real	A	m0291/Carta 96	2	5	K	4	s	s
real	A	m0291/Carta 96	2	7	K	25	o	o
real	A	m0291/Carta 96	2	14	K	16	f	l
real	A	m0291/Carta 96	2	4	K	15	o	o
real	A	m0291/Carta 96	2	42	K	f	s	s
real	A	m0291/Carta 96	2	33	K	25	o	o
real	A	m0291/Carta 96	2	37	K	y	a	a
shuf	A	m0291/Carta 96	2	2	U	15	e	q
shuf	A	m0291/Carta 96	2	15	K	8	i	i
shuf	A	m0291/Carta 96	2	17	K	15	o	h
shuf	A	m0291/Carta 96	2	46	K	7	e	e
shuf	A	m0291/Carta 96	2	43	K	15	o	o
shuf	A	m0291/Carta 96	2	30	K	8	i	i
shuf	A	m0291/Carta 96	2	45	K	12	r	r
shuf	A	m0291/Carta 96	2	49	K	25	o	o
shuf	A	m0291/Carta 96	2	41	K	f	e	y
shuf	A	m0291/Carta 96	2	8	K	5	c	o
shuf	A	m0291/Carta 96	2	34	K	20	l	l
shuf	A	m0291/Carta 96	2	5	K	4	s	s
shuf	A	m0291/Carta 96	2	7	K	25	o	o
shuf	A	m0291/Carta 96	2	14	K	16	f	h
shuf	A	m0291/Carta 96	2	4	K	15	o	e
shuf	A	m0291/Carta 96	2	42	K	f	s	g
shuf	A	m0291/Carta 96	2	33	K	25	o	o
shuf	A	m0291/Carta 96	2	37	K	y	a	o
real	A	m0289/Carta 92	17	31	U	23	a	e
real	A	m0289/Carta 92	17	3	K	12	r	r
real	A	m0289/Carta 92	17	39	K	17	a	a
real	A	m0289/Carta 92	17	37	K	y	a	a
real	A	m0289/Carta 92	17	47	K	4	s	a
real	A	m0289/Carta 92	17	42	K	x	d	d
real	A	m0289/Carta 92	17	33	K	x	d	d
real	A	m0289/Carta 92	17	30	K	3	t	t
real	A	m0289/Carta 92	17	10	K	m	n	n
real	A	m0289/Carta 92	17	38	K	y	s	r
real	A	m0289/Carta 92	17	13	K	4	s	s
real	A	m0289/Carta 92	17	43	K	25	o	o
real	A	m0289/Carta 92	17	22	K	19	e	e
real	A	m0289/Carta 92	17	17	K	18	m	b
real	A	m0289/Carta 92	17	35	K	7	e	e
real	A	m0289/Carta 92	17	44	K	5	e	c
real	A	m0289/Carta 92	17	36	K	5	c	c
real	A	m0289/Carta 92	17	9	K	17	a	a
shuf	A	m0289/Carta 92	17	31	U	23	a	e
shuf	A	m0289/Carta 92	17	3	K	12	r	r
shuf	A	m0289/Carta 92	17	39	K	17	a	a
shuf	A	m0289/Carta 92	17	37	K	y	a	a
shuf	A	m0289/Carta 92	17	47	K	4	s	s
shuf	A	m0289/Carta 92	17	42	K	x	d	d
shuf	A	m0289/Carta 92	17	33	K	x	d	a
shuf	A	m0289/Carta 92	17	30	K	3	t	i
shuf	A	m0289/Carta 92	17	10	K	m	n	k
shuf	A	m0289/Carta 92	17	38	K	y	s	r
shuf	A	m0289/Carta 92	17	13	K	4	s	n
shuf	A	m0289/Carta 92	17	43	K	25	o	o
shuf	A	m0289/Carta 92	17	22	K	19	e	l
shuf	A	m0289/Carta 92	17	17	K	18	m	o
shuf	A	m0289/Carta 92	17	35	K	7	e	e
shuf	A	m0289/Carta 92	17	44	K	5	e	s
shuf	A	m0289/Carta 92	17	36	K	5	c	c
shuf	A	m0289/Carta 92	17	9	K	17	a	a
real	A	m0293/Carta 106	0	27	U	19	e	c
real	A	m0293/Carta 106	0	10	K	12	r	r
real	A	m0293/Carta 106	0	7	K	22	i	g
real	A	m0293/Carta 106	0	35	K	12	r	r
real	A	m0293/Carta 106	0	32	K	14	n	n
real	A	m0293/Carta 106	0	33	K	d	g	o
real	A	m0293/Carta 106	0	43	K	15	o	o
real	A	m0293/Carta 106	0	29	K	15	u	o
real	A	m0293/Carta 106	0	24	K	55	o	p
real	A	m0293/Carta 106	0	4	K	10	r	r
real	A	m0293/Carta 106	0	45	K	26	v	v
real	A	m0293/Carta 106	0	1	K	4	s	s
real	A	m0293/Carta 106	0	6	K	26	v	u
real	A	m0293/Carta 106	0	42	K	18	m	m
real	A	m0293/Carta 106	0	38	K	55	k	e
real	A	m0293/Carta 106	0	23	K	15	o	o
real	A	m0293/Carta 106	0	40	K	7	e	e
real	A	m0293/Carta 106	0	41	K	52	r	r
shuf	A	m0293/Carta 106	0	27	U	19	e	e
shuf	A	m0293/Carta 106	0	10	K	12	r	r
shuf	A	m0293/Carta 106	0	7	K	22	i	i
shuf	A	m0293/Carta 106	0	35	K	12	r	a
shuf	A	m0293/Carta 106	0	32	K	14	n	n
shuf	A	m0293/Carta 106	0	33	K	d	g	o
shuf	A	m0293/Carta 106	0	43	K	15	o	c
shuf	A	m0293/Carta 106	0	29	K	15	u	o
shuf	A	m0293/Carta 106	0	24	K	55	o	o
shuf	A	m0293/Carta 106	0	4	K	10	r	i
shuf	A	m0293/Carta 106	0	45	K	26	v	o
shuf	A	m0293/Carta 106	0	1	K	4	s	s
shuf	A	m0293/Carta 106	0	6	K	26	v	u
shuf	A	m0293/Carta 106	0	42	K	18	m	o
shuf	A	m0293/Carta 106	0	38	K	55	k	o
shuf	A	m0293/Carta 106	0	23	K	15	o	n
shuf	A	m0293/Carta 106	0	40	K	7	e	e
shuf	A	m0293/Carta 106	0	41	K	52	r	g
real	A	m0282/Carta 61	0	6	U	21	b	d
real	A	m0282/Carta 61	0	22	K	8	i	i
real	A	m0282/Carta 61	0	13	K	23	o	r
real	A	m0282/Carta 61	0	9	K	7	h	e
real	A	m0282/Carta 61	0	7	K	15	o	o
real	A	m0282/Carta 61	0	0	K	4	s	s
real	A	m0282/Carta 61	0	3	K	2	d	d
real	A	m0282/Carta 61	0	19	K	26	u	u
real	A	m0282/Carta 61	0	14	K	15	o	o
real	A	m0282/Carta 61	0	2	K	15	o	o
real	A	m0282/Carta 61	0	23	K	12	r	r
real	A	m0282/Carta 61	0	11	K	19	e	e
real	A	m0282/Carta 61	0	4	K	8	i	i
real	A	m0282/Carta 61	0	1	K	7	e	e
real	A	m0282/Carta 61	0	16	K	7	e	e
real	A	m0282/Carta 61	0	5	K	17	a	a
real	A	m0282/Carta 61	0	24	K	15	o	o
real	A	m0282/Carta 61	0	18	K	15	o	o
shuf	A	m0282/Carta 61	0	6	U	21	b	n
shuf	A	m0282/Carta 61	0	22	K	8	i	i
shuf	A	m0282/Carta 61	0	13	K	23	o	a
shuf	A	m0282/Carta 61	0	9	K	7	h	e
shuf	A	m0282/Carta 61	0	7	K	15	o	o
shuf	A	m0282/Carta 61	0	0	K	4	s	s
shuf	A	m0282/Carta 61	0	3	K	2	d	d
shuf	A	m0282/Carta 61	0	19	K	26	u	u
shuf	A	m0282/Carta 61	0	14	K	15	o	o
shuf	A	m0282/Carta 61	0	2	K	15	o	o
shuf	A	m0282/Carta 61	0	23	K	12	r	r
shuf	A	m0282/Carta 61	0	11	K	19	e	e
shuf	A	m0282/Carta 61	0	4	K	8	i	i
shuf	A	m0282/Carta 61	0	1	K	7	e	e
shuf	A	m0282/Carta 61	0	16	K	7	e	e
shuf	A	m0282/Carta 61	0	5	K	17	a	a
shuf	A	m0282/Carta 61	0	24	K	15	o	d
shuf	A	m0282/Carta 61	0	18	K	15	o	o
real	A	m0289/Carta 92	50	15	U	f	s	d
real	A	m0289/Carta 92	50	24	K	18	o	o
real	A	m0289/Carta 92	50	48	K	z	e	e
real	A	m0289/Carta 92	50	7	K	x	d	d
real	A	m0289/Carta 92	50	8	K	15	o	o
real	A	m0289/Carta 92	50	45	K	5	c	c
real	A	m0289/Carta 92	50	5	K	y	s	r
real	A	m0289/Carta 92	50	38	K	15	o	o
real	A	m0289/Carta 92	50	42	K	11	p	p
real	A	m0289/Carta 92	50	26	K	7	e	e
real	A	m0289/Carta 92	50	1	K	d	o	o
real	A	m0289/Carta 92	50	49	K	c	v	u
real	A	m0289/Carta 92	50	30	K	26	v	d
real	A	m0289/Carta 92	50	22	K	11	s	h
real	A	m0289/Carta 92	50	39	K	18	m	m
real	A	m0289/Carta 92	50	37	K	5	c	c
real	A	m0289/Carta 92	50	2	K	7	e	e
real	A	m0289/Carta 92	50	46	K	25	o	o
shuf	A	m0289/Carta 92	50	15	U	f	s	c
shuf	A	m0289/Carta 92	50	24	K	18	o	m
shuf	A	m0289/Carta 92	50	48	K	z	e	r
shuf	A	m0289/Carta 92	50	7	K	x	d	d
shuf	A	m0289/Carta 92	50	8	K	15	o	o
shuf	A	m0289/Carta 92	50	45	K	5	c	o
shuf	A	m0289/Carta 92	50	5	K	y	s	a
shuf	A	m0289/Carta 92	50	38	K	15	o	o
shuf	A	m0289/Carta 92	50	42	K	11	p	a
shuf	A	m0289/Carta 92	50	26	K	7	e	e
shuf	A	m0289/Carta 92	50	1	K	d	o	o
shuf	A	m0289/Carta 92	50	49	K	c	v	u
shuf	A	m0289/Carta 92	50	30	K	26	v	o
shuf	A	m0289/Carta 92	50	22	K	11	s	r
shuf	A	m0289/Carta 92	50	39	K	18	m	m
shuf	A	m0289/Carta 92	50	37	K	5	c	c
shuf	A	m0289/Carta 92	50	2	K	7	e	d
shuf	A	m0289/Carta 92	50	46	K	25	o	s
real	A	m0291/Passage 3a	5	41	U	11	p	p
real	A	m0291/Passage 3a	5	11	K	23	a	a
real	A	m0291/Passage 3a	5	36	K	5	c	s
real	A	m0291/Passage 3a	5	45	K	55	p	p
real	A	m0291/Passage 3a	5	32	K	d	o	o
real	A	m0291/Passage 3a	5	21	K	24	e	e
real	A	m0291/Passage 3a	5	34	K	7	e	e
real	A	m0291/Passage 3a	5	8	K	18	r	r
real	A	m0291/Passage 3a	5	12	K	2	d	d
real	A	m0291/Passage 3a	5	40	K	y	a	a
real	A	m0291/Passage 3a	5	30	K	12	r	r
real	A	m0291/Passage 3a	5	42	K	17	a	a
real	A	m0291/Passage 3a	5	27	K	25	o	o
real	A	m0291/Passage 3a	5	9	K	17	a	a
real	A	m0291/Passage 3a	5	17	K	14	n	n
real	A	m0291/Passage 3a	5	46	K	12	r	r
real	A	m0291/Passage 3a	5	37	K	15	o	o
real	A	m0291/Passage 3a	5	23	K	7	e	e
shuf	A	m0291/Passage 3a	5	41	U	11	p	p
shuf	A	m0291/Passage 3a	5	11	K	23	a	o
shuf	A	m0291/Passage 3a	5	36	K	5	c	c
shuf	A	m0291/Passage 3a	5	45	K	55	p	n
shuf	A	m0291/Passage 3a	5	32	K	d	o	o
shuf	A	m0291/Passage 3a	5	21	K	24	e	c
shuf	A	m0291/Passage 3a	5	34	K	7	e	e
shuf	A	m0291/Passage 3a	5	8	K	18	r	l
shuf	A	m0291/Passage 3a	5	12	K	2	d	h
shuf	A	m0291/Passage 3a	5	40	K	y	a	a
shuf	A	m0291/Passage 3a	5	30	K	12	r	r
shuf	A	m0291/Passage 3a	5	42	K	17	a	a
shuf	A	m0291/Passage 3a	5	27	K	25	o	o
shuf	A	m0291/Passage 3a	5	9	K	17	a	a
shuf	A	m0291/Passage 3a	5	17	K	14	n	t
shuf	A	m0291/Passage 3a	5	46	K	12	r	r
shuf	A	m0291/Passage 3a	5	37	K	15	o	o
shuf	A	m0291/Passage 3a	5	23	K	7	e	e
real	A	m0288/Carta 85	9	4	U	23	a	p
real	A	m0288/Carta 85	9	6	K	19	e	e
real	A	m0288/Carta 85	9	45	K	19	e	e
real	A	m0288/Carta 85	9	5	K	12	r	r
real	A	m0288/Carta 85	9	49	K	12	r	r
real	A	m0288/Carta 85	9	43	K	4	a	s
real	A	m0288/Carta 85	9	40	K	2	d	d
real	A	m0288/Carta 85	9	42	K	8	i	i
real	A	m0288/Carta 85	9	46	K	14	n	n
real	A	m0288/Carta 85	9	37	K	23	a	a
real	A	m0288/Carta 85	9	36	K	3	t	t
real	A	m0288/Carta 85	9	41	K	19	a	e
real	A	m0288/Carta 85	9	33	K	3	t	t
real	A	m0288/Carta 85	9	0	K	5	c	c
real	A	m0288/Carta 85	9	31	K	14	n	n
real	A	m0288/Carta 85	9	44	K	26	v	v
real	A	m0288/Carta 85	9	7	K	18	m	m
real	A	m0288/Carta 85	9	38	K	2	d	d
shuf	A	m0288/Carta 85	9	4	U	23	a	s
shuf	A	m0288/Carta 85	9	6	K	19	e	e
shuf	A	m0288/Carta 85	9	45	K	19	e	e
shuf	A	m0288/Carta 85	9	5	K	12	r	r
shuf	A	m0288/Carta 85	9	49	K	12	r	o
shuf	A	m0288/Carta 85	9	43	K	4	a	s
shuf	A	m0288/Carta 85	9	40	K	2	d	d
shuf	A	m0288/Carta 85	9	42	K	8	i	i
shuf	A	m0288/Carta 85	9	46	K	14	n	n
shuf	A	m0288/Carta 85	9	37	K	23	a	a
shuf	A	m0288/Carta 85	9	36	K	3	t	w
shuf	A	m0288/Carta 85	9	41	K	19	a	e
shuf	A	m0288/Carta 85	9	33	K	3	t	t
shuf	A	m0288/Carta 85	9	0	K	5	c	c
shuf	A	m0288/Carta 85	9	31	K	14	n	u
shuf	A	m0288/Carta 85	9	44	K	26	v	v
shuf	A	m0288/Carta 85	9	7	K	18	m	p
shuf	A	m0288/Carta 85	9	38	K	2	d	e
real	A	m0291/Carta 96	1	34	U	25	o	e
real	A	m0291/Carta 96	1	49	K	12	r	r
real	A	m0291/Carta 96	1	30	K	2	d	d
real	A	m0291/Carta 96	1	10	K	15	o	o
real	A	m0291/Carta 96	1	6	K	4	s	s
real	A	m0291/Carta 96	1	2	K	12	r	r
real	A	m0291/Carta 96	1	29	K	15	o	o
real	A	m0291/Carta 96	1	37	K	c	v	v
real	A	m0291/Carta 96	1	33	K	21	b	b
real	A	m0291/Carta 96	1	5	K	15	o	o
real	A	m0291/Carta 96	1	11	K	18	m	m
real	A	m0291/Carta 96	1	8	K	25	o	o
real	A	m0291/Carta 96	1	47	K	7	e	e
real	A	m0291/Carta 96	1	3	K	15	e	o
real	A	m0291/Carta 96	1	4	K	e	g	g
real	A	m0291/Carta 96	1	12	K	13	q	e
real	A	m0291/Carta 96	1	46	K	12	r	r
real	A	m0291/Carta 96	1	36	K	2	e	e
shuf	A	m0291/Carta 96	1	34	U	25	o	m
shuf	A	m0291/Carta 96	1	49	K	12	r	r
shuf	A	m0291/Carta 96	1	30	K	2	d	d
shuf	A	m0291/Carta 96	1	10	K	15	o	o
shuf	A	m0291/Carta 96	1	6	K	4	s	s
shuf	A	m0291/Carta 96	1	2	K	12	r	r
shuf	A	m0291/Carta 96	1	29	K	15	o	e
shuf	A	m0291/Carta 96	1	37	K	c	v	r
shuf	A	m0291/Carta 96	1	33	K	21	b	b
shuf	A	m0291/Carta 96	1	5	K	15	o	o
shuf	A	m0291/Carta 96	1	11	K	18	m	m
shuf	A	m0291/Carta 96	1	8	K	25	o	o
shuf	A	m0291/Carta 96	1	47	K	7	e	e
shuf	A	m0291/Carta 96	1	3	K	15	e	o
shuf	A	m0291/Carta 96	1	4	K	e	g	d
shuf	A	m0291/Carta 96	1	12	K	13	q	a
shuf	A	m0291/Carta 96	1	46	K	12	r	r
shuf	A	m0291/Carta 96	1	36	K	2	e	d
real	A	m0282/Carta 58	2	47	U	15	o	a
real	A	m0282/Carta 58	2	44	K	19	e	e
real	A	m0282/Carta 58	2	32	K	15	o	o
real	A	m0282/Carta 58	2	14	K	m	n	n
real	A	m0282/Carta 58	2	2	K	16	f	f
real	A	m0282/Carta 58	2	42	K	17	a	a
real	A	m0282/Carta 58	2	20	K	15	o	o
real	A	m0282/Carta 58	2	30	K	19	e	e
real	A	m0282/Carta 58	2	43	K	21	b	b
real	A	m0282/Carta 58	2	8	K	2	d	d
real	A	m0282/Carta 58	2	29	K	55	p	p
real	A	m0282/Carta 58	2	25	K	15	o	o
real	A	m0282/Carta 58	2	7	K	18	m	m
real	A	m0282/Carta 58	2	17	K	17	a	a
real	A	m0282/Carta 58	2	15	K	5	c	c
real	A	m0282/Carta 58	2	9	K	19	i	e
real	A	m0282/Carta 58	2	13	K	19	e	e
real	A	m0282/Carta 58	2	12	K	c	g	v
shuf	A	m0282/Carta 58	2	47	U	15	o	e
shuf	A	m0282/Carta 58	2	44	K	19	e	e
shuf	A	m0282/Carta 58	2	32	K	15	o	s
shuf	A	m0282/Carta 58	2	14	K	m	n	n
shuf	A	m0282/Carta 58	2	2	K	16	f	z
shuf	A	m0282/Carta 58	2	42	K	17	a	a
shuf	A	m0282/Carta 58	2	20	K	15	o	o
shuf	A	m0282/Carta 58	2	30	K	19	e	e
shuf	A	m0282/Carta 58	2	43	K	21	b	b
shuf	A	m0282/Carta 58	2	8	K	2	d	d
shuf	A	m0282/Carta 58	2	29	K	55	p	p
shuf	A	m0282/Carta 58	2	25	K	15	o	o
shuf	A	m0282/Carta 58	2	7	K	18	m	m
shuf	A	m0282/Carta 58	2	17	K	17	a	a
shuf	A	m0282/Carta 58	2	15	K	5	c	s
shuf	A	m0282/Carta 58	2	9	K	19	i	e
shuf	A	m0282/Carta 58	2	13	K	19	e	e
shuf	A	m0282/Carta 58	2	12	K	c	g	o
real	A	m0286/Carta 74	28	35	U	12	r	t
real	A	m0286/Carta 74	28	22	K	15	c	p
real	A	m0286/Carta 74	28	30	K	y	a	a
real	A	m0286/Carta 74	28	0	K	15	c	o
real	A	m0286/Carta 74	28	29	K	a	t	m
real	A	m0286/Carta 74	28	25	K	3	d	t
real	A	m0286/Carta 74	28	16	K	7	e	e
real	A	m0286/Carta 74	28	39	K	15	o	b
real	A	m0286/Carta 74	28	44	K	d	o	a
real	A	m0286/Carta 74	28	3	K	f	r	s
real	A	m0286/Carta 74	28	33	K	18	m	m
real	A	m0286/Carta 74	28	4	K	8	i	i
real	A	m0286/Carta 74	28	28	K	d	o	o
real	A	m0286/Carta 74	28	24	K	4	s	s
real	A	m0286/Carta 74	28	41	K	3	t	t
real	A	m0286/Carta 74	28	32	K	7	u	e
real	A	m0286/Carta 74	28	10	K	a	t	t
real	A	m0286/Carta 74	28	20	K	24	h	e
shuf	A	m0286/Carta 74	28	35	U	12	r	u
shuf	A	m0286/Carta 74	28	22	K	15	c	o
shuf	A	m0286/Carta 74	28	30	K	y	a	a
shuf	A	m0286/Carta 74	28	0	K	15	c	o
shuf	A	m0286/Carta 74	28	29	K	a	t	d
shuf	A	m0286/Carta 74	28	25	K	3	d	u
shuf	A	m0286/Carta 74	28	16	K	7	e	d
shuf	A	m0286/Carta 74	28	39	K	15	o	o
shuf	A	m0286/Carta 74	28	44	K	d	o	o
shuf	A	m0286/Carta 74	28	3	K	f	r	d
shuf	A	m0286/Carta 74	28	33	K	18	m	m
shuf	A	m0286/Carta 74	28	4	K	8	i	i
shuf	A	m0286/Carta 74	28	28	K	d	o	o
shuf	A	m0286/Carta 74	28	24	K	4	s	c
shuf	A	m0286/Carta 74	28	41	K	3	t	i
shuf	A	m0286/Carta 74	28	32	K	7	u	e
shuf	A	m0286/Carta 74	28	10	K	a	t	i
shuf	A	m0286/Carta 74	28	20	K	24	h	e
real	B	m0282/Carta 58	1	18	U	17	a	a
real	B	m0282/Carta 58	1	8	K	18	m	m
real	B	m0282/Carta 58	1	0	K	m	n	n
real	B	m0282/Carta 58	1	15	K	m	n	n
real	B	m0282/Carta 58	1	2	K	15	o	o
real	B	m0282/Carta 58	1	7	K	19	e	e
real	B	m0282/Carta 58	1	3	K	16	f	f
real	B	m0282/Carta 58	1	12	K	8	i	i
shuf	B	m0282/Carta 58	1	18	U	17	a	q
shuf	B	m0282/Carta 58	1	8	K	18	m	m
shuf	B	m0282/Carta 58	1	0	K	m	n	n
shuf	B	m0282/Carta 58	1	15	K	m	n	m
shuf	B	m0282/Carta 58	1	2	K	15	o	o
shuf	B	m0282/Carta 58	1	7	K	19	e	e
shuf	B	m0282/Carta 58	1	3	K	16	f	s
shuf	B	m0282/Carta 58	1	12	K	8	i	i
real	B	m0291/Carta 96	29	11	U	15	o	r
real	B	m0291/Carta 96	29	17	K	c	u	b
real	B	m0291/Carta 96	29	4	K	y	a	a
real	B	m0291/Carta 96	29	10	K	y	a	a
real	B	m0291/Carta 96	29	9	K	c	v	a
real	B	m0291/Carta 96	29	2	K	2	d	d
real	B	m0291/Carta 96	29	7	K	20	l	l
real	B	m0291/Carta 96	29	12	K	3	t	t
shuf	B	m0291/Carta 96	29	11	U	15	o	d
shuf	B	m0291/Carta 96	29	17	K	c	u	u
shuf	B	m0291/Carta 96	29	4	K	y	a	a
shuf	B	m0291/Carta 96	29	10	K	y	a	a
shuf	B	m0291/Carta 96	29	9	K	c	v	g
shuf	B	m0291/Carta 96	29	2	K	2	d	d
shuf	B	m0291/Carta 96	29	7	K	20	l	l
shuf	B	m0291/Carta 96	29	12	K	3	t	o
real	B	m0293/Carta 106	33	2	U	12	r	c
real	B	m0293/Carta 106	33	3	K	15	o	r
real	B	m0293/Carta 106	33	17	K	2	d	d
real	B	m0293/Carta 106	33	9	K	18	m	m
real	B	m0293/Carta 106	33	7	K	7	e	e
real	B	m0293/Carta 106	33	15	K	2	d	t
real	B	m0293/Carta 106	33	19	K	4	s	s
real	B	m0293/Carta 106	33	16	K	8	i	i
shuf	B	m0293/Carta 106	33	2	U	12	r	z
shuf	B	m0293/Carta 106	33	3	K	15	o	o
shuf	B	m0293/Carta 106	33	17	K	2	d	d
shuf	B	m0293/Carta 106	33	9	K	18	m	s
shuf	B	m0293/Carta 106	33	7	K	7	e	e
shuf	B	m0293/Carta 106	33	15	K	2	d	d
shuf	B	m0293/Carta 106	33	19	K	4	s	s
shuf	B	m0293/Carta 106	33	16	K	8	i	i
real	B	m0289/Carta 91	1	13	U	y	a	m
real	B	m0289/Carta 91	1	17	K	5	c	c
real	B	m0289/Carta 91	1	10	K	19	e	e
real	B	m0289/Carta 91	1	3	K	14	n	n
real	B	m0289/Carta 91	1	19	K	26	v	o
real	B	m0289/Carta 91	1	4	K	x	d	d
real	B	m0289/Carta 91	1	15	K	d	o	o
real	B	m0289/Carta 91	1	8	K	15	o	o
shuf	B	m0289/Carta 91	1	13	U	y	a	n
shuf	B	m0289/Carta 91	1	17	K	5	c	r
shuf	B	m0289/Carta 91	1	10	K	19	e	e
shuf	B	m0289/Carta 91	1	3	K	14	n	n
shuf	B	m0289/Carta 91	1	19	K	26	v	v
shuf	B	m0289/Carta 91	1	4	K	x	d	d
shuf	B	m0289/Carta 91	1	15	K	d	o	o
shuf	B	m0289/Carta 91	1	8	K	15	o	o
real	B	m0286/Passage 3a	1	15	U	17	f	a
real	B	m0286/Passage 3a	1	6	K	18	m	m
real	B	m0286/Passage 3a	1	16	K	12	r	r
real	B	m0286/Passage 3a	1	2	K	18	n	o
real	B	m0286/Passage 3a	1	17	K	23	a	a
real	B	m0286/Passage 3a	1	0	K	14	n	n
real	B	m0286/Passage 3a	1	1	K	8	i	l
real	B	m0286/Passage 3a	1	4	K	26	u	v
shuf	B	m0286/Passage 3a	1	15	U	17	f	r
shuf	B	m0286/Passage 3a	1	6	K	18	m	o
shuf	B	m0286/Passage 3a	1	16	K	12	r	r
shuf	B	m0286/Passage 3a	1	2	K	18	n	p
shuf	B	m0286/Passage 3a	1	17	K	23	a	a
shuf	B	m0286/Passage 3a	1	0	K	14	n	n
shuf	B	m0286/Passage 3a	1	1	K	8	i	i
shuf	B	m0286/Passage 3a	1	4	K	26	u	u
real	B	m0286/Passage 3a	5	19	U	4	s	a
real	B	m0286/Passage 3a	5	18	K	12	r	r
real	B	m0286/Passage 3a	5	13	K	23	a	a
real	B	m0286/Passage 3a	5	14	K	14	n	n
real	B	m0286/Passage 3a	5	11	K	17	f	a
real	B	m0286/Passage 3a	5	2	K	18	m	m
real	B	m0286/Passage 3a	5	16	K	5	c	c
real	B	m0286/Passage 3a	5	12	K	12	r	r
shuf	B	m0286/Passage 3a	5	19	U	4	s	e
shuf	B	m0286/Passage 3a	5	18	K	12	r	r
shuf	B	m0286/Passage 3a	5	13	K	23	a	a
shuf	B	m0286/Passage 3a	5	14	K	14	n	n
shuf	B	m0286/Passage 3a	5	11	K	17	f	a
shuf	B	m0286/Passage 3a	5	2	K	18	m	o
shuf	B	m0286/Passage 3a	5	16	K	5	c	c
shuf	B	m0286/Passage 3a	5	12	K	12	r	r
real	B	m0291/Passage 3a	38	6	U	8	i	h
real	B	m0291/Passage 3a	38	17	K	m	n	n
real	B	m0291/Passage 3a	38	4	K	15	o	o
real	B	m0291/Passage 3a	38	15	K	26	v	o
real	B	m0291/Passage 3a	38	1	K	7	e	e
real	B	m0291/Passage 3a	38	13	K	12	r	r
real	B	m0291/Passage 3a	38	12	K	55	p	p
real	B	m0291/Passage 3a	38	2	K	f	s	s
shuf	B	m0291/Passage 3a	38	6	U	8	i	s
shuf	B	m0291/Passage 3a	38	17	K	m	n	d
shuf	B	m0291/Passage 3a	38	4	K	15	o	o
shuf	B	m0291/Passage 3a	38	15	K	26	v	u
shuf	B	m0291/Passage 3a	38	1	K	7	e	e
shuf	B	m0291/Passage 3a	38	13	K	12	r	r
shuf	B	m0291/Passage 3a	38	12	K	55	p	i
shuf	B	m0291/Passage 3a	38	2	K	f	s	s
real	B	m0290/Passage 2a	64	9	U	22	i	i
real	B	m0290/Passage 2a	64	17	K	f	s	s
real	B	m0290/Passage 2a	64	19	K	17	a	a
real	B	m0290/Passage 2a	64	4	K	y	a	a
real	B	m0290/Passage 2a	64	11	K	55	p	p
real	B	m0290/Passage 2a	64	10	K	4	s	s
real	B	m0290/Passage 2a	64	12	K	15	o	o
real	B	m0290/Passage 2a	64	14	K	5	c	c
shuf	B	m0290/Passage 2a	64	9	U	22	i	n
shuf	B	m0290/Passage 2a	64	17	K	f	s	a
shuf	B	m0290/Passage 2a	64	19	K	17	a	a
shuf	B	m0290/Passage 2a	64	4	K	y	a	a
shuf	B	m0290/Passage 2a	64	11	K	55	p	p
shuf	B	m0290/Passage 2a	64	10	K	4	s	s
shuf	B	m0290/Passage 2a	64	12	K	15	o	o
shuf	B	m0290/Passage 2a	64	14	K	5	c	c
real	B	m0281/Carta 23	2	5	U	26	u	o
real	B	m0281/Carta 23	2	2	K	2	d	d
real	B	m0281/Carta 23	2	1	K	52	r	r
real	B	m0281/Carta 23	2	10	K	21	b	a
real	B	m0281/Carta 23	2	19	K	14	n	n
real	B	m0281/Carta 23	2	0	K	8	i	i
real	B	m0281/Carta 23	2	8	K	m	n	n
real	B	m0281/Carta 23	2	11	K	12	r	r
shuf	B	m0281/Carta 23	2	5	U	26	u	a
shuf	B	m0281/Carta 23	2	2	K	2	d	d
shuf	B	m0281/Carta 23	2	1	K	52	r	r
shuf	B	m0281/Carta 23	2	10	K	21	b	b
shuf	B	m0281/Carta 23	2	19	K	14	n	n
shuf	B	m0281/Carta 23	2	0	K	8	i	i
shuf	B	m0281/Carta 23	2	8	K	m	n	o
shuf	B	m0281/Carta 23	2	11	K	12	r	e
real	B	m0282/Carta 61	74	0	U	2	d	u
real	B	m0282/Carta 61	74	14	K	26	u	u
real	B	m0282/Carta 61	74	11	K	4	s	s
real	B	m0282/Carta 61	74	19	K	15	o	o
real	B	m0282/Carta 61	74	15	K	14	n	n
real	B	m0282/Carta 61	74	12	K	2	e	e
real	B	m0282/Carta 61	74	1	K	25	o	o
real	B	m0282/Carta 61	74	17	K	17	a	a
shuf	B	m0282/Carta 61	74	0	U	2	d	e
shuf	B	m0282/Carta 61	74	14	K	26	u	u
shuf	B	m0282/Carta 61	74	11	K	4	s	s
shuf	B	m0282/Carta 61	74	19	K	15	o	o
shuf	B	m0282/Carta 61	74	15	K	14	n	m
shuf	B	m0282/Carta 61	74	12	K	2	e	e
shuf	B	m0282/Carta 61	74	1	K	25	o	g
shuf	B	m0282/Carta 61	74	17	K	17	a	a
real	B	m0291/Carta 94	7	16	U	y	a	d
real	B	m0291/Carta 94	7	3	K	7	e	e
real	B	m0291/Carta 94	7	18	K	14	n	n
real	B	m0291/Carta 94	7	8	K	10	h	i
real	B	m0291/Carta 94	7	4	K	12	r	b
real	B	m0291/Carta 94	7	15	K	12	r	r
real	B	m0291/Carta 94	7	12	K	4	s	s
real	B	m0291/Carta 94	7	1	K	14	n	q
shuf	B	m0291/Carta 94	7	16	U	y	a	j
shuf	B	m0291/Carta 94	7	3	K	7	e	e
shuf	B	m0291/Carta 94	7	18	K	14	n	n
shuf	B	m0291/Carta 94	7	8	K	10	h	b
shuf	B	m0291/Carta 94	7	4	K	12	r	r
shuf	B	m0291/Carta 94	7	15	K	12	r	o
shuf	B	m0291/Carta 94	7	12	K	4	s	a
shuf	B	m0291/Carta 94	7	1	K	14	n	n
real	B	m0294/Carta 110	17	10	U	e	g	i
real	B	m0294/Carta 110	17	14	K	18	m	m
real	B	m0294/Carta 110	17	12	K	2	d	d
real	B	m0294/Carta 110	17	0	K	55	p	p
real	B	m0294/Carta 110	17	4	K	7	e	e
real	B	m0294/Carta 110	17	11	K	7	e	e
real	B	m0294/Carta 110	17	9	K	15	o	o
real	B	m0294/Carta 110	17	13	K	7	e	e
shuf	B	m0294/Carta 110	17	10	U	e	g	s
shuf	B	m0294/Carta 110	17	14	K	18	m	m
shuf	B	m0294/Carta 110	17	12	K	2	d	d
shuf	B	m0294/Carta 110	17	0	K	55	p	k
shuf	B	m0294/Carta 110	17	4	K	7	e	e
shuf	B	m0294/Carta 110	17	11	K	7	e	e
shuf	B	m0294/Carta 110	17	9	K	15	o	o
shuf	B	m0294/Carta 110	17	13	K	7	e	e
real	B	m0287/Carta 79	11	7	U	f	z	c
real	B	m0287/Carta 79	11	10	K	y	a	a
real	B	m0287/Carta 79	11	9	K	18	o	o
real	B	m0287/Carta 79	11	4	K	17	a	a
real	B	m0287/Carta 79	11	11	K	10	l	l
real	B	m0287/Carta 79	11	19	K	3	t	t
real	B	m0287/Carta 79	11	18	K	4	s	s
real	B	m0287/Carta 79	11	12	K	e	g	g
shuf	B	m0287/Carta 79	11	7	U	f	z	i
shuf	B	m0287/Carta 79	11	10	K	y	a	a
shuf	B	m0287/Carta 79	11	9	K	18	o	o
shuf	B	m0287/Carta 79	11	4	K	17	a	a
shuf	B	m0287/Carta 79	11	11	K	10	l	q
shuf	B	m0287/Carta 79	11	19	K	3	t	t
shuf	B	m0287/Carta 79	11	18	K	4	s	s
shuf	B	m0287/Carta 79	11	12	K	e	g	u
real	B	m0294/Passage 2a	8	17	U	2	d	a
real	B	m0294/Passage 2a	8	15	K	y	a	a
real	B	m0294/Passage 2a	8	19	K	14	n	n
real	B	m0294/Passage 2a	8	18	K	55	p	o
real	B	m0294/Passage 2a	8	14	K	55	n	p
real	B	m0294/Passage 2a	8	16	K	2	s	r
real	B	m0294/Passage 2a	8	1	K	12	r	r
real	B	m0294/Passage 2a	8	0	K	4	e	s
shuf	B	m0294/Passage 2a	8	17	U	2	d	a
shuf	B	m0294/Passage 2a	8	15	K	y	a	a
shuf	B	m0294/Passage 2a	8	19	K	14	n	n
shuf	B	m0294/Passage 2a	8	18	K	55	p	o
shuf	B	m0294/Passage 2a	8	14	K	55	n	p
shuf	B	m0294/Passage 2a	8	16	K	2	s	r
shuf	B	m0294/Passage 2a	8	1	K	12	r	r
shuf	B	m0294/Passage 2a	8	0	K	4	e	s
real	B	m0285/Carta 72	2	11	U	12	r	o
real	B	m0285/Carta 72	2	6	K	7	e	e
real	B	m0285/Carta 72	2	15	K	8	i	o
real	B	m0285/Carta 72	2	8	K	3	t	t
real	B	m0285/Carta 72	2	13	K	15	o	o
real	B	m0285/Carta 72	2	14	K	18	m	m
real	B	m0285/Carta 72	2	2	K	17	a	a
real	B	m0285/Carta 72	2	10	K	17	a	a
shuf	B	m0285/Carta 72	2	11	U	12	r	n
shuf	B	m0285/Carta 72	2	6	K	7	e	r
shuf	B	m0285/Carta 72	2	15	K	8	i	u
shuf	B	m0285/Carta 72	2	8	K	3	t	a
shuf	B	m0285/Carta 72	2	13	K	15	o	o
shuf	B	m0285/Carta 72	2	14	K	18	m	m
shuf	B	m0285/Carta 72	2	2	K	17	a	a
shuf	B	m0285/Carta 72	2	10	K	17	a	a
real	B	m0282/Carta 58	43	11	U	26	u	i
real	B	m0282/Carta 58	43	2	K	21	b	b
real	B	m0282/Carta 58	43	14	K	18	o	o
real	B	m0282/Carta 58	43	10	K	2	d	i
real	B	m0282/Carta 58	43	16	K	15	o	o
real	B	m0282/Carta 58	43	0	K	4	s	s
real	B	m0282/Carta 58	43	3	K	19	e	e
real	B	m0282/Carta 58	43	8	K	17	a	q
shuf	B	m0282/Carta 58	43	11	U	26	u	e
shuf	B	m0282/Carta 58	43	2	K	21	b	a
shuf	B	m0282/Carta 58	43	14	K	18	o	o
shuf	B	m0282/Carta 58	43	10	K	2	d	d
shuf	B	m0282/Carta 58	43	16	K	15	o	o
shuf	B	m0282/Carta 58	43	0	K	4	s	s
shuf	B	m0282/Carta 58	43	3	K	19	e	e
shuf	B	m0282/Carta 58	43	8	K	17	a	a
real	B	m0289/Carta 92	39	2	U	x	d	v
real	B	m0289/Carta 92	39	5	K	f	s	s
real	B	m0289/Carta 92	39	16	K	y	s	r
real	B	m0289/Carta 92	39	19	K	15	o	o
real	B	m0289/Carta 92	39	9	K	23	a	a
real	B	m0289/Carta 92	39	7	K	14	n	n
real	B	m0289/Carta 92	39	6	K	17	a	a
real	B	m0289/Carta 92	39	3	K	22	i	i
shuf	B	m0289/Carta 92	39	2	U	x	d	v
shuf	B	m0289/Carta 92	39	5	K	f	s	d
shuf	B	m0289/Carta 92	39	16	K	y	s	a
shuf	B	m0289/Carta 92	39	19	K	15	o	o
shuf	B	m0289/Carta 92	39	9	K	23	a	d
shuf	B	m0289/Carta 92	39	7	K	14	n	n
shuf	B	m0289/Carta 92	39	6	K	17	a	a
shuf	B	m0289/Carta 92	39	3	K	22	i	i
real	B	m0294/Passage 2a	16	16	U	8	i	i
real	B	m0294/Passage 2a	16	7	K	y	a	a
real	B	m0294/Passage 2a	16	13	K	19	e	e
real	B	m0294/Passage 2a	16	8	K	2	s	i
real	B	m0294/Passage 2a	16	18	K	2	d	d
real	B	m0294/Passage 2a	16	14	K	14	n	n
real	B	m0294/Passage 2a	16	6	K	55	n	p
real	B	m0294/Passage 2a	16	15	K	5	c	c
shuf	B	m0294/Passage 2a	16	16	U	8	i	a
shuf	B	m0294/Passage 2a	16	7	K	y	a	a
shuf	B	m0294/Passage 2a	16	13	K	19	e	a
shuf	B	m0294/Passage 2a	16	8	K	2	s	d
shuf	B	m0294/Passage 2a	16	18	K	2	d	e
shuf	B	m0294/Passage 2a	16	14	K	14	n	n
shuf	B	m0294/Passage 2a	16	6	K	55	n	r
shuf	B	m0294/Passage 2a	16	15	K	5	c	h
real	B	m0292/Carta 101	48	13	U	12	r	r
real	B	m0292/Carta 101	48	15	K	17	a	a
real	B	m0292/Carta 101	48	5	K	52	r	r
real	B	m0292/Carta 101	48	6	K	19	e	e
real	B	m0292/Carta 101	48	16	K	2	d	d
real	B	m0292/Carta 101	48	17	K	23	e	a
real	B	m0292/Carta 101	48	2	K	2	e	e
real	B	m0292/Carta 101	48	14	K	3	t	t
shuf	B	m0292/Carta 101	48	13	U	12	r	s
shuf	B	m0292/Carta 101	48	15	K	17	a	a
shuf	B	m0292/Carta 101	48	5	K	52	r	r
shuf	B	m0292/Carta 101	48	6	K	19	e	e
shuf	B	m0292/Carta 101	48	16	K	2	d	d
shuf	B	m0292/Carta 101	48	17	K	23	e	a
shuf	B	m0292/Carta 101	48	2	K	2	e	a
shuf	B	m0292/Carta 101	48	14	K	3	t	t
real	B	m0281/Carta 23	3	18	U	14	n	n
real	B	m0281/Carta 23	3	6	K	8	i	i
real	B	m0281/Carta 23	3	8	K	e	g	g
real	B	m0281/Carta 23	3	7	K	m	n	n
real	B	m0281/Carta 23	3	11	K	25	o	o
real	B	m0281/Carta 23	3	1	K	2	d	d
real	B	m0281/Carta 23	3	9	K	21	b	a
real	B	m0281/Carta 23	3	5	K	20	l	l
shuf	B	m0281/Carta 23	3	18	U	14	n	e
shuf	B	m0281/Carta 23	3	6	K	8	i	i
shuf	B	m0281/Carta 23	3	8	K	e	g	u
shuf	B	m0281/Carta 23	3	7	K	m	n	n
shuf	B	m0281/Carta 23	3	11	K	25	o	o
shuf	B	m0281/Carta 23	3	1	K	2	d	e
shuf	B	m0281/Carta 23	3	9	K	21	b	a
shuf	B	m0281/Carta 23	3	5	K	20	l	t
real	B	m0289/Carta 92	52	4	U	17	a	a
real	B	m0289/Carta 92	52	12	K	4	s	s
real	B	m0289/Carta 92	52	5	K	x	d	d
real	B	m0289/Carta 92	52	3	K	y	s	r
real	B	m0289/Carta 92	52	8	K	25	o	o
real	B	m0289/Carta 92	52	0	K	7	e	e
real	B	m0289/Carta 92	52	11	K	a	d	a
real	B	m0289/Carta 92	52	1	K	5	c	c
shuf	B	m0289/Carta 92	52	4	U	17	a	a
shuf	B	m0289/Carta 92	52	12	K	4	s	s
shuf	B	m0289/Carta 92	52	5	K	x	d	d
shuf	B	m0289/Carta 92	52	3	K	y	s	r
shuf	B	m0289/Carta 92	52	8	K	25	o	o
shuf	B	m0289/Carta 92	52	0	K	7	e	e
shuf	B	m0289/Carta 92	52	11	K	a	d	a
shuf	B	m0289/Carta 92	52	1	K	5	c	c
real	B	m0292/Passage 2a	0	3	U	26	u	u
real	B	m0292/Passage 2a	0	4	K	7	e	e
real	B	m0292/Passage 2a	0	13	K	15	o	o
real	B	m0292/Passage 2a	0	0	K	19	e	e
real	B	m0292/Passage 2a	0	16	K	8	i	i
real	B	m0292/Passage 2a	0	14	K	55	p	p
real	B	m0292/Passage 2a	0	1	K	18	m	m
real	B	m0292/Passage 2a	0	10	K	12	r	r
shuf	B	m0292/Passage 2a	0	3	U	26	u	e
shuf	B	m0292/Passage 2a	0	4	K	7	e	r
shuf	B	m0292/Passage 2a	0	13	K	15	o	o
shuf	B	m0292/Passage 2a	0	0	K	19	e	e
shuf	B	m0292/Passage 2a	0	16	K	8	i	i
shuf	B	m0292/Passage 2a	0	14	K	55	p	p
shuf	B	m0292/Passage 2a	0	1	K	18	m	m
shuf	B	m0292/Passage 2a	0	10	K	12	r	n
real	B	m0294/Passage 2a	11	14	U	2	d	e
real	B	m0294/Passage 2a	11	16	K	14	n	o
real	B	m0294/Passage 2a	11	11	K	55	n	p
real	B	m0294/Passage 2a	11	13	K	2	s	d
real	B	m0294/Passage 2a	11	12	K	y	a	o
real	B	m0294/Passage 2a	11	19	K	14	n	n
real	B	m0294/Passage 2a	11	17	K	2	d	d
real	B	m0294/Passage 2a	11	18	K	19	e	e
shuf	B	m0294/Passage 2a	11	14	U	2	d	g
shuf	B	m0294/Passage 2a	11	16	K	14	n	n
shuf	B	m0294/Passage 2a	11	11	K	55	n	p
shuf	B	m0294/Passage 2a	11	13	K	2	s	e
shuf	B	m0294/Passage 2a	11	12	K	y	a	a
shuf	B	m0294/Passage 2a	11	19	K	14	n	n
shuf	B	m0294/Passage 2a	11	17	K	2	d	d
shuf	B	m0294/Passage 2a	11	18	K	19	e	e
real	B	m0281/Carta 23	3	5	U	20	l	m
real	B	m0281/Carta 23	3	8	K	e	g	u
real	B	m0281/Carta 23	3	9	K	21	b	t
real	B	m0281/Carta 23	3	11	K	25	o	o
real	B	m0281/Carta 23	3	3	K	21	b	h
real	B	m0281/Carta 23	3	18	K	14	n	n
real	B	m0281/Carta 23	3	6	K	8	i	i
real	B	m0281/Carta 23	3	2	K	7	e	r
shuf	B	m0281/Carta 23	3	5	U	20	l	n
shuf	B	m0281/Carta 23	3	8	K	e	g	i
shuf	B	m0281/Carta 23	3	9	K	21	b	d
shuf	B	m0281/Carta 23	3	11	K	25	o	o
shuf	B	m0281/Carta 23	3	3	K	21	b	b
shuf	B	m0281/Carta 23	3	18	K	14	n	g
shuf	B	m0281/Carta 23	3	6	K	8	i	i
shuf	B	m0281/Carta 23	3	2	K	7	e	d
real	B	m0289/Carta 92	27	15	U	22	i	u
real	B	m0289/Carta 92	27	17	K	f	s	s
real	B	m0289/Carta 92	27	0	K	m	n	n
real	B	m0289/Carta 92	27	9	K	24	t	e
real	B	m0289/Carta 92	27	5	K	y	h	a
real	B	m0289/Carta 92	27	6	K	26	u	u
real	B	m0289/Carta 92	27	14	K	x	d	d
real	B	m0289/Carta 92	27	1	K	5	c	c
shuf	B	m0289/Carta 92	27	15	U	22	i	e
shuf	B	m0289/Carta 92	27	17	K	f	s	s
shuf	B	m0289/Carta 92	27	0	K	m	n	n
shuf	B	m0289/Carta 92	27	9	K	24	t	t
shuf	B	m0289/Carta 92	27	5	K	y	h	a
shuf	B	m0289/Carta 92	27	6	K	26	u	u
shuf	B	m0289/Carta 92	27	14	K	x	d	d
shuf	B	m0289/Carta 92	27	1	K	5	c	c
real	B	m0292/Carta 105	10	11	U	15	o	o
real	B	m0292/Carta 105	10	14	K	7	e	e
real	B	m0292/Carta 105	10	19	K	55	p	p
real	B	m0292/Carta 105	10	16	K	8	i	i
real	B	m0292/Carta 105	10	0	K	10	h	h
real	B	m0292/Carta 105	10	15	K	6	c	c
real	B	m0292/Carta 105	10	13	K	10	h	h
real	B	m0292/Carta 105	10	12	K	14	n	n
shuf	B	m0292/Carta 105	10	11	U	15	o	i
shuf	B	m0292/Carta 105	10	14	K	7	e	e
shuf	B	m0292/Carta 105	10	19	K	55	p	p
shuf	B	m0292/Carta 105	10	16	K	8	i	i
shuf	B	m0292/Carta 105	10	0	K	10	h	h
shuf	B	m0292/Carta 105	10	15	K	6	c	c
shuf	B	m0292/Carta 105	10	13	K	10	h	h
shuf	B	m0292/Carta 105	10	12	K	14	n	n
real	B	m0282/Carta 61	14	10	U	15	o	o
real	B	m0282/Carta 61	14	2	K	7	e	e
real	B	m0282/Carta 61	14	4	K	15	o	o
real	B	m0282/Carta 61	14	1	K	3	t	t
real	B	m0282/Carta 61	14	0	K	15	o	o
real	B	m0282/Carta 61	14	6	K	12	r	r
real	B	m0282/Carta 61	14	8	K	8	i	i
real	B	m0282/Carta 61	14	3	K	4	s	s
shuf	B	m0282/Carta 61	14	10	U	15	o	a
shuf	B	m0282/Carta 61	14	2	K	7	e	e
shuf	B	m0282/Carta 61	14	4	K	15	o	o
shuf	B	m0282/Carta 61	14	1	K	3	t	t
shuf	B	m0282/Carta 61	14	0	K	15	o	o
shuf	B	m0282/Carta 61	14	6	K	12	r	r
shuf	B	m0282/Carta 61	14	8	K	8	i	i
shuf	B	m0282/Carta 61	14	3	K	4	s	s
real	B	m0285/Carta 72	30	19	U	2	d	s
real	B	m0285/Carta 72	30	0	K	26	o	v
real	B	m0285/Carta 72	30	16	K	5	c	c
real	B	m0285/Carta 72	30	13	K	4	s	s
real	B	m0285/Carta 72	30	14	K	19	e	e
real	B	m0285/Carta 72	30	2	K	y	a	a
real	B	m0285/Carta 72	30	3	K	14	n	n
real	B	m0285/Carta 72	30	5	K	15	o	o
shuf	B	m0285/Carta 72	30	19	U	2	d	s
shuf	B	m0285/Carta 72	30	0	K	26	o	u
shuf	B	m0285/Carta 72	30	16	K	5	c	e
shuf	B	m0285/Carta 72	30	13	K	4	s	s
shuf	B	m0285/Carta 72	30	14	K	19	e	e
shuf	B	m0285/Carta 72	30	2	K	y	a	a
shuf	B	m0285/Carta 72	30	3	K	14	n	n
shuf	B	m0285/Carta 72	30	5	K	15	o	o
real	B	m0284/Carta 71	8	17	U	17	a	n
real	B	m0284/Carta 71	8	14	K	2	d	d
real	B	m0284/Carta 71	8	1	K	4	a	s
real	B	m0284/Carta 71	8	11	K	12	r	r
real	B	m0284/Carta 71	8	0	K	15	c	o
real	B	m0284/Carta 71	8	10	K	2	g	f
real	B	m0284/Carta 71	8	2	K	3	t	t
real	B	m0284/Carta 71	8	16	K	55	p	e
shuf	B	m0284/Carta 71	8	17	U	17	a	e
shuf	B	m0284/Carta 71	8	14	K	2	d	d
shuf	B	m0284/Carta 71	8	1	K	4	a	f
shuf	B	m0284/Carta 71	8	11	K	12	r	r
shuf	B	m0284/Carta 71	8	0	K	15	c	o
shuf	B	m0284/Carta 71	8	10	K	2	g	g
shuf	B	m0284/Carta 71	8	2	K	3	t	t
shuf	B	m0284/Carta 71	8	16	K	55	p	z
real	B	m0286/Carta 74	18	12	U	17	a	a
real	B	m0286/Carta 74	18	19	K	4	s	s
real	B	m0286/Carta 74	18	4	K	15	o	o
real	B	m0286/Carta 74	18	2	K	18	o	o
real	B	m0286/Carta 74	18	8	K	y	a	a
real	B	m0286/Carta 74	18	3	K	55	p	p
real	B	m0286/Carta 74	18	0	K	19	e	e
real	B	m0286/Carta 74	18	14	K	8	i	i
shuf	B	m0286/Carta 74	18	12	U	17	a	i
shuf	B	m0286/Carta 74	18	19	K	4	s	e
shuf	B	m0286/Carta 74	18	4	K	15	o	o
shuf	B	m0286/Carta 74	18	2	K	18	o	o
shuf	B	m0286/Carta 74	18	8	K	y	a	a
shuf	B	m0286/Carta 74	18	3	K	55	p	p
shuf	B	m0286/Carta 74	18	0	K	19	e	e
shuf	B	m0286/Carta 74	18	14	K	8	i	i
real	B	m0289/Carta 92	18	13	U	19	e	s
real	B	m0289/Carta 92	18	11	K	7	e	e
real	B	m0289/Carta 92	18	19	K	f	r	s
real	B	m0289/Carta 92	18	18	K	24	t	e
real	B	m0289/Carta 92	18	16	K	18	m	m
real	B	m0289/Carta 92	18	12	K	4	s	s
real	B	m0289/Carta 92	18	4	K	x	d	d
real	B	m0289/Carta 92	18	0	K	20	l	l
shuf	B	m0289/Carta 92	18	13	U	19	e	e
shuf	B	m0289/Carta 92	18	11	K	7	e	e
shuf	B	m0289/Carta 92	18	19	K	f	r	s
shuf	B	m0289/Carta 92	18	18	K	24	t	e
shuf	B	m0289/Carta 92	18	16	K	18	m	o
shuf	B	m0289/Carta 92	18	12	K	4	s	s
shuf	B	m0289/Carta 92	18	4	K	x	d	o
shuf	B	m0289/Carta 92	18	0	K	20	l	l
real	B	m0292/Carta 105	2	3	U	2	d	t
real	B	m0292/Carta 105	2	6	K	15	o	o
real	B	m0292/Carta 105	2	1	K	15	o	o
real	B	m0292/Carta 105	2	4	K	7	e	e
real	B	m0292/Carta 105	2	0	K	55	p	p
real	B	m0292/Carta 105	2	5	K	21	b	d
real	B	m0292/Carta 105	2	2	K	12	r	r
real	B	m0292/Carta 105	2	8	K	10	h	h
shuf	B	m0292/Carta 105	2	3	U	2	d	t
shuf	B	m0292/Carta 105	2	6	K	15	o	o
shuf	B	m0292/Carta 105	2	1	K	15	o	o
shuf	B	m0292/Carta 105	2	4	K	7	e	e
shuf	B	m0292/Carta 105	2	0	K	55	p	p
shuf	B	m0292/Carta 105	2	5	K	21	b	d
shuf	B	m0292/Carta 105	2	2	K	12	r	r
shuf	B	m0292/Carta 105	2	8	K	10	h	l
real	B	m0289/Carta 92	30	0	U	4	s	q
real	B	m0289/Carta 92	30	16	K	14	n	n
real	B	m0289/Carta 92	30	6	K	24	t	e
real	B	m0289/Carta 92	30	14	K	f	s	s
real	B	m0289/Carta 92	30	9	K	19	e	e
real	B	m0289/Carta 92	30	12	K	22	i	i
real	B	m0289/Carta 92	30	18	K	23	a	a
real	B	m0289/Carta 92	30	11	K	x	d	d
shuf	B	m0289/Carta 92	30	0	U	4	s	t
shuf	B	m0289/Carta 92	30	16	K	14	n	n
shuf	B	m0289/Carta 92	30	6	K	24	t	e
shuf	B	m0289/Carta 92	30	14	K	f	s	r
shuf	B	m0289/Carta 92	30	9	K	19	e	e
shuf	B	m0289/Carta 92	30	12	K	22	i	e
shuf	B	m0289/Carta 92	30	18	K	23	a	a
shuf	B	m0289/Carta 92	30	11	K	x	d	d
real	B	m0294/Passage 2a	13	10	U	y	a	o
real	B	m0294/Passage 2a	13	15	K	2	d	d
real	B	m0294/Passage 2a	13	18	K	5	c	c
real	B	m0294/Passage 2a	13	14	K	14	n	o
real	B	m0294/Passage 2a	13	11	K	2	s	d
real	B	m0294/Passage 2a	13	12	K	2	d	e
real	B	m0294/Passage 2a	13	13	K	55	p	p
real	B	m0294/Passage 2a	13	9	K	55	n	p
shuf	B	m0294/Passage 2a	13	10	U	y	a	o
shuf	B	m0294/Passage 2a	13	15	K	2	d	d
shuf	B	m0294/Passage 2a	13	18	K	5	c	c
shuf	B	m0294/Passage 2a	13	14	K	14	n	n
shuf	B	m0294/Passage 2a	13	11	K	2	s	d
shuf	B	m0294/Passage 2a	13	12	K	2	d	e
shuf	B	m0294/Passage 2a	13	13	K	55	p	p
shuf	B	m0294/Passage 2a	13	9	K	55	n	p
real	B	m0281/Carta 15	53	1	U	e	u	k
real	B	m0281/Carta 15	53	5	K	y	a	a
real	B	m0281/Carta 15	53	8	K	y	a	a
real	B	m0281/Carta 15	53	7	K	a	t	d
real	B	m0281/Carta 15	53	19	K	15	u	o
real	B	m0281/Carta 15	53	0	K	10	h	h
real	B	m0281/Carta 15	53	2	K	18	m	m
real	B	m0281/Carta 15	53	6	K	7	r	e
shuf	B	m0281/Carta 15	53	1	U	e	u	h
shuf	B	m0281/Carta 15	53	5	K	y	a	a
shuf	B	m0281/Carta 15	53	8	K	y	a	a
shuf	B	m0281/Carta 15	53	7	K	a	t	t
shuf	B	m0281/Carta 15	53	19	K	15	u	o
shuf	B	m0281/Carta 15	53	0	K	10	h	h
shuf	B	m0281/Carta 15	53	2	K	18	m	o
shuf	B	m0281/Carta 15	53	6	K	7	r	e
real	B	m0286/Carta 73	0	16	U	26	u	u
real	B	m0286/Carta 73	0	11	K	12	r	r
real	B	m0286/Carta 73	0	15	K	13	q	q
real	B	m0286/Carta 73	0	7	K	7	u	e
real	B	m0286/Carta 73	0	3	K	15	p	o
real	B	m0286/Carta 73	0	0	K	4	s	s
real	B	m0286/Carta 73	0	2	K	18	m	m
real	B	m0286/Carta 73	0	19	K	4	s	s
shuf	B	m0286/Carta 73	0	16	U	26	u	u
shuf	B	m0286/Carta 73	0	11	K	12	r	r
shuf	B	m0286/Carta 73	0	15	K	13	q	q
shuf	B	m0286/Carta 73	0	7	K	7	u	d
shuf	B	m0286/Carta 73	0	3	K	15	p	e
shuf	B	m0286/Carta 73	0	0	K	4	s	s
shuf	B	m0286/Carta 73	0	2	K	18	m	m
shuf	B	m0286/Carta 73	0	19	K	4	s	s
real	B	m0281/Carta 23	9	4	U	12	r	i
real	B	m0281/Carta 23	9	15	K	4	s	s
real	B	m0281/Carta 23	9	2	K	e	g	u
real	B	m0281/Carta 23	9	12	K	14	n	n
real	B	m0281/Carta 23	9	18	K	m	n	n
real	B	m0281/Carta 23	9	0	K	8	i	i
real	B	m0281/Carta 23	9	3	K	21	b	b
real	B	m0281/Carta 23	9	17	K	8	i	i
shuf	B	m0281/Carta 23	9	4	U	12	r	i
shuf	B	m0281/Carta 23	9	15	K	4	s	s
shuf	B	m0281/Carta 23	9	2	K	e	g	g
shuf	B	m0281/Carta 23	9	12	K	14	n	o
shuf	B	m0281/Carta 23	9	18	K	m	n	n
shuf	B	m0281/Carta 23	9	0	K	8	i	i
shuf	B	m0281/Carta 23	9	3	K	21	b	i
shuf	B	m0281/Carta 23	9	17	K	8	i	i
real	B	m0284/Passage 3a	0	6	U	3	t	t
real	B	m0284/Passage 3a	0	17	K	20	l	l
real	B	m0284/Passage 3a	0	19	K	y	a	a
real	B	m0284/Passage 3a	0	4	K	17	a	a
real	B	m0284/Passage 3a	0	2	K	18	o	m
real	B	m0284/Passage 3a	0	16	K	19	e	i
real	B	m0284/Passage 3a	0	0	K	14	n	n
real	B	m0284/Passage 3a	0	7	K	23	a	a
shuf	B	m0284/Passage 3a	0	6	U	3	t	s
shuf	B	m0284/Passage 3a	0	17	K	20	l	n
shuf	B	m0284/Passage 3a	0	19	K	y	a	a
shuf	B	m0284/Passage 3a	0	4	K	17	a	a
shuf	B	m0284/Passage 3a	0	2	K	18	o	u
shuf	B	m0284/Passage 3a	0	16	K	19	e	e
shuf	B	m0284/Passage 3a	0	0	K	14	n	n
shuf	B	m0284/Passage 3a	0	7	K	23	a	a
real	B	m0286/Carta 74	46	16	U	17	a	f
real	B	m0286/Carta 74	46	1	K	12	l	r
real	B	m0286/Carta 74	46	11	K	a	t	m
real	B	m0286/Carta 74	46	4	K	15	c	p
real	B	m0286/Carta 74	46	3	K	f	a	s
real	B	m0286/Carta 74	46	2	K	24	h	e
real	B	m0286/Carta 74	46	8	K	y	e	a
real	B	m0286/Carta 74	46	7	K	3	d	t
shuf	B	m0286/Carta 74	46	16	U	17	a	e
shuf	B	m0286/Carta 74	46	1	K	12	l	r
shuf	B	m0286/Carta 74	46	11	K	a	t	t
shuf	B	m0286/Carta 74	46	4	K	15	c	p
shuf	B	m0286/Carta 74	46	3	K	f	a	s
shuf	B	m0286/Carta 74	46	2	K	24	h	e
shuf	B	m0286/Carta 74	46	8	K	y	e	a
shuf	B	m0286/Carta 74	46	7	K	3	d	t
real	B	m0294/Carta 110	1	6	U	10	h	l
real	B	m0294/Carta 110	1	5	K	20	l	l
real	B	m0294/Carta 110	1	4	K	24	e	e
real	B	m0294/Carta 110	1	9	K	15	o	o
real	B	m0294/Carta 110	1	16	K	55	p	p
real	B	m0294/Carta 110	1	8	K	5	c	c
real	B	m0294/Carta 110	1	14	K	19	e	e
real	B	m0294/Carta 110	1	7	K	17	a	a
shuf	B	m0294/Carta 110	1	6	U	10	h	a
shuf	B	m0294/Carta 110	1	5	K	20	l	l
shuf	B	m0294/Carta 110	1	4	K	24	e	e
shuf	B	m0294/Carta 110	1	9	K	15	o	o
shuf	B	m0294/Carta 110	1	16	K	55	p	o
shuf	B	m0294/Carta 110	1	8	K	5	c	c
shuf	B	m0294/Carta 110	1	14	K	19	e	e
shuf	B	m0294/Carta 110	1	7	K	17	a	a
real	B	m0291/Passage 3a	33	13	U	11	p	p
real	B	m0291/Passage 3a	33	10	K	5	c	c
real	B	m0291/Passage 3a	33	0	K	26	v	u
real	B	m0291/Passage 3a	33	19	K	19	e	e
real	B	m0291/Passage 3a	33	11	K	8	i	i
real	B	m0291/Passage 3a	33	8	K	5	c	s
real	B	m0291/Passage 3a	33	1	K	19	e	e
real	B	m0291/Passage 3a	33	9	K	15	o	o
shuf	B	m0291/Passage 3a	33	13	U	11	p	c
shuf	B	m0291/Passage 3a	33	10	K	5	c	c
shuf	B	m0291/Passage 3a	33	0	K	26	v	v
shuf	B	m0291/Passage 3a	33	19	K	19	e	e
shuf	B	m0291/Passage 3a	33	11	K	8	i	i
shuf	B	m0291/Passage 3a	33	8	K	5	c	c
shuf	B	m0291/Passage 3a	33	1	K	19	e	e
shuf	B	m0291/Passage 3a	33	9	K	15	o	o
real	B	m0286/Carta 74	57	0	U	a	t	q
real	B	m0286/Carta 74	57	5	K	17	a	a
real	B	m0286/Carta 74	57	6	K	12	r	n
real	B	m0286/Carta 74	57	17	K	5	c	c
real	B	m0286/Carta 74	57	12	K	3	t	t
real	B	m0286/Carta 74	57	14	K	5	c	c
real	B	m0286/Carta 74	57	16	K	25	o	o
real	B	m0286/Carta 74	57	2	K	12	r	r
shuf	B	m0286/Carta 74	57	0	U	a	t	j
shuf	B	m0286/Carta 74	57	5	K	17	a	a
shuf	B	m0286/Carta 74	57	6	K	12	r	r
shuf	B	m0286/Carta 74	57	17	K	5	c	c
shuf	B	m0286/Carta 74	57	12	K	3	t	t
shuf	B	m0286/Carta 74	57	14	K	5	c	c
shuf	B	m0286/Carta 74	57	16	K	25	o	u
shuf	B	m0286/Carta 74	57	2	K	12	r	r
real	B	m0293/Passage 2a	7	16	U	15	o	o
real	B	m0293/Passage 2a	7	5	K	c	u	u
real	B	m0293/Passage 2a	7	7	K	8	i	i
real	B	m0293/Passage 2a	7	2	K	5	c	c
real	B	m0293/Passage 2a	7	15	K	m	n	n
real	B	m0293/Passage 2a	7	8	K	14	n	n
real	B	m0293/Passage 2a	7	3	K	15	o	o
real	B	m0293/Passage 2a	7	11	K	c	o	u
shuf	B	m0293/Passage 2a	7	16	U	15	o	t
shuf	B	m0293/Passage 2a	7	5	K	c	u	r
shuf	B	m0293/Passage 2a	7	7	K	8	i	i
shuf	B	m0293/Passage 2a	7	2	K	5	c	n
shuf	B	m0293/Passage 2a	7	15	K	m	n	i
shuf	B	m0293/Passage 2a	7	8	K	14	n	n
shuf	B	m0293/Passage 2a	7	3	K	15	o	o
shuf	B	m0293/Passage 2a	7	11	K	c	o	o
real	B	m0292/Carta 105	9	12	U	15	o	o
real	B	m0292/Carta 105	9	16	K	6	c	c
real	B	m0292/Carta 105	9	13	K	14	n	n
real	B	m0292/Carta 105	9	2	K	7	e	e
real	B	m0292/Carta 105	9	15	K	7	e	e
real	B	m0292/Carta 105	9	14	K	10	h	h
real	B	m0292/Carta 105	9	1	K	10	h	h
real	B	m0292/Carta 105	9	19	K	15	o	o
shuf	B	m0292/Carta 105	9	12	U	15	o	o
shuf	B	m0292/Carta 105	9	16	K	6	c	o
shuf	B	m0292/Carta 105	9	13	K	14	n	n
shuf	B	m0292/Carta 105	9	2	K	7	e	r
shuf	B	m0292/Carta 105	9	15	K	7	e	e
shuf	B	m0292/Carta 105	9	14	K	10	h	h
shuf	B	m0292/Carta 105	9	1	K	10	h	h
shuf	B	m0292/Carta 105	9	19	K	15	o	o
real	B	m0285/Carta 72	27	4	U	c	g	r
real	B	m0285/Carta 72	27	19	K	5	c	c
real	B	m0285/Carta 72	27	16	K	4	s	s
real	B	m0285/Carta 72	27	18	K	4	s	s
real	B	m0285/Carta 72	27	7	K	2	d	d
real	B	m0285/Carta 72	27	2	K	8	j	i
real	B	m0285/Carta 72	27	8	K	15	o	o
real	B	m0285/Carta 72	27	3	K	26	o	u
shuf	B	m0285/Carta 72	27	4	U	c	g	n
shuf	B	m0285/Carta 72	27	19	K	5	c	c
shuf	B	m0285/Carta 72	27	16	K	4	s	l
shuf	B	m0285/Carta 72	27	18	K	4	s	s
shuf	B	m0285/Carta 72	27	7	K	2	d	d
shuf	B	m0285/Carta 72	27	2	K	8	j	i
shuf	B	m0285/Carta 72	27	8	K	15	o	o
shuf	B	m0285/Carta 72	27	3	K	26	o	o
real	B	m0292/Carta 105	15	13	U	15	o	o
real	B	m0292/Carta 105	15	8	K	10	h	h
real	B	m0292/Carta 105	15	9	K	7	e	e
real	B	m0292/Carta 105	15	6	K	15	o	o
real	B	m0292/Carta 105	15	18	K	26	u	u
real	B	m0292/Carta 105	15	15	K	15	o	o
real	B	m0292/Carta 105	15	16	K	12	r	r
real	B	m0292/Carta 105	15	12	K	2	d	d
shuf	B	m0292/Carta 105	15	13	U	15	o	r
shuf	B	m0292/Carta 105	15	8	K	10	h	r
shuf	B	m0292/Carta 105	15	9	K	7	e	e
shuf	B	m0292/Carta 105	15	6	K	15	o	o
shuf	B	m0292/Carta 105	15	18	K	26	u	e
shuf	B	m0292/Carta 105	15	15	K	15	o	o
shuf	B	m0292/Carta 105	15	16	K	12	r	r
shuf	B	m0292/Carta 105	15	12	K	2	d	e
real	B	m0286/Carta 74	6	17	U	12	r	s
real	B	m0286/Carta 74	6	7	K	23	a	c
real	B	m0286/Carta 74	6	6	K	a	t	a
real	B	m0286/Carta 74	6	19	K	12	r	r
real	B	m0286/Carta 74	6	0	K	4	q	s
real	B	m0286/Carta 74	6	14	K	18	o	o
real	B	m0286/Carta 74	6	3	K	15	p	c
real	B	m0286/Carta 74	6	15	K	55	p	p
shuf	B	m0286/Carta 74	6	17	U	12	r	e
shuf	B	m0286/Carta 74	6	7	K	23	a	a
shuf	B	m0286/Carta 74	6	6	K	a	t	t
shuf	B	m0286/Carta 74	6	19	K	12	r	r
shuf	B	m0286/Carta 74	6	0	K	4	q	s
shuf	B	m0286/Carta 74	6	14	K	18	o	m
shuf	B	m0286/Carta 74	6	3	K	15	p	o
shuf	B	m0286/Carta 74	6	15	K	55	p	p
real	B	m0281/Carta 15	81	0	U	4	s	j
real	B	m0281/Carta 15	81	8	K	m	r	n
real	B	m0281/Carta 15	81	18	K	7	e	e
real	B	m0281/Carta 15	81	7	K	y	o	a
real	B	m0281/Carta 15	81	9	K	2	e	d
real	B	m0281/Carta 15	81	6	K	18	p	m
real	B	m0281/Carta 15	81	12	K	y	r	a
real	B	m0281/Carta 15	81	10	K	y	x	a
shuf	B	m0281/Carta 15	81	0	U	4	s	h
shuf	B	m0281/Carta 15	81	8	K	m	r	n
shuf	B	m0281/Carta 15	81	18	K	7	e	u
shuf	B	m0281/Carta 15	81	7	K	y	o	a
shuf	B	m0281/Carta 15	81	9	K	2	e	d
shuf	B	m0281/Carta 15	81	6	K	18	p	u
shuf	B	m0281/Carta 15	81	12	K	y	r	a
shuf	B	m0281/Carta 15	81	10	K	y	x	e
real	B	m0287/Carta 79	14	15	U	4	s	n
real	B	m0287/Carta 79	14	3	K	23	a	a
real	B	m0287/Carta 79	14	10	K	26	u	u
real	B	m0287/Carta 79	14	9	K	e	g	e
real	B	m0287/Carta 79	14	19	K	24	e	e
real	B	m0287/Carta 79	14	11	K	18	m	m
real	B	m0287/Carta 79	14	16	K	3	t	t
real	B	m0287/Carta 79	14	18	K	26	v	u
shuf	B	m0287/Carta 79	14	15	U	4	s	e
shuf	B	m0287/Carta 79	14	3	K	23	a	a
shuf	B	m0287/Carta 79	14	10	K	26	u	u
shuf	B	m0287/Carta 79	14	9	K	e	g	s
shuf	B	m0287/Carta 79	14	19	K	24	e	e
shuf	B	m0287/Carta 79	14	11	K	18	m	a
shuf	B	m0287/Carta 79	14	16	K	3	t	t
shuf	B	m0287/Carta 79	14	18	K	26	v	v
real	B	m0284/Passage 3a	1	2	U	21	b	b
real	B	m0284/Passage 3a	1	11	K	4	s	s
real	B	m0284/Passage 3a	1	10	K	19	e	e
real	B	m0284/Passage 3a	1	18	K	y	a	a
real	B	m0284/Passage 3a	1	16	K	20	l	l
real	B	m0284/Passage 3a	1	5	K	3	t	t
real	B	m0284/Passage 3a	1	3	K	17	a	a
real	B	m0284/Passage 3a	1	14	K	26	v	m
shuf	B	m0284/Passage 3a	1	2	U	21	b	d
shuf	B	m0284/Passage 3a	1	11	K	4	s	s
shuf	B	m0284/Passage 3a	1	10	K	19	e	e
shuf	B	m0284/Passage 3a	1	18	K	y	a	e
shuf	B	m0284/Passage 3a	1	16	K	20	l	l
shuf	B	m0284/Passage 3a	1	5	K	3	t	u
shuf	B	m0284/Passage 3a	1	3	K	17	a	a
shuf	B	m0284/Passage 3a	1	14	K	26	v	v
real	B	m0287/Carta 79	56	13	U	y	a	d
real	B	m0287/Carta 79	56	15	K	21	b	t
real	B	m0287/Carta 79	56	0	K	26	u	u
real	B	m0287/Carta 79	56	17	K	12	r	r
real	B	m0287/Carta 79	56	18	K	14	n	n
real	B	m0287/Carta 79	56	16	K	15	o	o
real	B	m0287/Carta 79	56	12	K	3	s	s
real	B	m0287/Carta 79	56	8	K	55	p	p
shuf	B	m0287/Carta 79	56	13	U	y	a	a
shuf	B	m0287/Carta 79	56	15	K	21	b	b
shuf	B	m0287/Carta 79	56	0	K	26	u	v
shuf	B	m0287/Carta 79	56	17	K	12	r	r
shuf	B	m0287/Carta 79	56	18	K	14	n	n
shuf	B	m0287/Carta 79	56	16	K	15	o	o
shuf	B	m0287/Carta 79	56	12	K	3	s	t
shuf	B	m0287/Carta 79	56	8	K	55	p	e
real	B	m0294/Passage 2a	5	17	U	55	n	d
real	B	m0294/Passage 2a	5	1	K	7	e	e
real	B	m0294/Passage 2a	5	0	K	18	m	m
real	B	m0294/Passage 2a	5	19	K	2	s	d
real	B	m0294/Passage 2a	5	4	K	12	r	r
real	B	m0294/Passage 2a	5	2	K	3	t	t
real	B	m0294/Passage 2a	5	3	K	4	e	a
real	B	m0294/Passage 2a	5	18	K	y	a	a
shuf	B	m0294/Passage 2a	5	17	U	55	n	d
shuf	B	m0294/Passage 2a	5	1	K	7	e	e
shuf	B	m0294/Passage 2a	5	0	K	18	m	m
shuf	B	m0294/Passage 2a	5	19	K	2	s	d
shuf	B	m0294/Passage 2a	5	4	K	12	r	r
shuf	B	m0294/Passage 2a	5	2	K	3	t	t
shuf	B	m0294/Passage 2a	5	3	K	4	e	a
shuf	B	m0294/Passage 2a	5	18	K	y	a	a
real	B	m0293/Passage 2a	2	8	U	15	o	o
real	B	m0293/Passage 2a	2	19	K	7	h	e
real	B	m0293/Passage 2a	2	4	K	20	l	l
real	B	m0293/Passage 2a	2	12	K	8	i	i
real	B	m0293/Passage 2a	2	11	K	20	l	l
real	B	m0293/Passage 2a	2	17	K	17	o	a
real	B	m0293/Passage 2a	2	1	K	19	e	e
real	B	m0293/Passage 2a	2	9	K	21	b	b
shuf	B	m0293/Passage 2a	2	8	U	15	o	q
shuf	B	m0293/Passage 2a	2	19	K	7	h	e
shuf	B	m0293/Passage 2a	2	4	K	20	l	a
shuf	B	m0293/Passage 2a	2	12	K	8	i	i
shuf	B	m0293/Passage 2a	2	11	K	20	l	l
shuf	B	m0293/Passage 2a	2	17	K	17	o	l
shuf	B	m0293/Passage 2a	2	1	K	19	e	i
shuf	B	m0293/Passage 2a	2	9	K	21	b	u
real	B	m0280/Carta 13	200	10	U	e	u	n
real	B	m0280/Carta 13	200	7	K	7	e	e
real	B	m0280/Carta 13	200	6	K	10	h	h
real	B	m0280/Carta 13	200	12	K	7	e	e
real	B	m0280/Carta 13	200	11	K	z	r	g
real	B	m0280/Carta 13	200	15	K	15	o	o
real	B	m0280/Carta 13	200	5	K	a	t	t
real	B	m0280/Carta 13	200	9	K	15	o	o
shuf	B	m0280/Carta 13	200	10	U	e	u	b
shuf	B	m0280/Carta 13	200	7	K	7	e	e
shuf	B	m0280/Carta 13	200	6	K	10	h	h
shuf	B	m0280/Carta 13	200	12	K	7	e	e
shuf	B	m0280/Carta 13	200	11	K	z	r	r
shuf	B	m0280/Carta 13	200	15	K	15	o	o
shuf	B	m0280/Carta 13	200	5	K	a	t	l
shuf	B	m0280/Carta 13	200	9	K	15	o	o
real	B	m0286/Carta 74	33	2	U	23	d	g
real	B	m0286/Carta 74	33	18	K	15	o	o
real	B	m0286/Carta 74	33	10	K	12	v	r
real	B	m0286/Carta 74	33	6	K	7	e	e
real	B	m0286/Carta 74	33	5	K	a	t	t
real	B	m0286/Carta 74	33	11	K	7	e	e
real	B	m0286/Carta 74	33	4	K	4	s	s
real	B	m0286/Carta 74	33	17	K	15	c	p
shuf	B	m0286/Carta 74	33	2	U	23	d	k
shuf	B	m0286/Carta 74	33	18	K	15	o	o
shuf	B	m0286/Carta 74	33	10	K	12	v	a
shuf	B	m0286/Carta 74	33	6	K	7	e	e
shuf	B	m0286/Carta 74	33	5	K	a	t	m
shuf	B	m0286/Carta 74	33	11	K	7	e	r
shuf	B	m0286/Carta 74	33	4	K	4	s	m
shuf	B	m0286/Carta 74	33	17	K	15	c	o
real	B	m0292/Carta 101	2	19	U	17	a	o
real	B	m0292/Carta 101	2	18	K	10	h	h
real	B	m0292/Carta 101	2	2	K	55	p	l
real	B	m0292/Carta 101	2	0	K	4	s	s
real	B	m0292/Carta 101	2	17	K	14	n	n
real	B	m0292/Carta 101	2	1	K	15	o	o
real	B	m0292/Carta 101	2	16	K	2	i	e
real	B	m0292/Carta 101	2	15	K	26	v	s
shuf	B	m0292/Carta 101	2	19	U	17	a	o
shuf	B	m0292/Carta 101	2	18	K	10	h	h
shuf	B	m0292/Carta 101	2	2	K	55	p	p
shuf	B	m0292/Carta 101	2	0	K	4	s	s
shuf	B	m0292/Carta 101	2	17	K	14	n	n
shuf	B	m0292/Carta 101	2	1	K	15	o	o
shuf	B	m0292/Carta 101	2	16	K	2	i	e
shuf	B	m0292/Carta 101	2	15	K	26	v	s
real	B	m0282/Carta 61	53	17	U	3	t	n
real	B	m0282/Carta 61	53	8	K	10	h	h
real	B	m0282/Carta 61	53	7	K	20	l	l
real	B	m0282/Carta 61	53	5	K	26	v	m
real	B	m0282/Carta 61	53	9	K	17	a	a
real	B	m0282/Carta 61	53	18	K	17	a	a
real	B	m0282/Carta 61	53	19	K	5	c	c
real	B	m0282/Carta 61	53	16	K	17	a	a
shuf	B	m0282/Carta 61	53	17	U	3	t	m
shuf	B	m0282/Carta 61	53	8	K	10	h	r
shuf	B	m0282/Carta 61	53	7	K	20	l	t
shuf	B	m0282/Carta 61	53	5	K	26	v	u
shuf	B	m0282/Carta 61	53	9	K	17	a	a
shuf	B	m0282/Carta 61	53	18	K	17	a	a
shuf	B	m0282/Carta 61	53	19	K	5	c	c
shuf	B	m0282/Carta 61	53	16	K	17	a	a
real	B	m0286/Passage 3a	5	17	U	26	u	u
real	B	m0286/Passage 3a	5	16	K	5	c	c
real	B	m0286/Passage 3a	5	13	K	23	a	a
real	B	m0286/Passage 3a	5	2	K	18	m	m
real	B	m0286/Passage 3a	5	15	K	15	o	o
real	B	m0286/Passage 3a	5	0	K	26	u	u
real	B	m0286/Passage 3a	5	11	K	17	f	a
real	B	m0286/Passage 3a	5	14	K	14	n	n
shuf	B	m0286/Passage 3a	5	17	U	26	u	o
shuf	B	m0286/Passage 3a	5	16	K	5	c	c
shuf	B	m0286/Passage 3a	5	13	K	23	a	a
shuf	B	m0286/Passage 3a	5	2	K	18	m	o
shuf	B	m0286/Passage 3a	5	15	K	15	o	o
shuf	B	m0286/Passage 3a	5	0	K	26	u	u
shuf	B	m0286/Passage 3a	5	11	K	17	f	a
shuf	B	m0286/Passage 3a	5	14	K	14	n	n
real	B	m0284/Carta 71	2	7	U	4	a	r
real	B	m0284/Carta 71	2	14	K	18	m	m
real	B	m0284/Carta 71	2	12	K	10	h	h
real	B	m0284/Carta 71	2	6	K	15	c	o
real	B	m0284/Carta 71	2	0	K	3	t	t
real	B	m0284/Carta 71	2	9	K	17	a	a
real	B	m0284/Carta 71	2	8	K	3	t	t
real	B	m0284/Carta 71	2	4	K	4	g	s
shuf	B	m0284/Carta 71	2	7	U	4	a	a
shuf	B	m0284/Carta 71	2	14	K	18	m	r
shuf	B	m0284/Carta 71	2	12	K	10	h	e
shuf	B	m0284/Carta 71	2	6	K	15	c	o
shuf	B	m0284/Carta 71	2	0	K	3	t	t
shuf	B	m0284/Carta 71	2	9	K	17	a	a
shuf	B	m0284/Carta 71	2	8	K	3	t	t
shuf	B	m0284/Carta 71	2	4	K	4	g	s
real	B	m0281/Carta 15	43	9	U	7	r	m
real	B	m0281/Carta 15	43	17	K	a	t	t
real	B	m0281/Carta 15	43	15	K	y	a	a
real	B	m0281/Carta 15	43	12	K	18	m	m
real	B	m0281/Carta 15	43	11	K	e	u	u
real	B	m0281/Carta 15	43	13	K	y	a	a
real	B	m0281/Carta 15	43	8	K	15	o	o
real	B	m0281/Carta 15	43	7	K	6	p	c
shuf	B	m0281/Carta 15	43	9	U	7	r	r
shuf	B	m0281/Carta 15	43	17	K	a	t	c
shuf	B	m0281/Carta 15	43	15	K	y	a	a
shuf	B	m0281/Carta 15	43	12	K	18	m	m
shuf	B	m0281/Carta 15	43	11	K	e	u	e
shuf	B	m0281/Carta 15	43	13	K	y	a	a
shuf	B	m0281/Carta 15	43	8	K	15	o	o
shuf	B	m0281/Carta 15	43	7	K	6	p	e
real	B	m0288/Carta 85	1	14	U	19	e	e
real	B	m0288/Carta 85	1	3	K	5	c	s
real	B	m0288/Carta 85	1	7	K	20	l	l
real	B	m0288/Carta 85	1	4	K	2	d	d
real	B	m0288/Carta 85	1	10	K	14	n	n
real	B	m0288/Carta 85	1	2	K	15	o	o
real	B	m0288/Carta 85	1	6	K	17	a	a
real	B	m0288/Carta 85	1	13	K	12	r	r
shuf	B	m0288/Carta 85	1	14	U	19	e	p
shuf	B	m0288/Carta 85	1	3	K	5	c	c
shuf	B	m0288/Carta 85	1	7	K	20	l	l
shuf	B	m0288/Carta 85	1	4	K	2	d	a
shuf	B	m0288/Carta 85	1	10	K	14	n	n
shuf	B	m0288/Carta 85	1	2	K	15	o	o
shuf	B	m0288/Carta 85	1	6	K	17	a	a
shuf	B	m0288/Carta 85	1	13	K	12	r	r
real	B	m0282/Carta 61	12	12	U	15	o	o
real	B	m0282/Carta 61	12	6	K	15	o	o
real	B	m0282/Carta 61	12	2	K	15	o	o
real	B	m0282/Carta 61	12	0	K	12	r	r
real	B	m0282/Carta 61	12	1	K	23	o	a
real	B	m0282/Carta 61	12	9	K	7	e	e
real	B	m0282/Carta 61	12	11	K	12	r	r
real	B	m0282/Carta 61	12	5	K	4	s	s
shuf	B	m0282/Carta 61	12	12	U	15	o	e
shuf	B	m0282/Carta 61	12	6	K	15	o	o
shuf	B	m0282/Carta 61	12	2	K	15	o	o
shuf	B	m0282/Carta 61	12	0	K	12	r	r
shuf	B	m0282/Carta 61	12	1	K	23	o	a
shuf	B	m0282/Carta 61	12	9	K	7	e	m
shuf	B	m0282/Carta 61	12	11	K	12	r	r
shuf	B	m0282/Carta 61	12	5	K	4	s	s
real	B	m0294/Passage 2a	7	19	U	55	p	s
real	B	m0294/Passage 2a	7	16	K	y	a	o
real	B	m0294/Passage 2a	7	0	K	3	t	t
real	B	m0294/Passage 2a	7	17	K	2	s	d
real	B	m0294/Passage 2a	7	18	K	2	d	e
real	B	m0294/Passage 2a	7	15	K	55	n	p
real	B	m0294/Passage 2a	7	2	K	12	r	r
real	B	m0294/Passage 2a	7	1	K	4	e	s
shuf	B	m0294/Passage 2a	7	19	U	55	p	s
shuf	B	m0294/Passage 2a	7	16	K	y	a	a
shuf	B	m0294/Passage 2a	7	0	K	3	t	t
shuf	B	m0294/Passage 2a	7	17	K	2	s	d
shuf	B	m0294/Passage 2a	7	18	K	2	d	e
shuf	B	m0294/Passage 2a	7	15	K	55	n	p
shuf	B	m0294/Passage 2a	7	2	K	12	r	r
shuf	B	m0294/Passage 2a	7	1	K	4	e	s
real	B	m0294/Passage 2a	14	13	U	14	n	o
real	B	m0294/Passage 2a	14	15	K	19	e	e
real	B	m0294/Passage 2a	14	14	K	2	d	d
real	B	m0294/Passage 2a	14	9	K	y	a	o
real	B	m0294/Passage 2a	14	18	K	8	i	i
real	B	m0294/Passage 2a	14	12	K	55	p	p
real	B	m0294/Passage 2a	14	8	K	55	n	p
real	B	m0294/Passage 2a	14	11	K	2	d	e
shuf	B	m0294/Passage 2a	14	13	U	14	n	o
shuf	B	m0294/Passage 2a	14	15	K	19	e	e
shuf	B	m0294/Passage 2a	14	14	K	2	d	d
shuf	B	m0294/Passage 2a	14	9	K	y	a	a
shuf	B	m0294/Passage 2a	14	18	K	8	i	i
shuf	B	m0294/Passage 2a	14	12	K	55	p	p
shuf	B	m0294/Passage 2a	14	8	K	55	n	n
shuf	B	m0294/Passage 2a	14	11	K	2	d	s
real	B	m0293/Carta 106	9	19	U	21	b	s
real	B	m0293/Carta 106	9	16	K	2	e	o
real	B	m0293/Carta 106	9	13	K	2	d	d
real	B	m0293/Carta 106	9	17	K	2	d	d
real	B	m0293/Carta 106	9	1	K	12	r	r
real	B	m0293/Carta 106	9	18	K	19	e	e
real	B	m0293/Carta 106	9	14	K	15	o	o
real	B	m0293/Carta 106	9	15	K	55	o	p
shuf	B	m0293/Carta 106	9	19	U	21	b	s
shuf	B	m0293/Carta 106	9	16	K	2	e	o
shuf	B	m0293/Carta 106	9	13	K	2	d	r
shuf	B	m0293/Carta 106	9	17	K	2	d	d
shuf	B	m0293/Carta 106	9	1	K	12	r	r
shuf	B	m0293/Carta 106	9	18	K	19	e	e
shuf	B	m0293/Carta 106	9	14	K	15	o	o
shuf	B	m0293/Carta 106	9	15	K	55	o	p
real	B	m0289/Carta 89	20	12	U	18	m	r
real	B	m0289/Carta 89	20	2	K	4	s	s
real	B	m0289/Carta 89	20	10	K	10	h	h
real	B	m0289/Carta 89	20	9	K	20	l	l
real	B	m0289/Carta 89	20	4	K	12	r	r
real	B	m0289/Carta 89	20	17	K	58	m	b
real	B	m0289/Carta 89	20	13	K	7	e	e
real	B	m0289/Carta 89	20	11	K	2	e	e
shuf	B	m0289/Carta 89	20	12	U	18	m	d
shuf	B	m0289/Carta 89	20	2	K	4	s	s
shuf	B	m0289/Carta 89	20	10	K	10	h	h
shuf	B	m0289/Carta 89	20	9	K	20	l	e
shuf	B	m0289/Carta 89	20	4	K	12	r	u
shuf	B	m0289/Carta 89	20	17	K	58	m	o
shuf	B	m0289/Carta 89	20	13	K	7	e	e
shuf	B	m0289/Carta 89	20	11	K	2	e	e
real	B	m0284/Passage 3a	2	5	U	23	a	e
real	B	m0284/Passage 3a	2	14	K	19	e	e
real	B	m0284/Passage 3a	2	12	K	24	e	e
real	B	m0284/Passage 3a	2	0	K	18	o	m
real	B	m0284/Passage 3a	2	11	K	3	t	t
real	B	m0284/Passage 3a	2	3	K	4	s	s
real	B	m0284/Passage 3a	2	2	K	17	a	a
real	B	m0284/Passage 3a	2	15	K	20	l	l
shuf	B	m0284/Passage 3a	2	5	U	23	a	a
shuf	B	m0284/Passage 3a	2	14	K	19	e	e
shuf	B	m0284/Passage 3a	2	12	K	24	e	q
shuf	B	m0284/Passage 3a	2	0	K	18	o	m
shuf	B	m0284/Passage 3a	2	11	K	3	t	t
shuf	B	m0284/Passage 3a	2	3	K	4	s	s
shuf	B	m0284/Passage 3a	2	2	K	17	a	a
shuf	B	m0284/Passage 3a	2	15	K	20	l	l
real	B	m0293/Carta 106	13	13	U	2	d	d
real	B	m0293/Carta 106	13	12	K	2	e	o
real	B	m0293/Carta 106	13	19	K	14	n	n
real	B	m0293/Carta 106	13	11	K	55	o	p
real	B	m0293/Carta 106	13	10	K	15	o	o
real	B	m0293/Carta 106	13	17	K	20	l	l
real	B	m0293/Carta 106	13	18	K	8	i	i
real	B	m0293/Carta 106	13	15	K	21	b	b
shuf	B	m0293/Carta 106	13	13	U	2	d	c
shuf	B	m0293/Carta 106	13	12	K	2	e	e
shuf	B	m0293/Carta 106	13	19	K	14	n	n
shuf	B	m0293/Carta 106	13	11	K	55	o	d
shuf	B	m0293/Carta 106	13	10	K	15	o	o
shuf	B	m0293/Carta 106	13	17	K	20	l	l
shuf	B	m0293/Carta 106	13	18	K	8	i	i
shuf	B	m0293/Carta 106	13	15	K	21	b	b
real	B	m0290/Passage 2a	84	3	U	23	a	e
real	B	m0290/Passage 2a	84	4	K	4	e	q
real	B	m0290/Passage 2a	84	18	K	m	n	n
real	B	m0290/Passage 2a	84	17	K	4	s	s
real	B	m0290/Passage 2a	84	12	K	8	i	t
real	B	m0290/Passage 2a	84	6	K	22	a	e
real	B	m0290/Passage 2a	84	19	K	22	i	e
real	B	m0290/Passage 2a	84	8	K	20	l	f
shuf	B	m0290/Passage 2a	84	3	U	23	a	a
shuf	B	m0290/Passage 2a	84	4	K	4	e	s
shuf	B	m0290/Passage 2a	84	18	K	m	n	n
shuf	B	m0290/Passage 2a	84	17	K	4	s	s
shuf	B	m0290/Passage 2a	84	12	K	8	i	i
shuf	B	m0290/Passage 2a	84	6	K	22	a	i
shuf	B	m0290/Passage 2a	84	19	K	22	i	e
shuf	B	m0290/Passage 2a	84	8	K	20	l	l
real	B	m0281/Carta 15	64	16	U	15	o	s
real	B	m0281/Carta 15	64	8	K	15	u	o
real	B	m0281/Carta 15	64	15	K	a	t	o
real	B	m0281/Carta 15	64	10	K	7	r	e
real	B	m0281/Carta 15	64	17	K	4	s	s
real	B	m0281/Carta 15	64	14	K	m	n	n
real	B	m0281/Carta 15	64	7	K	5	c	c
real	B	m0281/Carta 15	64	12	K	18	m	o
shuf	B	m0281/Carta 15	64	16	U	15	o	i
shuf	B	m0281/Carta 15	64	8	K	15	u	o
shuf	B	m0281/Carta 15	64	15	K	a	t	t
shuf	B	m0281/Carta 15	64	10	K	7	r	e
shuf	B	m0281/Carta 15	64	17	K	4	s	s
shuf	B	m0281/Carta 15	64	14	K	m	n	a
shuf	B	m0281/Carta 15	64	7	K	5	c	c
shuf	B	m0281/Carta 15	64	12	K	18	m	m
real	B	m0288/Carta 85	50	3	U	26	v	c
real	B	m0288/Carta 85	50	16	K	26	u	u
real	B	m0288/Carta 85	50	4	K	19	e	e
real	B	m0288/Carta 85	50	7	K	7	e	e
real	B	m0288/Carta 85	50	5	K	14	n	n
real	B	m0288/Carta 85	50	15	K	18	m	m
real	B	m0288/Carta 85	50	17	K	14	n	n
real	B	m0288/Carta 85	50	12	K	15	o	o
shuf	B	m0288/Carta 85	50	3	U	26	v	s
shuf	B	m0288/Carta 85	50	16	K	26	u	e
shuf	B	m0288/Carta 85	50	4	K	19	e	e
shuf	B	m0288/Carta 85	50	7	K	7	e	e
shuf	B	m0288/Carta 85	50	5	K	14	n	n
shuf	B	m0288/Carta 85	50	15	K	18	m	m
shuf	B	m0288/Carta 85	50	17	K	14	n	n
shuf	B	m0288/Carta 85	50	12	K	15	o	o
real	B	m0282/Carta 61	54	5	U	7	e	i
real	B	m0282/Carta 61	54	16	K	3	t	t
real	B	m0282/Carta 61	54	6	K	20	l	l
real	B	m0282/Carta 61	54	9	K	5	c	c
real	B	m0282/Carta 61	54	10	K	15	o	o
real	B	m0282/Carta 61	54	17	K	17	a	a
real	B	m0282/Carta 61	54	19	K	23	a	a
real	B	m0282/Carta 61	54	4	K	26	v	v
shuf	B	m0282/Carta 61	54	5	U	7	e	n
shuf	B	m0282/Carta 61	54	16	K	3	t	i
shuf	B	m0282/Carta 61	54	6	K	20	l	t
shuf	B	m0282/Carta 61	54	9	K	5	c	c
shuf	B	m0282/Carta 61	54	10	K	15	o	o
shuf	B	m0282/Carta 61	54	17	K	17	a	a
shuf	B	m0282/Carta 61	54	19	K	23	a	a
shuf	B	m0282/Carta 61	54	4	K	26	v	o
real	B	m0289/Carta 92	86	7	U	15	o	o
real	B	m0289/Carta 92	86	0	K	f	s	s
real	B	m0289/Carta 92	86	1	K	5	c	c
real	B	m0289/Carta 92	86	16	K	14	n	n
real	B	m0289/Carta 92	86	5	K	c	u	u
real	B	m0289/Carta 92	86	8	K	26	u	u
real	B	m0289/Carta 92	86	17	K	y	a	a
real	B	m0289/Carta 92	86	10	K	25	o	a
shuf	B	m0289/Carta 92	86	7	U	15	o	j
shuf	B	m0289/Carta 92	86	0	K	f	s	s
shuf	B	m0289/Carta 92	86	1	K	5	c	c
shuf	B	m0289/Carta 92	86	16	K	14	n	n
shuf	B	m0289/Carta 92	86	5	K	c	u	s
shuf	B	m0289/Carta 92	86	8	K	26	u	u
shuf	B	m0289/Carta 92	86	17	K	y	a	a
shuf	B	m0289/Carta 92	86	10	K	25	o	i
real	B	m0288/Carta 81	3	13	U	15	o	o
real	B	m0288/Carta 81	3	14	K	18	m	m
real	B	m0288/Carta 81	3	4	K	20	l	l
real	B	m0288/Carta 81	3	6	K	26	u	u
real	B	m0288/Carta 81	3	19	K	17	a	a
real	B	m0288/Carta 81	3	3	K	17	d	a
real	B	m0288/Carta 81	3	7	K	8	i	a
real	B	m0288/Carta 81	3	10	K	10	h	h
shuf	B	m0288/Carta 81	3	13	U	15	o	t
shuf	B	m0288/Carta 81	3	14	K	18	m	s
shuf	B	m0288/Carta 81	3	4	K	20	l	l
shuf	B	m0288/Carta 81	3	6	K	26	u	o
shuf	B	m0288/Carta 81	3	19	K	17	a	a
shuf	B	m0288/Carta 81	3	3	K	17	d	a
shuf	B	m0288/Carta 81	3	7	K	8	i	n
shuf	B	m0288/Carta 81	3	10	K	10	h	t
real	B	m0289/Carta 89	13	8	U	18	m	n
real	B	m0289/Carta 89	13	3	K	14	n	i
real	B	m0289/Carta 89	13	1	K	18	m	m
real	B	m0289/Carta 89	13	10	K	7	e	e
real	B	m0289/Carta 89	13	18	K	2	e	e
real	B	m0289/Carta 89	13	6	K	21	b	c
real	B	m0289/Carta 89	13	11	K	12	r	r
real	B	m0289/Carta 89	13	2	K	19	e	e
shuf	B	m0289/Carta 89	13	8	U	18	m	n
shuf	B	m0289/Carta 89	13	3	K	14	n	n
shuf	B	m0289/Carta 89	13	1	K	18	m	m
shuf	B	m0289/Carta 89	13	10	K	7	e	e
shuf	B	m0289/Carta 89	13	18	K	2	e	d
shuf	B	m0289/Carta 89	13	6	K	21	b	i
shuf	B	m0289/Carta 89	13	11	K	12	r	r
shuf	B	m0289/Carta 89	13	2	K	19	e	e
real	B	m0283/Carta 70	90	12	U	8	i	i
real	B	m0283/Carta 70	90	18	K	15	o	o
real	B	m0283/Carta 70	90	14	K	8	i	i
real	B	m0283/Carta 70	90	9	K	19	e	e
real	B	m0283/Carta 70	90	8	K	3	t	t
real	B	m0283/Carta 70	90	17	K	12	r	r
real	B	m0283/Carta 70	90	7	K	4	s	s
real	B	m0283/Carta 70	90	16	K	3	t	t
shuf	B	m0283/Carta 70	90	12	U	8	i	s
shuf	B	m0283/Carta 70	90	18	K	15	o	o
shuf	B	m0283/Carta 70	90	14	K	8	i	i
shuf	B	m0283/Carta 70	90	9	K	19	e	e
shuf	B	m0283/Carta 70	90	8	K	3	t	t
shuf	B	m0283/Carta 70	90	17	K	12	r	r
shuf	B	m0283/Carta 70	90	7	K	4	s	a
shuf	B	m0283/Carta 70	90	16	K	3	t	t
real	B	m0281/Carta 23	4	3	U	26	u	o
real	B	m0281/Carta 23	4	5	K	8	i	i
real	B	m0281/Carta 23	4	4	K	20	l	l
real	B	m0281/Carta 23	4	7	K	e	g	t
real	B	m0281/Carta 23	4	11	K	6	k	s
real	B	m0281/Carta 23	4	0	K	2	d	d
real	B	m0281/Carta 23	4	1	K	7	e	e
real	B	m0281/Carta 23	4	9	K	12	r	r
shuf	B	m0281/Carta 23	4	3	U	26	u	s
shuf	B	m0281/Carta 23	4	5	K	8	i	i
shuf	B	m0281/Carta 23	4	4	K	20	l	l
shuf	B	m0281/Carta 23	4	7	K	e	g	g
shuf	B	m0281/Carta 23	4	11	K	6	k	a
shuf	B	m0281/Carta 23	4	0	K	2	d	d
shuf	B	m0281/Carta 23	4	1	K	7	e	r
shuf	B	m0281/Carta 23	4	9	K	12	r	r
real	B	m0292/Passage 2a	1	0	U	18	m	z
real	B	m0292/Passage 2a	1	3	K	7	e	e
real	B	m0292/Passage 2a	1	19	K	55	p	p
real	B	m0292/Passage 2a	1	1	K	13	q	q
real	B	m0292/Passage 2a	1	14	K	12	r	r
real	B	m0292/Passage 2a	1	6	K	7	e	e
real	B	m0292/Passage 2a	1	4	K	4	s	s
real	B	m0292/Passage 2a	1	7	K	m	n	n
shuf	B	m0292/Passage 2a	1	0	U	18	m	p
shuf	B	m0292/Passage 2a	1	3	K	7	e	e
shuf	B	m0292/Passage 2a	1	19	K	55	p	n
shuf	B	m0292/Passage 2a	1	1	K	13	q	q
shuf	B	m0292/Passage 2a	1	14	K	12	r	r
shuf	B	m0292/Passage 2a	1	6	K	7	e	e
shuf	B	m0292/Passage 2a	1	4	K	4	s	l
shuf	B	m0292/Passage 2a	1	7	K	m	n	n
real	B	m0285/Passage 4a	4	6	U	4	s	p
real	B	m0285/Passage 4a	4	12	K	4	s	s
real	B	m0285/Passage 4a	4	16	K	19	e	e
real	B	m0285/Passage 4a	4	15	K	12	r	r
real	B	m0285/Passage 4a	4	10	K	18	a	o
real	B	m0285/Passage 4a	4	1	K	24	e	e
real	B	m0285/Passage 4a	4	17	K	4	s	s
real	B	m0285/Passage 4a	4	18	K	3	t	t
shuf	B	m0285/Passage 4a	4	6	U	4	s	d
shuf	B	m0285/Passage 4a	4	12	K	4	s	s
shuf	B	m0285/Passage 4a	4	16	K	19	e	e
shuf	B	m0285/Passage 4a	4	15	K	12	r	r
shuf	B	m0285/Passage 4a	4	10	K	18	a	m
shuf	B	m0285/Passage 4a	4	1	K	24	e	y
shuf	B	m0285/Passage 4a	4	17	K	4	s	s
shuf	B	m0285/Passage 4a	4	18	K	3	t	t
real	B	m0290/Passage 2a	78	18	U	8	i	l
real	B	m0290/Passage 2a	78	6	K	10	r	h
real	B	m0290/Passage 2a	78	16	K	m	n	e
real	B	m0290/Passage 2a	78	8	K	24	h	r
real	B	m0290/Passage 2a	78	7	K	8	i	i
real	B	m0290/Passage 2a	78	11	K	26	d	v
real	B	m0290/Passage 2a	78	2	K	7	e	e
real	B	m0290/Passage 2a	78	4	K	x	d	d
shuf	B	m0290/Passage 2a	78	18	U	8	i	a
shuf	B	m0290/Passage 2a	78	6	K	10	r	h
shuf	B	m0290/Passage 2a	78	16	K	m	n	a
shuf	B	m0290/Passage 2a	78	8	K	24	h	a
shuf	B	m0290/Passage 2a	78	7	K	8	i	i
shuf	B	m0290/Passage 2a	78	11	K	26	d	o
shuf	B	m0290/Passage 2a	78	2	K	7	e	t
shuf	B	m0290/Passage 2a	78	4	K	x	d	d
real	B	m0286/Carta 73	2	17	U	4	s	n
real	B	m0286/Carta 73	2	9	K	12	r	r
real	B	m0286/Carta 73	2	0	K	18	m	m
real	B	m0286/Carta 73	2	4	K	12	r	r
real	B	m0286/Carta 73	2	10	K	y	s	a
real	B	m0286/Carta 73	2	5	K	7	u	e
real	B	m0286/Carta 73	2	14	K	26	u	u
real	B	m0286/Carta 73	2	15	K	8	i	i
shuf	B	m0286/Carta 73	2	17	U	4	s	k
shuf	B	m0286/Carta 73	2	9	K	12	r	r
shuf	B	m0286/Carta 73	2	0	K	18	m	m
shuf	B	m0286/Carta 73	2	4	K	12	r	r
shuf	B	m0286/Carta 73	2	10	K	y	s	a
shuf	B	m0286/Carta 73	2	5	K	7	u	e
shuf	B	m0286/Carta 73	2	14	K	26	u	o
shuf	B	m0286/Carta 73	2	15	K	8	i	i
real	B	m0282/Carta 58	25	4	U	17	a	e
real	B	m0282/Carta 58	25	6	K	55	p	p
real	B	m0282/Carta 58	25	0	K	12	r	r
real	B	m0282/Carta 58	25	18	K	4	s	a
real	B	m0282/Carta 58	25	8	K	4	s	s
real	B	m0282/Carta 58	25	5	K	4	s	s
real	B	m0282/Carta 58	25	7	K	19	e	e
real	B	m0282/Carta 58	25	19	K	17	a	a
shuf	B	m0282/Carta 58	25	4	U	17	a	e
shuf	B	m0282/Carta 58	25	6	K	55	p	p
shuf	B	m0282/Carta 58	25	0	K	12	r	r
shuf	B	m0282/Carta 58	25	18	K	4	s	o
shuf	B	m0282/Carta 58	25	8	K	4	s	l
shuf	B	m0282/Carta 58	25	5	K	4	s	s
shuf	B	m0282/Carta 58	25	7	K	19	e	e
shuf	B	m0282/Carta 58	25	19	K	17	a	a
real	B	m0281/Carta 15	75	0	U	8	i	g
real	B	m0281/Carta 15	75	14	K	m	r	n
real	B	m0281/Carta 15	75	5	K	15	o	o
real	B	m0281/Carta 15	75	18	K	y	r	a
real	B	m0281/Carta 15	75	1	K	18	m	m
real	B	m0281/Carta 15	75	2	K	z	e	e
real	B	m0281/Carta 15	75	6	K	4	s	s
real	B	m0281/Carta 15	75	17	K	c	p	v
shuf	B	m0281/Carta 15	75	0	U	8	i	j
shuf	B	m0281/Carta 15	75	14	K	m	r	n
shuf	B	m0281/Carta 15	75	5	K	15	o	o
shuf	B	m0281/Carta 15	75	18	K	y	r	a
shuf	B	m0281/Carta 15	75	1	K	18	m	o
shuf	B	m0281/Carta 15	75	2	K	z	e	h
shuf	B	m0281/Carta 15	75	6	K	4	s	s
shuf	B	m0281/Carta 15	75	17	K	c	p	u
real	B	m0286/Passage 3a	4	17	U	5	c	p
real	B	m0286/Passage 3a	4	14	K	23	a	a
real	B	m0286/Passage 3a	4	19	K	12	r	r
real	B	m0286/Passage 3a	4	0	K	c	g	u
real	B	m0286/Passage 3a	4	3	K	18	m	m
real	B	m0286/Passage 3a	4	16	K	15	o	o
real	B	m0286/Passage 3a	4	18	K	26	u	o
real	B	m0286/Passage 3a	4	1	K	26	u	u
shuf	B	m0286/Passage 3a	4	17	U	5	c	c
shuf	B	m0286/Passage 3a	4	14	K	23	a	a
shuf	B	m0286/Passage 3a	4	19	K	12	r	r
shuf	B	m0286/Passage 3a	4	0	K	c	g	g
shuf	B	m0286/Passage 3a	4	3	K	18	m	m
shuf	B	m0286/Passage 3a	4	16	K	15	o	o
shuf	B	m0286/Passage 3a	4	18	K	26	u	u
shuf	B	m0286/Passage 3a	4	1	K	26	u	v
real	B	m0283/Carta 70	92	14	U	3	t	t
real	B	m0283/Carta 70	92	3	K	7	d	r
real	B	m0283/Carta 70	92	16	K	15	o	o
real	B	m0283/Carta 70	92	12	K	8	i	i
real	B	m0283/Carta 70	92	19	K	17	a	a
real	B	m0283/Carta 70	92	6	K	3	t	t
real	B	m0283/Carta 70	92	18	K	26	v	v
real	B	m0283/Carta 70	92	7	K	19	e	e
shuf	B	m0283/Carta 70	92	14	U	3	t	e
shuf	B	m0283/Carta 70	92	3	K	7	d	e
shuf	B	m0283/Carta 70	92	16	K	15	o	o
shuf	B	m0283/Carta 70	92	12	K	8	i	i
shuf	B	m0283/Carta 70	92	19	K	17	a	a
shuf	B	m0283/Carta 70	92	6	K	3	t	t
shuf	B	m0283/Carta 70	92	18	K	26	v	u
shuf	B	m0283/Carta 70	92	7	K	19	e	e
real	B	m0290/Carta 93	4	16	U	22	i	i
real	B	m0290/Carta 93	4	3	K	y	h	a
real	B	m0290/Carta 93	4	0	K	24	e	e
real	B	m0290/Carta 93	4	6	K	15	o	o
real	B	m0290/Carta 93	4	15	K	5	c	c
real	B	m0290/Carta 93	4	11	K	7	e	e
real	B	m0290/Carta 93	4	4	K	7	u	e
real	B	m0290/Carta 93	4	8	K	8	i	i
shuf	B	m0290/Carta 93	4	16	U	22	i	i
shuf	B	m0290/Carta 93	4	3	K	y	h	r
shuf	B	m0290/Carta 93	4	0	K	24	e	e
shuf	B	m0290/Carta 93	4	6	K	15	o	o
shuf	B	m0290/Carta 93	4	15	K	5	c	c
shuf	B	m0290/Carta 93	4	11	K	7	e	e
shuf	B	m0290/Carta 93	4	4	K	7	u	e
shuf	B	m0290/Carta 93	4	8	K	8	i	i
real	B	m0290/Carta 93	4	11	U	7	e	e
real	B	m0290/Carta 93	4	2	K	3	t	t
real	B	m0290/Carta 93	4	14	K	14	n	n
real	B	m0290/Carta 93	4	19	K	25	u	o
real	B	m0290/Carta 93	4	10	K	a	t	t
real	B	m0290/Carta 93	4	15	K	5	c	c
real	B	m0290/Carta 93	4	8	K	8	i	i
real	B	m0290/Carta 93	4	0	K	24	e	e
shuf	B	m0290/Carta 93	4	11	U	7	e	r
shuf	B	m0290/Carta 93	4	2	K	3	t	t
shuf	B	m0290/Carta 93	4	14	K	14	n	n
shuf	B	m0290/Carta 93	4	19	K	25	u	o
shuf	B	m0290/Carta 93	4	10	K	a	t	t
shuf	B	m0290/Carta 93	4	15	K	5	c	j
shuf	B	m0290/Carta 93	4	8	K	8	i	i
shuf	B	m0290/Carta 93	4	0	K	24	e	e
real	B	m0289/Carta 92	20	12	U	y	h	g
real	B	m0289/Carta 92	20	8	K	5	c	c
real	B	m0289/Carta 92	20	14	K	18	m	n
real	B	m0289/Carta 92	20	10	K	4	s	s
real	B	m0289/Carta 92	20	0	K	12	r	r
real	B	m0289/Carta 92	20	19	K	19	e	e
real	B	m0289/Carta 92	20	3	K	25	o	o
real	B	m0289/Carta 92	20	6	K	17	a	a
shuf	B	m0289/Carta 92	20	12	U	y	h	g
shuf	B	m0289/Carta 92	20	8	K	5	c	c
shuf	B	m0289/Carta 92	20	14	K	18	m	m
shuf	B	m0289/Carta 92	20	10	K	4	s	s
shuf	B	m0289/Carta 92	20	0	K	12	r	r
shuf	B	m0289/Carta 92	20	19	K	19	e	e
shuf	B	m0289/Carta 92	20	3	K	25	o	o
shuf	B	m0289/Carta 92	20	6	K	17	a	a
real	B	m0284/Carta 71	7	17	U	55	p	p
real	B	m0284/Carta 71	7	4	K	17	a	a
real	B	m0284/Carta 71	7	16	K	24	e	e
real	B	m0284/Carta 71	7	3	K	3	t	t
real	B	m0284/Carta 71	7	5	K	10	h	d
real	B	m0284/Carta 71	7	18	K	17	a	a
real	B	m0284/Carta 71	7	7	K	10	h	h
real	B	m0284/Carta 71	7	19	K	12	r	r
shuf	B	m0284/Carta 71	7	17	U	55	p	p
shuf	B	m0284/Carta 71	7	4	K	17	a	a
shuf	B	m0284/Carta 71	7	16	K	24	e	e
shuf	B	m0284/Carta 71	7	3	K	3	t	t
shuf	B	m0284/Carta 71	7	5	K	10	h	r
shuf	B	m0284/Carta 71	7	18	K	17	a	a
shuf	B	m0284/Carta 71	7	7	K	10	h	o
shuf	B	m0284/Carta 71	7	19	K	12	r	r
real	B	m0281/Carta 15	100	9	U	y	a	e
real	B	m0281/Carta 15	100	4	K	7	e	e
real	B	m0281/Carta 15	100	1	K	4	s	s
real	B	m0281/Carta 15	100	12	K	c	u	u
real	B	m0281/Carta 15	100	13	K	6	p	c
real	B	m0281/Carta 15	100	0	K	7	s	e
real	B	m0281/Carta 15	100	14	K	15	o	o
real	B	m0281/Carta 15	100	5	K	4	l	s
shuf	B	m0281/Carta 15	100	9	U	y	a	u
shuf	B	m0281/Carta 15	100	4	K	7	e	e
shuf	B	m0281/Carta 15	100	1	K	4	s	s
shuf	B	m0281/Carta 15	100	12	K	c	u	u
shuf	B	m0281/Carta 15	100	13	K	6	p	c
shuf	B	m0281/Carta 15	100	0	K	7	s	e
shuf	B	m0281/Carta 15	100	14	K	15	o	o
shuf	B	m0281/Carta 15	100	5	K	4	l	s
real	B	m0284/Carta 71	26	13	U	14	m	s
real	B	m0284/Carta 71	26	16	K	19	e	e
real	B	m0284/Carta 71	26	19	K	y	a	a
real	B	m0284/Carta 71	26	5	K	19	a	e
real	B	m0284/Carta 71	26	11	K	16	f	a
real	B	m0284/Carta 71	26	18	K	10	h	h
real	B	m0284/Carta 71	26	8	K	10	h	h
real	B	m0284/Carta 71	26	15	K	26	v	u
shuf	B	m0284/Carta 71	26	13	U	14	m	g
shuf	B	m0284/Carta 71	26	16	K	19	e	e
shuf	B	m0284/Carta 71	26	19	K	y	a	a
shuf	B	m0284/Carta 71	26	5	K	19	a	e
shuf	B	m0284/Carta 71	26	11	K	16	f	a
shuf	B	m0284/Carta 71	26	18	K	10	h	r
shuf	B	m0284/Carta 71	26	8	K	10	h	h
shuf	B	m0284/Carta 71	26	15	K	26	v	v
real	B	m0293/Carta 106	19	17	U	15	o	e
real	B	m0293/Carta 106	19	6	K	2	e	o
real	B	m0293/Carta 106	19	13	K	14	n	n
real	B	m0293/Carta 106	19	12	K	8	i	i
real	B	m0293/Carta 106	19	18	K	26	o	o
real	B	m0293/Carta 106	19	7	K	2	d	d
real	B	m0293/Carta 106	19	9	K	21	b	b
real	B	m0293/Carta 106	19	11	K	20	l	l
shuf	B	m0293/Carta 106	19	17	U	15	o	e
shuf	B	m0293/Carta 106	19	6	K	2	e	e
shuf	B	m0293/Carta 106	19	13	K	14	n	n
shuf	B	m0293/Carta 106	19	12	K	8	i	i
shuf	B	m0293/Carta 106	19	18	K	26	o	l
shuf	B	m0293/Carta 106	19	7	K	2	d	d
shuf	B	m0293/Carta 106	19	9	K	21	b	b
shuf	B	m0293/Carta 106	19	11	K	20	l	a
real	B	m0285/Passage 4a	1	0	U	14	n	r
real	B	m0285/Passage 4a	1	1	K	c	g	v
real	B	m0285/Passage 4a	1	15	K	4	s	s
real	B	m0285/Passage 4a	1	18	K	12	r	r
real	B	m0285/Passage 4a	1	16	K	3	t	t
real	B	m0285/Passage 4a	1	3	K	19	e	n
real	B	m0285/Passage 4a	1	12	K	8	i	i
real	B	m0285/Passage 4a	1	11	K	20	l	l
shuf	B	m0285/Passage 4a	1	0	U	14	n	r
shuf	B	m0285/Passage 4a	1	1	K	c	g	q
shuf	B	m0285/Passage 4a	1	15	K	4	s	i
shuf	B	m0285/Passage 4a	1	18	K	12	r	r
shuf	B	m0285/Passage 4a	1	16	K	3	t	t
shuf	B	m0285/Passage 4a	1	3	K	19	e	e
shuf	B	m0285/Passage 4a	1	12	K	8	i	l
shuf	B	m0285/Passage 4a	1	11	K	20	l	l
real	B	m0291/Carta 96	29	15	U	f	s	e
real	B	m0291/Carta 96	29	11	K	15	o	o
real	B	m0291/Carta 96	29	5	K	21	b	b
real	B	m0291/Carta 96	29	4	K	y	a	a
real	B	m0291/Carta 96	29	3	K	8	i	i
real	B	m0291/Carta 96	29	12	K	3	t	r
real	B	m0291/Carta 96	29	6	K	25	o	o
real	B	m0291/Carta 96	29	16	K	15	o	o
shuf	B	m0291/Carta 96	29	15	U	f	s	o
shuf	B	m0291/Carta 96	29	11	K	15	o	e
shuf	B	m0291/Carta 96	29	5	K	21	b	b
shuf	B	m0291/Carta 96	29	4	K	y	a	a
shuf	B	m0291/Carta 96	29	3	K	8	i	i
shuf	B	m0291/Carta 96	29	12	K	3	t	t
shuf	B	m0291/Carta 96	29	6	K	25	o	o
shuf	B	m0291/Carta 96	29	16	K	15	o	o
real	B	m0281/Carta 23	2	13	U	6	k	s
real	B	m0281/Carta 23	2	9	K	e	g	g
real	B	m0281/Carta 23	2	6	K	20	l	l
real	B	m0281/Carta 23	2	2	K	2	d	d
real	B	m0281/Carta 23	2	4	K	21	b	b
real	B	m0281/Carta 23	2	19	K	14	n	n
real	B	m0281/Carta 23	2	10	K	21	b	a
real	B	m0281/Carta 23	2	3	K	7	e	e
shuf	B	m0281/Carta 23	2	13	U	6	k	t
shuf	B	m0281/Carta 23	2	9	K	e	g	g
shuf	B	m0281/Carta 23	2	6	K	20	l	l
shuf	B	m0281/Carta 23	2	2	K	2	d	d
shuf	B	m0281/Carta 23	2	4	K	21	b	b
shuf	B	m0281/Carta 23	2	19	K	14	n	e
shuf	B	m0281/Carta 23	2	10	K	21	b	u
shuf	B	m0281/Carta 23	2	3	K	7	e	e
real	B	m0289/Carta 91	4	8	U	3	t	i
real	B	m0289/Carta 91	4	10	K	y	a	a
real	B	m0289/Carta 91	4	13	K	c	u	u
real	B	m0289/Carta 91	4	12	K	d	o	o
real	B	m0289/Carta 91	4	9	K	7	e	r
real	B	m0289/Carta 91	4	14	K	5	c	c
real	B	m0289/Carta 91	4	0	K	14	n	n
real	B	m0289/Carta 91	4	11	K	55	p	p
shuf	B	m0289/Carta 91	4	8	U	3	t	e
shuf	B	m0289/Carta 91	4	10	K	y	a	a
shuf	B	m0289/Carta 91	4	13	K	c	u	u
shuf	B	m0289/Carta 91	4	12	K	d	o	g
shuf	B	m0289/Carta 91	4	9	K	7	e	r
shuf	B	m0289/Carta 91	4	14	K	5	c	n
shuf	B	m0289/Carta 91	4	0	K	14	n	n
shuf	B	m0289/Carta 91	4	11	K	55	p	l
real	B	m0291/Carta 96	3	4	U	4	s	s
real	B	m0291/Carta 96	3	16	K	15	o	o
real	B	m0291/Carta 96	3	5	K	3	t	t
real	B	m0291/Carta 96	3	1	K	15	e	o
real	B	m0291/Carta 96	3	10	K	13	q	t
real	B	m0291/Carta 96	3	13	K	16	f	o
real	B	m0291/Carta 96	3	9	K	18	m	m
real	B	m0291/Carta 96	3	0	K	12	r	r
shuf	B	m0291/Carta 96	3	4	U	4	s	o
shuf	B	m0291/Carta 96	3	16	K	15	o	o
shuf	B	m0291/Carta 96	3	5	K	3	t	o
shuf	B	m0291/Carta 96	3	1	K	15	e	o
shuf	B	m0291/Carta 96	3	10	K	13	q	s
shuf	B	m0291/Carta 96	3	13	K	16	f	s
shuf	B	m0291/Carta 96	3	9	K	18	m	m
shuf	B	m0291/Carta 96	3	0	K	12	r	r
real	B	m0287/Carta 79	34	1	U	10	h	j
real	B	m0287/Carta 79	34	15	K	12	r	r
real	B	m0287/Carta 79	34	9	K	f	s	s
real	B	m0287/Carta 79	34	6	K	15	o	o
real	B	m0287/Carta 79	34	13	K	19	e	e
real	B	m0287/Carta 79	34	8	K	19	e	e
real	B	m0287/Carta 79	34	14	K	8	i	i
real	B	m0287/Carta 79	34	4	K	15	o	o
shuf	B	m0287/Carta 79	34	1	U	10	h	k
shuf	B	m0287/Carta 79	34	15	K	12	r	s
shuf	B	m0287/Carta 79	34	9	K	f	s	s
shuf	B	m0287/Carta 79	34	6	K	15	o	o
shuf	B	m0287/Carta 79	34	13	K	19	e	e
shuf	B	m0287/Carta 79	34	8	K	19	e	e
shuf	B	m0287/Carta 79	34	14	K	8	i	i
shuf	B	m0287/Carta 79	34	4	K	15	o	o
real	B	m0291/Carta 96	22	19	U	3	t	s
real	B	m0291/Carta 96	22	12	K	21	b	b
real	B	m0291/Carta 96	22	9	K	2	d	d
real	B	m0291/Carta 96	22	15	K	2	e	q
real	B	m0291/Carta 96	22	18	K	15	o	o
real	B	m0291/Carta 96	22	10	K	8	i	i
real	B	m0291/Carta 96	22	17	K	y	a	e
real	B	m0291/Carta 96	22	13	K	25	o	o
shuf	B	m0291/Carta 96	22	19	U	3	t	s
shuf	B	m0291/Carta 96	22	12	K	21	b	t
shuf	B	m0291/Carta 96	22	9	K	2	d	d
shuf	B	m0291/Carta 96	22	15	K	2	e	e
shuf	B	m0291/Carta 96	22	18	K	15	o	o
shuf	B	m0291/Carta 96	22	10	K	8	i	i
shuf	B	m0291/Carta 96	22	17	K	y	a	l
shuf	B	m0291/Carta 96	22	13	K	25	o	o
real	B	m0292/Carta 105	10	10	U	5	c	c
real	B	m0292/Carta 105	10	1	K	7	e	e
real	B	m0292/Carta 105	10	0	K	10	h	h
real	B	m0292/Carta 105	10	15	K	6	c	c
real	B	m0292/Carta 105	10	13	K	10	h	h
real	B	m0292/Carta 105	10	18	K	15	o	o
real	B	m0292/Carta 105	10	12	K	14	n	n
real	B	m0292/Carta 105	10	16	K	8	i	i
shuf	B	m0292/Carta 105	10	10	U	5	c	m
shuf	B	m0292/Carta 105	10	1	K	7	e	e
shuf	B	m0292/Carta 105	10	0	K	10	h	h
shuf	B	m0292/Carta 105	10	15	K	6	c	c
shuf	B	m0292/Carta 105	10	13	K	10	h	a
shuf	B	m0292/Carta 105	10	18	K	15	o	o
shuf	B	m0292/Carta 105	10	12	K	14	n	n
shuf	B	m0292/Carta 105	10	16	K	8	i	i
real	B	m0284/Passage 3a	2	16	U	10	h	m
real	B	m0284/Passage 3a	2	11	K	3	t	t
real	B	m0284/Passage 3a	2	18	K	5	c	c
real	B	m0284/Passage 3a	2	12	K	24	e	a
real	B	m0284/Passage 3a	2	17	K	y	a	a
real	B	m0284/Passage 3a	2	15	K	20	l	l
real	B	m0284/Passage 3a	2	4	K	3	t	t
real	B	m0284/Passage 3a	2	13	K	26	v	v
shuf	B	m0284/Passage 3a	2	16	U	10	h	t
shuf	B	m0284/Passage 3a	2	11	K	3	t	d
shuf	B	m0284/Passage 3a	2	18	K	5	c	n
shuf	B	m0284/Passage 3a	2	12	K	24	e	e
shuf	B	m0284/Passage 3a	2	17	K	y	a	a
shuf	B	m0284/Passage 3a	2	15	K	20	l	l
shuf	B	m0284/Passage 3a	2	4	K	3	t	r
shuf	B	m0284/Passage 3a	2	13	K	26	v	v
real	B	m0284/Passage 3a	1	12	U	3	t	m
real	B	m0284/Passage 3a	1	2	K	21	b	b
real	B	m0284/Passage 3a	1	14	K	26	v	u
real	B	m0284/Passage 3a	1	13	K	24	e	e
real	B	m0284/Passage 3a	1	10	K	19	e	e
real	B	m0284/Passage 3a	1	16	K	20	l	l
real	B	m0284/Passage 3a	1	17	K	10	h	l
real	B	m0284/Passage 3a	1	11	K	4	s	s
shuf	B	m0284/Passage 3a	1	12	U	3	t	t
shuf	B	m0284/Passage 3a	1	2	K	21	b	g
shuf	B	m0284/Passage 3a	1	14	K	26	v	u
shuf	B	m0284/Passage 3a	1	13	K	24	e	e
shuf	B	m0284/Passage 3a	1	10	K	19	e	e
shuf	B	m0284/Passage 3a	1	16	K	20	l	l
shuf	B	m0284/Passage 3a	1	17	K	10	h	i
shuf	B	m0284/Passage 3a	1	11	K	4	s	s
real	B	m0287/Carta 79	0	3	U	8	i	e
real	B	m0287/Carta 79	0	6	K	18	o	o
real	B	m0287/Carta 79	0	16	K	12	r	r
real	B	m0287/Carta 79	0	7	K	4	s	s
real	B	m0287/Carta 79	0	8	K	19	e	e
real	B	m0287/Carta 79	0	4	K	14	n	n
real	B	m0287/Carta 79	0	14	K	19	e	e
real	B	m0287/Carta 79	0	0	K	17	a	a
shuf	B	m0287/Carta 79	0	3	U	8	i	e
shuf	B	m0287/Carta 79	0	6	K	18	o	o
shuf	B	m0287/Carta 79	0	16	K	12	r	s
shuf	B	m0287/Carta 79	0	7	K	4	s	s
shuf	B	m0287/Carta 79	0	8	K	19	e	e
shuf	B	m0287/Carta 79	0	4	K	14	n	n
shuf	B	m0287/Carta 79	0	14	K	19	e	e
shuf	B	m0287/Carta 79	0	0	K	17	a	a
real	B	m0288/Passage 2a	47	15	U	15	o	a
real	B	m0288/Passage 2a	47	11	K	17	a	a
real	B	m0288/Passage 2a	47	14	K	12	r	r
real	B	m0288/Passage 2a	47	12	K	16	f	g
real	B	m0288/Passage 2a	47	3	K	55	p	p
real	B	m0288/Passage 2a	47	2	K	15	o	o
real	B	m0288/Passage 2a	47	6	K	19	e	e
real	B	m0288/Passage 2a	47	13	K	15	o	o
shuf	B	m0288/Passage 2a	47	15	U	15	o	a
shuf	B	m0288/Passage 2a	47	11	K	17	a	a
shuf	B	m0288/Passage 2a	47	14	K	12	r	r
shuf	B	m0288/Passage 2a	47	12	K	16	f	f
shuf	B	m0288/Passage 2a	47	3	K	55	p	p
shuf	B	m0288/Passage 2a	47	2	K	15	o	o
shuf	B	m0288/Passage 2a	47	6	K	19	e	e
shuf	B	m0288/Passage 2a	47	13	K	15	o	o
real	B	m0286/Carta 74	50	4	U	y	e	i
real	B	m0286/Carta 74	50	0	K	15	c	o
real	B	m0286/Carta 74	50	11	K	18	m	m
real	B	m0286/Carta 74	50	7	K	a	t	l
real	B	m0286/Carta 74	50	12	K	17	a	a
real	B	m0286/Carta 74	50	6	K	d	o	u
real	B	m0286/Carta 74	50	3	K	3	d	t
real	B	m0286/Carta 74	50	8	K	y	a	a
shuf	B	m0286/Carta 74	50	4	U	y	e	o
shuf	B	m0286/Carta 74	50	0	K	15	c	o
shuf	B	m0286/Carta 74	50	11	K	18	m	m
shuf	B	m0286/Carta 74	50	7	K	a	t	l
shuf	B	m0286/Carta 74	50	12	K	17	a	a
shuf	B	m0286/Carta 74	50	6	K	d	o	g
shuf	B	m0286/Carta 74	50	3	K	3	d	t
shuf	B	m0286/Carta 74	50	8	K	y	a	a
real	B	m0283/Carta 70	109	10	U	55	p	t
real	B	m0283/Carta 70	109	4	K	15	o	o
real	B	m0283/Carta 70	109	9	K	15	o	o
real	B	m0283/Carta 70	109	16	K	12	r	r
real	B	m0283/Carta 70	109	3	K	20	l	s
real	B	m0283/Carta 70	109	2	K	17	a	a
real	B	m0283/Carta 70	109	8	K	18	m	m
real	B	m0283/Carta 70	109	5	K	18	m	m
shuf	B	m0283/Carta 70	109	10	U	55	p	n
shuf	B	m0283/Carta 70	109	4	K	15	o	c
shuf	B	m0283/Carta 70	109	9	K	15	o	o
shuf	B	m0283/Carta 70	109	16	K	12	r	r
shuf	B	m0283/Carta 70	109	3	K	20	l	l
shuf	B	m0283/Carta 70	109	2	K	17	a	a
shuf	B	m0283/Carta 70	109	8	K	18	m	a
shuf	B	m0283/Carta 70	109	5	K	18	m	o
real	B	m0281/Carta 23	3	10	U	12	r	n
real	B	m0281/Carta 23	3	1	K	2	d	d
real	B	m0281/Carta 23	3	12	K	6	k	s
real	B	m0281/Carta 23	3	9	K	21	b	a
real	B	m0281/Carta 23	3	18	K	14	n	n
real	B	m0281/Carta 23	3	6	K	8	i	i
real	B	m0281/Carta 23	3	5	K	20	l	l
real	B	m0281/Carta 23	3	2	K	7	e	e
shuf	B	m0281/Carta 23	3	10	U	12	r	e
shuf	B	m0281/Carta 23	3	1	K	2	d	d
shuf	B	m0281/Carta 23	3	12	K	6	k	b
shuf	B	m0281/Carta 23	3	9	K	21	b	u
shuf	B	m0281/Carta 23	3	18	K	14	n	m
shuf	B	m0281/Carta 23	3	6	K	8	i	i
shuf	B	m0281/Carta 23	3	5	K	20	l	t
shuf	B	m0281/Carta 23	3	2	K	7	e	r
real	B	m0282/Carta 61	54	15	U	17	a	c
real	B	m0282/Carta 61	54	16	K	3	t	t
real	B	m0282/Carta 61	54	6	K	20	l	l
real	B	m0282/Carta 61	54	4	K	26	v	m
real	B	m0282/Carta 61	54	17	K	17	a	a
real	B	m0282/Carta 61	54	19	K	23	a	a
real	B	m0282/Carta 61	54	18	K	5	c	c
real	B	m0282/Carta 61	54	10	K	15	o	o
shuf	B	m0282/Carta 61	54	15	U	17	a	s
shuf	B	m0282/Carta 61	54	16	K	3	t	t
shuf	B	m0282/Carta 61	54	6	K	20	l	l
shuf	B	m0282/Carta 61	54	4	K	26	v	v
shuf	B	m0282/Carta 61	54	17	K	17	a	a
shuf	B	m0282/Carta 61	54	19	K	23	a	a
shuf	B	m0282/Carta 61	54	18	K	5	c	c
shuf	B	m0282/Carta 61	54	10	K	15	o	o
real	B	m0291/Passage 3a	41	5	U	11	p	p
real	B	m0291/Passage 3a	41	4	K	y	a	a
real	B	m0291/Passage 3a	41	15	K	8	i	t
real	B	m0291/Passage 3a	41	2	K	5	c	c
real	B	m0291/Passage 3a	41	17	K	y	a	a
real	B	m0291/Passage 3a	41	0	K	5	c	c
real	B	m0291/Passage 3a	41	19	K	d	o	o
real	B	m0291/Passage 3a	41	14	K	m	n	n
shuf	B	m0291/Passage 3a	41	5	U	11	p	c
shuf	B	m0291/Passage 3a	41	4	K	y	a	a
shuf	B	m0291/Passage 3a	41	15	K	8	i	t
shuf	B	m0291/Passage 3a	41	2	K	5	c	c
shuf	B	m0291/Passage 3a	41	17	K	y	a	a
shuf	B	m0291/Passage 3a	41	0	K	5	c	c
shuf	B	m0291/Passage 3a	41	19	K	d	o	o
shuf	B	m0291/Passage 3a	41	14	K	m	n	n
real	B	m0288/Carta 85	3	11	U	12	r	o
real	B	m0288/Carta 85	3	3	K	7	e	e
real	B	m0288/Carta 85	3	13	K	18	m	m
real	B	m0288/Carta 85	3	6	K	5	c	c
real	B	m0288/Carta 85	3	2	K	2	d	d
real	B	m0288/Carta 85	3	4	K	17	a	a
real	B	m0288/Carta 85	3	1	K	5	c	c
real	B	m0288/Carta 85	3	8	K	14	n	n
shuf	B	m0288/Carta 85	3	11	U	12	r	c
shuf	B	m0288/Carta 85	3	3	K	7	e	e
shuf	B	m0288/Carta 85	3	13	K	18	m	o
shuf	B	m0288/Carta 85	3	6	K	5	c	e
shuf	B	m0288/Carta 85	3	2	K	2	d	d
shuf	B	m0288/Carta 85	3	4	K	17	a	a
shuf	B	m0288/Carta 85	3	1	K	5	c	c
shuf	B	m0288/Carta 85	3	8	K	14	n	l
real	B	m0285/Passage 4a	0	6	U	4	s	a
real	B	m0285/Passage 4a	0	19	K	12	r	r
real	B	m0285/Passage 4a	0	5	K	24	e	z
real	B	m0285/Passage 4a	0	16	K	4	s	s
real	B	m0285/Passage 4a	0	11	K	15	o	o
real	B	m0285/Passage 4a	0	2	K	c	g	g
real	B	m0285/Passage 4a	0	17	K	3	t	t
real	B	m0285/Passage 4a	0	18	K	17	a	a
shuf	B	m0285/Passage 4a	0	6	U	4	s	d
shuf	B	m0285/Passage 4a	0	19	K	12	r	r
shuf	B	m0285/Passage 4a	0	5	K	24	e	e
shuf	B	m0285/Passage 4a	0	16	K	4	s	s
shuf	B	m0285/Passage 4a	0	11	K	15	o	h
shuf	B	m0285/Passage 4a	0	2	K	c	g	q
shuf	B	m0285/Passage 4a	0	17	K	3	t	t
shuf	B	m0285/Passage 4a	0	18	K	17	a	a
real	B	m0287/Carta 79	38	2	U	15	o	i
real	B	m0287/Carta 79	38	0	K	15	o	o
real	B	m0287/Carta 79	38	4	K	19	e	e
real	B	m0287/Carta 79	38	11	K	12	r	r
real	B	m0287/Carta 79	38	10	K	8	i	i
real	B	m0287/Carta 79	38	17	K	19	e	e
real	B	m0287/Carta 79	38	3	K	3	t	t
real	B	m0287/Carta 79	38	9	K	19	e	e
shuf	B	m0287/Carta 79	38	2	U	15	o	n
shuf	B	m0287/Carta 79	38	0	K	15	o	o
shuf	B	m0287/Carta 79	38	4	K	19	e	e
shuf	B	m0287/Carta 79	38	11	K	12	r	r
shuf	B	m0287/Carta 79	38	10	K	8	i	n
shuf	B	m0287/Carta 79	38	17	K	19	e	e
shuf	B	m0287/Carta 79	38	3	K	3	t	t
shuf	B	m0287/Carta 79	38	9	K	19	e	s
real	B	m0293/Passage 2a	12	0	U	c	u	x
real	B	m0293/Passage 2a	12	19	K	22	i	i
real	B	m0293/Passage 2a	12	16	K	14	n	n
real	B	m0293/Passage 2a	12	5	K	12	r	r
real	B	m0293/Passage 2a	12	9	K	7	h	e
real	B	m0293/Passage 2a	12	10	K	m	n	n
real	B	m0293/Passage 2a	12	14	K	25	o	o
real	B	m0293/Passage 2a	12	4	K	21	b	b
shuf	B	m0293/Passage 2a	12	0	U	c	u	s
shuf	B	m0293/Passage 2a	12	19	K	22	i	i
shuf	B	m0293/Passage 2a	12	16	K	14	n	e
shuf	B	m0293/Passage 2a	12	5	K	12	r	r
shuf	B	m0293/Passage 2a	12	9	K	7	h	n
shuf	B	m0293/Passage 2a	12	10	K	m	n	n
shuf	B	m0293/Passage 2a	12	14	K	25	o	s
shuf	B	m0293/Passage 2a	12	4	K	21	b	a
real	B	m0290/Carta 93	5	13	U	14	n	n
real	B	m0290/Carta 93	5	2	K	y	h	a
real	B	m0290/Carta 93	5	7	K	8	i	i
real	B	m0290/Carta 93	5	16	K	y	a	a
real	B	m0290/Carta 93	5	15	K	22	i	i
real	B	m0290/Carta 93	5	8	K	m	n	n
real	B	m0290/Carta 93	5	18	K	25	u	o
real	B	m0290/Carta 93	5	1	K	3	t	t
shuf	B	m0290/Carta 93	5	13	U	14	n	s
shuf	B	m0290/Carta 93	5	2	K	y	h	l
shuf	B	m0290/Carta 93	5	7	K	8	i	m
shuf	B	m0290/Carta 93	5	16	K	y	a	a
shuf	B	m0290/Carta 93	5	15	K	22	i	i
shuf	B	m0290/Carta 93	5	8	K	m	n	d
shuf	B	m0290/Carta 93	5	18	K	25	u	o
shuf	B	m0290/Carta 93	5	1	K	3	t	t
real	B	m0286/Passage 3a	5	13	U	23	a	e
real	B	m0286/Passage 3a	5	11	K	17	f	a
real	B	m0286/Passage 3a	5	2	K	18	m	m
real	B	m0286/Passage 3a	5	12	K	12	r	r
real	B	m0286/Passage 3a	5	16	K	5	c	c
real	B	m0286/Passage 3a	5	18	K	12	r	r
real	B	m0286/Passage 3a	5	15	K	15	o	o
real	B	m0286/Passage 3a	5	0	K	26	u	u
shuf	B	m0286/Passage 3a	5	13	U	23	a	e
shuf	B	m0286/Passage 3a	5	11	K	17	f	a
shuf	B	m0286/Passage 3a	5	2	K	18	m	u
shuf	B	m0286/Passage 3a	5	12	K	12	r	r
shuf	B	m0286/Passage 3a	5	16	K	5	c	c
shuf	B	m0286/Passage 3a	5	18	K	12	r	o
shuf	B	m0286/Passage 3a	5	15	K	15	o	o
shuf	B	m0286/Passage 3a	5	0	K	26	u	u
real	B	m0289/Carta 92	28	17	U	17	a	e
real	B	m0289/Carta 92	28	9	K	f	r	s
real	B	m0289/Carta 92	28	4	K	y	h	a
real	B	m0289/Carta 92	28	3	K	19	e	e
real	B	m0289/Carta 92	28	5	K	26	u	u
real	B	m0289/Carta 92	28	11	K	19	e	e
real	B	m0289/Carta 92	28	8	K	24	t	e
real	B	m0289/Carta 92	28	14	K	22	i	i
shuf	B	m0289/Carta 92	28	17	U	17	a	g
shuf	B	m0289/Carta 92	28	9	K	f	r	s
shuf	B	m0289/Carta 92	28	4	K	y	h	a
shuf	B	m0289/Carta 92	28	3	K	19	e	e
shuf	B	m0289/Carta 92	28	5	K	26	u	u
shuf	B	m0289/Carta 92	28	11	K	19	e	e
shuf	B	m0289/Carta 92	28	8	K	24	t	e
shuf	B	m0289/Carta 92	28	14	K	22	i	d
real	B	m0290/Carta 93	13	10	U	25	u	o
real	B	m0290/Carta 93	13	15	K	d	o	o
real	B	m0290/Carta 93	13	18	K	7	e	e
real	B	m0290/Carta 93	13	0	K	m	n	n
real	B	m0290/Carta 93	13	19	K	11	b	s
real	B	m0290/Carta 93	13	11	K	18	m	m
real	B	m0290/Carta 93	13	5	K	14	n	n
real	B	m0290/Carta 93	13	2	K	7	e	e
shuf	B	m0290/Carta 93	13	10	U	25	u	t
shuf	B	m0290/Carta 93	13	15	K	d	o	o
shuf	B	m0290/Carta 93	13	18	K	7	e	e
shuf	B	m0290/Carta 93	13	0	K	m	n	n
shuf	B	m0290/Carta 93	13	19	K	11	b	n
shuf	B	m0290/Carta 93	13	11	K	18	m	m
shuf	B	m0290/Carta 93	13	5	K	14	n	n
shuf	B	m0290/Carta 93	13	2	K	7	e	e
real	B	m0291/Carta 96	14	16	U	15	o	o
real	B	m0291/Carta 96	14	18	K	8	i	i
real	B	m0291/Carta 96	14	17	K	2	d	d
real	B	m0291/Carta 96	14	5	K	15	o	o
real	B	m0291/Carta 96	14	4	K	5	c	c
real	B	m0291/Carta 96	14	3	K	8	i	i
real	B	m0291/Carta 96	14	2	K	16	f	n
real	B	m0291/Carta 96	14	19	K	y	a	a
shuf	B	m0291/Carta 96	14	16	U	15	o	u
shuf	B	m0291/Carta 96	14	18	K	8	i	i
shuf	B	m0291/Carta 96	14	17	K	2	d	d
shuf	B	m0291/Carta 96	14	5	K	15	o	o
shuf	B	m0291/Carta 96	14	4	K	5	c	c
shuf	B	m0291/Carta 96	14	3	K	8	i	i
shuf	B	m0291/Carta 96	14	2	K	16	f	f
shuf	B	m0291/Carta 96	14	19	K	y	a	a
real	B	m0280/Carta 13	129	3	U	2	d	u
real	B	m0280/Carta 13	129	16	K	7	e	e
real	B	m0280/Carta 13	129	5	K	9	r	o
real	B	m0280/Carta 13	129	4	K	7	e	e
real	B	m0280/Carta 13	129	2	K	9	r	q
real	B	m0280/Carta 13	129	1	K	7	e	e
real	B	m0280/Carta 13	129	17	K	y	c	s
real	B	m0280/Carta 13	129	18	K	4	s	s
shuf	B	m0280/Carta 13	129	3	U	2	d	p
shuf	B	m0280/Carta 13	129	16	K	7	e	r
shuf	B	m0280/Carta 13	129	5	K	9	r	d
shuf	B	m0280/Carta 13	129	4	K	7	e	e
shuf	B	m0280/Carta 13	129	2	K	9	r	x
shuf	B	m0280/Carta 13	129	1	K	7	e	e
shuf	B	m0280/Carta 13	129	17	K	y	c	a
shuf	B	m0280/Carta 13	129	18	K	4	s	s
real	B	m0280/Carta 13	112	18	U	7	e	r
real	B	m0280/Carta 13	112	19	K	9	r	o
real	B	m0280/Carta 13	112	2	K	7	e	e
real	B	m0280/Carta 13	112	1	K	4	s	s
real	B	m0280/Carta 13	112	0	K	7	e	e
real	B	m0280/Carta 13	112	16	K	y	a	a
real	B	m0280/Carta 13	112	4	K	a	t	t
real	B	m0280/Carta 13	112	6	K	18	o	o
shuf	B	m0280/Carta 13	112	18	U	7	e	i
shuf	B	m0280/Carta 13	112	19	K	9	r	c
shuf	B	m0280/Carta 13	112	2	K	7	e	u
shuf	B	m0280/Carta 13	112	1	K	4	s	s
shuf	B	m0280/Carta 13	112	0	K	7	e	e
shuf	B	m0280/Carta 13	112	16	K	y	a	r
shuf	B	m0280/Carta 13	112	4	K	a	t	t
shuf	B	m0280/Carta 13	112	6	K	18	o	o
real	B	m0286/Passage 3a	2	19	U	5	c	s
real	B	m0286/Passage 3a	2	0	K	8	i	i
real	B	m0286/Passage 3a	2	14	K	17	f	a
real	B	m0286/Passage 3a	2	16	K	23	a	a
real	B	m0286/Passage 3a	2	15	K	12	r	r
real	B	m0286/Passage 3a	2	1	K	18	n	o
real	B	m0286/Passage 3a	2	3	K	26	u	v
real	B	m0286/Passage 3a	2	5	K	18	m	m
shuf	B	m0286/Passage 3a	2	19	U	5	c	g
shuf	B	m0286/Passage 3a	2	0	K	8	i	i
shuf	B	m0286/Passage 3a	2	14	K	17	f	a
shuf	B	m0286/Passage 3a	2	16	K	23	a	a
shuf	B	m0286/Passage 3a	2	15	K	12	r	r
shuf	B	m0286/Passage 3a	2	1	K	18	n	m
shuf	B	m0286/Passage 3a	2	3	K	26	u	v
shuf	B	m0286/Passage 3a	2	5	K	18	m	o
real	B	m0294/Passage 2a	6	17	U	y	a	o
real	B	m0294/Passage 2a	6	2	K	4	e	s
real	B	m0294/Passage 2a	6	16	K	55	n	p
real	B	m0294/Passage 2a	6	3	K	12	r	r
real	B	m0294/Passage 2a	6	18	K	2	s	d
real	B	m0294/Passage 2a	6	19	K	2	d	e
real	B	m0294/Passage 2a	6	1	K	3	t	t
real	B	m0294/Passage 2a	6	0	K	7	e	e
shuf	B	m0294/Passage 2a	6	17	U	y	a	o
shuf	B	m0294/Passage 2a	6	2	K	4	e	e
shuf	B	m0294/Passage 2a	6	16	K	55	n	p
shuf	B	m0294/Passage 2a	6	3	K	12	r	r
shuf	B	m0294/Passage 2a	6	18	K	2	s	d
shuf	B	m0294/Passage 2a	6	19	K	2	d	e
shuf	B	m0294/Passage 2a	6	1	K	3	t	t
shuf	B	m0294/Passage 2a	6	0	K	7	e	e
real	B	m0282/Carta 30	1	13	U	19	e	e
real	B	m0282/Carta 30	1	4	K	y	a	a
real	B	m0282/Carta 30	1	11	K	19	e	e
real	B	m0282/Carta 30	1	17	K	c	u	u
real	B	m0282/Carta 30	1	19	K	14	n	n
real	B	m0282/Carta 30	1	14	K	21	b	o
real	B	m0282/Carta 30	1	1	K	15	o	o
real	B	m0282/Carta 30	1	10	K	26	u	u
shuf	B	m0282/Carta 30	1	13	U	19	e	j
shuf	B	m0282/Carta 30	1	4	K	y	a	a
shuf	B	m0282/Carta 30	1	11	K	19	e	e
shuf	B	m0282/Carta 30	1	17	K	c	u	u
shuf	B	m0282/Carta 30	1	19	K	14	n	e
shuf	B	m0282/Carta 30	1	14	K	21	b	i
shuf	B	m0282/Carta 30	1	1	K	15	o	o
shuf	B	m0282/Carta 30	1	10	K	26	u	b
real	B	m0284/Passage 3a	0	6	U	3	t	t
real	B	m0284/Passage 3a	0	5	K	4	s	s
real	B	m0284/Passage 3a	0	15	K	26	v	v
real	B	m0284/Passage 3a	0	12	K	4	s	s
real	B	m0284/Passage 3a	0	13	K	3	t	t
real	B	m0284/Passage 3a	0	17	K	20	l	l
real	B	m0284/Passage 3a	0	14	K	24	e	a
real	B	m0284/Passage 3a	0	18	K	10	h	h
shuf	B	m0284/Passage 3a	0	6	U	3	t	c
shuf	B	m0284/Passage 3a	0	5	K	4	s	s
shuf	B	m0284/Passage 3a	0	15	K	26	v	v
shuf	B	m0284/Passage 3a	0	12	K	4	s	s
shuf	B	m0284/Passage 3a	0	13	K	3	t	t
shuf	B	m0284/Passage 3a	0	17	K	20	l	l
shuf	B	m0284/Passage 3a	0	14	K	24	e	a
shuf	B	m0284/Passage 3a	0	18	K	10	h	i
real	B	m0282/Carta 30	0	7	U	15	o	o
real	B	m0282/Carta 30	0	8	K	2	d	d
real	B	m0282/Carta 30	0	12	K	19	e	e
real	B	m0282/Carta 30	0	19	K	8	i	i
real	B	m0282/Carta 30	0	18	K	c	u	u
real	B	m0282/Carta 30	0	13	K	x	d	d
real	B	m0282/Carta 30	0	9	K	26	u	u
real	B	m0282/Carta 30	0	14	K	19	e	e
shuf	B	m0282/Carta 30	0	7	U	15	o	e
shuf	B	m0282/Carta 30	0	8	K	2	d	e
shuf	B	m0282/Carta 30	0	12	K	19	e	e
shuf	B	m0282/Carta 30	0	19	K	8	i	i
shuf	B	m0282/Carta 30	0	18	K	c	u	u
shuf	B	m0282/Carta 30	0	13	K	x	d	d
shuf	B	m0282/Carta 30	0	9	K	26	u	u
shuf	B	m0282/Carta 30	0	14	K	19	e	i
real	B	m0291/Carta 94	6	6	U	c	g	c
real	B	m0291/Carta 94	6	14	K	3	t	t
real	B	m0291/Carta 94	6	8	K	14	n	n
real	B	m0291/Carta 94	6	3	K	26	v	t
real	B	m0291/Carta 94	6	15	K	17	a	a
real	B	m0291/Carta 94	6	16	K	12	r	r
real	B	m0291/Carta 94	6	13	K	4	s	s
real	B	m0291/Carta 94	6	9	K	10	h	h
shuf	B	m0291/Carta 94	6	6	U	c	g	n
shuf	B	m0291/Carta 94	6	14	K	3	t	t
shuf	B	m0291/Carta 94	6	8	K	14	n	n
shuf	B	m0291/Carta 94	6	3	K	26	v	k
shuf	B	m0291/Carta 94	6	15	K	17	a	a
shuf	B	m0291/Carta 94	6	16	K	12	r	r
shuf	B	m0291/Carta 94	6	13	K	4	s	s
shuf	B	m0291/Carta 94	6	9	K	10	h	h
real	B	m0290/Passage 2a	23	8	U	f	s	a
real	B	m0290/Passage 2a	23	14	K	16	f	f
real	B	m0290/Passage 2a	23	19	K	25	o	o
real	B	m0290/Passage 2a	23	12	K	11	p	m
real	B	m0290/Passage 2a	23	2	K	4	s	s
real	B	m0290/Passage 2a	23	10	K	a	t	t
real	B	m0290/Passage 2a	23	13	K	d	o	o
real	B	m0290/Passage 2a	23	1	K	19	e	e
shuf	B	m0290/Passage 2a	23	8	U	f	s	o
shuf	B	m0290/Passage 2a	23	14	K	16	f	n
shuf	B	m0290/Passage 2a	23	19	K	25	o	o
shuf	B	m0290/Passage 2a	23	12	K	11	p	r
shuf	B	m0290/Passage 2a	23	2	K	4	s	g
shuf	B	m0290/Passage 2a	23	10	K	a	t	t
shuf	B	m0290/Passage 2a	23	13	K	d	o	o
shuf	B	m0290/Passage 2a	23	1	K	19	e	e
real	B	m0288/Carta 85	3	2	U	2	d	r
real	B	m0288/Carta 85	3	10	K	23	a	a
real	B	m0288/Carta 85	3	8	K	14	n	n
real	B	m0288/Carta 85	3	0	K	15	o	o
real	B	m0288/Carta 85	3	1	K	5	c	c
real	B	m0288/Carta 85	3	4	K	17	a	a
real	B	m0288/Carta 85	3	13	K	18	m	m
real	B	m0288/Carta 85	3	12	K	19	e	e
shuf	B	m0288/Carta 85	3	2	U	2	d	m
shuf	B	m0288/Carta 85	3	10	K	23	a	i
shuf	B	m0288/Carta 85	3	8	K	14	n	e
shuf	B	m0288/Carta 85	3	0	K	15	o	o
shuf	B	m0288/Carta 85	3	1	K	5	c	c
shuf	B	m0288/Carta 85	3	4	K	17	a	a
shuf	B	m0288/Carta 85	3	13	K	18	m	s
shuf	B	m0288/Carta 85	3	12	K	19	e	e
real	B	m0291/Carta 96	21	14	U	25	o	a
real	B	m0291/Carta 96	21	13	K	21	b	b
real	B	m0291/Carta 96	21	19	K	15	o	o
real	B	m0291/Carta 96	21	9	K	15	o	o
real	B	m0291/Carta 96	21	17	K	c	v	o
real	B	m0291/Carta 96	21	12	K	y	a	a
real	B	m0291/Carta 96	21	15	K	20	l	n
real	B	m0291/Carta 96	21	18	K	y	a	a
shuf	B	m0291/Carta 96	21	14	U	25	o	a
shuf	B	m0291/Carta 96	21	13	K	21	b	v
shuf	B	m0291/Carta 96	21	19	K	15	o	o
shuf	B	m0291/Carta 96	21	9	K	15	o	a
shuf	B	m0291/Carta 96	21	17	K	c	v	u
shuf	B	m0291/Carta 96	21	12	K	y	a	a
shuf	B	m0291/Carta 96	21	15	K	20	l	l
shuf	B	m0291/Carta 96	21	18	K	y	a	a
real	B	m0289/Carta 92	19	2	U	y	a	j
real	B	m0289/Carta 92	19	12	K	19	e	e
real	B	m0289/Carta 92	19	4	K	25	o	o
real	B	m0289/Carta 92	19	0	K	23	a	a
real	B	m0289/Carta 92	19	3	K	x	d	d
real	B	m0289/Carta 92	19	1	K	12	r	r
real	B	m0289/Carta 92	19	11	K	4	s	s
real	B	m0289/Carta 92	19	15	K	18	m	b
shuf	B	m0289/Carta 92	19	2	U	y	a	j
shuf	B	m0289/Carta 92	19	12	K	19	e	e
shuf	B	m0289/Carta 92	19	4	K	25	o	o
shuf	B	m0289/Carta 92	19	0	K	23	a	a
shuf	B	m0289/Carta 92	19	3	K	x	d	d
shuf	B	m0289/Carta 92	19	1	K	12	r	r
shuf	B	m0289/Carta 92	19	11	K	4	s	s
shuf	B	m0289/Carta 92	19	15	K	18	m	o
real	B	m0286/Passage 3a	5	16	U	5	c	c
real	B	m0286/Passage 3a	5	17	K	26	u	u
real	B	m0286/Passage 3a	5	19	K	4	s	s
real	B	m0286/Passage 3a	5	10	K	20	o	l
real	B	m0286/Passage 3a	5	2	K	18	m	m
real	B	m0286/Passage 3a	5	18	K	12	r	r
real	B	m0286/Passage 3a	5	13	K	23	a	a
real	B	m0286/Passage 3a	5	15	K	15	o	o
shuf	B	m0286/Passage 3a	5	16	U	5	c	c
shuf	B	m0286/Passage 3a	5	17	K	26	u	u
shuf	B	m0286/Passage 3a	5	19	K	4	s	s
shuf	B	m0286/Passage 3a	5	10	K	20	o	l
shuf	B	m0286/Passage 3a	5	2	K	18	m	o
shuf	B	m0286/Passage 3a	5	18	K	12	r	r
shuf	B	m0286/Passage 3a	5	13	K	23	a	o
shuf	B	m0286/Passage 3a	5	15	K	15	o	o
real	B	m0283/Carta 70	96	6	U	8	i	i
real	B	m0283/Carta 70	96	11	K	12	r	r
real	B	m0283/Carta 70	96	7	K	14	n	n
real	B	m0283/Carta 70	96	10	K	3	t	t
real	B	m0283/Carta 70	96	2	K	3	t	t
real	B	m0283/Carta 70	96	17	K	15	o	o
real	B	m0283/Carta 70	96	8	K	8	i	i
real	B	m0283/Carta 70	96	5	K	18	m	m
shuf	B	m0283/Carta 70	96	6	U	8	i	i
shuf	B	m0283/Carta 70	96	11	K	12	r	o
shuf	B	m0283/Carta 70	96	7	K	14	n	n
shuf	B	m0283/Carta 70	96	10	K	3	t	t
shuf	B	m0283/Carta 70	96	2	K	3	t	i
shuf	B	m0283/Carta 70	96	17	K	15	o	o
shuf	B	m0283/Carta 70	96	8	K	8	i	i
shuf	B	m0283/Carta 70	96	5	K	18	m	o
real	B	m0289/Carta 92	62	4	U	7	e	n
real	B	m0289/Carta 92	62	0	K	21	h	b
real	B	m0289/Carta 92	62	16	K	12	r	r
real	B	m0289/Carta 92	62	2	K	4	s	s
real	B	m0289/Carta 92	62	8	K	22	i	i
real	B	m0289/Carta 92	62	11	K	y	t	a
real	B	m0289/Carta 92	62	3	K	f	s	e
real	B	m0289/Carta 92	62	18	K	26	v	v
shuf	B	m0289/Carta 92	62	4	U	7	e	e
shuf	B	m0289/Carta 92	62	0	K	21	h	b
shuf	B	m0289/Carta 92	62	16	K	12	r	i
shuf	B	m0289/Carta 92	62	2	K	4	s	s
shuf	B	m0289/Carta 92	62	8	K	22	i	i
shuf	B	m0289/Carta 92	62	11	K	y	t	a
shuf	B	m0289/Carta 92	62	3	K	f	s	s
shuf	B	m0289/Carta 92	62	18	K	26	v	u
real	B	m0287/Carta 79	46	8	U	4	s	d
real	B	m0287/Carta 79	46	10	K	26	u	n
real	B	m0287/Carta 79	46	19	K	24	a	e
real	B	m0287/Carta 79	46	0	K	52	r	r
real	B	m0287/Carta 79	46	18	K	55	p	p
real	B	m0287/Carta 79	46	1	K	19	e	e
real	B	m0287/Carta 79	46	9	K	19	e	e
real	B	m0287/Carta 79	46	4	K	15	o	o
shuf	B	m0287/Carta 79	46	8	U	4	s	d
shuf	B	m0287/Carta 79	46	10	K	26	u	v
shuf	B	m0287/Carta 79	46	19	K	24	a	e
shuf	B	m0287/Carta 79	46	0	K	52	r	r
shuf	B	m0287/Carta 79	46	18	K	55	p	p
shuf	B	m0287/Carta 79	46	1	K	19	e	e
shuf	B	m0287/Carta 79	46	9	K	19	e	e
shuf	B	m0287/Carta 79	46	4	K	15	o	o
real	B	m0286/Carta 74	53	1	U	y	e	q
real	B	m0286/Carta 74	53	7	K	7	u	e
real	B	m0286/Carta 74	53	3	K	d	o	o
real	B	m0286/Carta 74	53	2	K	5	c	c
real	B	m0286/Carta 74	53	16	K	3	t	t
real	B	m0286/Carta 74	53	9	K	17	a	a
real	B	m0286/Carta 74	53	6	K	12	r	r
real	B	m0286/Carta 74	53	14	K	15	o	b
shuf	B	m0286/Carta 74	53	1	U	y	e	q
shuf	B	m0286/Carta 74	53	7	K	7	u	e
shuf	B	m0286/Carta 74	53	3	K	d	o	o
shuf	B	m0286/Carta 74	53	2	K	5	c	c
shuf	B	m0286/Carta 74	53	16	K	3	t	t
shuf	B	m0286/Carta 74	53	9	K	17	a	a
shuf	B	m0286/Carta 74	53	6	K	12	r	r
shuf	B	m0286/Carta 74	53	14	K	15	o	o
real	B	m0286/Carta 73	13	8	U	19	e	e
real	B	m0286/Carta 73	13	5	K	19	e	e
real	B	m0286/Carta 73	13	6	K	4	s	s
real	B	m0286/Carta 73	13	4	K	8	i	i
real	B	m0286/Carta 73	13	19	K	5	c	c
real	B	m0286/Carta 73	13	16	K	20	l	c
real	B	m0286/Carta 73	13	17	K	10	h	h
real	B	m0286/Carta 73	13	7	K	3	t	t
shuf	B	m0286/Carta 73	13	8	U	19	e	a
shuf	B	m0286/Carta 73	13	5	K	19	e	e
shuf	B	m0286/Carta 73	13	6	K	4	s	s
shuf	B	m0286/Carta 73	13	4	K	8	i	n
shuf	B	m0286/Carta 73	13	19	K	5	c	c
shuf	B	m0286/Carta 73	13	16	K	20	l	l
shuf	B	m0286/Carta 73	13	17	K	10	h	h
shuf	B	m0286/Carta 73	13	7	K	3	t	t
real	B	m0293/Passage 2a	2	7	U	5	c	d
real	B	m0293/Passage 2a	2	11	K	20	l	l
real	B	m0293/Passage 2a	2	8	K	15	o	o
real	B	m0293/Passage 2a	2	15	K	12	r	r
real	B	m0293/Passage 2a	2	2	K	26	v	v
real	B	m0293/Passage 2a	2	9	K	21	b	b
real	B	m0293/Passage 2a	2	0	K	3	t	t
real	B	m0293/Passage 2a	2	1	K	19	e	e
shuf	B	m0293/Passage 2a	2	7	U	5	c	e
shuf	B	m0293/Passage 2a	2	11	K	20	l	u
shuf	B	m0293/Passage 2a	2	8	K	15	o	o
shuf	B	m0293/Passage 2a	2	15	K	12	r	s
shuf	B	m0293/Passage 2a	2	2	K	26	v	u
shuf	B	m0293/Passage 2a	2	9	K	21	b	b
shuf	B	m0293/Passage 2a	2	0	K	3	t	t
shuf	B	m0293/Passage 2a	2	1	K	19	e	e
real	B	m0293/Passage 2a	9	19	U	14	n	n
real	B	m0293/Passage 2a	9	4	K	20	l	l
real	B	m0293/Passage 2a	9	15	K	4	s	s
real	B	m0293/Passage 2a	9	5	K	8	i	i
real	B	m0293/Passage 2a	9	11	K	10	k	h
real	B	m0293/Passage 2a	9	2	K	21	b	b
real	B	m0293/Passage 2a	9	0	K	5	c	c
real	B	m0293/Passage 2a	9	16	K	f	s	s
shuf	B	m0293/Passage 2a	9	19	U	14	n	m
shuf	B	m0293/Passage 2a	9	4	K	20	l	m
shuf	B	m0293/Passage 2a	9	15	K	4	s	s
shuf	B	m0293/Passage 2a	9	5	K	8	i	i
shuf	B	m0293/Passage 2a	9	11	K	10	k	f
shuf	B	m0293/Passage 2a	9	2	K	21	b	b
shuf	B	m0293/Passage 2a	9	0	K	5	c	c
shuf	B	m0293/Passage 2a	9	16	K	f	s	i
real	B	m0293/Passage 2a	13	17	U	18	m	m
real	B	m0293/Passage 2a	13	1	K	8	i	i
real	B	m0293/Passage 2a	13	11	K	4	s	s
real	B	m0293/Passage 2a	13	9	K	m	n	n
real	B	m0293/Passage 2a	13	10	K	15	o	o
real	B	m0293/Passage 2a	13	4	K	12	r	r
real	B	m0293/Passage 2a	13	0	K	20	l	l
real	B	m0293/Passage 2a	13	12	K	f	s	s
shuf	B	m0293/Passage 2a	13	17	U	18	m	i
shuf	B	m0293/Passage 2a	13	1	K	8	i	i
shuf	B	m0293/Passage 2a	13	11	K	4	s	s
shuf	B	m0293/Passage 2a	13	9	K	m	n	n
shuf	B	m0293/Passage 2a	13	10	K	15	o	o
shuf	B	m0293/Passage 2a	13	4	K	12	r	r
shuf	B	m0293/Passage 2a	13	0	K	20	l	l
shuf	B	m0293/Passage 2a	13	12	K	f	s	a
real	B	m0288/Carta 85	42	7	U	2	d	r
real	B	m0288/Carta 85	42	0	K	3	t	t
real	B	m0288/Carta 85	42	2	K	17	a	a
real	B	m0288/Carta 85	42	13	K	14	n	n
real	B	m0288/Carta 85	42	16	K	12	r	r
real	B	m0288/Carta 85	42	11	K	26	v	v
real	B	m0288/Carta 85	42	17	K	17	a	a
real	B	m0288/Carta 85	42	4	K	23	a	a
shuf	B	m0288/Carta 85	42	7	U	2	d	n
shuf	B	m0288/Carta 85	42	0	K	3	t	t
shuf	B	m0288/Carta 85	42	2	K	17	a	a
shuf	B	m0288/Carta 85	42	13	K	14	n	n
shuf	B	m0288/Carta 85	42	16	K	12	r	r
shuf	B	m0288/Carta 85	42	11	K	26	v	u
shuf	B	m0288/Carta 85	42	17	K	17	a	a
shuf	B	m0288/Carta 85	42	4	K	23	a	r
real	B	m0286/Carta 74	23	3	U	y	a	a
real	B	m0286/Carta 74	23	12	K	23	d	e
real	B	m0286/Carta 74	23	4	K	22	s	d
real	B	m0286/Carta 74	23	2	K	12	r	r
real	B	m0286/Carta 74	23	14	K	4	s	s
real	B	m0286/Carta 74	23	15	K	a	t	t
real	B	m0286/Carta 74	23	8	K	f	r	s
real	B	m0286/Carta 74	23	1	K	3	t	t
shuf	B	m0286/Carta 74	23	3	U	y	a	i
shuf	B	m0286/Carta 74	23	12	K	23	d	d
shuf	B	m0286/Carta 74	23	4	K	22	s	a
shuf	B	m0286/Carta 74	23	2	K	12	r	r
shuf	B	m0286/Carta 74	23	14	K	4	s	s
shuf	B	m0286/Carta 74	23	15	K	a	t	c
shuf	B	m0286/Carta 74	23	8	K	f	r	e
shuf	B	m0286/Carta 74	23	1	K	3	t	t
real	B	m0293/Passage 2a	6	19	U	f	s	s
real	B	m0293/Passage 2a	6	11	K	12	r	r
real	B	m0293/Passage 2a	6	14	K	10	k	h
real	B	m0293/Passage 2a	6	10	K	21	b	b
real	B	m0293/Passage 2a	6	8	K	8	i	i
real	B	m0293/Passage 2a	6	18	K	4	s	s
real	B	m0293/Passage 2a	6	7	K	20	l	l
real	B	m0293/Passage 2a	6	3	K	5	c	c
shuf	B	m0293/Passage 2a	6	19	U	f	s	a
shuf	B	m0293/Passage 2a	6	11	K	12	r	r
shuf	B	m0293/Passage 2a	6	14	K	10	k	s
shuf	B	m0293/Passage 2a	6	10	K	21	b	b
shuf	B	m0293/Passage 2a	6	8	K	8	i	i
shuf	B	m0293/Passage 2a	6	18	K	4	s	l
shuf	B	m0293/Passage 2a	6	7	K	20	l	o
shuf	B	m0293/Passage 2a	6	3	K	5	c	r
real	B	m0293/Passage 2a	7	10	U	12	r	s
real	B	m0293/Passage 2a	7	9	K	21	b	a
real	B	m0293/Passage 2a	7	18	K	f	s	s
real	B	m0293/Passage 2a	7	7	K	8	i	i
real	B	m0293/Passage 2a	7	15	K	m	n	n
real	B	m0293/Passage 2a	7	3	K	15	o	o
real	B	m0293/Passage 2a	7	0	K	10	h	h
real	B	m0293/Passage 2a	7	13	K	10	k	h
shuf	B	m0293/Passage 2a	7	10	U	12	r	l
shuf	B	m0293/Passage 2a	7	9	K	21	b	g
shuf	B	m0293/Passage 2a	7	18	K	f	s	s
shuf	B	m0293/Passage 2a	7	7	K	8	i	i
shuf	B	m0293/Passage 2a	7	15	K	m	n	e
shuf	B	m0293/Passage 2a	7	3	K	15	o	o
shuf	B	m0293/Passage 2a	7	0	K	10	h	l
shuf	B	m0293/Passage 2a	7	13	K	10	k	e
real	B	m0287/Carta 79	52	17	U	y	a	r
real	B	m0287/Carta 79	52	16	K	3	s	t
real	B	m0287/Carta 79	52	12	K	55	p	p
real	B	m0287/Carta 79	52	2	K	4	s	s
real	B	m0287/Carta 79	52	15	K	17	a	a
real	B	m0287/Carta 79	52	4	K	26	u	u
real	B	m0287/Carta 79	52	13	K	24	a	e
real	B	m0287/Carta 79	52	19	K	21	b	b
shuf	B	m0287/Carta 79	52	17	U	y	a	o
shuf	B	m0287/Carta 79	52	16	K	3	s	t
shuf	B	m0287/Carta 79	52	12	K	55	p	p
shuf	B	m0287/Carta 79	52	2	K	4	s	s
shuf	B	m0287/Carta 79	52	15	K	17	a	a
shuf	B	m0287/Carta 79	52	4	K	26	u	v
shuf	B	m0287/Carta 79	52	13	K	24	a	e
shuf	B	m0287/Carta 79	52	19	K	21	b	e
real	B	m0291/Carta 96	1	5	U	15	o	o
real	B	m0291/Carta 96	1	18	K	15	o	o
real	B	m0291/Carta 96	1	17	K	5	c	c
real	B	m0291/Carta 96	1	7	K	3	t	t
real	B	m0291/Carta 96	1	11	K	18	m	m
real	B	m0291/Carta 96	1	4	K	e	g	g
real	B	m0291/Carta 96	1	8	K	25	o	o
real	B	m0291/Carta 96	1	15	K	16	f	l
shuf	B	m0291/Carta 96	1	5	U	15	o	n
shuf	B	m0291/Carta 96	1	18	K	15	o	e
shuf	B	m0291/Carta 96	1	17	K	5	c	u
shuf	B	m0291/Carta 96	1	7	K	3	t	c
shuf	B	m0291/Carta 96	1	11	K	18	m	a
shuf	B	m0291/Carta 96	1	4	K	e	g	v
shuf	B	m0291/Carta 96	1	8	K	25	o	o
shuf	B	m0291/Carta 96	1	15	K	16	f	a
real	B	m0288/Carta 85	1	12	U	23	a	e
real	B	m0288/Carta 85	1	7	K	20	l	l
real	B	m0288/Carta 85	1	6	K	17	a	a
real	B	m0288/Carta 85	1	2	K	15	o	o
real	B	m0288/Carta 85	1	9	K	17	a	o
real	B	m0288/Carta 85	1	3	K	5	c	s
real	B	m0288/Carta 85	1	14	K	19	e	e
real	B	m0288/Carta 85	1	1	K	12	r	r
shuf	B	m0288/Carta 85	1	12	U	23	a	a
shuf	B	m0288/Carta 85	1	7	K	20	l	d
shuf	B	m0288/Carta 85	1	6	K	17	a	a
shuf	B	m0288/Carta 85	1	2	K	15	o	o
shuf	B	m0288/Carta 85	1	9	K	17	a	a
shuf	B	m0288/Carta 85	1	3	K	5	c	c
shuf	B	m0288/Carta 85	1	14	K	19	e	e
shuf	B	m0288/Carta 85	1	1	K	12	r	v
real	B	m0292/Carta 105	17	16	U	26	u	u
real	B	m0292/Carta 105	17	6	K	10	h	h
real	B	m0292/Carta 105	17	4	K	15	o	o
real	B	m0292/Carta 105	17	9	K	8	i	i
real	B	m0292/Carta 105	17	3	K	5	c	c
real	B	m0292/Carta 105	17	13	K	15	o	o
real	B	m0292/Carta 105	17	12	K	55	p	p
real	B	m0292/Carta 105	17	10	K	2	d	d
shuf	B	m0292/Carta 105	17	16	U	26	u	u
shuf	B	m0292/Carta 105	17	6	K	10	h	r
shuf	B	m0292/Carta 105	17	4	K	15	o	o
shuf	B	m0292/Carta 105	17	9	K	8	i	i
shuf	B	m0292/Carta 105	17	3	K	5	c	c
shuf	B	m0292/Carta 105	17	13	K	15	o	r
shuf	B	m0292/Carta 105	17	12	K	55	p	p
shuf	B	m0292/Carta 105	17	10	K	2	d	d
real	B	m0290/Passage 2a	73	5	U	5	c	t
real	B	m0290/Passage 2a	73	3	K	15	o	o
real	B	m0290/Passage 2a	73	13	K	24	h	r
real	B	m0290/Passage 2a	73	18	K	15	e	o
real	B	m0290/Passage 2a	73	2	K	55	p	p
real	B	m0290/Passage 2a	73	15	K	4	e	q
real	B	m0290/Passage 2a	73	4	K	9	i	r
real	B	m0290/Passage 2a	73	11	K	10	r	h
shuf	B	m0290/Passage 2a	73	5	U	5	c	f
shuf	B	m0290/Passage 2a	73	3	K	15	o	o
shuf	B	m0290/Passage 2a	73	13	K	24	h	a
shuf	B	m0290/Passage 2a	73	18	K	15	e	o
shuf	B	m0290/Passage 2a	73	2	K	55	p	p
shuf	B	m0290/Passage 2a	73	15	K	4	e	s
shuf	B	m0290/Passage 2a	73	4	K	9	i	r
shuf	B	m0290/Passage 2a	73	11	K	10	r	r
real	B	m0281/Carta 23	10	13	U	4	s	s
real	B	m0281/Carta 23	10	1	K	e	g	m
real	B	m0281/Carta 23	10	12	K	15	o	o
real	B	m0281/Carta 23	10	16	K	8	i	i
real	B	m0281/Carta 23	10	11	K	14	n	n
real	B	m0281/Carta 23	10	18	K	8	i	i
real	B	m0281/Carta 23	10	17	K	m	n	n
real	B	m0281/Carta 23	10	19	K	18	m	m
shuf	B	m0281/Carta 23	10	13	U	4	s	d
shuf	B	m0281/Carta 23	10	1	K	e	g	g
shuf	B	m0281/Carta 23	10	12	K	15	o	o
shuf	B	m0281/Carta 23	10	16	K	8	i	i
shuf	B	m0281/Carta 23	10	11	K	14	n	n
shuf	B	m0281/Carta 23	10	18	K	8	i	i
shuf	B	m0281/Carta 23	10	17	K	m	n	n
shuf	B	m0281/Carta 23	10	19	K	18	m	m
real	B	m0282/Carta 61	11	13	U	15	o	o
real	B	m0282/Carta 61	11	0	K	19	e	e
real	B	m0282/Carta 61	11	11	K	8	i	i
real	B	m0282/Carta 61	11	10	K	7	e	e
real	B	m0282/Carta 61	11	7	K	15	o	o
real	B	m0282/Carta 61	11	8	K	26	u	u
real	B	m0282/Carta 61	11	3	K	15	o	o
real	B	m0282/Carta 61	11	1	K	12	r	r
shuf	B	m0282/Carta 61	11	13	U	15	o	o
shuf	B	m0282/Carta 61	11	0	K	19	e	e
shuf	B	m0282/Carta 61	11	11	K	8	i	i
shuf	B	m0282/Carta 61	11	10	K	7	e	e
shuf	B	m0282/Carta 61	11	7	K	15	o	o
shuf	B	m0282/Carta 61	11	8	K	26	u	d
shuf	B	m0282/Carta 61	11	3	K	15	o	o
shuf	B	m0282/Carta 61	11	1	K	12	r	r
real	B	m0284/Carta 71	14	12	U	12	r	o
real	B	m0284/Carta 71	14	1	K	c	u	u
real	B	m0284/Carta 71	14	18	K	2	d	d
real	B	m0284/Carta 71	14	4	K	2	g	f
real	B	m0284/Carta 71	14	9	K	24	e	e
real	B	m0284/Carta 71	14	3	K	y	a	a
real	B	m0284/Carta 71	14	2	K	18	m	m
real	B	m0284/Carta 71	14	15	K	8	n	i
shuf	B	m0284/Carta 71	14	12	U	12	r	p
shuf	B	m0284/Carta 71	14	1	K	c	u	u
shuf	B	m0284/Carta 71	14	18	K	2	d	d
shuf	B	m0284/Carta 71	14	4	K	2	g	e
shuf	B	m0284/Carta 71	14	9	K	24	e	e
shuf	B	m0284/Carta 71	14	3	K	y	a	a
shuf	B	m0284/Carta 71	14	2	K	18	m	m
shuf	B	m0284/Carta 71	14	15	K	8	n	i
real	B	m0281/Carta 15	82	17	U	7	e	d
real	B	m0281/Carta 15	82	19	K	4	s	s
real	B	m0281/Carta 15	82	10	K	c	p	v
real	B	m0281/Carta 15	82	7	K	m	r	n
real	B	m0281/Carta 15	82	18	K	7	s	e
real	B	m0281/Carta 15	82	11	K	y	r	a
real	B	m0281/Carta 15	82	9	K	y	x	a
real	B	m0281/Carta 15	82	5	K	18	p	m
shuf	B	m0281/Carta 15	82	17	U	7	e	d
shuf	B	m0281/Carta 15	82	19	K	4	s	s
shuf	B	m0281/Carta 15	82	10	K	c	p	c
shuf	B	m0281/Carta 15	82	7	K	m	r	n
shuf	B	m0281/Carta 15	82	18	K	7	s	e
shuf	B	m0281/Carta 15	82	11	K	y	r	a
shuf	B	m0281/Carta 15	82	9	K	y	x	a
shuf	B	m0281/Carta 15	82	5	K	18	p	a
real	B	m0289/Carta 92	58	15	U	y	t	d
real	B	m0289/Carta 92	58	16	K	18	o	a
real	B	m0289/Carta 92	58	7	K	f	s	d
real	B	m0289/Carta 92	58	5	K	a	d	t
real	B	m0289/Carta 92	58	3	K	5	e	c
real	B	m0289/Carta 92	58	14	K	11	s	i
real	B	m0289/Carta 92	58	2	K	25	o	t
real	B	m0289/Carta 92	58	10	K	c	u	u
shuf	B	m0289/Carta 92	58	15	U	y	t	a
shuf	B	m0289/Carta 92	58	16	K	18	o	m
shuf	B	m0289/Carta 92	58	7	K	f	s	s
shuf	B	m0289/Carta 92	58	5	K	a	d	d
shuf	B	m0289/Carta 92	58	3	K	5	e	c
shuf	B	m0289/Carta 92	58	14	K	11	s	r
shuf	B	m0289/Carta 92	58	2	K	25	o	o
shuf	B	m0289/Carta 92	58	10	K	c	u	c
real	B	m0285/Carta 72	45	5	U	8	i	i
real	B	m0285/Carta 72	45	7	K	y	a	a
real	B	m0285/Carta 72	45	8	K	4	s	s
real	B	m0285/Carta 72	45	1	K	5	c	c
real	B	m0285/Carta 72	45	6	K	x	d	d
real	B	m0285/Carta 72	45	2	K	15	o	o
real	B	m0285/Carta 72	45	0	K	4	s	s
real	B	m0285/Carta 72	45	4	K	2	d	d
shuf	B	m0285/Carta 72	45	5	U	8	i	o
shuf	B	m0285/Carta 72	45	7	K	y	a	a
shuf	B	m0285/Carta 72	45	8	K	4	s	s
shuf	B	m0285/Carta 72	45	1	K	5	c	c
shuf	B	m0285/Carta 72	45	6	K	x	d	d
shuf	B	m0285/Carta 72	45	2	K	15	o	o
shuf	B	m0285/Carta 72	45	0	K	4	s	s
shuf	B	m0285/Carta 72	45	4	K	2	d	d
real	B	m0289/Carta 91	7	2	U	15	o	i
real	B	m0289/Carta 91	7	16	K	23	a	a
real	B	m0289/Carta 91	7	15	K	x	d	d
real	B	m0289/Carta 91	7	10	K	c	u	u
real	B	m0289/Carta 91	7	14	K	22	i	i
real	B	m0289/Carta 91	7	7	K	y	a	m
real	B	m0289/Carta 91	7	18	K	17	o	a
real	B	m0289/Carta 91	7	3	K	18	m	m
shuf	B	m0289/Carta 91	7	2	U	15	o	l
shuf	B	m0289/Carta 91	7	16	K	23	a	a
shuf	B	m0289/Carta 91	7	15	K	x	d	r
shuf	B	m0289/Carta 91	7	10	K	c	u	q
shuf	B	m0289/Carta 91	7	14	K	22	i	a
shuf	B	m0289/Carta 91	7	7	K	y	a	a
shuf	B	m0289/Carta 91	7	18	K	17	o	a
shuf	B	m0289/Carta 91	7	3	K	18	m	m
real	B	m0294/Passage 2a	16	6	U	55	n	d
real	B	m0294/Passage 2a	16	7	K	y	a	a
real	B	m0294/Passage 2a	16	9	K	2	d	e
real	B	m0294/Passage 2a	16	11	K	14	n	n
real	B	m0294/Passage 2a	16	10	K	55	p	o
real	B	m0294/Passage 2a	16	13	K	19	e	e
real	B	m0294/Passage 2a	16	17	K	17	a	a
real	B	m0294/Passage 2a	16	8	K	2	s	d
shuf	B	m0294/Passage 2a	16	6	U	55	n	d
shuf	B	m0294/Passage 2a	16	7	K	y	a	a
shuf	B	m0294/Passage 2a	16	9	K	2	d	e
shuf	B	m0294/Passage 2a	16	11	K	14	n	n
shuf	B	m0294/Passage 2a	16	10	K	55	p	o
shuf	B	m0294/Passage 2a	16	13	K	19	e	e
shuf	B	m0294/Passage 2a	16	17	K	17	a	a
shuf	B	m0294/Passage 2a	16	8	K	2	s	d
real	B	m0288/Passage 2a	59	14	U	23	o	u
real	B	m0288/Passage 2a	59	2	K	12	r	r
real	B	m0288/Passage 2a	59	10	K	3	t	t
real	B	m0288/Passage 2a	59	0	K	16	f	f
real	B	m0288/Passage 2a	59	12	K	17	a	a
real	B	m0288/Passage 2a	59	11	K	12	r	r
real	B	m0288/Passage 2a	59	19	K	2	r	d
real	B	m0288/Passage 2a	59	3	K	15	o	o
shuf	B	m0288/Passage 2a	59	14	U	23	o	o
shuf	B	m0288/Passage 2a	59	2	K	12	r	r
shuf	B	m0288/Passage 2a	59	10	K	3	t	t
shuf	B	m0288/Passage 2a	59	0	K	16	f	f
shuf	B	m0288/Passage 2a	59	12	K	17	a	a
shuf	B	m0288/Passage 2a	59	11	K	12	r	r
shuf	B	m0288/Passage 2a	59	19	K	2	r	d
shuf	B	m0288/Passage 2a	59	3	K	15	o	o
real	B	m0285/Passage 4a	7	10	U	3	t	m
real	B	m0285/Passage 4a	7	8	K	19	e	e
real	B	m0285/Passage 4a	7	13	K	19	e	e
real	B	m0285/Passage 4a	7	3	K	4	s	s
real	B	m0285/Passage 4a	7	9	K	4	s	s
real	B	m0285/Passage 4a	7	15	K	3	t	t
real	B	m0285/Passage 4a	7	18	K	26	u	u
real	B	m0285/Passage 4a	7	16	K	8	i	i
shuf	B	m0285/Passage 4a	7	10	U	3	t	s
shuf	B	m0285/Passage 4a	7	8	K	19	e	e
shuf	B	m0285/Passage 4a	7	13	K	19	e	i
shuf	B	m0285/Passage 4a	7	3	K	4	s	s
shuf	B	m0285/Passage 4a	7	9	K	4	s	s
shuf	B	m0285/Passage 4a	7	15	K	3	t	t
shuf	B	m0285/Passage 4a	7	18	K	26	u	o
shuf	B	m0285/Passage 4a	7	16	K	8	i	i
real	B	m0289/Carta 92	14	3	U	5	c	c
real	B	m0289/Carta 92	14	10	K	16	f	f
real	B	m0289/Carta 92	14	17	K	19	e	e
real	B	m0289/Carta 92	14	19	K	26	u	u
real	B	m0289/Carta 92	14	5	K	23	a	a
real	B	m0289/Carta 92	14	6	K	12	r	r
real	B	m0289/Carta 92	14	13	K	m	n	n
real	B	m0289/Carta 92	14	2	K	7	e	e
shuf	B	m0289/Carta 92	14	3	U	5	c	c
shuf	B	m0289/Carta 92	14	10	K	16	f	s
shuf	B	m0289/Carta 92	14	17	K	19	e	e
shuf	B	m0289/Carta 92	14	19	K	26	u	u
shuf	B	m0289/Carta 92	14	5	K	23	a	a
shuf	B	m0289/Carta 92	14	6	K	12	r	r
shuf	B	m0289/Carta 92	14	13	K	m	n	n
shuf	B	m0289/Carta 92	14	2	K	7	e	e
real	B	m0289/Carta 91	7	2	U	15	o	i
real	B	m0289/Carta 91	7	9	K	d	o	o
real	B	m0289/Carta 91	7	11	K	5	c	c
real	B	m0289/Carta 91	7	1	K	12	r	r
real	B	m0289/Carta 91	7	15	K	x	d	d
real	B	m0289/Carta 91	7	14	K	22	i	i
real	B	m0289/Carta 91	7	6	K	7	e	e
real	B	m0289/Carta 91	7	3	K	18	m	m
shuf	B	m0289/Carta 91	7	2	U	15	o	u
shuf	B	m0289/Carta 91	7	9	K	d	o	m
shuf	B	m0289/Carta 91	7	11	K	5	c	c
shuf	B	m0289/Carta 91	7	1	K	12	r	r
shuf	B	m0289/Carta 91	7	15	K	x	d	s
shuf	B	m0289/Carta 91	7	14	K	22	i	i
shuf	B	m0289/Carta 91	7	6	K	7	e	e
shuf	B	m0289/Carta 91	7	3	K	18	m	m
real	B	m0291/Carta 94	5	13	U	7	e	e
real	B	m0291/Carta 94	5	16	K	17	a	a
real	B	m0291/Carta 94	5	18	K	y	a	a
real	B	m0291/Carta 94	5	19	K	8	i	i
real	B	m0291/Carta 94	5	10	K	10	h	h
real	B	m0291/Carta 94	5	7	K	c	g	g
real	B	m0291/Carta 94	5	5	K	7	e	u
real	B	m0291/Carta 94	5	15	K	3	t	t
shuf	B	m0291/Carta 94	5	13	U	7	e	e
shuf	B	m0291/Carta 94	5	16	K	17	a	a
shuf	B	m0291/Carta 94	5	18	K	y	a	a
shuf	B	m0291/Carta 94	5	19	K	8	i	i
shuf	B	m0291/Carta 94	5	10	K	10	h	h
shuf	B	m0291/Carta 94	5	7	K	c	g	p
shuf	B	m0291/Carta 94	5	5	K	7	e	e
shuf	B	m0291/Carta 94	5	15	K	3	t	t
real	B	m0286/Carta 73	4	12	U	26	u	u
real	B	m0286/Carta 73	4	11	K	13	q	q
real	B	m0286/Carta 73	4	17	K	19	e	e
real	B	m0286/Carta 73	4	7	K	12	r	r
real	B	m0286/Carta 73	4	4	K	8	i	i
real	B	m0286/Carta 73	4	6	K	17	a	a
real	B	m0286/Carta 73	4	5	K	14	n	n
real	B	m0286/Carta 73	4	14	K	19	e	e
shuf	B	m0286/Carta 73	4	12	U	26	u	i
shuf	B	m0286/Carta 73	4	11	K	13	q	d
shuf	B	m0286/Carta 73	4	17	K	19	e	a
shuf	B	m0286/Carta 73	4	7	K	12	r	r
shuf	B	m0286/Carta 73	4	4	K	8	i	i
shuf	B	m0286/Carta 73	4	6	K	17	a	a
shuf	B	m0286/Carta 73	4	5	K	14	n	n
shuf	B	m0286/Carta 73	4	14	K	19	e	e
real	B	m0291/Passage 3a	27	14	U	5	c	s
real	B	m0291/Passage 3a	27	2	K	10	h	r
real	B	m0291/Passage 3a	27	12	K	7	e	e
real	B	m0291/Passage 3a	27	9	K	55	p	p
real	B	m0291/Passage 3a	27	1	K	7	e	e
real	B	m0291/Passage 3a	27	5	K	25	o	g
real	B	m0291/Passage 3a	27	13	K	f	s	s
real	B	m0291/Passage 3a	27	16	K	5	c	c
shuf	B	m0291/Passage 3a	27	14	U	5	c	e
shuf	B	m0291/Passage 3a	27	2	K	10	h	q
shuf	B	m0291/Passage 3a	27	12	K	7	e	e
shuf	B	m0291/Passage 3a	27	9	K	55	p	p
shuf	B	m0291/Passage 3a	27	1	K	7	e	e
shuf	B	m0291/Passage 3a	27	5	K	25	o	d
shuf	B	m0291/Passage 3a	27	13	K	f	s	s
shuf	B	m0291/Passage 3a	27	16	K	5	c	e
real	B	m0291/Passage 3a	8	13	U	22	i	i
real	B	m0291/Passage 3a	8	0	K	6	h	p
real	B	m0291/Passage 3a	8	4	K	a	t	a
real	B	m0291/Passage 3a	8	3	K	m	n	n
real	B	m0291/Passage 3a	8	14	K	14	n	n
real	B	m0291/Passage 3a	8	18	K	24	e	e
real	B	m0291/Passage 3a	8	6	K	17	a	a
real	B	m0291/Passage 3a	8	15	K	5	c	c
shuf	B	m0291/Passage 3a	8	13	U	22	i	e
shuf	B	m0291/Passage 3a	8	0	K	6	h	r
shuf	B	m0291/Passage 3a	8	4	K	a	t	t
shuf	B	m0291/Passage 3a	8	3	K	m	n	n
shuf	B	m0291/Passage 3a	8	14	K	14	n	n
shuf	B	m0291/Passage 3a	8	18	K	24	e	e
shuf	B	m0291/Passage 3a	8	6	K	17	a	a
shuf	B	m0291/Passage 3a	8	15	K	5	c	o
real	B	m0289/Carta 92	51	0	U	d	o	b
real	B	m0289/Carta 92	51	9	K	25	o	o
real	B	m0289/Carta 92	51	3	K	y	a	a
real	B	m0289/Carta 92	51	7	K	15	o	o
real	B	m0289/Carta 92	51	17	K	c	u	o
real	B	m0289/Carta 92	51	19	K	22	i	e
real	B	m0289/Carta 92	51	1	K	7	e	e
real	B	m0289/Carta 92	51	2	K	5	c	c
shuf	B	m0289/Carta 92	51	0	U	d	o	b
shuf	B	m0289/Carta 92	51	9	K	25	o	o
shuf	B	m0289/Carta 92	51	3	K	y	a	a
shuf	B	m0289/Carta 92	51	7	K	15	o	c
shuf	B	m0289/Carta 92	51	17	K	c	u	e
shuf	B	m0289/Carta 92	51	19	K	22	i	i
shuf	B	m0289/Carta 92	51	1	K	7	e	e
shuf	B	m0289/Carta 92	51	2	K	5	c	c
real	B	m0288/Passage 2a	8	11	U	15	o	o
real	B	m0288/Passage 2a	8	7	K	5	c	c
real	B	m0288/Passage 2a	8	19	K	3	t	t
real	B	m0288/Passage 2a	8	0	K	17	n	a
real	B	m0288/Passage 2a	8	18	K	17	a	n
real	B	m0288/Passage 2a	8	9	K	17	a	a
real	B	m0288/Passage 2a	8	5	K	16	f	f
real	B	m0288/Passage 2a	8	8	K	10	h	h
shuf	B	m0288/Passage 2a	8	11	U	15	o	d
shuf	B	m0288/Passage 2a	8	7	K	5	c	c
shuf	B	m0288/Passage 2a	8	19	K	3	t	t
shuf	B	m0288/Passage 2a	8	0	K	17	n	a
shuf	B	m0288/Passage 2a	8	18	K	17	a	r
shuf	B	m0288/Passage 2a	8	9	K	17	a	a
shuf	B	m0288/Passage 2a	8	5	K	16	f	s
shuf	B	m0288/Passage 2a	8	8	K	10	h	h
real	B	m0292/Passage 2a	1	13	U	55	p	p
real	B	m0292/Passage 2a	1	1	K	13	q	q
real	B	m0292/Passage 2a	1	15	K	8	i	i
real	B	m0292/Passage 2a	1	18	K	8	i	i
real	B	m0292/Passage 2a	1	4	K	4	s	s
real	B	m0292/Passage 2a	1	19	K	55	p	p
real	B	m0292/Passage 2a	1	3	K	7	e	e
real	B	m0292/Passage 2a	1	2	K	26	u	u
shuf	B	m0292/Passage 2a	1	13	U	55	p	o
shuf	B	m0292/Passage 2a	1	1	K	13	q	q
shuf	B	m0292/Passage 2a	1	15	K	8	i	i
shuf	B	m0292/Passage 2a	1	18	K	8	i	i
shuf	B	m0292/Passage 2a	1	4	K	4	s	s
shuf	B	m0292/Passage 2a	1	19	K	55	p	o
shuf	B	m0292/Passage 2a	1	3	K	7	e	e
shuf	B	m0292/Passage 2a	1	2	K	26	u	u
real	B	m0281/Carta 23	11	15	U	8	i	i
real	B	m0281/Carta 23	11	16	K	m	n	n
real	B	m0281/Carta 23	11	13	K	4	s	s
real	B	m0281/Carta 23	11	0	K	e	g	g
real	B	m0281/Carta 23	11	12	K	4	s	s
real	B	m0281/Carta 23	11	17	K	8	i	i
real	B	m0281/Carta 23	11	11	K	15	o	o
real	B	m0281/Carta 23	11	2	K	12	r	r
shuf	B	m0281/Carta 23	11	15	U	8	i	e
shuf	B	m0281/Carta 23	11	16	K	m	n	n
shuf	B	m0281/Carta 23	11	13	K	4	s	s
shuf	B	m0281/Carta 23	11	0	K	e	g	g
shuf	B	m0281/Carta 23	11	12	K	4	s	e
shuf	B	m0281/Carta 23	11	17	K	8	i	i
shuf	B	m0281/Carta 23	11	11	K	15	o	a
shuf	B	m0281/Carta 23	11	2	K	12	r	r
real	B	m0293/Passage 2a	11	8	U	17	o	l
real	B	m0293/Passage 2a	11	6	K	12	r	r
real	B	m0293/Passage 2a	11	7	K	c	o	u
real	B	m0293/Passage 2a	11	13	K	4	s	s
real	B	m0293/Passage 2a	11	12	K	15	o	o
real	B	m0293/Passage 2a	11	4	K	14	n	n
real	B	m0293/Passage 2a	11	19	K	18	m	m
real	B	m0293/Passage 2a	11	9	K	10	k	h
shuf	B	m0293/Passage 2a	11	8	U	17	o	a
shuf	B	m0293/Passage 2a	11	6	K	12	r	r
shuf	B	m0293/Passage 2a	11	7	K	c	o	v
shuf	B	m0293/Passage 2a	11	13	K	4	s	o
shuf	B	m0293/Passage 2a	11	12	K	15	o	c
shuf	B	m0293/Passage 2a	11	4	K	14	n	n
shuf	B	m0293/Passage 2a	11	19	K	18	m	o
shuf	B	m0293/Passage 2a	11	9	K	10	k	r
real	B	m0284/Passage 3a	2	13	U	26	v	m
real	B	m0284/Passage 3a	2	15	K	20	l	l
real	B	m0284/Passage 3a	2	0	K	18	o	m
real	B	m0284/Passage 3a	2	1	K	21	b	b
real	B	m0284/Passage 3a	2	17	K	y	a	a
real	B	m0284/Passage 3a	2	11	K	3	t	t
real	B	m0284/Passage 3a	2	10	K	4	s	s
real	B	m0284/Passage 3a	2	3	K	4	s	s
shuf	B	m0284/Passage 3a	2	13	U	26	v	r
shuf	B	m0284/Passage 3a	2	15	K	20	l	l
shuf	B	m0284/Passage 3a	2	0	K	18	o	m
shuf	B	m0284/Passage 3a	2	1	K	21	b	b
shuf	B	m0284/Passage 3a	2	17	K	y	a	a
shuf	B	m0284/Passage 3a	2	11	K	3	t	t
shuf	B	m0284/Passage 3a	2	10	K	4	s	s
shuf	B	m0284/Passage 3a	2	3	K	4	s	e
real	B	m0285/Carta 72	32	17	U	2	d	s
real	B	m0285/Carta 72	32	14	K	5	c	c
real	B	m0285/Carta 72	32	3	K	15	o	o
real	B	m0285/Carta 72	32	2	K	2	d	d
real	B	m0285/Carta 72	32	18	K	8	i	i
real	B	m0285/Carta 72	32	10	K	17	e	a
real	B	m0285/Carta 72	32	11	K	4	s	s
real	B	m0285/Carta 72	32	16	K	14	n	n
shuf	B	m0285/Carta 72	32	17	U	2	d	t
shuf	B	m0285/Carta 72	32	14	K	5	c	c
shuf	B	m0285/Carta 72	32	3	K	15	o	o
shuf	B	m0285/Carta 72	32	2	K	2	d	d
shuf	B	m0285/Carta 72	32	18	K	8	i	i
shuf	B	m0285/Carta 72	32	10	K	17	e	a
shuf	B	m0285/Carta 72	32	11	K	4	s	s
shuf	B	m0285/Carta 72	32	16	K	14	n	n
real	B	m0288/Passage 2a	41	8	U	15	o	s
real	B	m0288/Passage 2a	41	13	K	20	l	l
real	B	m0288/Passage 2a	41	7	K	14	n	n
real	B	m0288/Passage 2a	41	19	K	15	o	o
real	B	m0288/Passage 2a	41	16	K	7	e	e
real	B	m0288/Passage 2a	41	17	K	17	a	a
real	B	m0288/Passage 2a	41	9	K	55	p	p
real	B	m0288/Passage 2a	41	15	K	2	d	d
shuf	B	m0288/Passage 2a	41	8	U	15	o	s
shuf	B	m0288/Passage 2a	41	13	K	20	l	a
shuf	B	m0288/Passage 2a	41	7	K	14	n	n
shuf	B	m0288/Passage 2a	41	19	K	15	o	o
shuf	B	m0288/Passage 2a	41	16	K	7	e	r
shuf	B	m0288/Passage 2a	41	17	K	17	a	a
shuf	B	m0288/Passage 2a	41	9	K	55	p	p
shuf	B	m0288/Passage 2a	41	15	K	2	d	o
real	B	m0280/Carta 13	104	9	U	4	s	r
real	B	m0280/Carta 13	104	10	K	7	e	e
real	B	m0280/Carta 13	104	14	K	18	o	o
real	B	m0280/Carta 13	104	11	K	4	s	s
real	B	m0280/Carta 13	104	8	K	7	e	e
real	B	m0280/Carta 13	104	12	K	a	t	t
real	B	m0280/Carta 13	104	5	K	7	e	u
real	B	m0280/Carta 13	104	7	K	a	l	t
shuf	B	m0280/Carta 13	104	9	U	4	s	d
shuf	B	m0280/Carta 13	104	10	K	7	e	e
shuf	B	m0280/Carta 13	104	14	K	18	o	r
shuf	B	m0280/Carta 13	104	11	K	4	s	s
shuf	B	m0280/Carta 13	104	8	K	7	e	e
shuf	B	m0280/Carta 13	104	12	K	a	t	e
shuf	B	m0280/Carta 13	104	5	K	7	e	e
shuf	B	m0280/Carta 13	104	7	K	a	l	t
real	B	m0285/Carta 72	38	11	U	2	d	s
real	B	m0285/Carta 72	38	4	K	17	e	a
real	B	m0285/Carta 72	38	15	K	4	s	s
real	B	m0285/Carta 72	38	10	K	14	n	n
real	B	m0285/Carta 72	38	9	K	15	o	o
real	B	m0285/Carta 72	38	12	K	8	i	i
real	B	m0285/Carta 72	38	14	K	y	a	a
real	B	m0285/Carta 72	38	5	K	4	s	s
shuf	B	m0285/Carta 72	38	11	U	2	d	v
shuf	B	m0285/Carta 72	38	4	K	17	e	a
shuf	B	m0285/Carta 72	38	15	K	4	s	a
shuf	B	m0285/Carta 72	38	10	K	14	n	n
shuf	B	m0285/Carta 72	38	9	K	15	o	e
shuf	B	m0285/Carta 72	38	12	K	8	i	i
shuf	B	m0285/Carta 72	38	14	K	y	a	r
shuf	B	m0285/Carta 72	38	5	K	4	s	s
real	B	m0286/Passage 3a	6	11	U	12	r	m
real	B	m0286/Passage 3a	6	19	K	15	o	o
real	B	m0286/Passage 3a	6	9	K	20	o	l
real	B	m0286/Passage 3a	6	18	K	4	s	s
real	B	m0286/Passage 3a	6	14	K	15	o	o
real	B	m0286/Passage 3a	6	16	K	26	u	u
real	B	m0286/Passage 3a	6	17	K	12	r	r
real	B	m0286/Passage 3a	6	15	K	5	c	c
shuf	B	m0286/Passage 3a	6	11	U	12	r	n
shuf	B	m0286/Passage 3a	6	19	K	15	o	o
shuf	B	m0286/Passage 3a	6	9	K	20	o	t
shuf	B	m0286/Passage 3a	6	18	K	4	s	s
shuf	B	m0286/Passage 3a	6	14	K	15	o	o
shuf	B	m0286/Passage 3a	6	16	K	26	u	u
shuf	B	m0286/Passage 3a	6	17	K	12	r	r
shuf	B	m0286/Passage 3a	6	15	K	5	c	c
real	B	m0286/Carta 74	11	18	U	5	c	r
real	B	m0286/Carta 74	11	13	K	3	t	t
real	B	m0286/Carta 74	11	4	K	m	n	n
real	B	m0286/Carta 74	11	7	K	19	e	e
real	B	m0286/Carta 74	11	9	K	18	o	o
real	B	m0286/Carta 74	11	6	K	20	l	l
real	B	m0286/Carta 74	11	12	K	12	r	r
real	B	m0286/Carta 74	11	2	K	23	a	c
shuf	B	m0286/Carta 74	11	18	U	5	c	p
shuf	B	m0286/Carta 74	11	13	K	3	t	p
shuf	B	m0286/Carta 74	11	4	K	m	n	n
shuf	B	m0286/Carta 74	11	7	K	19	e	e
shuf	B	m0286/Carta 74	11	9	K	18	o	o
shuf	B	m0286/Carta 74	11	6	K	20	l	l
shuf	B	m0286/Carta 74	11	12	K	12	r	r
shuf	B	m0286/Carta 74	11	2	K	23	a	x
real	B	m0282/Carta 61	71	3	U	2	d	d
real	B	m0282/Carta 61	71	1	K	5	c	c
real	B	m0282/Carta 61	71	14	K	4	s	s
real	B	m0282/Carta 61	71	16	K	8	j	i
real	B	m0282/Carta 61	71	17	K	26	u	a
real	B	m0282/Carta 61	71	19	K	3	t	t
real	B	m0282/Carta 61	71	4	K	25	o	o
real	B	m0282/Carta 61	71	0	K	17	a	a
shuf	B	m0282/Carta 61	71	3	U	2	d	c
shuf	B	m0282/Carta 61	71	1	K	5	c	c
shuf	B	m0282/Carta 61	71	14	K	4	s	s
shuf	B	m0282/Carta 61	71	16	K	8	j	i
shuf	B	m0282/Carta 61	71	17	K	26	u	v
shuf	B	m0282/Carta 61	71	19	K	3	t	t
shuf	B	m0282/Carta 61	71	4	K	25	o	o
shuf	B	m0282/Carta 61	71	0	K	17	a	a
real	B	m0281/Carta 23	2	7	U	8	i	a
real	B	m0281/Carta 23	2	3	K	7	e	e
real	B	m0281/Carta 23	2	6	K	20	l	l
real	B	m0281/Carta 23	2	0	K	8	i	i
real	B	m0281/Carta 23	2	12	K	25	o	o
real	B	m0281/Carta 23	2	11	K	12	r	r
real	B	m0281/Carta 23	2	4	K	21	b	b
real	B	m0281/Carta 23	2	8	K	m	n	r
shuf	B	m0281/Carta 23	2	7	U	8	i	s
shuf	B	m0281/Carta 23	2	3	K	7	e	e
shuf	B	m0281/Carta 23	2	6	K	20	l	o
shuf	B	m0281/Carta 23	2	0	K	8	i	i
shuf	B	m0281/Carta 23	2	12	K	25	o	e
shuf	B	m0281/Carta 23	2	11	K	12	r	u
shuf	B	m0281/Carta 23	2	4	K	21	b	i
shuf	B	m0281/Carta 23	2	8	K	m	n	d
real	B	m0292/Carta 105	1	7	U	15	o	a
real	B	m0292/Carta 105	1	0	K	7	e	e
real	B	m0292/Carta 105	1	4	K	2	d	d
real	B	m0292/Carta 105	1	1	K	55	p	p
real	B	m0292/Carta 105	1	5	K	7	e	e
real	B	m0292/Carta 105	1	10	K	7	e	e
real	B	m0292/Carta 105	1	3	K	12	r	r
real	B	m0292/Carta 105	1	6	K	21	b	b
shuf	B	m0292/Carta 105	1	7	U	15	o	a
shuf	B	m0292/Carta 105	1	0	K	7	e	e
shuf	B	m0292/Carta 105	1	4	K	2	d	d
shuf	B	m0292/Carta 105	1	1	K	55	p	n
shuf	B	m0292/Carta 105	1	5	K	7	e	e
shuf	B	m0292/Carta 105	1	10	K	7	e	e
shuf	B	m0292/Carta 105	1	3	K	12	r	o
shuf	B	m0292/Carta 105	1	6	K	21	b	b
real	B	m0280/Carta 13	279	1	U	7	e	y
real	B	m0280/Carta 13	279	4	K	10	h	h
real	B	m0280/Carta 13	279	0	K	y	a	a
real	B	m0280/Carta 13	279	6	K	m	n	n
real	B	m0280/Carta 13	279	7	K	7	r	r
real	B	m0280/Carta 13	279	5	K	15	o	o
real	B	m0280/Carta 13	279	19	K	7	r	e
real	B	m0280/Carta 13	279	3	K	y	a	a
shuf	B	m0280/Carta 13	279	1	U	7	e	r
shuf	B	m0280/Carta 13	279	4	K	10	h	h
shuf	B	m0280/Carta 13	279	0	K	y	a	a
shuf	B	m0280/Carta 13	279	6	K	m	n	n
shuf	B	m0280/Carta 13	279	7	K	7	r	e
shuf	B	m0280/Carta 13	279	5	K	15	o	o
shuf	B	m0280/Carta 13	279	19	K	7	r	e
shuf	B	m0280/Carta 13	279	3	K	y	a	a
real	B	m0290/Carta 93	15	7	U	5	h	c
real	B	m0290/Carta 93	15	11	K	y	x	a
real	B	m0290/Carta 93	15	6	K	y	a	a
real	B	m0290/Carta 93	15	16	K	7	e	e
real	B	m0290/Carta 93	15	14	K	12	r	r
real	B	m0290/Carta 93	15	3	K	14	n	n
real	B	m0290/Carta 93	15	15	K	a	t	t
real	B	m0290/Carta 93	15	8	K	25	u	o
shuf	B	m0290/Carta 93	15	7	U	5	h	v
shuf	B	m0290/Carta 93	15	11	K	y	x	t
shuf	B	m0290/Carta 93	15	6	K	y	a	o
shuf	B	m0290/Carta 93	15	16	K	7	e	e
shuf	B	m0290/Carta 93	15	14	K	12	r	o
shuf	B	m0290/Carta 93	15	3	K	14	n	a
shuf	B	m0290/Carta 93	15	15	K	a	t	t
shuf	B	m0290/Carta 93	15	8	K	25	u	o
real	B	m0290/Carta 93	2	8	U	15	o	t
real	B	m0290/Carta 93	2	11	K	m	n	n
real	B	m0290/Carta 93	2	3	K	f	s	i
real	B	m0290/Carta 93	2	16	K	14	n	n
real	B	m0290/Carta 93	2	9	K	23	a	a
real	B	m0290/Carta 93	2	12	K	a	t	t
real	B	m0290/Carta 93	2	7	K	21	b	s
real	B	m0290/Carta 93	2	18	K	22	i	i
shuf	B	m0290/Carta 93	2	8	U	15	o	e
shuf	B	m0290/Carta 93	2	11	K	m	n	o
shuf	B	m0290/Carta 93	2	3	K	f	s	a
shuf	B	m0290/Carta 93	2	16	K	14	n	n
shuf	B	m0290/Carta 93	2	9	K	23	a	a
shuf	B	m0290/Carta 93	2	12	K	a	t	r
shuf	B	m0290/Carta 93	2	7	K	21	b	d
shuf	B	m0290/Carta 93	2	18	K	22	i	r
real	B	m0292/Carta 101	13	13	U	2	a	s
real	B	m0292/Carta 101	13	11	K	52	r	r
real	B	m0292/Carta 101	13	4	K	26	v	s
real	B	m0292/Carta 101	13	9	K	55	p	p
real	B	m0292/Carta 101	13	7	K	10	h	h
real	B	m0292/Carta 101	13	6	K	14	n	n
real	B	m0292/Carta 101	13	12	K	14	n	e
real	B	m0292/Carta 101	13	5	K	2	i	e
shuf	B	m0292/Carta 101	13	13	U	2	a	o
shuf	B	m0292/Carta 101	13	11	K	52	r	r
shuf	B	m0292/Carta 101	13	4	K	26	v	o
shuf	B	m0292/Carta 101	13	9	K	55	p	p
shuf	B	m0292/Carta 101	13	7	K	10	h	s
shuf	B	m0292/Carta 101	13	6	K	14	n	e
shuf	B	m0292/Carta 101	13	12	K	14	n	n
shuf	B	m0292/Carta 101	13	5	K	2	i	d
real	B	m0280/Carta 13	104	5	U	7	e	u
real	B	m0280/Carta 13	104	11	K	4	s	s
real	B	m0280/Carta 13	104	14	K	18	o	o
real	B	m0280/Carta 13	104	10	K	7	e	e
real	B	m0280/Carta 13	104	9	K	4	s	s
real	B	m0280/Carta 13	104	8	K	7	e	e
real	B	m0280/Carta 13	104	6	K	8	l	i
real	B	m0280/Carta 13	104	7	K	a	l	t
shuf	B	m0280/Carta 13	104	5	U	7	e	m
shuf	B	m0280/Carta 13	104	11	K	4	s	a
shuf	B	m0280/Carta 13	104	14	K	18	o	o
shuf	B	m0280/Carta 13	104	10	K	7	e	e
shuf	B	m0280/Carta 13	104	9	K	4	s	s
shuf	B	m0280/Carta 13	104	8	K	7	e	e
shuf	B	m0280/Carta 13	104	6	K	8	l	i
shuf	B	m0280/Carta 13	104	7	K	a	l	t
real	B	m0294/Passage 2a	14	13	U	14	n	o
real	B	m0294/Passage 2a	14	14	K	2	d	d
real	B	m0294/Passage 2a	14	16	K	14	n	n
real	B	m0294/Passage 2a	14	18	K	8	i	i
real	B	m0294/Passage 2a	14	11	K	2	d	e
real	B	m0294/Passage 2a	14	8	K	55	n	d
real	B	m0294/Passage 2a	14	10	K	2	s	d
real	B	m0294/Passage 2a	14	17	K	5	c	c
shuf	B	m0294/Passage 2a	14	13	U	14	n	a
shuf	B	m0294/Passage 2a	14	14	K	2	d	r
shuf	B	m0294/Passage 2a	14	16	K	14	n	n
shuf	B	m0294/Passage 2a	14	18	K	8	i	i
shuf	B	m0294/Passage 2a	14	11	K	2	d	e
shuf	B	m0294/Passage 2a	14	8	K	55	n	o
shuf	B	m0294/Passage 2a	14	10	K	2	s	d
shuf	B	m0294/Passage 2a	14	17	K	5	c	c
real	B	m0293/Passage 2a	1	9	U	15	o	a
real	B	m0293/Passage 2a	1	11	K	c	u	e
real	B	m0293/Passage 2a	1	7	K	17	a	a
real	B	m0293/Passage 2a	1	8	K	5	c	c
real	B	m0293/Passage 2a	1	3	K	26	v	m
real	B	m0293/Passage 2a	1	4	K	7	e	e
real	B	m0293/Passage 2a	1	12	K	20	l	l
real	B	m0293/Passage 2a	1	18	K	17	o	n
shuf	B	m0293/Passage 2a	1	9	U	15	o	s
shuf	B	m0293/Passage 2a	1	11	K	c	u	g
shuf	B	m0293/Passage 2a	1	7	K	17	a	a
shuf	B	m0293/Passage 2a	1	8	K	5	c	c
shuf	B	m0293/Passage 2a	1	3	K	26	v	o
shuf	B	m0293/Passage 2a	1	4	K	7	e	e
shuf	B	m0293/Passage 2a	1	12	K	20	l	o
shuf	B	m0293/Passage 2a	1	18	K	17	o	a
real	B	m0286/Passage 3a	6	18	U	4	s	s
real	B	m0286/Passage 3a	6	14	K	15	o	o
real	B	m0286/Passage 3a	6	16	K	26	u	u
real	B	m0286/Passage 3a	6	19	K	15	o	o
real	B	m0286/Passage 3a	6	15	K	5	c	c
real	B	m0286/Passage 3a	6	11	K	12	r	r
real	B	m0286/Passage 3a	6	17	K	12	r	r
real	B	m0286/Passage 3a	6	10	K	17	f	a
shuf	B	m0286/Passage 3a	6	18	U	4	s	s
shuf	B	m0286/Passage 3a	6	14	K	15	o	o
shuf	B	m0286/Passage 3a	6	16	K	26	u	u
shuf	B	m0286/Passage 3a	6	19	K	15	o	o
shuf	B	m0286/Passage 3a	6	15	K	5	c	c
shuf	B	m0286/Passage 3a	6	11	K	12	r	r
shuf	B	m0286/Passage 3a	6	17	K	12	r	r
shuf	B	m0286/Passage 3a	6	10	K	17	f	a
real	B	m0292/Carta 101	44	10	U	19	e	o
real	B	m0292/Carta 101	44	15	K	55	p	p
real	B	m0292/Carta 101	44	17	K	12	r	r
real	B	m0292/Carta 101	44	7	K	14	n	n
real	B	m0292/Carta 101	44	18	K	3	t	t
real	B	m0292/Carta 101	44	6	K	2	e	e
real	B	m0292/Carta 101	44	19	K	17	a	a
real	B	m0292/Carta 101	44	9	K	52	r	r
shuf	B	m0292/Carta 101	44	10	U	19	e	a
shuf	B	m0292/Carta 101	44	15	K	55	p	n
shuf	B	m0292/Carta 101	44	17	K	12	r	r
shuf	B	m0292/Carta 101	44	7	K	14	n	n
shuf	B	m0292/Carta 101	44	18	K	3	t	i
shuf	B	m0292/Carta 101	44	6	K	2	e	e
shuf	B	m0292/Carta 101	44	19	K	17	a	a
shuf	B	m0292/Carta 101	44	9	K	52	r	r
real	B	m0282/Carta 30	3	3	U	2	d	d
real	B	m0282/Carta 30	3	7	K	13	q	q
real	B	m0282/Carta 30	3	4	K	15	o	o
real	B	m0282/Carta 30	3	19	K	17	a	a
real	B	m0282/Carta 30	3	15	K	c	u	u
real	B	m0282/Carta 30	3	11	K	19	e	e
real	B	m0282/Carta 30	3	12	K	21	b	o
real	B	m0282/Carta 30	3	10	K	x	d	d
shuf	B	m0282/Carta 30	3	3	U	2	d	a
shuf	B	m0282/Carta 30	3	7	K	13	q	s
shuf	B	m0282/Carta 30	3	4	K	15	o	o
shuf	B	m0282/Carta 30	3	19	K	17	a	a
shuf	B	m0282/Carta 30	3	15	K	c	u	e
shuf	B	m0282/Carta 30	3	11	K	19	e	e
shuf	B	m0282/Carta 30	3	12	K	21	b	b
shuf	B	m0282/Carta 30	3	10	K	x	d	d
real	B	m0290/Passage 2a	26	12	U	15	o	o
real	B	m0290/Passage 2a	26	16	K	25	o	o
real	B	m0290/Passage 2a	26	15	K	2	d	d
real	B	m0290/Passage 2a	26	19	K	m	n	n
real	B	m0290/Passage 2a	26	4	K	24	e	e
real	B	m0290/Passage 2a	26	13	K	12	r	r
real	B	m0290/Passage 2a	26	6	K	7	e	e
real	B	m0290/Passage 2a	26	17	K	4	m	s
shuf	B	m0290/Passage 2a	26	12	U	15	o	e
shuf	B	m0290/Passage 2a	26	16	K	25	o	o
shuf	B	m0290/Passage 2a	26	15	K	2	d	e
shuf	B	m0290/Passage 2a	26	19	K	m	n	r
shuf	B	m0290/Passage 2a	26	4	K	24	e	e
shuf	B	m0290/Passage 2a	26	13	K	12	r	r
shuf	B	m0290/Passage 2a	26	6	K	7	e	e
shuf	B	m0290/Passage 2a	26	17	K	4	m	s
real	B	m0282/Carta 58	28	1	U	17	a	y
real	B	m0282/Carta 58	28	0	K	2	d	d
real	B	m0282/Carta 58	28	18	K	19	e	e
real	B	m0282/Carta 58	28	6	K	15	o	o
real	B	m0282/Carta 58	28	19	K	22	e	i
real	B	m0282/Carta 58	28	3	K	55	p	p
real	B	m0282/Carta 58	28	16	K	17	a	a
real	B	m0282/Carta 58	28	5	K	4	s	s
shuf	B	m0282/Carta 58	28	1	U	17	a	n
shuf	B	m0282/Carta 58	28	0	K	2	d	d
shuf	B	m0282/Carta 58	28	18	K	19	e	u
shuf	B	m0282/Carta 58	28	6	K	15	o	o
shuf	B	m0282/Carta 58	28	19	K	22	e	i
shuf	B	m0282/Carta 58	28	3	K	55	p	o
shuf	B	m0282/Carta 58	28	16	K	17	a	a
shuf	B	m0282/Carta 58	28	5	K	4	s	s
real	B	m0290/Passage 2a	58	4	U	19	e	e
real	B	m0290/Passage 2a	58	11	K	f	s	s
real	B	m0290/Passage 2a	58	19	K	9	i	r
real	B	m0290/Passage 2a	58	10	K	y	a	a
real	B	m0290/Passage 2a	58	15	K	22	i	i
real	B	m0290/Passage 2a	58	0	K	12	r	r
real	B	m0290/Passage 2a	58	14	K	2	d	d
real	B	m0290/Passage 2a	58	5	K	c	g	g
shuf	B	m0290/Passage 2a	58	4	U	19	e	o
shuf	B	m0290/Passage 2a	58	11	K	f	s	s
shuf	B	m0290/Passage 2a	58	19	K	9	i	o
shuf	B	m0290/Passage 2a	58	10	K	y	a	a
shuf	B	m0290/Passage 2a	58	15	K	22	i	e
shuf	B	m0290/Passage 2a	58	0	K	12	r	r
shuf	B	m0290/Passage 2a	58	14	K	2	d	d
shuf	B	m0290/Passage 2a	58	5	K	c	g	s
real	B	m0282/Carta 58	44	1	U	21	b	f
real	B	m0282/Carta 58	44	13	K	18	o	o
real	B	m0282/Carta 58	44	9	K	2	d	d
real	B	m0282/Carta 58	44	7	K	17	a	u
real	B	m0282/Carta 58	44	10	K	26	u	u
real	B	m0282/Carta 58	44	8	K	13	d	e
real	B	m0282/Carta 58	44	14	K	2	d	d
real	B	m0282/Carta 58	44	5	K	15	o	o
shuf	B	m0282/Carta 58	44	1	U	21	b	k
shuf	B	m0282/Carta 58	44	13	K	18	o	m
shuf	B	m0282/Carta 58	44	9	K	2	d	d
shuf	B	m0282/Carta 58	44	7	K	17	a	n
shuf	B	m0282/Carta 58	44	10	K	26	u	o
shuf	B	m0282/Carta 58	44	8	K	13	d	s
shuf	B	m0282/Carta 58	44	14	K	2	d	p
shuf	B	m0282/Carta 58	44	5	K	15	o	o
real	B	m0281/Carta 23	2	8	U	m	n	i
real	B	m0281/Carta 23	2	10	K	21	b	b
real	B	m0281/Carta 23	2	4	K	21	b	b
real	B	m0281/Carta 23	2	11	K	12	r	r
real	B	m0281/Carta 23	2	2	K	2	d	d
real	B	m0281/Carta 23	2	1	K	52	r	r
real	B	m0281/Carta 23	2	7	K	8	i	i
real	B	m0281/Carta 23	2	19	K	14	n	n
shuf	B	m0281/Carta 23	2	8	U	m	n	r
shuf	B	m0281/Carta 23	2	10	K	21	b	i
shuf	B	m0281/Carta 23	2	4	K	21	b	e
shuf	B	m0281/Carta 23	2	11	K	12	r	n
shuf	B	m0281/Carta 23	2	2	K	2	d	q
shuf	B	m0281/Carta 23	2	1	K	52	r	r
shuf	B	m0281/Carta 23	2	7	K	8	i	i
shuf	B	m0281/Carta 23	2	19	K	14	n	n
real	B	m0286/Carta 73	8	14	U	4	s	n
real	B	m0286/Carta 73	8	6	K	23	a	a
real	B	m0286/Carta 73	8	19	K	26	v	u
real	B	m0286/Carta 73	8	2	K	17	a	a
real	B	m0286/Carta 73	8	8	K	26	u	u
real	B	m0286/Carta 73	8	1	K	14	n	n
real	B	m0286/Carta 73	8	12	K	3	t	t
real	B	m0286/Carta 73	8	3	K	12	r	r
shuf	B	m0286/Carta 73	8	14	U	4	s	n
shuf	B	m0286/Carta 73	8	6	K	23	a	a
shuf	B	m0286/Carta 73	8	19	K	26	v	v
shuf	B	m0286/Carta 73	8	2	K	17	a	e
shuf	B	m0286/Carta 73	8	8	K	26	u	o
shuf	B	m0286/Carta 73	8	1	K	14	n	n
shuf	B	m0286/Carta 73	8	12	K	3	t	c
shuf	B	m0286/Carta 73	8	3	K	12	r	r
real	B	m0291/Carta 96	11	8	U	15	o	n
real	B	m0291/Carta 96	11	5	K	16	f	o
real	B	m0291/Carta 96	11	0	K	15	o	o
real	B	m0291/Carta 96	11	6	K	8	i	c
real	B	m0291/Carta 96	11	1	K	18	m	m
real	B	m0291/Carta 96	11	7	K	5	c	o
real	B	m0291/Carta 96	11	2	K	13	q	t
real	B	m0291/Carta 96	11	19	K	15	o	o
shuf	B	m0291/Carta 96	11	8	U	15	o	o
shuf	B	m0291/Carta 96	11	5	K	16	f	s
shuf	B	m0291/Carta 96	11	0	K	15	o	o
shuf	B	m0291/Carta 96	11	6	K	8	i	i
shuf	B	m0291/Carta 96	11	1	K	18	m	o
shuf	B	m0291/Carta 96	11	7	K	5	c	c
shuf	B	m0291/Carta 96	11	2	K	13	q	l
shuf	B	m0291/Carta 96	11	19	K	15	o	o
real	B	m0288/Passage 2a	43	8	U	17	a	a
real	B	m0288/Passage 2a	43	5	K	14	n	n
real	B	m0288/Passage 2a	43	10	K	19	e	e
real	B	m0288/Passage 2a	43	14	K	7	e	e
real	B	m0288/Passage 2a	43	16	K	16	f	g
real	B	m0288/Passage 2a	43	6	K	15	o	o
real	B	m0288/Passage 2a	43	7	K	55	p	p
real	B	m0288/Passage 2a	43	15	K	17	a	a
shuf	B	m0288/Passage 2a	43	8	U	17	a	r
shuf	B	m0288/Passage 2a	43	5	K	14	n	r
shuf	B	m0288/Passage 2a	43	10	K	19	e	e
shuf	B	m0288/Passage 2a	43	14	K	7	e	r
shuf	B	m0288/Passage 2a	43	16	K	16	f	f
shuf	B	m0288/Passage 2a	43	6	K	15	o	o
shuf	B	m0288/Passage 2a	43	7	K	55	p	p
shuf	B	m0288/Passage 2a	43	15	K	17	a	a
real	B	m0290/Carta 93	23	9	U	11	b	d
real	B	m0290/Carta 93	23	8	K	7	e	e
real	B	m0290/Carta 93	23	2	K	15	e	o
real	B	m0290/Carta 93	23	15	K	21	b	e
real	B	m0290/Carta 93	23	17	K	15	o	o
real	B	m0290/Carta 93	23	10	K	26	u	e
real	B	m0290/Carta 93	23	6	K	12	r	r
real	B	m0290/Carta 93	23	16	K	12	r	r
shuf	B	m0290/Carta 93	23	9	U	11	b	i
shuf	B	m0290/Carta 93	23	8	K	7	e	e
shuf	B	m0290/Carta 93	23	2	K	15	e	o
shuf	B	m0290/Carta 93	23	15	K	21	b	e
shuf	B	m0290/Carta 93	23	17	K	15	o	o
shuf	B	m0290/Carta 93	23	10	K	26	u	t
shuf	B	m0290/Carta 93	23	6	K	12	r	r
shuf	B	m0290/Carta 93	23	16	K	12	r	r
real	B	m0282/Carta 30	2	5	U	15	o	o
real	B	m0282/Carta 30	2	1	K	6	g	n
real	B	m0282/Carta 30	2	6	K	2	d	d
real	B	m0282/Carta 30	2	13	K	21	b	o
real	B	m0282/Carta 30	2	2	K	12	r	r
real	B	m0282/Carta 30	2	0	K	15	o	o
real	B	m0282/Carta 30	2	7	K	26	u	u
real	B	m0282/Carta 30	2	3	K	y	a	a
shuf	B	m0282/Carta 30	2	5	U	15	o	u
shuf	B	m0282/Carta 30	2	1	K	6	g	f
shuf	B	m0282/Carta 30	2	6	K	2	d	e
shuf	B	m0282/Carta 30	2	13	K	21	b	a
shuf	B	m0282/Carta 30	2	2	K	12	r	r
shuf	B	m0282/Carta 30	2	0	K	15	o	o
shuf	B	m0282/Carta 30	2	7	K	26	u	q
shuf	B	m0282/Carta 30	2	3	K	y	a	a
real	B	m0291/Passage 3a	4	14	U	15	o	o
real	B	m0291/Passage 3a	4	15	K	55	p	p
real	B	m0291/Passage 3a	4	10	K	17	a	a
real	B	m0291/Passage 3a	4	6	K	7	e	e
real	B	m0291/Passage 3a	4	9	K	18	r	r
real	B	m0291/Passage 3a	4	7	K	m	n	n
real	B	m0291/Passage 3a	4	5	K	4	s	o
real	B	m0291/Passage 3a	4	17	K	22	i	i
shuf	B	m0291/Passage 3a	4	14	U	15	o	e
shuf	B	m0291/Passage 3a	4	15	K	55	p	p
shuf	B	m0291/Passage 3a	4	10	K	17	a	a
shuf	B	m0291/Passage 3a	4	6	K	7	e	e
shuf	B	m0291/Passage 3a	4	9	K	18	r	i
shuf	B	m0291/Passage 3a	4	7	K	m	n	n
shuf	B	m0291/Passage 3a	4	5	K	4	s	e
shuf	B	m0291/Passage 3a	4	17	K	22	i	t
real	B	m0293/Carta 106	11	13	U	55	o	s
real	B	m0293/Carta 106	11	18	K	15	u	o
real	B	m0293/Carta 106	11	12	K	15	o	o
real	B	m0293/Carta 106	11	17	K	21	b	b
real	B	m0293/Carta 106	11	14	K	2	e	e
real	B	m0293/Carta 106	11	11	K	2	d	d
real	B	m0293/Carta 106	11	15	K	2	d	d
real	B	m0293/Carta 106	11	19	K	20	l	l
shuf	B	m0293/Carta 106	11	13	U	55	o	r
shuf	B	m0293/Carta 106	11	18	K	15	u	o
shuf	B	m0293/Carta 106	11	12	K	15	o	o
shuf	B	m0293/Carta 106	11	17	K	21	b	b
shuf	B	m0293/Carta 106	11	14	K	2	e	d
shuf	B	m0293/Carta 106	11	11	K	2	d	d
shuf	B	m0293/Carta 106	11	15	K	2	d	e
shuf	B	m0293/Carta 106	11	19	K	20	l	l
real	B	m0294/Passage 2a	9	13	U	55	n	d
real	B	m0294/Passage 2a	9	17	K	55	p	p
real	B	m0294/Passage 2a	9	15	K	2	s	d
real	B	m0294/Passage 2a	9	19	K	2	d	d
real	B	m0294/Passage 2a	9	0	K	12	r	r
real	B	m0294/Passage 2a	9	14	K	y	a	a
real	B	m0294/Passage 2a	9	16	K	2	d	e
real	B	m0294/Passage 2a	9	18	K	14	n	o
shuf	B	m0294/Passage 2a	9	13	U	55	n	e
shuf	B	m0294/Passage 2a	9	17	K	55	p	p
shuf	B	m0294/Passage 2a	9	15	K	2	s	d
shuf	B	m0294/Passage 2a	9	19	K	2	d	d
shuf	B	m0294/Passage 2a	9	0	K	12	r	r
shuf	B	m0294/Passage 2a	9	14	K	y	a	s
shuf	B	m0294/Passage 2a	9	16	K	2	d	e
shuf	B	m0294/Passage 2a	9	18	K	14	n	o
real	B	m0281/Carta 23	12	16	U	8	i	i
real	B	m0281/Carta 23	12	13	K	25	o	o
real	B	m0281/Carta 23	12	19	K	e	g	g
real	B	m0281/Carta 23	12	10	K	15	o	o
real	B	m0281/Carta 23	12	1	K	12	r	r
real	B	m0281/Carta 23	12	12	K	4	s	s
real	B	m0281/Carta 23	12	2	K	25	o	o
real	B	m0281/Carta 23	12	0	K	21	b	b
shuf	B	m0281/Carta 23	12	16	U	8	i	c
shuf	B	m0281/Carta 23	12	13	K	25	o	o
shuf	B	m0281/Carta 23	12	19	K	e	g	u
shuf	B	m0281/Carta 23	12	10	K	15	o	a
shuf	B	m0281/Carta 23	12	1	K	12	r	r
shuf	B	m0281/Carta 23	12	12	K	4	s	s
shuf	B	m0281/Carta 23	12	2	K	25	o	o
shuf	B	m0281/Carta 23	12	0	K	21	b	h
real	B	m0289/Carta 92	50	0	U	x	d	l
real	B	m0289/Carta 92	50	5	K	y	s	r
real	B	m0289/Carta 92	50	19	K	18	m	m
real	B	m0289/Carta 92	50	9	K	x	d	d
real	B	m0289/Carta 92	50	14	K	4	s	s
real	B	m0289/Carta 92	50	17	K	10	h	h
real	B	m0289/Carta 92	50	13	K	a	d	a
real	B	m0289/Carta 92	50	16	K	7	e	e
shuf	B	m0289/Carta 92	50	0	U	x	d	p
shuf	B	m0289/Carta 92	50	5	K	y	s	m
shuf	B	m0289/Carta 92	50	19	K	18	m	m
shuf	B	m0289/Carta 92	50	9	K	x	d	c
shuf	B	m0289/Carta 92	50	14	K	4	s	s
shuf	B	m0289/Carta 92	50	17	K	10	h	n
shuf	B	m0289/Carta 92	50	13	K	a	d	l
shuf	B	m0289/Carta 92	50	16	K	7	e	e
real	B	m0289/Carta 89	1	4	U	13	q	q
real	B	m0289/Carta 89	1	7	K	3	i	e
real	B	m0289/Carta 89	1	8	K	4	s	s
real	B	m0289/Carta 89	1	9	K	3	t	t
real	B	m0289/Carta 89	1	6	K	7	e	e
real	B	m0289/Carta 89	1	1	K	14	n	n
real	B	m0289/Carta 89	1	3	K	17	a	a
real	B	m0289/Carta 89	1	15	K	14	n	t
shuf	B	m0289/Carta 89	1	4	U	13	q	o
shuf	B	m0289/Carta 89	1	7	K	3	i	e
shuf	B	m0289/Carta 89	1	8	K	4	s	s
shuf	B	m0289/Carta 89	1	9	K	3	t	t
shuf	B	m0289/Carta 89	1	6	K	7	e	e
shuf	B	m0289/Carta 89	1	1	K	14	n	n
shuf	B	m0289/Carta 89	1	3	K	17	a	a
shuf	B	m0289/Carta 89	1	15	K	14	n	n
real	B	m0290/Carta 93	21	17	U	21	b	i
real	B	m0290/Carta 93	21	15	K	m	n	n
real	B	m0290/Carta 93	21	16	K	z	g	e
real	B	m0290/Carta 93	21	1	K	5	h	c
real	B	m0290/Carta 93	21	6	K	16	s	f
real	B	m0290/Carta 93	21	11	K	11	b	p
real	B	m0290/Carta 93	21	9	K	a	t	t
real	B	m0290/Carta 93	21	10	K	7	e	e
shuf	B	m0290/Carta 93	21	17	U	21	b	c
shuf	B	m0290/Carta 93	21	15	K	m	n	n
shuf	B	m0290/Carta 93	21	16	K	z	g	a
shuf	B	m0290/Carta 93	21	1	K	5	h	c
shuf	B	m0290/Carta 93	21	6	K	16	s	s
shuf	B	m0290/Carta 93	21	11	K	11	b	b
shuf	B	m0290/Carta 93	21	9	K	a	t	t
shuf	B	m0290/Carta 93	21	10	K	7	e	e
real	B	m0284/Passage 3a	1	14	U	26	v	m
real	B	m0284/Passage 3a	1	10	K	19	e	e
real	B	m0284/Passage 3a	1	6	K	23	a	a
real	B	m0284/Passage 3a	1	17	K	10	h	h
real	B	m0284/Passage 3a	1	5	K	3	t	t
real	B	m0284/Passage 3a	1	19	K	5	c	c
real	B	m0284/Passage 3a	1	18	K	y	a	a
real	B	m0284/Passage 3a	1	3	K	17	a	a
shuf	B	m0284/Passage 3a	1	14	U	26	v	n
shuf	B	m0284/Passage 3a	1	10	K	19	e	e
shuf	B	m0284/Passage 3a	1	6	K	23	a	k
shuf	B	m0284/Passage 3a	1	17	K	10	h	h
shuf	B	m0284/Passage 3a	1	5	K	3	t	t
shuf	B	m0284/Passage 3a	1	19	K	5	c	c
shuf	B	m0284/Passage 3a	1	18	K	y	a	a
shuf	B	m0284/Passage 3a	1	3	K	17	a	a
real	B	m0286/Carta 73	0	11	U	12	r	c
real	B	m0286/Carta 73	0	18	K	19	e	e
real	B	m0286/Carta 73	0	1	K	19	e	e
real	B	m0286/Carta 73	0	6	K	12	r	r
real	B	m0286/Carta 73	0	8	K	8	i	i
real	B	m0286/Carta 73	0	7	K	7	u	e
real	B	m0286/Carta 73	0	4	K	12	r	r
real	B	m0286/Carta 73	0	19	K	4	s	s
shuf	B	m0286/Carta 73	0	11	U	12	r	i
shuf	B	m0286/Carta 73	0	18	K	19	e	e
shuf	B	m0286/Carta 73	0	1	K	19	e	e
shuf	B	m0286/Carta 73	0	6	K	12	r	r
shuf	B	m0286/Carta 73	0	8	K	8	i	i
shuf	B	m0286/Carta 73	0	7	K	7	u	e
shuf	B	m0286/Carta 73	0	4	K	12	r	r
shuf	B	m0286/Carta 73	0	19	K	4	s	s
real	B	m0294/Passage 2a	4	19	U	y	a	a
real	B	m0294/Passage 2a	4	1	K	18	m	m
real	B	m0294/Passage 2a	4	2	K	7	e	e
real	B	m0294/Passage 2a	4	0	K	4	s	s
real	B	m0294/Passage 2a	4	18	K	55	n	p
real	B	m0294/Passage 2a	4	5	K	12	r	r
real	B	m0294/Passage 2a	4	4	K	4	e	a
real	B	m0294/Passage 2a	4	3	K	3	t	t
shuf	B	m0294/Passage 2a	4	19	U	y	a	s
shuf	B	m0294/Passage 2a	4	1	K	18	m	m
shuf	B	m0294/Passage 2a	4	2	K	7	e	e
shuf	B	m0294/Passage 2a	4	0	K	4	s	s
shuf	B	m0294/Passage 2a	4	18	K	55	n	o
shuf	B	m0294/Passage 2a	4	5	K	12	r	o
shuf	B	m0294/Passage 2a	4	4	K	4	e	m
shuf	B	m0294/Passage 2a	4	3	K	3	t	s
real	B	m0292/Carta 101	19	5	U	52	r	r
real	B	m0292/Carta 101	19	3	K	55	p	p
real	B	m0292/Carta 101	19	1	K	10	h	h
real	B	m0292/Carta 101	19	6	K	14	n	n
real	B	m0292/Carta 101	19	0	K	14	n	n
real	B	m0292/Carta 101	19	2	K	17	a	a
real	B	m0292/Carta 101	19	7	K	2	a	a
real	B	m0292/Carta 101	19	4	K	55	o	o
shuf	B	m0292/Carta 101	19	5	U	52	r	r
shuf	B	m0292/Carta 101	19	3	K	55	p	p
shuf	B	m0292/Carta 101	19	1	K	10	h	h
shuf	B	m0292/Carta 101	19	6	K	14	n	n
shuf	B	m0292/Carta 101	19	0	K	14	n	n
shuf	B	m0292/Carta 101	19	2	K	17	a	a
shuf	B	m0292/Carta 101	19	7	K	2	a	e
shuf	B	m0292/Carta 101	19	4	K	55	o	o
real	B	m0294/Passage 2a	12	17	U	19	e	e
real	B	m0294/Passage 2a	12	19	K	5	c	c
real	B	m0294/Passage 2a	12	15	K	14	n	n
real	B	m0294/Passage 2a	12	16	K	2	d	d
real	B	m0294/Passage 2a	12	13	K	2	d	e
real	B	m0294/Passage 2a	12	14	K	55	p	o
real	B	m0294/Passage 2a	12	18	K	14	n	n
real	B	m0294/Passage 2a	12	10	K	55	n	d
shuf	B	m0294/Passage 2a	12	17	U	19	e	e
shuf	B	m0294/Passage 2a	12	19	K	5	c	c
shuf	B	m0294/Passage 2a	12	15	K	14	n	n
shuf	B	m0294/Passage 2a	12	16	K	2	d	d
shuf	B	m0294/Passage 2a	12	13	K	2	d	e
shuf	B	m0294/Passage 2a	12	14	K	55	p	o
shuf	B	m0294/Passage 2a	12	18	K	14	n	n
shuf	B	m0294/Passage 2a	12	10	K	55	n	o
real	B	m0282/Carta 58	47	6	U	2	d	o
real	B	m0282/Carta 58	47	7	K	26	u	u
real	B	m0282/Carta 58	47	10	K	18	o	o
real	B	m0282/Carta 58	47	2	K	15	o	p
real	B	m0282/Carta 58	47	5	K	13	d	p
real	B	m0282/Carta 58	47	4	K	17	a	a
real	B	m0282/Carta 58	47	3	K	13	m	q
real	B	m0282/Carta 58	47	13	K	4	s	s
shuf	B	m0282/Carta 58	47	6	U	2	d	q
shuf	B	m0282/Carta 58	47	7	K	26	u	u
shuf	B	m0282/Carta 58	47	10	K	18	o	m
shuf	B	m0282/Carta 58	47	2	K	15	o	o
shuf	B	m0282/Carta 58	47	5	K	13	d	s
shuf	B	m0282/Carta 58	47	4	K	17	a	n
shuf	B	m0282/Carta 58	47	3	K	13	m	e
shuf	B	m0282/Carta 58	47	13	K	4	s	s
real	B	m0290/Carta 93	7	6	U	m	n	n
real	B	m0290/Carta 93	7	8	K	7	e	e
real	B	m0290/Carta 93	7	13	K	22	i	i
real	B	m0290/Carta 93	7	16	K	25	u	o
real	B	m0290/Carta 93	7	14	K	y	a	a
real	B	m0290/Carta 93	7	11	K	14	n	n
real	B	m0290/Carta 93	7	9	K	e	g	g
real	B	m0290/Carta 93	7	7	K	a	t	t
shuf	B	m0290/Carta 93	7	6	U	m	n	a
shuf	B	m0290/Carta 93	7	8	K	7	e	e
shuf	B	m0290/Carta 93	7	13	K	22	i	r
shuf	B	m0290/Carta 93	7	16	K	25	u	r
shuf	B	m0290/Carta 93	7	14	K	y	a	v
shuf	B	m0290/Carta 93	7	11	K	14	n	s
shuf	B	m0290/Carta 93	7	9	K	e	g	o
shuf	B	m0290/Carta 93	7	7	K	a	t	t
real	B	m0286/Carta 73	10	10	U	3	t	t
real	B	m0286/Carta 73	10	12	K	4	s	s
real	B	m0286/Carta 73	10	4	K	23	a	a
real	B	m0286/Carta 73	10	1	K	12	r	r
real	B	m0286/Carta 73	10	7	K	8	i	i
real	B	m0286/Carta 73	10	9	K	4	s	s
real	B	m0286/Carta 73	10	17	K	26	v	p
real	B	m0286/Carta 73	10	0	K	17	a	a
shuf	B	m0286/Carta 73	10	10	U	3	t	e
shuf	B	m0286/Carta 73	10	12	K	4	s	s
shuf	B	m0286/Carta 73	10	4	K	23	a	o
shuf	B	m0286/Carta 73	10	1	K	12	r	v
shuf	B	m0286/Carta 73	10	7	K	8	i	i
shuf	B	m0286/Carta 73	10	9	K	4	s	s
shuf	B	m0286/Carta 73	10	17	K	26	v	u
shuf	B	m0286/Carta 73	10	0	K	17	a	a
real	B	m0290/Carta 93	14	9	U	25	u	o
real	B	m0290/Carta 93	14	16	K	a	t	t
real	B	m0290/Carta 93	14	0	K	a	t	t
real	B	m0290/Carta 93	14	14	K	d	o	o
real	B	m0290/Carta 93	14	15	K	12	r	r
real	B	m0290/Carta 93	14	7	K	y	a	a
real	B	m0290/Carta 93	14	10	K	18	m	m
real	B	m0290/Carta 93	14	4	K	14	n	n
shuf	B	m0290/Carta 93	14	9	U	25	u	c
shuf	B	m0290/Carta 93	14	16	K	a	t	t
shuf	B	m0290/Carta 93	14	0	K	a	t	t
shuf	B	m0290/Carta 93	14	14	K	d	o	o
shuf	B	m0290/Carta 93	14	15	K	12	r	r
shuf	B	m0290/Carta 93	14	7	K	y	a	r
shuf	B	m0290/Carta 93	14	10	K	18	m	o
shuf	B	m0290/Carta 93	14	4	K	14	n	n
real	B	m0286/Carta 73	7	11	U	19	e	e
real	B	m0286/Carta 73	7	5	K	y	s	a
real	B	m0286/Carta 73	7	4	K	12	r	r
real	B	m0286/Carta 73	7	2	K	14	n	n
real	B	m0286/Carta 73	7	7	K	23	a	a
real	B	m0286/Carta 73	7	8	K	13	q	q
real	B	m0286/Carta 73	7	1	K	8	i	i
real	B	m0286/Carta 73	7	12	K	4	s	s
shuf	B	m0286/Carta 73	7	11	U	19	e	d
shuf	B	m0286/Carta 73	7	5	K	y	s	a
shuf	B	m0286/Carta 73	7	4	K	12	r	r
shuf	B	m0286/Carta 73	7	2	K	14	n	g
shuf	B	m0286/Carta 73	7	7	K	23	a	a
shuf	B	m0286/Carta 73	7	8	K	13	q	r
shuf	B	m0286/Carta 73	7	1	K	8	i	i
shuf	B	m0286/Carta 73	7	12	K	4	s	e
real	B	m0293/Passage 2a	3	11	U	8	i	e
real	B	m0293/Passage 2a	3	4	K	10	h	l
real	B	m0293/Passage 2a	3	5	K	17	a	a
real	B	m0293/Passage 2a	3	3	K	20	l	l
real	B	m0293/Passage 2a	3	6	K	5	c	c
real	B	m0293/Passage 2a	3	19	K	m	n	n
real	B	m0293/Passage 2a	3	17	K	10	k	g
real	B	m0293/Passage 2a	3	18	K	7	h	e
shuf	B	m0293/Passage 2a	3	11	U	8	i	s
shuf	B	m0293/Passage 2a	3	4	K	10	h	r
shuf	B	m0293/Passage 2a	3	5	K	17	a	a
shuf	B	m0293/Passage 2a	3	3	K	20	l	e
shuf	B	m0293/Passage 2a	3	6	K	5	c	c
shuf	B	m0293/Passage 2a	3	19	K	m	n	n
shuf	B	m0293/Passage 2a	3	17	K	10	k	o
shuf	B	m0293/Passage 2a	3	18	K	7	h	e
real	B	m0284/Passage 3a	1	14	U	26	v	m
real	B	m0284/Passage 3a	1	19	K	5	c	c
real	B	m0284/Passage 3a	1	12	K	3	t	t
real	B	m0284/Passage 3a	1	13	K	24	e	e
real	B	m0284/Passage 3a	1	10	K	19	e	e
real	B	m0284/Passage 3a	1	2	K	21	b	b
real	B	m0284/Passage 3a	1	16	K	20	l	l
real	B	m0284/Passage 3a	1	17	K	10	h	h
shuf	B	m0284/Passage 3a	1	14	U	26	v	c
shuf	B	m0284/Passage 3a	1	19	K	5	c	c
shuf	B	m0284/Passage 3a	1	12	K	3	t	t
shuf	B	m0284/Passage 3a	1	13	K	24	e	e
shuf	B	m0284/Passage 3a	1	10	K	19	e	e
shuf	B	m0284/Passage 3a	1	2	K	21	b	b
shuf	B	m0284/Passage 3a	1	16	K	20	l	l
shuf	B	m0284/Passage 3a	1	17	K	10	h	e
real	B	m0281/Carta 23	5	3	U	20	l	m
real	B	m0281/Carta 23	5	6	K	e	g	u
real	B	m0281/Carta 23	5	8	K	12	r	r
real	B	m0281/Carta 23	5	7	K	21	b	t
real	B	m0281/Carta 23	5	0	K	7	e	e
real	B	m0281/Carta 23	5	16	K	14	n	n
real	B	m0281/Carta 23	5	19	K	4	s	s
real	B	m0281/Carta 23	5	10	K	6	k	s
shuf	B	m0281/Carta 23	5	3	U	20	l	d
shuf	B	m0281/Carta 23	5	6	K	e	g	x
shuf	B	m0281/Carta 23	5	8	K	12	r	r
shuf	B	m0281/Carta 23	5	7	K	21	b	a
shuf	B	m0281/Carta 23	5	0	K	7	e	e
shuf	B	m0281/Carta 23	5	16	K	14	n	m
shuf	B	m0281/Carta 23	5	19	K	4	s	a
shuf	B	m0281/Carta 23	5	10	K	6	k	o
real	B	m0294/Passage 2a	14	9	U	y	a	o
real	B	m0294/Passage 2a	14	17	K	5	c	c
real	B	m0294/Passage 2a	14	16	K	14	n	n
real	B	m0294/Passage 2a	14	8	K	55	n	p
real	B	m0294/Passage 2a	14	15	K	19	e	e
real	B	m0294/Passage 2a	14	14	K	2	d	d
real	B	m0294/Passage 2a	14	19	K	17	a	a
real	B	m0294/Passage 2a	14	11	K	2	d	e
shuf	B	m0294/Passage 2a	14	9	U	y	a	e
shuf	B	m0294/Passage 2a	14	17	K	5	c	c
shuf	B	m0294/Passage 2a	14	16	K	14	n	n
shuf	B	m0294/Passage 2a	14	8	K	55	n	p
shuf	B	m0294/Passage 2a	14	15	K	19	e	e
shuf	B	m0294/Passage 2a	14	14	K	2	d	l
shuf	B	m0294/Passage 2a	14	19	K	17	a	a
shuf	B	m0294/Passage 2a	14	11	K	2	d	d
real	B	m0284/Passage 3a	1	1	U	18	o	z
real	B	m0284/Passage 3a	1	6	K	23	a	a
real	B	m0284/Passage 3a	1	10	K	19	e	e
real	B	m0284/Passage 3a	1	18	K	y	a	a
real	B	m0284/Passage 3a	1	19	K	5	c	c
real	B	m0284/Passage 3a	1	5	K	3	t	t
real	B	m0284/Passage 3a	1	17	K	10	h	l
real	B	m0284/Passage 3a	1	12	K	3	t	t
shuf	B	m0284/Passage 3a	1	1	U	18	o	i
shuf	B	m0284/Passage 3a	1	6	K	23	a	a
shuf	B	m0284/Passage 3a	1	10	K	19	e	e
shuf	B	m0284/Passage 3a	1	18	K	y	a	a
shuf	B	m0284/Passage 3a	1	19	K	5	c	c
shuf	B	m0284/Passage 3a	1	5	K	3	t	t
shuf	B	m0284/Passage 3a	1	17	K	10	h	n
shuf	B	m0284/Passage 3a	1	12	K	3	t	t
real	B	m0281/Carta 23	12	15	U	m	n	n
real	B	m0281/Carta 23	12	11	K	4	s	s
real	B	m0281/Carta 23	12	3	K	6	k	s
real	B	m0281/Carta 23	12	16	K	8	i	i
real	B	m0281/Carta 23	12	10	K	15	o	o
real	B	m0281/Carta 23	12	12	K	4	s	s
real	B	m0281/Carta 23	12	2	K	25	o	o
real	B	m0281/Carta 23	12	19	K	e	g	g
shuf	B	m0281/Carta 23	12	15	U	m	n	f
shuf	B	m0281/Carta 23	12	11	K	4	s	s
shuf	B	m0281/Carta 23	12	3	K	6	k	s
shuf	B	m0281/Carta 23	12	16	K	8	i	f
shuf	B	m0281/Carta 23	12	10	K	15	o	o
shuf	B	m0281/Carta 23	12	12	K	4	s	c
shuf	B	m0281/Carta 23	12	2	K	25	o	o
shuf	B	m0281/Carta 23	12	19	K	e	g	t
real	B	m0285/Passage 4a	6	19	U	26	u	u
real	B	m0285/Passage 4a	6	16	K	3	t	t
real	B	m0285/Passage 4a	6	10	K	4	s	s
real	B	m0285/Passage 4a	6	17	K	8	i	i
real	B	m0285/Passage 4a	6	15	K	4	s	s
real	B	m0285/Passage 4a	6	8	K	18	a	o
real	B	m0285/Passage 4a	6	13	K	12	r	r
real	B	m0285/Passage 4a	6	6	K	20	l	l
shuf	B	m0285/Passage 4a	6	19	U	26	u	i
shuf	B	m0285/Passage 4a	6	16	K	3	t	t
shuf	B	m0285/Passage 4a	6	10	K	4	s	e
shuf	B	m0285/Passage 4a	6	17	K	8	i	i
shuf	B	m0285/Passage 4a	6	15	K	4	s	s
shuf	B	m0285/Passage 4a	6	8	K	18	a	o
shuf	B	m0285/Passage 4a	6	13	K	12	r	r
shuf	B	m0285/Passage 4a	6	6	K	20	l	n
real	B	m0291/Carta 96	22	10	U	8	i	e
real	B	m0291/Carta 96	22	17	K	y	a	a
real	B	m0291/Carta 96	22	14	K	20	l	l
real	B	m0291/Carta 96	22	9	K	2	d	d
real	B	m0291/Carta 96	22	13	K	25	o	o
real	B	m0291/Carta 96	22	15	K	2	e	e
real	B	m0291/Carta 96	22	18	K	15	o	o
real	B	m0291/Carta 96	22	12	K	21	b	b
shuf	B	m0291/Carta 96	22	10	U	8	i	a
shuf	B	m0291/Carta 96	22	17	K	y	a	e
shuf	B	m0291/Carta 96	22	14	K	20	l	l
shuf	B	m0291/Carta 96	22	9	K	2	d	d
shuf	B	m0291/Carta 96	22	13	K	25	o	a
shuf	B	m0291/Carta 96	22	15	K	2	e	q
shuf	B	m0291/Carta 96	22	18	K	15	o	o
shuf	B	m0291/Carta 96	22	12	K	21	b	u
real	B	m0281/Carta 15	11	13	U	15	o	l
real	B	m0281/Carta 15	11	8	K	c	u	s
real	B	m0281/Carta 15	11	15	K	7	r	e
real	B	m0281/Carta 15	11	19	K	7	r	e
real	B	m0281/Carta 15	11	11	K	6	p	p
real	B	m0281/Carta 15	11	2	K	10	h	h
real	B	m0281/Carta 15	11	5	K	m	n	a
real	B	m0281/Carta 15	11	4	K	18	m	m
shuf	B	m0281/Carta 15	11	13	U	15	o	s
shuf	B	m0281/Carta 15	11	8	K	c	u	v
shuf	B	m0281/Carta 15	11	15	K	7	r	e
shuf	B	m0281/Carta 15	11	19	K	7	r	e
shuf	B	m0281/Carta 15	11	11	K	6	p	o
shuf	B	m0281/Carta 15	11	2	K	10	h	h
shuf	B	m0281/Carta 15	11	5	K	m	n	n
shuf	B	m0281/Carta 15	11	4	K	18	m	m
real	B	m0289/Carta 92	14	17	U	19	e	s
real	B	m0289/Carta 92	14	14	K	5	c	c
real	B	m0289/Carta 92	14	7	K	y	a	a
real	B	m0289/Carta 92	14	15	K	7	e	e
real	B	m0289/Carta 92	14	1	K	x	d	d
real	B	m0289/Carta 92	14	8	K	x	d	d
real	B	m0289/Carta 92	14	19	K	26	u	o
real	B	m0289/Carta 92	14	9	K	25	o	o
shuf	B	m0289/Carta 92	14	17	U	19	e	r
shuf	B	m0289/Carta 92	14	14	K	5	c	c
shuf	B	m0289/Carta 92	14	7	K	y	a	a
shuf	B	m0289/Carta 92	14	15	K	7	e	e
shuf	B	m0289/Carta 92	14	1	K	x	d	d
shuf	B	m0289/Carta 92	14	8	K	x	d	c
shuf	B	m0289/Carta 92	14	19	K	26	u	u
shuf	B	m0289/Carta 92	14	9	K	25	o	o
real	B	m0289/Carta 92	0	12	U	f	s	e
real	B	m0289/Carta 92	0	9	K	5	c	c
real	B	m0289/Carta 92	0	19	K	23	a	a
real	B	m0289/Carta 92	0	1	K	4	s	s
real	B	m0289/Carta 92	0	16	K	7	e	e
real	B	m0289/Carta 92	0	0	K	19	e	e
real	B	m0289/Carta 92	0	10	K	15	o	o
real	B	m0289/Carta 92	0	6	K	20	l	n
shuf	B	m0289/Carta 92	0	12	U	f	s	n
shuf	B	m0289/Carta 92	0	9	K	5	c	c
shuf	B	m0289/Carta 92	0	19	K	23	a	a
shuf	B	m0289/Carta 92	0	1	K	4	s	s
shuf	B	m0289/Carta 92	0	16	K	7	e	r
shuf	B	m0289/Carta 92	0	0	K	19	e	e
shuf	B	m0289/Carta 92	0	10	K	15	o	o
shuf	B	m0289/Carta 92	0	6	K	20	l	t
real	B	m0293/Carta 106	13	15	U	21	b	p
real	B	m0293/Carta 106	13	9	K	2	d	d
real	B	m0293/Carta 106	13	12	K	2	e	o
real	B	m0293/Carta 106	13	10	K	15	o	o
real	B	m0293/Carta 106	13	18	K	8	i	i
real	B	m0293/Carta 106	13	14	K	19	e	e
real	B	m0293/Carta 106	13	13	K	2	d	d
real	B	m0293/Carta 106	13	17	K	20	l	l
shuf	B	m0293/Carta 106	13	15	U	21	b	m
shuf	B	m0293/Carta 106	13	9	K	2	d	e
shuf	B	m0293/Carta 106	13	12	K	2	e	r
shuf	B	m0293/Carta 106	13	10	K	15	o	o
shuf	B	m0293/Carta 106	13	18	K	8	i	i
shuf	B	m0293/Carta 106	13	14	K	19	e	e
shuf	B	m0293/Carta 106	13	13	K	2	d	d
shuf	B	m0293/Carta 106	13	17	K	20	l	l
real	B	m0287/Carta 79	15	19	U	20	l	i
real	B	m0287/Carta 79	15	7	K	10	l	l
real	B	m0287/Carta 79	15	14	K	4	s	s
real	B	m0287/Carta 79	15	6	K	y	a	a
real	B	m0287/Carta 79	15	10	K	18	m	m
real	B	m0287/Carta 79	15	16	K	24	e	e
real	B	m0287/Carta 79	15	1	K	12	r	r
real	B	m0287/Carta 79	15	8	K	e	g	g
shuf	B	m0287/Carta 79	15	19	U	20	l	s
shuf	B	m0287/Carta 79	15	7	K	10	l	i
shuf	B	m0287/Carta 79	15	14	K	4	s	s
shuf	B	m0287/Carta 79	15	6	K	y	a	n
shuf	B	m0287/Carta 79	15	10	K	18	m	o
shuf	B	m0287/Carta 79	15	16	K	24	e	e
shuf	B	m0287/Carta 79	15	1	K	12	r	r
shuf	B	m0287/Carta 79	15	8	K	e	g	c
real	B	m0291/Passage 3a	31	12	U	5	c	n
real	B	m0291/Passage 3a	31	6	K	d	o	o
real	B	m0291/Passage 3a	31	1	K	25	o	g
real	B	m0291/Passage 3a	31	19	K	55	p	p
real	B	m0291/Passage 3a	31	11	K	15	o	o
real	B	m0291/Passage 3a	31	4	K	12	r	r
real	B	m0291/Passage 3a	31	5	K	55	p	p
real	B	m0291/Passage 3a	31	14	K	y	a	a
shuf	B	m0291/Passage 3a	31	12	U	5	c	s
shuf	B	m0291/Passage 3a	31	6	K	d	o	o
shuf	B	m0291/Passage 3a	31	1	K	25	o	o
shuf	B	m0291/Passage 3a	31	19	K	55	p	o
shuf	B	m0291/Passage 3a	31	11	K	15	o	o
shuf	B	m0291/Passage 3a	31	4	K	12	r	r
shuf	B	m0291/Passage 3a	31	5	K	55	p	n
shuf	B	m0291/Passage 3a	31	14	K	y	a	a
real	B	m0290/Carta 93	8	15	U	25	u	o
real	B	m0290/Carta 93	8	10	K	14	n	n
real	B	m0290/Carta 93	8	19	K	16	s	f
real	B	m0290/Carta 93	8	5	K	m	n	n
real	B	m0290/Carta 93	8	6	K	a	t	t
real	B	m0290/Carta 93	8	18	K	y	x	a
real	B	m0290/Carta 93	8	1	K	21	b	b
real	B	m0290/Carta 93	8	9	K	19	e	e
shuf	B	m0290/Carta 93	8	15	U	25	u	r
shuf	B	m0290/Carta 93	8	10	K	14	n	s
shuf	B	m0290/Carta 93	8	19	K	16	s	f
shuf	B	m0290/Carta 93	8	5	K	m	n	n
shuf	B	m0290/Carta 93	8	6	K	a	t	t
shuf	B	m0290/Carta 93	8	18	K	y	x	a
shuf	B	m0290/Carta 93	8	1	K	21	b	h
shuf	B	m0290/Carta 93	8	9	K	19	e	e
real	B	m0288/Passage 2a	0	18	U	2	d	m
real	B	m0288/Passage 2a	0	3	K	19	e	e
real	B	m0288/Passage 2a	0	8	K	17	n	e
real	B	m0288/Passage 2a	0	2	K	3	t	t
real	B	m0288/Passage 2a	0	16	K	10	h	h
real	B	m0288/Passage 2a	0	13	K	16	f	f
real	B	m0288/Passage 2a	0	4	K	4	s	s
real	B	m0288/Passage 2a	0	9	K	4	s	s
shuf	B	m0288/Passage 2a	0	18	U	2	d	e
shuf	B	m0288/Passage 2a	0	3	K	19	e	e
shuf	B	m0288/Passage 2a	0	8	K	17	n	a
shuf	B	m0288/Passage 2a	0	2	K	3	t	t
shuf	B	m0288/Passage 2a	0	16	K	10	h	i
shuf	B	m0288/Passage 2a	0	13	K	16	f	s
shuf	B	m0288/Passage 2a	0	4	K	4	s	s
shuf	B	m0288/Passage 2a	0	9	K	4	s	s
real	B	m0281/Carta 23	1	7	U	20	l	o
real	B	m0281/Carta 23	1	13	K	25	o	o
real	B	m0281/Carta 23	1	12	K	12	r	i
real	B	m0281/Carta 23	1	6	K	26	u	u
real	B	m0281/Carta 23	1	3	K	2	d	d
real	B	m0281/Carta 23	1	8	K	8	i	i
real	B	m0281/Carta 23	1	9	K	m	n	n
real	B	m0281/Carta 23	1	1	K	8	i	i
shuf	B	m0281/Carta 23	1	7	U	20	l	e
shuf	B	m0281/Carta 23	1	13	K	25	o	o
shuf	B	m0281/Carta 23	1	12	K	12	r	e
shuf	B	m0281/Carta 23	1	6	K	26	u	u
shuf	B	m0281/Carta 23	1	3	K	2	d	r
shuf	B	m0281/Carta 23	1	8	K	8	i	i
shuf	B	m0281/Carta 23	1	9	K	m	n	n
shuf	B	m0281/Carta 23	1	1	K	8	i	i
real	B	m0290/Carta 93	1	18	U	5	c	c
real	B	m0290/Carta 93	1	11	K	8	i	i
real	B	m0290/Carta 93	1	9	K	15	o	o
real	B	m0290/Carta 93	1	8	K	21	b	b
real	B	m0290/Carta 93	1	3	K	24	e	e
real	B	m0290/Carta 93	1	10	K	23	a	a
real	B	m0290/Carta 93	1	19	K	22	i	i
real	B	m0290/Carta 93	1	17	K	14	n	n
shuf	B	m0290/Carta 93	1	18	U	5	c	n
shuf	B	m0290/Carta 93	1	11	K	8	i	i
shuf	B	m0290/Carta 93	1	9	K	15	o	o
shuf	B	m0290/Carta 93	1	8	K	21	b	b
shuf	B	m0290/Carta 93	1	3	K	24	e	r
shuf	B	m0290/Carta 93	1	10	K	23	a	l
shuf	B	m0290/Carta 93	1	19	K	22	i	i
shuf	B	m0290/Carta 93	1	17	K	14	n	n
real	B	m0282/Carta 58	41	17	U	2	d	p
real	B	m0282/Carta 58	41	10	K	17	a	o
real	B	m0282/Carta 58	41	6	K	22	e	i
real	B	m0282/Carta 58	41	12	K	2	d	d
real	B	m0282/Carta 58	41	19	K	4	s	s
real	B	m0282/Carta 58	41	9	K	13	m	l
real	B	m0282/Carta 58	41	2	K	4	s	s
real	B	m0282/Carta 58	41	11	K	13	d	n
shuf	B	m0282/Carta 58	41	17	U	2	d	c
shuf	B	m0282/Carta 58	41	10	K	17	a	a
shuf	B	m0282/Carta 58	41	6	K	22	e	i
shuf	B	m0282/Carta 58	41	12	K	2	d	e
shuf	B	m0282/Carta 58	41	19	K	4	s	s
shuf	B	m0282/Carta 58	41	9	K	13	m	c
shuf	B	m0282/Carta 58	41	2	K	4	s	s
shuf	B	m0282/Carta 58	41	11	K	13	d	o
real	B	m0292/Carta 105	24	18	U	20	l	m
real	B	m0292/Carta 105	24	15	K	7	e	e
real	B	m0292/Carta 105	24	16	K	3	t	t
real	B	m0292/Carta 105	24	7	K	12	r	r
real	B	m0292/Carta 105	24	0	K	7	e	e
real	B	m0292/Carta 105	24	19	K	7	e	e
real	B	m0292/Carta 105	24	17	K	y	a	a
real	B	m0292/Carta 105	24	12	K	15	o	o
shuf	B	m0292/Carta 105	24	18	U	20	l	m
shuf	B	m0292/Carta 105	24	15	K	7	e	e
shuf	B	m0292/Carta 105	24	16	K	3	t	t
shuf	B	m0292/Carta 105	24	7	K	12	r	o
shuf	B	m0292/Carta 105	24	0	K	7	e	e
shuf	B	m0292/Carta 105	24	19	K	7	e	e
shuf	B	m0292/Carta 105	24	17	K	y	a	a
shuf	B	m0292/Carta 105	24	12	K	15	o	i
real	B	m0284/Passage 3a	1	16	U	20	l	r
real	B	m0284/Passage 3a	1	5	K	3	t	t
real	B	m0284/Passage 3a	1	18	K	y	a	a
real	B	m0284/Passage 3a	1	3	K	17	a	a
real	B	m0284/Passage 3a	1	6	K	23	a	a
real	B	m0284/Passage 3a	1	2	K	21	b	b
real	B	m0284/Passage 3a	1	17	K	10	h	r
real	B	m0284/Passage 3a	1	15	K	19	e	e
shuf	B	m0284/Passage 3a	1	16	U	20	l	t
shuf	B	m0284/Passage 3a	1	5	K	3	t	t
shuf	B	m0284/Passage 3a	1	18	K	y	a	a
shuf	B	m0284/Passage 3a	1	3	K	17	a	a
shuf	B	m0284/Passage 3a	1	6	K	23	a	a
shuf	B	m0284/Passage 3a	1	2	K	21	b	f
shuf	B	m0284/Passage 3a	1	17	K	10	h	r
shuf	B	m0284/Passage 3a	1	15	K	19	e	n
real	B	m0286/Carta 73	13	19	U	5	c	r
real	B	m0286/Carta 73	13	7	K	3	t	t
real	B	m0286/Carta 73	13	9	K	4	s	s
real	B	m0286/Carta 73	13	2	K	13	q	q
real	B	m0286/Carta 73	13	16	K	20	l	c
real	B	m0286/Carta 73	13	18	K	17	a	a
real	B	m0286/Carta 73	13	1	K	23	a	a
real	B	m0286/Carta 73	13	8	K	19	e	e
shuf	B	m0286/Carta 73	13	19	U	5	c	d
shuf	B	m0286/Carta 73	13	7	K	3	t	t
shuf	B	m0286/Carta 73	13	9	K	4	s	s
shuf	B	m0286/Carta 73	13	2	K	13	q	n
shuf	B	m0286/Carta 73	13	16	K	20	l	l
shuf	B	m0286/Carta 73	13	18	K	17	a	a
shuf	B	m0286/Carta 73	13	1	K	23	a	a
shuf	B	m0286/Carta 73	13	8	K	19	e	e
real	B	m0281/Carta 15	49	12	U	y	a	e
real	B	m0281/Carta 15	49	5	K	e	u	u
real	B	m0281/Carta 15	49	4	K	10	h	h
real	B	m0281/Carta 15	49	8	K	5	c	c
real	B	m0281/Carta 15	49	10	K	7	r	r
real	B	m0281/Carta 15	49	11	K	a	t	t
real	B	m0281/Carta 15	49	2	K	15	o	o
real	B	m0281/Carta 15	49	3	K	7	r	m
shuf	B	m0281/Carta 15	49	12	U	y	a	e
shuf	B	m0281/Carta 15	49	5	K	e	u	u
shuf	B	m0281/Carta 15	49	4	K	10	h	t
shuf	B	m0281/Carta 15	49	8	K	5	c	r
shuf	B	m0281/Carta 15	49	10	K	7	r	e
shuf	B	m0281/Carta 15	49	11	K	a	t	t
shuf	B	m0281/Carta 15	49	2	K	15	o	o
shuf	B	m0281/Carta 15	49	3	K	7	r	r
real	B	m0289/Carta 92	32	0	U	y	h	e
real	B	m0289/Carta 92	32	11	K	y	a	a
real	B	m0289/Carta 92	32	8	K	4	s	s
real	B	m0289/Carta 92	32	2	K	18	m	p
real	B	m0289/Carta 92	32	1	K	26	u	v
real	B	m0289/Carta 92	32	14	K	14	n	n
real	B	m0289/Carta 92	32	17	K	m	n	n
real	B	m0289/Carta 92	32	10	K	22	i	i
shuf	B	m0289/Carta 92	32	0	U	y	h	q
shuf	B	m0289/Carta 92	32	11	K	y	a	a
shuf	B	m0289/Carta 92	32	8	K	4	s	e
shuf	B	m0289/Carta 92	32	2	K	18	m	m
shuf	B	m0289/Carta 92	32	1	K	26	u	v
shuf	B	m0289/Carta 92	32	14	K	14	n	n
shuf	B	m0289/Carta 92	32	17	K	m	n	r
shuf	B	m0289/Carta 92	32	10	K	22	i	i
real	B	m0286/Passage 3a	7	0	U	18	m	u
real	B	m0286/Passage 3a	7	11	K	23	a	a
real	B	m0286/Passage 3a	7	10	K	12	r	r
real	B	m0286/Passage 3a	7	16	K	12	r	r
real	B	m0286/Passage 3a	7	19	K	2	d	d
real	B	m0286/Passage 3a	7	17	K	4	s	s
real	B	m0286/Passage 3a	7	8	K	20	o	l
real	B	m0286/Passage 3a	7	12	K	14	n	n
shuf	B	m0286/Passage 3a	7	0	U	18	m	v
shuf	B	m0286/Passage 3a	7	11	K	23	a	a
shuf	B	m0286/Passage 3a	7	10	K	12	r	i
shuf	B	m0286/Passage 3a	7	16	K	12	r	s
shuf	B	m0286/Passage 3a	7	19	K	2	d	d
shuf	B	m0286/Passage 3a	7	17	K	4	s	s
shuf	B	m0286/Passage 3a	7	8	K	20	o	n
shuf	B	m0286/Passage 3a	7	12	K	14	n	n
real	B	m0291/Carta 94	7	17	U	8	i	y
real	B	m0291/Carta 94	7	8	K	10	h	i
real	B	m0291/Carta 94	7	3	K	7	e	e
real	B	m0291/Carta 94	7	16	K	y	a	a
real	B	m0291/Carta 94	7	14	K	17	a	a
real	B	m0291/Carta 94	7	6	K	15	o	o
real	B	m0291/Carta 94	7	19	K	10	h	h
real	B	m0291/Carta 94	7	2	K	26	v	z
shuf	B	m0291/Carta 94	7	17	U	8	i	p
shuf	B	m0291/Carta 94	7	8	K	10	h	h
shuf	B	m0291/Carta 94	7	3	K	7	e	e
shuf	B	m0291/Carta 94	7	16	K	y	a	o
shuf	B	m0291/Carta 94	7	14	K	17	a	n
shuf	B	m0291/Carta 94	7	6	K	15	o	o
shuf	B	m0291/Carta 94	7	19	K	10	h	i
shuf	B	m0291/Carta 94	7	2	K	26	v	a
real	B	m0289/Carta 91	0	3	U	26	u	u
real	B	m0289/Carta 91	0	12	K	3	t	t
real	B	m0289/Carta 91	0	5	K	x	d	d
real	B	m0289/Carta 91	0	2	K	e	g	g
real	B	m0289/Carta 91	0	18	K	5	c	c
real	B	m0289/Carta 91	0	15	K	55	p	p
real	B	m0289/Carta 91	0	0	K	4	s	s
real	B	m0289/Carta 91	0	13	K	7	e	e
shuf	B	m0289/Carta 91	0	3	U	26	u	a
shuf	B	m0289/Carta 91	0	12	K	3	t	t
shuf	B	m0289/Carta 91	0	5	K	x	d	d
shuf	B	m0289/Carta 91	0	2	K	e	g	c
shuf	B	m0289/Carta 91	0	18	K	5	c	o
shuf	B	m0289/Carta 91	0	15	K	55	p	p
shuf	B	m0289/Carta 91	0	0	K	4	s	s
shuf	B	m0289/Carta 91	0	13	K	7	e	e
real	B	m0286/Passage 3a	0	15	U	20	o	h
real	B	m0286/Passage 3a	0	0	K	17	a	a
real	B	m0286/Passage 3a	0	16	K	17	f	a
real	B	m0286/Passage 3a	0	1	K	14	n	n
real	B	m0286/Passage 3a	0	5	K	26	u	i
real	B	m0286/Passage 3a	0	7	K	18	m	m
real	B	m0286/Passage 3a	0	19	K	14	n	n
real	B	m0286/Passage 3a	0	17	K	12	r	r
shuf	B	m0286/Passage 3a	0	15	U	20	o	r
shuf	B	m0286/Passage 3a	0	0	K	17	a	a
shuf	B	m0286/Passage 3a	0	16	K	17	f	a
shuf	B	m0286/Passage 3a	0	1	K	14	n	n
shuf	B	m0286/Passage 3a	0	5	K	26	u	u
shuf	B	m0286/Passage 3a	0	7	K	18	m	p
shuf	B	m0286/Passage 3a	0	19	K	14	n	n
shuf	B	m0286/Passage 3a	0	17	K	12	r	r
real	B	m0290/Passage 2a	7	18	U	4	s	n
real	B	m0290/Passage 2a	7	16	K	18	o	m
real	B	m0290/Passage 2a	7	9	K	55	p	o
real	B	m0290/Passage 2a	7	3	K	d	o	o
real	B	m0290/Passage 2a	7	4	K	f	s	m
real	B	m0290/Passage 2a	7	17	K	19	e	e
real	B	m0290/Passage 2a	7	2	K	c	u	c
real	B	m0290/Passage 2a	7	19	K	3	t	t
shuf	B	m0290/Passage 2a	7	18	U	4	s	s
shuf	B	m0290/Passage 2a	7	16	K	18	o	o
shuf	B	m0290/Passage 2a	7	9	K	55	p	n
shuf	B	m0290/Passage 2a	7	3	K	d	o	o
shuf	B	m0290/Passage 2a	7	4	K	f	s	s
shuf	B	m0290/Passage 2a	7	17	K	19	e	e
shuf	B	m0290/Passage 2a	7	2	K	c	u	g
shuf	B	m0290/Passage 2a	7	19	K	3	t	t
real	B	m0293/Passage 2a	1	9	U	15	o	a
real	B	m0293/Passage 2a	1	15	K	21	b	b
real	B	m0293/Passage 2a	1	18	K	17	o	n
real	B	m0293/Passage 2a	1	12	K	20	l	l
real	B	m0293/Passage 2a	1	8	K	5	c	c
real	B	m0293/Passage 2a	1	16	K	12	r	r
real	B	m0293/Passage 2a	1	11	K	c	u	e
real	B	m0293/Passage 2a	1	2	K	19	e	q
shuf	B	m0293/Passage 2a	1	9	U	15	o	c
shuf	B	m0293/Passage 2a	1	15	K	21	b	a
shuf	B	m0293/Passage 2a	1	18	K	17	o	a
shuf	B	m0293/Passage 2a	1	12	K	20	l	e
shuf	B	m0293/Passage 2a	1	8	K	5	c	c
shuf	B	m0293/Passage 2a	1	16	K	12	r	r
shuf	B	m0293/Passage 2a	1	11	K	c	u	o
shuf	B	m0293/Passage 2a	1	2	K	19	e	e
real	B	m0282/Carta 58	17	9	U	m	n	t
real	B	m0282/Carta 58	17	6	K	21	b	b
real	B	m0282/Carta 58	17	0	K	5	c	c
real	B	m0282/Carta 58	17	7	K	15	o	e
real	B	m0282/Carta 58	17	13	K	4	s	s
real	B	m0282/Carta 58	17	18	K	17	a	a
real	B	m0282/Carta 58	17	8	K	12	r	r
real	B	m0282/Carta 58	17	12	K	17	a	a
shuf	B	m0282/Carta 58	17	9	U	m	n	a
shuf	B	m0282/Carta 58	17	6	K	21	b	g
shuf	B	m0282/Carta 58	17	0	K	5	c	c
shuf	B	m0282/Carta 58	17	7	K	15	o	o
shuf	B	m0282/Carta 58	17	13	K	4	s	m
shuf	B	m0282/Carta 58	17	18	K	17	a	a
shuf	B	m0282/Carta 58	17	8	K	12	r	r
shuf	B	m0282/Carta 58	17	12	K	17	a	a
real	B	m0286/Carta 73	6	5	U	12	r	c
real	B	m0286/Carta 73	6	1	K	7	u	e
real	B	m0286/Carta 73	6	8	K	23	a	a
real	B	m0286/Carta 73	6	9	K	13	q	q
real	B	m0286/Carta 73	6	4	K	17	a	a
real	B	m0286/Carta 73	6	3	K	14	n	n
real	B	m0286/Carta 73	6	6	K	y	s	a
real	B	m0286/Carta 73	6	15	K	19	e	e
shuf	B	m0286/Carta 73	6	5	U	12	r	p
shuf	B	m0286/Carta 73	6	1	K	7	u	e
shuf	B	m0286/Carta 73	6	8	K	23	a	a
shuf	B	m0286/Carta 73	6	9	K	13	q	q
shuf	B	m0286/Carta 73	6	4	K	17	a	a
shuf	B	m0286/Carta 73	6	3	K	14	n	n
shuf	B	m0286/Carta 73	6	6	K	y	s	a
shuf	B	m0286/Carta 73	6	15	K	19	e	e
real	B	m0292/Carta 101	45	18	U	17	a	e
real	B	m0292/Carta 101	45	14	K	55	p	p
real	B	m0292/Carta 101	45	6	K	14	n	n
real	B	m0292/Carta 101	45	5	K	2	e	e
real	B	m0292/Carta 101	45	7	K	3	t	t
real	B	m0292/Carta 101	45	8	K	52	r	r
real	B	m0292/Carta 101	45	16	K	12	r	r
real	B	m0292/Carta 101	45	19	K	2	d	d
shuf	B	m0292/Carta 101	45	18	U	17	a	s
shuf	B	m0292/Carta 101	45	14	K	55	p	i
shuf	B	m0292/Carta 101	45	6	K	14	n	a
shuf	B	m0292/Carta 101	45	5	K	2	e	u
shuf	B	m0292/Carta 101	45	7	K	3	t	t
shuf	B	m0292/Carta 101	45	8	K	52	r	r
shuf	B	m0292/Carta 101	45	16	K	12	r	r
shuf	B	m0292/Carta 101	45	19	K	2	d	d
real	B	m0282/Carta 58	50	8	U	2	d	d
real	B	m0282/Carta 58	50	7	K	18	o	o
real	B	m0282/Carta 58	50	2	K	13	d	o
real	B	m0282/Carta 58	50	4	K	26	u	u
real	B	m0282/Carta 58	50	0	K	13	m	q
real	B	m0282/Carta 58	50	19	K	8	j	i
real	B	m0282/Carta 58	50	3	K	2	d	d
real	B	m0282/Carta 58	50	10	K	4	s	s
shuf	B	m0282/Carta 58	50	8	U	2	d	a
shuf	B	m0282/Carta 58	50	7	K	18	o	m
shuf	B	m0282/Carta 58	50	2	K	13	d	q
shuf	B	m0282/Carta 58	50	4	K	26	u	u
shuf	B	m0282/Carta 58	50	0	K	13	m	q
shuf	B	m0282/Carta 58	50	19	K	8	j	n
shuf	B	m0282/Carta 58	50	3	K	2	d	d
shuf	B	m0282/Carta 58	50	10	K	4	s	l
real	B	m0282/Carta 58	5	3	U	19	e	a
real	B	m0282/Carta 58	5	5	K	2	d	d
real	B	m0282/Carta 58	5	0	K	15	o	o
real	B	m0282/Carta 58	5	17	K	15	o	o
real	B	m0282/Carta 58	5	19	K	15	o	o
real	B	m0282/Carta 58	5	16	K	4	s	a
real	B	m0282/Carta 58	5	11	K	m	n	n
real	B	m0282/Carta 58	5	4	K	18	m	o
shuf	B	m0282/Carta 58	5	3	U	19	e	o
shuf	B	m0282/Carta 58	5	5	K	2	d	m
shuf	B	m0282/Carta 58	5	0	K	15	o	o
shuf	B	m0282/Carta 58	5	17	K	15	o	o
shuf	B	m0282/Carta 58	5	19	K	15	o	o
shuf	B	m0282/Carta 58	5	16	K	4	s	s
shuf	B	m0282/Carta 58	5	11	K	m	n	u
shuf	B	m0282/Carta 58	5	4	K	18	m	m
real	B	m0284/Carta 71	2	9	U	17	a	o
real	B	m0284/Carta 71	2	14	K	18	m	m
real	B	m0284/Carta 71	2	7	K	4	a	s
real	B	m0284/Carta 71	2	0	K	3	t	t
real	B	m0284/Carta 71	2	6	K	15	c	o
real	B	m0284/Carta 71	2	17	K	12	r	r
real	B	m0284/Carta 71	2	16	K	2	g	f
real	B	m0284/Carta 71	2	4	K	4	g	s
shuf	B	m0284/Carta 71	2	9	U	17	a	m
shuf	B	m0284/Carta 71	2	14	K	18	m	o
shuf	B	m0284/Carta 71	2	7	K	4	a	s
shuf	B	m0284/Carta 71	2	0	K	3	t	t
shuf	B	m0284/Carta 71	2	6	K	15	c	o
shuf	B	m0284/Carta 71	2	17	K	12	r	r
shuf	B	m0284/Carta 71	2	16	K	2	g	e
shuf	B	m0284/Carta 71	2	4	K	4	g	s
real	B	m0283/Carta 70	106	11	U	18	m	m
real	B	m0283/Carta 70	106	1	K	12	r	r
real	B	m0283/Carta 70	106	9	K	19	e	e
real	B	m0283/Carta 70	106	0	K	3	t	t
real	B	m0283/Carta 70	106	4	K	26	v	v
real	B	m0283/Carta 70	106	18	K	19	e	e
real	B	m0283/Carta 70	106	7	K	15	o	o
real	B	m0283/Carta 70	106	19	K	12	r	r
shuf	B	m0283/Carta 70	106	11	U	18	m	s
shuf	B	m0283/Carta 70	106	1	K	12	r	r
shuf	B	m0283/Carta 70	106	9	K	19	e	e
shuf	B	m0283/Carta 70	106	0	K	3	t	t
shuf	B	m0283/Carta 70	106	4	K	26	v	o
shuf	B	m0283/Carta 70	106	18	K	19	e	o
shuf	B	m0283/Carta 70	106	7	K	15	o	o
shuf	B	m0283/Carta 70	106	19	K	12	r	r
real	B	m0286/Carta 74	6	1	U	26	u	i
real	B	m0286/Carta 74	6	5	K	12	r	r
real	B	m0286/Carta 74	6	0	K	4	q	s
real	B	m0286/Carta 74	6	18	K	3	t	t
real	B	m0286/Carta 74	6	4	K	y	a	a
real	B	m0286/Carta 74	6	19	K	12	r	r
real	B	m0286/Carta 74	6	10	K	a	t	o
real	B	m0286/Carta 74	6	6	K	a	t	t
shuf	B	m0286/Carta 74	6	1	U	26	u	i
shuf	B	m0286/Carta 74	6	5	K	12	r	r
shuf	B	m0286/Carta 74	6	0	K	4	q	s
shuf	B	m0286/Carta 74	6	18	K	3	t	t
shuf	B	m0286/Carta 74	6	4	K	y	a	a
shuf	B	m0286/Carta 74	6	19	K	12	r	r
shuf	B	m0286/Carta 74	6	10	K	a	t	h
shuf	B	m0286/Carta 74	6	6	K	a	t	t
real	B	m0292/Passage 2a	0	12	U	26	u	s
real	B	m0292/Passage 2a	0	14	K	55	p	p
real	B	m0292/Passage 2a	0	0	K	19	e	e
real	B	m0292/Passage 2a	0	19	K	8	i	i
real	B	m0292/Passage 2a	0	5	K	4	s	s
real	B	m0292/Passage 2a	0	7	K	7	e	e
real	B	m0292/Passage 2a	0	17	K	14	n	n
real	B	m0292/Passage 2a	0	9	K	3	t	t
shuf	B	m0292/Passage 2a	0	12	U	26	u	p
shuf	B	m0292/Passage 2a	0	14	K	55	p	p
shuf	B	m0292/Passage 2a	0	0	K	19	e	e
shuf	B	m0292/Passage 2a	0	19	K	8	i	i
shuf	B	m0292/Passage 2a	0	5	K	4	s	j
shuf	B	m0292/Passage 2a	0	7	K	7	e	e
shuf	B	m0292/Passage 2a	0	17	K	14	n	a
shuf	B	m0292/Passage 2a	0	9	K	3	t	t
real	B	m0289/Carta 89	14	5	U	21	b	c
real	B	m0289/Carta 89	14	2	K	14	n	i
real	B	m0289/Carta 89	14	17	K	2	e	o
real	B	m0289/Carta 89	14	7	K	18	m	m
real	B	m0289/Carta 89	14	16	K	10	h	h
real	B	m0289/Carta 89	14	1	K	19	e	e
real	B	m0289/Carta 89	14	10	K	12	r	r
real	B	m0289/Carta 89	14	18	K	18	m	m
shuf	B	m0289/Carta 89	14	5	U	21	b	i
shuf	B	m0289/Carta 89	14	2	K	14	n	n
shuf	B	m0289/Carta 89	14	17	K	2	e	d
shuf	B	m0289/Carta 89	14	7	K	18	m	o
shuf	B	m0289/Carta 89	14	16	K	10	h	m
shuf	B	m0289/Carta 89	14	1	K	19	e	e
shuf	B	m0289/Carta 89	14	10	K	12	r	r
shuf	B	m0289/Carta 89	14	18	K	18	m	o
real	B	m0285/Carta 72	19	10	U	8	j	t
real	B	m0285/Carta 72	19	0	K	15	o	o
real	B	m0285/Carta 72	19	14	K	14	n	n
real	B	m0285/Carta 72	19	12	K	c	g	r
real	B	m0285/Carta 72	19	15	K	2	d	d
real	B	m0285/Carta 72	19	16	K	15	o	o
real	B	m0285/Carta 72	19	2	K	18	m	m
real	B	m0285/Carta 72	19	1	K	7	e	e
shuf	B	m0285/Carta 72	19	10	U	8	j	s
shuf	B	m0285/Carta 72	19	0	K	15	o	o
shuf	B	m0285/Carta 72	19	14	K	14	n	n
shuf	B	m0285/Carta 72	19	12	K	c	g	u
shuf	B	m0285/Carta 72	19	15	K	2	d	d
shuf	B	m0285/Carta 72	19	16	K	15	o	o
shuf	B	m0285/Carta 72	19	2	K	18	m	m
shuf	B	m0285/Carta 72	19	1	K	7	e	e
real	B	m0284/Passage 3a	1	5	U	3	t	t
real	B	m0284/Passage 3a	1	13	K	24	e	e
real	B	m0284/Passage 3a	1	2	K	21	b	b
real	B	m0284/Passage 3a	1	15	K	19	e	e
real	B	m0284/Passage 3a	1	6	K	23	a	a
real	B	m0284/Passage 3a	1	3	K	17	a	a
real	B	m0284/Passage 3a	1	11	K	4	s	s
real	B	m0284/Passage 3a	1	18	K	y	a	a
shuf	B	m0284/Passage 3a	1	5	U	3	t	t
shuf	B	m0284/Passage 3a	1	13	K	24	e	e
shuf	B	m0284/Passage 3a	1	2	K	21	b	b
shuf	B	m0284/Passage 3a	1	15	K	19	e	e
shuf	B	m0284/Passage 3a	1	6	K	23	a	a
shuf	B	m0284/Passage 3a	1	3	K	17	a	a
shuf	B	m0284/Passage 3a	1	11	K	4	s	l
shuf	B	m0284/Passage 3a	1	18	K	y	a	a
real	B	m0293/Passage 2a	10	11	U	7	h	o
real	B	m0293/Passage 2a	10	2	K	c	u	u
real	B	m0293/Passage 2a	10	18	K	14	n	n
real	B	m0293/Passage 2a	10	15	K	f	s	s
real	B	m0293/Passage 2a	10	5	K	14	n	n
real	B	m0293/Passage 2a	10	14	K	4	s	s
real	B	m0293/Passage 2a	10	7	K	12	r	r
real	B	m0293/Passage 2a	10	0	K	15	o	o
shuf	B	m0293/Passage 2a	10	11	U	7	h	i
shuf	B	m0293/Passage 2a	10	2	K	c	u	u
shuf	B	m0293/Passage 2a	10	18	K	14	n	n
shuf	B	m0293/Passage 2a	10	15	K	f	s	o
shuf	B	m0293/Passage 2a	10	5	K	14	n	m
shuf	B	m0293/Passage 2a	10	14	K	4	s	s
shuf	B	m0293/Passage 2a	10	7	K	12	r	r
shuf	B	m0293/Passage 2a	10	0	K	15	o	o
real	B	m0289/Carta 89	13	16	U	20	l	c
real	B	m0289/Carta 89	13	7	K	15	o	o
real	B	m0289/Carta 89	13	5	K	17	a	a
real	B	m0289/Carta 89	13	10	K	7	e	e
real	B	m0289/Carta 89	13	9	K	4	s	s
real	B	m0289/Carta 89	13	19	K	18	m	o
real	B	m0289/Carta 89	13	11	K	12	r	r
real	B	m0289/Carta 89	13	1	K	18	m	h
shuf	B	m0289/Carta 89	13	16	U	20	l	c
shuf	B	m0289/Carta 89	13	7	K	15	o	o
shuf	B	m0289/Carta 89	13	5	K	17	a	a
shuf	B	m0289/Carta 89	13	10	K	7	e	e
shuf	B	m0289/Carta 89	13	9	K	4	s	s
shuf	B	m0289/Carta 89	13	19	K	18	m	a
shuf	B	m0289/Carta 89	13	11	K	12	r	r
shuf	B	m0289/Carta 89	13	1	K	18	m	m
real	B	m0282/Carta 30	1	12	U	x	d	c
real	B	m0282/Carta 30	1	0	K	4	s	s
real	B	m0282/Carta 30	1	1	K	15	o	o
real	B	m0282/Carta 30	1	16	K	13	q	q
real	B	m0282/Carta 30	1	8	K	26	u	u
real	B	m0282/Carta 30	1	15	K	26	u	e
real	B	m0282/Carta 30	1	13	K	19	e	e
real	B	m0282/Carta 30	1	19	K	14	n	n
shuf	B	m0282/Carta 30	1	12	U	x	d	a
shuf	B	m0282/Carta 30	1	0	K	4	s	s
shuf	B	m0282/Carta 30	1	1	K	15	o	o
shuf	B	m0282/Carta 30	1	16	K	13	q	z
shuf	B	m0282/Carta 30	1	8	K	26	u	u
shuf	B	m0282/Carta 30	1	15	K	26	u	u
shuf	B	m0282/Carta 30	1	13	K	19	e	e
shuf	B	m0282/Carta 30	1	19	K	14	n	e
real	B	m0286/Carta 74	24	16	U	f	s	n
real	B	m0286/Carta 74	24	5	K	5	c	c
real	B	m0286/Carta 74	24	15	K	7	e	e
real	B	m0286/Carta 74	24	14	K	a	t	t
real	B	m0286/Carta 74	24	13	K	4	s	s
real	B	m0286/Carta 74	24	4	K	15	c	o
real	B	m0286/Carta 74	24	7	K	f	r	s
real	B	m0286/Carta 74	24	3	K	22	s	d
shuf	B	m0286/Carta 74	24	16	U	f	s	m
shuf	B	m0286/Carta 74	24	5	K	5	c	r
shuf	B	m0286/Carta 74	24	15	K	7	e	e
shuf	B	m0286/Carta 74	24	14	K	a	t	t
shuf	B	m0286/Carta 74	24	13	K	4	s	s
shuf	B	m0286/Carta 74	24	4	K	15	c	o
shuf	B	m0286/Carta 74	24	7	K	f	r	e
shuf	B	m0286/Carta 74	24	3	K	22	s	i
real	B	m0294/Passage 2a	16	15	U	5	c	c
real	B	m0294/Passage 2a	16	14	K	14	n	n
real	B	m0294/Passage 2a	16	10	K	55	p	o
real	B	m0294/Passage 2a	16	18	K	2	d	d
real	B	m0294/Passage 2a	16	11	K	14	n	n
real	B	m0294/Passage 2a	16	7	K	y	a	a
real	B	m0294/Passage 2a	16	8	K	2	s	g
real	B	m0294/Passage 2a	16	12	K	2	d	d
shuf	B	m0294/Passage 2a	16	15	U	5	c	a
shuf	B	m0294/Passage 2a	16	14	K	14	n	n
shuf	B	m0294/Passage 2a	16	10	K	55	p	i
shuf	B	m0294/Passage 2a	16	18	K	2	d	d
shuf	B	m0294/Passage 2a	16	11	K	14	n	n
shuf	B	m0294/Passage 2a	16	7	K	y	a	r
shuf	B	m0294/Passage 2a	16	8	K	2	s	d
shuf	B	m0294/Passage 2a	16	12	K	2	d	d
real	B	m0290/Carta 93	22	9	U	7	e	a
real	B	m0290/Carta 93	22	11	K	26	u	o
real	B	m0290/Carta 93	22	6	K	d	o	o
real	B	m0290/Carta 93	22	14	K	m	n	v
real	B	m0290/Carta 93	22	10	K	11	b	p
real	B	m0290/Carta 93	22	16	K	21	b	a
real	B	m0290/Carta 93	22	7	K	12	r	r
real	B	m0290/Carta 93	22	2	K	18	m	m
shuf	B	m0290/Carta 93	22	9	U	7	e	s
shuf	B	m0290/Carta 93	22	11	K	26	u	u
shuf	B	m0290/Carta 93	22	6	K	d	o	e
shuf	B	m0290/Carta 93	22	14	K	m	n	n
shuf	B	m0290/Carta 93	22	10	K	11	b	o
shuf	B	m0290/Carta 93	22	16	K	21	b	p
shuf	B	m0290/Carta 93	22	7	K	12	r	r
shuf	B	m0290/Carta 93	22	2	K	18	m	p
real	B	m0289/Carta 92	16	4	U	12	r	r
real	B	m0289/Carta 92	16	3	K	23	a	a
real	B	m0289/Carta 92	16	14	K	4	s	s
real	B	m0289/Carta 92	16	9	K	12	r	r
real	B	m0289/Carta 92	16	2	K	20	l	l
real	B	m0289/Carta 92	16	17	K	26	u	u
real	B	m0289/Carta 92	16	13	K	7	e	e
real	B	m0289/Carta 92	16	8	K	16	f	f
shuf	B	m0289/Carta 92	16	4	U	12	r	n
shuf	B	m0289/Carta 92	16	3	K	23	a	a
shuf	B	m0289/Carta 92	16	14	K	4	s	s
shuf	B	m0289/Carta 92	16	9	K	12	r	r
shuf	B	m0289/Carta 92	16	2	K	20	l	l
shuf	B	m0289/Carta 92	16	17	K	26	u	v
shuf	B	m0289/Carta 92	16	13	K	7	e	e
shuf	B	m0289/Carta 92	16	8	K	16	f	o
real	B	m0281/Carta 15	42	17	U	7	r	r
real	B	m0281/Carta 15	42	13	K	18	m	r
real	B	m0281/Carta 15	42	14	K	y	a	a
real	B	m0281/Carta 15	42	9	K	15	o	o
real	B	m0281/Carta 15	42	15	K	5	c	c
real	B	m0281/Carta 15	42	10	K	7	r	m
real	B	m0281/Carta 15	42	16	K	y	a	a
real	B	m0281/Carta 15	42	11	K	10	h	o
shuf	B	m0281/Carta 15	42	17	U	7	r	o
shuf	B	m0281/Carta 15	42	13	K	18	m	m
shuf	B	m0281/Carta 15	42	14	K	y	a	a
shuf	B	m0281/Carta 15	42	9	K	15	o	o
shuf	B	m0281/Carta 15	42	15	K	5	c	c
shuf	B	m0281/Carta 15	42	10	K	7	r	l
shuf	B	m0281/Carta 15	42	16	K	y	a	a
shuf	B	m0281/Carta 15	42	11	K	10	h	h
real	B	m0290/Passage 2a	54	2	U	a	t	f
real	B	m0290/Passage 2a	54	16	K	8	i	i
real	B	m0290/Passage 2a	54	7	K	14	s	n
real	B	m0290/Passage 2a	54	6	K	25	o	o
real	B	m0290/Passage 2a	54	13	K	d	o	o
real	B	m0290/Passage 2a	54	8	K	19	e	e
real	B	m0290/Passage 2a	54	18	K	2	d	d
real	B	m0290/Passage 2a	54	3	K	7	e	e
shuf	B	m0290/Passage 2a	54	2	U	a	t	d
shuf	B	m0290/Passage 2a	54	16	K	8	i	i
shuf	B	m0290/Passage 2a	54	7	K	14	s	v
shuf	B	m0290/Passage 2a	54	6	K	25	o	i
shuf	B	m0290/Passage 2a	54	13	K	d	o	o
shuf	B	m0290/Passage 2a	54	8	K	19	e	e
shuf	B	m0290/Passage 2a	54	18	K	2	d	d
shuf	B	m0290/Passage 2a	54	3	K	7	e	e
real	B	m0289/Carta 89	9	1	U	3	t	t
real	B	m0289/Carta 89	9	10	K	21	b	b
real	B	m0289/Carta 89	9	14	K	7	e	e
real	B	m0289/Carta 89	9	12	K	18	m	m
real	B	m0289/Carta 89	9	7	K	14	n	t
real	B	m0289/Carta 89	9	13	K	4	s	s
real	B	m0289/Carta 89	9	8	K	12	r	r
real	B	m0289/Carta 89	9	0	K	4	s	s
shuf	B	m0289/Carta 89	9	1	U	3	t	w
shuf	B	m0289/Carta 89	9	10	K	21	b	b
shuf	B	m0289/Carta 89	9	14	K	7	e	e
shuf	B	m0289/Carta 89	9	12	K	18	m	m
shuf	B	m0289/Carta 89	9	7	K	14	n	p
shuf	B	m0289/Carta 89	9	13	K	4	s	s
shuf	B	m0289/Carta 89	9	8	K	12	r	r
shuf	B	m0289/Carta 89	9	0	K	4	s	s
real	B	m0280/Carta 13	194	11	U	a	t	s
real	B	m0280/Carta 13	194	13	K	7	e	e
real	B	m0280/Carta 13	194	17	K	z	r	f
real	B	m0280/Carta 13	194	16	K	e	u	f
real	B	m0280/Carta 13	194	18	K	7	e	e
real	B	m0280/Carta 13	194	12	K	10	h	h
real	B	m0280/Carta 13	194	14	K	4	s	s
real	B	m0280/Carta 13	194	19	K	8	i	i
shuf	B	m0280/Carta 13	194	11	U	a	t	o
shuf	B	m0280/Carta 13	194	13	K	7	e	e
shuf	B	m0280/Carta 13	194	17	K	z	r	g
shuf	B	m0280/Carta 13	194	16	K	e	u	n
shuf	B	m0280/Carta 13	194	18	K	7	e	e
shuf	B	m0280/Carta 13	194	12	K	10	h	r
shuf	B	m0280/Carta 13	194	14	K	4	s	s
shuf	B	m0280/Carta 13	194	19	K	8	i	i
real	B	m0292/Carta 101	19	3	U	55	p	v
real	B	m0292/Carta 101	19	7	K	2	a	o
real	B	m0292/Carta 101	19	2	K	17	a	a
real	B	m0292/Carta 101	19	5	K	52	r	r
real	B	m0292/Carta 101	19	1	K	10	h	h
real	B	m0292/Carta 101	19	4	K	55	o	e
real	B	m0292/Carta 101	19	6	K	14	n	n
real	B	m0292/Carta 101	19	0	K	14	n	n
shuf	B	m0292/Carta 101	19	3	U	55	p	c
shuf	B	m0292/Carta 101	19	7	K	2	a	s
shuf	B	m0292/Carta 101	19	2	K	17	a	a
shuf	B	m0292/Carta 101	19	5	K	52	r	e
shuf	B	m0292/Carta 101	19	1	K	10	h	h
shuf	B	m0292/Carta 101	19	4	K	55	o	o
shuf	B	m0292/Carta 101	19	6	K	14	n	n
shuf	B	m0292/Carta 101	19	0	K	14	n	n
real	B	m0286/Carta 74	3	15	U	19	e	r
real	B	m0286/Carta 74	3	12	K	m	n	a
real	B	m0286/Carta 74	3	19	K	15	o	o
real	B	m0286/Carta 74	3	1	K	12	r	r
real	B	m0286/Carta 74	3	9	K	a	t	t
real	B	m0286/Carta 74	3	8	K	12	r	r
real	B	m0286/Carta 74	3	18	K	55	p	p
real	B	m0286/Carta 74	3	11	K	d	o	o
shuf	B	m0286/Carta 74	3	15	U	19	e	b
shuf	B	m0286/Carta 74	3	12	K	m	n	u
shuf	B	m0286/Carta 74	3	19	K	15	o	o
shuf	B	m0286/Carta 74	3	1	K	12	r	y
shuf	B	m0286/Carta 74	3	9	K	a	t	t
shuf	B	m0286/Carta 74	3	8	K	12	r	r
shuf	B	m0286/Carta 74	3	18	K	55	p	p
shuf	B	m0286/Carta 74	3	11	K	d	o	o
real	B	m0284/Passage 3a	0	2	U	18	o	m
real	B	m0284/Passage 3a	0	0	K	14	n	n
real	B	m0284/Passage 3a	0	11	K	19	e	e
real	B	m0284/Passage 3a	0	7	K	23	a	a
real	B	m0284/Passage 3a	0	4	K	17	a	a
real	B	m0284/Passage 3a	0	6	K	3	t	t
real	B	m0284/Passage 3a	0	19	K	y	a	a
real	B	m0284/Passage 3a	0	15	K	26	v	m
shuf	B	m0284/Passage 3a	0	2	U	18	o	m
shuf	B	m0284/Passage 3a	0	0	K	14	n	n
shuf	B	m0284/Passage 3a	0	11	K	19	e	e
shuf	B	m0284/Passage 3a	0	7	K	23	a	a
shuf	B	m0284/Passage 3a	0	4	K	17	a	a
shuf	B	m0284/Passage 3a	0	6	K	3	t	i
shuf	B	m0284/Passage 3a	0	19	K	y	a	a
shuf	B	m0284/Passage 3a	0	15	K	26	v	i
real	B	m0288/Carta 81	1	16	U	18	m	m
real	B	m0288/Carta 81	1	17	K	26	u	u
real	B	m0288/Carta 81	1	12	K	10	h	h
real	B	m0288/Carta 81	1	5	K	17	d	a
real	B	m0288/Carta 81	1	9	K	8	i	a
real	B	m0288/Carta 81	1	14	K	5	c	c
real	B	m0288/Carta 81	1	13	K	7	e	e
real	B	m0288/Carta 81	1	0	K	25	o	o
shuf	B	m0288/Carta 81	1	16	U	18	m	s
shuf	B	m0288/Carta 81	1	17	K	26	u	u
shuf	B	m0288/Carta 81	1	12	K	10	h	h
shuf	B	m0288/Carta 81	1	5	K	17	d	a
shuf	B	m0288/Carta 81	1	9	K	8	i	i
shuf	B	m0288/Carta 81	1	14	K	5	c	i
shuf	B	m0288/Carta 81	1	13	K	7	e	e
shuf	B	m0288/Carta 81	1	0	K	25	o	o
real	B	m0280/Carta 13	17	9	U	c	q	u
real	B	m0280/Carta 13	17	8	K	13	q	q
real	B	m0280/Carta 13	17	16	K	15	o	o
real	B	m0280/Carta 13	17	11	K	18	s	m
real	B	m0280/Carta 13	17	17	K	4	s	s
real	B	m0280/Carta 13	17	0	K	18	o	m
real	B	m0280/Carta 13	17	18	K	5	c	c
real	B	m0280/Carta 13	17	10	K	7	m	e
shuf	B	m0280/Carta 13	17	9	U	c	q	u
shuf	B	m0280/Carta 13	17	8	K	13	q	q
shuf	B	m0280/Carta 13	17	16	K	15	o	o
shuf	B	m0280/Carta 13	17	11	K	18	s	m
shuf	B	m0280/Carta 13	17	17	K	4	s	s
shuf	B	m0280/Carta 13	17	0	K	18	o	o
shuf	B	m0280/Carta 13	17	18	K	5	c	c
shuf	B	m0280/Carta 13	17	10	K	7	m	e
real	B	m0292/Passage 2a	2	12	U	55	p	p
real	B	m0292/Passage 2a	2	3	K	4	s	s
real	B	m0292/Passage 2a	2	17	K	8	i	i
real	B	m0292/Passage 2a	2	2	K	7	e	e
real	B	m0292/Passage 2a	2	14	K	8	i	i
real	B	m0292/Passage 2a	2	5	K	7	e	e
real	B	m0292/Passage 2a	2	7	K	3	t	t
real	B	m0292/Passage 2a	2	19	K	7	e	e
shuf	B	m0292/Passage 2a	2	12	U	55	p	c
shuf	B	m0292/Passage 2a	2	3	K	4	s	s
shuf	B	m0292/Passage 2a	2	17	K	8	i	i
shuf	B	m0292/Passage 2a	2	2	K	7	e	e
shuf	B	m0292/Passage 2a	2	14	K	8	i	i
shuf	B	m0292/Passage 2a	2	5	K	7	e	e
shuf	B	m0292/Passage 2a	2	7	K	3	t	t
shuf	B	m0292/Passage 2a	2	19	K	7	e	e
real	B	m0294/Passage 2a	9	0	U	12	r	m
real	B	m0294/Passage 2a	9	14	K	y	a	a
real	B	m0294/Passage 2a	9	15	K	2	s	g
real	B	m0294/Passage 2a	9	16	K	2	d	d
real	B	m0294/Passage 2a	9	13	K	55	n	p
real	B	m0294/Passage 2a	9	19	K	2	d	d
real	B	m0294/Passage 2a	9	17	K	55	p	o
real	B	m0294/Passage 2a	9	18	K	14	n	n
shuf	B	m0294/Passage 2a	9	0	U	12	r	y
shuf	B	m0294/Passage 2a	9	14	K	y	a	a
shuf	B	m0294/Passage 2a	9	15	K	2	s	d
shuf	B	m0294/Passage 2a	9	16	K	2	d	e
shuf	B	m0294/Passage 2a	9	13	K	55	n	o
shuf	B	m0294/Passage 2a	9	19	K	2	d	d
shuf	B	m0294/Passage 2a	9	17	K	55	p	p
shuf	B	m0294/Passage 2a	9	18	K	14	n	o
real	B	m0285/Carta 72	24	19	U	4	s	l
real	B	m0285/Carta 72	24	10	K	2	d	d
real	B	m0285/Carta 72	24	8	K	y	a	a
real	B	m0285/Carta 72	24	6	K	26	o	q
real	B	m0285/Carta 72	24	9	K	14	n	n
real	B	m0285/Carta 72	24	5	K	8	j	i
real	B	m0285/Carta 72	24	18	K	17	e	a
real	B	m0285/Carta 72	24	11	K	15	o	o
shuf	B	m0285/Carta 72	24	19	U	4	s	b
shuf	B	m0285/Carta 72	24	10	K	2	d	d
shuf	B	m0285/Carta 72	24	8	K	y	a	a
shuf	B	m0285/Carta 72	24	6	K	26	o	u
shuf	B	m0285/Carta 72	24	9	K	14	n	n
shuf	B	m0285/Carta 72	24	5	K	8	j	i
shuf	B	m0285/Carta 72	24	18	K	17	e	a
shuf	B	m0285/Carta 72	24	11	K	15	o	o
real	B	m0282/Carta 61	68	3	U	17	a	i
real	B	m0282/Carta 61	68	4	K	5	c	c
real	B	m0282/Carta 61	68	7	K	25	o	o
real	B	m0282/Carta 61	68	17	K	4	s	s
real	B	m0282/Carta 61	68	5	K	23	a	a
real	B	m0282/Carta 61	68	19	K	8	j	i
real	B	m0282/Carta 61	68	18	K	2	e	e
real	B	m0282/Carta 61	68	1	K	17	a	a
shuf	B	m0282/Carta 61	68	3	U	17	a	i
shuf	B	m0282/Carta 61	68	4	K	5	c	c
shuf	B	m0282/Carta 61	68	7	K	25	o	d
shuf	B	m0282/Carta 61	68	17	K	4	s	e
shuf	B	m0282/Carta 61	68	5	K	23	a	a
shuf	B	m0282/Carta 61	68	19	K	8	j	i
shuf	B	m0282/Carta 61	68	18	K	2	e	d
shuf	B	m0282/Carta 61	68	1	K	17	a	a
real	B	m0282/Carta 61	67	3	U	3	t	n
real	B	m0282/Carta 61	67	8	K	25	o	o
real	B	m0282/Carta 61	67	2	K	17	a	a
real	B	m0282/Carta 61	67	5	K	5	c	c
real	B	m0282/Carta 61	67	4	K	17	a	a
real	B	m0282/Carta 61	67	6	K	23	a	a
real	B	m0282/Carta 61	67	19	K	2	e	e
real	B	m0282/Carta 61	67	7	K	2	d	d
shuf	B	m0282/Carta 61	67	3	U	3	t	n
shuf	B	m0282/Carta 61	67	8	K	25	o	o
shuf	B	m0282/Carta 61	67	2	K	17	a	a
shuf	B	m0282/Carta 61	67	5	K	5	c	c
shuf	B	m0282/Carta 61	67	4	K	17	a	a
shuf	B	m0282/Carta 61	67	6	K	23	a	a
shuf	B	m0282/Carta 61	67	19	K	2	e	d
shuf	B	m0282/Carta 61	67	7	K	2	d	d
real	B	m0281/Carta 23	7	16	U	4	s	s
real	B	m0281/Carta 23	7	6	K	12	r	i
real	B	m0281/Carta 23	7	14	K	14	n	n
real	B	m0281/Carta 23	7	1	K	20	l	l
real	B	m0281/Carta 23	7	4	K	e	g	g
real	B	m0281/Carta 23	7	19	K	8	i	i
real	B	m0281/Carta 23	7	2	K	8	i	i
real	B	m0281/Carta 23	7	17	K	4	s	s
shuf	B	m0281/Carta 23	7	16	U	4	s	g
shuf	B	m0281/Carta 23	7	6	K	12	r	q
shuf	B	m0281/Carta 23	7	14	K	14	n	n
shuf	B	m0281/Carta 23	7	1	K	20	l	l
shuf	B	m0281/Carta 23	7	4	K	e	g	g
shuf	B	m0281/Carta 23	7	19	K	8	i	i
shuf	B	m0281/Carta 23	7	2	K	8	i	l
shuf	B	m0281/Carta 23	7	17	K	4	s	o
real	B	m0293/Passage 2a	4	2	U	20	l	c
real	B	m0293/Passage 2a	4	15	K	17	o	a
real	B	m0293/Passage 2a	4	17	K	7	h	e
real	B	m0293/Passage 2a	4	14	K	c	o	i
real	B	m0293/Passage 2a	4	12	K	21	b	a
real	B	m0293/Passage 2a	4	0	K	26	v	u
real	B	m0293/Passage 2a	4	16	K	10	k	h
real	B	m0293/Passage 2a	4	8	K	c	u	u
shuf	B	m0293/Passage 2a	4	2	U	20	l	r
shuf	B	m0293/Passage 2a	4	15	K	17	o	a
shuf	B	m0293/Passage 2a	4	17	K	7	h	u
shuf	B	m0293/Passage 2a	4	14	K	c	o	u
shuf	B	m0293/Passage 2a	4	12	K	21	b	b
shuf	B	m0293/Passage 2a	4	0	K	26	v	u
shuf	B	m0293/Passage 2a	4	16	K	10	k	q
shuf	B	m0293/Passage 2a	4	8	K	c	u	e
real	B	m0294/Passage 2a	10	18	U	2	d	d
real	B	m0294/Passage 2a	10	13	K	y	a	a
real	B	m0294/Passage 2a	10	12	K	55	n	p
real	B	m0294/Passage 2a	10	14	K	2	s	g
real	B	m0294/Passage 2a	10	19	K	19	e	e
real	B	m0294/Passage 2a	10	15	K	2	d	d
real	B	m0294/Passage 2a	10	16	K	55	p	o
real	B	m0294/Passage 2a	10	17	K	14	n	n
shuf	B	m0294/Passage 2a	10	18	U	2	d	d
shuf	B	m0294/Passage 2a	10	13	K	y	a	s
shuf	B	m0294/Passage 2a	10	12	K	55	n	o
shuf	B	m0294/Passage 2a	10	14	K	2	s	d
shuf	B	m0294/Passage 2a	10	19	K	19	e	e
shuf	B	m0294/Passage 2a	10	15	K	2	d	e
shuf	B	m0294/Passage 2a	10	16	K	55	p	p
shuf	B	m0294/Passage 2a	10	17	K	14	n	o
real	B	m0294/Passage 2a	3	4	U	3	t	c
real	B	m0294/Passage 2a	3	6	K	12	r	r
real	B	m0294/Passage 2a	3	0	K	15	o	o
real	B	m0294/Passage 2a	3	19	K	55	n	p
real	B	m0294/Passage 2a	3	3	K	7	e	e
real	B	m0294/Passage 2a	3	2	K	18	m	r
real	B	m0294/Passage 2a	3	1	K	4	s	s
real	B	m0294/Passage 2a	3	5	K	4	e	e
shuf	B	m0294/Passage 2a	3	4	U	3	t	v
shuf	B	m0294/Passage 2a	3	6	K	12	r	r
shuf	B	m0294/Passage 2a	3	0	K	15	o	o
shuf	B	m0294/Passage 2a	3	19	K	55	n	p
shuf	B	m0294/Passage 2a	3	3	K	7	e	e
shuf	B	m0294/Passage 2a	3	2	K	18	m	r
shuf	B	m0294/Passage 2a	3	1	K	4	s	s
shuf	B	m0294/Passage 2a	3	5	K	4	e	e
real	B	m0291/Carta 94	2	0	U	2	d	c
real	B	m0291/Carta 94	2	11	K	15	o	n
real	B	m0291/Carta 94	2	19	K	17	a	a
real	B	m0291/Carta 94	2	4	K	19	e	e
real	B	m0291/Carta 94	2	7	K	26	v	t
real	B	m0291/Carta 94	2	2	K	4	m	s
real	B	m0291/Carta 94	2	9	K	12	r	r
real	B	m0291/Carta 94	2	18	K	3	t	t
shuf	B	m0291/Carta 94	2	0	U	2	d	s
shuf	B	m0291/Carta 94	2	11	K	15	o	o
shuf	B	m0291/Carta 94	2	19	K	17	a	a
shuf	B	m0291/Carta 94	2	4	K	19	e	e
shuf	B	m0291/Carta 94	2	7	K	26	v	u
shuf	B	m0291/Carta 94	2	2	K	4	m	l
shuf	B	m0291/Carta 94	2	9	K	12	r	c
shuf	B	m0291/Carta 94	2	18	K	3	t	t
real	B	m0288/Carta 81	2	15	U	18	m	m
real	B	m0288/Carta 81	2	13	K	5	c	c
real	B	m0288/Carta 81	2	9	K	4	s	s
real	B	m0288/Carta 81	2	10	K	20	t	l
real	B	m0288/Carta 81	2	17	K	14	n	n
real	B	m0288/Carta 81	2	8	K	8	i	a
real	B	m0288/Carta 81	2	0	K	16	s	f
real	B	m0288/Carta 81	2	5	K	20	l	l
shuf	B	m0288/Carta 81	2	15	U	18	m	b
shuf	B	m0288/Carta 81	2	13	K	5	c	f
shuf	B	m0288/Carta 81	2	9	K	4	s	s
shuf	B	m0288/Carta 81	2	10	K	20	t	o
shuf	B	m0288/Carta 81	2	17	K	14	n	n
shuf	B	m0288/Carta 81	2	8	K	8	i	m
shuf	B	m0288/Carta 81	2	0	K	16	s	f
shuf	B	m0288/Carta 81	2	5	K	20	l	r
real	B	m0286/Carta 73	9	13	U	4	s	n
real	B	m0286/Carta 73	9	2	K	12	r	r
real	B	m0286/Carta 73	9	19	K	19	e	e
real	B	m0286/Carta 73	9	1	K	17	a	a
real	B	m0286/Carta 73	9	8	K	8	i	i
real	B	m0286/Carta 73	9	3	K	y	s	a
real	B	m0286/Carta 73	9	6	K	13	q	q
real	B	m0286/Carta 73	9	18	K	26	v	u
shuf	B	m0286/Carta 73	9	13	U	4	s	s
shuf	B	m0286/Carta 73	9	2	K	12	r	r
shuf	B	m0286/Carta 73	9	19	K	19	e	e
shuf	B	m0286/Carta 73	9	1	K	17	a	a
shuf	B	m0286/Carta 73	9	8	K	8	i	i
shuf	B	m0286/Carta 73	9	3	K	y	s	a
shuf	B	m0286/Carta 73	9	6	K	13	q	m
shuf	B	m0286/Carta 73	9	18	K	26	v	v
real	B	m0286/Passage 3a	8	14	U	26	u	u
real	B	m0286/Passage 3a	8	10	K	23	a	a
real	B	m0286/Passage 3a	8	19	K	7	e	e
real	B	m0286/Passage 3a	8	9	K	12	r	r
real	B	m0286/Passage 3a	8	11	K	14	n	n
real	B	m0286/Passage 3a	8	13	K	5	c	c
real	B	m0286/Passage 3a	8	12	K	15	o	o
real	B	m0286/Passage 3a	8	18	K	2	d	d
shuf	B	m0286/Passage 3a	8	14	U	26	u	a
shuf	B	m0286/Passage 3a	8	10	K	23	a	a
shuf	B	m0286/Passage 3a	8	19	K	7	e	e
shuf	B	m0286/Passage 3a	8	9	K	12	r	r
shuf	B	m0286/Passage 3a	8	11	K	14	n	n
shuf	B	m0286/Passage 3a	8	13	K	5	c	c
shuf	B	m0286/Passage 3a	8	12	K	15	o	o
shuf	B	m0286/Passage 3a	8	18	K	2	d	d
real	B	m0285/Passage 4a	2	1	U	20	l	y
real	B	m0285/Passage 4a	2	11	K	8	i	i
real	B	m0285/Passage 4a	2	3	K	24	e	e
real	B	m0285/Passage 4a	2	16	K	17	a	a
real	B	m0285/Passage 4a	2	12	K	18	a	o
real	B	m0285/Passage 4a	2	14	K	4	s	s
real	B	m0285/Passage 4a	2	2	K	19	e	e
real	B	m0285/Passage 4a	2	10	K	20	l	l
shuf	B	m0285/Passage 4a	2	1	U	20	l	y
shuf	B	m0285/Passage 4a	2	11	K	8	i	i
shuf	B	m0285/Passage 4a	2	3	K	24	e	e
shuf	B	m0285/Passage 4a	2	16	K	17	a	a
shuf	B	m0285/Passage 4a	2	12	K	18	a	m
shuf	B	m0285/Passage 4a	2	14	K	4	s	s
shuf	B	m0285/Passage 4a	2	2	K	19	e	e
shuf	B	m0285/Passage 4a	2	10	K	20	l	u
real	B	m0290/Passage 2a	53	9	U	19	e	e
real	B	m0290/Passage 2a	53	15	K	y	a	a
real	B	m0290/Passage 2a	53	0	K	8	i	i
real	B	m0290/Passage 2a	53	16	K	f	s	s
real	B	m0290/Passage 2a	53	14	K	d	o	o
real	B	m0290/Passage 2a	53	2	K	f	s	s
real	B	m0290/Passage 2a	53	5	K	12	r	r
real	B	m0290/Passage 2a	53	17	K	8	i	i
shuf	B	m0290/Passage 2a	53	9	U	19	e	s
shuf	B	m0290/Passage 2a	53	15	K	y	a	a
shuf	B	m0290/Passage 2a	53	0	K	8	i	i
shuf	B	m0290/Passage 2a	53	16	K	f	s	s
shuf	B	m0290/Passage 2a	53	14	K	d	o	s
shuf	B	m0290/Passage 2a	53	2	K	f	s	r
shuf	B	m0290/Passage 2a	53	5	K	12	r	r
shuf	B	m0290/Passage 2a	53	17	K	8	i	i
real	B	m0293/Carta 106	2	0	U	3	t	b
real	B	m0293/Carta 106	2	7	K	7	e	e
real	B	m0293/Carta 106	2	6	K	26	v	v
real	B	m0293/Carta 106	2	8	K	12	r	r
real	B	m0293/Carta 106	2	4	K	26	v	s
real	B	m0293/Carta 106	2	5	K	22	i	i
real	B	m0293/Carta 106	2	3	K	8	i	i
real	B	m0293/Carta 106	2	2	K	10	r	h
shuf	B	m0293/Carta 106	2	0	U	3	t	y
shuf	B	m0293/Carta 106	2	7	K	7	e	e
shuf	B	m0293/Carta 106	2	6	K	26	v	d
shuf	B	m0293/Carta 106	2	8	K	12	r	r
shuf	B	m0293/Carta 106	2	4	K	26	v	v
shuf	B	m0293/Carta 106	2	5	K	22	i	i
shuf	B	m0293/Carta 106	2	3	K	8	i	i
shuf	B	m0293/Carta 106	2	2	K	10	r	d
real	B	m0293/Passage 2a	9	13	U	m	n	p
real	B	m0293/Passage 2a	9	15	K	4	s	s
real	B	m0293/Passage 2a	9	11	K	10	k	h
real	B	m0293/Passage 2a	9	17	K	25	o	o
real	B	m0293/Passage 2a	9	0	K	5	c	c
real	B	m0293/Passage 2a	9	1	K	15	o	o
real	B	m0293/Passage 2a	9	7	K	21	b	b
real	B	m0293/Passage 2a	9	4	K	20	l	l
shuf	B	m0293/Passage 2a	9	13	U	m	n	l
shuf	B	m0293/Passage 2a	9	15	K	4	s	s
shuf	B	m0293/Passage 2a	9	11	K	10	k	m
shuf	B	m0293/Passage 2a	9	17	K	25	o	o
shuf	B	m0293/Passage 2a	9	0	K	5	c	c
shuf	B	m0293/Passage 2a	9	1	K	15	o	o
shuf	B	m0293/Passage 2a	9	7	K	21	b	u
shuf	B	m0293/Passage 2a	9	4	K	20	l	d
real	B	m0292/Carta 101	17	0	U	26	v	l
real	B	m0292/Carta 101	17	7	K	52	r	r
real	B	m0292/Carta 101	17	4	K	17	a	a
real	B	m0292/Carta 101	17	8	K	14	n	i
real	B	m0292/Carta 101	17	2	K	14	n	n
real	B	m0292/Carta 101	17	5	K	55	p	p
real	B	m0292/Carta 101	17	6	K	55	o	o
real	B	m0292/Carta 101	17	1	K	2	i	d
shuf	B	m0292/Carta 101	17	0	U	26	v	y
shuf	B	m0292/Carta 101	17	7	K	52	r	r
shuf	B	m0292/Carta 101	17	4	K	17	a	a
shuf	B	m0292/Carta 101	17	8	K	14	n	o
shuf	B	m0292/Carta 101	17	2	K	14	n	n
shuf	B	m0292/Carta 101	17	5	K	55	p	p
shuf	B	m0292/Carta 101	17	6	K	55	o	p
shuf	B	m0292/Carta 101	17	1	K	2	i	e
real	B	m0291/Passage 3a	31	6	U	d	o	o
real	B	m0291/Passage 3a	31	10	K	5	c	s
real	B	m0291/Passage 3a	31	9	K	f	s	s
real	B	m0291/Passage 3a	31	14	K	y	a	a
real	B	m0291/Passage 3a	31	7	K	12	r	r
real	B	m0291/Passage 3a	31	8	K	7	e	e
real	B	m0291/Passage 3a	31	5	K	55	p	p
real	B	m0291/Passage 3a	31	16	K	17	a	a
shuf	B	m0291/Passage 3a	31	6	U	d	o	a
shuf	B	m0291/Passage 3a	31	10	K	5	c	e
shuf	B	m0291/Passage 3a	31	9	K	f	s	s
shuf	B	m0291/Passage 3a	31	14	K	y	a	a
shuf	B	m0291/Passage 3a	31	7	K	12	r	r
shuf	B	m0291/Passage 3a	31	8	K	7	e	e
shuf	B	m0291/Passage 3a	31	5	K	55	p	p
shuf	B	m0291/Passage 3a	31	16	K	17	a	a
real	B	m0291/Carta 96	19	0	U	15	o	n
real	B	m0291/Carta 96	19	19	K	c	v	g
real	B	m0291/Carta 96	19	18	K	2	e	e
real	B	m0291/Carta 96	19	13	K	8	i	i
real	B	m0291/Carta 96	19	14	K	y	a	a
real	B	m0291/Carta 96	19	15	K	21	b	p
real	B	m0291/Carta 96	19	17	K	20	l	l
real	B	m0291/Carta 96	19	12	K	2	d	d
shuf	B	m0291/Carta 96	19	0	U	15	o	k
shuf	B	m0291/Carta 96	19	19	K	c	v	a
shuf	B	m0291/Carta 96	19	18	K	2	e	d
shuf	B	m0291/Carta 96	19	13	K	8	i	i
shuf	B	m0291/Carta 96	19	14	K	y	a	a
shuf	B	m0291/Carta 96	19	15	K	21	b	b
shuf	B	m0291/Carta 96	19	17	K	20	l	l
shuf	B	m0291/Carta 96	19	12	K	2	d	i
real	B	m0291/Carta 94	6	12	U	7	e	e
real	B	m0291/Carta 94	6	4	K	7	e	e
real	B	m0291/Carta 94	6	3	K	26	v	t
real	B	m0291/Carta 94	6	14	K	3	t	t
real	B	m0291/Carta 94	6	18	K	8	i	i
real	B	m0291/Carta 94	6	15	K	17	a	a
real	B	m0291/Carta 94	6	7	K	15	o	n
real	B	m0291/Carta 94	6	17	K	y	a	a
shuf	B	m0291/Carta 94	6	12	U	7	e	a
shuf	B	m0291/Carta 94	6	4	K	7	e	e
shuf	B	m0291/Carta 94	6	3	K	26	v	o
shuf	B	m0291/Carta 94	6	14	K	3	t	t
shuf	B	m0291/Carta 94	6	18	K	8	i	i
shuf	B	m0291/Carta 94	6	15	K	17	a	a
shuf	B	m0291/Carta 94	6	7	K	15	o	o
shuf	B	m0291/Carta 94	6	17	K	y	a	a
real	B	m0282/Carta 30	4	11	U	21	b	s
real	B	m0282/Carta 30	4	13	K	13	q	p
real	B	m0282/Carta 30	4	2	K	2	d	d
real	B	m0282/Carta 30	4	4	K	2	d	d
real	B	m0282/Carta 30	4	14	K	c	u	r
real	B	m0282/Carta 30	4	16	K	14	n	n
real	B	m0282/Carta 30	4	3	K	15	o	o
real	B	m0282/Carta 30	4	19	K	14	n	n
shuf	B	m0282/Carta 30	4	11	U	21	b	q
shuf	B	m0282/Carta 30	4	13	K	13	q	e
shuf	B	m0282/Carta 30	4	2	K	2	d	d
shuf	B	m0282/Carta 30	4	4	K	2	d	d
shuf	B	m0282/Carta 30	4	14	K	c	u	v
shuf	B	m0282/Carta 30	4	16	K	14	n	n
shuf	B	m0282/Carta 30	4	3	K	15	o	o
shuf	B	m0282/Carta 30	4	19	K	14	n	a
real	B	m0286/Passage 3a	10	14	U	4	s	s
real	B	m0286/Passage 3a	10	15	K	15	o	o
real	B	m0286/Passage 3a	10	16	K	2	d	d
real	B	m0286/Passage 3a	10	10	K	15	o	o
real	B	m0286/Passage 3a	10	17	K	7	e	e
real	B	m0286/Passage 3a	10	18	K	4	s	s
real	B	m0286/Passage 3a	10	6	K	17	f	a
real	B	m0286/Passage 3a	10	11	K	5	c	c
shuf	B	m0286/Passage 3a	10	14	U	4	s	t
shuf	B	m0286/Passage 3a	10	15	K	15	o	o
shuf	B	m0286/Passage 3a	10	16	K	2	d	d
shuf	B	m0286/Passage 3a	10	10	K	15	o	o
shuf	B	m0286/Passage 3a	10	17	K	7	e	e
shuf	B	m0286/Passage 3a	10	18	K	4	s	s
shuf	B	m0286/Passage 3a	10	6	K	17	f	a
shuf	B	m0286/Passage 3a	10	11	K	5	c	c
real	B	m0287/Carta 79	38	4	U	19	e	e
real	B	m0287/Carta 79	38	18	K	26	u	u
real	B	m0287/Carta 79	38	0	K	15	o	o
real	B	m0287/Carta 79	38	10	K	8	i	i
real	B	m0287/Carta 79	38	8	K	52	r	r
real	B	m0287/Carta 79	38	1	K	20	d	l
real	B	m0287/Carta 79	38	6	K	15	o	o
real	B	m0287/Carta 79	38	7	K	26	u	u
shuf	B	m0287/Carta 79	38	4	U	19	e	e
shuf	B	m0287/Carta 79	38	18	K	26	u	u
shuf	B	m0287/Carta 79	38	0	K	15	o	o
shuf	B	m0287/Carta 79	38	10	K	8	i	i
shuf	B	m0287/Carta 79	38	8	K	52	r	r
shuf	B	m0287/Carta 79	38	1	K	20	d	l
shuf	B	m0287/Carta 79	38	6	K	15	o	o
shuf	B	m0287/Carta 79	38	7	K	26	u	u
real	B	m0286/Carta 74	58	3	U	18	m	n
real	B	m0286/Carta 74	58	2	K	7	u	e
real	B	m0286/Carta 74	58	5	K	12	r	o
real	B	m0286/Carta 74	58	1	K	12	r	r
real	B	m0286/Carta 74	58	8	K	15	p	e
real	B	m0286/Carta 74	58	9	K	15	o	e
real	B	m0286/Carta 74	58	4	K	17	a	a
real	B	m0286/Carta 74	58	17	K	23	a	a
shuf	B	m0286/Carta 74	58	3	U	18	m	p
shuf	B	m0286/Carta 74	58	2	K	7	u	e
shuf	B	m0286/Carta 74	58	5	K	12	r	r
shuf	B	m0286/Carta 74	58	1	K	12	r	r
shuf	B	m0286/Carta 74	58	8	K	15	p	d
shuf	B	m0286/Carta 74	58	9	K	15	o	o
shuf	B	m0286/Carta 74	58	4	K	17	a	a
shuf	B	m0286/Carta 74	58	17	K	23	a	a
real	B	m0290/Carta 93	16	3	U	5	c	c
real	B	m0290/Carta 93	16	14	K	a	t	t
real	B	m0290/Carta 93	16	1	K	19	e	e
real	B	m0290/Carta 93	16	0	K	e	g	g
real	B	m0290/Carta 93	16	17	K	26	u	o
real	B	m0290/Carta 93	16	7	K	25	u	o
real	B	m0290/Carta 93	16	6	K	5	h	c
real	B	m0290/Carta 93	16	8	K	18	m	m
shuf	B	m0290/Carta 93	16	3	U	5	c	c
shuf	B	m0290/Carta 93	16	14	K	a	t	t
shuf	B	m0290/Carta 93	16	1	K	19	e	e
shuf	B	m0290/Carta 93	16	0	K	e	g	x
shuf	B	m0290/Carta 93	16	17	K	26	u	u
shuf	B	m0290/Carta 93	16	7	K	25	u	o
shuf	B	m0290/Carta 93	16	6	K	5	h	c
shuf	B	m0290/Carta 93	16	8	K	18	m	o
