arm	i	longest	n_ge6	top_words	decode
R	0	10	7	presidente residente mandato curare sauoia	ircofedimpresidentemorfo_tmandatoham | npfocurarema_estitucioredihemf | harcodimhp_chesatodi_et | ncamuioamchunimochiirsauoia | etuoiuiromosequc
K	1	4	0	qiie sali	alqssaeucriasarpntlzlsz_nlepedzfec | prssqiieiac_rsduniquzlaafanlf | felqzeucfu_qfasedzeu_p | pqecauzecqfipaczqfualoeizae | pcazaiulocssaliq
K	2	0	0		qcpsfcsodsfsqolaspucsu_placmurloo | adspgslsfom_lssgpsucfoqrfapr | rlcpucsorn_prfslucs_n | aplodsuloprgaqouprsqcalguql | neduqgscrosfgp
K	3	0	0		uflcnseetisertrqicfnc_rittehcttm | tinclatst_rheralecfseusoiq | tflceetz_lsthcee_d | tlttaecttlattclefftact | duoacaefstcsnal
K	4	4	0	ardo suta	malslpictrcipazsoamrqlpq_ardocrqudret | ocplsedir_sprtaestqlizamuisr | udlsqctrut_suipdrqct_o | osdrtqdrsueoarqsutalsdeqad | omqqaetlrlpines
K	5	4	0	uare eiii remi	aurssheetgzoiemuqduepncrhc_eniuetsqcrizf | uohsseiiiezs_dmqgeesgcrequaremnc | rirscetgzro_sremiqcetg_ | usizogcizsreuuzcsrgurniecui | atocuegrzsmeies
K	6	0	0		gioqumcrroscifsfdcomc_fnszecetnri | somuqusnscrz_erfuqrcocfigetcme | etnoqcrrets_qetcnecr_o | sqnrircnrqetusircqetriocnucin | ogsiciuroqruchuq
K	7	0	0		fsqiptiftehimssampsqts_pzmfnetsdztl | metpishzhitn_ametpsisqissfdioo | dzqisftdd_idimzetsf_q | miztlsztidsmstsidsqszsssz | qflsssqtpmiusi
K	8	4	0	dise	mnadlselscnsqnogffursls_frdfeeisidsm | fcldaandnsse_gqilfaalssonmisrrs | idaselsio_aisqdisel_s | fadstlsdsaiafnssailndasnd | smctsnalsdqscaa
K	9	4	0	tolo dato futo	datolorrgetoaocpsts_urtfsfui | gloqetuetot_cfrqorstooadfomr | futosrrfr_ofoufsrr_l | ouursuofqasofratsuqsau | ldhusaqrtllosqo
K	10	5	0	patti saro atti	smfstodanrttmufplaqzfz_lqopoeczqoa | pnsarortae_ftcdlasdzftumsqtcq | qofszodaqt_sqttoczod_o | psoardzoasqapmazsqdmfcoazmo | osurzmadfpattias
K	11	4	0	teco zelo cura	qmflsehedoezmpaacurafsa_crpahstaqpde | asloopoeds_aztecoeafepmqqegrt | qpfahedqi_qezptahe_o | apdceapdqoamdaqemfupoamp | oqlcamoefsdlzelo
K	12	4	0	sara aero maes	oeacsermcnoplgflnaesa_fntgemuaetm | gscasctcmm_lnurfsaraepoeetnq | eteaaermei_aentuaer_a | gatmdratmaesgomaaeroeqtsaot | acdaosreimcnssa
K	13	4	0	fili foma	etgpsdiohedgzprtrlpsl_rfrisilmfoa | rhsaefedos_pialpdzgetmdsrr | mfpliomn_mdfili_e | rfonlfomargolmgplfalgf | eettnlgapiodsa
K	14	4	0	cole rara mera	scncnrtassdltqctraemmnrm_ameraramfesq | rdrncoleltsr_qasaocsmnttcsftcmu | fencmassfi_cftqeamas_p | rcesusmescforcsmcfscnoeomce | pspumcosnhsnqtoc
K	15	4	0	sime	segdqfmrsuqasatpplziei_pzfpfsiqfre | psdgiufuqr_tasmpigmieqasqqszr | qfegifmrqr_gqqafsifm_a | pgfrrmifrgqipsrigqmseafiisf | adrisimerdaqoig
K	16	5	0	tirsi	czfetarqssfirzungcsofao_gstnqisoqtsm | nfaetuitirsi_ussguetsofrzcqrlsd | qtfetoqssq_etqrtsoqs_d | nettscsotsetqunzsoetqszfetuozt | dcecozusftsrouet
K	17	4	0	sere rete	nctreteassereecaaupmtetm_puuatomguss | ueetrirurest_aeosirsmteacngeqpo | gutrmassgl_rgeeuomas_f | urushsmusrgiucsmrgsctnuimcu | fnrhmcistrseeir
K	18	0	0		tcfzshaiafdhoclqsadrsr_dnsaurtnat | sfszfldndhau_qoilfirhlctthudet | tnfraiatn_fthonrai_e | sfnapirnaftlscarfticcnlrcn | etrprcliqazohslf
K	19	0	0		pisnltipstlicitfaetohsth_aoprfhcs | ttlnzllisr_fcfaznhsitipciooe | csnhpscu_ncicfhp_g | nsqhsnczishncisozhi | gpsqhizsslciazn
K	20	0	0		crpcrnllngslcrtrmrsqppnp_rqmltspdnh | mgnrcsslnt_rcsrcppltrcdlqs | dpcplnda_cdlcspl_s | mcnopncdmrnpcdrpdpr | scoprpenrclfc
K	21	4	0	luce	ncrluraueeircferssspcup_ssorafspqoei | reulrlioiref_ecsuslrupcrfnqrnso | qocrpaueq_rqrcospau_ | rroeaupoerqlreprqucpolpo | ntaplucelcrlr
K	22	4	0	nata uice	uetfdrlrmtaruiceanetdn_atclqtnitme | ctdfnatarmq_trnrnetriuirpal | itetnlrmic_irttnlr_o | ctmarntmincumniruetftnnut | osanunretamfrsn
K	23	4	0	dete	cgslnraaepaalgezdetetfsrf_ettfdaisfmfs | dprnlpafaai_zlseetplefsaegcmaltu | mfslfaemr_lmalfsfae_u | dlfhefflmpdgflmegsdfpfgf | ucchfgpesrnlatpl
K	24	0	0		qnsscrseetidspntfrdrssrs_drgrelsgtc | rircsfdgdst_fpledfsessstnqscr | gssseetl_sspglsee_i | rsgtqesgtsfrntssensugfsng | iqqsnfesztcpsofs
K	25	4	0	anto tela	lantosgtidsmlfsotelaol_oedgrlfdtu | iotnzdddst_smroznlasflfscee | fdanlgtfo_nfsmdrlg_l | ndtcldtnfzltlnflasdzlld | licllzarttmszn
K	26	4	0	come meta	chsutcismucodrqefethtet_fqiametamt | qtusnuucma_romsnssethcdcacqft | ahsetismas_sacometis_s | qsmfsetmsanqmetsashpnet | scrfetnshmuoccns
K	27	4	0	cura uoce	raeqicluoiqlrafrlrhech_lrerupihcet | riciquqeqlp_rioluqohelfarclmr | ceeqhuocet_qclreihuo_o | rqegoheqcurahqcoaeaeuhae | orsghauoedirlsuq
K	28	4	0	lato	siodrlmrudnlasasacsgirg_scamitgmcut | adrdotncnlui_satrtorgilasmlhsf | mciogmrume_omlactgmr_e | aoculrgcuomtasugomrsictgsc | eulgstriudalato
K	29	4	0	arai	lgsisaerruqeagcrltusa_tualrhnaet | luasiqaqeh_ranrtirsecglecur | asirrl_ieaanrr_p | liarailgirgseaga | plagrsdsaepi
K	30	4	0	limo iiii aiii eder reda	mmiesisszdlcsmqcrfaiiii_fersrfireda | rliseocecsdr_cfzfoeziisqmmrsol | reieiszdrd_ersefisz_p | reedlziederormdierzmiueoime | pmetlimozidssgoe
K	31	4	0	iano	qiqocrgimalsgtizspsnqrn_sseioanseah | lrcoasesgao_ztamsaomnqgiqsgisp | seqonimast_osgteanim_o | oeamneaosaianosmiqleanie | oqlniamqeactgrao
K	32	4	0	mise quia	odslanhsiqchqdzriasrsnr_afisuurofc | iqnalmcfchu_rquiamlirshzdoohep | ofslrsiot_lohqfursi_ | ilfirflomidrloidsfmrdf | omrdmiseaqhaml
K	33	4	0	sfar tari uich cura cari	cuahmztarisstpuuisqcazc_sfarcnfio | szmhsfsti_iprrshrcatuucntac | nfahcarino_hntpfrcar_e | hfitrcfihnuichnruaetfcuf | ecstcurasimptgh
K	34	4	0	sanr casa caia	qinrzoiacfuoipeqloianza_liaqidcasacr | qfzrluauocd_ecallraanopiqsooin | sanraiacsf_rsoacaia_d | qraceaaacrslqicarsaingalaia | dqeailanscomlr
K	35	4	0	arti slia	izqdmltcipsletzrdestqtmt_sqetartir | epmdqasslia_detrcsaqctlrzilfqo | qttcil_qletrttc_o | eqicctiqaezitqczatz | oigctzacsidetloaq
K	36	4	0	sete	cterdoetpcieomazaaftdf_ataetirfntc | aidreseteoci_zmrpasepftoacnope | nttefetpcng_enomtrfetp_s | aetcopftcensacfenptstsft | scoofsptscrmoqse
K	37	4	0	alni	slouqortremmralnifdcegoog_deftsuger | fmoqucmmres_iaurdcurgornlsrces | ougtre_uraugtr_s | fueargeucflegurloacgl | sssaglcroleqarpcu
K	38	0	0		eqssorceamccqrhrfalsrl_raqhetclqo | hmrospqct_rccarpsalscqeclat | qssleai_sccqclea_i | hsqralqsphqlsaqssqplqq | ieirlqpaseoccups
K	39	4	0	ozio odio	nluoziorlrtmoalqacnuin_cfrcfnsfrp | tizoimfmorc_qafliolnuolnsoct | sfuonrlrsp_osoaffnrl_et | ofrilnfrosilrnosllusfinlf | etninlilurzaodio
K	40	5	0	detti itti tini nuto etti	gisiflsuntidssipnrstslt_sfnutotftr | nilfirdfdstt_psonrintssigsms | fsituntm_issfotun_a | niftetntftirnittiniscfrtif | agdettirnsctfsspri
K	41	0	0		uotnsrrnethdoqoasoatra_aomrrasma | etrsnzhmh_odrnaznnatqouseop | smtnarnsg_nsdmrarn_m | nmanamnszoansnottmzaom | musaaozntfsdczn
K	42	4	0	etre uote	laidascuotetcfanipurisr_priuearmros | itsadqetretcoe_fapqdricnalmcse | mridruomg_dmcfraru_z | idrorrodmqiaordmaiqrqrar | zlnraqimoafcqd
K	43	4	0	tara	auaosspetatscuifcneqasq_ceefpiqfeam | fsoptetsai_icetcpetqasuafseer | feaqpetafg_fsceqpet_s | feaetqeafpfuaqfetuamepque | salqupetaraocsup
K	44	0	0		gqduarttcsntlqdsoetaudru_oactrruecs | nrauqctsr_slrcoqucudtdqgetcaa | ecduutcse_uetlcrutc_p | ucsecucsueqqsuuecqdfcquqc | pgleuqqcdisaltlqu
K	45	0	0		cssrmolrgeselmsilsruopsop_rosrppqec | ssomreelep_lmgrrgpsliscqlnoet | qsrprgeqt_rqlmprg_t | sresgperqsseprqgssqps | tcdspsgsfemmlfr
K	46	4	0	gioi	szpirrgisqpagzeqeclmpr_cmdeiodqo | eprrioadagqo_qscoispgezsgrma | dpiisqc_igdis_n | eidqsdqioezqiszpadozd | nszosprqrgioi
K	47	5	0	slato forr ioro lato	mrrdraiottlaanedforro_fsdiorozsts | dtrdrqlslato_earofqrooranmzatg | zsrroiotz_rzaasroio_f | drstcoostrzqdtorzormsqos | fmcoqorettdaahqr
K	48	4	0	opre itti fiso	fgetnirpumtiqsroprelfnl_peorqhlouc | omnetgittiuq_rqhppigplfisoiaee | ofglrpuos_goiqhlrp_ | ogudplugoioulgopfil | ldlipfzuetqiiig
K	49	4	0	casi pala	izlgcrasdmreaqzapalaftlrt_lfcasistecm | arrcgleceami_pqsdllgdtlaazieafi | eclgtsdmes_geaqcstsd_s | agcmndtcmgelazmtgedzlcltzc | sintzldlmmcqalg
K	50	4	0	nati	ssqsnctdccehtaspeorasqcs_oaadimsqac | ecnszhahtci_eamcozscsqtpssqtgap | qaqssdccq_sqtaamsdc_a | sactcsacsqzscssqcsqrazssa | asetsszcqfcnatizs
K	51	4	0	uifo pone	sirmmrnaqifuifoozetrret_zponeeetqpqt | oirmmpfpfqe_oueapmaetrfisquza | qprmetnaqqg_mqupeetna_h | ompqsaetpqmqpoiqetmqairlppetip | hsssetipardqmuspm
K	52	4	0	esce meco some	ucoaeszscolzdcmulnaeteose_netolsadeeoq | loseamlolza_uddcnmaceozmcuezieti | eooaescet_aezdodesc_p | laopceoaemlceaeccosomeco | pupecmcoedzcma
K	53	4	0	mina simi	slrpornehlinalimzudotrrt_uomzeapttmn | zlropsimina_maphusphtrnilstnoq | tmrptehtc_ptnampteh_ | zpmhtmptszltpthlrgmstlm | stlshrsoandsp
K	54	4	0	tace pero	nnltesriqcdrgnperotclsc_rtaeipsclacf | esetadadrcp_gsqratqclrpnnlroth | laltciqcl_tlrgasciq_s | etaceqcactlaencctlqnlaacna | sndecnaqlscegrzat
K	55	4	0	enon reno dura	duramzgnmldclafmptuat_fpoaqotnoq | agarenonmq_llozferztumcdnmspo | nourtznr_rnmlootz_s | arocztorneadtrnzduoetdo | sictdezuulmaer
K	56	0	0		zrcldifrseafprldsrmrcir_rtsomrstsq | seidlsatafso_dpmrrslrrcflrzsfpe | stclrrsse_lsfptmrr_c | sltsirrtslsssrsrlsrrcgtsrrt | czsirrsrcosdpfqsl
K	57	0	0		icpsaocddlrcncqnetspmspos_smfetdgessfde | etloasmrfrcdg_nnesmsspcqciscrmi | sfpssddsr_sscnfesd_f | etsfdosfdssmetcdssscpefmscf | fioscmphdancims
K	58	4	0	damo alno himo	qldiaolgpqellrahdltcdoc_dtmhgsrcum | hqoaioemels_arpdoipcdlrlquletm | umdicgpup_iulmrcgp_ | himopcmiuohlciupldamoclm | qoclopdfalnoi
K	59	4	0	sanr nolo sano uece alia	sunrsanolontueceplna_paeorsals | eoasrcanlr_ctpcrnneussnqg | sanrolsh_rsntao_z | eralialrsceulrsuneacua | zsmiucnplstnucr
K	60	5	0	detti tria etti meii	teetduiqmeiigtcfshrnoeuo_hnasooraml | seudettiaiim_fgoqhtetqoeictrianz | raeetoqmrn_etrigaooq_d | setamfqoametrtstmoetrqteatota | dsfottqermdgiltet
K	61	5	0	retto etto	choetodurmgothrsrceucc_culrdqicplre | rmetoqglgorq_stiucqoucorhcposup | plocdurpf_opotlicdu_n | rolrnuclropqrhrcopuhilqchl | ncenchqurettozqo
K	62	4	0	oper	anaoetaerqtcanrsotpap_otcsefcphcqs | stetolcccaqf_crolorpaarnahastr | hcaoperqhz_ohaccper_m | socqirpcqohlsnqpohrnarclpnc | mauipnlrapqetaqlo
K	63	4	0	caft miti	uzfactdgnmitizsrdrpulcl_ruoddllhonp | dmcaftioitnl_rigrtfgltszuhtua | hofldgnhr_fhtioldg_e | dfonqglonfhtdznlfhgziotlzo | euqqlztgenaittf
K	64	0	0		ilaetscpedrpeltmrulpac_upmreecsmdi | rcsetrmrpde_mecuetaptlispapl | smaetedsf_etspemce_o | retmdqmdetsrldetslacmlm | oiqqlardsepaet
K	65	4	0	sano dona face	uuscafospsieonucldonasfa_dnhlsdraqhso | lifaceeheosd_cnrpdecpasouuqomnf | qhscaspsqz_cqonhrasp_t | lchspahscqelusacqpusrheauh | tuauepspsanolec
K	66	5	0	torta usar ouer	chlsrssernrisethezftmqulsu_tqcfelouacnm | frsrsaicisnl_zetortasrulsehcassq | aclsuernai_sasetcouer_ | fscnlrucnsaafhnusarhlocauhc | culuharlqnretspas
K	67	0	0		qeararnupoqnseznmsclarl_mcmuclmpo | orardqmqnp_nscmdrlanzeqnlcs | marlupi_rnsmclu_i | rmpflmprdeplreapmdlem | iqrfledacpasndr
K	68	0	0		ofizurlscusnqroeetrfr_oetarrpdraasa | rcziausp_qsdloilrfunoaumet | aafirrlsaa_iausadrrl_u | riasclrasiarsrialfmara | uoocrlffszsusi
K	69	0	0		mhdslazfagphmretirqtdlt_iquetadstufp | etalsogugfd_rpsziosztdmhmuqn | udstazfi_spustaz_ | etsuflztufsoethftszhdouothu | melthozdcfpeos
K	70	0	0		zqdtsossnissetqllnmado_munsmcrua | niosthsussm_letcnmhtndslqzrsp | rudtsnrr_trsetucsn_s | ntuonutrhnqtrnqdcuhqu | szfoqhnddsetsuht
K	71	0	0		araezqrsaotrretsmhqlaql_qfmrpolpfa | moqzectftap_srosceslaetrapdqi | pfaelrsapt_eprfolrs_c | mefatslfaepcmralepsracfclrf | cagtlrcsasazrece
K	72	5	0	possa ossa para	rgassetacnoetqgdeparasa_ropatcaions | possadoetnt_eqccdacaetdgrietsru | ioaaacnie_aietqocaac_r | paoncaonaidpgnaaicgsodago | rragdcnsqetnda
K	73	0	0		erltueietlriirfpaemlem_agetdmqgh | reutqgid_pilaqtlmlifreqirr | qgltmetlqc_tqiigmetl_a | tgplmgtqqrmtqlrltgqmrg | aeupmrqllduiimqt
K	74	4	0	inde	tpqesmgidetimaproquhlnqn_ulqgosnpdr | qetsesiimdo_oasiuseinqmrptpmsla | pqengidpc_epmasngi_s | qedrindepsqpdnepipqasnp | stornpsiqfdsamse
K	75	5	0	forse	nlfpgisdforselqsptseqfiq_tetpdetqetf | poigpsrtrsfet_setspqfsqlnesael | etfpqdfea_pesetqd_c | pptfsqtfpesplfqpelfctsqlt | cnmsqlsffgesosp
K	76	4	0	uile atte teme	ileattehcclanielqgetg_eqtifgctep | ihtauctce_ncfteutgealicdqr | ctegtecr_cctfgt_p | iteqtgtecuilegctleatuglt | pisqglutemeacfu
K	77	4	0	etre erra	zmusnlqpsmtmneetforulr_etoeqerraeph | slnscmempe_etretcsrunmzaiou | aeusrqpap_saterrq_t | sepcrepsacmprsamurecrme | tzccrmcuopntcs
K	78	0	0		cohpaezlsrqgzuooetselhel_sretlalarri | etqeapdgrgzr_ouassdpslhzocazon | arhpllsrat_pazuralls_r | etprrislrrpadetorlpasoherdlor | rcqilodshnrauzpdp
K	79	4	0	fien ossa noce ciel	ornfedpeicldprossagsende_aslsemehlcr | sldefcdldpc_smiacfienporohpqst | hlnfeeichm_fhplmeei_u | sflcielcfhcsrcefhirnclcerl | uonercinocepcf
K	80	4	0	anti uiso	rsrtapuqicdduisoassrps_apqfesepcl | dpatndpducf_ieiantisruosreuno | eprtsqiceh_teuipesqi_ | tpcuispctenscsteisrepnssp | rlussnirzcaiusnt
K	81	0	0		fcsqlssurastcpiiaefmssm_afciuamdcrs | islqacasr_itaaqmsspcfdsofp | dcsqmurdl_qdstcamu_e | iqcrumcrqdicrmqdcscmcc | efnumcsgrltstq
K	82	4	0	tore aato	ietgicaatoreasethpmotlgal_mtuptnlsur | peaciruarn_somriolgahetisamta | sugiltors_isasulto_s | piurqolurisrpetrlisoetgurletu | siaqletrogprcsarri
K	83	4	0	eiia pron	sslaimronicmlsqeqnpip_qferzrplfno | eiialucfcmnz_lroqulopmqsslme | lflpronlt_llmlfrpro_a | elfniopfnlluesnpllosafupsf | asetipsuosnalmcul
K	84	4	0	feti dfar faro	etfoqdrtaspurhfqtidesrodr_dslitlnrilst | ipdqfulursl_thnadfarorqfetirnsp | ilortasio_irhlnrta_ | ilsaarlsififsriafoilfrfl | etarffaocsqhrf
K	85	0	0		isseluhuetoufscztmafdsld_mfntaqdpnua | tetleaonouua_zfqhmaehdsucsipucfm | pnsedhupi_epufnqdh_r | tenuphdnuepatsudephssqnadsn | riopdsahsiufutae
K	86	4	0	dise	qnhdisetslcmssnfnemoshis_mreetatssrlz | ecidmrmsla_nstsmsshsfnqssup | srhsetslsi_sssrtsets_o | erlossrlsenlsssnhfrsnr | oqgosnshlldssi
K	87	4	0	casa coda	dgsaplqlcrpudazrscogao_surlstomulr | rcasarurpls_zutqsaqogpadmppi | mugolqlmo_mpuutolq_m | rulcqoulmardlomqdgiuaodu | mcodaqgelsupra
K	88	0	0		qszearumpcriqetarlpdosao_ldarusofaps | rcaezgarps_aimlgzmosretqfrndr | faszoumpfu_zfriaoum_f | rzapemoapzfgrqpozfmqsagoqa | fqeoqgmslpeircgz
K	89	0	0		ulsfotamiriaqlsohsecnstn_sclhmrnetliz | hrtofciliai_oqrscfnsasluetasc | etlsfnmiets_fetaqlrnm_l | hflirnlifetchlinfetlsalcnll | ludrnlcseioqacf
K	90	4	0	paca occa saro	nracmiscpetslrlitoihaaia_ohstfraaspu | teimcotstspf_ilrcooccaaslrnaslhu | asacacpas_caslsrac_q | tcspscaspcaotrpacacraesoars | qndsarocafpmlsroc
K	91	4	0	olii	caotdirsnsiiaeizrlpdp_zlhiretpplhne | isdtorhinet_eipszrospiacliqlm | lhoprsnlf_oliihpprs_s | iohncsphnolrianpolsaohrpah | scmcparssntiidro
K	92	5	0	frano rico fran	encprmceplsccinglfranocmo_rnufetosul | fsmrptcucclt_liprtppoccgnescmnet | sucpoeplse_psciuoep_s | fpulrpoulpstfnlopspncutonu | sedrontpculricotp
K	93	4	0	tero	nehdpiorzetioeritltuthpt_luctctrcr | tzpdretcetirc_ioolrdothirenrifuo | rchdtorr_driocto_ | tdcrsotcrdrrtertdroehlcrtec | npsterohiroimrd
K	94	5	0	netto allo fari etto	uarollrfoaersaqsaodsetrlet_osaenettom | aallogeeroe_ssnfogofetrrqautrast | troetfotc_otrsnetf_h | aoosfetootgaaoetotfarigeta | hunsetagfrcolsrqgo
K	95	4	0	appo	tacumpimesmrssaneouauu_nozappouczmr | aeucetszsmmp_sroinetciuamstcmof | czacupimcr_ccmrzoupi_s | aczmiiuzmccetamucciaezetuz | stiiuetiaqmrmletc
K	96	4	0	meta rome	fcnqsmzmetamifesaplrccsc_proazdecqoett | aasqnrometd_siemprnmccmefqmurr | qocnczmetqe_nqmioeczm_f | anoetmcoetnqrafetcnqmfcgorcfo | fncfrmcretqimorn
K	97	4	0	cura stre	letcmsadupaqaoetiseasursr_augednirgpe | easmcqgqapn_soiuacuraietlahur | gcrdupd_caogirdu_r | ecgpturgpceetprcuetsgretg | rlstretufpmoaec
K	98	4	0	arai aria	gnaraihcflihsndamtlail_atadcsrlcafl | dliariaihfs_srarlahngchotc | caarlcfcr_rchsarlc_i | draflafrcdnflrcnaealna | igulnapfashur
K	99	0	0		cmsgietudlirutmfoadaqsetq_daeadnsqeeis | aretigueuin_otslduglqsufmceuha | eesgqdlier_geutesqdl_r | ageielqeigeuamiqgelmspeuqme | rcoeqmulsaiituiug
K	100	4	0	feti pone	letideoufztsoretponeqrsies_ergnutslgzt | ntedmsgsozt_orfemdfsiopetllohri | lgidsufzlc_dlorgsuf_a | ndgzsfsgzdlmnetzsdlfetigmsetg | alassetmfiozronmd
K	101	4	0	otte remo mole opre more	zqttipdulsldmqcpoetpe_opremole | pspithloldl_cmruhtuetdqzmda | motteulma_tmdmoreu_r | ptolnueoltmhpqletmuqttoheqo | rzetneqhutllimdght
K	102	4	0	muta riua	lrtaqrazmioaerccsqoutru_soszaruosit | orqasaia_cermsamutacrloasos | ostauzmiop_aoaesruzm_i | asimusiaoriuaomrtlsurs | ileturmteiqeaaa
K	103	4	0	diss	lpanqulhdfsudptsiessqs_isislfssnidr | sfqnagsisudf_tdshigahsuplnursm | niaslhdnt_anudisslh_c | saidethsidangspdsanhpcigspi | clretspghidnduaga
K	104	4	0	sori mena naie meta	oeiummadusoriisqseee_ssnimetoeenap | idiunuaet_isomsuimeeuroeuzsa | eneiemmaec_ieusnoemm_r | iinafmenaieuioaeiemoesnueon | rhfeoumetasupui
K	105	4	0	slra	oisegnraetnsnqaceligl_emardlfmal | aegesqtmtnar_qsdrqsrlinnofnaef | fmislrafc_sfnsmdlr_i | asmasrlmasfqaalsfrimqlm | iorslqriaesncqs
K	106	4	0	dara ramo meda	zrrchidqfipramomedara_mdsoitiagsqo | ofhcisiqt_mpidmcdararzgtdl | gsrcaidqgc_cgpsiaid_ | ocsqedasqcgorqacgdrrpsars | zreardrnqhpsc
K	107	4	0	sale	shletltrqsclfheppoucsls_ocaptnssaqq | pstecaclq_pfnroersllehsslocr | salestrqsl_eslfanstr_m | peaqarsaqesphqsesrhldasha | msashrluqtflme
K	108	0	0		ueersccttdcqusrneoeso_refscsrodftl | stsremdfdcts_qrrmeoecuudczep | dfeeoctds_edcqfroc_a | seftooftedmstoedeafmof | aumoomestrqcgme
K	109	0	0		fcgpaodlioiotcersarqaq_aesdulqzeia | soapgcieioiu_rtllacglqoecfzohr | zegqdlizf_gzotelqdl_e | sgeinlqeigzcsciqgzlcecqce | efinqcclaiptodcg
K	110	4	0	etre ette	erehrzsiaraslrrsnpqezq_sptricuqettal | rrzrhsatasac_lusshqesreetsope | ettehqiaett_hetsltuqi_ | rhtagqtahetsrraqhetreatsqrt | eogqrseparlsish
K	111	4	0	nate	cqhlisirslfsnatetlmaqia_meeticpaesr | etlilhefefssc_tnprehraqsacssm | eqhairsu_hsnepair_a | ethesrraesheetsahrqoeeae | actraerqnslnseh
K	112	4	0	sanr	crmtzetrpldsmrsradhocfnmetn_ofshpftnqsdt | hsetztamsmrdf_dstloatlnmrarcqrlfp | qsmtnpldqe_tqrsstnpl_c | htsdulnsdtqahrdntqlrmesanrs | ccqunralmdzsrat
K	113	4	0	lena elta	lgcassrsdzlenacirmam_crsasommtsrr | asacgidsdro_nzmscigsmeltarp | tsgmssrto_gtzsmmss_o | agsrusmsrgtialrmgtslsimls | odumlisetrczig
K	114	4	0	sanr	psfaemahretrascisutsfms_utnsposonra | setmeacrnrarp_iohucahsfacspoaitt | onfashrod_aoanosh_u | sanrqhsnraocssrsaohsfcncssn | upgqsschflreaca
K	115	4	0	alsi cani nasi	rsclruniacupspenreara_nesedgalsii | earlcocscuid_ppgnnocnausrlufef | lscanilet_clupsgan_t | ecsiqnasicloesiaclnsasoass | trqasonrilpuoc
K	116	4	0	uifi sine	oaqrntsfsinsseaieqdluqtu_lfqfcpuifiu | qntnrcsfssic_eepscrsuqsiaoisllh | ifqrufsiia_risefpufs_t | qrfisufiricqaiurisaqafcuaf | topuacsqsineszcr
K	117	5	0	celar	hnesqnarlqcnsuclipasa_lplcntdaplar | crsealllqat_ucdlaeaqsnhpqopz | pleanaps_epqcldan_f | celaralaepacnaaepnulaanl | fhdranaacqrae
K	118	4	0	lete data	tmlhsietnqtfetsmegflcdlid_fcagnpcdata | gfishaettp_scqfhqdletemtetmci | alhdnqte_hetsacdnq_z | ghatuqdathgmtdhqmlpadma | ztqudmqltssetrh
K	119	5	0	desse mede mode deli esse	uesqiodelisglqcadmeqm_cdsqoctmosez | qlqsesiec_lstdcesdmeiguoirdn | osesmodeoi_soisstmod_r | qssepdmsesoeqemsodessems | rurpmedeesites
K	120	4	0	tura capi	nsplruegrqtumsfqzsaipri_aazeaoicarr | zqrlstatura_qmogsgipufsncusae | capiegrc_cumaoieg_l | zargiarcszsricgspmasisa | lnsissgpurlmurs
K	121	4	0	rapa adir urta	trapcdsecnudsruhmrlacl_ramsqelaact | mncpguaudcq_hseegpeladurtadirf | aaaplseca_padsaelse_ | mpacselacpagmrclpaerapaglra | tqslrgeascsdetgp
K	122	0	0		aeaotqlrornpleequlncmraqr_nmilrurpirz | lnqtotpiplru_ueontooralqeaplsmc | piaorrorpr_opleirro_s | loirdoriroptlerropoeaiitrei | satdretoagrtelsto
K	123	4	0	tare	meisdohoataepcsriridr_rsolmrqoi | sadsnttol_camhrnshripemqap | qisrohoqg_sqamroh_f | ssoahrosqnseorsqheicnre | fmtarenhioalns
K	124	4	0	cuoi iira fico qiie meii	rguaeqiieeerrmorflcgc_rletoqficoetit | oeauaeteif_meiirauicgerroetls | oetgucqiios_uoeeeticqi_m | ouetiicetiuoaoricuoirgletacret | mncraigiaeelau
K	125	0	0		mqdshtlscutnmgemupncqhc_unqmlfocdqct | mhsdiuqutcf_enosuidscqtgmdtenc | dqqdclscdi_ddtnqocls_o | mdqcsscqcddimmccddsmqfqicmq | oascmisqecsntzid
K	126	5	0	uoura mare duro	lmrsdlsuzflrmliieourdu_eooisduroum | izdsafoflud_ireaurllmlrlsoa | rorusuret_rlrous_n | ioutuouraimuurmreoaumo | nlstumareusrlha
K	127	4	0	etfi	oraaclsdtslshrrzfqueal_qetfissttm | fslcanltlsti_zhsdqnadasrrosssep | staadtsg_asshtsd_o | fattudttasnfrtasdraftnrt | oocurndaotchsdna
K	128	4	0	cori	dicungrtnmhrriztsourcgr_ucstaqrfcl | smgnuohchra_trqnounrcrzidfrrue | fccurtnfet_ufrrcqrtn_i | sucpnrcufosirufnicecoric | idlprioncdnrrpou
K	129	4	0	sanr sori fuat fran	suanqpnifuonusqdtzrapr_dzsqilorrsum | qpqncosonul_ofdcnfransusrnozi | rsanrifurg_nrnsorif_s | qnsuafrsunrcquurnrfuatscrus | ssdarucfahuqnrcn
K	130	4	0	iodi etto	rqsoscqlihpaqiqettouisci_tuetlssidehn | tpcsomaeaqhs_eisitmoiisqqrdqul | desoilihdg_odqiesili_z | toehiiehodmtqhiodiqsaemiqe | zraiqmishsiqcmo
K	131	5	0	haria care aria	rqaradehariamnfrclral_fccnazileceo | nhaqacarez_miidfdlrraerucs | ecrladees_ericilad_o | nceddlceeneledroclc | opdldrteqirr
K	132	4	0	etre rete acci	ofiqrsazecaifpeenlctist_ncetezgutpets | ecsrqetag_eiuenqetiapfopacci | petiqtzepq_qpaietutze_s | eqetretetqpeftqpefimettfet | sofrtfeiriaq
K	133	4	0	amia cara iira fami	roctzrriirarlfdasslozl_asndromlanl | dztceiniro_famiaecilorlrarfse | anoclriad_caranmlri_h | dcnilncaedrlcairocnelrn | hnlreiottarqec
K	134	4	0	anio fiar	eaodcufuimflasodgmaoua_gmrduipaqrq | ducdnmrmfi_olpigndiaofsaeqfcmh | qrodauiq_dqflrpaui_s | ddrfiardqndaadqiaornaar | seefaaniolclfrnd
K	135	4	0	mort	zlraqsrmoofsnpcacetlqet_acrfletroh | coqarmffsof_plmamrmetlsnzrsnd | rlretrmort_rrsletrm_u | crosmetorrmcoetrrmlemet | uzisetmmlqoasimr
K	136	4	0	euui	qseecfghscuqtsatsposco_tpnafloanho | asceeicnchl_sugtiegostqaspet | anseofghap_eaunofg_i | aenhdgonheaiaqhoeagqslnioqn | iadoqigsrheuuie
K	137	4	0	mifa anon anzi noni	qiramifazolfsiirnfpqlril_fqanaetrlnao | noimaolalfet_rsrzfoazlrfiiqnfqs | naralazns_anfsarlaz_e | naatzlaanonilanzireaolia | eqdtliozrrmsftoa
K	138	5	0	fonte fune onon	heonontplrecliugfenf_igflomzfeftet | lpnoulfltm_crzniuonfeehelgq | efeofontec_oerfzfon_r | loftinfftoeultfoeneafuff | rhdifunemtrsuo
K	139	4	0	stia	isqaucalctsmafsaeettmoiqci_toetlqzirt | etscuaummatq_efzctuaciqaasiranol | rqailctrr_arafzilc_ | etatccitaruetstiarcsqguis | iicisucqftufadua
K	140	4	0	tala ieri eria	qgldcastoasagqeieriala_eietisfoafetop | iacdcsetsaof_eotecdtalaqgqfaoi | fetldastofz_dfaetoast_l | idetotaetodfcigoadftglcetcaget | lqnagctlrocacd
K	141	4	0	tome cesi	zsnetomedlqlecsrdfcfmsnms_cmlftpslla | fqmoetilllelt_dcpdcietdsnerszeomr | lnetsdls_eteclpsd_h | fetlldslletifslsetdsnclissl | hznssidnilocesiet
K	142	5	0	rotte otte tala	faettmaolieirretalatl_raprmnlhp | rottealpl_iinaraealaefhoae | hpaelmahs_ehipnlma_i | repcalpeharlehaaqpalp | ifrclaaaptiuae
K	143	4	0	case esti	qumciltsestitdugphcfamla_hfpsmaasr | ptlicliits_dmehlceamtguqatlfc | amcasesai_catdmase_z | pcsreascalpusacaeumslau | zqraulemtsidtulc
K	144	4	0	nire etfe seri slia	lsencsifdtrsqcramses_aseritpieda | rtscnetedt_crpfaetnfeqsliasu | ieenifdir_nirepif_s | rnedtfednietrsdnifseeetse | sldtsetfeidcroetn
K	145	4	0	sero sona essa	aoiietseroetstloqessais_qsuosmfsnuea | oriiolouoetem_lsfqlosaettnetesa | nuaossen_onetsufss_r | oouemsueonloesonaiulsu | rnmslazeisetdlo
K	146	5	0	dirti suti rico adir	msctoaptiotlpdsrapsfucau_fsptrucso | ptaotrlslpor_adirtiucprsmcpfe | csctutioco_tcpdsuti_z | ptsosiusotcrpsoutcischsruss | zmlsusricoodprt
K	147	4	0	etto piit cali	eulpcalitqttletumroasilai_osqrieimqqs | rtacpftqtlqe_ettofptillmuemldss | mqlpiitqms_pmletqiit_o | rpqqetiqqpmfruqipmtulhqfiuq | oeneiuftlqcetlrfp
K	148	4	0	sime cora tate	rrqsfrsirtuasnrsimeioqro_eiamizqotate | murfscaaastz_inqrecsroqssrrtsip | taqsoirttl_stsnaqoir_o | msatdroatstcmrtostrrqsacora | orfdorcrqptfnscs
K	149	0	0		lcslitapczeaicurcrtirstr_riacpplrsazf | cetilaaazp_rilcralcrsauclsaoid | saslrpczss_lsaialrpc_e | clazscrazlsacczrlsccsraarca | elssrcacsoziiaal
K	150	5	0	molta midi lidi pali olta	aopalidisllsatpamrqmoam_mqiaidlmtiir | asapelillid_psldmepdmoltatlsqr | tiopmiditq_ptlsilmid_n | apiiudmiipteaaimptdaoziemai | ncumaedoisloep
K	151	4	0	cara sero quai	clseroquaazoslgtcara_cmqcfaimah | aresizmzoac_tsfuisuaoglciodcs | imsaquais_siosmfaqu_l | smauamasiilaasiulfmialm | lclaliuraesoeis
K	152	4	0	moda	ldctszenadqmeudisrlsczs_rosnpismoda | sqzstmomedp_uiartasceidlmesc | moctsnadmr_tmeuoisna_o | stodoasodtmsddstmadcnosdo | olposdacrdsuett
K	153	4	0	rete	etoapiepsldslpqogfrnsuaeu_rshszuhds | seipllhlpd_fqzlrlpluapgoetptsi | hapuslda_ppqhzusl_r | phdtluhdploduploamhluoh | retetuollaodiqpelp
K	154	4	0	cara feti tane neri	tiqnatfrrgefetipqhoisaqta_oschrddaecu | hgtaneecefd_qetdroenraqfpitefnsc | ecqnarrel_nefetcdarr_a | hncaracneehianeriqpceaic | atsaaierqsaetfren
K	155	4	0	fcco	tcshduioaegiicpzfretfsuf_etfaafac | feudhcggiaa_ziaochofsipctileto | shfoaa_hiiafo_u | fhaofahcfcafhocsscfc | utmfccosradiiich
K	156	4	0	suti iete dete sino	dnneorofietqsoenmsuticdnrd_tcufsldeetr | uqroesssoets_selitseidnomndeozcc | enedfieteq_eeoeldfi_p | ueetrideteesunetdeeinnusdn | pdfrdnsinoetoeolse
K	157	4	0	lete	fleltuetiaruulncdsaacec_sardeopcgri | datlerrruio_cuptseltceunlfgudam | grelcetigl_lguurpcet_ | dlristcrilgedliclgtleqreclr | fsscletetituuel
K	158	0	0		adrsasslsdhusmdoelzafrrsr_zfpllgtropdq | lhsaslupusdg_emtszlssrrsodaoscf | oprsrlsdoe_sosmptrls_ | lspdpsrpdsollddrsosdrplrdp | aaprdlsrcdamsls
K	159	4	0	erfi leuo sene	anuopegzapunarmptleuoe_plfmecerfi | mzoetafap_rucgpetgeupanarpqld | rfueegrl_rpufceeg_t | mfsgefretmnergnuofetenf | taisenetgusupfet
K	160	4	0	cala sete	uigetedoeaeaifssfsrgtr_sslslsrllos | setecalaeol_asdscedrgefiulemsc | llgerdolc_elealsrd_o | selodrloelcsioreldigilcril | oupricdgzoaerce
K	161	5	0	mence etre pare	reetrisleszlletpspeetse_ppccmencei | ssirazczlec_tlmpareetlernlfpt | ncetreena_rnllcme_g | rceaecernaeeerneetacaeec | gruaeeaetdeilloar
K	162	0	0		hrgsznsplrrrstlqcgnc_tqtssnacetlp | snzsfrtrln_raptfspcgrhecqc | etgscspler_setacsp_i | sstlapctlsefsrlcseprgltfcrt | ihoacrfpgulzsfs
K	163	0	0		sfqaalintsiafdcletotqlt_oplnrctppn | llaamspsir_cactmattqidfspieor | ppqatntpo_apiapctnt_t | lapqttpapmlftaptfqapmtfp | tsqtfmtqsaaihma
K	164	4	0	elta slia	dghnzcllrnmleguepimqhcq_ietprsqsetro | pncznametmlrr_eeslianlqhlugdslps | sethnqlrsc_nsleetsql_f | pnetralqetrnsapgrqnslghetaqget | fdeaqgalhorzeltan
K	165	4	0	paga	cqsnfeqlriaqaqseodsoseo_sgolnsorgrf | oiefnpagaqrn_easpnosqsqcrqasm | rgsnolrrt_nrqagsol_et | ongrtogrnrpoqronrqsigpoqg | etcetoqpsmrfaqlpn
K	166	0	0		zoaaarledsltocrhtefoaro_tfsheiqoqsda | hsraaosldi_rtqtoaoalcozqlef | qsaaoedqc_aqltsqoe_f | hasddosdaqohodoaqoassooos | fzrdoooadatluoa
K	167	0	0		rhsapuapdquhlgdeessps_eeadcslapo | ddpaiqaqup_gcaeiassulhrluret | lassapls_luacsa_c | daptasaplidhpslahseaisha | crntshiasapauri
K	168	4	0	lare cura alcu	fszdsmcnheumpilcairssr_cialcuraho | lesdzetuaumhu_ipncetznrsmfmli | aszrcnhn_zmparcn_c | lzahanrahzetlhrznsraetra | cflaretnsshdpmpetz
K	169	5	0	aneti isii	iiarnismaplietiseozndad_ontsdmdltau | pnrhltliad_eetmmohrmdaisiilina | ltardsmal_rliettmdsm_u | rtafmdtarlhiadrlmiaothdit | uiffdihmaganetishr
K	170	4	0	pani mira simo	hsaapsnnalrnisimosgpasp_sondrpelc | orspafnld_mirasfaapanishenfl | eaapnale_aenirpna_t | oalraplaefoslpaeasaofps | thcrpsfaatlpinrfa
K	171	4	0	opre	sraetesddcnrodfruoprezasz_rpdiszanc | prseetgoodni_ofscrgetczadursadsi | aaetzdcnat_etadfszdc_t | petnhcznetagprnzetacralgzr | tsthzrgcainefdaget
K	172	4	0	reda	ldirrrptsfmredaadeaira_ehpiqathsu | frrcmhmrsi_aeqtcrtairadltrneet | thiraptsts_rtrehqapt_i | rhsctahsrtcdsarttdihcadh | ilocadctioserscr
K	173	0	0		nocmesdqotfuoenuezsocso_esudcioqom | utsemlffoc_nuiqelmqoceonqsh | qcmodqoqr_mquiodq_ | umosqoomqluooomqqocloo | npsoolqcoeuslm
K	174	0	0		lnsesrqdrcmcqanfeupqgsrg_pqtuddrgttca | umrsecctcqcd_earrpcergsqfnltqqet | ttsegdrcti_etqatrgdr_n | uetcmrgtcetcuncgetrnsstcgnt | nlamgncrsicsaqsce
K	175	4	0	fuas uoti	rahiomoqsscmlanucsphop_cszuotipmzsl | usoifczcmst_nliqcfiqphmarmmis | mzhipoqsmd_immlzipoq_g | uizsqpzsimfuaspimqahszfpaz | grepafqhtslmrfi
K	176	4	0	casi tore	diomtraslcasifpsezfetoret_eflssnuetrllc | scrtmllaln_psuelmetoafidracfp | rlometslrq_mrasluets_ | smllietllmrlsiletmriorlletil | deietiloaltsaslm
K	177	4	0	eder uedi lede	miuaapqerzpmrtootdiad_otetqsqdferi | taauhzezprs_rqeohuedipmfpltet | feiudqerfn_ufpeqdqe_g | tuerlederufhtmrdufemiehdme | gldmheilrapohu
K	178	4	0	caso	acgfofoetciclhaimtgf_itaoqqss | atfofsccq_hiqeisfeglcasot | sgfoes_fsiqoe_et | afpefssacfsecglsc | etappcsegdoiusf
K	179	5	0	farlo sono simo	sprnacmusaqdgfrsono_fsrgcllofri | gunrpdsrsal_dlmfdpmoaqsfase | frpocmft_pfarlocm_s | gprmmorpfdgopfmcrdor | ssimodmlratdp
K	180	4	0	cire filo egli	aldrecfiaqelietgtspss_tpdgcqasldis | gardeqdqeiq_etaftedfseilaleepp | lddscfilo_dledascf_l | gddinfsdidleglisdlfldesld | laonslefcirehed
K	181	4	0	dise	tiduazfssmzeicgdriedae_iudfsnenus | dsaufmumzss_genfedzcitnzetia | nudefsn_nzeunef_i | dusaeusnfdisenidaufeiu | itsaeifdosuezrf
K	182	4	0	urin doti	pqnrltetocltsqsfmpurinli_prdmeuitdoq | mclrsldlto_fsutpstintsqpttetrc | tdnietots_ttsduiet_o | mdotidotsmqoittqnedsiqd | opdiqstnforstls
K	183	4	0	cale	rilrcnzctensihgqasmaca_ampqiuaepca | qtcrlfepenci_gsuzaflzanhirendm | eplazcen_lenspuaz_ | qlpczapclefqicalezifpfaip | rtaifzqcrsnufl
K	184	4	0	iere noie	lgscsrnoiersletltunemgsm_ueitnezmqiu | tiscseiere_lszousomgretlqraet | qigsmnoqd_sqrsizmno_f | tsiaomisqtlmsqolgmimli | foamloghcsrps
K	185	4	0	nana espe tran sena stra	stranespetcsastuicssmzrez_smucpfozquce | csenanauascf_ioetsnaetzrsutsqsami | qurazpetcqd_aqsuozpet_q | caucgetzucaqnctczaqettrmunztu | qsrgztnetrtcnsna
K	186	4	0	adeo delf infi	ndlopinaeailcgettdpt_gtdnettfdem | apoludiee_cltagulatdinfioto | fddltnaefa_lfildttna_l | ldeatdelfuetlfadmdutd | lnituadeolisul
K	187	4	0	diro	miorutfsuqliethtdirotr_tichfarcss | huturpqcqsa_etltprroimair | corrfso_rlcrf_e | hrcsarcsrphisrrioscpric | emsaripoosulppr
K	188	5	0	affet tolo lata affe	detlpsflozraffetqreehoso_htelctoatzu | ersplatafzc_rftoloofqetdafchq | atlolozas_laffttolo_ | eltzootzlaeetzolaoetgtoett | dioetomzpffil
K	189	4	0	iete fard fran	mgahendfqetnsgroiedraer_eidmtrfqc | ietehlnqm_ostfelfranrgmfnai | fardfqf_fnstrdf_s | iqlfrqfligqrffganlrg | smslrglfarqhsncl
K	190	4	0	puro	mczsopqesepccaitcrqoq_rotqaqhoel | tsoszfeoepea_icfzqpacmhpuro | hozqqehm_zhpcoqq_s | tzoetqoezhftceqzhcgofqco | smdtqcfsescprfz
K	191	4	0	lora deli	arlaqpqslzqdrcpdisgolpo_igrdsreosr | dpqahzrzqr_pdelihalolqcrasqigu | srlaoslsi_asqdreosl_a | darslorashdroaslrlfrhorr | aarsorhllcqdqeha
K	192	4	0	case rare	psocteulpnzeesmoqssgaoa_sgequurarepm | qntcczezepu_oerlscclaoemspreig | reocaulprs_creeeraul_q | qcepnlaepcrcqspacrlsoecase | qplnasclofpteedcc
K	193	4	0	dete seri essi tire	qetdsciltesciserizafrotco_aretzlooqetes | zscsdecetcieo_istaedtotireqqiura | qettdolteql_dqisetolt_ | zdeteitoetedqezeeodqtetpeteoeet | qmioeettnessiaed
K	194	4	0	etfe rete	dlfetcqretegrtlslrhiffqf_hisrecofmsq | reqcetsgsgrc_ltothsettffrsldmraia | msfetfetmd_etmrtsofet_c | retstfsetmsrlfetmtlfrssfls | cdlflstfzctrnset
K	195	4	0	suit sete	upqtnoalsflospeiacccnc_acliaecetlsd | ifntqrlllose_slarqlcoepuetoico | etlqcalsete_qetoslcal_s | iqlstlclsqetripscqetlpnlrcpl | suitcprlfstsohrq
K	196	0	0		sqceasmsahqofrrnoco_rrsetoql | rsezae_fhtmrzmocaoqsqaau | qcosmql_qahtosm_r | rsmoqzrqoqmqcezoq | rscsoqzmctehanz
K	197	4	0	laro este	nlepagdrcsaulutlestet_esalgsctfart | lcpssasars_tucdesdteaulnfaism | faetgdrf_fauactgd_c | larodtarfsllrtfdlelastla | cnrotlsdeetrpuas
K	198	5	0	sarai cauar auaro caua arai	qusoselraotletupmacmrser_msarairesaz | aoesoctstlaa_meticorslpuqelnml | essorraea_oeletsirr_c | aosaursaoecauaroeuspscrus | cqfurucsrasetltco
K	199	0	0		scmqnilheripcalttaemmnm_tertlzemgrhs | tenqnrrrihz_lpetnmmiacsgisel | grmmlhgd_gipreml_u | trhrmrhgntchmgcmarnmcr | usqrmcnmohqpisn
K	200	4	0	noce	licflzoanrnzhitdosseolo_seuoosaoeunm | orlfctnunzns_dhaastcaoztilezdeq | eucooanel_cezhuaooa_s | ocunpaouncetoinoceairutoiu | sltpoitafnfhzgtc
K	201	0	0		rrdtndiaofdsrqlsnupdnp_sulitcphae | lontaffdat_qscsatpddrrhdmur | hdtpiah_thdscpi_o | ltatpathalrapthrdrapr | oretpradgasdoat
K	202	0	0		qufcarsetlmrqhcnfsnua_fnlnsprtletm | nlacfmlmretp_crffurhqtrpnl | tlufsettg_ftrlrs_t | nfletdletftnqetftqurlql | todquoetcrqf
K	203	5	0	etfer etfe iute uiua afar	uocsdeqhrmleauiuatsqrodr_tqfaqoartfrf | amdscelflero_uaahtechroeiutepq | tfocrqhrtt_cteafarqh_i | acfrshrfrcteaurrcthuoetferuf | issruehoorsaeec
K	204	6	1	regale care lora gale	nalomosdqcmocaregaletnlmn_aetfgsdsnffqs | gcmormfmoqd_ecsdardnloranfoet | fflnsdqfr_focfsnsd_ | gfqtdnfqfrgaqnfdalfrnaf | nhtnardlaqocosr
K	205	4	0	efie	esmntqirlrgaiusoerttcmqc_tsrrddcfsrp | rgqtnlasaird_eudllnlcmiosefietts | fsmncrlrfr_nfiusdcrl_l | rnsrilcsrnflrsrcnflsmslcss | leiicsllmurtuicln
K	206	5	0	uscir usci	mrpserzeunazrslsucsprs_scfeeiscfuo | nresiafazue_lisisspzsrmczccl | cfpsseucg_sczfise_q | sfusfuscirusscrpafisrf | qmsripsuezis
K	207	0	0		orodqitscfirrcsmsaupoqp_sunmticplnc | mqdtfnfici_srcsstspoicrolinup | lnoptscla_lirncpts_l | mncmspncltmrcplsrorntprn | loetmprtsoocdriet
K	208	5	0	poeta sine	oepspetqmnfroqgessuauaapeta_aaeumhsaiefl | uretpstoeoqfh_sgsnatsnapqseoiqal | iepsamnfi_siqgesamn_n | useffnaefsituefasinepoetaee | nomfaetnptfpgqcts
K	209	0	0		nsstocnfzrsgdhdtpmtm_dpchocmpcnt | hftsmzcznc_drcdmcmgsnpepi | pcmocnpa_prcmoc_s | hcnrcmcnpmhsnmpcsicmmsc | snurmsmcqnsrsm
K	210	4	0	adda	cotqhopaddcppuoetssnrto_nasauaadr | scohqcpappdu_sudncqdtpetocape | aatqaddal_qapuaad_m | sqadmdadqacsodqadottacoa | mcrmocdtfdhupecq
K	211	4	0	raro	aetorarnardrcetzfqigsuau_isqnisueam | qrarouddrai_fcsiuourzetaerpss | eounae_oercsun_n | qoaduaoeuqetauoeetruuet | naduetuoarcrauo
K	212	0	0		essqzodrszpellsdiirsqr_dicsoettricra | ssqscczret_lptddcdrszleizit | icsrodrim_izpctrod_ | scrfdrcricserridesqccrec | efrecdslrspzoc
K	213	0	0		ihznmiafiociohuetsctlezme_clsadreais | somntcciid_etorfctfeziuhiaialr | azeafiaq_aioreaf_t | sifeiatshieafhzgteh | tiehtfzoinoint
K	214	4	0	moda cola addi	uaialomdscemraaelatgmiom_agiletmrisf | lcoladeiems_eretdadadmimaaurmrgn | riiamdsrp_armrietmd_i | laisdmisardlasmardaiidmai | iufmaddirslrmoda
K	215	5	0	larme sero arme	tsrmdhoasaiosqfsmerhe_fmaacnelaac | ihdmpaoac_qnsfpmserostlopms | larmeasall_mloaneas_i | maaqseaamlpsaemlssrtapesa | itzqespsrradopm
K	216	0	0		itsstenosrunftlampdcmsem_pcmopsmia | mretsuunp_afsspssmsnltiinhcr | issmosia_sinfsmos_f | msgsmsimtmsistsemt | figmtssrtfnis
K	217	4	0	deus marc	iepfpslcagsdeusnqrlcppc_qlmnltczmae | ngpfimsa_sdtcqifccpsueizsln | zmpfclcazo_fzsdmtclc_l | nfmarccmafzineacfzceprmicem | lirceicpaadsuif
K	218	4	0	acca	erupsoacatsrnnzelsqusq_esazopqaco | zasptatcp_nsaeaqunremsl | auqoaci_saqoa_u | zaccaqaczrcqaruaqra | uehcqraurcpsq
K	219	4	0	rari armi	cnuamspmisopanzptsatrusr_stdtmiqrrdsa | tsmaodopsi_paqisairupzncrpot | rduarmisrh_arpadqrmi_e | tadsnirdsartnsrarinurdrnd | ecsnrniudsmapa
K	220	5	0	uoilr cioe sara cuoi	cfucuoilrsaoefelaasdud_asrliptdirri | lsucsaraorp_etlasclduoefciotsh | irucdilrim_cioertdil_d | lcrrmldrrcislfrdcilfunrsdfr | dcamdfslurueoqsc
K	221	4	0	dami saui	mqpaeloaminqofqihstsdpld_tusatlduie | snleacquqoit_hflmtcamdpoiqmozs | upadamir_aofuldam_f | sauirmduiacsqidamqpaucdqu | fmtrdqcmpiefoca
K	222	4	0	reno	eflfatsiniettleelasqofao_aqmsuqohmne | iaflretmettnu_llqiarliofteehttqm | hmflosinhc_lhtlmqosi_s | lmnoiomnlhrenolhiefamroem | szooerifanfltsrl
K	223	4	0	feda dagl dere egni	eccucetegniezeqqiihdccd_ihaqtsadagl | qncucriaiegs_zaeircedceqeehs | accdtegf_cezaadte_o | qcagfedagcrqegdceecrardea | oofderecrguzesrc
K	224	4	0	paia	tirnfscqmaftpulgarrinr_grilsaruiq | lmnrpaiafq_utacgprcrifptuferh | uiirrscque_ruftiarsc_o | lriqlcriqruplqrrucizipri | otlrpcicqtfdpr
K	225	4	0	pose some meme	lptsdetmehmetlpnispqata_pqesmcaaied | shdsomemetc_ilaeposeatetnplietcqa | ietsameil_sietleaame_z | sseoeaesiospasieptfeoape | zlsoapoetrdletos
K	226	4	0	mita tete eran tsii	tsiietramncetespontz_nzsorlrtsmf | oniiacscetml_eranaiaetpsttetszf | tsiramtc_itetesrra_q | oismeasmitaosmitasqsass | qtgesaalmieetiai
K	227	4	0	tema stai uero	hlfztneadtdpellnssomfnm_staiemuttc | dntzsptpeti_sledsszdmfenlhuero | utfzmadtua_zueltemad_s | zttdmttzusltmzudlfgtsmlt | shsmlsdfcttleqsz
K	228	4	0	cara armi slia	qiafisrmidetsliaratfai_fcaramtcio | adifsetcetsia_rlmmsmasaiqtsrfn | tcarmitq_tslcmrm_u | acipmcitsaiitmiaocsic | uqpismaeiflsss
K	229	4	0	rpma late	rpmagtfreqisfpfnonldlmtl_nduorieltuqu | oitgassusfqi_neensaelmffprtfcds | tumalreqt_atfuelre_s | oauqreluqatsopqlatepmquslpu | srlrlpsemmqgfsa
K	230	0	0		tlsegadotcarttmrdplgp_mdqdeupuqos | tgesfcqcaoe_trumfsplatuardc | uqlspdouz_suarqupd_a | sqopqosuftopsutlaqfptq | ahptflnoeraofs
K	231	4	0	tito fenr dimo	rtqfenriodfnctpaiseomqem_sooirptmsoog | ideftfofnop_actistfimqnptrsnloi | soqfmrios_fsncotmri_c | ifoodimoofstitomfsitquotmto | crdmttiqsocnrtf
K	232	5	0	caule urin	cpunozcauletcspaaqosruzr_qsiahmrmii | lzonsetietch_asmuqsnurucapcmctsa | miunraumo_nmcsimrau_e | nirurinmsprnmuputisrpi | ecdrrpsuueoscssn
K	233	0	0		itcsoreqlirtgucrsfcrf_cszuendflzqd | ulrosfiziqn_grdcfsfctilps | lzcsfeqlu_slrzdfe_t | uszqmfzqslfutqfsltcqzfftz | tiamftfcmqorsfs
K	234	0	0		rpaptlrrssrupsazgiafalf_gahzrlfohs | zsltpnshsrl_augnpfarsprortaet | ohapfrom_poruhfr_e | zphofhponzpfpopafhnfph | ermofpnaeturcnp
K	235	4	0	tura ante	sznaemoetrnemczpscfoamem_faicopmhirl | cneanteiemrp_scetftnetmmpzshmqaq | hinmoetrho_nhmcimoet_g | cnircetmirnhtczrmnhetzuitmzi | gslcmzteturacmftn
K	236	0	0		iagchaptntmpsaorlusrgar_lsdmrndnq | tahcetmdmpn_rsmtletctrgpoainpiss | ndgcrtnnd_cnpsdmrt_z | cdntrdncnetanrcntagdetrad | zicraettglnhspletc
K	237	4	0	uela	unfirszqdrlscespsttlnrl_stpzqlfd | prrifallsdq_scqsafqlnseufsatc | fnflzqdfc_ffsclzq_h | pfdqldffapdlffqnal | huelaqnmdicsoaf
K	238	5	0	fauia parfa alte faui	marshialtehprdcrzuasu_rzfciauetflt | ctsrfefehla_dparfauahrmethlz | etfauialetl_ethpfuia_s | cflsaufletfcluetaauffuf | smsufaaolrphif
K	239	4	0	aper	sqoansermulsuqpesdrgponp_dgnsesrpmnmh | sunatlnlsms_eurrdtarpospqsmszgl | mnoapermmc_amsunrper_c | sanmrpnmamtsqmpamrqocntpqn | csipqtrotmusta
K	240	4	0	timi mali haro mira	qhaatposilpuetomrtarhtr_ralmosnrtli | mltaailpis_ounsriasrhpetqtpsae | tlharositf_atpulnros_o | maligsrliatimiratshzlirl | oqdgrishiiaupsia
K	241	0	0		faaofeluidlcauqsgtmmaem_gmcscsmcio | sefodcdlic_qcsugoumaluaflpms | caomui_olccsmu_r | sociumciosaimouaarcmac | rflmauapifclso
K	242	4	0	mita efei etti	oaoaefsopmufearhtscne_snttscrmtp | tmeaoiutufpc_herosioofraomfna | mtosopmu_omfetrso_q | totpiotpomitapomoaettiat | qotiaiofpaefeio
K	243	4	0	poti pura	tlqoshupenlrseflcrqr_fcaehisrtapm | esoieaepi_snsufiourqrlttdcs | taqorhuptf_otnasrhu_ | eoapurapotielprotulqsairla | trliuqmpsnzio
K	244	0	0		qthalrsutreasztulsacrrhrr_arfsusetrdfra | serlacafasrs_lzettacatrhsutqdsirf | dfharutrdd_adszfetrut_m | safrntrfradcstrradtthefcrtf | mqpnrtcthqrlzsca
K	245	4	0	rari taua dere iean seda	adieanlrcrnetzohcseda_ceahlluqarq | hcaeiurarnrl_oetucuidnzaqnier | qadilrq_iqnetaul_p | hiarrariquhriqdtaua | pasrudereetncui
K	246	6	1	soleua sole leua cene	rcsfpiugsoleuacteiozdhsih_odnighfnoet | ilipfceneuo_easocfshsutcrfurds | fnsfhgsofn_ffuanhgs_ | ifnoshnoffcicohffscsrnchcn | rthccssmopauacf
K	247	4	0	caso	ruhcasotqozoetudqiutnhsn_utitmdnstos | izsacgtoom_qetdqugcqnhodursoal | sthcntqosf_csoettdntq_i | ictocqntocsgiuoncsquhntgnut | irocnugqhoaetopgc
K	248	0	0		tidtpqrrdeqltmaiceip_iesarzpcsdg | aeptdmsqdz_mlprimdriqtcqleo | csidrrdcf_dcqlsprr_r | adsdirsddcmatddcrtinsmts | ritmriudtlqsmd
K	249	0	0		dqzsrheontdhamrlslsqrs_lltreetsqtn | rtrszpdtdhnet_maolpzosqhdqholc | qtqzseonq_zqhatseo_g | rztnnostnzqprnszqoqttpst | gdpnspoqrnsahepz
K	250	4	0	fuas rera	erolozaeqliagrsifuascozc_usfptcrq | flzolsiiaqp_igteuslecoasreracsd | rolceqret_lragtce_s | flqecqlrsfrqclreroqscr | seacrseolqogarsl
K	251	4	0	sans	stisaumucafspaentsn_aesurqncsl | usiacscar_fqmaaimntapscager | cstinumcd_icafsqnum_o | issmnsicasnicmstrsanss | ohsnsamttfaeai
K	252	5	0	aneti tane	sqduahpetlmzhaqtqiflrdar_iloqpanroole | qmauczozhla_taneticetrdhqsohglc | oodrpetloi_ohaonrpet_d | qolletrolocqqlroetqdsocrqo | dsslrqcetdluahcc
K	253	4	0	etre	uudozsetremnetauirefcodso_cserqdogsn | emszoinsnetq_radeioeodetiuugethc | gsdooregq_ogetasdore_l | eosteosogieuoogeudssious | luctouiedazaetrio
K	254	5	0	taifo stro cosi	asqdcicgaliqeophuosco_putoflotga | oacdqrltligf_qlcprqcosieaiut | tsqocgs_qiqtloc_t | oqtgfcotgqrogoqcsstrot | taiforcsrgdqirrq
K	255	4	0	aero	csmtqpqfeplcrsemasrsqr_msaerorfaqc | efqtmdeaepqr_slomdmrsprcfptsl | fasmrqf_mfplaor_e | emaqnraqmfdecqrmfcspadrca | eonrcdsaqtlpidm
K	256	4	0	aife	udsflltetsatndsrscrfslf_rasetrifqag | sllflaaatr_rnislfsfstsduqtrt | qasffetsq_fqtnaifets_u | sfaosfafqlsdffqsdsoalfda | uucofdlsshlntmlf
K	257	0	0		asatletaeclqethspteolzlz_elramzfrcn | lltarqrqetcm_theeraezetpsafetol | frazaecfs_afethrzae_n | arcsezrcafrsczafesmrrzsr | nafszsreccthetra
K	258	4	0	lode	onoafidlmsncruagczofz_acsuiohzislq | ufacmsmlo_rshdacdzocnoiuc | isozidlim_isshzid_l | usledzslicunlzidnoisczns | lodezncdoalasqc
K	259	4	0	mane	tiqzmletsrilsasetcnimn_etcmeeancmse | rmzqdimilse_ssatetdqtnilatcltcl | cmiqnetsch_qclsmanet_s | qmsitnmsqcdsnqctiamdnm | stuindtiqszsldq
K	260	4	0	erto	nerlsamrfgsmleqiocsfcrac_cfooraceofn | ogaslzsosmf_ilaczlcrmqenemsf | eorlcrfep_lemloacr_e | olofacoflezoefcleertozceo | enracezrufslmizl
K	261	4	0	tene	amfenecdshtqcrmisdrqfeq_nddfqinhz | dteneqnqchf_srsesqfcimaicpo | infeqdshio_eicrnqds_ | denhtsqnheidmhqeismfunqmn | aptqmsfahnrcce
K	262	4	0	seco pose coie cose lodi	posetinlaciosliopqragfosno_afratlodir | ronietcsslit_qilcacetcoslpopdlrfe | dsetoacid_etdliloac_s | retiqcoietdcroioetdcosecoo | spqooccstiiilscet
K	263	4	0	piti nani	nfropitisnigfsllemupu_lmafluraih | sporananiif_lgltlartuisfnrimms | rarutir_rrigalut_o | raiotuairrafiurrtfqaaufa | ondoufatciogizar
K	264	4	0	coft tore	rafgtlretcerloaqmdoato_darrtotach | etgfcrarlcr_qotetcfetoalartlpdn | taaforetctf_ftloatoret_e | facsetoacftccoftetaiacoa | erlsocetalcgolscf
K	265	0	0		arqctormdgonroealpuqu_aphercuphde | etceghgod_oncmaecmuqorapofpr | phqcurmdp_cponhcurm_c | echdzmuhdcpeerducpmrqmheurh | caizuremqidtnoaec
K	266	5	0	toilo elfo auif iofo uifo	strlcliduoagietsqemsirli_mfedciofoet | ealclqgfgioc_qeumqluiristsoinh | ofrliduoop_loiefidu_s | elfoauifoloqetoiloutrifqitf | sszaitquroceieql
K	267	4	0	malo	shgrmismattnheteiqlrgir_ilosfprloac | timrntotaf_enpminrmrgethslzlf | logrrsmalo_rlnoprsm_s | roarmroarlnharrlmhgsonrho | sserrhnmgsamnnr
K	268	4	0	etre lira dura tola	otulsialacetirtngdcezisi_czrdarsirat | dcsluoetretiar_grslcouliintoiczh | ruialam_uirrsial_a | duraelirauodtaiultroitr | aoieitolaalriqou
K	269	0	0		fgnqsrdrohsmdcgilrdsunru_rsqlrciupqhs | lsrsqrmqmdhc_iciorrqoundgfpdsc | pqnqurohpa_qpdcqiuro_s | lqqhoouqhqprlghuqpognlqrugq | sfeougronphscdtrq
K	270	4	0	tare teri	sriqalegpearretlfmuilu_lmddrutdga | plaqqedegd_etarelqqeuirrstcms | tdiquegtp_qtadrue_o | qdgeudgqtqrguqteridqurd | oscurqeigaaiqq
K	271	4	0	tout dete	ucdetoutsefdtclsqcredue_qrlsszoenlfi | sduoetpltfz_oeqpeteedtlcunter | nldetesefn_etntloese_a | setlfieelfetnpscfeetnecdalpecl | ausiecpedmfotgpet
K	272	5	0	maela arch	qculiesmnseaciaqodrruir_orhqeirohmt | qnilashseme_aaisoalsrueicqoesrt | ohulrsmo_loeahirs_o | qlhmsrhmloaqcmrloscumharch | oqcrcasupmaelal
K	273	0	0		qsttqrufocdrpqialgcsq_gluaocos | lcqtteddroa_apofgetfsriqcrht | cstufocn_tcrpouf_d | ltosfotcelqotcfqsmeq | drsqefsrotproet
K	274	5	0	petto tito etto cesa	zrlitfcstpngcerucesaolfo_aiesfaooips | enftigigcpf_ceatitolcurzocras | oiliostpoi_ioceiaost_l | eiipettoipioerpoiotrluiori | lztetortlopteci
K	275	4	0	part	qtmopartrmelrtltouaesmas_uefotcisdfms | oeapohlflrmc_tiruhorsmrltqdroec | dfmostrmdq_odrfistr_s | oofmdrsfmodhotmsodrtmifhstf | sqgdsthrmmpretho
K	276	4	0	pace eiia attr	sdceasiceiiadqgotahpcsp_thaocettppaes | oisaeraieet_gattrepciqdspiuho | pacepcepu_epiaatpc_ | oeaerpaeeprodepepdczarpda | slrpdrcceaaire
K	277	4	0	part	noapeaazrteqodtsross_sofaglscfzi | rpartftezg_tqlasraasedoncemoi | cfasaazcr_aceqflsaa_c | afzoasfzacrozsacaotfrsof | cnuosoraszpqeara
K	278	4	0	iter	ddzsitercatpeldnsetmazta_etmrinala | ttissppeai_slncetsscazenddleomf | lzsarcal_slelnarc_e | saucaaslsdaaslcdzasad | edpuadsczcaileoss
K	279	4	0	aife	lzcfisqlaaasoztampqsci_psumqemtuai | maifeauasae_aomlpelcstzltsts | tucqlatc_tsoumql_d | muanluatemzatlzcuuezu | dlinzelcetafosre
K	280	5	0	adire adir dire	asectqisprrgitslqiteceqc_euispscdurs | irqtcngugirp_qtspncpceilsadirea | dueccsprd_cdituscsp_a | icurpcurcdnisrccdpseduncsu | aacsnpefrttifnc
K	281	0	0		oftccptmdocsicqlslfc_llpqpragpm | qdctetopocmr_csatlettfciogcals | gpfptmgs_gcspapt_m | qpmhtpmgetqmgtfrpetp | morhettfdmtscoet
K	282	0	0		tompmuoidnoaoaallulrmur_llfliicrcfdq | lnumprfodi_aaclrprmoaotcolc | cfmpridct_pcoafcri_p | lpfdtrfdpcrlodrpcomsfrrof | ptntrormrdmaorp
K	283	4	0	cose lima	soszmceiirmocgraoepszp_aerrcoqpetrim | rizlrrrmio_gqealepsmcosetmne | etrspceiets_etmrqpce_c | rrieprietlroipeteosfrlpor | csupoleslimal
K	284	5	0	siete segli tema pili rete	crolieseglidzrpili_retemaiqetee | glorqletliem_dasrqrsiizcqisf | qetrieseqm_rqidetaies_u | reteosieterqqeirqssetqiet | ucnoiqsueodiaqr
K	285	4	0	noui uice cefi	adgmplctnuqdroinsoigli_nouicefifuna | iulpmlquqne_oftnlmtigrdafol | fugmictnft_mfufict_t | imunctiunmflidnimftdgrulidu | tacidltgpnpzlm
K	286	4	0	sato erta	oloectrdsnutrldiqlsatoct_lasqrahtpssc | qncequsutsa_irhdlqdtotdloptmar | psotrdspn_ptrshtrd_ | qssetdtsspqqlstpdlossqtls | ouettlqdomsertaq
K	287	4	0	ante nano done rato tono	tonofmaldfutstrislnon_ilmrmaanrmld | rdonemfla_tuaaienanofstrfplp | rmonnmalro_nrfumanma_r | rnmlaanmlnrertlnnratormentm | rianteaoeloufen
K	288	4	0	lafi ioro fira caso	ofzaaiclipifoapstomrfar_tmqscrrcqlg | siaazapqpilr_pftazrfiaocicmn | cqfzrclct_zcifqrc_h | szqlorqlzcasolrzcofsqaroq | hioroafqlafiraz
K	289	4	0	sime fiar opra mera	acpdffmreuufniniqtsacfa_qssimerarsed | iufdpousufee_nnrrqopracfiarflsm | rscpamrerg_prfnsramr_s | ipsecraseproieaprrcsoas | saocaorctednfop
K	290	4	0	uita mire	toemoazreihzpoqugafpieai_apagriuitas | giaomdhahzi_upueadmeiezqottzcp | taemiretq_mtzpauire_ | gmaseiamtdgoimteoemadioa | tssiodeenopzndm
K	291	5	0	quefi mate esta fida	aquefidaaiedoqqmdafuif_dasmatetfrsl | miifenesedt_oetadneafudqqardgat | rsuefaaro_erdosetfaa_c | mestafsernmqferaquhsnfqs | captfqnaufodrne
K	292	4	0	dira	izpldiraufrietzsscgssfpdf_gsccrqhficuo | cfdlarcriuq_sethagaafpisziiiqsr | icpfrauim_iietchfra_ | ccutafcuiaczufiazpcafzc | irtfzaaptuletiea
K	293	4	0	efii etti ance	fcdrodutgaoscftuesnrn_usettdnnqetts | tgrdaaetaotn_suuaunofcfqomsc | qetndutqh_qosetndu_e | tettiunettqatctnqucaetancet | efiincaurtdsoca
K	294	4	0	tout	flamothelqhilesgzruatu_grtseesuftn | sltomcqtqhe_eisgcmuahlffhrc | ftamuefs_mfhitsue_o | smtoutmfcslumflaltcult | ofdoulcaetoihccm
K	295	4	0	eifa mila mafe fran	rfchupnaounnfooisqpacpa_spmilaamt | iopuheumun_onlasehaacnofranspr | amchaaas_hannmlaa_s | ihmmaamhaeifahaafctmeafm | srlmafeaccunndeh
K	296	4	0	uece coro uolo	leralsdoqesltqofesels_fecoufsocor | oqlaruecesou_qfdfurdsestlosaea | ocersdoos_roscfsd_i | orcozdscorouolosrodleicuslc | ilzsluderoastur
K	297	5	0	fiati fiat atii	rciuchdiqrqhmfsartsccs_atosdnfsaoqi | srcuitqoqhqn_fmfiatiischrahet | aocisdiqat_iahmofsdi_a | sioqsisoqiatsqsiaiczotso | aretssticsqumhti
K	298	5	0	massa cohi faui moia some	asmomafoctaussgnsrphmmh_spinfpehfic | ntmoiacp_gueosohmassafaspe | fimhfocfd_fauiehfo_i | nicohicfnschfosmoihsi | ianhsometcouaz
K	299	4	0	fils etfe etfi	sslfapsfencasstulngetlpet_lgrfhetirnc | cpaflarasnh_uellfeetlstssiseg | irlfetfenim_fisretfe_z | frnueetrnfilsnetfieslcrletsr | zsauetslelonasalf
K	300	0	0		dlmtpzancrptdcspftf_cprdzmeflrno | dctmletrrrpnm_teacetlafpdlphpl | lrlfzanlo_llprefza_a | dlrniafrnlletdnfllasretfr | adnifetasnmpsetl
K	301	5	0	giura sera eria	frurusqaamssrhfemeiausa_miieqocagiao | emsurssisao_fscamsraauhrfgtit | giuraqaaget_rgsicaqa_r | erianaaiargseraargarudisari | rfpnarsauoaussr
K	302	4	0	fata ueri care eria uita	nstaeqascersihqrsfataa_rfiqauias | qsadcicea_hrqrdqateisnuelfl | uitaqaun_ueriaq_p | qiazqaiaudqsaauqstcidasi | pngzasdqtcareod
K	303	4	0	iete salu alti	itfhsaezlnsaltlsetsrrfsr_rieteumroile | etnshtsisalu_slmztzrfaltioamrp | oifrezloo_oalimrez_o | etildzrilotettlroztftitrti | oipdrttzfalhlaut
K	304	4	0	alei tale cura tire	ccincuratraungslodsccs_ldarztsrath | rcnieaaautz_sntaleiascugcrupdi | racisratro_irunatsra_r | iatasatiretsiracdaesa | rcuseacmtnnusei
K	305	4	0	reni	ioaelsaplrauauocasfrsmasm_fscspmqmncr | sasleiucuarm_auqlfielmaacoinarset | ncaemplrnp_enaucqmpl_s | secrqlmcrenisormenloahcimoc | sioqmoilaerluagie
K	306	4	0	sont gato etto	mgtoetcopazacegslsprtttt_petsontuetae | szteoiaetaca_lenppiopttcsgmucsf | uettotopaum_ouceetntop_n | soetadptetaouisgatoupgtsetitget | nmadtgiptuaeecaio
K	307	5	0	seppi sans	fepnccrzsdtcreesoqlipci_iqzeteiridg | qtccnacicrdet_oeesansiprsefrro | ripnizsdr_nrreieizs_u | qnidnsiidnraqedinrseppiaiei | ufrnieasptdcerhan
K	308	5	0	nonui	nmadctoitistlsqtcqrumcu_cretoeiufetz | ticdasestte_qliicaiumtsnftrs | femauoitfe_aftleiuoi_ | taetniuetafttuafimaeue | nonuimstdltra
K	309	4	0	maii	amchosiqrluinmsfdtedocso_tddloirg | dlsohsuuirl_fnqtshqocismaiird | ichoqrie_hiinoq_o | dhruqorhisdmrohiqmcesom | oatuomsqclroniash
K	310	0	0		usrnezamcspzdssgtqraeteet_qatalsetdc | tsenrlppzcl_gdsmqlrmetzssudzsar | dretamcdf_rdzdsetam_n | trcemetcrdltscetrdmshlets | nueetslmicndzqlr
K	311	0	0		uqitltgetaeqrlnaohaita_ahrngfoarrp | natltorf_leoetaotetairqurphs | rritagetrz_treroaget_r | ntrietartronqatretqidroaqr | ruliaqoetidleot
K	312	4	0	eron lodi	rsfdacitlodismnrpatgfcg_ptrusgllt | rocadzddilu_nstpzdtgfimsrlictf | lfdgtlls_dlisgt_e | rdlntgldlzrslgdltsfetzgs | erongsztfqlailzd
K	313	4	0	rosa	cnedrozmmdoictgrosatnrt_oaarzsatamet | rrdefdadoms_giamofemtnotcooas | anetzmmi_eoiaatzm_u | reamamtamefrcmtemcnqaftca | utatcfmnemdioefe
K	314	4	0	ossa	nossaflrnrdloculirsfr_uirritruro | rfasqdrdli_tnuqsnrslconulfie | urssrrnut_sulrtrrn_ | sretnrrsuqorsunosqrqror | neetroqnsgaldqs
K	315	4	0	sigi sete egni	tsrrsniimfsqslasapogrg_aoesnprgeid | smrrsfefsip_aqriasigslstszoe | egniin_sqergni_e | seihigeisssigisetesgse | etahgssicirqsus
K	316	6	1	talora lora sire saro	eoqanfmemsmrooletccrqfr_etcsliirtsr | lmfnaasssmi_rieetaaerqmooetmocs | tsqareti_atmrsire_h | laszersatalorateoqssaros | helzroaeqdnrmaa
K	317	4	0	ette conf	uitrozostomoeiiuaenfstzs_eflasqtsclom | azorlmlmooq_uettelrtstoiiuconfs | cltrsstocf_rcoeltsst_ | arloptslorclaiosrctitqllsil | ugpsilttrooeoelr
K	318	4	0	mate	atculfrdsfraioupsrstls_prlurncsmldi | ulucislsfdn_orcpicstfiamfetrr | mltcsrdmm_cmfrlcsr_d | ucldsldcmiuadscmatelisal | dfsaitqdurfqic
K	319	4	0	seco acce sori remi esse	gaaseosecooacceaiunaen_aureminsret | ecesorooem_cisassnaocagsofut | srasnsesa_ssorins_n | esrehsnresseaensssaadrnar | nglhnasaueods
K	320	4	0	eifi fida	tesipdhcfedttetlsoopepp_soolhtnpmofr | lepisuodft_etncsuscpedttmdfoc | moesphcfmm_smdonphc_q | lsofrcpofsmultfpsmcteaoupto | qcrptuceifidaus
K	321	4	0	lora fauo	pdmahoeaoqsseudnearlpfmof_rpraanlfurq | asohasrseqn_euloraofmendpueip | urmafaoquz_aueurlfao_e | aarqtofrqauadqfauodmcrfdr | epftfdomqhuesa
K	322	4	0	quel uele	suennarrqszpriulohieai_oetlrfoiqetst | lzannpetprsf_ioqonqierusqrfe | qetenirqsqd_nqrietoirq_d | lnetsiqietsnqlusinqqueletiuet | dspiiuqeusnircn
K	323	4	0	isig esce	aatmnqrescetrlaoisigctqc_igusepclus | scqnmaetuetrs_ilpiamctroaalrsgd | lutmceslf_mlrlupce_u | smuszcusmlasascmlatmuacau | uatzcaatcsnlram
K	324	0	0		zpalusrtclpatueqfaf_uqstsofrsc | ttulrcsc_alorurlrfapzrqqe | rsalfsrrm_lrlsofsr_n | tlsgrfslrrtpflrrpansrfps | nzigfprradularl
K	325	0	0		acelilscqftzsmcthsmelm_srcrlmsrfe | tlilazrzsfr_mlqalqmestcasscsd | srelmcqfso_lssmrlmcq_i | lrfqmrflsacfmlsqceeramcr | iarmcaqepfimsaal
K	326	4	0	dera	aircecmsrhiqalriei_lrtcmoidtsz | recrltsm_ahomllrmiqiadera | dtricmsdf_rdhtoicm_f | rtspmitsrdlisirdmirtliit | fagpiilmaschplr
K	327	4	0	alla	pacterlzsqeairnetoto_ndrrsrodzf | rstclqdqezs_rlnlloeiapecq | dorlzt_edrorl_l | rdzalodzlrazoladdload | lpfaoallazcetl
K	328	4	0	dils	dpelidsuhrlaspcfpmedm_fpeusqmreri | ldilsaeasrs_qhfslhmescpdrsips | reelmuhrrs_lrseqmuh_a | lerrhmerlrsprmlrhpeesmpe | adfrmpshetriscsl
K	329	0	0		nmdetlaetttllnpsdocifmtf_oidarrffe | dttedpttlr_slretopdetfmlpnflris | fmdfaetfh_dfllrfaet_i | ddoetfdfpdnfdfetnmpfn | isofnpetmmellpd
K	330	5	0	uesta elio seri esta	slquueqrcuestasahtoluo_atlserioalrc | suqrclcurr_aeiqarqqolutsautt | allqoeqrai_qauelioeq_o | sqlrsqolrqarssroqaqslelrosl | ossosrqlpreunrq
K	331	4	0	mano	ermzrlsgleltrcthadprmr_apnhsporsns | hlrzoenelp_ttogaozgrmlcresldps | snmzrsgso_zsltnorsg_ | hznagrnzsohrrzsgrmanorrn | earrogmetrtloz
K	332	0	0		haetgnleemgqardmcstqq_ctsmnirqtsef | meetamsmgei_dqrlcalqgrahtgttd | tsqnletr_tgqsrqnl_ | msellqsetamaeqtlacsaqas | hplqaalseetqgpa
K	333	0	0		nrlprlqearmrdifiott_foalcttsaqz | epleaaarqc_imtfeltrdrnsrol | saltlqst_lsrmattl_g | laqrtaqlserqtlsroaetra | gnsrtreetqpmruel
K	334	4	0	mada tace	inrlsacrsodacnoetharrsr_taceclnrmcs | eosltdcdasl_cnrttlrrraonimadaf | mcrlrcrsmo_lmaccnrcr_p | elcsetrrcslmtensrlmrnrzctrnc | pietrntrriscatl
K	335	4	0	foro fira	qgfirarlqroosenptdid_ntteashdmtrf | elifgzqtqrrs_sohnzgdroqmrutl | mtgdarms_gmrothda_p | egtridtrgmzerdgmetzdt | pqnidzcrforozg
K	336	4	0	tuto pari	ezprtutoatetuizmocsqupt_succtosccae | cttrletcetuao_oisoslopumzecueus | ccptoacr_cuicsto_r | ccahocaclczacozpfclzc | redhzlopariull
K	337	4	0	star esta perl mont	maclddpmzetpaotetipqtcdt_iqletmontles | ettddlrlpeo_tnzirlztcpoampiqf | lcltmzeo_lplntmz_r | etllesztlelretaetlzaclrtal | rmestarzcuedperl
K	338	4	0	tiri atti elle	ptsicetrduegsroilztcz_iloqpzqrm | odcisauuerq_rgptiastztespqelle | qtsztrqf_sqegpzt_f | osrutzrsqaorzsqttraz | fpetuzattirigelas
K	339	0	0		cafmmsaethsnsraiaosrgfmg_oruaargquhs | asmminunsh_irretoietgfsacqstrn | qufgaethqd_qsrurgaet_t | auhletguhqiaahgqetafluigau | tcolgaietfdhmrsoi
K	340	4	0	paro	ampechcdgmrheltzitmct_iotceettlogu | tmceparorhge_letdapdtmhealhiii | lomptcdglq_plhoettcd_ | tpogrdtogplatgtpldmroato | anrtadmfgehtap
K	341	5	0	torna fian	fianrrcmromrdfaethetanirn_hactcgntcrc | tornamcmrrg_edmhamniraftruaa | tciancmrts_atrdcncm_i | tacrpmncrattfrnatmfiucnfc | irpnfmirndrqa
K	342	4	0	tara auec maco naue erto	aertoqaghoamsnilutu_ilnipuclac | ngtrefhlhoai_sapqifequomacoqr | cleuqacs_ecoalpuq_s | nelaqulaecfnauecqnlful | sauufqtaraopfe
K	343	4	0	suoi efia cefi	cizuradqgisldiinetsoatfzaf_otosqtpfmoid | ssarualoldit_etipgoaugfzdnicmdtc | mozufqgimr_umdiopfqg_s | suoiegfoiumasiifumgizroafio | sccefiagzfiridnau
K	344	4	0	cour dara	fsetlsdaradoslcagmapetsp_gaaauphq | aslpaad_courgprpetdlsfhdcae | hetparhs_hdoupar_f | arrphpasphrsettpps | fftrpspretrlodup
K	345	4	0	lofi foto	oilqicsoruocdoemerqfiif_eqtscifgtru | uiqltotocrc_mdioetloficeogcqm | gtilfsorgl_lgcdtifso_s | ltroftrlgtorflgooihttfot | safotoisrqdcttl
K	346	4	0	efti atti delf	airouclctzncairpeqdtut_edelftpetg | zuorfnenct_pafcefrctcriapcsds | pertlctpi_rpcaeftlc_e | rettctetrpfittrpciieftie | eaattifcntoaclfr
K	347	4	0	esto auro sena uoce	aurollqaepthqoulunssedrld_senaicdpr | ntllothhqpi_uocestoedrqluaqie | rodaeps_oqocdae_et | nopdedpotnupdoeuratdu | etasdduterploqzto
K	348	4	0	armo	cnslrrripmardnspaeazsrs_ezharmoslhpf | amrlsaharpm_pdoiesisrsnclrqz | lhssriplo_slrdhosri_s | ashpdishpslanpsslinihsnh | sctdsniipldrgs
K	349	0	0		azcurnurohdntzgfsteece_seofuetleooos | fhrusdodnoet_gtlrssurecnzaonpes | oocueuroo_uontoleur_a | fuooreoouosfzoeuorzcaosezo | aadezsrcnortnlsu
K	350	5	0	tocco coie noto	otretsncquenptoccoalrl_ouctqlauqe | cusetieuenqt_cpqcoietclrnotoanls | auretlcqar_etanpuqlc_i | cetuqgcluqetaictqletactrauiltu | ioglticrfqspneiet
K	351	0	0		emoqluilrcudghsartfmlf_atusilfqurs | sclqopuur_hdllapolfmugequtt | qumofilrqa_oqudulfil_o | sourmlfuroqpsrfoqlmeupfu | oesmfplmorqduapo
K	352	4	0	fait nata tofa efti	uiqomritpsaiirnatautqrt_tuatet | asrmofaaie_nptfoptqiriuizuc | qottpo_oittp_o | aolptofaitopiqefti | oueltifpqgmisfo
K	353	4	0	tana fede	flmpidaonlmdulrgtqzcmic_qzataloceanc | tliptmamdnl_guooqtocmdrlfedezu | eamcaone_eduaocao_r | tanaocanettlnceolmaatcla | rfsacltominpudst
K	354	5	0	moifo	osrtiscodcsuretdorio_dpetssroepa | etoitqdpds_rcrcdqcorusoeaa | eproscee_ecprosc_m | etpfcopeqetsoecsrapqosp | moifosqcrztctq
K	355	4	0	none uena uada tera tnon	dqontphgsptfsuadaqta_adeuhmracesl | utnonepsm_strganogaqpfdcpzds | ceqoahgscs_ocpterahg_t | uoesagaesocnusaocgquenae | tdcaangqlsntpsno
K	356	4	0	uali cera	nealsdcrrailcreqoituacadc_tauirfhcua | iidsllulcaf_orhrtlrcacqencras | ualcrra_lcruhcrr_g | iluasrcualieaclreasuceu | gnisceraetasrcll
K	357	0	0		ulcoapasdlroaslrfqusqcpq_qsmfsogqtmlz | frpaoeomoalo_rsgdqeodqcalutasi | tmcoqsdltr_otasmgqsd_h | fomladqmlotefllqotdlcsmeqlm | huraqledcnlasaeo
K	358	5	0	farlo cote	tesnquerfsueezctuoclql_ucotepllrofi | tsqnsdoufp_celrudsrluzetrulcet | roslerfr_srueoller_d | tsofarlofsrdteflsrreiodleo | dtfaledrfneumds
K	359	4	0	mate chei	spamfnqistntpsodaascfc_asedqgcheia | dsfmatetnig_otaacnspshnisr | heacqihc_ahntecq_et | daeisceiahdpicahpiecpe | etslscpcimtnza
K	360	0	0		pslezrmgtdrrpuqisosfszf_ssimtcfpt | izeletddrtt_qrcgsetlgfsrupprasr | pslfmgtpe_lprrcfmg_h | iltrgftlpetiptflpgpsnetfp | hmrfpetgstterrqetl
K	361	5	0	fiara uale fiar tiro rato	lsrifptuoathseotncaetrpet_nartualetdror | tpfiaratoa_ohlnietrtesldtia | drrietuodu_idthrletu_z | tirocetroidtsoetidsrrretsr | zldcetsrofhtmi
K	362	4	0	rete fiia	remntirsfiiaeacrommt_mhrrpuchfs | ritndhifp_causdsmiaercismd | chmrsfco_ciahurs_o | rhfshfcdrefcsemuhdeh | oretedsmcfnaiqd
K	363	4	0	tete	uetstaelahpcnlcetoosnltset_slzoaqstazp | oceatenznlpq_cshsethtsloetualrla | azsttahpad_talczstah_r | otzpmhtzptaeoetpttahetsqzetetz | rufmtetehslpacliet
K	364	5	0	cento refo ento arno	dftnieuaocetqusfrteafaetee_aaoeaietocs | eeteinrqoquc_tsioarnoeturfdtuqap | totneaoctz_ntusoieao_m | enocloeocntrefcentoftporefo | mdslefrotscisucrn
K	365	4	0	loto haro colo fcor	fatmncoplrteoladiaqotco_iqopetocor | tcnmheoeoret_llihmlotodafcorqu | cotmoplrci_mcoloopl_ | morsloormcharomclatmohoao | fesoahltfrnlonhm
K	366	4	0	meii	zipeoiamsrniczdsghceioe_hcigarqeiss | groepfninisr_scqmhfpmeiidzimc | iipeamsc_piciqeam_u | gpisdmeispfgzsepmzietifezi | uadezfmipseciofp
K	367	4	0	sole esso	osretmielnraseesscapdftrit_pfralttlrra | aaimetdsrsert_cenpdetntressoleffg | lrrettlnrli_etleertln_ | aetrrtntrretldasrtetlnsrzrdtsr | ohttsdnrormeeadet
K	368	4	0	forr	etqrretuoacetcsldgqe_dgfltaprfol | laerrrfoa_scpudrruqcetrsgz | rfqrtuoru_rrcfptu_t | lrfoouforrrletorruetqsfretf | thoetruqmorcnrr
K	369	0	0		suicsamhqmsetadpscs_dpfazrsifha | qciuetmfmshz_aermdetumsstsisgpr | ifusamhif_uisefrsam_n | ufhemsfhuiethsuimtfetsf | nsaesetmlhiesietu
K	370	4	0	dite	pzdnsctlnqrcazqusaghd_ahtstorftnl | sqsnertrcno_uarlaenldcqzpfcethm | ftdntlnfo_nfcatrtl_a | sntnpltnnfesznnflzditezt | apopzeldinsacaen
K	371	4	0	uale uolo pape uuol	nletuhisfaormstlqcoslpetip_seofqpeog | orihuumemso_ctqasuuapetsqlnsae | eetupfaoc_usteqpfa_l | oueopapeouuolopualetzeuple | lnppluaetohtsnuu
K	372	4	0	delu ulta	mlttdpocueqotlefigetpe_gzicaueozr | iepdtqzqoa_ftuugtuetoelmoorc | ozttecuon_tootzuecu_l | itzdueztoiletoultazelz | lmhdelutrdtont
K	373	0	0		mdllousfsnarsdqdiepelue_eiftseqnt | iauolgrrsnt_dsseglselsqdmqsaf | qllefsnqm_lqssefs_s | ilnsenlqgidnelqsdloged | smsedgslpnosigl
K	374	0	0		psetdclfaacssuenmthietci_mhqnluciqae | nacdocqcau_escfmofietuspfhs | qetilfan_sqcilf_a | nqafiqaonsaifsetgqoisq | aptisofetoadsio
K	375	5	0	animi etre lari eron inai	razapdsimihssetalucfngnzdn_fgrcieniril | chdpaosrssi_uetemfoamnzslarisgs | irzanimii_aisetrenim_l | caritmnriaiocainaimazeronar | lretnaomzripetsooa
K	376	4	0	caui	cauistsfrtsasgpadzsss_azopslrsod | prsiuuotl_gsrfauufstsactezm | oussfet_utsorssf_h | puocfsouupasufaousao | hcncsaufqistfuu
K	377	4	0	etre tare	qmaflsratstmsdgetrepalp_etengqapund | galftntsq_dtaretrpassmqusiei | unapruf_ustnapr_s | gnhrpnugmpurmacnpmn | sqehpmramftsn
K	378	4	0	cour	iczmosgnlpusticselecoe_eusganeeulf | spomzruuusla_tnnerznecsciesp | euczegnlec_zestunegn_q | szulrneulzersilezenicoureiu | qlreirncalmtsorz
K	379	4	0	sanr uare tero mete	neafasanrlpsseigpmoao_gmuareomurq | lafetpupsrr_isengetfnoasenmszmt | muafoanrme_fmssueoan_c | furnourfmeterofmneaauetoeu | cnioeetnaorassetf
K	380	4	0	diri udir	fluelrsmilqcaetdlsls_etlrarspsprma | aeudirilms_qpsetdussllcfplola | prlusrsmpt_uplqrpsrs_c | aurmqssrmupdamsupslirdsr | cffqsdslimeqladu
K	381	4	0	teco	zumqiscechscduloedictmst_dceeastoc | ehsiqmsscca_odsdmqtmcluzocrcn | omqtecof_qocdste_p | eqcatcqomeuctqoumrmtu | pzeatummrcidcsmq
K	382	4	0	dura tala uolo	trqnmfraodariseeuqfu_elrcduoloi | dfmnetalaoc_sdaeetnauqirtosa | olqnuraoop_noldura_e | nlooaulonoetrounoarqtleturl | ethouretaqomqetn
K	383	5	0	reslo etre pena	sellsqaotqqerfpenarlsr_eaopamcrmoor | ptslsoqom_fqcesrlqresmqtas | molraomt_mqqocra_i | pooetroomspeormelcosreo | isaetreslolqqs
K	384	4	0	tsfi	dzacetsfiqofczplsatnsass_andsiqcsedq | ssetclodofqq_lccalcsafpzdeftn | edacsiqeu_cefcdcsi_ | scdqosdqcelszqscezaodlszd | droszlanqetcfelc
K	385	4	0	nare	tasiaequrumqnaroheazgseg_ezfhulagsfui | hmeaisfqul_onaresirgsqratsqdzn | sfsigurusl_isqnfagur_s | hifulrgfuisshaugisrastfsgaf | stolgasrsuanqisi
K	386	4	0	tete	sdetaiucgemcdernftetut_nfornmtogs | reuiasmomgn_cmcnsactetedsufl | oetatcgi_acomtc_r | raogactogasrdgtacdetcostdo | rszatdscetlgicpsa
K	387	4	0	prou laro sena tera rari	sqtnesiaoqcicqlarozftsf_zrrarifprou | rqsenacrcior_acianftilqspiza | prtnfaopt_npicrifa_p | rnrofronparqofnpqterafqr | psefqatetoecican
K	388	4	0	fide	sosqmssioeetrscomltandfssf_addtipsfidel | tetsmqlrdrsep_lcsoalqofssmosisgd | idsqfioeiq_qiscdsfio_p | tqdetofdeqiltoefqioosdlfod | psatfoloscemcsrlq
K	389	4	0	mari sima	riisffosssfeiorlupsp_lutrfrlpmtsa | rssiastsfsr_elolaiopfoirmfgun | mtipfosme_imfetlpfo_i | ritszoptsimarispimointapit | irczpiaotsefdai
K	390	5	0	tenea tene ento pape	qptistopefsouoisrnqin_iraoteneapc | oeitpafafsp_ueoiaponqsoesnrh | eaqpntope_pesaento_s | opapetonappeaopnpeoqiaana | scetnaoqgptszap
K	391	4	0	rare iere trar crea afai	tlrnguierdouttmhloetalga_letahisfaear | hdgnrcoaours_mtfelcrealuteuzeta | ealraierea_reutafaie_r | hrarpeaarrechtrareetlcacata | rupatcelqrnturcr
K	392	4	0	rari aria	otaatrlprsamlctnsetsmiari_smetpuqizsf | etartarmmlsu_scqrsrarialntozlmi | zaaiprszo_azlcqipr_a | etasirisazrettsiazrtacrit | aouiitrraestclsra
K	393	4	0	fett etto	tettldasmurdletftgcap_cpdgaeiodmu | gultcrdrdme_tliscctsdfettodrpa | odtasmor_todldias_n | gtdmsdmtocgetmtosetndcetd | nteetcsomlldct
K	394	0	0		cpzlsrsfetsapetisrlzrl_rascdlsafr | serslqtatsfc_iadqllzsetpcssnrt | sazllfsf_lssaadl_g | slafclaflsqspfllspzlaqlpa | gctclpqzafsasmql
K	395	0	0		igcqsucodiacuglprtercu_triroetoeit | riusqtaiacet_puodttqdcclgiecrm | eicqodea_qecuiood_n | rqidiqetrgqedgcfitgi | nicgtdcrsucqtq
K	396	0	0		dzcscamasctrmizmtlantlcal_athlaelfhca | ltacsrhrmce_tisasslcmmzdfmstl | fhcslascfp_sfmihlas_e | lshcslhcsflzclsfszcohlzh | edrlzscccimus
K	397	5	0	ridur neri	dunscqnpotlqurzemtqdnd_mqrenrodmroi | etcsilrlqor_zopmispdnqrudmqsqu | mrnsdnpomc_smqrodnp_a | esroipdrosmieuodsmpuneridur | adriduipnaocqais
K	398	4	0	aili	dscmtiligtrsccnaqtaca_atniaqaiis | ngmetia_crqlaelactcsditmtt | icailiie_itrqail_et | nilaiiensiailscueas | etdoaselceimrthe
K	399	0	0		csocrmntorqortsadcd_tacrcffdqcmm | rnsetctomf_orfrtesrdcoqqoean | qccsdcrmqp_sqorcfdcr_u | rscmurdcmsqermdsqrcpcedc | uludercrmrotes
K	400	6	1	contro contr ozio cont ramo	roznsisdrcosqoeprtgozio_rgcdruotcca | oisnlcscr_pqurrlnrozseortssgf | tcznodrcth_ntsqcuodr_s | nccmroccntlocontroztclooc | sramoolrzlcsqsuln
K	401	4	0	iete equi	onmdrqztitiqrnlhrssoemre_sourzocequic | rtrdgiuiqio_hrctsgdtemqlnoqqaoa | qumdeztiqi_dqqrucezt_a | rduieteuidqgrniedqtnmpugenu | aoeengtmirqfgd
K	402	4	0	data	smcetoefanoafrmsiosrmhceh_smtoarzhrtni | ooeoetdatafnr_irzsdethcfsmsrfgm | rtcethanrp_etrfrtzha_c | oettnqhtnetrdomnhetrmcitdhmt | csqhmdcsnorfpdet
K	403	4	0	rare maes	fraretfdmunfsrnadoptqatq_otddesqio | dutercnnfe_assmocrmqafnrfifsti | iarqdmil_rifssqdm_l | drimqricdrqrimraqcqr | lfpiqrcmaesfccr
K	404	4	0	sole	otfrczpelmszorgetetce_elpomellr | mcrfsslszlo_gmeesfeetzrozpn | ltfepelq_fzlmepe_a | flldeellfsolefeotilseol | acdeosethlrzfsf
K	405	4	0	sero rimo fara	cndoomsacoilstnfarahetdm_aetraserol | rimoollsos_atecaocdsfncrsdetq | rdoacorn_orsteac_r | roozcoorrnoorcndsn | rcrzncdcootso
K	406	4	0	sire fche	ehetasifndlfahcgsiretir_icgatrpcns | gdisazlclfna_atzaretfchepfmiq | pcetarnpn_apfactr_u | gacnprcnapzghnraphetrczrhc | ueeprhzetensafmza
K	407	4	0	sala cile	zscietleiqtalnscosppflcetl_pflseurlolqr | stetisalalqu_onripsiilclcszolmfe | olcileiqoe_iolnlrlei_h | silqnillqiosssqlioiscdlslsl | hznlssiccqnlgsi
K	408	5	0	onero eron nero mera melo	otlotesunrssatlmifscle_fceiuqdmera | isetoiesrq_madnfionlsltomsetc | melounrmc_omsaedun_r | ioeroneromiitromntleite | rozotinlrtaslio
K	409	4	0	alsi nino coni alme arco	aorrconinoocauurearoa_uesuralsip | unocrmosoir_anumrnarcoalmeg | lsrranilt_rlsan_et | ursinasirlmuoiarlnorssmaos | etalaomnrfictmr
K	410	4	0	ette	gcapedsrdtnsuclonecmmadm_emrnrirmsrtr | nndeptrsti_ourdetpdmaslcgssqmz | srapmrdts_pssurrmrd_a | nprtsdmrtpstnctmpsdcaortmcr | agsmctdaetteusftp
K	411	6	1	uostro uostr ostro stro salu	tluostrocsqaemopqulu_oqamisusara | moouacacsri_eqstoautulsatssdq | saluutrse_ussqasut_p | muardtuarusamruustlraaua | ptcduatlmroqsnau
K	412	4	0	susa	omfsetanqccsamsenrscsfts_rcunnislucr | nctesgsusaci_eqrgsqsfasmolacp | lufssnqcl_slausnq_l | nsucdqsucslgnmcsslqmfiugsmu | loidsmgqfceags
K	413	0	0		ernepoatnidasrzshcflnol_hftdtlaq | iopecddad_sstnhcenlnazreaaffs | aneltnam_eaastltn_i | emnleacrleanrnuclr | ielmlrcnntpsarce
K	414	5	0	canto dere anto tale alno	csralnolcsznfsoqodererle_droodiencr | oslatzzncd_qfildtalernoscnnrl | nraeolcnt_annfieol_r | oaculecantosceanlsrstes | rchuestlrecfnfta
K	415	4	0	cora mona	iqoldamuttdcfenpimil_pmonaarrouf | ntloqttotdua_ecrmptqmidfrdrm | roiqamurs_qrdcoram_u | nqousmouqrtnuqrmicoto | ucstmieuocdntq
K	416	0	0		sfgrpromtfeaoqfcqoncrtgrt_nrnomhotnfu | oerprranaofh_qqotnrrttgocfsourl | ngrtmtf_roqnotmt_i | ornfattnfrrofftrtfgcnrtfn | isiatfrtgafpqoerr
K	417	4	0	mera	meeqrrucigroercetpsaqrq_paoetuuoqeoch | etirqengogrcu_coopneqrremeraaa | eoequcep_eeroooqu_t | eteoclqoceenetecqeeefonqeo | tmslqenlcqorsne
K	418	4	0	otte	oesetatrgtidtaoursmsefeaf_meisrlrfoitc | siaetspdidttl_rargmpsgfetuoottec | oiesfrgtof_sotairfrg_p | ssitugfitsopsotfsogoeqipfoi | pufopgetetatsps
K	419	4	0	pere	amlcssrptlsmadsomdetlet_odnsszcetqnps | stscnlnlpz_dscroncretlamaqqdi | qnlcetsrpqg_cqsncetsr_ | scnperetnpcqnsmpetcqrmlinnetmn | areetmnrllpssfnc
K	420	4	0	erta	rqdhaimsitmpqantllsdis_tlrnsoserta | niahcrmto_apitchisdmqremglr | erdhssited_hemprssi_u | nhrtetisrthecnqtsheiqdcrcsqr | urfetsqcidetapmuch
K	421	4	0	dise mafi tate	qlfipeirafhiilntatemfem_aeatrucmdafu | tepichahifu_icaaciamfinlqdiser | dafimrafd_idiiacmra_r | tiafcamafidctlfmidalfgacmla | rqacmlcafmfpiilci
K	422	4	0	sone	lsesdcrnzuclsilfcdeede_cdofrtseozc | fdsououczt_llsnconeecislcadq | oeernzp_closern_i | fozoneozofszenseooeso | ilroesoneazslcio
K	423	4	0	iete ture	qestznsrrhtesueoemidretsnet_iromrsetuohl | mtnztieoeshs_euriitretssoequsgra | uostetrrhu_tusuoetrr_r | mtohqretohtuimehetturesaoieteo | rqiqeteirsmhzuspit
K	424	4	0	urta	urtaiudtrntdgraoopectuc_psotolcdsrc | onuialtstdro_oglplactdaruddpn | dstactrdi_addgslct_h | oasrfcsradlorrcadrtfslcrs | husfcrltlrigdqla
K	425	4	0	taua uado tare	sdpcodretauacrtdliunepd_neeuetareus | uadoclcecru_itaanlcaprldsrrtei | repcetaurf_crrteaeta_s | uceuraeucrluducradprelde | sserdlapiuotrzlc
K	426	4	0	foni cile	ritngsaceorsaiplrfuctsc_ruflclhcifon | lrsgnlsfsaol_pherlnectairiaqu | iftncceoio_niafhcce_ | lnfoqecfonilliocnieitpflcif | rdqciletzogauln
K	427	4	0	suti util	ptatnussmtrmucsclctc_sllcnfcslsq | csarmlmts_urfusructtmpstelo | sltcnussa_strlfcnu_et | clsauclssrcscsutilrcl | etphacrutssartrr
K	428	0	0		qosilcrazptrfosfnceetrscr_cetdnaahrudzq | npclietdtrza_ffhceirsrsoquretc | udsirazup_iurfdhra_t | nidzlrdziuenozriuossderod | tqtlroesuzlfrei
K	429	4	0	uili casa usar susa	rnlgcasaietsaursoirnqrncr_rquissruid | ietcglsusai_ousarlarnasradqe | unlrsaii_lauusrsa_a | iluioaruilirirlarnurru | atorranpiguatl
K	430	4	0	taua	iraetssufltasrconprgrsg_nrqouezgeql | otsetauaqasle_crzfnuafgrsiesqri | eqraguflef_aesrqzguf_o | oaqlhfgqlaeuolgaefrdqugq | oirhgufrdletrsmua
K	431	0	0		asnnrdctatccfstiqerrzndz_ergqetdzgao | qtdrnecgccaet_ifdteentznctsacar | gnnztac_ncfgdzt_e | qngartzganeqsazntsnagezsg | ealrzsetnfarfcmen
K	432	4	0	iete arai	cthzitiudiaietessroht_sorulqtrde | itizoaraidl_seqsozhietctigof | trhzudt_ztierqu_o | zrdrdztotdztthlrotr | occtohndieiaoz
K	433	0	0		rpoltsiticuipohfussqosq_usftretqgo | fcstlfuuir_hetiufliqoioprgiasn | golqtigl_lgietqti_z | fliqlgffpqlgipoefqp | zrrqpfiotimfl
K	434	0	0		riepelnzqinldrsgatacie_tccancqa | aiepemncnlq_gdztmezilsrlscs | cienzqr_eldcnz_s | aecqetzcqemarqezriicmrc | scetrmzimqpdlfme
K	435	0	0		qpadflgmstqigmprosicalc_ismetrcte | sqlfdniigtet_omrsindscagrpqghl | adcmsti_dgmrcms_e | sdtosctdnsptcdspaancp | eqpocpnsattfmgond
K	436	4	0	endo anca nome	slcddpataetaulqzletocncpn_etcmltrnomeg | lpddtmtae_zuraetdancaqlsoafci | omcdntaeos_doaumrnta_a | ldmeqanmedollendoalcomnlm | asrqnlacaeduahd
K	437	4	0	chel cote sola	nnsolasrhsasenulemuosao_euetrdcotetsc | aaloletssd_lechelohossunntsrui | tetsoorhstp_otseetcorh_d | oetsihoetsotlnsoothnszetlonet | dnionlhspslesilo
K	438	4	0	sien iene	auslrqqtgceqpaoomatdurd_mtnoqecdfngz | ocrlsieneqge_pctmistduqoafqsto | fnusdqtgfl_sfqpncdqt_s | osngmtdngsfioagdsftaufnidan | srmdaituiglpqdis
K	439	5	0	auiso uiso	eteauisomdlrsleesiraoaio_rrioeqordu | iliufrrrsde_slqmrfmoaseeetscs | raoomdp_slrqoom_r | irdmmordfiedomeaprfoer | retdmoefmandulssf
K	440	4	0	etti essi	scctitzaqetezcragtqnfctf_tnigelfaiqc | gettitreiezqe_alatrtafczrcsazln | aictfaqar_tazilfa_e | gtiqiafiqtargcqftaaccoirfci | essifcracpqizprt
K	441	5	0	altra lieto trama saro omai	asdoclmatqlssraecordr_eomaltramac | atcoetqmqlal_rtmeetomrdlssaaluoh | amdormaa_oalmtrm_p | aomaimrmaoaetasaroamsdsmetrsm | pasirsetmdeaclieto
K	442	4	0	tala	maprqricmicmesntalaql_nassrgtlascc | smqrpnisicg_ectinnpilamaai | asaplricau_pacstlri_h | spsceilscpansmclpaimassnlms | hqelmniazcrcenp
K	443	4	0	molt	atdelcmhiczimstpgrlsdcs_lthqsatcet | zcleitimcq_gsieisdmptaamolt | atdeshicar_eamstshi_q | etcsistceatcseaitdutstt | qapsstidmclsmee
K	444	0	0		fpsettaaglntfenmiouqptq_iuemaqregr | mltetsfneng_ntaifsaqpefrlus | repsqaagrc_srteqaa_e | msegaqegsrfmfgqsrafprefqfe | ezqffapigettcfs
K	445	0	0		zsqatoarmmuzescldlrstr_llcornrure | cmtaqsmmrr_sunalsqarsezulp | usqroaruet_quunroa_r | cqrarrqusczrrquazsasrz | rsrzsasraucsq
K	446	4	0	quau	pnumraglnsasnuipocqurq_pcsgsaqrsl | nrmmsssas_isalpmmlquaunpraqcz | rsumqglrc_mrassaqgl_f | mslqsmrmnqmrlnuismqns | fpeqnmlulsaimm
K	447	4	0	pare acce alno	aealnoclttocrecersraor_rsplsirdptl | tonlaopocts_eriralracceadccsn | dpalrltdp_ldcrpirl_ | lptirptldaetrldeaiparep | aoireaaztnrcsal
K	448	4	0	sole	etlfasrlepstlonaecpll_eptazrltld | aeafptpslz_ntrrefrlsoletsspm | tflrlo_fsttrlr_r | aftlnrltlfalllfrlutllt | retinllrglatsmf
K	449	4	0	erti iper tipe fett etti	eqptszrriralriqdnfllpzl_fenrdhlmerc | nazstetlelrrd_dihifettilprqemrcu | meptlrirmg_tmriehlri_s | ntertilertmetnqrltmiqpieetlqe | seatlqetipersirsett
K	450	0	0		fspqceiesrpuiaslsslqnpen_lsemndrz | specquuirm_saslqsnpilsfdit | dpqnesrdi_qdianes_e | sqrusnrqdssrnqdsspans | efhunsspetrcailq
K	451	5	0	ruine tete	ailfsfdteteaedihoqiculfu_qctcusem | afsfneedec_oetqnfetuldhiasdlcz | slfutetesr_fsdutet_q | feetuefsnieufsetilrnui | qaruinetlcesdonf
K	452	4	0	toro	pzfldtfmplotetziornafa_rrfsuaqrpd | ldltorotps_oetumrtlmaftizpqtq | qrflafmpqi_lqtetruafm_ | lrpemarplqtzpalqmzfmrtazr | pieaztmfgpdettrtl
K	453	4	0	rada quam ofuo pona	lraustleomrrlrqaqoinatn_iaqegsniams | qrtsufrarlmg_asofuonalqrlilti | iaauneomif_uilasneo_l | quamponamuifqrmnuioradafnra | llzpnrfoanmslhfu
K	454	0	0		rsesfnhlapqnlsetcoauefu_casthfsuosa | tpfsuqsqnaf_elslcusluensronza | osesuhlaot_sonlssuhl_n | tssamlusasoutsausolseasuuss | nrlmusulepalnmus
K	455	5	0	salua queu salu	oetrldgzquemrzettsicarga_scaqsaauaef | mgdlararzes_tausaluarzetouzfci | uarlaqueuc_luzaaaqu_q | laeduaaeluaetealuuetraaaeta | qodaetaurmedznal
K	456	4	0	dfar mesi	nscrsrqofnlraspirzmecse_rmiiqheedifq | insrmlilrfh_aeormroecrpsndrumg | dicreqofd_rdraieeqo_e | iriftoeifrdmisferdoscpimesi | enltesmocdfarsmr
K	457	4	0	itti iuin	flttiincsoinetlaamosdntin_odumcenu | moiittiuin_aetesottsntnalfnodm | uttncsr_tnetuencs_u | mtudsnuttmlntsltcutnlu | ufldnltstzietnett
K	458	4	0	mais alma damo nato	eaiafgnqmtttnaalnsscoigo_scsnqcolst | ntgfadtstnt_lcmsdamoinaaelnrcf | lsiaoqmtlq_alnscoqm_et | nastzmostaldnatoalmaisdoas | eteuzoadmitfnsda
K	459	0	0		tirsqqarapfaoifanrusrqs_usnreosmspg | nfqqszsape_aooazsasrafitmaluet | msrssrapmt_smaososra_i | nsspasspsmznipssmairsszsis | itdsizaripqoaczs
K	460	4	0	neli	esqesdlpgiadlesahooqd_ompfcumir | adsesdmdlif_hecgosegqlaseulst | umqepgiup_eulemcpg_n | emiigmieussieugsqrmssm | nelissgqaiselse
K	461	5	0	tenea lete tene sena	olnmsadeauctsqteome_stnthpegnau | tdmnleteneah_capssetlseougrti | gnolesagf_lganpes_d | tlnarsenalgettaelgsooneten | dcreetsooanaletl
K	462	4	0	sara	ifdaclepmromrolsurfcr_luqolsaraqpq | omcadcrqrps_roaelcderfmiazue | aqfdrlepa_daoqarle_h | odqpeerqpdacoprdaefsqcrq | hiserceflpaorcd
K	463	4	0	sola	rolaoispzioaruernlin_urqrsunsqpa | rzioacqps_iusucasnlaorscr | sqlanspsm_asiquns_e | raqptsnqpascropnassolaqcnoq | erttnocslopoisca
K	464	5	0	etici esce cioe sire cioi	etrcdesoeescetoqalrsirei_lslatuiiln | aeedcselest_qcuolscoirsoetispsi | ilrcioia_ciscluio_f | acloilcisaeticioetrrlsietl | fgietsorrdcstsc
K	465	4	0	tore	odqmniumsaguhdtoretalqil_raoatlssf | oainmggusa_htmrmmlqutdosuoas | sqmlmsse_msuhtlm_ | omsrmlsmsodslmsmdqcld | olrldmqfsnhulm
K	466	4	0	aldo feti faui melo	lsfetismcungshdmctnofso_cnlmmelorlus | mnsietdlue_dglccdetcofhslron | rlfetomcurf_etrgllomc_q | metluecoluetrdmsuoetrcsfaldosl | qlreosdcfauigdet
K	467	0	0		llapucrnhiosrnlsdogapdacd_gpqonfsdtqio | oocupsqsrif_dnshgphdarslltrrpr | tqapdnhit_ptrnqsdnh_s | opqihdqiptolidpthlaeqdlq | sltdlhamiunrsp
K	468	0	0		gpciniscnesopumpaqfcif_pqtrlfstna | einietsnr_molcpeicfcsupgssdqt | stcifcns_issotlfc_s | itnzcftnisepnfiscpcrtefpt | sgfzfpeccmnnoseei
K	469	4	0	lati	maapoatitfosasceanlpl_anoeaorlloin | etpaqfofoio_csrtaqtlosamloln | lolatils_losorlat_m | eoiztloilqeailltapoqlao | mmrzlaqthiasoetq
K	470	4	0	sous raro	qlusnairaaqlezedecrunr_dcoeitorsor | enstaoaart_zqodtsruaelqsatco | sousrirsp_ssaqoori_a | esorarorsstelrrsslunotrlo | aqiarltuirqapts
K	471	0	0		etmoitupcspaufmleodnsos_dnlopcszlsd | optiialaus_efccdiicsoulmetzutns | zloispcszm_izuflcspc_a | oilstcslsiziomssizcmoqlisml | aetotsmicorstfurii
K	472	5	0	slati lati susa	ciezruqmngrectfsslatizt_saususatcumm | snzedgugrms_feaqsdqtirtccroae | cuituqmcf_creuatuq_q | sumsqtumcdscmtcqcipudtcu | qastcdqirmeerod
K	473	5	0	loren	mrolqclqlscmedntssorqo_tsrnlsporrlp | nqloesrscls_dmpqteoqorcemrcgs | rrroolqlrn_orcmrpolq_a | norlcqorlorenloorqrdreor | amfcoeqrullmcteo
K	474	0	0		lrugptfhmdtsietqpdsrp_psrqfnlcrhr | qmpgundrdthn_etslpnurtilctmsq | crrufhcz_uctsrlf_a | qurhcrhucnqhucrrnr | alecnruhgstrnu
K	475	0	0		tdssomlnierslzdpnqpgacsmc_paeqnccdeeu | qrmosasesle_nzcipasicslpdtdlrai | desscnied_sdlzeccni_l | qseeiceesdaqdecsdidsueacde | ltocdaiseozlsas
K	476	0	0		nllacqomrhoolesetsrrlqr_trcemplracq | eqcamhchop_solrtmarrloelnaofrd | aclarmras_aaooclrmr_d | eacurrcaamelraarllcmrlc | dnzurlmrletcooema
K	477	4	0	cime mero	smnadaderscdcmsrqnimnam_qireimof | rsadacccd_cirqcarmndsmsodlit | onameror_aodcimer_g | ralrmaocrmmaormnhcmm | gselmmcrntdcdca
K	478	4	0	lete falo uole	foaelghimrshmodfusaclagl_scetuiuletr | urgleesetsh_fmumseemlahdofhscs | etaelimp_ehmetulim_s | ueetamleteeuolemoaneteloet | sfaloemallmhtee
K	479	4	0	gnor	dhqrqsgnorqhstamssrs_muasezsouna | aorqdrurqne_tzgmdqgsqshdoqlf | ouqssgnor_qoquzssg_p | aqunfgsunqodahnsqoghiudshu | pdefshdgenqadq
K	480	4	0	uale rete tore iete ture	eeteutpcnrmccsetiualesep_lsqanlsqo | amptuocqccl_ussrlourecietecssa | qeunrf_ucsqsnr_q | auqirquoaetureteoqoetq | qerietorertsciou
K	481	4	0	eiii rera sete gene	pdlersietzlcaiiddosnlsn_gseteniglu | scsreragail_oiezreznliddpiimh | iglenetzliu_eiiigenetz_t | seglpzngleirsdlneizdlrgrndg | tpopndrzlllriimre
K	482	0	0		uhntszposasluldarhtr_laauiirfape | uotnsaspi_laizlsnzrhssufsqam | fahnrzpfc_nfsaairz_ | unaprzrapnfsuprnfzhpasra | usrrszhmpasrsn
K	483	4	0	nofi	rodmsorfsaogoethnmisi_minrsaisifu | nssmdfaiaofs_hgamfdioetorsotp | sidirfs_dsogiair_e | ndifqiifdsfnofidsoifioi | errqioflfmgoifd
K	484	4	0	nega tuia	pstgfiqcehliasdieoqaifi_oaseqriusee | ehfgtalslier_iacoatciidspuisao | ustiqceus_tuiasiqc_ | etseccisetuaeseitucsssaiss | pacisacnegaiat
K	485	0	0		scrpsrgsectcsaneetzurru_ezpngtufped | ncrspitpte_atseipsurscsfuzo | fprpugsefh_pfptugs_l | nppemsupepfinceupfscropiucp | lsmucisrresfip
K	486	0	0		smrhdugeasfgmlefctsprup_csrfenlprset | ffudhsrgsn_elacshaprglmsgeso | rrhpeass_hgrlpea_i | fhrsiaprshsfmsphamrorspmr | isripmsarmsdgzsh
K	487	4	0	rifi diss	opmrhpsciinspatecrqsmps_cqiecelsaig | eiphrsninse_tlicsrismsapoasoqu | aimrscia_rasilsci_s | erifisirasepsraipmdisspi | soffspsimhslsr
K	488	4	0	fedi	escfstmurcapmisaoihttqctq_htsiusqescq | iatsfdpspmc_oisrhdfrqcmaseematr | escfqurce_femissqur_ | ifsccrqscfediscqferscetsdqss | escqsdrcrcsimldf
K	489	5	0	fagli agli lite	lifqrcodetnposiasrccgfcg_rcidfaglite | ncrqapipotf_ssaeraqegfoailloocs | lifqgdetl_qlosiagde_t | qitsegitqlaitgqleifmiagii | tlusgiaefqtrsoaq
K	490	4	0	rari cali	izdapsehretsueaztomcalidsi_clmhuietr | mssparuueetu_oarcraridetzieplt | daihret_aeaihr_n | maetlrietarmzetiarzdlriz | nializrrdeetpaecra
K	491	4	0	cede	zdsrrfcamcacedeotiptsf_itstnecsm | tcfrrasacmn_oeeairascedzcchtt | cssramcu_rccesea_d | trsmsasmrctdmrcadsrsds | dzssdasmrecqr
K	492	4	0	teua raro	ztsorarhsurartraatledsad_teuahqdeuuf | araroauaruq_astosdsrrtzersel | eusodhsue_oerudhs_ | aouumsduuoeatudoestsetudtu | zpmdtssmurrio
K	493	4	0	cani	ulmiznahtiqaclsueegsmns_egdursdts | uinziiqdqat_crheiihsmasluargm | dmishtt_iacdrsh_s | uidtohsdtiiultsihlmfdisld | suaoslihmptzcanii
K	494	4	0	lete etfi	uqiltpeorcloesqtsrasnnipn_anfroarnetfcs | rlptltofoeca_ssrratlrnietquetens | etfilnorcetc_letesfrnor_e | rlfcrnfclettrqcnletrqimftnqf | eugnqtriectseptl
K	495	4	0	erre	rssupitraspordaqilpsup_qlraimnperre | aauslsrsprm_ontqlstpspdrepalc | ersspitrel_sepornpit_ | asrrztprrselarrpsetrsurlprr | nzprltscroptls
K	496	4	0	rapa insu	glusnsatliistospqlrmlnm_qrapamfmal | pinsufiaislm_stftqfutmlsogscra | alumatl_ustafmat_r | pualotmalufplmutluafma | rgpomftldlstsafu
K	497	4	0	uohr plus	lpriddssepqsnplairuohrdh_rorisnzhurpc | iqddiorspn_anzeroiehrslplusaoo | urrihsepus_iusnrzhse_s | iirpgehrpiuoipphiueprtrohpr | slighpoerspdnsetoi
K	498	4	0	mori iure	dfrtineldssnrfmorieisris_iiureqnscudu | rsitfsusndq_ornliflsrnmfdcnzia | curseldc_cnrunsel_a | rudelsudcfrfdsclfrlufsfu | adesfflrsdtrntf
K	499	0	0		rphsatrlrelpdfpldcthtt_lcipsntcila | prtasoeiels_flnrlosrthdprcic | cihstrlce_sclintr_e | psilsrtilscoppltscrphoiotpi | erqstporhslaletos
K	500	4	0	mici mile	qemmrnsllacndectfdosgrg_dsifscgtilf | farmmicicnlc_tdldimlgnceqtnqset | timgsllto_mtndigsl_r | fmilelgilmtifelgmtletiigei | rqsegeillmdnsim
K	501	4	0	cauo tega noua este caua	dttacznecrfonptegaaqtz_aqmestemrm | fzcauomonrs_gptcauactnetdenlqh | emtaecres_aenpmtec_s | amricmraeutraecttimutm | sdqituctprcpnoua
K	502	5	0	folea mise maio mots dios	taeldiosdctrufpzaolo_pasftsolsr | foleamsssdt_ucsipmaiodrtldnaf | lsaoilq_aldcssoi_d | fasoiosalmftoalitcsmots | deootmisecdnma
K	503	4	0	mois	fgimismoisssgneaetlqiiq_alneczqsnou | eiimrsnssoc_nszmarmmqisgfssalt | snimqmosf_msssnzqm_ | emnoomqnomsregoqmsmgitnrqgn | fpoqgrmihossdrm
K	504	4	0	etre	sliqmoprraqcpslgtielaio_eairaetaa | iqomqsccpaa_tsetresqripglspeat | iqrrao_qpsetrr_c | iqanraqsilaqrlihsl | csdnlsriramspfsq
K	505	4	0	cati rema uano	tetrsmccohscaetluroftzrcz_otermnzeq | rhcmsssescm_uanoossozrclettcati | erszod_scaenzo_n | rseaozessretzsoetrueszete | ntazetsoremaclss
K	506	4	0	occa sete	cosqqemufsegoccamlloqo_mldamnoetdud | afqqstsdseu_cgnmtsoecoceteilu | etdsomuets_setegdnom_s | asduaodusettaouosetodtood | scsaootauqgeets
K	507	5	0	farsi tete	casurcetueietdatlcasfscf_stcuhpfqteo | cicrurteteh_ldprufsettacqetlso | qtsufueqg_uqetdtpfu_s | cutenfteuqrcaefuqasntrfat | scnfarsierdetlru
K	508	4	0	chri sare	flhlsaretassrolitnoschac_odnapcqdaz | nsaslisdsraa_topetoiletchrilfqrfr | qdhlcetaqe_lqrodpcet_o | nldauetcdalqinlaclqetlhedicld | ofmucliethasorcil
K	509	4	0	coie etfe	nocsahmpegfumcoietfetlchl_ftsetpnlqsgq | etfhassusumgn_cefsselcmionqmdtc | qscslpegq_sqmcslpe_o | etssgaelsgsqsetoglsqeocrsslos | onealosectgacmrss
K	510	0	0		ezcetgshmrtshfzeduiadncsn_idcumrsnrctt | ussgetlchtr_dfsriletrnchezerhode | rccetnmrtrq_etrhfcsnmr_ | uetctmrnctetrluztnetrrzcaclnzc | eomnzlrcstgfhplet
K	511	0	0		pooqfcprletmdosrotsuocu_taopqudale | oetcfqemamlq_rdrteqruosopdcn | daoquprlds_qddaupr_t | oqalarualqdeooluqdroomaeuoa | tpgauoerotlfdleq
K	512	4	0	capo	htngaapqcamtsrsrccmnm_rcqsaomiqps | sqgucqcapo_rmrugmnasthiaecr | iqngmapil_giamqma_s | sgqptmqpgiustpmgitnetqumtq | shtmtundpmaiug
K	513	4	0	dits iete lodi	ciloditstisizrprtlrdr_rlepcmrsesf | pdolstetisc_rsmtrsltrizicsioll | selrtssq_lsisemrt_g | plesitreslsspisrlstietesrie | gcfiristcsosiasl
K	514	0	0		umodnlnreanemfgacmolm_claiqmtle | aelndialani_geqridrmonfmutnlcs | tlodmrt_dtnelqmr_h | adltrmldtiammdtrmorlimml | huatmmironendid
K	515	0	0		odsrallhslcdosuttpetslet_tpcuqzetdce | uslarmclq_sczhtmrhetslododlpm | dcsrethdr_rdlcczeth_s | urcehetcrdmudetrdhdsucmetdc | soeeetdmhsnaclqmr
K	516	4	0	uerr auer	spauerrrqslfrmpicllrtar_ltdlrasdsz | llreutfdfrs_cmaqltuqaripssruto | sdaurqssn_usrmdarq_ | ludsaqdsustlpsusqpaddtpd | siaptqahsemrtu
K	517	4	0	foii nari sare seno dies	psrfgueetqodiessezemtorrur_moeetnarioh | edugfoiieon_zsaqmofqrreespieo | irfretqoii_fiesaretq_t | efouqrofioesorfiqsrdors | tprursoqrogsenof
K	518	5	0	poeta cire	ipoetaordrlolindcscmepae_smhcriqeihrs | caetorlhlori_dlqdsrodeponiiommt | ihpoerdrio_oiolhqerd_a | cohrqdehroircireoidipshreih | atqeirdpfretlozro
K	519	4	0	etto	tetolslenlsetcumdagog_mairpgoil | eslsninlr_uspmslgolcettolcap | oiolgoq_lolsipg_n | limgilosetgloetoeisgeti | ntfmgetsodsslssl
K	520	0	0		almscqcpdmqolsrleumcu_eglsaugpi | ldcshmgmqps_roacehcumqslaqetr | gmucp_qogauc_o | lgpacugphllpuclmpghulg | oaaaulhcmfpsoqth
K	521	4	0	teco coni	smetinustlgssmteconipetup_oihctopphq | cgunishsso_eloilpetstmspstis | phetiptlpr_ipshptl_z | cihmlphipcmpiplmetchpmh | zsmpmletunsri
K	522	4	0	loto udir	luueiqasoaudirccuqc_rtiettcptsr | iqielotoset_atarleacudulpdh | ptuecaspc_epattca_g | ietssactsepliuscepauuetlcut | glsculaupsiarle
K	523	4	0	seda mesi	raqlsmeslsartstfdld_tosordsoec | sslqadlolseo_tarmtdamdsrrssfn | soadmesi_assaordm_l | saoeomdoeasdsedasmuoddo | lrnoddmceqaspda
K	524	0	0		lstciqldniflesoaacfgtq_cgadsmsno | aiqicpfflns_aemcpctloslslegt | stcdnset_cslemd_r | acncncspasncsstzps | rlacsptnielipc
K	525	5	0	passe asta sare aero	saeqheqtastagzipassees_psoiqetisote | iaehqrsostet_ztiprqsegaspsu | oeqsqtm_qtoisq_m | iqotcsotqriatsqaerorsao | msrcsarerthtnrq
K	526	4	0	trar mare stra	mlmaretsacnsdlildiefmet_ifsdafossce | detrarnsnscf_ldoiramsilmssafz | ssmaacsa_assdsoa_ | dasciscasrdlcaslmssrls | mnilrmpcrdstra
K	527	4	0	lari auer arie	izdetflariefzfhrarumm_auerlslmcers | rietdqeeefrs_hlaaqdamffzicfnup | cedmlarcr_dcfelmla_ | rdercamerdcqrzrmdcazpeqmze | iecmzqatretfqd
K	528	4	0	nefo	ricqcudffsnednimmcortscus_othcfdeshsa | cnucqpehedsd_mnefopqfscdmirdotp | hcqsffss_qdnhesff_t | cqhsfshsqpcissqficethpsih | trqsipfcascndspq
K	529	0	0		daqpmhttpughaaierqqmq_erlitlsqnlpf | iumpdglghpl_stedptqqhaadnhrn | nlqpqttpnet_pnhlsqtt_s | iplputqlppndiapqpntaqrldqal | sdiuqadtqrphedp
K	530	4	0	uadi onde	umqosdezlagdnmtuhieoaqsa_ioohemraaolp | hasosgogdlm_unrziszaqdtmuadiof | aoqaezlal_adnoraez_i | holczaolashmlaazmqsosamo | iucamszqrlondes
K	531	4	0	alli erta fien lieo pali	fdlpoertamueofcqriarldol_irprrcrlipah | rmoplsupueac_qortisltldecfienrg | ipdllrtaiz_lieoprlrt_ | rlpaqtlpalisrfallitfdlpslfp | mqlfstdapoecsl
K	532	4	0	fata ofla	udtlcntnapoettfdhrqossrtnr_osqnirpi | qonclfetettpi_rfaoflartthdutsm | tlrnapo_ltfrna_ | qlpaarplfqdprladtufrd | uardfatapcftsfl
K	533	4	0	moda trai	zatiompaemodancuhocltl_hcumrflsad | ueiommoar_cdfphopltonazsoacq | stlmpasc_sodflmp_l | uasplasouaalspateola | lztslaoptraidoio
K	534	4	0	sont doma ture comi	uumaqqztorrzeturenrnssmqs_rsontscsdorp | nrqqacozrs_eetcorcaosmzruudzlsc | domastordg_adzetocsto_l | naormosoradcnursadoumocsuo | luhmsucomirqetzfca
K	535	4	0	mati	qnuarlespmgreonfsul_ssscettsmr | glrairsremc_oetpiapuenqtedsi | tsuaspmts_ateosetsp_r | asmupsmatinmatpnuhsins | rqzunipuamroedia
K	536	4	0	usar adun esse	cssldsnohaonusarpnceesse_neopomeeqoal | psdlaooonam_ruehnalhesnascqnfea | qosleohaqf_lqnuoeeoh_i | ploatheoalqapsaelqhssoaeso | icrtesahsraduncal
K	537	4	0	dist	asizrciqdhridsafoeqsics_qooqicsoh | orcrztoihi_fdcdtzdsiiasainqt | oizsqdhm_zidocsqd_et | ozohldsohztoshszdsiuotsso | etaplsstdighrdistz
K	538	0	0		srfqitissettannzdgri_zgqisrqsm | siqftetqettss_naztfrtnsrtego | rqrfisrh_frtaqi_s | fqsaqsfrtsfrraqtq | sscatrosqatetf
K	539	4	0	nous apre uiia enfi luii	piiqapreamrpfntsntoaiaa_nousreqaluac | smaqifrurpae_tfqenfieaipnplpcol | luiiareals_ilpfuqare_et | siuaseauailfsaaileiuufau | etphsafeisaqfpgfi
K	540	5	0	carro sana asta seri eria	usoqtscrrzspletsfasta_etfrlsanacrrq | lrtqoizrzra_sncetiocaspuctft | crsoascrcs_ocsrnasc_f | lorrcarrocilraoccseriar | fupaicsmrqslio
K	541	4	0	stre	rgspqestlceepgidizscrqr_zciisarlila | icqpsceieela_dptzcstreigrlefcm | lisrstllu_slepirst_l | isilhtrilslciglrsltgeicrgi | lrmhrgctulppeocs
K	542	4	0	maii tere sete	legsdasrurmaiiqohfed_ofrscpnruc | rdsgemrmauc_qiproegreailnasfe | nregsrunr_gnairpsr_o | gruetrrugneugnrenrer | olsetereausiameg
K	543	5	0	redar ulte reda	igpcmaeerosgultefsdpad_esatetqdarc | toamcnsasrt_lqeencedpugietss | apcdeerl_caqdee_i | tcarredarcntgrdcegpaandga | iisrdgnepormtnc
K	544	0	0		celrclipoorldfestqecq_stmeiuaqzmos | eocrlrmrlou_fdapslpqelczlcta | zmelqipoz_lzldmaqip_i | elmoupqmolzeoqlzpetmqm | icsuqpeetordlel
K	545	4	0	nore caro faui core	lncnrfauiretarnfloitcft_lioutcore | efrnltotar_rillnitcafnlcaqiet | cocntuircs_ncarotui_d | noreitornclnrtncincdoltno | dlmetnlicirrraaln
K	546	4	0	luto	auclqtrlagqlutozarpc_apsztpfsslc | zalfgsgqlp_olfrafrcqtuasqipm | ssctrlsr_sqlsftr_h | zslerslsfzulsrucnsfus | haeufrcetlllqqf
K	547	4	0	sera tale miti	sseaithfmrltstcuetneee_unachsleeamu | crialaltms_tlfuafeetssetonn | eaeaehfmel_aetalehf_p | caammfeamaecsmeaefseraesa | psamesfeamitia
K	548	4	0	ordi feti pala rada hpma	naletsapiidhpmarsrglpalaa_gprriaordi | rasetfhrhpd_smigfetialpranopupl | orletaiidoe_etopmraii_o | retrdqiardetofradaetoialorfaar | ontqaafilrdsmpsfet
K	549	5	0	nette ette mete mone temo	neteihrimlsrserotetootho_etontiddotna | tlhiesnsrd_osdmetemotrrentrcom | tnteoimtq_etrsndoim_c | tenamonetteoetmetunoen | cnlaoemtsisree
K	550	4	0	star	csoqizslqonusstarcetaoz_cairlnuiom | rnziqcuiuso_anqccqqostscuspar | uioqlqoua_qusinlq_e | rqiodqioqucrsoquqsoticsi | ecrdscqodoisicq
K	551	4	0	mese raso caso	oelmtrrasomlrderqutclrc_uqqapnceqoa | qmrtmlqlrop_dnsumsclrreoersg | eqlmcasoep_merdqncas_a | qmqosscqomeqeocmeselcqceq | aoetscesltotdrm
K	552	4	0	uedo suoi	tedhansuoapnieasleglsdas_elclszrsico | laahfpcpnoz_siruefusdnaetinplc | icdssuoiq_inicrssu_f | lcosuscoifleosiuedocfsec | ftnssefudiohinrf
K	553	0	0		ethactzamacshduseomsts_emeszglsoemp | satcadcecmg_uslaedaasdhetofmq | oeaszamo_aoselsza_s | saemlasemaodshmsaoahcedshe | setnlshdaqmcslda
K	554	4	0	fini	fsfsamnzounnlschddiofmo_dishzacoisoc | humaslnsnnoa_lcdlsofncsfinit | isfsozoir_sinlscoz_m | hssopososilhsoosisflsloss | mfqposlfoalnsls
K	555	4	0	nato	ulparlgoqlelcnsfcalra_sccngaearcqq | nlraptecelqa_ceostpoallurlcu | rclpagoqrm_prlceago_d | npcqnoacqprtnqaproloctac | dusnatoletqalztp
K	556	0	0		zaeoetnqqlsssqoaetucttdend_ctsuqrgdcssd | usnetoisssqsr_toglcioldeqeazcqatm | cseodqlscf_ocqosgdql_ | uossfldssociuasdoclaepsidas | zhfdaileasetoqeio
K	557	5	0	rando ando taro dira	dnisotroquttnremcsaoa_msterletaftqf | euosidttttql_etomdioatrndftlsz | ftiaroqfa_ifttetaro_m | eitqroatqifdenqaifontdant | mdirandopqstsdi
K	558	4	0	esca iimo rata altr rato	dnrairatafifcprqmsas_rmtprrdsottc | paarncftfitr_cfdarcnasidoiimo | otnsratoe_noiftdsra_t | pntteasttnocptsnoatcst | tdaescaltrfincn
K	559	0	0		gdcepzpscmzrdohnmfscs_fonptrsqoci | npesmomzct_hrrssessczodgqzefn | qocespscqu_eqzrorsps_c | neoctssoceqsndcseqsdcaossdo | cgltsdsscscprzetse
K	560	4	0	penf open	ipzlqrenusphaoqctnzln_qtsoqunfset | onlusueu_asrqrnzhpifote | fsznqrefr_fssnqr_s | osemrnsefopenfrpzasnps | sirmnprzeesi
K	561	5	0	petit cara	tiqcdspralclpmietfpacoaqsa_aorprdganrl | pcsdcelrlpld_fmgaaecaaqpetitnpsoh | nrqcaralnr_cnpmrgara_s | pcrliaarlcnepilacnaiqureair | stsiaieaqlldmpec
K	562	4	0	affe caua	etirsusmefpssqimctrhnuru_rnatmcauafe | tpusssassfc_cqaersseursmietspnd | arsumefl_ssqaaume_r | tsaffeuafsstifuseiroasuia | retafuisernfuqsss
K	563	4	0	luce	eihaoeimcliolnfzchoc_flnerucslms | ncoarlllmr_luifrichoiesng | slhceimsf_slucei_c | nlmticlmsrnimcsiihalrcil | cestcirihtmatr
K	564	0	0		petuazslcdinletmtdoqus_dqftcatqfiu | tszarnfnlia_mtddraduletpqllqr | qfuacdiqs_aqlftcd_ | tafimdfiaqrtetiaqdetuhfretf | ppmetrdueizlrra
K	565	4	0	midi nori sino lino muro	frroisinoriszrcauqqlril_qduictlpdos | uriomidisoc_aztnmnlrscrfpshqs | pdrlinope_pszdtlin_e | udolnldopmurolpnrrdmlrd | eflllrmnraoozsm
K	566	4	0	erta	rqespsimcpooimqotletrtest_lrdmqftudpz | ospsodoipq_tmfclscteioqruirf | udestmcpul_suimdftmc_e | sdpactdpsuqptsucqeadtqd | ertatqcecppmiss
K	567	4	0	ecce	atigtpcscafcrtznuliemipm_leusemeq | uaptgtffce_nrcltgcmicztaecces | eigmsceq_gecrmsc_a | ugdcmgetutmgectistmt | aardmttcitrcrtg
K	568	4	0	auea	earafaesoifacslsrlrl_lrrsatelursc | soamirifst_ceelmaelrfaeufarm | urralaesui_aufrelae_f | sarselrsaumsaslauearcrmlar | feetlamerqsftma
K	569	5	0	nasca coia nolo fils	tcrgaohenoloftluzdnascas_daizhlscinr | zoagrclilon_ufledcrescoltcoias | cicrshencm_rcofilshe_q | zrinesinrccztnsrcetcqicsti | qostcecsngfofcr
K	570	4	0	fils	nrcaorutlrdgutrzefilsmcrm_isftmhrp | fdroaiggur_etliialmcuzrnhusi | hcamtlrhs_ahutmtl_u | fartlmrahifrrmahlrcaimr | unstmrilcrotufia
K	571	5	0	aipet parsa	eaipqumtsrmcaelstdeiue_tsfheata | ssuqprrrmtf_lchtrpeimeaeamqu | aipetaa_pamche_ | sptcetparsatepaaisrea | ezcearistqcmdrp
K	572	4	0	etre	rsomaqealsresptpszoqz_tsetprtzfetlg | psqamsretrelr_tatsmazoesrfeas | fetomzalft_mfeettza_d | pmetllazetlmfspslzmfasoetszset | drulzssaohlaeism
K	573	0	0		slecfpasfnslefrtoslcs_ronfpsznaa | fsceenfap_enprepslflszfdou | znlspaz_zfnnsp_a | fnarpsnazefsaszpslqnessn | acrssepllaenfue
K	574	4	0	lena	afrnddpnueepqfzaspurrd_prlsnralec | seddnmlper_aqupmnurpzfaapgro | alrnnueas_napqlnu_r | snlehulenamsfenaufrllmfl | ramhfmurtedqpomn
K	575	0	0		dupegetadsrgfdmcrqtozuz_qonretmszindr | rsepernrgdm_cfsaqepazugmdigoot | inupzetadil_pigfnszeta_q | rpndrazndpierddzpiadusnezdn | qirzdeaucdefgaep
K	576	4	0	opre nouo mire	urealnqmcsnduoogietctrlt_icpgqsftopcl | glaerspsncs_odfmiremtrnouonaci | opretqmcou_eondpftqm_r | gepcemtpceorgucteomursprtup | rteturmrpcadnre
K	577	4	0	lode neir	rilctueoanszqcimofitf_iolcusnfdlo | catclrnlnos_qsneirlefizrdsor | dlilfueoda_ldslnfue_ | cllodefloldrcofldeialrfl | rgdfreitocsorl
K	578	0	0		nsahcrplnqcdsoamrgcaara_rcdmpzaidnr | mqrchscdcn_adzlrshlaaosnietc | idahaplnif_hiddzapl_l | mhdnsladnhismsnahilsapdsasd | lnesasslasncdsh
K	579	4	0	mots form	crmiarsssterlcantmzra_motslcfosr | ttaimdeoersl_nlcsmdmsrracfric | formsssfp_mfrlocss_u | tmosetsosmfdtcsmfscrodco | uletcdsresilradm
K	580	5	0	facie possa ossa aili dies	saailirfrdiesrclcftsals_ctolrhmstoq | lrliaadodih_cemfcaafsairstipto | toaasrfte_atieomsrf_p | laoofsoatalssatfsaaoasso | possafacieisaa
K	581	4	0	slra mati	nlrefctasoptclsemhaszrcz_hsgmatizetgou | mcfeepgptot_ecisheeszrtslnettlsc | etgrezasoetd_eettcgizas_u | megoszgoeetemlozeetslragezlg | unazlesrtofctiee
K	582	4	0	mili asta	oetomlaiaflismtcraomo_castaclocss | tamoetdfsflc_milicdetiolsocliae | csetoaic_etclisloai_r | tetseiosetcdtoetcihsdos | roteodiaoilpdet
K	583	4	0	fife eiie ifer	incaeplrafeiiepuosnlnal_oniupflsiru | uaactfifer_piflotcllneeisecnr | sinclplrsm_cseiiflpl_h | ucirllircstuirlcslinzitlii | hetlitlnmrieotc
K	584	0	0		netmtoocaoqmoelshfcetoc_sfclcafcncor | lqotmmcmooa_efasmacetonnoufq | ncetmccaong_mnocfcca_a | lmcoaccomnlocmnaetsccc | anscaetpotoim
K	585	4	0	cala sete ofla	qsczagtielitqssrphmuocgo_hupirtofla | pigazettlr_rqtehetzeoctssqftuo | fczoielfe_zftqtoie_t | pzlneolzfetpslozfescuetos | tqnosetecalaqtretz
K	586	4	0	muti	iurlitqssctetsmetdmuim_edrmqemzrsl | milrgcrctse_setsegrsmutiztddq | zrurmqsszo_rztetrmqs_u | mrrssmrsrzgmsmrzsuargmr | uiamgsufslettpgr
K	587	4	0	iger hati	seaifmsaefnmneozumsas_gusrhsetgeq | uffitngnmer_znhatiasamoesetml | etgaissaeetr_ietmnghssa_r | uigerasgeiettueesietaeapgtseg | rslrsetaacefnmpti
K	588	4	0	acce eipe	oeeaqpsncusisseumlogcepc_lgpmntcpum | mspqaetipisut_uscletacceseosfgs | peacncue_asspcnc_d | mapuzccpuaetmeucaceeipetcep | doazceetceruqssreta
K	589	4	0	note	untetdsctpsdcetargzurntr_gusrsisrast | rptetasssdti_acscgatcrndetuadmu | asntrsctal_tadcssrsc_o | rtstqcrsttaartrtacnnsars | oueqracnotecdat
K	590	4	0	unir	epohzlsisfltptracloeoze_conaaeunir | aszhtfnfli_rtasctseoltpeulpor | unoesiuc_ultnaes_g | anisseniutapieuspoetntepn | genseptsoaihtlmt
K	591	4	0	sige	cshfsutmntpsigeiacrhur_icdenoradn | eusfetdtnn_gpomietfmrhtiscatacp | adhfrmnar_fatpdorm_f | efdnrmrdnfaetesnrfamshrdetrsd | fcurrsetmhmnsptietf
K	592	0	0		rsnuoaiarldiismirlcqmnam_lqraaumplc | rdaoudiiila_iurldurmnimsrpieq | pnumarlph_upiumar_s | rulgrmlupdrslmuprsnqdms | sretgmsdrnfloidu
K	593	5	0	petit tita mane	qfnspsroiappetitanfsn_tlismhnsloo | iisnealapom_tphrtenrnfpeqspzl | slfnnsrosd_nspplhnsr_s | inloarnlonseionnsrfglenl | sqmanerfaoppen
K	594	6	1	cristo cara	pemircdsgatdaeclqfaetzmcz_fetoqsuzmoah | qcristotdau_lagfsigzmdcepmdoetn | momizsgaml_imdaozsg_a | qioaqgzoaimsqeazimgemloszeo | apqzesgmcaradtsi
K	595	4	0	uoto dere fira duna sefa	rquoarqonieqlqsefaamturt_amrfoenttrni | firaodereqne_elnadotuqsqrtqgm | truotontu_otqlrnto_o | fornhtrnotdfqntotquprdtqr | orahtqdunalqdo
K	596	5	0	itali stro tali atto lato	attoqsiunrfeictipsletmts_lmasurnlarc | sfsqoeaeirr_pcnnlontiitaliml | latounrlq_olicanun_s | soaranarolstrolnttzata | saratnterqcigo
K	597	5	0	consi noie iofo cons	hoioemonncfrozofmcupsims_uscnauspsc | cfmeocrsroca_mzunuconsiofohpoq | psiosnncp_opozsusnn_g | coscetnsscopccocsopnoiescsos | ghletsocnircezotco
K	598	4	0	daro asti	auplstiidaroitufnrrptr_rninqriad | nrtslsooian_ftqdrsldrpiuaiifs | iplridaic_liitqrid_e | nlamdralisnuarlidupqsru | eagmrusdpaastiosl
K	599	4	0	timo	retltsaontimocetaefozmllal_omsfnnlsd | fiastpmsmo_ecntopttlloaetroam | sltlnti_tocsnlnt_e | ftshtlstpfetlttetltsplets | erphletptlrscorpt
K	600	4	0	fett etto marc	etmarcceitiocetlsfnpaomco_nahferochtn | ficraqohoctr_sinqaiomcletcceas | chmaoeitca_acchoei_ | fahtriohtacqfettoacietmphqoeth | zroetqimotrcmqa
K	601	0	0		oohucfalqzitaioateplrhf_prtelpdetzet | eifcustttazp_tidqpsuqhaaooears | ethulqzei_ueaitdlq_c | eutzgqtzueseozueqohrtsot | congosqhazcialsu
K	602	4	0	cere	ierrogntctunmesldzsrg_dsnltepnc | ltgoruunune_mcdurcrnseipncso | pnrrtcps_rpnmntc_r | lrnlcnrpulerpcerenuen | rileucraomnmur
K	603	4	0	sanr	zansumfsrrmtaiacrslgnug_rlicfcagit | crusdrirmc_atasrdssgnmiazmnl | insgfsa_smtiagfs_p | csilsgisdcagssanridgai | pzslgadsnotmqds
K	604	4	0	auen forr senz	oszortdanmcsdusiapfatztt_fapasetimg | pctroessdms_auenfeontzdisoidsat | izotanmii_oiduetan_f | pomrntmoiepsmtoinszlets | forrtsenzhmrudueo
K	605	4	0	naie duna	zsipoeesndsrerstrlceqaiea_cqflsmoaqfdn | lseopdrfredm_rroncdpnaietszqemqa | qfipasndqo_pqerfoasn_u | lpfdunafdpqdlsdapqnsiifdasf | uzhuasdnildoreetdp
K	606	4	0	plus	fqsrfiqlusaiqetqodsrepsip_sesdlcnpcssh | daifrisiqsc_oetnusrupsqqfcqoet | cssrpluscl_rcqetsnplu_u | drssoupssrcdqsprcuqsespqs | ufaopqustsfetqar
K	607	4	0	cole	fusgalaecsclmfshiuqmeuae_umpiaoeqpcs | isagstcpclco_hmeutseeulsfqlrmr | qpuseaecqa_sqlmpeae_c | ispcleepcsqtifcesqefunptefp | colefteucgmlpts
K	608	4	0	mafe	hqpomlridmahussiorcqoc_irfsleetcffn | siopldfdme_saetrilrcqmuhfmzrt | ffqclrfc_fmafetclr_r | sfgrcfflshcfrhqoflchf | regchlrqdpamsl
K	609	4	0	fido iete	afqotqtseietetrfdlapdqqd_polsrldcoih | letqtopeoetir_drlepoedqtfactrp | coqodseica_octroldse_l | looisedoiocplfidocefqmopdfo | lagsdfpeqmitrtrpo
K	610	4	0	rare	tnstenhecfnriddaurstr_durdeqarprhc | detmcrchq_ifandmnrsrntpiul | prsrenhpz_pfraren_m | drhonrrhpmdnhrpnnstrmrnr | mtiornmnsehfm
K	611	5	0	andre	ocetarnismqanaoissfpcrp_fzsiepczmq | sqraetrazanm_saesfretspcniocnn | czcetpismci_etcnazepis_m | setzmsspzmetcrsompetcsocpzrpoz | mlsporscomaandret
K	612	5	0	coine ture iofo mile	tfgniofosacetfmfpapntegoe_ptiaooleaiar | acoinetietfao_pmlspnsegfftafqth | aigneosaai_nafmileos_t | aniarseianaafaenasfgiefi | tturefsgaimfan
K	613	4	0	aife uolo lice	salourcetlsrcsdasrliaui_rlfscpiiufeta | sluolosfsretp_aciroliardsurelr | ufalicetuf_lurcfiic_z | slfetaifetluossetilusafoisf | zsaisoatetocrool
K	614	0	0		isopeeetgfmnoetpsrracaooeo_catagnoctmt | aneepsotoetm_rpnfcspfooetrsicetqar | ctopogfmc_pcetptnogf_u | aptmafotmpcsasmopcfsoltsost | uimaossfomepetssp
K	615	4	0	tale	iccgflfemalscoqthdctcft_hcttfeztite | tmfgatalee_qszhgtclociilicl | itcgtfeia_gilstztf_r | tgteuttegitcetgiccettct | rioutccresletg
K	616	4	0	leri lari raso	eceleritslrraccmnctzmeem_czsnifomdsss | nlelqrsrrsf_maotcqtmerccedrzo | dsemitsdi_drasomit_a | nsstmssdqncsmdtcessqmcs | aeumcqteetslariq
K	617	0	0		oiscasudfoesliiszshsh_srsumtherfr | soacreresfm_iltdrcdhssioescsa | erschudfeq_ceslrthud_ | scrfcdhrfcersifhcedisurrhir | ogchirdsnfalslrc
K	618	0	0		rluziaegpeadlrcmhcsaia_hsmeetarp | mizupeeape_cdtghpugaarlrralsq | ruaegprn_uradtaeg_q | mupetgapurpmlpaurglipal | qraetalpgdpzdaopu
K	619	4	0	eipe	uflaszeipmtzruridcrmsfss_cmgdennsgpr | dmsalstgtzpn_irnicslisfzruzoma | gflseipe_lzrgnsei_t | dlgppisgplsdupsliufagssug | tlpsusifaparzosl
K	620	4	0	atti	plottasfrcnssilipgteuoau_gerpfcuuhrcs | pnattisrsscc_iurgitruosilphseed | hrotufrchr_thsiruufr_ | ptrcerurcthiplcuthrlonriulr | paeulirooctisfit
K	621	5	0	selle cole elle	rlplomaschmslofqudnspos_uneqacsleet | qcolehehm_fscsuelsspmolrlmtnz | leplsaslr_llmsecsas_r | qleqsselleqlsllslpoeesle | rrnqslespfsmrel
K	622	4	0	pesi	rufaasunlludhpesipfsp_eietpunpqetlz | psaaetln_hlneanpfdurqoia | qetfapunlqc_aqletpun_m | paetlrnpetlaqpulpaqnufoetpuet | mrmrpunfelalea
K	623	4	0	uift	lgprricqucmimgtnfstopro_fthcseouhud | crrmhmius_nmeqfrqopitgluifta | uhprocquue_ruimheocq_o | rhuaqohuruguoruqgphogh | olsaogqprumior
K	624	4	0	tsii	pstsieethutoettspaefmrrter_frcehaarictz | eoeisicetta_ataufisurtetpspietgr | ictsrhutis_siettcarhu_n | esctourctsiiestrsiustcirsc | npaorsiutftitetlis
K	625	4	0	lira lede	ptdreaflnsstzirulledee_uliracaegilt | rnermsislc_isafumrfedztpgmlt | gidreaflget_rgsiaeaf_s | rrilofeilrgmrtlergftdpimeti | sproetmfdslscmr
K	626	4	0	lete olti fior elfo	lrfpascifnsqlleteagorao_giecmtocife | eapftninsfm_etqtitfiorsllcsngh | cirfocifco_fcsqitoci_i | efifsioiffctelfofcilraitoli | iqsoltirfpqstf
K	627	4	0	femo uero tica caui mati	lfuerotmaomfltdnqiuri_qadtpticap | dregaaaop_tmtmgmiuolflcorqr | cauitmch_comatitm_s | daetmiacgdficmfucagifa | slsetifgmufemoog
K	628	5	0	parra lata ofla	lrfsrmlaamosfnparra_fptltaotae | arsfotmal_otlfoflarmslomqpd | otrfalaoi_fomottal_s | ftaelatafooaafolrttoat | sleaolrgasomiof
K	629	4	0	sire	erpoufnetoquirsiregmom_rgnftsmsnett | oopzqnquett_iisnrznmusresuagm | snmfnetse_suinsmfn_o | netcnmnetszretmsnranzmrn | oecmrznretpiudz
K	630	4	0	faro puro llar auer	oodrglueaqlsoecfarogr_casulprssaz | grdcqsqlal_speccderoleosllar | ssodrueasn_dslssprue_a | dsauersadscoardseoosscros | apuroceoaarslecd
K	631	4	0	coie	eesplnosprtaooeftzhetrsnr_hetzssrrcrg | ztnlpnaaors_torphnpprsofeecoieta | csprsprc_pcoorrsp_r | zprcprrpcnzerrpcpesfnre | redcrenpsarloodnp
K	632	4	0	sime	cifoadleiqdllniapmqsmfdm_simecmsiqo | mddaohlillq_pncihoimflaicslss | sifomeiqsc_oslnicmei_p | moiqgimiqoshmiqmosiifrihmii | pcugmihifrqanleho
K	633	0	0		imicfaislfsiqnrtorpmcp_trrraanporiu | rscilrlfia_nsntipmfqiofsrt | ormipaiod_iofsrnpa_d | ririapriioriipioimetrpir | dmapimrisfti
K	634	0	0		rznspmsetiquasozaescdcnmc_sdseetrtclsqm | eumpsfasasqr_aotisfsicnszrlsqde | lsnscetiqln_slsostceti_r | essqeicsqslfezqcslizndsfczs | rraeczfinqpossfs
K	635	4	0	aato	htozpeluacsslotescnetdfoef_ndcurrfacm | csepzsslcr_soranzafolethalcdu | aozfuacai_zalorfua_n | czciafczactcfzaatofft | nhiftaoqcpolmz
K	636	4	0	tuia	itncezlaetzcthmfioded_foslsetdgsaf | eecnutstzas_mcetfundzhtigzooc | gsndlags_ngzcsetdl_a | nsaddsangutadngttsudts | ailddtuiacczun
K	637	0	0		dsrzmiqcafraqcsseesroirii_sosecetniusfr | erimzaasaqfet_ecnasazairqssduqof | usrzicaful_zuqcsnica_h | ezsftaisfzuaesfizuasrusaiss | hdptisaardfmcqoaz
K	638	4	0	cole sere	uecuhsetsdqlstgfcrtisehs_riecetcesnedt | cqhucolelsdc_ftesrocssesgunsoir | neecsetsdno_cnsteesets_p | ccedsssedcnocdscnsereose | puassoseadutsmoc
K	639	0	0		imqailoitndaoomnrsdaql_datsizaftng | sdliaqataonz_roatdqatqonmifoea | ftqaitnft_afootait_o | satnrttnafqsmnaftmqltqmt | oirmqtqunioomqa
K	640	5	0	aiuta lico	iooedtflzptuapsiecodc_iessfcusza | spdeocstz_pulicolcotaiutaeg | usoocflzul_outuscfl_n | sosztlcszoucszcoulocsccs | niqtccloszeutico
K	641	5	0	rosso	orqfmessulozshrpairqe_irnasetpsnls | aoemfcznzslet_phpuicfuqsrossort | snqfsulsl_fsshnpsu_s | afnlrunlfscarlfsurqencrn | sorrcuqdlmhsgcf
K	642	0	0		ahcictdcrrsdohmftoletuctu_oetotcaiusors | trtcitsosdra_foiotiucdmhasdletr | sociucrsl_isdooiuc_p | tiornuoristthruishcsotuho | paznuhtcrcodnti
K	643	4	0	riha poca	irgieaocaszadrslaecpgep_aclloephlar | lseiuzlzaa_decaucpgasrihaccf | hlgpocahp_hadlepoc_q | llafcplahulraphcrgtluprl | qimfprucgtaidau
K	644	4	0	amor	ppfdmqcoqamtistodo_thiqraozhos | iqdfpaahamor_tacapcompzmftu | zhpoqcozs_pzmthaoqc_l | iphoocohopzaioopzcihaoh | lpiooacsoftmgap
K	645	4	0	seda cere rera diri	esrislatrcpsahsazlqfmerle_qmiltdcedic | lplsiqsisacd_zhcrqqireraasedaomr | dirietrcdu_idahicetr_ | liicereicidqlsceidrsruiqesi | eseesqrrtcshatqi
K	646	4	0	fcco	piccfetlhmnitiiqaouaoceo_uafolruonfmp | onefcaifitmr_aiuhuachoctqipntsac | nfccolhmnl_cntifuolh_r | ocfmshofmcnaoimocnhicfaoif | rpssoiahcgmfitac
K	647	4	0	feti mire fere rada fecr	cdcfpurrazradapirtmecue_rmireseeto | iaupfzzre_pasrfecradcetrgms | etcferetr_fetraser_u | ifiefetidefetdcned | uciedciparnf
K	648	4	0	caui	mcasptseaztoccitscraapa_sritnqadief | tapsmzizten_ioqssmssaatccmdthr | diasased_sdtoiqas_o | tsieasaiesdmtceasdscauimaci | omlaacmsateotms
K	649	4	0	olio sole soli	ntfpcfsoletufrtarutssfcs_tseushisiels | uetcpaueuflh_rriotaposffatnifs | iefpssolio_pifreisso_r | upelzoselpiautlspiotfeeaste | rnmzstaofalrfmap
K	650	5	0	detta sone sona	dudptaqrttarsmmcpnpn_mpsmasonetsrl | mpduststtrs_saoqmsuqntrdettapr | etsunaqreti_uettasonaq_i | musrlqnsruetsmrnuetqessns | idelnsqzrdattsu
K	651	4	0	fils	raqolfniesdfilsdqmtgalg_qtdnrsgiec | dsloqeddfer_sisiqeqigaflriftp | iaqgnieia_qifisgni_ | dqenigeqiedegqiiareg | rngeiaceoifseq
K	652	4	0	loto	uncppctfrdcuuheoqlidnpd_qilotoodilrs | odppcflcro_euofqfcfdnchuicia | ilncdtfrir_ciculodtf_q | oclrafdlrcifourdcifunrlfdul | qsaduffnmrpucetfc
K	653	4	0	dota arco ture ulta	lurcgartuetcaauitsenqorgo_eqasrdotauo | setgccacau_tadtectoraiultafqq | tarcortutl_ctaaadort_f | scauztoauctsuuocttureaoua | flszoutrpuaaoc
K	654	4	0	coni	fmcpdprcgqimconiesfcdf_istnpzufhtcm | ngdpoqtqcz_oiuriorfccmfhusr | htcfprcht_hitufpr_t | ntcarftchonmcfhrmcetofmt | tfdafmorccpio
K	655	5	0	sorti iger fort orti	roostqsrgqsqmofeccprotr_cpissortigi | qtsfsisqgs_emorcfrroqfortqep | tiorsrgta_tqmiorsr_l | igerrigtfogrtroolifroi | lrderofropgsmqmf
K	656	5	0	aliro case uali tiro	ualirouflcasetnqrrlrr_qtnozirttfs | nlrihctcfz_etiuqhurlsautee | ttlroufts_ttirou_c | ntfrurtfthnafrtualdthrat | cusrrahulgfiih
K	657	4	0	sato inte	zriaeslltdasarmcofefoio_ffolrtoqt | odearaastr_catlfraloismrzqsufe | qiaolltqc_aqsatoll_q | oatlotaqrortoaqlriuror | qztorrlinteasrra
K	658	4	0	etre sole olio meta homo	eqrenhomorqpolqeolfstrht_setlmtitsetrc | lqhneapetport_olioaeotroeqesofsu | setretmors_esoletitmo_s | leetrotetresalqrtesoqrmetatqet | seutqaorcrnlopae
K	659	5	0	dissi rito issi diss aria	gnraldissirianefructprdp_utdrucprdsa | ridlamrdrisu_facsumaspriengrito | rdrapssrz_ariadcps_n | radshspdsarmrnsparsnrtdmpnd | ngphpnmsreslaicma
K	660	4	0	dete	dfclfelpqseifmiqhnagcfg_haoqeugetops | qqflososepe_iiulholgcemfdeteat | etocglpetr_eteiougl_a | qopclgopetoqfpgetlfcpoogfo | adtcgfolcpliemo
K	661	4	0	fate atta	ehzatnfatetnsunarltht_rtafmeaq | attazuetetnam_nsruzhnueenitc | ehzfaep_zensf_g | azaoazeuaazeheu | geouhsaasncuz
K	662	4	0	etre mifa hore fami loda	ohpsqelfietrezhquseaapqa_samlcuarmig | etqsrmreic_uzufsfapeqhorerap | rmpalfirf_rezmualf_l | mifamirhiarfhpcmahm | lodahfpsiszeo
K	663	5	0	netta	lptcmssetlchscprrtrlists_rigtsufsglo | tcmcnhghslu_rcfetrncetstsrplsais | gtcssetle_cscgfsset_d | tcglaetsglcntplscetptegnspg | dlaaspnettalmcsonc
K	664	4	0	mesi maco sara cuna ouer	smopuolsaraofmcdrspcuc_pnrlgocuna | rrupoeanaoag_dfoseoscocmsuofpt | unoclsaus_ouofnocls_a | ronaescnaouermacousmznecmn | astecmesiapfoeo
K	665	4	0	cote caro rito pisa	ltemnflioanultprpssqiefi_sqcpisaiccaet | pnfnmuculas_raosmoielptlclaqz | ccemiioaco_mclcaiio_ | pmcaroicamcptaimcotemcitc | ldritoetanlem
K	666	4	0	uali doua maes	pdoualiqmhqpiadmaesdzolz_sdseqfozlsh | eqlauspspihf_aaomssumzoimdplirda | lsouzqmhlc_uliasozqm_t | eushcmzshulsedhzulmdossszds | tpczdsmoehaaicsu
K	667	4	0	iima	atmrautqrcustpdndsiimai_dilntupirlrl | narcclcuru_dspqdcrqimuptaruie | rlmritqrro_rruslpitq_s | nrlreqilrrrcntrirrqtmslcitl | saheitcqmzrsuicr
K	668	4	0	pisa	rmscsgrsqsslmpisaucsc_afsgocnfsl | sqcsfssso_ilrarcsspmrnsfe | nfscgrsna_nslfcgr_h | sfsircfsnsmscnrmspfcmf | hrnicmrsetsclso
K	669	4	0	ramo	siaiehprrehzsoaocpuiiei_cufotifrg | oreiamefehrt_azpcmapiihoshlud | fiaipru_ahzfip_a | oafrdpiframosriapsilfmisf | asdismpimrizhqma
K	670	4	0	toro himo paga	ilftramhcoalisrpesaolro_earpqeoprh | pcrtftoroahq_rlemetfmolasipagas | prlfomhpt_fpalreom_r | pfrhimorhfptpihofpmilfrtoir | retioitmlshtlantf
K	671	4	0	gola	ngolaaaopcaqnqutscisgas_siftsesefom | tpaloecfcaos_uqeaseoasgaqneaiiet | efgosaoe_oeaqfesa_l | tofotasfooeetnosoeangofesnf | lftsneagzolqateo
K	672	4	0	cara sara	tmuelqsduaamcorlfsuls_rfroqoascrdl | oulesarado_aasrsessucmtczfi | cruesqsdcs_ecarasqs_t | oerdmssrdecsomdsecsmuetrssmr | ttnmsmssuodaise
K	673	4	0	egro iete	srtupoenocsadcilzgrpg_izlchdgnlu | cnputeloh_dcdeietegroasnoizr | nlrtgent_tnocldge_a | ctlegltnecsgtnesrlegsl | amgseerrucofet
K	674	4	0	firo sent	hotisentrqlenmoiouftef_tidfqr | lesiceenqi_omdrcirftniohnds | tiftrqe_inmdftr_g | iqarfqicoqfirottcfo | ghaafocrtaqsmnci
K	675	4	0	suit	asteiscqtqrsretgesplpsip_slnecdrplntn | eqietirnrstd_grrqsitqpssetalszlc | lnstpcqtls_tlsrnrpcq_a | etntoqpnttlietptlqsunipn | aaopiqsstersuit
K	676	4	0	alta sefa tutt	fusttsefausngdtrdzcutc_rzqtesicaqap | tuttslqsas_dnifrlsfcusgfascz | aquscefaaet_sasnqicef_r | tsqasfcqasaltacsafuiqlcq | rfosclfulatnsols
K	677	6	1	adeflo seda	esedasmnoslsmiopqcnsan_pcoomignaooe | osadeflolsoi_mgnpfennssieasicd | aosenmnoa_easmognmn_ | oeoolnnooeafooneansofno | elnfnsaodmstfe
K	678	4	0	diro addi dice	gmdtiaoaaotormaulitsetdaet_isclaletrcn | loaittcto_urlaitaetdoamgroesc | rcdtetaarc_trorcletaa_p | ltchaetctrlmettramdicetmc | pgphetmaddiront
K	679	4	0	iola	qhuretcomtosheoeizagucg_iapelagipma | etcetrpoml_osairguoehqiolao | ipurgmif_riospag_c | erpmugpmriehmgrihudpghp | cqeughurmetsorr
K	680	0	0		ctnfddearameztlitclotndt_cotapettsrs | taddfsmmerp_izetcsftneltcsegoi | snftarsu_fsezetta_s | tfrctrfssttrtfstnlstt | scocttsnrrdzensf
K	681	5	0	tione tion ione rota	afgshecncpuscqflrotatqgeq_ttioneqlipl | ouehssiscpe_rqctscqgclfalcrtd | ligsqncple_slcqiqnc_z | osipscqipslofpqslcfgmiqfi | zamsqfcgphqcds
K	682	4	0	anca	czdmupirnicesqolsnzun_osdqptrnfds | qrumdandnt_sirioadinzecfets | fdzdnpifp_dfidrnpi_ | qddainddfaqcndficzldancd | aancaizlmisad
K	683	5	0	oltra tran insu poli anti	eihacoantipolinsuetcrhcr_ucsaotrtp | sicarppoto_nltnurnrhoieomct | hrantm_oltran_r | stfnrtrsitrnihrri | reufrirnhstalozr
K	684	4	0	uiia opra alia mala unir	sglhrnfaopratdaunirghr_uiiancfrlial | aohlipiprac_daffuifrgrtslrtiq | ligrnfalm_lraifrnf_o | aiafrialiaarlfgziiri | osrifgmalarsi
K	685	4	0	cote	ealzpucotetcaqsriarplup_irlrccphltd | rupzletlettc_scoilzoplqaehfre | hllzpcothn_zhclpco_i | rzltsopltzhlratpzhoalqllpal | iesspalolstpcnlz
K	686	4	0	sale	ncriosnassunhcrqisalerse_slfiaaeafsm | isoizufuns_qhasszisernrcnandlc | afrieassaf_ianhfaeas_c | iifssefsiazicseiascrofzecf | cneczsrsohnrzi
K	687	4	0	espe	dmosauhpteadlraidcmsc_dsaulrcespet | atsoeseapl_rrhhcmaldealds | esmcuhpef_easrcuh_q | aspthcspeadpcehdmnscds | qctcdhmipoag
K	688	4	0	sige	ahcmdnirspcishitufmcnm_oulrmsost | upndmpcocisl_tsrrpmrmciihasiget | socmmrssu_msisormr_ | umosrmosmspuhsmmsrhcsopmho | anmhprcrsdsifpm
K	689	0	0		fnnrrtucfpssurnilqsmdntd_qmalcqidgapl | lstrrlsasupq_irifqlrfdnunfgupm | ganrdcfpgs_rguraidcf_e | lrapdfdaprgllnpdrgfnnoaldna | efrddnlfneprrulr
K	690	5	0	preti apre	shfdrqsptethlafuctfq_utnfsescnpa | ftqrdlnpe_aetsuldflhscztr | cnfdspc_dcetnss_r | fdnponpdclfhpdchfinlhn | rsoohlfapretild
K	691	4	0	ciel	cielsonctrsumcdqqiq_cqmoaaqmci | tlezrmrsca_manczenqisucsrqo | mieqonch_esmaqon_e | emctnqmcezcqenipmzqm | ecitqznidclssze
K	692	0	0		umosetcntepmhqfniqosq_fiuqtizqouns | qsettuteni_hpzcfetcqoemuoefis | ouoqtcno_oepuzqtc_a | qunscqunoetqmnqocmoeuetqmu | aulsqmetcoanpeaet
K	693	0	0		drsafrhzetnrtdmusoiosrfs_oolshacsiletg | sfasfnlnreta_utczofszsrrmdirqoe | ilrsshzetid_sirtlcshz_t | ssletnzsletsifsdetssizdrslfsdl | tsnsdfzraetatrfs
K	694	4	0	feti	rmdliczpqetcszemtehaqfudcu_afshpsuiset | hccilssszet_eesqalqudztmrizsfp | isdlupqeti_lizessupq_c | hlsetmqusetlihmetuliqmdlsums | crdmumqdfetiezal
K	695	4	0	paro alda	olduetsqparrqplfnzceutdst_cumzpqgtomrl | zsetutrmrqrq_npgactuatdqflooqcue | omdutparos_uoqpmgtpa_c | zumreatmruotzlrtuoaldamttlm | coetltadsretpqitu
K	696	4	0	dico	oqnialaspaglortartcqac_rtdaasrcsdpl | aaainigdglps_trsrinscqlroslsti | sdqncaspso_nsldrcas_c | andprscdpnsiaopcnssoqedicod | corcoisqspiletin
K	697	5	0	sapra capi isli apra slia	arqigltchdilirrfcaceqg_aeactzosahs | cdgipiailhz_fiocapicqlrrasltef | saqitchs_isliaotc_m | ciahtcahispcrhiscrqsapra | maettrpcqhilepi
K	698	4	0	aere	smqsarcsdaeresciodhtmat_hocrtndp | oaasqseerdr_iessqstmrcsnretho | nmqtcsdn_qnretcs_m | oqdastdqnsosdtqnssmasts | mlatsssmudserssq
K	699	4	0	efee dola mode efue	qnaomelltceesnocrauam_aufrlssaftr | rcmodefeets_cssladolaeonqaefue | afaolltaa_oaesfsll_d | roftlftoadrntoalnahfdnf | dqndlastseido
K	700	5	0	preso lete lato cori	aorireccgeteosoaslpprrp_splacrtpelc | agriqetleter_otcsqicpresoaeerpf | elripcced_ieeltpcc_l | ailocplieqaopiecorilqpol | latopoqcrtehqi
K	701	4	0	trai riso reha sali trat	casastelizrrehamadtlsst_tstdlgatzd | drtsarrtrez_ahgitraisemacaersc | atsaliza_aaehtgli_e | datzcitzaardazaaiasntrat | ecocarisozsheera
K	702	4	0	fati	iasmasqntetlaqfatiosss_isctnrlcetf | tlsamlacaqet_frtilmtsqailqasd | lcsmntetlp_mlqfcrnt_o | tmcetstcetmlltaetmltasrclac | oicsaltsuetafqilm
K	703	4	0	rose	szrosfeopurzruetflisrfs_fiaetetmsmao | etpfsoguauot_urmfgosrrzsmlid | maroseome_omramse_p | etoaorsaoomgetzosomzraagsza | pstrszgrcosrcgo
K	704	0	0		urpisdaslsetiafrtamqdrpdr_mdnselrinso | etdsihiniase_afllmhilrpatruiaed | inpirslsin_iiafnlrsl_c | inselrnsiihrsriilrppnhrrn | cuoerrhlpssfaqhi
K	705	4	0	esce laua mite	oqemetpcicapuqiasrrmtet_rmuscptruct | setmlauapc_aupirlmitepiqorpcma | ruemtcicro_mrpuuptci_h | smucsitucmrlsqctmriqetultqu | hoastqliescetupllm
K	706	5	0	altre tete altr	aqnptcfraltlohsrcqqpq_scahceuqarr | hapnelaltre_oufsenfqqtlatdco | aqnqcfrg_ntauqcf_i | hnardfqarnehrqnfqraeqa | iadqefqprteten
K	707	5	0	feera fifi feer	eetdznsfitneespgmlozo_glrpsdrofrio | ptzdetarnid_erfgaetfonsefnl | fretosfifi_etfnerrosf_a | petrihforietfapeioetffeeraoer | arhoeaflidenlaet
K	708	4	0	rada sfar	orthancidrecirrdtluatna_lstieaisro | tnahfesecr_diedlfhdatcrroicm | isthaidrit_hiciseaid_q | thsradasrhiftrrahidrtusfars | qopaarfdtrraicsfh
K	709	4	0	alno	mlseahcqznpucrlfiadosho_dqaqtroeqne | aphaesuqucnt_irrzdsezoscflmecnr | eqseoqzneo_eecrqroqz_c | aeqnszoqneesalnoeezlsiqsolq | cmasolszsnarcpse
K	710	4	0	etre	tqtlofzmasetiqsoeacgftff_agrezeqfsra | esfolnetretae_oiqmanlmftsqtsdgs | srtlfzmas_lsirqfzm_p | elrapmfralsneqaflsmqtornfqr | ptrpfqnmtiaoianl
K	711	4	0	mine lidi uane nell	suanepsmtisuadlfcciaei_fcdlpsiiedmf | ltenlidims_dsisflnsiaauseac | edanipsmer_nesdiips_z | lndmtsidmnelluminesuaodliud | zsctiulsamsln
K	712	0	0		ioqctsudsefsilzptcsdotd_tsupulndqusr | petcqhfufssl_zndthqddosliqsasn | quoqdudsql_qqsundud_o | pqusiddusqqhpisdqqdioruhdiu | ooidihdoscsghq
K	713	4	0	anoi haro	hogieprlcerhqilseanoin_samlpstnfmlm | lcigamels_irtrsagrnoeqhfeat | fmognprlfd_gfermtnpr_a | lgmlrnmlgfalhlngfrhosmanhm | acnharorlreoag
K	714	4	0	uede feer	astrdpecelfeesaoqairtpr_iqrorgem | qlpdrtffeer_oeoctrcrteasageis | gtrrceg_rgeeorc_r | qrepcrergtqserrgcstatrs | raetprstctuedeestr
K	715	0	0		dhmtocslruochifrgamo_gmrscetqrs | ruotmdoocrc_fetlgdmlcihdqcmz | qmslrqe_mqcetsl_e | rmrflrmqdrhrmqlhtdh | edrfhdlartcadm
K	716	4	0	cera	pohlplsetagdlozeelschpc_lsresucerar | egplcdrdlau_eetlcletchlzopelisn | erhlcsetaeo_lelrcset_i | elratetcraleceoacleetohdrccor | ipqtcocethqaltcl
K	717	4	0	lete iofo stre	eishragrsczafipiofonetset_fnaogqaetdasl | ocrhpzazasq_ifarfphretsapiedasns | dashetgrsdi_hdafaaetgr_l | ohastretashdpoisethdriscapetia | letetiprsasrfauph
K	718	4	0	trat	siqnmratratpoarfimf_arorgsfsd | otmnqfrrg_pasaafqafitssorc | siqfras_qsasfra_a | oquafqsfofqsaietff | ascuffaiunaefq
K	719	0	0		qudpnradlhtoatursgcrindrn_cigdmlniha | gtrnpcooahm_stllccplndaruqiafie | idpndlhiq_piatlndl_s | gphalnhpicguhnpiludetcnu | sqtanucldohntacp
K	720	5	0	sorta cito sona sete	oreelccmetzcnrihsortaela_otsscfgassett | slepzszcetf_hngmopemaeciroscito | sseeacmetsl_escnsgacm_s | sesetnmasetespsretaesmresspars | sonarpmeaetncqpe
K	721	4	0	deue cola	eucomrdaftddruesinlcrl_infltlgffo | trmosdfddfl_srtaisoalcdeuegdlnn | gfcolafgi_ogdrftla_s | offzalffogsuflogaucrfsluf | setzlusachfmrdetso
K	722	4	0	etre sute	etretglclssncrrsutedsfelf_eshtlpefihso | tlgtnhncsp_uresetsfecsreticuso | ihetflssiq_ticrhefls_l | tthssfhstitrsftisredhfrh | letafrsesgrczt
K	723	4	0	etre inde attr	errhmcrpeolcarzettastnrmn_attroindem | tomhellceo_etaipaehpnrczredcstc | drhnrpedi_hdcainrp_c | theupnehdetrenhdprrienr | ceunreprreacseh
K	724	4	0	etfi iera eran fere	qtripaqsastnzclufere_lflcqcmeclu | cpipslsac_zsmlpierantqcaetfi | clrieqcr_icaslmeq_m | cilaelicpcteictrilpetl | mqraetprdpsaapi
K	725	4	0	sano tono	rfhasceaqisemfusuieohco_ieouaqsosoic | uscsanoeiq_smsqinaqoheufrseeet | sohaoaqist_asemosoaq_r | uaoieqooiasnufioasqfhtonofo | rrreofnqhaismepna
K	726	0	0		etssqgurrpiufscroizlfsf_ilnomdfdnrt | opgqainiurm_rfdriaqrfsucsetduclq | dnsqfrrdl_qdufndfr_o | oqnrhrfnrqdaosrfqdrsscnafsn | oetshfsarsnrgfuaq
K	727	4	0	mala atto	daetocrgaternafiirqmetcm_iqtigsimtttu | iecoltrts_fniailametradtrqu | ttetmgatto_trntimga_f | ittdamtttliatmtaaetqtlmat | fddmalaetztonrnl
K	728	0	0		eqloepcliuafcoqtetidirlpr_dinilfmrtnug | iapeodfnfcuf_etomiddoirlctqetcsic | tnlorliuts_otconmrli_r | ionulirnuotdiqurotiqlzndrqn | reelrqdilrueocdo
K	729	0	0		tliirnsqsfstlzlehulaina_hldesgaafdso | efnrimsdssg_ltaqhmiqaizltfmls | fdiiasqsfp_iftdaasq_ | eidsuqadsifmelsaifqliadmald | tualmqipsrtrmi
K	730	4	0	rpma fara	nahrafelqoaecaetmesguhfu_egzmlnaupzo | mfarazaeon_etcaqerquheanpelgs | pzhrulqopt_rpeczaulq_f | mrzopquzorpmaourpqahczuaz | fnrpuaqhcoaceir
K	731	4	0	aere	qoafealmrrtclzoanrplaal_plnmtilglro | ntaeficlclrt_zirifrlalaoqgltpc | glaflmrrg_fglzlilmr_s | nflrsrllrfginorlfgroanlilol | sqmsloiraerezlrif
K	732	0	0		uerctaetssomaceauisfztz_ifpuetlrzapsd | uotcrmmpmasl_acrsimrszaeuaafa | aprzetssaq_raacprzets_e | urpsiszpsramueszraseqpmzep | euizemsrsccasmr
K	733	5	0	matre tire	nciporgudersgicnmatretiret_thaucetshes | arropeshsge_micdtepdetigncnsgsu | shipetudesl_psgihcetud_l | aphemdethepseaceetpsdcifheetch | lnqmetcedieoigoep
K	734	4	0	lete quai	etlaetquptfptuillquaiehaqh_aeupszhefr | upqtesttufs_qiztasethaulleteuse | eaehptfeo_eeuizhpt_r | ueffthfeesulfheetlarshl | retgfhlstalftiuase
K	735	4	0	rete sete pure	ureticmierdsmuacptdlrc_tlapimarq | pdcietssasmrm_cetsetermaumslf | aretierq_etmaie_r | petarzearetspureteuroasua | rfzusersrimtset
K	736	4	0	uele	rurafqccepcqsuodhinalrfl_iahcssleem | hpfanccqes_dsscinclrqoureqoaet | erlccee_eqsslcc_g | helcleenhuelecurunlu | grlluncrieasqtn
K	737	4	0	sole	tqrnclnfsilstrsoleqce_ossneaegssz | sicnrlslse_rsafolrfeqltglci | gsqrenfsgp_rglssaenf_f | srssfessrglstsergftqaslets | fhetlfqrsnsltlr
K	738	4	0	saro rose	csiipelgnrpcsasfqrqiq_froseepqtogi | sniisarorpge_aplfaslqpsctpard | tosqelgts_stpopqel_n | ssogzlqogstascgqstlceoaqco | nzqcaltgipcas
K	739	5	0	prati	dirpnsaspsrsafitogcatrs_ctrgssorsz | grsnpnsrsas_ofspcnppratidoamta | orrpspsoo_poafrssp_m | gprslprspongispopirqrnir | mdflinprusnfaqnp
K	740	4	0	peso	rpesnoqtinmasuetpzsps_etzruormslrq | utselirinqr_smmetlespnarlncza | lrpesoqls_elnmrmso_d | uerqcsrqelluqselpurlsr | drccslpoqsmnale
K	741	5	0	mieto spese	uinepidqcseigiflsfocnc_soqldscmqca | lspeseqeic_fgsqsseqcniiumietod | mqnecdqcmh_emigqscdq_a | leqcmqcqcemsliccemqincqsciq | aupmcisqnicpgise
K	742	4	0	moia lido	egidrealmssaogufepaoieo_ealflrrotlset | ferdqslsasr_ormeqdmoiaugetaqan | tlidolmst_dtaolrolm_t | fdlsfmolsdtqfgsodtmgilqogl | temfogqmipsroazqd
K	743	4	0	raso	totmetrhlgietntrasouffomf_ofrsrndfrla | sgmtsirietln_andhoshfoetrtetsf | rofrhld_etnrdfrh_e | srlphfrlsstlfhtoersftr | epftsholtnetas
K	744	4	0	aato	llztatquooatmlsssedfzaf_sdqofloa | oatnaatoo_smusnufztsllltcdr | lzfquols_ltmfqu_h | oqufolnloflulzpnfl | hliqflnuzrotmtpn
K	745	4	0	dall esce dici	equphgdallrdiqcsfnlzeuge_nzcfaieca | flghprrcrd_siilnrpleudcqedrzp | cupeal_pdicieal_a | fpcclecprfqeplqutcreqc | aesceqrlushidmrp
K	746	4	0	tara late	etirsanzpclatetoonspamism_saunnesmtupu | ncsrtlulape_otszstrzmiaoettarar | tuirmnzpto_rtatusmnz_ | nrupqzmuprttnetpmrtzetirutmetu | dqmettzisptaftr
K	747	4	0	tore maco colo	ieahencosqereidasoeho_dslnaoloq | shamqlqeoa_ircdmacoeeeieetsr | leaoncop_aerlonc_r | aloccoloamooacedlmol | ritcomcetoreuma
K	748	4	0	refe slia	sfetliasliazftapfoneete_fndpsrecdo | plileidias_azrsfelseetatfscapnh | cdetlescs_lcazdres_m | pldrsedlcepfelcsfetadeefd | msqrefesetizaeel
K	749	5	0	mieto iion tosi	etiqptacriilgcfimulressqas_rszlrdsozi | llatprgzgcid_ufirrpisqcmietocesm | ozqpsriion_pocfzsri_p | lpziisziporliispoiiqszrsiz | petosiriqditfcrp
K	750	4	0	tout	uoupcshitmddhioilmrpfsuss_rfmiersmg | mdscpddhme_lirtrptsuhiouhetf | upsitm_phirsit_q | mpmstsmpmomsptoutso | qucssotuzmcihlp
K	751	0	0		qtaeoipalciiqitnrrletoe_rlmnpeetmas | nloeamcmcia_tirmaetiiqetisla | etmtaepaetf_aetiimep_e | namaemaaetmnqaeaetqtdmmeqm | eseqmtoaeiigma
K	752	4	0	deus ofir	qsmdripudffpuslcoeitmit_eoogrteodq | ofirdafofpdg_curueadutmplsqept | eomdtudes_depuortu_p | ododeutoddeaosdtdeusmcoatso | pqietsaumzdrupaad
K	753	4	0	etti tera	ottsrfesarmueettiioactfc_ialisqrcnlri | imfrsculuerq_teraicsactetoneae | nltscsarn_sneelrcsa_l | islrpaclrsncitrcsnattlcctl | locpctcatsrreecs
K	754	4	0	nasi	etrasleuzalecriarqoeiali_qernqinzp | ralsdllezn_acquqdsuiaeiretneep | nasiuznt_snecqiu_i | rszsuizsndrrzisnuragdir | ietasirduaozcerds
K	755	0	0		cqitsrdrmpqdgqodautsirs_aternsoepr | rstmqeqdpn_dgmamtmsidoqcodsts | oeitsrmpoi_todgesrm_e | tepamseptomqpstomqicemsqe | ecasqmmiapsgdfmt
K	756	0	0		tlqalretqrdrclnretusql_usgetehcmgqf | etrlasdgdrqh_rcctustqrnltmrs | mgqetqmi_mrcgcet_i | etgqatgqmsetlqmtlqsgslg | itralstqlqacres
K	757	4	0	lico	lspslametoracsqpatoplo_tfansohfetu | aolssrfraetn_pcsmtsmopaqslhaen | hfpometht_hacfsom_m | afetcmofethsasetohmsplfsosf | mlicossmpsetscafs
K	758	4	0	sano ceno	ruaescdsnszrdiulqplooaco_otpsmroltsa | pzcsecrtrdsm_qirncenoadlurldpoe | ltaeosnsli_elditrosn_ | petsanotselcpusoelnuatcout | rtaoucnasssidrce
K	759	4	0	hata hate meda	ieihftmtcimtaedslfcrdid_frclmedaccn | lifhqmcmtce_satfqhtditdeiatnro | acihdmtcal_hatacdmt_z | lhcctdcchaqlecdhateiacqdec | zisdeqtitcfatuqh
K	760	4	0	aato	dssloeoefaatocslpdaogseg_aoedecqgea | daeolrtetoac_pcqfarlfgsolsdofos | eslgefac_loceqgef_m | dlearfgealrdsaglfsstergse | mdurgsrfsqaocoarl
K	761	4	0	meme	pumgtnmedsncuirqfeete_qeurmszeetuet | rdtgmssusnes_iczqsmenupetniea | etumemeetl_metncuzem_a | rmueqeuemetsrueemetuduseuu | apsqeuslegcnsm
K	762	4	0	iuin	fpsrmlchorgcupqiinzroslo_nrpihtioapou | irlmragpgcot_iuinaroscqpfacdro | apsrohoas_racupioh_s | irpomoporaaipoorapsrpaopp | sfcmopaseomucar
K	763	4	0	mate rara	icmstczsftqzecsraraqmcq_alassqrln | atctsnqlqz_resfnsfqmzscirzetal | rlmsqsfre_srzelsqsf_a | aslhfqlsrnacqsrfcmglnqcl | ailhqcnfmatezpns
K	764	4	0	tare	ootaanetmolnfoetpqsirtar_qipecrdmn | poaarllnmc_tftqratrtneoodnuii | dtaretmds_adnfret_s | pamstrmadrpomradtotqrro | somsrorttlmfnlra
K	765	4	0	auro tuus puro omai	tnspsqmroaetomcnapsztuusqu_zuasriaulaaf | setqspoaomai_pcaozpousmantlmtui | laspuroalm_plmcaauro_r | spaaeouaaplsnauplonsrauna | rteunosascmlp
K	766	4	0	esto tofa	cstefmdrtlmaspoqmoctc_qogodcsgu | otfetlglm_arqterctmpscsmsoi | sgtecdrsi_esmagcdr_z | oeglrcgestoscesrstegtcsg | zcclcstrtofamnte
K	767	4	0	euer uero	ueiqcssofllsneueroshgig_ohcrsragocfq | rlcqslclsfr_enaoosqogisueuoshm | ociqgsofo_qosncagso_i | rqcfdogcfqosrefgqooeitcsgec | iudgesoiifcnslsq
K	768	4	0	laro post	mrtirsomrodpofrlanhtts_ntqametpqos | adsrilpqpoo_lfetrnlirtormpostu | pqtimropa_ipofqetmr_ | aiqoarqoiplaroiprrttqlrq | mearlrtuorfosli
K	769	4	0	nuto	ocnutoeoqhnqedcasmpglnol_pgtmoerlthr | mnotulqtqehe_sdrqpluqlneacoetgc | tnuloqhm_uedtrloq_ | muthrqlthulmchluqcnctllct | olrlclqnshtdealu
K	770	4	0	sale	hqaocdesradgqmrtpfilcl_pisternlesrc | tcoaasadrr_rgnspasldmqhedoiu | esalesrep_aedgsnles_u | tasrislsraetqrlaesqfslqs | uhsilqsrogdca
K	771	4	0	iete esti dure	trddetsstipacrfolcledse_clulszietuio | lpsetdrauaiz_ocitcrdtedfrttlo | tuddestith_dtcuiest_r | lduieteuidtrlriedttrdureru | rtmeerrtdfietcsrd
K	772	0	0		sqmadrlsiidsqtpuonspap_osrurffpnrse | uiamciridsf_psflocmlpdtqsndmst | nrmprlsne_mndsrfprl_et | umrsqlprsmncuqspmnlqrcpqr | etszqpqclassdcm
K	773	4	0	pari	hricetsieadrsfhdcneoqqretq_eqanimcqpaat | ndetcirarsam_cfceeieqrsdhpstqr | pariqieap_ipsfacqie_t | niaaleqaaipnhaqipehrpaqha | tslqheracfsai
K	774	4	0	motu armo fari arie	etassarmotudrzipdasrfaaf_arfdmtcfqftn | duasscdfdrtt_pzcoacsofarietqrurp | qfasfmotqr_sqrzfcfmo_m | dsftofftsqcdtfsqoanfcff | metcfcoaotszrlcs
K	775	4	0	fura trin teri	lieimtupsltrinfqzcaea_qcuundaluss | mirlultsn_frdpqripaetnilltsco | lueiaupslm_iltrudaup_t | iusspausilrisailpiefuraiu | tltsairpegsmrteri
K	776	4	0	iter sere tera	iudetgssagiuiertdt_ercithtccsn | iteracagst_ihserestdguicgarp | ccdetsscr_ecgichts_u | iecsetstcsecriustecsuddcrtuc | uisettursdmstigore
K	777	4	0	leni fcco	slstcriersccsmaifpimtm_fiirqomfee | irtslussceq_acoifulimcmsfcoiz | flmriefet_lfccomri_s | ilenimelfuisemlfiseums | sunmsuisesccdul
K	778	4	0	nomo fcco tran	cqooccraufrtqdsrsetmocm_sqraspmquf | rfcconqrus_stpsnomordqcrzl | qoomaut_ortqpma_h | roqugmquonrqumoqolqnmqq | hcgmqnoouctrano
K	779	0	0		dliqcaihdceillfmopsaiaa_ossmhaaetscg | meacqrsic_fadorqdaiilldetiosu | etsiqahdcett_qetisaahd_l | mqscsdascqetrmlcaqetdlitsrals | ldnsalrdifccitrq
K	780	4	0	tutu nare	szcaruetgomrsnqflrotsat_lotfucutatgq | foaczhmtmrgc_qsuetlhzettsrnareon | atsztuetgar_zarstutuet_ | fztgetttgzahfgtzaetsethtt | ithetsmgcsrfhz
K	781	0	0		snrmfztulprznllsattft_amstrtnmls | spfmrurmrzl_lruaurutzlnsnzrd | nmrttulne_rnzmrttu_p | srmloutmlrnusnltrnunhmutnm | psotnuuclmzeur
K	782	4	0	utar taua dano	arinmazqfddazetrcpcsaiaa_csupqrtaoudl | pdamntauazdr_cettfctnfaizraozse | ouinaqfdos_nozetutaqf_i | pnudufaudnotprdanofrioutaru | iaeuartfiedmetzltn
K	783	4	0	sone esso leuo	ueasisqfnsaqpelrzcuas_uetzfqdoetsi | zasisetqsq_rpdnsnaqleuoqmur | oetasfnsot_soqpetdfn_f | zsetsnnetssozessoneaheteet | fulnenatsipqrs
K	784	0	0		aaoqztnsdaorhrgprazr_rpthtmrltso | hzqofdtdsm_rnrfonraoalepf | ltaortnsli_oltrtn_s | hotssnrtsolfhasrolnaaqtfrat | susrafnaetsqafo
K	785	4	0	fcco	qcaoehuqaespstsfccoc_srthatclrd | tqoanaraea_sstusnauccepqleap | lrcachulr_alesrtchu_o | tarucralntcalucrrncr | oqccnuctsesna
K	786	4	0	cauo ulta	pcauoelsohactgluzftaot_ufeledqtesf | loouihehsd_gaqluiultatcpfs | eautelsp_uaeqtel_s | luesetltesuilcstulcaeeitce | spdettcilarsaciu
K	787	0	0		sazrrpgitcgeaetsmfmhnzpn_fhlmiianlcq | mprrqlgci_seatfqrtnzgetasgcho | lzrnitcs_rgelanit_e | mrlctnlcrqmacnrtazrlqnal | esunaqtzdcregoqr
K	788	4	0	ogni neui	pfasrcetneudfetpftnlocacc_logniqciguz | dcrstfgfetui_npqeltsecaettfpietloa | igascneui_sietpgqcne_s | sgusecgusitfucsiefaugtcfg | spmscfteaourpetots
K	789	4	0	erii ceri	rhtecretumraietshnspocltrl_cpulqlsrn | parceriietrl_ssqmremltetnhrsetqcd | stelumrsu_esetsqlum_ | persmlresrphrlesmhtirlh | rdslhrmtorcsetcre
K	790	4	0	cote este	ieeostatssotehmsracesc_rapsaqncpsa | sssosopotsq_mntrsotcetheitlai | peocats_otpncat_d | sopsdtcpsossescoteefpscep | didcestefstiso
K	791	4	0	rota	ftuspeodpmoftriorazuez_raaodszrar | opepssmamod_ifsdrssdzuortfrotah | rauszdret_srofaszd_c | osaidzasrsotzsrdtugaszta | cfliztsduepfoqss
K	792	4	0	sfar	etglshiiedtipgrdlnqurlir_nufleszreft | lihsafits_dpzdnasdrlirgeteiauo | eflsredteq_seipfzred_l | lsftedrftsealgtrsedglsfargf | letnergadlsthpifas
K	793	5	0	prete rete duro tero esso	roetpzemsteorusclfretzr_cfcsmqgrecd | sszpstcteq_ugcspreteroreeoft | ecetprme_peecgrm_l | spcurcpessorpeoetmcsroc | lrdurosetoeesp
K	794	5	0	rendi dils rema ture	anqacerszunturesfdqcd_eflrendilsr | rzcamlsn_uuremardqtnaifi | ilqadersit_aiulder_t | ralsrrdlsaimrnsdairnqolmdnl | tasrdnmrqlsusma
K	795	4	0	riso tari rota	corfgasstshaconnaraga_adspcaidto | sgfrrhdhatp_nccsarrsaanociail | idrasstif_riacdcass_t | rdtqsadtrirotarisotdraod | tceqaorsitfcaerr
K	796	4	0	homa nato	uecainmozqcnreeoqitlil_qthomaclhzp | oqiacchcnza_rcoqcolneeunato | hclmoze_cnrhclmo_g | ochzpolhzcoezlcoeshleh | gudpleorzarntc
K	797	0	0		esqdulqpnetelcsluoatut_asoqintsns | oetudqeselni_ucnpqptllselzaf | sqtqpnh_qlcsntqp_t | oqsniptsnqosntqpsstss | tetitspdndclfq
K	798	4	0	fama fate dame sete tofa	hutfdpmcloqtmauqeuzsstps_usetecssaetot | eqpdfatettmo_asluaflstmquhamsa | aettfscloas_famaetsscl_d | efetorlsetofaaeuosfalutetasuet | dhirsualtnodameaf
K	799	4	0	delp dete	ulefnasetpqaslsgeolaceac_oaceozclcpt | eqanfdacaspo_gzetodfetcesslulsrau | lcefcetplf_flsczcet_n | efcpdetccpfldelpcfletlepcdclc | nurdcldetempnshdf
K	800	4	0	nana uria	unadfasptnseoetocaafa_etczomqanzsl | opfdltztsm_eqaetldaaasnunscd | nzadaasnh_dnzqaa_r | odzsiaazsdnlonsadnanaszlanz | rurianlaaqscld
K	801	5	0	slato dosi lato tsfi	uceoqlcismrlhcrnspitdeqd_pttscrsdstsi | smqortrlsr_nhsipoidelrcuslato | steodcisst_oslhtsdci_ | sotsfidtsosscsdosiceftdct | uefdciesshlmo
K	802	0	0		iucpmdtqcsrftsuarlgdrcdr_gdlqnrrssl | lrdmpefftsn_rsrcgepcrctauistqdp | scprqcssa_pstsrrqc_s | lpsecrspselusrpscucoeru | siaeruecctsmstcep
K	803	5	0	mente para arai ente soli	aamtnfomentetosaeparaicmfc_risamcdcgsnr | atfntietsetonc_psderitecmoeaagosic | gsmtcmengd_tgossdcme_o | atsnecsntgiaanctgeamzsicas | oacaiemennsolit
K	804	5	0	petto para sara papa tono	etpmplhtraztsplrucinamha_cnlurrsalc | uhlpzlztr_rssacpaamtlpettono | lmparau_ptslsara_q | upleaalpupapapmslapl | qetqeapamtlstop
K	805	4	0	star dist indu	qsigpalrdistarqmtiat_rmnluftrndz | iapgindu_afrrigrtitsqrcmm | rnigtlrdrc_grnftlr_s | gndortndgrisdtgrrsietnitsn | sqlotsirihdpdig
K	806	4	0	iate	ssroosrtcrtdrrsleaqgisrss_qiatetnslre | atsooddrret_erncqocsrrlsslrtif | lrostcrld_olrrnstc_ | aorucsrolasrsolcsrpss | ssusscrmrorrzo
K	807	4	0	lete iete temo	qrplszetqcietertemoopz_momtulmqa | czsldimietqt_eeumdlpettrqletroc | lmplqle_lletemu_g | lmqcmqlldrqllrpnmdrm | gqcrdpsqseetrdl
K	808	4	0	nomo nolo sono mere	aamclrfeetrzagsonolo_noofduoqoe | olcmmtotred_szuemmeorgaaqrlnc | qomofeeqa_mqrzouofe_q | omoeseooemqmoaeomqeanomoao | qassoamereczrtmm
K	809	4	0	uiuo sofi soli	fmsznlsofipaspmesaetuslu_aetusoliuuid | splnzrauasil_epifarzfussmfsqetr | uszuofie_zspuiuof_a | szuirfuuizrsmiuzfmsourumu | aforumrfsqinpsrz
K	810	4	0	tper peri rife	rmfrnrseuhcrpztarqdmn_rdaslmuo | ahnrficcrul_tperifemrzrmrldo | mmfseuma_fmrpse_s | afueeufmiaufmemsi | srdeiemurpreif
K	811	4	0	etfe euer fufe issi ceri	aeteegfrtfcerietnqasref_suatlsnufc | acfgeieuerfl_qissieernetanrzr | nueetfnr_enriust_u | aeufufeniaetfeneteuietu | uadetieqfgirie
K	812	0	0		aoilettlesrtuoaisdshith_dsgslcuhsg | sstelqrgrtc_iuuedqlehitaoastosq | sgilhlesm_lstuguhle_m | slgehglsqsohlseoiagqhog | manhoqeizeutdql
K	813	4	0	mina auui sfar fare	murzpetsnildsluorcsfareta_ftcnciaetlp | cdetpzutslc_rliiuziarsoumesrft | etrzanileq_zesltiani_ | cztlniatlzeuculazeiurtuaut | minauuirllplsauz
K	814	4	0	cefo	fezcrtfodttteeonssleze_slrnfoseardp | ntrctrttdo_ososcoezteefatcls | arzcefodam_catrsefo_a | ncrdqoerdcanedecaoezireer | afnqeeozpdrtc
K	815	6	1	fidate date sale lume fida	itrrnuastculetsrlehttnt_lhmrlstumso | rtnrrecmcusl_slsalerattuetiuuhd | umtrtasur_ruulmsta_f | rrmsaatmsruerstruatsmetm | fidateatosrlumer
K	816	4	0	alia pali mere	cogilqsmamqforspiofegle_ifrpstceetr | paliamrmqt_sfcmiamegqrocetqefr | etrgesmett_etqfrcesm_i | prsmeretapoeetmogpraeor | icsseoamgoifqea
K	817	4	0	acce coro fefi eiia tala	aemtitcosfipirqlfuaea_lueqtalareoi | qstmcfefioa_rplclcmcaeiiariuus | reematcoro_mripelatc_p | qmeoncaeomrcqoamrcelecae | paenaccezotpircm
K	818	4	0	delf	edtscafitensfidfoluta_uqisllqea | nacshsqsfes_oilthsttffdelfmud | lqtsitels_slfiqlit_m | sqeutqeslhdesltdtzqhdq | merudhttqecifrhs
K	819	4	0	muri	iuipldnisdeuuetmslmilm_lhmsamfhnr | milprshsdns_etearpmiduuifdcls | fhipmnft_pfdeham_c | mphnlmhnpfrmunmpfuiahrmuh | citlmurirnedorp
K	820	4	0	etre trai ossa tane aife	srgtmqncirpnnprazcqrfgqf_cretzcaufhetre | zpqmtanetnnra_apuicatifgnrshntru | hetgtfcirht_thnpetufci_o | ztetraifetrthazrrfthirgeetafret | ossafraiglrmpnat
K	821	4	0	etre	ietqoorthesstietlrirumfqrf_rmnihalfcna | isroorsnsta_rilerroefqtletictemt | cnqofheca_octinlfhe_ | ionmefnocrietfoceetqnrfetn | iumfetreqqoitcro
K	822	6	1	noilra sono	mnreasnfcrpsonoilraasras_raulnethstucc | lraeipupscet_iohfrifsrsonmtszas | tursnfctt_tsouhsnf_e | lucqfsuctilncstfnrluisnu | emqsnifroceospi
K	823	4	0	iger rime lira slra sali	rscafgmsamgeseaiduolcfl_dorimetdlirah | ifanmrmgaet_aedsdnslcgesrigtoq | irclmsaio_igerdlms_c | iraoslrainisalisscrnlsr | crcolsnscaaaegtn
K	824	4	0	saro faro	edoipcsaufplretqsrdir_tsocfarooam | uiosfofpaf_elastssrdpreoprsc | oodrcsaoi_oploarcs_d | oalsroaosarosdtosro | deslrssdgaolpzs
K	825	0	0		metolfcatruetlhfrrqolq_frphfnsqapas | htldrpran_luscfdcqoetmaorg | apoqfcaao_aupsqfc_a | hpaucqpaadhetaqacetoepdqetp | amtuqetdcotauid
K	826	4	0	some mera	csiuprmqoumccnnltfaia_lfonpqhasomt | nqissoooumq_nmhrlssrauccsusfs | sosaprmsr_ssumohapr_l | nsomeraomsssncmassrcuosaco | leacsrtmmucss
K	827	0	0		rntrasqdzoetqfnpciasctsc_asiidsrceioh | iesarctitqos_cfrzacrzctqpnreqlss | eitrcdzoeet_reqfircdz_ | irioszciorecinocrezntoiccni | rescncztfoafqcr
K	828	4	0	sans	seqfmrsnetimmezusefpf_epasrdcang | setfqsiaimnd_umcsessmzesmppe | arsni_mmacrs_d | sanqsanssensehasea | dstqessrnqmmts
K	829	0	0		iefuacsirtlsetpnsoufcu_norpihzuqrta | pcaumlrlsth_tzrnmurufseiqsco | qrfuuirtqi_uqsrzuir_q | purtetrurtuqmpetuuqreftrmuer | qiretuemrfstaspmu
K	830	4	0	elio	iluofeaanhocatleamprfcuec_pfmamdcoh | moefozccahm_atdnpzoncuaelioasfs | ouocanho_ooatdcan_i | mohlnchoozmlhcoonluszcl | iiilclznurhftazo
K	831	4	0	efei cipe deii luii diuo	supoqercimfedunzltaqipi_tqelrliieeir | lmqoofefeil_zdictoocipenuseemq | eepoircief_oeedeiirc_c | loeidcieioeoluiioecupneoiue | cssdiuocpoiqdetoo
K	832	0	0		mletqophtsupalrascedod_ceqshrdiqs | ssoqetruqupr_aatcrettdprlmipmeo | iqetdhtis_etipaqdht_l | setqdtdqetirsldetitluqrdlq | lmpddlrtiqaplret
K	833	4	0	pofo	asrzlogiqliaeunrlfzf_nlpoiofppi | zrsaqpqlii_uiognasgfleaplclu | ppsfogipc_splipofog_m | spifgfpispaaifspgaetpafap | mlffaagairileas
K	834	0	0		pssofdgcduudlsaspalnsn_plhgeanzhd | ufosuhudde_slacpsocnsdaspzdclt | zhsongcdzf_ozdlhangc_r | ohdacnhdozssdnozcssehsnsh | rpansscstdfldoso
K	835	0	0		ngfhsrpesnsptgfoslaofro_auseqmoaunet | ssrshrupnq_otmsrhsofpfgnaptao | aufhoesnac_haptumoes_d | shunmsounharsgnohasgfiurogu | dnlmogrsfnstprh
K	836	4	0	nomi mile	tzsdoiusnetimzanpsiecsc_seqpurtcqng | peodetqtinr_nmtssedscsiazties | qsdcusno_dimqtcus_o | pdqnmscqndepzncdszsrqeczq | otamczesscnomiled
K	837	4	0	etfi	ifmaopstshpsifetrnuaeempe_uelntrreflh | nppoaolshr_rirsuoasemsetfifsees | flmaetshft_afsilrets_n | nalhqselhafonfheafsfmsloefl | nizqefosmthoisqoa
K	838	4	0	rata armo	cfoelsdguisdffhtarmosm_aratacmsau | tislesasdua_fcgaegmodhfcsdlri | saoemguss_esdfacmg_e | teaudgmauestfumesgfoetamfa | ecidmfgoaulfde
K	839	4	0	pali mail mete	tedetptllmailaerpnissdt_isqnlsqmr | natpetoiqilms_paioetdlretleso | qdetlmr_etlaql_r | netqmeqmetonemetedhqoeq | rtteeodgmpalioet
K	840	5	0	porti orti sara muro mais	faopmadntmcacetotcisps_tiiozqsridf | onportitmdz_etcqatroasmcafrmais | riosadrs_ormciqsa_l | ooidqasidorroadsoraarirsai | lfeqsaramdcmuro
K	841	5	0	soria tasso sori amia rari	ondurcssmadsrngesiitidci_itassoriaaap | scrusdadsao_errmisumidsgnoasstt | aaduismaae_uasrarism_n | suaamiaauassnaiuamndmasina | nolinsmdcarrslsu
K	842	4	0	tete ette	ttftcusscetolstepgqrhfuh_grosprhoetf | ouctelolsetp_prcgetchfsettsnrs | ofthscets_tsorhsc_e | toetdchoettetethtctfioehto | etldhtecfetcsqet
K	843	4	0	sara tore	ptleisiaozcimttfdcarlsr_daafdroao | fzsielcacio_tmdadlearlitpoimaet | oaleraool_eoimadra_f | feaosaraoeolftoreoatlualrta | fpgsrtlalsoimirle
K	844	0	0		metcqtasdqicretrladohscas_dhuasinscuqo | aiatqcucqi_lrnddqdscretmcsht | cucqssdqcr_qcrunssd_l | aquqzdsuqqcaetqsqcdetcpusetu | lmezsetdcmqtrq
K	845	0	0		ddmtceelerczdroaletdt_aetfoeqaoflg | oetmarfrclq_zaeaamedcrdocretn | ofdmeelos_moczfaee_i | omflieflmoaodlmoeddfadf | iiidaedslzcsam
K	846	4	0	data	mtssefzndataqeretmsem_eetpcomhpzr | nescdpdzc_qaofecsfmsatmhoetd | hpssmfzhl_shapomf_i | spzafmpzshctzmshftstpcmtp | imoamtcfslzascs
K	847	4	0	pefa	npfullmtmpghrurpefe_uparlsesall | rmuetatls_hmueuefgpnstpet | safuellsc_usmael_q | rualaealuserpleuspfiaeepa | qneaepefalmreu
K	848	4	0	uere marc	mcezslcuerdcrcqosdmrrelr_drsutsretru | slszfddcrt_orsedfzerecqcmetclrg | etezruerett_zetcrsrue_ | szraerrzetfscrrzetecetfrc | marcfeecrsrcafz
K	849	4	0	hier	aqfeouissonsioqacmnrsfus_mrmsshmoa | nuoeismsio_cosmiessfiaqahierc | hmfesssohr_ehiomsss_ | emossmoehiqosehsqfdmisqm | aetsqisfioooilie
K	850	4	0	uadi	cupsdhitlusrsfmunn_futssznstht | sispattths_rlzdfapdnsucsque | stpndhsn_psltznd_a | spthrdnthpsasuhnpsduftanut | acrrnuadihslpap
K	851	4	0	tare inan hare	fletatcienoiplfocrqretcr_ricesrninp | cctahoioin_opsrharetiflfnist | nietarenns_anipisre_q | cainmrinanhclnranletuihrli | qfumrlhetntpiaha
K	852	0	0		aparqdcgzsedlpitasloqo_alnctiofnzm | sqraenedzt_tligaagodipafdela | fnaocgzfp_afdlniocg_s | anzmgonzafpzoafgpunopn | sahmopgezrldia
K	853	4	0	mete	eetltlaahursiauetmostqrplap_trrshgpirr | ssaltciriar_ougutctuplameteiarrd | irltphurii_tiaurgphu_ | strrpuprrticsetrptiuetldrcpetr | eappetcullrluact
K	854	5	0	rando ando	rtinarppfnoopitltriqsirs_rqctpcuscns | torandocopnc_liufrdnfsiptrpqe | cinspfna_npicuspf_ | tncnlfscnndttnsnftilcdstc | rzlstdfiqnaipmdn
K	855	4	0	fett	etutdrsmcpasusrqzqoitsi_zogqmeicgpl | qasrdhgpe_rsczhdcitsuetcpof | cgtdimcpcn_dcsgimc_f | qdgplcigpdchqupidccutghiug | fettliuhctuprslhd
K	856	0	0		mnapzelsaosetnunrurgazg_urqrletgfqac | rozpssqseae_nttsuspsgaeunmfeirq | fqapglsafr_pfetqtgls_a | rpqahsgqapfsrnagpfsnaiqsgnq | amehgnssaatepsp
K	857	0	0		usprssmzindsciodqlssl_qemiglteir | nsrpadedsii_ocgzapzlssiutsfqo | tesplmzita_ptsceglmz_m | peitzleiptailptzsaeale | muutlazsircscap
K	858	0	0		acagopuletpaurcolqsrdapd_ssqltedsspe | qpogfasaupt_lreetsfgetdauocasuze | ssagdletpst_gsursedlet_ | qgspletdspgsfqcpdgsetcarsfdcs | acldcfetaiporufg
K	859	5	0	queai uera mite	ogsmsafrmdlaegqueaipcsc_apefetcimd | edsmtllamet_ueratmrcsaqgoiaopp | ismcfrmis_miaecfr_t | emmsrcmmitegmcmirgstcg | tosscgtrszmseantm
K	860	4	0	tepo deir fopr	ofoprsrdeirlctlmdfd_mltszeduldc | teponilirdz_clernordfroursmq | ulfodsrdus_ourlledsr_f | toldurdldountddourflndl | foaudnrfndplrino
K	861	0	0		cdlaqglprssgndeoeeirsls_erzelfrszru | esqahszsgrf_onrpehapslgedcgars | zlaslpro_agnzrslp_t | eazrcpszrahedrsapdldzhsdz | tcrcsdhplrqngha
K	862	0	0		acpssnccrfhnfcqaarztetpset_rttacsetitr | afssehthnrs_afcrecetpnqcainstr | itpetccril_inftetcc_i | atrdcettrieacreticcpqteetct | iadetcecpprsfnse
K	863	4	0	dira	zhdaslttesqchoupmrdlr_pmrtfgrtrea | slsaaqrqef_ucgtpaatrdohztlml | trdartteti_atcrgrtt_f | arectrreataheratthdirarhr | fzccrhatdescraa
K	864	4	0	sute hare area	ssnerlrtallgsrehlmtsnrs_ltuhrftsqut | harealulltf_egtlaesnlrssqluta | qunesrtqd_eqlgutsr_r | heutssuteqahstseqsniuassu | rszsssanqtglnae
K	865	4	0	cati arai aiii	ssraqisfcziitsemuttsqsqq_tsusuqacc | uzqaraiiic_mtuftarfqsiesaiaso | asrqsfcag_raituqsf_o | urcmfqcraauscqrafssetaqs | ormqsafsncatilar
K	866	4	0	iano arei uare	sioetdoalegdaaiucianoon_iiclrnsigz | cdodetniag_uareinetenoaissafs | sioetnlegso_etsaairnle_r | cetigtenigetsncignetseiorinnii | rsltnineoegdaarnet
K	867	5	0	sonci este	cnsatshmllsnoizdiueste_duqzsfeeiqmt | zltalqlmf_isehdahesonciguet | iqsaeshmil_aisqeesh_m | zaqmheqmaiznmeaihnsdqenq | mceenhsmsca
K	868	4	0	stia fune iaua	gnmprqislpdqrnarlsuru_rstiauatlu | prpmetdtdql_arasretmsuqngaqss | atmuislaf_maqrtauis_z | mtlsutlmaetnlumasnetetunt | zgfunetsolprqmetm
K	869	4	0	pena ardo	ildeecsrpetccelgaaslsdes_liassfsnipa | aeteeaciccps_aefraersdcglincrlc | nidessrpnf_enceifssr_p | aeiptrsipenaalpsenrldiasli | piotslardopecmae
K	870	4	0	efii	saficraiuageaaqscsrfr_cresizoeas | sgrcieeeaaz_qouciufaasamrh | efiiuan_iaeoiu_m | sieacueaisaaiuafeeae | mslcaufoacai
K	871	4	0	tori ciel	etcirqcrhlapricacmuntict_mndchrltodld | cacqrpdprlr_ailmrtircetorin | odirthlo_roridlth_e | crdlotdlroccltrocisdtcd | eetotcielqirmr
K	872	4	0	aife sale cile	emniuoalsdodmfmraifetnuet_afsranetessz | rduicsosn_mdlaciletnofmeeohfu | esnietalsec_ieodsetal_q | rissaletssiecrmsetielmnsscetms | qeeaetmclnpsdotci
K	873	4	0	sera	nrdmsccrnccsrlmdarslsl_asldceeltlnp | dcsmdslcne_mserasdrlclrntcqsr | tldlcrnta_dtcslelcr_i | ddlnorllndtsdrnldtrretlslrl | inolrsrtnmsczsd
K	874	4	0	nire uoli	eliulsrsoedrslelsntunisn_nuqssrnqe | sdsluiqre_lsroniuonirelercua | qiunsoea_ursqrnso_d | suqefonqeuislenuolicqinlq | deffnlioicelsraiu
K	875	4	0	uali	amnrzroisnqocmesrssolnrl_sourietalung | rqrzrfuonet_scassfrslnoemaofol | unrlisnt_rocualis_l | rrunaslunrfrmnlrsmniuflmu | lapalmfsnenzcocfr
K	876	4	0	ossa riti	lurretcsiinctufrogspretp_ossadpliq | etrnncia_rtdioriprcfullcdsn | lrrpsiila_rlctdpsi_s | ritipirluiprliurcpu | slptpuirtitcsr
K	877	4	0	cito utar puoi	muoodqrusdiumsfcitot_clfqqltaluf | fsoorlduq_silrcrrtdmumadde | altqruae_adilltqr_p | flutrtluarfuutaruelrtul | pmotturrpuoidar
K	878	0	0		tscqmldofprdesairnacrclr_ncrolsrrph | rlmqrrdpl_iesfnqfrcdastrdct | rcqrofprn_qrdesrof_o | rqpdfrpqrrsprqrfscars | otzdrsfctpmedoq
K	879	4	0	camp paia	spaqerssilnhstpzcuomarm_ocustimrcla | unreqahchslt_ctiioaqimaszpsrsdg | rcaqmsilrf_qrstcimsi_d | uqclimclqrauplmqripafcampc | dsmpaiacletsnaq
K	880	5	0	appre arti erti rera	otzaaptiruprticdnqrzr_dqetarperg | uaahepra_cridhairzpitopplqs | pezartirpd_apprerti_o | aerireraphtrrapitziehrte | ooarthizsrarpqha
K	881	0	0		fgdrsmlaqetrlsgeoepsncdmc_pnqeaadciqr | eetmsrhrqrla_osdqphrqcdlegfiltn | iqdrcaqic_rilsqdcaq_n | erqpqcqrihegcriqgdrqhcgq | nfpcghqdtsslhr
K	882	4	0	tica	acnsftoeerrtlciasarzcfc_azsoicsec | srfsnprrtei_aleapnecticastszm | sncoeese_nstlcoe_i | snegecenspscecnsecqpcc | iagccpelesltapn
K	883	5	0	liete etre star crea iete	hmsaagortsdgrhmqeilemae_iteocreattq | esaassdtdgtc_qrrrissremgmhagi | atmseorta_sagrtreor_l | esttetrettsasehtesarhmftseht | lietehsrmstargzss
K	884	5	0	posar attr	ltosodetrnhdtpepsao_saspetmcgsq | pnosothshdm_ecrstordptlgdrau | gsoetrgz_ogdscetr_l | posarsogtptogrtcstts | llaattrrsdsto
K	885	4	0	sera casa etto	sleettoiasamdiulqfilpceoc_ipsfancrsaz | fmotethdsdian_qusihetsceilsriopr | rseetcasarc_etriuscas_ | fetsasscsaetrhflacetrslefshcls | stsclhseratuiqhet
K	886	0	0		ofetntqsrtrfucpsmsets_smhpqgqsihc | pnsrhrtg_crqsssssettufoitrmf | ihetsqsid_itrhqsqs_m | phdsshispfsisfetshssfh | motdsfssetanrtcs
K	887	4	0	hata loda lido	loazdprnifdhatafqlozl_fqpaprlipn | aizasfpfdn_thrrfsrlodalidoqu | ipolprnig_idhprlpr_c | apnsrlpnisanlirocpslp | cltslsrornahdets
K	888	4	0	lite	aetpqrlmirsemnetsdaeatplt_alaicstmlsc | aelrqilmsc_dnsriqrtpmsetammuaq | mlpqtirsmi_qmmnlstir_l | aqlssrtlsqmiaetstqmretplitetl | laostetirptsrnmriq
K	889	4	0	nere tofa less	ntospdtilsctstqocmeode_moipregsc | ocdpsatsp_srlasleotqtngtsm | goseilsge_sgtsreil_r | ossrlessgaotsesgltofaet | rneretalomspstfas
K	890	4	0	etre eifa eife efli	rpttetaeifefahpsqtnprtetr_tpeearaefg | eettfefafa_qhitirtaspraaspu | aetreifam_aaherei_m | eflirefapfraiptierpe | mrqlrpitofthao
K	891	5	0	marco pria amar marc arco	eomdnrlaclnrpocsdgrrn_grsdluqsc | dlndmansnrcu_spqagamarcoertro | smlace_mrpsqla_s | dmsciascmadocmaomsaos | seuioaaacdpriam
K	892	4	0	ceno	gspadqclrzecsctsuanpq_unislloizs | seqdaniczl_torunarpccsgceno | ipalrzd_aciolr_i | saizrizansszarsprinsi | igssnrpizdcrna
K	893	4	0	sima	htcrntqsimaltzgqslmctm_lsqqrumosia | qmtnruasair_glusursmczthoetls | oscrmqsior_rolsumqs_i | qrsiosmsirouqtimrostcasumts | ihtomtusclinlcur
K	894	4	0	elli	flqispmrtnzmpldlecirlqpl_crermgler | enpsizzmm_lpgtcitlqmdlfemrr | eqilrtet_iempglrt_u | eietlieellietlqll | ufhelltqaspmui
K	895	0	0		nnpcsfszlsitrorfcnc_rcpofsolpi | ozcpulplss_riosrupsnstnlsqct | lpnpfslg_plsipofs_t | opprsppluoplsnpup | tnhrusnaiseup
K	896	0	0		sscgrfoetgpsfrsqdnhsch_qnisrelhqios | setcaigoe_rplfqafhsgfsqgant | qishrfoqu_qgpilhrf_z | siopfhioqassohqfssoiahsi | zaphsafslopgta
K	897	4	0	esso	srtcufohsspfcsensetfruf_essoiftssa | ssuctrpspfsi_ncherthfrfestfaz | tsrtfohstd_ttfcsfoh_m | stssehfssttrsssftthsrnsrfss | mefsrhrsccfurt
K	898	5	0	liete tace esto mori iete	lietesnercutnmirrhagometsm_aoohecpmooct | husestotncc_rmprasrmetnrilonaoc | ooetmercoq_onmopmer_z | hocurmocoshicmorietsosmio | zllumisretacemnns
K	899	4	0	ossa esta faui	aaiicszqmoestadessfauicu_saetszptuoetmr | sociseetesmp_ettqssiquisdaaospac | oetiiuzqmog_iostettuzq_u | sietmrquetmiossamuioqainetsuaet | uatruasqicmtslsi
K	900	5	0	farui etre tola sfar noie	cspsroeaotoasfaruiedprd_uetrerhdntoq | rtrsstoor_aahaussadpofscnoies | ntpsdeaons_snoathdea_a | rstoladtosnsrsodsnaspettsdst | acnldssapooaotss
K	901	4	0	cere face rata trat stra	lciaurttdmncoqlafrirr_lfacereat | druazmamtc_qnetlzatrioclelfs | eaiartter_aenaert_d | aatstrataezctraetcirazrca | dlhsrcztiotunsza
K	902	4	0	rgma tapa	rctzettapaqcagclrlsddtt_sdolpmpoo | lqtetzicoca_rgmasizatalcrpasdn | potzpaph_zpagompa_f | lzosaozpilczpactnoico | frcsciatretgaiiz
K	903	4	0	tata	oatdssgsemqstacisetata_ssigaeaqser | imsdlqsqsea_tessldsatscaoqsnl | qstdagseql_dqstseags_r | idsepsasedqliaeadqsataslaas | roipaalstoestsfld
K	904	4	0	nare iere	ouninrpmmcreosqsaruunu_arcspouacmh | sninfcccrm_qeomafnmuursoarorl | acunupmmaa_narecoupm_r | sncmimucmnafsomunamoupcfuoc | rsiuofmutmierefn
K	905	4	0	trin	lttrinouplfnatclrrqtiq_rtlofqctpd | llirzftfnp_cafurzuqtntlcnoe | cttqoupcs_cnatfqou_n | ltpiuqtpczltpqcuttmtzqtt | nlgiqtzutepranez
K	906	5	0	dirui lete ille	illeteesrqhmnlazcfrilei_crfsssilfqt | heeetsmfmqs_znsrcsetrilaliltra | lfletisrqlc_etlnfsisr_d | etfqurifqetlslqietlrllnfsilf | diruilsrliqenrset
K	907	4	0	nero diri tran	lnnardssptfdtnerocldiri_cdhosoaishp | otranmfhfdpo_rtascmnsidenlsdedo | shnisspsl_nsdthaiss_t | onhpetsihpnsmonpinssnqhminh | tletinmscpatdamn
K	908	0	0		sttamhsfssphrsctarudtmd_ruasdcdrs | asmatlpphsd_trcfrltfdthcsrhlu | rttdsfsri_trhrcdsf_i | atsqfdstrlassdtrfstnlds | ietqdslftesarhalt
K	909	5	0	etant tant sale	eaqelaeftcsgeianzmusetqaet_smfiaetocp | msalenggeci_ziatnetetqenaeoemsl | oqeetftcoo_eoeiaetft_u | mecctetceonmaceteotaqcneta | uehcetantqrcliesne
K	910	0	0		dsftgailsaaesrqlmsnfgn_lsqicetnmsr | qgtpaaasc_eetllptlnfarsdmacso | mftnilsmq_tmaeetnil_t | qtsilnstmpqssntmlsfupns | tdiinsplfasealpt
K	911	5	0	madia sime aper mesi	aapzitcrsocmadiaii_deatssimert | asizpooeors_mscdopciacamgp | meapitcrm_pmesitc_o | aperqcierpmoaripmcaneoie | oarqiocaerzhop
K	912	0	0		rlmldpgsrecpfrtuinazldz_iarugaozsrrq | uedlmccrcpra_tfosicmszlprspfap | srlmzgsrst_mspfrozgs_ | umrriszrrmscurrzmssrlorczrr | tizrcslsrlfpmcm
K	913	4	0	seri	serisznauleoosttigg_tipssaigfpnr | sairqupuna_oliztqrzgoesfmid | fprgsznfp_rflpigsz_h | srpnczgpnrfqsengrfzeetpqgep | hscgeqznnilqqr
K	914	4	0	capo rosa	narrpagosaetgoaeqclfsrrar_lsncotprrnam | cetaprsngat_qopslsrsrrgeanrgzst | rnrrrosar_rrgonpros_i | crnasrnarrscaarrrsardnsran | inlrassrcapogmsr
K	915	4	0	sete	stqcaetecsetetnmtaoiutau_aidteolurdsc | teacqptdtetso_mlcapqcutetnsretir | rdtquecsra_qretdluec_s | tqdslcudsqrptsuqrctldpud | ssglupctfscetipq
K	916	4	0	esse	umgroetfclmstcmdrfazaetgeet_aasffleettslo | fmeorsssstll_rcecasrcetgtdmuttoa | tsgretfcltt_rttcseetfc_a | frslcetslrtsfmletrtcmgessetms | auqetmscgloctisr
K	917	4	0	mato	pomnuadssaeotcfaqhmuh_aqfdodhssf | funoaso_cedsaonshmatopsaaqe | smnhdsssi_nsaedhds_u | fnszshsnsofoshnssomcoho | upszhoosmtseaeton
K	918	4	0	douc riti	qcscuougnddiuqcsosaarsor_satgcmrstdh | doucritiudc_oqmnsrcnrsuscqsumae | stscrgndst_csuqtmrgn_ | ctdnrtdcsrcdrcsncsettrrct | qercrnsaduqurrc
K	919	5	0	fauor fauo sete falo	srttaeoscfalourolifnrqteq_frtiseteqptfn | iaeatrltlofet_luecfrtcqtoorspor | ptttqscfph_tpouteqsc_z | ittfecqtftprirfqtpcrtgtrqrt | zsqeqrrctcfauorrt
K	920	4	0	arco fati rosa	iusmarprosatioqslscgumg_lcisrsugfirl | somstsisars_qtupltspguaoifarco | fiusgrprfn_sfatiugrp_f | ssirhpgirsftsirgsfpiuaitgii | fdhgitpuetrtats
K	921	4	0	nota	fdreppiratqicdzosamnrpn_smtrssnotao | tppecqtqias_ocsscenrizdfoirm | otrenraog_eoictsnr_a | etalntaeocdaneodrftcndt | afetlndcruapcitce
K	922	4	0	fuas	frrrmqcnlsmripueetasrs_eatuqqsftna | ulrristsmnq_pceicsmirffmiar | ftsqcnfl_fmtsqc_m | utnacstnfiurnsfcrctisrt | mfuasriclnrmti
K	923	0	0		mdtpsulanicflrdreemsgztuz_mgleaitznlia | ecuspaflflii_ertnmapnztlrdmnlgc | nltpzaninl_pnlrltzan_o | eplietnzlipnaedizpnndtrlazdl | omsetzdantpisrloap
K	924	4	0	erti etdi dine coie dare	znatcoiertignfmiianmaom_insircmsep | iroctdtstier_mgcidtmaifnzilnl | satmel_tigscm_ | itsemsetdinemtnaasdmns | zqmndarecgipdt
K	925	4	0	dira nasi	lfrloasrllelietqcnuafra_cuiqornasisi | qrrrlillsr_etenacraaflilslque | sifaoassz_sleinaoa_a | qishaaissrqlsasalfdirali | ashalraffselur
K	926	4	0	tito mots stai tate	uptsdsmeaqamqpahlamotso_lmiheceofi | hqsdstaiamc_aqealtsaotmpufmdmi | fitsoeaft_sfmqieoea_l | hsiraoisfthposfaptitopi | lulroptatedqmots
K	927	4	0	noua	slsooaornfauleqatrzsz_raoflzanc | aooiffanf_qulriorzsaelsaarr | asozornat_oaaulzor_i | aonerznoaialnzoarlslizl | isezlirsgnouahio
K	928	4	0	tale asta tane	rletsctagdcfliethqqnen_qthtilntgc | hstsdtdcgi_etflastanecilrcoqr | tetntags_tcftlnta_r | httgfantgtshlgntaleptsnlt | rrzfnlsaeigsfcost
K	929	4	0	tara pari	srmsgrplurfriqhdrqaga_dqlhdtamllc | hugsmalrld_qftpdamparirsmreqi | mlmaplmu_mmrfltap_i | hmlltpallmmahrlammprlaarl | isptarapllsfrnam
K	930	4	0	uani	mfthospascepcfetuaniptsp_nicaaglpdccl | asohrecepcg_uclsnrhsptpetfmdpia | dcthpascds_hdpcclpas_o | ahccsspcchdrafcphdsftscrpfc | omospfrstcocprrh
K	931	0	0		paucsasqfegaaqdpofcdusd_ochpsaidthfl | pescmghgafa_diqomcqduaqaptaec | thucdsqftr_ctahidsq_i | pchflqdhfctmpafdctqaulhmdah | iptldamquefarmc
K	932	0	0		ntsetrflssislatuoemrfsff_rpesdafcpse | eifretcspslsd_oaacetfslutncllr | cpsetfsscq_etclapafs_n | eetpssfpsetccetsfetctspcftp | nnisftcsisralacet
K	933	0	0		qsgeethiolqhsncpuogt_popcfrapol | clteeeqpqhof_ripeeighnsqahdor | apgeioan_eahpri_a | ceporipoeaecsoeaisgpesp | aqfrseigioehaee
K	934	4	0	suit	studuatplslttitqgesfreuae_srmepphermsc | elaudntmttsp_gihlsndleutqtsrtro | rmudeplsr_drtimhepl_ | edmszlemsdrnetsedrltuetmnetm | sszetnlursuitind
K	935	0	0		dtsolcutmfapuhtseasc_astouzsfq | aclocpspufo_shumcomsutdzulaa | zssotmfzt_ozuhsutm_s | osfgmsfozctfozmtslscts | sdrgtcmsfflhuetco
K	936	4	0	nire	nrcnlclaqrffllrscoqatdccd_qtioamdgire | ofclnfiflrm_clqqnqdclsrnglatz | gicndaqrge_ngllidaq_o | onireqdirngorrdngqrcpidri | onedrqcurllltn
K	937	0	0		qipdetusqhfupiigometspts_etdoelsrdql | ohtedcfdfuqe_gplscdsspuiiqruneto | rdpdssqrt_drupdlss_f | oddqassdqdrcoiqsdrsiprdcsid | fqaasicspsqepulcd
K	938	4	0	pose cote ceda	saethcndtoagnlasseposetc_pscedatcol | eachegcgno_slatpetetnsastnqsi | tcetdtotn_tnlcadt_ | ecortcoteeaottaetuceac | suraetetcohlnre
K	939	4	0	tete atto sige usig	sfrnhadscudmfteteizerae_ezattoeqaso | tcahnluaudst_emoelnerdtfsqdpzc | qarnesql_nqdmaoe_u | tnasgeasnqltfsenqfroalefa | usigeflrrshmdsln
K	940	6	1	finire finir fini nire sola	ietlergmohapmdetslqattrlgr_atqsrrhl | qagresppmh_ldsoaseorlmsetirmrte | rlerohrm_ermdsro_f | qehiorhersqethreroetlcsret | finiretsolahrdmuse
K	941	4	0	alsi	snsamutqalsitgndrpsup_rcqefpcli | sumasicitle_gfasaapstdnstlrr | csapqalo_atgcfpqa_u | aclnapclasnlpaanslcspnc | usenpnsasplmgtdsa
K	942	4	0	aato uoto	ousasorsalcotueupzldssd_plgrrtdtgaq | lsaccgcoar_uttspcsdsoeuotoels | tgsdrsatr_totgtdrs_o | gaetsdgatcuadtsuslgcdug | oometducsscaatoqc
K	943	4	0	foco doue	qusdafulhmaduitenscc_esiffocoilc | hdstmimalf_tdouetsucaiuqoassa | oiscfulol_soadiocfu_i | silrucilsotulcsouusitcui | iqmrcutuzlddapts
K	944	4	0	moia	rieqmhizarhuirloaceteet_coiuletao | omqmrrhau_lulzmqzetehrirhecd | eqetizan_qhuletiz_ | oqanzetaqmoiaetqzieimeti | rtnetimzetamuhrmq
K	945	0	0		rgmssdczsdgsoaeuetpsp_eettafpctt | azssmstsd_ofcemcpdsgrcdcetu | ctmpcco_mcdtfpc_h | amtqcptmcagpmccgitpgt | hreqpgcnsdam
K	946	0	0		liuplnsetdrlaloopcempm_ccpnuimhceta | pdpuilrcrletu_oaisclismlolhles | hcimnsetho_ihlacimns_s | picetismcetihlpletmihsldclmlc | smimllsfetualsli
K	947	4	0	rada coda	slazfadcrnltpltfafa_fslasetaescc | lrfzarscs_pnetdradatlsesfn | esaaadcec_aensetaad_r | lascodascaerllcaaedlgsrals | rsuoalrddcznra
K	948	4	0	etre pona	frtetpaseieasqrgponartar_ahoeofrmhec | oaapetshseo_pqfisetirtsgrfmsras | mhtetreiemd_etmsqhfrei_s | oethesirheetmsoreretmirtzhsrrh | sfsrrsitlepqsmset
K	949	0	0		elnltairhmiqidlapzutcrnar_ucozrcgrsomr | ziatlfqoqimc_pdghuflhrnialesilcq | sonlrrhmst_lsidogrrh_m | zlomfhromlsfzlmrlshlnpofrlo | meefrlfhnsmtdisfl
K	950	4	0	anch	odrrtnsmflsnccoptdgdtg_pdhosegahfu | oltrrishsnfe_ccmpirmgdnoanadi | ahdrgsmfa_ranchgsm_s | orhfemghfraiofgramdohigh | soiegimdlfrcnsir
K	951	0	0		qafatrsctnetritusulatl_uussnlito | ntafcetetrts_tincucfclarqiroup | iaflsctie_firinlsc_r | ftdcltfictlficagcl | rqhdlccamtairscf
K	952	4	0	tiri	sricrsdillcdzrpdeapis_apteaettls | elsrcmctcdla_dzeiamciidprstdhps | tticiltl_ctdztei_r | ectliitlctmerlctiristmrt | rsqirmiiclrzdnmc
K	953	4	0	rico hono unir ance	scssceqnolpelcgsricoco_ichrqouoahou | rlcssrphpeoo_slunirsnoegcsaeicl | ahsoqnoas_saelhuoqn_a | rshonohosarrcoosancehroch | aszocrndoslers
K	954	0	0		afehzacerdtncfsritdleal_tdoieefllod | itazhnoncde_rfrthrlecsfalccdu | loehlerdlg_hlcofler_t | ihodcrlodhlifdlhlrfeiolfo | taclfrepdzcih
K	955	4	0	arte iean raso dara	ssiltrlqdarasotcuesrstr_usnclhcrdnqm | cdtlieanarqh_tacueirsrosdrusr | dnsirlqd_idrancrl_z | cinqrrnqidecsqridssetnersn | zerrsesaqlartei
K	956	5	0	rispo ogri essa less	erapursmlidcsprhglessars_lsgmisoin | gdrupoccsi_pilloplsashreossc | oapsmliol_pospisml_r | gpielsipoogrispolraqosr | reiesrolaetiupstop
K	957	4	0	anni otti futo	hrczrtcnlfutorgfpntetqcrq_netpcsaqlr | pfrziuutls_foanninqctgrhtietc | cqcnla_toaqcn_p | plonqliprlqnrcoiqr | phioqrincslzotti
K	958	4	0	mede	enfauclcaeinasgotifci_gtdslsritdau | scuamedeas_aircgmacifnetmtt | tdfailcatn_atidrilc_e | sadaocidaatmsnaiatcnfidmind | eecoinmcfpauima
K	959	4	0	pote paro opra	atesfglqdetoldteiopranegn_paroqrsnzret | oogfsprletr_idsdppsdneletazliah | zresnqdetzo_szldrsnqd_u | osretsdnretszpotetnszdtearpntr | uansntpdefetfdlups
K	960	4	0	gati tete cati sete	sasiiacitezsffspsraaia_prtsagatim | stiiseteteig_fzcpetscaafslrm | tasaaciq_sztaac_r | sstiscatisetssiascsaetetast | rasasetcaoiizpets
K	961	4	0	sare	cszifelhmastlssaretpdzed_parhnuddaar | rsefiltatlan_asumlimdzlscdlopc | dazidhmadc_idlsaudhm_ | riaaqmdaaidlrsadidmszpaldsa | ceqdslmzfafslrli
K	962	4	0	cena cera	ietnoiqogoetlsazieaa_zeeainaceoq | agonroeoo_snqzrnqaleticuer | cenaiqocf_ncenaiq_r | aneosqaeoncraetoancqetceraete | risaetrqtoolrn
K	963	4	0	tete crea dete	lezuotfaacsteiorretzoet_rtrfghetcta | rcouststag_ohaaetztielctnri | ctzetfaaci_ctthetfa_r | rtadaettacreaetcaezptetet | rltdeteazdautp
K	964	0	0		aoaretdcruaoucsosiadadd_iprqedmpag | odetrtupucaq_sseuitrudacoamcts | mpardruaml_rmcspedru_l | rpaudparmtoadrmuoaeptdop | lacdotuaraetscqtr
K	965	4	0	quei rito	cidrmiaaqueitiqpmrnaidi_raomaziroqf | mumrneoeiq_ptzarnraidiqicriaas | rodriaaqret_rritoziaa_g | mroqsaioqrrnmiqirraidooniio | gcssiinadlqmtisnr
K	966	4	0	dete asti	szspdptsqcdctezitreloaspa_eomrssraamce | rdpdpfcmctcs_terqefpqastizsatioa | amspasqca_patemrasq_ | rpmchqamcpafrzcapaqzsmmfazm | shazfqscdetetfp
K	967	4	0	rifi poha	rrqpcffhuqflrsmialeqce_ilomsreiohg | mucpqoqfhs_slrfipfeqfrrifilc | ioqpefhil_pifloref_s | mpohafeohpimrhepifrqsoero | srdaerfqshlftp
K	968	0	0		ilqurgschotgctsizolalra_zlisaafhm | ioruqettgh_scaczeqcalgtifgle | flqaschff_qfgcaasc_r | iqhicahqfeihaqfclmea | risiaeclohucgdeq
K	969	4	0	aueg auea iate	ouhaeersiqcetglfceauea_fearuaataic | qeahfcaceiu_ltasffhsauegoteel | tauharsits_htetaaars_l | haidsaaihtfiahtsuetafaa | lomdafsuiatepfh
K	970	0	0		iafolnrncclsaetzpstumfm_sutpncrmtno | pcopctclnc_zsrrsprmfletailqu | tfmnrnt_lstrmnr_a | ptngrmtnppanmrafrtpmat | aihgmaprfanoslep
K	971	0	0		etescohgplocndalraeca_lsamtasgi | apcsolslogm_dcthlohaeonetoqt | seahgs_ocstah_r | asgfhasgoagaheesoas | retsfaoheigscoeo
K	972	4	0	sori	lzpecpfioapturrrhzch_rsrcohssil | rocepoasapic_rtofropfhzpulsptm | sszphfisd_psptsohf_l | rpsiqfhsipsorihpsfzdsohs | llsqhofznietpetop
K	973	4	0	tito odio	irpdofgiltosdrseehdh_eisffshiia | sldprqtitoif_rssgqrghodioreu | irhfgia_rosishfg_t | sriioghiirqsihrgoiqhi | tizohqgetipsopqr
K	974	4	0	tale	lalqctsrtqrtsdasmnarrmltm_arpnrimpqs | nrtcqetptsqi_mdtaeqtmlssalsorh | plqmrtqc_qsdpmrt_c | nqpqotmpqqenaqmqtalepemap | clomaetlfqcdsseq
K	975	4	0	auto uidi	lcsziiautoidcsarrpetoso_retsrsosuf | rtizgosoius_adargzaosiscliaeta | sszoaum_zidsoa_q | rzsuraosuzgrcuozacsnsgocs | qlerocgasuuidisgz
K	976	0	0		rscmdzscqdstsfsfturleecze_rehucloeqhdo | uszdmsthtsdl_tfoqrsmqecsfsrqsleg | qhcmecqdq_mqsfhoecq_a | umhdaqehdmqsusdemqqscphsesh | arnaessqcddfsrsm
K	977	4	0	rome rete meda	sfqnftrzphltfsotcapeqfe_cpatromedapq | thfnlaltpo_omzcnzeqtsfsdtspi | daqnerzpdo_ndtamerz_c | tnapetzeapndtfpendzfquaefa | csretefzqlptin
K	978	5	0	cifra	oirsqtnpfdtndirpzgeocrtc_golzpoucilda | zttqslndo_pdufgsfcrnrioinso | ilrscpfdi_sindlucpf_e | zsldafcldsizidcsifirllcil | eoacifradqdnss
K	979	4	0	sino eifa icon copi essi	cifapnneessinoiudcripfnp_iaceldpoas | csnpaqiainsl_dodeqaepfnuiconzil | oafapeesoc_aonoadpee_ | caasepasaoqcispaoeifaqpia | copiqefuspontqa
K	980	4	0	lete sete	leteshgsssrrsoetlietrnqegq_tnrestqrra | eghscrrrsr_iotstcssqesletlsan | resqssrm_ssortqss_a | esrrcsqrrsceetrqsseteorcqetr | altcqetcsesrhosccs
K	981	0	0		lcdrtszusdcfclsetoqndsn_etqmszatnrmsp | sdstrcmcsa_ftuetrundlclraq | rmdrnzusrp_rrfmtnzu_i | srmsuunmsrrscsnrrucdcmncm | ilsuncudnstfor
K	982	4	0	neui este	aretrddnsorfrmpeecoss_eotedcsutnp | esteiotorn_pfcdeiedsrmraurlon | utesddnuz_eurftcsdd_h | eetnodstneuiernseudratisrt | hasosridqntfraie
K	983	4	0	fecr etfe crea dona	msatletoeletfsaedcnzaala_czdonaf | dlltretn_efecreaaetasmetgzp | aaoet_etfaoe_i | dueardsaesarras | imhuasreaetfetrr
K	984	4	0	laro	rfqftdoialarozfqisnmusqds_nunsicmsnl | sadtfsrnrolc_izmansfasqoqfrotur | nqfsiali_foznmsia_p | sfnlgasnlfssflsfafqhnssfn | prlgsfsaqcltzoetsf
K	985	5	0	fufle cole	tgqesslocfuflegiuootsqss_otaooietsnaf | ousselfaflfi_ueetcolecsqligtnlpt | naqesocfna_enleaetsoc_c | oeafzcsafenlogfsencgqalsga | ctczsglcqafselrle
K	986	4	0	toro	prhlisilzoisrfqoouarhsr_oarocrsrzi | osiltoroiz_qsclotllrhifrpsigas | srhlrlzs_lsisrcrl_f | olrzrlrrzlstorzrlslrhcrtrrr | fptrrrtlhczisietl
K	987	4	0	mots alme	paisgcutftcoaeqrnetoege_norusdestm | rfgsimttcts_qodnmieceapscuo | sieutst_iscodeu_c | ritaetismrateisalmea | cpraeamotsocsmi
K	988	4	0	pari coha	tlapmricemrsleltoqurmr_ouptioorzp | tempahmpmro_lsocohacrreltzruus | zpariczet_azrsporic_r | tapccrpazhtlrazclqphrlp | rtscrlhcdpsrcha
K	989	4	0	iera aere	drsatntdarptrcfrqsusn_querdriera | rntaopeptrr_fiaqoaastcrdtnuc | esadarl_ateida_m | raereaeraorrraarsieore | mdoeroaszrttloa
K	990	4	0	moro uedi	cdcetifupioiacnolmfaede_marlftcerrps | lietcmoroipt_oacummcuedincrigao | rrdcefupru_criarcefu_ | lcrppuerpcrmlcpecrucdsrmecr | apecmudepetainmc
K	991	4	0	uote	ofdnrceqtametfslscedce_cusqzmecuo | sacrnnmumez_ltmtnntedesfocercp | cudneqtci_ncetumeqt_d | snuoteuncnsfenctfdetunefu | dosoefntdirtesnn
K	992	4	0	cori cato	ehmtciooatfhrsnuapnmn_upcnczunacos | nosacatoz_sfuiusinmtrheatdpr | acmncioai_atfcunci_m | ncorincoasnhonaihmocsnhc | melrnhsimloftls
K	993	0	0		dqhpreapsfeaqeumgiuhru_miuafetuzsa | urptffesf_aetpmtpuheeqdzesil | zhuapszt_zeaetuap_q | uscpusztuqsuzpqhltuq | qdocuqtphrspaelt
K	994	5	0	tirsi anoi foii perd indi	perdqsznscrzaeqssfetirsi_setnsnfoiinl | scsqdprnrzf_aosspdsirzqepizhet | inrdinsid_dizanoins_e | sdnasindipseidiserrnpien | epcaiepsrqazpd
K	995	0	0		lqfrrmlratmiqpasdumfrm_disqzmsirc | sarretitmrq_aizlderlmfmpqlsmto | sifrmlrsg_rsmiizml_u | srirrlmirrsesqrmrslqfoiemqi | ulhrmqelflrimser
K	996	4	0	sino noua laro podi dare	suretlcqpoeclulasqetorlo_setaaqrodaoh | aeltenaco_lrpsneporclusdctetd | dareoqpodi_edclaroqp_r | aeaonpoaoednauooedpurfanoua | rsinounpraotlccne
K	997	5	0	dissi cerio issi ceri diss	orsoetscgnnucmrtrqhdissi_qdsgieicsa | nsetoeusuci_rmenqeonisctroccudz | cssoigncp_occmseign_a | osrnisoceriocnrstseirs | aosrirensletmcteo
K	998	4	0	erii seri	ctlrrinreutiiclensetgtrg_setcnnhqgaced | nurrlttctieh_eiqrstlrgtilcaieto | actlgnreaq_laiicqgnr_o | nlceargcelatnceglarctctgcc | ouagctrtseriirtl
K	999	0	0		focpsaacraodumladosd_mapuazgdqpi | uspcerpraz_dogcmeccdoafqaqan | qpocdacqo_cqaopgdac_s | ucprcdpcqeudcqcotpedp | sfrrdecoetpoalec
K	1000	5	0	tacer lidio cerne tolo lidi	qncoaoprtciolnnarrqiaaa_ridrpstaedta | rcaoclidiots_altrrlcraonnqeotim | edcaprtes_ceoldtapr_s | rcdtfradtcelrntacernedland | sqcfanlrltoloslc
T	1	4	0	capi efio	foemsnratncdieiortodpm_odrmaiafmteeh | mncapirr_orecdetuefiomheiutafs | aaechtdmdooet_ih_ihcspr | icmimnuciaoahuahoaiomnsrciu | uimqeretciosoouu
T	2	4	0	dete iaua	mpammreoiroroteat_hestcnofdfmeadndii | iadetentrrrcuuaoimhs_oepmecfif | _dhioaetpiah_ecrdthscmo | oimounihraiauacuhisaccmniom | eooiietcosumuruq
T	3	4	0	teda cuoi	imdeftempmfoeaoo_tcihirotedadmnransr | rpmdrhcuuesieftoi_emafrocetnai | ptodrchh_osha_iaiemetcd | coauiahiasouoiacmmhcirnnuim | omqiuetuoercuois
T	4	4	0	cire	idmiaeicotmfmomtsrtnhrdao_frnodepaee | _ucfeianridemsrufopmieetrotcha | idihapeset_dm_rtcoahhoc | aaioimirhhmnsuiccinuamuooac | etooqucireuoumsi
T	5	4	0	ordi odio tema ione cioi	ordidopaemfcdtemanrtmsmiehrfaione_to | umfntm_repfectaaeiuiecodiohsrr | _cm_hactdesdhporietoiah | rouhmcoaioainnmaimhauuciisc | mcioiuseetouourq
T	6	5	0	animi etre euui uani	ftrramiomiaoaimpf_droenedonttemdsech | smceaoarruuniedeorif_eipchmftt | tosdd_hihapca_chometrei | micorucoihcaihuanimionmauas | omsueuuioetocqir
T	7	4	0	refi ramo card riti fenr	tarftteerdrefipsooi_enhanmocdiodmamm | suoaea_dpfenreehrmmiotriticfuc | ida__eopcetihosmhhcardt | aaniiumiiumcihaocoschunramo | qsmoiuiocuueetro
T	8	4	0	iima noto neir some	noto_ifematmernoidirdhrtepdmasofeamc | ctpeftairmfes_uhurmeoodneirica | cicemosoahdret_idah_pht | nhioriahmnicouuauaocmiimasc | ouucriuosomeiqet
T	9	4	0	uene cert nome	mioemfitnomeardtfsetopdrhoadicnar_em | oiasrcmueneeaptomdrhiifcert_uf | ahhorsioitccda_me_phetd | iiuoimhsrauoouimacancimnhca | ioiqrcueetoumuso
T	10	4	0	cari echi	tsfdtdm_emeotdrnfcarioapmoireemionah | reechi_mnumrosipecufdoretaiaft | md_ti_ohaaietdhhcprcoes | moimsaiuomnahaoiiciuhancucr | uetmocirseuiouoq
T	11	5	0	mando ando dete iure	_amoemandoonriipacrdetesrhdotmfteimf | mesouiieccud_hafmfnrrtirtaeope | _ahetrioitd_hspemcodcha | icmaaihhoscouuimaoacmuinnri | etsuicooiureumoq
T	12	4	0	caia roma reue	ehriimpomecrsdanafotnde_tmfromaoiedt | ro_upmdreuefrcmhsfnaateceoiiit | phcoderdctaaoih_iets_mh | rmncoaichaiihonmmiuusucaiao | oumetruoiiqeusco
T	13	4	0	maii adeo amai comi iete	eifrooradeoneiihmmftpt_oatndamsecdmr | comidurrphcnmfraiaueest_etfoei | eomcspetcdr__hoiiaahhdt | uosccohnramaiinmumiioichaau | uieteioquoromcus
T	14	5	0	tiero iero dere	diheinmtrotf_fsednmraemdtoaroepaicmo | rii_honaettcfimsafepuderemrcuo | et_rocetpmhsdhioihc_daa | miuniaahhcnusuomaroamocicii | qocmusuoetieroiu
T	15	4	0	ieri efti maii dima fier	annmftoddehdimaeftioiroromcr_asmtepe | enafshtrcmfieriur_eudteoaoimpc | mheoaaodis_ethphctcrdi_ | monsniuuhmaoicaahriumaiiocc | etuuioceuiqrsomo
T	16	4	0	doto uich toho uiso	_iotenifsmddotorafnctpmaeieerdmamhor | fsraeip_uiectohoerdnmcetrmufai | hhhomdiaitp_csetrad_eco | isoiuichuacuimoaoinacrmmahn | oetuuisoiucmeqor
T	17	5	0	eficr nefi saui adeo arai	ftiedooiiomtermmretforphnaed_nmacsda | uadeomtophsc_trfneficrmrieeaiu | hsetdmii_eahtodporh_acc | umicuomhoiaoaraiichnmsauicn | uqmurosocoiuiete
T	18	4	0	iure arma uomo aero ruma	sadr_fanohetimddiirfroeocmnetaepotmm | ecmitsoh_piniueerftcrumadfaero | _rohcaohtetaicsiehmp_dd | saimniooihiouarmacanhmicucu | iuretiesoquuomoc
T	19	5	0	auiii uiii fino iiii cohi	mftiehtsp_eaarradodmcidnteemrfinooom | usmrao_ietdftrerouipmfheccaein | pcahhet_domsa_eitcohird | icmmahnrumascuooncauiiiioha | uoumuiircoetseqo
T	20	5	0	chets citi armo adeo noia	maeeoe_difsorttfmchtnrdeaipnoiarmodm | nueehmfeaoercprifmcitisr_ouatd | ci_pihadeootrachetshdm_ | hruiiuiooimnamhsamaciocuacn | uormecoiisuetoqu
T	21	4	0	immo modi mici	erfpirnoheaaeto_eadotsfmrdmodimimtcn | fiafeeiticradrtcronehemuomsp_u | imosh_areththdcaopeid_c | hmiciracimmosanuihioaonauuc | cqmiesouretuouio
T	22	4	0	erti	rntdhdcpmoaimtertiaarofomifdne_eesmo | hiouecfrfa_aodtnmerciseeurtmip | haod_iictmr_esocahhetdp | iohamiuuaoacinucsrmcmohiian | miouqiusruetooec
T	23	4	0	sori aiii	iodmcmdernmetrdaa_trmehonaftoiepisof | fiampettmdsinhoiauuccofre_erer | ietamoarhhp_ie_tdcshdoc | aiiicsnriiauunmocmhohocaaum | uetsoriuicoueqmo
T	24	4	0	chei	rfipaeta_odmricniemoattdsedhoofmremn | fitnroomdcheime_seapauureiftcr | aercidaethdihos_comtp_h | amnmihccisaioaciohourmuunia | uoetioqousuimecr
T	25	4	0	cera auui	todtfmstihnoomdcfman_eereprdiamraoei | fee_iooasmdeumpiceraufctrrinth | pmet_scah_idceaohoridth | imohorciianacaauuimsuihconm | uoiurmqooeetcusi
T	26	4	0	toho maco rena	ceepondrenaiitohosmamrfdaeimofdmttr_ | ueeiaheoccfu_ifmranttsmropedir | mrciedodc_iop_ahastethh | macoihauosmciiinoanahuciurm | etoqruuiousiocme
T	27	4	0	erii eifo armo mais	d_eifootaeehfpnmnodmaisrcteoramtidmr | earmopccfoeriidutse_tfreanmihu | hodet_o_caaimtehsipdhcr | cciisnahiuuhmnmaoimaciurooa | oetouiriemqcuuos
T	28	5	0	farei circa reiio eiio suoi	tmrimoreemdfnetdsm_horoopataacefndii | fareiiot_ieafphsucrtrmudeocenm | coeaiho_mrdch_sdhtpiaet | hmauaccircanommoiiuhnaisuoi | miesucoiqetourou
T	29	4	0	arci mano rete coie anca	tohmiosfed_mdnememiprnaatraferdctioo | emreteeoismanofpiurhcidutfa_rc | irpm_dtc_cdhihetahoseoa | miiumoancasciiarcimhuounaho | oousumuietcoierq
T	30	5	0	treui etre eder mura cioi	timfiaaithotnsdnaeordoopfcrmm_meeder | mcanoemtphrdcfoe_siuafetreuiri | ihoihocaetraddmpst_hec_ | uucnmoichsaiahiocioinamuram | rsouuiocmqeuetoi
T	31	4	0	uedi temo	fiaprie_temoecandtiomadtrfnmseodhomr | efrfiiet_omosmapunhccaruediert | mdcdpih_retaoacet_hhsoi | niahhracoamniumosiiiuucocam | osooreucuietuiqm
T	32	5	0	uiiia uiii nino nari efee	m_nrtoidaesmpeonariheifdtafctmedoorm | refeeuiudomtcischmenraorifa_pt | darphdocisc_thetoe_iamh | macacouuiiiairmuhasninohcmo | irucooumetiesquo
T	33	5	0	sommo fama fcor nefi moia	nededrfcorttsommoiainporfamatmheide_ | p_nefiuricmmsrhaareceutitfoode | pshdhahioetoacrtc__imde | oauncsiahicinmommaiciohruua | sorequciouomuiet
T	34	4	0	comi sete meda	ma_erieotchdirnaornoemedatmfotpmdifs | foeoctutamrcferniamriu_pdesehi | tc_aihdehetdsa_coimohpr | uiacmumhuiniaoacrhacomisnoi | ucqiuumrooseteio
T	35	4	0	noia uani	noonpmamefrtedodfimmtdoiec_irsthaare | anucietaeodmeup_rhoifticsrfrem | saemh_hp_ddhaotricietco | uaniaamoicrmociuicmnoiashuh | oucrisiemetouoqu
T	36	4	0	nori uiso	dtephimiroeddtineocaoamsm_nrmroftafe | mpierniciaedorefmrthfetuso_cau | cciishro_taeethodd_mpah | soiamhiuohnoriumamcniciauca | etruioqomuisouce
T	37	5	0	curio eiio noto curi haro	drmmemiaoaraorteiesmdn_hifefnototdpc | iudfeufmraoemi_tecsharotrepnci | m_taethoeiiodahdc_rhpcs | mhcaioaiohamrnoiuucicumasni | qmosetuuoeicurio
T	38	4	0	eiio inde caia ance	roehmddindeateftanceotpmimormr_sfioa | hrrmtmeocftipuaaueiioserndce_f | aimcadhdotchs_pieetohr_ | mnuuhoincicaiaaamiomiuhrsco | eteomisuruiocouq
T	39	4	0	tere	misoamtdainredthmnoorteremfcdp_fioea | ureeuprhoismi_dfaifctcoemtrean | ap_cmiidoaethehr_tschdo | cosmahucriaioioimmcuanhainu | coioqumetsiourue
T	40	4	0	achi time coda	eimtdmpcrrsoaneimdodtfrnmoafe_eohait | shnidretaauuef_cemrpcrfotimeoi | eths_mtid_opaercodachih | hsuomuiocinoaicuaacmmairhni | sqouroetuiiecomu
T	41	5	0	chets dera uoti core mais	aeontretmihnmaistprocef_mfoimderaodd | moeu_tafraecnpsrhdefmcuotiirie | tiicchets_rdm_hapaodohe | miiiocaocucuianmaoiunmhhsar | oscoretmqouieiuu
T	42	4	0	cioi arai uiuo fran	oommdtrfneeditmeaapdrfoasinrotie_chm | eohmimscorfdepafranrtu_iceteiu | araiehm_cdioos_hthcpdet | cahhmnacaimacioimuuiuoisnor | eiomuetsqocuruoi
T	43	0	0		fpotosodnefemme_haatcrdrnioeiarimtmd | hdrfteeusioaernoupeacf_iimtcmr | o_pmetisecrhh_diaotadch | ucoiraaimuaimhnhoaoumcnicis | iretqmouiucsoeou
T	44	5	0	haran reiio eiio moda hara	taeirfefaishmnptdermiroo_necmodadomt | eushmrmcoaircuefantreiioefptd_ | haidride_mc_atosethcoph | immcaucsiuharanmanuhociiooi | oueuuorsiqomicet
T	45	4	0	amai uita	smd_octoimarrmemofohrdaiatnfdtpnieee | uitaeaordfuhineftr_smcemiprceo | arpeoetdomhcsith_c_iadh | uoimsiiincmcucamaiaahunhoor | ooquoucrumetseii
T	46	5	0	poeti anti time	deantitmdhfrapoetimea_roodoeimfmsnrc | pacdrmriuctamrtiofnhisuoeee_ef | rihhoscptadetidmha_c_eo | uicnhacamaohmruiouinmosciai | smeietooiruuquoc
T	47	4	0	aiii maii fide arme mesi	efidetsndormtapieoofoectm_arranmhdim | rceuprfeofiioarmet_thmesidnauc | o_eacmcrohihdishta_etdp | auaosmaiiioicrcnumhuamhinoc | oetocmrqeiuouius
T	48	4	0	nera iiii	mpmrdsedicdm_iehftoneraaiaefroonomtt | prteeiuiofrmeadfnsmhaurc_oetic | hcrhh_aocteimdo_diaetsp | anhucaoiiiiomcasmauhinrmcuo | iicqeturomuueoso
T	49	6	1	ceruia ferro stia iate uiai	fmncinrdoeomorpad_tdeastiatehomeifmr | feferrohtosimm_tueaincpdceruia | op_iacoimetd_etchhsdrah | oahcmciuiaiicuuromsianmhnao | suumqciroooueiet
T	50	4	0	meta tera mera pone	mnmriaeedoefatrip_ioomcdhnrsodmetatf | feormponeiicchftdiu_meraustera | sidooett_airchphecmhda_ | uuachmhoiaouscnriinmiamaoic | coumoietueioqrus
T	51	4	0	achi	mfrodteoepeoidms_naamradfocinrttiehm | efirimreptenaroocsmh_ideufcaut | idccdhr_phoehtmet_siaao | icnrsomiomiuiomaunhuacaachi | iouumueteisqcroo
T	52	4	0	iera pofa uiuo anco	rnosiaearoen_tfthcidrmdmdtoemmpofaei | osmfdieracumcrnri_tfehieuapoet | dp_ocad_imoathsihcreeth | ancoimirmaoimsciuhachanuiuo | qiremuiuuoetscoo
T	53	4	0	nore fere	aiocfteonhmedferemnitorstid_rdmopmaa | noreirifcds_ihramfceoapetuutem | ecidsohpmdoc_tah_rethia | unucomcaauiomricihsmahniioa | etouucrqiioousem
T	54	4	0	mois rome iion indi	tmfatcemromemfosadeeotrorpahdi_indin | dutapric_hiroreefneommefitcusa | d_hhpdao_mtcaioieethsrc | mciionsuaamniiooaccmauuhirh | uuoroetqmoiscuei
T	55	4	0	mari afar dica coie naui	mtfeemeiirthmaridodceo_ndsopmntoafar | ftautnduecherep_arceimioofimsr | cahtsethodehdicai_r_pmo | miaosnauiniomahuuicrohaicmc | rmiquetuooscoieu
T	56	4	0	suor dame uino	mtoiomihpoatrdrnofceedamedrsmia_entf | oheimesfruotrrucnfecdpimtaeia_ | apooccretias_htmhihdde_ | ociashcanrmcamamuinoiuouhii | oetouiemcquisuor
T	57	0	0		cfiohemrofpeenttrordanetaimasdodmim_ | onammfrfeurpai_eodhruttceiseci | ihhdc_iaetoomdseaht_rpc | aumhnioiaarcmihoucnmiasiouc | euiqorucsoiuomet
T	58	4	0	mare	eocmarepdodms_mnhnfrtoiotmiatreeidaf | iradimrrfaosoticefpntce_heuume | aciomi_edacset_hpodrhth | oasuocrinhcnahimiiuuaiacmmo | iuoouetqcresiomu
T	59	4	0	arco esta maii	ntetmaeoarcotrmdiiefehpifd_dsronamom | _cmoestaemciurtipfeeniuhrodrfa | aeticmhpt_oroae_hidcshd | hnooiuascmrimuhuoaaimaiicnc | qsormooueiuietcu
T	60	4	0	anco	rraopneidtferndheocmmiesoam_mttidofa | ordcruhettpusiie_maoaifcernfme | ih_ahicdtchretooame_spd | ucuirmhmaaiiouinhancocsoima | euoiruqoetimcuos
T	61	4	0	uiia maes teme	mriemaesoond_mdfhfrootmdaatcenpetiir | emtemeucfroehirsdraoncpfiti_ua | _hetcrsiicmtoahdodhape_ | nuiiaaaasiuouicnhccmhrmoiom | etioomcouurqiesu
T	62	5	0	erato dera acci uiai ioro	nsmfoceaniamhrdfeoptdderatooteimm_ri | cdheoeenituru_icmirfmafestraop | toaheao_etscdchmdih_rpi | ronhaoouishminuiaiacciuacmm | smoetuicuioroequ
T	63	4	0	anio ouer simi mani	ntioatnmrsfhadoicdotrmfmreoademi_epe | mrrec_pethamodcuieruniffsioaet | c_sahetaehihmci_rtooddp | munaarsimicomanioiuhhioccua | uimiouetsocouerq
T	64	4	0	roma mite arno meta	arnoohenpaioisfdoddcrm_mitefemetarmt | oticefrdrapoihicfeumnues_tmear | etahsor_ocedta_iicpmhdh | aamhuiniuromaaoucccoimshnii | esrqouuimoietuoc
T	65	4	0	tita euer	aeddtitaa_mndfspenmtremcirroeohofimo | ofeuerd_imiurmehfacpnrteotsiac | shaihdo_ahettcormpe_dci | icniihimmccoaaruuimhosnaoua | omeqriouoiuscuet
T	66	4	0	eiie echi	tseddrechitaeeood_maooinarmrmmntpffi | n_cofmrapeiieumsroehiatcudrtef | r_ethaomoecatddshp_ihic | uhaiocnmhcaisrmiociumnuioaa | iomuucqsooieuret
T	67	4	0	doto fifi arai tuoi	ndotomdefifihrmaraitnp_oaeedmoemsrct | rriarseepaiufuf_honcteomictmed | odem_cs_rhoahiptaetihcd | uauouhomrimncciisoaanhmiica | orsmuqeucoetuoii
T	68	4	0	doit miti hano tuoi uoce	emoiietsrarcdamrnpeomhonffm_atdoited | oetsmitiihe_ufdcromceunarpreaf | ehairet_ascdohtmoch_pid | iicmmiuishruonhanoaoumaaicc | imosuoceurqetuoi
T	69	4	0	chri uono	ciahdstpiroamdonrmimmefeo_aertdontef | tocnit_pfearrieuufrdhemscmaoei | aetadiphomht_ecchriod_s | aamohiiisihamuonocuncurcami | etusiroocmeuqoiu
T	70	4	0	sche	ofsifaepandcteemoohmmmoad_rniirdttre | rt_ecsonheaieprefactfuourdimmi | ercp_o_idothahaidmschet | rmimmacucoasiiuooinhnucahia | uoocuiosetmuerqi
T	71	5	0	sette mise ette muro	ifrnaompescnedmoomthretdtaoa_eiidfmr | otmisfoa_reaeiuucchrtiernfepdm | ia_occhdmisetteh_rdhpao | aicucacaouihmirinahonsoimmu | uumuroqcooseieti
T	72	4	0	mere	oatceefnpamthrmnmordaoiodmeretd_siif | moc_eituriesfrucafreihpdeamnto | aadiphheteicd_stcrho_om | omoaimruhniicmuahsicoiucana | qmceurouiietsoou
T	73	4	0	haro	oomptsdt_iaaheemtirfeenoardnimmcrofd | irmeesfoupurithri_nccamoefdtae | acrasetmdit_ophdheohci_ | aharocuianiaocoihiimmcnuums | seouiiuouetcmorq
T	74	4	0	tata iuin tare cote refo	mtdmoreotatarefofsaeipoindmdhr_cnemi | hmcotemfaes_ripafneciteiurordu | hhco_etp_rhoiaetdmasdic | iuinooncaoiracmcsihuamahumi | suiqetocruumooei
T	75	4	0	haro fune	etp_deiooiarfofsammednrdtmcharoemitn | rsempahmfuneacteuiodr_tfcroeii | amei_ddtps_hachhcoireto | ricchcmiunnoamhuiosaaiaiuom | etuqsreiiuoocomu
T	76	4	0	tino mari noma nona inon	crmsroeomtd_eeaffdmtinonaioehipdmtra | ectcpanmth_eeofdrioisrmaeufiur | hocpmetrdidth_ies_aohac | scoamiicumiuonuhacanomariih | rcuooeuqsetioimu
T	77	4	0	iima idei cito fura rene	odamdeoaormnrmmtcitoh_apsfrenetfdeii | iof_necmmacfuraeurideiprthoest | pddaeh_c_aioetihrhsmoct | cuocsinhoaurmoamunhiimaiaci | suiieruetcoquoom
T	78	0	0		ftmamraioinodtotcrdmens_afdrmeiheeop | fmeoec_ohuimsrceiedtrrpuaifatn | tsihrcethhdeda_caio_pom | hinniasoihoacaaiuouummrccmi | ucioriuoetuqesom
T	79	4	0	nume toro dioi uiai	simmda_epfetdmfnetorotiicahodoermran | ctnumeaetcohuasdioirrpeifref_m | hetr_ctoomhecphdasiia_d | oiiuaruamcuiaicnahsmomhncio | squmrioietoueocu
T	80	4	0	sero disi mito	rserofi_ahniofeatmemitormcdtpmdaneod | mcu_aprtefratdisieeoehriucnomf | hp_hcetrdhiasoamtiecd_o | uicaanmiuhihmocaoiucnsaormi | setoruoimcoueiqu
T	81	4	0	teco fefi	itofrmcmoomddadetpafhmt_oereaireinns | meiaemdapsfefi_urrthuciortecon | etp_ohcodre_htiahcmsdai | ninauomhmiimiruaohoisccacau | rqetoiocuousuiem
T	82	4	0	cime cioi erto ieri	mtoeaaftndcoaeisr_imehrefpddortommin | rineieriopa_ertocfmumshuefcdta | ecmotciahohsddai_etrhp_ | arinmaooamhncioiciucsuumiha | iquouurcimeetsoo
T	83	5	0	cauai more caua	crrmoremfomedtdmttiiae_niaahnoefpsdo | rumhifarscmeaiu_ooidrttcnpeeef | eioretcmd_taa_scidphhoh | uisihmnicaicauaiocmoaumohrn | ocmroiuqetiueous
T	84	4	0	rito time mois	naaderito_ehcorfmdrfstimeanommipedot | neomhaeiteopufrticusafiecrd_rm | iheto_hpcdhdtcrmoisaae_ | aouauimnhirhscaiucmoaocmiin | srouuueoetciqimo
T	85	5	0	diamo accia nata mode tare	rmicpdiamohenatarenfosietdtmofro_med | ciu_uaintiheepodreotrsfefrcmam | iatposhetrdmodeihach__c | aacimuiacciaioonmnhsumrihou | sometieuqociurou
T	86	5	0	fecon quie	efoamametmcadtoirdrodtipnee_rsfmnohi | pfecon_crtmifirhedsrtmeauoauie | ietthc_phmesahodari_odc | hiinohaoamocsucmnmiarauicui | oocquietrusiumoe
T	87	4	0	data cera iean disi arie	adenmtm_rpctdieaneaootormmdisirfhoef | ehnfetmiuurmicerariepfcdo_stoa | _mhethodcoeicrps_hidata | iiaimnmoacsanhruoahmiuoccui | ouuoosrieietqmcu
T	88	5	0	tefie eiio modo pche cani	tntorotefieidrmdafiomcsrepnmmdhaa_eo | rcmtfeiioreuamtrce_aeuoihpfsnd | r_isihmodo_edachtapchet | acaniuuhoiiuionaaomichrmmsc | csiueuoqioouretm
T	89	5	0	frate sedia aiii dato unir	mnofhdatomrsediamefcpoid_trrioetanme | rcifcm_ofrateeunirdtaheeomipsu | hhi_aasroioetcdec_hdmtp | muaaiiincoouicomhnuhmsracai | usumqruieetoocio
T	90	4	0	esti daro noia tera timo	ahaototimodfseemdn_tfriprnceeimmdaro | drcaestip_eomfeornuiicteraufhm | icmardsdioh_eteohathpc_ | siuroihconoiamcinacahmmuiau | csemuetruiiuooqo
T	91	4	0	uria homa curi	amrttriieathaco_mnpeoeofrdmomsidndfe | uue_tisermrcfmidpoeecahoariftn | hhotmihapa_de_ioetdsccr | curiacncnhomahaimooiuuisiam | scqrumeouoioietu
T	92	4	0	uifu mici cuna	iet_chsdaofinrioaptmmnerdaotreomfmed | hatuifurepceifrairmteocnmosed_ | theoihccdd__asethiopmar | mmiahioshnaurmiciacuicunaoo | rsmoocuiiuetoque
T	93	4	0	cert cioi	adderopommftioome_erimdcehsinafnttra | moesfcert_ohrafpediuamitcieunr | chma_shad_retotecioidph | irmoiuohiscinuamiuahanaomcc | uiocetsurooumqie
T	94	5	0	conia tato inon coni time	rr_eatatodhfdmdeomimctimeinonrefsopa | inupuiaicthrdeffootemeecrsrma_ | docpde_crhhietaohtiam_s | micushaaniamimurocihuconiao | iuoseuqcuroomiet
T	95	4	0	cire rete omai ioni etti	mmmtmi_aroineoenffcsdprtoeathrddoaie | orif_dpcirerecuamifhntsumteoae | hpsdeohmo_aettiidharcc_ | nmhuomaimuhociaioniuaasricc | ioiuucooreteuqms
T	96	4	0	iira neri	omnrmscothdemiarneriod_aeoamtifpfdte | upneaiemfdriofeec_otthmisracru | hiirahhpdedetcat__mcsoo | ciciiamrhomconuumiaahsnoiua | oiiqosuueoetmrcu
T	97	4	0	tiro duro	oeitmoaimddtoaorrermhpcfm_nfiaentdse | snefrduroi_icthefimatroemucepa | it_etcoehaimpad_rchhdso | mauomiiooinumcrhaischuacain | ueiqetiroumosuoc
T	98	4	0	fare	nridomcaeoiteirmormpdtoa_fehemdnsfat | ontrcfietfaredhimumsp_areeoicu | shetipocmd_hdh_oeaicrta | suramuoncainimuiioaiamcohch | uqmeuuoetsriiooc
T	99	4	0	uemo isii	ahdrmsttoicodpmeiefe_oamaeirnmdntrfo | iasmcuo_mucrdieoehpreefaftnrit | omdth_ciaeetpchodhi_sar | muaouhoincouniacisiiahmcmra | iroetusoiuemouqc
T	100	4	0	miai anoi ioro	mttosdecnptarrfedofoa_ndmohrmiaieemi | rorupfos_ttnmmceefuheidaiciaer | tceap_roiomcetahidhsh_d | cranoimuicamouamsahicihoniu | ioromiuoetcesuqu
T	101	4	0	eiia doca	rmdncteiiaieaeardrfmosomfehotnmp_otd | nuiorcfahaeedmproteufit_esrcmi | tmp_ahetcidocarh_oiesdh | aohohomuciuuaccnmaaisnmiiir | qouoersetiiomucu
T	102	4	0	uiso	rpdoenrimiaaeteoircdmosfma_ohttdmefn | uue_tiehosrtiifeoecmamnpfradrc | imhacohdeto_cdrhp_seati | unniiiouiahumoscmcacaimroha | eucetquisouomroi
T	103	5	0	eredi etdi foto mere noia	stnrofotoenmerediatopehimrmdcamfd_ai | drutftiem_oeecimfisncaerpuharo | ca_rpmihoeohsaetdid_thc | rihcmmunoiaoamicchniaaiuuos | uoiuqcetrmsouieo
T	104	4	0	iion redi	ooafnmo_edmtpaeodmmearredifhctrnstii | acrihsorfueoepme_tcimudretaifn | dad_oiheorcsihpah_ettmc | uuciahmmoiusccrnaoimaaiionh | qucsoueteumriioo
T	105	4	0	tati arei otte cori	ieaareidaomfp_iottectrnnmmhdfrooedsm | umuoo_diicnreepfcesfrmreatatih | hrdpeaidtoimah_c_cetsho | nimacauuaosiciomonriucihham | muuiocoriqsueoet
T	106	4	0	caft cani hima	tmre_oemeasnfercaimiothonmodptaifrdd | crseui_hepimairuedtrmoocaftnfe | te_oahietcoasdrdpihchm_ | hcaniiaounuoamsicrmicuohima | imooqoeruicsuuet
T	107	5	0	auiii cara uiii cuoi rera	oismfreecarafmoimpraddtdntihnmooeet_ | irhreraefmoticemdue_noufsptaic | thcih_ihoedcrap_sdometa | nuamccuoicisauiiimroaohhnma | etuqeoumsiurooic
T	108	4	0	cati capi aria sino	ethommdracise_ientfoadniamerprotmdof | uhicmcapiea_uemetdrfoinersrtfo | oihom_cpdercatids_aethh | micmcunoariaahmuohicuaisino | etouemicoiqsouur
T	109	4	0	anio casa uifo sani	_casanionaeeormiedtmffretmdrtoimophd | mnierr_adpusmfrhcteeaeuifotcoi | optrse_hd_dhmetcaohiaic | mocarcuuhiiiamoncihuiaaonms | imioetucoousuqre
T	110	5	0	annoi aout anno mire	ondhofeeeasdmmfriaird_moonirmttctape | dcrftofieemiremeahirucns_paout | ptdm_esdircaoh_hahoietc | hhmiaannoiuiamaosirccouicmu | ruetooqisieumuco
T	111	4	0	coha	mdcefhretoiramnrti_fmnasaodeotdmeipo | muemdar_orriteeuaehtifpsncfcoi | oidpao_aeccithetdmrshh_ | hnaicohaaioucmcuiamruinmsio | sueuqooetorcuimi
T	112	5	0	torte mero	dmsiftorteafmiidhpeomeroratnmeanod_c | ammecieuotfehauisfe_cpdirrnrot | cdiahthi_dhpaorescm_oet | siiaauuaomcacunniommhcihoir | qersoiuuoetcuomi
T	113	4	0	aiii nona maii queu deue	poidfnonaecr_mmiddrsrmaehtaetioetmof | faeatociruhinrmmocipfser_tdeue | ciim_etaopoh_etchhdasrd | auorcmaiiiniumocnochsmuihaa | metusiocoioqueur
T	114	4	0	cade mare more	soifmrdoditcadefrnmoreiamnheompe_tta | reoafitnioputdfruim_ehmareescc | cmdaota_rphhi_oesicetdh | noihacmisuaiumcniumraoacioh | cromiuioesquoetu
T	115	5	0	piace apra moni rene nefo	iaprahceostmtied_mdtdmorenefomoniraf | f_aiofuctupiacetemidsrrneorehm | ocs_cdiaiahhtrethd_pome | roomncuiaaioauicmmhishiacnu | etemrqusuioociuo
T	116	4	0	uiue rota	ofredmirtpodmnetaehroaimetscdfain_mo | htifcteoeamcmfroeeprdsurii_nau | _shhaiiodpdmhccetrotae_ | ohinsmmmcuaiaohioiuacaucinr | cmoseoouuiuetqir
T	117	4	0	seru iima iure fofe maii	rfofedamerntoopmicthiaadm_otsdiemern | dmicunaeiseruprf_traheifcmeoot | o_ddtprieteiacsmochah_h | aimnuumaiimahcoiccuoasinrho | miuretoceoiquosu
T	118	4	0	nofi ofir noii cauo	ofiedeetosdrmia_nofirmcatapemmhrnotd | muocaiheetmnfai_esfocierrurtdp | hdhrethcaosotmd_i_aiepc | noiihacauoricscunmmhmuioaia | moetouueiciursoq
T	119	4	0	teco erto	p_teertoiinoahrmfnfmotaeceormimdsadd | hauo_imptecofrmueidnriseaeftcr | c_do_hepomacarsetihihdt | amhhmimacnnricaicauuoisiuoo | souetciruomqeuio
T	120	5	0	cuori cuor mino mare iffe	id_eitsadfmretmaooiohcdnntroefmarepm | srhm_cieeptiffeaemrcnuooratuid | th_o_disarahcecetidpomh | cshihomcucnaraimminoaiaiouu | cuoriuoqiuesetmo
T	121	4	0	phro chic echi	hitoafoteermtmrm_oeddamndefsncoaiirp | snfcaeoiummropedi_rhctafeetriu | phrohd_taosaetechicid_m | iiamcaihamirucsocoahnouuimn | uiormsuoetqoecui
T	122	4	0	armo some iffe	adoetdsdtnneifmiocmprearmohimfot_rae | tiffeadoistrheeumrm_eaucoipcrn | ophi__ahoetdacsredtcihm | omahcocioucuinmsiarihumaani | icquetoiuousomer
T	123	4	0	uiii cuoi chea tien cera	monca_itiadshmffrprmemtoatooendeired | rer_eupftieniohditmosumceraafc | dhra_ihos_cheaidetcpomt | uiiimchiuiausconnammrahooac | cuoiseqmuretuoio
T	124	6	1	uosiro osiro foii	tmrodapoaoathmer_drsdcfoiinefteemnmi | oafticnifeuemrpem_isahctdoreur | epatdoaiirchmcdethoh__s | iiuhocumcnaimcoouahisriaamn | ueteumuosiroqioc
T	125	4	0	uiai mani hima	nme_etnmtdremfsaefmiorddicphraaoitoo | o_chimanicfrptoueifuademtesrer | iohodrsic_taetahdmeh_pc | uaimhurosnaiouiaicnacohcimm | ooicqesmuuroetui
T	126	5	0	moria mori noma	oefsammtnomafr_cidneoeidrrdmhoetpita | mmaiepeosaueurrctdii_cfotrfehn | idpie_ascco_hohtmhretad | oimuhmoriascnaumuoiaicnaihc | crqoetuiousiumeo
T	127	4	0	otto cohi mois dica	mea_ipesndhmferdairofrmcmnaottoeitdo | nimcooetiepmdufirh_recatrefsua | hm_oacpteio_hdicahdetsr | imocohinuscrmacmauniouihaai | uoeuqcouetmoisri
T	128	4	0	tran paia tifa	erhmneocaf_mttioeidtifaodopdrmmsrnea | ocetmrfeohre_itrancdmueiaiufps | etdmooh_crpaiatcihsh_ed | suioauciaoiaruimcnnaoicmmhh | oouetseuqrociumi
T	129	4	0	come inai teda noii tore	oiietnempnhooefd_irtedastmrmaacordfm | cthptfmufcsraenoiidreiemau_oer | haorpcome_i_tdihdhsetca | hsnoauicoaacinaihmcmioiuumr | usquicoietoreomu
T	130	4	0	meri iion equi chri uomo	eeetodriionaootfdmdeaft_mnharprsmicm | acrrmfioiufeenutcpmerioaesthd_ | meo_tetrhiocdpsiaahhd_c | aiinhooiamaaouicusnmchricum | usequietciuomoor
T	131	4	0	uoce	rrfpoamimerddfimadtesoennmiahcoett_o | suoeirtrfiedmi_meuocehanfpatrc | hiidrophaamedch_c_soett | uacmiihnihmniaaooarsiouumcc | ruuuoqiioesmetoc
T	132	4	0	cara uoci pera	mmfditmecaraeps_dehdiaoeoroontmniftr | atoeccs_peraeoruufmmftiiheirnd | teetpmidorahs__dacihcoh | aiohmmcmiacisuiarauocinuhon | etiouiqrcsoeumuo
T	133	4	0	otio equi	podmmafnhimdeensrdaotiocomtrrtaeief_ | honrermucrac_mteiepudoafieitsf | op_ricaehhdodetsca_mith | inicuihscmmnaiomaauhaocouir | roetoomiequicusu
T	134	4	0	efie fura refi	ameofhdtnaecmiitidadroeomnoemrp_frst | cu_menfuraetcrrefietdpmoiishao | cph_dhrhsocaietatdom_ei | iomuaosrcccmhunumhiiaioiana | osqumuoioereticu
T	135	4	0	tace cohi	mrmpdiftidsamtohmrtrooa_eendcnfoaeei | oineefutcciimemturpfaesrroa_dh | haetaced_cohirhidso_tpm | omioasmaoniiruacmiuncauhhic | uouseetooqicirum
T	136	5	0	diche etre iche eiia	an_rhoeiemrsdeetotmdpoanmcairfmtidfo | om_unreiiafptrefatrumsocideech | hhcdichetpsadra_mtie_oo | ahmiaciiniaaiocuuoshocnumrm | ouocoetresmiuiqu
T	137	4	0	fuii seco uiia dise	emriocdhp_atresondmomdemffanarttoiie | hdufocett_mcrfuiiarenrpimasoee | tapemhch_d_arohcodiseti | muhhomcuiincarsaiancuioomia | oetqiurusecoomiu
T	138	4	0	cour etti casi	onotprhieeiitsmocefarrdmfd_mnmdeaota | rd_ecrieasurmuoaetpoceinifmfht | h_pdhsicaomohadc_reetti | amauoumhoirciciamuihnocasin | etieoqmioscouruu
T	139	4	0	arch iimo mite reho coii	eriooto_dnmeotmfsnmmitefrearchapdaid | titcrrun_ufeepmdaimrehooaicsfe | _ictomosdiaarcdph_ethhe | anhsmuumnachraiacoiicouiimo | qcsuioeumiooruet
T	140	4	0	auro dits cioi uiuo	pdfdenditsrtnecioitroarmmemmhaooea_f | _tmcoistmdauroieeeniffpahucerr | omcc_ihdhasr_ietdhtaope | muhonisuruaahiioicmaamioncc | seoiomcuuiuorqet
T	141	4	0	cari eiio ueri foma	a_edemtrtrnfammoeiioanetddihfrsomcpo | ueritncthfeecarisip_dfomaoruem | ptmderhoha_aietccihd_so | ioommanumihuirihccacanuoias | iioosuouqmrucete
T	142	5	0	parse toro conf mito	nediedmmitoroonhpaeatadeti_rsfmfcmor | eirotcemeurmparseatconfhduif_i | hdaa_r_ietcmcohetdsipoh | scouiaamooimnhaauiumnrciich | irmoscouqueoetiu
T	143	4	0	iira	roratfmemapmneeethotsfddoociiina_rdm | tiieeauofrsieocmh_earmdfrcnptu | scicmdaardhetohhoept__i | hmionccciauonhumiaomusiiraa | qetouoiuiorecums
T	144	4	0	uiua rimo tofa nomo fari	airtaemoofofddeatpnhes_dnecrimomirtm | edenirocctofarihpue_amrifutsem | shetcdictaoimharpo_d_he | cusiuiuaanaacnomomcrmiohiih | rqmuueteosioouic
T	145	5	0	iiano iano efti time cimi	fdnoeideota_smaairdrteftimnrhpomcoem | irtimeaeu_oensrhfroimaudefptcc | hetcoeaamdpirosc_hhid_t | armcimihimiianocuouhoucnaas | euetrocumuioqosi
T	146	4	0	immo tore orni efio	odrnmotfdanmripcim_eohaefiodseetmtar | aiumsdeo_ifurcfmctnioreperteha | h_tiaaooprsdcehmh_dceti | oaoianmimmornihciacasuuciuh | etorecuoqsmiouiu
T	147	5	0	amaro uiii maio teda amar	foademieotmishrpe_nfcmaiornrtedaotdm | mufncepheetsrrc_iudatoiiemaofr | ichoetctdha_o_spmrhiead | nmhcmuoaamarouiiicchainusio | uuciiersetouomqo
T	148	5	0	torri etre etdi item	rconmrpmtenifeodfa_omdramiehadetoits | ritem_torrifoaausecefcuneimdhp | tpihhcd_coetdia_mshoear | iirumiaciauocuhimhoncamosan | uqetreioismooucu
T	149	4	0	nero cade core	m_tmteedrmmrieoanradosoifhoipfcadetn | _ichmrduepiofsafitmuceearnerot | dcpetie_shaohaoitmhc_dr | nihainscioumaarmcoihiacuoum | isetucoreouqomui
T	150	5	0	uarii fort uari rada rose	osceoneadtmr_eoomiiftdmdnhrtpairmaef | iepseiotieuufortrn_hfmcecmrada | _thetpi_cdhiadroseamhoc | isumauariihuaaihccnoioommnc | qrooeociuetmisuu
T	151	5	0	moifo	neeodstmoifohnmarpftecdamdo_tramriei | uotr_iatmeocuhsiafcreedinrpfme | _etdpemrdc_iitchaooashh | unhhaoioaacisumamcincruoimi | rueioomicqsuouet
T	152	5	0	ormai forma caia mere iimo	fonnct_tfemsmerepiihemroataoaimorddd | hfaeotepdrcteiesrformaicumui_n | tchecaiaomdhdphirs_oet_ | auaoohumhsciaairnuiimoicnmc | ueqsourcioouietm
T	153	6	1	quieto accia trai acci quie	deacofiomrmehnemstnfpdrioemtoa_traid | mue_ecfuaetsdomecftrrinirohapi | imeth_roh_pdadsceiohact | ncuoainuomiacciamurshiaihom | csreioouquietoum
T	154	5	0	chefi iodi oche chef	h_reoesmrnmiodipodnafmactaoeretifdtm | eirateuochefimrpdcrs_fueinmtao | ohoetapchd_rh_dciasmiet | iisihmunmnahccmoaoraiuaoiuc | iuieorcouusqoetm
T	155	5	0	cotto otto inai ioro cari	mmdrieo_sidfnnrahioraeecottodfempatm | fatoedpraocinmuetcfh_esemriiru | _itaetdmoohhhcacidespr_ | iiouhucariuccmhosinainaamom | imuueiorooquetcs
T	156	4	0	timi maio	mpnerntrmoodh_aoeeaeoirmdtimisftfdac | arrtce_efmohipedtnfsrioemiuuca | pretdtaiosdce__hmaiochh | oaaommucicuiahauihicmniorns | oriiqsmueuucooet
T	157	4	0	cori mina teme fcor	foepheime_oniatsdcfmndiodatrmoetrrma | sifcorittemearn_madpfuioucehre | mhdetochaia_petrso_ihcd | mancumaruihcsaoiminaohcuioi | uoimusqioreetuco
T	158	5	0	conia coni iaua cimi	mmimoht_esorotpiafrdfmnneieocaaetrdd | cmeoeatacuohsipmefridre_fiutnr | _omsheaho_chidipatcrdet | munusamiioocmiihchconiauaar | ureuqsooouetcimi
T	159	5	0	corsi dama achi moro coii	morofd_enseidamadoahtroretmiiecfntmp | cedrpmfencaouraitoufrihetm_sie | ptshreocd_hhamcoiideta_ | cmnmhiumicorsiinouuoachiaaa | qicuetumreuiooos
T	160	5	0	fiima auaro ottro iima	setpoarmcrfiimatrimneodnmde_toehdafo | dmpaufeecsfmiiineur_heottroarc | eo_tsrcdioha_aetpmdhcih | cicsouuaimcohnimnaauaromihi | etrcquooeuoumiis
T	161	4	0	meri aria comi	_shmieoocriaendtadmfpromneeadtftromi | utsepffeeincadt_aimcoorumerirh | cart_d_eiohihdosmetchap | iuhmhuauinsncomiocmoaciaria | iomietrcuesuuooq
T	162	4	0	coia neri foia	nfoiaorhoatcitmpmma_ddmneriesftdeeor | etafcptfsdeumemieonrrui_coiarh | hretdcaehapo_smdo_ticih | ocimnhsmioomaauriccuaahniiu | isouriumoetquoec
T	163	5	0	dicea domo mate miei rete	ftimateraniooeddomonrfe_msmpdicearht | ncde_tmieipcauefhoftrurriomase | moiehd_eticaadtho_rpshc | aanuuiaoiiimmricachnsumohco | retemoucqouiusoi
T	164	4	0	mani nouo	haeteidtorrdmpemdcamanie_nooofstmrfi | p_masneetoorfrcehaiiefrimtcduu | si_hcetaop_hmhicddetora | niaacchammnouoauisumchiroii | uocqmseuoouietri
T	165	4	0	ecce mire fier	todsemoofdeanmiad_fnihoaeptcrmmiretr | pisoaucaer_mfnhuoetcfiermtiedr | heccetsoahimdorihp_d_ta | aicmaoinmaucmhuiaoinoirusch | suiqioueumocoetr
T	166	4	0	impe cati atte	eetoemmrpmirdoar_hfneosnamtficatiodd | affneec_mucdoirsatteimpeuorrhi | emacdsh_caetioorth_ipdh | oiachchaiuaocuiauonnrimimms | osrieoetuoucuqmi
T	167	4	0	cote mite	pdathsiodfmamrrmnaedimite_oorfecoten | ferrtuodcaerisphectfiummnai_eo | etirdsoamhicchp_ato_deh | aomhcoonirusmaicuimuihnaaci | etuqoosiruueimoc
T	168	5	0	ueroi cede raro uero	tmmhm_aotdmcedesenraroiprifnitoaodef | doeihfei_rpimfuearauestcrconmt | s_ohcedomhphetiadc_riat | iashmociimhoomaaciarncuuinu | etcoqsueroiuoumi
T	169	4	0	fate mona tera onor tono	aefitonor_darpedoatdmcrmehismtmfonei | iimenrt_ouehuscrpfaterameoidfc | c_pdietdoat_roishceahhm | ciaihmrnmiumonaccoasiuaiuho | uiomiecsoquoretu
T	170	5	0	certe caia cert sima	pdfnismtroieimftmr_haodoamaeoncerted | eufamcsdmitprtrohnreeiuceif_oa | hc_tcetrspha_ddoioeamhi | uicaiaomisimauainmhhoucnocr | oeciquetrmuoious
T	171	5	0	diche dipiu iche chri some	dieosemrteoffpitoaoda_mrmnanmrtdiche | tahiee_oetrmracuecdipiufronfsm | osomet_dhtha_cchriapedi | amioumumrihccoaasoninhiucia | qucetioosuieruom
T	172	4	0	euui coit uiai eofa	faocpiim_htteardtdmneensoeriomrdafom | euuiirtdmcnhceofapaseif_mrtroe | sda_coithciehphoadet_mr | rncmiahomscimuiaioianuohuca | oetsqicerumuooiu
T	173	4	0	rose citi aura uiho	reoensoc_miiafamreatnfptmmtoherdodid | iuonuraempsrfotmarfdeecitihec_ | ddretohs_iaohehicam_pct | niimcnaishcucooimauramuihoa | iemrosetcooiuquu
T	174	5	0	auoir coro cauo fati sito	dmmcoofatierdteeriemsnmhtfoaponda_ri | efitmirfceheuurraionmtedso_cpa | hcrmhaetdositoiac_edph_ | iihcacnmiiusmuaancauoirohmo | oquuimeetsiucoro
T	175	4	0	tiro rime mato curi	enptiroomcadonfeidiehmemdrrmatosft_a | n_emeohfaircruuietatdipmrfesoc | hichahetdr_atceoiod_msp | acuiuccahnmaimooauisiomhrin | uooieqcurimetosu
T	176	4	0	inai dato	datocmn_tmnsmfiaifherdmtoareepeoirod | rrnu_tfeaceoiceapsoehuimrmidft | d_ahoehcitpetadms_ciohr | rcamhucinaihmaaiuooumnsioic | mquiosurietocoeu
T	177	4	0	cuoi	ereosfoim_dmrohtmipeodtacnedafmtrnia | tesrmieoaueiumpcfif_rothnreadc | odi_chd_sacetetipmharho | siaionuamhoamhcinuicuoircma | crietqomuuuiooes
T	178	4	0	fiso poca	ttn_mdsaioanfpdaoorroeimfdmreimtcehe | pmoidcuefneecrhutitraeam_rfiso | mrpocaoetcdsat_hihhdie_ | uuiiriaocamaumicsahoioncmnh | uuiriocmesoetoqu
T	179	5	0	etiam eiia	dmmseoihecfometrnfpdrntmaaai_ordeoti | remdrrtuoeiiatiheuops_cmnacfef | eorthcdhdaphsetiam_cio_ | inamhoaanuuruciosciimhcamoi | omqreetiuiosucou
T	180	4	0	nani ifer arco coti item	iitemsrfptnhdeomtfmaoermiddarcon_oae | e_asmcemtnefrhpcotidiferuoarui | etpthrmaohhas_iceodd_ci | siuohcmimuuamrcchonaniaiaoi | eousrqcmoiuetuio
T	181	5	0	amici uiua mici rico noni	d_rifrmamidsamteocernhodoeeifpontamt | iruoieicapesttunrehfmr_ocdfmea | pm_etahiecsoihhad_tocrd | nonicaamiciaihosuiuaumrhomc | uoqeuouietmsrico
T	182	4	0	euui chic amai	ntitfeihpmfirreemectd_soamdaaoodnrmo | upemsteeeirohdfitucrmf_aniaocr | orddem_taophschich_aiet | cnamaicuumrihnisiuhocmooaai | oieuuiomrsqoetcu
T	183	4	0	eron iero	tcnfisimdfmrmaaoierontod_edeerhoatmp | mtsrhcreeepraciimef_oodiatufnu | rapdhdehaiohicmet_tcos_ | rnanmoacoacosmmiuiiucuahiih | smorqeiiuucetoou
T	184	4	0	eran iera amia tuoi diui	ptmdfrofohnsodetrierancoamiamit_mdee | sdiuirceoanmiertthceumffo_aepr | coemhsaetid_hapochdrt_i | miaaocioomrcnuhuciuahiamins | oosieetuoiucurmq
T	185	4	0	caui euui dete dama	idamaeorafdmctmopsrienri_deteomhtofn | cscdaoeeotrueemtifm_ifuaiprnrh | rhettmae_cdoicphodis_ha | mcaiihcauioahursoncnmiiauom | riometsqoucoeuui
T	186	4	0	rete	trfnscnmohamae_ipreidoaidtmfreteomdo | rmmeicasf_erfduiotruoicnetpeah | _amhheiciotos_chdaetdpr | cconraimiiuhnaauihmmicsooau | oeucimouqoisruet
T	187	4	0	pofa cauo	atpofaeidmraotmohd_eetidrcimfsomrnen | dfir_upoaeearhucmeosrtticefnmi | smrdodi_atia_oehpchhcet | iiimhornniacmiuaocauoaushcm | soetoeouqiiucmur
T	188	4	0	noft uifu feer tire	rtirefcoanoftdahtoepmisi_eadrodnmemm | tai_tnaeepsciocrouifuhmmrdfeer | atp_hd_maeetcdhisoocrih | nramuioiciishmuocacamnihauo | iuuoetcoiqerusom
T	189	5	0	temer mita uote teme	adndrmtoeaimasomttfeiernei_doopmchrf | nciefautfe_posmrirhaciuotemerd | hhmitap_dihceeta_drcoso | nucinaammuhuiiriomaoocaihcs | ruioesqmiuocuoet
T	190	4	0	cote riua mois	cstnmpredtfmeoiotd_heiefaimmroaoanrd | hurmoismftopednt_efercriiecaau | etrahoicdpmhdcotesa_h_i | anmmicriuamuiohiuashcnioaoc | eoouuumiiqcosret
T	191	4	0	sani	toetencritpsanifdmmreooimh_odefadmar | cfturioishaeducmrinmpeeafroet_ | _ahroiietacphthmedsocd_ | uncnhosiicuiroammiaaacoumih | retouqooiscemuiu
T	192	4	0	adeo	ninifstoofadeomrarrdpti_matdhcmeomee | imcifthee_oeroantdrfcpseumiura | rithopccasdeoihma_h_det | uiciuohashcoonranuaaimimimc | osuqiooetmciuure
T	193	4	0	hate tari aife uouo chem	nma_taifeetdmomseomdthooipcrierfrand | ocfdeauroiierrpei_nfsmchemutta | ihodcoetarihatechsp__md | amaoouuimnnaaurochciishciim | ieruouocmuqoetsi
T	194	6	1	uoiire uoiir inna maio	fitofdepommi_sdmaoineodrtnercrahtame | ruoiireemtnhoefudfapccatmir_se | dcetp_cidiehthamo_rsaho | ccsicioaihoinnaummaiouruamh | oiiuoqomeurcetus
T	195	4	0	peri some deua	mtttioaaeo_rdfanoecirirfddemmsomenph | on_ettcafmhmfperieuosicrideuar | ds_iipchohcortahet_aedm | mocmihusacuianrinuhiomoaica | souruiqomceuoiet
T	196	4	0	coia tero deii	rdtrmeffmieaepomdioh_nsetmtncoiadaor | pehfr_etnmuimseiaaiorrtfdccoue | cth_chadoraetho_msdeiip | mhsrnahiuicomaauoicicmuoani | musqouoeteroicui
T	197	4	0	nera mate uiua eofa rifi	mrmfsdniniaedmieofartoe_cohtdmateorp | asphreoimceuocf_ttnerarifimued | iadoopetdh_tae_irmchsch | iuimuiuahommncancscoaaiiroh | roioquucetsiumeo
T	198	4	0	uria armo rara duri	_nonmmifcraraoidfsethmdoedreampttioe | eoeioutmrcpftc_fiahemnsreduria | pehrhset__cmiidhooaactd | ahucmcmcuianiaiarmosnhoiiuo | csuroomioueetuqi
T	199	4	0	rime info coda arco dire	toemnmotdoaanifrridheeetfmpi_cmodrsa | murpusr_mttfdireaeaieehoccinfo | hpdi_it_acodarcoetemshh | huoimcuimoiiarcacuoaaihnsmn | ourimecetquuosoi
T	200	4	0	trat eran	ieaomtnrnrao_mpftresieadmedmiotfcodh | oumioeraniudtratfr_fsmpiheceec | aaophrim_oet_tcedhdihsc | mirioncahomsiuaiuahcuamcnio | muoqeisuuietoocr
T	201	4	0	futi trec mais uoce	raoeteetirpftndomridanm_mdcmaoehfsoi | ema_ciotrecnpeoramsdueifutirhf | ah_dtihc_pdceoohrmaiset | moucmcuhucsaoiiaimaihnniaor | oetmusriiuocequo
T	202	4	0	mifa atte diro mafi simo	emifar_omdirooeattepnredsotmfanmhcdi | erpenchfmafisoauteumrirc_teoid | hahpsmia_otherdetccoi_d | nimumhcsimoouaiuaccinaaohir | oieuuiuorcoetqms
T	203	5	0	chets ieri tori tche rome	efnmeptnoatorieriodcirthomesmfmd_aad | tiee_arutrmceisromedopfcfinuah | dpcahirotchetshdema_o_i | iuchonimmcamoucosnahariuiai | etoecuuroosimuiq
T	204	5	0	etici coni rose	coni_odrmtrifomefaaedndesarmmitthope | oireiomenmteuc_faecrupdrisafht | _irosethmhchtdaecdaopi_ | uoruoamciaihhommnaiicuasnci | rosemueticiuoquo
T	205	4	0	dosi uiai	ecrimiiaodttroen_dadasohetmnomffepmr | iocftrraseumpneto_iaerufihcmed | rphchatcohet__meidosida | mncaorioucaiuiaihmuascmhoni | ciouuoruietqemso
T	206	4	0	doto citi aria fare	mmiariatdtreemrdfdotooheeim_fcaonsnp | aoecitidhrmrfeispounctem_ufare | eah_hchismcdoretaptiod_ | iuiaoacrcunuoamichnmhimiaso | oruooesuuetmciqi
T	207	0	0		m_saomtanhaeeetitddodefrriicmroopfnm | adrtne_mphuaoireeeuftromfcsiic | sthhcomrecad_aiod_hetpi | ismcccmuoioairiuhnoiumhaana | uqseoirmiuetuoco
T	208	4	0	uari nimo	hiptidcrdmmadoeoio_reafaentsmrtofemn | oartcerusfmdmfieauceipien_roth | hoiodcd__imetcarhsthepa | iuaiocuuarinnimoahhmcmciaso | rquioeuoomsuietc
T	209	4	0	comi	iaocnaooafptdeeehisrfmetdrmrtmnmido_ | mpfrchmideniroctortfieeeuaaus_ | _cho_rpomddaisaeicethth | mcmiusiuaocomiihoiuacarhann | uoiqsiumreoocuet
T	210	5	0	opere ichi pere rono hima	amcmdefraeseepndi_odtfmahitomronoitr | fciea_hrsimuoperedtnfretaiocmu | ca_etatsd_poeiohmcrhdih | ichimaaicucmiaumsuonoarhnio | eirquooiuomcsetu
T	211	4	0	uuna fiar tari rimo tsfi	mtotrdnoomaeicdrm_feitsfiaronhaeepdm | eco_piuunarrmoiitferaetmdfshce | cdscettarimoe_hph_diaoh | aouaamhiuihoucmnioimncaicrs | ucuirqeomsietouo
T	212	4	0	cara doti adeo tini haro	mafsfanharomdodrtmi_eedotinirceoptem | rhfroiucifporiaeseactete_munmd | cthidh_hsadeoip_rcmaeto | nmiuihouiciuoosnmchamcaraai | sumioetucoiurqeo
T	213	4	0	mine hora rada doit	e_oaiiefrrpahmdcnanmmfdoitodetsretmo | ciusrpeooef_urmheiminecradattf | ocschh_tm_iiethoraaepdd | oncnihahuamscicaomuomiriuia | ietuuuoqoeisrmco
T	214	6	1	desimo muoue simo noti mone	dmonehpmra_ttaeefrtcdooriifnmadesimo | notieemhaiiuerdpoaesurrt_fcmfc | dch_ooamatiet_hcpisrehd | uramacaiuhnaihccsoomnumioii | oscrimuouetoeiuq
T	215	4	0	tome inai mode	arsmdiof_oereadttfmceiadnneoptmrihom | cresofeacti_nhiruurmodepefmait | t_oirc_pchihdahsdaetome | ohnurhmccuinaimmaosiiciaoau | oueouqsoiietmucr
T	216	4	0	hima iimo	adrnfeieoomihittdraetmoasmmcnepod_fr | oahffpiuctnuetcrmsa_eiemrdeoir | mstdcr_apdi_ehhoicaoeth | amuruoihaniimouniasochimacc | ouiusmqcieoetoru
T	217	4	0	anon	rpdonmoefnaerm_mmhtiarotsteoeiacifdd | nrefammcirtcdoeoerfeiusathupi_ | rs_dihmhhetp_dceaotaioc | iisauhucmihcocaanonuamimoir | oetuuouiermqoics
T	218	4	0	eiie care fino	tfeamtrorosmemnreiimcdaea_oophntdidf | careptmfsteamriufinourdecho_ie | hpe_dichmetscrdo_hoaita | ahuicihioiaaimocsaonnurmmcu | ucoqmuuoeiietros
T	219	4	0	uana doto uiai nire mici	rhfeorfmmdocmetoaaitonsitd_edimnaper | ofsu_opetatiuchraermemdficnire | imhdotoaeh_shccr_ipdeta | hmauiaiuscmhuanaimicioocnor | rosuucmieuoqieto
T	220	4	0	cede eofe uemo	dtedtasimnffr_aeocedeorrhiotnopmmmia | ocrsuirui_mpemeofeenhatfirdact | cdoihsetaampc_det_hriho | oacihuoicacuinummhriaanimso | rouiusqcoetiuemo
T	221	6	1	ommino fede mino fami	dirmrneptceoitmtfamiodofedehsao_ranm | oundhioeesrprecfftimaaei_mtcur | chete_ishotcapaiomrdhd_ | aunmhromminocaisaciiuuaoihc | uqiuoourcieetmso
T	222	4	0	cure	poemre_niihtondraodfeediacamtsfmomrt | emeirosth_aiadompecinufcuretfr | _doimhcherdatpcsh_oieta | aiaoouiicohmhrcuncsiaammuin | omqiiuoeuusrcoet
T	223	5	0	cendo doto maio adeo nomo	noptfertrfamcthmideoieinro_msdaadeom | crupeuihtmifr_eacendotoefimrsa | cdiohc_ro_etadmietpshha | nomohsauamuurccncmaiohiiaii | ooumetiuicuersqo
T	224	5	0	sacra erti dano casi nodo	onimipemroertit_emsacrahdedanodomfft | nieiueedcuchtmsrooamirf_farpet | daahhimhs_tdro_opiccete | uonhccmiouuaaaonihiricasimm | uumoiuetoeoricqs
T	225	4	0	mois toni faro mito	edrmfdhoerpeotsaa_aomdfnecimtrmitoni | tohretcfaroemiupfrdicmeunise_a | c_detd_eichaomoishrhpta | imncociicimuahmoaurhniaauso | oqetrusuoomeucii
T	226	4	0	fido coti mero	pmtroharfnmtsadnoeemciefidoimtread_o | eorintmeaprduscotiecrh_ffuiaem | haeomcii_oethprdhtsacd_ | amrucsmmnaiauhicaichunoooii | ismeroetocuuoqui
T	227	4	0	coro	mntomme_niroretaotecdisaimfeafodprhd | iioctmmeofpaetnrfuhries_creuad | cd_etpa_hhctseoaoirhimd | imimiaoanuacachunsmihuicoro | useetruuoqcmoioi
T	228	4	0	moia	octdoeedmephfasamiomr_nrfndetmoiatir | teodamufir_eertuiopsrcfnaimehc | hipodc_ote_retacmiahdhs | mnaoihmiinuchaucscaiuoariom | uueirqetsiomcoou
T	229	4	0	fort suoi dime	mesoomdimeathiindmtoforteacepnrrd_fa | itonmtueiemhcrieudoacpref_rsaf | aiichdc_smdretpetaohoh_ | nmoasccuacrummihihoouiaanii | etcosuoiuuoimrqe
T	230	5	0	mieto maedi ainsi achi chie	fdimmdcotaemriosahefirdterteaononp_m | emaediusofnfiei_crtrpotumcaehr | __odmiaachierdcetohthsp | cahrmhiaauomuinumciainsiooc | eqocmietouosriuu
T	231	4	0	arte omai	ot_tporiarteddenosremdfmihmaeiafmocn | cof_eceuurrdrieismaiafehpmtont | oiicetao_hpdtased_hhrmc | cihucrumncshaianmoomaiaiiou | roeioetuiousmcqu
T	232	4	0	mate nofi moro	maahmcmrefmateip_rtnoeoioddrnofiedst | fieuetrdnaroemhiuafccmisorpte_ | _omacieihcdh_radstetpho | icicahuhomncioamrnamuoiiuas | umorosiecuuioetq
T	233	5	0	iusqu iano anoi	tetdmomaeodfmre_hodrseamfoaicnipntri | aumirffno_iestdeeeturcpoamicrh | oadihmsracpdietc_o_heht | mcscrauonuuchimianoimoihiaa | etoiooeciusqumur
T	234	4	0	hore caro uere dami adda	omm_ceotnisrehorefdiotrpetfaaddaminm | ahuereaooriitufpefdemncr_mcsti | oi_amaetd_sctridphhohec | uhnaisaimmuocarooiaciumihnc | uuiucoemoetsioqr
T	235	4	0	teri tori noti tiro toro	dfnotirocaadsterinotmpfdmm_eiomrhaee | ae_maoriseopmcuefthuirrfidncte | _o_hcceaetorimsidahtpdh | hnnooishciiaimaaumaomurcciu | imusequetoroiuoc
T	236	5	0	muore naui conf tore	eoead_mnhiaimtorereottripfsmdmadconf | raiemuodaetec_hetcrisnurpofmif | hsica_mhhdipoettc_adoer | caouinauimociirsaamhnhcmiou | omuoretqeociusui
T	237	0	0		doodmtrdafmoesp_aeanertrimtofciiehmn | eofcmrs_hurieurefdeptaomiitnca | ohpit_d_oiaercasmdhceth | nhounaaiursmiicmuaocimcaioh | ouqetuuroeioicms
T	238	5	0	auria modon modo para refi	rcdfmnmodonaamptitomheoarefi_rieestd | ieeptfasmtechnoaiumrdr_rofiecu | hticihdedoparao_sc_meth | cccnimuauriamosaimhuooihain | omouuuqiietsceor
T	239	6	1	riefea caia	ormecriiatsmoedrnintmpdooahatfmedf_e | citmoetapsum_orernufriefeahicd | csehh_p_riacthomiaoddet | ciiuhucaiaioimnmmucoarnhsoa | ueuouisetoqroimc
T	240	5	0	marco arco marc	imnoise_moefrmtdatnfrhmarcooaeitddpe | fctoeicuheureaimneospfmrtdri_a | soetahrhdehct_doapiic_m | ciaaiaracuoosunmchhiomiinum | msetuqiiuocoueor
T	241	5	0	indie occa cani eria indi	nc_tofmseafrmhttindieodormmdaoeriaep | frmdiitrcrs_eueontacueaipfomhe | mddpi_h_otrhseioetaccha | uaiaiomuoccaniiciomsnhurmah | etuiriucumoqooes
T	242	4	0	uien area cesi tria	dhfsoontiftriareaadimmpndmeeecmroto_ | _heaidrmmpeofcatuientrrfocesiu | _hdos_rthdceteiaoichmap | cnmcahounciiihiarsimuoaaumo | uiorsoiuetqoemuc
T	243	6	1	matteo sime chio atte achi	hddmanetrmtf_ieoopaadofmnocrersimeti | rnopreueiecsidicfmatteof_aumrh | adetpoimehdoic_acshh_rt | iuainoachiouhuoacmnrcimsami | umqoietouroseicu
T	244	4	0	arei auui tare fier	daeoimrhnafoamnc_tdopsdoetimremfiert | rodatnsreehumiaceuefpii_cofrtm | oh__ahsdtareihdetocipmc | hiuomciimnoaauuicmaashcroin | ooscumueruoiqeti
T	245	5	0	amica cosa raro seda auro	ttdmecfnnmraroome_iaesedapiimrfhtodo | a_aucemfieirosumctnifepdhtroer | et_ratdcosaoi_chidpmheh | hiihcocmuaauroiinoamicamnus | eoqmosioietcuuru
T	246	4	0	etre uedi	eetrea_mniofpcirmdrnostmohaemidtofda | ttocouedieemhr_fnaiamfuicrsrpe | ehmria_iocahdshettcp_od | imiooauicruiaancnchahsmouim | sruooqetioieumuc
T	247	4	0	coii mois tete iero trin	mrtmaootnedhtmpeoimoearndeifsicfrda_ | cc_deiaieroouptrinfeemtufamrhs | sdpdc_ohcihaohra_imtete | iaanurcoiicmhmaumcnohsaoiui | icouquetroeumois
T	248	5	0	trouo	aomeootdintnmfi_prfsetirmoaemhradcde | fetmismd_prrournctehfaciauioee | rcopets_aodiatc_dhehmhi | uhiuioarumnaanccsmiihcioaom | ucmqseioetrououi
T	249	4	0	muro homa iero	tohmrp_nmocfenisaaomdeoedrrdeaifmtit | afaoinrdpiihmttefreeuesccmuro_ | sormet_h_ihaipheccatdod | hraciauosmciihomauimaunoinc | oomsqieroiuetucu
T	250	4	0	miai erra domo tria	domohddtteitancprmioffnmiea_oerraems | cmrfdripetriaomtofcunh_eaueies | trhhihaeet_sicacdopdom_ | auoahmiaiihaiiroumsonmcnccu | uoeetuciqmursooi
T	251	4	0	more dami	tmscmorearapodnte_enidamietfhooirfdm | eruceoaasfftrtrummdp_eniioheci | eosptethidmda_ihcco_ahr | mscnuoahaaiaiicromominuhcui | cmetiiosouuuoqer
T	252	5	0	copra raro opra coii	htmidetimfridnoomtdeeeapmararocfns_o | urcaeuhoe_rfitdfatcsneiomriepm | setdcopraaehom_hiih_tdc | uuhaosarihicoiinacaummnmioc | rqusociieoetouum
T	253	5	0	pofia fiaua pofi maio ofia	smaiotoofceattmdoehrmienn_mrdrepdafi | irecuspofiauaemeo_fhmrtcretind | etmsdpicaatrdh_hiocoe_h | araoiumahacohumnsicmiuicnoi | oociuuimetsuqroe
T	254	4	0	capi cauo hati	dafmsriocapimdrooeormnetehiamtft_end | emicenmeitfrupa_dorruhatifecso | etodcetachhdsaihmr__oip | iiimmnmnaauoscauocriahihcou | etuoeursimqcuioo
T	255	4	0	inai iure iaua pohe	noptdesfohordtamaeai_memtenrrdmiifoc | m_fmfseiiurepoheetdancuiortrca | atiahrdhhc_etcmeiopo_sd | immiauahcirnsocomcaohuuinai | ruoetcuiieomuqso
T	256	4	0	main opra	canfdmmioittmhfdodteeonoprames_aerri | eahotuemtfnriroie_urcdspiecamf | codheaphethmdoirs_a_ict | hoihaairnicaumosciumoumainc | rsuumcoioiqetoeu
T	257	4	0	coni	oprft_cmrismtimdomthiaaonfreednedaoe | soerecunpah_cmamoitueirefrtfid | emhhdradcsi_otietao_cph | airshiauomuaocmuaconimihcni | orecqmisuiooetuu
T	258	4	0	miei eife dete comi rico	m_amrtnepdnoeafhrcomieieosaotmdfdrti | im_rsiopmhetucrdnaurfeifeatoce | h_toia_hodrsciamhcdetep | hmasocicmioraauuainhmniciou | oqricoeuetuoisum
T	259	4	0	nodo cati rato uere	reifdamcratom_aestpdtoinrnodoihmefem | _frcoamtremhufesniocatidpuerei | aetooachtmehd_drhs_cpii | ahhmomcucianciiiaaomriuosnu | riometsqcoiueuou
T	260	0	0		efnrripdhtmmsiaoetnmedorfeioo_dmctaa | feoet_iiimtcprahrfasecrmuoeund | dcetsi_ch_rapimdahetooh | acihiaamsomnrinciouumuhioac | qiuomeucuiosetor
T	261	4	0	eifa nari hano arie uiui	deehpteamfftnsomdnarieoirdmaoirmtoc_ | mifrercap_odecmrteiuhtuonseifa | adcrimhcst__phohaedetio | onrimhhanosuacmioicamuiuica | etocsirqooumueui
T	262	4	0	nera iere	amoemfodiiotrftaepnerates_cinddmromh | sfaproiruefaiereecmttmdhouicn_ | ooidhdprai__etchaehsctm | racmncoimhouioaiuncmiasauhi | muqoesetiuuiorco
T	263	5	0	notti tifa maco otti uoce	rnottifaicpmehmroasenfeatoemmridd_do | doir_auceaeriercimsmehtonffput | h_oetpihidrhmacoscatde_ | uaairouaoahnncicmisoiihmmcu | ooiqsuocetumieur
T	264	5	0	fonte mino cohi cimi	dfootdaiifontemrhaaeoe_mimmcstdnrerp | fceitmuneea_iuirrropstahmofcde | ha_iiocp_trhodacetedsmh | rciminomuiacohichaausnmiaou | iuouiqomsurceeto
T	265	5	0	dicio echio etre chio etdi	amdoommiomndd_seicetreihftoptraaernf | maistapechioi_frdnotcmrreeeufu | chamdre_s_petdiciothaho | auucihmiaosiacumcninraihomo | umusuieqcorietoo
T	266	4	0	caui curo	ooneerrdaa_tiemdnimamdecfpftsoimohrt | fcfucuroiasintmreimteepdoaeh_r | hcoicetsdprmea_adihoht_ | mhooiainmccauiruimuaiaocsnh | ouiietrsoquuecom
T	267	4	0	mori espe riff nasi	temdetrpmomaoai_morinneadifcdfsroteh | uahmiriffatormdui_trceonespece | hetat_oehdcia_irhsdpcom | cmcamouahnicuioiunasioimarh | csrioueteoqioumu
T	268	4	0	cohi echi iimo	dhtrprado_nitmirtonesaamocfeommdfeei | roouirfcp_aetnieemdasufechitrm | heeth_racmsctipo_hadiod | anusrnmaicahmcohioiuuciimoa | ousiiruooequcetm
T	269	5	0	afpri tore eiia mato	cmomatoresnft_tdoirmehfadeermadiniop | eouudenrershoemaafpritf_icmtic | odhhc_drscaeiia_etmhopt | amrnunmahauiciishociuaoicom | ouiucetroesmuiqo
T	270	4	0	forr stai fere	eatrmemteidohsdiarapot_inodmfrecofnm | uafereseanm_httpdforriciimeouc | cdirstaiehocpaetd_mhoh_ | oouhcanuacsocmnhmairiiauimi | quuetmceuioooirs
T	271	4	0	uoci nouo rono tiro	dcriaedmosoinor_ntoifhetpatdmmeaferm | peiirdhsfcterfraonemumiaueoc_t | ophaetsccdihdetahmr_i_o | mmimscciiiauhnaronouocihuaa | iuuseqcoumoetiro
T	272	4	0	opre seri	cohproodminftosrtidimmeaen_featramde | _urfserinacorpeeumihitodetmfca | ahhitaocs_cietopreh_dmd | niorccsuchaioaiiumahoamiunm | cuiiuoousqermoet
T	273	4	0	amia rete nomi anco	tnmiancosotd_iheofreterdmdepafmoimar | frnspuaidet_otueecfhcairermomi | hcitd_rethacmaoehosdp_i | uicoicnomisahuhnamiamaciuor | iquemuiooretucos
T	274	4	0	mada euui rimo	tieir_amddoenpetfhsotmadafrrimocnmeo | n_oaeuuitmfcfeeitdmhoipecarrrs | a_doidcethhieatrohmc_ps | nuiaooocmcumrshniiuiaaimhac | iroumsuoqucoetei
T	275	4	0	doma refo fece erto some	dtinpa_tmsomeadomaednihmfiecorrrefot | iuertohidtpmrfensoraica_umfece | de__psoahdhahmccoetitir | omiiimiachnucoarnsaomicuhua | rcuoetuemqsouioi
T	276	5	0	icome feria come arme uouo	armeicomehdtaftdnemtm_driesopoonifar | amdnmoferiartsruuhe_eicifoctpe | di_hcohhasdetai_mtopcer | huouoscimuiaoranicihmancima | retouoieoqmicuus
T	277	4	0	come empi atte pose mode	hfmfemiirridoonmposeoadattec_anrmetd | fseoeirfempiuato_nciradumecrth | tohc_hrpdi_modethcaseia | cuainnmuhooocaiumhiasaricim | eiocometosuuurqi
T	278	4	0	uria cioe tria	rnmarotriacimhmmsefd_odeeoetafontdip | itfr_musfitpehnradrecioemaouec | tpsoihdidheth_aaeccrm_o | sounimimoaahiuriacicnhcuoma | rsoetiuqemoicuuo
T	279	5	0	dieta uerro cani mina uerr	orhcosnpddoare_temeitftiedormaminafm | famnsiuerrocmcudttapr_eehifioe | hsoeh_drhoci_dietatmcap | nhruiacuhoacanioiomsmimuiac | ircuoesqetuiomuo
T	280	5	0	uinta otto paro domi	erfceatparohrdomimeemdis_dafmnottoin | maeorfrfepieer_douintactishcmu | imceahohr_odetidhactsp_ | nmmnmuoiaaiausccaihcoirihuo | etmcsoeouuiqruio
T	281	4	0	hinc uiuo	ami_aimstneeioooathrnocfrmrdemefddtp | eiaceuetfmspoeraicniuhrfo_dmrt | _siotaheichahpordetcdm_ | aoromscnmhinccmhuiuoiiaauia | eetoosuriquiumoc
T	282	4	0	queu sani anio tete dote	t_enedoeiedhdrrasanioipofmtmmmftcrao | artumnimiard_oscitfphoeecueerf | hidci_rpm_sahahcdoteteo | rouioamahumiiousniacccmnhia | etioumiqueursoco
T	283	4	0	cani moia nimo onfo conf	trnimoiaitafsrcfeot_hddmermmoaendeop | rracieiedpshmifmtea_uconforetu | h_diaaeth_hdimtocpsreco | msoohucaniiacuahoniciumraim | urooquscmoeuieti
T	284	5	0	amici domo cani anio mici	ena_midomopechorifmoatdferneamrittds | miurtcie_usfeacmefdhpernraioto | hahtetrompdsedicaoich__ | unichmuacanioihuooamicirmas | oqicuemuorsietou
T	285	4	0	damo noua	hdrocitfaanot_rndifrmemdoemitspoeaem | miphcretaontafrdsoieer_ecmfuui | ethtocipdamo__irchashed | ismrimcnahmcuuiohinouacioaa | qoetsouomcriuuei
T	286	4	0	erra teda enfo	diodaaicimmftenheodooteerraf_msrnpmt | rpruiismhenfooc_futemrtedaaiec | oprhhisacetihcdtem_a_do | iaacmosrucuminmiuihcoihaaon | qrcetuumeoouiosi
T	287	5	0	scome come uide uiui cioi	epidretscomeerofdrimtf_maaoidamthnon | reoaptfeccirhaurimtnmoe_fuides | tdcoapihacd_eio_smhethr | iaaaunsmcncuohiohumrmcioiia | oesmqrcouiuiouet
T	288	4	0	mere idea tria doni tuoi	miooideaedonictrhmdtp_anotmereafmfrs | hncormfa_teueidrmsifepocetriau | opmraosdecihta_hdhceti_ | rcmhoauishiamucomauniaiinoc | csuooqueetuoirim
T	289	4	0	tara nari cohi arai	ce_dfdoihptsoaiemtaraitofrmmennmedor | ardmormhcsticfuiapeeeif_otneur | ratidd_aetpcohisemcohh_ | cuioachunariioimaihoacmumns | uooucuirseetoimq
T	290	4	0	iuin amor nous	emfnceromointiamor_dmhpdeetstfoadria | anousi_cmumoiertfrcrtafephiede | hpeetchhcdsir_itdoam_oa | riahomiacmuicuoohcnsaiuinam | isurouemcoqetuio
T	291	5	0	orafi meii iimo	pcm_sehontoaenadmeiimomdfdarittefror | moieceftpsur_dmhutorafieicnaer | eteddsr__ohhiphcoaamitc | oaamiuacsohicinicmuhnraiomu | qeurosioietumouc
T	292	4	0	faro	mirof_tnddhmeitpmmicnefaroasoreatdeo | aetmacdsunroerteerfmhpuiofiic_ | tihhmdsccopaet__ardhieo | icuasmuicaahrooiacnhioiumnm | uoretmiueucqoois
T	293	4	0	mere idea fide meta uouo	ommsceotornet_rfndiidfideapeatmrmhoa | etifrposdfehmi_curcoeurietamna | metarcsi__aicpothohedhd | iomohciaauanrhcaisocimiunum | uououmeretocsqii
T	294	5	0	armee maii arme coia	earmeesdrdpmttdhmfiamec_anntoiroifoo | rtpruetoumaiiahfems_inercocdef | tdohr_etmpihchcaoes_iad | isnumaciouricuaicoianhaohmm | cormiquuetioseuo
T	295	4	0	iete temo uoti	atodcmietemomrdofsefihr_pmnnaaeiordt | hrrtredcuotiaeiciaeefpmsoumf_n | icapheioetohdarm_cdst_h | mccaminumhrashiounuoiaciaoi | mriouetceiuqsoou
T	296	4	0	mite ueri eria	rrnrihmnmacdfti_oefotdteaismeeodpoma | foasftud_ncphoeircmiteermueria | ehohrsioidtmetcahpa__cd | nnoaruccimhumooasiiaiumahic | rooiuuetcmuqsieo
T	297	4	0	erfi fisa sara sona	mdnfmiitoitepeanor_croomaafeddsmhter | oerfisaraemeichudritueotfmcp_n | o_dahecicroh_sdhetaimpt | csonamimmhhuancuicaoiaoiuir | euqriuooietumcos
T	298	4	0	iima uiii esce euui	nedttmoodmroaeescpmiimafhfeirnoda_rt | ar_auiipesmrcttiumeeehcfnoordf | pdescethhhcdma_ro_aitoi | ouiiimrmsacocnaihncuhmaiuoa | cuoseuuiqmooreti
T	299	4	0	nera uiia mone dara	dcmoneraphetderoist_mtafaemroomnifdi | _cseihionmemrepucfdaraetuitorf | etiismohoachrhdtap_dce_ | sacoucmniurnoauiiahohicimam | oiietuouqsmoceru
T	300	4	0	coii eiio rene dare	ordpdohirenemtesaimtimafd_nteoacfrom | roeiioefmh_emufpesataiccrundrt | etptdho_s_mhciahdarecoi | iaiouaomhnimcucoiirnuahcmsa | uoeturieisquocom
T	301	5	0	ouefi etdi rima marc efii	e_narsoaomoerimaoetdiffdremtcpdnhitm | ia_rudpercefcouefiitsthaenmmro | _h_rpcihcdaethoodasetim | cmsnuhiiiaciomarcumoaihnoau | imcqsuroetooueiu
T	302	4	0	sana acca daro uiua maio	oeifmm_dhrripoofodmmraetceesanadittn | cdnroeeirifsetmruiuahpfametc_o | oetphisimhhdaroc__etcda | accanahmomaioomiiunhsiuicru | omeouisuqruociet
T	303	4	0	etre hara sede trec impr	cfmoirtoharaanfsedeimprmnmeoddio_ett | ornmetrecuipaemdthf_rafsicieou | capat_isdoidhmcheteo_hr | ocuaamhciahmunooicsinrmiiau | eicietooqumorusu
T	304	4	0	etfe cire arie mafe more	_ooramafetfepciremrmddntosoatehimdni | opatmtccuir_seimoreuffhndearie | msaethicr_a_dohhetoidpc | mouihaiircuunnmmocaosaiciah | etqiomesouocriuu
T	305	4	0	tria anco	mfh_ntpirddmriafemtancoidootmeeroesa | urifmodn_emucetpfraoictriasehe | he_rmiiooet_scpdhthcaad | hioiniacmarammsoiicunouchau | iuceuoetoousimrq
T	306	4	0	dera teri noui uiai caso	ifefrmnotmdordderamm_pniaeithceasoto | uirtnefmfscupoieroeeaimadrhct_ | is_dcpdhhmteriohco_aaet | casocamaunouiairiuoimmnichh | setmouoeuiruqoci
T	307	4	0	iimo	fnseemrfmiddaoro_htimtiaacdmporeonte | nrtcirtpfdemhsiam_oiefeoaeucur | adtcetdrphchoe_ashioim_ | huaoarcnaihumnsiimomaouiicc | iosetmquiruocueo
T	308	4	0	ramo chic moia nomi uiui	nomin_staciodafmdrrepidrateeooefmtmh | feduaereti_naehcmipfismtorurco | dcdipohhitoa_etse_carmh | cmramoiaiouiuisaochicnnauhm | uetqrsocouimuoie
T	309	4	0	moti reno	ecastpaeodnoihifrmrenodttmafde_ormim | anreumhrrectsmotiuafieipdfoc_e | c_ioearpdsetthhdhc_ioam | sihoiaaahiciumnmccroiuanmou | oicruusiuetoemoq
T	310	5	0	frere iima suoi dami tome	coenpfsmfrhttrieidndm_eaordamioatome | pm_freresfedcuaihrioomtcneuita | iimaetorcotcphheh_d_sad | miauiihmaoimccsuoiahnouncra | cetorsqeoiimuouu
T	311	4	0	fece coha	cifofoeatoirra_drntimmeoansemmephtdd | upocsreimrdrutnahitfecef_oaiem | ipetadshi_mhotrcohed_ca | scunonmmiarucohaoiiihauicam | iuuoquetceoimrso
T	312	4	0	ichi uiua remi aife sita	eptrfmhremioseetaomnaciadtfmoidornd_ | n_rsitafeeaifeocmuhdtuorermcpi | hipidcecmsora__tohetdah | nooaiuiuamoscimichinmuchaar | orqcuosiouemetui
T	313	4	0	rito mici comi	fhrmdoeodmn_miaoecprrtiftonmaieedsat | fmecepcufteariioanhse_udmrrito | smhrdh_ehocctdetia_poai | comiciouasiaohmuaunaimnhcir | sumoooqrciieetuu
T	314	4	0	ordi arte maes mero dame	ordictrtomneifndamemaesf_mpoothrdeai | hrcouartetmornueesdfiimepafc_i | rimhhtoaet_dpe_csodciah | scicihiauouaoahoimcnnmrmiua | icsomeroouiuuqet
T	315	4	0	fati fino pise uiuo	mmtmdrntofdteiaaoacpise_ehfinooderrm | smeurtrfiminfatieooepuche_ardc | oid_mhtprse_chhoaetdaic | orcmuciosnuinumihicaaiamhoa | oouiuoqietmsuecr
T	316	6	1	uietro case	imeefermntontdomfacdospaioder_tirmah | onfasefrraudeemtpiieoticchrm_u | cetcasetpddhiirohhoa_m_ | maoaiicusroiiunnmacioumahhc | socouuqemuietroi
T	317	4	0	cioe uomo	arpicnadefimaeiofrdmmtermdttseoooh_n | tertmcihmu_arfeprfdoinueciosae | cheohetiphdsd_ro_caimat | ainiuiromhnuashicmuomocaaci | uercioetimusqoou
T	318	4	0	moro fait rimo	oeammdhendii_cfaitodsmoroemptferatnr | nepsieattcimdorreiuhaucfemrf_o | adhhtiscemhpdcooietra__ | cnirimosihmmacuuauoiinoahac | etuuiqosourieomc
T	319	4	0	uiui ureo	meddpthrioomiemiaco_rtdensfnetormfaa | tpr_idairureoetnaufhmciemoesfc | mah_r_shpdiohoeticedtac | uhamiuiuiahccomcmniinooasar | eruscuiouomiqeto
T	320	4	0	pace refe coha fere	t_omaodmnirrhismnteatpidferefeamcood | adttucfmoemfpsniro_cuherriaiee | hcrd_iemsdiopacetahtoh_ | nracimcohaaiimcosouuiiuhnma | metqiuiucreoosuo
T	321	6	1	quieto mori rata temo cimi	ocodhnpreemaitfnaddmtfmoreemiiros_ta | rtemoriimhfcratacpneeedfusoiu_ | mh_oarsiithpd_cdochaete | nohnmricimiaauaihuosmaiccou | uomreoiuscquieto
T	322	4	0	iima cato	osnifaodthrmre_iptemctdriemdomnfoaae | hfrnpcfotrri_miaecatoudueseemi | i_adhasic_octheoetdmprh | ihuornaccoamiscuhoiiimamanu | etcuuiqoriuoemos
T	323	4	0	orni dama	ietciodr_emrfmhooeerspftnidanmtodama | hfeoructpmdeetarcrei_iifnoausm | rcpettdaai__ohehdohsicm | cauuhiimiohasnmicorniucaoma | uuuioetoqmrsioec
T	324	5	0	chefc chef coit uare cimi	tortnsndtfiap_dmhrmfmeemicoooedireaa | rfooauarettru_echefcimipdseinm | osrchcoit_ieteddm_hapha | noamuucrmhiinmcoihiiaasaouc | uerqsiuiocooumet
T	325	4	0	tato arte tuoi muri	iefscoe_ermoehdirtatoaomadnfdptrnmmi | ieeoefohprtacruidnm_iuartefmsc | rhadhehsicoi_acodmt_pet | mcosumnimurioiaiuahociachna | csetuoiiqumeouro
T	326	4	0	midi aiii daro rehi inna	id_ommeoidnoisraprfemmtdeftctroahaen | _cfserehiecartneuomroupimtdiaf | eomidichdaroapt_sh_ethc | mccsiohhuaouuaiiicminnaorma | oiuooeuetmciusrq
T	327	4	0	noia	feenftrdamdriosaeom_ittmrcohpednoiam | ocsfcieinhui_aeeruamterpromdtf | tds_imh_ietccharpdaooeh | munmnisauhoihciaaumroiaicoc | coiuuetouiersmqo
T	328	4	0	iono tion eofa immo efie	_ichraeofaetrdftasimmoepdnerdmmtiono | nmiursccr_detrafauiefieehomtop | hmpoosidh_ecaar_dihtetc | umaaconcanosiiuimhromiuiahc | eosqiumiruetocuo
T	329	0	0		eieihompef_tsnracdeorrntdfoadtammmio | omrfndieasmcicruefoi_raeetupht | hroasettmdhci_opaehidc_ | oosuiicuamuihiaaicnnamcohmr | etqemuiocisorouu
T	330	4	0	cuoi noie maco temo fame	dirnrtesfamemnmdh_opeitfotadmacoorie | auhtroteafucie_cmnoierdsefmrip | dhtemoiis_orha_caetdchp | imsiccouaaicumanhiraioounmh | etiousqmrcuoiuoe
T	331	4	0	tepo cari podo refe	antmreoimemtepodoiscihterdfaofrnda_m | deaitui_ftnmosaumrefeprhciecor | d_ahd_ceiarpthchomietso | ccariuoachooiiahnmmiasmunui | ocusmroieiuqouet
T	332	4	0	cade mani	miiacrtnanhdftme_pteoodsoifemamrrode | resoetnufrecadeimpo_imcfihatru | cchmtarheddiohasp_oeti_ | immanichounmusuaaciociiohar | iietoorucequosmu
T	333	5	0	curta caia noma addi uiuo	pnfrsdmenohaeotfcm_aeeriomrittmoaddi | curtanpecmiuietfdrfroomieesha_ | ceteah__hdohtsiamirpcdo | caiaonrccasimhminomaiuhuiuo | ouusuqroetmciieo
T	334	4	0	dera sima erta	ntdratieamsotcomfprmiifhoderadenm_oe | ncrfpmrieat_tmehduiioeucearfso | ids_dpertahci_oohetcamh | amrhicucaiusimaoohianinumoc | uuioeumretcsiooq
T	335	4	0	uiui ordi naui	dpetoonmnd_hoordirmftaasemrieiftaecm | _arctcutoeidefmmhrsiioarnfeuep | cceetimadtahh_poor_dsih | uocsimnauiuioiohcmaanmiarhc | suoetumoceiurioq
T	336	4	0	caui	_otnmmoacseeheminporaertdidafomidtfr | crpmdrame_hisoitfoctefaurneeui | ae_dratdhihpmsioc_ohcet | hncauiauoamircnoohmimucaisi | ucooietrmueoisuq
T	337	4	0	refe	temtoormafhi_emsdordcpadatmifnoeerni | tchndroui_mtrefecpaefmiaursieo | mcsriociedetpd_hh_aoath | huacnuoanucioaaoiriimchmsmi | umoquioetcsueoir
T	338	5	0	oiiro indo sino himo	omcnindoeiropfram_teaoamedstitfhmder | muc_aeereomteafnrthrdsoiiuicfp | dedshca_cthimopet_oarhi | mmnaurcoihiumoacihauciasino | oiiromscoetueuqu
T	339	4	0	cipe iure mane	pifrdhmoomrtseeic_nmanemotartodfdeai | cipeoftioeauctf_sdaiureermhmrn | thahia__doosdceetmcpirh | niauisumciinaaomomrucoihhac | ruocouqiesuoetim
T	340	4	0	anni ufan tare iira hard	tarpome_oodontareechardmsfmifdtmiien | rfiapuetr_ufanrscoedcmeomiheti | odhihaoecetdhrciatpsm__ | hiuuhmcisaouanniiraocoimamc | imricueteqsouuoo
T	341	5	0	uacua cauo	oem_onddirmcarpefomdeshrtiaieoamtftn | pmsfmthtiucoeaurfeioar_reiednc | phdcohoietmaet__cshiard | ohuacuaoacauosnihimiicmminr | museuuetoiqoirco
T	342	5	0	dorme cimi ohro tero	ftic_aofenemsdotmiroahiatmenpdormerd | pna_fiaurfteromcruedmicsethioe | rc_soe_cidtdoahhpethami | mnaiuuhiiaacoaohroncimiusmc | siuucetouierqoom
T	343	4	0	uiia	aroieihfaecftdresomaome_dmtmtronndip | rmridoccmi_aaepetuieufheontsrf | hami_etcstidoahpo_dcrhe | asormacmcuuiiahinioocmnhuai | eturmeiqocuosoui
T	344	4	0	data coia fece sima	oeermrpdniornosthmmodfmcifaete_idata | toiped_ihuciaofsreanutrmmfecer | sohhaieaetim_ohdpccr_dt | icnrocoiaumicuusimaihahamno | roocuetiuseqoium
T	345	5	0	urano tura adeo	meine_aemofradeooatfnrmtchmrpdotsidi | urism_oiieturanoeftdacpecmehrf | heomdidetatrhospc_aihc_ | imnnacaarhmoiuaciuhicmooius | uooceetmuuqoiirs
T	346	4	0	area nare form ioro tosi	tpformosiodeeioimdnefa_tthcnareardmm | efcniotrsrocarfueipiutmhae_edm | rdsiiaoet_dth_hmccehaop | ouiosacmiuhoucainmcrnaaimhi | iorocqeuuetosimu
T	347	5	0	nohra teco nera iono fcor	iedidneratrtap_amhommnodifcormeofset | umiatepdirmr_hernaoccteuoifsfe | etod_hshiorm_tidpceahac | mmiacoasiuncionohracihauium | iuuimetecoqoorsu
T	348	4	0	modo	ntcarpdffmodoames_rieadrieimnohemtto | eotiesuiemteinfpucmoa_rdfhrrac | ido_oadahpih_mtccrsehet | israomcoununachmiiioaiachmu | uuoieirqetooscmu
T	349	5	0	muoua marie anni mari arie	apesmfemariemoeinato_ddhrofcttmdrion | firutreduofmoectehmsenciaaipr_ | coaphset_himrotaddche_i | ccouiammuouacanniimihhaiosr | uqiouetiooermsuc
T	350	4	0	fcor core ureo deit dima	aorfcoremdtddeitnn_oetmshmopifmraaei | hcpfneritureoe_etmdimasircaouf | aotcedh_hiietapdhrom_sc | uahsoinianciomihmuucaomcair | iqousiuetmoerouc
T	351	5	0	animi mede miai pero uiuo	trfafesdenaedaiotrchoitiemoomd_mnrpm | ecnaruperoimfiromedefcuthits_a | dsetacrhehoah_cipd_omit | isnauuhhanimiaiucraicocmmoo | eouuiuoirscqetom
T	352	4	0	reni cioi	efmdtco_iitmaomftredhepsenmoadrioran | ocrfecdmeai_aureniuhpitrostmfe | mdphacretcetid_saoihh_o | aiiuumcamumhcioirhncoanoais | oetuqoiouimcsreu
T	353	5	0	ricer cere euui eifa	imntidpamimoothref_cfrsdnaoderoeatme | iandtpriceremseuhtfor_mouceifa | et_pdoch_eimtadrhioacsh | iiinhichumcsnuraumaoomoicaa | oosceuuiirmqoetu
T	354	5	0	unica aneti cosa pane core	emetmoori_iodtdaofemcfrsadpanetinhrm | coaturmsife_acueeotmhrdipenifr | ocpsietrdm_hhaodac_eith | iaiunicamcosanioamhcmurhoiu | iuoiqcoretoemsuu
T	355	4	0	rico feer pari diri	eeotafmtrtedeisodiricooanamm_dhmnpfr | rpamfutnrocidiem_afeerhoeitsuc | pari_ihao_cdedoshmcthet | iaioaimsuncnommoahiruacuhci | uooimetuuoireqcs
T	356	4	0	iima coit cuoi nere diui	mdnisdtoftfeocaopemaidmmhernr_eraoit | diuihrp_eaerunerecoitfcfmasmot | dairhtm_ietpccdoeh_hoas | imuooiaaniimaucocinmhhsruca | eiruooetmsuqcuoi
T	357	4	0	mato	mmatoorrcteiomdi_afnmadienhoseepfdrt | rmoit_ftcnihusueedoarfecmpeiar | retpimocch__diehtahosad | ccmranciuiamhoiihisoauaumno | qeoioetmuicrusuo
T	358	4	0	moni rimo	odrimornanheteemdpaittoommisfdceaf_r | cfr_dhcmiutmsearpieeatefonurio | o_dtsphheticcamdorhai_e | nccuhaamonisoaiouiuhiramcim | rqoetoiiceuumsou
T	359	4	0	cire case dama	demreenftootdr_rfindamasihcemootpaim | ureerhodfafptscinumat_cireioem | m_hretcaseoo_idictpadhh | riunnmihichusmumicacaoioaao | etimcoesiouorquu
T	360	4	0	rapa eiio fino mera meii	oemipar_rtrotfinosafaemiceemntdmhdod | reundtsfmeiiooihc_tuemerapacrf | ohoietpad_hce_sitmdhrac | maimamunhoiaihroiociucnucsa | reqomucsouuiieto
T	361	4	0	maii meta cuor	ciedommdoeaters_dmoaporfitrthaneimnf | opiesdrfturoeicmtmaieah_nucfer | tioach_sdrphd_hcemetaio | hmhocinocimsunoicrauumaiiaa | ieuetoquioscuorm
T	362	4	0	caia noto himo auto mora	crememai_erfattdrhesaiooipmmddnotofn | autoueinrhiede_ffpcmiescmorart | coi_cetpiersoahdtdhmh_a | onhuamoimraucscaiaciiuhimon | cisuiqetuormoeuo
T	363	5	0	fiere iere curo fier podi	oroepansntdamotadcfierer_mimmehofidt | miaehfaopimdrrifctncrue_uoetes | hsoraehhpodia_etmd_tcic | racioiaoumuhioinmsacmucihan | emiuetoquoiscuro
T	364	4	0	caia uiso ceri cora	caiaetonermidodrmfmsdh_itrooeetanfmp | ifpiarsdoeofnctmhircmeereaut_u | __pcdaaecidosrhetomhhit | isahaiuucicoraooimucmhnianm | etmuoouqceriuiso
T	365	5	0	cofai main fare auec eofa	aerimntodnaoimd_ismttrmohpfeofarecde | nomiietheufprmd_etscofaiauecrr | dth_shdetic_roichaaeomp | cmainicuimmhuicsraoihauoano | oisuoeucruetqimo
T	366	4	0	cura remi uomo chia nimo	irodfrtcdip_memnmtheoaeoenmaasotfird | rtfpccurafsnremi_ateehdooimuie | eapidetosh_idchamoc_htr | inchiaurscnimomoahioiaaucmu | rcuqusiouomoetie
T	367	5	0	dinon come fuat inon urna	airfrmeomodedinonmrhfct_siteaemadtop | rasfuatudncetm_cioeemerpohifir | sdioteeti_hrhcaodmpcha_ | ciurnahuioinammuihcamcioaso | comeuirquetosuio
T	368	4	0	sori como mois caui dira	imdfeoemm_ndietmsinadaerrtooapftorhc | tefrufseoconerdiractm_eaiuphim | hd_rcihietopa_medtchaso | soricacomocauiimhuunmihaain | uqeomoiscoeturui
T	369	4	0	chio dimo urin pure cefi	opaentdimoeadari_temsfofmmhrctreidon | ohmiaamrcefiu_ocdtepureifsrnte | setr_tcoahchiopihmad_de | aucmihoomcaioiiurinmacahnsu | usiueqoorcoetmui
T	370	4	0	mede himo asti	mrmcnahidenofosdpitodrt_oaterfmmieea | sdatcrrmrtciiumenhfafoeeupeoi_ | chrpdcoastihmedeti__hao | imuiacacnriiaunhimoscuhmoao | uuioeuretocoiqms
T	371	4	0	amia fura	mmroceirradidmtdoanihmeeeonap_tfotsf | eoscmoffura_rtiderimuhaetpcnie | imo_csipddethrahocetah_ | ouiumosmhcnramiaoacinuaicih | siietcmuooquuore
T	372	4	0	efei diti suoi	mfroimptcndrmaodofeeoditiemasthae_nr | uiermefeidocefh_saartrcmupiont | ecido__caetoaphdsmthhri | hisuoiuoccmirnmamhaaniuaoic | seioiomquuruetco
T	373	5	0	credo redo cioi uoce	eadhaoetoiomntiprstcnrfreoaimfmddme_ | petcredofsfeua_emirriihtcunoam | ethch_aoiitrdascmpho_de | hcouahirnmaimsiuaomcnacioiu | ouqiuocetsomurei
T	374	4	0	fode uena	mitstrhrtoadeamapiedmfodecrieno_omfn | ihdueeifuenae_ormcrfoptsicrtam | cps_deathaoioethircmd_h | umnrouccnsaahumamioiihocaii | rimsietqoououcue
T	375	4	0	aife dima ifer	nmrsndomemrticoeetaiferao_fdimadhtop | rheasrtefupct_faommecrnuieiido | hmhh_ceatoc_drdsioiapet | hiaacmcsmhuuirnuiamoinaocoi | cumouieuoisoqetr
T	376	4	0	urin euui dira curi	eaprt_icefntnmdiraememdosotohairmfdo | rceoteocndaheuuispmferm_fiairt | sim_aoa_hheopcdetihcdtr | oocuhascurinimmmuioiahnaaci | oeuciqmuiouetsro
T	377	4	0	fare uomo eofa moia area	fsemeiheofareacnnmdtti_omitrpdmadoor | ffiamuaetoeocrrd_eirupshiemnct | dtoii_cpetacomrdhehh_as | iaiincmcshuuomuomoiaaanrihc | etqmsuourcuooeii
T	378	4	0	acca doma erfi euui fido	nitomfti_pcraaetndrdmeomesoherfidoma | crtreeutfahfpusdrioi_eoanicmem | o_iihmasthrhd_dcocpetae | ihcanuaccainoauuormiimhomsi | oqceuuiouetomsir
T	379	5	0	moria mori caui amor	rpradnfeneothtdefaiomtco_rdmosiemami | afpcfoiherotmnsudrmiatie_eeucr | oeth_iricmcd_hahdospate | oocauihiucmamorianshcimniua | ueuocosoretiiqum
T	380	4	0	erii iera uota	dtrasrteincoeirohaneomddf_pimmtfaeom | fhseectnc_eriirmuotauierapfmdo | hieaoetshtocpm_hia_rdcd | nchamciaamiooihiouisnrucamu | etqocriisuumuoeo
T	381	4	0	impe uiia maio	smeaetcidm_drdoetrmaioitanopmfhornef | feusimpecu_hmtaaeoerrtriifcnod | pehdrcaio_itohh_cdasmet | rnahocaicosoimuuiiahmiacunm | muorcetusoiqeiuo
T	382	4	0	meta	ieeaematrfmn_oictposndhororamedmiftd | o_tcosftrraeiruiidnecufmhaepem | _rhcpaiiohhcdsmetad_oet | ahucicaohumnmooniaiiaciumrs | etmuuqoiriueocso
T	383	4	0	muro noue iete	moi_drtrtrmcheoemieteoamdfpaodisfnna | arcs_urmeprteiodeicmtffahnouei | adm_ahetecrco_dptioishh | moaacsuioonaahmucicumrihini | muroouoetuicsqei
T	384	5	0	esito nori sito pace	maempacefmttdheeooniootdmsidnrafr_ri | mrumf_esitoeueecfaphiadctrnori | c_iseetoh_acdhoaidrhpmt | iacoouinhacamrnaiocmhimiuus | etomoiruuciuqeos
T	385	5	0	trouo etdi dete fifa	ooranmrmdeeto_mmiafdifntaioptdeehrcs | nrhomemtcpu_fifaetdisuceerairo | aohi_radmdetepi_sohtchc | irumcuciamhciaauionmhnooias | ciueuoetrouoqims
T	386	4	0	maco feer	toi_macofeadofeerotmtsdiirdmrhnapnem | taotuuc_feimncfeaipeerrdsiromh | eoiasdmti_rcachh_petodh | acuuhiaimhoiaiicrnmnausmcoo | icoqiuetosumroeu
T	387	4	0	uiui coie item	aimfdrirrdtmteompd_mfsaaotnnhecoieoe | crseuarfcmaeopf_odietitemrinuh | h_ahicroietsdde_caopmth | iinccimmrihoaaiauuusmconaoh | socrumeuiuiooetq
T	388	4	0	uiue etdi uemo homa coie	aranm_sooprrftodoetdiifteechdiaemnmm | matrcoueforiehsrieuf_aecmdnpti | roahcehdoamp_iiht_sdetc | oonimauahcsuumraiicnciihoma | qsuiuemorcoietou
T	389	5	0	tania immo ione ardo	ieeicrtfmpoe_moaoeddmtaniardomtfhsnr | imcipdframcsefuoa_terruioneeht | a_tihetomspciodh_rceahd | hicsamacuionnaaouiimmohuirc | oroieusqcoiuuetm
T	390	4	0	casa pofa	i_etooddtsemeipofaatrmnmndmraifoehrc | isrcdrneifpueatuetiaef_momorch | _rdt_oetcsmiohcdaahpihe | orhocasaunucioaiinihcmmmiau | uueooiietcmrqsuo
T	391	4	0	euui mois	rrmdtsmrfnoat_moenoetceimfeadipdaohi | rmempendceostuacoiriafefrui_th | ehhmpdsroco_dtcietai_ha | ouaiahaoiihacummncsiomrcuin | moiscoetqoureuui
T	392	6	1	humana umana aiii more riti	mftnodomreadfpnceoaemreimta_dhritios | irdufaeufmiimsctop_ocehrteerna | etddochi_ohpai_ahetsmrc | aimhoouncimuaiiihumanacscor | iucuuiosetmoreoq
T	393	5	0	mouea moue nana etdi dise	noaeeodhrpiitacrmmroot_mfanmdtedisef | troi_nmoueaufrmcpahdcestreieif | ahhrcedmoc_sh_etditpiao | hooaacicicomsmruuhiinanamui | qouioretmuueosci
T	394	4	0	qiie ichi	aeprsoaeia_fnerdodfmdctmihmiontoetrm | otrie_ruicdemiumcarhesfnetopfa | cteha_hidora_shetpdmico | oasuhamomichiuamrianuoiicnc | mcrqiietuoouesou
T	395	4	0	tema moti femo item	dtmsiaartmnde_preeooacotdffiimrmneoh | erehuncudofemoticfsra_itemairp | cemhpsietha_atcdd_oiohr | arooomcuanciiniauhmuimhcsai | orsoqimuuetuieco
T	396	4	0	fate more	doimemfatetrteopirn_hfoesdmcrnaiodam | ncocrhis_ararmttfoeuefeumdpeii | a_thho_rsoeapdccdietihm | oacnscihorcamhaaniumiiuoimu | ocimoretusuquioe
T	397	4	0	scri anna fate iere	rtoiispmrenrdma_meceodhodifmafateotn | coicimhetafnrdfioeaer_epsmrtuu | etcorhpoisc_temda_haihd | muauiocoannascriihcamhoiuim | ieretcuumqoosoui
T	398	6	1	fecemi doni armo eife fece	tnoamrea_iaofdehdrspommirtfemcetdoni | armrhtunproie_oaceifecemidsutf | armopaeietccdtdhoi__shh | hamncuiosmmrinuhiacicooiaau | eorsuuetiuoqocmi
T	399	4	0	sano cani rimo	t_dmroemndritdesanoefipomrftacaeiomh | crnciufeeatsuatih_ofermrimodpe | cih_ahetmodr_capdhesoti | imiourcaniahncaimmsoiuuoahc | cetioomuueuqisor
T	400	5	0	detti tini etti reda	nmredadesoeomdrfftiniaih_octpamoermt | rniadmpitaei_trcrfuooumscfehee | shr_dettidaoiapm_hchcoe | iioicoioaacusnucinmmhrhamua | ooqeusetriuuoimc
T	401	4	0	capo cioi	mdeamoofmihiicarrfmtnraseopn_eoedtdt | hetesdreurmfautim_eicapoofrnic | eticdteh_osirhamcd_hapo | msaucoacaumihunncioimrohiia | urimietqsoecuuoo
T	402	4	0	uere moni chia mane amia	mdeoatniefmfomnitaemiodsohprca_erdtr | mpamaneiehsroiftrtieeduc_fruoc | etop_accrshd_miahhdteoi | ciamiaomuacchiahnuirsomoniu | oocuomuiqsuereti
T	403	5	0	haurd aiiai coha	aemhiefpsemo_nrmtmaoftrndecrodtioadi | ofmsiteoicufreicneetp_rhaurdam | traetsoeophihhd_cic_dma | ccohamaaiiaiuuuirhoionmcmsn | etruuouiioeqsmoc
T	404	4	0	tion cosa mire armi	eatrmaedhooostioncarfm_inrmmipdteedf | eocrfpimireoustihenactmd_rfaue | tcpd_haricm_aethedoisoh | muicarmioiaiinocosahmauhcun | qromsiouioueuetc
T	405	4	0	adai	rfmrdemmadhoaismc_rttetpooieoadnfein | ructi_esutfndoerecphiammfaieor | hctpiadaihd_oremsoh_etc | irncmiuisaciaahmnmucoooauih | oeretucsmuuoqiio
T	406	4	0	uiue himo iimo rimo mora	ndtttemrofeosnofhidrpiardmeeca_imamo | sfeftcaecdeuiprn_oiimoratermhu | taocetdesrimophaihc_dh_ | anuminhaiiuoiaacmorcushimoc | cresmouiuetoouiq
T	407	5	0	poter ruina mete chri anch	irpoterdeeiaaimofhmamdoontt_dscremfn | auudofchriemieetaf_mcirnserpot | aedhtidethcpcosh_iorm_a | omhisiruinamanchuoaiacoucmi | ometeuisoiqocuur
T	408	4	0	erti	deairtpmseiocdintoeametrmdmhoanr_fof | r_sthprcenceamifdoauoefuiertim | md_dhpaiecoc_oshaetrhti | unomriaomiociiachsimhucanau | ouetsioueocmrqui
T	409	5	0	ancho anch ramo amai meii	ientm_idtteisfmramomcpofhrdendroaoae | dfermfrrntoautmiieoechps_eaciu | hhdhra__soctaoetpcmeiid | mioiusnuimanchoamaichucaori | moietiqououcresu
T	410	4	0	tato desi dita cuna	mdrcniifrmtfroatatodesi_mheedmpaoeon | tfaaser_euptercmfedoiohinmucir | iosmhhditadecc_o_phraet | cormmumuhsiiocicunaoaihnaia | uisetuocooqeiurm
T	411	4	0	mede fofe aiii iimo trai	ochfofeodsmede_moampnttmertnrraadiii | epdoemcoutnefaihc_traimrfeiusr | maadpetocords_hceith_hi | caonrcuaiiimohiuaimuoahmscn | siioureomqcuuoet
T	412	4	0	mifa	ae_mmntmomoearioadercderpdftihtonfsi | oamifahdeertnpc_rmeetsuuofiicr | haimrtoadcdheopi_etsc_h | mciioaiomoahcsuaanhcmruuiin | uiousqetceomuoir
T	413	4	0	mini mera	rfnptoimaohrmmeoieifsd_cntmeratdedoa | _hsruoipteeuaimrecodnctfmaefri | mthrphc_dcaidahs_etoioe | hcmouminimrhciuiansaiuoaaoc | uoiuqetumrseocoi
T	414	4	0	teri chea uomo simi tero	meeonrhaoidrtm_raeocefditfmsdnopiamt | saentdihfiafproterie_uremccmou | ahddis_hetctroiomchea_p | oanoaoihicmhsimiacarucnuuim | ueterocsuqiuomoi
T	415	4	0	aiii mere noie comm iano	oeapmfdrsaioitrnoietraddenetmhfmco_m | nirfriudpocemeretsau_otaheimfc | imsehhdot_hp_aaiocetrcd | aiiioumuacommhrcuihnianocsa | ioetmsuurecioouq
T	416	5	0	fonda	pitdedoisfondaan_treammmoicfoehetrmr | fesehifaprutccdtoairou_mrinmee | eetathcpdoihisr_hocm_ad | uuahrncamiiiuoinchaiomcmaso | eoosurqiuicouetm
T	417	4	0	feda	ishtorprctfedammfdimmeoen_neoaitrado | muocrihneptoifiurrs_eeadtcmefa | cphcaeidoamht__hirsdoet | onrioiuaiasucchacunommhaiim | suetciqeioourumo
T	418	6	1	intera inter uiue dami inte	cfoominteraaeremhrioponfdamit_tsedmd | riefmthfscaeeitpa_ndruiueomcro | hthodrcidmochetaas_pei_ | uamuirmcmihoaiacuhnncoaiiso | soetcorieuuouimq
T	419	4	0	ifer como	ot_tceomfmiinoamidmnrfhtdorereedasap | ooimerdahifercp_mtascutfreeiun | dtoascmpd_c_etohieihrah | iuimcmniaioshouiaaahornccum | comouuuretoseiiq
T	420	4	0	domi iuin nimo	nimooardcmiporfaeenstri_mthtmoedaefd | eimeeeirpastuorfhmdoccritunfa_ | aetdomi_d_istcahcopehrh | oiihnhcmoaacuimmaroausiuinc | oqiouetoscrumuei
T	421	4	0	uice uari suoi enfo	aretmipehdenfocdmsirrooe_omamdintfta | r_ndmithetueurfsraoeepfacmoici | eophmtdc_hoiaetha_dsicr | maiuaricmacimoihahcusuoionn | osuumetoiuiceqro
T	422	4	0	mini nire hima iete pura	hoeasetmiifetnoariteprmmddrco_anomdf | tfeotucmide_opurafheacsrminire | dctohcdiashrhiete__pamo | amciihimacnoaomnuosuiharuci | oqoeetmiricuusou
T	423	4	0	meta ichi dita chic	ie_optadifmmnhnrfeaocdeisodetrmtamro | tsapmeeuchoacrrneimfio_deifurt | h_e_rmetasphditaoidochc | nauaommicuiuchichimranaisoo | usruooetcueoiiqm
T	424	4	0	chia toma mati	epesrodnfd_tomamoaiedchiaorfmmirttne | unseerauotfpi_ecrarcdmmehitfoi | o_hde_ohietahpccrmatisd | icuimoiuhiimraaounacsacmnho | ueteumiqcuoooris
T	425	5	0	tcome come fior teri etfi	or_odsmtrnreeodfhcitfpdnotiemieammaa | nucrteridmoh_pceifuetfiormeasa | hood_aestr_cdihmietcaph | hammhiuiauouaioonscrcminaic | isuetcomeuouorqi
T	426	4	0	mafe uouo cani sita	mcdmdfetnomn_irhedaiorfsitatreopaome | oousitfaudrei_emhpirmafenetrcc | hthicdaaepsi__ohrdetmco | ciimhcaimauorosounuacanihim | qiuouocmoieetusr
T	427	4	0	iima uiua anch amia faro	rsiamdt_tfarotndiieomfheonomcrdpmeea | r_deefrmicmhofeuatncsioiaetrup | iphetoha_drc_smtdhceioa | iocuiuamiahiimaanchsuncrmoo | uuomrsoeteoiciqu
T	428	4	0	pohe	mtoicrorsioaaemdifdmhfpmttneodnr_aee | seefretndrupmeomuaiairfhoc_cti | shar_ipohemchcoet_itadd | niaiahicnmhucmmioiauuosraco | etiruimusouqcoeo
T	429	4	0	erti uiuo	feopcmnertiai_emdsoaromfhdmdarntteio | oieeph_nfforiacrcuedmtisaruemt | he_cidothetsaaochipd_mr | oianiurmamnhmacichcoiuiuosa | seooiiuqucomuetr
T	430	4	0	ioni uouo	refnfoomteirdstphaaa_mnrtieodmocmide | huifaeinrotufe_copeirmsmrdceat | det_iodmhc_rohisacpathe | hioauicuaiuionincrsmmacahom | secirimqoetuouou
T	431	4	0	rari trar domo	rmopdomocffeamrea_itditmnhsirdnetaoe | aefroimncipmeeeo_huustdcftrari | cihtopaiethmcerdda_hos_ | uciiaahmmcnhasiirianuoomcou | uucsiorieuetqomo
T	432	4	0	feer orti	mptefac_adeaiomitmodhnondrortiemefsr | rnfrmatmei_tifeeroecuuaschpiod | et__dderohohpsmhacactii | auisicuioohiiamamcruhnmacno | reouoiuqetmosciu
T	433	4	0	midi cioi	ammidimhn_eodaoetrpttmdefaoinecsorrf | eer_nhiucmraaosiucepfifttdmreo | psdadahh_rtec_mohetcioi | miucuohmaiacsiirianuhmnoaoc | orietoeumqsiuouc
T	434	4	0	cire empi fati moia	orcoenndmrm_dempihoisofatiadtaemrfte | fiicamfe_nmcustedraehorteopuir | doetmcicirea_sp_aodhhht | aicmoiaahaiuoiincomcnumhrus | cosruiuqmeuooeti
T	435	4	0	tuoi hier mone	aitoaetpodraeotrnimdmh_dinrsoffmceme | tphierf_itocuaaudmeicfrmoneers | ec_chitrpetoamaoihddsh_ | minciouocsoraahummunichaiia | etuoiosiumueqcro
T	436	4	0	fode noia tuus	oraomcefrmntdemmp_rtfodeaahneoidsiit | m_pifdorueeroieuaraehsmctfcnit | et_otmoepcddhihh_aascir | caaiuruohoumsnoiainmcaciihm | iemretuusouioocq
T	437	4	0	arme rome etfi	aonsra_ofeodmmenrdmtthipiromeitdefac | oaieoifdse_mrarmehnctetfiurupc | rcdhidcsm_ho_epioaahett | iiaihooaaccunhmuicsnumiarom | iuromciqoetuuoes
T	438	4	0	cari eiio	ofcaamaderneohmdetirpifdtsmo_oiermnt | s_ehrodraeiiomeumacifcrtufpetn | thpm_shrhietioeaoacdc_d | uohhimuacarinmsicomniaauoic | umoecoetuqiosuir
T	439	4	0	amor remo uiia simi futi	iremomat_coeindfrodipoermetnsdhaafmt | hirfutifemnotuecdeamor_earspci | ecopetadciatihsr__mhohd | hmmoohasiioumacacnriuuiianc | ruouetquoesimioc
T	440	4	0	tome auui iaua uero	dimnodhrtfatrmiiam_ooctomeendaerpesf | aiuerofshopiccdrefanitmmtuer_e | icdetdmp_eahhhai_troocs | iauuiiooniauaasrochmchnmmci | uietoumscueorqoi
T	441	4	0	maio	ammiarr_erdcasfootedtinthofmieedponm | cuce_emnrrmpafraoueitdshitiefo | so_aoi_radhemetictpcdhh | niiuhucnaumaiomchraiscoomia | uuroieioetoqcusm
T	442	4	0	dara	ommatridfri_dnedaraofspcetenmmoithoe | neprrrauhcismedtutmfoaifoic_ee | oc_od_rthecetiidmhaspah | haisciunicmnmamoioicauhuroa | uetqcuurooisemoi
T	443	4	0	doro foto ureo	ortmespaafnhotciatmne_dorommdedfirie | eauemi_irmechafndspfotoueirtrc | _acmicdtde_roahethiopsh | rhihamioiiinaocnuosccmuauma | oucmsureooiuqeti
T	444	5	0	muoue immo inai dios	m_taomieadenimmodteffdenoahirctrrpos | fusoudrharfrpmeinaiteoitc_emec | cdiosaieth_ceat_hdhrpom | unioicmacahniaocuiruhaimmos | qiouretocsimuoue
T	445	4	0	iima ante arci acci tera	iimaodmis_ftdecfoodortrnmmepanterahe | tupderfsreaiarcioiemtunco_emhf | ipett_aohddeshcramic_ho | ormiiaiauooinacnmacciushuhm | umouuioqocetesir
T	446	4	0	cimi dete riua urta	dmdmfatofrtmoeodeehsimcteoniri_naapr | _cemeasrodrpfinturtahcimioeeuf | cpihotdiahmcsro_dete_ah | aiihnoaomiuahusmcmccriuaoni | eioqisoetuuroumc
T	447	4	0	mine crea	rrna_ehodfmfmdadtoticreatmomineospei | e_fdrhocramauitfeeinrscimuetpo | imdoashatre__cciphohdet | ioanimcaiuahnocmcsiumiouarh | uetcqeouoimoursi
T	448	4	0	mini maii cati amai cefo	mansmtpmini_teroeferrdactmadedihofoo | rfusproimmcatidcefoiet_aeruhne | oddohmhii_h_ectscaetrap | omciumunhaamaiinoacouciihsr | oecruumoiuisqoet
T	449	4	0	pise trai	rantcmdodopiaitnihmet_ofrfrmdomeesae | eiusroouednfemcf_rhmcietraiatp | o_tethiapisecmddrhcha_o | onuuicnmahohcacaimroiumisia | uoiouesetmrocuqi
T	450	4	0	impe iion attr nomi	mieooehafneidodf_rtmedropcmnattrmsai | parf_nomiaoufeeteirctuchsridme | shdhoimpetrcadoh_itcea_ | cmouisahmacinihuriionucaoam | uoeoiisetoumrquc
T	451	4	0	efio	m_oroaashdoefcatefiotmreinripedmdntm | io_mntpofrsifhemeuruircecteaad | cdptoha_etdcahsieiorhm_ | muimiauumccraiaonoioncshahi | uouqcrsemetoiuio
T	452	4	0	urin noia	eriomheooefeaofi_mrdsniamtanmtcpddrt | rafuihpcot_tmuoeaeimsnecreirfd | ch_ohsirdiaaet_dehmtcop | acuamhoihiinoiaucsmcamourin | sicmiorequuetuoo
T	453	4	0	esce mero iimo dati uiui	mapommhmerooidtec_trinnfiedodrfatsea | ifumrhuce_aerfonrptesceoidatim | saocri_mhh_aeetiotdhdcp | sciuiuiimohaoncchonaiuraamm | urqmoiiuoceuetso
T	454	4	0	main cuna omai	mdonresiaama_miotfttdrneochpieoedrfm | rhioar_peimmsdoateicetcuefnufr | ecmohc_dhroettad_hiaspi | icunasuhaoaicmorciiomainumh | uoomsucuoqriieet
T	455	5	0	moria mori eiie mois	eeiie_dotsondniomframapcoetmrrhtmdaf | enihpr_racoarsfmeouiecetmutdif | oohah_hpiemicdrettcsd_a | canmauciuhmoriaoihamoiscniu | oiiqcmeuuetoruos
T	456	4	0	tito care uiai efti	radhcid_aemnmrmrotoasittefmopfnieode | carecepiuaeftitoudhnsrmoi_remf | imcdioahs__chreoptadhet | uiaihohnuaicmammiouoiccrsan | etusqiiuucooemro
T	457	4	0	temi	terdmrnafe_mtieoapoirtasmoeofdmnhcid | temifsecrnofraciuae_dpuirtmhoe | smr_oacothecet_hiadphdi | aasaruiiouicohcnamoihmmicnu | ruioetusoeouqcmi
T	458	4	0	meri uiuo area cano	fm_tdmmpoiareaaoeinncsrtethododmerif | cfeum_prnorahedatficeomeuristi | _iheoc_hetmcihtosarddpa | cuchsmmcanoumiuaoniaioihari | qoumetorciuiuose
T	459	5	0	mondo coia	ieaopetaecdmfifmondotmidot_srrmeanhr | ecnfpmfuireocta_ioesrtuhiardme | dhcrt_mcaoeiahihos_detp | umoauiasmuirhioinnchmaccoia | ouriuqmsetouicoe
T	460	4	0	anio eran	rnortfeincdtmphoimfiae_asatmmddrooee | ruefseeranioimucfm_tdoptiercah | chtohadhecosrp__iaidetm | cicnuuhiuoiaioocmarnmisaham | retomcouiquseoui
T	461	5	0	renda dama miti amar mora	mdofmititoadc_otphriefeomsrendamarne | iricefreehsfmttpuorouc_iedmnaa | rehdctmetdcaoiho_hpa_si | muniohhciiaimoraoasunccauim | qoorcuuetmsuoeii
T	462	4	0	etfe mira	ietfepdemrfmcaiodamrooo_nnahitdsmter | d_ntimreiurueocmcahtspafeoreif | i_e_odctohhphmiraetsdca | ihoiiuuirmaachsuncammiaonco | icuuroueisqoetmo
T	463	4	0	homa homo aria uoci	emnracemtdsmarfnoofttpeireidhomoid_a | eeniefocferocirmaap_hturimusdt | cehhooc_hr_dimdtaiapset | nicniichomaariahuimauumocso | euociuumqioosetr
T	464	4	0	rema refi tane nire doni	mmadmd_aoooeiertdonirefimhpcrefantts | iueocftrheiomtane_srdiremafpcu | itoohmd_paehhc_ascirdet | ounumaucacmihihoniacmsaoiri | iomuqosoucetieur
T	465	4	0	tepo ofir moia fira	imahtf_drpaoosoradenetmteemdrinmcoif | upshoiudce_tercenmeafiofiramrt | sdchmoatdahciihetepo_r_ | uicsocuhmmhuroniiianamoiaac | ioqetiseurcumouo
T	466	4	0	mifa iima coha mois	mtmifaifrneeoopmt_sdecdihtmaedornoar | _afrfoiedteemimcsrrtupehiaocun | dpaod_ihtscrohmeetc_hia | macsoauihiiimaoicohacnunrum | ucuumoisoreioetq
T	467	4	0	sera curi	mteacmomtrdemiiorfspnfidrtenahoe_oad | feopcuriimdfecserahtroin_eamut | ichdc_aoi_phhrdomettsae | oocnsiammihamnuacihoiciuura | urioosuiqetumeoc
T	468	4	0	suoi uiai erfi tsfi como	ioifth_aoredmodmmnotserficteaepnmrda | aecomoirpeu_hfeintcdrurtsfieam | orsdcpdeo_tahhcmet_iiha | uiaiirmnusmhccacioaaonuimoh | irquetuoecsuoimo
T	469	4	0	iete dico care	hdmom_aieeitraanmrsftodnietefcoomdrp | mocmurcareuptioefdrnieshei_fat | aphdhietsmtah_rcoedico_ | cimaaouauhomscnciiirhmunaio | retumooicisuqoue
T	470	5	0	tenor somme uiia	asommedrdmmtoaiora_nffichtenorptidee | risnrrffatpeoemdemcoc_iiuueath | _cetompsiohcadhedaithr_ | aaricnnhmaccouiiaumoumsioih | ioqouircetuemsou
T	471	4	0	uouo uora	tiheindrpctomrartfdfeiesed_omommnaao | acprioduoraeeifnctiruefsmtemh_ | a_tdshrpoie_occethdmahi | aacimunrhiamsuouococaihiinm | etqeiucuouiosmor
T	472	4	0	maii moda	emhp_soatrmintrffomodamteeaeodinidrc | _crihirpamemouuitrofntsdacfeee | dirdetmi_hhpa_aceotcosh | naoosncimcaucmaiihruiuhaimo | eteuouqoiioumcrs
T	473	5	0	uista amia tane cauo	cnapomtfmisthnmi_oafrmtieeaedrorodde | eeicfouuistanethprmm_iorredcaf | heoscopr_hetihtida_macd | hmsoinciiohamiarcnumucauoai | mrosooqcuueuieti
T	474	5	0	oiiro etdi iere coia coii	drofphamnremrmeaicei_desftidnotmoato | cfmcpoiiro_tierehmstnduufreeaa | aahocpemdhi_rostetdih_c | uuaimmacrhcoiaohcoiiiannsmu | oiousormiquueetc
T	475	4	0	mina iiii cipe ardo	ntorcipeardommfef_deadrhttooiensammi | remm_eeacrcffntoiaupiutoisrdhe | aetrtme_ohci_cddhsopiha | hsmcminaoucohuacrmoiiiinaau | qiuetcoioouesmru
T	476	5	0	siete trai etfi temo iete	temondftaoaecapsioediemm_rhdnrrfimot | e_dpmraoiturhiamuocscneefetfir | _ohpcmsaidtraih_etchode | mcrahmuasaiioiniuamhiunccoo | sietequciourmuoo
T	477	4	0	come sona uane iete rota	sona_dtmfeaoptircoehrmidamrondietefm | aeoiscrtpfirctfmo_ieeruaneuhmd | hprotadhohccsaiidmet__e | cmoansaiacmouhiicohmuaniuri | iiruouqsuocomeet
T	478	5	0	ciana	dtmedhiiocmrepdeoaftatr_onmofmaersni | aoriipdmoercneaetthf_siuceumfr | a_cedtai_dhsomphihetocr | iiouicachauurnohcianammosmi | oeocuimiusourqet
T	479	4	0	tato nata didi como coha	msnmtfrmimheo_aeoddfeicienatatopdrro | frhefreurtucieonemtmii_apacsod | _tetcohahcemhra_sopdidi | ucamimuasaaocucimrhoiinoinh | iueusucomoetiqro
T	480	4	0	chru himo eifa cour teme	amadtrcoohfmairtemenidmfdrosoe_itepn | scpfaorodiimecnhtueifa_eremurt | daehsdhh_otetracpi_oicm | uiamaoaocchruisuanimnhimoci | uiiocouroqsuetme
T	481	4	0	moto tore	eta_foetmodcnpmremhfriiaradoendmtsoi | ifuica_emricfesudrathreepmoton | ai_hdethpmdcr_oisacteho | ouaachmoihuirnmmaaiuicncsoi | ioioetoremuucusq
T	482	5	0	diate corno achi iate tedi	aei_rrftediateepotmfdhsmaimomdncorno | o_fancutrscfmeiueiodheeprmrait | eadhpromtchhosa__diicet | acnoisriuachiaiaoumiunohmmc | qoetiuouuiesomcr
T	483	4	0	nomo euui ichi arti	tnomospmdteeartiideoecadfn_fmroahmri | ea_euuiotofchtmrrfsmpircieedan | otrmeetcha_dichipads_oh | oohniosiuccaimachuaiamiurnm | qcuumiousiooeret
T	484	6	1	harete arete midi rete hare	tdetoanooemfidmers_htfdraemanprmiico | htfteiaeoop_uecfeumnasmidicrrr | ciat_hh_charetedopomdis | mhiuaamuaoonrinciuciohasicm | ucrmseuoioietuoq
T	485	4	0	tiri	fafeecadrd_ontimmrmnteetomhdsriooipa | ed_remsceorutrmfahoiicfpneaitu | ci_oshmidapdhcoh_earett | amuiunmaaominhihcucoiorcsai | uumoquooetiriesc
T	486	4	0	tato miai cire	fdeomiad_rmomfipmenrtatoadocensetrih | r_urotcarfdeenmtifeipimhseaocu | aaedhhc_oetsrhtdcpo_imi | cmiairohmanucunihosumciaoai | oucireoqmetouuis
T	487	4	0	etre arte poha meta arco	tpeonameidrroindmtsd_ormatimfhoeeacf | umopmetaisnocetreiafecurf_dhri | dcc_admhih_ospohartetei | icnmaarcoiohuomisichnmuuaia | iuceuoismuoetqor
T	488	4	0	poha uiuo hare amma	riaieosemdmtdecatpfrod_oamfmnherntio | ecniseacdripohareut_mouftrfiem | isphohhdi_cetatmaoerd_c | hammaocicoasunarhuiuoimniic | cosuetriuuqemoio
T	489	4	0	uich omai	iecnepmfooomaitenrtmradradmiehdos_tf | cdefcoamue_ieuioefaspnthmrrtri | _rdoaoaehctetihpm_sicdh | oomuichnuhmraaciaacmnisoiui | uouqetsemiocirou
T	490	4	0	sero hore foia	nrieectdosm_mnaihmatdpofetofoiaredmr | hspriercemnutmfoaioefcaer_tdiu | ccsaah_emdhptd_iihoreto | humaoimmhsaouiniccciuoaanir | quuoserouoimciet
T	491	4	0	cimi meta usci	rsn_dohmetaedmmacrpfiinemfotdoeiorat | frotscciuehmretieoir_padumnfea | hodeopiet_itc_hhdracsam | ahuuaisonuihircimimcmoanoca | mreouqousciiuoet
T	492	4	0	sime comi	otpiaireedhoneotremcomifmsm_ndaartfd | ruruaioipacdfitnetehcmrofesm_e | oiarhpcemdoidcaethts__h | niciscuoochanmhmaimaoauiuri | quuuoieorsimetoc
T	493	0	0		fhdrrnamapc_eitdadeieooofsonmmmtetri | tiduofiefasomrcrcrh_eetaupmnie | praeetcdas_tocohhdmhi_i | imisaouaihaiaonicnumhrcumoc | uoetusmrooeiciuq
T	494	4	0	capi paia mato rife rico	rnrceeepaiadtotdnirho_ftfmiemsomdaom | mtdftom_csruuecapinhereoiarife | shpcecdhet_a_matoidorhi | amaonuricocchnioauiasimuhmi | ouietioqursuoemc
T	495	4	0	dona mera	erdonaihme_oatnmdmeratposiiremctdffo | ncrtmhuai_riasirmoceftepueedfo | r_thdseocethd_amocipiha | auimorciohisuiccahimnumoaan | oieouetuomcsuirq
T	496	4	0	uiue mini feti cera tiro	mmpfetirodtcmftoai_noemnseadreohradi | racuheoiaeruniiftpesftrm_mcdeo | detma_ooitc_hsicerahdhp | hnmcuuoaiorochacmminiiisaua | souiuetuoociqerm
T	497	4	0	arte iiii noii cede tere	mmio_fcedematdartereprdtsnoiinhofoam | csuedfeneimoacpmtrf_rtouaiheir | r_eihd_apaetmtchiscdhoo | hmaucmuocouasrciohiiiiaanmn | ceruqiuoiosmueto
T	498	4	0	motu emmi	omcreopdh_ttamnodtrirnemmieasofdfeai | i_ciiadaomeuprrmotuhefreetfcsn | _hroahdhae_msicetdcipot | sonimriommcuuaiaoinhcihuaca | cumuieoetrquoosi
T	499	5	0	auere uere auer mort tare	idtfafrmortmihoripseeommtcaodne_edna | pihdofi_ifmtsceuromncaueretare | rh_eettpchmsihdoa_idcao | amhucioohiusanirnioicumaamc | muourqetiuoisceo
T	500	4	0	uene aere	fdeiapmndsmtmiohfeam_rocetirtdaooren | mueneimiruoscaeretipdrtochfaf_ | iorcedh_diahphstc_etaom | mohuioarnuianimuscacaoihcmi | ciouetimqsoourue
T	501	5	0	ietto rico etto	tdoofeedietimcpnhmremrfdmsor_aaitaon | cfic_tefriaspieodhneemamoutrru | ehiettoihmdhpdsco_caar_ | ooiccamaurmniihaoiicnuuamsh | uricousmetioueqo
T	502	5	0	cuori cuor inte immo tere	moes_aetihimeinteddmdtroarcffpoaronm | cdihsureaefpoincuori_mmafteret | imhcsiddcoph_rah_tetoea | osoaimmoiuiauahrmcninchuiac | icrqetuoumuoseoi
T	503	4	0	ardi uoci coha eife	cdpfmhaame_trtfoeoidersmntioenoardim | rucohaoecieifemmtasedp_urtnrfi | ic_chethpomorddaeath_si | aaumimshhioancicmaruncooiiu | soumqoeetiuruoci
T	504	4	0	uiai comi	dsrioacmpitnmf_hmemoetaaooenrtdferdi | ecfoioerncrstudaiprfm_tuiemaeh | thiahdooetceismrhpdac__ | aasrocumihoimcomihnncuiaiau | uorousetiuoqiemc
T	505	5	0	crema rema mato cuna disi	mcrematodisiamrfitmoanhtpor_odnfdeee | cehifuitreoaretifcsndoemmu_arp | phdccdmoihaat_ihers_eto | iainacricushiuohmmmcunaaooi | mreuuicooousietq
T	506	4	0	chri nodi meta dano	rpeometaedamdanodii_mmfihsfneotoctrr | eteaeorscpuutoiemrahdiifrnfc_m | t_criaeetidoohchspam_hd | ochriunmioihoacuamcnmsuaiai | ruuietoomousecqi
T	507	5	0	conia coni iche	matrdiafdempdoiosr_mhttmenrconiafeeo | fctmcrensmdafuieeothpaue_roiir | mhtrhaaice_psoichet_dod | iaaihucsmmaicucmihuonraooni | qisoomueuoucetri
T	508	4	0	inan casi	oesoafia_rnmtimnedidrpoaemetrmcfdoht | riueaireefutf_cmtnicsmepaoohrd | _ohdhcetic_iamapeorhtsd | maocasiirchoouauihimumcinan | oretsciouimouuqe
T	509	0	0		momiaafnrrntcrafopmdomdetiotsihee_de | capuoanmeirfus_dttriocrmfeehie | c_eatdchhdi_saietmoorhp | auaooonmiicnhmcacriisauumih | icroetqioseouumu
T	510	4	0	aiii capo adeo tere uono	noedf_rcifitmhrsrdaomepoadeomtitnema | factisomhuc_efpaorimtereienrud | ioic_hcapoh_tsddahremet | immcirauusuonohhcacnmoaaiii | ouuqmieetuciroso
T	511	5	0	fiero efei core chia fier	nrttcaodoamthsmddapemefeimi_nrfieroo | aemriipucoresiofd_cuteemnhtarf | tsr_dchiah_aohompieetdc | aiiummchosomoanucricaainuih | oiuietouqcrumeso
T	512	4	0	iimo	fnoamredpscmdtiiimohdeo_rneamtoetafr | dooitiertemum_crnufehpecfrasai | todsieta__homhdriapehcc | iohaiumoanhasmciucrainomuci | oiucesetuqmirouo
T	513	4	0	comi hinc doca	tdmfoonerrftoisncaaehdmdiepr_omimaet | imsrpaeutacofectnoeifdur_eihmr | ec_hdocadr_mihetaoptsih | aanaomcomiausicirhincouhmui | uomiiruuoqoetesc
T	514	4	0	rome	ihdrpmmomfeeiasdner_noaocetadrftomit | citm_riromeaechstfriufndpoaeeu | cohsidrctphaetiomdhe__a | auaiursamhnihnciooiiamocmcu | cmiuouetroquioes
T	515	4	0	tari ardo uiai hard fecr	mmfieatdronidnstocemtrmeoei_apfhardo | iemih_orufecrtdeetaripomcuasnf | oiirt_ethhdsopcdm_aaehc | cmuoonshohaniuiairmcaciiaum | etqooicmursiuuoe
T	516	5	0	tefie efie	irompr_coeomtadfddsmotmarfeeiainhnet | dtefieisurmrcorfpmceeahntua_io | shthaidmcha_coi_erpdeto | mmhuiicroiunaauiomoashicanc | qumouuoeicoirset
T	517	4	0	dime dami noie fife toro	doedarftnmemhdnoieaimctrroftmioas_ep | orfifetdamieaucesctpuno_mrehri | h_tascehdaipc_dimethoor | uanuocmaimamaoiihcihsurnico | oquuetoromiceusi
T	518	4	0	meri atto	iomeattoonrhdieade_acofenpdsmtmifrrm | tne_irucpfheuafiaedreoirostcmm | add_tprhhcacs_oetomiehi | mocinaroaimiisaucimnhhcaouu | oucietuuqmerioso
T	519	4	0	firo	epmdieotntr_sdoehamdaeofrmiamfirocnt | fusiinemeeairhoptcod_rrcaufmet | _oedoethcidismparh_tcah | uaiinamoscrmcoaiinhmoihcuua | croiiuqeoetusmuo
T	520	4	0	iion chru tera	mratmnoidsmoefrnhdiidoeeoma_cetartpf | iednopeichruutrteraefaiommcf_s | csethictom_irdohpahea_d | uauaciomhaiioncoacmrinhsumi | uoioieoucqmusret
T	521	4	0	uice riso teda	oo_mtensndtmicmieeffordaeoirmhadptar | eoahrrndermcteueimatp_iouffics | pc_hrtedacomho_aisethid | aommoaauiasiohcnuhmiinucric | risomoouuuicetqe
T	522	4	0	caia uere remo fere ioni	ntaodidacionitosfahprmdmtferem_eremo | fmofaruhonci_ediiptemuerectsar | sedromih_cdohpht_etcaia | uihuauoaoricniaasiicmomchmn | etomuuciuosriqeo
T	523	4	0	chia nefi	fdaermrmdhc_topmioaanefitioeeortsndm | rahpmet_ieiorufemsuctnafeidrco | ataecpdmho__shiochdetir | uooaashcraicnchiammuoiniium | oqetiuuiomrceuso
T	524	0	0		foftmtoashapicaedtrneidmmmrrneoedi_o | ediarrtmeefafiteonur_uccmihsop | pd_aoet_iriehtmaohschcd | micoshoamincuaohraiiuniumca | uosoetuirueicoqm
T	525	5	0	cuore teri cuor cefo temo	rmshdaocda_rooettmomfeinameeitrfinpd | terimfrasrdcatemon_iuehipucefo | ddamcshtcraihioe_hpo_et | uiiomhrhsnuiaaoaiccmionuamc | qcuoretuuiemsoio
T	526	4	0	coii sete	fiaom_icrotdtrrfmdadtmeimoespneaohen | ifhpaorncciufsete_eadmermiorut | dtimsoraceetaihhdc_ohp_ | hmcuoaunmcrinsouioiaaimiach | erscoiiuuooqmuet
T	527	4	0	noia amor rife neri	htmaoi_nropmdtidfasedtmcoamornerifee | msoueempnfdti_auicfritheracero | i_cdparcdoi_mhoshehetat | rucammsnoiaciinaaoihmuhiocu | rouqiemetosucuio
T	528	4	0	temo este	nmamfehdiao_daiencoiomtdrrfptrestemo | ureeorrmupttacnsfioimhf_aceide | emcdidetho_ahor_tipasch | ihaairniouaoicausmoimcmchnu | eosuuimocqouetir
T	529	4	0	mina	aeds_eimmtritpendamrnioofoemradthfoc | nuodrfteirritaafoecchimmsepue_ | hdhetcetoiocp_asrmia_dh | cihuinhorminaaocismaociuaum | scmriuoeoqetuuoi
T	530	4	0	mina mino face	ratchfrmmoeopieaond_fiodmtaisnertemd | uoemt_eimeutrrdpifacehcsnarfoi | dretmhiohacastp_oidceh_ | occoimauuminoaicminahurhsai | ourusqucoimeieto
T	531	4	0	maii mite onde	ciparrmdofaheondeanifsdemr_tomomitet | irriurpotumcneaofetdscmei_afeh | tpohh_mahcdrs_daetoecii | ahurnuaccmocmaiioaniihiusmo | qeuioosiurcuetom
T	532	4	0	naui	fcfemtamrrdmtemheotnopdriea_iinoodsa | hpoa_mostrficeaemierciutrfdune | hsmthetd_dccpoaiaoir_he | nhiromoimnauiaucshaucoamiic | oqosiecouuruietm
T	533	5	0	hauen auene uene auen haue	nfhedrptimesiricdofmao_rettmmdaoaneo | stihauenerpuacefifmdcoir_ertmo | oiaorashetipdd_tcmhche_ | ansacihruimunooiomcchmaauii | ueomrooiuquetcsi
T	534	4	0	demo	eafaoii_ndmptoerrsdemothctonmrfmaied | nriaduearitefoc_thruosempemcif | setihcdi_ra_dcpaomheoht | nnuirauaioioahmsiaumicccohm | uqumoetsoroeuiic
T	535	5	0	hauef haue amai acci	eaiaoatosmmondreietoercndhtdfr_pfmmi | ehauefitsmn_arcmteordrpiuceiof | hocecihdmordtetsahip__a | oounoucmsirhinhamaiaacciumi | eetosuirqouomciu
T	536	4	0	moti	_fnitmotiedfdaornrmomaaitehedcmerpos | otamfsri_tcndeeeefumcuhripiora | p_io_ersetdcoamtahidchh | iosramncuncmciaoauuhoaimhii | muosouqcetoeiiur
T	537	4	0	acca refi ramo tere iter	meffhnpeioaioaddnramoidtrsectrmemto_ | pruid_mcofruiterefihtcaamneose | iecamapdohhetdshrit_oc_ | iiinauosouahnrmimumiocaccah | oetsiqmuicruoeou
T	538	5	0	aiiai nodi roma miai	aoorrinehpmeefmmatmtnodirfeto_sdidac | aurcptreiuhromat_iciosdnemffee | hcpaaetthicsi_d_oemdrho | hsnooacochmirucumiaiiaiunma | cmuseuoiriuoqoet
T	539	4	0	tita homo uiia	retfptfdhadaatcre_momnoeiosemioimdrn | armthetmisirudicf_uepocrefnoae | eetitahmdhsapi_hdoc_cro | hracuahomouiiamscnconmiiuai | setqrououuoimiec
T	540	4	0	uift pere	tamreoopnficiedoetn_miedsfoadmtarmrh | saemdoouinuifthperere_mtccarfi | ihapsddiemhccr__haetoto | osmucrmoiuciacnimahinaaohiu | iooqsrciouueetmu
T	541	5	0	refii pace efii refi	edtfathrefiicmaoosieopndom_rtrmnaemd | umeor_eiudoamfetntfcpeicriahsr | mchoetipacedshho_rt_adi | icmsmhauiiumruooaccoihnaian | oiemetqucriouosu
T	542	4	0	cert domi mete	iomeeintnarams_rmedtoerdipfmafdhotco | muifnoaiicfeot_apeerudhrcertms | tp_eteohcraad_hcdomiihs | icimuoacuahminuoacihsimnaro | quosuooimeteruic
T	543	4	0	anto tuia data tien	iderrrtmmmositfnfa_dantopmeaoeoihecd | uetienffrerce_ocdimroatuiapmsh | _mrioehsietop_datahhcdc | nuoasnooicmiahiiammciuhurca | uoeietmriosqoucu
T	544	4	0	coii tore	motnco_tmedoieohtiafireedfmaaprsrmnd | aapitftrmuseuemicedchroorin_fe | cc_torethiahempasi_dohd | ociuiihmrmunoiucnhocmasaaai | coiieusuooqetumr
T	545	5	0	fenaa caia tire sofi armi	dofenaatiortnetfhedomersidpommcarmi_ | asoficam_eufnoeiuercdhrttiremp | pomderh_tiioetcschdaa_h | hcaunsnihirocoumaimocaiaimu | suroqoietecumuio
T	546	5	0	eiter accio acci moro anto	edefdti_homsfnmoromdicrantopameitera | anrofmufemhut_iccrierpdieestoa | mohdetarocphehica_idst_ | mhuaimansohucioracciomnaiiu | eroetismcuiuuqoo
T	547	5	0	mando efti ando euui tica	cnhesmnaameoiaeodredfit_rtpirdfotmom | ourcrieeuefticamethmandorps_fi | h_ihmaetdhcatresdooip_c | ccnmioiauuhaumocrsoianiahim | oiosoureuuiqcetm
T	548	4	0	muri dine cioe mani desi	fnrtiotrtcsdineeaaemhfr_apooddoemmim | eamhscfeeiuodemurit_coarpirtnf | haetdohdesi_oticm_cparh | naiahhcuiosiuocmaniroaimumc | ouqruicioetusemo
T	549	4	0	riha iter moto teri	earttmotomderdas_iiaepnffenimrdoomhc | ueemianetcm_pfrofiterisadhcoru | s_ahpdiecocotdetriham_h | oimoiucinunmiachoumahaciasr | uuoomciriuetsqoe
T	550	5	0	petto simi etto	araeetronridfodcdnsmtoem_afeommtihpi | rfas_cmoouinrtepthrmeceidufeai | ch__aeidrcsmohihdapetto | acraoimunuchnmiuisimihocaao | mruuoeiuqscoetoi
T	551	5	0	copie deir copi timo	efamtrraotdadeiroinopmesnhm_defctimo | edrifafoacopiee_muthseiunrrmtc | oa_mdshetitihp_cerodach | omunuiincammiiiachurohaocas | ucroeuoqetusioim
T	552	4	0	cimi muro	ennmedtfrrs_ohmtoacimifpodetdmeaaior | iecoeirnhtepr_otfduiacueasmfrm | etdoeimarsh_ochih_tdcap | naaihiouchsaanmuoimiirucmco | suqmurociioueeto
T	553	4	0	iano time dime mete	ermdfinsamdiahmeteactoodmfoitrrepon_ | usomre_docrautecffanpiihetimer | _ahrad_cphcshdimeoetoti | uuucmriooianocmimihncshiaaa | muietusoqoiourec
T	554	5	0	turco iimo dici qiie nere	irinoaeoeihtfmmptrodmcsroad_teafmnde | eirfricdneremmapci_esuoatutfho | mhedtadiciac_phoorhet_s | icnuohoammnuaaicrcsuiahiimo | mqiieoueturcouso
T	555	5	0	siamo anio	emhmmdd_ceatronrepiaaniorffdtstmoieo | rpcrfeeteesmiidiufo_rtaamnouch | dmiho_ethreshcaco_dipta | cihuimuaaouoinacsiamoimnchr | squetieoiruoocum
T	556	4	0	achi chic cani pure	coe_dmimmrprtnrhfaoanadeeoiodttmifse | oeirrfpureeh_fseniitotmcacudma | ecrph_ciaaihodmdhos_tet | aoiuanummumoachicanihcrosii | qmroeuetsoicoiuu
T	557	4	0	cour deit foto	erh_idmnoddrmtoeifseafotoiancteamprm | s_hctdeitufaaifiucepeornermomr | mrahetchcaoidd_hio_step | micourniiunaoaaimccomuhshia | ruocoueqiisomuet
T	558	5	0	unica moue perd uono aper	ehdnamearcaperdrmodtifsftommnit_oieo | uemapotcmria_uoirfftehienscerd | adsmceaetihphdtrcio__ho | acoimcunicahmamahsiiuriuono | orqsmouetceoiiuu
T	559	4	0	dita tedi	emedoacnfioehmir_rtroeifmdaodpnmsatt | iiiproechtrmmofeuesdat_ernfauc | _iohsceteditar_dcoahpmh | hohuimasraoonicciuamnuicami | ucoeusetriiuoqom
T	560	4	0	coit	dsnoaaptocetooirmdeeaeihmrtrmffnmdi_ | ierueamuoiocmh_sctfrfpreeniatd | coita_dmhetpasi_hohcerd | nhicaoscammcumraaiiuuhooini | miquoeuretucsooi
T	561	4	0	simi	mrm_afnfsiiaetntmmrdatridooehpcoeeod | tfia_ofudcprecamteiohsneierrum | ai_hcat_epsorocdethihmd | uhmcumcuisimihoniicaoanaoar | mcqiuosuetoueior
T	562	4	0	fata mode coii iano erto	dioaa_micemrrfnphoatstdfmodertoenmie | eocmurrrhfmipsfatait_neeueicdo | isadoet_rhiaohm_cphcted | uahacmmusianmhicoiiuorciano | metuoiscoqeuouir
T	563	5	0	eodem iano stro coia mena	eoiatm_omtoormrfmenandeihptrdeacsifd | iirifmceupeodem_tnahefacstroru | _dehrisietctomh_ohpdcaa | icoianocmiumauiosuhnhcairma | oomcsuioeteqiruu
T	564	5	0	diece nori cosi rima rifi	mmoodtieeerarismfdhoiprtan_nfoecadtm | rifiofupraoremdiecehuttsamcn_e | s_hocddpihetia_tohmreac | mocsiiimnorimaacchaaihuouun | qmuoiuuetroecosi
T	565	5	0	aiiai nona inon trai nouo	itpcmmiadrsomtehtoeinonarafd_redfeom | airmf_fdntpomcirousiuerceaeeht | cpsmitd_ah_ceoetraiohhd | rnouoaiiaincauihmhosuamicmc | uimsqetiouorcuoe
T	566	0	0		pmtoamseeirf_dtdaaceofreindtirhmoomn | uinetdcrrhaeeesoffmpciuoamitr_ | detpicode_c_homhaihrats | aacmianncshociomouauhiruiim | orcouqoueiumetis
T	567	4	0	auui eiia mone riti	omonecdrosfmramnaei_ordeeiiafthmdtpt | cpfsefchdoeaoreeu_iruatnmmriti | dethiet_iorhaascpo_hmdc | oicarmhusmcnmaauuiihicniaoo | qoouecouietumsri
T	568	4	0	tato riha uiho	otenaeridmrimdtasmoeeocpirtfdnfhoam_ | eefaspiuimruthefrrnccd_atooemi | i_dscetatoodmh_prihaceh | oaiahurimuihoaaosunmmccnici | ouormsuietouciqe
T	569	5	0	adito uedea dito uede reha	aeendtsfrahrmfiedeodtc_mootaopiinmrm | cpmirtfciotenuedeafio_srehaurm | paditohia_sh_cceetdrmho | imhmciunooriaaaisumcoauhcin | ciusoeetumoqroiu
T	570	4	0	orti tire	idoaeofmfmmdmeetdrnnicpaisrtaorth_oe | uifnortiredeaocehimrpfeam_tcsu | tetoai_hdo_hphascimredc | iuuaciomrcaamniushihcoinmoa | erciiqoetuuuomso
T	571	4	0	erti couo iira sete homo	nimi_ffosadhtooceetraenertirmmodmapd | dmsife_trrpaefrueeciitohacnmuo | ethc_chomosahp_eiiradtd | imuicaoaiooairimcmuhnnahucs | oiuucouosetemqri
T	572	4	0	hono mari rome noia	esopdmhmioamnitfdeiotn_mercfrretaoda | iuetpcecirrertduioamsfha_emonf | oimihdhctdap_aeeto_srch | mmaricachonoianihsiaucmuiou | cqetouuuisromeoi
T	573	4	0	moni auui atti mici uiui	oop_dahrfrrdetnattiamfimemonimeoescd | oianpuurfeemhidioart_ccteerfsm | dhetmici_ocdoes_ptahhar | aiaohnchmauuiuiansoiicorcmm | qeimuscoetroiouu
T	574	4	0	mori remo maio raso	miotfic_rasotmdanmdaetpnremorideoefh | upufirdhr_ameemcocefrtiaetiosn | as_ccoio_hhdhpdrtetimae | nuhimhmaiociaisoaouumrincac | somiceouqiuetuor
T	575	4	0	comi	peears_tioafrnimtofmtmdadoencdrmhoie | pferiehtumi_drfnceoiatreumaosc | iheoadhtsdih_prcam_ceto | imcasniiinuciaauamhrcoumoho | oquuoeurcomiiets
T	576	4	0	arei dima tari mare	ommefitfannmhrtrooddse_itaripecamdeo | urpeu_hasfmareiriotcdeeomnftci | hi_saetc_dimaootdhecrph | umcnmacarhmnoiuoouicsahiiia | muoosietioeruqcu
T	577	4	0	iion dime mera	dstomirptcftrmaieono_dimenfeheomadra | udimhaioerofse_merartfcencptui | ccde_ashdetit_hmoophria | ucumihmocharsanmaiuciionaoi | rcosuiiuetooeumq
T	578	4	0	chri mora arai	tmemaooffdrd_edionchrittanmoraispeme | ciftuopiathiseeoceerfdunmam_rr | chihiep_rddoomhcetstaa_ | sauaaraimuciominmiinchhocou | qmetueusiroooicu
T	579	5	0	queuo queu uiia refo	hmmenioteaoddardspaomie_micntrfrefot | rteeuiiacermpdfitmrocnf_aeoush | cadh_iohprhsec_otiaetmd | hiuahicouasimmniaoaicnmrocu | ooqueuoicetuismr
T	580	4	0	coie etto disi nomi	ncmdairiheettodoa_frsmoimeanodpmftre | p_ietuchreeufrfrmoatedcnomiias | h_dctraohetecdisiaomh_p | anamicmcisihohunuruaiioamoc | ouqsetrucoieiumo
T	581	4	0	sero uoci noii	ttafpeaidoodrmmemfseroiidcm_tnnerhoa | n_oarcpcftfomeuimieeuaiderthsr | hoctetasdpeciaho_mh_rid | omacnmmuasunoiicahaihuociri | qomruesiuucietoo
T	582	5	0	dirti adir ichi sani comi	oeoadirtieiarmdtnforpm_scfneomatmdeh | ectffruacerdhemourit_osanipeim | _mchd_paheetroatoichids | runhuicmisaconmauioaacomihi | mscuietoqriouuoe
T	583	4	0	pona simo	reicponaesahimfemdodti_etdammrfrtnoo | tpi_ermernufticrfmehuaacesdoio | hetcetoap_ddcms_iihhroa | moaimhaoicrshcouuinucmianai | iueuretcsimoqoou
T	584	4	0	sche tera	neaeammrpooifscheterartmidd_fiodmnot | amiuierrncechufampfooedi_tsret | damcrhcpdoea_ti_hisetho | oosnrcuimcacinhhumumaiaiiao | uoeocsrietquomiu
T	585	5	0	timor apre none uiia timo	edhcsmd_timormafoaapreirfodtietmnone | ercmeetdmftonuiiarhepcsri_foua | chpdmaasetrte_hic_odhio | uiuchasiriacounohimniocmmaa | euooqcismoruetiu
T	586	4	0	sone cimi	atrfotdetfrmiod_odhmamrcpiieemasonen | fduuimpmoiceeartrficr_soteaenh | pdahchrdcos_iietmehat_o | cimihsuumaanrcimhociiaonoau | etuouquioisermoc
T	587	4	0	chic	doariftefotapnnemmmaoisei_edothdrcmr | r_mtefeaueoicitfunhcsapomerrdi | a_adietdochicerhpms_tho | anauamcoascmiminhuiouciihor | ouuetoemisruoicq
T	588	4	0	iete tini cauo	dtiniseah_rioapdcemrtfmfeaooemnrtmdo | rrdoi_oaeimceeesnfirutuphmftac | mchho_d_piahadcsoietert | nciaoimmicauohaauihusiormcn | csimuorueoetuqoi
T	589	4	0	tome amen auif uiai hato	itenmdodropamenheitarofmo_afersitdcm | rtauifhccm_seoemfpntoudieerair | ch_hdhatomeaoetsrpi_dic | uormmauacnicahhioocnsmuiaii | rqiescuetiomuuoo
T	590	4	0	uana ofir omai uiso some	tofirmdseheodeaaamriroteoi_ntmmfdncp | eoernciidacrmmt_htueurifseafpo | od_rahht_etmahsicepdioc | chiuanahmiancomaiuiomcuisor | someiuuqooruetci
T	591	4	0	cena	meoafrnmaifdhroios_trdptomniaemtdcee | _eirocenaoturtpiesfacumdimherf | imoosaaic_hedtdhetrh_cp | muaomnnmaaicohsiiuucciaiorh | iouomurcuiqesoet
T	592	6	1	nafeer nafee auif rete feer	tidinafeerrmpm_doinoferdmooaetasmtch | cefrureteodhstauifnaoimc_piemr | idaahmip_hdhroscocetet_ | ncahmomhriiauucuasmiooicnai | uusmetcoeroiuqio
T	593	6	1	montar mite inan ofir mont	montardd_eimitemtachmosreropfdinafeo | hrecoptfsuniir_uataemcedofirme | _r_etthcedhohadmcoisaip | ucsaorhhuuoinanmiimiacaocmi | eosooiuurcmetiuq
T	594	5	0	udite poha dite foto	nferimtpohaaaeddcemrnoei_fotordmtsim | ftrciaurm_enseeopmcfuditehoiar | teh_mdidpiccaohetrhso_a | aiihiurcnooaamicmnuiaoshmuc | ecuetuisumoirqoo
T	595	4	0	cano	miedtm_aodmsfapdnahnoioiercemtrfroet | fetuiecrdi_hcmfrsoaairopetenum | smahc_otehdidhoiaetp_cr | imisiuicanocioaahcmhmnurauo | uromouoetiuesqci
T	596	4	0	arno iffe riff caso iete	mmteorei_eesiodfpmtrcdtomiaarnodnahf | mtrhuuaeecasodr_epmitcnriffeoi | _rhtetihcahiedcpodmos_a | oncoinioimuhmrahuascciiamua | iooucouuqietesrm
T	597	4	0	etdi	taociaomfeorhesaefrpdontdmnitm_meird | eisrecar_mhfmctidefpnaurieotuo | ahrtapdmic_eh_ooshetdic | nuciaurhchcoaimiioanmmsuiao | mqueteuuocoirsio
T	598	4	0	coii sete	dosadiim_caprtafnntfmeeormomedreoiht | euaihoerdampiftnruitmeefco_rcs | ochi_mdsetetadcr_ohaihp | naomoiiahnurhucscimuaacoiim | qeruuiusmcetiooo
T	599	5	0	parto tori mise noii curi	ftemtteoneohoo_dfnmsiameddimrpracrai | ceenufumpartorii_ortifcaseedmh | ocihch_tdipet_semarhaod | unoiincihauioarmuhmsaimcoac | omiseetuooucuriq
T	600	5	0	certe midi coni cert amar	mmpeaeeonmidifd_sinafotcmrdteathoorr | etecerteinuaim_dihfrfcpamuroso | thechacrhaoopet_i_isdmd | icahiiouaincoshmmamaruconiu | soqcruietumuooie
T	601	4	0	caui armo etfi	ondrdooeeaman_rmpsieftarmomdetfihitc | unfsrtrepic_moetrofihmeeicaaud | ohcsetiheiacrd_o_thapmd | hmhiooiaacauioacimncnmsiuur | miooetsruqoucieu
T	602	4	0	rose icon mano core	tmosdmanoerdftrimrtaeeanim_oehoicpdf | ncoremrumtdifoeaci_atiespreuhf | ihpaahodetihot_dc_emscr | mcuiconrhsiuamiicomaaouihna | uiocqrosetioumeu
T	603	5	0	efier efie sire fier	meafdpnfmroiaerdtetsireciootand_ommh | aoicatumoehmnc_rfirtsefierdpeu | h_iraodetich_osctdhpeam | uauinmochsuacmahoaomriicini | uisetqeoorimuouc
T	604	5	0	muoue tiro cani tsii	ohmmeonopneaeamrfcftmrtsiiio_dardtde | nmimaachoerdsfeructirote_eifup | otciachh_edoetmpad_irhs | crchuimoahmoiniucaniauiaosm | quocriiesomuouet
T	605	4	0	amen dame idea	rfrepmmdamenfcioorth_imoadtideaesnto | oeupmtfoiueesmhrnd_crtcaiifrae | himdsti_rooaeth_hcadpce | icmmiicunhaonaooiusacmuaihr | iooresetquuuoimc
T	606	4	0	maco uiuo	stmaohmddneopemrardtfoaioefri_encitm | uecimtrfdmtenoaaerpuir_oifhces | et_dcmthpisrodiac_ohhae | risumacocaoaiiamochihiunmun | cetiuomruiuoqeos
T	607	5	0	manco conia coni dine anco	nfmrsrtitdmedmpitcrameheeioo_dnaooaf | dinehaftrfipcmt_mriraeeuucoeso | iohetciraocmphdhe_dt_sa | manconiaocmuuhmuasahriioiic | uoouqmieosetricu
T	608	5	0	fiara acca miai fiar iate	on_imsfiaraeeptfidreetodcomratnmmhdo | mreapeerdmsfcuuihirnftooiate_c | tisad__ohpcrhhaeoidetcm | oauciuuaccaiomhhonirnsmmiai | ieusetmucoooirqu
T	609	5	0	poich iono diro equi quii	idnrefsmmhiedtoa_menipfadmcrooeaotrt | ctm_efpndirofrusutiieahreeacom | ahea__detipoichhdstmroc | ionoashmuimmrcchiciunuaaioa | ruumooscetequiio
T	610	5	0	renda mais tion remi	arendaatmfsdfmimptiondohr_eoiomeetrc | tfueporec_iremindchetarfoimaus | addmheetth_piahsrooc_ci | imhiunacinaaoocorumimaisuch | oiucosoiquetuemr
T	611	4	0	caso	noortoaierpdarhe_cmdfmaetdnsmifemtio | eiretmcmcffiosnherupeua_dirtao | icadshtprmoo_ideta_hceh | nuricmohmhaanimcuicasoiouai | ueuurqcsioiomoet
T	612	4	0	fard dfar arci main cosi	temrspimarcioaneofotmenedmhoit_dfard | otniaicpefmru_riutorsdahfmeece | dm__etcrhaidipohhaocets | nmoomainrciiauuiohcushaacim | cosiquimrouuetoe
T	613	4	0	uana	eapddeemtteiis_rothofnardmfnmicomroa | mhnuceatuoriomiepcrrftsie_efad | h_arscdetaodhpthe_oimci | risioacchmhiuanaiaocunmiuom | uicsiorqetuomeuo
T	614	4	0	fame	mttiaiommrpceodfadnaoieftsenrehdorm_ | eunfrmfamehtersi_aicuceotridpo | riph_odca_aetcdiohshetm | cchirsuamconuioomaaihinumai | qroooeticumeusui
T	615	5	0	onora otto remi cote coii	moimreeidfcammehfdrntaottoadoeirps_n | feimura_irascoteuprcoemfenhidt | t__hcdicsaetoaohremidhp | cmonoraicmhhiusumaaacoiiinu | iqsmueorcoiouuet
T	616	4	0	iion iono iure ance ioni	_iirdefdamoionoerrmocnfaapstetdtehmm | ueancei_pcfarusermeorhmiidftto | caie_sdihetamhdrt_ohcpo | siuahmaonruoiionimcauhccmia | uuoooetsciqiurem
T	617	5	0	muoue aiii nodi riso dice	nafdrommrpieitdhostma_aoenodicemftre | rtdhfrcoummtaeueonapf_irieseci | hhhsidemaoo_cetrapcdti_ | omishrnuumocoaiiicanamahcui | irisoqomuouetuce
T	618	4	0	riha iaua dimo	snt_fihtpcomdimornrraomeiadoeeedtmfa | iuaeoccsthdimreaeru_fnriofetpm | cih_hmdrihacs_dpeootaet | momaoiauaiiuhinmcousrnichca | uiquuceteisoromo
T	619	4	0	eder maco maio	ederstnhtradrfo_foeidanmmieomitpmaco | _aciueeifuiomctansrderphfertmo | ahicsactp_d_ideetmohorh | uciinscrahnumaioocmoiuimaah | muooiuisquetcroe
T	620	4	0	ieri auui uiua eofa mici	mtoierieofaporsoendcndeamtmmt_hdrafi | hdmemis_iuranatriroecfcetpeuof | _o_heasoidpcetdrtcimhha | moaicsnnhomicauuiuaomicihra | ourmqoiecsetouui
T	621	0	0		pemimodtamdtdff_aeemocnniahrrirsoteo | _ceoaefeonrmtdtamirfhisipeurcu | hhodi_ahco_atirmdetcpes | riamunciioaihancuimmcooahus | imosuuerqoocietu
T	622	4	0	main	_trhfdomeasiadeeoocmtofmtipmaindnrer | osureateaeifm_tnchidcepmofiurr | tiamsehetd_hdchrac_iopo | mmhacucrauimihnooncuiaaisoi | quirumeoiuosetoc
T	623	0	0		eoitotnnaetsrdfa_ddmrphaoermimecfoim | tdncrehsopuormfua_ifmaitecreei | i_etaarmhd_ihshetpdocco | amahnimcmiauoiccrsnoouiihau | uceurmuiioosoetq
T	624	4	0	dura uiia trai	otmhttraieomoaecinsdpdmnrefadriefo_m | eimstfctmeonpiiduracaure_oerfh | dahashetricdeioc_pthom_ | aocouiiaauhamiiocunscmrihmn | ooeqricuoetmuusi
T	625	4	0	iono meme	fsaetaihnnimeodfootdromt_pmemedrrica | mirpatrucercfinmsfue_htoedeaoi | daarshhtcom_cetihope_id | riumaucohunaionoacshicmiiam | uooietuciorsemqu
T	626	4	0	armo uiuo	o_mtoemciroitfeaearmonmsiddhfanrptde | tphommt_aferirdcoucirueeenfais | oa_tcmadpd_hicseoetrhhi | ciaaaccshmrnmnuauiiooohiumi | eetsmouiuoocuqir
T	627	4	0	dota fane teme iimo	heatemeprocdnromfifniimos_aertdmdota | icimoutomruiefcefanedarrptse_h | smhohdid_crhptcaoiaet_e | aiucmmnooirhhimcaainuicuosa | etouiemsroouqcui
T	628	5	0	uniti amia himo uiuo	dtterdimniomfidrcaomtmseoaeehp_naorf | msarpfcmunitir_ehrfuieoeeaotcd | et_pccaeaoimhir_hdtdohs | nhimoamsicnuciuiuohoaamiacr | etuimouicoruoesq
T	629	4	0	arco	aditrsponooeommerdehnitcfdfetaiamr_m | t_ecoeoadhepifsifuimmrecrutnar | pacscih_hoiteet_ohadmrd | cocaaiiharcoiummasiuimuhnno | riomueououetsqci
T	630	4	0	atte suoi dimo stro uiai	nempmcarshrreti_dimoomddaofnattefioe | aefuiaid_phemrimtocestrorefcun | ras_hhcd_oemtoahipdciet | mcaiuocroihmniisauacamunohi | suoicroqmeuuioet
T	631	5	0	metro eria	oir_ncsiaedopeoemrmtmadoheriafttndmf | pfmaeodersiftoircutcienae_murh | rsaodemcohd_ihpetcih_ta | iouisamuiccnioacanmhmhiuaro | qoeucsiiometrouu
T	632	4	0	sito pona	hommeaarrimitmf_oectdoirdponadnetsef | irtnreiedmfueoccruefaapmh_sito | eh_tsetpchmahoiidocrd_a | naouacihumirucnaimmacihsooi | oomirsuqiuoeetcu
T	633	4	0	achi uiia	aimdortompmnetfcairreh_ontefosmddeai | epsmrr_noacimdfertheouuiefcita | _oachitichhd_eretdaomsp | oohcuiiaicumsamhrniimucnoaa | osuoqmciouurieet
T	634	5	0	eficr moni moda iaua tati	eficrohfsmmoeemtatimodanrieoarpd_dtn | atifptcfrrcrhnomoieimd_uaeseeu | hh_eirmdethcacptsdio_ao | cmuaioirsciouhmonincamhiaua | rsoiicetuumquoeo
T	635	5	0	frere arno cuoi uiia taro	eiimimotcefnhdoeeafrmdtprtaroadnso_m | hetafrereodtiif_muuipacosmernc | hh_oecporadetci_mthisda | muiiamuuacihnsarnoiocamchoi | ooeetcuoiiqusurm
T	636	4	0	muro dete iofo mira	dememiofopttamdamnorhcneeodrtafiri_s | aipcef_runeodeteihmurotsmirafc | sphrt_ihhoetem_idacdoac | ocimcisuuhauammohiriniaacon | oeuucmsoquetrioi
T	637	4	0	hate tete dame sion	neipsioorfidhafmmttoomtee_damecdrran | eacriodectpummiou_trihfeesrfan | odhateteic__ihsdrohmcap | raumohnamcmuhiiicsionacoaui | oiumouietrcseqou
T	638	4	0	uich mini hare mois	inedpsmrrdfeodmhnitotcoi_aomfaeeamtr | phuoieoartr_rnfemeieauimcfstdc | miocahicdd_htep_shareto | minicuanrcmaamoisuohuichaio | etumoouriuoiesqc
T	639	4	0	hora usci	emmoin_deormtdersdofmcoptaarntaiihfe | oeu_rfdeipmmotartuscieiahfnrec | otsec_ro_hiihpetmaadhcd | mchoraiichamaunicsiauuoinom | etoiirmsqucoeouu
T	640	0	0		ttieoheamednpifoafrmaeomroni_csdtmrd | fr_hofiseeaucpicetmrmdroateniu | hcsoetir__etmpchhoidada | aoiiacmuirnohuomachasuinmic | omcetiiresuqoouu
T	641	4	0	hier ueri uani	nrimtopocrtaodn_tfmdmaamhierfesideoe | dreicercieemftraanhoosif_muutp | caetthdiicshmodpo_rhe_a | muocmuanicsrhainihomuaoaici | qucmuoiueriooets
T	642	4	0	eiio taro faui	pdmcio_odsieemarothdraitaromtefmnfne | rmdtesioct_eoaneihfauipurrcfme | to_ehaspcdahoidhetc_rim | aicmmiiumshraoucaiuchnoonai | oeiiouqsoumuetcr
T	643	4	0	meft dima ardo	cmaftoemdoieaidpnrsoorirea_meftmnthd | aefs_eptfrchiutdcarreioonmmeiu | c_ardoetotdima_hhehcisp | imiihcamauocamicnriuoonuash | isoiomqceturuoue
T	644	4	0	uria ento uiai toni	ad_mhmpieeioentoniatsocmomdrrrftefad | turiaeeiotuaeoemffrd_nrpichscm | cda_oa_ohmirthethseipdc | aniasmracuooimnocihuiaimhcu | etioooquusurecmi
T	645	4	0	uiii tuus more odio	eednaaodiofmotmihttdrrrmmfencaies_op | rfdtpheceamtuusfro_icieinmorea | oret_ohsacehi_tamdpdchi | oammoaanrniiuiiicohhcsacuum | uqsmcoeouoiuetri
T	646	4	0	iano hate uoce	imnsrtepdom_rhateicmtoraednooadeimff | t_amidufcrrhocfaotenuempreeiis | d_peetcdish_oatahrhmcoi | oianoacnriuhcuaamimuicmohis | ruuocemosqioetui
T	647	5	0	uiiia uiii sona amma uoce	ecnmosoepnemr_rdirteaddoaommfhtaifti | e_uiiiacrertuepehmcamfsoondfrt | ete_hiocdhatsm_ohirpcad | nhurosonammaaiiumociihciauc | iomuocetoeuqsrui
T	648	5	0	etfer etfe rapa remi erra	nidamhtietferrapanmeomesiod_tordocmf | epdhrcremii_nmritfcaeatefsouuo | drsdhatcoethi__emhocaip | hriociaaimcosuincmauoanmiuh | cuoqieometsuuior
T	649	4	0	moia	nnoataohdfmmrmiemoiadpcstfertdroe_ie | pnureisetfrchit_uraiacmeodfoem | amc_chisrapodethh_teido | mhaimocnuucaioamoinciushria | icurueuietomosoq
T	650	4	0	apra iero maco	efmdotddmttoapra_iieroocemfamheinnsr | iimettmdpueaorihsroafeunecfrc_ | _ir_omdtethaidpcsaoehch | iinoaumoirihmacoihuuscaamnc | rcoqemiouetsuoui
T	651	4	0	peri inna rito cari efio	ndmperirmfmteiaeofhodasoerodtcm_ntia | eritodsutaefrnceefiophmaimc_ur | oh_r_mstpaichcetohideda | cinnacarisuauiimcuaooohhimm | scoetuquooeimiru
T	652	4	0	erti iiii aiii erta nodi	eoeatmioatnnodichpfmd_msrrafdertioem | heertadtrsfeapniiumif_omuerocc | hpamedchsdthair_etooc_i | suhnmrinmoocuomhcuaiiiicaaa | osomeiuuretcouiq
T	653	5	0	amici arma mici mefo cioi	dfdtesdaomefoai_ocmomrhmrrtneepiatni | udesarmaenmiheriutotfofpe_icrc | rot_chipaetihdoeash_cdm | aomsmamicinaoracuhuhicinuoi | uemuuetorqscioio
T	654	4	0	maio iate amai caso deir	tirtdmerf_cintdeaoosaenemrfiahdoommp | rmpftorufim_udeireheiatecasonc | d_macrioahheics_hpotdet | cimacnirasamaioucniiuouhhmo | oemcoetsuiiquoru
T	655	4	0	rito podo couo	podoifdrmrtdheaomeenma_etritocsnfima | eic_nmreiehtaofepisfotdcraruum | hsehcdtircoetpdmoi__aah | shcouoamauhiicarmncuniaioim | meetqousiuooricu
T	656	4	0	moue auch efie neir uiho	om_addrpncermtmaoiefiefdmasotnhioter | esneirichtfcmfraitoao_depmuuer | sh_dimhceao_hetprdtcaio | auchaucnrasiooicinmmuihoaim | mouetsirqocuioeu
T	657	4	0	seco cauo mafi cito fira	dhemnofidmetmafiraacito_rdeoneortspm | sahodnrctmrtmuefiuipicea_orfee | hteto_ahaidpmsecohcdi_r | iumscnirmhaonumaaihicauoioc | uetmosrooiiceuqu
T	658	4	0	muro coii nomi insu	nimfsornatddemhdoeemtiamoice_ofatprr | csoiar_etruomenripfiemuhdfecta | cds__hehetmrcoiiatpdhao | acunomiaaihiomcinsuhmoicaur | qcetmurouiouoies
T	659	4	0	caia iure tire coii fifa	dcre_opemfhoimttafdidatmesroioenarnm | ecuooeartcfifaeutiren_sdpmhirm | rpethchsoame_tihai_docd | oouuaihmmncaiaiihrmcisounac | mcoiiureuoqetous
T	660	4	0	moue mate saui cipe note	tooeooa_deimdtiinfchmermateprrsdfman | itohrfcipemrsauidfnoteeruam_ec | phdiscmce_d_aoraethihto | anhsccuiamciuhiroinuaimooam | isuroicqoeumouet
T	661	4	0	dima riso iimo	etodimahemsroaftdnropmfeact_oridmeni | dcmafnoohta_siriueipreetmrfcue | idacdm_etochropah_hsiet | rcicihuuhomcnaiimomasoiaanu | mcuuetiqrisoeouo
T	662	5	0	ricer mori ceri erii ques	efer_oamndahrmiodaeomnistocmdiptrfet | tmeeuuthmoriceriiaoc_pffeadsrn | caidreodhtethmp__aicosh | ouimhcinmauhiuroicmaaniscoa | oetuiomicruqueso
T	663	4	0	mina sori	dioo_afdntttmimasphfdroeeoermircamne | trerocefpiunhriafoaecemitdus_m | _ahehrhioaitpdcetd_scmo | rcisoiiuhounhaamucaminaocmi | iusoriucetoeomuq
T	664	5	0	riipo auui eofa rada meft	odcsmomeftriiporerohmetfman_eanidtda | stcreofauuiheidcierf_eamrpomnt | tradaocehoethhims_cp_di | onshaiahmurcamicmcunoauioii | uiemetisoouqruco
T	665	4	0	uiii iiii himo uana caua	panstdoohemcertmriieednmdmtfoorifa_a | himoisaerpmen_ffauodriterccteu | amsopideordet_ctihhahc_ | ocanhuiiiimumrcoosmcauanaih | iououqmecetrosui
T	666	4	0	tere feer timo	idntmonptfmmdadmhefcstere_erioaoraio | aipicuhetmuedstnofeeromcrrifa_ | sahm_pretadooc_hidhecit | onmaciiacrnmuimisooaaihuuch | ucrietimoesooquu
T	667	5	0	douer ueri immo ouer etto	raforhpeniiendmsdrm_otifcdaommeaetto | rsdouerie_henccutfmoeritaapimf | ccis_atrmieh_odahetdhpo | uscnrhimuimmoocochniauiaaia | sqoruicouietuome
T	668	4	0	meco	edrdntartmscofampie_oodnememafthroii | receoaaimiertforsupe_hnitfcumd | dmri_eteh_acpahodotshci | acmancinocahirihsauumoomuii | ooisqurmecouetiu
T	669	4	0	iete oche	domectotdnaodfeohiasi_nietfrrrmpeamm | mocorfstferaiepeitd_nucmieuhar | otdim__caochetadphisreh | osahcaacmohiiomcmiuainnuiru | rumouuqieteocios
T	670	4	0	efii uiia cefi	odomemom_adiametdrroicrhpnfeeattsnfi | rrereafcefiiunhudteitoopcasm_m | a_isoedioc_ethharcpdtmh | smonuiohcomrinaciucmuiiaaha | iioueqmoetucurso
T	671	4	0	noia fate domo dare	_mtdfatefedpnntdomomsarhcreimroeioia | daretmenprucemtoiahc_fueifrsoi | mchodeaihit_ethpas_cdor | ichnoiasiuucammoihuanmorcai | ireouimcqsoetuou
T	672	5	0	nohri miti dimo simo rimo	ceif_hnrimodimorpmefaodadsomnaetetrt | oe_ecmitifhnuurcedaempsorrafit | hos_iadhp_roeahmticcetd | hmsimouaiaiuauimnohricccano | oqesmetuiucooriu
T	673	4	0	tino maco meco	shrrndoemiaemecoeidtfontoitafdpm_rma | mfmr_cueotinordescraeiifatpeuh | amacodipchthdishor_et_e | ioucmiumhoiamhcisuraniacnao | etumoouisciouqer
T	674	4	0	rimo	idchneidsmteofionpfreoatrmmermaatd_o | iunmaeruimetfroopsaidrc_etefhc | ctrhdah_coihpi_mdesaeto | ammnhhouucacisacuirimooiani | oetiqucusuoeriom
T	675	4	0	miai dame uoce	pfmncd_oerrtiitdsnrfomeehotaodamemai | ooetsieufpicimardth_fnrrucaeem | etodetacihs_ompdaichrh_ | corcuisacimoauomiaimihahnun | isriomquuocetuoe
T	676	4	0	date tche	ntmrrtmdeamadomcfo_oefdateihrisnopie | fcp_rmtumroaincsitdoeeaeuefrhi | dach_met_ihpitchedrooas | oinocahcusnumammiihiciaoura | oqesuouetricumoi
T	677	4	0	caso	itmrdrfsoa_tcaenenamhiptoeidfoodmrme | ehitetasmff_udorurrmpioicnceae | occd_pet_ihoshmeaitradh | moicasoanachomriuimhauuniic | iuucrsoomiqeueto
T	678	4	0	iima suoi ieri muri maco	otnmmimtcemdadaopnftrhd_rorifsoeaiee | rf_cnrmacofepitdtieiushreaeomu | phohietsio_tddeacc_rmah | cmuricaiimaansociouaiumnhho | suoiericmquetuoo
T	679	4	0	mate rife comm tera	fstrpdanhdmdoooiecommaterai_etrifemn | iidff_ecretramioeerchmuasnptuo | ett_shihaidehramdco_cop | hrcinmiasaiamhcuuiooocamiun | ooiquruoicmetuse
T	680	0	0		nsotmdioriceodmeptma_fdmrernihoatfae | tuuehaatfroifropce_mcisrndemei | orshpcaheithai_docdmet_ | icoisouicrmnahaucmauoaihimn | ioousicmuqroueet
T	681	4	0	uiuo	acdsdmthe_mmitrnearafepeonofroitmdio | amrttocifeamifieohp_cueenrudrs | rcieetscdaaiphdt_oomhh_ | iouaimuiuocnchmaohnaicasrmi | ueoioqmuetorucis
T	682	4	0	cere uerr	tsimrpmcereodhaefonoanmroif_idtmatde | iaeamdctnuuerrifr_shtoeipfmoec | ratsa_hihhetpomcdoie_dc | uhooscuiniaainiuroimmcamhca | etseiuquricmuooo
T	683	5	0	nonmi coit ureo	stooneiotdanm_ohtadpmmfirdifrremceae | etoinrafctoue_mmicaedfieuhrsrp | rdeh_mocoit_dethcapaish | ouhaucarsmiaomnonmiauhcicii | uooietmuureoiqcs
T	684	4	0	cimi pare uiia cori	rfmfemndeerihdntoioot_adcpareosimtam | ureiedacrtmfunihosiac_rpteeomf | e_oet_iahtcpdorhmadchis | hucmmhacimioannsauocoriuiia | ruetieucqosiomou
T	685	5	0	amore amor dica more cene	ednapiemrmmnffr_oodietdcoatamoreihst | ofrruimfecamdr_eitshceneaptoiu | isdae_ot_rdicamohethphc | achshunoaiomciraiiomnuauicm | osoretiuecquuoim
T	686	0	0		hpamertdc_nraidiiommferaeeosdofomntt | rrfmnto_coaruaieicpudeesheitmf | etid_rhhcpdt_mecaoaohsi | iaooorsummciiauhucnicmhinaa | queetsciououmrio
T	687	5	0	muoua rime seri uich curo	esameharimetrrtcoifodtpfoddnamnieom_ | fserimfrauichcanoemi_roduttepe | setmp_caio_ehhrdodihtca | mcuroniiahmcascaionmuouahii | iusroouetioqumec
T	688	4	0	cimi coro iimo	isaiimoecoronrftmdpe_tnedfdaemohmatr | iettcoaucnsafpueeed_mmiroirhrf | iptmre_hdhsd_haaccooiet | mhaunumoicimioirhuacscnaiao | uiqmoceurooetsiu
T	689	4	0	arte fide uote	iiaomhi_arteseorptdacmmfendrnteodmof | cofidet_ipeamhceufrrmasrinuote | ictethcddrpohheai__smoa | mohaahauirmiinuccmniaiosocu | usecrouimiuoetqo
T	690	4	0	cori achi miti	arfrdsntodtmitihreienmaopm_mfceoeado | fcmepeosrnafcurreiduehotiamt_i | ceth_mprhoodacas_idheit | nraoaasnoicmhuouuiimcimachi | soomiqecoriuuuet
T	691	4	0	rose	teenpmdceoi_ehiidmaoaatrrodstmnromff | ineeartredporothcfeuf_cuimmasi | oetha_hdtoahicmsedi_rcp | mircisnamiiaioouhcahnacuomu | umiucuiqeoroseto
T	692	4	0	caft eifi cani	naorfstaomimdmota_derceeifihtmdnpoer | ncaftiermdaioetuepshrcfouem_ri | ci__etodhchhpaodamtries | aumohiacomahiinrucicaniusmo | oietsuooueimcuqr
T	693	6	1	ariano iusqu sera uiii sori	dropmmtheindnserafdemaofotmteaorci_i | hfoad_tfnmtaemerueuiiicesrpcor | _ethocdat_cmeipahhdsori | oummiccomsucuihiarianohiaan | oecoiiusqurumoet
T	694	4	0	mano main iuin mere rima	eimcdddatooihofrtspt_meernearimanofm | orrtchpfmoiteeeuidasec_urfmain | cmohdi_riteshadc_ahpeto | raionuicmscoahaumcohiuinami | imeretiosucqoouu
T	695	0	0		imaooemcdrtedrnmafftretdhoipimaosn_e | eritchimreoiaoerdf_puasteufcnm | e_saiochddmoi_acetthhrp | mihmiuaihncmciuausioonocaar | ireoumetciuosqou
T	696	5	0	perso dotte erper otte fate	_mihdaanrfaterpersoeinmmdotteimdfcoo | aetidahfpmre_ecrnfrctoeiumsiuo | eapcot_iihcetrsdahdoh_m | niuiirahciosmcumcnauoioahma | ocoerquisioumetu
T	697	5	0	marno detta dama arno ioro	ttmmefciadfoedpnioromnshortdemea_rai | cormfirmfpdettaheuusnioe_ceiar | rhct_ohesid_etphoidamac | iiouacmarnocaaoumismcnhuiih | eietmqooucrsuuio
T	698	5	0	nuoua quie nera aiii	aoe_rdnemoctisehmrfeapmdimrndttfooai | esneraermaehmufuoi_prifodttcci | cdomc_iedohsrhetpaa_thi | aiiinoahcrmauoicchinuouamsm | couiomuoetquiers
T	699	4	0	uari insu uiuo tore refo	fe_torefoedretrcdmohimnapasoitmidnma | c_tmicirnotseeeohfmeupduarifra | chai_otpadioehr_metdhsc | uaioamcinsuaacmoruimioihhnc | uiuouesiorcmetqo
T	700	4	0	more ureo	tn_trmfmorecnmsdodemarooeapheiftidia | i_ureoiruedmasoatriephtcefcfmn | pceohcaet_tisdramdhhi_o | nroichuicioaohucmiunamismaa | muuoueoetiiorsqc
T	701	4	0	pise doto rome sere dira	ietnrhaeirodotoeitdnammsrae_fcfmmdpo | i_ntaoctuufpisererhmficeadrome | hmaph_hc_otetidiradsceo | oucucnmmiiuschaionaorhaiami | etimoqeioorucuus
T	702	4	0	otte uria cioe tere ardi	itoeanaehnfidmmoottereopscfm_mdardir | _apueruriahmidmrcncofeoietfste | icaasett_iehhodorcpdm_h | mnaahioicouuionaiurhcamcism | ouuucioeoiqsretm
T	703	4	0	rare mano amor rima eiia	nieoosrimanodthitfdeaamorfcm_etrmedp | notscmrare_uceiiatruiefopefhmd | aetcsodahiipdmcr_oeh_th | chsnommrioiouuacaimhcaiinua | etirqooumueucios
T	704	4	0	core ifer aero	mtimfeiopdhoc_neairaedtodstmaeromrfn | _htrrnieuuctmsiferdeiacopemofa | imet_hihsreadtd_ohpacoc | ahnuirmumiooaocsmuhcaaiicni | uuiooesimqcoretu
T	705	0	0		tfairfishteomemretdomdcnamdaoroin_ep | im_opecaiefetdocriemrusfhtunra | hsretctpod_eiimhcaahdo_ | nouciiamccusoiaurhamhnioima | oeiirqcuuumetoso
T	706	4	0	hore caui mode	cdrioaommnteiemsaoamoder_pfiedtrtnfh | tircfca_iiafunoumdemehorerptse | dietitccodeh_hphmr_asao | omcnciiamouhonacauiihsiramu | cuesooiormuetiqu
T	707	5	0	poeti caro achi tira chic	ohiem_aopedstcfnnodamfodriemmrtteiar | tfrfce_rcaieohirpuimsumnateoed | odtcichs_poetiraea_mhdh | iihaimachicarosonnuuimomuac | isetqooumoeuircu
T	708	5	0	erche rche doma auui chem	tdidrmroferchemntmpniesoei_tfaadomao | iheauetfdit_uopeaeocfmrncrirms | shdhetmptoar__oaiciehdc | iihaiauuirsaciamhconncooumm | mriosocuetiqeouu
T	709	5	0	marmo armo mone armi	itrf_tsirmoneanocdmepideemarmohtoadf | eoaeiarmiuce_csufinprhemdttorf | rhaesetai_hmdhdoi_ccotp | riaocaiuniumsoanmhouahmciic | iucoetoeumquiors
T	710	5	0	uiiia uiii idei	ctmdnmohprmrteo_airneoftsideieoamdfa | cicfuriierrsdeoapuham_mtnfeote | cetdairthdooepasihc_m_h | mcacuiiiaahioicmsnuurhoaomn | eocoisuiuuqmreto
T	711	4	0	iimo	csedmaeriotefmrhdatpriio_otomnneadfm | fimiedsoteafuenrahitr_rocpcmeu | _itcc_ihsetmheapddoarho | riicoimauauucaiimoscmnohahn | icisououeetmruqo
T	712	4	0	iion cioe nati haro tica	trmfmfdtodnoeec_esrhiionatiameamrdpo | dhtecrioaufeun_irpctsoreefmiam | isdchdmharo__ticahoepet | cauihraohocuiiuniamcmsomian | uoosemqcioetiuru
T	713	4	0	iete moia uere	neeorohiretimtarsoptocmfiemam_ddfand | efrhpnmiuerefaaud_icteticsmoor | rtpaetc_hcoi_esiamhhdod | aunmoiaccmiohhuiismcuiaaron | uusiuqmoocrieteo
T	714	4	0	cipe meme	omcaisrpnrroaddetdohofi_mfetntiameme | ecritme_uifedsftoahrcipeamnrou | hshact_etd_hpdmioaorcie | aoacmmiihuiamciohunuoincrsa | cisqumeuiooetoru
T	715	4	0	simi sete mato uoce	peiondfmatoadfdmtohtrreacnoe_rsimiem | fpmehintuamioseterfaiur_eocdrc | _apemhstrc_detaiooichhd | iauhucascahimnomrouinmaciio | omriqsoiuuuocete
T	716	4	0	hato arte	artepc_feodhatoemiidsrmmaontdomreifn | rtoiteedmcufp_urminsaiheocefra | etdepmihis_coothca_hrda | cumosaoiaommuuhianhirnicaic | qoeucrooetsimuiu
T	717	4	0	urto etfe caui	ceaoomirhoerfsptetfemniadndmoim_rdat | omeeupdcetirrfimurtonfaish_eac | crs_dioe_itahhdpetmcoah | nsnaoimuuomiohccaahicauirmi | ioouosumrqueetci
T	718	4	0	toho	_etohoaomtanmicndermseimtodiaprrffed | raiufesrnecuotrefdoieim_mpahtc | roahim__pcehdoaetsdtihc | mrnahciaimaminsiuoahcocuiou | moiuuusqroetcoei
T	719	5	0	diche saro rito iche	a_teimdemeoordommsptnfrrtiaanofdiche | racoeufeepmeiucnafisritodhr_mt | esidtoapcirhamd_eth_cho | ucmooauhiisaronhaaiimiuccmn | metuooqcieousuir
T	720	4	0	urin dite maco	tiesmacoefe_dmddtmaironrheiaorfmpotn | toafruceesnodeptr_mafricemihiu | eh__imohodparhaditetccs | aurinnmcoaumioiihhiacocamsu | erisuuoooqiucmet
T	721	4	0	mere tane maco cimi fedi	decmsiiottdrrneamnoomara_efeditfhpmo | rotane_uhcmsioffpdiarecmereuti | seothridcohapc_imhetda_ | nhioinaoaisuamacomruhcimicu | iqruoioscemouuet
T	722	0	0		horntd_tfodatcpsmrierdiammefnmiaeoeo | rpsfirctencrfdueeitiah_eamoumo | dmohaidr_csthcehetao_pi | naiauohhnciimcsiuocaumroiam | iouqormcetisoueu
T	723	5	0	diche timi iche efti rome	dddoreemfmhpsamtio_rometinaatciorenf | eropurrhoeafeudimcnas_tceftimi | oiahodichetdsrpte_c_mha | aicmnamiioianiuohcruuahsomc | ioueocqumoieturs
T	724	4	0	tion refo mona mati	icedrdaedmmrtmationf_nipatsoorefomhe | dmeiuoiuoreftnmf_asircrhaetecp | ocrmihsdi_oe_hpcdhaetta | muuhiaiuaihaoicmonaciocrsmn | euoicuuqomietrso
T	725	4	0	moue noma fino	rsr_ctnmmpdridtofoihotedfinomaaaeeme | ttc_oaurceodaehiuneffmpmirseir | icpc_ddaseetoamiroh_hht | chnircnmuuohicaomiaoaisuiam | oeusicmouetqouir
T	726	5	0	fiima iima	c_adimdodrtfonepmifrettmooaameeirsnh | npc_eohdurcsfeufiimamirrtaoeet | hcddheota_oetisc_ahmirp | ianimucaarihhosincmuaoiomcu | metsoqceuiioruou
T	727	4	0	moni caui mira	_hesdootefricdmartpemonirafneimaomdt | oeeoauirhtpe_ccfeufmiratndmirs | ropio_cetcdahametsid_hh | haahcnoomcauiniimcmauiusroi | usqouuieetmoirco
T	728	4	0	timi nera chea oche chia	drfdiomp_femetimimonerashnoeatcatdor | trpiahidec_enucrofeuearstmomif | dmochiapdishocheaetr_t_ | suaiircmaiminmcunhihaooauco | iueteiuusqooomrc
T	729	4	0	amai cato tono	pfaicds_aoomdorrfnienmmeamhetrttoied | uuehcrrcatonoeiaimtrefm_dfipes | chasdiorcpiemeto_adhht_ | connaucusumroihamaihoiciiam | mocetuqoiuosurei
T	730	6	1	uerche erche caro cuoi rche	_iedeofdrftomnmrcaroetmoiphtiesdaamn | ruerchetfuotdnpcrifi_aomeiasem | aettposocaed_cmh_hihdir | nmhaiuoaiicuscahouoamincimr | suomoeetriqcuoiu
T	731	4	0	fino uria maii foro omai	imeaeinh_mdtrforodsmnatfomraeoptdcie | drtfinocrturiauieecospefmemha_ | hcrcapmsh_tidieod_ohaet | sacmnaohuomaiiuhociuicmnrai | oeetsomruiucuoqi
T	732	4	0	mifa unde iira fara tifo	tifofantroictneersomepram_eiahoddmmd | ptisutrmifaraeiemcf_undecoehro | etehrcahdphdm_aot_icois | asmchiuaoiuooicuhnaiiramcmn | ieuetsocruoiqumo
T	733	4	0	rata erii fune neri	domeoip_desoinmerdaofnmtfheitrratacm | odrfuneriimucemeapos_ictfeahrt | hm_dca_ethsodceatiohpri | iinahummooacmhoiscuniarcuai | cousqeteioourimu
T	734	5	0	preha sime doca muro reha	n_todocaseimmtdeonaideftprehafrimmro | meetscneru_amtpafoeiiufhocrrdi | dihsimea__cpdhcretoohta | oumnihiaciancismurohaoumaci | euusoumirqetocoi
T	735	5	0	efier efie maco hima fier	heeeodsroiattcepmafnr_onmirafidodmmt | tumpimeearurtsc_ahifnooefierdc | ocetcaphaithrsoim_de_hd | chimacouusnmiuaiaimrahncioo | uqcieuoietomusor
T	736	4	0	crea uena iofo dire	moaiofodpdf_rmsidirenntmtmecreaahote | fhieeaipcetir_rmrucdftsouenamo | paiostcihroetahh_ddme_c | auaimcurhoscionaoamimnuihci | osuetiouemiocuqr
T	737	4	0	tero cauo	isodtoheteiaamdftpiedmcnamrronmfo_er | aorcfuteru_eocisemtmdrafhniiep | teroi_ohmsch_apdhdaceti | cauoaihmicuiooimhursmiaacnn | uetceououmrioqis
T	738	4	0	miei fido tosi	fidotriopahmeer_oanieodrdmnscamfttme | f_rfeoceetaimdcmieisauuptrohrn | ih_ct_ethmcaadhreospdoi | snaciomouaihrhocimuciinamau | icuurooetosiumqe
T	739	6	1	romani roma immo mani potr	drftmsnmoitoddafhoeaeeecpi_romanitmr | uifcmrhfstdnerpotre_iecieaomua | etdpihoecoc_ha_rthadmsi | ccnaimmououaiuhacmiohriiasn | ueoorqocsuetuiim
T	740	5	0	iiano dorme suoi mere iano	temaeinrtmdormeodohcfpdiaam_rfsnotie | hodufiermuarroectimpenstfcaei_ | a_haohtsh_opdcdcimereti | ciianouocamrihhusuoimmnacai | ouceoiisrquoetum
T	741	4	0	rema tuia amor nona mare	impmremaretaoeeonmdhonfcit_rfitdodsa | amorrtuiaiirmueee_fcdnshcfpeot | cpd_crtsohioietmahhe_ad | mccosononaaiamiihrimuahciuu | sqmoeeturuciuooi
T	742	4	0	tuus aato info	afhm_dfmeoerocanemidtsrnirtiapomedot | rinfouidp_rshaatoecrtuemfcieem | sddtpioeetcah_hr_aihmco | smmaourchiiahouiacaunoimnci | urooiciemqetuuso
T	743	4	0	para remo iion aato	sfifntriiondmaatote_dmmremoaecoerphd | cehuium_tsparafncrtiiermeeodof | adet_tcmrihhceidosohp_a | aoiuciuhnamrihiaammcusooinc | cuoqeiomusuireto
T	744	4	0	mena sete omai	mtrnmhdeeairocfadoimpiftrto_esmenaod | raiefcretormoaptfumshid_cueien | hamipcoctdhi_doarhsete_ | siuciumomaiauinmaoaihchconr | oumoeturouciqsie
T	745	4	0	armo hano cani ueni	eddtmf_eodrtimcearmohanomfiesitnrpao | amuepofcdirstaoctrhre_ueniiemf | ets_cirhamoe_hdpiodthac | canisaicroihiommuuuciaamohn | uiouirueqsooetmc
T	746	5	0	uinci chio coie	etmmn_opeeaeorioaddhmfraotmriitnsdfc | euiarfhrortmnicseou_pdecitefma | icoddcoieetsath_ahh_pmr | aouuincimmaihchiocarnaoiusm | ooieetouusrmiuqc
T	747	4	0	tero	trdoaecrnoeiesftmpoieiaanmrmm_ddfhot | _roffhtidsieepcmuateroaemcinur | aiahd__hetohceotpismdcr | cnmmuuaarohsiohoniimcaiiauc | quoiusmooretceui
T	748	4	0	reni doni uiai dato	fdof_esirodrenipetmmhaeottaacdonimrm | if_ocaaeenuurrhmdoietsircptfme | hpdhchcdato_eira_soetmi | imiuiaiohrnaucmoimaccsuoanh | orscuoetuquomiie
T	749	5	0	erede anto efio	oefiodectaermfeadnioodptmrhrnta_imsm | rantofmisomihurctfeiuca_eredep | hoetsiat_dch_paohidercm | ucoainmiaaciciumihrmsohnauo | uooetisecmruuoiq
T	750	5	0	tonte immo euui	mpmtas_difeahmifoedncmdierroeonrtoat | eetonteurcaespaimmorr_iffhcdui | co_atschp_eiohethdrimda | uuahaooaanriiccmosumiicihmn | meuuirqcoetouois
T	751	5	0	tenne ardo ueda	_todarmrdmardootenneefmhioaspimtcief | tmfnficrrsio_iroetecueapmhueda | hpseta_hioimeccdd_oarth | iuiamuchihinoonciaaaocrmsmu | iusmouoouqetriec
T	752	4	0	dete isii	otra_doaptchofemitsnmiemrmdoeridnefa | eeumeieicsra_uonhartoticdrffpm | htmdete_spiroohcaih_adc | aouaisiicinmmccramhuinuhaoo | moicuusqoroueeti
T	753	4	0	homa iodi	oemafdo_mtdennmrrfaomeecitpiodirtahs | piaeeauitenumrroscerhifftdocm_ | ad_ieotrphhetoimschd_ca | mcaciisoicaairhomaumhiuonun | imoosoiuetcuequr
T	754	5	0	redar reda	iandmsrfneeoae_iedmrfottmphitrmoacod | afredarhtip_nmicsmcutfueeieoor | cicmiordhetohsatp_dhea_ | oiaicmiaouihacmiusouncmranh | oetroeiucisouqmu
T	755	4	0	armo uiia dano iene moia	_crehmrtoraopmdainsoieneeidafmttdmfo | fepurtcsrtmefcmuhi_odanoeaieir | chrtiemdohethicpo_sdaa_ | imhncncooshcarmoiamuaiuiiau | miioqoetusuoceur
T	756	4	0	mina temo anco	pdtieadminahnorcmtaeorefsoi_fmrdtemo | utseaethioifrncecmiupadm_rfero | dcipamh_oeethsio_ahdctr | icusoiiamourihnamiucancoamh | sqmetciuuoirooeu
T	757	4	0	mino cioe simi iero temi	eondoitemipmsfcnfem_oeioathmrdatradr | eturuafmdceoer_hiapsiminoerftc | _set_hadhmcieropdicthoa | aihiiamannhsmrcooccuiomuaui | qeouusmcioetruoi
T	758	0	0		toatmemoanderidmeofimenc_oprhftaisrd | eaudtrtme_rureimpaicefshiocnof | retstddahmcpiieohao_h_c | inmrsuaoaiauoiiiohcamnmhcuc | uiiooqetucorsmeu
T	759	4	0	tome cori dist efii redi	ieofteacoatredistann_mridrmoedopmmfh | u_mfurctrohrdaaeiptomeefiicsen | eisadmhcorit_aetocdh_hp | ciciihochmnuuaraoisaminmoua | ioecmosiouruuqet
T	760	4	0	empi ante iiii	cpimeomdhiefmreante_amotnfdirdtsoroa | frcdf_iretucnmeeauoempitsoirah | reetc_h_dtsaoimpocihadh | oiiiiaaoaiohmcnmrmcuhasucnu | uiiceteouooruqms
T	761	4	0	coni chru inai	econimmdadaotpte_emnrshofrmiioeafrdt | mcoifpnsueiot_cemrrrihtfdaeeau | asdd_hoiopchmth_etecria | oihanmamuocciinaisaichrumuo | iuosourimqoetceu
T	762	5	0	march arch fate fere marc	emeoi_ttinpmtdnafeddrmrmhesoifaraooc | cespaortcidumh_rfereiumiofaten | st_cd_aieomarchodetiphh | aaiiounnociosacamihmuimrhcu | eouuioisrqcuetmo
T	763	5	0	tiero iuin iero uomo	aemprshodmi_fotdraaotieroinftmecdenm | fpefm_ehrireiooarctmtecisanudu | chodi_ihsheetmodtrp_caa | iuinasuamhhmorcnuaiciamoico | rouomouuetsieicq
T	764	4	0	ordi cede tran	ifodseomthmmrtranaioeicedemdanprft_o | eimfncfhetr_outicemradueprsoia | _taetipashhhedc_oordicm | aacnuoohucihmiiaaumomsciirn | ioiuoqsecetmouru
T	765	5	0	menta amen acce maio	hdrotpo_ommismeamentaoadienffredcitr | acceefdeoouirrirttsfhnmipmea_u | sphecetdm_iocdai_rathho | ihmaiooiumhuuoircacnainascm | uieturmioqseocou
T	766	4	0	eifa tosi mire simo	tdme_ooioaieirmaomthfrddanfreepncmst | cpdreimireifaeuooa_cetmsfrutnh | _cdh_oaahotieetdhpcsrmi | oiuaiaoruaicimhnimccsuahnmo | euuqurocietosimo
T	767	5	0	detti cere caui uiai etti	teopoamtcerenmmmfi_daeitdrrioonahdsf | emmofuectcnosiiefetaahrpi_durr | coi_oehhphamdetticrasd_ | immhcmrociauoacauiaihnisnuo | mooisuuqricueeto
T	768	4	0	uiue diti coii tica uoce	oscmrmdt_iniitoaepataedmhrendmeofofr | fparmuntu_eeierditicamohceorsf | c_etcper_otddahsoimhhai | rmahhmiiaucmcoiiiaoucnnsaou | mqrsouoceoiuiuet
T	769	4	0	naui	irachsmtefddnon_toidmrfreemtmoaeaoip | torsomrfuipfmriciaentdhce_uaee | ihdoodtmet_i_arecaschhp | amhcsruciimhoaoaomnuinauici | uetouocurmiiseqo
T	770	6	1	fidano miai pise fati dano	entmcamefidanooore_dfatimmdorpiserht | eruaueotrdrmofinmiahep_eftcsic | rtdicahdmhephet_aosc_oi | nchhmcnasioumouaicruiaomiai | oiuiqucesuroomet
T	771	4	0	dica	tmemaeamehdrtmnrrpieof_foidicadnotso | otfc_ihfcinreaeatopedmrmuiresu | _c_dihaiteoscpmadhrheto | cnaicuhahiioiumomrsaaiumcon | rmcoeoouuuqietis
T	772	4	0	arme iiii	odtoiadfoodiema_enferhmmsnriprmcttea | ioenasfotmirceu_parmeucefhtrid | emshahc_oahtr_iipdcetod | iiiiuoanrosuocmcmmhiahcuaan | oiuuocmisuerqeto
T	773	4	0	eder mede	_todaetosrptrdnmoffoaemederhimicmian | omceiirrafuesuth_etnempraifcdo | cdeisahohmo_cpiadtet_rh | somhiaicuomuianmrihnaicocau | oeqoriuuosmetuic
T	774	4	0	caia rema mari homo fame	rfamedremafhdedmnmao_oroittotceinpis | etffdrh_eucnuarpmicoersomtaeii | eai_hcetpam_dhhtdscoori | imnsiucmariuihomouncaiaaoch | eiirosocuumetuqo
T	775	4	0	anoi tire tsii uano didi	ddidi_ttaoinrseafmoomotreafhmrpceemn | _nrocfrdacmpofautsiimueeehtire | ithocap_dsretochaheimd_ | ciancrmhscihmaoiuuanoiuioma | uoretqioumuesoci
T	776	5	0	norma auec coii uiuo	oeamsaptnfmaidoordmircnr_hfmtoeeteid | _tousiefhrironmteepcauecdfmrai | aiahdroe_psietcm_hhdtco | ahusaimmncoiicuhnormaaiuoic | iuiuouqoeetcrsom
T	777	4	0	rosa	rotcmmisodpmrn_neidoofehrtfiaeademat | efcmiiroaeu_tfrmsdnuropticehea | i_ptchaechrosaihmeto_dd | riicaoiihouhomcmsmunuinacaa | ceooiurquoetsuim
T	778	4	0	nece iima chri ueri teda	mfotedadfootrdtrammionmip_rashneceei | nprhurteredsmcifeoieactofmia_u | _eoiddchritohmaet_ascph | usiuciiimaaaiuoohcrahmmncno | uuqcooueriimetos
T	779	4	0	esti eife fecr cose timo	prrrmadoofnticosefeaemtan_deidmtimoh | fduatoncrueifecrtami_rsiepeohm | mhdh_etcicopdrah_oaesti | ihuiamuninahcmmrcascioouoia | oumqrsoieietoucu
T	780	5	0	ferme ichi uich cioe cori	noeoropiioaartddmmimsacefetfdmnrth_e | tu_erdtnhcfermeopiirfmacioesua | ipadd_eothcicamhhs_etor | aiahscunuoocmriouichinamami | scorietoeuuquomi
T	781	4	0	fiat miai uice	opdehrtmtrednfniemmsef_oraidcaootami | ufeoccmreaidmnfiatp_serrhiotue | etiecoicshhphodmd_a_tar | uoanucsihoanmmhomiaicriciua | ouoismuicetueqor
T	782	5	0	uorro auoir raro uice fiso	nneiamedtm_tfotpcraiefisoemomhdrarod | cmmuorroieeui_prtahtaniffdeecs | c_etiacahhtioerdpds_hmo | auoirhciihomnaunauioiacmcsm | uiceorsetiuqmuoo
T	783	4	0	anio crea	rsdiatmerdemnfahptn_orooomicetfmdiea | iduetmuntaoifpcmrhe_rfcreaosei | aohiaod_hetmstp_crcedih | ucaicaiirnmouahmhsicuoaniom | umosetrcouquioie
T	784	4	0	hore chru mero iete infm	ietmnhoremeroanifmsdmordpei_dtotfaca | eieinfmmsfutr_rechruceapoaitod | heretdst_cahoh_cipioamd | rumouuanhmamoiicacoihcsiani | uqcroieteimsuuoo
T	785	4	0	uiui miei hora mera	ptmmtdfc_feoiioddensmerairoenmhoraat | rcsrtedmen_aafrotocueuihfpmiei | t_hic_eapmretidhdhoaocs | amouiuiaraaiumhsccoinhnciom | ouuetsieoimouqcr
T	786	4	0	arie tari comi cari aria	mrdoifmc_esaeatdnommtondftarieeoriph | aeiecui_moctemufofrndairrpehst | hc_stpdetioachmd_eahori | uiannmhuicaiucariamhcmooois | retioquoscomieuu
T	787	4	0	mine uiii iiii uiuo more	mmorecfsmineeafrrotdmpnttoieaih_adod | mcieudrcisftoemuntapf_reihreoa | _rshietapt_oeohddichmac | hcmcuiiiicnoaumaornasamiouh | usuiuorioeqcmeto
T	788	5	0	crete uiuo rete coii rono	nnooetartaemeidodrdaoimmmcifhefts_rp | ea_fihmsditmraucreteuronoeficp | orh_hsotcadhemetd_iiapc | ommhacoiicimuiuoaarhniuscan | oetsiumeuuioorcq
T	789	4	0	etfe	edmoimtrofrnaaeisodm_hnmaetfeipcrdto | _aerfnmuceotprsrteemoiiiahcduf | chad_srhmehcetdaiopo_it | uhoiaaomnmiunicraciucmohasi | osriucouuqoeetmi
T	790	4	0	stro atii iira ceri nomo	nmmatiiradrecpiendfoeoom_stroheadfmt | oireaufitnocerie_utfpmsecrdmah | imrapetha_dhoeios_ccdth | icansohimuiuucnomomrhaaciai | eoquretuoimisocu
T	791	4	0	immo unto muri	eomdrhneotftcarp_eoadeadsntimmofimri | umrfiedunto_iehcrsaoeapmteifrc | dhaci_r_ietdeoomhtaschp | oimahhcsuuioicimcinmaruaoan | eocusoietmuriouq
T	792	4	0	tori coie uiii uana	coiesapo_rfanrmadnhitoriettmmdfeodme | oaehammpnuiiitsfrcotcrr_eeduef | oieatsdrphhcdetmc_oiah_ | rnhochcuouaiiomimciuanaimas | uqoimiecuouetros
T	793	4	0	cari amar	normmisfftidetmarreoat_naephododcmei | ateudcoemeeps_iirufhfcarimrton | ihetdmrp_dcaoastoecihh_ | samarhuiniocioumoumcahaicin | iuocousetqeomiru
T	794	4	0	eifi dare toma	fteinaaotncfireodoaet_dpemimrmmodhrs | daptftomanrohcrree_ueeificiums | hcdtsichmpaodaretoie_h_ | mnrhiaiocmsiuuamioccuohaina | imocuruqiesuetoo
T	795	4	0	maio mere	mrdfdcmesaofoatamrnmoieeintptorheid_ | fauetci_icsromndautifmererheop | dacicmthso_i_haetrophed | ahmaioooahnsiicuumuicnacirm | uetseimqoouucoir
T	796	4	0	armo couo dere isii	nrtetnfeihosmddocoimtfarmoeer_aamdpi | ceaot_hmapmosfueiirfcrintdereu | d_ia_etihadcmrohopesthc | cisiiiamnaumhucrhncouoiaaom | miosuetoouurceiq
T	797	4	0	iiii iofo	oroompdrommrddi_fnesehteiaaecttiamnf | eamiofocicni_ererstahdeftuprmu | dasahcpo_ihimrethdeo_ct | iiiinahcaomusiommhcuacruona | omsquouurcieioet
T	798	4	0	amia mere	faamidtmerehtr_efoomdnsretoimnoidpca | naeoehuctpc_etrimirroaefmusifd | pderdaom_cetachsith_oih | ushiiioomcoanhirumcncamiaau | ucsuuooremetoqii
T	799	4	0	iato miai moia armi	ereoifofntaimdehrrmot_natdioemapmscd | uaecnru_raeocrehstffiemiptomdi | moiatos_heterdchipahcd_ | ohaiihcaosarmiaiuounincmumc | uceqetosmroouiiu
T	800	4	0	arte doti miti cura	mohartersmitidoaafrmonddeiopm_tncefe | epfthismeinooiaedr_tuecrcuramf | __emaadpihocrchdotihset | nahioaoiurmhcnmicsuomiaciua | iuoomcqioetuseur
T	801	6	1	datami diti refi efei data	ahosreoorfnnfemropdatami_emdteditimc | rsud_efeitatimcnpmrefiuchroaoe | am_haoehscihddcett_pior | cicsiiaamnaiauuhicruohmnmoo | uetcoouqmrsoieiu
T	802	4	0	caia afar dioi nera	fdioi_tmoeoeeirndafarrmhsdemtmntacpo | itfrmhoepuufircdamsneraeo_ctie | eosdmtcorhpd_ah_ihcaeti | mcuoomumiiaahcshiuonincaiar | muruoeuqiosoceti
T	803	4	0	uidi couo aiii	maansotcirdfi_fmmeeeraooedhiprtdontm | hsuidieoetecmpnmfaea_frirrcotu | irdohaacmtioet_descph_h | oanaimaucuhcohmncuoaiiimrsi | iuieumqrsocouoet
T	804	4	0	meri domi	rnhtmmcafseoproratimtae_efedomidnoid | e_funamircapfietooshcdertumeri | amceta_dht_edipiohhsroc | nochummiamaaiiunihicoorcasu | rmiociousuqoeetu
T	805	5	0	uerta etre rema erta fane	domrscheoofanemonpttferdiiaetidrm_am | cuertai_oofidrfpcunihetremames | s_hddtrhomeaocpetiia_hc | miicuuacimuhoasnmioanoahrci | oiiesrucuoetoumq
T	806	4	0	uiui sona casi tore	hoadrmfimitdptnteeoamocnorfad_mesrie | uirhmfsectore_aocpeuiritmfndea | hhaett_o_casihomirddpec | iaaomrsonacinmiouiuihcahmuc | oetomrieusiuucqo
T	807	4	0	mots rimo	edmsofrceion_hetidtimdmprnofmaoraate | uapchrf_ifeaeecnomtrdrimotsiue | ciita_hhodoerhmacpet_sd | iccoinimaoroisaauicmuhmhanu | ioericuuoosmetuq
T	808	4	0	fort arai cimi tete more	nioormearainhifdamcprfdtdsteteoo_emm | theueia_ufidmoreicpsremfortanc | oc_cimasiath_ehdhdrpoet | ocimihscaauihmimnnruoucoaia | rcetumiueouqoios
T	809	4	0	ueri nimo	_ertnfocmdesoirmmaaipfirmdtdnhoeteao | nopueafomcahs_rttmceifduerieir | ochirtet_chao_daisphedm | ahammuoiniocacnimochraiiusu | suetuuroiocoemiq
T	810	4	0	dota erti foto dice	frieihmmtfotoes_encddotaaednroarmpim | _itdicepoceertinefsrfoamrhmauu | cci_ari_petodhaohhetdsm | oiroinuhmcmiiaouaauaicsmnhc | rsiomoiueetucuoq
T	811	4	0	star poti tari arie	erepsohtaao_mtidfterrmncodfimniamdoe | rmcnep_feeiofracimdhtustarieuo | mdetaaepoti_ricsho_dhhc | ncmaoaomuucociimusiahrihian | coqemoousuuietir
T	812	4	0	etdi cose maco dito	amrio_orcfefetditoemntnpsmhoarmdadei | poeriemutfecfr_iithcoserduaanm | i_achphr_tsdoemacodihet | iooaaicoscnmnuaucihaimimhur | oousmrueietcquoi
T	813	4	0	affi armo mura more	ceitoaffiaoprhimmmeeannsodt_dtmoredr | aiutchredmeicnieope_tusffrarmo | oahmhchtasdi_eto_drpiec | muraahciohocininmuaicmauios | oqoiorecuietumsu
T	814	5	0	ormai iere erto adai	miormaidffoemerhtnoddps_tiereamcaotn | ifofpeete_dmriuiertounrshacamc | pmcoadaiseeth__rcthdhoi | inooriumommaaicsnaahuiicuhc | eucqoioetmuurois
T	815	4	0	domi ceri mira	eafmideoareoiotmneadfrmcitstrh_nodmp | dstieue_rtafcoeofinphmamruceri | ah_tahrpedomiocetcsdi_h | aiacuuaoonoimiracimshiuchnm | miueoqetsiouruco
T	816	4	0	timi iion aiii dere	timidooreahrdmfnoe_cdromniteaefmatsp | nfoifpu_uttmsecrdereoearicmiah | _ph_toceardascmiohidhet | iruicmouccuahsnmhaaoaiiionm | ouetqoicoumuseir
T	817	4	0	mici fnoi	tmecsmfihir_roeapnofadoeodmiedmnratt | eesufnoiphrrc_rmueoaicfeadttmi | pdie_drscmhohcathetio_a | umuahaioohmicinuaiianccmrso | ucieusoioouretmq
T	818	4	0	tore dito mato	inaoemame_ifcmatohfditoredpntrorsemd | ecarfepmcirtstiooeua_heudifrnm | shem_iadiothaethcp_crod | iurmmmcaocouhosiiahanaiucni | moiqoisetueucrou
T	819	4	0	urna	todoeddn_rirehmnicmoeaaesftmfotarpim | usntcmmfiaheocedfupt_ioriarree | staetrdmhiio_hccaoedp_h | imaimhcohciouurnaasuiicmaon | uoiuoqrsiemcuoet
T	820	4	0	sima cuna	iidctedoeoatrhaemnnm_dfosrapitorfemm | e_eouaecfipeontrmdfsimatrrihuc | maoiti_et_hadocphscedrh | amurhoiiumccsaaioiicunahonm | oomuoirquecisetu
T	821	5	0	conci mata maco aria	emdttedfomoeemiripmohat_aofdsnrnrcai | mmataoieifrtneipufore_ucscrdhe | teetohipa_hdsdcm_ohcria | ooumahnmaconciumshuiiciaria | crmuietosoiuoequ
T	822	4	0	nomo sori dona dito	fe_ihmditotpidonaeenooatrfsmmmdrrcea | csaifotfrmedciim_ouuhepnreatre | apoetet_ich_rcmahdhidso | munhcriscacuaainomoihoamiiu | uoesoriiuetmcuqo
T	823	5	0	sente cheti aiti diri sent	t_otmanphrfdemdirioiacmeoaomsenterfd | mfrreeaootcnsmhrfipuc_euaitied | psi_ochetirhtd_daeocmha | osaainucairnhimcuhamoiicmuo | miosqciuuoerouet
T	824	4	0	poti sera enfo coii amai	fpotimomaced_enamseradrithenfoidtomr | etmifohforausiucpecneim_dreatr | dhdcrhiemcp_ahsetoto_ia | hsuamaiuocanoacoiiuhmnrcmii | quetoumsucreoioi
T	825	4	0	uiai cioi mici neri	rotmicioiontanfpmmaoedrh_edfdeemsrta | icsfrdnerieee_umfpohmraiotactu | ehpc_hettra_iiodamcdhos | uiaiiacmaocmhrsouoaunhinmci | uoucoeetumqoiris
T	826	4	0	dfua amen tere tire	i_amenrddcriniahofetpmtsotereoofmmda | aumempfrtirerehndfua_stooiecic | ohmaeetidh_a_prcichodst | musiiauoinioahrmiacunchmaoc | setmeuroucqiuooi
T	827	4	0	rete arai eofa tera	nammpioinocfomismdoefrhedt_dtreteraa | eirudmeofaistcup_freamhctnieor | occhdsetdor_pm_iethhiaa | oicmmuaimnunoohaciicuaraish | qiemuoucsetoiuro
T	828	4	0	acca tori iera mire	o_totednptimfeafdmcoerdaohnmamireris | cefesaideetnaoipru_rfomctruimh | sdetp__ioierachodhhatmc | iaccamihnnumuoriushiciaamoo | quomucouetoriise
T	829	4	0	caia euui	ieimarmdodcoehonnf_ermtretdsamipfato | omempfcfiirrd_eicaneheuoasttru | hr_hisaoddetichtope_mac | minhsunomucrhacmcaiaiiuiooa | qeuuietuimoorocs
T	830	5	0	caute moue auch sene	fdinormnoedtma_erfsemhiamoatrtpecdoi | pm_senefcaireohftcauteidriumor | tdhpeioc_aacirhsd_ethmo | nhomiiicmumucauchaaoisnaroi | emouetiiuorcsqou
T	831	5	0	siete iete	rmtodtsaomaoeirtaomfndi_enhpfcreiedm | coputseeteirncmuifdrra_efmiaho | drih_athpdcmosietea_hco | uciuaiocrnacomnhamsuiioaihm | sumoetueociiruqo
T	832	4	0	iima fira	omaeddehrirnoaef_meptoiimasmfdroctnt | ete_odfiraeaumofuprircmtnhseci | hpetrdhiishcedom_tca_oa | ioamaumonchmucioansiiuahrci | ueuroosoieticuqm
T	833	4	0	feci	mmoethaedi_tsdrdtfeciranmooprfoaeimn | emo_hruefpuotrfisdmiienraeccta | adcicaetd_tsmhohreohip_ | hronisiuauoumiocimcahicnaam | ourqoueietsoimcu
T	834	5	0	carni mons	cerstamdtpm_ifmfonohmadoieeareortdin | ehetirfaaf_ctmroiuecpsoirmdneu | hiodaccpotdhmi_erahets_ | hauiucarnicioamimumonscaoih | eisetmcoiouuroqu
T	835	4	0	coro haro riha	tfhitmtfanrmmceopdrrmie_doiasodaenoe | dsioriharoemeucinfeettmcapr_fu | aaeihmhdhsrio_cdtpetco_ | iaisaomirhoiocuhnmuimcaucan | coroetiuuqomueis
T	836	0	0		rcftidftreoomhnaotidsaeepmme_ndamrio | fieormhsiaeoiumrcneefadtctpr_u | racpahdhcoh_im_oeteisdt | ocummihaimaoihiscaauocnuinr | iuscrueumioqetoo
T	837	4	0	casi iean	iitoantnmteepdairfddhr_roeacfmmosmeo | airmifesumoehctrrieanue_fpotcd | _ehariosietaomhpchdd_ct | rinocaumaoihcucasiaomminuhi | ruucooeetqosmiui
T	838	4	0	rose mari amar	r_atfeadtnddpmmhomcisetmrooeaeinirof | ontmiofrruthie_acsemupfreecdai | thoso_ar_cpdhicdihmaeet | cahnmiiamariuoomuaouihnicsc | rosetumceoiiqouu
T	839	4	0	cimi mise	ioemo_catefmnrdeioosmrnadrihdaettfpm | ipfhsni_amiouacrcfreuroeetdetm | hhiamatpse_cetoidor_hdc | iniomiuhmusuaraochcnicoimaa | ouqeourcimisetou
T	840	4	0	eiio iira eipe uiho	rmniamcoo_doiemfmarodedaepristhntetf | dricri_hceettuomarfeipeaofmnus | er_cda_hpocetoidtishhma | cuihonuosimuhiiraoaniccmama | roquuuoeiiocmset
T	841	4	0	eifo fido suoi noui	o_cmaidmieefidosdeoheontttrmamrprnfa | c_shereifoiueipoadmrrmtauetcnf | ihhtiodhspa_cm_dreacoet | raimuimihsuaomnnouihacocica | csuoirmietqououe
T	842	4	0	mise hore uich	tidmidroommiseafmdeohoreeat_tcnrpafn | ehneorrt_afecofurctsumpeiaimdi | psmoetcrcdthhoiaai_h_ed | uauichociomasmncnhriomaaiui | reiouetooumusicq
T	843	4	0	fura qiie dine	tcitmdaeripdoeaofromfmdineermnaohts_ | rteaocseecmfuraefmdnhii_roitpu | odpichdet_ieshcra_omath | aanhciociuucumommairhinsioa | rououmuqiietsoec
T	844	4	0	dosi orni maio amor	odiniat_ctodmrotrfeodeesrphifmmanmae | tteiucnri_aouapmfefemchdosirre | dhooiicaethcet_rdsh_map | ahcsihiiamorniuccuummaioona | ouetmqoeiroisucu
T	845	4	0	daro chie tofa echi uiui	_raitofamoefemninidaroetsmdtormhpecd | eotehocmd_paarfrmrnftceeuiusii | scadtarhopdmhi_oechiet_ | naooorimhmmicuiuiisuacnchaa | oiuqmescruietuoo
T	846	4	0	mate uiui teri	eedmrfoeaanfpcsodmaterihrmondtmioi_t | eumrciehafoscetmid_efaponurtir | p_taichmseacodo_ihrdeth | oocriicisnimmuuhamachunaoia | osmucrooqeetuiui
T	847	4	0	mois rota trat apre	ii_neohrctammnoeoafeespmmitdtrfoddra | meeaprerotaofehumi_ncudtsifric | dsahoetratm_pchoiiech_d | aaummoisunhhraiicmoiicaoucn | iuumetusrcqoieoo
T	848	5	0	aprir sorti mita cioe fede	maomitaprirmsorticfedenehadonmo_detf | eordpcfiiecumntier_rtufamhsaeo | retcamioioc_ehhsahtddp_ | rauinianaciamimioocouumhchs | cioetqsuieouurom
T	849	4	0	couo mode eiia	nmfoorfeaesoniimidhrcammodetpaerdtt_ | teupcforcehfaetieiiaudrm_nomsr | __eipdmahcocroetahsdtih | isaianhnourumioihamccuicoma | oecouoquetmsirui
T	850	5	0	etiam feer	npafemeendthmoco_frrirmtodsiadoetiam | iotafeertmcheocfipams_runediru | oetscihedhao_chdmtaipr_ | ihanmciucsnaiiuioaomouharmc | seoouuumrqiociet
T	851	4	0	coii iero miti	hodmmomitiersroptt_dcfdaafeieroemnna | ropifitufurcmehsi_eenotdeamrac | cihdhomracset_hioapdet_ | aaiimcucmsaohuohncoiiiarmun | etoouoemuisquicr
T	852	4	0	caia nimo	idmftcooepsid_atrreanmmofeiaorhdnemt | aufeisrcefer_ripniatdeotmhmuoc | iaaihhpcdse_mc_rhtoodet | muhshncaiaoimunimoiccaruoai | mcuuoiooeriusetq
T	853	4	0	suit uiia mora	ddoferthpimnooedntfm_isrmcartoeiaeam | neormheraedmpfrcctfeaoisuit_iu | hdidecmora_shcaop_hitet | uaicmuiiahoauiaoosrchnncimm | usqciuooeetirumo
T	854	4	0	amia efio mati	meofdtdcnapnihmdeetmatirmrao_roefios | efnfsmhuaitocmpdiairrtcoeu_ree | dcdi_phhehto_etscramiao | scuuiimmconaaicanhroaiuomhi | emetiusuicqouoor
T	855	4	0	dica cosi adda uomo	irreidhemnmfaddaamponmteoettfcosi_or | etnrhedieericfoa_ftmsaoumpricu | oiethdicaha_domrspec_ht | ciomicausuomrainiaumncoaihh | iuetroeuicqsuomo
T	856	4	0	sona hore auto sani sere	diipmoecnsonar_eeomdfdfhmrtmearaitto | serehdmpfcema_ecforintautoiuri | tdp_amhieaoidchorets_ch | ummcciuaaohsanihoroucinmiia | recmuoietosuquoi
T	857	4	0	tipe anti fame orni	ehantipeodmadsefofamermtmcorniti_dor | ctnhmsruetifredmcofaep_ieaiuro | tdhcmiohps__ioahaetcder | uaaoaimanhuhcirnciioiummcso | iusoeetucuqiromo
T	858	4	0	quei inna iean uomo	ahoirofsecmdfieaneottnaemrmddmiopt_r | ouemdroarnam_pfrustiiefetccieh | adrsmiet_ha_ecpodctohih | uacrauaiicuihinnahmcoooimms | uomocrqueietusoi
T	859	4	0	cere uiue mato hima	rrohimatorde_fddnieinptemtaoaommcsfe | sumiedairouoihpccerertf_mtenfa | r_phmoceethaht_ioiddsac | iaionchuoaiiaommsaurhccnium | osmrqocetiuiueuo
T	860	4	0	timi mina erto raso	rdftfoacepmeertorasooemndimtiminahd_ | i_rtuomanrcemudsfrthpeifceoeia | aiicamrth_p_detcdheohos | usimrucchminahnaocuoaaiiomi | uieoqcmuuetioors
T	861	4	0	hare area	caofmatmdpoeiammshnte_fotroidrreeidn | pdcme_forcmtoihareaefrnesuuiti | e_o_hhomihcaitapetdsdcr | uohouunmhaamciociaimcaiinsr | criiuoetoeumoqsu
T	862	4	0	mesi coni casi cheh	rdcri_edefoooeatsrmhtmdftipaaneomnmi | pamshireoncuufceemifit_ardrtoe | etihachehmcpdrois_do_ta | hacmimaiuahuuoicasinrmoconi | oqoimesicuouetur
T	863	4	0	iofo timo	aitdmaprraodecsmmrthnfoenidte_eiofom | fuic_peeouifhtdeoreisamcnmtrra | trhsadetimoccd_hohpi_ea | ihmiiimcnohucmaiuaoaouacnsr | euuetoiosorqumic
T	864	5	0	fiera efier efie iera fier	n_tiompmsfadoroadieemotheernrtcmiafd | enmuipcoefieraiacfmu_dhrrsteto | mhso_ctirdihaepdetch_oa | oamnmihiarmuchacuniaiuocois | uiseqiomoouretcu
T	865	4	0	rifi cimi	oeeffoer_mtmoipdhidcrenridontmsatmaa | ucerormrifiefacteaiuethsd_nmop | modhihhaa_etetocsdrc_ip | uaihnuiacrmihosomacimincoua | soeetoumoruqucii
T	866	5	0	cheti sete poca	hdfostfdnemoontdiieaiommrrra_meapcet | pcfir_anmsruetehcfiituroodmeea | __dhiashedchetipocartom | acimhmuoiimuisroanocanuhiac | uuqicmoseteiouor
T	867	4	0	uiuo muro casi simi sete	mndrdetoefpramiahtmiec_sfteoioamnodr | ecfmr_eiitaemednauouprtfocisrh | eothh_ordaic_pcimdsahet | iocasimioommiuanhnicuaucrah | uiuoiseteomuroqc
T	868	4	0	rema fior uouo dete	tsceameoneidrdotnaamepmifohmdrtfior_ | iucdetepuotmhafrns_ceoirfremai | e_hadcsihoipcmatdr_etho | uoumirhnihuaioisiaccomnamac | etusecmiorquouoi
T	869	4	0	moro ioni ureo	oncidaeaemtmshef_ptrmmoroeornddiifta | frficpemnce_aoohtturueeamsrdii | oep_t_dihoihmhetrcscaad | immcnhiioionirhoaaaasuumcuc | oureoiimusqucoet
T	870	5	0	summa nori iimo maii deii	cdemnde_tonfaotpoadeiimoashirtrmefmr | iceamnoriuraemeuifo_hfrpcsdett | mcir_daed_athpsooethich | rohmcucasummaiihinniioaouac | euiosetiucuqomro
T	871	4	0	curi nimo	atapceenimodsfotnarfd_etooirrhmmdemi | icecnoodtee_hsmiaruifatmrrpufe | siam_chphhaoi_etrocdtde | namihaiiuacuriicusaonhcoomm | esucoioqietoumur
T	872	5	0	itene anni nore mino tene	dmnorepitfraiaseea_dfrminoedtohctmmo | dorfsceprcitenei_aerouhimfaumt | mrtohpcodah_i_etesihacd | anniumsiihaaoruomiimcuchaoc | oomoqretuiiuecsu
T	873	5	0	frefa moni doma himo	ni_ctorfmormstedprfdomatmniaeoaidehe | coeesicratmtpuodreiimfrefa_unh | a__ddephiichohtraetcsom | iasaamrohcihimonimcnaocuiuu | ucuoeretmoqosiui
T	874	5	0	animi cauo foii mise isii	aondoipnhs_emtfretmfoiiaaocemedmtrrd | efisiiercaoertpfuurho_mndetcam | ipet_doaas_mdhchciethor | aciurccauosomahianimiuhmion | omiseuqociueturo
T	875	4	0	fufe riso dios	adraoitpirfanndtmmcreeeoohs_idommfte | ifufertheotoarineaeu_cdimcsrpm | co_cmdrtetph_ahadiosihe | ahisaoauriucmioinamhncoiumc | uuioemqetucrisoo
T	876	5	0	fuifc muri citi riso meme	aomttmordeninm_sfoemrohpdceiitdrfaea | teadcitihmeme_nseuoporarrfuifc | ooetrietdacha_psd_imhch | icmouhniuaornmhoaiacmcsiiau | oecetqiuomurisou
T	877	5	0	cheti immo emmi	remmieatiednhirteofsdrtoaocnfaopmmd_ | rciur_esfontafmidhemuoecirpate | h_chetiddh_aoieoartpcms | umcnucaaocrhihaiioiunsimmoa | ouimiqruuecsetoo
T	878	5	0	aiiai emmi	cooriordfmndtemmihtatdfmrpnesa_aoeei | ierceatadoeutmofe_irsnfruimphc | t_hhridaicpaeomoceth_sd | cnaimoorucimasmhuaiiaiuhcon | iomuceiqououetrs
T	879	4	0	amia rime hore iper	octmdaonirfthemdriperm_aoesmeniaoftd | rimemceeoficurdap_onferahtutis | ameihid_sch_adpthoretco | maanuciuamiaociuimscohohirn | ucuioetsiuqreomo
T	880	4	0	ichi uede dame sche some	eonfecfotsmmhatrrrpaeimoiond_damedti | uedem_crrtruffaipcinathsomeeoi | ci__odaerschethomdpiaht | smuioiichihcnaiunarommuaoac | metqsoouircieuou
T	881	5	0	eifet uiue roma onde mari	roehriadmmitsedacnrtfmfoeapoondei_mt | teiurdoromara_cceseifetuihpfmn | mioca_rahoedsp_tidchhet | numariiuimcnsococamahiauhio | rmuooeuiuetqicso
T	882	4	0	coia sefa	omreroiahdeocnai_oeaffmrendmttitdspm | unsefahceiarerooi_dttmicpumerf | pcdhsmdetheahoia__ctoir | mhuiioanaoimrccoiaicmnuuahs | uosoimqeturcuieo
T	883	0	0		fnaidertmioerdcmeemdoamnorhpstf_iaot | uaecmes_etmrtrfirpfuiaocohdnei | chmodh_etiopcsehatr_adi | uanhiuaiimcoshniourciommaac | iuoucieetuomqsro
T	884	4	0	suoi core immo mori meta	odacim_dmdroeistmfhoeaittonmeefpranr | rtproamdetesuoifeniaeurchfm_ic | i_dptasc_oirohhemetachd | imsnaucachuoimmoriiunhaicoa | uuoisicoremetuqo
T	885	4	0	caui uiia core	aopmecatdmafdeein_inrsmorrofetodihtm | hdrcfei_eenmoatiepuocauitrfsrm | aettha_ohricseio_cdmdhp | nimhhucscaiuoniomacuiiaamro | muqetucoreiiuoos
T	886	5	0	piene etdi uiuo hora iene	sca_hffnrapmoeitnmrmoiodamdteeoetdir | r_feiuopienecusaordamtriecfmht | choraha_imiddhettceo_ps | umhuaooaacmiiumionhciricsan | uiuoqoomicuetrse
T	887	5	0	potei pote	eaopfcieieomddmsrronetnihmam_trdftao | iutf_rhepoteiemcaaefirrcsuomnd | camooi_ethrcshhdt_depia | uiaooanumcinmccmiihuisaahro | ieticmroouuoeuqs
T	888	4	0	tira uiia mare sine toro	ommtiraaopt_ddrfhoeemfsinedticenomra | tmmcuiiue_eroascrnfafdeetoihrp | hcio_ciettdhsaomarehdp_ | oanhiummaauinshcrcouiiamoci | ieusmocuiqetorou
T	889	4	0	miai naui foma adeo	proacmarmtfemtdfdenooreiihstmiadeo_n | ecinctteu_piirdorfomarheeusfma | ph_asohte_mohaiicdcretd | masnahocrocnauiuuicmhiomiai | eouetqrcusmiioou
T	890	5	0	uarii time uari fran	frandt_emepaihfmcdoordroteemotnaisim | hfsuearrdonrpcetimeef_tuaoicmi | rethc_ipta_dhoeciohdasm | cocmcsimuahomionnuuariiaahi | osouietmqiuoreuc
T	891	5	0	mania caia mani	_aeosrfmftridiatpoernoedtdianmemhcmo | rcaentcmmeuehrrsitfpau_ifoedoi | etm_ihsrpadd_echaiohoct | ormaniancuiosuocaiahmmhiicu | ouueetiicoomsurq
T	892	4	0	cimi diro arno udir	strdhoepmcmeoifonfairmtdarnoeedatmi_ | smro_pcteudiroifraiufeanctemhe | etmideh__taphoaosrhcicd | hhmsaicimianmoorocuciiauuan | micosuuetroqouie
T	893	4	0	opre timo	ronmdif_adhdaicfeamotmsetimoprereton | iehuaocemeinratprmietfufor_cds | sc_ioahddmoht_creetpiah | acocoahoihumiismmciuraainun | etciruioomosquue
T	894	4	0	tini tant tuia aere	ceortmaeospmdehndmofforiear_dmiitant | tuiamoaeemrchufsoreecpfrdtini_ | pimdohht_ichaocaerets_d | iomcaiiusniuhcmaocunmiaroah | cseomouuoiiuqetr
T	895	4	0	dami	thmooitdaminrmpomiaeoerecdfe_nrtdsfa | rfeuacursm_opefndhriiacoeiettm | hdcdcrpaetosm_oethiih_a | miaoiuocaunriuoanmhaiichcsm | etcoueioursouqmi
T	896	4	0	firn homo iere	oiedttiinferomratehmcpmdfmorsdeao_an | cha_miceetuioesmdoufrratepfirn | ctdetdhraio_hoiacpm_esh | caunmncahomoaciiihiomsiruau | sqoieretomiocuuu
T	897	4	0	fiia dota riti dite	paeeadehemosrotomncitn_odmffadritirm | surrniofcemtmeue_crfiiadotapeh | pshaditeometodcahc_rhi_ | ooonmiihniuuamcmircsichaaua | oretisuocmeoiquu
T	898	5	0	sarai rema tifi mere mano	hodontifimnsmmeredceoaremaioprdattf_ | mutecirureri_opaiefnhteomfdcas | psaraidetc_ohicehtho_dm | iuciusraanmcuohmanoahiicomi | ucuoetimqiooesur
T	899	4	0	nece auer maii tiro omai	riomtcetaedm_mohrdrpdatsnfaonemfoeii | ts_inecefitiroauerdocrhemumpfa | cchrd_phhaeiom_tsoiadet | mihnumauocsucomaiircaiiaohn | ouetoeoqscumiuri
T	900	4	0	usci fien mete nefi cani	ridaomtdsdtmrfeaeomnefihotrioneacp_m | ofctseuuicrhmieeamfien_arorptd | hdpcaiemashc_oho_trdiet | ohaaiuiamimhmiucuocanionrsc | ousciuiqrooumete
T	901	4	0	cura	hstirmddnooaedenmamfmroiitfetoerpa_c | oercafimoarmfeec_ithuntsdierpu | mpici_soeahhohtar_detdc | aooaniinhiohmucsumcuracmiia | etmuocuiouosierq
T	902	5	0	diion iion dere	dnaampdcri_fmrmtshofmrodiionteoeteea | mfooencpritmaruuachderesitf_ei | _acseaohethtdicmidohrp_ | mhcicroiohcannuaiiasmoaumiu | uuocmeiroisuetqo
T	903	4	0	cura uouo riso eran	defmieohnadmetoeranmtrcipmafdtrisoo_ | ooc_tesefhenfreaiutdacrimuirmp | eoaohmcai_pridsdheth_tc | hociioosuhnianuammcuracimai | msetiirocuuouoqe
T	904	4	0	ioro	mtmdirmedtierc_afaoosoenoamndhtefirp | rirocsc_datthnfaefemumorpeieiu | hsthc_ooerd_chdpaiietma | hcmhuaorcuaaniimiouncioaims | uiiorocmetqeuuos
T	905	5	0	auria uria casi temo tica	onffiotrenrdmra_emmisaaihcdtdtemoeop | uportticafeoiiueehndaemrs_frcm | ceoet_r_htpohhmcasiidad | oahcmcsuchoniauriamoinuaimi | etomiuiroeucsouq
T	906	5	0	aiuto eiio equi quii meii	oeoafrmeiiodpomcnienrstddmtmratfhe_a | sioepnfacaiutothreecmfrirume_d | drhps_etaiccaohdm_ihteo | uhaihuoaiscaonirimmucaomcin | setcuooequiirumo
T	907	4	0	uiui trar time	eomnem_fadpdtmsiotrarfeicnrhdaootime | ntsrmufhfcetopiaimadecueerr_oi | _hpt_dhoehdoaiacirmcset | iiiacimuiunmnrocsaoauacmohh | cuiuioetosomqeru
T	908	4	0	tato	emneoddafcimtatoirhntraseide_pmorfom | tmcpi_cendruhfuemiatrseeroiaof | icmdsah_iore_dhapohtetc | cuiahrmsnoahinoimcicouaaumi | muetoiuusceroioq
T	909	4	0	curi	ncporrhteenaioidmtdsodeaef_ifmamrtom | rfaamrcusnpoirofutceiheeid_etm | rhocctdethiheapai_somd_ | aicsnnihuaiicmohioarucmuamo | oeoetsuomcuriqiu
T	910	4	0	aere coro	fo_nniaairfempmeeisotoordetrdadhmmtc | etuoefcpi_nmhimrarsuctfdoaerei | oad_etahrpht_iheiccosmd | aiisaunhahuocmniamcorouicmi | uieoiooumetusrcq
T	911	5	0	maeaa anio uich uemo	sh_nidromrmdotfcdofmrtoemaeaaieentpi | epcfrdiorht_teucausioreaneimfm | mhaaosidc_hhtoidet_crep | ioicsrmouahmuciuichnaaaniom | rscuqetoiuuemooi
T	912	4	0	anni cono	ftsiomdetp_erdconomdemaormarnifeitha | sipreiifumteaocmordahr_cfeteun | amiphe_ithcdr_osodhaetc | mcaaannihouusmuicioaoiricmh | cuiqumieoorsoetu
T	913	4	0	dima mesi atto	pefrmmesioerniadorcdemndhattoiom_aft | emctoetuidruficreehr_pnimaoafs | etotcihd_acho_phresdima | hcnccaioimunmioaihirmasauou | rquuoiemetsuooci
T	914	4	0	suoi stre	aeenm_rdfommicnestrehpdtaotoidrmfioa | mieasriicecotrmeuehfda_pfnoutr | oietm_acosdhhctp_dhiear | ihsuoiuccoirmnnaoaaiiuahcmm | qmeouuetisuoicro
T	915	5	0	poeti ordi uiii fcor case	dotfeionsmmrnmtee_aeomtafcordiaihdrp | poetirnreudmirhufom_faecasecit | cpetr_oh_diaethadhoicsm | ouiiimuacnhahmcinosioaarmuc | mcoiueoqsiouuetr
T	916	4	0	midi mais	tocnrhrfrttoaefemiodoeaepan_msmidimd | mhom_arifreeinptcsciofteuuader | ahocpaoe_csddith_ietmrh | acihmaisnccuimiroanoomuhiau | oeuoomcetiqsuuri
T	917	5	0	cheti tato sone curi ance	emtatoedhrft_ceirmsonedfmdonmpiioara | eioatancerridfeimrcptse_uohmuf | socchetii_apdd_ohhartme | amsunommnhcuriiciuaaoihcaio | msqoouieioretuuc
T	918	5	0	afone hata coii	iotiepednamrerdimhfdasmm_ttrcooafone | urecrdcimahtnoepsmrefaotuii_ef | escip_ocietdd_hatarhomh | ichcomhusiicuunmaaaoinamrio | metuuoequoscoiir
T	919	0	0		pmdrdncdmotreaemor_tiaoifioemfthsaen | imtccoepimeutuaoerh_asfrnedirf | srhethhtpioaaoedimc__cd | anmonrmcuioiihoihacmuaauisc | sioqoetcoeimuuur
T	920	4	0	tche tiro uari	imeae_rntidfohtstmindcreempmarodoofa | oeernuarittumspi_iocmechfderfa | _otchedcmod_ipetahihasr | iosicmhauihanmunaaoriccumio | oocsiueuetiroumq
T	921	4	0	uiho	aieoafteoddmroinpmctn_stmhdraefroiem | mnhraudueittceoor_femifrspciea | ritethdcoashed_a_mhpcoi | smcrunmhouihomuaiaiccnaioai | uqcrietuiooeoums
T	922	5	0	marie mari coda este aife	menntm_codatddmariestehemoarfpoioifr | u_eerhtsroaifeomdiccnftiearpmu | rao_im_dhodthhcpeaicets | umnimoacouuniriasiiccohmaah | iocuoetsuruqemoi
T	923	4	0	sano hima	oecnmtnfeadeaooimrtdpeidfimrorhtmas_ | otpstufrorecnaidemmhiiuf_eaerc | phshdo_aathemoetii_rcdc | ohouhimaumraciaiuicmsanocin | osetuiouomceruqi
T	924	4	0	himo	ioaaicroidtsaeptdedfeonefmmmrnmt_roh | ioeiteiohsenmretfr_fparcumcdau | etehcscoh_mahdoptra_idi | ihimoocmauamrsihuocnaainciu | etociosqriemuuou
T	925	4	0	etfe saro iero aiii	mndrdeoom_oscahfpitdioamraetfeentrmi | rfaetdhmetfam_ecscnieroioiupur | hetcietdhsaro_dh_maocip | cmshoumrnucomncahaiaiiioaiu | suiietoecoouqumr
T	926	4	0	sori mona efio dios	msttfmmdaepd_ooranrtiiamdhoefionreec | fh_orteerauitcaenismrfmpiduoec | a_hhricp_dcmoettaediosh | hhuormocaisicumonaiuimciaan | ooecuuiqumetsori
T	927	4	0	chri iimo	nhoirdtcmseoaeimemfptaddmtrnfeoirao_ | _iroerphenmasrdemifecfcuoatiut | ioc_mchrietodathphda_es | ciunochariumoimoihciasanuma | uueoqoetciimorus
T	928	4	0	meri doto curo	mmfeotmfaptacirdmeridraneidoton_hseo | ncumhmeurartf_doeiscieefpoirta | cdta_mhrhiaodi_eetcoshp | hcunihsmmcaoniaricmuuoiaioa | uiqmcurosoeoetiu
T	929	5	0	ricco	tieomcsdarptfniaofei_aoddehonmmmrtre | erier_cttimfsefimdrupoaacehnuo | shrettdhaoad_eocpimihc_ | criccohonnumiuaiiumaaohmias | oqroetismeicuuou
T	930	4	0	eiio iion cuor fiso cera	apemcimmtodoerfrfoatastd_heiionnmerd | ieit_fisoeafemhmndurrrpctcoeau | oethcerad_thha_moicpdsi | immmicsuhiaaaohcniuuicroaon | imsqiecuoruetoou
T	931	4	0	noti otio uiui	feemradethmmnotio_caordmsrpdiftoaein | eipiteaoeuforda_cmnftuhicersrm | chi_heaprcot_hetosddmia | munaumohsoiiuhaioaarinccmic | sooruuiuieetmoqc
T	932	4	0	forr	adipscforrh_eemtiodomnotfndmiameerat | miaeuouhstdocfrineptamc_rferie | siopdahtcet_mahcerdh_oi | rmnoomaauscniociimihaucuiha | ecsuoorumuietqoi
T	933	5	0	anime eder maii icon onon	ereofirthsdcotfp_oreamandmdiotanimem | ofrcsrpederic_hiatmunamieeftou | pah_mdroacctshietedo_hi | umamaihimaiicononucciuaoshr | eooiurumsueticqo
T	934	4	0	ando mino caui redi	ramhredi_mtmrioftoemtfspioandoeaednc | oee_iceimptfarcfhmouruianrdets | rdphdo_atseticmhoehia_c | acauiaaciurnhcuhsminoomioim | qrcuoetumuseoioi
T	935	5	0	morta mort moia	rid_neapoemserdnfdartcetaootimmfmoih | dffreimauoesre_peintcihmortacu | hrctsapd_ioe_chaiohmetd | mraomohcuuciiciasinhamoiaun | ouueoqmioetuicsr
T	936	5	0	edera cadde ordi dera eder	ederatmimedtermp_oocfsmniordiaohtnfa | sonucifcaruf_peirrdmihemaetote | etipohsmtchhr_oacadde_i | iusccouaohmnaiaciihmoamunri | uscioriooetueuqm
T	937	4	0	tara suoi cauo pari cioe	haedmcsiormeoimfeatoetnparirondmfd_t | iaeeusrrmopfhctrfnmcauoidite_e | hipodetm_cehhs_taraoicd | iahcmuuuaaoimcsmachooiiirnn | suoiuqeocioetrum
T	938	4	0	nous ordi nero suta	rntnfoadoordiorimshm_efedcaemeatpitm | eifmtdifeiucesuta_porhcmranero | oetdcap_hadtmihesihrco_ | ainoushacimaaicoimmunrihocu | ruuoeietoosqimcu
T	939	5	0	ferue more eria	annrffrmdrcotdamdm_eoieooehaesttiimp | nferueoietmcfsoipuatrc_mheriad | _io_etcdasehrhcmapihodt | nmcmhciaoraoiicuhsiumunoaia | qouuscmoreoiiuet
T	940	4	0	time cuoi eofa	anmdi_mdrprtefimcooiteeofaoadmernsth | fionmrtsuruarfcpee_emchideoati | apchcioh_sdetimetdhoa_r | macuiiuahoinrinmcuoioahsmac | uosiuioqmucreeto
T	941	5	0	toiio nonft inon cono icon	dmdmptesicononftamrdeeemftoiior_aarh | _niedteocsrromhiapefiucmftreau | smddip_ethchoieta_aohrc | miacioinonmmacosuuirhihuaac | oresuocuuqmioeti
T	942	7	1	moderni ette mode quei caso	madpmomodernindafotatio_mseeecifrthr | icenotdemsaitehiorfuufceamr_pr | ri_aetteoimcodhdhsc_aph | iimciocuuhaioicasohanuanmrm | etuooruqueisoicm
T	943	4	0	coie fior orni	m_etaecfdpeiondmamfiornirotdrsaemhot | arrocidfruihmcoeem_estnfiupeat | dohc_hhiesodaicm_aretpt | hcaicmahnumaruioiumiisooanc | uetrsuumiqcoieoo
T	944	4	0	meta adir dico	fpoadirm_eetacmneohistnmrfmadoetdori | oetiicmfnmetarsdicorfpuarheeu_ | ecachomsetopd_irtahd_ih | mouisauaaiihmuncomrinaohcic | ouuietmioeoqsucr
T	945	4	0	cimi fane ieri rife	rtm_fptaioierifectormnhoeddmmsdaoean | ceseirmhmioord_tfanetrueiapufc | arimih_ddeetoohtshc_apc | iohucauhoamncimimaoiuarnsic | uuetosuimrciqeoo
T	946	4	0	etre saro moia iaua	sarocimtmr_idoodfnfetreophatdmnemiae | ferucitre_fmoiaendcposuhritaem | a_iasdhhpem_dtetrcciooh | mcrounnmchiuhaimoiaiauaosci | uetiuiooqosmceru
T	947	4	0	homo fiso fenr	denemairohtpnemf_toacmeoimfisodtrdra | aerseiptoifc_toaercumfenrhduim | cirdschomoeitetaph_dah_ | uiaonmhmiinriiohsuacocmauca | retuqoioucemuois
T	948	4	0	nari seno rose mona	frosenoefhnioiotmdeemapac_mrtmriatdd | naritspoemie_efcdcuamrfirehtou | sdd_hacrhcotohi_iempaet | aihiicnsaruoamonaumocucihmi | eetouuiqrmiuocos
T	949	4	0	etre nume suoi dima sete	ecoeiihnrmsooa_rmetrepfdatotfddimamn | atef_ctoomenumehusrriaiiepcfrd | oatsdhmor_idhphecaiet_c | uocsuoicmnhainimumaairoicah | cmouqoirouseteiu
T	950	4	0	miei arte sani	emmmtropnifnoaarteimdfdsodhectoai_re | ecet_srmieipuufearhotrmcidnafo | tdhaeetohpc_rhiad_smioc | iaonmooiaaccuisanimcuiurmhh | miouoetrueisqocu
T	951	4	0	teri	rhmioarif_ocmdnodptoimasdrteeeaemtnf | terimsfruetieodfprhane_oaccumi | icid_etd_raeophthaohscm | aihiucaimmishuoarucooniamnc | eqoimueturuoocsi
T	952	4	0	cuor sare ceda chic demo	mamchtnmtodifi_prrefddemoeaoiotnsare | ucedaspfeoemcomtirfauntr_iheir | meoadiahdhchictpoetrs__ | ihmuicuaonmimcraiiusncaaooh | eetsqioicuoruumo
T	953	4	0	iion suoi ione trec rota	rotaonedenotpfi_oriteiafdmchramsmdme | _rptrecrdmaeufmtsuoiiionehafce | _to_eciicodhhhpsmdaetra | icnmrsnuiochuamuoaicmahoiai | ocsuimeiqouuoret
T	954	4	0	mano nomi	teioenrifsmmeodtmanomitdfrcahepd_roa | hfpnaetueicea_mrtdcooeiisrmfru | etdeth_cadihp_rchsmioao | oisuicouiauhcnnrmacaimoamih | euosoimetciuourq
T	955	4	0	mita demo etto cioe	dhpttnafeiomr_earacioefnsmrtoimdemod | eirmopf_uniaehcdeofcmitatusrre | iiceo_spca_hmaettohdrdh | mahaiurcnaoocicinoauiushmim | iuoetiuecouqrsom
T	956	6	1	perfar uanti perfa casi uant	oeosdcnofmoadeditnamehtimperfarmtri_ | reeeshdo_rrotuantimcfpimfuceia | het_m_oopcasiaierhdhdct | hummociiaouauhicniamrcoinsa | smoouieturcuqoei
T	957	5	0	darci retta fefia etre arci	inr_pmmrathostmidrmodtdoecfefiaeonae | mefehismroee_rcutiodarciptfuan | hemso_ipadhihrettao_ccd | hiumuiimoaaincrcmhaauosocin | uqmoiocusoiuetre
T	958	4	0	miai uana riti quie neri	eotfdritiafoe_ioetcrmmohpnsmdnemraad | iffauuc_ciodneriprmmoethsrteea | iidtchsm_roe_cetophadha | uanacaocnmiuoucirmiaismhoih | uouetrcquieomios
T	959	4	0	eifa anio mane	ocdttdisoah_teormrendmaneifaemmrfpoi | euohfeemspaiurtcdairc_frteinom | ohpa_rdietmh_dtoesiacch | ucicmamocaumnhanioiuirisaho | ietoqsiourmoeuuc
T	960	4	0	erra	oeaerra_aeondttpdmsifinremtoocfmmhdi | efaoieihdtuepumeoarctrisfrnm_c | acmardsd__iipeotetcohhh | oicaumaomioiiaunacnchihusrm | etsuocqooiiuermu
T	961	4	0	noma didi	omad_eatrmfmrhfdidieioreotonmptcnsae | rtfcsmdaeepcaeooirunmuieit_fhr | dadmoh_oettscc_epiaihhr | icomrmiuocaihsuicinhunomaaa | euoumousoqriceti
T	962	4	0	rena mero	onsofrdetaefndeoretrmimciohdapa_tmmi | hmeroirenasepifeumcod_atrcfiut | cet_ocdamsaehhoir_pihtd | iaiaoshmiunchmciucroaouaimn | meqetuiciosuouro
T	963	4	0	coii arci	nmhs_tfdripdacfmmoitneoiermdaeraooet | ft_cpsiuhremreimfnrcaoeiuotdea | _dcoiithhetaoadmps_cher | ocuiomoarciasimuannhuhaimci | uiurooqeioetcmsu
T	964	4	0	iere aiii poho daro unir	_demfdptierecmomhaneaontmitsidaroorf | acfrrte_unirtdmeuesamipohoeifc | atsmhpc_darhhcii_etooed | ranmimiuuaoaiiisnmaoouchhcc | miouoeteuuoqisrc
T	965	4	0	teco dite riha	dfmnoemomisan_teetdrihafmprdooteairc | e_edrfrmurfhtaauonmiipscceieot | hh_c_ditecooapietsahmrd | iaiomciiunauomrmsaahhuoincc | qciuoresouioetmu
T	966	4	0	tace	nmesrifadtedediooottaceihrmp_nmoafmr | ordacepmmfuioefuihteeistn_rcra | aetcodtpco_iem_hrhiasdh | aiamnsiiurmhmoanoccuahiucio | etsoiuoremuioqcu
T	967	4	0	etfi	nicdoofitdeaetfipr_rermmaetaomdonsmh | fciseiuocmrrfomtan_tdeiupehera | h_cihocimdt_eetrpaodhsa | inuuiauicnmhcaiocrhmaoasmoi | osuiiruoeqoetmcu
T	968	0	0		rnrtadtoore_dnetdaiomifcsmhpmieamoef | efanr_euuoeioitcefrmacsihptrmd | tshcdcihopaeo_etm_iahdr | crouuicmianhsiohoaiuaacmnmi | oretuoesicqiomuu
T	969	4	0	mort hore nomi	mmortnfhoreidnomidafdteirmoacetsae_p | e_fciurmtmtrifhaoeprancdusoeie | camtpd_re_oicahhodsetih | auscmachaacuiinnooriommhuii | ouqcueteioimuors
T	970	4	0	occa coha cono	smeeihfrtdroomn_aiampaddeconomtrtief | iirrtdouruspeemhfmieoccaatfn_e | pretdheosi_tac_mdcohahi | cnmacrnmoociiamuhsiuoaiuaih | mrucqioeioetusuo
T	971	5	0	mafia aiii cuoi mafi fiar	mporidemafiarcfrmsodeteeotdmnatioh_n | uaoseeprneeh_rrucmmtaiiidfcoft | mdiethp_cctehoarad_shio | mcraoiumcmnaihaniuohscuoiia | etiiuqusruomecoo
T	972	4	0	tire maio amai mici comi	fo_iaectireodrmnestmrmhndioaametdfop | motdoafmieear_feurcehirtpuicsn | dieccpoa_srhth_maiodeth | shhuoiaamairoiamcnuucomicin | oocetsrouuemiiqu
T	973	4	0	iiii neri	f_mitchatsdfneriernaermpmddometooioa | urcudioafsetmaotcii_pmrnreeehf | othaido_drhaiccset_hpem | auhcacnmaauicrmnusiiiihooom | cisuuoooetimqrue
T	974	4	0	ureo tome adeo	psfdedanartomertmmhnaometf_irodieico | srhcdiecuierutaaeonof_ftmeiprm | driopettcisha_adeohmh_c | aumcmisoauoiaiocamhnrhuicin | sureoquetcmiuooi
T	975	5	0	cauai etre simo mete uiia	fpicme_mdsotioradfnaaoemhmeteorrntid | daurrtcanprihefieuimeot_cmsefo | p_ocamchihoaetret_sdihd | simoummocauaiharconuiiaihcn | cuquuetoioreiosm
T	976	4	0	eiio deii nomi	rnoaafoenmmomoeddfittpiamtee_sirhcrd | nfceaptdeiiorcmatr_oeruemsifhu | a_cmtahetidoih_ecdshpro | omnomiauhhicrcoauaimuscniia | suoetqreuoimcoiu
T	977	4	0	eifo aiii hono cade rota	oiomrhonoipdmcadeesmmtnet_frearitadf | urtfpmreifomeo_nedchuetacriasi | acchhhrotasetd_pimoeid_ | rcinahnaiuumasmmuoohcoaiiic | ietimsuqrocuuooe
T	978	4	0	etdi arci capo tere marc	d_scteaeftmoortrmeiddpnmnohmifeaiora | a_hrmocfeiairmueterefuoipcstnd | de_capohhrhsaetdic_mtio | icuuhnaoaoaihisiommmarcicun | suiououqrietcmoe
T	979	4	0	mine iure uria	ddroof_dfmrminecaintmseoarohaeitptme | ceioomthrfeturiapsirncedufma_e | th_eisdacidhchoetma_por | acaoiumansoicihmicrmauunioh | sceoqmiouuoiuret
T	980	5	0	muoue caua	ideoinepon_hoafammerfaimstrcterdmtod | fmiuheoepremtodatfsr_iuiracecn | s__cpieiohrmhohcddtetaa | caiumomniiiamocauahrnohsuic | muouetecsoroiqiu
T	981	4	0	time	eanofddrtecnhfoitepsoitmderri_maomam | _tpuoudniiftimerseemcheroacarf | doi__dhcmacpeetothiahsr | cismacaiorhmimuuaoinoacnuhi | rqucmoouuetoiesi
T	982	5	0	rotti nino remo rete mots	fmcpimremotsrdretfaneaedmaod_oithino | pceon_fcieeaufumrottisrdmhriea | dhmretea_c_ahspctoidohi | amuomiaurisninoiuchchaamioc | sorquuocuoeteimi
T	983	5	0	noria etdi nera nori dica	aiedrtomhratm_eorsonnmefmacdeipitfod | _eaofcuedemfrruitmtohcnerapiis | hhietdicamsteocrph_o_ad | nucmshiooiaiuchmacianoriamu | ietoouuumcreosiq
T	984	4	0	mafi cura modi ioni erto	edmnf_ertomtmafidscnriohtrmodipeoaea | _acmctuhdmprerorfuafitenioeies | het__hmohsraoatpecdciid | hscaunmmaciiihioniuaoocuram | ourioeuqioetusmc
T	985	4	0	rome uiua anch rimo sere	irstpramimtiefdmtnoaheoeo_adnromefdc | iecrhoamecutmaofsereuitd_npirf | dh_ohstrahdieametopcci_ | uohouiuanchcaainrimoiamicms | qsrouuimoeucoiet
T	986	4	0	ureo	roprmreaoehtds_amdcfimiaontniteeomdf | e_urmsaimriocfaihfudtnetpreoce | _i_hesmhthdpaoreticoacd | icuoosauniuiimciaammcaohhnr | cosureoimiuoqetu
T	987	5	0	fempr comin anoi iimo noii	aedfempretnnhmoomdaocmtfed_irtioiasr | r_muttriuaoeaiphrsdeeefcominfc | itdhmd_rceteip_ohhascao | aucrianoiimonuuhiomschamcai | etuemiooriuosuqc
T	988	4	0	rima tome uani	oomteamirimaddtomeeinhstpcrdao_efnrf | ioemrepeaticoc_demiurnhartffus | _dch_oethmicdrspathoaie | miurcihsinahomcucioouaniaam | iocoeuiosumqetur
T	989	4	0	uouo omai	iifpeemdnraeonoasotetdhra_idmtcofrmm | ftrspfc_tiheiednameercomaiuour | aodtsih_arpho_iedccmhet | aunimauahciiomnihaiusrcomco | sriieetquouomcou
T	990	0	0		aetmofdni_tirrsacrtooiehmpfemneamddo | itfsieoccnad_omepuhfrurreeamti | dhpc_mic_isaoetdoahreth | oircuiacaaiosmhinuaommihncu | oruqseoetuuomcii
T	991	5	0	soria sori fede mera meda	ooorenctdfmeda_impsoriaarmtfdteimhne | houfm_tmerarnecipifedeacitusor | cchmsoeddh_ietotrah_pia | caioiocismuruimoaaacmhiunhn | iusmeuocoourqeti
T	992	4	0	cosa aiti fune moda cioe	eamematdftmntcnoprioosdhfd_rmiioaree | iefunet_roeucfchrsmamodaitipre | mashha_rhodcecioet_idpt | uaianmmroucosancacimhoihiui | uiqrouesouimcoet
T	993	4	0	mire uino	dcetae_tfmiidaodpsetofrohionmramnerm | eeratrhmsitmuafrcoufdeeiicpo_n | hcdohosmaar_hceidtet_pi | icohscuimaruinoacaiimnmohua | ouuucetoiqomires
T	994	5	0	troui caia mede eiia	ncro_oidafmaodrittesmheonfptirmamede | nermfpamrudfhseeiiacc_toetroui | cti_etahdophsc_merhdaoi | sirumioahoncaiaiahunmcciomu | ouisetirceuuoqmo
T	995	4	0	etre simo simi mera trec	aoeorsimiecmatmfeifhd_rdoodttnepnmar | eercoudiaepicrsmeramhtnfft_uoi | omshcdettrphia_idcoa_eh | ichraoucuisminhmucnmoioaaia | ouuosimoqiuetrec
T	996	4	0	tome auui cura toni feer	md_erdhceoopainrmoafetoniafedtmsimtr | ntmuhcroicuraidmtpfafeereosi_e | hcorhetoscipheami__tdda | nrmhoaimhauuicicamiaoinsouc | iruetomequosucio
T	997	4	0	curo mani tifa	fmhitscrddaneemrdtmaoep_ooinmroetifa | acfisteuhirrpaedmoui_etfrmonce | h_orimhah_ettdpoiesdacc | icmaaormanihuiauohomisincuc | eteoicuromuquosi
T	998	4	0	urto equi	nd_ionamrmiiermpoaotemtefdoacthrsefd | cpmeuurtoesinirmehtfrcidaoa_fe | aoioachsceptrhdhim__etd | ucaaaiococimnihuismaormuihn | ucoetrmuooequisi
T	999	4	0	trai	fanoohraedetasttmfdi_ompnmrriioecmed | msochfuomrni_redeufatraiitcpee | cethmro_tec_ahdodpsiiha | cmiisaanoaomhuiuccmronuiahi | ooicumusieqretou
T	1000	4	0	himo tita moni dano tofa	retmiopdnoefititadeem_ohsrdanofcmarm | frercrptofahimouiesct_daenuemi | dchhtmet_roaaodiic_pesh | aismonicomiauhuicihmaocruan | oetosiemuuicqoru
