cipher_line	idx	raw	kind	value	repair	plain_chunk	status
05810_p1_L21	0	autre	clear			antdev	clear
05810_p1_L21	1	part	clear			stre	clear
05810_p1_L21	2	comme	clear			bonne	clear
05810_p1_L21	3	140	num	140		santet	conflict:llercomm
05810_p1_L21	4	141	num	141		dispositionque	conflict:y
05810_p1_L21	5	126	num	126		denozaffaires	single-segment
05810_p1_L21	6	122	num	122		depardeldau	conflict:a
05810_p1_L21	7	112	num	112		l	agrees
05810_p1_L21	8	81	num	81		e	agrees
05810_p1_L21	9	121	num	121		partcommele	conflict:e
05810_p1_L21	10	31	num	31		t	agrees
05810_p1_L21	11	82	num	82		e	agrees
05810_p1_L21	12	118	num	118		m	agrees
05810_p1_L21	13	11	num	11		p	agrees
05810_p1_L21	14	26	num	26		s	agrees
05810_p1_L21	15	82	num	82		e	agrees
05810_p1_L21	16	32	num	32		t	agrees
05810_p1_L21	17	113	num	113		l	agrees
05810_p1_L21	18	61	num	61		a	agrees
05810_p1_L21	19	27	num	27		s	agrees
05810_p1_L21	20	52	num	52		a	conflict:y
05810_p1_L21	21	103	num	103		i	agrees
05810_p1_L21	22	28	num	28		s	agrees
05810_p1_L21	23	8	num	8		o	agrees
05810_p1_L21	24	1	num	1		n	agrees
05810_p1_L21	25	76	num	76		d	agrees
05810_p1_L21	26	83	num	83		e	agrees
05810_p1_L21	27	114	num	114		l	agrees
05810_p1_L21	28	96	num	96			null-or-unaligned
05810_p1_L21	29	81	num	81		i	conflict:e
05810_p1_L21	30	38	num	38		v	agrees
05810_p1_L21	31	84	num	84		e	agrees
05810_p1_L21	32	23	num	23		r	agrees
05810_p1_L21	33	132	num	132			null-or-unaligned
05810_p1_L21	34	29	num	29		s	agrees
05810_p1_L21	35	63	num	63		a	agrees
05810_p1_L21	36	77	num	77		d	agrees
05810_p1_L21	37	40	num	40		v	agrees
05810_p1_L21	38	87	num	87		a	conflict:f
05810_p1_L21	39	2	num	2		n	agrees
05810_p1_L21	40	71	num	71		c	agrees
05810_p1_L21	41	88	num	88		e	agrees
05810_p1_L21	42	70	num	70		b	agrees
05810_p1_L21	43	104	num	104		i	agrees
05810_p1_L21	44	81	num	81		e	agrees
05810_p1_L21	45	3	num	3		n	agrees
05810_p1_L21	46	90	num	90		f	agrees
05810_p1_L21	47	10	num	10		o	agrees
05810_p1_L21	48	22	num	22		r	agrees
05810_p1_L21	49	34	num	34		t	agrees
05810_p1_L21	50	84	num	84		e	agrees
05810_p1_L21	51	32	num	32		t	agrees
05810_p1_L21	52	124	num	124			null-or-unaligned
05810_p1_L21	53	130	num	130			null-or-unaligned
05810_p1_L21	54	petit	clear			petit	clear
05810_p1_L21	55	a	clear				clear
05810_p1_L21	56	petit	clear			petit	clear
05810_p1_L21	57	s'approchera	clear			sapprocher	clear
05810_p1_L21	58	130	num	130		a	single
05810_p1_L21	59	127	num	127			null-or-unaligned
05810_p1_L21	60	118	num	118		l	conflict:m
05810_p1_L21	61	84	num	84		a	conflict:e
05810_p1_L21	62	13	num	13		p	agrees
05810_p1_L21	63	24	num	24		r	agrees
05810_p1_L21	64	108	num	108		i	agrees
05810_p1_L21	65	120	num	120		m	agrees
05810_p1_L21	66	84	num	84		e	agrees
05810_p1_L21	67	39	num	39		v	agrees
05810_p1_L21	68	83	num	83			null-or-unaligned
05810_p1_L21	69	24	num	24		r	agrees
05810_p1_L21	70	81	num	81		e	agrees
05810_p1_L21	71	129	num	129			null-or-unaligned
05810_p1_L21	72	149	num	149			null-or-unaligned
05810_p1_L21	73	82	num	82		e	agrees
05810_p1_L21	74	33	num	33		t	agrees
05810_p1_L21	75	18	num	18		q	agrees
05810_p1_L21	76	38	num	38		u	agrees
05810_p1_L21	77	81	num	81		e	agrees
05810_p1_L21	78	78	num	78		d	agrees
05810_p1_L21	79	82	num	82		e	agrees
05810_p1_L21	80	29	num	29		s	agrees
05810_p1_L21	81	124	num	124			null-or-unaligned
05810_p1_L21	82	14	num	14		p	agrees
05810_p1_L21	83	21	num	21		r	agrees
05810_p1_L21	84	82	num	82		a	conflict:e
05810_p1_L21	85	79	num	79		c	conflict:d
05810_p1_L21	86	34	num	34		t	agrees
05810_p1_L21	87	83	num	83			null-or-unaligned
05810_p1_L21	88	78	num	78		i	conflict:d
05810_p1_L21	89	18	num	18		q	agrees
05810_p1_L21	90	37	num	37		u	agrees
05810_p1_L21	91	81	num	81		e	agrees
05810_p1_L21	92	28	num	28		s	agrees
05810_p1_L21	93	130	num	130			null-or-unaligned
05810_p1_L21	94	83	num	83		e	agrees
05810_p1_L21	95	32	num	32		t	agrees
05810_p1_L21	96	29	num	29		s	agrees
05810_p1_L21	97	84	num	84		e	agrees
05810_p1_L21	98	78	num	78		c	conflict:d
05810_p1_L21	99	22	num	22		r	agrees
05810_p1_L21	100	83	num	83			null-or-unaligned
05810_p1_L21	101	36	num	36		t	conflict:u
05810_p1_L21	102	81	num	81		e	agrees
05810_p1_L21	103	27	num	27		s	agrees
05810_p1_L21	104	120	num	120		m	agrees
05810_p1_L21	105	89	num	89		e	conflict:s
05810_p1_L21	106	3	num	3		n	agrees
05810_p1_L21	107	81	num	81		e	agrees
05810_p1_L21	108	83	num	83			null-or-unaligned
05810_p1_L21	109	29	num	29		s	agrees
05810_p1_L21	110	78	num	78		d	agrees
05810_p1_L21	111	81	num	81		e	agrees
05810_p1_L21	112	118	num	118		l	conflict:m
05810_p1_L21	113	84	num	84		e	agrees
05810_p1_L21	114	1	num	1		n	agrees
05810_p1_L21	115	3	num	3		n	agrees
05810_p1_L21	116	84	num	84		e	agrees
05810_p1_L21	117	119	num	119		m	agrees
05810_p1_L21	118	108	num	108		i	agrees
05810_p1_L21	119	134	num	134			null-or-unaligned
05810_p1_L21	120	nos	clear			ned	clear
05810_p1_L21	121	devons	clear			ebvons	clear
05810_p1_L21	122	aulcunement	clear			aulcunement	clear
05810_p1_L21	123	doubter	clear			doubte	clear
05810_p1_L21	124	129	num	129		r	conflict:d
05810_p1_L21	125	81	num	81		a	conflict:e
05810_p1_L21	126	102	num	102		i	agrees
05810_p1_L21	127	4	num	4		n	agrees
05810_p1_L21	128	27	num	27		s	agrees
05810_p1_L21	129	4	num	4		n	agrees
05810_p1_L21	130	9	num	9		o	agrees
05810_p1_L21	131	39	num	39		u	agrees
05810_p1_L21	132	27	num	27		s	agrees
05810_p1_L21	133	84	num	84		a	conflict:e
05810_p1_L21	134	28	num	28		s	agrees
05810_p1_L21	135	27	num	27		s	agrees
05810_p1_L21	136	84	num	84		e	agrees
05810_p1_L21	137	37	num	37		u	agrees
05810_p1_L21	138	21	num	21		r	agrees
05810_p1_L21	139	85	num	85		e	agrees
05810_p1_L21	140	21	num	21		r	agrees
05810_p1_L21	141	20	num	20		q	agrees
05810_p1_L21	142	40	num	40		u	agrees
05810_p1_L21	143	103	num	103		i	agrees
05810_p1_L21	144	112	num	112		l	agrees
05810_p1_L21	145	132	num	132			null-or-unaligned
05810_p1_L21	146	promectra	clear			nobmectra	clear
05810_p1_L21	147	bruq	clear			rien	clear
05810_p1_L21	148	pour	clear			pou	clear
05810_p1_L21	149	127	num	127		r	agrees
05810_p1_L21	150	63	num	63		a	agrees
05810_p1_L21	151	82	num	82		y	conflict:e
05810_p1_L21	152	84	num	84		a	conflict:e
05810_p1_L21	153	2	num	2		n	agrees
05810_p1_L21	154	33	num	33		t	agrees
05810_p1_L21	155	114	num	114		l	agrees
05810_p1_L21	156	81	num	81		e	agrees
05810_p1_L21	157	113	num	113		l	agrees
05810_p1_L21	158	9	num	9		o	agrees
05810_p1_L21	159	101	num	101		y	conflict:i
05810_p1_L21	160	28	num	28		s	agrees
05810_p1_L21	161	102	num	102		i	agrees
05810_p1_L21	162	23	num	23		r	agrees
05810_p1_L21	163	132	num	132			null-or-unaligned
05810_p1_L21	164	28	num	28		s	agrees
05810_p1_L21	165	81	num	81		e	agrees
05810_p1_L21	166	118	num	118		m	agrees
05810_p1_L21	167	83	num	83		e	agrees
05810_p1_L21	168	73	num	73		c	agrees
05810_p1_L21	169	33	num	33		t	agrees
05810_p1_L21	170	28	num	28		r	conflict:s
05810_p1_L21	171	82	num	82		e	agrees
05810_p1_L21	172	142	num	142			null-or-unaligned
05810_p1_L21	173	84	num	84		e	agrees
05810_p1_L21	174	4	num	4		n	agrees
05810_p1_L21	175	3	num	3		n	agrees
05810_p1_L21	176	7	num	7		o	agrees
05810_p1_L21	177	38	num	38		u	agrees
05810_p1_L21	178	37	num	37		v	agrees
05810_p1_L21	179	84	num	84		e	agrees
05810_p1_L21	180	112	num	112		l	agrees
05810_p1_L21	181	89	num	89			null-or-unaligned
05810_p1_L21	182	17	num	17		q	agrees
05810_p1_L21	183	40	num	40		u	agrees
05810_p1_L21	184	104	num	104		i	agrees
05810_p1_L21	185	14	num	14		p	agrees
05810_p1_L21	186	13	num	13		p	agrees
05810_p1_L21	187	84	num	84		a	conflict:e
05810_p1_L21	188	102	num	102		i	agrees
05810_p1_L21	189	92	num	92		g	agrees
05810_p1_L21	190	84	num	84		e	agrees
05810_p1_L21	191	131	num	131			null-or-unaligned
05810_p1_L21	192	pour	clear			pourn	clear
05810_p1_L21	193	mud	clear			ous	clear
05810_p1_L21	194	donner	clear			donne	clear
05810_p1_L21	195	134	num	134		r	conflict:ddel
05810_p1_L21	196	18	num	18		p	conflict:q
05810_p1_L21	197	114	num	114		l	agrees
05810_p1_L21	198	36	num	36		u	agrees
05810_p1_L21	199	26	num	26		s	agrees
05810_p1_L21	200	76	num	76		d	agrees
05810_p1_L21	201	83	num	83		a	conflict:e
05810_p1_L21	202	88	num	88		f	conflict:e
05810_p1_L21	203	87	num	87		f	agrees
05810_p1_L21	204	81	num	81		a	conflict:e
05810_p1_L21	205	102	num	102		i	agrees
05810_p1_L21	206	23	num	23		r	agrees
05810_p1_L21	207	81	num	81		e	agrees
05810_p1_L21	208	27	num	27		s	agrees
05810_p1_L21	209	19	num	19		q	agrees
05810_p1_L21	210	39	num	39		u	agrees
05810_p1_L21	211	88	num	88		a	conflict:e
05810_p1_L21	212	11	num	11		p	agrees
05810_p1_L21	213	81	num	81		a	conflict:e
05810_p1_L21	214	22	num	22		r	agrees
05810_p1_L21	215	82	num	82		a	conflict:e
05810_p1_L21	216	36	num	36		v	agrees
05810_p1_L21	217	82	num	82		a	conflict:e
05810_p1_L21	218	1	num	1		n	agrees
05810_p1_L21	219	33	num	33		t	agrees
05810_p1_L21	220	136	num	136			null-or-unaligned
05810_p1_L21	221	118	num	118		m	agrees
05810_p1_L21	222	81	num	81		e	agrees
05810_p1_L21	223	27	num	27		s	agrees
05810_p1_L21	224	118	num	118		m	agrees
05810_p1_L21	225	84	num	84		e	agrees
05810_p1_L21	226	29	num	29		s	agrees
05810_p1_L21	227	30	num	30		s	agrees
05810_p1_L21	228	102	num	102		i	agrees
05810_p1_L21	229	112	num	112		l	agrees
05810_p1_L21	230	2	num	2		n	agrees
05810_p1_L21	231	7	num	7		o	agrees
05810_p1_L21	232	38	num	38		u	agrees
05810_p1_L21	233	29	num	29		s	agrees
05810_p1_L21	234	sortes	clear			voyte	clear
05810_p1_L21	235	croix	clear			ncoi	clear
05810_p1_L21	236	ou	clear				clear
05810_p1_L21	237	127	num	127		r	agrees
05810_p1_L21	238	124	num	124		e	conflict:t
05810_p1_L21	239	133	num	133		s	agrees
05810_p1_L21	240	78	num	78		d	agrees
05810_p1_L21	241	88	num	88		e	agrees
05810_p1_L21	242	30	num	30		s	agrees
05810_p1_L21	243	38	num	38		t	conflict:u
05810_p1_L21	244	103	num	103		i	agrees
05810_p1_L21	245	34	num	34		t	agrees
05810_p1_L21	246	83	num	83		e	agrees
05810_p1_L21	247	86	num	86		z	agrees
05810_p1_L21	248	79	num	79		d	agrees
05810_p1_L21	249	82	num	82		e	agrees
05810_p1_L21	250	88	num	88		t	conflict:e
05810_p1_L21	251	8	num	8		o	agrees
05810_p1_L21	252	38	num	38		u	agrees
05810_p1_L21	253	32	num	32		t	agrees
05810_p1_L21	254	30	num	30		s	agrees
05810_p1_L21	255	81	num	81		e	agrees
05810_p1_L21	256	73	num	73		c	agrees
05810_p1_L21	257	0	num	0		o	agrees
05810_p1_L21	258	37	num	37		u	agrees
05810_p1_L21	259	21	num	21		r	agrees
05810_p1_L21	260	27	num	27		s	agrees
05810_p1_L21	261	137	num	137			null-or-unaligned
05810_p1_L21	262	84	num	84		e	agrees
05810_p1_L21	263	33	num	33		t	agrees
05810_p1_L21	264	4	num	4		n	agrees
05810_p1_L21	265	9	num	9		o	agrees
05810_p1_L21	266	89	num	89		z	conflict:s
05810_p1_L21	267	38	num	38		v	agrees
05810_p1_L21	268	103	num	103		i	agrees
05810_p1_L21	269	111	num	111		l	agrees
05810_p1_L21	270	114	num	114		l	agrees
05810_p1_L21	271	84	num	84		e	agrees
05810_p1_L21	272	29	num	29		s	agrees
05810_p1_L25	0	30	num	30		s	agrees
05810_p1_L25	1	101	num	101		i	agrees
05810_p1_L25	2	87	num	87		f	agrees
05810_p1_L25	3	10	num	10		o	agrees
05810_p1_L25	4	22	num	22		r	agrees
05810_p1_L25	5	38	num	38		t	conflict:u
05810_p1_L25	6	74	num	74		c	agrees
05810_p1_L25	7	99	num	99		h	agrees
05810_p1_L25	8	83	num	83		a	conflict:e
05810_p1_L25	9	24	num	24		r	agrees
05810_p1_L25	10	88	num	88		g	conflict:e
05810_p1_L25	11	84	num	84		e	agrees
05810_p1_L25	12	83	num	83			null-or-unaligned
05810_p1_L25	13	28	num	28		s	agrees
05810_p1_L25	14	127	num	127			null-or-unaligned
05810_p1_L25	15	19	num	19		q	agrees
05810_p1_L25	16	37	num	37		u	agrees
05810_p1_L25	17	84	num	84		e	agrees
05810_p1_L25	18	28	num	28		s	agrees
05810_p1_L25	19	81	num	81		e	agrees
05810_p1_L25	20	118	num	118		l	conflict:m
05810_p1_L25	21	9	num	9		o	agrees
05810_p1_L25	22	4	num	4		n	agrees
05810_p1_L25	23	83	num	83		a	conflict:e
05810_p1_L25	24	14	num	14		p	agrees
05810_p1_L25	25	13	num	13		p	agrees
05810_p1_L25	26	82	num	82		a	conflict:e
05810_p1_L25	27	24	num	24		r	agrees
05810_p1_L25	28	81	num	81		e	agrees
05810_p1_L25	29	1	num	1		n	agrees
05810_p1_L25	30	71	num	71		c	agrees
05810_p1_L25	31	88	num	88		e	agrees
05810_p1_L25	32	100	num	100		h	agrees
05810_p1_L25	33	37	num	37		u	agrees
05810_p1_L25	34	118	num	118		m	agrees
05810_p1_L25	35	84	num	84		a	conflict:e
05810_p1_L25	36	103	num	103		i	agrees
05810_p1_L25	37	4	num	4		n	agrees
05810_p1_L25	38	88	num	88		e	agrees
05810_p1_L25	39	141	num	141			null-or-unaligned
05810_p1_L25	40	88	num	88		e	agrees
05810_p1_L25	41	112	num	112		l	agrees
05810_p1_L25	42	111	num	111		l	agrees
05810_p1_L25	43	88	num	88		e	agrees
05810_p1_L25	44	28	num	28		s	agrees
05810_p1_L25	45	1	num	1		n	agrees
05810_p1_L25	46	82	num	82		e	agrees
05810_p1_L25	47	18	num	18		p	conflict:q
05810_p1_L25	48	10	num	10		o	agrees
05810_p1_L25	49	40	num	40		u	agrees
05810_p1_L25	50	21	num	21		r	agrees
05810_p1_L25	51	22	num	22		r	agrees
05810_p1_L25	52	7	num	7		o	agrees
05810_p1_L25	53	82	num	82		y	conflict:e
05810_p1_L25	54	83	num	83		e	agrees
05810_p1_L25	55	8	num	8		n	conflict:o
05810_p1_L25	56	34	num	34		t	agrees
05810_p1_L25	57	113	num	113		l	agrees
05810_p1_L25	58	8	num	8		o	agrees
05810_p1_L25	59	8	num	8		n	conflict:o
05810_p1_L25	60	94	num	94		g	agrees
05810_p1_L25	61	36	num	36		u	agrees
05810_p1_L25	62	83	num	83		e	agrees
05810_p1_L25	63	117	num	117		m	agrees
05810_p1_L25	64	84	num	84		e	agrees
05810_p1_L25	65	3	num	3		n	agrees
05810_p1_L25	66	33	num	33		t	agrees
05810_p1_L25	67	121	num	121			null-or-unaligned
05810_p1_L25	68	27	num	27		s	agrees
05810_p1_L25	69	36	num	36		u	agrees
05810_p1_L25	70	8	num	8		b	conflict:o
05810_p1_L25	71	28	num	28		s	agrees
05810_p1_L25	72	102	num	102		i	agrees
05810_p1_L25	73	29	num	29		s	agrees
05810_p1_L25	74	33	num	33		t	agrees
05810_p1_L25	75	81	num	81		e	agrees
05810_p1_L25	76	29	num	29			null-or-unaligned
05810_p1_L25	77	133	num	133			null-or-unaligned
05810_p1_L25	78	126	num	126		r	conflict:denozaffaires
05810_p1_L25	79	30	num	30		s	agrees
05810_p1_L25	80	82	num	82		a	conflict:e
05810_p1_L25	81	1	num	1		n	agrees
05810_p1_L25	82	27	num	27		s	agrees
05810_p1_L25	83	144	num	144			null-or-unaligned
05810_p1_L30	0	131	num	131		a	agrees
05810_p1_L30	1	88	num	88			null-or-unaligned
05810_p1_L30	2	40	num	40		u	agrees
05810_p1_L30	3	38	num	38		v	agrees
05810_p1_L30	4	23	num	23		r	agrees
05810_p1_L30	5	82	num	82		a	conflict:e
05810_p1_L30	6	84	num	84		y	conflict:e
05810_p1_L30	7	84	num	84		e	agrees
05810_p1_L30	8	33	num	33		t	agrees
05810_p1_L30	9	32	num	32		t	agrees
05810_p1_L30	10	7	num	7		o	agrees
05810_p1_L30	11	39	num	39		u	agrees
05810_p1_L30	12	38	num	38		t	conflict:u
05810_p1_L30	13	8	num	8		o	agrees
05810_p1_L30	14	39	num	39		u	agrees
05810_p1_L30	15	38	num	38		v	agrees
05810_p1_L30	16	81	num	81		e	agrees
05810_p1_L30	17	22	num	22		r	agrees
05810_p1_L30	18	34	num	34		t	agrees
05810_p1_L30	19	82	num	82		e	agrees
05810_p1_L30	20	117	num	117		m	agrees
05810_p1_L30	21	84	num	84		e	agrees
05810_p1_L30	22	5	num	5		n	agrees
05810_p1_L30	23	33	num	33		t	agrees
05810_p1_L30	24	118	num	118		m	agrees
05810_p1_L30	25	82	num	82		a	conflict:e
05810_p1_L30	26	1	num	1		n	agrees
05810_p1_L30	27	78	num	78		d	agrees
05810_p1_L30	28	82	num	82		e	agrees
05810_p1_L30	29	21	num	21		r	agrees
05810_p1_L30	30	83	num	83		e	agrees
05810_p1_L30	31	4	num	4		n	agrees
05810_p1_L30	32	18	num	18		q	agrees
05810_p1_L30	33	38	num	38		u	agrees
05810_p1_L30	34	82	num	82		e	agrees
05810_p1_L30	35	114	num	114		l	agrees
05810_p1_L30	36	82	num	82		e	agrees
05810_p1_L30	37	29	num	29		s	agrees
05810_p1_L30	38	38	num	38		t	conflict:u
05810_p1_L30	39	84	num	84		a	conflict:e
05810_p1_L30	40	33	num	33		t	agrees
05810_p1_L30	41	28	num	28		s	agrees
05810_p1_L30	42	7	num	7		o	agrees
05810_p1_L30	43	2	num	2		n	agrees
05810_p1_L30	44	33	num	33		t	agrees
05810_p1_L30	45	38	num	38		v	agrees
05810_p1_L30	46	9	num	9		o	agrees
05810_p1_L30	47	88	num	88		z	conflict:e
05810_p1_L30	48	84	num	84		a	conflict:e
05810_p1_L30	49	88	num	88		f	conflict:e
05810_p1_L30	50	87	num	87		f	agrees
05810_p1_L30	51	83	num	83		a	conflict:e
05810_p1_L30	52	104	num	104		i	agrees
05810_p1_L30	53	21	num	21		r	agrees
05810_p1_L30	54	82	num	82		e	agrees
05810_p1_L30	55	27	num	27		s	agrees
05810_p1_L30	56	19	num	19		p	conflict:q
05810_p1_L30	57	82	num	82		a	conflict:e
05810_p1_L30	58	22	num	22		r	agrees
05810_p1_L30	59	79	num	79		d	agrees
05810_p1_L30	60	81	num	81		e	agrees
05810_p1_L30	61	112	num	112		l	agrees
05810_p1_L30	62	124	num	124			null-or-unaligned
05810_p1_L31	0	133	num	133		f	agrees
05810_p1_L31	1	37	num	37		v	agrees
05810_p1_L31	2	9	num	9		o	agrees
05810_p1_L31	3	38	num	38		u	agrees
05810_p1_L31	4	27	num	27		s	agrees
05810_p1_L31	5	90	num	90		f	agrees
05810_p1_L31	6	81	num	81		e	agrees
05810_p1_L31	7	21	num	21		r	agrees
05810_p1_L31	8	83	num	83		e	agrees
05810_p1_L31	9	89	num	89		z	conflict:s
05810_p1_L31	10	17	num	17		q	agrees
05810_p1_L31	11	39	num	39		u	agrees
05810_p1_L31	12	81	num	81		e	agrees
05810_p1_L31	13	112	num	112		l	agrees
05810_p1_L31	14	19	num	19		q	agrees
05810_p1_L31	15	37	num	37		u	agrees
05810_p1_L31	16	83	num	83		e	agrees
05810_p1_L31	17	82	num	82		a	conflict:e
05810_p1_L31	18	27	num	27		s	agrees
05810_p1_L31	19	23	num	23		s	conflict:r
05810_p1_L31	20	83	num	83		a	conflict:e
05810_p1_L31	21	117	num	117		m	agrees
05810_p1_L31	22	88	num	88		b	conflict:e
05810_p1_L31	23	111	num	111		l	agrees
05810_p1_L31	24	81	num	81		e	agrees
05810_p1_L31	25	83	num	83		j	conflict:e
05810_p1_L33	0	128	num	128			null-or-unaligned
05810_p1_L33	1	20	num	20		q	agrees
05810_p1_L33	2	36	num	36		u	agrees
05810_p1_L33	3	81	num	81		e	agrees
05810_p1_L33	4	128	num	128		l	conflict:a
05810_p1_L33	5	28	num	28		s	agrees
05810_p1_L33	6	83	num	83		e	agrees
05810_p1_L33	7	73	num	73		c	agrees
05810_p1_L33	8	8	num	8		o	agrees
05810_p1_L33	9	37	num	37		u	agrees
05810_p1_L33	10	23	num	23		r	agrees
05810_p1_L33	11	28	num	28		s	agrees
05810_p1_L33	12	4	num	4		n	agrees
05810_p1_L33	13	7	num	7		o	agrees
05810_p1_L33	14	37	num	37		u	agrees
05810_p1_L33	15	30	num	30		s	agrees
05810_p1_L33	16	83	num	83		a	conflict:e
05810_p1_L33	17	36	num	36		v	agrees
05810_p1_L33	18	9	num	9		o	agrees
05810_p1_L33	19	8	num	8		n	conflict:o
05810_p1_L33	20	28	num	28		s	agrees
05810_p1_L33	21	27	num	27		s	agrees
05810_p1_L33	22	82	num	82		e	agrees
05810_p1_L33	23	37	num	37		u	agrees
05810_p1_L33	24	24	num	24		r	agrees
05810_p1_L33	25	88	num	88		e	agrees
05810_p1_L33	26	120	num	120		m	agrees
05810_p1_L33	27	81	num	81		e	agrees
05810_p1_L33	28	1	num	1		n	agrees
05810_p1_L33	29	32	num	32		t	agrees
05810_p1_L33	30	133	num	133			null-or-unaligned
05810_p1_L33	31	84	num	84			null-or-unaligned
05810_p1_L33	32	122	num	122		a	agrees
05810_p1_L33	33	83	num	83			null-or-unaligned
05810_p1_L33	34	32	num	32		t	agrees
05810_p1_L33	35	31	num	31		t	agrees
05810_p1_L33	36	81	num	81		e	agrees
05810_p1_L33	37	2	num	2		n	agrees
05810_p1_L33	38	89	num	89			null-or-unaligned
05810_p1_L33	39	79	num	79		d	agrees
05810_p1_L33	40	21	num	21		r	agrees
05810_p1_L33	41	82	num	82		e	agrees
05810_p1_L33	42	77	num	77		d	agrees
05810_p1_L33	43	82	num	82		e	agrees
05810_p1_L33	44	36	num	36		v	agrees
05810_p1_L33	45	8	num	8		o	agrees
05810_p1_L33	46	28	num	28		u	conflict:s
05810_p1_L33	47	28	num	28		s	agrees
05810_p1_L33	48	141	num	141			null-or-unaligned
05810_p1_L36	0	132	num	132		ns	conflict:b
05810_p1_L36	1	28	num	28		s	agrees
05810_p1_L36	2	82	num	82		a	conflict:e
05810_p1_L36	3	2	num	2		n	agrees
05810_p1_L36	4	27	num	27		s	agrees
05810_p1_L36	5	118	num	118			null-or-unaligned
05810_p1_L36	6	83	num	83			null-or-unaligned
05810_p1_L36	7	79	num	79		d	agrees
05810_p1_L36	8	102	num	102		i	agrees
05810_p1_L36	9	29	num	29		s	agrees
05810_p1_L36	10	28	num	28		s	agrees
05810_p1_L36	11	103	num	103		i	agrees
05810_p1_L36	12	120	num	120		m	agrees
05810_p1_L36	13	36	num	36		u	agrees
05810_p1_L36	14	113	num	113		l	agrees
05810_p1_L36	15	81	num	81		e	agrees
05810_p1_L36	16	22	num	22		r	agrees
05810_p1_L36	17	84	num	84		a	conflict:e
05810_p1_L36	18	36	num	36		u	agrees
05810_p1_L36	19	78	num	78		c	conflict:d
05810_p1_L36	20	38	num	38		u	agrees
05810_p1_L36	21	1	num	1		n	agrees
05810_p1_L36	22	82	num	82		e	agrees
05810_p1_L36	23	78	num	78		c	conflict:d
05810_p1_L36	24	99	num	99		h	agrees
05810_p1_L36	25	10	num	10		o	agrees
05810_p1_L36	26	27	num	27		s	agrees
05810_p1_L36	27	82	num	82		e	agrees
05810_p1_L36	28	120	num	120		a	conflict:m
05810_p1_L36	29	133	num	133		f	agrees
05810_p1_L36	30	81	num	81			null-or-unaligned
05810_p1_L36	31	89	num	89		f	agrees
05810_p1_L36	32	101	num	101		i	agrees
05810_p1_L36	33	2	num	2		n	agrees
05810_p1_L36	34	18	num	18		q	agrees
05810_p1_L36	35	37	num	37		u	agrees
05810_p1_L36	36	83	num	83		e	agrees
05810_p1_L36	37	129	num	129			null-or-unaligned
05810_p1_L36	38	131	num	131		n	conflict:a
05810_p1_L36	39	40	num	40			null-or-unaligned
05810_p1_L36	40	8	num	8		o	agrees
05810_p1_L36	41	40	num	40		u	agrees
05810_p1_L36	42	27	num	27		s	agrees
05810_p1_L36	43	11	num	11		p	agrees
05810_p1_L36	44	36	num	36		u	agrees
05810_p1_L36	45	102	num	102		i	agrees
05810_p1_L36	46	29	num	29		s	agrees
05810_p1_L36	47	28	num	28		s	agrees
05810_p1_L36	48	103	num	103		i	agrees
05810_p1_L36	49	9	num	9		o	agrees
05810_p1_L36	50	1	num	1		n	agrees
05810_p1_L36	51	28	num	28		s	agrees
05810_p1_L36	52	104	num	104		i	agrees
05810_p1_L36	53	73	num	73		c	agrees
05810_p1_L36	54	81	num	81			null-or-unaligned
05810_p1_L36	55	137	num	137			null-or-unaligned
05810_p1_L39	0	121	num	121			null-or-unaligned
05810_p1_L39	1	37	num	37		u	agrees
05810_p1_L39	2	1	num	1		n	agrees
05810_p1_L39	3	81	num	81		e	agrees
05810_p1_L39	4	113	num	113		l	agrees
05810_p1_L39	5	7	num	7		o	agrees
05810_p1_L39	6	2	num	2		n	agrees
05810_p1_L39	7	92	num	92		g	agrees
05810_p1_L39	8	36	num	36		u	agrees
05810_p1_L39	9	82	num	82		e	agrees
05810_p1_L39	10	83	num	83		e	agrees
05810_p1_L39	11	33	num	33		t	agrees
05810_p1_L39	12	138	num	138			null-or-unaligned
05810_p1_L39	13	127	num	127			null-or-unaligned
05810_p1_L39	14	38	num	38		v	agrees
05810_p1_L39	15	82	num	82		a	conflict:e
05810_p1_L39	16	104	num	104		i	agrees
05810_p1_L39	17	84	num	84		n	conflict:e
05810_p1_L39	18	84	num	84		e	agrees
05810_p1_L39	19	88	num	88		a	conflict:e
05810_p1_L39	20	34	num	34		t	agrees
05810_p1_L39	21	33	num	33		t	agrees
05810_p1_L39	22	81	num	81		e	agrees
05810_p1_L39	23	4	num	4		n	agrees
05810_p1_L39	24	31	num	31		t	agrees
05810_p1_L39	25	84	num	84		e	agrees
05810_p1_L39	26	78	num	78		d	agrees
05810_p1_L39	27	84	num	84		e	agrees
05810_p1_L39	28	27	num	27		s	agrees
05810_p1_L39	29	81	num	81		e	agrees
05810_p1_L39	30	73	num	73		c	agrees
05810_p1_L39	31	7	num	7		o	agrees
05810_p1_L39	32	38	num	38		u	agrees
05810_p1_L39	33	21	num	21		r	agrees
05810_p1_L39	34	28	num	28		s	agrees
05810_p1_L39	35	138	num	138			null-or-unaligned
05810_p1_L39	36	3	num	3		n	agrees
05810_p1_L39	37	83	num	83		e	agrees
05810_p1_L39	38	33	num	33		t	agrees
05810_p1_L39	39	7	num	7		o	agrees
05810_p1_L39	40	118	num	118		m	agrees
05810_p1_L39	41	78	num	78		b	conflict:d
05810_p1_L39	42	84	num	84		e	agrees
05810_p1_L39	43	21	num	21		r	agrees
05810_p1_L39	44	88	num	88		a	conflict:e
05810_p1_L39	45	37	num	37		u	agrees
05810_p1_L39	46	139	num	139			null-or-unaligned
05810_p1_L42	0	133	num	133			null-or-unaligned
05810_p1_L42	1	121	num	121			null-or-unaligned
05810_p1_L42	2	84	num	84			null-or-unaligned
05810_p1_L42	3	112	num	112		l	agrees
05810_p1_L42	4	114	num	114			null-or-unaligned
05810_p1_L42	5	81	num	81		e	agrees
05810_p1_L42	6	2	num	2		n	agrees
05810_p1_L42	7	78	num	78		d	agrees
05810_p1_L42	8	23	num	23		r	agrees
05810_p1_L42	9	98	num	98		o	conflict:z
05810_p1_L42	10	108	num	108		i	agrees
05810_p1_L42	11	32	num	32		t	agrees
05810_p1_L42	12	118	num	118		d	conflict:m
05810_p1_L42	13	88	num	88		e	agrees
05810_p1_L42	14	88	num	88		b	conflict:e
05810_p1_L42	15	8	num	8		o	agrees
05810_p1_L42	16	1	num	1		n	agrees
05810_p1_L42	17	3	num	3		n	agrees
05810_p1_L42	18	84	num	84		e	agrees
05810_p1_L42	19	312	num	312		ville	single-segment
05810_p1_L42	20	78	num	78		d	agrees
05810_p1_L42	21	84	num	84		e	agrees
05810_p1_L42	22	127	num	127		h	conflict:r
05810_p1_L42	23	223	num	223		a	single
05810_p1_L42	24	132	num	132		rlem	conflict:b
05810_p1_L42	25	173	num	173		l	single
05810_p1_L42	26	63	num	63		a	agrees
05810_p1_L42	27	18	num	18		q	agrees
05810_p1_L42	28	40	num	40		u	agrees
05810_p1_L42	29	88	num	88		e	agrees
05810_p1_L42	30	114	num	114		l	agrees
05810_p1_L42	31	113	num	113		l	agrees
05810_p1_L42	32	84	num	84		e	agrees
05810_p1_L42	33	82	num	82		a	conflict:e
05810_p1_L42	34	12	num	12		p	agrees
05810_p1_L42	35	22	num	22		r	agrees
05810_p1_L42	36	82	num	82			null-or-unaligned
05810_p1_L42	37	27	num	27		s	agrees
05810_p1_L42	38	127	num	127			null-or-unaligned
05810_p1_L42	39	29	num	29		s	agrees
05810_p1_L42	40	84	num	84		e	agrees
05810_p1_L42	41	28	num	28		s	agrees
05810_p1_L42	42	33	num	33		t	agrees
05810_p1_L42	43	21	num	21		r	agrees
05810_p1_L42	44	81	num	81		e	agrees
05810_p1_L42	45	127	num	127			null-or-unaligned
05810_p1_L42	46	242	num	242			null-or-unaligned
05810_p1_L42	47	28	num	28		s	agrees
05810_p1_L42	48	103	num	103		i	agrees
05810_p1_L42	49	121	num	121			null-or-unaligned
05810_p2_L03	0	143	num	143			null-or-unaligned
05810_p2_L03	1	28	num	28		s	agrees
05810_p2_L03	2	36	num	36		u	agrees
05810_p2_L03	3	21	num	21		r	agrees
05810_p2_L03	4	113	num	113		l	agrees
05810_p2_L03	5	81	num	81		e	agrees
05810_p2_L03	6	26	num	26		s	agrees
05810_p2_L03	7	12	num	12		p	agrees
05810_p2_L03	8	7	num	7		o	agrees
05810_p2_L03	9	103	num	103		i	agrees
05810_p2_L03	10	23	num	23		r	agrees
05810_p2_L03	11	20	num	20		q	agrees
05810_p2_L03	12	36	num	36		u	agrees
05810_p2_L03	13	81	num	81		e	agrees
05810_p2_L03	14	76	num	76		d	agrees
05810_p2_L03	15	83	num	83		e	agrees
05810_p2_L03	16	103	num	103		j	conflict:i
05810_p2_L03	17	6	num	6		o	agrees
05810_p2_L03	18	37	num	37		u	agrees
05810_p2_L03	19	23	num	23		r	agrees
05810_p2_L03	20	83	num	83		e	agrees
05810_p2_L03	21	4	num	4		n	agrees
05810_p2_L03	22	104	num	104		j	conflict:i
05810_p2_L03	23	7	num	7		o	agrees
05810_p2_L03	24	38	num	38		u	agrees
05810_p2_L03	25	24	num	24		r	agrees
05810_p2_L03	26	102	num	102		j	conflict:i
05810_p2_L03	27	83	num	83		e	agrees
05810_p2_L03	28	114	num	114		l	agrees
05810_p2_L03	29	39	num	39		u	agrees
05810_p2_L03	30	88	num	88		y	conflict:e
05810_p2_L03	31	70	num	70		d	conflict:b
05810_p2_L03	32	7	num	7		o	agrees
05810_p2_L03	33	2	num	2		n	agrees
05810_p2_L03	34	1	num	1		n	agrees
05810_p2_L03	35	0	num	0		o	agrees
05810_p2_L03	36	108	num	108		i	agrees
05810_p2_L03	37	28	num	28		s	agrees
05810_p2_L03	38	78	num	78		d	agrees
05810_p2_L03	39	37	num	37		u	agrees
05810_p2_L03	40	28	num	28		s	agrees
05810_p2_L03	41	82	num	82		e	agrees
05810_p2_L03	42	72	num	72		c	agrees
05810_p2_L03	43	0	num	0		o	agrees
05810_p2_L03	44	36	num	36		u	agrees
05810_p2_L03	45	21	num	21		r	agrees
05810_p2_L03	46	26	num	26		s	agrees
05810_p2_L03	47	18	num	18		q	agrees
05810_p2_L03	48	37	num	37		u	agrees
05810_p2_L03	49	88	num	88		e	agrees
05810_p2_L03	50	3	num	3		n	agrees
05810_p2_L03	51	7	num	7		o	agrees
05810_p2_L03	52	38	num	38		u	agrees
05810_p2_L03	53	27	num	27		s	agrees
05810_p2_L03	54	28	num	28		r	conflict:s
05810_p2_L03	55	81	num	81		e	agrees
05810_p2_L03	56	74	num	74		c	agrees
05810_p2_L03	57	81	num	81		e	agrees
05810_p2_L03	58	13	num	13		p	agrees
05810_p2_L03	59	38	num	38		v	agrees
05810_p2_L03	60	22	num	22		r	agrees
05810_p2_L03	61	103	num	103		i	agrees
05810_p2_L03	62	7	num	7		o	agrees
05810_p2_L03	63	2	num	2		n	agrees
05810_p2_L03	64	27	num	27		s	agrees
05810_p2_L03	65	124	num	124			null-or-unaligned
05810_p2_L06	0	134	num	134		s	conflict:ddel
05810_p2_L06	1	25	num	25			null-or-unaligned
05810_p2_L06	2	82	num	82		e	agrees
05810_p2_L06	3	21	num	21		r	agrees
05810_p2_L06	4	84	num	84		e	agrees
05810_p2_L06	5	1	num	1		n	agrees
05810_p2_L06	6	77	num	77		d	agrees
05810_p2_L06	7	24	num	24		r	agrees
05810_p2_L06	8	84	num	84		e	agrees
05810_p2_L06	9	127	num	127		l	conflict:r
05810_p2_L06	10	63	num	63		a	agrees
05810_p2_L06	11	114	num	114			null-or-unaligned
05810_p2_L06	12	82	num	82			null-or-unaligned
05810_p2_L06	13	129	num	129			null-or-unaligned
05810_p2_L06	14	141	num	141			null-or-unaligned
05810_p2_L06	15	118	num	118		m	agrees
05810_p2_L06	16	83	num	83		e	agrees
05810_p2_L06	17	23	num	23		r	agrees
05810_p2_L06	18	72	num	72		c	agrees
05810_p2_L06	19	81	num	81		y	conflict:e
05810_p2_L06	20	80	num	80		d	agrees
05810_p2_L06	21	82	num	82		e	agrees
05810_p2_L06	22	27	num	27		s	agrees
05810_p2_L06	23	83	num	83		e	agrees
05810_p2_L06	24	3	num	3		n	agrees
05810_p2_L06	25	2	num	2		n	agrees
05810_p2_L06	26	84	num	84		e	agrees
05810_p2_L06	27	118	num	118		m	agrees
05810_p2_L06	28	102	num	102		y	conflict:i
05810_p2_L06	29	27	num	27		s	agrees
05810_p2_L06	30	140	num	140			null-or-unaligned
05810_p2_L06	31	129	num	129			null-or-unaligned
05810_p2_L06	32	19	num	19		q	agrees
05810_p2_L06	33	37	num	37		u	agrees
05810_p2_L06	34	108	num	108		i	agrees
05810_p2_L06	35	118	num	118		l	conflict:m
05810_p2_L06	36	8	num	8		o	agrees
05810_p2_L06	37	2	num	2		n	agrees
05810_p2_L06	38	33	num	33		t	agrees
05810_p2_L06	39	34	num	34		t	agrees
05810_p2_L06	40	22	num	22		r	agrees
05810_p2_L06	41	83	num	83		a	conflict:e
05810_p2_L06	42	104	num	104		i	agrees
05810_p2_L06	43	72	num	72		c	agrees
05810_p2_L06	44	33	num	33		t	agrees
05810_p2_L06	45	84	num	84			null-or-unaligned
05810_p2_L06	46	82	num	82		e	agrees
05810_p2_L06	47	28	num	28		s	agrees
05810_p2_L06	48	103	num	103		i	agrees
05810_p2_L06	49	101	num	101		i	agrees
05810_p2_L06	50	4	num	4		n	agrees
05810_p2_L06	51	97	num	97		h	single
05810_p2_L06	52	39	num	39		u	agrees
05810_p2_L06	53	117	num	117		m	agrees
05810_p2_L06	54	81	num	81		a	conflict:e
05810_p2_L06	55	101	num	101		i	agrees
05810_p2_L06	56	4	num	4		n	agrees
05810_p2_L06	57	84	num	84		e	agrees
05810_p2_L06	58	118	num	118		m	agrees
05810_p2_L06	59	82	num	82		e	agrees
05810_p2_L06	60	2	num	2		n	agrees
05810_p2_L06	61	32	num	32		t	agrees
05810_p2_L06	62	132	num	132			null-or-unaligned
05810_p2_L06	63	127	num	127			null-or-unaligned
05810_p2_L11	0	121	num	121			null-or-unaligned
05810_p2_L11	1	130	num	130			null-or-unaligned
05810_p2_L11	2	124	num	124			null-or-unaligned
05810_p2_L11	3	122	num	122			null-or-unaligned
05810_p2_L11	4	19	num	19		q	agrees
05810_p2_L11	5	37	num	37		u	agrees
05810_p2_L11	6	81	num	81		e	agrees
05810_p2_L11	7	113	num	113		l	agrees
05810_p2_L11	8	32	num	32		t	agrees
05810_p2_L11	9	22	num	22		r	agrees
05810_p2_L11	10	84	num	84		a	conflict:e
05810_p2_L11	11	104	num	104		i	agrees
05810_p2_L11	12	73	num	73		c	agrees
05810_p2_L11	13	33	num	33		t	agrees
05810_p2_L11	14	83	num	83		e	agrees
05810_p2_L11	15	119	num	119		m	agrees
05810_p2_L11	16	88	num	88		e	agrees
05810_p2_L11	17	3	num	3		n	agrees
05810_p2_L11	18	31	num	31		t	agrees
05810_p2_L11	19	136	num	136			null-or-unaligned
05810_p2_L11	20	129	num	129			null-or-unaligned
05810_p2_L11	21	134	num	134			null-or-unaligned
05810_p2_L11	22	118	num	118		l	conflict:m
05810_p2_L11	23	81	num	81		e	agrees
05810_p2_L11	24	2	num	2		n	agrees
05810_p2_L11	25	1	num	1		n	agrees
05810_p2_L11	26	83	num	83		e	agrees
05810_p2_L11	27	120	num	120		m	agrees
05810_p2_L11	28	84	num	84		y	conflict:e
05810_p2_L11	29	90	num	90		f	agrees
05810_p2_L11	30	81	num	81		e	agrees
05810_p2_L11	31	21	num	21		r	agrees
05810_p2_L11	32	8	num	8		o	agrees
05810_p2_L11	33	103	num	103		i	agrees
05810_p2_L11	34	34	num	34		t	agrees
05810_p2_L11	35	82	num	82		a	conflict:e
05810_p2_L11	36	36	num	36		u	agrees
05810_p2_L11	37	47	num	47		x	agrees
05810_p2_L11	38	83	num	83		a	conflict:e
05810_p2_L11	39	4	num	4		u	conflict:n
05810_p2_L11	40	114	num	114		l	agrees
05810_p2_L11	41	33	num	33		t	agrees
05810_p2_L11	42	24	num	24		r	agrees
05810_p2_L11	43	81	num	81		e	agrees
05810_p2_L11	44	29	num	29		s	agrees
05810_p2_L11	45	17	num	17		q	agrees
05810_p2_L11	46	40	num	40		u	agrees
05810_p2_L11	47	108	num	108		i	agrees
05810_p2_L11	48	14	num	14		p	agrees
05810_p2_L11	49	84	num	84		a	conflict:e
05810_p2_L11	50	24	num	24		r	agrees
05810_p2_L11	51	90	num	90		f	agrees
05810_p2_L11	52	82	num	82		a	conflict:e
05810_p2_L11	53	37	num	37		u	agrees
05810_p2_L11	54	112	num	112		l	agrees
05810_p2_L11	55	30	num	30		t	conflict:s
05810_p2_L11	56	82	num	82		e	agrees
05810_p2_L11	57	77	num	77		d	agrees
05810_p2_L11	58	88	num	88		e	agrees
05810_p2_L11	59	27	num	27		s	agrees
05810_p2_L11	60	81	num	81		e	agrees
05810_p2_L11	61	73	num	73		c	agrees
05810_p2_L11	62	6	num	6		o	agrees
05810_p2_L11	63	38	num	38		u	agrees
05810_p2_L11	64	21	num	21		r	agrees
05810_p2_L11	65	30	num	30		s	agrees
05810_p2_L11	66	13	num	13		p	agrees
05810_p2_L11	67	10	num	10		o	agrees
05810_p2_L11	68	36	num	36		u	agrees
05810_p2_L11	69	22	num	22		r	agrees
05810_p2_L11	70	28	num	28		r	conflict:s
05810_p2_L11	71	8	num	8		o	agrees
05810_p2_L11	72	103	num	103		y	conflict:i
05810_p2_L11	73	81	num	81		e	agrees
05810_p2_L11	74	1	num	1		n	agrees
05810_p2_L11	75	33	num	33		t	agrees
05810_p2_L11	76	127	num	127			null-or-unaligned
05810_p2_L11	77	131	num	131			null-or-unaligned
05810_p2_L14	0	137	num	137		y	conflict:us
05810_p2_L14	1	122	num	122			null-or-unaligned
05810_p2_L14	2	70	num	70		d	conflict:b
05810_p2_L14	3	84	num	84		e	agrees
05810_p2_L14	4	13	num	13		p	agrees
05810_p2_L14	5	38	num	38		u	agrees
05810_p2_L14	6	103	num	103		i	agrees
05810_p2_L14	7	29	num	29		s	agrees
05810_p2_L14	8	113	num	113		l	agrees
05810_p2_L14	9	82	num	82		a	conflict:e
05810_p2_L14	10	22	num	22		r	agrees
05810_p2_L14	11	82	num	82		e	agrees
05810_p2_L14	12	2	num	2		n	agrees
05810_p2_L14	13	77	num	77		d	agrees
05810_p2_L14	14	109	num	109		i	agrees
05810_p2_L14	15	34	num	34		t	agrees
05810_p2_L14	16	104	num	104		i	agrees
05810_p2_L14	17	10	num	10		o	agrees
05810_p2_L14	18	8	num	8			null-or-unaligned
05810_p2_L14	19	124	num	124		n	conflict:t
05810_p2_L14	20	78	num	78		d	agrees
05810_p2_L14	21	40	num	40		u	agrees
05810_p2_L14	22	78	num	78		d	agrees
05810_p2_L14	23	103	num	103		i	agrees
05810_p2_L14	24	74	num	74		c	agrees
05810_p2_L14	25	38	num	38		t	conflict:u
05810_p2_L14	26	223	num	223		h	conflict:a
05810_p2_L14	27	128	num	128		arlem	conflict:a
05810_p2_L14	28	84	num	84		a	conflict:e
05810_p2_L14	29	26	num	26		r	conflict:s
05810_p2_L14	30	84	num	84		e	agrees
05810_p2_L14	31	73	num	73		c	agrees
05810_p2_L14	32	81	num	81		e	agrees
05810_p2_L14	33	40	num	40		u	agrees
05810_p2_L14	34	33	num	33		t	agrees
05810_p2_L14	35	81	num	81		a	conflict:e
05810_p2_L14	36	1	num	1		n	agrees
05810_p2_L14	37	34	num	34		t	agrees
05810_p2_L14	38	81	num	81		e	agrees
05810_p2_L14	39	1	num	1		n	agrees
05810_p2_L14	40	147	num	147		w	conflict:g
05810_p2_L14	41	42	num	42			null-or-unaligned
05810_p2_L14	42	84	num	84		a	conflict:e
05810_p2_L14	43	34	num	34		t	agrees
05810_p2_L14	44	84	num	84		e	agrees
05810_p2_L14	45	25	num	25		r	agrees
05810_p2_L14	46	113	num	113		l	agrees
05810_p2_L14	47	84	num	84		a	conflict:e
05810_p2_L14	48	4	num	4		n	agrees
05810_p2_L14	49	80	num	80		d	agrees
05810_p2_L14	50	33	num	33		t	agrees
05810_p2_L14	51	121	num	121			null-or-unaligned
05810_p2_L14	52	18	num	18		q	agrees
05810_p2_L14	53	36	num	36		u	agrees
05810_p2_L14	54	81	num	81		e	agrees
05810_p2_L14	55	104	num	104		i	agrees
05810_p2_L14	56	71	num	71		c	agrees
05810_p2_L14	57	88	num	88		y	conflict:e
05810_p2_L14	58	82	num	82		e	agrees
05810_p2_L14	59	3	num	3		n	agrees
05810_p2_L14	60	24	num	24		z	conflict:r
05810_p2_L14	61	141	num	141		eelande	conflict:y
05810_p2_L17	0	128	num	128			null-or-unaligned
05810_p2_L17	1	143	num	143			null-or-unaligned
05810_p2_L17	2	27	num	27		s	agrees
05810_p2_L17	3	7	num	7		o	agrees
05810_p2_L17	4	2	num	2		n	agrees
05810_p2_L17	5	1	num	1		n	agrees
05810_p2_L17	6	82	num	82		a	conflict:e
05810_p2_L17	7	31	num	31		t	agrees
05810_p2_L17	8	39	num	39		u	agrees
05810_p2_L17	9	23	num	23		r	agrees
05810_p2_L17	10	83	num	83		e	agrees
05810_p2_L17	11	119	num	119		l	conflict:m
05810_p2_L17	12	4	num	4		n	agrees
05810_p2_L17	13	9	num	9		o	agrees
05810_p2_L17	14	3	num	3		n	agrees
05810_p2_L17	15	28	num	28		s	agrees
05810_p2_L17	16	81	num	81		e	agrees
05810_p2_L17	17	37	num	37		u	agrees
05810_p2_L17	18	112	num	112		l	agrees
05810_p2_L17	19	118	num	118			null-or-unaligned
05810_p2_L17	20	81	num	81		e	agrees
05810_p2_L17	21	120	num	120		m	agrees
05810_p2_L17	22	81	num	81		e	agrees
05810_p2_L17	23	1	num	1		n	agrees
05810_p2_L17	24	32	num	32		t	agrees
05810_p2_L17	25	81	num	81		a	conflict:e
05810_p2_L17	26	119	num	119		m	agrees
05810_p2_L17	27	88	num	88		b	conflict:e
05810_p2_L17	28	108	num	108		i	agrees
05810_p2_L17	29	33	num	33		t	agrees
05810_p2_L17	30	104	num	104		i	agrees
05810_p2_L17	31	83	num	83		e	agrees
05810_p2_L17	32	38	num	38		u	agrees
05810_p2_L17	33	47	num	47		x	agrees
05810_p2_L17	34	81	num	81		e	agrees
05810_p2_L17	35	32	num	32		t	agrees
05810_p2_L17	36	39	num	39		v	agrees
05810_p2_L17	37	108	num	108		i	agrees
05810_p2_L17	38	1	num	1		n	agrees
05810_p2_L17	39	78	num	78		d	agrees
05810_p2_L17	40	104	num	104		i	agrees
05810_p2_L17	41	73	num	73		c	agrees
05810_p2_L17	42	83	num	83		a	conflict:e
05810_p2_L17	43	31	num	31		t	agrees
05810_p2_L17	44	83	num	83		y	conflict:e
05810_p2_L17	45	87	num	87		f	agrees
05810_p2_L17	46	118	num	118		m	agrees
05810_p2_L17	47	84	num	84		a	conflict:e
05810_p2_L17	48	104	num	104		i	agrees
05810_p2_L17	49	27	num	27		s	agrees
05810_p2_L17	50	18	num	18		q	agrees
05810_p2_L17	51	40	num	40		u	agrees
05810_p2_L17	52	82	num	82		a	conflict:e
05810_p2_L17	53	28	num	28		s	agrees
05810_p2_L17	54	108	num	108		i	agrees
05810_p2_L17	55	128	num	128			null-or-unaligned
05810_p2_L17	56	141	num	141			null-or-unaligned
05810_p2_L20	0	127	num	127			null-or-unaligned
05810_p2_L20	1	121	num	121			null-or-unaligned
05810_p2_L20	2	118	num	118		m	agrees
05810_p2_L20	3	82	num	82		e	agrees
05810_p2_L20	4	77	num	77		d	agrees
05810_p2_L20	5	81	num	81		e	agrees
05810_p2_L20	6	87	num	87		f	agrees
05810_p2_L20	7	88	num	88		f	conflict:e
05810_p2_L20	8	101	num	101		i	agrees
05810_p2_L20	9	8	num	8		e	conflict:o
05810_p2_L20	10	22	num	22		r	agrees
05810_p2_L20	11	79	num	79		d	agrees
05810_p2_L20	12	82	num	82		e	agrees
05810_p2_L20	13	39	num	39		v	agrees
05810_p2_L20	14	7	num	7		o	agrees
05810_p2_L20	15	98	num	98		z	agrees
05810_p2_L20	16	707	num	707		bo	single
05810_p2_L20	17	4	num	4		n	agrees
05810_p2_L20	18	3	num	3		n	agrees
05810_p2_L20	19	81	num	81		e	agrees
05810_p2_L20	20	30	num	30		s	agrees
05810_p2_L20	21	77	num	77		d	agrees
05810_p2_L20	22	104	num	104		i	agrees
05810_p2_L20	23	114	num	114		l	agrees
05810_p2_L20	24	102	num	102		i	agrees
05810_p2_L20	25	93	num	93		g	conflict:a
05810_p2_L20	26	81	num	81		e	agrees
05810_p2_L20	27	2	num	2		n	agrees
05810_p2_L20	28	74	num	74		c	agrees
05810_p2_L20	29	82	num	82		e	agrees
05810_p2_L20	30	27	num	27		s	agrees
05810_p2_L20	31	127	num	127			null-or-unaligned
05810_p2_L20	32	144	num	144			null-or-unaligned
05810_p2_L22	0	131	num	131			null-or-unaligned
05810_p2_L22	1	114	num	114		l	agrees
05810_p2_L22	2	82	num	82		e	agrees
05810_p2_L22	3	33	num	33		t	agrees
05810_p2_L22	4	31	num	31		t	agrees
05810_p2_L22	5	21	num	21		r	agrees
05810_p2_L22	6	83	num	83		e	agrees
05810_p2_L22	7	28	num	28			null-or-unaligned
05810_p2_L22	8	40	num	40			null-or-unaligned
05810_p2_L22	9	9	num	9			null-or-unaligned
05810_p2_L22	10	26	num	26		s	agrees
05810_p2_L22	11	32	num	32		t	agrees
05810_p2_L22	12	21	num	21		r	agrees
05810_p2_L22	13	82	num	82			null-or-unaligned
05810_p2_L22	14	27	num	27		s	agrees
05810_p2_L22	15	81	num	81		a	conflict:e
05810_p2_L22	16	28	num	28		s	agrees
05810_p2_L22	17	27	num	27		s	agrees
05810_p2_L22	18	83	num	83		e	agrees
05810_p2_L22	19	86	num	86		z	agrees
05810_p2_L22	20	39	num	39		v	agrees
05810_p2_L22	21	88	num	88		e	agrees
05810_p2_L22	22	39	num	39		u	agrees
05810_p2_L22	23	114	num	114		l	agrees
05810_p2_L22	24	82	num	82		e	agrees
05810_p2_L22	25	26	num	26		s	agrees
05810_p2_L22	26	70	num	70		b	agrees
05810_p2_L22	27	7	num	7		o	agrees
05810_p2_L22	28	2	num	2		n	agrees
05810_p2_L22	29	26	num	26		s	agrees
05810_p2_L22	30	77	num	77		d	agrees
05810_p2_L22	31	82	num	82		e	agrees
05810_p2_L22	32	87	num	87		b	conflict:f
05810_p2_L22	33	38	num	38		v	agrees
05810_p2_L22	34	7	num	7		o	agrees
05810_p2_L22	35	108	num	108		i	agrees
05810_p2_L22	36	24	num	24		r	agrees
05810_p2_L22	37	20	num	20		s	conflict:q
05810_p2_L22	38	121	num	121			null-or-unaligned
05810_p2_L22	39	132	num	132			null-or-unaligned
05810_p2_L25	0	129	num	129			null-or-unaligned
05810_p2_L25	1	117	num	117		m	agrees
05810_p2_L25	2	8	num	8		o	agrees
05810_p2_L25	3	88	num	88		y	conflict:e
05810_p2_L25	4	84	num	84		e	agrees
05810_p2_L25	5	27	num	27		s	agrees
05810_p2_L25	6	78	num	78		d	agrees
05810_p2_L25	7	81	num	81		e	agrees
05810_p2_L25	8	27	num	27		s	agrees
05810_p2_L25	9	20	num	20		q	agrees
05810_p2_L25	10	36	num	36		u	agrees
05810_p2_L25	11	82	num	82		e	agrees
05810_p2_L25	12	111	num	111		l	agrees
05810_p2_L25	13	88	num	88			null-or-unaligned
05810_p2_L25	14	121	num	121		z	conflict:e
05810_p2_L25	15	118	num	118		m	agrees
05810_p2_L25	16	82	num	82		a	conflict:e
05810_p2_L25	17	36	num	36		v	agrees
05810_p2_L25	18	82	num	82		e	agrees
05810_p2_L25	19	89	num	89			null-or-unaligned
05810_p2_L25	20	134	num	134		z	conflict:ddel
05810_p2_L25	21	87	num	87		f	agrees
05810_p2_L25	22	84	num	84		a	conflict:e
05810_p2_L25	23	104	num	104		i	agrees
05810_p2_L25	24	73	num	73		c	agrees
05810_p2_L25	25	38	num	38		t	conflict:u
05810_p2_L25	26	8	num	8		o	agrees
05810_p2_L25	27	39	num	39		u	agrees
05810_p2_L25	28	38	num	38		v	agrees
05810_p2_L25	29	88	num	88		e	agrees
05810_p2_L25	30	28	num	28		r	conflict:s
05810_p2_L25	31	33	num	33		t	agrees
05810_p2_L25	32	37	num	37		u	agrees
05810_p2_L25	33	22	num	22		r	agrees
05810_p2_L25	34	82	num	82		e	agrees
05810_p2_L25	35	128	num	128			null-or-unaligned
05810_p2_L28	0	131	num	131			null-or-unaligned
05810_p2_L28	1	31	num	31		t	agrees
05810_p2_L28	2	102	num	102		i	agrees
05810_p2_L28	3	22	num	22		r	agrees
05810_p2_L28	4	84	num	84		e	agrees
05810_p2_L28	5	88	num	88		z	conflict:e
05810_p2_L28	6	81	num	81		e	agrees
05810_p2_L28	7	1	num	1		n	agrees
05810_p2_L28	8	88	num	88		g	conflict:e
05810_p2_L28	9	21	num	21		r	agrees
05810_p2_L28	10	83	num	83		a	conflict:e
05810_p2_L28	11	3	num	3		n	agrees
05810_p2_L28	12	76	num	76		d	agrees
05810_p2_L28	13	83	num	83		e	agrees
05810_p2_L28	14	136	num	136			null-or-unaligned
05810_p2_L28	15	111	num	111		l	agrees
05810_p2_L28	16	6	num	6		o	agrees
05810_p2_L28	17	2	num	2		n	agrees
05810_p2_L28	18	91	num	91		g	conflict:a
05810_p2_L28	19	39	num	39		u	agrees
05810_p2_L28	20	81	num	81		e	agrees
05810_p2_L28	21	37	num	37		u	agrees
05810_p2_L28	22	22	num	22		r	agrees
05810_p2_L28	23	121	num	121			null-or-unaligned
05810_p2_L28	24	81	num	81		e	agrees
05810_p2_L28	25	31	num	31		t	agrees
05810_p2_L28	26	18	num	18		q	agrees
05810_p2_L28	27	36	num	36		u	agrees
05810_p2_L28	28	83	num	83		e	agrees
05810_p2_L28	29	114	num	114		l	agrees
05810_p2_L28	30	82	num	82		a	conflict:e
05810_p2_L28	31	32	num	32		t	agrees
05810_p2_L28	32	81	num	81		a	conflict:e
05810_p2_L28	33	21	num	21		r	agrees
05810_p2_L28	34	78	num	78		d	agrees
05810_p2_L28	35	103	num	103		i	agrees
05810_p2_L28	36	38	num	38		v	agrees
05810_p2_L28	37	102	num	102		i	agrees
05810_p2_L28	38	34	num	34		t	agrees
05810_p2_L28	39	81	num	81			null-or-unaligned
05810_p2_L28	40	79	num	79		d	agrees
05810_p2_L28	41	81	num	81		e	agrees
05810_p2_L28	42	112	num	112			null-or-unaligned
05810_p2_L28	43	82	num	82			null-or-unaligned
05810_p2_L28	44	48	num	48		x	agrees
05810_p2_L28	45	84	num	84			null-or-unaligned
05810_p2_L28	46	73	num	73		c	agrees
05810_p2_L28	47	38	num	38		u	agrees
05810_p2_L28	48	34	num	34		t	agrees
05810_p2_L28	49	104	num	104		i	agrees
05810_p2_L28	50	7	num	7		o	agrees
05810_p2_L28	51	4	num	4		n	agrees
05810_p2_L28	52	131	num	131		n	conflict:a
05810_p2_L28	53	8	num	8			null-or-unaligned
05810_p2_L28	54	10	num	10		o	agrees
05810_p2_L28	55	36	num	36		u	agrees
05810_p2_L28	56	27	num	27		s	agrees
05810_p2_L28	57	84	num	84		a	conflict:e
05810_p2_L28	58	14	num	14		p	agrees
05810_p2_L28	59	13	num	13		p	agrees
05810_p2_L28	60	8	num	8		o	agrees
05810_p2_L28	61	21	num	21		r	agrees
05810_p2_L28	62	33	num	33		t	agrees
05810_p2_L28	63	81	num	81		e	agrees
05810_p2_L28	64	127	num	127			null-or-unaligned
05810_p2_L32	0	138	num	138		l	conflict:aveztrouven
05810_p2_L32	1	141	num	141		a	conflict:y
05810_p2_L32	2	118	num	118			null-or-unaligned
05810_p2_L32	3	81	num	81			null-or-unaligned
05810_p2_L32	4	79	num	79		d	agrees
05810_p2_L32	5	102	num	102		i	agrees
05810_p2_L32	6	113	num	113		l	agrees
05810_p2_L32	7	108	num	108		i	agrees
05810_p2_L32	8	92	num	92		g	agrees
05810_p2_L32	9	82	num	82		e	agrees
05810_p2_L32	10	3	num	3		n	agrees
05810_p2_L32	11	74	num	74		c	agrees
05810_p2_L32	12	82	num	82		e	agrees
05810_p2_L32	13	81	num	81		e	agrees
05810_p2_L32	14	2	num	2		n	agrees
05810_p2_L32	15	4	num	4		n	agrees
05810_p2_L32	16	9	num	9		o	agrees
05810_p2_L32	17	88	num	88		z	conflict:e
05810_p2_L32	18	82	num	82		a	conflict:e
05810_p2_L32	19	73	num	73		c	agrees
05810_p2_L32	20	38	num	38		t	conflict:u
05810_p2_L32	21	101	num	101		i	agrees
05810_p2_L32	22	8	num	8		o	agrees
05810_p2_L32	23	1	num	1		n	agrees
05810_p2_L32	24	27	num	27		s	agrees
05810_p2_L32	25	82	num	82		e	agrees
05810_p2_L32	26	30	num	30		s	agrees
05810_p2_L32	27	33	num	33		t	agrees
05810_p2_L32	28	21	num	21		r	agrees
05810_p2_L32	29	83	num	83		e	agrees
05810_p2_L32	30	19	num	19		q	agrees
05810_p2_L32	31	36	num	36		u	agrees
05810_p2_L32	32	104	num	104		i	agrees
05810_p2_L32	33	30	num	30		s	agrees
05810_p2_L32	34	84	num	84		e	agrees
05810_p2_L32	35	131	num	131			null-or-unaligned
05810_p2_L32	36	82	num	82		e	agrees
05810_p2_L32	37	33	num	33		t	agrees
05810_p2_L32	38	20	num	20		q	agrees
05810_p2_L32	39	36	num	36		u	agrees
05810_p2_L32	40	88	num	88		e	agrees
05810_p2_L32	41	39	num	39		u	agrees
05810_p2_L32	42	2	num	2		n	agrees
05810_p2_L32	43	93	num	93		g	conflict:a
05810_p2_L32	44	84	num	84		b	conflict:e
05810_p2_L32	45	8	num	8		o	agrees
05810_p2_L32	46	88	num	88		n	conflict:e
05810_p2_L32	47	28	num	28		s	agrees
05810_p2_L32	48	82	num	82		e	agrees
05810_p2_L32	49	78	num	78		c	conflict:d
05810_p2_L32	50	8	num	8		o	agrees
05810_p2_L32	51	40	num	40		u	agrees
05810_p2_L32	52	24	num	24		r	agrees
05810_p2_L32	53	28	num	28		s	agrees
05810_p2_L32	54	1	num	1		n	agrees
05810_p2_L32	55	8	num	8		o	agrees
05810_p2_L32	56	36	num	36		u	agrees
05810_p2_L32	57	28	num	28		s	agrees
05810_p2_L32	58	128	num	128			null-or-unaligned
05810_p2_L32	59	134	num	134			null-or-unaligned
05810_p2_L32	60	33	num	33		t	agrees
05810_p2_L32	61	104	num	104		i	agrees
05810_p2_L32	62	21	num	21		r	agrees
05810_p2_L32	63	83	num	83		e	agrees
05810_p2_L32	64	22	num	22		r	agrees
05810_p2_L32	65	7	num	7		o	agrees
05810_p2_L32	66	102	num	102		i	agrees
05810_p2_L32	67	38	num	38		t	conflict:u
05810_p2_L36	0	142	num	142			null-or-unaligned
05810_p2_L36	1	121	num	121		e	agrees
05810_p2_L36	2	99	num	99		h	agrees
05810_p2_L36	3	9	num	9		o	agrees
05810_p2_L36	4	21	num	21		r	agrees
05810_p2_L36	5	26	num	26		s	agrees
05810_p2_L36	6	80	num	80		d	agrees
05810_p2_L36	7	83	num	83		e	agrees
05810_p2_L36	8	34	num	34		t	agrees
05810_p2_L36	9	9	num	9		o	agrees
05810_p2_L36	10	37	num	37		u	agrees
05810_p2_L36	11	28	num	28		s	agrees
05810_p2_L36	12	109	num	109		m	conflict:i
05810_p2_L36	13	83	num	83		a	conflict:e
05810_p2_L36	14	37	num	37		u	agrees
05810_p2_L36	15	113	num	113		l	agrees
05810_p2_L36	16	49	num	49		x	single
05810_p2_L36	17	121	num	121			null-or-unaligned
05810_p2_L36	18	estans	clear			estans	clear
05810_p2_L36	19	108	num	108		l	conflict:i
05810_p2_L36	20	142	num	142		es	single
05810_p2_L36	21	89	num	89		f	agrees
05810_p2_L36	22	9	num	9		o	agrees
05810_p2_L36	23	22	num	22		r	agrees
05810_p2_L36	24	73	num	73		c	agrees
05810_p2_L36	25	84	num	84		e	agrees
05810_p2_L36	26	27	num	27		s	agrees
05810_p2_L36	27	124	num	124			null-or-unaligned
05810_p2_L36	28	88	num	88		e	agrees
05810_p2_L36	29	2	num	2		n	agrees
05810_p2_L36	30	3	num	3		n	agrees
05810_p2_L36	31	84	num	84		e	agrees
05810_p2_L36	32	119	num	119		m	agrees
05810_p2_L36	33	104	num	104		i	agrees
05810_p2_L36	34	84	num	84		e	agrees
05810_p2_L36	35	27	num	27		s	agrees
05810_p2_L36	36	33	num	33		t	agrees
05810_p2_L36	37	83	num	83		a	conflict:e
05810_p2_L36	38	3	num	3		n	agrees
05810_p2_L36	39	34	num	34		t	agrees
05810_p2_L36	40	77	num	77		d	agrees
05810_p2_L36	41	82	num	82		e	agrees
05810_p2_L36	42	26	num	26		s	agrees
05810_p2_L36	43	72	num	72		c	agrees
05810_p2_L36	44	8	num	8		o	agrees
05810_p2_L36	45	36	num	36		u	agrees
05810_p2_L36	46	22	num	22		r	agrees
05810_p2_L36	47	81	num	81			null-or-unaligned
05810_p2_L36	48	98	num	98		a	conflict:z
05810_p2_L36	49	82	num	82		g	conflict:e
05810_p2_L36	50	81	num	81		e	agrees
05810_p2_L36	51	27	num	27		s	agrees
05810_p2_L36	52	79	num	79		d	agrees
05810_p2_L36	53	81	num	81			null-or-unaligned
05810_p2_L36	54	28	num	28		s	agrees
05810_p2_L36	55	36	num	36		u	agrees
05810_p2_L36	56	2	num	2		n	agrees
05810_p2_L36	57	103	num	103		i	agrees
05810_p2_L36	58	83	num	83		e	agrees
05810_p2_L36	59	27	num	27		s	agrees
05810_p2_L36	60	81	num	81		e	agrees
05810_p2_L36	61	31	num	31		t	agrees
05810_p2_L36	62	83	num	83		e	agrees
05810_p2_L36	63	27	num	27		s	agrees
05810_p2_L36	64	12	num	12		p	agrees
05810_p2_L36	65	83	num	83		a	conflict:e
05810_p2_L36	66	21	num	21		r	agrees
05810_p2_L36	67	27	num	27		s	agrees
05810_p2_L36	68	82	num	82		e	agrees
05810_p2_L36	69	28	num	28		s	agrees
05810_p2_L36	70	77	num	77		d	agrees
05810_p2_L36	71	82	num	82		e	agrees
05810_p2_L36	72	128	num	128			null-or-unaligned
05810_p2_L36	73	129	num	129			null-or-unaligned
05810_p2_L36	74	38	num	38		t	conflict:u
05810_p2_L36	75	10	num	10		o	agrees
05810_p2_L36	76	39	num	39		u	agrees
05810_p2_L36	77	27	num	27		s	agrees
05810_p2_L36	78	78	num	78		c	conflict:d
05810_p2_L36	79	8	num	8		o	agrees
05810_p2_L36	80	29	num	29		s	agrees
05810_p2_L36	81	33	num	33		t	agrees
05810_p2_L36	82	81	num	81		e	agrees
05810_p2_L36	83	124	num	124		z	conflict:t
05810_p2_L38	0	138	num	138			null-or-unaligned
05810_p2_L38	1	149	num	149			null-or-unaligned
05810_p2_L38	2	104	num	104		i	agrees
05810_p2_L38	3	2	num	2		n	agrees
05810_p2_L38	4	72	num	72		c	agrees
05810_p2_L38	5	8	num	8		o	agrees
05810_p2_L38	6	3	num	3		n	agrees
05810_p2_L38	7	32	num	32		t	agrees
05810_p2_L38	8	103	num	103		i	agrees
05810_p2_L38	9	3	num	3		n	agrees
05810_p2_L38	10	81	num	81		e	agrees
05810_p2_L38	11	2	num	2		n	agrees
05810_p2_L38	12	33	num	33		t	agrees
05810_p2_L38	13	73	num	73		c	agrees
05810_p2_L38	14	81	num	81		e	agrees
05810_p2_L38	15	26	num	26		s	agrees
05810_p2_L38	16	31	num	31		t	agrees
05810_p2_L38	17	81	num	81		e	agrees
05810_p2_L38	18	40	num	40		v	agrees
05810_p2_L38	19	81	num	81		e	agrees
05810_p2_L38	20	39	num	39		u	agrees
05810_p2_L38	21	83	num	83		e	agrees
05810_p2_L41	0	129	num	129			null-or-unaligned
05810_p2_L41	1	134	num	134			null-or-unaligned
05810_p2_L41	2	83	num	83		a	conflict:e
05810_p2_L41	3	87	num	87		b	conflict:f
05810_p2_L41	4	27	num	27		s	agrees
05810_p2_L41	5	8	num	8		o	agrees
05810_p2_L41	6	112	num	112		l	agrees
05810_p2_L41	7	38	num	38		u	agrees
05810_p2_L41	8	33	num	33		t	agrees
05810_p2_L41	9	81	num	81		e	agrees
05810_p2_L41	10	141	num	141			null-or-unaligned
05810_p2_L41	11	128	num	128			null-or-unaligned
05810_p2_L41	12	22	num	22		r	agrees
05810_p2_L41	13	83	num	83		e	agrees
05810_p2_L41	14	28	num	28		s	agrees
05810_p2_L41	15	13	num	13		p	agrees
05810_p2_L41	16	8	num	8		o	agrees
05810_p2_L41	17	1	num	1		n	agrees
05810_p2_L41	18	27	num	27		s	agrees
05810_p2_L41	19	84	num	84		e	agrees
05810_p2_L41	20	89	num	89		d	conflict:s
05810_p2_L41	21	88	num	88		e	agrees
05810_p2_L41	22	37	num	37		v	agrees
05810_p2_L41	23	7	num	7		o	agrees
05810_p2_L41	24	38	num	38		u	agrees
05810_p2_L41	25	28	num	28		s	agrees
05810_p2_L41	26	132	num	132			null-or-unaligned
05810_p2_L41	27	81	num	81		e	agrees
05810_p2_L41	28	32	num	32		t	agrees
05810_p2_L41	29	12	num	12		p	agrees
05810_p2_L41	30	112	num	112		l	agrees
05810_p2_L41	31	38	num	38		u	agrees
05810_p2_L41	32	28	num	28		s	agrees
05810_p2_L41	33	34	num	34		t	agrees
05810_p2_L41	34	10	num	10		o	agrees
05810_p2_L41	35	29	num	29		s	agrees
05810_p2_L41	36	34	num	34		t	agrees
05810_p2_L41	37	14	num	14		p	agrees
05810_p2_L41	38	82	num	82		a	conflict:e
05810_p2_L41	39	27	num	27		r	conflict:s
05810_p2_L41	40	78	num	78		d	agrees
05810_p2_L41	41	82	num	82		e	agrees
05810_p2_L41	42	39	num	39		u	agrees
05810_p2_L41	43	48	num	48		x	agrees
05810_p2_L41	44	0	num	0		o	agrees
05810_p2_L41	45	39	num	39		u	agrees
05810_p2_L41	46	34	num	34		t	agrees
05810_p2_L41	47	22	num	22		r	agrees
05810_p2_L41	48	8	num	8		o	agrees
05810_p2_L41	49	103	num	103		i	agrees
05810_p2_L41	50	27	num	27		s	agrees
05810_p2_L41	51	143	num	143			null-or-unaligned
05810_p2_L41	52	79	num	79		d	agrees
05810_p2_L41	53	102	num	102		i	agrees
05810_p2_L41	54	38	num	38		v	agrees
05810_p2_L41	55	82	num	82		e	agrees
05810_p2_L41	56	29	num	29			null-or-unaligned
05810_p2_L41	57	30	num	30		r	conflict:s
05810_p2_L41	58	29	num	29		s	agrees
05810_p2_L41	59	81	num	81		e	agrees
05810_p2_L41	60	28	num	28		s	agrees
05810_p2_L41	61	38	num	38		v	agrees
05810_p2_L41	62	7	num	7		o	agrees
05810_p2_L41	63	103	num	103		i	agrees
05810_p2_L41	64	81	num	81		e	agrees
05810_p2_L41	65	28	num	28		s	agrees
05810_p2_L41	66	180	num	180			null-or-unaligned
05810_p2_L41	67	129	num	129		d	single
05810_p2_L41	68	121	num	121		e	agrees
05810_p3_L11	0	126	num	126		longdiscours	conflict:denozaffaires
05810_p3_L11	1	127	num	127		enresponce	conflict:r
05810_p3_L11	2	134	num	134		devostrelettre	conflict:ddel
05810_p3_L11	3	14	num	14		p	agrees
05810_p3_L11	4	38	num	38		u	agrees
05810_p3_L11	5	102	num	102		i	agrees
05810_p3_L11	6	28	num	28		s	agrees
05810_p3_L11	7	118	num	118		q	conflict:m
05810_p3_L11	8	37	num	37		u	agrees
05810_p3_L11	9	88	num	88		e	agrees
05810_p3_L11	10	104	num	104		j	conflict:i
05810_p3_L11	11	84	num	84		e	agrees
05810_p3_L11	12	2	num	2		n	agrees
05810_p3_L11	13	83	num	83		y	conflict:e
05810_p3_L11	14	82	num	82		a	conflict:e
05810_p3_L11	15	84	num	84		y	conflict:e
05810_p3_L11	16	33	num	33		t	agrees
05810_p3_L11	17	22	num	22		r	agrees
05810_p3_L11	18	10	num	10		o	agrees
05810_p3_L11	19	39	num	39		u	agrees
05810_p3_L11	20	38	num	38		v	agrees
05810_p3_L11	21	88	num	88			null-or-unaligned
05810_p3_L11	22	128	num	128		a	single
05810_p3_L11	23	81	num	81			null-or-unaligned
05810_p3_L11	24	37	num	37		u	agrees
05810_p3_L11	25	72	num	72		c	agrees
05810_p3_L11	26	38	num	38		u	agrees
05810_p3_L11	27	4	num	4		n	agrees
05810_p3_L11	28	82	num	82		e	agrees
05810_p3_L11	29	82	num	82		r	conflict:e
05810_p3_L11	30	29	num	29		s	agrees
05810_p3_L11	31	8	num	8		o	agrees
05810_p3_L11	32	114	num	114		l	agrees
05810_p3_L11	33	37	num	37		u	agrees
05810_p3_L11	34	38	num	38		t	conflict:u
05810_p3_L11	35	108	num	108		i	agrees
05810_p3_L11	36	82	num	82		n	conflict:e
05810_p3_L11	37	80	num	80		d	agrees
05810_p3_L11	38	83	num	83		e	agrees
05810_p3_L11	39	38	num	38		v	agrees
05810_p3_L11	40	1	num	1			null-or-unaligned
05810_p3_L11	41	87	num	87		o	conflict:f
05810_p3_L11	42	127	num	127		z	conflict:r
05810_p3_L11	43	88	num	88		a	conflict:e
05810_p3_L11	44	88	num	88		f	conflict:e
05810_p3_L11	45	87	num	87		f	agrees
05810_p3_L11	46	82	num	82		a	conflict:e
05810_p3_L11	47	102	num	102		i	agrees
05810_p3_L11	48	23	num	23		r	agrees
05810_p3_L11	49	81	num	81		e	agrees
05810_p3_L11	50	27	num	27		s	agrees
05810_p3_L11	51	129	num	129			null-or-unaligned
05810_p3_L11	52	70	num	70		b	agrees
05810_p3_L11	53	102	num	102		i	agrees
05810_p3_L11	54	81	num	81		e	agrees
05810_p3_L11	55	2	num	2		n	agrees
05810_p3_L11	56	48	num	48		q	conflict:x
05810_p3_L11	57	38	num	38		u	agrees
05810_p3_L11	58	82	num	82		e	agrees
05810_p3_L11	59	28	num	28		s	agrees
05810_p3_L11	60	38	num	38		u	agrees
05810_p3_L11	61	108	num	108		i	agrees
05810_p3_L11	62	28	num	28		s	agrees
05810_p3_L11	63	82	num	82		e	agrees
05810_p3_L11	64	30	num	30		s	agrees
05810_p3_L11	65	38	num	38		t	conflict:u
05810_p3_L11	66	88	num	88			null-or-unaligned
05810_p3_L11	67	88	num	88		a	conflict:e
05810_p3_L11	68	108	num	108		i	agrees
05810_p3_L11	69	28	num	28		s	agrees
05810_p3_L11	70	84	num	84		e	agrees
05810_p3_L11	71	78	num	78		d	agrees
05810_p3_L11	72	81	num	81		e	agrees
05810_p3_L11	73	37	num	37		v	agrees
05810_p3_L11	74	82	num	82		e	agrees
05810_p3_L11	75	8	num	8		o	agrees
05810_p3_L11	76	108	num	108		i	agrees
05810_p3_L11	77	28	num	28			null-or-unaligned
05810_p3_L11	78	121	num	121		r	conflict:e
05810_p3_L11	79	18	num	18		q	agrees
05810_p3_L11	80	36	num	36		u	agrees
05810_p3_L11	81	81	num	81		e	agrees
05810_p3_L11	82	113	num	113		l	agrees
05810_p3_L11	83	82	num	82			null-or-unaligned
05810_p3_L11	84	131	num	131		a	agrees
05810_p3_L11	85	74	num	74		c	agrees
05810_p3_L11	86	7	num	7		o	agrees
05810_p3_L11	87	3	num	3		n	agrees
05810_p3_L11	88	87	num	87		f	agrees
05810_p3_L11	89	83	num	83			null-or-unaligned
05810_p3_L11	90	79	num	79		d	agrees
05810_p3_L11	91	84	num	84			null-or-unaligned
05810_p3_L11	92	22	num	22		r	agrees
05810_p3_L11	93	83	num	83		a	conflict:e
05810_p3_L11	94	33	num	33		t	agrees
05810_p3_L11	95	108	num	108		i	agrees
05810_p3_L11	96	8	num	8		o	agrees
05810_p3_L11	97	3	num	3		n	agrees
05810_p3_L11	98	13	num	13		p	agrees
05810_p3_L11	99	84	num	84		a	conflict:e
05810_p3_L11	100	23	num	23		r	agrees
05810_p3_L11	101	79	num	79		d	agrees
05810_p3_L11	102	81	num	81		e	agrees
05810_p3_L11	103	113	num	113		l	agrees
05810_p3_L11	104	83	num	83			null-or-unaligned
05810_p3_L11	105	129	num	129			null-or-unaligned
05810_p3_L11	106	19	num	19		q	agrees
05810_p3_L11	107	38	num	38		u	agrees
05810_p3_L11	108	81	num	81		e	agrees
05810_p3_L11	109	27	num	27		s	agrees
05810_p3_L11	110	73	num	73			null-or-unaligned
05810_p3_L11	111	81	num	81		a	conflict:e
05810_p3_L11	112	36	num	36		v	agrees
05810_p3_L11	113	82	num	82		e	agrees
05810_p3_L11	114	88	num	88			null-or-unaligned
05810_p3_L11	115	123	num	123		z	conflict:u
05810_p3_L12	0	131	num	131			null-or-unaligned
05810_p3_L12	1	187	num	187			null-or-unaligned
05810_p3_L12	2	124	num	124			null-or-unaligned
05810_p3_L15	0	128	num	128			null-or-unaligned
05810_p3_L15	1	82	num	82		e	agrees
05810_p3_L15	2	32	num	32		t	agrees
05810_p3_L15	3	17	num	17		q	agrees
05810_p3_L15	4	39	num	39		u	agrees
05810_p3_L15	5	84	num	84		e	agrees
05810_p3_L15	6	88	num	88		b	conflict:e
05810_p3_L15	7	103	num	103		i	agrees
05810_p3_L15	8	82	num	82		e	agrees
05810_p3_L15	9	2	num	2		n	agrees
05810_p3_L15	10	34	num	34		t	agrees
05810_p3_L15	11	8	num	8		o	agrees
05810_p3_L15	12	30	num	30		s	agrees
05810_p3_L15	13	33	num	33		t	agrees
05810_p3_L15	14	104	num	104		i	agrees
05810_p3_L15	15	118	num	118		l	conflict:m
05810_p3_L15	16	87	num	87		f	agrees
05810_p3_L15	17	84	num	84		a	conflict:e
05810_p3_L15	18	73	num	73		c	agrees
05810_p3_L15	19	83	num	83		e	agrees
05810_p3_L15	20	82	num	82		a	conflict:e
05810_p3_L15	21	13	num	13		p	agrees
05810_p3_L15	22	12	num	12		p	agrees
05810_p3_L15	23	83	num	83		a	conflict:e
05810_p3_L15	24	22	num	22		r	agrees
05810_p3_L15	25	8	num	8		o	agrees
05810_p3_L15	26	114	num	114		i	conflict:l
05810_p3_L15	27	28	num	28		s	agrees
05810_p3_L15	28	33	num	33		t	agrees
05810_p3_L15	29	21	num	21		r	agrees
05810_p3_L15	30	81	num	81		e	agrees
05810_p3_L15	31	126	num	126			null-or-unaligned
05810_p3_L15	32	20	num	20		q	agrees
05810_p3_L15	33	40	num	40		u	agrees
05810_p3_L15	34	84	num	84		e	agrees
05810_p3_L15	35	112	num	112		l	agrees
05810_p3_L15	36	19	num	19		q	agrees
05810_p3_L15	37	38	num	38		u	agrees
05810_p3_L15	38	84	num	84		e	agrees
05810_p3_L15	39	88	num	88		b	conflict:e
05810_p3_L15	40	8	num	8		o	agrees
05810_p3_L15	41	1	num	1		n	agrees
05810_p3_L15	42	84	num	84		e	agrees
05810_p3_L15	43	88	num	88		f	conflict:e
05810_p3_L15	44	87	num	87		f	agrees
05810_p3_L15	45	88	num	88		e	agrees
05810_p3_L15	46	78	num	78		c	conflict:d
05810_p3_L15	47	33	num	33		t	agrees
05810_p3_L15	48	13	num	13			null-or-unaligned
05810_p3_L15	49	72	num	72		e	conflict:c
05810_p3_L15	50	32	num	32		t	agrees
05810_p3_L15	51	127	num	127			null-or-unaligned
05810_p3_L18	0	141	num	141		y	agrees
05810_p3_L18	1	113	num	113		l	agrees
05810_p3_L18	2	82	num	82		e	agrees
05810_p3_L18	3	18	num	18		p	conflict:q
05810_p3_L18	4	83	num	83		a	conflict:e
05810_p3_L18	5	27	num	27		s	agrees
05810_p3_L18	6	28	num	28		s	agrees
05810_p3_L18	7	82	num	82		a	conflict:e
05810_p3_L18	8	103	num	103		i	agrees
05810_p3_L18	9	92	num	92		g	agrees
05810_p3_L18	10	83	num	83		e	agrees
05810_p3_L18	11	79	num	79		d	agrees
05810_p3_L18	12	39	num	39		u	agrees
05810_p3_L18	13	24	num	24		r	agrees
05810_p3_L18	14	8	num	8		o	agrees
05810_p3_L18	15	84	num	84		y	conflict:e
05810_p3_L18	16	7	num	7			null-or-unaligned
05810_p3_L18	17	8	num	8		d	conflict:o
05810_p3_L18	18	88	num	88		e	agrees
05810_p3_L18	19	19	num	19		p	conflict:q
05810_p3_L18	20	7	num	7		o	agrees
05810_p3_L18	21	113	num	113		l	agrees
05810_p3_L18	22	8	num	8		o	agrees
05810_p3_L18	23	102	num	102		i	agrees
05810_p3_L18	24	3	num	3		n	agrees
05810_p3_L18	25	92	num	92		g	agrees
05810_p3_L18	26	1	num	1		n	agrees
05810_p3_L18	27	84	num	84		e	agrees
05810_p3_L18	28	133	num	133			null-or-unaligned
05810_p3_L19	0	138	num	138			null-or-unaligned
05810_p3_L19	1	114	num	114		l	agrees
05810_p3_L19	2	81	num	81		a	conflict:e
05810_p3_L19	3	38	num	38		u	agrees
05810_p3_L19	4	21	num	21		r	agrees
05810_p3_L19	5	83	num	83		a	conflict:e
05810_p3_L19	6	74	num	74		c	agrees
05810_p3_L19	7	8	num	8		o	agrees
05810_p3_L19	8	2	num	2		n	agrees
05810_p3_L19	9	77	num	77		d	agrees
05810_p3_L19	10	39	num	39		u	agrees
05810_p3_L19	11	103	num	103		i	agrees
05810_p3_L19	12	72	num	72		c	agrees
05810_p3_L19	13	23	num	23			null-or-unaligned
05810_p3_L19	14	141	num	141			null-or-unaligned
05810_p3_L19	15	121	num	121		t	conflict:e
05810_p5_L18	0	140	num	140		fficultquevous	conflict:llercomm
05810_p5_L18	1	138	num	138		aveztrouven	single-segment
05810_p5_L18	2	141	num	141		lalecturedemes	conflict:y
05810_p5_L18	3	126	num	126		lettresjeveulx	conflict:denozaffaires
05810_p5_L18	4	122	num	122		esprerquecel	conflict:a
05810_p5_L18	5	112	num	112		l	agrees
05810_p5_L18	6	81	num	81		e	agrees
05810_p5_L18	7	121	num	121		squaurezreceu	conflict:e
05810_p5_L18	8	31	num	31		d	conflict:t
05810_p5_L18	9	82	num	82		e	agrees
05810_p5_L18	10	116	num	116		u	conflict:m
05810_p5_L18	11	11	num	11		i	conflict:p
05810_p5_L18	12	26	num	26		s	agrees
05810_p5_L18	13	82	num	82		e	agrees
05810_p5_L18	14	32	num	32		q	conflict:t
05810_p5_L18	15	113	num	113		l	agrees
05810_p5_L18	16	61	num	61		e	conflict:a
05810_p5_L18	17	27	num	27		s	agrees
05810_p5_L18	18	62	num	62		d	conflict:a
05810_p5_L18	19	107	num	107		o	single
05810_p5_L18	20	28	num	28		u	conflict:s
05810_p5_L18	21	6	num	6			null-or-unaligned
05810_p5_L18	22	1	num	1		b	conflict:n
05810_p5_L18	23	76	num	76		l	conflict:d
05810_p5_L18	24	83	num	83		e	agrees
05810_p5_L18	25	114	num	114		s	conflict:l
05810_p5_L18	26	96	num	96		p	single
05810_p5_L18	27	81	num	81		o	conflict:e
05810_p5_L18	28	38	num	38		u	agrees
05810_p5_L18	29	84	num	84		e	agrees
05810_p5_L18	30	23	num	23		r	agrees
05810_p5_L18	31	132	num	132		eassezdemesme	conflict:b
05810_p5_L18	32	29	num	29		s	agrees
05810_p5_L18	33	67	num	67		b	agrees
05810_p5_L18	34	77	num	77		s	conflict:d
05810_p5_L18	35	90	num	90		t	conflict:f
05810_p5_L18	36	64	num	64		a	agrees
05810_p5_L18	37	2	num	2		n	agrees
05810_p5_L18	38	71	num	71		c	agrees
05810_p5_L18	39	85	num	85		e	agrees
05810_p5_L18	40	70	num	70		v	conflict:b
05810_p5_L18	41	104	num	104			null-or-unaligned
05810_p5_L18	42	81	num	81		o	conflict:e
05810_p5_L18	43	3	num	3		u	conflict:n
05810_p5_L18	44	90	num	90		s	agrees
05810_p5_L18	45	10	num	10		a	conflict:o
05810_p5_L18	46	22	num	22		r	agrees
05810_p5_L18	47	34	num	34		o	conflict:t
05810_p5_L18	48	84	num	84		n	conflict:e
05810_p5_L18	49	32	num	32		t	agrees
05810_p5_L18	50	124	num	124		mieulx	conflict:t
05810_p5_L18	51	130	num	130		esclarcy	conflict:a
05810_p5_L18	52	petit	clear			monin	clear
05810_p5_L18	53	a	clear			t	clear
05810_p5_L18	54	petit	clear			entio	clear
05810_p5_L18	55	sapprochera	clear			ndesnouvel	clear
05810_p5_L18	56	136	num	136		les	conflict:c
05810_p5_L18	57	127	num	127		de	conflict:r
05810_p5_L18	58	115	num	115		p	conflict:l
05810_p5_L18	59	64	num	64		a	agrees
05810_p5_L18	60	13	num	13			null-or-unaligned
05810_p5_L18	61	24	num	24		r	agrees
05810_p5_L18	62	108	num	108			null-or-unaligned
05810_p5_L18	63	120	num	120		d	conflict:m
05810_p5_L18	64	84	num	84		e	agrees
05810_p5_L18	65	39	num	39		j	conflict:u
05810_p5_L18	66	83	num	83		e	agrees
05810_p5_L18	67	24	num	24		n	conflict:r
05810_p5_L18	68	81	num	81		e	agrees
05810_p5_L18	69	129	num	129		voussauroys	conflict:d
05810_p5_L18	70	149	num	149		icymanderaultr	single
05810_p5_L18	71	82	num	82		e	agrees
05810_p5_L18	72	33	num	33		s	conflict:t
05810_p5_L18	73	16	num	16		q	agrees
05810_p5_L18	74	38	num	38		u	agrees
05810_p5_L18	75	81	num	81		e	agrees
05810_p5_L18	76	78	num	78		m	conflict:d
05810_p5_L18	77	82	num	82		e	agrees
05810_p5_L18	78	29	num	29		s	agrees
05810_p5_L18	79	124	num	124		susdittes	conflict:t
05810_p5_L18	80	14	num	14		p	agrees
05810_p5_L18	81	21	num	21		r	agrees
05810_p5_L18	82	62	num	62			null-or-unaligned
05810_p5_L18	83	79	num	79			null-or-unaligned
05810_p5_L18	84	74	num	74		c	agrees
05810_p5_L18	85	53	num	53		d	conflict:y
05810_p5_L18	86	75	num	75		e	conflict:c
05810_p5_L18	87	18	num	18		n	conflict:q
05810_p5_L18	88	37	num	37		t	conflict:u
05810_p5_L18	89	81	num	81		e	agrees
05810_p5_L18	90	28	num	28		s	agrees
05810_p5_L18	91	130	num	130		co	conflict:a
05810_p5_L18	92	83	num	83		n	conflict:e
05810_p5_L18	93	32	num	32		t	agrees
05810_p5_L18	94	29	num	29		i	conflict:s
05810_p5_L18	95	84	num	84		e	agrees
05810_p5_L18	96	75	num	75		n	conflict:c
05810_p5_L18	97	22	num	22		n	conflict:r
05810_p5_L18	98	83	num	83		e	agrees
05810_p5_L18	99	35	num	35		t	agrees
05810_p5_L18	100	81	num	81		e	agrees
05810_p5_L18	101	27	num	27		s	agrees
05810_p5_L18	102	120	num	120		a	conflict:m
05810_p5_L18	103	85	num	85		f	conflict:e
05810_p5_L18	104	3	num	3		f	conflict:n
05810_p5_L18	105	81	num	81		a	conflict:e
05810_p5_L18	106	83	num	83		e	agrees
05810_p5_L18	107	29	num	29		s	agrees
05810_p5_L18	108	78	num	78		d	agrees
05810_p5_L18	109	81	num	81		e	agrees
05810_p5_L18	110	115	num	115		l	agrees
05810_p5_L18	111	84	num	84		a	conflict:e
05810_p5_L18	112	1	num	1		v	conflict:n
05810_p5_L18	113	3	num	3		d	conflict:n
05810_p5_L18	114	84	num	84		e	agrees
05810_p5_L18	115	119	num	119		m	agrees
05810_p5_L18	116	108	num	108		i	agrees
05810_p5_L18	117	134	num	134		ddel	single
05810_p5_L18	118	ne	clear			bo	clear
05810_p5_L18	119	debuons	clear			urgsont	clear
05810_p5_L18	120	aulcunement	clear			rduictesente	clear
05810_p5_L18	121	doubter	clear			lleextr	clear
05810_p5_L18	122	129	num	129		mi	conflict:d
05810_p5_L18	123	61	num	61		t	conflict:a
05810_p5_L18	124	102	num	102		q	conflict:i
05810_p5_L18	125	4	num	4		u	conflict:n
05810_p5_L18	126	27	num	27		e	conflict:s
05810_p5_L18	127	4	num	4		n	agrees
05810_p5_L18	128	9	num	9		o	agrees
05810_p5_L18	129	39	num	39		u	agrees
05810_p5_L18	130	27	num	27		s	agrees
05810_p5_L18	131	64	num	64		e	conflict:a
05810_p5_L18	132	28	num	28		s	agrees
05810_p5_L18	133	27	num	27		p	conflict:s
05810_p5_L18	134	84	num	84		r	conflict:e
05810_p5_L18	135	37	num	37		o	conflict:u
05810_p5_L18	136	21	num	21		n	conflict:r
05810_p5_L18	137	85	num	85		s	conflict:e
05810_p5_L18	138	21	num	21		l	conflict:r
05810_p5_L18	139	20	num	20		a	conflict:q
05810_p5_L18	140	40	num	40		v	agrees
05810_p5_L18	141	103	num	103		i	agrees
05810_p5_L18	142	112	num	112		l	agrees
05810_p5_L18	143	132	num	132		lenepourralon	conflict:b
05810_p5_L18	144	promettra	clear			guementse	clear
05810_p5_L18	145	pour	clear			main	clear
05810_p5_L18	146	127	num	127		tenirsanstombe	conflict:r
05810_p5_L18	147	63	num	63		r	conflict:a
05810_p5_L18	148	82	num	82		e	agrees
05810_p5_L18	149	64	num	64			null-or-unaligned
05810_p5_L18	150	2	num	2		n	agrees
05810_p5_L18	151	33	num	33		t	agrees
05810_p5_L18	152	114	num	114		r	conflict:l
05810_p5_L18	153	81	num	81		e	agrees
05810_p5_L18	154	117	num	117		n	conflict:m
05810_p5_L18	155	9	num	9		o	agrees
05810_p5_L18	156	101	num	101		z	conflict:i
05810_p5_L18	157	26	num	26		m	conflict:s
05810_p5_L18	158	102	num	102		a	conflict:i
05810_p5_L18	159	23	num	23		i	conflict:r
05810_p5_L18	160	132	num	132		n	conflict:b
05810_p5_L18	161	28	num	28		s	agrees
05810_p5_L18	162	81	num	81		b	conflict:e
05810_p5_L18	163	118	num	118		i	conflict:m
05810_p5_L18	164	83	num	83		e	agrees
05810_p5_L18	165	73	num	73		q	conflict:c
05810_p5_L18	166	37	num	37		u	agrees
05810_p5_L18	167	15	num	15			null-or-unaligned
05810_p5_L18	168	82	num	82		e	agrees
05810_p5_L18	169	142	num	142		lennemytantp	conflict:es
05810_p5_L18	170	84	num	84		a	conflict:e
05810_p5_L18	171	4	num	4		r	conflict:n
05810_p5_L18	172	3	num	3		f	conflict:n
05810_p5_L18	173	7	num	7		o	agrees
05810_p5_L18	174	38	num	38			null-or-unaligned
05810_p5_L18	175	37	num	37			null-or-unaligned
05810_p5_L18	176	84	num	84		r	conflict:e
05810_p5_L18	177	112	num	112		c	conflict:l
05810_p5_L18	178	85	num	85		e	agrees
05810_p5_L18	179	17	num	17		q	agrees
05810_p5_L18	180	40	num	40		u	agrees
05810_p5_L18	181	104	num	104		e	conflict:i
05810_p5_L18	182	14	num	14		p	agrees
05810_p5_L18	183	13	num	13		p	agrees
05810_p5_L18	184	64	num	64		a	agrees
05810_p5_L18	185	102	num	102		i	agrees
05810_p5_L18	186	92	num	92		u	conflict:g
05810_p5_L18	187	84	num	84		e	agrees
05810_p5_L18	188	131	num	131		setsubtilitez	conflict:a
05810_p5_L18	189	pour	clear			tasc	clear
05810_p5_L18	190	vous	clear			hepa	clear
05810_p5_L18	191	donner	clear			rdiver	clear
05810_p5_L18	192	134	num	134		sesvoyesetde	conflict:ddel
05810_p5_L18	193	15	num	15		t	single
05810_p5_L18	194	114	num	114		o	conflict:l
05810_p5_L18	195	36	num	36		u	agrees
05810_p5_L18	196	26	num	26		s	agrees
05810_p5_L18	197	76	num	76		c	conflict:d
05810_p5_L18	198	63	num	63		t	conflict:a
05810_p5_L18	199	88	num	88		e	agrees
05810_p5_L18	200	87	num	87		z	conflict:f
05810_p5_L18	201	61	num	61		d	conflict:a
05810_p5_L18	202	102	num	102		e	conflict:i
05810_p5_L18	203	27	num	27		s	agrees
05810_p5_L18	204	81	num	81		e	agrees
05810_p5_L18	205	27	num	27		c	conflict:s
05810_p5_L18	206	19	num	19		o	conflict:q
05810_p5_L18	207	39	num	39		u	agrees
05810_p5_L18	208	65	num	65		r	conflict:a
05810_p5_L18	209	11	num	11		e	conflict:p
05810_p5_L18	210	61	num	61		t	conflict:a
05810_p5_L18	211	22	num	22		r	agrees
05810_p5_L18	212	62	num	62		a	agrees
05810_p5_L18	213	36	num	36		u	agrees
05810_p5_L18	214	62	num	62		a	agrees
05810_p5_L18	215	1	num	1		l	conflict:n
05810_p5_L18	216	37	num	37		l	conflict:u
05810_p5_L18	217	136	num	136		erladitteville	conflict:c
05810_p5_L18	218	116	num	116		m	agrees
05810_p5_L18	219	81	num	81		a	conflict:e
05810_p5_L18	220	27	num	27		s	agrees
05810_p5_L18	221	118	num	118		a	conflict:m
05810_p5_L18	222	83	num	83		u	conflict:e
05810_p5_L18	223	29	num	29		s	agrees
05810_p5_L18	224	30	num	30		s	agrees
05810_p5_L18	225	102	num	102		i	agrees
05810_p5_L18	226	112	num	112		l	agrees
05810_p5_L18	227	2	num	2		n	agrees
05810_p5_L18	228	7	num	7		o	agrees
05810_p5_L18	229	38	num	38			null-or-unaligned
05810_p5_L18	230	29	num	29		s	agrees
05810_p7_L26	0	127	num	127			null-or-unaligned
05810_p7_L26	1	124	num	124			null-or-unaligned
05810_p7_L26	2	133	num	133			null-or-unaligned
05810_p7_L26	3	78	num	78			null-or-unaligned
05810_p7_L26	4	85	num	85			null-or-unaligned
05810_p7_L26	5	30	num	30			null-or-unaligned
05810_p7_L26	6	75	num	75			null-or-unaligned
05810_p7_L26	7	103	num	103			null-or-unaligned
05810_p7_L26	8	34	num	34			null-or-unaligned
05810_p7_L26	9	83	num	83			null-or-unaligned
05810_p7_L26	10	60	num	60			null-or-unaligned
05810_p7_L26	11	79	num	79			null-or-unaligned
05810_p7_L26	12	82	num	82			null-or-unaligned
05810_p7_L26	13	35	num	35			null-or-unaligned
05810_p7_L26	14	8	num	8			null-or-unaligned
05810_p7_L26	15	38	num	38			null-or-unaligned
05810_p7_L26	16	32	num	32			null-or-unaligned
05810_p7_L26	17	30	num	30			null-or-unaligned
05810_p7_L26	18	81	num	81			null-or-unaligned
05810_p7_L26	19	73	num	73			null-or-unaligned
05810_p7_L26	20	9	num	9			null-or-unaligned
05810_p7_L26	21	37	num	37		u	agrees
05810_p7_L26	22	21	num	21			null-or-unaligned
05810_p7_L26	23	27	num	27			null-or-unaligned
05810_p7_L26	24	137	num	137			null-or-unaligned
05810_p7_L26	25	84	num	84			null-or-unaligned
05810_p7_L26	26	33	num	33			null-or-unaligned
05810_p7_L26	27	4	num	4		n	agrees
05810_p7_L26	28	9	num	9			null-or-unaligned
05810_p7_L26	29	59	num	59			null-or-unaligned
05810_p7_L26	30	38	num	38			null-or-unaligned
05810_p7_L26	31	103	num	103			null-or-unaligned
05810_p7_L26	32	111	num	111			null-or-unaligned
05810_p7_L26	33	114	num	114			null-or-unaligned
05810_p7_L26	34	84	num	84		e	agrees
05810_p7_L26	35	29	num	29		f	agrees
05810_p7_L26	36	par	clear				clear
05810_p7_L26	37	tant	clear				clear
05810_p7_L26	38	de	clear				clear
05810_p7_L26	39	frais	clear				clear
05810_p7_L26	40	et	clear				clear
05810_p7_L26	41	despences	clear				clear
05810_p7_L26	42	30	num	30			null-or-unaligned
05810_p7_L26	43	101	num	101			null-or-unaligned
05810_p7_L26	44	87	num	87			null-or-unaligned
05810_p7_L26	45	10	num	10		o	agrees
05810_p7_L26	46	22	num	22			null-or-unaligned
05810_p7_L26	47	35	num	35			null-or-unaligned
05810_p7_L26	48	74	num	74			null-or-unaligned
05810_p7_L26	49	99	num	99			null-or-unaligned
05810_p7_L26	50	63	num	63			null-or-unaligned
05810_p7_L26	51	24	num	24			null-or-unaligned
05810_p7_L26	52	95	num	95			null-or-unaligned
05810_p7_L26	53	84	num	84			null-or-unaligned
05810_p7_L26	54	83	num	83			null-or-unaligned
05810_p7_L26	55	28	num	28			null-or-unaligned
05810_p7_L26	56	127	num	127		y	conflict:r
05810_p7_L26	57	19	num	19			null-or-unaligned
05810_p7_L26	58	37	num	37			null-or-unaligned
05810_p7_L26	59	84	num	84			null-or-unaligned
05810_p7_L26	60	26	num	26		s	agrees
05810_p7_L26	61	81	num	81			null-or-unaligned
05810_p7_L26	62	115	num	115		l	agrees
05810_p7_L26	63	9	num	9			null-or-unaligned
05810_p7_L26	64	4	num	4			null-or-unaligned
05810_p7_L26	65	63	num	63			null-or-unaligned
05810_p7_L26	66	14	num	14			null-or-unaligned
05810_p7_L26	67	15	num	15			null-or-unaligned
05810_p7_L26	68	62	num	62		a	agrees
05810_p7_L26	69	24	num	24			null-or-unaligned
05810_p7_L26	70	8	num	8			null-or-unaligned
05810_p7_L26	71	71	num	71			null-or-unaligned
05810_p7_L26	72	85	num	85			null-or-unaligned
05810_p7_L26	73	100	num	100			null-or-unaligned
05810_p7_L26	74	37	num	37		v	agrees
05810_p7_L26	75	118	num	118			null-or-unaligned
05810_p7_L26	76	64	num	64		o	conflict:a
05810_p7_L26	77	103	num	103			null-or-unaligned
05810_p7_L26	78	4	num	4			null-or-unaligned
05810_p7_L26	79	85	num	85			null-or-unaligned
05810_p7_L26	80	141	num	141		y	agrees
05810_p7_L26	81	85	num	85		e	agrees
05810_p7_L26	82	112	num	112			null-or-unaligned
05810_p7_L26	83	111	num	111		d	conflict:l
05810_p7_L26	84	85	num	85		e	agrees
05810_p7_L26	85	26	num	26		f	agrees
05810_p7_L26	86	1	num	1			null-or-unaligned
05810_p7_L26	87	82	num	82			null-or-unaligned
05810_p7_L26	88	15	num	15			null-or-unaligned
05810_p7_L26	89	10	num	10		o	agrees
05810_p7_L26	90	40	num	40			null-or-unaligned
05810_p7_L26	91	21	num	21			null-or-unaligned
05810_p7_L26	92	22	num	22		r	agrees
05810_p7_L26	93	7	num	7			null-or-unaligned
05810_p7_L26	94	82	num	82			null-or-unaligned
05810_p7_L26	95	83	num	83			null-or-unaligned
05810_p7_L26	96	5	num	5			null-or-unaligned
05810_p7_L26	97	34	num	34			null-or-unaligned
05810_p7_L26	98	113	num	113			null-or-unaligned
05810_p7_L26	99	8	num	8			null-or-unaligned
05810_p7_L26	100	5	num	5			null-or-unaligned
05810_p7_L26	101	94	num	94			null-or-unaligned
05810_p7_L26	102	36	num	36			null-or-unaligned
05810_p7_L26	103	85	num	85			null-or-unaligned
05810_p7_L26	104	117	num	117			null-or-unaligned
05810_p7_L26	105	84	num	84			null-or-unaligned
05810_p7_L26	106	3	num	3			null-or-unaligned
05810_p7_L26	107	33	num	33			null-or-unaligned
05810_p7_L26	108	121	num	121		c	conflict:e
05810_p7_L26	109	27	num	27			null-or-unaligned
05810_p7_L26	110	36	num	36			null-or-unaligned
05810_p7_L26	111	68	num	68			null-or-unaligned
05810_p7_L26	112	28	num	28			null-or-unaligned
05810_p7_L26	113	102	num	102			null-or-unaligned
05810_p7_L26	114	29	num	29			null-or-unaligned
05810_p7_L26	115	33	num	33			null-or-unaligned
05810_p7_L26	116	81	num	81		e	agrees
05810_p7_L26	117	21	num	21			null-or-unaligned
05810_p7_L26	118	133	num	133			null-or-unaligned
05810_p7_L26	119	126	num	126			null-or-unaligned
05810_p7_L26	120	70	num	70			null-or-unaligned
05810_p7_L26	121	62	num	62			null-or-unaligned
05810_p7_L26	122	1	num	1			null-or-unaligned
05810_p7_L26	123	27	num	27			null-or-unaligned
05810_p7_L26	124	144	num	144			null-or-unaligned
05810_p7_L26	125	quelque	clear				clear
05810_p7_L26	126	bon	clear				clear
05810_p7_L26	127	secours	clear				clear
05810_p7_L26	128	et	clear				clear
05810_p7_L26	129	soulaigement	clear				clear
05810_p7_L26	130	vous	clear				clear
05810_p7_L26	131	prie	clear				clear
05810_p7_L26	132	de	clear				clear
05810_p7_L26	133	plus	clear				clear
05810_p7_L26	134	affectueusement	clear				clear
05810_p7_L26	135	que	clear				clear
05810_p7_L26	136	mest	clear				clear
05810_p7_L26	137	possible	clear				clear
05810_p7_L26	138	quen	clear				clear
05810_p7_L26	139	toute	clear				clear
05810_p7_L26	140	diligence	clear				clear
05810_p7_L26	141	me	clear				clear
05810_p7_L26	142	deuentez	clear				clear
05810_p7_L26	143	131	num	131		p	conflict:a
05810_p7_L26	144	65	num	65			null-or-unaligned
05810_p7_L26	145	40	num	40			null-or-unaligned
05810_p7_L26	146	38	num	38			null-or-unaligned
05810_p7_L26	147	23	num	23			null-or-unaligned
05810_p7_L26	148	62	num	62			null-or-unaligned
05810_p7_L26	149	54	num	54			null-or-unaligned
05810_p7_L26	150	84	num	84			null-or-unaligned
05810_p7_L26	151	33	num	33			null-or-unaligned
05810_p7_L26	152	32	num	32			null-or-unaligned
05810_p7_L26	153	7	num	7		o	agrees
05810_p7_L26	154	39	num	39			null-or-unaligned
05810_p7_L26	155	35	num	35			null-or-unaligned
05810_p7_L26	156	6	num	6			null-or-unaligned
05810_p7_L26	157	39	num	39		u	agrees
05810_p7_L26	158	38	num	38			null-or-unaligned
05810_p7_L26	159	81	num	81			null-or-unaligned
05810_p7_L26	160	22	num	22		r	agrees
05810_p7_L26	161	34	num	34			null-or-unaligned
05810_p7_L26	162	82	num	82			null-or-unaligned
05810_p7_L26	163	117	num	117			null-or-unaligned
05810_p7_L26	164	84	num	84			null-or-unaligned
05810_p7_L26	165	5	num	5			null-or-unaligned
05810_p7_L26	166	33	num	33			null-or-unaligned
05810_p7_L26	167	116	num	116			null-or-unaligned
05810_p7_L26	168	62	num	62			null-or-unaligned
05810_p7_L26	169	1	num	1			null-or-unaligned
05810_p7_L26	170	76	num	76			null-or-unaligned
05810_p7_L26	171	82	num	82			null-or-unaligned
05810_p7_L26	172	21	num	21		r	agrees
05810_p7_L26	173	83	num	83			null-or-unaligned
05810_p7_L26	174	4	num	4			null-or-unaligned
05810_p7_L26	175	18	num	18			null-or-unaligned
05810_p7_L26	176	39	num	39			null-or-unaligned
05810_p7_L26	177	81	num	81			null-or-unaligned
05810_p7_L26	178	114	num	114			null-or-unaligned
05810_p7_L26	179	82	num	82			null-or-unaligned
05810_p7_L26	180	29	num	29			null-or-unaligned
05810_p7_L26	181	35	num	35			null-or-unaligned
05810_p7_L26	182	64	num	64		a	agrees
05810_p7_L26	183	37	num	37		v	agrees
05810_p7_L26	184	28	num	28		i	conflict:s
05810_p7_L26	185	7	num	7			null-or-unaligned
05810_p7_L26	186	2	num	2		c	conflict:n
05810_p7_L26	187	33	num	33		t	agrees
05810_p7_L26	188	36	num	36		u	agrees
05810_p7_L26	189	9	num	9			null-or-unaligned
05810_p7_L26	190	88	num	88			null-or-unaligned
05810_p7_L26	191	64	num	64			null-or-unaligned
05810_p7_L26	192	88	num	88			null-or-unaligned
05810_p7_L26	193	87	num	87			null-or-unaligned
05810_p7_L26	194	63	num	63		a	agrees
05810_p7_L26	195	104	num	104		i	agrees
05810_p7_L26	196	21	num	21			null-or-unaligned
05810_p7_L26	197	82	num	82			null-or-unaligned
05810_p7_L26	198	27	num	27			null-or-unaligned
05810_p7_L26	199	15	num	15			null-or-unaligned
05810_p7_L26	200	62	num	62			null-or-unaligned
05810_p7_L26	201	22	num	22			null-or-unaligned
05810_p7_L26	202	79	num	79			null-or-unaligned
05810_p7_L26	203	81	num	81			null-or-unaligned
05810_p7_L26	204	112	num	112		l	agrees
05810_p7_L26	205	124	num	124			null-or-unaligned
05810_p7_L26	206	et	clear				clear
05810_p7_L26	207	sur	clear				clear
05810_p7_L26	208	ce	clear				clear
05810_p7_L26	209	brief	clear				clear
05810_p7_L26	210	133	num	133		l	conflict:f
05810_p7_L26	211	37	num	37			null-or-unaligned
05810_p7_L26	212	9	num	9			null-or-unaligned
05810_p7_L26	213	38	num	38			null-or-unaligned
05810_p7_L26	214	27	num	27			null-or-unaligned
05810_p7_L26	215	90	num	90			null-or-unaligned
05810_p7_L26	216	81	num	81		e	agrees
05810_p7_L26	217	21	num	21		r	agrees
05810_p7_L26	218	83	num	83			null-or-unaligned
05810_p7_L26	219	56	num	56			null-or-unaligned
05810_p7_L26	220	17	num	17			null-or-unaligned
05810_p7_L26	221	39	num	39			null-or-unaligned
05810_p7_L26	222	81	num	81			null-or-unaligned
05810_p7_L26	223	112	num	112		l	agrees
05810_p7_L26	224	19	num	19			null-or-unaligned
05810_p7_L26	225	37	num	37			null-or-unaligned
05810_p7_L26	226	83	num	83			null-or-unaligned
05810_p7_L26	227	62	num	62		a	agrees
05810_p7_L26	228	27	num	27			null-or-unaligned
05810_p7_L26	229	26	num	26			null-or-unaligned
05810_p7_L26	230	63	num	63		d	conflict:a
05810_p7_L26	231	117	num	117		i	conflict:m
05810_p7_L26	232	63	num	63		t	conflict:a
05810_p7_L26	233	111	num	111		t	conflict:l
05810_p7_L26	234	81	num	81		e	agrees
05810_p7_L26	235	23	num	23			null-or-unaligned
05810_p7_L26	236	promptement	clear				clear
05810_p7_L26	237	128	num	128			null-or-unaligned
05810_p7_L26	238	20	num	20			null-or-unaligned
05810_p7_L26	239	36	num	36		v	agrees
05810_p7_L26	240	81	num	81		i	conflict:e
05810_p7_L26	241	112	num	112		l	agrees
05810_p7_L26	242	28	num	28		l	conflict:s
05810_p7_L26	243	83	num	83		e	agrees
05810_p7_L26	244	73	num	73			null-or-unaligned
05810_p7_L26	245	8	num	8			null-or-unaligned
05810_p7_L26	246	37	num	37			null-or-unaligned
05810_p7_L26	247	23	num	23			null-or-unaligned
05810_p7_L26	248	28	num	28			null-or-unaligned
05810_p7_L26	249	4	num	4			null-or-unaligned
05810_p7_L26	250	7	num	7			null-or-unaligned
05810_p7_L26	251	37	num	37			null-or-unaligned
05810_p7_L26	252	30	num	30			null-or-unaligned
05810_p7_L26	253	63	num	63			null-or-unaligned
05810_p7_L26	254	76	num	76		d	agrees
05810_p7_L26	255	9	num	9			null-or-unaligned
05810_p7_L26	256	5	num	5			null-or-unaligned
05810_p7_L26	257	26	num	26			null-or-unaligned
05810_p7_L26	258	27	num	27			null-or-unaligned
05810_p7_L26	259	82	num	82			null-or-unaligned
05810_p7_L26	260	37	num	37			null-or-unaligned
05810_p7_L26	261	24	num	24			null-or-unaligned
05810_p7_L26	262	85	num	85		e	agrees
05810_p7_L26	263	120	num	120		m	agrees
05810_p7_L26	264	81	num	81			null-or-unaligned
05810_p7_L26	265	1	num	1			null-or-unaligned
05810_p7_L26	266	32	num	32			null-or-unaligned
05810_p7_L26	267	137	num	137			null-or-unaligned
05810_p7_L26	268	64	num	64			null-or-unaligned
05810_p7_L26	269	122	num	122		i	conflict:a
05810_p7_L26	270	63	num	63			null-or-unaligned
05810_p7_L26	271	32	num	32			null-or-unaligned
05810_p7_L26	272	3	num	3			null-or-unaligned
05810_p7_L26	273	81	num	81			null-or-unaligned
05810_p7_L26	274	2	num	2			null-or-unaligned
05810_p7_L26	275	79	num	79		d	agrees
05810_p7_L26	276	21	num	21			null-or-unaligned
05810_p7_L26	277	82	num	82			null-or-unaligned
05810_p7_L26	278	77	num	77		d	agrees
05810_p7_L26	279	82	num	82		e	agrees
05810_p7_L26	280	36	num	36			null-or-unaligned
05810_p7_L26	281	8	num	8			null-or-unaligned
05810_p7_L26	282	28	num	28			null-or-unaligned
05810_p7_L26	283	26	num	26			null-or-unaligned
05810_p7_L26	284	141	num	141		l	conflict:y
05810_p7_L26	285	et	clear				clear
05810_p7_L26	286	larrest	clear				clear
05810_p7_L26	287	que	clear				clear
05810_p7_L26	288	en	clear				clear
05810_p7_L26	289	est	clear				clear
05810_p7_L26	290	promis	clear				clear
05810_p7_L26	291	132	num	132		b	single
05810_p7_L26	292	28	num	28			null-or-unaligned
05810_p7_L26	293	62	num	62			null-or-unaligned
05810_p7_L26	294	2	num	2			null-or-unaligned
05810_p7_L26	295	27	num	27			null-or-unaligned
05810_p7_L26	296	116	num	116			null-or-unaligned
05810_p7_L26	297	83	num	83			null-or-unaligned
05810_p7_L26	298	79	num	79			null-or-unaligned
05810_p7_L26	299	102	num	102			null-or-unaligned
05810_p7_L26	300	29	num	29			null-or-unaligned
05810_p7_L26	301	26	num	26			null-or-unaligned
05810_p7_L26	302	103	num	103			null-or-unaligned
05810_p7_L26	303	120	num	120			null-or-unaligned
05810_p7_L26	304	36	num	36		u	agrees
05810_p7_L26	305	113	num	113			null-or-unaligned
05810_p7_L26	306	81	num	81			null-or-unaligned
05810_p7_L26	307	22	num	22		r	agrees
05810_p7_L26	308	64	num	64			null-or-unaligned
05810_p7_L26	309	36	num	36			null-or-unaligned
05810_p7_L26	310	75	num	75			null-or-unaligned
05810_p7_L26	311	38	num	38			null-or-unaligned
05810_p7_L26	312	1	num	1			null-or-unaligned
05810_p7_L26	313	82	num	82			null-or-unaligned
05810_p7_L26	314	73	num	73		c	agrees
05810_p7_L26	315	59	num	59			null-or-unaligned
05810_p7_L26	316	40	num	40		h	conflict:u
05810_p7_L26	317	27	num	27		j	conflict:s
05810_p7_L26	318	82	num	82		e	agrees
05810_p7_L26	319	129	num	129			null-or-unaligned
05810_p7_L26	320	133	num	133			null-or-unaligned
05810_p7_L26	321	61	num	61			null-or-unaligned
05810_p7_L26	322	89	num	89			null-or-unaligned
05810_p7_L26	323	101	num	101			null-or-unaligned
05810_p7_L26	324	2	num	2			null-or-unaligned
05810_p7_L26	325	18	num	18			null-or-unaligned
05810_p7_L26	326	37	num	37		v	agrees
05810_p7_L26	327	83	num	83			null-or-unaligned
05810_p7_L26	328	129	num	129			null-or-unaligned
05810_p7_L26	329	131	num	131			null-or-unaligned
05810_p7_L26	330	4	num	4			null-or-unaligned
05810_p7_L26	331	8	num	8		o	agrees
05810_p7_L26	332	40	num	40		u	agrees
05810_p7_L26	333	27	num	27		s	agrees
05810_p7_L26	334	11	num	11		p	agrees
05810_p7_L26	335	36	num	36			null-or-unaligned
05810_p7_L26	336	102	num	102			null-or-unaligned
05810_p7_L26	337	29	num	29			null-or-unaligned
05810_p7_L26	338	26	num	26		r	conflict:s
05810_p7_L26	339	103	num	103		i	agrees
05810_p7_L26	340	9	num	9			null-or-unaligned
05810_p7_L26	341	1	num	1			null-or-unaligned
05810_p7_L26	342	28	num	28			null-or-unaligned
05810_p7_L26	343	104	num	104			null-or-unaligned
05810_p7_L26	344	73	num	73			null-or-unaligned
05810_p7_L26	345	81	num	81			null-or-unaligned
05810_p7_L26	346	137	num	137			null-or-unaligned
05810_p7_L26	347	signer	clear				clear
05810_p7_L26	348	et	clear				clear
05810_p7_L26	349	faire	clear				clear
05810_p7_L26	350	estat	clear				clear
05810_p7_L26	351	selon	clear				clear
05810_p7_L26	352	cela	clear				clear
05810_p7_L26	353	pour	clear				clear
05810_p7_L26	354	apres	clear				clear
05810_p7_L26	355	121	num	121			null-or-unaligned
05810_p7_L26	356	37	num	37			null-or-unaligned
05810_p7_L26	357	1	num	1			null-or-unaligned
05810_p7_L26	358	81	num	81			null-or-unaligned
05810_p7_L26	359	113	num	113			null-or-unaligned
05810_p7_L26	360	7	num	7			null-or-unaligned
05810_p7_L26	361	2	num	2			null-or-unaligned
05810_p7_L26	362	92	num	92			null-or-unaligned
05810_p7_L26	363	36	num	36			null-or-unaligned
05810_p7_L26	364	82	num	82			null-or-unaligned
05810_p7_L26	365	83	num	83			null-or-unaligned
05810_p7_L26	366	33	num	33			null-or-unaligned
05810_p7_L26	367	136	num	136			null-or-unaligned
05810_p7_L26	368	127	num	127			null-or-unaligned
05810_p7_L26	369	36	num	36			null-or-unaligned
05810_p7_L26	370	62	num	62			null-or-unaligned
05810_p7_L26	371	104	num	104			null-or-unaligned
05810_p7_L26	372	5	num	5			null-or-unaligned
05810_p7_L26	373	84	num	84			null-or-unaligned
05810_p7_L26	374	65	num	65			null-or-unaligned
05810_p7_L26	375	34	num	34			null-or-unaligned
05810_p7_L26	376	33	num	33			null-or-unaligned
05810_p7_L26	377	81	num	81		e	agrees
05810_p7_L26	378	4	num	4			null-or-unaligned
05810_p7_L26	379	31	num	31			null-or-unaligned
05810_p7_L26	380	84	num	84			null-or-unaligned
05810_p7_L26	381	78	num	78		d	agrees
05810_p7_L26	382	84	num	84		e	agrees
05810_p7_L26	383	27	num	27		f	agrees
05810_p7_L26	384	81	num	81			null-or-unaligned
05810_p7_L26	385	73	num	73			null-or-unaligned
05810_p7_L26	386	7	num	7			null-or-unaligned
05810_p7_L26	387	36	num	36			null-or-unaligned
05810_p7_L26	388	21	num	21			null-or-unaligned
05810_p7_L26	389	28	num	28			null-or-unaligned
05810_p7_L26	390	135	num	135			null-or-unaligned
05810_p7_L26	391	3	num	3			null-or-unaligned
05810_p7_L26	392	83	num	83			null-or-unaligned
05810_p7_L26	393	33	num	33			null-or-unaligned
05810_p7_L26	394	7	num	7			null-or-unaligned
05810_p7_L26	395	116	num	116			null-or-unaligned
05810_p7_L26	396	70	num	70			null-or-unaligned
05810_p7_L26	397	84	num	84			null-or-unaligned
05810_p7_L26	398	21	num	21			null-or-unaligned
05810_p7_L26	399	64	num	64			null-or-unaligned
05810_p7_L26	400	37	num	37			null-or-unaligned
05810_p7_L26	401	139	num	139			null-or-unaligned
05810_p7_L26	402	mesme	clear				clear
05810_p7_L26	403	inconvenient	clear				clear
05810_p7_L26	404	qui	clear				clear
05810_p7_L26	405	nous	clear				clear
05810_p7_L26	406	advint	clear				clear
05810_p7_L26	407	137	num	137			null-or-unaligned
05810_p7_L26	408	121	num	121			null-or-unaligned
05810_p7_L26	409	64	num	64		a	agrees
05810_p7_L26	410	112	num	112			null-or-unaligned
05810_p7_L26	411	114	num	114			null-or-unaligned
05810_p7_L26	412	81	num	81			null-or-unaligned
05810_p7_L26	413	2	num	2			null-or-unaligned
05810_p7_L26	414	78	num	78			null-or-unaligned
05810_p7_L26	415	23	num	23			null-or-unaligned
05810_p7_L26	416	9	num	9			null-or-unaligned
05810_p7_L26	417	105	num	105		i	agrees
05810_p7_L26	418	32	num	32			null-or-unaligned
05810_p7_L26	419	115	num	115			null-or-unaligned
05810_p7_L26	420	65	num	65			null-or-unaligned
05810_p7_L26	421	68	num	68			null-or-unaligned
05810_p7_L26	422	6	num	6			null-or-unaligned
05810_p7_L26	423	1	num	1			null-or-unaligned
05810_p7_L26	424	3	num	3			null-or-unaligned
05810_p7_L26	425	84	num	84			null-or-unaligned
05810_p7_L26	426	312	num	312			null-or-unaligned
05810_p7_L26	427	78	num	78			null-or-unaligned
05810_p7_L26	428	84	num	84			null-or-unaligned
05810_p7_L26	429	127	num	127			null-or-unaligned
05810_p7_L26	430	223	num	223			null-or-unaligned
05810_p7_L26	431	132	num	132			null-or-unaligned
05810_p7_L26	432	113	num	113			null-or-unaligned
05810_p7_L26	433	63	num	63			null-or-unaligned
05810_p7_L26	434	18	num	18			null-or-unaligned
05810_p7_L26	435	40	num	40			null-or-unaligned
05810_p7_L26	436	85	num	85			null-or-unaligned
05810_p7_L26	437	114	num	114			null-or-unaligned
05810_p7_L26	438	113	num	113			null-or-unaligned
05810_p7_L26	439	84	num	84			null-or-unaligned
05810_p7_L26	440	62	num	62			null-or-unaligned
05810_p7_L26	441	12	num	12			null-or-unaligned
05810_p7_L26	442	22	num	22		r	agrees
05810_p7_L26	443	82	num	82		e	agrees
05810_p7_L26	444	27	num	27		f	agrees
05810_p7_L26	445	127	num	127			null-or-unaligned
05810_p7_L26	446	29	num	29			null-or-unaligned
05810_p7_L26	447	84	num	84			null-or-unaligned
05810_p7_L26	448	26	num	26			null-or-unaligned
05810_p7_L26	449	33	num	33			null-or-unaligned
05810_p7_L26	450	21	num	21			null-or-unaligned
05810_p7_L26	451	81	num	81			null-or-unaligned
05810_p7_L26	452	127	num	127			null-or-unaligned
05810_p7_L26	453	242	num	242		a	single
05810_p7_L26	454	28	num	28			null-or-unaligned
05810_p7_L26	455	103	num	103		i	agrees
05810_p7_L26	456	121	num	121			null-or-unaligned
05810_p7_L26	457	vaillamment	clear				clear
05810_p7_L26	458	maintenue	clear				clear
05810_p7_L26	459	et	clear				clear
05810_p7_L26	460	avoir	clear				clear
05810_p7_L26	461	tant	clear				clear
05810_p7_L26	462	souffert	clear				clear
05810_p7_L26	463	143	num	143			null-or-unaligned
05810_p7_L26	464	26	num	26			null-or-unaligned
05810_p7_L26	465	36	num	36			null-or-unaligned
05810_p7_L26	466	21	num	21		r	agrees
05810_p7_L26	467	113	num	113			null-or-unaligned
05810_p7_L26	468	81	num	81		e	agrees
05810_p7_L26	469	26	num	26			null-or-unaligned
05810_p7_L26	470	12	num	12		p	agrees
05810_p7_L26	471	7	num	7			null-or-unaligned
05810_p7_L26	472	103	num	103			null-or-unaligned
05810_p7_L26	473	23	num	23			null-or-unaligned
05810_p7_L26	474	20	num	20			null-or-unaligned
05810_p7_L26	475	36	num	36			null-or-unaligned
05810_p7_L26	476	81	num	81			null-or-unaligned
05810_p7_L26	477	76	num	76			null-or-unaligned
05810_p7_L26	478	83	num	83		a	conflict:e
05810_p7_L26	479	103	num	103			null-or-unaligned
05810_p7_L26	480	6	num	6			null-or-unaligned
05810_p7_L26	481	37	num	37			null-or-unaligned
05810_p7_L26	482	23	num	23		r	agrees
05810_p7_L26	483	83	num	83			null-or-unaligned
05810_p7_L26	484	4	num	4			null-or-unaligned
05810_p7_L26	485	104	num	104		t	conflict:i
05810_p7_L26	486	7	num	7		o	agrees
05810_p7_L26	487	38	num	38			null-or-unaligned
05810_p7_L26	488	24	num	24			null-or-unaligned
05810_p7_L26	489	102	num	102			null-or-unaligned
05810_p7_L26	490	83	num	83			null-or-unaligned
05810_p7_L26	491	114	num	114			null-or-unaligned
05810_p7_L26	492	39	num	39		u	agrees
05810_p7_L26	493	88	num	88		t	conflict:e
05810_p7_L26	494	79	num	79		d	agrees
05810_p7_L26	495	7	num	7			null-or-unaligned
05810_p7_L26	496	2	num	2			null-or-unaligned
05810_p7_L26	497	1	num	1			null-or-unaligned
05810_p7_L26	498	9	num	9			null-or-unaligned
05810_p7_L26	499	108	num	108			null-or-unaligned
05810_p7_L26	500	28	num	28			null-or-unaligned
05810_p7_L26	501	78	num	78			null-or-unaligned
05810_p7_L26	502	37	num	37			null-or-unaligned
05810_p7_L26	503	28	num	28			null-or-unaligned
05810_p7_L26	504	82	num	82		e	agrees
05810_p7_L26	505	72	num	72			null-or-unaligned
05810_p7_L26	506	9	num	9			null-or-unaligned
05810_p7_L26	507	36	num	36			null-or-unaligned
05810_p7_L26	508	21	num	21			null-or-unaligned
05810_p7_L26	509	18	num	18			null-or-unaligned
05810_p7_L26	510	37	num	37			null-or-unaligned
05810_p7_L26	511	88	num	88			null-or-unaligned
05810_p7_L26	512	3	num	3			null-or-unaligned
05810_p7_L26	513	7	num	7			null-or-unaligned
05810_p7_L26	514	38	num	38			null-or-unaligned
05810_p7_L26	515	27	num	27		s	agrees
05810_p7_L26	516	25	num	25			null-or-unaligned
05810_p7_L26	517	81	num	81			null-or-unaligned
05810_p7_L26	518	74	num	74			null-or-unaligned
05810_p7_L26	519	81	num	81			null-or-unaligned
05810_p7_L26	520	13	num	13		p	agrees
05810_p7_L26	521	38	num	38			null-or-unaligned
05810_p7_L26	522	22	num	22		r	agrees
05810_p7_L26	523	103	num	103		i	agrees
05810_p7_L26	524	7	num	7			null-or-unaligned
05810_p7_L26	525	2	num	2			null-or-unaligned
05810_p7_L26	526	27	num	27			null-or-unaligned
05810_p7_L26	527	124	num	124			null-or-unaligned
05810_p7_L26	528	fust	clear				clear
05810_p7_L26	529	a	clear				clear
05810_p7_L26	530	la	clear				clear
05810_p7_L26	531	fin	clear				clear
05810_p7_L26	532	constramere	clear				clear
05810_p7_L26	533	134	num	134			null-or-unaligned
05810_p7_L26	534	26	num	26			null-or-unaligned
05810_p7_L26	535	82	num	82			null-or-unaligned
05810_p7_L26	536	21	num	21			null-or-unaligned
05810_p7_L26	537	84	num	84			null-or-unaligned
05810_p7_L26	538	1	num	1			null-or-unaligned
05810_p7_L26	539	77	num	77			null-or-unaligned
05810_p7_L26	540	24	num	24		r	agrees
05810_p7_L26	541	84	num	84		e	agrees
05810_p7_L26	542	127	num	127			null-or-unaligned
05810_p7_L26	543	63	num	63			null-or-unaligned
05810_p7_L26	544	114	num	114			null-or-unaligned
05810_p7_L26	545	62	num	62			null-or-unaligned
05810_p7_L26	546	129	num	129			null-or-unaligned
05810_p7_L26	547	141	num	141			null-or-unaligned
05810_p7_L26	548	116	num	116			null-or-unaligned
05810_p7_L26	549	88	num	88			null-or-unaligned
05810_p7_L26	550	23	num	23			null-or-unaligned
05810_p7_L26	551	72	num	72			null-or-unaligned
05810_p7_L26	552	51	num	51		s	conflict:y
05810_p7_L26	553	80	num	80		d	agrees
05810_p7_L26	554	82	num	82			null-or-unaligned
05810_p7_L26	555	27	num	27			null-or-unaligned
05810_p7_L26	556	83	num	83			null-or-unaligned
05810_p7_L26	557	3	num	3			null-or-unaligned
05810_p7_L26	558	2	num	2			null-or-unaligned
05810_p7_L26	559	84	num	84			null-or-unaligned
05810_p7_L26	560	118	num	118			null-or-unaligned
05810_p7_L26	561	102	num	102		i	agrees
05810_p7_L26	562	27	num	27			null-or-unaligned
05810_p7_L26	563	143	num	143			null-or-unaligned
05810_p7_L26	564	129	num	129		e	conflict:d
05810_p7_L26	565	19	num	19			null-or-unaligned
05810_p7_L26	566	37	num	37		u	agrees
05810_p7_L26	567	108	num	108			null-or-unaligned
05810_p7_L26	568	115	num	115			null-or-unaligned
05810_p7_L26	569	6	num	6			null-or-unaligned
05810_p7_L26	570	3	num	3			null-or-unaligned
05810_p7_L26	571	33	num	33			null-or-unaligned
05810_p7_L26	572	34	num	34			null-or-unaligned
05810_p7_L26	573	22	num	22			null-or-unaligned
05810_p7_L26	574	63	num	63		a	agrees
05810_p7_L26	575	104	num	104			null-or-unaligned
05810_p7_L26	576	72	num	72			null-or-unaligned
05810_p7_L26	577	33	num	33			null-or-unaligned
05810_p7_L26	578	84	num	84			null-or-unaligned
05810_p7_L26	579	82	num	82			null-or-unaligned
05810_p7_L26	580	28	num	28		f	agrees
05810_p7_L26	581	103	num	103		i	agrees
05810_p7_L26	582	101	num	101			null-or-unaligned
05810_p7_L26	583	4	num	4			null-or-unaligned
05810_p7_L26	584	97	num	97			null-or-unaligned
05810_p7_L26	585	39	num	39			null-or-unaligned
05810_p7_L26	586	117	num	117			null-or-unaligned
05810_p7_L26	587	61	num	61			null-or-unaligned
05810_p7_L26	588	101	num	101			null-or-unaligned
05810_p7_L26	589	4	num	4			null-or-unaligned
05810_p7_L26	590	84	num	84			null-or-unaligned
05810_p7_L26	591	118	num	118			null-or-unaligned
05810_p7_L26	592	82	num	82			null-or-unaligned
05810_p7_L26	593	2	num	2		n	agrees
05810_p7_L26	594	32	num	32			null-or-unaligned
05810_p7_L26	595	132	num	132			null-or-unaligned
05810_p7_L26	596	127	num	127			null-or-unaligned
05810_p7_L26	597	que	clear				clear
05810_p7_L26	598	la	clear				clear
05810_p7_L26	599	souvenance	clear				clear
05810_p7_L26	600	des	clear				clear
05810_p7_L26	601	cruaultez	clear				clear
05810_p7_L26	602	y	clear				clear
05810_p7_L26	603	expressees	clear				clear
05810_p7_L26	604	que	clear				clear
05810_p7_L26	605	se	clear				clear
05810_p7_L26	606	pourra	clear				clear
05810_p7_L26	607	jamais	clear				clear
05810_p7_L26	608	oblandre	clear				clear
05810_p7_L26	609	quand	clear				clear
05810_p7_L26	610	ce	clear				clear
05810_p7_L26	611	regard	clear				clear
05810_p7_L26	612	debuons	clear				clear
05810_p7_L26	613	bien	clear				clear
05810_p7_L26	614	penser	clear				clear
05810_p7_L26	615	121	num	121			null-or-unaligned
05810_p7_L26	616	136	num	136			null-or-unaligned
05810_p7_L26	617	124	num	124			null-or-unaligned
05810_p7_L26	618	122	num	122			null-or-unaligned
05810_p7_L26	619	19	num	19		q	agrees
05810_p7_L26	620	37	num	37		u	agrees
05810_p7_L26	621	81	num	81			null-or-unaligned
05810_p7_L26	622	113	num	113			null-or-unaligned
05810_p7_L26	623	32	num	32			null-or-unaligned
05810_p7_L26	624	22	num	22			null-or-unaligned
05810_p7_L26	625	64	num	64			null-or-unaligned
05810_p7_L26	626	104	num	104		i	agrees
05810_p7_L26	627	73	num	73			null-or-unaligned
05810_p7_L26	628	33	num	33			null-or-unaligned
05810_p7_L26	629	83	num	83			null-or-unaligned
05810_p7_L26	630	119	num	119			null-or-unaligned
05810_p7_L26	631	88	num	88			null-or-unaligned
05810_p7_L26	632	3	num	3			null-or-unaligned
05810_p7_L26	633	31	num	31			null-or-unaligned
05810_p7_L26	634	136	num	136			null-or-unaligned
05810_p7_L26	635	129	num	129			null-or-unaligned
05810_p7_L26	636	134	num	134			null-or-unaligned
05810_p7_L26	637	115	num	115		l	agrees
05810_p7_L26	638	81	num	81			null-or-unaligned
05810_p7_L26	639	2	num	2			null-or-unaligned
05810_p7_L26	640	1	num	1			null-or-unaligned
05810_p7_L26	641	83	num	83			null-or-unaligned
05810_p7_L26	642	120	num	120			null-or-unaligned
05810_p7_L26	643	84	num	84			null-or-unaligned
05810_p7_L26	644	90	num	90			null-or-unaligned
05810_p7_L26	645	21	num	21			null-or-unaligned
05810_p7_L26	646	8	num	8			null-or-unaligned
05810_p7_L26	647	103	num	103			null-or-unaligned
05810_p7_L26	648	34	num	34			null-or-unaligned
05810_p7_L26	649	62	num	62			null-or-unaligned
05810_p7_L26	650	36	num	36			null-or-unaligned
05810_p7_L26	651	47	num	47			null-or-unaligned
05810_p7_L26	652	63	num	63			null-or-unaligned
05810_p7_L26	653	40	num	40			null-or-unaligned
05810_p7_L26	654	114	num	114		l	agrees
05810_p7_L26	655	33	num	33			null-or-unaligned
05810_p7_L26	656	4	num	4			null-or-unaligned
05810_p7_L26	657	81	num	81			null-or-unaligned
05810_p7_L26	658	29	num	29			null-or-unaligned
05810_p7_L26	659	17	num	17			null-or-unaligned
05810_p7_L26	660	40	num	40		u	agrees
05810_p7_L26	661	108	num	108		y	conflict:i
05810_p7_L26	662	14	num	14		p	agrees
05810_p7_L26	663	64	num	64			null-or-unaligned
05810_p7_L26	664	24	num	24			null-or-unaligned
05810_p7_L26	665	90	num	90			null-or-unaligned
05810_p7_L26	666	62	num	62			null-or-unaligned
05810_p7_L26	667	37	num	37			null-or-unaligned
05810_p7_L26	668	112	num	112		l	agrees
05810_p7_L26	669	38	num	38			null-or-unaligned
05810_p7_L26	670	82	num	82			null-or-unaligned
05810_p7_L26	671	77	num	77			null-or-unaligned
05810_p7_L26	672	88	num	88			null-or-unaligned
05810_p7_L26	673	27	num	27			null-or-unaligned
05810_p7_L26	674	81	num	81			null-or-unaligned
05810_p7_L26	675	73	num	73			null-or-unaligned
05810_p7_L26	676	6	num	6			null-or-unaligned
05810_p7_L26	677	38	num	38			null-or-unaligned
05810_p7_L26	678	21	num	21			null-or-unaligned
05810_p7_L26	679	30	num	30			null-or-unaligned
05810_p7_L26	680	13	num	13			null-or-unaligned
05810_p7_L26	681	10	num	10			null-or-unaligned
05810_p7_L26	682	36	num	36			null-or-unaligned
05810_p7_L26	683	22	num	22			null-or-unaligned
05810_p7_L26	684	25	num	25			null-or-unaligned
05810_p7_L26	685	8	num	8			null-or-unaligned
05810_p7_L26	686	103	num	103			null-or-unaligned
05810_p7_L26	687	81	num	81			null-or-unaligned
05810_p7_L26	688	1	num	1			null-or-unaligned
05810_p7_L26	689	33	num	33			null-or-unaligned
05810_p7_L26	690	127	num	127			null-or-unaligned
05810_p7_L26	691	131	num	131			null-or-unaligned
05810_p7_L26	692	tomber	clear				clear
05810_p7_L26	693	entre	clear				clear
05810_p7_L26	694	bos	clear				clear
05810_p7_L26	695	mains	clear				clear
05810_p7_L26	696	puis	clear				clear
05810_p7_L26	697	que	clear				clear
05810_p7_L26	698	lui	clear				clear
05810_p7_L26	699	137	num	137			null-or-unaligned
05810_p7_L26	700	122	num	122		a	agrees
05810_p7_L26	701	79	num	79			null-or-unaligned
05810_p7_L26	702	84	num	84			null-or-unaligned
05810_p7_L26	703	13	num	13			null-or-unaligned
05810_p7_L26	704	38	num	38			null-or-unaligned
05810_p7_L26	705	103	num	103		i	agrees
05810_p7_L26	706	29	num	29		s	agrees
05810_p7_L26	707	113	num	113			null-or-unaligned
05810_p7_L26	708	62	num	62			null-or-unaligned
05810_p7_L26	709	22	num	22			null-or-unaligned
05810_p7_L26	710	82	num	82		e	agrees
05810_p7_L26	711	2	num	2		n	agrees
05810_p7_L26	712	77	num	77			null-or-unaligned
05810_p7_L26	713	108	num	108			null-or-unaligned
05810_p7_L26	714	34	num	34			null-or-unaligned
05810_p7_L26	715	104	num	104			null-or-unaligned
05810_p7_L26	716	10	num	10		o	agrees
05810_p7_L26	717	5	num	5			null-or-unaligned
05810_p7_L26	718	124	num	124			null-or-unaligned
05810_p7_L26	719	79	num	79			null-or-unaligned
05810_p7_L26	720	40	num	40		u	agrees
05810_p7_L26	721	76	num	76			null-or-unaligned
05810_p7_L26	722	103	num	103			null-or-unaligned
05810_p7_L26	723	74	num	74			null-or-unaligned
05810_p7_L26	724	35	num	35			null-or-unaligned
05810_p7_L26	725	223	num	223			null-or-unaligned
05810_p7_L26	726	126	num	126		s	conflict:denozaffaires
05810_p7_L26	727	64	num	64			null-or-unaligned
05810_p7_L26	728	21	num	21		r	agrees
05810_p7_L26	729	84	num	84			null-or-unaligned
05810_p7_L26	730	73	num	73			null-or-unaligned
05810_p7_L26	731	81	num	81			null-or-unaligned
05810_p7_L26	732	40	num	40			null-or-unaligned
05810_p7_L26	733	33	num	33			null-or-unaligned
05810_p7_L26	734	61	num	61			null-or-unaligned
05810_p7_L26	735	1	num	1			null-or-unaligned
05810_p7_L26	736	34	num	34			null-or-unaligned
05810_p7_L26	737	81	num	81		e	agrees
05810_p7_L26	738	1	num	1			null-or-unaligned
05810_p7_L26	739	147	num	147		g	single
05810_p7_L26	740	42	num	42			null-or-unaligned
05810_p7_L26	741	64	num	64		a	agrees
05810_p7_L26	742	34	num	34			null-or-unaligned
05810_p7_L26	743	84	num	84			null-or-unaligned
05810_p7_L26	744	25	num	25		r	agrees
05810_p7_L26	745	113	num	113			null-or-unaligned
05810_p7_L26	746	64	num	64			null-or-unaligned
05810_p7_L26	747	4	num	4			null-or-unaligned
05810_p7_L26	748	80	num	80		d	agrees
05810_p7_L26	749	33	num	33			null-or-unaligned
05810_p7_L26	750	121	num	121			null-or-unaligned
05810_p7_L26	751	16	num	16			null-or-unaligned
05810_p7_L26	752	36	num	36			null-or-unaligned
05810_p7_L26	753	81	num	81		e	agrees
05810_p7_L26	754	104	num	104			null-or-unaligned
05810_p7_L26	755	71	num	71			null-or-unaligned
05810_p7_L26	756	55	num	55			null-or-unaligned
05810_p7_L26	757	82	num	82			null-or-unaligned
05810_p7_L26	758	3	num	3			null-or-unaligned
05810_p7_L26	759	241	num	241			null-or-unaligned
05810_p7_L26	760	141	num	141			null-or-unaligned
05810_p7_L26	761	si	clear				clear
05810_p7_L26	762	grand	clear				clear
05810_p7_L26	763	secours	clear				clear
05810_p7_L26	764	porte	clear				clear
05810_p7_L26	765	honte	clear				clear
05810_p7_L26	766	et	clear				clear
05810_p7_L26	767	desergongne	clear				clear
05810_p7_L26	768	vous	clear				clear
05810_p7_L26	769	cognoistrez	clear				clear
05810_p7_L26	770	126	num	126			null-or-unaligned
05810_p7_L26	771	143	num	143			null-or-unaligned
05810_p7_L26	772	27	num	27			null-or-unaligned
05810_p7_L26	773	7	num	7			null-or-unaligned
05810_p7_L26	774	2	num	2			null-or-unaligned
05810_p7_L26	775	1	num	1			null-or-unaligned
05810_p7_L26	776	62	num	62			null-or-unaligned
05810_p7_L26	777	31	num	31			null-or-unaligned
05810_p7_L26	778	39	num	39			null-or-unaligned
05810_p7_L26	779	23	num	23		r	agrees
05810_p7_L26	780	83	num	83			null-or-unaligned
05810_p7_L26	781	115	num	115			null-or-unaligned
05810_p7_L26	782	4	num	4			null-or-unaligned
05810_p7_L26	783	9	num	9			null-or-unaligned
05810_p7_L26	784	3	num	3			null-or-unaligned
05810_p7_L26	785	28	num	28			null-or-unaligned
05810_p7_L26	786	81	num	81			null-or-unaligned
05810_p7_L26	787	37	num	37			null-or-unaligned
05810_p7_L26	788	112	num	112			null-or-unaligned
05810_p7_L26	789	115	num	115			null-or-unaligned
05810_p7_L26	790	81	num	81			null-or-unaligned
05810_p7_L26	791	120	num	120			null-or-unaligned
05810_p7_L26	792	81	num	81		e	agrees
05810_p7_L26	793	1	num	1		n	agrees
05810_p7_L26	794	32	num	32			null-or-unaligned
05810_p7_L26	795	61	num	61			null-or-unaligned
05810_p7_L26	796	119	num	119		m	agrees
05810_p7_L26	797	68	num	68			null-or-unaligned
05810_p7_L26	798	108	num	108			null-or-unaligned
05810_p7_L26	799	33	num	33			null-or-unaligned
05810_p7_L26	800	104	num	104			null-or-unaligned
05810_p7_L26	801	83	num	83			null-or-unaligned
05810_p7_L26	802	38	num	38			null-or-unaligned
05810_p7_L26	803	47	num	47			null-or-unaligned
05810_p7_L26	804	81	num	81			null-or-unaligned
05810_p7_L26	805	32	num	32			null-or-unaligned
05810_p7_L26	806	39	num	39			null-or-unaligned
05810_p7_L26	807	108	num	108		i	agrees
05810_p7_L26	808	1	num	1			null-or-unaligned
05810_p7_L26	809	78	num	78			null-or-unaligned
05810_p7_L26	810	104	num	104			null-or-unaligned
05810_p7_L26	811	73	num	73			null-or-unaligned
05810_p7_L26	812	63	num	63			null-or-unaligned
05810_p7_L26	813	31	num	31			null-or-unaligned
05810_p7_L26	814	53	num	53			null-or-unaligned
05810_p7_L26	815	87	num	87			null-or-unaligned
05810_p7_L26	816	118	num	118			null-or-unaligned
05810_p7_L26	817	64	num	64			null-or-unaligned
05810_p7_L26	818	104	num	104			null-or-unaligned
05810_p7_L26	819	27	num	27		s	agrees
05810_p7_L26	820	18	num	18			null-or-unaligned
05810_p7_L26	821	40	num	40			null-or-unaligned
05810_p7_L26	822	62	num	62			null-or-unaligned
05810_p7_L26	823	28	num	28		r	conflict:s
05810_p7_L26	824	108	num	108		i	agrees
05810_p7_L26	825	128	num	128			null-or-unaligned
05810_p7_L26	826	141	num	141			null-or-unaligned
05810_p7_L26	827	despouiller	clear				clear
05810_p7_L26	828	de	clear				clear
05810_p7_L26	829	toute	clear				clear
05810_p7_L26	830	humanite	clear				clear
05810_p7_L26	831	je	clear				clear
05810_p7_L26	832	ne	clear				clear
05810_p7_L26	833	vous	clear				clear
05810_p7_L26	834	diz	clear				clear
05810_p7_L26	835	point	clear				clear
05810_p7_L26	836	tout	clear				clear
05810_p7_L26	837	cecy	clear				clear
05810_p7_L26	838	pour	clear				clear
05810_p7_L26	839	aucunement	clear				clear
05810_p7_L26	840	127	num	127		c	conflict:r
05810_p7_L26	841	121	num	121		o	conflict:e
05810_p7_L26	842	118	num	118			null-or-unaligned
05810_p7_L26	843	82	num	82			null-or-unaligned
05810_p7_L26	844	77	num	77			null-or-unaligned
05810_p7_L26	845	81	num	81			null-or-unaligned
05810_p7_L26	846	87	num	87			null-or-unaligned
05810_p7_L26	847	88	num	88			null-or-unaligned
05810_p7_L26	848	101	num	101			null-or-unaligned
05810_p7_L26	849	81	num	81			null-or-unaligned
05810_p7_L26	850	22	num	22		r	agrees
05810_p7_L26	851	79	num	79		d	agrees
05810_p7_L26	852	82	num	82			null-or-unaligned
05810_p7_L26	853	39	num	39			null-or-unaligned
05810_p7_L26	854	7	num	7			null-or-unaligned
05810_p7_L26	855	68	num	68			null-or-unaligned
05810_p7_L26	856	70	num	70			null-or-unaligned
05810_p7_L26	857	7	num	7			null-or-unaligned
05810_p7_L26	858	4	num	4			null-or-unaligned
05810_p7_L26	859	3	num	3			null-or-unaligned
05810_p7_L26	860	81	num	81		e	agrees
05810_p7_L26	861	30	num	30		s	agrees
05810_p7_L26	862	77	num	77			null-or-unaligned
05810_p7_L26	863	104	num	104			null-or-unaligned
05810_p7_L26	864	114	num	114			null-or-unaligned
05810_p7_L26	865	102	num	102			null-or-unaligned
05810_p7_L26	866	93	num	93		a	agrees
05810_p7_L26	867	81	num	81			null-or-unaligned
05810_p7_L26	868	2	num	2		n	agrees
05810_p7_L26	869	74	num	74			null-or-unaligned
05810_p7_L26	870	82	num	82			null-or-unaligned
05810_p7_L26	871	27	num	27		s	agrees
05810_p7_L26	872	127	num	127			null-or-unaligned
05810_p7_L26	873	144	num	144		n	single
05810_p7_L26	874	apant	clear				clear
05810_p7_L26	875	enduant	clear				clear
05810_p7_L26	876	par	clear				clear
05810_p7_L26	877	plusieurs	clear				clear
05810_p7_L26	878	131	num	131		o	conflict:a
05810_p7_L26	879	114	num	114			null-or-unaligned
05810_p7_L26	880	82	num	82			null-or-unaligned
05810_p7_L26	881	33	num	33			null-or-unaligned
05810_p7_L26	882	31	num	31			null-or-unaligned
05810_p7_L26	883	21	num	21			null-or-unaligned
05810_p7_L26	884	83	num	83			null-or-unaligned
05810_p7_L26	885	26	num	26			null-or-unaligned
05810_p7_L26	886	40	num	40		u	agrees
05810_p7_L26	887	9	num	9			null-or-unaligned
05810_p7_L26	888	26	num	26		s	agrees
05810_p7_L26	889	32	num	32			null-or-unaligned
05810_p7_L26	890	21	num	21		l	conflict:r
05810_p7_L26	891	82	num	82			null-or-unaligned
05810_p7_L26	892	27	num	27			null-or-unaligned
05810_p7_L26	893	61	num	61		a	agrees
05810_p7_L26	894	28	num	28			null-or-unaligned
05810_p7_L26	895	27	num	27			null-or-unaligned
05810_p7_L26	896	83	num	83			null-or-unaligned
05810_p7_L26	897	60	num	60			null-or-unaligned
05810_p7_L26	898	39	num	39			null-or-unaligned
05810_p7_L26	899	85	num	85			null-or-unaligned
05810_p7_L26	900	39	num	39			null-or-unaligned
05810_p7_L26	901	114	num	114		i	conflict:l
05810_p7_L26	902	82	num	82			null-or-unaligned
05810_p7_L26	903	26	num	26		s	agrees
05810_p7_L26	904	70	num	70			null-or-unaligned
05810_p7_L26	905	7	num	7			null-or-unaligned
05810_p7_L26	906	2	num	2			null-or-unaligned
05810_p7_L26	907	26	num	26		s	agrees
05810_p7_L26	908	77	num	77			null-or-unaligned
05810_p7_L26	909	82	num	82		e	agrees
05810_p7_L26	910	67	num	67			null-or-unaligned
05810_p7_L26	911	38	num	38			null-or-unaligned
05810_p7_L26	912	7	num	7			null-or-unaligned
05810_p7_L26	913	108	num	108			null-or-unaligned
05810_p7_L26	914	24	num	24		r	agrees
05810_p7_L26	915	29	num	29			null-or-unaligned
05810_p7_L26	916	121	num	121			null-or-unaligned
05810_p7_L26	917	132	num	132			null-or-unaligned
05810_p7_L26	918	que	clear				clear
05810_p7_L26	919	vous	clear				clear
05810_p7_L26	920	faictes	clear				clear
05810_p7_L26	921	sans	clear				clear
05810_p7_L26	922	cesse	clear				clear
05810_p7_L26	923	mais	clear				clear
05810_p7_L26	924	pourtant	clear				clear
05810_p7_L26	925	que	clear				clear
05810_p7_L26	926	plusieurs	clear				clear
05810_p7_L26	927	129	num	129			null-or-unaligned
05810_p7_L26	928	87	num	87			null-or-unaligned
05810_p7_L26	929	64	num	64			null-or-unaligned
05810_p7_L26	930	104	num	104			null-or-unaligned
05810_p7_L26	931	77	num	77			null-or-unaligned
05810_p7_L26	932	35	num	35		t	agrees
05810_p7_L26	933	8	num	8		o	agrees
05810_p7_L26	934	39	num	39		m	conflict:u
05810_p7_L26	935	38	num	38		b	conflict:u
05810_p7_L26	936	85	num	85		e	agrees
05810_p7_L26	937	25	num	25		r	agrees
05810_p7_L26	938	33	num	33			null-or-unaligned
05810_p7_L26	939	37	num	37			null-or-unaligned
05810_p7_L26	940	22	num	22			null-or-unaligned
05810_p7_L26	941	82	num	82		e	agrees
05810_p7_L26	942	126	num	126			null-or-unaligned
05810_p7_L26	943	et	clear				clear
05810_p7_L26	944	lesquelz	clear				clear
05810_p7_L26	945	jan	clear				clear
05810_p7_L26	946	trouve	clear				clear
05810_p7_L26	947	111	num	111			null-or-unaligned
05810_p7_L26	948	6	num	6			null-or-unaligned
05810_p7_L26	949	2	num	2		n	agrees
05810_p7_L26	950	91	num	91			null-or-unaligned
05810_p7_L26	951	39	num	39			null-or-unaligned
05810_p7_L26	952	81	num	81			null-or-unaligned
05810_p7_L26	953	37	num	37			null-or-unaligned
05810_p7_L26	954	22	num	22			null-or-unaligned
05810_p7_L26	955	121	num	121			null-or-unaligned
05810_p7_L26	956	81	num	81			null-or-unaligned
05810_p7_L26	957	31	num	31		t	agrees
05810_p7_L26	958	16	num	16			null-or-unaligned
05810_p7_L26	959	36	num	36			null-or-unaligned
05810_p7_L26	960	83	num	83		e	agrees
05810_p7_L26	961	114	num	114		l	agrees
05810_p7_L26	962	62	num	62			null-or-unaligned
05810_p7_L26	963	32	num	32			null-or-unaligned
05810_p7_L26	964	61	num	61			null-or-unaligned
05810_p7_L26	965	21	num	21			null-or-unaligned
05810_p7_L26	966	76	num	76			null-or-unaligned
05810_p7_L26	967	103	num	103			null-or-unaligned
05810_p7_L26	968	38	num	38			null-or-unaligned
05810_p7_L26	969	102	num	102			null-or-unaligned
05810_p7_L26	970	79	num	79			null-or-unaligned
05810_p7_L26	971	81	num	81			null-or-unaligned
05810_p7_L26	972	79	num	79			null-or-unaligned
05810_p7_L26	973	81	num	81			null-or-unaligned
05810_p7_L26	974	113	num	113		l	agrees
05810_p7_L26	975	82	num	82		e	agrees
05810_p7_L26	976	48	num	48			null-or-unaligned
05810_p7_L26	977	84	num	84		e	agrees
05810_p7_L26	978	73	num	73			null-or-unaligned
05810_p7_L26	979	36	num	36		x	conflict:u
05810_p7_L26	980	34	num	34		t	agrees
05810_p7_L26	981	104	num	104			null-or-unaligned
05810_p7_L26	982	7	num	7			null-or-unaligned
05810_p7_L26	983	4	num	4			null-or-unaligned
05810_p7_L26	984	131	num	131			null-or-unaligned
05810_p7_L26	985	8	num	8			null-or-unaligned
05810_p7_L26	986	10	num	10			null-or-unaligned
05810_p7_L26	987	36	num	36			null-or-unaligned
05810_p7_L26	988	27	num	27			null-or-unaligned
05810_p7_L26	989	64	num	64			null-or-unaligned
05810_p7_L26	990	14	num	14			null-or-unaligned
05810_p7_L26	991	13	num	13			null-or-unaligned
05810_p7_L26	992	8	num	8			null-or-unaligned
05810_p7_L26	993	21	num	21		r	agrees
05810_p7_L26	994	33	num	33			null-or-unaligned
05810_p7_L26	995	81	num	81			null-or-unaligned
05810_p7_L26	996	127	num	127			null-or-unaligned
05810_p7_L26	997	des	clear				clear
05810_p7_L26	998	domaiges	clear				clear
05810_p7_L26	999	et	clear				clear
05810_p7_L26	1000	inconveniens	clear				clear
05810_p7_L26	1001	irreparables	clear				clear
05810_p7_L26	1002	dont	clear				clear
05810_p7_L26	1003	pourrez	clear				clear
05810_p7_L26	1004	facillement	clear				clear
05810_p7_L26	1005	considerer	clear				clear
05810_p7_L26	1006	combien	clear				clear
05810_p7_L26	1007	138	num	138			null-or-unaligned
05810_p7_L26	1008	141	num	141		m	conflict:y
05810_p7_L26	1009	115	num	115			null-or-unaligned
05810_p7_L26	1010	61	num	61			null-or-unaligned
05810_p7_L26	1011	79	num	79			null-or-unaligned
05810_p7_L26	1012	102	num	102			null-or-unaligned
05810_p7_L26	1013	113	num	113			null-or-unaligned
05810_p7_L26	1014	105	num	105		i	agrees
05810_p7_L26	1015	92	num	92			null-or-unaligned
05810_p7_L26	1016	82	num	82			null-or-unaligned
05810_p7_L26	1017	3	num	3			null-or-unaligned
05810_p7_L26	1018	74	num	74			null-or-unaligned
05810_p7_L26	1019	82	num	82			null-or-unaligned
05810_p7_L26	1020	81	num	81			null-or-unaligned
05810_p7_L26	1021	2	num	2		t	conflict:n
05810_p7_L26	1022	20	num	20		q	agrees
05810_p7_L26	1023	36	num	36		u	agrees
05810_p7_L26	1024	85	num	85			null-or-unaligned
05810_p7_L26	1025	39	num	39			null-or-unaligned
05810_p7_L26	1026	2	num	2			null-or-unaligned
05810_p7_L26	1027	93	num	93			null-or-unaligned
05810_p7_L26	1028	69	num	69			null-or-unaligned
05810_p7_L26	1029	8	num	8			null-or-unaligned
05810_p7_L26	1030	5	num	5			null-or-unaligned
05810_p7_L26	1031	28	num	28		i	conflict:s
05810_p7_L26	1032	83	num	83			null-or-unaligned
05810_p7_L26	1033	75	num	75		c	agrees
05810_p7_L26	1034	6	num	6			null-or-unaligned
05810_p7_L26	1035	40	num	40			null-or-unaligned
05810_p7_L26	1036	24	num	24			null-or-unaligned
05810_p7_L26	1037	28	num	28			null-or-unaligned
05810_p7_L26	1038	1	num	1			null-or-unaligned
05810_p7_L26	1039	6	num	6		a	conflict:o
05810_p7_L26	1040	36	num	36		u	agrees
05810_p7_L26	1041	28	num	28		s	agrees
05810_p7_L26	1042	126	num	126			null-or-unaligned
05810_p7_L26	1043	134	num	134			null-or-unaligned
05810_p7_L26	1044	33	num	33			null-or-unaligned
05810_p7_L26	1045	104	num	104			null-or-unaligned
05810_p7_L26	1046	21	num	21			null-or-unaligned
05810_p7_L26	1047	83	num	83		e	agrees
05810_p7_L26	1048	22	num	22		r	agrees
05810_p7_L26	1049	7	num	7		o	agrees
05810_p7_L26	1050	102	num	102			null-or-unaligned
05810_p7_L26	1051	105	num	105		i	agrees
05810_p7_L26	1052	maintenant	clear				clear
05810_p7_L26	1053	auecq	clear				clear
05810_p7_L26	1054	peu	clear				clear
05810_p7_L26	1055	de	clear				clear
05810_p7_L26	1056	peyne	clear				clear
05810_p7_L26	1057	142	num	142			null-or-unaligned
05810_p7_L26	1058	121	num	121			null-or-unaligned
05810_p7_L26	1059	99	num	99			null-or-unaligned
05810_p7_L26	1060	9	num	9			null-or-unaligned
05810_p7_L26	1061	21	num	21			null-or-unaligned
05810_p7_L26	1062	26	num	26			null-or-unaligned
05810_p7_L26	1063	124	num	124		t	agrees
05810_p7_L26	1064	85	num	85			null-or-unaligned
05810_p7_L26	1065	2	num	2			null-or-unaligned
05810_p7_L26	1066	3	num	3			null-or-unaligned
05810_p7_L26	1067	84	num	84			null-or-unaligned
05810_p7_L26	1068	119	num	119			null-or-unaligned
05810_p7_L26	1069	104	num	104		i	agrees
05810_p7_L26	1070	84	num	84			null-or-unaligned
05810_p7_L26	1071	27	num	27			null-or-unaligned
05810_p7_L26	1072	33	num	33			null-or-unaligned
05810_p7_L26	1073	63	num	63			null-or-unaligned
05810_p7_L26	1074	3	num	3		n	agrees
05810_p7_L26	1075	34	num	34			null-or-unaligned
05810_p7_L26	1076	77	num	77			null-or-unaligned
05810_p7_L26	1077	82	num	82			null-or-unaligned
05810_p7_L26	1078	26	num	26			null-or-unaligned
05810_p7_L26	1079	72	num	72			null-or-unaligned
05810_p7_L26	1080	6	num	6			null-or-unaligned
05810_p7_L26	1081	36	num	36			null-or-unaligned
05810_p7_L26	1082	22	num	22			null-or-unaligned
05810_p7_L26	1083	61	num	61			null-or-unaligned
05810_p7_L26	1084	95	num	95			null-or-unaligned
05810_p7_L26	1085	82	num	82			null-or-unaligned
05810_p7_L26	1086	81	num	81			null-or-unaligned
05810_p7_L26	1087	27	num	27			null-or-unaligned
05810_p7_L26	1088	79	num	79		d	agrees
05810_p7_L26	1089	81	num	81			null-or-unaligned
05810_p7_L26	1090	26	num	26			null-or-unaligned
05810_p7_L26	1091	36	num	36		u	agrees
05810_p7_L26	1092	2	num	2			null-or-unaligned
05810_p7_L26	1093	103	num	103			null-or-unaligned
05810_p7_L26	1094	83	num	83			null-or-unaligned
05810_p7_L26	1095	27	num	27			null-or-unaligned
05810_p7_L26	1096	81	num	81			null-or-unaligned
05810_p7_L26	1097	31	num	31			null-or-unaligned
05810_p7_L26	1098	83	num	83			null-or-unaligned
05810_p7_L26	1099	27	num	27			null-or-unaligned
05810_p7_L26	1100	12	num	12			null-or-unaligned
05810_p7_L26	1101	67	num	67		b	agrees
05810_p7_L26	1102	21	num	21			null-or-unaligned
05810_p7_L26	1103	27	num	27			null-or-unaligned
05810_p7_L26	1104	82	num	82			null-or-unaligned
05810_p7_L26	1105	28	num	28			null-or-unaligned
05810_p7_L26	1106	77	num	77			null-or-unaligned
05810_p7_L26	1107	82	num	82			null-or-unaligned
05810_p7_L26	1108	126	num	126			null-or-unaligned
05810_p7_L26	1109	129	num	129			null-or-unaligned
05810_p7_L26	1110	35	num	35			null-or-unaligned
05810_p7_L26	1111	0	num	0			null-or-unaligned
05810_p7_L26	1112	39	num	39			null-or-unaligned
05810_p7_L26	1113	27	num	27			null-or-unaligned
05810_p7_L26	1114	75	num	75			null-or-unaligned
05810_p7_L26	1115	8	num	8			null-or-unaligned
05810_p7_L26	1116	29	num	29			null-or-unaligned
05810_p7_L26	1117	33	num	33			null-or-unaligned
05810_p7_L26	1118	81	num	81			null-or-unaligned
05810_p7_L26	1119	60	num	60			null-or-unaligned
05810_p7_L26	1120	124	num	124			null-or-unaligned
05810_p7_L26	1121	qui	clear				clear
05810_p7_L26	1122	me	clear				clear
05810_p7_L26	1123	faut	clear				clear
05810_p7_L26	1124	encores	clear				clear
05810_p7_L26	1125	fois	clear				clear
05810_p7_L26	1126	vous	clear				clear
05810_p7_L26	1127	prier	clear				clear
05810_p7_L26	1128	que	clear				clear
05810_p7_L26	1129	136	num	136			null-or-unaligned
05810_p7_L26	1130	149	num	149			null-or-unaligned
05810_p7_L26	1131	104	num	104			null-or-unaligned
05810_p7_L26	1132	2	num	2			null-or-unaligned
05810_p7_L26	1133	72	num	72			null-or-unaligned
05810_p7_L26	1134	6	num	6			null-or-unaligned
05810_p7_L26	1135	3	num	3			null-or-unaligned
05810_p7_L26	1136	32	num	32			null-or-unaligned
05810_p7_L26	1137	103	num	103		i	agrees
05810_p7_L26	1138	3	num	3			null-or-unaligned
05810_p7_L26	1139	81	num	81			null-or-unaligned
05810_p7_L26	1140	2	num	2			null-or-unaligned
05810_p7_L26	1141	33	num	33		t	agrees
05810_p7_L26	1142	73	num	73			null-or-unaligned
05810_p7_L26	1143	81	num	81			null-or-unaligned
05810_p7_L26	1144	26	num	26			null-or-unaligned
05810_p7_L26	1145	31	num	31			null-or-unaligned
05810_p7_L26	1146	81	num	81			null-or-unaligned
05810_p7_L26	1147	40	num	40			null-or-unaligned
05810_p7_L26	1148	81	num	81			null-or-unaligned
05810_p7_L26	1149	39	num	39			null-or-unaligned
05810_p7_L26	1150	83	num	83			null-or-unaligned
05810_p7_L26	1151	te	clear				clear
05810_p7_L26	1152	puisse	clear				clear
05810_p7_L26	1153	avoir	clear				clear
05810_p7_L26	1154	129	num	129			null-or-unaligned
05810_p7_L26	1155	134	num	134			null-or-unaligned
05810_p7_L26	1156	63	num	63		a	agrees
05810_p7_L26	1157	67	num	67		b	agrees
05810_p7_L26	1158	27	num	27			null-or-unaligned
05810_p7_L26	1159	6	num	6			null-or-unaligned
05810_p7_L26	1160	112	num	112		l	agrees
05810_p7_L26	1161	38	num	38			null-or-unaligned
05810_p7_L26	1162	33	num	33			null-or-unaligned
05810_p7_L26	1163	81	num	81		e	agrees
05810_p7_L26	1164	141	num	141			null-or-unaligned
05810_p7_L26	1165	125	num	125		m	single
05810_p7_L26	1166	22	num	22			null-or-unaligned
05810_p7_L26	1167	83	num	83		e	agrees
05810_p7_L26	1168	28	num	28			null-or-unaligned
05810_p7_L26	1169	13	num	13			null-or-unaligned
05810_p7_L26	1170	8	num	8			null-or-unaligned
05810_p7_L26	1171	1	num	1		n	agrees
05810_p7_L26	1172	27	num	27			null-or-unaligned
05810_p7_L26	1173	84	num	84			null-or-unaligned
05810_p7_L26	1174	79	num	79			null-or-unaligned
05810_p7_L26	1175	85	num	85			null-or-unaligned
05810_p7_L26	1176	37	num	37			null-or-unaligned
05810_p7_L26	1177	7	num	7			null-or-unaligned
05810_p7_L26	1178	86	num	86			null-or-unaligned
05810_p7_L26	1179	28	num	28			null-or-unaligned
05810_p7_L26	1180	132	num	132			null-or-unaligned
05810_p7_L26	1181	81	num	81			null-or-unaligned
05810_p7_L26	1182	32	num	32			null-or-unaligned
05810_p7_L26	1183	12	num	12			null-or-unaligned
05810_p7_L26	1184	112	num	112			null-or-unaligned
05810_p7_L26	1185	36	num	36			null-or-unaligned
05810_p7_L26	1186	26	num	26			null-or-unaligned
05810_p7_L26	1187	34	num	34			null-or-unaligned
05810_p7_L26	1188	16	num	16			null-or-unaligned
05810_p7_L26	1189	29	num	29			null-or-unaligned
05810_p7_L26	1190	34	num	34		t	agrees
05810_p7_L26	1191	14	num	14		p	agrees
05810_p7_L26	1192	62	num	62		a	agrees
05810_p7_L26	1193	22	num	22		r	agrees
05810_p7_L26	1194	78	num	78			null-or-unaligned
05810_p7_L26	1195	82	num	82			null-or-unaligned
05810_p7_L26	1196	39	num	39			null-or-unaligned
05810_p7_L26	1197	48	num	48			null-or-unaligned
05810_p7_L26	1198	9	num	9			null-or-unaligned
05810_p7_L26	1199	39	num	39			null-or-unaligned
05810_p7_L26	1200	34	num	34		t	agrees
05810_p7_L26	1201	22	num	22			null-or-unaligned
05810_p7_L26	1202	6	num	6			null-or-unaligned
05810_p7_L26	1203	103	num	103			null-or-unaligned
05810_p7_L26	1204	27	num	27			null-or-unaligned
05810_p7_L26	1205	143	num	143			null-or-unaligned
05810_p7_L26	1206	79	num	79			null-or-unaligned
05810_p7_L26	1207	102	num	102			null-or-unaligned
05810_p7_L26	1208	38	num	38			null-or-unaligned
05810_p7_L26	1209	82	num	82			null-or-unaligned
05810_p7_L26	1210	23	num	23		r	agrees
05810_p7_L26	1211	30	num	30			null-or-unaligned
05810_p7_L26	1212	29	num	29			null-or-unaligned
05810_p7_L26	1213	81	num	81			null-or-unaligned
05810_p7_L26	1214	28	num	28			null-or-unaligned
05810_p7_L26	1215	38	num	38			null-or-unaligned
05810_p7_L26	1216	7	num	7		o	agrees
05810_p7_L26	1217	103	num	103			null-or-unaligned
05810_p7_L26	1218	81	num	81			null-or-unaligned
05810_p7_L26	1219	26	num	26			null-or-unaligned
05810_p7_L26	1220	130	num	130			null-or-unaligned
05810_p7_L26	1221	129	num	129			null-or-unaligned
05810_p7_L26	1222	121	num	121			null-or-unaligned
05810_p7_L26	1223	les	clear				clear
05810_p7_L26	1224	126	num	126			null-or-unaligned
05810_p7_L26	1225	127	num	127			null-or-unaligned
05810_p7_L26	1226	134	num	134			null-or-unaligned
05810_p7_L26	1227	14	num	14		p	agrees
05810_p7_L26	1228	38	num	38			null-or-unaligned
05810_p7_L26	1229	102	num	102			null-or-unaligned
05810_p7_L26	1230	28	num	28			null-or-unaligned
05810_p7_L26	1231	18	num	18			null-or-unaligned
05810_p7_L26	1232	37	num	37			null-or-unaligned
05810_p7_L26	1233	85	num	85			null-or-unaligned
05810_p7_L26	1234	104	num	104		g	conflict:i
05810_p7_L26	1235	84	num	84			null-or-unaligned
05810_p7_L26	1236	2	num	2			null-or-unaligned
05810_p7_L26	1237	53	num	53			null-or-unaligned
05810_p7_L26	1238	63	num	63			null-or-unaligned
05810_p7_L26	1239	54	num	54			null-or-unaligned
05810_p7_L26	1240	33	num	33			null-or-unaligned
05810_p7_L26	1241	22	num	22		r	agrees
05810_p7_L26	1242	10	num	10			null-or-unaligned
05810_p7_L26	1243	39	num	39			null-or-unaligned
05810_p7_L26	1244	38	num	38			null-or-unaligned
05810_p7_L26	1245	85	num	85			null-or-unaligned
05810_p7_L26	1246	128	num	128			null-or-unaligned
05810_p7_L26	1247	61	num	61		a	agrees
05810_p7_L26	1248	37	num	37			null-or-unaligned
05810_p7_L26	1249	72	num	72			null-or-unaligned
05810_p7_L26	1250	38	num	38			null-or-unaligned
05810_p7_L26	1251	4	num	4			null-or-unaligned
05810_p7_L26	1252	82	num	82			null-or-unaligned
05810_p7_L26	1253	23	num	23			null-or-unaligned
05810_p7_L26	1254	82	num	82			null-or-unaligned
05810_p7_L26	1255	29	num	29			null-or-unaligned
05810_p7_L26	1256	5	num	5			null-or-unaligned
05810_p7_L26	1257	114	num	114			null-or-unaligned
05810_p7_L26	1258	37	num	37			null-or-unaligned
05810_p7_L26	1259	35	num	35			null-or-unaligned
05810_p7_L26	1260	105	num	105			null-or-unaligned
05810_p7_L26	1261	8	num	8			null-or-unaligned
05810_p7_L26	1262	3	num	3		n	agrees
05810_p7_L26	1263	80	num	80		d	agrees
05810_p7_L26	1264	83	num	83			null-or-unaligned
05810_p7_L26	1265	38	num	38			null-or-unaligned
05810_p7_L26	1266	1	num	1			null-or-unaligned
05810_p7_L26	1267	57	num	57			null-or-unaligned
05810_p7_L26	1268	127	num	127			null-or-unaligned
05810_p7_L26	1269	65	num	65			null-or-unaligned
05810_p7_L26	1270	88	num	88			null-or-unaligned
05810_p7_L26	1271	87	num	87			null-or-unaligned
05810_p7_L26	1272	62	num	62			null-or-unaligned
05810_p7_L26	1273	102	num	102			null-or-unaligned
05810_p7_L26	1274	23	num	23			null-or-unaligned
05810_p7_L26	1275	81	num	81		e	agrees
05810_p7_L26	1276	27	num	27			null-or-unaligned
05810_p7_L26	1277	129	num	129			null-or-unaligned
05810_p7_L26	1278	70	num	70			null-or-unaligned
05810_p7_L26	1279	102	num	102			null-or-unaligned
05810_p7_L26	1280	81	num	81		e	agrees
05810_p7_L26	1281	2	num	2			null-or-unaligned
05810_p7_L26	1282	18	num	18			null-or-unaligned
05810_p7_L26	1283	38	num	38			null-or-unaligned
05810_p7_L26	1284	82	num	82			null-or-unaligned
05810_p7_L26	1285	26	num	26		f	agrees
05810_p7_L26	1286	38	num	38			null-or-unaligned
05810_p7_L26	1287	105	num	105			null-or-unaligned
05810_p7_L26	1288	26	num	26		f	agrees
05810_p7_L26	1289	82	num	82			null-or-unaligned
05810_p7_L26	1290	30	num	30			null-or-unaligned
05810_p7_L26	1291	35	num	35			null-or-unaligned
05810_p7_L26	1292	85	num	85			null-or-unaligned
05810_p7_L26	1293	65	num	65			null-or-unaligned
05810_p7_L26	1294	105	num	105			null-or-unaligned
05810_p7_L26	1295	28	num	28			null-or-unaligned
05810_p7_L26	1296	84	num	84			null-or-unaligned
05810_p7_L26	1297	78	num	78			null-or-unaligned
05810_p7_L26	1298	81	num	81			null-or-unaligned
05810_p7_L26	1299	37	num	37			null-or-unaligned
05810_p7_L26	1300	82	num	82			null-or-unaligned
05810_p7_L26	1301	6	num	6			null-or-unaligned
05810_p7_L26	1302	105	num	105			null-or-unaligned
05810_p7_L26	1303	25	num	25			null-or-unaligned
05810_p7_L26	1304	121	num	121			null-or-unaligned
05810_p7_L26	1305	16	num	16			null-or-unaligned
05810_p7_L26	1306	36	num	36		u	agrees
05810_p7_L26	1307	81	num	81			null-or-unaligned
05810_p7_L26	1308	113	num	113			null-or-unaligned
05810_p7_L26	1309	62	num	62			null-or-unaligned
05810_p7_L26	1310	131	num	131			null-or-unaligned
05810_p7_L26	1311	74	num	74			null-or-unaligned
05810_p7_L26	1312	7	num	7			null-or-unaligned
05810_p7_L26	1313	3	num	3			null-or-unaligned
05810_p7_L26	1314	87	num	87		s	agrees
05810_p7_L26	1315	83	num	83			null-or-unaligned
05810_p7_L26	1316	79	num	79			null-or-unaligned
05810_p7_L26	1317	84	num	84			null-or-unaligned
05810_p7_L26	1318	22	num	22			null-or-unaligned
05810_p7_L26	1319	63	num	63			null-or-unaligned
05810_p7_L26	1320	33	num	33			null-or-unaligned
05810_p7_L26	1321	105	num	105		i	agrees
05810_p7_L26	1322	8	num	8		o	agrees
05810_p7_L26	1323	3	num	3		n	agrees
05810_p7_L26	1324	13	num	13			null-or-unaligned
05810_p7_L26	1325	64	num	64			null-or-unaligned
05810_p7_L26	1326	23	num	23			null-or-unaligned
05810_p7_L26	1327	79	num	79		d	agrees
05810_p7_L26	1328	81	num	81			null-or-unaligned
05810_p7_L26	1329	113	num	113			null-or-unaligned
05810_p7_L26	1330	63	num	63			null-or-unaligned
05810_p7_L26	1331	129	num	129			null-or-unaligned
05810_p7_L26	1332	19	num	19			null-or-unaligned
05810_p7_L26	1333	38	num	38			null-or-unaligned
05810_p7_L26	1334	81	num	81		e	agrees
05810_p7_L26	1335	27	num	27		s	agrees
05810_p7_L26	1336	73	num	73			null-or-unaligned
05810_p7_L26	1337	61	num	61		a	agrees
05810_p7_L26	1338	36	num	36			null-or-unaligned
05810_p7_L26	1339	82	num	82			null-or-unaligned
05810_p7_L26	1340	58	num	58			null-or-unaligned
05810_p7_L26	1341	123	num	123			null-or-unaligned
05810_p7_L26	1342	est	clear				clear
05810_p7_L26	1343	en	clear				clear
05810_p7_L26	1344	bons	clear				clear
05810_p7_L26	1345	termes	clear				clear
05810_p7_L26	1346	et	clear				clear
05810_p7_L26	1347	que	clear				clear
05810_p7_L26	1348	131	num	131			null-or-unaligned
05810_p7_L26	1349	157	num	157			null-or-unaligned
05810_p7_L26	1350	124	num	124		n	conflict:t
05810_p7_L26	1351	sembler	clear				clear
05810_p7_L26	1352	proceder	clear				clear
05810_p7_L26	1353	auecq	clear				clear
05810_p7_L26	1354	toute	clear				clear
05810_p7_L26	1355	sincerite	clear				clear
05810_p7_L26	1356	et	clear				clear
05810_p7_L26	1357	toutesfois	clear				clear
05810_p7_L26	1358	se	clear				clear
05810_p7_L26	1359	sera	clear				clear
05810_p7_L26	1360	bon	clear				clear
05810_p7_L26	1361	de	clear				clear
05810_p7_L26	1362	prendre	clear				clear
05810_p7_L26	1363	toujours	clear				clear
05810_p7_L26	1364	esgard	clear				clear
05810_p7_L26	1365	a	clear				clear
05810_p7_L26	1366	ses	clear				clear
05810_p7_L26	1367	actions	clear				clear
05810_p7_L26	1368	128	num	128		g	conflict:a
05810_p7_L26	1369	82	num	82			null-or-unaligned
05810_p7_L26	1370	32	num	32			null-or-unaligned
05810_p7_L26	1371	17	num	17			null-or-unaligned
05810_p7_L26	1372	39	num	39		v	agrees
05810_p7_L26	1373	84	num	84			null-or-unaligned
05810_p7_L26	1374	68	num	68			null-or-unaligned
05810_p7_L26	1375	103	num	103		l	conflict:i
05810_p7_L26	1376	82	num	82		e	agrees
05810_p7_L26	1377	2	num	2			null-or-unaligned
05810_p7_L26	1378	34	num	34			null-or-unaligned
05810_p7_L26	1379	6	num	6			null-or-unaligned
05810_p7_L26	1380	30	num	30		s	agrees
05810_p7_L26	1381	33	num	33			null-or-unaligned
05810_p7_L26	1382	104	num	104			null-or-unaligned
05810_p7_L26	1383	115	num	115			null-or-unaligned
05810_p7_L26	1384	87	num	87		s	agrees
05810_p7_L26	1385	64	num	64			null-or-unaligned
05810_p7_L26	1386	73	num	73			null-or-unaligned
05810_p7_L26	1387	83	num	83			null-or-unaligned
05810_p7_L26	1388	62	num	62			null-or-unaligned
05810_p7_L26	1389	13	num	13			null-or-unaligned
05810_p7_L26	1390	12	num	12			null-or-unaligned
05810_p7_L26	1391	63	num	63			null-or-unaligned
05810_p7_L26	1392	22	num	22			null-or-unaligned
05810_p7_L26	1393	6	num	6			null-or-unaligned
05810_p7_L26	1394	104	num	104		i	agrees
05810_p7_L26	1395	28	num	28			null-or-unaligned
05810_p7_L26	1396	33	num	33			null-or-unaligned
05810_p7_L26	1397	21	num	21			null-or-unaligned
05810_p7_L26	1398	81	num	81			null-or-unaligned
05810_p7_L26	1399	126	num	126		n	conflict:denozaffaires
05810_p7_L26	1400	20	num	20			null-or-unaligned
05810_p7_L26	1401	40	num	40			null-or-unaligned
05810_p7_L26	1402	84	num	84			null-or-unaligned
05810_p7_L26	1403	112	num	112			null-or-unaligned
05810_p7_L26	1404	19	num	19		g	conflict:q
05810_p7_L26	1405	36	num	36		u	agrees
05810_p7_L26	1406	81	num	81			null-or-unaligned
05810_p7_L26	1407	68	num	68			null-or-unaligned
05810_p7_L26	1408	8	num	8			null-or-unaligned
05810_p7_L26	1409	1	num	1			null-or-unaligned
05810_p7_L26	1410	84	num	84			null-or-unaligned
05810_p7_L26	1411	88	num	88			null-or-unaligned
05810_p7_L26	1412	87	num	87			null-or-unaligned
05810_p7_L26	1413	85	num	85		e	agrees
05810_p7_L26	1414	75	num	75		c	agrees
05810_p7_L26	1415	33	num	33			null-or-unaligned
05810_p7_L26	1416	131	num	131			null-or-unaligned
05810_p7_L26	1417	82	num	82			null-or-unaligned
05810_p7_L26	1418	32	num	32			null-or-unaligned
05810_p7_L26	1419	127	num	127			null-or-unaligned
05810_p7_L26	1420	tel	clear				clear
05810_p7_L26	1421	qui	clear				clear
05810_p7_L26	1422	nous	clear				clear
05810_p7_L26	1423	seut	clear				clear
05810_p7_L26	1424	dassurance	clear				clear
05810_p7_L26	1425	jay	clear				clear
05810_p7_L26	1426	aussi	clear				clear
05810_p7_L26	1427	bon	clear				clear
05810_p7_L26	1428	desir	clear				clear
05810_p7_L26	1429	dentendre	clear				clear
05810_p7_L26	1430	au	clear				clear
05810_p7_L26	1431	bran	clear				clear
05810_p7_L26	1432	141	num	141			null-or-unaligned
05810_p7_L26	1433	113	num	113			null-or-unaligned
05810_p7_L26	1434	82	num	82		e	agrees
05810_p7_L26	1435	18	num	18			null-or-unaligned
05810_p7_L26	1436	63	num	63			null-or-unaligned
05810_p7_L26	1437	27	num	27			null-or-unaligned
05810_p7_L26	1438	26	num	26			null-or-unaligned
05810_p7_L26	1439	62	num	62			null-or-unaligned
05810_p7_L26	1440	103	num	103			null-or-unaligned
05810_p7_L26	1441	92	num	92			null-or-unaligned
05810_p7_L26	1442	83	num	83			null-or-unaligned
05810_p7_L26	1443	79	num	79			null-or-unaligned
05810_p7_L26	1444	79	num	79			null-or-unaligned
05810_p7_L26	1445	24	num	24			null-or-unaligned
05810_p7_L26	1446	8	num	8			null-or-unaligned
05810_p7_L26	1447	54	num	54			null-or-unaligned
05810_p7_L26	1448	78	num	78			null-or-unaligned
05810_p7_L26	1449	85	num	85		e	agrees
05810_p7_L26	1450	15	num	15			null-or-unaligned
05810_p7_L26	1451	7	num	7			null-or-unaligned
05810_p7_L26	1452	113	num	113			null-or-unaligned
05810_p7_L26	1453	6	num	6			null-or-unaligned
05810_p7_L26	1454	102	num	102			null-or-unaligned
05810_p7_L26	1455	3	num	3			null-or-unaligned
05810_p7_L26	1456	92	num	92			null-or-unaligned
05810_p7_L26	1457	1	num	1			null-or-unaligned
05810_p7_L26	1458	84	num	84			null-or-unaligned
05810_p7_L26	1459	133	num	133			null-or-unaligned
05810_p7_L26	1460	et	clear				clear
05810_p7_L26	1461	jusques	clear				clear
05810_p7_L26	1462	a	clear				clear
05810_p7_L26	1463	ou	clear				clear
05810_p7_L26	1464	mon	clear				clear
05810_p7_L26	1465	frere	clear				clear
05810_p7_L26	1466	le	clear				clear
05810_p7_L26	1467	conte	clear				clear
05810_p7_L26	1468	louis	clear				clear
05810_p7_L26	1469	135	num	135		j	conflict:e
05810_p7_L26	1470	114	num	114			null-or-unaligned
05810_p7_L26	1471	61	num	61			null-or-unaligned
05810_p7_L26	1472	38	num	38			null-or-unaligned
05810_p7_L26	1473	21	num	21			null-or-unaligned
05810_p7_L26	1474	63	num	63		a	agrees
05810_p7_L26	1475	74	num	74			null-or-unaligned
05810_p7_L26	1476	8	num	8			null-or-unaligned
05810_p7_L26	1477	2	num	2		n	agrees
05810_p7_L26	1478	77	num	77			null-or-unaligned
05810_p7_L26	1479	39	num	39		v	agrees
05810_p7_L26	1480	103	num	103		i	agrees
05810_p7_L26	1481	72	num	72			null-or-unaligned
05810_p7_L26	1482	33	num	33			null-or-unaligned
05810_p7_L26	1483	141	num	141			null-or-unaligned
05810_p7_L26	1484	121	num	121		e	agrees
05810_p7_L26	1485	dont	clear				clear
05810_p7_L26	1486	il	num	11		r	conflict:p
05810_p7_L26	1487	y	clear				clear
05810_p7_L26	1488	a	clear				clear
05810_p7_L26	1489	grand	clear				clear
05810_p7_L26	1490	bruit	clear				clear
05810_p7_L26	1491	pardeça	clear				clear
05811_p1_L09	0	141	num	141		rdhuymatinmest	conflict:y
05811_p1_L09	1	127	num	127		venueuneaultre	conflict:r
05811_p1_L09	2	130	num	130		vostreduvije	conflict:a
05811_p1_L09	3	12	num	12		p	agrees
05811_p1_L09	4	62	num	62		a	agrees
05811_p1_L09	5	21	num	21		r	agrees
05811_p1_L09	6	112	num	112		l	agrees
05811_p1_L09	7	91	num	91		a	agrees
05811_p1_L09	8	16	num	16		q	agrees
05811_p1_L09	9	36	num	36		u	agrees
05811_p1_L09	10	82	num	82		e	agrees
05811_p1_L09	11	44	num	44		l	single
05811_p1_L09	12	114	num	114		l	agrees
05811_p1_L09	13	81	num	81		e	agrees
05811_p1_L09	14	102	num	102		j	conflict:i
05811_p1_L09	15	63	num	63		a	agrees
05811_p1_L09	16	51	num	51		y	agrees
05811_p1_L09	17	37	num	37		v	agrees
05811_p1_L09	18	85	num	85		e	agrees
05811_p1_L09	19	40	num	40		u	agrees
05811_p1_L09	20	39	num	39		v	agrees
05811_p1_L09	21	6	num	6		o	agrees
05811_p1_L09	22	26	num	26		s	agrees
05811_p1_L09	23	32	num	32		t	agrees
05811_p1_L09	24	22	num	22		r	agrees
05811_p1_L09	25	83	num	83		e	agrees
05811_p1_L09	26	76	num	76		d	agrees
05811_p1_L09	27	84	num	84			null-or-unaligned
05811_p1_L09	28	111	num	111		l	agrees
05811_p1_L09	29	103	num	103		i	agrees
05811_p1_L09	30	66	num	66		b	single
05811_p1_L09	31	84	num	84			null-or-unaligned
05811_p1_L09	32	24	num	24		r	agrees
05811_p1_L09	33	64	num	64		a	agrees
05811_p1_L09	34	31	num	31		t	agrees
05811_p1_L09	35	105	num	105		i	agrees
05811_p1_L09	36	7	num	7		o	agrees
05811_p1_L09	37	5	num	5		n	agrees
05811_p1_L09	38	77	num	77		d	agrees
05811_p1_L09	39	85	num	85		e	agrees
05811_p1_L09	40	123	num	123			null-or-unaligned
05811_p1_L09	41	58	num	58		v	agrees
05811_p1_L09	42	84	num	84		e	agrees
05811_p1_L09	43	9	num	9		n	conflict:o
05811_p1_L09	44	104	num	104		i	agrees
05811_p1_L09	45	23	num	23		r	agrees
05811_p1_L09	46	63	num	63		a	agrees
05811_p1_L09	47	37	num	37		v	agrees
05811_p1_L09	48	81	num	81		e	agrees
05811_p1_L09	49	71	num	71		c	agrees
05811_p1_L09	50	38	num	38		v	agrees
05811_p1_L09	51	9	num	9		o	agrees
05811_p1_L09	52	58	num	58		z	conflict:u
05811_p1_L09	53	35	num	35		t	agrees
05811_p1_L09	54	23	num	23		r	agrees
05811_p1_L09	55	8	num	8		o	agrees
05811_p1_L09	56	57	num	57		u	single
05811_p1_L09	57	11	num	11		p	agrees
05811_p1_L09	58	13	num	13		p	agrees
05811_p1_L09	59	81	num	81		e	agrees
05811_p1_L09	60	27	num	27		s	agrees
05811_p1_L09	61	132	num	132			null-or-unaligned
05811_p1_L09	62	13	num	13		p	agrees
05811_p1_L09	63	61	num	61		a	agrees
05811_p1_L09	64	25	num	25		r	agrees
05811_p1_L09	65	78	num	78		d	agrees
05811_p1_L09	66	81	num	81		e	agrees
05811_p1_L09	67	73	num	73			null-or-unaligned
05811_p1_L09	68	64	num	64			null-or-unaligned
05811_p1_L09	69	121	num	121			null-or-unaligned
05811_p1_L09	70	81	num	81		e	agrees
05811_p1_L09	71	33	num	33		t	agrees
05811_p1_L09	72	63	num	63			null-or-unaligned
05811_p1_L09	73	75	num	75		c	agrees
05811_p1_L09	74	85	num	85		e	agrees
05811_p1_L09	75	28	num	28		s	agrees
05811_p1_L09	76	31	num	31		t	agrees
05811_p1_L09	77	82	num	82		e	agrees
05811_p1_L09	78	88	num	88		f	conflict:e
05811_p1_L09	79	87	num	87		f	agrees
05811_p1_L09	80	84	num	84		e	agrees
05811_p1_L09	81	71	num	71		c	agrees
05811_p1_L09	82	32	num	32		t	agrees
05811_p1_L09	83	14	num	14		p	agrees
05811_p1_L09	84	3	num	3		r	conflict:n
05811_p1_L09	85	83	num	83		e	agrees
05811_p1_L09	86	2	num	2		n	agrees
05811_p1_L09	87	79	num	79		d	agrees
05811_p1_L09	88	24	num	24		r	agrees
05811_p1_L09	89	85	num	85		e	agrees
05811_p1_L09	90	39	num	39		v	agrees
05811_p1_L09	91	9	num	9		o	agrees
05811_p1_L09	92	26	num	26		s	agrees
05811_p1_L09	93	33	num	33		t	agrees
05811_p1_L09	94	21	num	21		r	agrees
05811_p1_L09	95	81	num	81		e	agrees
05811_p1_L09	96	75	num	75		c	agrees
05811_p1_L09	97	100	num	100		h	agrees
05811_p1_L09	98	85	num	85		e	agrees
05811_p1_L09	99	117	num	117		m	agrees
05811_p1_L09	100	53	num	53		y	agrees
05811_p1_L09	101	2	num	2		n	agrees
05811_p1_L09	102	126	num	126		entre	conflict:denozaffaires
05811_p1_L09	103	139	num	139		graveetthi	single
05811_p1_L09	104	82	num	82		e	agrees
05811_p1_L09	105	3	num	3			null-or-unaligned
05811_p1_L09	106	37	num	37		l	conflict:u
05811_p1_L09	107	21	num	21		j	conflict:r
05811_p1_L09	108	85	num	85		e	agrees
05811_p1_L09	109	129	num	129		vouspuisasseur	conflict:d
05811_p1_L09	110	92	num	92		e	conflict:g
05811_p1_L09	111	23	num	23		r	agrees
05811_p1_L09	112	61	num	61		q	conflict:a
05811_p1_L09	113	37	num	37		u	agrees
05811_p1_L09	114	82	num	82		e	agrees
05811_p1_L09	115	130	num	130		vozlettresm	conflict:a
05811_p1_L09	116	81	num	81		e	agrees
05811_p1_L09	117	35	num	35			null-or-unaligned
05811_p1_L09	118	27	num	27		s	agrees
05811_p1_L09	119	2	num	2		n	agrees
05811_p1_L09	120	150	num	150		testplusque	conflict:r
05811_p1_L26	0	135	num	135			null-or-unaligned
05811_p1_L26	1	137	num	137			null-or-unaligned
05811_p1_L26	2	85	num	85		e	agrees
05811_p1_L26	3	35	num	35		t	agrees
05811_p1_L26	4	61	num	61		a	agrees
05811_p1_L26	5	54	num	54		y	agrees
05811_p1_L26	6	63	num	63		a	agrees
05811_p1_L26	7	2	num	2		n	agrees
05811_p1_L26	8	33	num	33		t	agrees
05811_p1_L26	9	22	num	22		r	agrees
05811_p1_L26	10	81	num	81		e	agrees
05811_p1_L26	11	74	num	74			null-or-unaligned
05811_p1_L26	12	83	num	83		e	agrees
05811_p1_L26	13	37	num	37		u	agrees
05811_p1_L26	14	123	num	123			null-or-unaligned
05811_p1_L26	15	38	num	38		v	agrees
05811_p1_L26	16	8	num	8		o	agrees
05811_p1_L26	17	27	num	27		s	agrees
05811_p1_L26	18	32	num	32		t	agrees
05811_p1_L26	19	2	num	2		r	conflict:n
05811_p1_L26	20	81	num	81		e	agrees
05811_p1_L26	21	114	num	114		l	agrees
05811_p1_L26	22	82	num	82		e	agrees
05811_p1_L26	23	31	num	31		t	agrees
05811_p1_L26	24	33	num	33		t	agrees
05811_p1_L26	25	23	num	23		r	agrees
05811_p1_L26	26	85	num	85		e	agrees
05811_p1_L26	27	104	num	104		j	conflict:i
05811_p1_L26	28	62	num	62		a	agrees
05811_p1_L26	29	51	num	51		y	agrees
05811_p1_L26	30	102	num	102		i	agrees
05811_p1_L26	31	3	num	3		n	agrees
05811_p1_L26	32	71	num	71		c	agrees
05811_p1_L26	33	6	num	6		o	agrees
05811_p1_L26	34	2	num	2		n	agrees
05811_p1_L26	35	31	num	31		t	agrees
05811_p1_L26	36	104	num	104		i	agrees
05811_p1_L26	37	4	num	4		n	agrees
05811_p1_L26	38	85	num	85		e	agrees
05811_p1_L26	39	9	num	9		n	conflict:o
05811_p1_L26	40	31	num	31		t	agrees
05811_p1_L26	41	81	num	81		e	agrees
05811_p1_L26	42	27	num	27		s	agrees
05811_p1_L26	43	73	num	73		c	agrees
05811_p1_L26	44	22	num	22		r	agrees
05811_p1_L26	45	101	num	101		i	agrees
05811_p1_L26	46	14	num	14		p	agrees
05811_p1_L26	47	31	num	31		t	agrees
05811_p1_L26	48	84	num	84		e	agrees
05811_p1_L26	49	31	num	31		t	agrees
05811_p1_L26	50	118	num	118		m	agrees
05811_p1_L26	51	63	num	63		a	agrees
05811_p1_L26	52	2	num	2		n	agrees
05811_p1_L26	53	78	num	78		d	agrees
05811_p1_L26	54	81	num	81			null-or-unaligned
05811_p1_L26	55	66	num	66			null-or-unaligned
05811_p1_L26	56	2	num	2			null-or-unaligned
05811_p1_L26	57	38	num	38		u	agrees
05811_p1_L26	58	1	num	1		n	agrees
05811_p1_L26	59	85	num	85		e	agrees
05811_p1_L26	60	70	num	70		b	agrees
05811_p1_L26	61	7	num	7		o	agrees
05811_p1_L26	62	14	num	14		n	conflict:p
05811_p1_L26	63	82	num	82		e	agrees
05811_p1_L26	64	11	num	11		p	agrees
05811_p1_L26	65	62	num	62		a	agrees
05811_p1_L26	66	23	num	23		r	agrees
05811_p1_L26	67	32	num	32		t	agrees
05811_p1_L26	68	104	num	104		i	agrees
05811_p1_L26	69	83	num	83		e	agrees
05811_p1_L26	70	80	num	80		d	agrees
05811_p1_L26	71	81	num	81		e	agrees
05811_p1_L26	72	119	num	119		m	agrees
05811_p1_L26	73	81	num	81		e	agrees
05811_p1_L26	74	26	num	26		s	agrees
05811_p1_L26	75	72	num	72		c	agrees
05811_p1_L26	76	62	num	62		a	agrees
05811_p1_L26	77	12	num	12		p	agrees
05811_p1_L26	78	102	num	102		i	agrees
05811_p1_L26	79	35	num	35		t	agrees
05811_p1_L26	80	62	num	62		a	agrees
05811_p1_L26	81	101	num	101		i	agrees
05811_p1_L26	82	2	num	2		n	agrees
05811_p1_L26	83	85	num	85		e	agrees
05811_p1_L26	84	27	num	27		s	agrees
05811_p1_L26	85	18	num	18		q	agrees
05811_p1_L26	86	38	num	38		u	agrees
05811_p1_L26	87	105	num	105		i	agrees
05811_p1_L26	88	114	num	114		l	agrees
05811_p1_L26	89	28	num	28		z	conflict:s
05811_p1_L26	90	64	num	64		a	agrees
05811_p1_L26	91	51	num	51		y	agrees
05811_p1_L26	92	82	num	82		e	agrees
05811_p1_L26	93	2	num	2		n	agrees
05811_p1_L26	94	31	num	31		t	agrees
05811_p1_L26	95	64	num	64		a	agrees
05811_p1_L26	96	37	num	37		u	agrees
05811_p1_L26	97	127	num	127			null-or-unaligned
05811_p1_L26	98	11	num	11		p	agrees
05811_p1_L26	99	113	num	113		l	agrees
05811_p1_L26	100	37	num	37		u	agrees
05811_p1_L26	101	28	num	28		s	agrees
05811_p1_L26	102	35	num	35		t	agrees
05811_p1_L26	103	6	num	6		o	agrees
05811_p1_L26	104	28	num	28		s	agrees
05811_p1_L26	105	34	num	34		t	agrees
05811_p1_L26	106	64	num	64			null-or-unaligned
05811_p1_L26	107	28	num	28		s	agrees
05811_p1_L26	108	81	num	81		e	agrees
05811_p1_L26	109	31	num	31		t	agrees
05811_p1_L26	110	26	num	26		r	conflict:s
05811_p1_L26	111	9	num	9		o	agrees
05811_p1_L26	112	38	num	38		u	agrees
05811_p1_L26	113	37	num	37		v	agrees
05811_p1_L26	114	81	num	81		e	agrees
05811_p1_L26	115	22	num	22		r	agrees
05811_p1_L26	116	82	num	82			null-or-unaligned
05811_p1_L26	117	27	num	27		s	agrees
05811_p1_L26	118	82	num	82		e	agrees
05811_p1_L26	119	2	num	2		n	agrees
05811_p1_L26	120	37	num	37		v	agrees
05811_p1_L26	121	104	num	104		i	agrees
05811_p1_L26	122	21	num	21		r	agrees
05811_p1_L26	123	8	num	8		o	agrees
05811_p1_L26	124	2	num	2		n	agrees
05811_p1_L26	125	29	num	29		s	agrees
05811_p1_L26	126	78	num	78		d	agrees
05811_p1_L26	127	84	num	84		e	agrees
05811_p1_L26	128	113	num	113			null-or-unaligned
05811_p1_L26	129	32	num	32		t	agrees
05811_p1_L26	130	104	num	104		i	agrees
05811_p1_L26	131	82	num	82		e	agrees
05811_p1_L26	132	114	num	114		l	agrees
05811_p1_L26	133	127	num	127		p	conflict:r
05811_p1_L26	134	116	num	116		o	conflict:m
05811_p1_L26	135	37	num	37		u	agrees
05811_p1_L26	136	23	num	23		r	agrees
05811_p1_L26	137	83	num	83		e	agrees
05811_p1_L26	138	30	num	30		s	agrees
05811_p1_L26	139	72	num	72		c	agrees
05811_p1_L26	140	81	num	81		e	agrees
05811_p1_L26	141	27	num	27		s	agrees
05811_p1_L26	142	16	num	16		q	agrees
05811_p1_L26	143	37	num	37		u	agrees
05811_p1_L26	144	62	num	62		a	agrees
05811_p1_L26	145	11	num	11		r	conflict:p
05811_p1_L26	146	31	num	31		t	agrees
05811_p1_L26	147	103	num	103		i	agrees
05811_p1_L26	148	84	num	84		e	agrees
05811_p1_L26	149	23	num	23		r	agrees
05811_p1_L26	150	28	num	28		s	agrees
05811_p1_L26	151	104	num	104			null-or-unaligned
05811_p1_L26	152	61	num	61		l	conflict:a
05811_p1_L26	153	38	num	38		v	agrees
05811_p1_L26	154	8	num	8		o	agrees
05811_p1_L26	155	34	num	34		u	conflict:t
05811_p1_L26	156	27	num	27		s	agrees
05811_p1_L26	157	24	num	24		r	agrees
05811_p1_L26	158	84	num	84		e	agrees
05811_p1_L26	159	79	num	79		c	conflict:d
05811_p1_L26	160	82	num	82		e	agrees
05811_p1_L26	161	11	num	11		p	agrees
05811_p1_L26	162	37	num	37		v	agrees
05811_p1_L26	163	6	num	6		o	agrees
05811_p1_L26	164	105	num	105		i	agrees
05811_p1_L26	165	24	num	24		r	agrees
05811_p1_L26	166	7	num	7		o	agrees
05811_p1_L26	167	104	num	104		i	agrees
05811_p1_L26	168	13	num	13		r	conflict:p
05811_p1_L26	169	81	num	81		e	agrees
05811_p1_L26	170	28	num	28		s	agrees
05811_p1_L26	171	18	num	18		q	agrees
05811_p1_L26	172	37	num	37		u	agrees
05811_p1_L26	173	85	num	85		e	agrees
05811_p1_L26	174	105	num	105		j	conflict:i
05811_p1_L26	175	82	num	82		e	agrees
05811_p1_L26	176	132	num	132			null-or-unaligned
05811_p1_L26	177	71	num	71		c	agrees
05811_p1_L26	178	23	num	23		r	agrees
05811_p1_L26	179	61	num	61		a	agrees
05811_p1_L26	180	4	num	4		i	conflict:n
05811_p1_L26	181	2	num	2		n	agrees
05811_p1_L26	182	27	num	27		s	agrees
05811_p1_L26	183	16	num	16		q	agrees
05811_p1_L26	184	38	num	38		u	agrees
05811_p1_L26	185	81	num	81		e	agrees
05811_p1_L26	186	113	num	113		l	agrees
05811_p1_L26	187	84	num	84		e	agrees
05811_p1_L26	188	31	num	31		p	conflict:t
05811_p1_L26	189	131	num	131		ays	conflict:a
05811_p1_L26	190	52	num	52		y	agrees
05811_p1_L26	191	83	num	83		e	agrees
05811_p1_L26	192	27	num	27		s	agrees
05811_p1_L26	193	310	num	310			null-or-unaligned
05811_p1_L26	194	140	num	140		t	conflict:llercomm
05811_p1_L26	195	64	num	64		a	agrees
05811_p1_L26	196	29	num	29		s	agrees
05811_p1_L26	197	26	num	26		s	agrees
05811_p1_L26	198	85	num	85		e	agrees
05811_p1_L26	199	59	num	59		z	conflict:t
05811_p1_L26	200	81	num	81		e	agrees
05811_p1_L26	201	27	num	27		s	agrees
05811_p1_L26	202	31	num	31		t	agrees
05811_p1_L26	203	23	num	23		r	agrees
05811_p1_L26	204	8	num	8		o	agrees
05811_p1_L26	205	104	num	104		i	agrees
05811_p1_L26	206	72	num	72		c	agrees
05811_p1_L26	207	32	num	32		t	agrees
05811_p1_L26	208	11	num	11		p	agrees
05811_p1_L26	209	8	num	8		o	agrees
05811_p1_L26	210	38	num	38		u	agrees
05811_p1_L26	211	21	num	21		r	agrees
05811_p1_L26	212	114	num	114		l	agrees
05811_p1_L26	213	64	num	64		a	agrees
05811_p1_L26	214	136	num	136		c	single
05811_p1_L26	215	338	num	338		avallerie	single
05811_p1_L26	216	83	num	83		e	agrees
05811_p1_L26	217	33	num	33		t	agrees
05811_p1_L26	218	34	num	34		t	agrees
05811_p1_L26	219	8	num	8		o	agrees
05811_p1_L26	220	38	num	38		u	agrees
05811_p1_L26	221	35	num	35		t	agrees
05811_p1_L26	222	81	num	81		e	agrees
05811_p1_L26	223	26	num	26		s	agrees
05811_p1_L26	224	87	num	87		f	agrees
05811_p1_L26	225	9	num	9		o	agrees
05811_p1_L26	226	105	num	105		i	agrees
05811_p1_L26	227	27	num	27		s	agrees
05811_p1_L26	228	89	num	89		n	conflict:s
05811_p1_L26	229	37	num	37		u	agrees
05811_p1_L26	230	26	num	26		s	agrees
05811_p1_L26	231	135	num	135			null-or-unaligned
05811_p1_L26	232	77	num	77		d	agrees
05811_p1_L26	233	6	num	6		o	agrees
05811_p1_L26	234	2	num	2		n	agrees
05811_p1_L26	235	3	num	3		n	agrees
05811_p1_L26	236	83	num	83		e	agrees
05811_p1_L26	237	23	num	23		r	agrees
05811_p1_L26	238	9	num	9		o	agrees
05811_p1_L26	239	2	num	2		n	agrees
05811_p1_L26	240	28	num	28		s	agrees
05811_p1_L26	241	10	num	10		o	agrees
05811_p1_L26	242	23	num	23		r	agrees
05811_p1_L26	243	79	num	79		d	agrees
05811_p1_L26	244	22	num	22		r	agrees
05811_p1_L26	245	82	num	82		e	agrees
05811_p1_L26	246	79	num	79		d	agrees
05811_p1_L26	247	85	num	85		e	agrees
05811_p1_L26	248	37	num	37		v	agrees
05811_p1_L26	249	6	num	6		o	agrees
05811_p1_L26	250	38	num	38		u	agrees
05811_p1_L26	251	87	num	87		s	agrees
05811_p1_L26	252	61	num	61		a	agrees
05811_p1_L26	253	72	num	72		c	agrees
05811_p1_L26	254	73	num	73		c	agrees
05811_p1_L26	255	6	num	6		o	agrees
05811_p1_L26	256	118	num	118		m	agrees
05811_p1_L26	257	117	num	117		m	agrees
05811_p1_L26	258	8	num	8		o	agrees
05811_p1_L26	259	77	num	77		d	agrees
05811_p1_L26	260	82	num	82		e	agrees
05811_p1_L26	261	21	num	21		r	agrees
05811_p1_L26	262	79	num	79		d	agrees
05811_p1_L26	263	82	num	82		e	agrees
05811_p1_L26	264	351	num	351		bateaux	conflict:a
05811_p1_L26	265	81	num	81		e	agrees
05811_p1_L26	266	31	num	31		t	agrees
05811_p1_L26	267	61	num	61		a	agrees
05811_p1_L26	268	7	num	7		u	conflict:o
05811_p1_L26	269	33	num	33		t	agrees
05811_p1_L26	270	23	num	23		r	agrees
05811_p1_L26	271	21	num	21		e	conflict:r
05811_p1_L26	272	27	num	27		s	agrees
05811_p1_L26	273	2	num	2		n	agrees
05811_p1_L26	274	83	num	83			null-or-unaligned
05811_p1_L26	275	72	num	72		c	agrees
05811_p1_L26	276	84	num	84		e	agrees
05811_p1_L26	277	27	num	27		s	agrees
05811_p1_L26	278	28	num	28		s	agrees
05811_p1_L26	279	104	num	104		i	agrees
05811_p1_L26	280	32	num	32		t	agrees
05811_p1_L26	281	83	num	83			null-or-unaligned
05811_p1_L26	282	28	num	28		s	agrees
05811_p1_L26	283	123	num	123			null-or-unaligned
05811_p5_L36	0	131	num	131			null-or-unaligned
05811_p5_L36	1	85	num	85		e	agrees
05811_p5_L36	2	27	num	27		s	agrees
05811_p5_L36	3	12	num	12		p	agrees
05811_p5_L36	4	83	num	83			null-or-unaligned
05811_p5_L36	5	22	num	22		r	agrees
05811_p5_L36	6	63	num	63		a	agrees
05811_p5_L36	7	2	num	2		n	agrees
05811_p5_L36	8	31	num	31		t	agrees
05811_p5_L36	9	62	num	62		a	agrees
05811_p5_L36	10	39	num	39		u	agrees
05811_p5_L36	11	28	num	28		s	agrees
05811_p5_L36	12	26	num	26		s	agrees
05811_p5_L36	13	52	num	52		y	agrees
05811_p5_L36	14	78	num	78		d	agrees
05811_p5_L36	15	53	num	53		y	agrees
05811_p5_L36	16	63	num	63		a	agrees
05811_p5_L36	17	113	num	113		l	agrees
05811_p5_L36	18	112	num	112		l	agrees
05811_p5_L36	19	82	num	82		e	agrees
05811_p5_L36	20	23	num	23		r	agrees
05811_p5_L36	21	120	num	120		m	agrees
05811_p5_L36	22	7	num	7		o	agrees
05811_p5_L36	23	54	num	54		y	agrees
05811_p5_L36	24	120	num	120		m	agrees
05811_p5_L36	25	82	num	82		e	agrees
05811_p5_L36	26	27	num	27		s	agrees
05811_p5_L36	27	109	num	109		m	conflict:i
05811_p5_L36	28	83	num	83		e	agrees
05811_p5_L36	29	104	num	104		j	conflict:i
05811_p5_L36	30	83	num	83		e	agrees
05811_p5_L36	31	27	num	27		s	agrees
05811_p5_L36	32	38	num	38		u	agrees
05811_p5_L36	33	104	num	104		i	agrees
05811_p5_L36	34	27	num	27		s	agrees
05811_p5_L36	35	119	num	119		m	agrees
05811_p5_L36	36	63	num	63		a	agrees
05811_p5_L36	37	22	num	22		r	agrees
05811_p5_L36	38	24	num	24		r	agrees
05811_p5_L36	39	105	num	105		i	agrees
05811_p5_L36	40	17	num	17		q	agrees
05811_p5_L36	41	83	num	83		u	conflict:e
05811_p5_L36	42	84	num	84		e	agrees
05811_p5_L36	43	114	num	114		l	agrees
05811_p5_L36	44	82	num	82		e	agrees
05811_p5_L36	45	27	num	27		s	agrees
05811_p5_L36	46	90	num	90		f	agrees
05811_p5_L36	47	22	num	22		r	agrees
05811_p5_L36	48	62	num	62		a	agrees
05811_p5_L36	49	2	num	2		n	agrees
05811_p5_L36	50	72	num	72		c	agrees
05811_p5_L36	51	100	num	100		h	agrees
05811_p5_L36	52	6	num	6		o	agrees
05811_p5_L36	53	51	num	51		y	agrees
05811_p5_L36	54	27	num	27		s	agrees
05811_p5_L36	55	2	num	2		n	agrees
05811_p5_L36	56	83	num	83		e	agrees
05811_p5_L36	57	24	num	24		s	conflict:r
05811_p5_L36	58	9	num	9		o	agrees
05811_p5_L36	59	2	num	2		n	agrees
05811_p5_L36	60	32	num	32		t	agrees
05811_p5_L36	61	23	num	23		e	conflict:r
05811_p5_L36	62	3	num	3		n	agrees
05811_p5_L36	63	77	num	77		c	conflict:d
05811_p5_L36	64	5	num	5		o	conflict:n
05811_p5_L36	65	102	num	102		i	agrees
05811_p5_L36	66	23	num	23		r	agrees
05811_p5_L36	67	84	num	84		e	agrees
05811_p5_L36	68	29	num	29		s	agrees
05811_p5_L36	69	38	num	38		v	agrees
05811_p5_L36	70	81	num	81		e	agrees
05811_p5_L36	71	2	num	2		n	agrees
05811_p5_L36	72	37	num	37		u	agrees
05811_p5_L36	73	89	num	89			null-or-unaligned
05811_p5_L36	74	121	num	121		z	conflict:e
05811_p5_L36	75	104	num	104		j	conflict:i
05811_p5_L36	76	58	num	58		u	agrees
05811_p5_L36	77	26	num	26		s	agrees
05811_p5_L36	78	16	num	16		q	agrees
05811_p5_L36	79	36	num	36		u	agrees
05811_p5_L36	80	82	num	82		e	agrees
05811_p5_L36	81	27	num	27		s	agrees
05811_p5_L36	82	64	num	64			null-or-unaligned
05811_p5_L36	83	38	num	38		v	agrees
05811_p5_L36	84	8	num	8		o	agrees
05811_p5_L36	85	37	num	37		u	agrees
05811_p5_L36	86	20	num	20		s	conflict:q
05811_p5_L36	87	117	num	117		m	agrees
05811_p5_L36	88	84	num	84		e	agrees
05811_p5_L36	89	122	num	122			null-or-unaligned
05811_p5_L36	90	78	num	78		d	agrees
05811_p5_L36	91	9	num	9		o	agrees
05811_p5_L36	92	58	num	58		u	agrees
05811_p5_L36	93	69	num	69		b	single
05811_p5_L36	94	32	num	32		t	agrees
05811_p5_L36	95	61	num	61		a	agrees
05811_p5_L36	96	2	num	2		n	agrees
05811_p5_L36	97	33	num	33		t	agrees
05811_p5_L36	98	17	num	17		q	agrees
05811_p5_L36	99	58	num	58		u	agrees
05811_p5_L36	100	81	num	81		e	agrees
05811_p5_L36	101	77	num	77		d	agrees
05811_p5_L36	102	8	num	8		e	conflict:o
05811_p5_L36	103	38	num	38		v	agrees
05811_p5_L36	104	61	num	61		a	agrees
05811_p5_L36	105	2	num	2		n	agrees
05811_p5_L36	106	33	num	33		t	agrees
05811_p5_L36	107	113	num	113		l	agrees
05811_p5_L36	108	85	num	85		e	agrees
05811_p5_L36	109	37	num	37		u	agrees
05811_p5_L36	110	21	num	21		r	agrees
05811_p5_L36	111	64	num	64		a	agrees
05811_p5_L36	112	22	num	22		r	agrees
05811_p5_L36	113	11	num	11		r	conflict:p
05811_p5_L36	114	38	num	38		i	conflict:u
05811_p5_L36	115	81	num	81		v	conflict:e
05811_p5_L36	116	83	num	83		e	agrees
05811_p5_L36	117	38	num	38		v	agrees
05811_p5_L36	118	8	num	8		o	agrees
05811_p5_L36	119	30	num	30		u	conflict:s
05811_p5_L36	120	29	num	29		s	agrees
05811_p5_L36	121	83	num	83		e	agrees
05811_p5_L36	122	26	num	26		s	agrees
05811_p5_L36	123	31	num	31		t	agrees
05811_p5_L36	124	82	num	82		e	agrees
05811_p5_L36	125	29	num	29		s	agrees
05811_p5_L36	126	12	num	12		p	agrees
05811_p5_L36	127	61	num	61		a	agrees
05811_p5_L36	128	22	num	22		r	agrees
05811_p5_L36	129	31	num	31		t	agrees
05811_p5_L36	130	53	num	53		y	agrees
05811_p5_L36	131	123	num	123			null-or-unaligned
05811_p5_L36	132	81	num	81			null-or-unaligned
05811_p5_L36	133	31	num	31			null-or-unaligned
05811_p5_L36	134	18	num	18		q	agrees
05811_p5_L36	135	37	num	37		u	agrees
05811_p5_L36	136	105	num	105		i	agrees
05811_p5_L36	137	114	num	114		l	agrees
05811_p5_L36	138	57	num	57		z	conflict:u
05811_p5_L36	139	27	num	27		s	agrees
05811_p5_L36	140	6	num	6		o	agrees
05811_p5_L36	141	102	num	102		y	conflict:i
05811_p5_L36	142	81	num	81		e	agrees
05811_p5_L36	143	2	num	2		n	agrees
05811_p5_L36	144	31	num	31		t	agrees
05811_p5_L36	145	70	num	70		d	conflict:b
05811_p5_L36	146	61	num	61			null-or-unaligned
05811_p5_L36	147	113	num	113		l	agrees
05811_p5_L36	148	102	num	102		i	agrees
05811_p5_L36	149	70	num	70		b	agrees
05811_p5_L36	150	83	num	83			null-or-unaligned
05811_p5_L36	151	22	num	22		r	agrees
05811_p5_L36	152	84	num	84		e	agrees
05811_p5_L36	153	98	num	98		z	agrees
05811_p5_L36	154	78	num	78		d	agrees
05811_p5_L36	155	81	num	81		e	agrees
05811_p5_L36	156	38	num	38		v	agrees
05811_p5_L36	157	84	num	84		o	conflict:e
05811_p5_L36	158	37	num	37		u	agrees
05811_p5_L36	159	27	num	27		s	agrees
05811_p5_L36	160	28	num	28		s	agrees
05811_p5_L36	161	37	num	37		u	agrees
05811_p5_L36	162	102	num	102		i	agrees
05811_p5_L36	163	38	num	38		v	agrees
05811_p5_L36	164	21	num	21		r	agrees
05811_p5_L36	165	81	num	81		e	agrees
05811_p5_L36	166	105	num	105		i	agrees
05811_p5_L36	167	113	num	113		l	agrees
05811_p5_L36	168	94	num	94		z	conflict:g
05811_p5_L36	169	2	num	2		n	agrees
05811_p5_L36	170	81	num	81		e	agrees
05811_p5_L36	171	114	num	114		p	conflict:l
05811_p5_L36	172	37	num	37		u	agrees
05811_p5_L36	173	22	num	22		r	agrees
05811_p5_L36	174	21	num	21		r	agrees
05811_p5_L36	175	8	num	8		o	agrees
05811_p5_L36	176	2	num	2		n	agrees
05811_p5_L36	177	31	num	31		t	agrees
05811_p5_L36	178	12	num	12		p	agrees
05811_p5_L36	179	62	num	62		a	agrees
05811_p5_L36	180	20	num	20		s	conflict:q
05811_p5_L36	181	27	num	27		s	agrees
05811_p5_L36	182	81	num	81		e	agrees
05811_p5_L36	183	22	num	22		r	agrees
05811_p5_L36	184	124	num	124			null-or-unaligned
05811_p5_L36	185	26	num	26		s	agrees
05811_p5_L36	186	62	num	62		a	agrees
05811_p5_L36	187	1	num	1		n	agrees
05811_p5_L36	188	27	num	27		s	agrees
05811_p5_L36	189	74	num	74		c	agrees
05811_p5_L36	190	6	num	6		o	agrees
05811_p5_L36	191	37	num	37		u	agrees
05811_p5_L36	192	21	num	21		r	agrees
05811_p5_L36	193	109	num	109		i	agrees
05811_p5_L36	194	22	num	22		r	agrees
05811_p5_L36	195	16	num	16		q	agrees
05811_p5_L36	196	37	num	37		u	agrees
05811_p5_L36	197	81	num	81		e	agrees
05811_p5_L36	198	113	num	113		l	agrees
05811_p5_L36	199	7	num	7		q	conflict:o
05811_p5_L36	200	38	num	38		u	agrees
05811_p5_L36	201	81	num	81		e	agrees
05811_p5_L36	202	35	num	35		g	conflict:t
05811_p5_L36	203	21	num	21		r	agrees
05811_p5_L36	204	61	num	61		a	agrees
05811_p5_L36	205	2	num	2		n	agrees
05811_p5_L36	206	76	num	76		d	agrees
05811_p5_L36	207	79	num	79		d	agrees
05811_p5_L36	208	61	num	61		a	agrees
05811_p5_L36	209	1	num	1		n	agrees
05811_p5_L36	210	94	num	94		g	agrees
05811_p5_L36	211	105	num	105		i	agrees
05811_p5_L36	212	81	num	81		e	agrees
05811_p5_L36	213	21	num	21		r	agrees
05811_p5_L36	214	16	num	16		q	agrees
05811_p5_L36	215	37	num	37		u	agrees
05811_p5_L36	216	102	num	102		i	agrees
05811_p5_L36	217	27	num	27		s	agrees
05811_p5_L36	218	81	num	81		e	agrees
05811_p5_L36	219	22	num	22		r	agrees
05811_p5_L36	220	6	num	6		o	agrees
05811_p5_L36	221	78	num	78		d	agrees
05811_p5_L36	222	8	num	8		o	agrees
05811_p5_L36	223	117	num	117		m	agrees
05811_p5_L36	224	106	num	106		m	single
05811_p5_L36	225	61	num	61		a	agrees
05811_p5_L36	226	104	num	104		i	agrees
05811_p5_L36	227	94	num	94		g	agrees
05811_p5_L36	228	81	num	81		e	agrees
05811_p5_L36	229	13	num	13		p	agrees
05811_p5_L36	230	6	num	6		o	agrees
05811_p5_L36	231	38	num	38		u	agrees
05811_p5_L36	232	11	num	11		r	conflict:p
05811_p5_L36	233	85	num	85		e	agrees
05811_p5_L36	234	37	num	37		u	agrees
05811_p5_L36	235	112	num	112		l	agrees
05811_p5_L36	236	18	num	18		x	conflict:q
05811_p5_L36	237	82	num	82		e	agrees
05811_p5_L36	238	31	num	31		t	agrees
05811_p5_L36	239	3	num	3		n	agrees
05811_p5_L36	240	8	num	8		o	agrees
05811_p5_L36	241	37	num	37		u	agrees
05811_p5_L36	242	26	num	26		s	agrees
05811_p5_L36	243	37	num	37		v	agrees
05811_p5_L36	244	101	num	101		i	agrees
05811_p5_L36	245	81	num	81		e	agrees
05811_p5_L36	246	11	num	11		n	conflict:p
05811_p5_L36	247	77	num	77		d	agrees
05811_p5_L36	248	21	num	21		r	agrees
05811_p5_L36	249	6	num	6		o	agrees
05811_p5_L36	250	102	num	102		i	agrees
05811_p5_L36	251	31	num	31		t	agrees
05811_p5_L36	252	116	num	116		m	agrees
05811_p5_L36	253	62	num	62		a	agrees
05811_p5_L36	254	13	num	13			null-or-unaligned
05811_p5_L36	255	01	num	1			null-or-unaligned
05811_p5_L36	256	123	num	123		l	conflict:u
05811_p5_L36	257	12	num	12		p	agrees
05811_p5_L36	258	20	num	20		r	conflict:q
05811_p5_L36	259	8	num	8		o	agrees
05811_p5_L36	260	14	num	14		p	agrees
05811_p5_L36	261	9	num	9		o	agrees
05811_p5_L36	262	27	num	27		s	agrees
05811_p5_L36	263	12	num	12			null-or-unaligned
05811_p5_L36	264	1	num	1			null-or-unaligned
05811_p5_L36	265	8	num	8		o	agrees
05811_p5_L36	266	12	num	12		r	conflict:p
05811_p5_L36	267	105	num	105		i	agrees
05811_p5_L36	268	113	num	113		l	agrees
05811_p5_L36	269	114	num	114		l	agrees
05811_p5_L36	270	81	num	81		e	agrees
05811_p5_L36	271	87	num	87		f	agrees
05811_p5_L36	272	62	num	62		a	agrees
05811_p5_L36	273	37	num	37		u	agrees
05811_p5_L36	274	113	num	113		l	agrees
05811_p5_L36	275	31	num	31		t	agrees
05811_p5_L36	276	22	num	22		r	agrees
05811_p5_L36	277	81	num	81		e	agrees
05811_p5_L36	278	120	num	120		m	agrees
05811_p5_L36	279	82	num	82		e	agrees
05811_p5_L36	280	72	num	72		c	agrees
05811_p5_L36	281	37	num	37		t	conflict:u
05811_p5_L36	282	22	num	22		r	agrees
05811_p5_L36	283	81	num	81		e	agrees
05811_p5_L36	284	62	num	62			null-or-unaligned
05811_p5_L36	285	76	num	76		d	agrees
05811_p5_L36	286	105	num	105		i	agrees
05811_p5_L36	287	81	num	81		e	agrees
05811_p5_L36	288	30	num	30		u	conflict:s
05811_p5_L36	289	82	num	82		e	agrees
05811_p5_L36	290	31	num	31		t	agrees
05811_p5_L36	291	26	num	26		s	agrees
05811_p5_L36	292	61	num	61		y	conflict:a
05811_p5_L36	293	61	num	61		a	agrees
05811_p5_L36	294	105	num	105		i	agrees
05811_p5_L36	295	5	num	5			null-or-unaligned
05811_p5_L36	296	76	num	76		d	agrees
05811_p5_L36	297	81	num	81		e	agrees
05811_p5_L36	298	22	num	22		r	agrees
05811_p5_L36	299	78	num	78		d	agrees
05811_p5_L36	300	37	num	37		u	agrees
05811_p5_L36	301	1	num	1			null-or-unaligned
05811_p5_L36	302	114	num	114		m	conflict:l
05811_p5_L36	303	101	num	101		i	agrees
05811_p5_L36	304	81	num	81		e	agrees
05811_p5_L36	305	37	num	37		u	agrees
05811_p5_L36	306	112	num	112		l	agrees
05811_p5_L36	307	14	num	14		x	conflict:p
05811_p5_L36	308	16	num	16		q	agrees
05811_p5_L36	309	70	num	70		u	conflict:b
05811_p5_L36	310	6	num	6		o	agrees
05811_p5_L36	311	2	num	2		n	agrees
05811_p5_L36	312	12	num	12		p	agrees
05811_p5_L36	313	81	num	81		e	agrees
05811_p5_L36	314	37	num	37		u	agrees
05811_p5_L36	315	112	num	112		l	agrees
05811_p5_L36	316	31	num	31		t	agrees
05811_p5_L36	317	123	num	123			null-or-unaligned
05811_p5_L36	318	130	num	130			null-or-unaligned
05811_p5_L36	319	Quant	clear			quant	clear
05811_p5_L36	320	au	clear			a	clear
05811_p5_L36	321	S'r	clear			ur	clear
05811_p5_L36	322	Eschange	clear			ittmais	clear
05811_p5_L36	323	le	clear			tr	clear
05811_p5_L36	324	Escript	clear			eschen	clear
05811_p5_L36	325	a	clear				clear
05811_p5_L36	326	Dordrecht	clear				clear
05811_p5_L36	327	ce	clear				clear
05811_p5_L36	328	Apuril	clear				clear
05811_p5_L36	329	1574	doubtful			k	doubtful
05811_p5_L36	330	16	num	16		i	conflict:q
05811_p5_L36	331	37	num	37		l	conflict:u
05811_p5_L36	332	61	num	61		a	agrees
05811_p5_L36	333	2	num	2			null-or-unaligned
05811_p5_L36	334	32	num	32		p	conflict:t
05811_p5_L36	335	63	num	63		a	agrees
05811_p5_L36	336	81	num	81			null-or-unaligned
05811_p5_L36	337	51	num	51			null-or-unaligned
05811_p5_L36	338	3	num	3		r	conflict:n
05811_p5_L36	339	76	num	76		d	agrees
05811_p5_L36	340	100	num	100			null-or-unaligned
05811_p5_L36	341	6	num	6		i	conflict:o
05811_p5_L36	342	38	num	38		v	agrees
05811_p5_L36	343	84	num	84		e	agrees
05811_p5_L36	344	4	num	4		r	conflict:n
05811_p5_L36	345	2	num	2		s	conflict:n
05811_p5_L36	346	83	num	83		e	agrees
05811_p5_L36	347	2	num	2		f	conflict:n
05811_p5_L36	348	84	num	84		o	conflict:e
05811_p5_L36	349	87	num	87		s	agrees
05811_p5_L36	350	64	num	64		e	conflict:a
05811_p5_L36	351	34	num	34			null-or-unaligned
05811_p5_L36	352	113	num	113		s	conflict:l
05811_p5_L36	353	77	num	77		t	conflict:d
05811_p5_L36	354	21	num	21		s	conflict:r
05811_p5_L36	355	6	num	6		o	agrees
05811_p5_L36	356	38	num	38		m	conflict:u
05811_p5_L36	357	84	num	84		m	conflict:e
05811_p5_L36	358	76	num	76		d	agrees
05811_p5_L36	359	85	num	85		e	agrees
05811_p5_L36	360	65	num	65		a	single
05811_p5_L36	361	115	num	115		s	conflict:l
05811_p5_L36	362	114	num	114		s	conflict:l
05811_p5_L36	363	84	num	84		e	agrees
05811_p5_L36	364	87	num	87		r	conflict:f
05811_p5_L36	365	64	num	64		o	conflict:a
05811_p5_L36	366	39	num	39		u	agrees
05811_p5_L36	367	113	num	113		l	agrees
05811_p5_L36	368	77	num	77		t	conflict:d
05811_p5_L36	369	21	num	21		r	agrees
05811_p5_L36	370	72	num	72		e	conflict:c
05811_p5_L36	371	8	num	8		a	conflict:o
05811_p5_L36	372	116	num	116		v	conflict:m
05811_p5_L36	373	118	num	118		e	conflict:m
05811_p5_L36	374	82	num	82		c	conflict:e
05811_p5_L36	375	37	num	37		q	conflict:u
05811_p5_L36	376	27	num	27		s	agrees
05811_p5_L36	377	28	num	28		e	conflict:s
05811_p5_L36	378	51	num	51		s	conflict:y
05811_p5_L36	379	104	num	104		g	conflict:i
05811_p5_L36	380	81	num	81		e	agrees
05811_p5_L36	381	85	num	85		n	conflict:e
05811_p5_L36	382	82	num	82		s	conflict:e
05811_p5_L36	383	22	num	22		m	conflict:r
05811_p5_L36	384	6	num	6		a	conflict:o
05811_p5_L36	385	105	num	105		i	agrees
05811_p5_L36	386	27	num	27		s	agrees
05811_p5_L36	387	6	num	6			null-or-unaligned
05811_p5_L36	388	27	num	27		s	agrees
05811_p5_L36	389	82	num	82		e	agrees
05811_p5_L36	390	12	num	12			null-or-unaligned
05811_p5_L36	391	113	num	113			null-or-unaligned
05811_p5_L36	392	37	num	37			null-or-unaligned
05811_p5_L36	393	26	num	26			null-or-unaligned
05811_p5_L36	394	92	num	92			null-or-unaligned
05811_p5_L36	395	23	num	23			null-or-unaligned
05811_p5_L36	396	61	num	61			null-or-unaligned
05811_p5_L36	397	2	num	2		n	agrees
05811_p5_L36	398	77	num	77			null-or-unaligned
05811_p5_L36	399	81	num	81		e	agrees
05811_p5_L36	400	101	num	101		s	conflict:i
05811_p5_L36	401	27	num	27		t	conflict:s
05811_p5_L36	402	2	num	2		t	conflict:n
05811_p5_L36	403	8	num	8		o	agrees
05811_p5_L36	404	58	num	58		u	agrees
05811_p5_L36	405	87	num	87		j	conflict:f
05811_p5_L36	406	7	num	7		o	agrees
05811_p5_L36	407	28	num	28			null-or-unaligned
05811_p5_L36	408	71	num	71		u	conflict:c
05811_p5_L36	409	82	num	82		r	conflict:e
05811_p5_L36	410	27	num	27		s	agrees
05811_p5_L36	411	2	num	2		e	conflict:n
05811_p5_L36	412	77	num	77		x	conflict:d
05811_p5_L36	413	82	num	82		c	conflict:e
05811_p5_L36	414	101	num	101		u	conflict:i
05811_p5_L36	415	27	num	27		s	agrees
05811_p5_L36	416	31	num	31		f	conflict:t
05811_p5_L36	417	62	num	62		a	agrees
05811_p5_L36	418	28	num	28		l	conflict:s
05811_p5_L36	419	27	num	27		t	conflict:s
05811_p5_L36	420	81	num	81		e	agrees
05811_p5_L36	421	59	num	59			null-or-unaligned
05811_p5_L36	422	66	num	66		d	conflict:b
05811_p5_L36	423	61	num	61		a	agrees
05811_p5_L36	424	27	num	27		r	conflict:s
05811_p5_L36	425	2	num	2		g	conflict:n
05811_p5_L36	426	82	num	82		e	agrees
05811_p5_L36	427	31	num	31			null-or-unaligned
05811_p5_L36	428	62	num	62			null-or-unaligned
05811_p5_L36	429	28	num	28		n	conflict:s
05811_p5_L36	430	73	num	73		t	conflict:c
05811_p5_L36	431	81	num	81		e	agrees
05811_p5_L36	432	59	num	59		t	single
05811_p5_L36	433	66	num	66		q	conflict:b
05811_p5_L36	434	61	num	61		u	conflict:a
05811_p5_L36	435	27	num	27		e	conflict:s
05811_p5_L36	436	73	num	73		c	agrees
05811_p5_L36	437	81	num	81		e	agrees
05811_p5_L36	438	27	num	27		s	agrees
05811_p5_L36	439	ce	clear			teo	clear
05811_p5_L36	440	ce	clear			c	clear
05811_p5_L36	441	jourdhuy	clear				clear
05811_p5_L36	442	matin	clear			casion	clear
05811_p5_L36	443	mest	clear			ses	clear
05811_p5_L36	444	venue	clear			gensne	clear
05811_p5_L36	445	une	clear			vo	clear
05811_p5_L36	446	autre	clear			uloie	clear
05811_p5_L36	447	du	clear			nt	clear
05811_p5_L36	448	141	num	141		monter	conflict:y
05811_p5_L36	449	127	num	127		cheval	conflict:r
05811_p5_L36	450	130	num	130		ain	conflict:a
05811_p5_L36	451	112	num	112		s	conflict:l
05811_p5_L36	452	91	num	91		i	conflict:a
05811_p5_L36	453	16	num	16		q	agrees
05811_p5_L36	454	36	num	36		u	agrees
05811_p5_L36	455	82	num	82		e	agrees
05811_p5_L36	456	119	num	119			null-or-unaligned
05811_p5_L36	457	114	num	114		p	conflict:l
05811_p5_L36	458	91	num	91			null-or-unaligned
05811_p5_L36	459	102	num	102			null-or-unaligned
05811_p5_L36	460	63	num	63		a	agrees
05811_p5_L36	461	91	num	91		r	conflict:a
05811_p5_L36	462	37	num	37		s	conflict:u
05811_p5_L36	463	83	num	83		e	agrees
05811_p5_L36	464	40	num	40		s	conflict:u
05811_p5_L36	465	39	num	39		l	conflict:u
05811_p5_L36	466	9	num	9		e	conflict:o
05811_p5_L36	467	29	num	29		t	conflict:s
05811_p5_L36	468	32	num	32		t	agrees
05811_p5_L36	469	22	num	22		r	agrees
05811_p5_L36	470	83	num	83		e	agrees
05811_p5_L36	471	70	num	70		s	conflict:b
05811_p5_L36	472	76	num	76		p	conflict:d
05811_p5_L36	473	84	num	84		e	agrees
05811_p5_L36	474	24	num	24		s	conflict:r
05811_p5_L36	475	54	num	54		q	conflict:y
05811_p5_L36	476	31	num	31		i	conflict:t
05811_p5_L36	477	109	num	109		s	conflict:i
05811_p5_L36	478	5	num	5		o	conflict:n
05811_p5_L36	479	3	num	3		n	agrees
05811_p5_L36	480	77	num	77		t	conflict:d
05811_p5_L36	481	85	num	85		e	agrees
05811_p5_L36	482	123	num	123		tinterceptsjay	conflict:u
05811_p5_L36	483	38	num	38		v	agrees
05811_p5_L36	484	84	num	84		e	agrees
05811_p5_L36	485	5	num	5			null-or-unaligned
05811_p5_L36	486	104	num	104		u	conflict:i
05811_p5_L36	487	23	num	23		m	conflict:r
05811_p5_L36	488	63	num	63		a	agrees
05811_p5_L36	489	37	num	37			null-or-unaligned
05811_p5_L36	490	81	num	81		i	conflict:e
05811_p5_L36	491	71	num	71		s	conflict:c
05811_p5_L36	492	38	num	38		s	conflict:u
05811_p5_L36	493	23	num	23		i	conflict:r
05811_p5_L36	494	8	num	8		d	conflict:o
05811_p5_L36	495	39	num	39		e	conflict:u
05811_p5_L36	496	11	num	11		p	agrees
05811_p5_L36	497	13	num	13		u	conflict:p
05811_p5_L36	498	81	num	81		i	conflict:e
05811_p5_L36	499	27	num	27		s	agrees
05811_p5_L36	500	132	num	132		quelq	conflict:b
05811_p5_L36	501	13	num	13		u	conflict:p
05811_p5_L36	502	81	num	81		e	agrees
05811_p5_L36	503	28	num	28		s	agrees
05811_p5_L36	504	98	num	98			null-or-unaligned
05811_p5_L36	505	81	num	81		q	conflict:e
05811_p5_L36	506	93	num	93		u	conflict:a
05811_p5_L36	507	64	num	64		a	agrees
05811_p5_L36	508	121	num	121		tr	conflict:e
05811_p5_L36	509	81	num	81		e	agrees
05811_p5_L36	510	33	num	33		o	conflict:t
05811_p5_L36	511	83	num	83		u	conflict:e
05811_p5_L36	512	90	num	90		c	conflict:f
05811_p5_L36	513	82	num	82		i	conflict:e
05811_p5_L36	514	2	num	2		n	agrees
05811_p5_L36	515	88	num	88			null-or-unaligned
05811_p5_L36	516	85	num	85		c	conflict:e
05811_p5_L36	517	84	num	84		q	conflict:e
05811_p5_L36	518	91	num	91		j	conflict:a
05811_p5_L36	519	32	num	32		o	conflict:t
05811_p5_L36	520	14	num	14		u	conflict:p
05811_p5_L36	521	23	num	23		r	agrees
05811_p5_L36	522	83	num	83		e	agrees
05811_p5_L36	523	2	num	2		n	agrees
05811_p5_L36	524	90	num	90			null-or-unaligned
05811_p5_L36	525	24	num	24		i	conflict:r
05811_p5_L36	526	85	num	85		l	conflict:e
05811_p5_L36	527	30	num	30		s	agrees
05811_p5_L36	528	9	num	9		o	agrees
05811_p5_L36	529	28	num	28		i	conflict:s
05811_p5_L36	530	33	num	33		t	agrees
05811_p5_L36	531	21	num	21		p	conflict:r
05811_p5_L36	532	81	num	81		a	conflict:e
05811_p5_L36	533	90	num	90		r	conflict:f
05811_p5_L36	534	100	num	100		t	conflict:h
05811_p5_L36	535	85	num	85			null-or-unaligned
05811_p5_L36	536	11	num	11			null-or-unaligned
05811_p5_L36	537	129	num	129		y	conflict:d
05811_p5_L36	538	139	num	139		j	conflict:graveetthi
05811_p5_L36	539	82	num	82		e	agrees
05811_p5_L36	540	3	num	3		n	agrees
05811_p5_L36	541	33	num	33		e	conflict:t
05811_p5_L36	542	21	num	21		l	conflict:r
05811_p5_L36	543	85	num	85		e	agrees
05811_p5_L36	544	129	num	129		puisenco	conflict:d
05811_p5_L36	545	92	num	92		i	conflict:g
05811_p5_L36	546	23	num	23		r	agrees
05811_p5_L36	547	82	num	82		e	agrees
05811_p5_L36	548	29	num	29		s	agrees
05811_p5_L36	549	82	num	82		s	conflict:e
05811_p5_L36	550	130	num	130		avoir	conflict:a
05811_p5_L36	551	84	num	84		e	agrees
05811_p5_L36	552	30	num	30		t	conflict:s
05811_p5_L36	553	29	num	29		s	agrees
05811_p5_L36	554	2	num	2		u	conflict:n
05811_p5_L36	555	150	num	150		r	single
05811_p5_L36	556	le	clear			ce	clear
05811_p5_L36	557	bien	clear				clear
05811_p5_L36	558	de	clear			me	clear
05811_p5_L36	559	Franoix	clear				clear
05811_p5_L36	560	lestat	clear			recom	clear
05811_p5_L36	561	tant	clear			man	clear
05811_p5_L36	562	de	clear				clear
05811_p5_L36	563	ma	clear				clear
05811_p5_L36	564	sante	clear			dant	clear
05811_p5_L36	565	que	clear				clear
05811_p5_L36	566	de	clear				clear
05811_p5_L36	567	bos	clear			trs	clear
05811_p5_L36	568	affaires	clear			affectu	clear
05811_p5_L36	569	135	num	135		e	single
05811_p5_L36	570	137	num	137		us	single
05811_p5_L36	571	85	num	85		e	agrees
05811_p5_L36	572	84	num	84		m	conflict:e
05811_p5_L36	573	93	num	93		e	conflict:a
05811_p5_L36	574	2	num	2		n	agrees
05811_p5_L36	575	33	num	33		t	agrees
05811_p5_L36	576	22	num	22			null-or-unaligned
05811_p5_L36	577	81	num	81		e	agrees
05811_p5_L36	578	94	num	94			null-or-unaligned
05811_p5_L36	579	82	num	82		n	conflict:e
05811_p5_L36	580	39	num	39		v	agrees
05811_p5_L36	581	123	num	123		oz	conflict:u
05811_p5_L36	582	38	num	38		b	conflict:u
05811_p5_L36	583	8	num	8		o	agrees
05811_p5_L36	584	27	num	27			null-or-unaligned
05811_p5_L36	585	32	num	32		n	conflict:t
05811_p5_L36	586	21	num	21		n	conflict:r
05811_p5_L36	587	81	num	81		e	agrees
05811_p5_L36	588	114	num	114		s	conflict:l
05811_p5_L36	589	92	num	92		g	agrees
05811_p5_L36	590	31	num	31			null-or-unaligned
05811_p5_L36	591	33	num	33			null-or-unaligned
05811_p5_L36	592	23	num	23		r	agrees
05811_p5_L36	593	89	num	89			null-or-unaligned
05811_p5_L36	594	16	num	16		c	conflict:q
05811_p5_L36	595	81	num	81		e	agrees
05811_p5_L36	596	102	num	102			null-or-unaligned
05811_p5_L36	597	3	num	3		s	conflict:n
05811_p5_L36	598	91	num	91		j	conflict:a
05811_p5_L36	599	8	num	8		e	conflict:o
05811_p5_L36	600	2	num	2		s	conflict:n
05811_p5_L36	601	31	num	31			null-or-unaligned
05811_p5_L36	602	104	num	104		u	conflict:i
05811_p5_L36	603	4	num	4		p	conflict:n
05811_p5_L36	604	89	num	89		p	conflict:s
05811_p5_L36	605	9	num	9		l	conflict:o
05811_p5_L36	606	31	num	31		i	conflict:t
05811_p5_L36	607	82	num	82		e	agrees
05811_p5_L36	608	27	num	27			null-or-unaligned
05811_p5_L36	609	93	num	93			null-or-unaligned
05811_p5_L36	610	22	num	22		r	agrees
05811_p5_L36	611	101	num	101			null-or-unaligned
05811_p5_L36	612	14	num	14			null-or-unaligned
05811_p5_L36	613	31	num	31		a	conflict:t
05811_p5_L36	614	84	num	84		y	conflict:e
05811_p5_L36	615	31	num	31		d	conflict:t
05811_p5_L36	616	118	num	118		i	conflict:m
05811_p5_L36	617	85	num	85		e	agrees
05811_p5_L36	618	81	num	81		u	conflict:e
05811_p5_L36	619	51	num	51		v	conflict:y
05811_p5_L36	620	38	num	38		o	conflict:u
05811_p5_L36	621	1	num	1		u	conflict:n
05811_p5_L36	622	89	num	89		s	agrees
05811_p5_L36	623	90	num	90		d	conflict:f
05811_p5_L36	624	9	num	9		o	agrees
05811_p5_L36	625	1	num	1		n	agrees
05811_p5_L36	626	4	num	4		n	agrees
05811_p5_L36	627	82	num	82		e	agrees
05811_p5_L36	628	11	num	11			null-or-unaligned
05811_p5_L36	629	62	num	62			null-or-unaligned
05811_p5_L36	630	25	num	25		r	agrees
05811_p5_L36	631	32	num	32			null-or-unaligned
05811_p5_L36	632	104	num	104			null-or-unaligned
05811_p5_L36	633	83	num	83			null-or-unaligned
05811_p5_L36	634	80	num	80		m	conflict:d
05811_p5_L36	635	81	num	81		e	agrees
05811_p5_L36	636	119	num	119			null-or-unaligned
05811_p5_L36	637	81	num	81		s	conflict:e
05811_p5_L36	638	28	num	28		s	agrees
05811_p5_L36	639	92	num	92		i	conflict:g
05811_p5_L36	640	82	num	82		e	agrees
05811_p5_L36	641	12	num	12		u	conflict:p
05811_p5_L36	642	30	num	30		r	conflict:s
05811_p5_L36	643	92	num	92		s	conflict:g
05811_p5_L36	644	101	num	101		m	conflict:i
05811_p5_L36	645	2	num	2		e	conflict:n
05811_p5_L36	646	89	num	89		s	agrees
05811_p5_L36	647	29	num	29		f	agrees
05811_p5_L36	648	18	num	18			null-or-unaligned
05811_p5_L36	649	38	num	38			null-or-unaligned
05811_p5_L36	650	100	num	100			null-or-unaligned
05811_p5_L36	651	114	num	114		r	conflict:l
05811_p5_L36	652	98	num	98		r	conflict:z
05811_p5_L36	653	84	num	84		e	agrees
05811_p5_L36	654	82	num	82		s	conflict:e
05811_p5_L36	655	82	num	82		e	agrees
05811_p5_L36	656	2	num	2		n	agrees
05811_p5_L36	657	31	num	31			null-or-unaligned
05811_p5_L36	658	84	num	84			null-or-unaligned
05811_p5_L36	659	37	num	37			null-or-unaligned
05811_p5_L36	660	127	num	127			null-or-unaligned
05811_p5_L36	661	11	num	11		p	agrees
05811_p5_L36	662	113	num	113		a	conflict:l
05811_p5_L36	663	39	num	39		r	conflict:u
05811_p5_L36	664	30	num	30		f	agrees
05811_p5_L36	665	8	num	8		a	conflict:o
05811_p5_L36	666	28	num	28		i	conflict:s
05811_p5_L36	667	34	num	34		t	agrees
05811_p5_L36	668	84	num	84		e	agrees
05811_p5_L36	669	28	num	28		s	agrees
05811_p5_L36	670	81	num	81		a	conflict:e
05811_p5_L36	671	32	num	32		n	conflict:t
05811_p5_L36	672	20	num	20		t	conflict:q
05811_p5_L36	673	9	num	9		h	conflict:o
05811_p5_L36	674	38	num	38		e	conflict:u
05811_p5_L36	675	37	num	37		u	agrees
05811_p5_L36	676	81	num	81			null-or-unaligned
05811_p5_L36	677	22	num	22		r	agrees
05811_p5_L36	678	82	num	82		e	agrees
05811_p5_L36	679	29	num	29		s	agrees
05811_p5_L36	680	82	num	82		e	agrees
05811_p5_L36	681	2	num	2			null-or-unaligned
05811_p5_L36	682	39	num	39		e	conflict:u
05811_p5_L36	683	104	num	104		t	conflict:i
05811_p5_L36	684	21	num	21		l	conflict:r
05811_p5_L36	685	8	num	8		o	agrees
05811_p5_L36	686	2	num	2		n	agrees
05811_p5_L36	687	58	num	58		u	agrees
05811_p5_L36	688	84	num	84		e	agrees
05811_p5_L36	689	123	num	123		v	agrees
05811_p5_L36	690	32	num	32			null-or-unaligned
05811_p5_L36	691	104	num	104		i	agrees
05811_p5_L36	692	8	num	8		e	conflict:o
05811_p5_L36	693	114	num	114		e	conflict:l
05811_p5_L36	694	129	num	129		script	conflict:d
05811_p5_L36	695	11	num	11		d	conflict:p
05811_p5_L36	696	8	num	8		o	agrees
05811_p5_L36	697	37	num	37			null-or-unaligned
05811_p5_L36	698	23	num	23		r	agrees
05811_p5_L36	699	83	num	83		d	conflict:e
05811_p5_L36	700	3	num	3		r	conflict:n
05811_p5_L36	701	72	num	72			null-or-unaligned
05811_p5_L36	702	81	num	81		e	agrees
05811_p5_L36	703	29	num	29			null-or-unaligned
05811_p5_L36	704	18	num	18			null-or-unaligned
05811_p5_L36	705	37	num	37		c	conflict:u
05811_p5_L36	706	82	num	82		h	conflict:e
05811_p5_L36	707	21	num	21		t	conflict:r
05811_p5_L36	708	2	num	2		c	conflict:n
05811_p5_L36	709	84	num	84		e	agrees
05811_p5_L36	710	23	num	23		x	conflict:r
05811_p5_L36	711	28	num	28		i	conflict:s
05811_p5_L36	712	114	num	114		i	conflict:l
05811_p5_L36	713	62	num	62		j	conflict:a
05811_p5_L36	714	38	num	38		j	conflict:u
05811_p5_L36	715	8	num	8		o	agrees
05811_p5_L36	716	39	num	39		u	agrees
05811_p5_L36	717	29	num	29			null-or-unaligned
05811_p5_L36	718	24	num	24		r	agrees
05811_p5_L36	719	84	num	84			null-or-unaligned
05811_p5_L36	720	90	num	90		d	conflict:f
05811_p5_L36	721	82	num	82		a	conflict:e
05811_p5_L36	722	11	num	11		p	agrees
05811_p5_L36	723	37	num	37		v	agrees
05811_p5_L36	724	9	num	9			null-or-unaligned
05811_p5_L36	725	109	num	109			null-or-unaligned
05811_p5_L36	726	24	num	24		r	agrees
05811_p5_L36	727	9	num	9			null-or-unaligned
05811_p5_L36	728	104	num	104		i	agrees
05811_p5_L36	729	23	num	23			null-or-unaligned
05811_p5_L36	730	81	num	81		l	conflict:e
05811_p5_L36	731	18	num	18		q	agrees
05811_p5_L36	732	37	num	37		u	agrees
05811_p5_L36	733	89	num	89		n	conflict:s
05811_p5_L36	734	100	num	100		t	conflict:h
05811_p5_L36	735	82	num	82		e	agrees
05811_p5_L36	736	122	num	122		yndhov	conflict:a
05811_p5_L36	737	71	num	71		e	conflict:c
05811_p5_L36	738	23	num	23		n	conflict:r
05811_p5_L36	739	91	num	91		j	conflict:a
05811_p5_L36	740	104	num	104		e	conflict:i
05811_p5_L36	741	2	num	2		n	agrees
05811_p5_L36	742	29	num	29		f	agrees
05811_p5_L36	743	18	num	18		a	conflict:q
05811_p5_L36	744	38	num	38		u	agrees
05811_p5_L36	745	81	num	81			null-or-unaligned
05811_p5_L36	746	113	num	113		l	agrees
05811_p5_L36	747	84	num	84		d	conflict:e
05811_p5_L36	748	311	num	311		r	single
05811_p5_L36	749	131	num	131		oye	conflict:a
05811_p5_L36	750	92	num	92		d	conflict:g
05811_p5_L36	751	83	num	83		e	agrees
05811_p5_L36	752	2	num	2		y	conflict:n
05811_p5_L36	753	31	num	31		a	conflict:t
05811_p5_L36	754	140	num	140		llercomm	single
05811_p5_L36	755	84	num	84		e	agrees
05811_p5_L36	756	29	num	29		a	conflict:s
05811_p5_L36	757	28	num	28		s	agrees
05811_p5_L36	758	28	num	28		s	agrees
05811_p5_L36	759	90	num	90		y	conflict:f
05811_p5_L36	760	89	num	89		j	conflict:s
05811_p5_L36	761	81	num	81		e	agrees
05811_p5_L36	762	29	num	29		f	agrees
05811_p5_L36	763	31	num	31		e	conflict:t
05811_p5_L36	764	22	num	22		r	agrees
05811_p5_L36	765	8	num	8		o	agrees
05811_p5_L36	766	104	num	104		i	agrees
05811_p5_L36	767	92	num	92		s	conflict:g
05811_p5_L36	768	32	num	32		c	conflict:t
05811_p5_L36	769	11	num	11		h	conflict:p
05811_p5_L36	770	8	num	8		a	conflict:o
05811_p5_L36	771	28	num	28		s	agrees
05811_p5_L36	772	21	num	21		s	conflict:r
05811_p5_L36	773	114	num	114		e	conflict:l
05811_p5_L36	774	94	num	94		p	conflict:g
05811_p5_L36	775	130	num	130		lus	conflict:a
05811_p5_L36	776	83	num	83		g	conflict:e
05811_p5_L36	777	23	num	23		r	agrees
05811_p5_L36	778	34	num	34			null-or-unaligned
05811_p5_L36	779	8	num	8		a	conflict:o
05811_p5_L36	780	38	num	38		n	conflict:u
05811_p5_L36	781	30	num	30		d	conflict:s
05811_p5_L36	782	82	num	82		e	agrees
05811_p5_L36	783	28	num	28			null-or-unaligned
05811_p5_L36	784	89	num	89		m	conflict:s
05811_p5_L36	785	9	num	9		a	conflict:o
05811_p5_L36	786	109	num	109		i	agrees
05811_p5_L36	787	29	num	29		s	agrees
05811_p5_L36	788	3	num	3		n	agrees
05811_p5_L36	789	9	num	9		o	agrees
05811_p5_L36	790	37	num	37		z	conflict:u
05811_p5_L36	791	28	num	28		f	agrees
05811_p5_L36	792	135	num	135			null-or-unaligned
05811_p5_L36	793	99	num	99			null-or-unaligned
05811_p5_L36	794	9	num	9			null-or-unaligned
05811_p5_L36	795	6	num	6		o	agrees
05811_p5_L36	796	23	num	23			null-or-unaligned
05811_p5_L36	797	83	num	83			null-or-unaligned
05811_p5_L36	798	23	num	23		r	agrees
05811_p5_L36	799	9	num	9		c	conflict:o
05811_p5_L36	800	28	num	28		e	conflict:s
05811_p5_L36	801	10	num	10			null-or-unaligned
05811_p5_L36	802	23	num	23			null-or-unaligned
05811_p5_L36	803	90	num	90		s	agrees
05811_p5_L36	804	22	num	22		n	conflict:r
05811_p5_L36	805	82	num	82		e	agrees
05811_p5_L36	806	90	num	90		s	agrees
05811_p5_L36	807	89	num	89			null-or-unaligned
05811_p5_L36	808	37	num	37			null-or-unaligned
05811_p5_L36	809	8	num	8		o	agrees
05811_p5_L36	810	38	num	38		n	conflict:u
05811_p5_L36	811	27	num	27		t	conflict:s
05811_p5_L36	812	62	num	62		a	agrees
05811_p5_L36	813	92	num	92			null-or-unaligned
05811_p5_L36	814	93	num	93			null-or-unaligned
05811_p5_L36	815	8	num	8			null-or-unaligned
05811_p5_L36	816	118	num	118			null-or-unaligned
05811_p5_L36	817	115	num	115		s	conflict:l
05811_p5_L36	818	8	num	8			null-or-unaligned
05811_p5_L36	819	89	num	89		s	agrees
05811_p5_L36	820	82	num	82		e	agrees
05811_p5_L36	821	21	num	21			null-or-unaligned
05811_p5_L36	822	90	num	90		z	conflict:f
05811_p5_L36	823	8	num	8		b	conflict:o
05811_p5_L36	824	351	num	351		a	single
05811_p5_L36	825	81	num	81		s	conflict:e
05811_p5_L36	826	31	num	31		t	agrees
05811_p5_L36	827	92	num	92		a	conflict:g
05811_p5_L36	828	38	num	38		n	conflict:u
05811_p5_L36	829	33	num	33		t	agrees
05811_p5_L36	830	23	num	23			null-or-unaligned
05811_p5_L36	831	82	num	82		e	agrees
05811_p5_L36	832	27	num	27		s	agrees
05811_p5_L36	833	2	num	2		m	conflict:n
05811_p5_L36	834	83	num	83		e	agrees
05811_p5_L36	835	92	num	92		s	conflict:g
05811_p5_L36	836	84	num	84			null-or-unaligned
05811_p5_L36	837	29	num	29		s	agrees
05811_p5_L36	838	28	num	28		e	conflict:s
05811_p5_L36	839	104	num	104		i	agrees
05811_p5_L36	840	92	num	92		g	agrees
05811_p5_L36	841	83	num	83		n	conflict:e
05811_p5_L36	842	28	num	28		e	conflict:s
05811_p5_L36	843	123	num	123		u	agrees
05811_p5_L36	844	le	clear				clear
05811_p5_L36	845	le	clear				clear
05811_p5_L36	846	plus	clear				clear
05811_p5_L36	847	que	clear				clear
05811_p5_L36	848	sera	clear				clear
05811_p5_L36	849	possible	clear				clear
05811_p5_L36	850	131	num	131		r	conflict:a
05811_p5_L36	851	89	num	89			null-or-unaligned
05811_p5_L36	852	29	num	29		s	agrees
05811_p5_L36	853	12	num	12		e	conflict:p
05811_p5_L36	854	83	num	83		s	conflict:e
05811_p5_L36	855	22	num	22		t	conflict:r
05811_p5_L36	856	93	num	93		a	agrees
05811_p5_L36	857	2	num	2		n	agrees
05811_p5_L36	858	31	num	31		t	agrees
05811_p5_L36	859	92	num	92		s	conflict:g
05811_p5_L36	860	39	num	39		o	conflict:u
05811_p5_L36	861	28	num	28		n	conflict:s
05811_p5_L36	862	28	num	28		e	conflict:s
05811_p5_L36	863	92	num	92		x	conflict:g
05811_p5_L36	864	90	num	90		c	conflict:f
05811_p5_L36	865	93	num	93		e	conflict:a
05811_p5_L36	866	113	num	113		l	agrees
05811_p5_L36	867	112	num	112		l	agrees
05811_p5_L36	868	82	num	82		e	agrees
05811_p5_L36	869	23	num	23			null-or-unaligned
05811_p5_L36	870	120	num	120		n	conflict:m
05811_p5_L36	871	9	num	9		c	conflict:o
05811_p5_L36	872	94	num	94		e	conflict:g
05811_p5_L36	873	120	num	120		c	conflict:m
05811_p5_L36	874	82	num	82		e	agrees
05811_p5_L36	875	29	num	29		s	agrees
05811_p5_L36	876	119	num	119		t	conflict:m
05811_p5_L36	877	83	num	83		e	agrees
05811_p5_L36	878	104	num	104		n	conflict:i
05811_p5_L36	879	83	num	83		u	conflict:e
05811_p5_L36	880	29	num	29		y	conflict:s
05811_p5_L36	881	38	num	38		c	conflict:u
05811_p5_L36	882	104	num	104		t	conflict:i
05811_p5_L36	883	29	num	29		p	conflict:s
05811_p5_L36	884	119	num	119		o	conflict:m
05811_p5_L36	885	22	num	22		u	conflict:r
05811_p5_L36	886	24	num	24		r	agrees
05811_p5_L36	887	109	num	109			null-or-unaligned
05811_p5_L36	888	17	num	17		q	agrees
05811_p5_L36	889	83	num	83		u	conflict:e
05811_p5_L36	890	84	num	84		e	agrees
05811_p5_L36	891	114	num	114		l	agrees
05811_p5_L36	892	82	num	82		q	conflict:e
05811_p5_L36	893	27	num	27		u	conflict:s
05811_p5_L36	894	90	num	90		e	conflict:f
05811_p5_L36	895	22	num	22		b	conflict:r
05811_p5_L36	896	92	num	92		o	conflict:g
05811_p5_L36	897	2	num	2		n	agrees
05811_p5_L36	898	92	num	92		n	conflict:g
05811_p5_L36	899	100	num	100		e	conflict:h
05811_p5_L36	900	8	num	8		o	agrees
05811_p5_L36	901	91	num	91		a	agrees
05811_p5_L36	902	29	num	29		s	agrees
05811_p5_L36	903	2	num	2		n	agrees
05811_p5_L36	904	83	num	83		e	agrees
05811_p5_L36	905	28	num	28		f	agrees
05811_p5_L36	906	32	num	32		t	agrees
05811_p5_L36	907	83	num	83		s	conflict:e
05811_p5_L36	908	3	num	3		n	agrees
05811_p5_L36	909	93	num	93		a	agrees
05811_p5_L36	910	8	num	8		o	agrees
05811_p5_L36	911	102	num	102		i	agrees
05811_p5_L36	912	23	num	23		r	agrees
05811_p5_L36	913	84	num	84			null-or-unaligned
05811_p5_L36	914	29	num	29		s	agrees
05811_p5_L36	915	38	num	38		i	conflict:u
05811_p5_L36	916	81	num	81		g	conflict:e
05811_p5_L36	917	2	num	2		n	agrees
05811_p5_L36	918	37	num	37		c	conflict:u
05811_p5_L36	919	90	num	90		s	agrees
05811_p5_L36	920	121	num	121		t	conflict:e
05811_p5_L36	921	104	num	104		e	conflict:i
05811_p5_L36	922	28	num	28		j	conflict:s
05811_p5_L36	923	28	num	28		a	conflict:s
05811_p5_L36	924	18	num	18		y	conflict:q
05811_p5_L36	925	38	num	38		b	conflict:u
05811_p5_L36	926	82	num	82		i	conflict:e
05811_p5_L36	927	9	num	9		e	conflict:o
05811_p5_L36	928	84	num	84		n	conflict:e
05811_p5_L36	929	38	num	38		v	agrees
05811_p5_L36	930	8	num	8		o	agrees
05811_p5_L36	931	37	num	37		u	agrees
05811_p5_L36	932	28	num	28		u	conflict:s
05811_p5_L36	933	119	num	119		t	conflict:m
05811_p5_L36	934	84	num	84		o	conflict:e
05811_p5_L36	935	122	num	122		u	conflict:a
05811_p5_L36	936	90	num	90		t	conflict:f
05811_p5_L36	937	9	num	9		e	conflict:o
05811_p5_L36	938	38	num	38		s	conflict:u
05811_p5_L36	939	89	num	89		f	agrees
05811_p5_L36	940	32	num	32		o	conflict:t
05811_p5_L36	941	91	num	91		i	conflict:a
05811_p5_L36	942	2	num	2		s	conflict:n
05811_p5_L36	943	33	num	33			null-or-unaligned
05811_p5_L36	944	17	num	17		l	conflict:q
05811_p5_L36	945	38	num	38		a	conflict:u
05811_p5_L36	946	81	num	81		d	conflict:e
05811_p5_L36	947	99	num	99		p	conflict:h
05811_p5_L36	948	81	num	81		e	agrees
05811_p5_L36	949	2	num	2		s	conflict:n
05811_p5_L36	950	33	num	33		c	conflict:t
05811_p5_L36	951	113	num	113		h	conflict:l
05811_p5_L36	952	83	num	83		e	agrees
05811_p5_L36	953	37	num	37			null-or-unaligned
05811_p5_L36	954	21	num	21		r	agrees
05811_p5_L36	955	84	num	84		p	conflict:e
05811_p5_L36	956	22	num	22		a	conflict:r
05811_p5_L36	957	21	num	21		r	agrees
05811_p5_L36	958	38	num	38		c	conflict:u
05811_p5_L36	959	81	num	81		e	agrees
05811_p5_L36	960	83	num	83			null-or-unaligned
05811_p5_L36	961	38	num	38		p	conflict:u
05811_p5_L36	962	8	num	8		o	agrees
05811_p5_L36	963	39	num	39		r	conflict:u
05811_p5_L36	964	29	num	29		t	conflict:s
05811_p5_L36	965	90	num	90		e	conflict:f
05811_p5_L36	966	88	num	88		u	conflict:e
05811_p5_L36	967	28	num	28		r	conflict:s
05811_p5_L36	968	31	num	31			null-or-unaligned
05811_p5_L36	969	82	num	82		e	agrees
05811_p5_L36	970	29	num	29		n	conflict:s
05811_p5_L36	971	92	num	92		a	conflict:g
05811_p5_L36	972	22	num	22		t	conflict:r
05811_p5_L36	973	31	num	31		t	agrees
05811_p5_L36	974	93	num	93		e	conflict:a
05811_p5_L36	975	123	num	123		nda	conflict:u
05811_p5_L36	976	81	num	81		n	conflict:e
05811_p5_L36	977	31	num	31		t	agrees
05811_p5_L36	978	18	num	18		q	agrees
05811_p5_L36	979	37	num	37		u	agrees
05811_p5_L36	980	109	num	109			null-or-unaligned
05811_p5_L36	981	114	num	114			null-or-unaligned
05811_p5_L36	982	89	num	89		e	conflict:s
05811_p5_L36	983	29	num	29		s	agrees
05811_p5_L36	984	9	num	9		o	agrees
05811_p5_L36	985	102	num	102		n	conflict:i
05811_p5_L36	986	81	num	81		e	agrees
05811_p5_L36	987	2	num	2			null-or-unaligned
05811_p5_L36	988	31	num	31		x	conflict:t
05811_p5_L36	989	90	num	90		c	conflict:f
05811_p5_L36	990	82	num	82		e	agrees
05811_p5_L36	991	113	num	113		l	agrees
05811_p5_L36	992	102	num	102			null-or-unaligned
05811_p5_L36	993	90	num	90			null-or-unaligned
05811_p5_L36	994	83	num	83			null-or-unaligned
05811_p5_L36	995	22	num	22		l	conflict:r
05811_p5_L36	996	84	num	84		e	agrees
05811_p5_L36	997	98	num	98		n	conflict:z
05811_p5_L36	998	98	num	98		c	conflict:z
05811_p5_L36	999	81	num	81		e	agrees
05811_p5_L36	1000	38	num	38		v	agrees
05811_p5_L36	1001	9	num	9		o	agrees
05811_p5_L36	1002	37	num	37		u	agrees
05811_p5_L36	1003	29	num	29		s	agrees
05811_p5_L36	1004	28	num	28		e	conflict:s
05811_p5_L36	1005	37	num	37			null-or-unaligned
05811_p5_L36	1006	102	num	102		n	conflict:i
05811_p5_L36	1007	38	num	38		v	agrees
05811_p5_L36	1008	32	num	32		o	conflict:t
05811_p5_L36	1009	81	num	81		y	conflict:e
05811_p5_L36	1010	22	num	22			null-or-unaligned
05811_p5_L36	1011	38	num	38			null-or-unaligned
05811_p5_L36	1012	21	num	21		e	conflict:r
05811_p5_L36	1013	109	num	109			null-or-unaligned
05811_p5_L36	1014	113	num	113		l	agrees
05811_p5_L36	1015	9	num	9			null-or-unaligned
05811_p5_L36	1016	9	num	9			null-or-unaligned
05811_p5_L36	1017	2	num	2			null-or-unaligned
05811_p5_L36	1018	81	num	81		e	agrees
05811_p5_L36	1019	11	num	11		d	conflict:p
05811_p5_L36	1020	9	num	9			null-or-unaligned
05811_p5_L36	1021	37	num	37		u	agrees
05811_p5_L36	1022	22	num	22			null-or-unaligned
05811_p5_L36	1023	21	num	21			null-or-unaligned
05811_p5_L36	1024	8	num	8			null-or-unaligned
05811_p5_L36	1025	2	num	2			null-or-unaligned
05811_p5_L36	1026	31	num	31			null-or-unaligned
05811_p5_L36	1027	12	num	12		p	agrees
05811_p5_L36	1028	92	num	92			null-or-unaligned
05811_p5_L36	1029	28	num	28		l	conflict:s
05811_p5_L36	1030	29	num	29		i	conflict:s
05811_p5_L36	1031	81	num	81		c	conflict:e
05811_p5_L36	1032	22	num	22		a	conflict:r
05811_p5_L36	1033	124	num	124		t	agrees
05811_p5_L36	1034	28	num	28			null-or-unaligned
05811_p5_L36	1035	92	num	92			null-or-unaligned
05811_p5_L36	1036	2	num	2			null-or-unaligned
05811_p5_L36	1037	94	num	94		p	conflict:g
05811_p5_L36	1038	8	num	8		a	conflict:o
05811_p5_L36	1039	37	num	37			null-or-unaligned
05811_p5_L36	1040	21	num	21			null-or-unaligned
05811_p5_L36	1041	109	num	109			null-or-unaligned
05811_p5_L36	1042	22	num	22		r	agrees
05811_p5_L36	1043	18	num	18			null-or-unaligned
05811_p5_L36	1044	37	num	37		c	conflict:u
05811_p5_L36	1045	81	num	81		e	agrees
05811_p5_L36	1046	113	num	113		l	agrees
05811_p5_L36	1047	17	num	17		l	conflict:q
05811_p5_L36	1048	38	num	38		u	agrees
05811_p5_L36	1049	81	num	81			null-or-unaligned
05811_p5_L36	1050	93	num	93			null-or-unaligned
05811_p5_L36	1051	21	num	21			null-or-unaligned
05811_p5_L36	1052	91	num	91			null-or-unaligned
05811_p5_L36	1053	2	num	2			null-or-unaligned
05811_p5_L36	1054	90	num	90		y	conflict:f
05811_p5_L36	1055	99	num	99			null-or-unaligned
05811_p5_L36	1056	92	num	92			null-or-unaligned
05811_p5_L36	1057	1	num	1			null-or-unaligned
05811_p5_L36	1058	94	num	94			null-or-unaligned
05811_p5_L36	1059	109	num	109			null-or-unaligned
05811_p5_L36	1060	21	num	21			null-or-unaligned
05811_p5_L36	1061	18	num	18		q	agrees
05811_p5_L36	1062	39	num	39		u	agrees
05811_p5_L36	1063	102	num	102		i	agrees
05811_p5_L36	1064	29	num	29		a	conflict:s
05811_p5_L36	1065	81	num	81		a	conflict:e
05811_p5_L36	1066	22	num	22		p	conflict:r
05811_p5_L36	1067	8	num	8		o	agrees
05811_p5_L36	1068	101	num	101		r	conflict:i
05811_p5_L36	1069	31	num	31		t	agrees
05811_p5_L36	1070	90	num	90		v	conflict:f
05811_p5_L36	1071	8	num	8		o	agrees
05811_p5_L36	1072	8	num	8		z	conflict:o
05811_p5_L36	1073	117	num	117		l	conflict:m
05811_p5_L36	1074	118	num	118		e	conflict:m
05811_p5_L36	1075	91	num	91		t	conflict:a
05811_p5_L36	1076	104	num	104		t	conflict:i
05811_p5_L36	1077	94	num	94		r	conflict:g
05811_p5_L36	1078	81	num	81		e	agrees
05811_p5_L36	1079	12	num	12		s	conflict:p
05811_p5_L36	1080	8	num	8		d	conflict:o
05811_p5_L36	1081	38	num	38		u	agrees
05811_p5_L36	1082	21	num	21			null-or-unaligned
05811_p5_L36	1083	82	num	82		e	agrees
05811_p5_L36	1084	39	num	39		d	conflict:u
05811_p5_L36	1085	112	num	112		e	conflict:l
05811_p5_L36	1086	48	num	48		c	conflict:x
05811_p5_L36	1087	82	num	82		e	agrees
05811_p5_L36	1088	31	num	31			null-or-unaligned
05811_p5_L36	1089	3	num	3		m	conflict:n
05811_p5_L36	1090	8	num	8		o	agrees
05811_p5_L36	1091	37	num	37		i	conflict:u
05811_p5_L36	1092	28	num	28		s	agrees
05811_p5_L36	1093	37	num	37			null-or-unaligned
05811_p5_L36	1094	101	num	101		d	conflict:i
05811_p5_L36	1095	81	num	81		e	agrees
05811_p5_L36	1096	1	num	1		v	conflict:n
05811_p5_L36	1097	99	num	99		o	conflict:h
05811_p5_L36	1098	21	num	21		s	conflict:r
05811_p5_L36	1099	8	num	8			null-or-unaligned
05811_p5_L36	1100	102	num	102		s	conflict:i
05811_p5_L36	1101	31	num	31		e	conflict:t
05811_p5_L36	1102	118	num	118		i	conflict:m
05811_p5_L36	1103	92	num	92		g	agrees
05811_p5_L36	1104	112	num	112		n	conflict:l
05811_p5_L36	1105	92	num	92		e	conflict:g
05811_p5_L36	1106	12	num	12		u	conflict:p
05811_p5_L36	1107	21	num	21		r	agrees
05811_p5_L36	1108	8	num	8			null-or-unaligned
05811_p5_L36	1109	14	num	14			null-or-unaligned
05811_p5_L36	1110	9	num	9			null-or-unaligned
05811_p5_L36	1111	29	num	29		s	agrees
05811_p5_L36	1112	124	num	124		t	agrees
05811_p5_L36	1113	8	num	8			null-or-unaligned
05811_p5_L36	1114	22	num	22		r	agrees
05811_p5_L36	1115	109	num	109			null-or-unaligned
05811_p5_L36	1116	113	num	113			null-or-unaligned
05811_p5_L36	1117	114	num	114			null-or-unaligned
05811_p5_L36	1118	81	num	81			null-or-unaligned
05811_p5_L36	1119	89	num	89		s	agrees
05811_p5_L36	1120	92	num	92		h	conflict:g
05811_p5_L36	1121	37	num	37		u	agrees
05811_p5_L36	1122	113	num	113		m	conflict:l
05811_p5_L36	1123	31	num	31		b	conflict:t
05811_p5_L36	1124	22	num	22		l	conflict:r
05811_p5_L36	1125	81	num	81		e	agrees
05811_p5_L36	1126	120	num	120			null-or-unaligned
05811_p5_L36	1127	82	num	82		e	agrees
05811_p5_L36	1128	33	num	33		t	agrees
05811_p5_L36	1129	22	num	22		t	conflict:r
05811_p5_L36	1130	81	num	81		r	conflict:e
05811_p5_L36	1131	92	num	92			null-or-unaligned
05811_p5_L36	1132	90	num	90		s	agrees
05811_p5_L36	1133	109	num	109			null-or-unaligned
05811_p5_L36	1134	81	num	81		o	conflict:e
05811_p5_L36	1135	38	num	38		b	conflict:u
05811_p5_L36	1136	82	num	82			null-or-unaligned
05811_p5_L36	1137	32	num	32		y	conflict:t
05811_p5_L36	1138	28	num	28		s	agrees
05811_p5_L36	1139	6	num	6		s	conflict:o
05811_p5_L36	1140	91	num	91		a	agrees
05811_p5_L36	1141	91	num	91		n	conflict:a
05811_p5_L36	1142	109	num	109		t	conflict:i
05811_p5_L36	1143	98	num	98		s	conflict:z
05811_p5_L36	1144	81	num	81		e	agrees
05811_p5_L36	1145	22	num	22		r	agrees
05811_p5_L36	1146	98	num	98			null-or-unaligned
05811_p5_L36	1147	37	num	37		v	agrees
05811_p5_L36	1148	101	num	101		i	agrees
05811_p5_L36	1149	81	num	81			null-or-unaligned
05811_p5_L36	1150	37	num	37		t	conflict:u
05811_p5_L36	1151	112	num	112		e	conflict:l
05811_p5_L36	1152	49	num	49			null-or-unaligned
05811_p5_L36	1153	16	num	16			null-or-unaligned
05811_p5_L36	1154	36	num	36		u	agrees
05811_p5_L36	1155	8	num	8		r	conflict:o
05811_p5_L36	1156	2	num	2		n	agrees
05811_p5_L36	1157	12	num	12		i	conflict:p
05811_p5_L36	1158	81	num	81		c	conflict:e
05811_p5_L36	1159	37	num	37		o	conflict:u
05811_p5_L36	1160	112	num	112		l	agrees
05811_p5_L36	1161	31	num	31		a	conflict:t
05811_p5_L36	1162	123	num	123		s	conflict:u
05811_p5_L36	1163	130	num	130		b	conflict:a
05811_p5_L36	1164	Quant	clear			runyn	clear
05811_p5_L36	1165	au	clear			ck	clear
05811_p5_L36	1166	Lieutenant	clear				clear
