id	status	record_type	holder_raw	city	shelfmark_code	date_range	cleartext_lang	plaintext_lang	number_of_pages	source_page
10180	Decrypted	Cipher	Barcelona ,Archivo de la Corona de Aragón, Diversos, Sástago, 193 (Lío B), nº 79/83.	Barcelona	ACA_Diversos_Sástago_193(Lío B)_9	1498 -			7	1
10024	Decrypted	Cipher	Simancas ,Archivo General de Simancas, sec. Estado, leg. 12, fol. 233.	Simancas	AGS_EST_LEG_12	-	Spanish		8	1
9969	Decrypted	Cipher	Simancas ,Archivo General de Simancas, sec. Estado, leg. 1454, fol. 151–152.	Simancas	AGS_EST_LEG_1454_2	1529 -	Italian		8	1
9968	Decrypted	Cipher	Simancas ,Archivo General de Simancas, sec. Estado, leg. 1454, fol. 144.	Simancas	AGS_EST_LEG_1454_1	1529 -	Italian		4	1
9965	Decrypted	Cipher	Simancas ,Archivo General de Simancas, sec. Estado, leg. 882, fols 15–18.	Simancas	AGS_EST_LEG_882	1555 -	Spanish		24	1
9964	Decrypted	Cipher	Simancas ,Archivo General de Simancas, sec. Estado, leg. 873, fol. 4.	Simancas	AGS_EST_LEG_873	1546 -	Spanish		4	1
9961	Decrypted	Cipher	Simancas ,Archivo General de Simancas, sec. Estado, leg. 853, fol. 91.	Simancas	AGS_EST_LEG_853_2	1531 -	Spanish		24	1
9958	Decrypted	Cipher	Simancas ,Archivo General de Simancas, sec. Estado, leg. 504, fols. 174–175.	Simancas	AGS_EST_LEG_504_1	1551 -	French		12	1
9953	Decrypted	Cipher	Simancas ,Archivo General de Simancas, sec. Estado, leg. 439, fols. 97–100.	Simancas	AGS_EST_LEG_439	1534 -	Spanish		9	1
9951	Decrypted	Cipher	Madrid ,Biblioteca de la Real Academia de la Historia, Signatura 9/39, f. 79–80.	Madrid	BRAH_Signatura-9/39_3	1526 -	Spanish		6	1
9950	Decrypted	Cipher	Madrid ,Biblioteca de la Real Academia de la Historia, Signatura 9/39, f. 73–75.	Madrid	BRAH_Signatura-9/39_2	1526 -	Spanish		6	1
9949	Decrypted	Cipher	Madrid ,Biblioteca de la Real Academia de la Historia, Signatura 9/39, f. 38–39.	Madrid	BRAH_Signatura-9/39_1	1526 -	Spanish, Latin		4	1
9898	Decrypted	Cipher	Madrid ,Biblioteca de la Real Academia de la Historia, Signatura 9/34, f. 150–156.	Madrid	BRAH_Signatura-9/34_3	1525 -	Spanish		14	1
9897	Decrypted	Cipher	Madrid ,Biblioteca de la Real Academia de la Historia, Signatura 9/34, f. 10–16.	Madrid	BRAH_Signatura-9/34_2	1525 -	Spanish		14	1
9895	Decrypted	Cipher	Madrid ,Biblioteca de la Real Academia de la Historia, Signatura 9/31, f. 510–517.	Madrid	BRAH_Signatura-9/31_26	1524 -	Spanish		16	1
9893	Decrypted	Cipher	Madrid ,Biblioteca de la Real Academia de la Historia, Signatura 9/31, f. 483–485	Madrid	BRAH_Signatura-9/31_24	1524 -	Spanish		6	1
9890	Decrypted	Cipher	Madrid ,Biblioteca de la Real Academia de la Historia, Signatura 9/31, f. 322–325.	Madrid	BRAH_Signatura-9/31_21	1524 -	Spanish		8	1
9884	Decrypted	Cipher	Madrid ,Biblioteca de la Real Academia de la Historia, Signatura 9/31, f. 170–173.	Madrid	BRAH_Signatura-9/31_15	1424 -	Spanish		8	1
9881	Decrypted	Cipher	Madrid ,Biblioteca de la Real Academia de la Historia, Signatura 9/31, f. 139–140.	Madrid	BRAH_Signatura-9/31_12	1424 -	Spanish		4	1
9872	Decrypted	Cipher	Madrid ,Biblioteca de la Real Academia de la Historia, Signatura 9/31, f. 65–68.	Madrid	BRAH_Signatura-9/31_3	-	Spanish		8	1
9871	Decrypted	Cipher	Madrid ,Biblioteca de la Real Academia de la Historia, Signatura 9/31, f. 61–64.	Madrid	BRAH_Signatura-9/31_2	-	Spanish		8	1
9870	Decrypted	Cipher	Madrid ,Biblioteca de la Real Academia de la Historia, Signatura 9/31, f. 4.	Madrid	BRAH_Signatura-9/31_1	-	Spanish	Spanish	2	1
9848	Decrypted	Cipher	Madrid ,Biblioteca de la Real Academia de la Historia, Signatura 9/30, f. 284.	Madrid	BRAH_Signatura-9/30_5	-	Spanish	Spanish	2	1
9847	Decrypted	Cipher	Madrid ,Biblioteca de la Real Academia de la Historia, Signatura 9/30, f. 185–189.	Madrid	BRAH_Signatura-9/30_4	-	Spanish		8	1
9845	Decrypted	Cipher	Madrid ,Biblioteca de la Real Academia de la Historia, Signatura 9/30, f. 104.	Madrid	BRAH_Signatura-9/30_2	-	Spanish	Spanish	2	1
9844	Decrypted	Cipher	Madrid ,Biblioteca de la Real Academia de la Historia, Signatura 9/30, f. 34–37.	Madrid	BRAH_Signatura-9/30_1	1524 -	Spanish		10	1
9841	Decrypted	Cipher	Madrid ,Biblioteca de la Real Academia de la Historia, Signatura 9/29, f. 289–298.	Madrid	BRAH_Signatura-9/29_9	1523 -	Spanish		28	1
9836	Decrypted	Cipher	Madrid ,Biblioteca de la Real Academia de la Historia, Signatura 9/29, f. 57–60.	Madrid	BRAH_Signatura-9/29_4	-	Spanish		8	1
9834	Decrypted	Cipher	Madrid ,Biblioteca de la Real Academia de la Historia, Signatura 9/29, f. 33–39.	Madrid	BRAH_Signatura-9/29_2	-	Spanish		14	1
9781	Decrypted	Cipher	Madrid ,Biblioteca de la Real Academia de la Historia, Signatura 9/28, f. 649–652.	Madrid	BRAH_Signatura-9/28_45	1523 -	Spanish		8	1
9768	Decrypted	Cipher	Madrid ,Biblioteca de la Real Academia de la Historia, Signatura 9/28, f. 565–568.	Madrid	BRAH_Signatura-9/28_39	1523 -	Spanish		8	1
9766	Decrypted	Cipher	Madrid ,Biblioteca de la Real Academia de la Historia, Signatura 9/28, f. 516–522.	Madrid	BRAH_Signatura-9/28_37	1523 -	Spanish, Latin		14	1
9693	Decrypted	Cipher	Madrid ,Biblioteca de la Real Academia de la Historia, Signatura 9/28, f. 319–332.	Madrid	BRAH_Signatura-9/28_32	1523 -	Spanish		26	1
9691	Decrypted	Cipher	Madrid ,Biblioteca de la Real Academia de la Historia, Signatura 9/28, f. 258–261.	Madrid	BRAH_Signatura-9/28_30	1523 -	Spanish		8	1
9676	Decrypted	Cipher	Madrid ,Biblioteca de la Real Academia de la Historia, Signatura 9/28, f. 99–104.	Madrid	BRAH_Signatura-9/28_21	1523 -	Spanish		12	1
9673	Decrypted	Cipher	Madrid ,Biblioteca de la Real Academia de la Historia, Signatura 9/28, f. 77–80.	Madrid	BRAH_Signatura-9/28_18	-	Spanish		10	1
9650	Decrypted	Cipher	Madrid ,Biblioteca de la Real Academia de la Historia, Signatura 9/26, f. 269–272.	Madrid	BRAH_Signatura-9/26_19	1522 -	Spanish		10	1
9644	Decrypted	Cipher	Madrid ,Biblioteca de la Real Academia de la Historia, Signatura 9/26, f. 237–243	Madrid	BRAH_Signatura-9/26_13	-	Spanish		14	1
9638	Decrypted	Cipher	Madrid ,Biblioteca de la Real Academia de la Historia, Signatura 9/26, f. 104–108.	Madrid	BRAH_Signatura-9/26_6	1522 -	Spanish		8	1
9625	Decrypted	Cipher	Madrid ,Biblioteca de la Real Academia de la Historia, Signatura 9/25, f. 137-139.	Madrid	BRAH_Signatura-9/25_7	1522 -	Spanish	Spanish	4	1
9613	Decrypted	Cipher	Madrid ,Biblioteca de la Real Academia de la Historia, Signatura 9/24, f. 203-206.	Madrid	BRAH_Signatura-9/24_22	1522 -	Spanish		11	1
9605	Decrypted	Cipher	Madrid ,Biblioteca de la Real Academia de la Historia, Signatura 9/24, f. 39-44.	Madrid	BRAH_Signatura-9/24_14	1522 -		Spanish	11	1
9592	Decrypted	Cipher	Madrid ,Biblioteca de la Real Academia de la Historia, Signatura 9/23, f. 141-143v.	Madrid	BRAH_Signatura-9/23_21	1522 -	Spanish	Spanish	8	1
9590	Decrypted	Cipher	Naples ,Archivio di Stato di Napoli, Ministerio degli affari esteri 2337_41	Naples	ASN_Ministerio.degli.affari.esteri.2337_41	1830 -	Italian	Italian	3	1
9589	Decrypted	Cipher	Naples ,Archivio di Stato di Napoli, Ministerio degli affari esteri 2337_40	Naples	ASN_Ministerio.degli.affari.esteri.2337_40	1823 -	Italian	Italian	1	1
9581	Decrypted	Cipher	Naples ,Archivio di Stato di Napoli, Ministerio degli affari esteri 2337_32	Naples	ASN_Ministerio.degli.affari.esteri.2337_32	1860 -	French?		2	1
9580	Decrypted	Cipher	Naples ,Archivio di Stato di Napoli, Ministerio degli affari esteri 2337_31	Naples	ASN_Ministerio.degli.affari.esteri.2337_31	1859 -		Italian	1	1
9578	Decrypted	Cipher	Naples ,Archivio di Stato di Napoli, Ministerio degli affari esteri 2337_29	Naples	ASN_Ministerio.degli.affari.esteri.2337_29	1853 -		Italian	3	1
9577	Decrypted	Cipher	Naples ,Archivio di Stato di Napoli, Ministerio degli affari esteri 2337_28	Naples	ASN_Ministerio.degli.affari.esteri.2337_28	1859 -		Italian	1	1
9576	Decrypted	Cipher	Naples ,Archivio di Stato di Napoli, Ministerio degli affari esteri 2337_27	Naples	ASN_Ministerio.degli.affari.esteri.2337_27	1859 -		Italian	1	1
9575	Decrypted	Cipher	Naples ,Archivio di Stato di Napoli, Ministerio degli affari esteri 2337_26	Naples	ASN_Ministerio.degli.affari.esteri.2337_26	1869 -		Italian	1	2
9574	Decrypted	Cipher	Naples ,Archivio di Stato di Napoli, Ministerio degli affari esteri 2337_25	Naples	ASN_Ministerio.degli.affari.esteri.2337_25	1860 -		Italian	2	2
9573	Decrypted	Cipher	Naples ,Archivio di Stato di Napoli, Ministerio degli affari esteri 2337_24	Naples	ASN_Ministerio.degli.affari.esteri.2337_24	1860 -		Italian	2	2
9572	Decrypted	Cipher	Naples ,Archivio di Stato di Napoli, Ministerio degli affari esteri 2337_23	Naples	ASN_Ministerio.degli.affari.esteri.2337_23	1823 -	Italian	Italian	1	2
9571	Decrypted	Cipher	Naples ,Archivio di Stato di Napoli, Ministerio degli affari esteri 2337_22	Naples	ASN_Ministerio.degli.affari.esteri.2337_22	1823 -	Italian	Italian	1	2
9569	Decrypted	Cipher	Naples ,Archivio di Stato di Napoli, Ministerio degli affari esteri 2337_20	Naples	ASN_Ministerio.degli.affari.esteri.2337_20	1823 -	Italian	Italian	2	2
9568	Decrypted	Cipher	Naples ,Archivio di Stato di Napoli, Ministerio degli affari esteri 2337_19	Naples	ASN_Ministerio.degli.affari.esteri.2337_19	1860 -		Italian	1	2
9552	Decrypted	Cipher	Naples ,Archivio di Stato di Napoli, Ministerio degli affari esteri 2337_3	Naples	ASN_Ministerio.degli.affari.esteri.2337_3	1853 -		Italian	3	2
9551	Decrypted	Cipher	Naples ,Archivio di Stato di Napoli, Ministerio degli affari esteri 2337_2	Naples	ASN_Ministerio.degli.affari.esteri.2337_2	1853 -		Italian	1	2
9550	Decrypted	Cipher	Naples ,Archivio di Stato di Napoli, Ministerio degli affari esteri 2337_1	Naples	ASN_Ministerio.degli.affari.esteri.2337_1	1859 -		Italian	1	2
9549	Decrypted	Cipher	Naples ,Archivio di Stato di Napoli, Ministerio degli affari esteri 2317_1	Naples	ASN_Ministerio.degli.affari.esteri.2317_1	1823 -		Italian	10	2
9548	Decrypted	Cipher	Naples ,Archivio di Stato di Napoli, Ministerio degli affari esteri 2308_7	Naples	ASN_Ministerio.degli.affari.esteri.2308_7	1798 -		Italian	10	2
9547	Decrypted	Cipher	Naples ,Archivio di Stato di Napoli, Ministerio degli affari esteri 2308_6	Naples	ASN_Ministerio.degli.affari.esteri.2308_6	1794 -	Italian		4	2
9546	Decrypted	Cipher	Naples ,Archivio di Stato di Napoli, Ministerio degli affari esteri 2308_5	Naples	ASN_Ministerio.degli.affari.esteri.2308_5	1793 -	Italian		4	2
9545	Decrypted	Cipher	Naples ,Archivio di Stato di Napoli, Ministerio degli affari esteri 2308_4	Naples	ASN_Ministerio.degli.affari.esteri.2308_4	1793 -	Italian, French		11	2
9544	Decrypted	Cipher	Naples ,Archivio di Stato di Napoli, Ministerio degli affari esteri 2308_3	Naples	ASN_Ministerio.degli.affari.esteri.2308_3	1790 -		Italian	5	2
9543	Decrypted	Cipher	Naples ,Archivio di Stato di Napoli, Ministerio degli affari esteri 2308_2	Naples	ASN_Ministerio.degli.affari.esteri.2308_2	1790 -		Italian	8	2
9542	Decrypted	Cipher	Naples ,Archivio di Stato di Napoli, Ministerio degli affari esteri 2308_1	Naples	ASN_Ministerio.degli.affari.esteri.2308_1	1790 -		Italian	7	2
9531	Decrypted	Cipher	Madrid ,Biblioteca Nacional de España, mss. 20211/73.	Madrid	BNE_mss.20211/73	1474 -	Spanish	Spanish	3	2
9530	Decrypted	Cipher	Madrid ,Biblioteca Nacional de España, mss. 20211/56.	Madrid	BNE_mss.20211/56	1470 -	Spanish	Spanish?	3	2
9485	Decrypted	Cipher	Madrid ,Biblioteca de la Real Academia de la Historia, Signatura 9/8, f. 114.	Madrid	BRAH_Signatura-9/8_1	1470 -	Spanish	Spanish	1	2
9484	Decrypted	Cipher	Madrid ,Biblioteca de la Real Academia de la Historia, Signatura 9/7, f. 180–181.	Madrid	BRAH_Signatura-9/7_2	1476 -	Spanish	Spanish	2	2
9483	Decrypted	Cipher	Madrid ,Biblioteca de la Real Academia de la Historia, Signatura 9/7, f. 173–174.	Madrid	BRAH_Signatura-9/7_1	1475 -	Latin	Latin	2	2
9458	Decrypted	Cipher	Paris ,Bibliotheque nationale de France (BnF), Français 3623, no. 50, f. 75.	Paris	BnF_Français 3623_7	1590 -	French	French	3	2
9457	Decrypted	Cipher	Paris ,Bibliotheque nationale de France (BnF), Français 3623, no. 27, f. 41.	Paris	BnF_Français 3623_6	1591 -	French	French	2	2
9456	Decrypted	Cipher	Paris ,Bibliotheque nationale de France (BnF), Français 3623, no. 26, f. 39.	Paris	BnF_Français 3623_5	1590 -	French	French	3	2
9455	Decrypted	Cipher	Paris ,Bibliotheque nationale de France (BnF), Français 3623, no. 25, f. 38.	Paris	BnF_Français 3623_4	1590 -	French	French	1	2
9454	Decrypted	Cipher	Paris ,Bibliotheque nationale de France (BnF), Français 3623, no. 24, f. 37.	Paris	BnF_Français 3623_3	1590 -	French	French	1	2
9452	Decrypted	Cipher	Paris ,Bibliotheque nationale de France (BnF), Français 3623, no. 15, f. 23.	Paris	BnF_Français 3623_1	-	Italian	Italian	1	2
9450	Decrypted	Cipher	Paris ,Bibliotheque nationale de France (BnF), Français 3621, no. 114, f. 128.	Paris	BnF_Français 3621_7	1592 -	French	French	1	2
9448	Decrypted	Cipher	Paris ,Bibliotheque nationale de France (BnF), Français 3621, no. 79, f. 89.	Paris	BnF_Français 3621_5	1592 -	French	French	1	2
9447	Decrypted	Cipher	Paris ,Bibliotheque nationale de France (BnF), Français 3621, no. 36, f. 49.	Paris	BnF_Français 3621_4	1592 -	French	French	1	2
9446	Decrypted	Cipher	Paris ,Bibliotheque nationale de France (BnF), Français 3621, no. 35, f. 48.	Paris	BnF_Français 3621_3	1592 -	French	French	1	2
9445	Decrypted	Cipher	Paris ,Bibliotheque nationale de France (BnF), Français 3621, no. 31, f. 42.	Paris	BnF_Français 3621_2	1592 -	French	French	3	2
9444	Decrypted	Cipher	Paris ,Bibliotheque nationale de France (BnF), Français 3621, no. 22, f. 31.	Paris	BnF_Français 3621_1	1592 -	French		2	2
9443	Decrypted	Cipher	Paris ,Bibliotheque nationale de France (BnF), Français 3619, f 113.	Paris	BnF_Français-3619_6	1591 -	French	French	1	2
9442	Decrypted	Cipher	Paris ,Bibliotheque nationale de France (BnF), Français 3619, f 103.	Paris	BnF_Français-3619_5	1591 -	French	French	1	2
9441	Decrypted	Cipher	Paris ,Bibliotheque nationale de France (BnF), Français 3619, f 97-98.	Paris	BnF_Français-3619_4	1591 -	French	French	2	2
9440	Decrypted	Cipher	Paris ,Bibliotheque nationale de France (BnF), Français 3619, f 89.	Paris	BnF_Français-3619_3	1591 -	French	French	1	2
9439	Decrypted	Cipher	Paris ,Bibliotheque nationale de France (BnF), Français 3619, f 81.	Paris	BnF_Français-3619_2	1591 -	French	French	1	2
9438	Decrypted	Cipher	Paris ,Bibliotheque nationale de France (BnF), Français 3619, f 73.	Paris	BnF_Français-3619_1	1591 -	Italian	Italian	1	2
9437	Decrypted	Cipher	Paris ,Bibliotheque nationale de France (BnF),Français 3616, no 81.	Paris	BnF_Français-3616_5	1500 - 1599	French	French	1	2
9435	Decrypted	Cipher	Paris ,Bibliotheque nationale de France (BnF),Français 3616, no 45.	Paris	BnF_Français-3616_3	1500 - 1599	French	French	1	2
9434	Decrypted	Cipher	Paris ,Bibliotheque nationale de France (BnF),Français 3616, no 24.	Paris	BnF_Français-3616_2	1500 - 1599	French	French	1	2
9433	Decrypted	Cipher	Paris ,Bibliotheque nationale de France (BnF),Français 3616, no 11.	Paris	BnF_Français-3616_1	1589 -	French	French	1	2
9429	Decrypted	Cipher	Paris ,Bibliotheque nationale de France (BnF), Clairambault 417, f 236.	Paris	BnF_Clairambault-417-fol.236	1648 -		French	3	2
9428	Decrypted	Cipher	München ,Bavaria Main State Archive, Kurbayern Äußeres Archiv 4591 f 288.	München	BayHStA_KAA_4591_288	1475 - 1625	...	...	2	2
9425	Decrypted	Cipher	München ,Bavaria Main State Archive, Kurbayern Äußeres Archiv 4591 f 278-280.	München	BayHStA_KAA_4591_278	1619 -	...	...	4	2
9418	Decrypted	Cipher	München ,Bavaria Main State Archive, Kurbayern Äußeres Archiv 4591 f 265-266.	München	BayHStA_KAA_4591_265	1475 - 1625	...	...	1	2
9406	Decrypted	Cipher	München ,Bavaria Main State Archive, Kurbayern Äußeres Archiv 4591 f 231.	München	BayHStA_KAA_4591_231	1475 - 1625	...	...	2	2
9405	Decrypted	Cipher	München ,Bavaria Main State Archive, Kurbayern Äußeres Archiv 4591 f 230.	München	BayHStA_KAA_4591_230	1475 - 1625	...	...	1	3
9404	Decrypted	Cipher	München ,Bavaria Main State Archive, Kurbayern Äußeres Archiv 4591 f 229.	München	BayHStA_KAA_4591_229	1475 - 1625		...	1	3
9389	Decrypted	Cipher	München ,Bavaria Main State Archive, Kurbayern Äußeres Archiv 4591 f 207.	München	BayHStA_KAA_4591_207	1475 - 1625	...	...	1	3
9388	Decrypted	Cipher	München ,Bavaria Main State Archive, Kurbayern Äußeres Archiv 4591 f 206.	München	BayHStA_KAA_4591_206	1475 - 1625	...	...	1	3
9377	Decrypted	Cipher	München ,Bavaria Main State Archive, Kurbayern Äußeres Archiv 4591 f 185-189.	München	BayHStA_KAA_4591_185	1475 - 1625		...	7	3
9368	Decrypted	Cipher	München ,Bavaria Main State Archive, Kurbayern Äußeres Archiv 4591 f 170-171.	München	BayHStA_KAA_4591_170	1475 - 1625		...	2	3
9363	Decrypted	Cipher	München ,Bavaria Main State Archive, Kurbayern Äußeres Archiv 4591 f 163.	München	BayHStA_KAA_4591_163	1475 - 1625	...	...	2	3
9263	Decrypted	Cipher	London ,British Library, Cotton MS Caligula C V. f 78.	London	BL_Cotton_MS_Caligula_C_V_078	1575 -	...		2	3
9259	Decrypted	Cipher	London ,British Library, Add MS 4136 f 175-176.	London	BL_Add_MS_4136_175	1569 -	English		2	3
9258	Decrypted	Cipher	London ,British Library, Add MS 4136 f 173-174.	London	BL_Add_MS_4136_173	1559 -			1	3
9170	Decrypted	Cipher	London ,British Library, Add MS 32256 f 88.	London	BL_Add_MS_32256_088	1760 - 1839		English?	1	3
9169	Decrypted	Cipher	London ,British Library, Add MS 32256 f 87.	London	BL_Add_MS_32256_087	1760 - 1839		English?	2	3
8971	Decrypted	Cipher	London ,British Library, Add MS 32264 f 47.	London	BL_Add_MS_32264_047	1653 - 1850		...	1	3
8921	Decrypted	Cipher	London ,British Library, Add MS 32265 f 1.	London	BL_Add_MS_32265_001	1832 -		...	1	3
8811	Decrypted	Cipher	London ,British Library, Add MS 32292 f 99.	London	BL_Add_MS_32292_099	1845 -		Russian?	1	3
8773	Decrypted	Cipher	London ,British Library, Add MS 61575 f 93-94.	London	BL_Add_MS_61575_093	1702 - 1723	...		1	3
8772	Decrypted	Cipher	London ,British Library, Add MS 61575 f 91-92.	London	BL_Add_MS_61575_091	1702 - 1723	...		1	3
8771	Decrypted	Cipher	London ,British Library, Add MS 61575 f 88-90.	London	BL_Add_MS_61575_088	1702 - 1723		...	2	3
8754	Decrypted	Cipher	London ,British Library, Add MS 61575 f 29-30.	London	BL_Add_MS_61575_029	1709 - 1710	French?	French?	4	3
8753	Decrypted	Cipher	London ,British Library, Add MS 61575 f 27-28.	London	BL_Add_MS_61575_027	1709 - 1710	French?	French?	3	3
8752	Decrypted	Cipher	London ,British Library, Add MS 61575 f 21-22.	London	BL_Add_MS_61575_021	1709 -	French?	French?	1	3
8751	Decrypted	Cipher	London ,British Library, Add MS 61575 f 20.	London	BL_Add_MS_61575_020	1709 -	French?		2	3
8750	Decrypted	Cipher	London ,British Library, Add MS 61575 f 18-19.	London	BL_Add_MS_61575_018	1709 -	French		4	3
8749	Decrypted	Cipher	London ,British Library, Add MS 61575 f 17.	London	BL_Add_MS_61575_017	1709 -	French		2	3
8748	Decrypted	Cipher	London ,British Library, Add MS 61575 f 15-16.	London	BL_Add_MS_61575_015	1709 -	French		3	3
8747	Decrypted	Cipher	London ,British Library, Add MS 61575 f 11-12.	London	BL_Add_MS_61575_011	1707 -	French?	French?	3	3
8746	Decrypted	Cipher	London ,British Library, Add MS 61575 f 9-10.	London	BL_Add_MS_61575_009	1707 -	English		1	3
8728	Decrypted	Cipher	London ,British Library, Add MS 72438 f 107.	London	BL_Add_MS_72438_107	1625 - 1647		English	1	3
8725	Decrypted	Cipher	London ,British Library, Add MS 72438 f 104.	London	BL_Add_MS_72438_104	1625 - 1647			1	3
8626	Decrypted	Cipher	London ,British Library, Add MS 72438 f 14-15.	London	BL_Add_MS_72438_014	1647 -	English	English	4	3
8625	Decrypted	Cipher	London ,British Library, Add MS 72438 f 12-13.	London	BL_Add_MS_72438_012	1647 -		English	2	3
8622	Decrypted	Cipher	London ,British Library, Add MS 72438 f 7.	London	BL_Add_MS_72438_007	1625 - 1647	English	English	2	3
8621	Decrypted	Cipher	London ,British Library, Add MS 72438 f 5-6.	London	BL_Add_MS_72438_005	1645 -	English	English	4	3
8620	Decrypted	Cipher	London ,British Library, Add MS 72438 f 3-4.	London	BL_Add_MS_72438_003	1645 -	English	English	4	3
8619	Decrypted	Cipher	London ,British Library, Add MS 72438 f 1.	London	BL_Add_MS_72438_001	1643 -		English	1	3
8616	Decrypted	Cipher	London ,British Library, Cotton MS Vespanian C IV f 368.	London	BL_Cotton_MS_Vespanian_C_IV_368	1528 -		English?	1	3
8615	Decrypted	Cipher	London ,British Library, Cotton MS Vespanian C IV f 365.	London	BL_Cotton_MS_Vespanian_C_IV_365	1529 -	English?		2	3
8614	Decrypted	Cipher	London ,British Library, Cotton MS Vespanian C IV f 364.	London	BL_Cotton_MS_Vespanian_C_IV_364	1529 -	English?		2	3
8612	Decrypted	Cipher	London ,British Library, Cotton MS Vespanian C IV f 362.	London	BL_Cotton_MS_Vespanian_C_IV_362	1529 -		English?	1	3
8611	Decrypted	Cipher	London ,British Library, Cotton MS Vespanian C IV f 361.	London	BL_Cotton_MS_Vespanian_C_IV_361	1529 -	English?	English?	1	3
8610	Decrypted	Cipher	London ,British Library, Cotton MS Vespanian C IV f 358.	London	BL_Cotton_MS_Vespanian_C_IV_358	1529 -		English?	1	3
8609	Decrypted	Cipher	London ,British Library, Cotton MS Vespanian C IV f 357.	London	BL_Cotton_MS_Vespanian_C_IV_357	1529 -		English?	2	3
8608	Decrypted	Cipher	London ,British Library, Cotton MS Vespanian C IV f 352-353.	London	BL_Cotton_MS_Vespanian_C_IV_352	1529 -		English?	4	3
8607	Decrypted	Cipher	London ,British Library, Cotton MS Vespanian C IV f 350-351.	London	BL_Cotton_MS_Vespanian_C_IV_350	1529 -	English?	English?	2	3
8606	Decrypted	Cipher	London ,British Library, Cotton MS Vespanian C IV f 349.	London	BL_Cotton_MS_Vespanian_C_IV_349	1529 -	English?	English?	2	3
8605	Decrypted	Cipher	London ,British Library, Cotton MS Vespanian C IV f 347.	London	BL_Cotton_MS_Vespanian_C_IV_347	1529 -		English?	2	3
8604	Decrypted	Cipher	London ,British Library, Cotton MS Vespanian C IV f 346.	London	BL_Cotton_MS_Vespanian_C_IV_346	1529 -	English?	English?	1	3
8603	Decrypted	Cipher	London ,British Library, Cotton MS Vespanian C IV f 345.	London	BL_Cotton_MS_Vespanian_C_IV_345	1529 -		English?	1	3
8601	Decrypted	Cipher	London ,British Library, Cotton MS Vespanian C IV f 333-339.	London	BL_Cotton_MS_Vespanian_C_IV_333	1529 -	English?	English?	13	3
8600	Decrypted	Cipher	London ,British Library, Cotton MS Vespanian C IV f 330-331.	London	BL_Cotton_MS_Vespanian_C_IV_330	1529 -	English?	English?	4	3
8599	Decrypted	Cipher	London ,British Library, Cotton MS Vespanian C IV f 329.	London	BL_Cotton_MS_Vespanian_C_IV_329	1529 -		English?	1	4
8598	Decrypted	Cipher	London ,British Library, Cotton MS Vespanian C IV f 328.	London	BL_Cotton_MS_Vespanian_C_IV_328	1529 -		English?	2	4
8597	Decrypted	Cipher	London ,British Library, Cotton MS Vespanian C IV f 327.	London	BL_Cotton_MS_Vespanian_C_IV_327	1529 -		English?	2	4
8596	Decrypted	Cipher	London ,British Library, Cotton MS Vespanian C IV f 326.	London	BL_Cotton_MS_Vespanian_C_IV_326	1529 -		English?	2	4
8595	Decrypted	Cipher	London ,British Library, Cotton MS Vespanian C IV f 325.	London	BL_Cotton_MS_Vespanian_C_IV_325	1529 -	English?	English?	2	4
8594	Decrypted	Cipher	London ,British Library, Cotton MS Vespanian C IV f 324.	London	BL_Cotton_MS_Vespanian_C_IV_324	1529 -	English?	English?	2	4
8593	Decrypted	Cipher	London ,British Library, Cotton MS Vespanian C IV f 321.	London	BL_Cotton_MS_Vespanian_C_IV_321	1529 -		English?	2	4
8592	Decrypted	Cipher	London ,British Library, Cotton MS Vespanian C IV f 318.	London	BL_Cotton_MS_Vespanian_C_IV_318	1529 -		English?	2	4
8591	Decrypted	Cipher	London ,British Library, Cotton MS Vespanian C IV f 316-317.	London	BL_Cotton_MS_Vespanian_C_IV_316	1529 -	English?	English?	2	4
8590	Decrypted	Cipher	London ,British Library, Cotton MS Vespanian C IV f 315.	London	BL_Cotton_MS_Vespanian_C_IV_315	1529 -	English?	English?	1	4
8588	Decrypted	Cipher	London ,British Library, Cotton MS Vespanian C IV f 312.	London	BL_Cotton_MS_Vespanian_C_IV_312	1529 -	English?	English?	1	4
8584	Decrypted	Cipher	London ,British Library, Cotton MS Vespanian C IV f 310a.	London	BL_Cotton_MS_Vespanian_C_IV_310a	1528 -		English?	1	4
8583	Decrypted	Cipher	London ,British Library, Cotton MS Vespanian C IV f 302.	London	BL_Cotton_MS_Vespanian_C_IV_302	1528 -		English?	1	4
8581	Decrypted	Cipher	London ,British Library, Cotton MS Vespanian C IV f 289-299.	London	BL_Cotton_MS_Vespanian_C_IV_289	1528 -	English?	English?	22	4
8580	Decrypted	Cipher	London ,British Library, Cotton MS Vespanian C IV f 287.	London	BL_Cotton_MS_Vespanian_C_IV_287	1528 -		English?	1	4
8579	Decrypted	Cipher	London ,British Library, Cotton MS Vespanian C IV f 285-286.	London	BL_Cotton_MS_Vespanian_C_IV_285	1528 -	English?	English?	3	4
8577	Decrypted	Cipher	London ,British Library, Cotton MS Vespanian C IV f 283.	London	BL_Cotton_MS_Vespanian_C_IV_283	1528 -	English?	English?	1	4
8576	Decrypted	Cipher	London ,British Library, Cotton MS Vespanian C IV f 274.	London	BL_Cotton_MS_Vespanian_C_IV_274	1528 -	English?	English?	1	4
8571	Decrypted	Cipher	London ,British Library, Cotton MS Vespanian C IV f 192.	London	BL_Cotton_MS_Vespanian_C_IV_192	1527 -	English?	English?	1	4
8570	Decrypted	Cipher	London ,British Library, Cotton MS Vespanian C IV f 191.	London	BL_Cotton_MS_Vespanian_C_IV_191	1527 -	English?	English?	2	4
8569	Decrypted	Cipher	London ,British Library, Cotton MS Vespanian C IV f 190.	London	BL_Cotton_MS_Vespanian_C_IV_190	1527 -	English	English	2	4
8564	Decrypted	Cipher	London ,British Library, Cotton MS Vespanian C IV f 171-172.	London	BL_Cotton_MS_Vespanian_C_IV_171	1527 -	English	English	3	4
8563	Decrypted	Cipher	London ,British Library, Cotton MS Vespanian C IV f 169-170.	London	BL_Cotton_MS_Vespanian_C_IV_169	1527 -	English	English	4	4
8562	Decrypted	Cipher	London ,British Library, Cotton MS Vespanian C IV f 167-168.	London	BL_Cotton_MS_Vespanian_C_IV_167	1527 -	English	English	4	4
8560	Decrypted	Cipher	London ,British Library, Cotton MS Vespanian C IV f 165.	London	BL_Cotton_MS_Vespanian_C_IV_165	1529 -		English	1	4
8558	Decrypted	Cipher	London ,British Library, Cotton MS Vespanian C IV f 163.	London	BL_Cotton_MS_Vespanian_C_IV_163	1527 -	English	English	2	4
8546	Decrypted	Cipher	London ,British Library, Cotton MS Vespanian C IV f 150-151.	London	BL_Cotton_MS_Vespanian_C_IV_150	1527 -	English		2	4
8545	Decrypted	Cipher	London ,British Library, Cotton MS Vespanian C IV f 149.	London	BL_Cotton_MS_Vespanian_C_IV_149	1527 -	English		2	4
8541	Decrypted	Cipher	London ,British Library, Cotton MS Vespanian C IV f 144-145.	London	BL_Cotton_MS_Vespanian_C_IV_144	1527 -	English	English	4	4
8539	Decrypted	Cipher	London ,British Library, Cotton MS Vespanian C IV f 140-141.	London	BL_Cotton_MS_Vespanian_C_IV_140	1527 -	English	English	4	4
8534	Decrypted	Cipher	London ,British Library, Cotton MS Vespanian C IV f 122.	London	BL_Cotton_MS_Vespanian_C_IV_122	1527 -	English		1	4
8532	Decrypted	Cipher	London ,British Library, Cotton MS Vespanian C IV f 119.	London	BL_Cotton_MS_Vespanian_C_IV_119	1527 -	English	English	1	4
8531	Decrypted	Cipher	London ,British Library, Cotton MS Vespanian C IV f 97-98.	London	BL_Cotton_MS_Vespanian_C_IV_097	1527 -	English		3	4
8502	Decrypted	Cipher	London ,British Library, Harley MS 1582 f 73.	London	BL_Harley_MS_1582_073	1586 -	English	English	1	4
8498	Decrypted	Cipher	London ,British Library, Harley MS 1582 f 1-4.	London	BL_Harley_MS_1582_001	1552 -	English	English	6	4
8494	Decrypted	Cipher	London ,British Library, Harley MS 287 f 90-91.	London	BL_Harley_MS_287_090	1587 -	English	English	1	4
8493	Decrypted	Cipher	London ,British Library, Harley MS 287 f 89.	London	BL_Harley_MS_287_089	1588 -		English	1	4
8491	Decrypted	Cipher	London ,British Library, Harley MS 287 f 84.	London	BL_Harley_MS_287_084	1588 -		English	1	4
8489	Decrypted	Cipher	London ,British Library, Harley MS 287 f 78-79.	London	BL_Harley_MS_287_078	1588 -	English	English	2	4
8488	Decrypted	Cipher	London ,British Library, Harley MS 287 f 75-76.	London	BL_Harley_MS_287_075	1588 -	English	English	2	4
8481	Decrypted	Cipher	London ,British Library, Harley MS 287 f 63.	London	BL_Harley_MS_287_063	1587 -	English?	Englsih?	2	4
8480	Decrypted	Cipher	London ,British Library, Harley MS 287 f 41-42.	London	BL_Harley_MS_287_041	1587 -	English	Englsih	2	4
8478	Decrypted	Cipher	London ,British Library, Harley MS 287 f 37-38.	London	BL_Harley_MS_287_037	1587 -	English	Englsih	1	4
8475	Decrypted	Cipher	London ,British Library, Cotton MS Vespanian C III f 248-249.	London	BL_Cotton_MS_Vespanian_C_III_248	1526 -	English	English	3	4
8474	Decrypted	Cipher	London ,British Library, Cotton MS Vespanian C III f 246-247.	London	BL_Cotton_MS_Vespanian_C_III_246	1526 -	English	English	1	4
8471	Decrypted	Cipher	London ,British Library, Cotton MS Vespanian C III f 242-243.	London	BL_Cotton_MS_Vespanian_C_III_242	1526 -	English	English	3	4
8467	Decrypted	Cipher	London ,British Library, Cotton MS Vespanian C III f 241.	London	BL_Cotton_MS_Vespanian_C_III_241	1526 -		English	1	4
8466	Decrypted	Cipher	London ,British Library, Cotton MS Vespanian C III f 239-240.	London	BL_Cotton_MS_Vespanian_C_III_239	1526 -	English	English	4	4
8464	Decrypted	Cipher	London ,British Library, Cotton MS Vespanian C III f 237.	London	BL_Cotton_MS_Vespanian_C_III_237	1526 -	English	English	2	4
8463	Decrypted	Cipher	London ,British Library, Cotton MS Vespanian C III f 236.	London	BL_Cotton_MS_Vespanian_C_III_236	1526 -	English	English	2	4
8461	Decrypted	Cipher	London ,British Library, Cotton MS Vespanian C III f 230-231.	London	BL_Cotton_MS_Vespanian_C_III_230	1526 -	English	English	3	5
8457	Decrypted	Cipher	London ,British Library, Cotton MS Vespanian C III f 75-77.	London	BL_Cotton_MS_Vespanian_C_III_075	1525 -	English	English	5	5
8456	Decrypted	Cipher	London ,British Library, Cotton MS Vespanian C III f 60-61.	London	BL_Cotton_MS_Vespanian_C_III_060	1525 -	English?	English?	3	5
8455	Decrypted	Cipher	London ,British Library, Cotton MS Vespanian C III f 22.	London	BL_Cotton_MS_Vespanian_C_III_022	1525 -		English	1	5
8454	Decrypted	Cipher	London ,British Library, Add MS 18982 f 195.	London	BL_Add_MS_18982_195	1649 - 1950	English	English	1	5
8453	Decrypted	Cipher	London ,British Library, Add MS 18982 f 191-192.	London	BL_Add_MS_18982_191	1649 -	English	English	1	5
8452	Decrypted	Cipher	London ,British Library, Add MS 18982 f 187-188.	London	BL_Add_MS_18982_187	1649 -	English	English	1	5
8451	Decrypted	Cipher	London ,British Library, Add MS 18982 f 185-186.	London	BL_Add_MS_18982_185	1649 -	English	English	1	5
8450	Decrypted	Cipher	London ,British Library, Add MS 18982 f 177-178.	London	BL_Add_MS_18982_177	1645 - 1658	English	English	3	5
8449	Decrypted	Cipher	London ,British Library, Add MS 18982 f 146-147.	London	BL_Add_MS_18982_146	1648 -	English	English	1	5
8448	Decrypted	Cipher	London ,British Library, Add MS 18982 f 141.	London	BL_Add_MS_18982_141	1648 -		English	1	5
8446	Decrypted	Cipher	London ,British Library, Add MS 18982 f 123.	London	BL_Add_MS_18982_123	1648 -	English	English	1	5
8445	Decrypted	Cipher	London ,British Library, Add MS 18982 f 114.	London	BL_Add_MS_18982_114	1648 -	English	English	1	5
8444	Decrypted	Cipher	London ,British Library, Add MS 18982 f 95.	London	BL_Add_MS_18982_093	1645 -	English	English	2	5
8443	Decrypted	Cipher	London ,British Library, Add MS 18982 f 93-94.	London	BL_Add_MS_18982_093	1645 -	English	English	3	5
8442	Decrypted	Cipher	London ,British Library, Add MS 18982 f 79-80.	London	BL_Add_MS_18982_079	1645 -	English	English	2	5
8440	Decrypted	Cipher	London ,British Library, Add MS 18982 f 69.	London	BL_Add_MS_18982_069	1645 -	English	English	1	5
8439	Decrypted	Cipher	London ,British Library, Add MS 18982 f 68.	London	BL_Add_MS_18982_068	1645 -	English		1	5
8438	Decrypted	Cipher	London ,British Library, Add MS 18982 f 66.	London	BL_Add_MS_18982_066	1645 -	English	English	3	5
8437	Decrypted	Cipher	London ,British Library, Add MS 18982 f 65.	London	BL_Add_MS_18982_065	1645 -	English	English	2	5
8436	Decrypted	Cipher	London ,British Library, Add MS 18982 f 64.	London	BL_Add_MS_18982_064	1645 -	English	English	2	5
8435	Decrypted	Cipher	London ,British Library, Add MS 18982 f 63.	London	BL_Add_MS_18982_063	1645 -	English	English	2	5
8434	Decrypted	Cipher	London ,British Library, Add MS 18982 f 58.	London	BL_Add_MS_18982_058	1645 -	English		1	5
8431	Decrypted	Cipher	London ,British Library, Add MS 18982 f 49.	London	BL_Add_MS_18982_049	1645 -	English	English	2	5
8429	Decrypted	Cipher	London ,British Library, Add MS 18982 f 46-47.	London	BL_Add_MS_18982_046	1645 -	English		3	5
8428	Decrypted	Cipher	London ,British Library, Add MS 18982 f 44-45.	London	BL_Add_MS_18982_044	1645 -	English	English	3	5
8427	Decrypted	Cipher	London ,British Library, Cotton MS Galba B V f 188-189.	London	BL_Cotton_MS_Galba_B_V_188	1500 - 1550	...	...	3	5
8426	Decrypted	Cipher	London ,British Library, Cotton MS Galba B V f 184-185.	London	BL_Cotton_MS_Galba_B_V_184	1517 -	...	...	3	5
8425	Decrypted	Cipher	London ,British Library, Cotton MS Galba B V f 170-171.	London	BL_Cotton_MS_Galba_B_V_170	1500 - 1550	...	...	4	5
8424	Decrypted	Cipher	London ,British Library, Cotton MS Galba B V f 166-167.	London	BL_Cotton_MS_Galba_B_V_166	1517 -	...	...	4	5
8423	Decrypted	Cipher	London ,British Library, Cotton MS Galba B V f 164.	London	BL_Cotton_MS_Galba_B_V_164	1500 - 1550	...	...	1	5
8422	Decrypted	Cipher	London ,British Library, Cotton MS Galba B V f 159-160.	London	BL_Cotton_MS_Galba_B_V_159	1500 - 1550	...	...	3	5
8421	Decrypted	Cipher	London ,British Library, Cotton MS Galba B V f 158.	London	BL_Cotton_MS_Galba_B_V_158	1517 -	...	...	2	5
8420	Decrypted	Cipher	London ,British Library, Cotton MS Galba B V f 144.	London	BL_Cotton_MS_Galba_B_V_144	1519 -	...	...	2	5
8419	Decrypted	Cipher	London ,British Library, Cotton MS Galba B V f 139-140.	London	BL_Cotton_MS_Galba_B_V_139	1517 -	...	...	4	5
8418	Decrypted	Cipher	London ,British Library, Cotton MS Galba B V f 87-88.	London	BL_Cotton_MS_Galba_B_V_087	1516 -	...	...	3	5
8417	Decrypted	Cipher	London ,British Library, Cotton MS Galba B V f 45.	London	BL_Cotton_MS_Galba_B_V_045	1500 - 1550	...	...	1	5
8415	Decrypted	Cipher	London ,British Library, Cotton MS Galba B V f 36-38.	London	BL_Cotton_MS_Galba_B_V_036	1517 -	...	...	6	5
8414	Decrypted	Cipher	London ,British Library, Cotton MS Galba B V f 35.	London	BL_Cotton_MS_Galba_B_V_035	1517 -	...	...	2	5
8413	Decrypted	Cipher	London ,British Library, Cotton MS Galba B V f 34.	London	BL_Cotton_MS_Galba_B_V_034	1500 - 1550	...	...	1	5
8412	Decrypted	Cipher	London ,British Library, Cotton MS Galba B V f 23-25.	London	BL_Cotton_MS_Galba_B_V_023	1500 - 1550	...	...	4	5
8411	Decrypted	Cipher	London ,British Library, Cotton MS Galba B V f 21-22.	London	BL_Cotton_MS_Galba_B_V_021	1517 -	...	...	3	5
8410	Decrypted	Cipher	London ,British Library, Cotton MS Galba B V f 20.	London	BL_Cotton_MS_Galba_B_V_020	1516 -	...	...	2	5
8409	Decrypted	Cipher	London ,British Library, Cotton MS Galba B V f 16-19.	London	BL_Cotton_MS_Galba_B_V_016	1516 -	...	...	5	5
8387	Decrypted	Cipher	London ,British Library, Add MS 4200	London	Add-MS-4200_2	1645 - 1661	English	English	4	5
8355	Decrypted	Cipher	London ,British Library, Cotton MS Galba B III f 407-408.	London	BL_Cotton_MS_Galba_B_III_407	1500 - 1550			2	5
8354	Decrypted	Cipher	London ,British Library, Cotton MS Galba B III f 277-278.	London	BL_Cotton_MS_Galba_B_III_277	1500 - 1550			3	5
8353	Decrypted	Cipher	London ,British Library, Cotton MS Galba B III f 274-275.	London	BL_Cotton_MS_Galba_B_III_274	1500 - 1550	...		3	5
8352	Decrypted	Cipher	London ,British Library, Cotton MS Galba B III f 8-10.	London	BL_Cotton_MS_Galba_B_III_008	1500 - 1550	...	...	5	5
8351	Decrypted	Cipher	London ,British Library, Add MS 33531 f 103-104.	London	BL_Add_MS_33531_103	1570 -	...	...	2	5
8350	Decrypted	Cipher	London ,British Library, Add MS 33531 f 101-102.	London	BL_Add_MS_33531_101	-			2	6
8349	Decrypted	Cipher	London ,British Library, Add MS 33531 f 99-100.	London	BL_Add_MS_33531_099	1570 -	...	...	2	6
8346	Decrypted	Cipher	London ,British Library, Add MS 33531 f 27-30.	London	BL_Add_MS_33531_027	1563 -	...		7	6
8344	Decrypted	Cipher	London ,British Library, Add MS 32091 f 180-181.	London	BL_Add_MS_32091_180	1560 -	English	English	1	6
8343	Decrypted	Cipher	London ,British Library, Harley MS 6988 f 209.	London	BL_Harley_MS_6988_209	1648 -	English		2	6
8340	Decrypted	Cipher	London ,British Library, Harley MS 6988 f 193.	London	BL_Harley_MS_6988_193	1646 -	English		1	6
8339	Decrypted	Cipher	London ,British Library, Add MS 20361	London	Add-MS-20361_45	1717 - 1718	French		8	6
8338	Decrypted	Cipher	London ,British Library, Add MS 20361	London	Add-MS-20361_44	1717 - 1718	French		4	6
8337	Decrypted	Cipher	London ,British Library, Add MS 20361	London	Add-MS-20361_43	1717 - 1718	French		10	6
8336	Decrypted	Cipher	London ,British Library, Add MS 20361	London	Add-MS-20361_42	1717 - 1718	French		11	6
8335	Decrypted	Cipher	London ,British Library, Add MS 20361	London	Add-MS-20361_41	1717 - 1718	French		7	6
8334	Decrypted	Cipher	London ,British Library, Add MS 20361	London	Add-MS-20361_40	1717 - 1718	French		8	6
8333	Decrypted	Cipher	London ,British Library, Add MS 20361	London	Add-MS-20361_39	1717 - 1718	French		10	6
8332	Decrypted	Cipher	London ,British Library, Add MS 20361	London	Add-MS-20361_38	1717 - 1718	French		8	6
8331	Decrypted	Cipher	London ,British Library, Add MS 20361	London	Add-MS-20361_37	1717 - 1718	French		4	6
8330	Decrypted	Cipher	London ,British Library, Add MS 20361	London	Add-MS-20361_36	1717 - 1718	French		8	6
8329	Decrypted	Cipher	London ,British Library, Add MS 20361	London	Add-MS-20361_35	1717 - 1718	French		16	6
8328	Decrypted	Cipher	London ,British Library, Add MS 20361	London	Add-MS-20361_34	1717 - 1718	French		8	6
8327	Decrypted	Cipher	London ,British Library, Add MS 20361	London	Add-MS-20361_33	1717 - 1718	French		10	6
8326	Decrypted	Cipher	London ,British Library, Add MS 20361	London	Add-MS-20361_32	1717 - 1718	French		8	6
8325	Decrypted	Cipher	London ,British Library, Add MS 20361	London	Add-MS-20361_31	1717 - 1718	French		8	6
8324	Decrypted	Cipher	London ,British Library, Add MS 20361	London	Add-MS-20361_30	1717 - 1718	French		10	6
8323	Decrypted	Cipher	London ,British Library, Add MS 20361	London	Add-MS-20361_29	1717 - 1718	French		10	6
8322	Decrypted	Cipher	London ,British Library, Add MS 20361	London	Add-MS-20361_28	1717 - 1718	French		6	6
8321	Decrypted	Cipher	London ,British Library, Add MS 20361	London	Add-MS-20361_27	1717 - 1718	French		8	6
8320	Decrypted	Cipher	London ,British Library, Add MS 20361	London	Add-MS-20361_26	1717 - 1718	French		10	6
8319	Decrypted	Cipher	London ,British Library, Add MS 20361	London	Add-MS-20361_25	1717 - 1718	French		11	6
8318	Decrypted	Cipher	London ,British Library, Add MS 20361	London	Add-MS-20361_24	1717 - 1718	French		12	6
8317	Decrypted	Cipher	London ,British Library, Add MS 20361	London	Add-MS-20361_23	1717 - 1718	French		8	6
8316	Decrypted	Cipher	London ,British Library, Add MS 20361	London	Add-MS-20361_22	1717 - 1718	French		8	6
8315	Decrypted	Cipher	London ,British Library, Add MS 20361	London	Add-MS-20361_21	1717 - 1718	French		8	6
8314	Decrypted	Cipher	London ,British Library, Add MS 20361	London	Add-MS-20361_20	1717 - 1718	French		8	6
8313	Decrypted	Cipher	London ,British Library, Add MS 20361	London	Add-MS-20361_19	1717 - 1718	French		12	6
8312	Decrypted	Cipher	London ,British Library, Add MS 20361	London	Add-MS-20361_18	1717 - 1718	French		12	6
8311	Decrypted	Cipher	London ,British Library, Add MS 20361	London	Add-MS-20361_17	1717 - 1718	French		12	6
8310	Decrypted	Cipher	London ,British Library, Add MS 20361	London	Add-MS-20361_16	1717 - 1718	French		12	6
8309	Decrypted	Cipher	London ,British Library, Add MS 20361	London	Add-MS-20361_15	1717 - 1718	French		8	6
8308	Decrypted	Cipher	London ,British Library, Add MS 20361	London	Add-MS-20361_14	1717 - 1718	French		11	6
8307	Decrypted	Cipher	London ,British Library, Add MS 20361	London	Add-MS-20361_13	1717 - 1718	French		8	6
8306	Decrypted	Cipher	London ,British Library, Add MS 20361	London	Add-MS-20361_12	1717 - 1718	French		8	6
8305	Decrypted	Cipher	London ,British Library, Add MS 20361	London	Add-MS-20361_11	1717 - 1718	French		8	6
8304	Decrypted	Cipher	London ,British Library, Add MS 20361	London	Add-MS-20361_10	1717 - 1718	French		6	6
8303	Decrypted	Cipher	London ,British Library, Add MS 20361	London	Add-MS-20361_9	1717 - 1718	French		8	6
8302	Decrypted	Cipher	London ,British Library, Add MS 20361	London	Add-MS-20361_8	1717 - 1718	French		9	6
8301	Decrypted	Cipher	London ,British Library, Add MS 20361	London	Add-MS-20361_7	1717 - 1718	French		10	6
8300	Decrypted	Cipher	London ,British Library, Add MS 20361	London	Add-MS-20361_6	1717 - 1718	French		8	6
8299	Decrypted	Cipher	London ,British Library, Add MS 20361	London	Add-MS-20361_5	1717 - 1718	French		11	6
8298	Decrypted	Cipher	London ,British Library, Add MS 20361	London	Add-MS-20361_4	1717 - 1718	French		6	6
8297	Decrypted	Cipher	London ,British Library, Add MS 20361	London	Add-MS-20361_3	1717 - 1718	French		5	6
8296	Decrypted	Cipher	London ,British Library, Add MS 20361	London	Add-MS-20361_2	1717 - 1718	French		5	6
8295	Decrypted	Cipher	London ,British Library, Add MS 20361	London	Add-MS-20361_1	1717 - 1718	French		9	7
8294	Decrypted	Cipher	London ,British Library, Add MS 20360	London	Add-MS-20360_42	1716 - 1717	French		14	7
8293	Decrypted	Cipher	London ,British Library, Add MS 20360	London	Add-MS-20360_41	1716 - 1717	French		8	7
8292	Decrypted	Cipher	London ,British Library, Add MS 20360	London	Add-MS-20360_40	1716 - 1717	French		14	7
8291	Decrypted	Cipher	London ,British Library, Add MS 20360	London	Add-MS-20360_39	1716 - 1717	French		10	7
8290	Decrypted	Cipher	London ,British Library, Add MS 20360	London	Add-MS-20360_38	1716 - 1717	French		6	7
8289	Decrypted	Cipher	London ,British Library, Add MS 20360	London	Add-MS-20360_37	1716 - 1717	French		11	7
8288	Decrypted	Cipher	London ,British Library, Add MS 20360	London	Add-MS-20360_36	1716 - 1717	French		12	7
8287	Decrypted	Cipher	London ,British Library, Add MS 20360	London	Add-MS-20360_35	1716 - 1717	French		12	7
8286	Decrypted	Cipher	London ,British Library, Add MS 20360	London	Add-MS-20360_34	1716 - 1717	French		16	7
8285	Decrypted	Cipher	London ,British Library, Add MS 20360	London	Add-MS-20360_33	1716 - 1717	French		10	7
8284	Decrypted	Cipher	London ,British Library, Add MS 20360	London	Add-MS-20360_32	1716 - 1717	French		12	7
8283	Decrypted	Cipher	London ,British Library, Add MS 20360	London	Add-MS-20360_31	1716 - 1717	French		8	7
8282	Decrypted	Cipher	London ,British Library, Add MS 20360	London	Add-MS-20360_30	1716 - 1717			11	7
8281	Decrypted	Cipher	London ,British Library, Add MS 20360	London	Add-MS-20360_29	1716 - 1717	French		14	7
8280	Decrypted	Cipher	London ,British Library, Add MS 20360	London	Add-MS-20360_28	1716 - 1717	French		8	7
8279	Decrypted	Cipher	London ,British Library, Add MS 20360	London	Add-MS-20360_27	1716 - 1717	French		4	7
8278	Decrypted	Cipher	London ,British Library, Add MS 20360	London	Add-MS-20360_26	1716 - 1717	French		6	7
8277	Decrypted	Cipher	London ,British Library, Add MS 20360	London	Add-MS-20360_25	1716 - 1717	French		7	7
8276	Decrypted	Cipher	London ,British Library, Add MS 20360	London	Add-MS-20360_24	1716 - 1717	French		7	7
8275	Decrypted	Cipher	London ,British Library, Add MS 20360	London	Add-MS-20360_23	1716 - 1717	French		11	7
8274	Decrypted	Cipher	London ,British Library, Add MS 20360	London	Add-MS-20360_22	1716 - 1717	French		8	7
8273	Decrypted	Cipher	London ,British Library, Add MS 20360	London	Add-MS-20360_21	1716 - 1717	French		6	7
8272	Decrypted	Cipher	London ,British Library, Add MS 20360	London	Add-MS-20360_20	1716 - 1717	French		8	7
8271	Decrypted	Cipher	London ,British Library, Add MS 20360	London	Add-MS-20360_19	1716 - 1717	French		11	7
8270	Decrypted	Cipher	London ,British Library, Add MS 20360	London	Add-MS-20360_18	1716 - 1717	French		7	7
8269	Decrypted	Cipher	London ,British Library, Add MS 20360	London	Add-MS-20360_17	1716 - 1717	French		10	7
8268	Decrypted	Cipher	London ,British Library, Add MS 20360	London	Add-MS-20360_16	1716 - 1717	French		12	7
8267	Decrypted	Cipher	London ,British Library, Add MS 20360	London	Add-MS-20360_15	1716 - 1717	French		8	7
8266	Decrypted	Cipher	London ,British Library, Add MS 20360	London	Add-MS-20360_14	1716 - 1717	French		8	7
8265	Decrypted	Cipher	London ,British Library, Add MS 20360	London	Add-MS-20360_13	1716 - 1717	French		9	7
8264	Decrypted	Cipher	London ,British Library, Add MS 20360	London	Add-MS-20360_12	1716 - 1717	French		6	7
8263	Decrypted	Cipher	London ,British Library, Add MS 20360	London	Add-MS-20360_11	1716 - 1717	French		8	7
8262	Decrypted	Cipher	London ,British Library, Add MS 20360	London	Add-MS-20360_10	1716 - 1717	French		6	7
8261	Decrypted	Cipher	London ,British Library, Add MS 20360	London	Add-MS-20360_9	1716 - 1717	French		8	7
8260	Decrypted	Cipher	London ,British Library, Add MS 20360	London	Add-MS-20360_8	1716 - 1717	French		8	7
8259	Decrypted	Cipher	London ,British Library, Add MS 20360	London	Add-MS-20360_7	1716 - 1717	French		16	7
8258	Decrypted	Cipher	London ,British Library, Add MS 20360	London	Add-MS-20360_6	1716 - 1717	French		8	7
8257	Decrypted	Cipher	London ,British Library, Add MS 20360	London	Add-MS-20360_5	1716 - 1717	French		7	7
8256	Decrypted	Cipher	London ,British Library, Add MS 20360	London	Add-MS-20360_4	1716 - 1717	French		5	7
8255	Decrypted	Cipher	London ,British Library, Add MS 20360	London	Add-MS-20360_3	1716 - 1717	French		13	7
8254	Decrypted	Cipher	London ,British Library, Add MS 20360	London	Add-MS-20360_2	1716 - 1717	French		5	7
8253	Decrypted	Cipher	London ,British Library, Add MS 20360	London	Add-MS-20360_1	1716 - 1717	French		18	7
8252	Decrypted	Cipher	London ,British Library, Add MS 20359	London	Add-MS-20359_34	1703 - 1716	French		8	7
8251	Decrypted	Cipher	London ,British Library, Add MS 20359	London	Add-MS-20359_33	1703 - 1716	French		8	7
8250	Decrypted	Cipher	London ,British Library, Add MS 20359	London	Add-MS-20359_32	1703 - 1716	French		10	7
8249	Decrypted	Cipher	London ,British Library, Add MS 20359	London	Add-MS-20359_31	1703 - 1716			8	7
8248	Decrypted	Cipher	London ,British Library, Add MS 20359	London	Add-MS-20359_30	1703 - 1716	French		10	7
8247	Decrypted	Cipher	London ,British Library, Add MS 20359	London	Add-MS-20359_29	1703 - 1716			9	7
8246	Decrypted	Cipher	London ,British Library, Add MS 20359	London	Add-MS-20359_28	1703 - 1716	French		6	7
8245	Decrypted	Cipher	London ,British Library, Add MS 20359	London	Add-MS-20359_27	1703 - 1716	French		16	8
8244	Decrypted	Cipher	London ,British Library, Add MS 20359	London	Add-MS-20359_26	1703 - 1716			8	8
8243	Decrypted	Cipher	London ,British Library, Add MS 20359	London	Add-MS-20359_25	1703 - 1716			6	8
8242	Decrypted	Cipher	London ,British Library, Add MS 20359	London	Add-MS-20359_24	1703 - 1716	French		4	8
8241	Decrypted	Cipher	London ,British Library, Add MS 20359	London	Add-MS-20359_23	1703 - 1716	French		11	8
8240	Decrypted	Cipher	London ,British Library, Add MS 20359	London	Add-MS-20359_22	1703 - 1716	French		7	8
8239	Decrypted	Cipher	London ,British Library, Add MS 20359	London	Add-MS-20359_21	1703 - 1716	French		8	8
8238	Decrypted	Cipher	London ,British Library, Add MS 20359	London	Add-MS-20359_20	1703 - 1716	French		4	8
8237	Decrypted	Cipher	London ,British Library, Add MS 20359	London	Add-MS-20359_19	1703 - 1716	French		12	8
8236	Decrypted	Cipher	London ,British Library, Add MS 20359	London	Add-MS-20359_18	1703 - 1716	French		4	8
8235	Decrypted	Cipher	London ,British Library, Add MS 20359	London	Add-MS-20359_17	1703 - 1716	French		7	8
8234	Decrypted	Cipher	London ,British Library, Add MS 20359	London	Add-MS-20359_16	1703 - 1716	French		8	8
8233	Decrypted	Cipher	London ,British Library, Add MS 20359	London	Add-MS-20359_15	1703 - 1716	French		10	8
8232	Decrypted	Cipher	London ,British Library, Add MS 20359	London	Add-MS-20359_14	1703 - 1716			4	8
8231	Decrypted	Cipher	London ,British Library, Add MS 20359	London	Add-MS-20359_13	1703 - 1716	French		6	8
8230	Decrypted	Cipher	London ,British Library, Add MS 20359	London	Add-MS-20359_12	1703 - 1716	French		6	8
8229	Decrypted	Cipher	London ,British Library, Add MS 20359	London	Add-MS-20359_11	1703 - 1716			4	8
8228	Decrypted	Cipher	London ,British Library, Add MS 20359	London	Add-MS-20359_10	1703 - 1716			3	8
8227	Decrypted	Cipher	London ,British Library, Add MS 20359	London	Add-MS-20359_9	1703 - 1716			2	8
8226	Decrypted	Cipher	London ,British Library, Add MS 20359	London	Add-MS-20359_8	1703 - 1716			4	8
8225	Decrypted	Cipher	London ,British Library, Add MS 20359	London	Add-MS-20359_7	1703 - 1716			5	8
8224	Decrypted	Cipher	London ,British Library, Add MS 20359	London	Add-MS-20359_6	1703 - 1716	French		6	8
8223	Decrypted	Cipher	London ,British Library, Add MS 20359	London	Add-MS-20359_5	1703 - 1716	French		4	8
8222	Decrypted	Cipher	London ,British Library, Add MS 20359	London	Add-MS-20359_4	1703 - 1716	French		8	8
8221	Decrypted	Cipher	London ,British Library, Add MS 20359	London	Add-MS-20359_3	1713 - 1716	French		4	8
8220	Decrypted	Cipher	London ,British Library, Add MS 20359	London	Add-MS-20359_2	1703 - 1716	French	French	4	8
8219	Decrypted	Cipher	London ,British Library, Add MS 20359	London	Add-MS-20359_1	1703 - 1716	French	French	4	8
8218	Decrypted	Cipher	London ,British Library, Add MS 20563	London	Add-MS-20563_53	1706 - 1725	Italian		12	8
8217	Decrypted	Cipher	London ,British Library, Add MS 20563	London	Add-MS-20563_52	1706 - 1725	Italian		12	8
8216	Decrypted	Cipher	London ,British Library, Add MS 20563	London	Add-MS-20563_51	1706 - 1725	Italian		16	8
8215	Decrypted	Cipher	London ,British Library, Add MS 20563	London	Add-MS-20563_50	1706 - 1725	Italian		8	8
8214	Decrypted	Cipher	London ,British Library, Add MS 20563	London	Add-MS-20563_49	1706 - 1725	Italian		9	8
8213	Decrypted	Cipher	London ,British Library, Add MS 20563	London	Add-MS-20563_48	1706 - 1725	Italian		9	8
8212	Decrypted	Cipher	London ,British Library, Add MS 20563	London	Add-MS-20563_47	1706 - 1725	Italian		7	8
8211	Decrypted	Cipher	London ,British Library, Add MS 20563	London	Add-MS-20563_46	1706 - 1725	Italian		7	8
8210	Decrypted	Cipher	London ,British Library, Add MS 20563	London	Add-MS-20563_45	1706 - 1725	Italian		12	8
8209	Decrypted	Cipher	London ,British Library, Add MS 20563	London	Add-MS-20563_44	1706 - 1725	Italian		10	8
8208	Decrypted	Cipher	London ,British Library, Add MS 20563	London	Add-MS-20563_43	1706 - 1725	Italian		6	8
8207	Decrypted	Cipher	London ,British Library, Add MS 20563	London	Add-MS-20563_42	1706 - 1725	Italian		6	8
8206	Decrypted	Cipher	London ,British Library, Add MS 20563	London	Add-MS-20563_41	1706 - 1725	Italian		5	8
8205	Decrypted	Cipher	London ,British Library, Add MS 20563	London	Add-MS-20563_40	1706 - 1725	Italian		7	8
8204	Decrypted	Cipher	London ,British Library, Add MS 20563	London	Add-MS-20563_39	1706 - 1725	Italian		10	8
8203	Decrypted	Cipher	London ,British Library, Add MS 20563	London	Add-MS-20563_38	1706 - 1725	Italian		11	8
8202	Decrypted	Cipher	London ,British Library, Add MS 20563	London	Add-MS-20563_37	1706 - 1725	Italian		13	8
8201	Decrypted	Cipher	London ,British Library, Add MS 20563	London	Add-MS-20563_36	1706 - 1725	Italian		6	8
8200	Decrypted	Cipher	London ,British Library, Add MS 20563	London	Add-MS-20563_35	1706 - 1725	Italian		5	8
8199	Decrypted	Cipher	London ,British Library, Add MS 20563	London	Add-MS-20563_34	1706 - 1725	Italian		7	8
8198	Decrypted	Cipher	London ,British Library, Add MS 20563	London	Add-MS-20563_33	1706 - 1725	Italian		11	8
8197	Decrypted	Cipher	London ,British Library, Add MS 20563	London	Add-MS-20563_32	1706 - 1725	Italian		12	8
8196	Decrypted	Cipher	London ,British Library, Add MS 20563	London	Add-MS-20563_31	1706 - 1725	Italian		9	8
8195	Decrypted	Cipher	London ,British Library, Add MS 20563	London	Add-MS-20563_30	1706 - 1725	Italian		11	9
8194	Decrypted	Cipher	London ,British Library, Add MS 20563	London	Add-MS-20563_29	1706 - 1725	Italian		6	9
8193	Decrypted	Cipher	London ,British Library, Add MS 20563	London	Add-MS-20563_28	1706 - 1725	Italian		9	9
8192	Decrypted	Cipher	London ,British Library, Add MS 20563	London	Add-MS-20563_27	1706 - 1725	Italian		11	9
8191	Decrypted	Cipher	London ,British Library, Add MS 20563	London	Add-MS-20563_26	1706 - 1725	Italian		10	9
8190	Decrypted	Cipher	London ,British Library, Add MS 20563	London	Add-MS-20563_25	1706 - 1725	Italian		10	9
8189	Decrypted	Cipher	London ,British Library, Add MS 20563	London	Add-MS-20563_24	1706 - 1725	Italian		6	9
8188	Decrypted	Cipher	London ,British Library, Add MS 20563	London	Add-MS-20563_23	1706 - 1725	Italian		9	9
8187	Decrypted	Cipher	London ,British Library, Add MS 20563	London	Add-MS-20563_22	1706 - 1725	Italian		6	9
8186	Decrypted	Cipher	London ,British Library, Add MS 20563	London	Add-MS-20563_21	1706 - 1725	Italian		22	9
8185	Decrypted	Cipher	London ,British Library, Add MS 20563	London	Add-MS-20563_20	1706 - 1725	Italian		6	9
8184	Decrypted	Cipher	London ,British Library, Add MS 20563	London	Add-MS-20563_19	1706 - 1725	Italian		6	9
8183	Decrypted	Cipher	London ,British Library, Add MS 20563	London	Add-MS-20563_18	1706 - 1725	Italian		13	9
8182	Decrypted	Cipher	London ,British Library, Add MS 20563	London	Add-MS-20563_17	1706 - 1725	Italian		10	9
8181	Decrypted	Cipher	London ,British Library, Add MS 20563	London	Add-MS-20563_16	1706 - 1725	Italian		12	9
8180	Decrypted	Cipher	London ,British Library, Add MS 20563	London	Add-MS-20563_15	1706 - 1725	Italian		13	9
8179	Decrypted	Cipher	London ,British Library, Add MS 20563	London	Add-MS-20563_14	1706 - 1725	Italian		8	9
8178	Decrypted	Cipher	London ,British Library, Add MS 20563	London	Add-MS-20563_13	1706 - 1725	Italian		7	9
8177	Decrypted	Cipher	London ,British Library, Add MS 20563	London	Add-MS-20563_12	1706 - 1725	Italian		13	9
8176	Decrypted	Cipher	London ,British Library, Add MS 20563	London	Add-MS-20563_11	1706 - 1725	Italian		13	9
8175	Decrypted	Cipher	London ,British Library, Add MS 20563	London	Add-MS-20563_10	1706 - 1725	Italian		5	9
8174	Decrypted	Cipher	London ,British Library, Add MS 20563	London	Add-MS-20563_9	1706 - 1725	Italian		6	9
8173	Decrypted	Cipher	London ,British Library, Add MS 20563	London	Add-MS-20563_8	1706 - 1725	Italian		6	9
8172	Decrypted	Cipher	London ,British Library, Add MS 20563	London	Add-MS-20563_7	1706 - 1725	Italian		9	9
8171	Decrypted	Cipher	London ,British Library, Add MS 20563	London	Add-MS-20563_6	1706 - 1725	Italian		12	9
8170	Decrypted	Cipher	London ,British Library, Add MS 20563	London	Add-MS-20563_5	1706 - 1725			5	9
8169	Decrypted	Cipher	London ,British Library, Add MS 20563	London	Add-MS-20563_4	1706 - 1725			8	9
8168	Decrypted	Cipher	London ,British Library, Add MS 20563	London	Add-MS-20563_3	1706 - 1725	Italian		3	9
8167	Decrypted	Cipher	London ,British Library, Add MS 20563	London	Add-MS-20563_2	1706 - 1725	Italian		11	9
8166	Decrypted	Cipher	London ,British Library, Add MS 20563	London	Add-MS-20563_1	1706 - 1725	Italian		3	9
7966	Decrypted	Cipher	Valladolid ,Archivo General de Simancas, AGS,EST,LEG,501,27	Valladolid	Charles V-Prince Philip Cipher (1545)	1545 - 1545	Spanish	Spanish	1	9
7952	Decrypted	Cipher	Paris ,Bibliotheque nationale de France (BnF), Lorraine 377, f.95	Paris	BnF_Lorraine377_f95	-	French	French	2	9
7929	Decrypted	Cipher	London ,British Library, Add MS 32270 f 19-40.	London	BL_Add_MS_32270_019	1719 - 1839		...	42	9
7897	Decrypted	Cipher	Paris ,Bibliothèque nationale de France (BnF), Français 23202, f.350	Paris	BnF_fr23202_f350	1651 - 1653	French	French	3	9
7896	Decrypted	Cipher	Paris ,Bibliothèque nationale de France (BnF), Français 23202, f.306	Paris	BnF_fr23202_f306	1651 - 1653	French	French	2	9
7895	Decrypted	Cipher	Paris ,Bibliothèque nationale de France (BnF), Français 23202, f.279	Paris	BnF_fr23202_f279	1651 - 1653	French	French	3	9
7894	Decrypted	Cipher	Paris ,Bibliothèque nationale de France (BnF), Français 23202, f.67	Paris	BnF_fr23202_f67	1652 - 1652	French	French	2	9
7893	Decrypted	Cipher	Paris ,Bibliothèque nationale de France (BnF), Français 23203, f.3	Paris	BnF_fr23203_f3	1651 - 1651	French	French	4	9
7890	Decrypted	Cipher	Mantova ,Archivio di Stato di Mantova, Archivio Gonzaga E. V. 3. busta 533, f. 5.	Mantova	ASMantova_AGonz_EV3_533_005	1395 -	...	...	1	9
7889	Decrypted	Cipher	Mantova ,Archivio di Stato di Mantova, Archivio Gonzaga E. V. 3. busta 533, f. 3.	Mantova	ASMantova_AGonz_EV3_533_003	1395 -	...	...	4	9
7842	Decrypted	Cipher	Briosco ,Private collection of Massimiliano Calvani	Briosco	Calvani_Charles ix letter_1567	1567 -	French	French	2	9
7841	Decrypted	Cipher	The Hague ,NL-HaNA, Sociëteit van Suriname (SvS), 1.05.03, inv.nr. 219, 315r (scan 0335)	The Hague	U3 NL-HaNA_315r (ciphertext)	1689 - 1689		Dutch	1	9
7778	Decrypted	Cipher	London ,British Library, Add MS 32301 f 5.	London	BL_Add_MS_32301_005	1718 -		Spanish?	2	9
7767	Decrypted	Cipher	London ,British Library, Harley MS 7001 f 202.	London	BL_Harley_MS_7001_202	1645 -	English	...	1	9
7763	Decrypted	Cipher	London ,British Library, Harley MS 6345 f 37.	London	BL_Harley_MS_6345_037v	1524 -	...		1	9
7752	Decrypted	Cipher	London ,British Library, Egerton MS 1818 f 47.	London	BL_Egerton_MS_1818_047	1646 - 1658		English?	1	9
7709	Decrypted	Cipher	London ,British Library, Add MS 32287 f 48.	London	BL_Add_MS_32287_048	1716 - 1836		...	2	9
7688	Decrypted	Cipher	Stockholm ,Riksarkivet, The National Archives of Sweden	Stockholm	Oxenstiernska samlingen_E657-4173	1644 - 1644	Latin	Latin	3	9
6317	Decrypted	Cipher	London ,London	London	UCL_Library_Services_Special_Collections_Henry_Brougham_Archive_915uncat	1724 -	English	English	16	9
5039	Decrypted	Cipher	Uppsala ,Uppsala University Library Carolina Rediviva	Uppsala	CR_E379G_03	1625 - 1630			4	9
5028	Decrypted	Cipher	Klášter (by Nepomuk) ,Státní oblastní archiv v Plzni, pracoviště Klášter u Nepomuka, Rodinný archiv Windischgrätzů, inv. nr. 1433, karton nr. 202.	Klášter (by Nepomuk)	SOAP_Rd_Windischgraetz_inv.nr.1433_E._F._von_Windischgraetz_to_L._V._von_Windischgraetz_1721-12-03	1721 - 1721	German	German	4	10
5027	Decrypted	Cipher	Klášter (by Nepomuk) ,Státní oblastní archiv v Plzni, pracoviště Klášter u Nepomuka, Rodinný archiv Windischgrätzů, inv. nr. 1433, karton nr. 202.	Klášter (by Nepomuk)	SOAP_Rd_Windischgraetz_inv.nr.1433_E._F._von_Windischgraetz_to_L._V._von_Windischgraetz_1721-11-15	1721 - 1721	German	German	4	10
5026	Decrypted	Cipher	Klášter (by Nepomuk) ,Státní oblastní archiv v Plzni, pracoviště Klášter u Nepomuka, Rodinný archiv Windischgrätzů, inv. nr. 1433, karton nr. 202.	Klášter (by Nepomuk)	SOAP_Rd_Windischgraetz_inv.nr.1433_E._F._von_Windischgraetz_to_L._V._von_Windischgraetz_1721-11-01	1721 - 1721	German	German	8	10
5025	Decrypted	Cipher	Klášter (by Nepomuk) ,Státní oblastní archiv v Plzni, pracoviště Klášter u Nepomuka, Rodinný archiv Windischgrätzů, inv. nr. 1433, karton nr. 202.	Klášter (by Nepomuk)	SOAP_Rd_Windischgraetz_inv.nr.1433_E._F._von_Windischgraetz_to_L._V._von_Windischgraetz_1721-09-27	1721 - 1721	German	German	8	10
4961	Decrypted	Cipher	Paris ,Bibliothèque nationale de France, 500 de Colbert, 471, p.301	Paris	BnF_500Colbert_471_p301	1583 - 1583	French	French	2	10
4960	Decrypted	Cipher	Paris ,Bibliothèque nationale de France, 500 de Colbert, 471, p.289	Paris	BnF_500Colbert_471_p289	1583 - 1583	French	French	1	10
4959	Decrypted	Cipher	Paris ,Bibliothèque nationale de France, 500 de Colbert, 470, p.308	Paris	BnF_500Colbert_470_p308	1578 - 1584		French	1	10
4958	Decrypted	Cipher	Paris ,Bibliothèque nationale de France, 500 de Colbert, 470, p.307	Paris	BnF_500Colbert_470_p307	1582 - 1582		French	2	10
4932	Decrypted	Cipher	London ,British Library, Cotton MS Caligula C II. f 278-279.	London	BL_Cotton_MS_Caligula_C_II_278-279	1569 - 1572	English?		1	10
4929	Decrypted	Cipher	London ,British Library, Cotton MS Caligula C II. f 75.	London	BL_Cotton_MS_Caligula_C_II_075	1570 -			1	10
4928	Decrypted	Cipher	London ,British Library, Cotton MS Caligula C II. f 74.	London	BL_Cotton_MS_Caligula_C_II_074	1569 - 1572			1	10
4927	Decrypted	Cipher	London ,British Library, Cotton MS Caligula C II. f 69.	London	BL_Cotton_MS_Caligula_C_II_069	1569 - 1572			1	10
4926	Decrypted	Cipher	London ,British Library, Cotton MS Caligula C II. f 67.	London	BL_Cotton_MS_Caligula_C_II_067	1569 - 1572	...		1	10
4925	Decrypted	Cipher	London ,British Library, Cotton MS Caligula C II. f 66.	London	BL_Cotton_MS_Caligula_C_II_066	1569 - 1572			1	10
4923	Decrypted	Cipher	London ,British Library, Add MS 25114, f 249-252.	London	BL_Add_MS_25114_249-252	1537 -	English	English	4	10
4922	Decrypted	Cipher	London ,British Library, Add MS 18983, f 15-16.	London	BL_Add_MS_18983_015-016	1645 -	English	English	3	10
4920	Decrypted	Cipher	London ,British Library, Add MS 18983, f 12-13.	London	BL_Add_MS_18983_012-013	1644 -	English	English	2	10
4919	Decrypted	Cipher	London ,British Library, Add MS 18983, f 10-11.	London	BL_Add_MS_18983_010-011	1644 -	English	English	2	10
4918	Decrypted	Cipher	London ,British Library, Add MS 18983, f 3.	London	BL_Add_MS_18983_003	1643 -	English	English	1	10
4917	Decrypted	Cipher	London ,British Library, Add MS 18983, f 2.	London	BL_Add_MS_18983_002	1643 -	English	English	1	10
4916	Decrypted	Cipher	London ,British Library, Add MS 18983, f 1.	London	BL_Add_MS_18983_001	1643 -	English	English	1	10
4885	Decrypted	Cipher	London ,British Library, Add MS 4166, f 90-91.	London	BL_Add_MS_4166_090-091	1656 -	English	English	3	10
4884	Decrypted	Cipher	London ,British Library, Add MS 4166, f 89.	London	BL_Add_MS_4166_089	1655 -		English	1	10
4883	Decrypted	Cipher	London ,British Library, Add MS 4166, f 87-88.	London	BL_Add_MS_4166_087-088	1655 -	English	English	3	10
4882	Decrypted	Cipher	London ,British Library, Add MS 4166, f 85-86.	London	BL_Add_MS_4166_085-086	1657 -	English	English	2	10
4881	Decrypted	Cipher	London ,British Library, Add MS 4166, f 83-84.	London	BL_Add_MS_4166_083-084	1657 -	English	English	2	10
4880	Decrypted	Cipher	London ,British Library, Add MS 4166, f 77-78.	London	BL_Add_MS_4166_077-078	1657 -	English	English	1	10
4877	Decrypted	Cipher	London ,British Library, Add MS 48078, f 128-136.	London	BL_Add_MS_48078_128-136	1587 - 1587	English	English	18	10
4873	Decrypted	Cipher	London ,British Library, Add MS 35830, f 109-112.	London	BL_Add_MS_35831_109-112	1562 - 1562	English	English	2	10
4872	Decrypted	Cipher	London ,British Library, Add MS 35830, f 66-69.	London	BL_Add_MS_35830_066-069	1560 -	English	English	7	10
4871	Decrypted	Cipher	London ,British Library, Add MS 35830, f 54-63.	London	BL_Add_MS_35830_054-063	1559 -	English	English	19	10
4863	Decrypted	Cipher	London ,British Library, Add MS 33596, f 19-20.	London	BL_Add_MS_33596_019-020	1646 -	English	English	2	10
4862	Decrypted	Cipher	London ,British Library, Add MS 33596, f 7-8.	London	BL_Add_MS_33596_007-008	1645 -		English	3	10
4861	Decrypted	Cipher	London ,British Library, Add MS 33591, f 249-250.	London	BL_Add_MS_33591_249-250	1559 -		English	2	10
4859	Decrypted	Cipher	London ,British Library, Add MS 33591, f 231-232.	London	BL_Add_MS_33591_231-232	1559 -		English	1	10
4858	Decrypted	Cipher	London ,British Library, Add MS 33591, f 246-247.	London	BL_Add_MS_33591_246-247	1559 -	English	English	1	10
4857	Decrypted	Cipher	London ,British Library, Add MS 33591, f 237-238.	London	BL_Add_MS_33591_237-238	1559 -		English	1	10
4856	Decrypted	Cipher	London ,British Library, Add MS 33591, f 226-230.	London	BL_Add_MS_33591_226-230	1559 -		English	3	10
4855	Decrypted	Cipher	London ,British Library, Add MS 33591, f 216-217.	London	BL_Add_MS_33591_216-217	1559 -	English	English	2	10
4854	Decrypted	Cipher	London ,British Library, Add MS 33591, f 210-211.	London	BL_Add_MS_33591_210-211	1559 -		English	3	10
4853	Decrypted	Cipher	London ,British Library, Add MS 33591, f 176-178.	London	BL_Add_MS_33591_176-178	1559 -	English	English	1	10
4852	Decrypted	Cipher	London ,British Library, Add MS 33591, f 170-171.	London	BL_Add_MS_33591_170-171	1559 -	English	English	1	10
4850	Decrypted	Cipher	London ,British Library, Add MS 33591, f 165.	London	BL_Add_MS_33591_165	1559 -	English	English	1	10
4849	Decrypted	Cipher	London ,British Library, Add MS 33591, f 137-138.	London	BL_Add_MS_33591_137-138	1559 -	English	English	1	10
4848	Decrypted	Cipher	London ,British Library, Add MS 33591, f 106-107.	London	BL_Add_MS_33591_106-107	1559 -	English	English	1	10
4846	Decrypted	Cipher	London ,British Library, Add MS 33591, f 69-70.	London	BL_Add_MS_33591_069-070	1559 -	English	English	1	10
4845	Decrypted	Cipher	London ,British Library, Add MS 32657, f 198-199.	London	BL_Add_MS_32657_198-199	1585 -	English	English	2	10
4837	Decrypted	Cipher	London ,British Library, Add MS 32657, f 111-112.	London	BL_Add_MS_32657_111-112	1585 -	English	English	1	10
4836	Decrypted	Cipher	London ,British Library, Add MS 32657, f 109-110.	London	BL_Add_MS_32657_109-110	1547 - 1590	English	English	3	10
4835	Decrypted	Cipher	London ,British Library, Add MS 32657, f 95-96.	London	BL_Add_MS_32657_095-096	1585 -	English	English	1	10
4816	Decrypted	Cipher	Paris ,Bibliothèque nationale de France (BnF), Français 20506, f.116	Paris	BnF_fr20506_f116	1525 - 1550	French	French	1	11
4815	Decrypted	Cipher	Paris ,Bibliothèque nationale de France (BnF), Français 20506, f.96	Paris	BnF_fr20506_f96	1525 - 1560	French	French	1	11
4761	Decrypted	Cipher	Klášter (by Nepomuk) ,Státní oblastní archiv v Plzni, pracoviště Klášter u Nepomuka, Rodinný archiv Trauttmansdorffů, inv. nr. 200, karton nr. 9.	Klášter (by Nepomuk)	SOAP_Rd_Trauttmansdorff_inv.nr.200_Kurtz_to_Trauttmansdorff_1639-04-22	1639 - 1639	Latin	Latin	11	11
4689	Decrypted	Cipher	London ,British Library, Add MS 32657, f 93-94.	London	BL_Add_MS_32657_093-094	1585 -	English	English	2	11
4686	Decrypted	Cipher	London ,British Library, Add MS 32657, f 4-6.	London	BL_Add_MS_32657_004-006	1548 -	English	English	2	11
4685	Decrypted	Cipher	Klášter (by Nepomuk) ,Státní oblastní archiv v Plzni, pracoviště Klášter u Nepomuka, Rodinný archiv Trauttmansdorffů, inv. nr. 200, karton nr. 9.	Klášter (by Nepomuk)	SOAP_Rd_Trauttmansdorff_inv.nr.200_Kurtz_to_Trauttmansdorff_1639-02-20	1639 - 1639	German	German	6	11
4679	Decrypted	Cipher	London ,British Library, Add MS 32652, f 114-116.	London	BL_Add_MS_32653_114-116	1543 -	English	English	3	11
4678	Decrypted	Cipher	London ,British Library, Add MS 32652, f 107-109.	London	BL_Add_MS_32653_107-109	1543 -	English	English	2	11
4676	Decrypted	Cipher	London ,British Library, Add MS 32652, f 103-106.	London	BL_Add_MS_32653_103-106	1543 -	English	English	4	11
4675	Decrypted	Cipher	London ,British Library, Add MS 32652, f 78-82.	London	BL_Add_MS_32653_078-082	1543 -	English	English	2	11
4674	Decrypted	Cipher	London ,British Library, Add MS 32652, f 63-65.	London	BL_Add_MS_32653_063-065	1543 -	English	English	1	11
4673	Decrypted	Cipher	London ,British Library, Add MS 32652, f 59-62.	London	BL_Add_MS_32653_059-062	1543 -	English	English	4	11
4672	Decrypted	Cipher	London ,British Library, Add MS 32652, f 52-54.	London	BL_Add_MS_32653_052-054	1543 -	English	English	1	11
4671	Decrypted	Cipher	London ,British Library, Add MS 32652, f 31-34.	London	BL_Add_MS_32653_031-034	1543 -	English	English	5	11
4670	Decrypted	Cipher	London ,British Library, Add MS 32652, f 25-27.	London	BL_Add_MS_32653_025-027	1543 -	English	English	2	11
4668	Decrypted	Cipher	London ,British Library, Add MS 32652, f 20-24.	London	BL_Add_MS_32653_020-024	1543 -	English	English	2	11
4661	Decrypted	Cipher	London ,British Library, Add MS 32652, f 11-15.	London	BL_Add_MS_32653_011-015	1543 -		English	4	11
4649	Decrypted	Cipher	London ,British Library, Add MS 32652, f 269-273.	London	BL_Add_MS_32652_269-273	1543 -	English	English	6	11
4647	Decrypted	Cipher	London ,British Library, Add MS 32652, f 242-248.	London	BL_Add_MS_32652_242-248	1543 -	English	English	8	11
4642	Decrypted	Cipher	London ,British Library, Add MS 32652, f 223-225.	London	BL_Add_MS_32652_223-225	1543 -	English	English	2	11
4637	Decrypted	Cipher	London ,British Library, Add MS 32652, f 213-216.	London	BL_Add_MS_32652_213-216	1543 -	English	English	4	11
4634	Decrypted	Cipher	London ,British Library, Add MS 32652, f 210-212.	London	BL_Add_MS_32652_210-212	1543 -	English	English	3	11
4632	Decrypted	Cipher	London ,British Library, Add MS 32652, f 202-209.	London	BL_Add_MS_32652_202-209	1543 -	English	English	9	11
4631	Decrypted	Cipher	London ,British Library, Add MS 32652, f 180-182.	London	BL_Add_MS_32652_180-182	1543 -	English	English	3	11
4630	Decrypted	Cipher	London ,British Library, Add MS 32652, f 175-179.	London	BL_Add_MS_32652_175-179	1543 -	English	English	2	11
4629	Decrypted	Cipher	London ,British Library, Add MS 32652, f 148-150.	London	BL_Add_MS_32652_148-150	1543 -		English	2	11
4628	Decrypted	Cipher	London ,British Library, Add MS 32652, f 144-147.	London	BL_Add_MS_32652_144-147	1543 -		English	4	11
4627	Decrypted	Cipher	London ,British Library, Add MS 32652, f 141-143.	London	BL_Add_MS_32652_141-143	1543 -	English	English	2	11
4626	Decrypted	Cipher	London ,British Library, Add MS 32652, f 135-140.	London	BL_Add_MS_32652_135-140	1543 -	English	English	8	11
4536	Decrypted	Cipher	Marburg ,Hessisches Staatsarchiv Marburg	Marburg	Hstam_4_d_nr_1218_83	1635 - 1652	French	German	1	11
4451	Decrypted	Cipher	Paris ,Bibliothèque nationale de France (BnF), Français 20506, f.146	Paris	BnF_fr20506_f146	1568 - 1587		English	1	11
4449	Decrypted	Cipher	Paris ,Bibliothèque nationale de France (BnF), Français 20506, f.82	Paris	BnF_fr20506_f82	1527 - 1529	French	French	2	11
4448	Decrypted	Cipher	Paris ,Bibliothèque nationale de France (BnF), Français 20506, f.64	Paris	BnF_fr20506_f64	1527 - 1529	French	French	1	11
4447	Decrypted	Cipher	Paris ,Bibliothèque nationale de France (BnF), Français 20506, f.57	Paris	BnF_fr20506_f57	1527 - 1529	French	French	2	11
4446	Decrypted	Cipher	Paris ,Bibliothèque nationale de France (BnF), Français 20506, f.55	Paris	BnF_fr20506_f55	1527 - 1529	French	French	1	11
4445	Decrypted	Cipher	Paris ,Bibliothèque nationale de France (BnF), Français 20506, f.52	Paris	BnF_fr20506_f52	1529 - 1529	French	French	3	11
4444	Decrypted	Cipher	Paris ,Bibliothèque nationale de France (BnF), Français 20506, f.49	Paris	BnF_fr20506_f49	1527 - 1529	French	French	2	11
4443	Decrypted	Cipher	Paris ,Bibliothèque nationale de France (BnF), Français 20506, f.41	Paris	BnF_fr20506_f41	1527 - 1529	French	French	2	11
4442	Decrypted	Cipher	Paris ,Bibliothèque nationale de France (BnF), Français 20506, f.35	Paris	BnF_fr20506_f35	1527 - 1529	French	French	1	11
4441	Decrypted	Cipher	Paris ,Bibliothèque nationale de France (BnF), Français 20506, f.33	Paris	BnF_fr20506_f33	1527 - 1529	French	French	1	11
4440	Decrypted	Cipher	Paris ,Bibliothèque nationale de France (BnF), Français 20506, f.27	Paris	BnF_fr20506_f27	1527 - 1529	French	French	3	11
4439	Decrypted	Cipher	Paris ,Bibliothèque nationale de France (BnF), Français 20506, f.24	Paris	BnF_fr20506_f24	1527 - 1529	French	French	1	11
4438	Decrypted	Cipher	Paris ,Bibliothèque nationale de France (BnF), Français 20506, f.15	Paris	BnF_fr20506_f15	1527 - 1529	French	French	3	11
4437	Decrypted	Cipher	Paris ,Bibliothèque nationale de France (BnF), Français 20506, f.8	Paris	BnF_fr20506_f08	1528 - 1528	French	French	1	11
4436	Decrypted	Cipher	Paris ,Bibliothèque nationale de France (BnF), Français 20506, f.249	Paris	BnF_fr20506_f249	1579 - 1579		French	1	11
4435	Decrypted	Cipher	Paris ,Bibliothèque nationale de France (BnF), Français 20506, f.247	Paris	BnF_fr20506_f247	1583 - 1583		French	2	11
4434	Decrypted	Cipher	Paris ,Bibliothèque nationale de France (BnF), Français 20506, f.245	Paris	BnF_fr20506_f245	1582 - 1582		French	1	11
4433	Decrypted	Cipher	Paris ,Bibliothèque nationale de France (BnF), Français 20506, f.243	Paris	BnF_fr20506_f243	1582 - 1582		French	1	11
4432	Decrypted	Cipher	Paris ,Bibliothèque nationale de France (BnF), Français 20506, f.241	Paris	BnF_fr20506_f241	1579 - 1579		French	1	11
4431	Decrypted	Cipher	Paris ,Bibliothèque nationale de France (BnF), Français 20506, f.239	Paris	BnF_fr20506_f239	1580 - 1580		French	1	11
4430	Decrypted	Cipher	Paris ,Bibliothèque nationale de France (BnF), Français 20506, f.237	Paris	BnF_fr20506_f237	1580 - 1580		French	1	12
4429	Decrypted	Cipher	Paris ,Bibliothèque nationale de France (BnF), Français 20506, f.235	Paris	BnF_fr20506_f235	1582 - 1582		French	1	12
4428	Decrypted	Cipher	Paris ,Bibliothèque nationale de France (BnF), Français 20506, f.233	Paris	BnF_fr20506_f233	1579 - 1579		French	1	12
4427	Decrypted	Cipher	Paris ,Bibliothèque nationale de France (BnF), Français 20506, f.231	Paris	BnF_fr20506_f231	1580 - 1580		French	1	12
4426	Decrypted	Cipher	Paris ,Bibliothèque nationale de France (BnF), Français 20506, f.229	Paris	BnF_fr20506_f229	1582 - 1582		French	1	12
4425	Decrypted	Cipher	Paris ,Michel de Castelnau, seigneur de La Mauvissiere	Paris	BnF_fr20506_f227	1578 - 1578		French	1	12
4424	Decrypted	Cipher	Paris ,Bibliothèque nationale de France (BnF), Français 20506, f.225	Paris	BnF_fr20506_f225	1582 - 1582		French	2	12
4423	Decrypted	Cipher	Paris ,Bibliothèque nationale de France (BnF), Français 20506, f.223	Paris	BnF_fr20506_f223	1582 - 1582		French	1	12
4422	Decrypted	Cipher	Paris ,Bibliothèque nationale de France (BnF), Français 20506, f.221	Paris	BnF_fr20506_f221	1584 - 1584		French	1	12
4421	Decrypted	Cipher	Paris ,Bibliothèque nationale de France (BnF), Français 20506, f.198	Paris	BnF_fr20506_f198	1582 - 1582		French	1	12
4420	Decrypted	Cipher	Paris ,Bibliothèque nationale de France (BnF), Français 20506, f.194	Paris	BnF_fr20506_f194	1581 - 1581		French	1	12
4419	Decrypted	Cipher	Paris ,Bibliothèque nationale de France (BnF), Français 20506, f.190	Paris	BnF_fr20506_f190	1582 - 1582		French	1	12
4418	Decrypted	Cipher	Paris ,Bibliothèque nationale de France (BnF), Français 20506, f.185	Paris	BnF_fr20506_f185	1581 - 1581		French	1	12
4417	Decrypted	Cipher	Paris ,Bibliothèque nationale de France (BnF), Français 20506, f.181	Paris	BnF_fr20506_f181	1580 - 1580		French	1	12
4416	Decrypted	Cipher	Paris ,Bibliothèque nationale de France (BnF), Français 20506, f.179	Paris	BnF_fr20506_f179	1580 - 1580		French	1	12
4415	Decrypted	Cipher	Paris ,Bibliothèque nationale de France (BnF), Français 20506, f.174	Paris	BnF_fr20506_f174	1583 - 1583		French	1	12
4414	Decrypted	Cipher	Paris ,Bibliothèque nationale de France (BnF), Français 20506, f.170	Paris	BnF_fr20506_f170	1582 - 1582		French		12
4413	Decrypted	Cipher	Paris ,Bibliothèque nationale de France (BnF), Français 20506, f.165	Paris	BnF_fr20506_f165	1582 - 1582		French	1	12
4412	Decrypted	Cipher	Paris ,Bibliothèque nationale de France (BnF), Français 20506, f.163	Paris	BnF_fr20506_f163	1582 - 1582		French	1	12
4411	Decrypted	Cipher	Paris ,Bibliothèque nationale de France (BnF), Français 20506, f.158	Paris	BnF_fr20506_f158	1582 - 1582		French	1	12
4410	Decrypted	Cipher	Paris ,Bibliothèque nationale de France, Français 20506, f.153	Paris	BnF_fr20506_f153	1583 - 1583		French	1	12
4409	Decrypted	Cipher	Paris ,Bibliothèque nationale de France (BnF), Français 20506, f.151	Paris	BnF_fr20506_f151	1582 - 1582		French		12
4342	Decrypted	Cipher	Stockholm ,Riksarkivet, The National Archives of Sweden	Stockholm	Oxenstiernska_samlingen_E_708-5	1635 - 1635	Swedish, Latin	Swedish, Latin, German	3	12
4303	Decrypted	Cipher	Stockholm ,Riksarkivet, The National Archives of Sweden	Stockholm	Chifferklaver_låda_II_130	1600 - 1699			4	12
4283	Decrypted	Cipher	Paris ,Bibliotheque nationale de France (BnF), Français 3138 fol. 66.	Paris	BNF_Français_3138_066	1549 -	French	French	1	12
4278	Decrypted	Cipher	Paris ,Bibliotheque nationale de France (BnF), Français 3138 fol. 032.	Paris	BNF_Français_3138_032	1558 -	French	French	9	12
4257	Decrypted	Cipher	Paris ,Bibliotheque nationale de France (BnF), Français 3096 fol. 113.	Paris	BNF_Français_3096_113	1529 -	Italian	Italian	1	12
4255	Decrypted	Cipher	Paris ,Bibliotheque nationale de France (BnF), Français 3096 fol. 124.	Paris	BNF_Français_3096_124	1520 - 1529	Italian	Italian	1	12
4253	Decrypted	Cipher	Paris ,Bibliotheque nationale de France (BnF), Français 3077 fol. 125.	Paris	BNF_Français_3077_125	1626 - 1629	French	French	3	12
4252	Decrypted	Cipher	Paris ,Bibliotheque nationale de France (BnF), Français 3077 fol. 113.	Paris	BNF_Français_3077_113	1626 - 1629	French	French	3	12
4246	Decrypted	Cipher	Paris ,Bibliotheque nationale de France (BnF), Français 3053 fol. 74.	Paris	BNF_Français_3053_074	1535 -	French	French	3	12
4245	Decrypted	Cipher	Paris ,Bibliotheque nationale de France (BnF), Français 3053 fol. 67.	Paris	BNF_Français_3053_067	1536 -	French	French	3	12
4244	Decrypted	Cipher	Paris ,Bibliotheque nationale de France (BnF), Français 3053 fol. 64.	Paris	BNF_Français_3053_064	1536 -	French	French	3	12
4243	Decrypted	Cipher	Paris ,Bibliotheque nationale de France (BnF), Français 3053 fol. 62.	Paris	BNF_Français_3053_062	1536 -	French	French	3	12
4242	Decrypted	Cipher	Paris ,Bibliotheque nationale de France (BnF), Français 3053 fol. 58.	Paris	BNF_Français_3053_058	1536 -	French	French	4	12
4241	Decrypted	Cipher	Paris ,Bibliotheque nationale de France (BnF), Français 3053 fol. 51.	Paris	BNF_Français_3053_051	1536 -	French	French	3	12
4237	Decrypted	Cipher	Paris ,Bibliotheque nationale de France (BnF), Français 3053 fol. 29.	Paris	BNF_Français_3053_029	1537 -	French	French	3	12
4236	Decrypted	Cipher	Paris ,Bibliotheque nationale de France (BnF), Français 3053 fol. 26.	Paris	BNF_Français_3053_026	1537 -	French	French	4	12
4231	Decrypted	Cipher	Paris ,Bibliotheque nationale de France (BnF), Français 3045 fol. 36.	Paris	BNF_Français_3045_036	1530 - 1539	French	French	6	12
4228	Decrypted	Cipher	Paris ,Bibliotheque nationale de France (BnF), Français 3040 fol. 21.	Paris	BNF_Français_3040_021	1526 -		French	3	12
4225	Decrypted	Cipher	Paris ,Bibliotheque nationale de France (BnF), Français 3040 fol. 12.	Paris	BNF_Français_3040_012	1520 - 1539	French	French	4	12
4218	Decrypted	Cipher	Paris ,Bibliotheque nationale de France (BnF), Français 3980 fol. 61.	Paris	BNF_Français_3980_061	1591 -	French		2	12
4217	Decrypted	Cipher	Paris ,Bibliotheque nationale de France (BnF), Français 3980 fol. 53.	Paris	BNF_Français_3980_053	1591 -	Italian		4	12
4216	Decrypted	Cipher	Paris ,Bibliotheque nationale de France (BnF), Français 3980 fol. 48.	Paris	BNF_Français_3980_048	1591 -	Italian		4	12
4215	Decrypted	Cipher	Paris ,Bibliotheque nationale de France (BnF), Français 3980 fol. 13.	Paris	BNF_Français_3980_013	1591 -		French or Italian?	1	12
4195	Decrypted	Cipher	Stockholm ,Riksarkivet, The National Archives of Sweden	Stockholm	Chifferklaver_låda_II_76	1658 -	Swedish	German	9	12
4194	Decrypted	Cipher	Paris ,Bibliotheque nationale de France (BnF), Français 3980 fol. 10.	Paris	BNF_Français_3980_010	1591 -	French		2	12
4171	Decrypted	Cipher	Paris ,Bibliotheque nationale de France (BnF), Français 15581 fol. 138.	Paris	BNF_Français_15581_138	1613 -	French	French	4	12
4119	Decrypted	Cipher	Stockholm ,Riksarkivet, The National Archives of Sweden	Stockholm	Chifferklaver_låda_II_17	1610 -		Latin	4	12
4118	Decrypted	Cipher	Stockholm ,Riksarkivet, The National Archives of Sweden	Stockholm	Chifferklaver_låda_II_16	1610 -		Latin	2	12
4101	Decrypted	Cipher	Stockholm ,Kungliga biblioteket, Royal Library Sweden	Stockholm	KB-Stenbock-autografsamling	1713 - 1713	French	Swedish	1	13
3907	Decrypted	Cipher	Kew ,The National Archives, State Papers, inv.nr. 53 box 20.	Kew	TNA_SP53-20_UND_0001-0004_4	1586 - 1586	French	French	5	13
3906	Decrypted	Cipher	Kew ,The National Archives, State Papers, inv.nr. 53 box 19.	Kew	TNA_SP53-19_UND_0009-0010_108	1586 - 1586		English	3	13
3905	Decrypted	Cipher	Kew ,The National Archives, State Papers, inv.nr. 53 box 19.	Kew	TNA_SP53-19_UND_0007-0008_73	1586 - 1586	French		3	13
3904	Decrypted	Cipher	Kew ,The National Archives, State Papers, inv.nr. 53 box 19.	Kew	TNA_SP53-19_UND_0004-0005_72	1586 - 1586	French		3	13
3902	Decrypted	Cipher	Kew ,The National Archives, State Papers, inv.nr. 53 box 18.	Kew	TNA_SP53-18_UND_0032-0033_95	1586 - 1586	English		1	13
3901	Decrypted	Cipher	Kew ,The National Archives, State Papers, inv.nr. 53 box 18.	Kew	TNA_SP53-18_UND_0028_83-0031_84	1586 - 1586	English, French	English	6	13
3900	Decrypted	Cipher	Kew ,The National Archives, State Papers, inv.nr. 53 box 18.	Kew	TNA_SP53-18_UND_0025_76-0027_77	1586 - 1586	English, French		7	13
3899	Decrypted	Cipher	Kew ,The National Archives, State Papers, inv.nr. 53 box 18.	Kew	TNA_SP53-18_UND_0022-0024-64	1586 - 1586	English		4	13
3898	Decrypted	Cipher	Kew ,The National Archives, State Papers, inv.nr. 53 box 18.	Kew	TNA_SP53-18_UND_0019-0021-60	1586 - 1586	English		5	13
3897	Decrypted	Cipher	Kew ,The National Archives, State Papers, inv.nr. 53 box 18.	Kew	TNA_SP53-18_UND_0017-0018-55	1586 - 1586	English		2	13
3896	Decrypted	Cipher	Kew ,The National Archives, State Papers, inv.nr. 53 box 18.	Kew	TNA_SP53-18_UND_0015-0016-30	1586 - 1586			2	13
3895	Decrypted	Cipher	Kew ,The National Archives, State Papers, inv.nr. 53 box 18.	Kew	TNA_SP53-18_UND_0011-0014-16	1586 - 1586	English, French		6	13
3894	Decrypted	Cipher	Kew ,The National Archives, State Papers, inv.nr. 53 box 18.	Kew	TNA_SP53-18_UND_0005-0010-14	1586 - 1586	English		11	13
3893	Decrypted	Cipher	Kew ,The National Archives, State Papers, inv.nr. 53 box 18.	Kew	TNA_SP53-18_UND_0001-0004-13	1586 - 1586			7	13
3891	Decrypted	Cipher	Kew ,The National Archives, State Papers, inv.nr. 53 box 17.	Kew	TNA_SP53-17_UND_0066_73R	1586 - 1586	English		1	13
3889	Decrypted	Cipher	Kew ,The National Archives, State Papers, inv.nr. 53 box 17.	Kew	TNA_SP53-17_UND_0060-0061_55	1586 - 1586			3	13
3888	Decrypted	Cipher	Kew ,The National Archives, State Papers, inv.nr. 53 box 17.	Kew	TNA_SP53-17_UND_0058-0059_47	1586 - 1586	English		2	13
3887	Decrypted	Cipher	Kew ,The National Archives, State Papers, inv.nr. 53 box 17.	Kew	TNA_SP53-17_UND_0056_40-0057-41	1586 - 1586	French		2	13
3886	Decrypted	Cipher	Kew ,The National Archives, State Papers, inv.nr. 53 box 17.	Kew	TNA_SP53-17_UND_0033-0055_33	1586 - 1586	English		44	13
3885	Decrypted	Cipher	Kew ,The National Archives, State Papers, inv.nr. 53 box 17.	Kew	TNA_SP53-17_UND_0031-0032_32	1586 - 1586		English	3	13
3884	Decrypted	Cipher	Kew ,The National Archives, State Papers, inv.nr. 53 box 17.	Kew	TNA_SP53-17_UND_0017-0030_32	1586 - 1586		English	16	13
3879	Decrypted	Cipher	Kew ,The National Archives, State Papers, inv.nr. 53 box 16.	Kew	TNA_SP53-16_UND_0032-0034_29	1585 - 1585	English, French		5	13
3878	Decrypted	Cipher	Kew ,The National Archives, State Papers, inv.nr. 53 box 16.	Kew	TNA_SP53-16_UND_0030-0031_28	1585 - 1585			2	13
3877	Decrypted	Cipher	Kew ,The National Archives, State Papers, inv.nr. 53 box 16.	Kew	TNA_SP53-16_UND_0028-0029_27	1585 - 1585			2	13
3876	Decrypted	Cipher	Kew ,The National Archives, State Papers, inv.nr. 53 box 16.	Kew	TNA_SP53-16_UND_0024_25-0027_26	1585 - 1585	French		6	13
3872	Decrypted	Cipher	Kew ,The National Archives, State Papers, inv.nr. 53 box 16.	Kew	TNA_SP53-16_UND_0008-0009_16	1585 - 1585	English		3	13
3871	Decrypted	Cipher	Kew ,The National Archives, State Papers, inv.nr. 53 box 16.	Kew	TNA_SP53-16_UND_0007_15	1585 - 1585			1	13
3869	Decrypted	Cipher	Kew ,The National Archives, State Papers, inv.nr. 53 box 16.	Kew	TNA_SP53-16_UND_0001_1-0004_11	1585 - 1585	Spanish		4	13
3868	Decrypted	Cipher	Kew ,The National Archives, State Papers, inv.nr. 53 box 15.	Kew	TNA_SP53-15_UND_0055-0057_95	1585 - 1585	English		4	13
3867	Decrypted	Cipher	Kew ,The National Archives, State Papers, inv.nr. 53 box 15.	Kew	TNA_SP53-15_UND_0053-0054_94	1585 - 1585	English		2	13
3866	Decrypted	Cipher	Kew ,The National Archives, State Papers, inv.nr. 53 box 15.	Kew	TNA_SP53-15_UND_0052_93	1585 - 1585		English	1	13
3865	Decrypted	Cipher	Kew ,The National Archives, State Papers, inv.nr. 53 box 15.	Kew	TNA_SP53-15_UND_0049_83-0051_83	1585 - 1585	English	English	5	13
3864	Decrypted	Cipher	Kew ,The National Archives, State Papers, inv.nr. 53 box 15.	Kew	TNA_SP53-15_UND_0047_82R-0048_82	1585 - 1585			3	13
3863	Decrypted	Cipher	Kew ,The National Archives, State Papers, inv.nr. 53 box 15.	Kew	TNA_SP53-15_UND_0046_81-0047_82L	1585 - 1585		English	2	13
3862	Decrypted	Cipher	Kew ,The National Archives, State Papers, inv.nr. 53 box 15.	Kew	TNA_SP53-15_UND_0041-0045_76	1585 - 1585	English	English	7	13
3861	Decrypted	Cipher	Kew ,The National Archives, State Papers, inv.nr. 53 box 15.	Kew	TNA_SP53-15_UND_0039-0040_75	1585 - 1585			2	13
3860	Decrypted	Cipher	Kew ,The National Archives, State Papers, inv.nr. 53 box 15.	Kew	TNA_SP53-15_UND_0037-0038_72	1585 - 1585	English		2	13
3859	Decrypted	Cipher	Kew ,The National Archives, State Papers, inv.nr. 53 box 15.	Kew	TNA_SP53-15_UND_0030-0036_65	1585 - 1585	English	English	11	13
3858	Decrypted	Cipher	Kew ,The National Archives, State Papers, inv.nr. 53 box 15.	Kew	TNA_SP53-15_UND_0026-0029_64	1585 - 1585			6	13
3857	Decrypted	Cipher	Kew ,The National Archives, State Papers, inv.nr. 53 box 15.	Kew	TNA_SP53-15_UND_0022-34-0025_35	1585 - 1585	English		5	13
3855	Decrypted	Cipher	Kew ,The National Archives, State Papers, inv.nr. 53 box 15.	Kew	TNA_SP53-15_UND_0014-0015_25	1585 - 1585		English	2	13
3854	Decrypted	Cipher	Kew ,The National Archives, State Papers, inv.nr. 53 box 15.	Kew	TNA_SP53-15_UND_0009-0013_7	1585 - 1585	English		8	13
3853	Decrypted	Cipher	Kew ,The National Archives, State Papers, inv.nr. 53 box 15.	Kew	TNA_SP53-15_UND_0007-0008_6	1585 - 1585			2	13
3852	Decrypted	Cipher	Kew ,The National Archives, State Papers, inv.nr. 53 box 15.	Kew	TNA_SP53-15_UND_0001_3-0006_4	1585 - 1585	English		10	13
3851	Decrypted	Cipher	Kew ,The National Archives, State Papers, inv.nr. 53 box 14.	Kew	TNA_SP53-14_UND_0032-0034_104	1584 - 1584	English		5	13
3850	Decrypted	Cipher	Kew ,The National Archives, State Papers, inv.nr. 53 box 14.	Kew	TNA_SP53-14_UND_0025_89-0031_90	1584 - 1584	French		12	13
3849	Decrypted	Cipher	Kew ,The National Archives, State Papers, inv.nr. 53 box 14.	Kew	TNA_SP53-14_UND_0022_73-0024_74	1584 - 1584		French	3	13
3848	Decrypted	Cipher	Kew ,The National Archives, State Papers, inv.nr. 53 box 14.	Kew	TNA_SP53-14_UND_0019-0021_73	1584 - 1584			4	13
3847	Decrypted	Cipher	Kew ,The National Archives, State Papers, inv.nr. 53 box 14.	Kew	TNA_SP53-14_UND_0014-0018_40	1584 - 1584	French		8	13
3846	Decrypted	Cipher	Kew ,The National Archives, State Papers, inv.nr. 53 box 14.	Kew	TNA_SP53-14_UND_0009-0013_39	1584 - 1584	French	French	6	14
3845	Decrypted	Cipher	Kew ,The National Archives, State Papers, inv.nr. 53 box 14.	Kew	TNA_SP53-14_UND_0008_30	1584 - 1584	French	French	1	14
3844	Decrypted	Cipher	Kew ,The National Archives, State Papers, inv.nr. 53 box 14.	Kew	TNA_SP53-14_UND_0005-0007_30	1584 - 1584		French	5	14
3843	Decrypted	Cipher	Kew ,The National Archives, State Papers, inv.nr. 53 box 14.	Kew	TNA_SP53-14_UND_0001_1-0004_2	1584 - 1584	French	French	7	14
3841	Decrypted	Cipher	Kew ,The National Archives, State Papers, inv.nr. 53 box 12.	Kew	TNA_SP53-12_UND_0001-0003_12	1578 - 1581	French	French	3	14
3831	Decrypted	Cipher	Kew ,The National Archives, State Papers, inv.nr. 53 box 10.	Kew	TNA_SP53-10_UND_0014_98	1575 - 1577			1	14
3829	Decrypted	Cipher	Kew ,The National Archives, State Papers, inv.nr. 53 box 10.	Kew	TNA_SP53-10_UND_0011-0012_97	1575 - 1577	French	French	1	14
3827	Decrypted	Cipher	Kew ,The National Archives, State Papers, inv.nr. 53 box 10.	Kew	TNA_SP53-10_UND_0007_91	1577 - 1577	French	French	1	14
3824	Decrypted	Cipher	Kew ,The National Archives, State Papers, inv.nr. 53 box 10.	Kew	TNA_SP53-10_UND_0001_68	1575 - 1577	French	French	1	14
3720	Decrypted	Cipher	Paris ,Bibliotheque nationale de France (BnF), Français 3977 fol. 191.	Paris	BNF_Français_3977_191	1589 -		French	2	14
3719	Decrypted	Cipher	Paris ,Bibliotheque nationale de France (BnF), Français 3977 fol. 139-140.	Paris	BNF_Français_3977_139-140	1589 -	Spanish	Spanish	2	14
3718	Decrypted	Cipher	Paris ,Bibliotheque nationale de France (BnF), Français 3977 fol. 137.	Paris	BNF_Français_3977_137	1589 -		French	1	14
3717	Decrypted	Cipher	Paris ,Bibliotheque nationale de France (BnF), Français 3977 fol. 135.	Paris	BNF_Français_3977_135	1589 -		French	1	14
3716	Decrypted	Cipher	Paris ,Bibliotheque nationale de France (BnF), Français 3977 fol. 130.	Paris	BNF_Français_3977_130	1589 -		Spanish	2	14
3715	Decrypted	Cipher	Paris ,Bibliotheque nationale de France (BnF), Français 3977 fol. 128.	Paris	BNF_Français_3977_128	1589 -		Spanish	1	14
3714	Decrypted	Cipher	Paris ,Bibliotheque nationale de France (BnF), Français 3977 fol. 125-126.	Paris	BNF_Français_3977_125-126	1589 -	Spanish	Spanish	2	14
3713	Decrypted	Cipher	Paris ,Bibliotheque nationale de France (BnF), Français 3977 fol. 117-118.	Paris	BNF_Français_3977_117-118	1589 -	Spanish	Spanish	3	14
3712	Decrypted	Cipher	Paris ,Bibliotheque nationale de France (BnF), Français 3977 fol. 115-116.	Paris	BNF_Français_3977_115-116	1589 -	Spanish	Spanish	2	14
3711	Decrypted	Cipher	Paris ,Bibliotheque nationale de France (BnF), Français 3977 fol. 83-85.	Paris	BNF_Français_3977_083-085	1589 -	...	...	6	14
3710	Decrypted	Cipher	Paris ,Bibliotheque nationale de France (BnF), Français 3977 fol. 79-80.	Paris	BNF_Français_3977_079-080	1589 -	Spanish	Spanish	2	14
3709	Decrypted	Cipher	Paris ,Bibliotheque nationale de France (BnF), Français 3976 fol. 139.	Paris	BNF_Français_3976_139	1588 - 1589	French	French	1	14
3707	Decrypted	Cipher	Paris ,Bibliotheque nationale de France (BnF), Français 3976 fol. 131.	Paris	BNF_Français_3976_131	1588 -	French	French	1	14
3706	Decrypted	Cipher	Paris ,Bibliotheque nationale de France (BnF), Français 3976 fol. 66.	Paris	BNF_Français_3976_066	1588 -		French	1	14
3704	Decrypted	Cipher	Paris ,Bibliotheque nationale de France (BnF), Français 3976 fol. 60.	Paris	BNF_Français_3976_060	1588 -		French	1	14
3703	Decrypted	Cipher	Paris ,Bibliotheque nationale de France (BnF), Français 3976 fol. 56.	Paris	BNF_Français_3976_056	1588 -		French	1	14
3702	Decrypted	Cipher	Paris ,Bibliotheque nationale de France (BnF), Français 3976 fol. 52.	Paris	BNF_Français_3976_052	1588 -		French	1	14
3696	Decrypted	Cipher	Paris ,Bibliotheque nationale de France (BnF), Français 3091 fol. 19.	Paris	BNF_Français_3091_019	1529 -	French	French	2	14
3695	Decrypted	Cipher	Paris ,Bibliotheque nationale de France (BnF), Français 3083 fol. 55.	Paris	BNF_Français_3083_055	1520 - 1540	French	French	2	14
3693	Decrypted	Cipher	Paris ,Bibliotheque nationale de France (BnF), Français 3078 P. 165.	Paris	BNF_Français_3078_165	1520 - 1540	French	French?	1	14
3692	Decrypted	Cipher	Paris ,Bibliotheque nationale de France (BnF), Français 3078 P. 133-134.	Paris	BNF_Français_3078_133-134	1520 - 1540	French	French?	2	14
3689	Decrypted	Cipher	Paris ,Bibliotheque nationale de France (BnF), Français 3078 P. 23-25.	Paris	BNF_Français_3078_023-025	1520 - 1540	French	French	3	14
3557	Decrypted	Cipher	London ,British Library, Add MS 32297 f 30-39.	London	BL_Add_MS_32297_030-039	1748 -		...	20	14
3492	Decrypted	Cipher	,		postcard_294 cpc_--_UK__UK_Croydon Surrey_	-				14
3030	Decrypted	Cipher	London ,British Library, Add MS 4136 f 108-110.	London	BL_Add_MS_4136_108-110	1560 - 1560		English	3	14
3029	Decrypted	Cipher	London ,British Library, Add MS 4136 f 106-107.	London	BL_Add_MS_4136_106-107	1560 -		English	2	14
3028	Decrypted	Cipher	London ,British Library, Add MS 4136 f 104-105.	London	BL_Add_MS_32277_104-105	1560 -		English	2	14
3027	Decrypted	Cipher	London ,British Library, Add MS 4136 f 102-103.	London	BL_Add_MS_4136_102-103	1560 -		English	2	14
3025	Decrypted	Cipher	London ,British Library, Add MS 4136 f 99.	London	BL_Add_MS_4136_099	1560 -		English	1	14
3024	Decrypted	Cipher	London ,British Library, Add MS 4136 f 96-98.	London	BL_Add_MS_4136_096-098	1560 -		English	3	14
3023	Decrypted	Cipher	London ,British Library, Add MS 4136 f 95.	London	BL_Add_MS_4136_095	1560 -		English	1	14
3022	Decrypted	Cipher	London ,British Library, Add MS 4136 f 94.	London	BL_Add_MS_4136_094	1560 -		English	1	14
3021	Decrypted	Cipher	London ,British Library, Add MS 4136 f 92-93.	London	BL_Add_MS_32277_092-093	1560 - 1560		English	2	14
3020	Decrypted	Cipher	London ,British Library, Add MS 4136 f 90-91.	London	BL_Add_MS_4136_090-091	1560 -		English	2	14
3019	Decrypted	Cipher	London ,British Library, Add MS 4136 f 86-89.	London	BL_Add_MS_4136_086-089	1559 - 1563		English	4	14
3018	Decrypted	Cipher	London ,British Library, Add MS 4136 f 84-85.	London	BL_Add_MS_4136_084-085	1559 - 1559		English	2	14
3017	Decrypted	Cipher	London ,British Library, Add MS 4136 f 82-83.	London	BL_Add_MS_4136_082-083	1559 -		English	2	14
3016	Decrypted	Cipher	London ,British Library, Add MS 4136 f 80-81.	London	BL_Add_MS_4136_080-081	1559 -		English	2	14
3015	Decrypted	Cipher	London ,British Library, Add MS 4136 f 79.	London	BL_Add_MS_4136_079	1559 -		English	1	14
3014	Decrypted	Cipher	London ,British Library, Add MS 4136 f 78.	London	BL_Add_MS_4136_078	1559 - 1559		English	1	14
3013	Decrypted	Cipher	London ,British Library, Add MS 4136 f 77.	London	BL_Add_MS_4136_077	1559 -		English	1	14
3012	Decrypted	Cipher	London ,British Library, Add MS 4136 f 76.	London	BL_Add_MS_4136_076	1559 - 1559		English	1	15
3011	Decrypted	Cipher	London ,British Library, Add MS 4136 f 75.	London	BL_Add_MS_4136_075	1559 - 1559		English	1	15
3010	Decrypted	Cipher	London ,British Library, Add MS 4136 f 74.	London	BL_Add_MS_4136_074	1559 - 1559		English	1	15
3009	Decrypted	Cipher	London ,British Library, Add MS 4136 f 72-73.	London	BL_Add_MS_4136_072-073	1559 - 1559		English	2	15
3008	Decrypted	Cipher	London ,British Library, Add MS 4136 f 70-71.	London	BL_Add_MS_4136_070-071	1559 - 1559		English	2	15
3007	Decrypted	Cipher	London ,British Library, Add MS 4136 f 66-69.	London	BL_Add_MS_4136_066-069	1559 - 1559		English	4	15
3006	Decrypted	Cipher	London ,British Library, Add MS 4136 f 64-65.	London	BL_Add_MS_4136_064-065	1559 - 1559		English	2	15
3005	Decrypted	Cipher	London ,British Library, Add MS 4136 f 63.	London	BL_Add_MS_4136_063	1563 - 1563		English	1	15
3004	Decrypted	Cipher	London ,British Library, Add MS 4136 f 60-62.	London	BL_Add_MS_4136_060-062	1559 - 1559		English	3	15
3003	Decrypted	Cipher	London ,British Library, Add MS 4136 f 56-59.	London	BL_Add_MS_4136_056-059	1559 - 1559		English	4	15
3002	Decrypted	Cipher	London ,British Library, Add MS 4136 f 54-55.	London	BL_Add_MS_4136_054-055	1559 - 1559		English	2	15
3001	Decrypted	Cipher	London ,British Library, Add MS 4136 f 52-53.	London	BL_Add_MS_4136_052-053	1559 - 1559		English	2	15
3000	Decrypted	Cipher	London ,British Library, Add MS 4136 f 50-51.	London	BL_Add_MS_4136_050-051	1559 - 1559		English	2	15
2999	Decrypted	Cipher	London ,British Library, Add MS 4136 f 48-49.	London	BL_Add_MS_4136_048-049	1559 - 1559		English	2	15
2998	Decrypted	Cipher	London ,	London	BL_Add_MS_4136_047	1559 - 1559		English	1	15
2997	Decrypted	Cipher	London ,British Library, Add MS 4136 f 46.	London	BL_Add_MS_4136_046	1559 - 1559		English	1	15
2996	Decrypted	Cipher	London ,British Library, Add MS 4136 f 44-45.	London	BL_Add_MS_4136_044-045	1559 - 1559		English	2	15
2995	Decrypted	Cipher	London ,British Library, Add MS 4136 f 43.	London	BL_Add_MS_4136_043	1559 - 1559		English	1	15
2994	Decrypted	Cipher	London ,British Library, Add MS 4136 f 42.	London	BL_Add_MS_4136_042	1559 - 1559		English	1	15
2993	Decrypted	Cipher	London ,British Library, Add MS 4136 f 40-41.	London	BL_Add_MS_4136_040-041	1559 - 1559		English	2	15
2992	Decrypted	Cipher	London ,British Library, Add MS 4136 f 38-39.	London	BL_Add_MS_4136_038-039	1559 - 1559		English	2	15
2991	Decrypted	Cipher	London ,British Library, Add MS 4136 f 36-37.	London	BL_Add_MS_4136_036-037	1559 - 1559		English	2	15
2990	Decrypted	Cipher	London ,British Library, Add MS 4136 f 34-35.	London	BL_Add_MS_4136_034-035	1559 - 1559		English	2	15
2987	Decrypted	Cipher	London ,British Library, Add MS 4136 f 31.	London	BL_Add_MS_4136_031	1559 - 1559		English	1	15
2986	Decrypted	Cipher	London ,British Library, Add MS 4136 f 30.	London	BL_Add_MS_4136_030	1559 - 1559		English	1	15
2985	Decrypted	Cipher	London ,British Library, Add MS 4136 f 28-29.	London	BL_Add_MS_4136_028-029	1559 - 1559		...	2	15
2984	Decrypted	Cipher	London ,British Library, Add MS 4136 f 26-27.	London	BL_Add_MS_4136_026-027	1559 - 1559		English	2	15
2983	Decrypted	Cipher	London ,British Library, Add MS 4136 f 24-25.	London	BL_Add_MS_4136_024-025	1559 -		English	2	15
2982	Decrypted	Cipher	London ,British Library, Add MS 4136 f 5-10.	London	BL_Add_MS_4136_005-010	1559 -	French	English	6	15
2981	Decrypted	Cipher	London ,British Library, Add MS 32305 f 37-39.	London	BL_Add_MS_32305_037-039	1759 - 1759		...	5	15
2980	Decrypted	Cipher	London ,British Library, Add MS 32305 f 35-36.	London	BL_Add_MS_32305_035-036	1758 -		...	4	15
2977	Decrypted	Cipher	London ,British Library, Add MS 32305 f 31.	London	BL_Add_MS_32305_031	1750 -		...	2	15
2976	Decrypted	Cipher	London ,British Library, Add MS 32305 f 30.	London	BL_Add_MS_32305_030	1749 -		...	2	15
2975	Decrypted	Cipher	London ,British Library, Add MS 32305 f 29.	London	BL_Add_MS_32305_029	1749 - 1749		...	2	15
2973	Decrypted	Cipher	London ,British Library, Add MS 32305 f 24.	London	BL_Add_MS_32305_024	1949 -	...	...	2	15
2971	Decrypted	Cipher	London ,British Library, Add MS 32305 f 18-21.	London	BL_Add_MS_32305_018-021	1742 - 1742		...	8	15
2967	Decrypted	Cipher	London ,British Library, Add MS 32305 f 10.	London	BL_Add_MS_32305_010	1740 -	...	...	1	15
2966	Decrypted	Cipher	London ,British Library, Add MS 32305 f 8-9.	London	BL_Add_MS_32305_008-009	1700 - 1799		...	4	15
2962	Decrypted	Cipher	London ,British Library, Add MS 32305 f 4.	London	BL_Add_MS_32305_004	1700 - 1799	...	...	2	15
2961	Decrypted	Cipher	London ,British Library, Add MS 32305 f 2-3.	London	BL_Add_MS_32305_002-003	1726 -	...	...	4	15
2875	Decrypted	Cipher	New Haven ,Beinecke Rare Book &amp; Manuscript Library, WA MSS S-188	New Haven	Yale_Beinecke_ WA_MSS_S188	1831 - 1836	English	English	122	15
2874	Decrypted	Cipher	New Haven ,Beinecke Rare Book and Manuscript Library, Mellon MS 27	New Haven	Yale_Beinecke_Mellon_MS_27	1520 - 1586	German, Latin	Latin	264	15
2872	Decrypted	Cipher	New Haven ,Beinecke Rare Book and Manuscript Library, Osborn fc37 Box 03, Folder 13	New Haven	Yale_Beinecke_ OSB_fc37_box03_folder13	1699 - 1700	English	English	3	15
2871	Decrypted	Cipher	New Haven ,Beinecke Rare Book and Manuscript Library, Osborn fc37 Box 03, Folder 09	New Haven	Yale_Beinecke_ OSB_fc37_box03_folder09	1699 - 1700	English	English	2	15
2869	Decrypted	Cipher	New Haven ,Beinecke Rare Book and Manuscript Library, Osborn fc37 Box 03, Folder 03	New Haven	Yale_Beinecke_ OSB_fc37_box03_folder03	1699 - 1700	English	English	1	15
2867	Decrypted	Cipher	New Haven ,Beinecke Rare Book and Manuscript Library, Osborn fc37 Box 06, Folder 35	New Haven	Yale_Beinecke_ OSB_fc37_box06_folder35	1697 - 1737	English		1	15
2866	Decrypted	Cipher	New Haven ,Beinecke Rare Book and Manuscript Library, Osborn fc37 Box 05, Folder 65	New Haven	Yale_Beinecke_ OSB_fc37_box05_folder65	1700 - 1700	English		3	15
2865	Decrypted	Cipher	New Haven ,Beinecke Rare Book and Manuscript Library, Osborn fc37 Box 05, Folder 56	New Haven	Yale_Beinecke_ OSB_fc37_box05_folder56	1700 - 1700	English		3	15
2863	Decrypted	Cipher	New Haven ,Beinecke Rare Book and Manuscript Library, Osborn fc37 Box 03, Folder 18	New Haven	Yale_Beinecke_ OSB_fc37_box03_folder18	1700 - 1700	Italian	Italian	5	15
2862	Decrypted	Cipher	New Haven ,Beinecke Rare Book and Manuscript Library, Osborn fc37 Box 02, Folder 39	New Haven	Yale_Beinecke_ OSB_fc37_box02_folder39	1699 - 1699	English	English	2	15
2861	Decrypted	Cipher	New Haven ,Beinecke Rare Book and Manuscript Library, Osborn fc37 Box 02, Folder 45	New Haven	Yale_Beinecke_ OSB_fc37_box02_folder45	1699 - 1699	English	English	1	16
2860	Decrypted	Cipher	New Haven ,Beinecke Rare Book and Manuscript Library, Osborn fc37 Box 02, Folder 49	New Haven	Yale_Beinecke_ OSB_fc37_box02_folder49	1699 - 1699	English		2	16
2859	Decrypted	Cipher	New Haven ,Beinecke Rare Book and Manuscript Library, Osborn fc37 Box 02, Folder 51	New Haven	Yale_Beinecke_ OSB_fc37_box02_folder51	1699 - 1688	English		2	16
2856	Decrypted	Cipher	New Haven ,Beinecke Rare Book and Manuscript Library, GEN MSS 146	New Haven	Yale_Beinecke_ GEN_MSS_146	1781 - 1781	French	French	3	16
2855	Decrypted	Cipher	New Haven ,Beinecke Rare Book and Manuscript Library, GEN MSS 109	New Haven	Yale_Beinecke_ GEN_MSS_109	1519 - 1519	Italian		3	16
2791	Decrypted	Cipher	Genoa ,Genoan Diocesan Archive	Genoa	Genoa-Albenga-Marini	1422 - 1422		Latin, Italian	1	16
2783	Decrypted	Cipher	Paris ,Bibliothèque nationale de France, Français 6891, f.353-354	Paris	BnF_fr6891_f353	1652 -	French	French	3	16
2782	Decrypted	Cipher	Paris ,Bibliothèque nationale de France, Français 6891, f.342-343	Paris	BnF_fr6891_f342	1652 -	French	French	4	16
2781	Decrypted	Cipher	Paris ,Bibliothèque nationale de France, Français 6889, f.23	Paris	BnF_fr6889_f23	1652 -	French	French	2	16
2780	Decrypted	Cipher	Paris ,Bibliothèque nationale de France, Français 6889, f.15	Paris	BnF_fr6889_f15	1652 -	French	French	2	16
2779	Decrypted	Cipher	Paris ,Bibliothèque nationale de France, Français 6889, f.5-6	Paris	BnF_fr6889_f05	1652 -	French	French	4	16
2776	Decrypted	Cipher	Paris ,Bibliothèque nationale de France, Français 6884, f.109-111	Paris	BnF_fr6884_f109	1650 -	French	French	4	16
2775	Decrypted	Cipher	Paris ,Bibliothèque nationale de France, Baluze 103, f.51-52	Paris	BnF_Baluze343_f31	1644 - 1644	French	French	2	16
2774	Decrypted	Cipher	Paris ,Bibliothèque nationale de France	Paris	BnF_Baluze332_f106	1651 -	French	French	3	16
2773	Decrypted	Cipher	Paris ,Bibliothèque nationale de France, Baluze 331, f.100	Paris	BnF_Baluze331_f100	1650 - 1650	French	French	1	16
2771	Decrypted	Cipher	Paris ,Bibliothèque nationale de France, Baluze 331, f.38-39	Paris	BnF_Baluze331_f38	1650 -	French	French	1	16
2770	Decrypted	Cipher	Paris ,Bibliothèque nationale de France, Baluze 139, f.131-133	Paris	BnF_Baluze329_f131	1651 -	French	French	5	16
2768	Decrypted	Cipher	Paris ,Bibliothèque nationale de France, Baluze 188, f.22-23	Paris	BnF_Baluze188_f22	1632 -	Italian	Italian	5	16
2767	Decrypted	Cipher	Paris ,Bibliothèque nationale de France, Baluze 178, f.84-87	Paris	BnF_Baluze178_f84	1660 -	French	French	7	16
2766	Decrypted	Cipher	Paris ,Bibliothèque nationale de France, Baluze 178, f.79-83bis	Paris	BnF_Baluze178_f79	1660 - 1661	French	French	9	16
2765	Decrypted	Cipher	Paris ,Bibliothèque nationale de France, Baluze 178, f.73-74	Paris	BnF_Baluze178_f73	1660 -	French	French	4	16
2764	Decrypted	Cipher	Paris ,Bibliothèque nationale de France, Baluze 178, f.23-24	Paris	BnF_Baluze178_f23	1659 -	French	French	1	16
2763	Decrypted	Cipher	Paris ,Bibliothèque nationale de France, Baluze 172, f.145-146	Paris	BnF_Baluze172_f145	1644 -	French	French	2	16
2762	Decrypted	Cipher	Paris ,Bibliothèque nationale de France, Baluze 171, f.25-26	Paris	BnF_Baluze171_f25	1641 -	French	French	2	16
2761	Decrypted	Cipher	Paris ,Bibliothèque nationale de France, Baluze 170, f.228-230	Paris	BnF_Baluze170_f228	1640 -	French	French	3	16
2760	Decrypted	Cipher	Paris ,Bibliothèque nationale de France, Baluze 169, f.208-211	Paris	BnF_Baluze169_f208	1637 -	French	French	4	16
2759	Decrypted	Cipher	Paris ,Bibliothèque nationale de France, Baluze 169, f.5,6,3,4,2 (in this order)	Paris	BnF_Baluze103_f2-6	1639 -	French	French	3	16
2758	Decrypted	Cipher	Paris ,Bibliothèque nationale de France, Baluze 168, f.26-26bis	Paris	BnF_Baluze168_f26	1638 -	French	French	3	16
2757	Decrypted	Cipher	Paris ,Bibliothèque nationale de France, Baluze 167, f.69-72	Paris	BnF_Baluze167_f69	1637 -	French	French	7	16
2756	Decrypted	Cipher	Paris ,Bibliothèque nationale de France, Baluze 167, f.62-68	Paris	BnF_Baluze167_f62	1637 -	French	French	13	16
2755	Decrypted	Cipher	Paris ,Bibliothèque nationale de France, Baluze 163_f7	Paris	BnF_Baluze163_f7	1629 - 1633	French	French	1	16
2752	Decrypted	Cipher	Paris ,Bibliothèque nationale de France, Baluze 155, f.139-140	Paris	BnF_Baluze155_f139	1632 -	French	French	1	16
2751	Decrypted	Cipher	Paris ,Bibliothèque nationale de France, Baluze 155, f.131-134	Paris	BnF_Baluze155_f131	1632 -	French	French	2	16
2750	Decrypted	Cipher	Paris ,Bibliothèque nationale de France, Baluze 155, f.123-126 &amp; f.127-f.130	Paris	BnF_Baluze155_f123&amp;f127	1632 - 1632	French	French	2	16
2749	Decrypted	Cipher	Paris ,Bibliothèque nationale de France, Baluze 155, f.105-107	Paris	BnF_Baluze155_f105	1632 -	French	French	1	16
2746	Decrypted	Cipher	Paris ,Bibliothèque nationale de France, Baluze 103, f.230-233	Paris	BnF_Baluze103_f230	1644 -	French	French	3	16
2745	Decrypted	Cipher	Paris ,Bibliothèque nationale de France, Baluze 103, f.200-206	Paris	BnF_Baluze103_f200	1644 -	French	French	8	16
2744	Decrypted	Cipher	Paris ,Bibliothèque nationale de France, Baluze 103, f.189-191	Paris	BnF_Baluze103_f189	1644 -	French	French	3	16
2743	Decrypted	Cipher	Paris ,Bibliothèque nationale de France, Baluze 103, f.171-173	Paris	BnF_Baluze103_f171	1644 -	French	French	3	16
2742	Decrypted	Cipher	Paris ,Bibliothèque nationale de France, Baluze 103, f.51-52	Paris	BnF_Baluze103_f50	1644 -		French	2	16
2738	Decrypted	Cipher	Paris ,Bibliothèque nationale de France, Melanges de Colbert 176bis, f.669-670	Paris	BnF_Mel176bis_f669	1672 -	French	French	2	16
2737	Decrypted	Cipher	Paris ,Bibliothèque nationale de France, Melanges de Colbert 176bis, f.657-660	Paris	BnF_Mel176bis_f657	1672 -	French	French	6	16
2736	Decrypted	Cipher	Paris ,Bibliothèque nationale de France, Melanges de Colbert 176bis, f.650-651	Paris	BnF_Mel176bis_f650	1672 -	French	French	2	16
2735	Decrypted	Cipher	Paris ,Bibliothèque nationale de France, Melanges de Colbert 176bis, f.646-647	Paris	BnF_Mel176bis_f646	1672 -	French	French	2	16
2732	Decrypted	Cipher	Paris ,Bibliothèque nationale de France, Melanges de Colbert 166bis, f.403-404	Paris	BnF_Mel166bis_f403	1673 -	French	French	4	16
2731	Decrypted	Cipher	Paris ,Bibliothèque nationale de France, Melanges de Colbert 166bis, f.380-381	Paris	BnF_Mel166bis_f380	1673 -	French	French	3	16
2730	Decrypted	Cipher	Paris ,Bibliothèque nationale de France, Melanges de Colbert 166, f.23-26	Paris	BnF_Mel166_f23	1673 -	French	French	4	16
2729	Decrypted	Cipher	Paris ,Bibliothèque nationale de France, Melanges de Colbert 165bis, f.731-732	Paris	BnF_Mel165bis_f731	1673 - 1673	French	French	3	16
2728	Decrypted	Cipher	Paris ,Bibliothèque nationale de France, Melanges de Colbert 165bis, f.624-625	Paris	BnF_Mel165bis_f624	1673 -	French	French	3	16
2727	Decrypted	Cipher	Paris ,Bibliothèque nationale de France, Melanges de Colbert 165bis, f.470,479,480	Paris	BnF_Mel165bis_f470	1673 - 1673	French	French	3	16
2726	Decrypted	Cipher	Paris ,Bibliothèque nationale de France, Melanges de Colbert 165, f.277-278	Paris	BnF_Mel165_f277	1673 -	French	French	2	17
2725	Decrypted	Cipher	Paris ,Bibliothèque nationale de France, Melanges de Colbert 165, f.180-181	Paris	BnF_Mel165_f180	1673 -	French	French	1	17
2724	Decrypted	Cipher	Paris ,Bibliothèque nationale de France, Melanges de Colbert 164, f.105-106	Paris	BnF_Mel164_f105	1673 -	French	French	3	17
2723	Decrypted	Cipher	Paris ,Bibliothèque nationale de France, Melanges de Colbert 163, f.493-495	Paris	BnF_Mel163_f493	1673 -	French	French	4	17
2722	Decrypted	Cipher	Paris ,Bibliothèque nationale de France, Melanges de Colbert 163, f.412-413	Paris	BnF_Mel163_f412	1673 -	French	French	2	17
2721	Decrypted	Cipher	Paris ,Bibliothèque nationale de France, Melanges de Colbert 163, f.147-148	Paris	BnF_Mel163_f147	1673 -	French	French	3	17
2720	Decrypted	Cipher	Paris ,Bibliothèque nationale de France, Melanges de Colbert 162, f.105-107	Paris	BnF_Mel162_f105	1672 -	French	French	4	17
2719	Decrypted	Cipher	Paris ,Bibliothèque nationale de France, Melanges de Colbert 162, f.43-45	Paris	BnF_Mel162_f43	1672 -	French	French	2	17
2718	Decrypted	Cipher	Paris ,Bibliothèque nationale de France, Melanges de Colbert 161, f.422-423	Paris	BnF_Mel161_f422	1672 -	French	French	2	17
2717	Decrypted	Cipher	Paris ,Bibliothèque nationale de France, Melanges de Colbert 161, f.371-373	Paris	BnF_Mel161_f371	1672 -	French	French	4	17
2716	Decrypted	Cipher	Paris ,Bibliothèque nationale de France, Melanges de Colbert 161, f.346	Paris	BnF_Mel161_f346	1672 -	French	French	1	17
2715	Decrypted	Cipher	Paris ,Bibliothèque nationale de France, Melanges de Colbert 160, p.188-195	Paris	BnF_Mel160_p188	1672 -	French	French	6	17
2714	Decrypted	Cipher	Paris ,Bibliothèque nationale de France, Melanges de Colbert 160, p.57-60	Paris	BnF_Mel160_p57	1672 -	French	French	3	17
2713	Decrypted	Cipher	Paris ,Bibliothèque nationale de France, Melanges de Colbert 160, p.23-28	Paris	BnF_Mel160_p23	1672 -	French	French	4	17
2712	Decrypted	Cipher	Paris ,Bibliothèque nationale de France, Melanges de Colbert 159, f.312-313	Paris	BnF_Mel159_f312	1672 -	French	French	4	17
2711	Decrypted	Cipher	Paris ,Bibliothèque nationale de France, Melanges de Colbert 159, f.203-206	Paris	BnF_Mel159_f203	1672 -	French	French	6	17
2710	Decrypted	Cipher	Paris ,Bibliothèque nationale de France, Melanges de Colbert 159, f.102-103	Paris	BnF_Mel159_f102	1672 -	French	French	2	17
2709	Decrypted	Cipher	Paris ,Bibliothèque nationale de France, Melanges de Colbert 158, f.388-392	Paris	BnF_Mel158_f388	1672 -	French	French or Italian?	6	17
2708	Decrypted	Cipher	Paris ,Bibliothèque nationale de France, Melanges de Colbert 158, f.359-362	Paris	BnF_Mel158_f359	1672 -	French	French	6	17
2707	Decrypted	Cipher	Paris ,Bibliothèque nationale de France, Melanges de Colbert 157bis, f.822-823	Paris	BnF_Mel157bis_f822	1671 -	French	French	1	17
2706	Decrypted	Cipher	Paris ,Bibliothèque nationale de France, Melanges de Colbert 157bis, f.513-518	Paris	BnF_Mel157bis_f513	1671 - 1671	French	French	2	17
2705	Decrypted	Cipher	Paris ,Bibliothèque nationale de France, Melanges de Colbert 157bis, f.476-477	Paris	BnF_Mel157bis_f476	1671 -	French	French	2	17
2704	Decrypted	Cipher	Paris ,Bibliothèque nationale de France, Melanges de Colbert 155, f.132-133	Paris	BnF_Mel155_f132	1670 -	French	French	2	17
2703	Decrypted	Cipher	Paris ,Bibliothèque nationale de France, Melanges de Colbert 149, f.457-458	Paris	BnF_Mel149_f457	1668 - 1669	French	French	2	17
2702	Decrypted	Cipher	Paris ,Bibliothèque nationale de France, Melanges de Colbert 149, f.109	Paris	BnF_Mel149_f109	1668 -	French	French	3	17
2701	Decrypted	Cipher	Paris ,Bibliothèque nationale de France, Melanges de Colbert 144, f.483-486	Paris	BnF_Mel144_f483	1667 -	French	French	4	17
2700	Decrypted	Cipher	Paris ,Bibliothèque nationale de France, Melanges de Colbert 142bis, f.782-785	Paris	BnF_Mel142bis_f782	1666 -	French	French	3	17
2699	Decrypted	Cipher	Paris ,Bibliothèque nationale de France, Melanges de Colbert 142, f.373-374	Paris	BnF_Mel142_f373	1666 -	French	French	3	17
2698	Decrypted	Cipher	Madrid ,http://pares.mcu.es	Madrid	Archivo General de Simancas, EST,LEG,1401,225	1571 -	Spanish	Spanish	1	17
2697	Decrypted	Cipher	Paris ,Bibliothèque nationale de France, Melanges de Colbert 140, f.265-268	Paris	BnF_Mel140_f265	1666 -	French	French	5	17
2696	Decrypted	Cipher	Paris ,Bibliothèque nationale de France, Melanges de Colbert 138, f.441-442	Paris	BnF_Mel138_f441	1666 -	French	French	3	17
2695	Decrypted	Cipher	Paris ,Bibliothèque nationale de France, Melanges de Colbert 137, f.437-440	Paris	BnF_Mel138_f437	1666 -	French	French	1	17
2694	Decrypted	Cipher	Paris ,Bibliothèque nationale de France, Melanges de Colbert 137bis, f.847, 850	Paris	BnF_Mel137bis_f847	1666 -	French	French	2	17
2693	Decrypted	Cipher	Paris ,Bibliothèque nationale de France, Melanges de Colbert 137, f.426-429	Paris	BnF_Mel137_f426	1666 -	French	French	2	17
2692	Decrypted	Cipher	Paris ,Bibliothèque nationale de France, Melanges de Colbert 137, f.219-220	Paris	BnF_Mel137_f219	1666 -	French	French	2	17
2691	Decrypted	Cipher	Paris ,Bibliothèque nationale de France, Melanges de Colbert 136, f.465-466	Paris	BnF_Mel136_f465	-	French	French	3	17
2690	Decrypted	Cipher	Paris ,Bibliothèque nationale de France, Melanges de Colbert 136, f.435-436	Paris	BnF_Mel136_f435	1666 -	French	French	1	17
2689	Decrypted	Cipher	Paris ,Bibliothèque nationale de France, Melanges de Colbert 136, f.356-359	Paris	BnF_Mel136_f356	1666 -	French	French	5	17
2688	Decrypted	Cipher	Paris ,Bibliothèque nationale de France, Melanges de Colbert 136, f.311-314	Paris	BnF_Mel136_f311	1666 -	French	French	8	17
2687	Decrypted	Cipher	Paris ,Bibliothèque nationale de France, Melanges de Colbert 136, f.279-280	Paris	BnF_Mel136_f279	1666 -	French	French	1	17
2686	Decrypted	Cipher	Paris ,Bibliothèque nationale de France, Melanges de Colbert 136, f.209-218	Paris	BnF_Mel136_f209	1666 -	French	French	18	17
2685	Decrypted	Cipher	Paris ,Bibliothèque nationale de France, Melanges de Colbert 136, f.205-208	Paris	BnF_Mel136_f205	1666 -	French	French	8	17
2684	Decrypted	Cipher	Paris ,Bibliothèque nationale de France, Melanges de Colbert 136, f.146-151	Paris	BnF_Mel136_f146	1666 -	French	French	10	17
2683	Decrypted	Cipher	Paris ,Bibliothèque nationale de France, Melanges de Colbert 134bis, f.707-710	Paris	BnF_Mel134bis_f707	1665 -	French	French	5	17
2682	Decrypted	Cipher	Paris ,Bibliothèque nationale de France, Melanges de Colbert 134bis, f.693-706	Paris	BnF_Mel134bis_f693	1665 -	French	French	23	17
2681	Decrypted	Cipher	Paris ,Bibliothèque nationale de France, Melanges de Colbert 133, f.246-247	Paris	BnF_Mel133_f246	1665 -	French	French	3	17
2680	Decrypted	Cipher	Paris ,Bibliothèque nationale de France, Melanges de Colbert 133, f.131-132	Paris	BnF_Mel133_f131	1665 -	French	French	2	17
2679	Decrypted	Cipher	Paris ,Bibliothèque nationale de France, Melanges de Colbert 127bis, f.1106-1108	Paris	BnF_Mel127bis_f1106	1665 -	French	French	5	17
2677	Decrypted	Cipher	Paris ,Bibliothèque nationale de France, Melanges de Colbert 120, f.285-286	Paris	BnF_Mel120_f285	1664 -	French	French	2	17
2676	Decrypted	Cipher	Paris ,Bibliothèque nationale de France, Melanges de Colbert 109, f.559-561	Paris	BnF_Mel109_f559	1662 - 1663	French	French	5	17
2675	Decrypted	Cipher	Paris ,Bibliothèque nationale de France, Melanges de Colbert 109, f.556-558	Paris	BnF_Mel109_f556	1662 - 1663	French	French	3	18
2674	Decrypted	Cipher	Paris ,Bibliothèque nationale de France, Melanges de Colbert f.222-223	Paris	BnF_Mel108_f222	1662 - 1663	French	French	3	18
2673	Decrypted	Cipher	Paris ,Bibliothèque nationale de France, Melanges de Colbert 108, f.218-221	Paris	BnF_Mel108_f218	1662 -	French	French	6	18
2672	Decrypted	Cipher	Paris ,Bibliothèque nationale de France, Melanges de Colbert 101, f.449-450	Paris	BnF_Mel101_f449	1659 -	French	French	1	18
2671	Decrypted	Cipher	Paris ,Bibliothèque nationale de France, Melanges de Colbert 101, f.495-498	Paris	BnF_Mel101_f495	1659 -	French	French	3	18
2670	Decrypted	Cipher	Paris ,Bibliothèque nationale de France, Melanges de Colbert 101, f.491-492	Paris	BnF_Mel101_f491	1659 -	French	French	1	18
2669	Decrypted	Cipher	Paris ,Bibliothèque nationale de France, Melanges de Colbert 101, f.439-440	Paris	BnF_Mel101_f439	1659 -	French	French	2	18
2668	Decrypted	Cipher	Paris ,Bibliothèque nationale de France, Melanges de Colbert 101, f.362-363	Paris	BnF_Mel101_f362	1659 - 1660	French	French	3	18
2323	Decrypted	Cipher	Paris ,Bibliothèque nationale de France, Français 2988, f.1	Paris	BnF_fr2988_f01	1525 - 1550		English	2	18
2321	Decrypted	Cipher	Paris ,Bibliothèque nationale de France, Français 2988, f.130	Paris	BnF_fr2988_f130	1583 - 1583		French	1	18
2320	Decrypted	Cipher	Paris ,Bibliothèque nationale de France, Français 2988, f.125	Paris	BnF_fr2988_f125	1582 - 1582		French	1	18
2319	Decrypted	Cipher	Paris ,Bibliothèque nationale de France, Français 2988, f.123	Paris	BnF_fr2988_f123	1582 - 1582		French	1	18
2318	Decrypted	Cipher	Paris ,Bibliothèque nationale de France, Français 2988, f.118	Paris	BnF_fr2988_f118	1582 - 1582		French	1	18
2317	Decrypted	Cipher	Paris ,Bibliothèque nationale de France, Français 2988, f.113	Paris	BnF_fr2988_f113	1583 - 1583		French	1	18
2316	Decrypted	Cipher	Paris ,Bibliothèque nationale de France, Français 2988, f.109	Paris	BnF_fr2988_f109	1582 - 1582		French	1	18
2315	Decrypted	Cipher	Paris ,Bibliothèque nationale de France, Français 2988, f.105	Paris	BnF_fr2988_f105	1580 - 1580		French	1	18
2314	Decrypted	Cipher	Paris ,Bibliothèque nationale de France, Français 2988, f.98	Paris	BnF_fr2988_f98	1581 - 1581		French	2	18
2313	Decrypted	Cipher	Paris ,Bibliothèque nationale de France, Français 2988, f.96	Paris	BnF_fr2988_f96	1584 - 1584		French	2	18
2312	Decrypted	Cipher	Paris ,Bibliothèque nationale de France, Français 2988, f.89	Paris	BnF_fr2988_f89	1583 - 1583		Italian?	2	18
2311	Decrypted	Cipher	Paris ,Bibliothèque nationale de France, Français 2988, f.87	Paris	BnF_fr2988_f87	1578 - 1578		French	2	18
2310	Decrypted	Cipher	Paris ,Bibliothèque nationale de France, Français 2988, f.82	Paris	BnF_fr2988_f82	1581 - 1581		French	2	18
2309	Decrypted	Cipher	Paris ,Bibliothèque nationale de France, Français 2988, 78	Paris	BnF_fr2988_f78	1583 - 1583		French	2	18
2308	Decrypted	Cipher	Paris ,Bibliothèque nationale de France, Français 2988, f.74	Paris	BnF_fr2988_f74	1582 - 1582		French	2	18
2307	Decrypted	Cipher	Paris ,Bibliothèque nationale de France, Français 2988, f.69	Paris	BnF_fr2988_f69	1583 - 1583		French	2	18
2306	Decrypted	Cipher	Paris ,Bibliothèque nationale de France, Français 2988, f.64	Paris	BnF_fr2988_f64	1583 - 1583		Italian?	1	18
2305	Decrypted	Cipher	Paris ,Bibliothèque nationale de France, Français 2988, f.58	Paris	BnF_fr2988_f58	1584 - 1584		French	2	18
2304	Decrypted	Cipher	Paris ,Bibliothèque nationale de France, Français 2988, f.54	Paris	BnF_fr2988_f54	1583 - 1583		French	2	18
2303	Decrypted	Cipher	Paris ,Bibliothèque nationale de France, Français 2988, f.50	Paris	BnF_fr2988_f50	1582 - 1582		French	2	18
2302	Decrypted	Cipher	Paris ,Bibliothèque nationale de France, Français 2988, f.46	Paris	BnF_fr2988_f46	1583 - 1583		French	2	18
2301	Decrypted	Cipher	Paris ,Bibliothèque nationale de France, Français 2988, f.42	Paris	BnF_fr2988_f42	1584 - 1584		French	2	18
2300	Decrypted	Cipher	Paris ,Bibliothèque nationale de France, Français 2988, f.38	Paris	BnF_fr2988_f38	1580 - 1580		French	1	18
2299	Decrypted	Cipher	Paris ,Bibliothèque nationale de France, Français 2988	Paris	BnF_fr2988_f34	1583 - 1583		French	1	18
2298	Decrypted	Cipher	Paris ,Bibliothèque nationale de France, Français 2988	Paris	BnF_fr2988_f30	1583 - 1583		French	2	18
2297	Decrypted	Cipher	Paris ,Bibliothèque nationale de France, Français 2988	Paris	BnF_fr2988_f26	1583 - 1583		French	2	18
2296	Decrypted	Cipher	Paris ,Bibliothèque nationale de France, Français 2988	Paris	BnF_fr2988_f21	1582 - 1582		French	1	18
2286	Decrypted	Cipher	Paris ,Bibliothèque nationale de France, Clairambault 328, f.115	Paris	BnF_Clair328_f115	1528 -	French	French	1	18
2284	Decrypted	Cipher	Paris ,Bibliothèque nationale de France, Clairambault 325, f.65-67	Paris	BnF_Clair325_f66	1525 - 1526	French	French	1	18
2283	Decrypted	Cipher	Paris ,Bibliothèque nationale de France, Cinq Cents de Colbert 33, f.575-576	Paris	BnF_500Colbert33_f575	1595 -	French	French	2	18
2282	Decrypted	Cipher	Paris ,Bibliothèque nationale de France, Cinq Cents de Colbert 33, f.555-556	Paris	BnF_500Colbert33_f555	1594 - 1594	French	French	2	18
2279	Decrypted	Cipher	Paris ,Bibliothèque nationale de France, Cinq Cents de Colbert 33, f.528-259	Paris	BnF_500Colbert33_f528	1594 -	French	French	4	18
2278	Decrypted	Cipher	Paris ,Bibliothèque nationale de France, Français 20974, p.29-32	Paris	BnF_fr20974_p29	1556 - 1556	French	French	3	18
2277	Decrypted	Cipher	Paris ,Bibliothèque nationale de France, Français 20974, p.25-28	Paris	BnF_fr20974_p25	1556 - 1556	French	French	3	18
2250	Decrypted	Cipher	Milan ,Biblioteca Nacional (BNE), ms. 994	Milan	BNE_ms.994_LuisValledelaZerda_3_22r-25v	1583 -	Spanish		4	18
2244	Decrypted	Cipher	The Hague ,Nationaal Archief, 3.01.26 (L.P. van de Spiegel), inventaris nummer 204	The Hague	NA_3.01.26_inr.204_A.W._ van__Nagell_to_ L.P._vande_Spiegel_1792-11-30	1792 -	Dutch	Dutch	12	18
2243	Decrypted	Cipher	The Hague ,Nationaal Archief, 3.01.26 (L.P. van de Spiegel), inventaris nummer 203	The Hague	NA_3.01.26_inr.203_J.W._Hogguer_to_L.P._vande_Spiegel_1790-03-26	1790 -	Dutch	French	4	18
2237	Decrypted	Cipher	The Hague ,Koninklijk Huisarchief (KHA), Prins Willem V, inv.nr. 337.	The Hague	KHA_A31_PWV_inr.337_hereditary_prince_to_Prince_William_V_without date (2)	1795 - 1799	Frencj	French	7	18
2229	Decrypted	Cipher	Paris ,Bibliothèque nationale de France, Melanges de Colbert 171bis, f.606-f.608, f.613	Paris	BnF_Mel171bis_f606	1674 -	French	French	3	18
2228	Decrypted	Cipher	Paris ,Bibliothèque nationale de France, Melanges de Colbert 167, f.119-f.120	Paris	BnF_Mel167_f119	1574 -	French	French	1	18
2196	Decrypted	Cipher	Paris ,Bibliothèque nationale de France, Français 6885, f.138-140	Paris	BnF_fr6885_f138	1650 -	French	French	4	18
2195	Decrypted	Cipher	The Hague ,Nationaal Archief, 1.01.02 (Staten-Generaal), inventaris nummer 7407	The Hague	NA_1.01.02._SG_inr.7407_J.I._de_Swart__to_Greffier_1782-07-23	1782 -	Dutch	Dutch	8	18
2164	Decrypted	Cipher	Vienna ,Österreichisches Staatsarchiv, Haus-, Hof- und Staatsarchiv, Staatskanzlei Interiora, Chiffrenschlüssel, Kt. 20. Fasc. 27. f := 25-26.	Vienna	ÖStA_HHStA_Stk_Int_Chiffrenschlüssel_fasc_27_025-026	1686 - 1877	...	...	3	19
2160	Decrypted	Cipher	Vienna ,Österreichisches Staatsarchiv, Haus-, Hof- und Staatsarchiv, Staatskanzlei Interiora, Chiffrenschlüssel, Kt. 20. Fasc. 27. f := 20.	Vienna	ÖStA_HHStA_Stk_Int_Chiffrenschlüssel_fasc_27_020	1686 - 1877		...	2	19
2158	Decrypted	Cipher	Vienna ,Österreichisches Staatsarchiv, Haus-, Hof- und Staatsarchiv, Staatskanzlei Interiora, Chiffrenschlüssel, Kt. 20. Fasc. 27. f := 15-17.	Vienna	ÖStA_HHStA_Stk_Int_Chiffrenschlüssel_fasc_27_015-017	1686 - 1877		...	2	19
2149	Decrypted	Cipher	The Hague ,Nationaal Archief, 1.01.02 (Staten-Generaal), inventaris nummer 7235	The Hague	NA_1.01.02._SG_inr.7235_E._Wasmuht__to_Greffier_1773-10-15	1773 -	Dutch	Dutch	4	19
2148	Decrypted	Cipher	The Hague ,Nationaal Archief, 1.01.02 (Staten-Generaal), inventaris nummer 7235	The Hague	NA_1.01.02._SG_inr.7235_E._Wasmuht__to_Greffier_1773-07-06	1773 -	Dutch	Dutch	5	19
2147	Decrypted	Cipher	The Hague ,Nationaal Archief, 1.01.02 (Staten-Generaal), inventaris nummer 7235	The Hague	NA_1.01.02._SG_inr.7235_E._Wasmuht__to_Greffier_1775-02-03	1775 -	Dutch	Dutch	8	19
2146	Decrypted	Cipher	The Hague ,Nationaal Archief, 1.01.02 (Staten-Generaal), inventaris nummer 7237	The Hague	NA_1.01.02._SG_inr.7237_A.A._Loofs__to_Greffier_1791-12-30	1791 -	Dutch	Dutch	6	19
2145	Decrypted	Cipher	The Hague ,Nationaal Archief, 1.01.02 (Staten-Generaal), inventaris nummer 7237	The Hague	NA_1.01.02._SG_inr.7237_J.C._vander_Borch__to_Greffier_1795-01-06	1795 -	Dutch	Dutch	6	19
2144	Decrypted	Cipher	The Hague ,Nationaal Archief, 1.01.02 (Staten-Generaal), inventaris nummer 7237	The Hague	NA_1.01.02._SG_inr.7237_J.C._vander_Borch__to_Greffier_1793-01-15	1793 -	Dutch	Dutch	8	19
2143	Decrypted	Cipher	The Hague ,Nationaal Archief, 1.01.02 (Staten-Generaal), inventaris nummer 7237	The Hague	NA_1.01.02._SG_inr.7237_J.C._vander_Borch__to_Greffier_1791-01-28	1791 -	Dutch	Dutch	6	19
2141	Decrypted	Cipher	The Hague ,Nationaal Archief, 1.01.02 (Staten-Generaal), inventaris nummer 7236	The Hague	NA_1.01.02._SG_inr.7236_A.J.__van_Schenck_to_Greffier_1777-06-17	1777 -	Dutch	Dutch	11	19
2140	Decrypted	Cipher	The Hague ,Nationaal Archief, 1.01.02 (Staten-Generaal), inventaris nummer 7236	The Hague	NA_1.01.02._SG_inr.7236_D.W.__van_Lynden_to_Greffier_1778-04-17	1778 -	Dutch	Dutch	3	19
2139	Decrypted	Cipher	The Hague ,Nationaal Archief, 1.01.02 (Staten-Generaal), inventaris nummer 7236	The Hague	NA_1.01.02._SG_inr.7236_D.W.__van_Lynden_to_Greffier_1778-11-20	1778 -	Dutch	Dutch	4	19
2137	Decrypted	Cipher	The Hague ,Nationaal Archief, 1.01.02 (Staten-Generaal), inventaris nummer 7236	The Hague	NA_1.01.02._SG_inr.7236_P.G.__Duker_to_Greffier_1781-12-14	1781 -	Dutch	Dutch	3	19
2136	Decrypted	Cipher	The Hague ,Nationaal Archief, 1.01.02 (Staten-Generaal), inventaris nummer 7236	The Hague	NA_1.01.02._SG_inr.7236_J.C._vander_Borch__to_Greffier_1787-10-19	1787 -	Dutch	Dutch	3	19
2135	Decrypted	Cipher	The Hague ,Nationaal Archief, 1.01.02 (Staten-Generaal), inventaris nummer 7236	The Hague	NA_1.01.02._SG_inr.7236_J.C._vander_Borch__to_Greffier_1782-12-27	1782 -	Dutch	Dutch	8	19
2134	Decrypted	Cipher	The Hague ,Nationaal Archief, 1.01.02 (Staten-Generaal), inventaris nummer 7235	The Hague	NA_1.01.02._SG_inr.7235_R._van_Haeften__to_Greffier_1776-07-05	1776 -	Dutch	Dutch	5	19
2133	Decrypted	Cipher	The Hague ,Nationaal Archief, 1.01.02 (Staten-Generaal), inventaris nummer 7235	The Hague	NA_1.01.02._SG_inr.7235_E._Wasmuht__to_Greffier_1774-02-15	1774 -	Dutch	Dutch	7	19
2132	Decrypted	Cipher	The Hague ,Nationaal Archief, 1.01.02 (Staten-Generaal), inventaris nummer 7235	The Hague	NA_1.01.02._SG_inr.7235_R._van_Haeften__to_Greffier_1772-12-22	1772 -	Dutch and French	Dutch	8	19
2121	Decrypted	Cipher	The Hague ,Nationaal Archief, 3.01.26 (L.P. van de Spiegel), inventaris nummer 212	The Hague	NA_3.01.26_inr.212_F.G._van_Dedem_to_L.P.vandeSpiegel_1788-12-22	1788 -	Dutch	Dutch	5	19
2119	Decrypted	Cipher	The Hague ,Nationaal Archief, 3.01.26 (L.P. van de Spiegel), inventaris nummer 210	The Hague	NA_3.01.26_inr.210_J.W._Hogguer_to_L.P.vande_Spiegel_1788-09-30	1788 -	Dutch	Dutch	4	19
2116	Decrypted	Cipher	The Hague ,Nationaal Archief, 1.01.02 (Staten-Generaal), inventaris nummer 7237	The Hague	NA_1.01.02._SG_inr.7237_J.C._vander_Borch__to_Greffier_1794-01-28	1794 -	Dutch	Dutch	9	19
2114	Decrypted	Cipher	The Hague ,Nationaal Archief, 1.01.02 (Staten-Generaal), inventaris nummer 6894	The Hague	NA_1.01.02._SG_inr.6894_Cornelis_Haga__to_HHMo_1620-05-11	1620 -	Dutch	Dutch	6	19
2077	Decrypted	Cipher	Paris ,Bibliothèque nationale de France, Français 3541, f.4-7	Paris	BnF_fr3541_f4	1610 -	French	French	2	19
2056	Decrypted	Cipher	The Hague ,Nationaal Archief, 3.01.26 (L.P. van de Spiegel), inventaris nummer 210	The Hague	NA_3.01.26_inr.210_J.W._Hogguer_to_L.P._vande_Spiegel_1788-09-25	1788 -	Dutch	Dutch	8	19
2054	Decrypted	Cipher	The Hague ,Nationaal Archief, 3.01.26 (L.P. van de Spiegel), inventaris nummer 207	The Hague	NA_3.01.26_inr.207_J.Aubert_to_L.P. vande_Spiegel_1790-09-06	1790 -	Dutch	Dutch	3	19
2053	Decrypted	Cipher	The Hague ,Nationaal Archief, 3.01.26 (L.P. van de Spiegel), inventaris nummer 183	The Hague	NA_3.01.26_inr.183_F.G._ van__Dedem_to_ L.P._vande_Spiegel_1789-12-01	1789 -	Dutch	Dutch	2	19
2052	Decrypted	Cipher	The Hague ,Nationaal Archief, 1.01.02 (Staten-Generaal), inventaris nummer 7408	The Hague	NA_1.01.02._SG_inr.7408_C.A_Rechteren__to_Greffier_1786-12-24	1786 -	Dutch	Dutch	2	19
2051	Decrypted	Cipher	The Hague ,Nationaal Archief, 1.01.02 (Staten-Generaal), inventaris nummer 7407	The Hague	NA_1.01.02._SG_inr.7407_W.L._Wassenaer__to_Greffier_1784-12-03	1784 -	Dutch	Dutch	4	19
2045	Decrypted	Cipher	The Hague ,Nationaal Archief, 1.01.02 (Staten-Generaal), inventaris nummer 7407	The Hague	NA_1.01.02._SG_inr.7407_J.I._de_Swart__to_Greffier_1782-07-05	1782 -	Dutch	Dutch	6	19
2035	Decrypted	Cipher	The Hague ,Nationaal Archief, 1.01.02 (Staten-Generaal), inventaris nummer 7168	The Hague	NA_1.01.02._SG_inr.7168_J._Aubert__to_Greffier_1789-10-26	1789 -	Dutch	Dutch	5	19
2033	Decrypted	Cipher	The Hague ,Nationaal Archief, i.01.02 (Staten-Generaal), inventaris nummer 7407	The Hague	NA_1.01.02._SG_inr.7407_W.L._Wassenaer__to_Greffier_1783-05-13	1783 -	Dutch	Dutch	2	19
2032	Decrypted	Cipher	The Hague ,Nationaal Archief, i.01.02 (Staten-Generaal), inventaris nummer 7407	The Hague	NA_1.01.02._SG_inr.7407_C.A_Rechteren__to_Greffier_1786-01-14	1786 -	Dutch	Dutch	2	19
2025	Decrypted	Cipher	Paris ,Bibliotheque nationale de France (BnF), Espagnol 132, f.275-276	Paris	BnF_es132_f275	1575 - 1580		Spanish	275	19
2024	Decrypted	Cipher	Paris ,Bibliotheque nationale de France (BnF), Espagnol 132, f.273-274	Paris	BnF_es132_f273	1575 - 1580	Spanish	Spanish	4	19
2023	Decrypted	Cipher	Paris ,Bibliotheque nationale de France (BnF), Espagnol 132, f.267-268, f.269-270, f.271-272	Paris	BnF_es132_f.267	1580 -	Spanish	Spanish	7	19
2022	Decrypted	Cipher	Paris ,Bibliotheque nationale de France (BnF), Espagnol 132, f.3-4	Paris	BnF_es132_f255&amp;f257&amp;f261&amp;f263	1580 -	Spanish	Spanish	7	19
2021	Decrypted	Cipher	Paris ,Bibliotheque nationale de France (BnF), Espagnol 132, f.251-252, f.253-254	Paris	BnF_es132_f251&amp;f253	1580 -	Spanish	Spanish	5	19
2020	Decrypted	Cipher	Paris ,Bibliotheque nationale de France (BnF), Espagnol 132, f.245-246	Paris	BnF_es132_f245&amp;f247	1579 -	Spanish	Spanish	1	19
2019	Decrypted	Cipher	Paris ,Bibliotheque nationale de France (BnF), Espagnol 132, f.239-240, f.241-242	Paris	BnF_es132_f239&amp;f241	1579 -	Spanish	Spanish	2	19
2018	Decrypted	Cipher	Paris ,Bibliotheque nationale de France (BnF), Espagnol 132, f.235-236, f.237-238	Paris	BnF_es132_f235&amp;f237	1579 -			3	19
2017	Decrypted	Cipher	Paris ,Bibliotheque nationale de France (BnF), Espagnol 132, f.233-234	Paris	BnF_es132_f233	1579 -	Spanish	Spanish	2	19
2016	Decrypted	Cipher	Paris ,Bibliotheque nationale de France (BnF), Espagnol 132, f.228-230, f.231-232	Paris	BnF_es132_f228&amp;f231	1579 -	Spanish	Spanish	2	19
2015	Decrypted	Cipher	Paris ,Bibliotheque nationale de France (BnF), Espagnol 132, f.222-223, f.226-227	Paris	BnF_es132_f222&amp;f226	1579 -	Spanish	Spanish	2	19
2014	Decrypted	Cipher	Paris ,Bibliotheque nationale de France (BnF), Espagnol 132, f.220-221, f.224-225	Paris	BnF_es132_f220&amp;f224	1579 -	Spanish	Spanish	3	19
2013	Decrypted	Cipher	Paris ,Bibliotheque nationale de France (BnF), Espagnol 132, f.215-216	Paris	BnF_es132_f215	1579 -	Spanish	Spanish	1	19
2012	Decrypted	Cipher	Paris ,Bibliotheque nationale de France (BnF), Espagnol 132, f.3-4	Paris	BnF_es132_f213	1579 -	Spanish	Spanish	4	19
2011	Decrypted	Cipher	Paris ,Bibliotheque nationale de France (BnF), Espagnol 132, f.211-212	Paris	BnF_es132_f211	1579 -	Spanish	Spanish	2	19
2010	Decrypted	Cipher	Paris ,Bibliotheque nationale de France (BnF), Espagnol 132, f.208-211	Paris	BnF_es132_f208	1579 -	Spanish	Spanish	4	19
2009	Decrypted	Cipher	Paris ,Bibliotheque nationale de France (BnF), Espagnol 132, f.206	Paris	BnF_es132_f206	1579 -	Spanish	Spanish	3	19
2008	Decrypted	Cipher	Paris ,Bibliotheque nationale de France (BnF), Espagnol 132, f.202-203	Paris	BnF_es132_f202	1579 -	Spanish	Spanish	3	20
2007	Decrypted	Cipher	Paris ,Bibliotheque nationale de France (BnF), Espagnol 132, f.200-201	Paris	BnF_es132_f200	1579 -	Spanish	Spanish	2	20
2006	Decrypted	Cipher	Paris ,Bibliotheque nationale de France (BnF), Espagnol 132, f.198-199	Paris	BnF_es132_f198	1579 -	Spanish	Spanish	3	20
2005	Decrypted	Cipher	Paris ,Bibliotheque nationale de France (BnF), Espagnol 132, f.195-197	Paris	BnF_es132_f195	1579 -	Spanish	Spanish	1	20
2004	Decrypted	Cipher	Paris ,Bibliotheque nationale de France (BnF), Espagnol 132, f.185-190	Paris	BnF_es132_f185	1579 -	Spanish	Spanish	11	20
2003	Decrypted	Cipher	Paris ,Bibliotheque nationale de France (BnF), Espagnol 132, f.181-182	Paris	BnF_es132_f181	1579 -	Spanish	Spanish	3	20
1996	Decrypted	Cipher	Paris ,Bibliotheque nationale de France (BnF), Espagnol 132, f.179-180	Paris	BnF_es132_f179	1579 -	Spanish	Spanish	2	20
1995	Decrypted	Cipher	Paris ,Bibliotheque nationale de France (BnF), Espagnol 132, f.171-173, f.174-176	Paris	BnF_es132_f171&amp;f174	1579 -	Spanish	Spanish	4	20
1994	Decrypted	Cipher	Paris ,Bibliotheque nationale de France (BnF), Espagnol 132, f.165-166, f.167-168	Paris	BnF_es132_f165&amp;f167	1579 -	Spanish	Spanish	2	20
1993	Decrypted	Cipher	Paris ,Bibliotheque nationale de France (BnF), Espagnol 132, f.161-162	Paris	BnF_es132_f161	1578 -	Spanish	Spanish	1	20
1992	Decrypted	Cipher	Paris ,Bibliotheque nationale de France (BnF), Espagnol 132, f.157-160	Paris	BnF_es132_f157	1578 -	Spanish	Spanish	3	20
1991	Decrypted	Cipher	Paris ,Bibliotheque nationale de France (BnF), Espagnol 132, f.154-156	Paris	BnF_es132_f154	1578 -	Spanis	Spanish	4	20
1990	Decrypted	Cipher	Paris ,Bibliotheque nationale de France (BnF), Espagnol 132, f.150-151	Paris	BnF_es132_f150	1578 -	Spanish	Spanish	3	20
1989	Decrypted	Cipher	Paris ,Bibliotheque nationale de France (BnF), Espagnol 132, f.146-147	Paris	BnF_es132_f146	1578 -			2	20
1988	Decrypted	Cipher	Paris ,Bibliotheque nationale de France (BnF), Espagnol 132, f.142-143, f.144-145	Paris	BnF_es132_f142&amp;f144	1578 -	Spanish	Spanish	2	20
1987	Decrypted	Cipher	Paris ,Bibliotheque nationale de France (BnF), Espagnol 132, f.138-139, f.140-141	Paris	BnF_es132_f138&amp;f140	1578 -	Spanish	Spanish	2	20
1986	Decrypted	Cipher	Paris ,Bibliotheque nationale de France (BnF), Espagnol 132, f.134-135	Paris	BnF_es132_f134	1578 -	Spanish	Spanish	2	20
1985	Decrypted	Cipher	Paris ,Bibliotheque nationale de France (BnF), Espagnol 132, f.129-131, f.132-133	Paris	BnF_es132_f129&amp;f132	1578 -	Spanish	Spanish	4	20
1984	Decrypted	Cipher	Paris ,Bibliotheque nationale de France (BnF), Espagnol 132, f.123-124	Paris	BnF_es132_f123	1578 -	Spanis	Spanish	1	20
1983	Decrypted	Cipher	Paris ,Bibliotheque nationale de France (BnF), Espagnol 132, f.115-116	Paris	BnF_es132_f119	1578 -	Spanish	Spanish	3	20
1982	Decrypted	Cipher	Paris ,Bibliotheque nationale de France (BnF), Espagnol 132, f.105-106	Paris	BnF_es132_f105	1578 -	Spanish	Spanish	2	20
1981	Decrypted	Cipher	Paris ,Bibliotheque nationale de France (BnF), Espagnol 132, f.103-104	Paris	BnF_es132_f103	1578 -	Spanish	Spanish	2	20
1980	Decrypted	Cipher	Paris ,Bibliotheque nationale de France (BnF), Espagnol 132, f.89-92, f.93-96	Paris	BnF_es132_f89&amp;f93	1578 -	Spanish	Spanish	5	20
1979	Decrypted	Cipher	Paris ,Bibliotheque nationale de France (BnF), Espagnol 132, f.87-88	Paris	BnF_es132_f87	1578 -	Spanis	Spanish	2	20
1978	Decrypted	Cipher	Paris ,Bibliotheque nationale de France (BnF), Espagnol 132, f.85-86	Paris	BnF_es132_f85	1578 -	Spanish	Spanish	3	20
1977	Decrypted	Cipher	Paris ,Bibliotheque nationale de France (BnF), Espagnol 132, f.3-4	Paris	BnF_es132_f81&amp;f83	1578 -	Spanish	Spanish	3	20
1976	Decrypted	Cipher	Paris ,Bibliotheque nationale de France (BnF), Espagnol 132, f.79-80	Paris	BnF_es132_f79	1578 -	Spanish	Spanish	3	20
1975	Decrypted	Cipher	Spain ,Bibliotheque nationale de France (BnF), Espagnol 132, f.73-74, f.75-76	Spain	BnF_es132_f73	1578 -	Spanish	Spanish	3	20
1974	Decrypted	Cipher	Paris ,Bibliotheque nationale de France (BnF), Espagnol 132, f.71-72	Paris	BnF_es132_f71	1578 -	Spanish	Spanish	2	20
1973	Decrypted	Cipher	Paris ,Bibliotheque nationale de France (BnF), Espagnol 132, f.62-65	Paris	BnF_es132_f62	1578 -	Spanish	Spanish	6	20
1972	Decrypted	Cipher	Paris ,Bibliotheque nationale de France (BnF), Espagnol 132, f.60-61	Paris	BnF_es132_f60	1578 -	Spanish	Spanish	2	20
1971	Decrypted	Cipher	Paris ,Bibliotheque nationale de France (BnF), Espagnol 132, f.58-59	Paris	BnF_es132_f58	1578 -	Spanish	Spanish	1	20
1970	Decrypted	Cipher	Paris ,Bibliotheque nationale de France (BnF), Espagnol 132, f.50-53, f.54-57	Paris	BnF_es132_f50	1578 -	Spanish	Spanish	5	20
1969	Decrypted	Cipher	Paris ,Bibliotheque nationale de France (BnF), Espagnol 132, f.3-4	Paris	BnF_es132_f46	1578 -	Spanish	Spanish	1	20
1968	Decrypted	Cipher	Paris ,Bibliotheque nationale de France (BnF), Espagnol 132, f.44-45	Paris	BnF_es132_f44	1578 -	Spanish	Spanish	2	20
1967	Decrypted	Cipher	Paris ,Bibliotheque nationale de France (BnF), Espagnol 132, f.3-4	Paris	BnF_es132_f41	1578 -	Spanish	Spanish	4	20
1966	Decrypted	Cipher	Paris ,Bibliotheque nationale de France (BnF), Espagnol 132, f.37-38	Paris	BnF_es132_f37	1578 -	Spanish	Spanish	3	20
1965	Decrypted	Cipher	Paris ,Bibliotheque nationale de France (BnF), Espagnol 132, f.34-35	Paris	BnF_es132_f34	1578 -	Spanish	Spanish	2	20
1964	Decrypted	Cipher	Paris ,Bibliotheque nationale de France (BnF), Espagnol 132, f.32-33	Paris	BnF_es132_f32	1578 -	Spanish	Spanish	2	20
1963	Decrypted	Cipher	Paris ,Bibliotheque nationale de France (BnF), Espagnol 132, f.26	Paris	BnF_es132_f26	1578 - 1578	Spanish	Spanish	1	20
1962	Decrypted	Cipher	Paris ,Bibliotheque nationale de France (BnF), Espagnol 132, f.17-25	Paris	BNF_es132_f17&amp;f22	1578 -	Spanish	Spanish	8	20
1961	Decrypted	Cipher	Paris ,Bibliotheque nationale de France (BnF), Espagnol 132, f.11-12	Paris	BNF_es132_f11	1578 -	Spanish	Spanish	4	20
1960	Decrypted	Cipher	Paris ,Bibliotheque nationale de France (BnF), Espagnol 132, f.3-4	Paris	BNF_es132_f03	1577 -	Spanish	Spanish	4	20
1952	Decrypted	Cipher	The Hague ,Nationaal Archief, 1.01.02 (Staten-Generaal), inventaris nummer 7009	The Hague	NA_1.01.02._SG_inr.7009_G.F_Kroll__to_Greffier_1785-01-26	1785 -	Dutch	Dutch	5	20
1951	Decrypted	Cipher	The Hague ,Nationaal Archief, 1.01.02 (Staten-Generaal), inventaris nummer 7009	The Hague	NA_1.01.02._SG_inr.7009_G.F_Kroll__to_Greffier_1785-01-10	1785 -	Dutch	Dutch	4	20
1950	Decrypted	Cipher	The Hague ,Nationaal Archief, 1.01.02 (Staten-Generaal), inventaris nummer 7009	The Hague	NA_1.01.02._SG_inr.7009_G.F_Kroll__to_Greffier_1784-12-24	1784 -	Dutch	Dutch	6	20
1949	Decrypted	Cipher	The Hague ,Nationaal Archief, 1.01.02 (Staten-Generaal), inventaris nummer 7009	The Hague	NA_1.01.02._SG_inr.7009_G.F_Kroll__to_Greffier_1784-11-25	1784 -	Dutch	Dutch	2	20
1948	Decrypted	Cipher	The Hague ,Nationaal Archief, 1.01.02 (Staten-Generaal), inventaris nummer 7009	The Hague	NA_1.01.02._SG_inr.7009_G.F_Kroll__to_Greffier_1784-10-25	1784 -	Dutch	Dutch	4	20
1947	Decrypted	Cipher	The Hague ,Nationaal Archief, 1.01.02 (Staten-Generaal), inventaris nummer 7009	The Hague	NA_1.01.02._SG_inr.7009_F.G._van_Dedem__to_Secret_Committee_1789-11-08	1789 -	Dutch	Dutch and French	6	20
1946	Decrypted	Cipher	The Hague ,Nationaal Archief, 02.01.08., Ministerie van Buitenlandse Zaken, 1796-1810, inv. nr. 257	The Hague	NA_2.01.08_BuZa1796-1810_inr257_ Bourdeaux_to_Agent_van_Staat_1801-02-07	1801 -	Dutch	Dutch	4	20
1945	Decrypted	Cipher	The Hague ,Nationaal Archief, 02.01.08., Ministerie van Buitenlandse Zaken, 1796-1810, inv. nr. 257	The Hague	NA_2.01.08_BuZa1796-1810_inr257_ Bourdeaux_to_Agent_van_Staat_1801-02-03	1801 -	Dutch	Dutch	4	21
1943	Decrypted	Cipher	The Hague ,Nationaal Archief, 02.01.08. Ministerie van Buitenlandse Zaken, 1796-1810, inv. nr. 325	The Hague	NA_2.01.08_BuZa1796-1810_inr325_ J.Valckenaer_to_M.vanderGoes_1799-09-30	1799 -	Dutch	Dutch and French	5	21
1927	Decrypted	Cipher	Venice ,Archivio di Stato di Venezia	Venice	Doge Michele Steno	1411 - 1411			1	21
1926	Decrypted	Cipher	The Hague ,Nationaal Archief, 02.01.08., Ministerie van Buitenlandse Zaken, 1796-1810, inv. nr. 344	The Hague	NA_2.01.08_BuZa1796-1810_invnr_344_ R.J.Schimmelpenninck_to_Agent_van_Staat_1803-02-28	1803 -	Dutch	Dutch	3	21
1925	Decrypted	Cipher	The Hague ,Nationaal Archief, 02.01.08. Ministerie van Buitenlandse Zaken, 1796-1810, inv. nr. 212	The Hague	NA_2.01.08_BuZa_1796-1810_invnr_212_ R.J.Schimmelpenninck_to_Agent_van_Staat_1799-11-22	1799 -	Dutch	Dutch	3	21
1918	Decrypted	Cipher	Vienna ,Österreichisches Staatsarchiv, Haus-, Hof- und Staatsarchiv, Österreichische Geheime Staatsregistratur (Rep. N) 61 Fasc. 46. Pars. 4. f 154-156.	Vienna	ÖStA_HHStA_ÖstGehSt_61_fasc_46_P4_154-156	1672 -	...	...	4	21
1917	Decrypted	Cipher	Vienna ,Österreichisches Staatsarchiv, Haus-, Hof- und Staatsarchiv, Österreichische Geheime Staatsregistratur (Rep. N) 61 Fasc. 46. Pars. 4. f 133-134.	Vienna	ÖStA_HHStA_ÖstGehSt_61_fasc_46_P4_133-134	1672 -	...	...	3	21
1916	Decrypted	Cipher	Vienna ,Österreichisches Staatsarchiv, Haus-, Hof- und Staatsarchiv, Österreichische Geheime Staatsregistratur (Rep. N) 61 Fasc. 46. Pars. 4. f 118-122.	Vienna	ÖStA_HHStA_ÖstGehSt_61_fasc_46_P4_118-122	1672 -	...	...	7	21
1915	Decrypted	Cipher	Vienna ,Österreichisches Staatsarchiv, Haus-, Hof- und Staatsarchiv, Österreichische Geheime Staatsregistratur (Rep. N) 61 Fasc. 46. Pars. 4. f 87-90.	Vienna	ÖStA_HHStA_ÖstGehSt_61_fasc_46_P4_87-90	1672 -	...	...	6	21
1914	Decrypted	Cipher	Vienna ,Österreichisches Staatsarchiv, Haus-, Hof- und Staatsarchiv, Österreichische Geheime Staatsregistratur (Rep. N) 61 Fasc. 46. Pars. 4. f 35-38.	Vienna	ÖStA_HHStA_ÖstGehSt_61_fasc_46_P4_35-38	1672 -	...	...	5	21
1913	Decrypted	Cipher	Vienna ,Österreichisches Staatsarchiv, Haus-, Hof- und Staatsarchiv, Österreichische Geheime Staatsregistratur (Rep. N) 61 Fasc. 46. Pars. 4. f 28-33.	Vienna	ÖStA_HHStA_ÖstGehSt_61_fasc_46_P4_28-33	1671 -	...	...	2	21
1899	Decrypted	Cipher	Vienna ,Österreichisches Staatsarchiv, Haus-, Hof- und Staatsarchiv, Hausarchiv, Handarchiv, Kaiser Franz, Karton 21. f 10.	Vienna	ÖStA_HHStA_HausA_HandA_KFranz_K21_10	1765 - 1792		French?	1	21
1896	Decrypted	Cipher	The Hague ,Nationaal Archie, 02.01.08. Ministerie van Buitenlandse Zaken, 1796-1810, inv. nr. 212	The Hague	NA_2.01.08_BuZa1796-1810_invnr_212_ R.J.Schimmelpenninck_to_Agent_van_Staat_1799-12-06	1799 -	Dutch	Dutch	4	21
1879	Decrypted	Cipher	The Hague ,Nationaal Archief, i.05.01.01 (Oude WIC), inventaris nummer 65	The Hague	NA_1.05.01.01_WIC_inv.nr.65(ff139-40,146-7)_Antonio_Teles_da_Silva_to_ King_of_Portugal_1649-05-28	1649 -	Portuguese	portuguese	9	21
1878	Decrypted	Cipher	The Hague ,Nationaal Archief, i.05.01.01 (Oude WIC), inventaris nummer 65	The Hague	NA_1.05.01.01_WIC_inv.nr.65(ff141-5)_Antonio_Teles_da_Silva_to_ King_of_Portugal_1649-06-03	1649 -	Portuguese	Portuguese	11	21
1872	Decrypted	Cipher	Venice ,State Archives of Venice, IT ASVe 0045 010 (Serie) Busta 30 f 9.	Venice	SAV_IT_ASVe_B30_9	1555 -	Italian		4	21
1870	Decrypted	Cipher	Venice ,State Archives of Venice, IT ASVe 0045 010 (Serie) Busta 30 f 177-181.	Venice	SAV_IT_ASVe_B30_177-181	1595 -	Italian	Italian	5	21
1869	Decrypted	Cipher	Venice ,State Archives of Venice, IT ASVe 0045 010 (Serie) Busta 30 f 56-57.	Venice	SAV_IT_ASVe_B30_56-57	1583 -	Italian	Italian	1	21
1868	Decrypted	Cipher	Venice ,State Archives of Venice, IT ASVe 0045 010 (Serie) Busta 29 f 199-200.	Venice	SAV_IT_ASVe_B29_199-200	1578 -	Italian	Italian	1	21
1867	Decrypted	Cipher	Venice ,State Archives of Venice, IT ASVe 0045 010 (Serie) Busta 29 f 97-98.	Venice	SAV_IT_ASVe_B29_97-98	1558 -	Italian	Italian	1	21
1866	Decrypted	Cipher	Venice ,State Archives of Venice, IT ASVe 0045 010 (Serie) Busta 29 f 35-36.	Venice	SAV_IT_ASVe_B29_35-36	1523 -	Italian	Italian	1	21
1865	Decrypted	Cipher	Venice ,State Archives of Venice, IT ASVe 0045 010 (Serie) Busta 29 f 22-23.	Venice	SAV_IT_ASVe_B29_22-23	1519 -	Italian	Italian	1	21
1863	Decrypted	Cipher	Venice ,State Archives of Venice, IT ASVe 0045 010 (Serie) Busta 28 f 83-85.	Venice	SAV_IT_ASVe_B28_83-85	1580 -	Italian	Italian	3	21
1861	Decrypted	Cipher	The Hague ,Nationaal Archief, collection 1.05.01 (Old WIC), inv.nr 44	The Hague	NA_1.05.01.01_WIC_inv.nr.62_item44_memo_ by _abraham_de_pina_ for_ the_Secret_Council_1646	1646 - 1646	Portuguese	portuguese	6	21
1858	Decrypted	Cipher	Siena ,?	Siena	Siena keys and ciphers	-			8	21
1851	Decrypted	Cipher	Venice ,State Archives of Venice, IT ASVe 0045 010 (Serie) Busta 14 f 83-84.	Venice	SAV_IT_ASVe_B14_83-84	1555 -	Italian	Italian	1	21
1850	Decrypted	Cipher	Venice ,State Archives of Venice, IT ASVe 0045 010 (Serie) Busta 14 f 75-76.	Venice	SAV_IT_ASVe_B14_75-76	1546 -	Italian	Italian	1	21
1849	Decrypted	Cipher	Venice ,State Archives of Venice, IT ASVe 0045 010 (Serie) Busta 14 f 62-63.	Venice	SAV_IT_ASVe_B14_62-63	1545 -	Italian	Italian	1	21
1848	Decrypted	Cipher	Venice ,State Archives of Venice, IT ASVe 0045 010 (Serie) Busta 13 f 142-143.	Venice	SAV_IT_ASVe_B13_142-143	1578 -	Italian	Italian	1	21
1847	Decrypted	Cipher	Venice ,State Archives of Venice, IT ASVe 0045 010 (Serie) Busta 13 f 66.	Venice	SAV_IT_ASVe_B13_66	1556 -	Italian	Italian	1	21
1846	Decrypted	Cipher	Venice ,State Archives of Venice, IT ASVe 0045 010 (Serie) Busta 13 f 48-49.	Venice	SAV_IT_ASVe_B13_48-49	1554 -	Italian	Italian	1	21
1845	Decrypted	Cipher	Venice ,State Archives of Venice, IT ASVe 0045 010 (Serie) Busta 13 f 36-37.	Venice	SAV_IT_ASVe_B13_36-37	1557 -	Italian	Italian	1	21
1844	Decrypted	Cipher	Venice ,State Archives of Venice, IT ASVe 0045 010 (Serie) Busta 11 f 114-115.	Venice	SAV_IT_ASVe_B11_114-115	1578 -	Italian		3	21
1843	Decrypted	Cipher	Venice ,State Archives of Venice, IT ASVe 0045 010 (Serie) Busta 6 f 105-106.	Venice	SAV_IT_ASVe_B6_105-106	1590 -	Italian	Italian	1	21
1842	Decrypted	Cipher	Venice ,State Archives of Venice, IT ASVe 0045 010 (Serie) Busta 6 f 18-19.	Venice	SAV_IT_ASVe_B6_18-19	1582 -	Italian	Italian	1	21
1820	Decrypted	Cipher	Kew ,The National Archives, State Papers, inv.nr. 53 box 18.	Kew	TNA_SP53/18(55)	1586 -		English	1	21
1787	Decrypted	Cipher	Budapest ,Library and Information Centre of the Hungarian Academy of Sciences, K 114	Budapest	Rohonc_Codex	-			448	21
1564	Decrypted	Cipher	The Hague ,Nationaal Archief, collection 1.04.02 (VOC), inv.nr 1292	The Hague	NA_1.04.02_VOC_inv.nr.1292_anonymous_to_HeerenXVII_without date	1674 - 1674	Dutch	Dutch	46	21
1472	Decrypted	Cipher	Vienna ,Österreichisches Staatsarchiv, Haus-, Hof- und Staatsarchiv, Staatskanzlei Interiora, Chiffrenschlüssel, Kt. 14. Fasc. 20. f 205-208.	Vienna	ÖStA_HHStA_Stk_Int_Chiffrenschlüssel_fasc_20_kt14_205-208	1574 -		German, Latin	6	21
1471	Decrypted	Cipher	Vienna ,Österreichisches Staatsarchiv, Haus-, Hof- und Staatsarchiv, Staatskanzlei Interiora, Chiffrenschlüssel, Kt. 14. Fasc. 20. f 200-204.	Vienna	ÖStA_HHStA_Stk_Int_Chiffrenschlüssel_fasc_20_kt14_200-204	1575 -		German	8	21
1412	Decrypted	Cipher	Vienna ,Österreichisches Staatsarchiv, Haus-, Hof- und Staatsarchiv, Staatskanzlei Interiora, Chiffrenschlüssel, Kt. 14. Fasc. 20. f 194-198.	Vienna	ÖStA_HHStA_Stk_Int_Chiffrenschlüssel_fasc_20_kt14_194-198	1575 -		German	9	21
1407	Decrypted	Cipher	Vienna ,Österreichisches Staatsarchiv, Haus-, Hof- und Staatsarchiv, Staatskanzlei Interiora, Chiffrenschlüssel, Kt. 14. Fasc. 20. f 174.	Vienna	ÖStA_HHStA_Stk_Int_Chiffrenschlüssel_fasc_20_kt14_174	1575 -			2	21
1401	Decrypted	Cipher	Vienna ,Österreichisches Staatsarchiv, Haus-, Hof- und Staatsarchiv, Staatskanzlei Interiora, Chiffrenschlüssel, Kt. 14. Fasc. 20. f 157.	Vienna	ÖStA_HHStA_Stk_Int_Chiffrenschlüssel_fasc_20_kt14_157	1600 - 1799			2	21
1213	Decrypted	Cipher	Vienna ,Österreichisches Staatsarchiv, Haus-, Hof- und Staatsarchiv, Staatskanzlei Interiora, Chiffrenschlüssel, Kt. 13. Fasc. 20. f 40.	Vienna	ÖStA_HHStA_Stk_Int_Chiffrenschlüssel_fasc_20_40	1540 - 1774			1	21
1191	Decrypted	Cipher	Madrid ,National Library of Spain, MSS/20213/12	Madrid	NLS_MSS_20213_12	1524 - 1524	Spanish?	Spanish?	2	21
1190	Decrypted	Cipher	Madrid ,National Library of Spain, MSS/10249	Madrid	NLS_MSS_10249	1626 -	Spanish?	Spanish?	5	21
1189	Decrypted	Cipher	Madrid ,National Library of Spain, MSS/20212/29/1	Madrid	NLS_MSS_20212_29_1	1548 -	Spanish	Spanish	2	21
1188	Decrypted	Cipher	Madrid ,National Library of Spain, MSS/20212/14/1	Madrid	NLS_MSS_20212_14_1	1548 -	Spanish	Spanish	2	21
1186	Decrypted	Cipher	Madrid ,National Library of Spain, MSS/20212/23	Madrid	NLS_MSS_20212_23	1526 -	Spanish	Spanish	5	21
1185	Decrypted	Cipher	Madrid ,National Library of Spain, MSS/7913/127	Madrid	NLS_MSS_7913_127	1548 -	Spanish	Spanish	1	21
1184	Decrypted	Cipher	Madrid ,National Library of Spain, MSS/20211/116	Madrid	NLS_MSS_20211_116	1478 -	Spanish	Spanish	2	22
1183	Decrypted	Cipher	Madrid ,National Library of Spain, MSS/20211/64	Madrid	NLS_MSS_20211_64	1473 -	Spanish	Spanish	1	22
1181	Decrypted	Cipher	Madrid ,National Library of Spain, MSS/20211/128	Madrid	NLS_MSS_20211_128	1479 -	Spanish	Spanish	2	22
1180	Decrypted	Cipher	Madrid ,National Library of Spain, MSS/20211/126	Madrid	NLS_MSS_20211_126	1478 -	Spanish	Spanish	2	22
1179	Decrypted	Cipher	Madrid ,National Library of Spain, MSS/20211/115	Madrid	NLS_MSS_20211_115	1478 -	Spanish	Spanish	1	22
1178	Decrypted	Cipher	Madrid ,National Library of Spain, MSS/20211/105	Madrid	NLS_MSS_20211_105	1477 -	Spanish	Spanish	2	22
1177	Decrypted	Cipher	Madrid ,National Library of Spain, MSS/20211/73	Madrid	NLS_MSS_20211_73	1474 -	Spanish	Spanish	1	22
1176	Decrypted	Cipher	Madrid ,National Library of Spain, MSS/20211/98	Madrid	NLS_MSS_20211_98	1476 -	Spanish	Spanish	1	22
1175	Decrypted	Cipher	Madrid ,National Library of Spain, MSS/20211/94	Madrid	NLS_MSS_20211_94	1476 -	Spanish	Spanish	2	22
1174	Decrypted	Cipher	Madrid ,National Library of Spain, MSS/20211/56	Madrid	NLS_MSS_20211_56	1470 -	Spanish	Spanish	2	22
1173	Decrypted	Cipher	Madrid ,National Library of Spain, MSS/20214/58	Madrid	NLS_MSS_20214_58	1555 -	Spanish	Spanish	4	22
1171	Decrypted	Cipher	Madrid ,National Library of Spain, MSS/20211/114	Madrid	NLS_MSS_20211_114	1478 -	Spanish	Spanish	1	22
1170	Decrypted	Cipher	Madrid ,National Library of Spain, MSS/20211/109	Madrid	NLS_MSS_20211_109	1477 - 1477	Spanish	Spanish	2	22
1161	Decrypted	Cipher	Milano ,State Archives of Milano, Sf. 650/2, 19, 8, Milan correspondence	Milano	SAMi_Sf_650_2_19_8	1489 -	Italian	Italian?	4	22
1160	Decrypted	Cipher	Milano ,State Archives of Milano, Sf. 650/2, 19, 6, Milan correspondence	Milano	SAMi_Sf_650_2_19_6	1489 -	Italian	Italian?	7	22
1157	Decrypted	Cipher	Milano ,State Archives of Milano, Sf. Ung. b. 645/7, 7, Milan correspondence	Milano	SAMi_Sf_Ung_b_645_7_7	1490 - 1490			1	22
1153	Decrypted	Cipher	Milano ,State Archives of Milano, Sf. Ung. b. 645/2, 4, 6, Milan correspondence	Milano	SAMi_Sf_Ung_b_645_2_4_6	1492 -	Italian	Italian?	3	22
1151	Decrypted	Cipher	Milano ,State Archives of Milano, Sf. Ung. b. 645/2, 3, 3, Milan correspondence	Milano	SAMi_Sf_Ung_b_645_2_3_3	1492 -		Italian?	3	22
1150	Decrypted	Cipher	Milano ,State Archives of Milano, Sf. Ung. b. 645/2, 3, 2, Milan correspondence	Milano	SAMi_Sf_Ung_b_645_2_3_2	1492 -		Italian?	1	22
1149	Decrypted	Cipher	Milano ,State Archives of Milano, Sf. Ung. b. 645/2, 3, 1, Milan correspondence	Milano	SAMi_Sf_Ung_b_645_2_3_1	1491 -		Italian?	3	22
1145	Decrypted	Cipher	Milano ,State Archives of Milano, Sf. 645/1, 1, 3, 4, Milan correspondence	Milano	SAMi_Sf_645_1_1_3_4	1491 - 1491		Italian?	2	22
1144	Decrypted	Cipher	Milano ,State Archives of Milano, Sf. 645/1, 1, 3, 2, Milan correspondence	Milano	SAMi_Sf_645_1_1_3_2	1491 -		Italian?	7	22
1133	Decrypted	Cipher	Modena ,State Archives of Modena, Ambasciatori b. 4/23, 7a, Envoy reports, Ferrara	Modena	SAMo_Amb_b_4_23_7a	1519 - 1519	Italian	Italian?	1	22
1132	Decrypted	Cipher	Modena ,State Archives of Modena, Ambasciatori b. 4/23, 6a, Envoy reports, Ferrara	Modena	SAMo_Amb_b_4_23_6a	1519 - 1519	Italian	Italian?	8	22
1130	Decrypted	Cipher	Modena ,State Archives of Modena, Ambasciatori b. 4/23, 4a, Envoy reports, Ferrara	Modena	SAMo_Amb_b_4_23_4a	1519 -	Italian	Italian?	2	22
1129	Decrypted	Cipher	Modena ,State Archives of Modena, Ambasciatori b. 4/23, 3a, Envoy reports, Ferrara	Modena	SAMo_Amb_b_4_23_3a	1519 -		Italian?	2	22
1122	Decrypted	Cipher	Modena ,State Archives of Modena, Ambasciatori b. 3/29, 5, Envoy reports, Ferrara	Modena	SAMo_Amb_b_3_29_5	1501 - 1501	Italian	Italian?	2	22
1120	Decrypted	Cipher	Modena ,State Archives of Modena, Ambasciatori b. 1/13, 20, Envoy reports, Ferrara	Modena	SAMo_Amb_b_1_13_20	1486 -	Italian	Italian?	1	22
1117	Decrypted	Cipher	Modena ,State Archives of Modena, Ambasciatori b. 1/10, 26, Envoy reports, Ferrara	Modena	SAMo_Amb_b_1_10_26	1483 -	Italian	Italian?	1	22
1111	Decrypted	Cipher	Modena ,State Archives of Modena, Ambasciatori b. 1/10, 19a, Envoy reports, Ferrara	Modena	SAMo_Amb_b_1_10_19a	1483 -	Italian	Italian?	1	22
1110	Decrypted	Cipher	Modena ,State Archives of Modena, Ambasciatori b. 1/10, 15, Envoy reports, Ferrara	Modena	SAMo_Amb_b_1_10_15	1483 -	Italian	Italian?	1	22
1105	Decrypted	Cipher	Modena ,State Archives of Modena, Ambasciatori b. 1/9, 16, Envoy reports, Ferrara	Modena	SAMo_Amb_b_1_9_16	1482 -	Italian	Italian?	1	22
1104	Decrypted	Cipher	Modena ,State Archives of Modena, Ambasciatori b. 1/9, 13, Envoy reports, Ferrara	Modena	SAMo_Amb_b_1_9_13	1482 -	Italian	Italian?	3	22
1100	Decrypted	Cipher	Modena ,State Archives of Modena, Ambasciatori b. 1/6, 7, Envoy reports, Ferrara	Modena	SAMo_Amb_b_1_6_7	1486 -	Italian	Italian?	3	22
1094	Decrypted	Cipher	Milano ,State Archives of Milano, Sf. 642/2, 1, Milan correspondence	Milano	SAMi_Sf_642_2_1	1490 -	Italian	Italian?	1	22
1093	Decrypted	Cipher	Milano ,State Archives of Milano, Sf. 642/3, 4, Milan correspondence	Milano	SAMi_Sf_642_3_4	1490 -	Italian	Italian?	2	22
1092	Decrypted	Cipher	Milano ,State Archives of Milano, Sf. 642/4, 13, Milan correspondence	Milano	SAMi_Sf_642_4_13	1490 -	Italian	Italian?	1	22
1091	Decrypted	Cipher	Milano ,State Archives of Milano, Sf. 642/4, 6, Milan correspondence	Milano	SAMi_Sf_642_4_6	1490 -	Italian	Italian?	1	22
1090	Decrypted	Cipher	Milano ,State Archives of Milano, Sf. 642/4, 3, Milan correspondence	Milano	SAMi_Sf_642_4_3	1490 -	Italian	Italian?	1	22
1089	Decrypted	Cipher	Milano ,State Archives of Milano, Sf. 642/4, 1, Milan correspondence	Milano	SAMi_Sf_642_4_1	1490 -	Italian	Italian?	1	22
1088	Decrypted	Cipher	Milano ,State Archives of Milano, Sf. 642/5, 16, Milan correspondence	Milano	SAMi_Sf_642_5_16	1490 -	Italian	Italian?	1	22
1087	Decrypted	Cipher	Milano ,State Archives of Milano, Sf. 642/5, 13, Milan correspondence	Milano	SAMi_Sf_642_5_13	1490 -	Italian	Italian?	2	22
1086	Decrypted	Cipher	Milano ,State Archives of Milano, Sf. 642/5, 12, Milan correspondence	Milano	SAMi_Sf_642_5_12	1490 -	Italian	Italian?	1	22
1085	Decrypted	Cipher	Milano ,State Archives of Milano, Sf. 642/5, 11, Milan correspondence	Milano	SAMi_Sf_642_5_11	1490 -	Italian	Italian?	1	22
1083	Decrypted	Cipher	Milano ,State Archives of Milano, Sf. 642/6, 9, Milan correspondence	Milano	SAMi_Sf_642_6_9	1490 -	Italian	Italian?	1	22
1082	Decrypted	Cipher	Milano ,State Archives of Milano, Sf. 642/6, 6, Milan correspondence	Milano	SAMi_Sf_642_6_6	1490 -	Italian	Italian?	1	22
1081	Decrypted	Cipher	Milano ,State Archives of Milano, Sf. 642/7, 8, Milan correspondence	Milano	SAMi_Sf_642_7_8	1490 -	Italian	Italian?	1	22
1080	Decrypted	Cipher	Milano ,State Archives of Milano, Sf. 642/7, 3, Milan correspondence	Milano	SAMi_Sf_642_7_3	1490 -	Italian	Italian?	2	22
1079	Decrypted	Cipher	Milano ,State Archives of Milano, Sf. 642/7, 4, Milan correspondence	Milano	SAMi_Sf_642_7_4	1490 -	Italian	Italian?	1	22
1078	Decrypted	Cipher	Milano ,State Archives of Milano, Sf. 642/9, 1, Milan correspondence	Milano	SAMi_Sf_642_9_4	1490 -	Italian	Italian?	2	22
1077	Decrypted	Cipher	Milano ,State Archives of Milano, Sf. 642/9, 1, Milan correspondence, 1490	Milano	SAMi_Sf_642_9_1	1490 -		Italian?	1	23
1075	Decrypted	Cipher	The Hague ,Koninklijk Huisarchief (KHA)	The Hague	KHA_A31_PWV_inr192_L.A._d&lsquot;Affry_to_A.L._Rouillé_1757-01-21	1757 -	French	French	4	23
1069	Decrypted	Cipher	The Hague ,Koninklijk Huisarchief (KHA), Prins Willem V, inv.nr. 192.	The Hague	KHA_A31_PWV_inr192_L.A._d&lsquot;Affry_to_A.L._Rouille_1757-04-26(no171)	1757 -	French	French	4	23
1066	Decrypted	Cipher	The Hague ,Koninklijk Huisarchief (KHA), Prins Willem V, inv.nr. 192.	The Hague	KHA_A31_PWV_inr192_L.A._d&lsquot;Affry_to_A.L._Rouille_1757-02-17	1757 -	French	French	4	23
1063	Decrypted	Cipher	The Hague ,Koninklijk Huisarchief (KHA), Prins Willem V, inv.nr. 192.	The Hague	KHA_A31_PWV_inr192_L.A._d&lsquot;Affry_to_Rouillé_1757-01-27	1757 -	French	French	4	23
1062	Decrypted	Cipher	The Hague ,Koninklijk Huisarchief (KHA), Prins Willem V, inv.nr. 192.	The Hague	KHA_A31_PWV_inr192_L.A._d&lsquot;Affry_to_Rouillé_1757-01-13	1757 -	French	French	5	23
1055	Decrypted	Cipher	The Hague ,Koninklijk Huisarchief (KHA), Prins Willem II, inv.nr. XIII-I.	The Hague	KHA_A16_PWIII_inr_XIII-1_J.A._de Mesmes_d&lsquot;Avaux_to_Louis_XIV_1684-01-09	1684 -	French	French	18	23
1053	Decrypted	Cipher	The Hague ,Koninklijk Huisarchief (KHA), Prins Willem V, inv.nr. 192.	The Hague	KHA_A31_PWV_inr192_L.A._d&lsquot;Affry_to_A.L._Rouillé_1757-02-11	1757 -	French	French	4	23
1052	Decrypted	Cipher	The Hague ,Koninklijk Huisarchief (KHA), Prins Willem V, inv.nr. 192.	The Hague	KHA_A31_PWV_inr192_L.A._d&lsquot;Affry_to_A.L._Rouille_1757-02-08	1757 -	French	French	2	23
1051	Decrypted	Cipher	The Hague ,Koninklijk Huisarchief (KHA), Prins Willem V, inv.nr. 198.	The Hague	KHA_A31_PWV_inr198_A.L._Michell_to_Frederick the Great_1751-11-12	1751 -	French	French	1	23
1050	Decrypted	Cipher	The Hague ,Koninklijk Huisarchief (KHA), Prins Willem V, inv.nr. 198.	The Hague	KHA_A31_PWV_inr198_A.L._Michell_to_Frederick the Great_1752-09-05	1752 -	French	French	2	23
1042	Decrypted	Cipher	The Hague ,Nationaal Archief, Staten-Generaal, inv.nr. 7409.	The Hague	NA_1.01.02_SG_inr7409_J.W._Hogguer_to_the_Greffier_1791-05-10	1791 -	Dutch	Dutch	4	23
1041	Decrypted	Cipher	The Hague ,Nationaal Archief, 1.01.02., Staten-Generaal, inv.nr. 7409.	The Hague	NA_1.01.02_SG_inr.7409_J.W._Hogguer_to_the_ Greffier_1792-05-08	1792 -	Dutch	Dutch	5	23
1037	Decrypted	Cipher	The Hague ,Nationaal Archief, Staten-Generaal, inv.nr. 7410.	The Hague	NA_1.01.02_SG_inr7410__J.W.Hogguer_to_ the Greffier_1793-12-13	1793 -	Dutch	Dutch	6	23
1033	Decrypted	Cipher	The Hague ,Nationaal Archief, legatie Rusland, inv.nr. 226.	The Hague	NA_1.02.13_Legatie_Rusland_nr226_messages_Willem_Six_van_Oterleek	1808 - 1810	Dutch	Dutch	16	23
1032	Decrypted	Cipher	The Hague ,Nationaal Archief, Staten-Generaal, inv.nr. 7407.	The Hague	NA_1.01.02_SG_inr7407_by_W.L._van_Wassenaer_1785-01-21	1785 -	Dutch	Dutch	6	23
1030	Decrypted	Cipher	The Hague ,Koninklijk Huisarchief (KHA), Prins Willem V, inv.nr. 205.	The Hague	KHA_A31_PWV_inr205_A.W._Van_Reede_to_Willem_V_1790_01-26	1790 -	French	French	11	23
1029	Decrypted	Cipher	The Hague ,Nationaal Archief, Laurens Pieter van de Spiegel, inv.nr. 190.	The Hague	NA_3.01.26_inr190_A.W._van_Reede_to_L.P._ vande_Spiegel_1787-12-25	1787 -	French	French	4	23
1028	Decrypted	Cipher	The Hague ,Nationaal Archief, Laurens Pieter van de Spiegel, inv.nr. 190.	The Hague	NA_3.01.26_inr190_A.W._van_Reede_to_L.P._vande_Spiegel_without_date	1787 - 1787	French	French	5	23
1025	Decrypted	Cipher	The Hague ,Koninklijk Huisarchief (KHA), Prins Willem V, inv.nr. 205.	The Hague	KHA_A31_PWV_inr205_A.W._Van_Reede_to_Willem_V_1793_03-09	1793 -	French	French	5	23
1000	Decrypted	Cipher	Brussels ,Algemeen Rijksarchief, Secretairerie d&amp;lsquot;Etat et de Guerre, inv.nr. 2559	Brussels	ARA_Brus_SEG_inr.2559_???_to_Fuenmayor_1676Jul31	1676 -	French	French	10	23
954	Decrypted	Cipher	Brussels ,Algemeen Rijksarchief, Secretairerie d&lsquot;Etat Allemande, inv. nr. 540	Brussels	ARA_Brus_SEA_inr.540_1635-11-16_Draft_by_ Cardinal-Infant_Ferdinand	1635 -	Latin	Latin	2	23
921	Decrypted	Cipher	Budapest ,National Archives of Hungary, G15 Caps. C. Fasc. 39. 342-345.	Budapest	NAH_G15_CAPS_C_FASC_39_342	1704 - 1708		French	4	23
920	Decrypted	Cipher	Budapest ,National Archives of Hungary, G15 Caps. C. Fasc. 39. 339-341.	Budapest	NAH_G15_CAPS_C_FASC_39_339	1704 - 1708		French	3	23
919	Decrypted	Cipher	Budapest ,National Archives of Hungary, G15 Caps. C. Fasc. 39. 334-338.	Budapest	NAH_G15_CAPS_C_FASC_39_334	1704 - 1708		French	5	23
918	Decrypted	Cipher	Budapest ,National Archives of Hungary, G15 Caps. C. Fasc. 39. 330-333.	Budapest	NAH_G15_CAPS_C_FASC_39_330	1704 - 1708		French	4	23
917	Decrypted	Cipher	Budapest ,National Archives of Hungary, G15 Caps. C. Fasc. 39. 328-329.	Budapest	NAH_G15_CAPS_C_FASC_39_328	1704 - 1708		French	2	23
916	Decrypted	Cipher	Budapest ,National Archives of Hungary, G15 Caps. C. Fasc. 39. 325-327.	Budapest	NAH_G15_CAPS_C_FASC_39_325	1707 - 1707		French	2	23
915	Decrypted	Cipher	Budapest ,National Archives of Hungary, G15 Caps. C. Fasc. 39. 322-324.	Budapest	NAH_G15_CAPS_C_FASC_39_322	1704 - 1708		French	2	23
914	Decrypted	Cipher	Budapest ,National Archives of Hungary, G15 Caps. C. Fasc. 39. 319-321.	Budapest	NAH_G15_CAPS_C_FASC_39_319	1704 - 1708		French	2	23
913	Decrypted	Cipher	Budapest ,National Archives of Hungary, G15 Caps. C. Fasc. 39. 315-318.	Budapest	NAH_G15_CAPS_C_FASC_39_315	1704 - 1708		French	3	23
911	Decrypted	Cipher	Budapest ,National Archives of Hungary, G15 Caps. C. Fasc. 39. 309-311.	Budapest	NAH_G15_CAPS_C_FASC_39_309	1704 - 1708		French	2	23
910	Decrypted	Cipher	Budapest ,National Archives of Hungary, G15 Caps. C. Fasc. 39. 304-305.	Budapest	NAH_G15_CAPS_C_FASC_39_304	1704 - 1708		French	2	23
909	Decrypted	Cipher	Budapest ,National Archives of Hungary, G15 Caps. C. Fasc. 39. 303-306.	Budapest	NAH_G15_CAPS_C_FASC_39_303	1704 - 1708		French	3	23
908	Decrypted	Cipher	Budapest ,National Archives of Hungary, G15 Caps. C. Fasc. 39. 298-301.	Budapest	NAH_G15_CAPS_C_FASC_39_298	1704 - 1708	French	French	4	23
907	Decrypted	Cipher	Budapest ,National Archives of Hungary, G15 Caps. C. Fasc. 39. 297.	Budapest	NAH_G15_CAPS_C_FASC_39_297	1708 -		French	1	23
906	Decrypted	Cipher	Budapest ,National Archives of Hungary, G15 Caps. C. Fasc. 39. 294-296.	Budapest	NAH_G15_CAPS_C_FASC_39_294	1704 - 1708		French	2	23
905	Decrypted	Cipher	Budapest ,National Archives of Hungary, G15 Caps. C. Fasc. 39. 292-293.	Budapest	NAH_G15_CAPS_C_FASC_39_292	1708 -		French	2	23
904	Decrypted	Cipher	Budapest ,National Archives of Hungary, G15 Caps. C. Fasc. 39. 284-291.	Budapest	NAH_G15_CAPS_C_FASC_39_284	1704 - 1708		French	8	23
903	Decrypted	Cipher	Budapest ,National Archives of Hungary, G15 Caps. C. Fasc. 39. 280-283.	Budapest	NAH_G15_CAPS_C_FASC_39_280	1704 - 1708		French	3	23
901	Decrypted	Cipher	Budapest ,National Archives of Hungary, G15 Caps. C. Fasc. 39. 267-270.	Budapest	NAH_G15_CAPS_C_FASC_39_267	1708 - 1708		French	3	23
900	Decrypted	Cipher	Budapest ,National Archives of Hungary, G15 Caps. C. Fasc. 39. 245-250.	Budapest	NAH_G15_CAPS_C_FASC_39_245	1704 - 1708	French	French	5	23
899	Decrypted	Cipher	Budapest ,National Archives of Hungary, G15 Caps. C. Fasc. 39. 241-244.	Budapest	NAH_G15_CAPS_C_FASC_39_241	1704 - 1708	French	French	4	23
898	Decrypted	Cipher	Budapest ,National Archives of Hungary, G15 Caps. C. Fasc. 39. 238-240.	Budapest	NAH_G15_CAPS_C_FASC_39_238	1705 -		French	2	23
897	Decrypted	Cipher	Budapest ,National Archives of Hungary, G15 Caps. C. Fasc. 39. 235-237.	Budapest	NAH_G15_CAPS_C_FASC_39_235	1705 -		French	2	23
896	Decrypted	Cipher	Budapest ,National Archives of Hungary, G15 Caps. C. Fasc. 39. 232-234.	Budapest	NAH_G15_CAPS_C_FASC_39_232	1705 -		French	2	23
895	Decrypted	Cipher	Budapest ,National Archives of Hungary, G15 Caps. C. Fasc. 39. 226-229.	Budapest	NAH_G15_CAPS_C_FASC_39_226	1704 - 1708	French	French	4	23
894	Decrypted	Cipher	Budapest ,National Archives of Hungary, G15 Caps. C. Fasc. 39. 224-225.	Budapest	NAH_G15_CAPS_C_FASC_39_224	1704 - 1708		French	1	23
893	Decrypted	Cipher	Budapest ,National Archives of Hungary, G15 Caps. C. Fasc. 39. 221-223.	Budapest	NAH_G15_CAPS_C_FASC_39_221	1704 - 1708		French	2	23
892	Decrypted	Cipher	Budapest ,National Archives of Hungary, G15 Caps. C. Fasc. 39. 219-220.	Budapest	NAH_G15_CAPS_C_FASC_39_219	1704 - 1708	French	French	2	23
891	Decrypted	Cipher	Budapest ,National Archives of Hungary, G15 Caps. C. Fasc. 39. 217-218.	Budapest	NAH_G15_CAPS_C_FASC_39_217	1707 -		French	1	24
890	Decrypted	Cipher	Budapest ,National Archives of Hungary, G15 Caps. C. Fasc. 39. 213-216.	Budapest	NAH_G15_CAPS_C_FASC_39_213	1707 - 1707		French	4	24
889	Decrypted	Cipher	Budapest ,National Archives of Hungary, G15 Caps. C. Fasc. 39. 212.	Budapest	NAH_G15_CAPS_C_FASC_39_212	1707 -		French	1	24
888	Decrypted	Cipher	Budapest ,National Archives of Hungary, G15 Caps. C. Fasc. 39. 208-211.	Budapest	NAH_G15_CAPS_C_FASC_39_208	1707 -		French	4	24
887	Decrypted	Cipher	Budapest ,National Archives of Hungary, G15 Caps. C. Fasc. 39. 204-207.	Budapest	NAH_G15_CAPS_C_FASC_39_204	1704 - 1708	French	French	4	24
886	Decrypted	Cipher	Budapest ,National Archives of Hungary, G15 Caps. C. Fasc. 39. 200-203.	Budapest	NAH_G15_CAPS_C_FASC_39_200	1704 - 1708	French	French	4	24
885	Decrypted	Cipher	Budapest ,National Archives of Hungary, G15 Caps. C. Fasc. 39. 196-199.	Budapest	NAH_G15_CAPS_C_FASC_39_196	1704 - 1708	French	French	3	24
884	Decrypted	Cipher	Budapest ,National Archives of Hungary, G15 Caps. C. Fasc. 39. 193-195.	Budapest	NAH_G15_CAPS_C_FASC_39_193	1704 - 1708	French	French	3	24
883	Decrypted	Cipher	Budapest ,National Archives of Hungary, G15 Caps. C. Fasc. 39. 191.	Budapest	NAH_G15_CAPS_C_FASC_39_191	1704 - 1708		French	1	24
882	Decrypted	Cipher	Budapest ,National Archives of Hungary, G15 Caps. C. Fasc. 39. 192.	Budapest	NAH_G15_CAPS_C_FASC_39_192	1704 - 1708		French	1	24
881	Decrypted	Cipher	Budapest ,National Archives of Hungary, G15 Caps. C. Fasc. 39. 188-190.	Budapest	NAH_G15_CAPS_C_FASC_39_188	1704 - 1708		French	3	24
880	Decrypted	Cipher	Budapest ,National Archives of Hungary, G15 Caps. C. Fasc. 39. 185-87.	Budapest	NAH_G15_CAPS_C_FASC_39_185	1707 -		French	3	24
879	Decrypted	Cipher	Budapest ,National Archives of Hungary, G15 Caps. C. Fasc. 39. 182-184.	Budapest	NAH_G15_CAPS_C_FASC_39_182	1707 -		French	3	24
878	Decrypted	Cipher	Budapest ,National Archives of Hungary, G15 Caps. C. Fasc. 39. 180-181.	Budapest	NAH_G15_CAPS_C_FASC_39_180	1707 -		French	2	24
877	Decrypted	Cipher	Budapest ,National Archives of Hungary, G15 Caps. C. Fasc. 39. 177-179.	Budapest	NAH_G15_CAPS_C_FASC_39_177	1707 - 1707	French	French	2	24
876	Decrypted	Cipher	Budapest ,National Archives of Hungary, G15 Caps. C. Fasc. 39. 175-176.	Budapest	NAH_G15_CAPS_C_FASC_39_175	1707 - 1707		French	1	24
875	Decrypted	Cipher	Budapest ,National Archives of Hungary, G15 Caps. C. Fasc. 39. 173-174.	Budapest	NAH_G15_CAPS_C_FASC_39_173	1707 -		French	2	24
874	Decrypted	Cipher	Budapest ,National Archives of Hungary, G15 Caps. C. Fasc. 39. 172.	Budapest	NAH_G15_CAPS_C_FASC_39_172	1707 -		French	1	24
873	Decrypted	Cipher	Budapest ,National Archives of Hungary, G15 Caps. C. Fasc. 39. 169-171.	Budapest	NAH_G15_CAPS_C_FASC_39_169	1707 -		French	3	24
872	Decrypted	Cipher	Budapest ,National Archives of Hungary, G15 Caps. C. Fasc. 39. 168.	Budapest	NAH_G15_CAPS_C_FASC_39_168	1707 -		French	1	24
871	Decrypted	Cipher	Budapest ,National Archives of Hungary, G15 Caps. C. Fasc. 39. 166-167.	Budapest	NAH_G15_CAPS_C_FASC_39_166	1704 - 1708		French	2	24
870	Decrypted	Cipher	Budapest ,National Archives of Hungary, G15 Caps. C. Fasc. 39. 164-165.	Budapest	NAH_G15_CAPS_C_FASC_39_164	1706 -		French	1	24
869	Decrypted	Cipher	Budapest ,National Archives of Hungary, G15 Caps. C. Fasc. 39. 162-163.	Budapest	NAH_G15_CAPS_C_FASC_39_162	1707 -		French	1	24
868	Decrypted	Cipher	Budapest ,National Archives of Hungary, G15 Caps. C. Fasc. 39. 161.	Budapest	NAH_G15_CAPS_C_FASC_39_161	1704 - 1708		French	1	24
867	Decrypted	Cipher	Budapest ,National Archives of Hungary, G15 Caps. C. Fasc. 39. 159-160.	Budapest	NAH_G15_CAPS_C_FASC_39_159	1704 - 1708	French	French	1	24
866	Decrypted	Cipher	Budapest ,National Archives of Hungary, G15 Caps. C. Fasc. 39. 156-158.	Budapest	NAH_G15_CAPS_C_FASC_39_156	1704 - 1708	French	French	2	24
865	Decrypted	Cipher	Budapest ,National Archives of Hungary, G15 Caps. C. Fasc. 39. 155.	Budapest	NAH_G15_CAPS_C_FASC_39_155	1704 - 1708		French	1	24
864	Decrypted	Cipher	Budapest ,National Archives of Hungary, G15 Caps. C. Fasc. 39. 152-154.	Budapest	NAH_G15_CAPS_C_FASC_39_152	1704 - 1708		French	2	24
863	Decrypted	Cipher	Budapest ,National Archives of Hungary, G15 Caps. C. Fasc. 39. 148-151.	Budapest	NAH_G15_CAPS_C_FASC_39_148	1704 - 1708		French	4	24
862	Decrypted	Cipher	Budapest ,National Archives of Hungary, G15 Caps. C. Fasc. 39. 145-147.	Budapest	NAH_G15_CAPS_C_FASC_39_145	1704 - 1708		French	3	24
861	Decrypted	Cipher	Budapest ,National Archives of Hungary, G15 Caps. C. Fasc. 39. 142-144.	Budapest	NAH_G15_CAPS_C_FASC_39_142	1704 - 1708	French	French	2	24
860	Decrypted	Cipher	Budapest ,National Archives of Hungary, G15 Caps. C. Fasc. 39. 141.	Budapest	NAH_G15_CAPS_C_FASC_39_141	1704 - 1708		French	1	24
859	Decrypted	Cipher	Budapest ,National Archives of Hungary, G15 Caps. C. Fasc. 39. 140.	Budapest	NAH_G15_CAPS_C_FASC_39_140	1704 - 1708		French	1	24
858	Decrypted	Cipher	Budapest ,National Archives of Hungary, G15 Caps. C. Fasc. 39. 133-139.	Budapest	NAH_G15_CAPS_C_FASC_39_133	1704 - 1708		French	7	24
857	Decrypted	Cipher	Budapest ,National Archives of Hungary, G15 Caps. C. Fasc. 39. 130-132.	Budapest	NAH_G15_CAPS_C_FASC_39_130	1704 - 1708	French	French	2	24
856	Decrypted	Cipher	Budapest ,National Archives of Hungary, G15 Caps. C. Fasc. 39. 128-129.	Budapest	NAH_G15_CAPS_C_FASC_39_128	1706 -	French	French	1	24
855	Decrypted	Cipher	Budapest ,National Archives of Hungary, G15 Caps. C. Fasc. 39. 124-127.	Budapest	NAH_G15_CAPS_C_FASC_39_124	1704 - 1708	French	French	3	24
854	Decrypted	Cipher	Budapest ,National Archives of Hungary, G15 Caps. C. Fasc. 39. 120-123.	Budapest	NAH_G15_CAPS_C_FASC_39_120	1704 - 1708		French	4	24
853	Decrypted	Cipher	Budapest ,National Archives of Hungary, G15 Caps. C. Fasc. 39. 118-119.	Budapest	NAH_G15_CAPS_C_FASC_39_118	1704 - 1708	French	French	2	24
851	Decrypted	Cipher	Budapest ,National Archives of Hungary, G15 Caps. C. Fasc. 39. 113-114.	Budapest	NAH_G15_CAPS_C_FASC_39_113	1706 -		French	2	24
850	Decrypted	Cipher	Budapest ,National Archives of Hungary, G15 Caps. C. Fasc. 39. 109-112.	Budapest	NAH_G15_CAPS_C_FASC_39_109	1706 -	French	French	4	24
849	Decrypted	Cipher	Budapest ,National Archives of Hungary, G15 Caps. C. Fasc. 39. 107-108.	Budapest	NAH_G15_CAPS_C_FASC_39_107	1706 -	French	French	2	24
848	Decrypted	Cipher	Budapest ,National Archives of Hungary, G15 Caps. C. Fasc. 39. 101-102.	Budapest	NAH_G15_CAPS_C_FASC_39_101	1704 - 1708	French	French	1	24
847	Decrypted	Cipher	Budapest ,National Archives of Hungary, G15 Caps. C. Fasc. 39. 98-100.	Budapest	NAH_G15_CAPS_C_FASC_39_98	1704 - 1708		French	3	24
846	Decrypted	Cipher	Budapest ,National Archives of Hungary, G15 Caps. C. Fasc. 39. 94-97.	Budapest	NAH_G15_CAPS_C_FASC_39_94	1705 -	French	French	4	24
845	Decrypted	Cipher	Budapest ,National Archives of Hungary, G15 Caps. C. Fasc. 39. 88-90.	Budapest	NAH_G15_CAPS_C_FASC_39_88	1705 -	French	French	2	24
844	Decrypted	Cipher	Budapest ,National Archives of Hungary, G15 Caps. C. Fasc. 39. 91-93.	Budapest	NAH_G15_CAPS_C_FASC_39_91	1704 - 1708	French	French	2	24
843	Decrypted	Cipher	Budapest ,National Archives of Hungary, G15 Caps. C. Fasc. 39. 82-85.	Budapest	NAH_G15_CAPS_C_FASC_39_82	1705 -	French	French	3	24
842	Decrypted	Cipher	Budapest ,National Archives of Hungary, G15 Caps. C. Fasc. 39. 79-81.	Budapest	NAH_G15_CAPS_C_FASC_39_79	1705 -	French	French	2	24
841	Decrypted	Cipher	Budapest ,National Archives of Hungary, G15 Caps. C. Fasc. 39. 75-78.	Budapest	NAH_G15_CAPS_C_FASC_39_75	1704 - 1708	French	French	3	24
840	Decrypted	Cipher	Budapest ,National Archives of Hungary, G15 Caps. C. Fasc. 39. 71-74.	Budapest	NAH_G15_CAPS_C_FASC_39_71	1705 -	French	French	3	25
839	Decrypted	Cipher	Budapest ,National Archives of Hungary, G15 Caps. C. Fasc. 39. 69-70.	Budapest	NAH_G15_CAPS_C_FASC_39_69	1705 -	French	French	1	25
838	Decrypted	Cipher	Budapest ,National Archives of Hungary, G15 Caps. C. Fasc. 39. 66-68.	Budapest	NAH_G15_CAPS_C_FASC_39_66	1704 - 1708	French	French	2	25
837	Decrypted	Cipher	Budapest ,National Archives of Hungary, G15 Caps. C. Fasc. 39. 64-65.	Budapest	NAH_G15_CAPS_C_FASC_39_64	1704 - 1708	French	French	2	25
836	Decrypted	Cipher	Budapest ,National Archives of Hungary, G15 Caps. C. Fasc. 39. 61-63.	Budapest	NAH_G15_CAPS_C_FASC_39_61	1705 -	French	French	2	25
835	Decrypted	Cipher	Budapest ,National Archives of Hungary, G15 Caps. C. Fasc. 39. 56-57.	Budapest	NAH_G15_CAPS_C_FASC_39_56	1704 -	French	French	1	25
834	Decrypted	Cipher	Budapest ,National Archives of Hungary, G15 Caps. C. Fasc. 39. 54-55.	Budapest	NAH_G15_CAPS_C_FASC_39_54	1704 - 1708	French	French	1	25
833	Decrypted	Cipher	Budapest ,National Archives of Hungary, G15 Caps. C. Fasc. 39. 49-51.	Budapest	NAH_G15_CAPS_C_FASC_39_49	1704 -	French	French	2	25
832	Decrypted	Cipher	Budapest ,National Archives of Hungary, G15 Caps. C. Fasc. 39. 46-48.	Budapest	NAH_G15_CAPS_C_FASC_39_46	1704 -	French	French	2	25
831	Decrypted	Cipher	Budapest ,National Archives of Hungary, G15 Caps. C. Fasc. 39. 44-45.	Budapest	NAH_G15_CAPS_C_FASC_39_44	1704 -	French	French	2	25
830	Decrypted	Cipher	Budapest ,National Archives of Hungary, G15 Caps. C. Fasc. 39. 40-41.	Budapest	NAH_G15_CAPS_C_FASC_39_40	1704 -	French	French	2	25
829	Decrypted	Cipher	Budapest ,National Archives of Hungary, G15 Caps. C. Fasc. 39. 38-39.	Budapest	NAH_G15_CAPS_C_FASC_39_38	1704 -	French	French	2	25
828	Decrypted	Cipher	Budapest ,National Archives of Hungary, G15 Caps. C. Fasc. 39. 32-34.	Budapest	NAH_G15_CAPS_C_FASC_39_32	1704 -	French	French	2	25
827	Decrypted	Cipher	Budapest ,National Archives of Hungary, G15 Caps. C. Fasc. 39. 22-25.	Budapest	NAH_G15_CAPS_C_FASC_39_22	1704 -	French	French	3	25
826	Decrypted	Cipher	Budapest ,National Archives of Hungary, G15 Caps. C. Fasc. 39. 2-4.	Budapest	NAH_G15_CAPS_C_FASC_39_2	1704 -	French	French	3	25
825	Decrypted	Cipher	Budapest ,National Archives of Hungary, G15 Caps. C. Fasc. 33. 146-150.	Budapest	NAH_G15_CAPS_C_FASC_33_146	1706 -	Hungarian	Hungarian	5	25
824	Decrypted	Cipher	Budapest ,National Archives of Hungary, G15 Caps. C. Fasc. 33. 144-145.	Budapest	NAH_G15_CAPS_C_FASC_33_144	1706 -	Hungarian	Hungarian	2	25
822	Decrypted	Cipher	Budapest ,National Archives of Hungary, G15 Caps. C. Fasc. 33. 136-139.	Budapest	NAH_G15_CAPS_C_FASC_33_136	1706 -	Hungarian	Hungarian	4	25
821	Decrypted	Cipher	Budapest ,National Archives of Hungary, G15 Caps. C. Fasc. 33. 130-135.	Budapest	NAH_G15_CAPS_C_FASC_33_130	1706 -	Hungarian	Hungarian	6	25
820	Decrypted	Cipher	Budapest ,National Archives of Hungary, G15 Caps. C. Fasc. 33. 125-129.	Budapest	NAH_G15_CAPS_C_FASC_33_125	1706 -	Hungarian	Hungarian	5	25
819	Decrypted	Cipher	Budapest ,National Archives of Hungary, G15 Caps. C. Fasc. 33. 105-124.	Budapest	NAH_G15_CAPS_C_FASC_33_105	1706 -	Hungarian	Hungarian	20	25
818	Decrypted	Cipher	Budapest ,National Archives of Hungary, G15 Caps. C. Fasc. 33. 97-104.	Budapest	NAH_G15_CAPS_C_FASC_33_97	1706 -	Hungarian	Hungarian	8	25
817	Decrypted	Cipher	Budapest ,National Archives of Hungary, G15 Caps. C. Fasc. 33. 96.	Budapest	NAH_G15_CAPS_C_FASC_33_96	1706 - 1706		Hungarian	1	25
816	Decrypted	Cipher	Budapest ,National Archives of Hungary, G15 Caps. C. Fasc. 33. 93-95.	Budapest	NAH_G15_CAPS_C_FASC_33_93	1706 -	Hungarian	Hungarian	3	25
815	Decrypted	Cipher	Budapest ,National Archives of Hungary, G15 Caps. C. Fasc. 33. 89-92.	Budapest	NAH_G15_CAPS_C_FASC_33_89	1706 -	Hungarian	Hungarian	4	25
814	Decrypted	Cipher	Budapest ,National Archives of Hungary, G15 Caps. C. Fasc. 33. 80-86.	Budapest	NAH_G15_CAPS_C_FASC_33_80	1706 -	Hungarian	Hungarian	7	25
813	Decrypted	Cipher	Budapest ,National Archives of Hungary, G15 Caps. C. Fasc. 33. 74-79.	Budapest	NAH_G15_CAPS_C_FASC_33_74	1706 -	Hungarian	Hungarian	6	25
812	Decrypted	Cipher	Budapest ,National Archives of Hungary, G15 Caps. C. Fasc. 33. 71-73.	Budapest	NAH_G15_CAPS_C_FASC_33_71	1706 -	Hungarian	Hungarian	3	25
811	Decrypted	Cipher	Budapest ,National Archives of Hungary, G15 Caps. C. Fasc. 33. 67-70.	Budapest	NAH_G15_CAPS_C_FASC_33_67	1706 - 1706	Hungarian	Hungarian	4	25
810	Decrypted	Cipher	Budapest ,National Archives of Hungary, G15 Caps. C. Fasc. 33. 57-62.	Budapest	NAH_G15_CAPS_C_FASC_33_57	1706 -	Hungarian	Hungarian	6	25
809	Decrypted	Cipher	Budapest ,National Archives of Hungary, G15 Caps. C. Fasc. 33. 55-56.	Budapest	NAH_G15_CAPS_C_FASC_33_55	1706 -	Hungarian	Hungarian	2	25
808	Decrypted	Cipher	Budapest ,National Archives of Hungary, G15 Caps. C. Fasc. 33. 47-54.	Budapest	NAH_G15_CAPS_C_FASC_33_47	1706 -	Hungarian	Hungarian	8	25
807	Decrypted	Cipher	Budapest ,National Archives of Hungary, G15 Caps. C. Fasc. 33. 41-46.	Budapest	NAH_G15_CAPS_C_FASC_33_41	1706 - 1706	Latin	Latin	6	25
806	Decrypted	Cipher	Budapest ,National Archives of Hungary, G15 Caps. C. Fasc. 33. 38-40.	Budapest	NAH_G15_CAPS_C_FASC_33_38	1706 -	Hungarian	Hungarian	3	25
804	Decrypted	Cipher	Budapest ,National Archives of Hungary, G15 Caps. C. Fasc. 33. 31-33.	Budapest	NAH_G15_CAPS_C_FASC_33_31	1706 -	Hungarian	Hungarian	3	25
803	Decrypted	Cipher	Budapest ,National Archives of Hungary, G15 Caps. C. Fasc. 33. 23-30.	Budapest	NAH_G15_CAPS_C_FASC_33_23	1706 -	Hungarian	Hungarian	8	25
802	Decrypted	Cipher	Budapest ,National Archives of Hungary, G15 Caps. C. Fasc. 33. 17-22.	Budapest	NAH_G15_CAPS_C_FASC_33_17	1706 -	Hungarian	Hungarian	6	25
801	Decrypted	Cipher	Budapest ,National Archives of Hungary, G15 Caps. C. Fasc. 33. 9-16.	Budapest	NAH_G15_CAPS_C_FASC_33_9	1706 -	Hungarian	Hungarian	8	25
800	Decrypted	Cipher	Budapest ,National Archives of Hungary, G15 Caps. C. Fasc. 33. 1-7.	Budapest	NAH_G15_CAPS_C_FASC_33_1	1706 -	Hungarian	Hungarian	7	25
799	Decrypted	Cipher	Budapest ,National Archives of Hungary, G15 Caps. C. Fasc. 36. 41-53.	Budapest	NAH_G15_CAPS_C_FASC_36_41	1706 -	Hungarian	Hungarian	13	25
798	Decrypted	Cipher	Budapest ,National Archives of Hungary, G15 Caps. C. Fasc. 36. 29-40.	Budapest	NAH_G15_CAPS_C_FASC_36_29	1706 -	Hungarian	Hungarian	12	25
797	Decrypted	Cipher	Budapest ,National Archives of Hungary, G15 Caps. C. Fasc. 36. 22-26.	Budapest	NAH_G15_CAPS_C_FASC_36_22	1706 -	Hungarian	Hungarian	5	25
795	Decrypted	Cipher	Budapest ,National Archives of Hungary, G15 Caps. C. Fasc. 36. 14-17.	Budapest	NAH_G15_CAPS_C_FASC_36_14	1706 - 1706	Hungarian	Hungarian	4	25
794	Decrypted	Cipher	Budapest ,National Archives of Hungary, G15 Caps. C. Fasc. 36. 10-13.	Budapest	NAH_G15_CAPS_C_FASC_36_10	1706 -	Hungarian	Hungarian	4	25
792	Decrypted	Cipher	Budapest ,National Archives of Hungary, G15 Caps. C. Fasc. 36. 9.	Budapest	NAH_G15_CAPS_C_FASC_36_9	1706 - 1706	Hungarian	Hungarian	1	25
791	Decrypted	Cipher	Budapest ,National Archives of Hungary, G15 Caps. C. Fasc. 36. 1-4.	Budapest	NAH_G15_CAPS_C_FASC_36_1	1706 -	Hungarian	Hungarian	4	25
786	Decrypted	Cipher	Budapest ,National Archives of Hungary, G15 Caps. D. Fasc. 80. 112-115.	Budapest	NAH_G15_CAPS_D_FASC_80_112	1707 - 1707	Hungarian	Hungarian	4	25
783	Decrypted	Cipher	Budapest ,National Archives of Hungary, G15 Caps. D. Fasc. 80. 105-107.	Budapest	NAH_G15_CAPS_D_FASC_80_105	1707 -	Hungarian	Hungarian	3	25
782	Decrypted	Cipher	Budapest ,National Archives of Hungary, G15 Caps. D. Fasc. 80. 92-100.	Budapest	NAH_G15_CAPS_D_FASC_80_92	1707 -	Hungarian	Hungarian	9	25
781	Decrypted	Cipher	Budapest ,National Archives of Hungary, G15 Caps. D. Fasc. 80. 84-91.	Budapest	NAH_G15_CAPS_D_FASC_80_84	1707 -	Hungarian	Hungarian	8	25
780	Decrypted	Cipher	Budapest ,National Archives of Hungary, G15 Caps. D. Fasc. 80. 81-83.	Budapest	NAH_G15_CAPS_D_FASC_80_81	1707 -	Hungarian	Hungarian	2	26
779	Decrypted	Cipher	Budapest ,National Archives of Hungary, G15 Caps. D. Fasc. 80. 73-80.	Budapest	NAH_G15_CAPS_D_FASC_80_73	1707 -	Hungarian	Hungarian	8	26
777	Decrypted	Cipher	Budapest ,National Archives of Hungary, G15 Caps. D. Fasc. 80. 71-72.	Budapest	NAH_G15_CAPS_D_FASC_80_71	1707 -	Hungarian	Hungarian	1	26
776	Decrypted	Cipher	Budapest ,National Archives of Hungary, G15 Caps. D. Fasc. 80. 69-70.	Budapest	NAH_G15_CAPS_D_FASC_80_69	1707 -	Hungarian	Hungarian	1	26
775	Decrypted	Cipher	Budapest ,National Archives of Hungary, G15 Caps. D. Fasc. 80. 67-68.	Budapest	NAH_G15_CAPS_D_FASC_80_67	1707 -	Hungarian	Hungarian	2	26
774	Decrypted	Cipher	Budapest ,National Archives of Hungary, G15 Caps. D. Fasc. 80. 59-66.	Budapest	NAH_G15_CAPS_D_FASC_80_59	1707 -	Hungarian	Hungarian	8	26
773	Decrypted	Cipher	Budapest ,National Archives of Hungary, G15 Caps. D. Fasc. 80. 55-57.	Budapest	NAH_G15_CAPS_D_FASC_80_55	1707 -	Hungarian	Hungarian	3	26
772	Decrypted	Cipher	Budapest ,National Archives of Hungary, G15 Caps. D. Fasc. 80. 53-54.	Budapest	NAH_G15_CAPS_D_FASC_80_53	1707 -	Hungarian	Hungarian	1	26
771	Decrypted	Cipher	Budapest ,National Archives of Hungary, G15 Caps. D. Fasc. 80. 41-52.	Budapest	NAH_G15_CAPS_D_FASC_80_41	1707 -	Hungarian	Hungarian	12	26
770	Decrypted	Cipher	Budapest ,National Archives of Hungary, G15 Caps. D. Fasc. 80. 38-40.	Budapest	NAH_G15_CAPS_D_FASC_80_38_40	1707 -	Hungarian	Hungarian	2	26
769	Decrypted	Cipher	Budapest ,National Archives of Hungary, G15 Caps. D. Fasc. 80. 31-37.	Budapest	NAH_G15_CAPS_D_FASC_80_31	1707 -	Hungarian	Hungarian	7	26
768	Decrypted	Cipher	Budapest ,National Archives of Hungary, G15 Caps. D. Fasc. 80. 28-30.	Budapest	NAH_G15_CAPS_D_FASC_80_28_30	1707 -	Hungarian	Hungarian	3	26
767	Decrypted	Cipher	Budapest ,National Archives of Hungary, G15 Caps. D. Fasc. 80. 22-27.	Budapest	NAH_G15_CAPS_D_FASC_80_22	1707 -	Hungarian	Hungarian	6	26
766	Decrypted	Cipher	Budapest ,National Archives of Hungary, G15 Caps. D. Fasc. 80. 12-21.	Budapest	NAH_G15_CAPS_D_FASC_80_12	1707 -	Hungarian	Hungarian	8	26
764	Decrypted	Cipher	Budapest ,National Archives of Hungary, G15 Caps. E. Fasc. 109. 170-171.	Budapest	NAH_G15_CAPS_E_FASC_109_170	1708 -	Hungarian	Hungarian	1	26
763	Decrypted	Cipher	Budapest ,National Archives of Hungary, G15 Caps. E. Fasc. 109. 157-162.	Budapest	NAH_G15_CAPS_E_FASC_109_157	1708 -	Hungarian	Hungarian	6	26
762	Decrypted	Cipher	Budapest ,National Archives of Hungary, G15 Caps. E. Fasc. 109. 130-133.	Budapest	NAH_G15_CAPS_E_FASC_109_130	1708 -	Hungarian	Hungarian	4	26
761	Decrypted	Cipher	Budapest ,National Archives of Hungary, G15 Caps. E. Fasc. 109. 124-126.	Budapest	NAH_G15_CAPS_E_FASC_109_124	1708 -	Hungarian	Hungarian	3	26
760	Decrypted	Cipher	Budapest ,National Archives of Hungary, G15 Caps. E. Fasc. 109. 115-120.	Budapest	NAH_G15_CAPS_E_FASC_109_115	1708 -	Hungarian	Hungarian	6	26
759	Decrypted	Cipher	Budapest ,National Archives of Hungary, G15 Caps. E. Fasc. 109. 94-97.	Budapest	NAH_G15_CAPS_E_FASC_109_94	1708 -	Hungarian	Hungarian	3	26
758	Decrypted	Cipher	Budapest ,National Archives of Hungary, G15 Caps. E. Fasc. 109. 91-93.	Budapest	NAH_G15_CAPS_E_FASC_109_91	1708 -	Hungarian	Hungarian	2	26
756	Decrypted	Cipher	Budapest ,National Archives of Hungary, G15 Caps. E. Fasc. 109. 75-84.	Budapest	NAH_G15_CAPS_E_FASC_109_75	1708 -	Hungarian	Hungarian	10	26
755	Decrypted	Cipher	Budapest ,National Archives of Hungary, G15 Caps. E. Fasc. 109. 69-71.	Budapest	NAH_G15_CAPS_E_FASC_109_69	1708 -	Hungarian	Hungarian	3	26
754	Decrypted	Cipher	Kew ,The National Archives, State Papers, inv.nr. 106 box 10.	Kew	TNA_SP106/10_UND_(0211-0212)	1645 -		French	2	26
753	Decrypted	Cipher	Budapest ,National Archives of Hungary, G15 Caps. E. Fasc. 109. 66-67.	Budapest	NAH_G15_CAPS_E_FASC_109_66	1708 -	Hungarian	Hungarian	2	26
751	Decrypted	Cipher	Budapest ,National Archives of Hungary, G15 Caps. E. Fasc. 109. 56-61.	Budapest	NAH_G15_CAPS_E_FASC_109_56	1708 -	Hungarian	Hungarian	6	26
750	Decrypted	Cipher	Budapest ,National Archives of Hungary, G15 Caps. E. Fasc. 109. 44-46.	Budapest	NAH_G15_CAPS_E_FASC_109_44	1708 -	Hungarian	Hungarian	2	26
749	Decrypted	Cipher	Budapest ,National Archives of Hungary, G15 Caps. E. Fasc. 109. 40-43.	Budapest	NAH_G15_CAPS_E_FASC_109_40	1708 -	Hungarian	Hungarian	4	26
748	Decrypted	Cipher	Budapest ,National Archives of Hungary, G15 Caps. E. Fasc. 109. 36-39.	Budapest	NAH_G15_CAPS_E_FASC_109_36	1708 -	Hungarian	Hungarian	4	26
747	Decrypted	Cipher	Budapest ,National Archives of Hungary, G15 Caps. E. Fasc. 109. 30-34.	Budapest	NAH_G15_CAPS_E_FASC_109_30	1708 -	Hungarian	Hungarian	6	26
746	Decrypted	Cipher	Budapest ,National Archives of Hungary, G15 Caps. E. Fasc. 109. 24-29.	Budapest	NAH_G15_CAPS_E_FASC_109_24	1708 -	Hungarian	Hungarian	6	26
745	Decrypted	Cipher	Budapest ,National Archives of Hungary, G15 Caps. E. Fasc. 109. 20-23.	Budapest	NAH_G15_CAPS_E_FASC_109_20	1708 -	Hungarian	Hungarian	3	26
744	Decrypted	Cipher	Budapest ,National Archives of Hungary, G15 Caps. E. Fasc. 109. 12-15.	Budapest	NAH_G15_CAPS_E_FASC_109_12	1708 -	Hungarian	Hungarian	4	26
743	Decrypted	Cipher	Budapest ,National Archives of Hungary, G15 Caps. E. Fasc. 109. 9-11.	Budapest	NAH_G15_CAPS_E_FASC_109_9	1708 -	Hungarian	Hungarian	2	26
742	Decrypted	Cipher	Budapest ,National Archives of Hungary, G15 Caps. E. Fasc. 109. 1-6.	Budapest	NAH_G15_CAPS_E_FASC_109_1	1708 -	Hungarian	Hungarian	6	26
739	Decrypted	Cipher	Budapest ,National Archives of Hungary, G15 Caps. H. Fasc. 226. 80-82.	Budapest	NAH_G15_CAPS_H_FASC_226_80	1710 -	Hungarian	Hungarian	3	26
738	Decrypted	Cipher	Budapest ,National Archives of Hungary, G15 Caps. H. Fasc. 226. 74-79.	Budapest	NAH_G15_CAPS_H_FASC_226_71	1710 -	Hungarian	Hungarian	6	26
737	Decrypted	Cipher	Budapest ,National Archives of Hungary, G15 Caps. H. Fasc. 226. 70-71.	Budapest	NAH_G15_CAPS_H_FASC_226_70	1710 -	Hungarian	Hungarian	2	26
736	Decrypted	Cipher	Budapest ,National Archives of Hungary, G15 Caps. H. Fasc. 226. 60-69.	Budapest	NAH_G15_CAPS_H_FASC_226_60	1710 -	Hungarian	Hungarian	10	26
735	Decrypted	Cipher	Budapest ,National Archives of Hungary, G15 Caps. H. Fasc. 226. 58-59.	Budapest	NAH_G15_CAPS_H_FASC_226_58	1710 -	Hungarian	Hungarian	2	26
734	Decrypted	Cipher	Budapest ,National Archives of Hungary, G15 Caps. H. Fasc. 226. 55-57.	Budapest	NAH_G15_CAPS_H_FASC_226_55	1710 -	Hungarian	Hungarian	3	26
733	Decrypted	Cipher	Budapest ,National Archives of Hungary, G15 Caps. H. Fasc. 226. 38-44.	Budapest	NAH_G15_CAPS_H_FASC_226_38	1710 - 1710	Hungarian	Hungarian	7	26
732	Decrypted	Cipher	Budapest ,National Archives of Hungary, G15 Caps. H. Fasc. 226. 34-37.	Budapest	NAH_G15_CAPS_H_FASC_226_34	1710 -	Hungarian	Hungarian	4	26
730	Decrypted	Cipher	Budapest ,National Archives of Hungary, G15 Caps. H. Fasc. 226. 23-30.	Budapest	NAH_G15_CAPS_H_FASC_226_23	1710 -	Hungarian	Hungarian	8	26
729	Decrypted	Cipher	Budapest ,National Archives of Hungary, G15 Caps. H. Fasc. 226. 20-22.	Budapest	NAH_G15_CAPS_H_FASC_226_20	1710 -	Hungarian	Hungarian	3	26
728	Decrypted	Cipher	Budapest ,National Archives of Hungary, G15 Caps. H. Fasc. 226. 16-19.	Budapest	NAH_G15_CAPS_H_FASC_226_16	1710 - 1710	Hungarian	Hungarian	4	26
727	Decrypted	Cipher	Budapest ,National Archives of Hungary, G15 Caps. H. Fasc. 226. 12-15.	Budapest	NAH_G15_CAPS_H_FASC_226_12	1710 - 1710	Hungarian	Hungarian	4	26
726	Decrypted	Cipher	Budapest ,National Archives of Hungary, G15 Caps. H. Fasc. 226. 8-11.	Budapest	NAH_G15_CAPS_H_FASC_226_8	1710 -	Hungarian	Hungarian	4	26
724	Decrypted	Cipher	Kew ,The National Archives, State Papers, inv.nr. 106 box 10.	Kew	TNA_SP106/10_UND_(0204)	1558 - 1714		Italian	1	26
723	Decrypted	Cipher	Kew ,The National Archives, State Papers, inv.nr. 106 box 10.	Kew	TNA_SP106/10_UND_(0199)	1558 - 1714		Italian	1	26
719	Decrypted	Cipher	Budapest ,National Archives of Hungary, G15 Caps. J. Fasc. 256e. 34.	Budapest	NAH_G15_CAPS_J_FASC_256E_34	1711 - 1711	Hungarian	Hungarian	1	27
718	Decrypted	Cipher	Budapest ,National Archives of Hungary, G15 Caps. J. Fasc. 256e. 30-33.	Budapest	NAH_G15_CAPS_J_FASC_256E_30	1711 - 1711		Hungarian	4	27
717	Decrypted	Cipher	Budapest ,National Archives of Hungary, G15 Caps. J. Fasc. 256e. 28-29.	Budapest	NAH_G15_CAPS_J_FASC_256E_28	1711 - 1711		Latin?	2	27
716	Decrypted	Cipher	Budapest ,National Archives of Hungary, G15 Caps. J. Fasc. 256e. 20-27.	Budapest	NAH_G15_CAPS_J_FASC_256E_20	1711 - 1711		Hungarian	8	27
715	Decrypted	Cipher	Budapest ,National Archives of Hungary, G15 Caps. J. Fasc. 256e. 18-19.	Budapest	NAH_G15_CAPS_J_FASC_256E_18	1711 - 1711	Hungarian	Hungarian	2	27
714	Decrypted	Cipher	Budapest ,National Archives of Hungary, G15 Caps. J. Fasc. 256e. 17.	Budapest	NAH_G15_CAPS_J_FASC_256E_17	1711 - 1711		Latin?	1	27
713	Decrypted	Cipher	Budapest ,National Archives of Hungary, G15 Caps. J. Fasc. 256e. 15-16.	Budapest	NAH_G15_CAPS_J_FASC_256E_15	1711 - 1711	Latin?	Latin?	2	27
712	Decrypted	Cipher	Budapest ,National Archives of Hungary, G15 Caps. J. Fasc. 256e. 7-14.	Budapest	NAH_G15_CAPS_J_FASC_256E_7	1711 -	Hungarian	Hungarian	7	27
711	Decrypted	Cipher	Budapest ,National Archives of Hungary, G15 Caps. J. Fasc. 256e. 6.	Budapest	NAH_G15_CAPS_J_FASC_256E_6	1711 - 1711	Hungarian	Hungarian	1	27
710	Decrypted	Cipher	Budapest ,National Archives of Hungary, G15 Caps. J. Fasc. 256e. 2-5.	Budapest	NAH_G15_CAPS_J_FASC_256E_2	1711 - 1711	Hungarian	Hungarian	3	27
709	Decrypted	Cipher	Vienna ,Österreichisches Staatsarchiv, Haus-, Hof- und Staatsarchiv, Ung. Akt. Spec. Verschwörerakten VII. Varia, Fasc. 327. Konv. D. Chiffres 1664-1668. fol. 63.	Vienna	ÖStA_HHStA_UNG_FASC_327_KONV_D_63	1664 - 1668	Hungarian	Hungarian	2	27
708	Decrypted	Cipher	Vienna ,Österreichisches Staatsarchiv, Haus-, Hof- und Staatsarchiv, Ung. Akt. Spec. Verschwörerakten VII. Varia, Fasc. 327. Konv. D. Chiffres 1664-1668. fol. 62.	Vienna	ÖStA_HHStA_UNG_FASC_327_KONV_D_62	1664 - 1668		Hungarian	1	27
700	Decrypted	Cipher	Vienna ,Österreichisches Staatsarchiv, Haus-, Hof- und Staatsarchiv, Ung. Akt. Spec. Verschwörerakten VII. Varia, Fasc. 327. Konv. D. Chiffres 1664-1668. fol. 56-57.	Vienna	ÖStA_HHStA_UNG_FASC_327_KONV_D_56	1664 - 1668	Latin	Hungarian	2	27
695	Decrypted	Cipher	Vienna ,Österreichisches Staatsarchiv, Haus-, Hof- und Staatsarchiv, Ung. Akt. Spec. Verschwörerakten VII. Varia, Fasc. 327. Konv. D. Chiffres 1664-1668. fol. 40-41.	Vienna	ÖStA_HHStA_UNG_FASC_327_KONV_D_40	1664 - 1668		Hungarian	3	27
692	Decrypted	Cipher	Vienna ,Österreichisches Staatsarchiv, Haus-, Hof- und Staatsarchiv, Ung. Akt. Spec. Verschwörerakten VII. Varia, Fasc. 327. Konv. D. Chiffres 1664-1668. fol. 36-37.	Vienna	ÖStA_HHStA_UNG_FASC_327_KONV_D_36	1664 - 1668		Hungarian	2	27
691	Decrypted	Cipher	Vienna ,Österreichisches Staatsarchiv, Haus-, Hof- und Staatsarchiv, Ung. Akt. Spec. Verschwörerakten VII. Varia, Fasc. 327. Konv. D. Chiffres 1664-1668. fol. 35-36.	Vienna	ÖStA_HHStA_UNG_FASC_327_KONV_D_35	1664 - 1668		Hungarian	4	27
675	Decrypted	Cipher	Budapest ,National Archives of Hungary, E199 8. pallium 1. 02.	Budapest	NAH_E199_8_1_02	1664 - 1670		Hungarian	2	27
548	Decrypted	Cipher	Budapest ,National Archives of Hungary, G15 Caps. E. Fasc. 109. 48.	Budapest	NAH_G15_CAPS_E_FASC_109_48	1708 - 1708	Hungarian	Hungarian	2	27
547	Decrypted	Cipher	Budapest ,National Archives of Hungary, G15 Caps. E. Fasc. 109. 35.	Budapest	NAH_G15_CAPS_E_FASC_109_35	1708 - 1708	Hungarian	Hungarian	2	27
546	Decrypted	Cipher	Budapest ,National Archives of Hungary, G15 Caps. E. Fasc. 109. 24.	Budapest	NAH_G15_CAPS_E_FASC_109_24	1708 - 1708	Hungarian	Hungarian	2	27
545	Decrypted	Cipher	Budapest ,National Archives of Hungary, G15 Caps. E. Fasc. 109. 6.	Budapest	NAH_G15_CAPS_E_FASC_109_6	1708 - 1708	Hungarian	Hungarian	2	27
544	Decrypted	Cipher	Budapest ,National Archives of Hungary, G15 Caps. E. Fasc. 109. 89-91.	Budapest	NAH_G15_CAPS_E_FASC_109_89	1708 - 1708	Hungarian	Hungarian	6	27
543	Decrypted	Cipher	Budapest ,National Archives of Hungary, G15 Caps. E. Fasc. 109. 88.	Budapest	NAH_G15_CAPS_E_FASC_109_88	1708 - 1708	Hungarian	Hungarian	1	27
537	Decrypted	Cipher	Budapest ,National Archives of Hungary, G15 Caps. C. Fasc. 33. 63-66.	Budapest	NAH_G15_CAPS_C_FASC_33_63	1706 -	Hungarian	Hungarian	4	27
535	Decrypted	Cipher	Budapest ,National Archives of Hungary, G15 Caps. D. Fasc. 80. 28.	Budapest	NAH_G15_CAPS_D_FASC_80_28	1707 - 1707	Latin	Latin	1	27
534	Decrypted	Cipher	Budapest ,National Archives of Hungary, G15 Caps. D. Fasc. 80. 46.	Budapest	NAH_G15_CAPS_D_FASC_80_46	1707 - 1707	Hungarian	Hungarian	2	27
533	Decrypted	Cipher	Budapest ,National Archives of Hungary, G15 Caps. D. Fasc. 80. 40.	Budapest	NAH_G15_CAPS_D_FASC_80_40	1707 - 1707	Hungarian	Hungarian	1	27
529	Decrypted	Cipher	Kew ,The National Archives, State Papers, inv.nr. 106 box 7.	Kew	TNA_SP106/7_Anne_(0071-0072)	1702 - 1837	French	French	2	27
484	Decrypted	Cipher	Budapest ,National Archives of Hungary, P237 Festetics 10. d. 2. 46.	Budapest	NAH_P237_FEST_10_D_2_46	1711 - 1711	German	German	2	27
482	Decrypted	Cipher	Budapest ,National Archives of Hungary, P237 Festetics 10. d. 2. 38-41.	Budapest	NAH_P237_FEST_10_D_2_38	1710 - 1710	Latin	Latin	7	27
480	Decrypted	Cipher	Budapest ,National Archives of Hungary, G15 Caps. A. 1. Fasc. 24. fol. 75-124r.	Budapest	NAH_G15_CAPS_A_1_FASC_24_fol_75_124	1692 - 1693	Hungarian and Latin	Hungarian and Latin	34	27
479	Decrypted	Cipher	Budapest ,National Archives of Hungary, G15 Caps. D. Fasc. 81. 6.	Budapest	NAH_G15_CAPS_D_FASC_81_6	1706 -	Hungarian	Hungarian	2	27
474	Decrypted	Cipher	Budapest ,Ráday Archives, C64-4d2-10. 165-168.	Budapest	RAD_ARCH_Rakoczi_C64_4d2_10_165	1707 - 1707		Latin?	4	27
441	Decrypted	Cipher	Budapest ,National Széchényi Library, Quart. Lat 2254. 53.	Budapest	NSZL_Quart_Lat_2254_53	1530 - 1550		French	2	27
420	Decrypted	Cipher	Kew ,The National Archives, State Papers, inv.nr. 106 box 5.	Kew	TNA_SP106/5_CharlesI_(0096)	1634 -	English	English	1	27
368	Decrypted	Cipher	Budapest ,Military History Archive 1548/3.	Budapest	MILITARIA_ARCH_1548_3_ad2	1548 - 1548		Latin?	1	27
210	Decrypted	Cipher	Vatican City ,Vatican Main Library, i. Borg.Lat, doss. 898	Vatican City	BAV_iBorg-Lat_898	-	Latin	Latin	410	27
209	Decrypted	Cipher	Vatican City ,Vatican Secret Archive, ARCH, Nunz, doss. 13	Vatican City	ASV_ARCH_Nunz_Colonia_13-2	1657 - 1657		Italian	1	27
208	Decrypted	Cipher	Vatican City ,Vatican Secret Archive, ARCH, Nunz, doss. 13	Vatican City	ASV_ARCH_Nunz_Colonia_13-1	1656 - 1656		Italian	1	27
189	Decrypted	Cipher	Vatican City ,Vatican Secret Archive, i. 1025, Segretario di Stato, doss. IA	Vatican City	ASV_i1025_SdS_Portugal_IA-1	1535 - 1536	Italian	Italian	11	27
146	Decrypted	Cipher	Vatican City ,Vatican Secret Archive, i. 1025, Segretario di Stato, doss. 364C	Vatican City	ASV_i1025_SdS_Spain_364C-25	1717 - 1717		Italian	2	27
145	Decrypted	Cipher	Vatican City ,Vatican Secret Archive, i. 1025, Segretario di Stato, doss. 364C	Vatican City	ASV_i1025_SdS_Spain_364C-24	1717 - 1717		Italian	3	27
144	Decrypted	Cipher	Vatican City ,Vatican Secret Archive, i. 1025, Segretario di Stato, doss. 364C	Vatican City	ASV_i1025_SdS_Spain_364C-23	1717 - 1717		Italian	4	27
143	Decrypted	Cipher	Vatican City ,Vatican Secret Archive, i. 1025, Segretario di Stato, doss. 364C	Vatican City	ASV_i1025_SdS_Spain_364C-22	1717 - 1717		Italian	4	27
142	Decrypted	Cipher	Vatican City ,Vatican Secret Archive, i. 1025, Segretario di Stato, doss. 364C	Vatican City	ASV_i1025_SdS_Spain_364C-21	1717 - 1717		Italian	2	27
141	Decrypted	Cipher	Vatican City ,Vatican Secret Archive, i. 1025, Segretario di Stato, doss. 364C	Vatican City	ASV_i1025_SdS_Spain_364C-20	1717 - 1717		Italian	2	27
140	Decrypted	Cipher	Vatican City ,Vatican Secret Archive, i. 1025, Segretario di Stato, doss. 364C	Vatican City	ASV_i1025_SdS_Spain_364C-19	1717 - 1717		Italian	6	27
137	Decrypted	Cipher	Vatican City ,Vatican Secret Archive, i. 1025, Segretario di Stato, doss. 364C	Vatican City	ASV_i1025_SdS_Spain_364C-16	1717 - 1717		Italian	9	27
136	Decrypted	Cipher	Vatican City ,Vatican Secret Archive, i. 1025, Segretario di Stato, doss. 364C	Vatican City	ASV_i1025_SdS_Spain_364C-15	1717 - 1717		Italian	6	27
132	Decrypted	Cipher	Vatican City ,Vatican Secret Archive, i. 1025, Segretario di Stato, doss. 364C	Vatican City	ASV_i1025_SdS_Spain_364C-11	1717 - 1717		Italian	3	27
131	Decrypted	Cipher	Vatican City ,Vatican Secret Archive, i. 1025, Segretario di Stato, doss. 364C	Vatican City	ASV_i1025_SdS_Spain_364C-10	1717 - 1717		Italian	6	28
121	Decrypted	Cipher	Vatican City ,Vatican Secret Archive, i. 1025, Segretario di Stato, doss. 304	Vatican City	ASV_i1025_SdS_Spain_304-2	1767 - 1767		Italian	2	28
83	Decrypted	Cipher	Vatican City ,Vatican Secret Archive, i. 1025, Segretario di Stato, doss. 346	Vatican City	ASV_i1025_SdS_France_346-10	1632 - 1634	Italian	Italian	1	28
81	Decrypted	Cipher	Vatican City ,Vatican Secret Archive, i. 1025, Segretario di Stato, doss. 346	Vatican City	ASV_i1025_SdS_France_346-8	1632 - 1634		Italian	1	28
80	Decrypted	Cipher	Vatican City ,Vatican Secret Archive, i. 1025, Segretario di Stato, doss. 346	Vatican City	ASV_i1025_SdS_France_346-7	1632 - 1634		Italian	2	28
79	Decrypted	Cipher	Vatican City ,Vatican Secret Archive, i. 1025, Segretario di Stato, doss. 346	Vatican City	ASV_i1025_SdS_France_346-6	1632 - 1634		Italian	3	28
76	Decrypted	Cipher	Vatican City ,Vatican Secret Archive, i. 1025, Segretario di Stato, doss. 346	Vatican City	ASV_i1025_SdS_France_346-3	1632 - 1634		Italian	3	28
74	Decrypted	Cipher	Vatican City ,Vatican Secret Archive, i. 1025, Segretario di Stato, doss. 346	Vatican City	ASV_i1025_SdS_France_346-1	1632 - 1634		Italian	1	28
5	Decrypted	Cipher	Vatican City ,Vatican Secret Archive, i. 1025, Segretario di Stato, doss. 4	Vatican City	ASV_i1025_SdS_France_4-1	1587 - 1587		Italian	3	28
2	Decrypted	Cipher	Meißen ,Wilfried Fiedler	Meißen	Copiale	1734 - 1736		German	105	28
