box_id	hand	line	crop	x	y	w	h	kind
f102r_L03_b001	vivonne1573-f102r	f102r_L03	ciphers/fr16104-vivonne-spain-1572/images/c105_f102r_L03_s1.jpg	166	55	54	33	sign
f102r_L03_b002	vivonne1573-f102r	f102r_L03	ciphers/fr16104-vivonne-spain-1572/images/c105_f102r_L03_s1.jpg	226	47	47	52	sign
f102r_L03_b003	vivonne1573-f102r	f102r_L03	ciphers/fr16104-vivonne-spain-1572/images/c105_f102r_L03_s1.jpg	303	54	19	27	sign
f102r_L03_b004	vivonne1573-f102r	f102r_L03	ciphers/fr16104-vivonne-spain-1572/images/c105_f102r_L03_s1.jpg	338	56	15	21	sign
f102r_L03_b005	vivonne1573-f102r	f102r_L03	ciphers/fr16104-vivonne-spain-1572/images/c105_f102r_L03_s1.jpg	372	52	48	32	sign
f102r_L03_b006	vivonne1573-f102r	f102r_L03	ciphers/fr16104-vivonne-spain-1572/images/c105_f102r_L03_s1.jpg	425	48	45	33	sign
f102r_L03_b008	vivonne1573-f102r	f102r_L03	ciphers/fr16104-vivonne-spain-1572/images/c105_f102r_L03_s1.jpg	469	0	109	87	sign
f102r_L03_b009	vivonne1573-f102r	f102r_L03	ciphers/fr16104-vivonne-spain-1572/images/c105_f102r_L03_s1.jpg	579	46	35	66	sign
f102r_L03_b010	vivonne1573-f102r	f102r_L03	ciphers/fr16104-vivonne-spain-1572/images/c105_f102r_L03_s1.jpg	621	25	58	64	sign
f102r_L03_b011	vivonne1573-f102r	f102r_L03	ciphers/fr16104-vivonne-spain-1572/images/c105_f102r_L03_s1.jpg	690	33	46	79	sign
f102r_L03_b012	vivonne1573-f102r	f102r_L03	ciphers/fr16104-vivonne-spain-1572/images/c105_f102r_L03_s1.jpg	748	39	65	73	sign
f102r_L03_b013	vivonne1573-f102r	f102r_L03	ciphers/fr16104-vivonne-spain-1572/images/c105_f102r_L03_s1.jpg	823	25	45	76	sign
f102r_L03_b014	vivonne1573-f102r	f102r_L03	ciphers/fr16104-vivonne-spain-1572/images/c105_f102r_L03_s1.jpg	875	43	21	25	sign
f102r_L03_b015	vivonne1573-f102r	f102r_L03	ciphers/fr16104-vivonne-spain-1572/images/c105_f102r_L03_s1.jpg	904	42	22	25	sign
f102r_L03_b016	vivonne1573-f102r	f102r_L03	ciphers/fr16104-vivonne-spain-1572/images/c105_f102r_L03_s1.jpg	935	40	54	29	sign
f102r_L03_b018	vivonne1573-f102r	f102r_L03	ciphers/fr16104-vivonne-spain-1572/images/c105_f102r_L03_s1.jpg	1002	40	86	53	sign
f102r_L03_b019	vivonne1573-f102r	f102r_L03	ciphers/fr16104-vivonne-spain-1572/images/c105_f102r_L03_s1.jpg	1090	30	38	51	sign
f102r_L03_b020	vivonne1573-f102r	f102r_L03	ciphers/fr16104-vivonne-spain-1572/images/c105_f102r_L03_s1.jpg	1132	16	51	62	sign
f102r_L03_b021	vivonne1573-f102r	f102r_L03	ciphers/fr16104-vivonne-spain-1572/images/c105_f102r_L03_s1.jpg	1187	20	48	68	sign
f102r_L03_b022	vivonne1573-f102r	f102r_L03	ciphers/fr16104-vivonne-spain-1572/images/c105_f102r_L03_s1.jpg	1217	34	67	70	sign
f102r_L03_b023	vivonne1573-f102r	f102r_L03	ciphers/fr16104-vivonne-spain-1572/images/c105_f102r_L03_s1.jpg	1295	38	57	31	sign
f102r_L03_b024	vivonne1573-f102r	f102r_L03	ciphers/fr16104-vivonne-spain-1572/images/c105_f102r_L03_s1.jpg	1333	35	82	77	sign
f102r_L03_b025	vivonne1573-f102r	f102r_L03	ciphers/fr16104-vivonne-spain-1572/images/c105_f102r_L03_s1.jpg	1423	29	31	43	sign
f102r_L03_b026	vivonne1573-f102r	f102r_L03	ciphers/fr16104-vivonne-spain-1572/images/c105_f102r_L03_s2.jpg	129	8	54	71	sign
f102r_L03_b027	vivonne1573-f102r	f102r_L03	ciphers/fr16104-vivonne-spain-1572/images/c105_f102r_L03_s2.jpg	195	35	50	31	sign
f102r_L03_b028	vivonne1573-f102r	f102r_L03	ciphers/fr16104-vivonne-spain-1572/images/c105_f102r_L03_s2.jpg	274	0	46	70	sign
f102r_L03_b029	vivonne1573-f102r	f102r_L03	ciphers/fr16104-vivonne-spain-1572/images/c105_f102r_L03_s2.jpg	318	17	38	51	sign
f102r_L03_b030	vivonne1573-f102r	f102r_L03	ciphers/fr16104-vivonne-spain-1572/images/c105_f102r_L03_s2.jpg	367	0	109	72	sign
f102r_L03_b031a	vivonne1573-f102r	f102r_L03	ciphers/fr16104-vivonne-spain-1572/images/c105_f102r_L03_s2.jpg	473	41	38	71	sign
f102r_L03_b031b	vivonne1573-f102r	f102r_L03	ciphers/fr16104-vivonne-spain-1572/images/c105_f102r_L03_s2.jpg	511	41	35	71	sign
f102r_L03_b031c	vivonne1573-f102r	f102r_L03	ciphers/fr16104-vivonne-spain-1572/images/c105_f102r_L03_s2.jpg	546	41	58	71	sign
f102r_L03_b033	vivonne1573-f102r	f102r_L03	ciphers/fr16104-vivonne-spain-1572/images/c105_f102r_L03_s2.jpg	622	2	38	64	sign
f102r_L03_b034	vivonne1573-f102r	f102r_L03	ciphers/fr16104-vivonne-spain-1572/images/c105_f102r_L03_s2.jpg	723	33	38	53	sign
f102r_L03_b035	vivonne1573-f102r	f102r_L03	ciphers/fr16104-vivonne-spain-1572/images/c105_f102r_L03_s2.jpg	760	0	54	80	sign
f102r_L03_b036	vivonne1573-f102r	f102r_L03	ciphers/fr16104-vivonne-spain-1572/images/c105_f102r_L03_s2.jpg	817	27	43	72	sign
f102r_L03_b037	vivonne1573-f102r	f102r_L03	ciphers/fr16104-vivonne-spain-1572/images/c105_f102r_L03_s2.jpg	910	43	43	58	sign
f102r_L03_b038	vivonne1573-f102r	f102r_L03	ciphers/fr16104-vivonne-spain-1572/images/c105_f102r_L03_s2.jpg	973	48	37	58	sign
f102r_L03_b039	vivonne1573-f102r	f102r_L03	ciphers/fr16104-vivonne-spain-1572/images/c105_f102r_L03_s2.jpg	1024	56	54	30	sign
f102r_L03_b040	vivonne1573-f102r	f102r_L03	ciphers/fr16104-vivonne-spain-1572/images/c105_f102r_L03_s2.jpg	1109	4	116	101	sign
f102r_L03_b041	vivonne1573-f102r	f102r_L03	ciphers/fr16104-vivonne-spain-1572/images/c105_f102r_L03_s2.jpg	1220	43	109	69	sign
f102r_L03_b042	vivonne1573-f102r	f102r_L03	ciphers/fr16104-vivonne-spain-1572/images/c105_f102r_L03_s2.jpg	1327	0	28	34	sign
f102r_L03_b043	vivonne1573-f102r	f102r_L03	ciphers/fr16104-vivonne-spain-1572/images/c105_f102r_L03_s2.jpg	1342	82	20	32	sign
f102r_L03_b044	vivonne1573-f102r	f102r_L03	ciphers/fr16104-vivonne-spain-1572/images/c105_f102r_L03_s2.jpg	1353	0	36	67	sign
f102r_L03_b045	vivonne1573-f102r	f102r_L03	ciphers/fr16104-vivonne-spain-1572/images/c105_f102r_L03_s2.jpg	1399	31	63	37	sign
f102r_L03_b046	vivonne1573-f102r	f102r_L03	ciphers/fr16104-vivonne-spain-1572/images/c105_f102r_L03_s2.jpg	1468	4	59	63	sign
f102r_L03_b047	vivonne1573-f102r	f102r_L03	ciphers/fr16104-vivonne-spain-1572/images/c105_f102r_L03_s2.jpg	1513	2	87	104	sign
f102r_L06_b001	vivonne1573-f102r	f102r_L06	ciphers/fr16104-vivonne-spain-1572/images/c105_f102r_L06_s1.jpg	161	47	19	31	sign
f102r_L06_b002	vivonne1573-f102r	f102r_L06	ciphers/fr16104-vivonne-spain-1572/images/c105_f102r_L06_s1.jpg	181	44	29	33	sign
f102r_L06_b003	vivonne1573-f102r	f102r_L06	ciphers/fr16104-vivonne-spain-1572/images/c105_f102r_L06_s1.jpg	217	21	37	58	sign
f102r_L06_b004	vivonne1573-f102r	f102r_L06	ciphers/fr16104-vivonne-spain-1572/images/c105_f102r_L06_s1.jpg	276	6	39	88	sign
f102r_L06_b005	vivonne1573-f102r	f102r_L06	ciphers/fr16104-vivonne-spain-1572/images/c105_f102r_L06_s1.jpg	324	19	33	57	sign
f102r_L06_b007	vivonne1573-f102r	f102r_L06	ciphers/fr16104-vivonne-spain-1572/images/c105_f102r_L06_s1.jpg	359	46	42	52	sign
f102r_L06_b008	vivonne1573-f102r	f102r_L06	ciphers/fr16104-vivonne-spain-1572/images/c105_f102r_L06_s1.jpg	428	4	111	102	sign
f102r_L06_b010	vivonne1573-f102r	f102r_L06	ciphers/fr16104-vivonne-spain-1572/images/c105_f102r_L06_s1.jpg	537	49	53	30	sign
f102r_L06_b011	vivonne1573-f102r	f102r_L06	ciphers/fr16104-vivonne-spain-1572/images/c105_f102r_L06_s1.jpg	600	40	51	59	sign
f102r_L06_b012	vivonne1573-f102r	f102r_L06	ciphers/fr16104-vivonne-spain-1572/images/c105_f102r_L06_s1.jpg	665	42	66	32	sign
f102r_L06_b013	vivonne1573-f102r	f102r_L06	ciphers/fr16104-vivonne-spain-1572/images/c105_f102r_L06_s1.jpg	737	41	52	31	sign
f102r_L06_b014	vivonne1573-f102r	f102r_L06	ciphers/fr16104-vivonne-spain-1572/images/c105_f102r_L06_s1.jpg	811	38	27	44	sign
f102r_L06_b015	vivonne1573-f102r	f102r_L06	ciphers/fr16104-vivonne-spain-1572/images/c105_f102r_L06_s1.jpg	853	47	17	20	sign
f102r_L06_b016	vivonne1573-f102r	f102r_L06	ciphers/fr16104-vivonne-spain-1572/images/c105_f102r_L06_s1.jpg	884	44	21	23	sign
f102r_L06_b017	vivonne1573-f102r	f102r_L06	ciphers/fr16104-vivonne-spain-1572/images/c105_f102r_L06_s1.jpg	918	46	52	27	sign
f102r_L06_b019	vivonne1573-f102r	f102r_L06	ciphers/fr16104-vivonne-spain-1572/images/c105_f102r_L06_s1.jpg	973	38	79	66	sign
f102r_L06_b020	vivonne1573-f102r	f102r_L06	ciphers/fr16104-vivonne-spain-1572/images/c105_f102r_L06_s1.jpg	1049	12	40	58	sign
f102r_L06_b021	vivonne1573-f102r	f102r_L06	ciphers/fr16104-vivonne-spain-1572/images/c105_f102r_L06_s1.jpg	1098	40	31	29	sign
f102r_L06_b022	vivonne1573-f102r	f102r_L06	ciphers/fr16104-vivonne-spain-1572/images/c105_f102r_L06_s1.jpg	1131	11	31	58	sign
f102r_L06_b023	vivonne1573-f102r	f102r_L06	ciphers/fr16104-vivonne-spain-1572/images/c105_f102r_L06_s1.jpg	1173	24	81	82	sign
f102r_L06_b024	vivonne1573-f102r	f102r_L06	ciphers/fr16104-vivonne-spain-1572/images/c105_f102r_L06_s1.jpg	1271	39	64	36	sign
f102r_L06_b025	vivonne1573-f102r	f102r_L06	ciphers/fr16104-vivonne-spain-1572/images/c105_f102r_L06_s1.jpg	1338	28	33	51	sign
f102r_L06_b026	vivonne1573-f102r	f102r_L06	ciphers/fr16104-vivonne-spain-1572/images/c105_f102r_L06_s1.jpg	1376	15	98	85	sign
f102r_L06_b028a	vivonne1573-f102r	f102r_L06	ciphers/fr16104-vivonne-spain-1572/images/c105_f102r_L06_s2.jpg	153	13	55	80	sign
f102r_L06_b028b	vivonne1573-f102r	f102r_L06	ciphers/fr16104-vivonne-spain-1572/images/c105_f102r_L06_s2.jpg	208	26	30	47	sign
f102r_L06_b028c	vivonne1573-f102r	f102r_L06	ciphers/fr16104-vivonne-spain-1572/images/c105_f102r_L06_s2.jpg	238	13	89	80	sign
f102r_L06_b029	vivonne1573-f102r	f102r_L06	ciphers/fr16104-vivonne-spain-1572/images/c105_f102r_L06_s2.jpg	334	31	51	26	sign
f102r_L06_b030	vivonne1573-f102r	f102r_L06	ciphers/fr16104-vivonne-spain-1572/images/c105_f102r_L06_s2.jpg	402	12	32	56	sign
f102r_L06_b031	vivonne1573-f102r	f102r_L06	ciphers/fr16104-vivonne-spain-1572/images/c105_f102r_L06_s2.jpg	442	23	117	83	sign
f102r_L06_b032	vivonne1573-f102r	f102r_L06	ciphers/fr16104-vivonne-spain-1572/images/c105_f102r_L06_s2.jpg	554	26	57	28	sign
f102r_L06_b033	vivonne1573-f102r	f102r_L06	ciphers/fr16104-vivonne-spain-1572/images/c105_f102r_L06_s2.jpg	627	5	47	87	sign
f102r_L06_b034	vivonne1573-f102r	f102r_L06	ciphers/fr16104-vivonne-spain-1572/images/c105_f102r_L06_s2.jpg	676	6	53	59	sign
f102r_L06_b035	vivonne1573-f102r	f102r_L06	ciphers/fr16104-vivonne-spain-1572/images/c105_f102r_L06_s2.jpg	747	28	63	37	sign
f102r_L06_b036	vivonne1573-f102r	f102r_L06	ciphers/fr16104-vivonne-spain-1572/images/c105_f102r_L06_s2.jpg	814	25	34	50	sign
f102r_L06_b037	vivonne1573-f102r	f102r_L06	ciphers/fr16104-vivonne-spain-1572/images/c105_f102r_L06_s2.jpg	867	20	34	61	sign
f102r_L06_b038	vivonne1573-f102r	f102r_L06	ciphers/fr16104-vivonne-spain-1572/images/c105_f102r_L06_s2.jpg	905	32	35	49	sign
f102r_L06_b040	vivonne1573-f102r	f102r_L06	ciphers/fr16104-vivonne-spain-1572/images/c105_f102r_L06_s2.jpg	946	21	93	75	sign
f102r_L06_b041	vivonne1573-f102r	f102r_L06	ciphers/fr16104-vivonne-spain-1572/images/c105_f102r_L06_s2.jpg	1063	45	48	35	sign
f102r_L06_b042	vivonne1573-f102r	f102r_L06	ciphers/fr16104-vivonne-spain-1572/images/c105_f102r_L06_s2.jpg	1128	49	53	31	sign
f102r_L06_b043	vivonne1573-f102r	f102r_L06	ciphers/fr16104-vivonne-spain-1572/images/c105_f102r_L06_s2.jpg	1193	40	36	50	sign
f102r_L06_b044	vivonne1573-f102r	f102r_L06	ciphers/fr16104-vivonne-spain-1572/images/c105_f102r_L06_s2.jpg	1241	31	53	75	sign
f102r_L06_b045	vivonne1573-f102r	f102r_L06	ciphers/fr16104-vivonne-spain-1572/images/c105_f102r_L06_s2.jpg	1289	25	70	67	sign
f102r_L06_b046	vivonne1573-f102r	f102r_L06	ciphers/fr16104-vivonne-spain-1572/images/c105_f102r_L06_s2.jpg	1368	45	42	61	sign
f102r_L06_b047	vivonne1573-f102r	f102r_L06	ciphers/fr16104-vivonne-spain-1572/images/c105_f102r_L06_s2.jpg	1425	32	67	55	sign
f102r_L06_b048	vivonne1573-f102r	f102r_L06	ciphers/fr16104-vivonne-spain-1572/images/c105_f102r_L06_s2.jpg	1490	92	37	14	sign
f102r_L09_b001	vivonne1573-f102r	f102r_L09	ciphers/fr16104-vivonne-spain-1572/images/c105_f102r_L09_s1.jpg	152	21	97	99	sign
f102r_L09_b002	vivonne1573-f102r	f102r_L09	ciphers/fr16104-vivonne-spain-1572/images/c105_f102r_L09_s1.jpg	257	58	24	62	sign
f102r_L09_b004	vivonne1573-f102r	f102r_L09	ciphers/fr16104-vivonne-spain-1572/images/c105_f102r_L09_s1.jpg	296	54	65	31	sign
f102r_L09_b005	vivonne1573-f102r	f102r_L09	ciphers/fr16104-vivonne-spain-1572/images/c105_f102r_L09_s1.jpg	366	50	48	44	sign
f102r_L09_b006	vivonne1573-f102r	f102r_L09	ciphers/fr16104-vivonne-spain-1572/images/c105_f102r_L09_s1.jpg	439	52	60	31	sign
f102r_L09_b007	vivonne1573-f102r	f102r_L09	ciphers/fr16104-vivonne-spain-1572/images/c105_f102r_L09_s1.jpg	510	27	53	56	sign
f102r_L09_b008	vivonne1573-f102r	f102r_L09	ciphers/fr16104-vivonne-spain-1572/images/c105_f102r_L09_s1.jpg	560	0	101	19	sign
f102r_L09_b009	vivonne1573-f102r	f102r_L09	ciphers/fr16104-vivonne-spain-1572/images/c105_f102r_L09_s1.jpg	584	48	82	72	sign
f102r_L09_b010	vivonne1573-f102r	f102r_L09	ciphers/fr16104-vivonne-spain-1572/images/c105_f102r_L09_s1.jpg	691	51	55	28	sign
f102r_L09_b011	vivonne1573-f102r	f102r_L09	ciphers/fr16104-vivonne-spain-1572/images/c105_f102r_L09_s1.jpg	751	45	43	34	sign
f102r_L09_b012	vivonne1573-f102r	f102r_L09	ciphers/fr16104-vivonne-spain-1572/images/c105_f102r_L09_s1.jpg	802	50	16	25	sign
f102r_L09_b013	vivonne1573-f102r	f102r_L09	ciphers/fr16104-vivonne-spain-1572/images/c105_f102r_L09_s1.jpg	815	43	17	22	sign
f102r_L09_b014	vivonne1573-f102r	f102r_L09	ciphers/fr16104-vivonne-spain-1572/images/c105_f102r_L09_s1.jpg	837	47	95	63	sign
f102r_L09_b015	vivonne1573-f102r	f102r_L09	ciphers/fr16104-vivonne-spain-1572/images/c105_f102r_L09_s1.jpg	938	26	26	44	sign
f102r_L09_b016	vivonne1573-f102r	f102r_L09	ciphers/fr16104-vivonne-spain-1572/images/c105_f102r_L09_s1.jpg	975	27	41	81	sign
f102r_L09_b017	vivonne1573-f102r	f102r_L09	ciphers/fr16104-vivonne-spain-1572/images/c105_f102r_L09_s1.jpg	1035	35	54	60	sign
f102r_L09_b018	vivonne1573-f102r	f102r_L09	ciphers/fr16104-vivonne-spain-1572/images/c105_f102r_L09_s1.jpg	1111	43	51	33	sign
f102r_L09_b019	vivonne1573-f102r	f102r_L09	ciphers/fr16104-vivonne-spain-1572/images/c105_f102r_L09_s1.jpg	1184	3	100	78	sign
f102r_L09_b020	vivonne1573-f102r	f102r_L09	ciphers/fr16104-vivonne-spain-1572/images/c105_f102r_L09_s1.jpg	1304	40	72	32	sign
f102r_L09_b021	vivonne1573-f102r	f102r_L09	ciphers/fr16104-vivonne-spain-1572/images/c105_f102r_L09_s1.jpg	1388	25	48	95	sign
f102r_L09_b022	vivonne1573-f102r	f102r_L09	ciphers/fr16104-vivonne-spain-1572/images/c105_f102r_L09_s2.jpg	105	41	46	61	sign
f102r_L09_b023	vivonne1573-f102r	f102r_L09	ciphers/fr16104-vivonne-spain-1572/images/c105_f102r_L09_s2.jpg	163	42	69	32	sign
f102r_L09_b025	vivonne1573-f102r	f102r_L09	ciphers/fr16104-vivonne-spain-1572/images/c105_f102r_L09_s2.jpg	241	42	36	73	sign
f102r_L09_b026	vivonne1573-f102r	f102r_L09	ciphers/fr16104-vivonne-spain-1572/images/c105_f102r_L09_s2.jpg	304	38	18	37	sign
f102r_L09_b027	vivonne1573-f102r	f102r_L09	ciphers/fr16104-vivonne-spain-1572/images/c105_f102r_L09_s2.jpg	327	1	42	73	sign
f102r_L09_b028	vivonne1573-f102r	f102r_L09	ciphers/fr16104-vivonne-spain-1572/images/c105_f102r_L09_s2.jpg	382	38	67	33	sign
f102r_L09_b029	vivonne1573-f102r	f102r_L09	ciphers/fr16104-vivonne-spain-1572/images/c105_f102r_L09_s2.jpg	465	45	14	24	sign
f102r_L09_b030	vivonne1573-f102r	f102r_L09	ciphers/fr16104-vivonne-spain-1572/images/c105_f102r_L09_s2.jpg	482	39	27	25	sign
f102r_L09_b031	vivonne1573-f102r	f102r_L09	ciphers/fr16104-vivonne-spain-1572/images/c105_f102r_L09_s2.jpg	531	34	85	68	sign
f102r_L09_b032	vivonne1573-f102r	f102r_L09	ciphers/fr16104-vivonne-spain-1572/images/c105_f102r_L09_s2.jpg	614	40	75	37	sign
f102r_L09_b033	vivonne1573-f102r	f102r_L09	ciphers/fr16104-vivonne-spain-1572/images/c105_f102r_L09_s2.jpg	698	41	55	43	sign
f102r_L09_b034	vivonne1573-f102r	f102r_L09	ciphers/fr16104-vivonne-spain-1572/images/c105_f102r_L09_s2.jpg	775	44	73	39	sign
f102r_L09_b035	vivonne1573-f102r	f102r_L09	ciphers/fr16104-vivonne-spain-1572/images/c105_f102r_L09_s2.jpg	857	27	47	84	sign
f102r_L09_b036	vivonne1573-f102r	f102r_L09	ciphers/fr16104-vivonne-spain-1572/images/c105_f102r_L09_s2.jpg	913	53	64	29	sign
f102r_L09_b037	vivonne1573-f102r	f102r_L09	ciphers/fr16104-vivonne-spain-1572/images/c105_f102r_L09_s2.jpg	948	0	88	88	sign
f102r_L09_b038	vivonne1573-f102r	f102r_L09	ciphers/fr16104-vivonne-spain-1572/images/c105_f102r_L09_s2.jpg	1039	51	44	62	sign
f102r_L09_b039	vivonne1573-f102r	f102r_L09	ciphers/fr16104-vivonne-spain-1572/images/c105_f102r_L09_s2.jpg	1078	43	111	71	sign
f102r_L09_b040	vivonne1573-f102r	f102r_L09	ciphers/fr16104-vivonne-spain-1572/images/c105_f102r_L09_s2.jpg	1165	50	76	66	sign
f102r_L09_b041	vivonne1573-f102r	f102r_L09	ciphers/fr16104-vivonne-spain-1572/images/c105_f102r_L09_s2.jpg	1243	32	33	51	sign
f102r_L09_b042a	vivonne1573-f102r	f102r_L09	ciphers/fr16104-vivonne-spain-1572/images/c105_f102r_L09_s2.jpg	1285	0	52	109	sign
f102r_L09_b042b	vivonne1573-f102r	f102r_L09	ciphers/fr16104-vivonne-spain-1572/images/c105_f102r_L09_s2.jpg	1337	0	85	109	sign
f102r_L09_b042c	vivonne1573-f102r	f102r_L09	ciphers/fr16104-vivonne-spain-1572/images/c105_f102r_L09_s2.jpg	1422	0	25	109	sign
f102r_L09_b043	vivonne1573-f102r	f102r_L09	ciphers/fr16104-vivonne-spain-1572/images/c105_f102r_L09_s2.jpg	1450	22	121	65	sign
f102r_L11_b001	vivonne1573-f102r	f102r_L11	ciphers/fr16104-vivonne-spain-1572/images/c105_f102r_L11_s1.jpg	171	37	16	27	sign
f102r_L11_b002	vivonne1573-f102r	f102r_L11	ciphers/fr16104-vivonne-spain-1572/images/c105_f102r_L11_s1.jpg	209	10	42	57	sign
f102r_L11_b003	vivonne1573-f102r	f102r_L11	ciphers/fr16104-vivonne-spain-1572/images/c105_f102r_L11_s1.jpg	279	30	78	70	sign
f102r_L11_b004	vivonne1573-f102r	f102r_L11	ciphers/fr16104-vivonne-spain-1572/images/c105_f102r_L11_s1.jpg	376	28	30	49	sign
f102r_L11_b005	vivonne1573-f102r	f102r_L11	ciphers/fr16104-vivonne-spain-1572/images/c105_f102r_L11_s1.jpg	417	34	71	33	sign
f102r_L11_b007	vivonne1573-f102r	f102r_L11	ciphers/fr16104-vivonne-spain-1572/images/c105_f102r_L11_s1.jpg	506	0	31	63	sign
f102r_L11_b008	vivonne1573-f102r	f102r_L11	ciphers/fr16104-vivonne-spain-1572/images/c105_f102r_L11_s1.jpg	543	8	51	80	sign
f102r_L11_b009	vivonne1573-f102r	f102r_L11	ciphers/fr16104-vivonne-spain-1572/images/c105_f102r_L11_s1.jpg	612	15	47	56	sign
f102r_L11_b010	vivonne1573-f102r	f102r_L11	ciphers/fr16104-vivonne-spain-1572/images/c105_f102r_L11_s1.jpg	682	11	67	89	sign
f102r_L11_b011	vivonne1573-f102r	f102r_L11	ciphers/fr16104-vivonne-spain-1572/images/c105_f102r_L11_s1.jpg	758	37	53	63	sign
f102r_L11_b012	vivonne1573-f102r	f102r_L11	ciphers/fr16104-vivonne-spain-1572/images/c105_f102r_L11_s1.jpg	817	40	57	27	sign
f102r_L11_b013	vivonne1573-f102r	f102r_L11	ciphers/fr16104-vivonne-spain-1572/images/c105_f102r_L11_s1.jpg	879	0	45	70	sign
f102r_L11_b014	vivonne1573-f102r	f102r_L11	ciphers/fr16104-vivonne-spain-1572/images/c105_f102r_L11_s1.jpg	935	15	88	75	sign
f102r_L11_b015	vivonne1573-f102r	f102r_L11	ciphers/fr16104-vivonne-spain-1572/images/c105_f102r_L11_s1.jpg	1033	37	96	46	sign
f102r_L11_b016	vivonne1573-f102r	f102r_L11	ciphers/fr16104-vivonne-spain-1572/images/c105_f102r_L11_s1.jpg	1155	40	19	21	sign
f102r_L11_b017	vivonne1573-f102r	f102r_L11	ciphers/fr16104-vivonne-spain-1572/images/c105_f102r_L11_s1.jpg	1184	40	20	22	sign
f102r_L11_b018	vivonne1573-f102r	f102r_L11	ciphers/fr16104-vivonne-spain-1572/images/c105_f102r_L11_s1.jpg	1216	10	32	53	sign
f102r_L11_b019	vivonne1573-f102r	f102r_L11	ciphers/fr16104-vivonne-spain-1572/images/c105_f102r_L11_s1.jpg	1258	36	44	54	sign
f102r_L11_b020	vivonne1573-f102r	f102r_L11	ciphers/fr16104-vivonne-spain-1572/images/c105_f102r_L11_s1.jpg	1318	0	42	68	sign
f102r_L11_b021	vivonne1573-f102r	f102r_L11	ciphers/fr16104-vivonne-spain-1572/images/c105_f102r_L11_s1.jpg	1370	19	36	68	sign
f102r_L11_b022	vivonne1573-f102r	f102r_L11	ciphers/fr16104-vivonne-spain-1572/images/c105_f102r_L11_s1.jpg	1408	34	44	58	sign
f102r_L11_b023	vivonne1573-f102r	f102r_L11	ciphers/fr16104-vivonne-spain-1572/images/c105_f102r_L11_s1.jpg	1456	36	23	29	sign
f102r_L11_b024	vivonne1573-f102r	f102r_L11	ciphers/fr16104-vivonne-spain-1572/images/c105_f102r_L11_s2.jpg	119	35	100	65	sign
f102r_L11_b025	vivonne1573-f102r	f102r_L11	ciphers/fr16104-vivonne-spain-1572/images/c105_f102r_L11_s2.jpg	227	35	50	29	sign
f102r_L11_b026	vivonne1573-f102r	f102r_L11	ciphers/fr16104-vivonne-spain-1572/images/c105_f102r_L11_s2.jpg	304	41	19	18	sign
f102r_L11_b027	vivonne1573-f102r	f102r_L11	ciphers/fr16104-vivonne-spain-1572/images/c105_f102r_L11_s2.jpg	338	39	16	20	sign
f102r_L11_b028	vivonne1573-f102r	f102r_L11	ciphers/fr16104-vivonne-spain-1572/images/c105_f102r_L11_s2.jpg	371	35	50	28	sign
f102r_L11_b029	vivonne1573-f102r	f102r_L11	ciphers/fr16104-vivonne-spain-1572/images/c105_f102r_L11_s2.jpg	444	28	54	34	sign
f102r_L11_b030	vivonne1573-f102r	f102r_L11	ciphers/fr16104-vivonne-spain-1572/images/c105_f102r_L11_s2.jpg	514	0	98	97	sign
f102r_L11_b031	vivonne1573-f102r	f102r_L11	ciphers/fr16104-vivonne-spain-1572/images/c105_f102r_L11_s2.jpg	629	37	82	57	sign
f102r_L11_b032	vivonne1573-f102r	f102r_L11	ciphers/fr16104-vivonne-spain-1572/images/c105_f102r_L11_s2.jpg	718	33	62	67	sign
f102r_L11_b033	vivonne1573-f102r	f102r_L11	ciphers/fr16104-vivonne-spain-1572/images/c105_f102r_L11_s2.jpg	796	32	46	45	sign
f102r_L11_b034	vivonne1573-f102r	f102r_L11	ciphers/fr16104-vivonne-spain-1572/images/c105_f102r_L11_s2.jpg	849	30	42	45	sign
f102r_L11_b035	vivonne1573-f102r	f102r_L11	ciphers/fr16104-vivonne-spain-1572/images/c105_f102r_L11_s2.jpg	893	34	65	30	sign
f102r_L11_b036	vivonne1573-f102r	f102r_L11	ciphers/fr16104-vivonne-spain-1572/images/c105_f102r_L11_s2.jpg	964	6	29	57	sign
f102r_L11_b037	vivonne1573-f102r	f102r_L11	ciphers/fr16104-vivonne-spain-1572/images/c105_f102r_L11_s2.jpg	998	14	112	72	sign
f102r_L11_b038	vivonne1573-f102r	f102r_L11	ciphers/fr16104-vivonne-spain-1572/images/c105_f102r_L11_s2.jpg	1137	0	49	71	sign
f102r_L11_b039	vivonne1573-f102r	f102r_L11	ciphers/fr16104-vivonne-spain-1572/images/c105_f102r_L11_s2.jpg	1186	9	46	88	sign
f102r_L11_b040	vivonne1573-f102r	f102r_L11	ciphers/fr16104-vivonne-spain-1572/images/c105_f102r_L11_s2.jpg	1239	43	22	24	sign
f102r_L11_b041	vivonne1573-f102r	f102r_L11	ciphers/fr16104-vivonne-spain-1572/images/c105_f102r_L11_s2.jpg	1272	43	17	21	sign
f102r_L11_b042	vivonne1573-f102r	f102r_L11	ciphers/fr16104-vivonne-spain-1572/images/c105_f102r_L11_s2.jpg	1302	16	55	65	sign
f102r_L11_b043	vivonne1573-f102r	f102r_L11	ciphers/fr16104-vivonne-spain-1572/images/c105_f102r_L11_s2.jpg	1387	40	66	58	sign
f102r_L11_b044	vivonne1573-f102r	f102r_L11	ciphers/fr16104-vivonne-spain-1572/images/c105_f102r_L11_s2.jpg	1451	36	45	51	sign
f102r_L11_b045	vivonne1573-f102r	f102r_L11	ciphers/fr16104-vivonne-spain-1572/images/c105_f102r_L11_s2.jpg	1589	0	11	21	mark
f102r_L12_b001	vivonne1573-f102r	f102r_L12	ciphers/fr16104-vivonne-spain-1572/images/c105_f102r_L12_s1.jpg	150	0	20	69	sign
f102r_L12_b002	vivonne1573-f102r	f102r_L12	ciphers/fr16104-vivonne-spain-1572/images/c105_f102r_L12_s1.jpg	181	0	73	72	sign
f102r_L12_b003	vivonne1573-f102r	f102r_L12	ciphers/fr16104-vivonne-spain-1572/images/c105_f102r_L12_s1.jpg	254	0	83	89	sign
f102r_L12_b004	vivonne1573-f102r	f102r_L12	ciphers/fr16104-vivonne-spain-1572/images/c105_f102r_L12_s1.jpg	339	47	54	38	sign
f102r_L12_b005	vivonne1573-f102r	f102r_L12	ciphers/fr16104-vivonne-spain-1572/images/c105_f102r_L12_s1.jpg	401	50	54	74	sign
f102r_L12_b006	vivonne1573-f102r	f102r_L12	ciphers/fr16104-vivonne-spain-1572/images/c105_f102r_L12_s1.jpg	472	31	59	50	sign
f102r_L12_b007	vivonne1573-f102r	f102r_L12	ciphers/fr16104-vivonne-spain-1572/images/c105_f102r_L12_s1.jpg	544	40	49	38	sign
f102r_L12_b008	vivonne1573-f102r	f102r_L12	ciphers/fr16104-vivonne-spain-1572/images/c105_f102r_L12_s1.jpg	591	55	39	28	sign
f102r_L12_b009	vivonne1573-f102r	f102r_L12	ciphers/fr16104-vivonne-spain-1572/images/c105_f102r_L12_s1.jpg	631	54	17	25	sign
f102r_L12_b010	vivonne1573-f102r	f102r_L12	ciphers/fr16104-vivonne-spain-1572/images/c105_f102r_L12_s1.jpg	653	52	36	53	sign
f102r_L12_b011	vivonne1573-f102r	f102r_L12	ciphers/fr16104-vivonne-spain-1572/images/c105_f102r_L12_s1.jpg	695	58	22	42	sign
f102r_L12_b013	vivonne1573-f102r	f102r_L12	ciphers/fr16104-vivonne-spain-1572/images/c105_f102r_L12_s1.jpg	734	59	20	21	sign
f102r_L12_b014	vivonne1573-f102r	f102r_L12	ciphers/fr16104-vivonne-spain-1572/images/c105_f102r_L12_s1.jpg	772	54	48	29	sign
f102r_L12_b015	vivonne1573-f102r	f102r_L12	ciphers/fr16104-vivonne-spain-1572/images/c105_f102r_L12_s1.jpg	783	118	36	6	sign
f102r_L12_b016	vivonne1573-f102r	f102r_L12	ciphers/fr16104-vivonne-spain-1572/images/c105_f102r_L12_s1.jpg	834	46	40	46	sign
f102r_L12_b017	vivonne1573-f102r	f102r_L12	ciphers/fr16104-vivonne-spain-1572/images/c105_f102r_L12_s1.jpg	879	53	79	71	sign
f102r_L12_b018	vivonne1573-f102r	f102r_L12	ciphers/fr16104-vivonne-spain-1572/images/c105_f102r_L12_s1.jpg	964	41	44	42	sign
f102r_L12_b019	vivonne1573-f102r	f102r_L12	ciphers/fr16104-vivonne-spain-1572/images/c105_f102r_L12_s1.jpg	1009	23	33	58	sign
f102r_L12_b020	vivonne1573-f102r	f102r_L12	ciphers/fr16104-vivonne-spain-1572/images/c105_f102r_L12_s1.jpg	1048	48	63	40	sign
f102r_L12_b021	vivonne1573-f102r	f102r_L12	ciphers/fr16104-vivonne-spain-1572/images/c105_f102r_L12_s1.jpg	1123	30	49	54	sign
f102r_L12_b022	vivonne1573-f102r	f102r_L12	ciphers/fr16104-vivonne-spain-1572/images/c105_f102r_L12_s1.jpg	1178	21	30	57	sign
f102r_L12_b023	vivonne1573-f102r	f102r_L12	ciphers/fr16104-vivonne-spain-1572/images/c105_f102r_L12_s1.jpg	1223	46	69	31	sign
f102r_L12_b024	vivonne1573-f102r	f102r_L12	ciphers/fr16104-vivonne-spain-1572/images/c105_f102r_L12_s1.jpg	1262	45	73	61	sign
f102r_L12_b025	vivonne1573-f102r	f102r_L12	ciphers/fr16104-vivonne-spain-1572/images/c105_f102r_L12_s1.jpg	1304	5	86	69	sign
f102r_L12_b026	vivonne1573-f102r	f102r_L12	ciphers/fr16104-vivonne-spain-1572/images/c105_f102r_L12_s1.jpg	1387	96	19	30	sign
f102r_L12_b027	vivonne1573-f102r	f102r_L12	ciphers/fr16104-vivonne-spain-1572/images/c105_f102r_L12_s1.jpg	1398	24	34	51	sign
f102r_L12_b028	vivonne1573-f102r	f102r_L12	ciphers/fr16104-vivonne-spain-1572/images/c105_f102r_L12_s1.jpg	1445	29	57	76	sign
f102r_L12_b029	vivonne1573-f102r	f102r_L12	ciphers/fr16104-vivonne-spain-1572/images/c105_f102r_L12_s2.jpg	153	37	49	54	sign
f102r_L12_b030	vivonne1573-f102r	f102r_L12	ciphers/fr16104-vivonne-spain-1572/images/c105_f102r_L12_s2.jpg	209	48	86	76	sign
f102r_L12_b031	vivonne1573-f102r	f102r_L12	ciphers/fr16104-vivonne-spain-1572/images/c105_f102r_L12_s2.jpg	287	41	41	46	sign
f102r_L12_b032	vivonne1573-f102r	f102r_L12	ciphers/fr16104-vivonne-spain-1572/images/c105_f102r_L12_s2.jpg	348	4	40	73	sign
f102r_L12_b033	vivonne1573-f102r	f102r_L12	ciphers/fr16104-vivonne-spain-1572/images/c105_f102r_L12_s2.jpg	393	9	32	68	sign
f102r_L12_b034	vivonne1573-f102r	f102r_L12	ciphers/fr16104-vivonne-spain-1572/images/c105_f102r_L12_s2.jpg	411	52	123	69	sign
f102r_L12_b035	vivonne1573-f102r	f102r_L12	ciphers/fr16104-vivonne-spain-1572/images/c105_f102r_L12_s2.jpg	544	52	50	27	sign
f102r_L12_b036	vivonne1573-f102r	f102r_L12	ciphers/fr16104-vivonne-spain-1572/images/c105_f102r_L12_s2.jpg	570	52	58	72	sign
f102r_L12_b038	vivonne1573-f102r	f102r_L12	ciphers/fr16104-vivonne-spain-1572/images/c105_f102r_L12_s2.jpg	645	38	78	37	sign
f102r_L12_b039	vivonne1573-f102r	f102r_L12	ciphers/fr16104-vivonne-spain-1572/images/c105_f102r_L12_s2.jpg	734	0	35	79	sign
f102r_L12_b040	vivonne1573-f102r	f102r_L12	ciphers/fr16104-vivonne-spain-1572/images/c105_f102r_L12_s2.jpg	778	27	45	85	sign
f102r_L12_b041	vivonne1573-f102r	f102r_L12	ciphers/fr16104-vivonne-spain-1572/images/c105_f102r_L12_s2.jpg	832	48	59	29	sign
f102r_L12_b042	vivonne1573-f102r	f102r_L12	ciphers/fr16104-vivonne-spain-1572/images/c105_f102r_L12_s2.jpg	868	51	54	71	sign
f102r_L12_b044	vivonne1573-f102r	f102r_L12	ciphers/fr16104-vivonne-spain-1572/images/c105_f102r_L12_s2.jpg	930	48	54	29	sign
f102r_L12_b045	vivonne1573-f102r	f102r_L12	ciphers/fr16104-vivonne-spain-1572/images/c105_f102r_L12_s2.jpg	995	49	53	66	sign
f102r_L12_b046	vivonne1573-f102r	f102r_L12	ciphers/fr16104-vivonne-spain-1572/images/c105_f102r_L12_s2.jpg	1064	52	58	33	sign
f102r_L12_b047	vivonne1573-f102r	f102r_L12	ciphers/fr16104-vivonne-spain-1572/images/c105_f102r_L12_s2.jpg	1134	37	36	57	sign
f102r_L12_b048	vivonne1573-f102r	f102r_L12	ciphers/fr16104-vivonne-spain-1572/images/c105_f102r_L12_s2.jpg	1172	9	45	73	sign
f102r_L12_b049	vivonne1573-f102r	f102r_L12	ciphers/fr16104-vivonne-spain-1572/images/c105_f102r_L12_s2.jpg	1226	48	68	35	sign
f102r_L12_b050	vivonne1573-f102r	f102r_L12	ciphers/fr16104-vivonne-spain-1572/images/c105_f102r_L12_s2.jpg	1260	51	81	72	sign
f102r_L12_b051	vivonne1573-f102r	f102r_L12	ciphers/fr16104-vivonne-spain-1572/images/c105_f102r_L12_s2.jpg	1345	14	39	66	sign
f102r_L12_b052	vivonne1573-f102r	f102r_L12	ciphers/fr16104-vivonne-spain-1572/images/c105_f102r_L12_s2.jpg	1391	24	27	59	sign
f102r_L12_b053	vivonne1573-f102r	f102r_L12	ciphers/fr16104-vivonne-spain-1572/images/c105_f102r_L12_s2.jpg	1409	57	33	57	sign
f102r_L12_b054	vivonne1573-f102r	f102r_L12	ciphers/fr16104-vivonne-spain-1572/images/c105_f102r_L12_s2.jpg	1444	25	52	68	sign
f102r_L12_b055	vivonne1573-f102r	f102r_L12	ciphers/fr16104-vivonne-spain-1572/images/c105_f102r_L12_s2.jpg	1514	52	31	25	sign
f102r_L12_b056	vivonne1573-f102r	f102r_L12	ciphers/fr16104-vivonne-spain-1572/images/c105_f102r_L12_s2.jpg	1545	52	17	30	sign
f102r_L12_b057	vivonne1573-f102r	f102r_L12	ciphers/fr16104-vivonne-spain-1572/images/c105_f102r_L12_s2.jpg	1582	7	20	53	sign
f102r_L15_b001	vivonne1573-f102r	f102r_L15	ciphers/fr16104-vivonne-spain-1572/images/c105_f102r_L15_s1.jpg	143	54	23	27	sign
f102r_L15_b002	vivonne1573-f102r	f102r_L15	ciphers/fr16104-vivonne-spain-1572/images/c105_f102r_L15_s1.jpg	183	58	17	21	sign
f102r_L15_b003	vivonne1573-f102r	f102r_L15	ciphers/fr16104-vivonne-spain-1572/images/c105_f102r_L15_s1.jpg	200	14	61	66	sign
f102r_L15_b004	vivonne1573-f102r	f102r_L15	ciphers/fr16104-vivonne-spain-1572/images/c105_f102r_L15_s1.jpg	255	14	111	84	sign
f102r_L15_b005	vivonne1573-f102r	f102r_L15	ciphers/fr16104-vivonne-spain-1572/images/c105_f102r_L15_s1.jpg	376	49	56	33	sign
f102r_L15_b006	vivonne1573-f102r	f102r_L15	ciphers/fr16104-vivonne-spain-1572/images/c105_f102r_L15_s1.jpg	455	29	96	74	sign
f102r_L15_b007	vivonne1573-f102r	f102r_L15	ciphers/fr16104-vivonne-spain-1572/images/c105_f102r_L15_s1.jpg	579	30	46	63	sign
f102r_L15_b009	vivonne1573-f102r	f102r_L15	ciphers/fr16104-vivonne-spain-1572/images/c105_f102r_L15_s1.jpg	622	14	34	63	sign
f102r_L15_b010	vivonne1573-f102r	f102r_L15	ciphers/fr16104-vivonne-spain-1572/images/c105_f102r_L15_s1.jpg	673	39	41	51	sign
f102r_L15_b011	vivonne1573-f102r	f102r_L15	ciphers/fr16104-vivonne-spain-1572/images/c105_f102r_L15_s1.jpg	721	24	58	56	sign
f102r_L15_b012	vivonne1573-f102r	f102r_L15	ciphers/fr16104-vivonne-spain-1572/images/c105_f102r_L15_s1.jpg	795	32	61	80	sign
f102r_L15_b013	vivonne1573-f102r	f102r_L15	ciphers/fr16104-vivonne-spain-1572/images/c105_f102r_L15_s1.jpg	859	2	39	66	sign
f102r_L15_b014	vivonne1573-f102r	f102r_L15	ciphers/fr16104-vivonne-spain-1572/images/c105_f102r_L15_s1.jpg	913	36	65	36	sign
f102r_L15_b015	vivonne1573-f102r	f102r_L15	ciphers/fr16104-vivonne-spain-1572/images/c105_f102r_L15_s1.jpg	997	30	49	56	sign
f102r_L15_b016	vivonne1573-f102r	f102r_L15	ciphers/fr16104-vivonne-spain-1572/images/c105_f102r_L15_s1.jpg	1047	40	92	70	sign
f102r_L15_b017	vivonne1573-f102r	f102r_L15	ciphers/fr16104-vivonne-spain-1572/images/c105_f102r_L15_s1.jpg	1157	31	53	43	sign
f102r_L15_b018	vivonne1573-f102r	f102r_L15	ciphers/fr16104-vivonne-spain-1572/images/c105_f102r_L15_s1.jpg	1216	29	73	36	sign
f102r_L15_b019	vivonne1573-f102r	f102r_L15	ciphers/fr16104-vivonne-spain-1572/images/c105_f102r_L15_s1.jpg	1285	35	82	77	sign
f102r_L15_b020	vivonne1573-f102r	f102r_L15	ciphers/fr16104-vivonne-spain-1572/images/c105_f102r_L15_s1.jpg	1375	25	46	40	sign
f102r_L15_b021	vivonne1573-f102r	f102r_L15	ciphers/fr16104-vivonne-spain-1572/images/c105_f102r_L15_s1.jpg	1417	0	39	68	sign
f102r_L15_b022	vivonne1573-f102r	f102r_L15	ciphers/fr16104-vivonne-spain-1572/images/c105_f102r_L15_s2.jpg	113	31	53	43	sign
f102r_L15_b023	vivonne1573-f102r	f102r_L15	ciphers/fr16104-vivonne-spain-1572/images/c105_f102r_L15_s2.jpg	187	21	51	72	sign
f102r_L15_b024	vivonne1573-f102r	f102r_L15	ciphers/fr16104-vivonne-spain-1572/images/c105_f102r_L15_s2.jpg	248	37	55	31	sign
f102r_L15_b025	vivonne1573-f102r	f102r_L15	ciphers/fr16104-vivonne-spain-1572/images/c105_f102r_L15_s2.jpg	408	36	63	31	sign
f102r_L15_b026	vivonne1573-f102r	f102r_L15	ciphers/fr16104-vivonne-spain-1572/images/c105_f102r_L15_s2.jpg	480	30	57	47	sign
f102r_L15_b027	vivonne1573-f102r	f102r_L15	ciphers/fr16104-vivonne-spain-1572/images/c105_f102r_L15_s2.jpg	554	0	52	73	sign
f102r_L15_b028	vivonne1573-f102r	f102r_L15	ciphers/fr16104-vivonne-spain-1572/images/c105_f102r_L15_s2.jpg	603	35	35	49	sign
f102r_L15_b029	vivonne1573-f102r	f102r_L15	ciphers/fr16104-vivonne-spain-1572/images/c105_f102r_L15_s2.jpg	652	19	62	68	sign
f102r_L15_b030	vivonne1573-f102r	f102r_L15	ciphers/fr16104-vivonne-spain-1572/images/c105_f102r_L15_s2.jpg	717	22	46	86	sign
f102r_L15_b031	vivonne1573-f102r	f102r_L15	ciphers/fr16104-vivonne-spain-1572/images/c105_f102r_L15_s2.jpg	775	0	49	86	sign
f102r_L15_b032	vivonne1573-f102r	f102r_L15	ciphers/fr16104-vivonne-spain-1572/images/c105_f102r_L15_s2.jpg	801	48	58	64	sign
f102r_L15_b033	vivonne1573-f102r	f102r_L15	ciphers/fr16104-vivonne-spain-1572/images/c105_f102r_L15_s2.jpg	861	48	65	64	sign
f102r_L15_b034	vivonne1573-f102r	f102r_L15	ciphers/fr16104-vivonne-spain-1572/images/c105_f102r_L15_s2.jpg	936	22	44	81	sign
f102r_L15_b035	vivonne1573-f102r	f102r_L15	ciphers/fr16104-vivonne-spain-1572/images/c105_f102r_L15_s2.jpg	988	48	20	25	sign
f102r_L15_b036	vivonne1573-f102r	f102r_L15	ciphers/fr16104-vivonne-spain-1572/images/c105_f102r_L15_s2.jpg	1019	48	19	23	sign
f102r_L15_b037	vivonne1573-f102r	f102r_L15	ciphers/fr16104-vivonne-spain-1572/images/c105_f102r_L15_s2.jpg	1045	23	40	60	sign
f102r_L15_b038	vivonne1573-f102r	f102r_L15	ciphers/fr16104-vivonne-spain-1572/images/c105_f102r_L15_s2.jpg	1090	21	78	91	sign
f102r_L15_b039	vivonne1573-f102r	f102r_L15	ciphers/fr16104-vivonne-spain-1572/images/c105_f102r_L15_s2.jpg	1179	36	50	42	sign
f102r_L15_b040	vivonne1573-f102r	f102r_L15	ciphers/fr16104-vivonne-spain-1572/images/c105_f102r_L15_s2.jpg	1241	44	53	55	sign
f102r_L15_b041	vivonne1573-f102r	f102r_L15	ciphers/fr16104-vivonne-spain-1572/images/c105_f102r_L15_s2.jpg	1287	45	90	58	sign
f102r_L15_b042	vivonne1573-f102r	f102r_L15	ciphers/fr16104-vivonne-spain-1572/images/c105_f102r_L15_s2.jpg	1366	2	57	78	sign
f102r_L15_b043	vivonne1573-f102r	f102r_L15	ciphers/fr16104-vivonne-spain-1572/images/c105_f102r_L15_s2.jpg	1429	41	45	64	sign
f102r_L15_b044	vivonne1573-f102r	f102r_L15	ciphers/fr16104-vivonne-spain-1572/images/c105_f102r_L15_s2.jpg	1482	94	62	18	sign
f102r_L15_b045	vivonne1573-f102r	f102r_L15	ciphers/fr16104-vivonne-spain-1572/images/c105_f102r_L15_s2.jpg	1582	50	18	40	sign
f102r_L17_b002	vivonne1573-f102r	f102r_L17	ciphers/fr16104-vivonne-spain-1572/images/c105_f102r_L17_s1.jpg	141	51	111	73	sign
f102r_L17_b004	vivonne1573-f102r	f102r_L17	ciphers/fr16104-vivonne-spain-1572/images/c105_f102r_L17_s1.jpg	266	62	56	36	sign
f102r_L17_b005	vivonne1573-f102r	f102r_L17	ciphers/fr16104-vivonne-spain-1572/images/c105_f102r_L17_s1.jpg	330	57	85	67	sign
f102r_L17_b006	vivonne1573-f102r	f102r_L17	ciphers/fr16104-vivonne-spain-1572/images/c105_f102r_L17_s1.jpg	419	48	70	35	sign
f102r_L17_b007	vivonne1573-f102r	f102r_L17	ciphers/fr16104-vivonne-spain-1572/images/c105_f102r_L17_s1.jpg	506	21	52	81	sign
f102r_L17_b008	vivonne1573-f102r	f102r_L17	ciphers/fr16104-vivonne-spain-1572/images/c105_f102r_L17_s1.jpg	551	47	103	77	sign
f102r_L17_b009	vivonne1573-f102r	f102r_L17	ciphers/fr16104-vivonne-spain-1572/images/c105_f102r_L17_s1.jpg	653	47	28	71	sign
f102r_L17_b011	vivonne1573-f102r	f102r_L17	ciphers/fr16104-vivonne-spain-1572/images/c105_f102r_L17_s1.jpg	680	50	104	59	sign
f102r_L17_b012	vivonne1573-f102r	f102r_L17	ciphers/fr16104-vivonne-spain-1572/images/c105_f102r_L17_s1.jpg	785	35	46	52	sign
f102r_L17_b013	vivonne1573-f102r	f102r_L17	ciphers/fr16104-vivonne-spain-1572/images/c105_f102r_L17_s1.jpg	839	39	49	64	sign
f102r_L17_b014	vivonne1573-f102r	f102r_L17	ciphers/fr16104-vivonne-spain-1572/images/c105_f102r_L17_s1.jpg	893	6	47	86	sign
f102r_L17_b015	vivonne1573-f102r	f102r_L17	ciphers/fr16104-vivonne-spain-1572/images/c105_f102r_L17_s1.jpg	951	0	117	98	sign
f102r_L17_b016	vivonne1573-f102r	f102r_L17	ciphers/fr16104-vivonne-spain-1572/images/c105_f102r_L17_s1.jpg	1087	16	46	80	sign
f102r_L17_b017	vivonne1573-f102r	f102r_L17	ciphers/fr16104-vivonne-spain-1572/images/c105_f102r_L17_s1.jpg	1145	10	46	108	sign
f102r_L17_b018	vivonne1573-f102r	f102r_L17	ciphers/fr16104-vivonne-spain-1572/images/c105_f102r_L17_s1.jpg	1201	42	53	29	sign
f102r_L17_b019	vivonne1573-f102r	f102r_L17	ciphers/fr16104-vivonne-spain-1572/images/c105_f102r_L17_s1.jpg	1274	43	41	57	sign
f102r_L17_b020	vivonne1573-f102r	f102r_L17	ciphers/fr16104-vivonne-spain-1572/images/c105_f102r_L17_s1.jpg	1317	47	33	27	sign
f102r_L17_b021	vivonne1573-f102r	f102r_L17	ciphers/fr16104-vivonne-spain-1572/images/c105_f102r_L17_s1.jpg	1354	46	11	23	sign
f102r_L17_b022	vivonne1573-f102r	f102r_L17	ciphers/fr16104-vivonne-spain-1572/images/c105_f102r_L17_s1.jpg	1384	51	18	19	sign
f102r_L17_b023	vivonne1573-f102r	f102r_L17	ciphers/fr16104-vivonne-spain-1572/images/c105_f102r_L17_s1.jpg	1418	48	17	21	sign
f102r_L17_b024	vivonne1573-f102r	f102r_L17	ciphers/fr16104-vivonne-spain-1572/images/c105_f102r_L17_s2.jpg	104	46	48	44	sign
f102r_L17_b025	vivonne1573-f102r	f102r_L17	ciphers/fr16104-vivonne-spain-1572/images/c105_f102r_L17_s2.jpg	164	42	35	34	sign
f102r_L17_b026	vivonne1573-f102r	f102r_L17	ciphers/fr16104-vivonne-spain-1572/images/c105_f102r_L17_s2.jpg	229	39	36	46	sign
f102r_L17_b027	vivonne1573-f102r	f102r_L17	ciphers/fr16104-vivonne-spain-1572/images/c105_f102r_L17_s2.jpg	272	43	62	81	sign
f102r_L17_b028	vivonne1573-f102r	f102r_L17	ciphers/fr16104-vivonne-spain-1572/images/c105_f102r_L17_s2.jpg	338	38	29	45	sign
f102r_L17_b029	vivonne1573-f102r	f102r_L17	ciphers/fr16104-vivonne-spain-1572/images/c105_f102r_L17_s2.jpg	370	22	98	95	sign
f102r_L17_b030	vivonne1573-f102r	f102r_L17	ciphers/fr16104-vivonne-spain-1572/images/c105_f102r_L17_s2.jpg	474	48	56	29	sign
f102r_L17_b032	vivonne1573-f102r	f102r_L17	ciphers/fr16104-vivonne-spain-1572/images/c105_f102r_L17_s2.jpg	536	0	41	75	sign
f102r_L17_b033a	vivonne1573-f102r	f102r_L17	ciphers/fr16104-vivonne-spain-1572/images/c105_f102r_L17_s2.jpg	597	23	68	92	sign
f102r_L17_b033b	vivonne1573-f102r	f102r_L17	ciphers/fr16104-vivonne-spain-1572/images/c105_f102r_L17_s2.jpg	665	23	28	92	sign
f102r_L17_b033c	vivonne1573-f102r	f102r_L17	ciphers/fr16104-vivonne-spain-1572/images/c105_f102r_L17_s2.jpg	693	23	43	92	sign
f102r_L17_b034	vivonne1573-f102r	f102r_L17	ciphers/fr16104-vivonne-spain-1572/images/c105_f102r_L17_s2.jpg	709	54	59	40	sign
f102r_L17_b035	vivonne1573-f102r	f102r_L17	ciphers/fr16104-vivonne-spain-1572/images/c105_f102r_L17_s2.jpg	770	60	58	31	sign
f102r_L17_b036	vivonne1573-f102r	f102r_L17	ciphers/fr16104-vivonne-spain-1572/images/c105_f102r_L17_s2.jpg	841	58	42	66	sign
f102r_L17_b037	vivonne1573-f102r	f102r_L17	ciphers/fr16104-vivonne-spain-1572/images/c105_f102r_L17_s2.jpg	895	14	82	97	sign
f102r_L17_b038	vivonne1573-f102r	f102r_L17	ciphers/fr16104-vivonne-spain-1572/images/c105_f102r_L17_s2.jpg	990	56	22	27	sign
f102r_L17_b039	vivonne1573-f102r	f102r_L17	ciphers/fr16104-vivonne-spain-1572/images/c105_f102r_L17_s2.jpg	1032	30	71	60	sign
f102r_L17_b040	vivonne1573-f102r	f102r_L17	ciphers/fr16104-vivonne-spain-1572/images/c105_f102r_L17_s2.jpg	1106	0	55	86	sign
f102r_L17_b041a	vivonne1573-f102r	f102r_L17	ciphers/fr16104-vivonne-spain-1572/images/c105_f102r_L17_s2.jpg	1163	31	99	79	sign
f102r_L17_b041b	vivonne1573-f102r	f102r_L17	ciphers/fr16104-vivonne-spain-1572/images/c105_f102r_L17_s2.jpg	1262	31	39	79	sign
f102r_L17_b041c	vivonne1573-f102r	f102r_L17	ciphers/fr16104-vivonne-spain-1572/images/c105_f102r_L17_s2.jpg	1301	31	25	79	sign
f102r_L17_b042	vivonne1573-f102r	f102r_L17	ciphers/fr16104-vivonne-spain-1572/images/c105_f102r_L17_s2.jpg	1322	53	98	71	sign
f102r_L17_b043	vivonne1573-f102r	f102r_L17	ciphers/fr16104-vivonne-spain-1572/images/c105_f102r_L17_s2.jpg	1428	56	38	25	sign
f102r_L17_b044	vivonne1573-f102r	f102r_L17	ciphers/fr16104-vivonne-spain-1572/images/c105_f102r_L17_s2.jpg	1466	0	62	79	sign
f102r_L17_b045	vivonne1573-f102r	f102r_L17	ciphers/fr16104-vivonne-spain-1572/images/c105_f102r_L17_s2.jpg	1522	29	48	60	sign
f102r_L21_b001	vivonne1573-f102r	f102r_L21	ciphers/fr16104-vivonne-spain-1572/images/c105_f102r_L21_s1.jpg	142	55	19	31	sign
f102r_L21_b003	vivonne1573-f102r	f102r_L21	ciphers/fr16104-vivonne-spain-1572/images/c105_f102r_L21_s1.jpg	160	49	59	34	sign
f102r_L21_b004	vivonne1573-f102r	f102r_L21	ciphers/fr16104-vivonne-spain-1572/images/c105_f102r_L21_s1.jpg	244	54	80	54	sign
f102r_L21_b005	vivonne1573-f102r	f102r_L21	ciphers/fr16104-vivonne-spain-1572/images/c105_f102r_L21_s1.jpg	333	52	58	35	sign
f102r_L21_b006	vivonne1573-f102r	f102r_L21	ciphers/fr16104-vivonne-spain-1572/images/c105_f102r_L21_s1.jpg	393	51	38	56	sign
f102r_L21_b007	vivonne1573-f102r	f102r_L21	ciphers/fr16104-vivonne-spain-1572/images/c105_f102r_L21_s1.jpg	437	0	45	99	sign
f102r_L21_b008	vivonne1573-f102r	f102r_L21	ciphers/fr16104-vivonne-spain-1572/images/c105_f102r_L21_s1.jpg	490	47	20	25	sign
f102r_L21_b009	vivonne1573-f102r	f102r_L21	ciphers/fr16104-vivonne-spain-1572/images/c105_f102r_L21_s1.jpg	524	46	19	24	sign
f102r_L21_b010	vivonne1573-f102r	f102r_L21	ciphers/fr16104-vivonne-spain-1572/images/c105_f102r_L21_s1.jpg	549	19	68	65	sign
f102r_L21_b011	vivonne1573-f102r	f102r_L21	ciphers/fr16104-vivonne-spain-1572/images/c105_f102r_L21_s1.jpg	621	38	51	60	sign
f102r_L21_b012	vivonne1573-f102r	f102r_L21	ciphers/fr16104-vivonne-spain-1572/images/c105_f102r_L21_s1.jpg	685	40	52	30	sign
f102r_L21_b013	vivonne1573-f102r	f102r_L21	ciphers/fr16104-vivonne-spain-1572/images/c105_f102r_L21_s1.jpg	754	21	42	59	sign
f102r_L21_b014	vivonne1573-f102r	f102r_L21	ciphers/fr16104-vivonne-spain-1572/images/c105_f102r_L21_s1.jpg	792	18	46	47	sign
f102r_L21_b015	vivonne1573-f102r	f102r_L21	ciphers/fr16104-vivonne-spain-1572/images/c105_f102r_L21_s1.jpg	851	34	44	64	sign
f102r_L21_b016	vivonne1573-f102r	f102r_L21	ciphers/fr16104-vivonne-spain-1572/images/c105_f102r_L21_s1.jpg	901	13	52	58	sign
f102r_L21_b017	vivonne1573-f102r	f102r_L21	ciphers/fr16104-vivonne-spain-1572/images/c105_f102r_L21_s1.jpg	956	26	73	74	sign
f102r_L21_b018	vivonne1573-f102r	f102r_L21	ciphers/fr16104-vivonne-spain-1572/images/c105_f102r_L21_s1.jpg	1011	0	55	65	sign
f102r_L21_b020	vivonne1573-f102r	f102r_L21	ciphers/fr16104-vivonne-spain-1572/images/c105_f102r_L21_s1.jpg	1081	29	61	33	sign
f102r_L21_b021	vivonne1573-f102r	f102r_L21	ciphers/fr16104-vivonne-spain-1572/images/c105_f102r_L21_s1.jpg	1147	9	48	60	sign
f102r_L21_b022a	vivonne1573-f102r	f102r_L21	ciphers/fr16104-vivonne-spain-1572/images/c105_f102r_L21_s1.jpg	1199	19	66	74	sign
f102r_L21_b022b	vivonne1573-f102r	f102r_L21	ciphers/fr16104-vivonne-spain-1572/images/c105_f102r_L21_s1.jpg	1265	19	47	74	sign
f102r_L21_b022c	vivonne1573-f102r	f102r_L21	ciphers/fr16104-vivonne-spain-1572/images/c105_f102r_L21_s1.jpg	1312	19	53	74	sign
f102r_L21_b023	vivonne1573-f102r	f102r_L21	ciphers/fr16104-vivonne-spain-1572/images/c105_f102r_L21_s1.jpg	1385	28	65	33	sign
f102r_L21_b024	vivonne1573-f102r	f102r_L21	ciphers/fr16104-vivonne-spain-1572/images/c105_f102r_L21_s2.jpg	107	23	65	35	sign
f102r_L21_b025	vivonne1573-f102r	f102r_L21	ciphers/fr16104-vivonne-spain-1572/images/c105_f102r_L21_s2.jpg	173	25	47	35	sign
f102r_L21_b026	vivonne1573-f102r	f102r_L21	ciphers/fr16104-vivonne-spain-1572/images/c105_f102r_L21_s2.jpg	229	10	51	59	sign
f102r_L21_b027	vivonne1573-f102r	f102r_L21	ciphers/fr16104-vivonne-spain-1572/images/c105_f102r_L21_s2.jpg	280	27	100	78	sign
f102r_L21_b028	vivonne1573-f102r	f102r_L21	ciphers/fr16104-vivonne-spain-1572/images/c105_f102r_L21_s2.jpg	395	8	43	80	sign
f102r_L21_b029	vivonne1573-f102r	f102r_L21	ciphers/fr16104-vivonne-spain-1572/images/c105_f102r_L21_s2.jpg	438	23	56	61	sign
f102r_L21_b030	vivonne1573-f102r	f102r_L21	ciphers/fr16104-vivonne-spain-1572/images/c105_f102r_L21_s2.jpg	495	0	57	61	sign
f102r_L21_b031	vivonne1573-f102r	f102r_L21	ciphers/fr16104-vivonne-spain-1572/images/c105_f102r_L21_s2.jpg	567	20	88	77	sign
f102r_L21_b032	vivonne1573-f102r	f102r_L21	ciphers/fr16104-vivonne-spain-1572/images/c105_f102r_L21_s2.jpg	629	42	57	66	sign
f102r_L21_b034	vivonne1573-f102r	f102r_L21	ciphers/fr16104-vivonne-spain-1572/images/c105_f102r_L21_s2.jpg	688	30	75	39	sign
f102r_L21_b035	vivonne1573-f102r	f102r_L21	ciphers/fr16104-vivonne-spain-1572/images/c105_f102r_L21_s2.jpg	775	12	107	93	sign
f102r_L21_b036	vivonne1573-f102r	f102r_L21	ciphers/fr16104-vivonne-spain-1572/images/c105_f102r_L21_s2.jpg	865	48	105	60	sign
f102r_L21_b037	vivonne1573-f102r	f102r_L21	ciphers/fr16104-vivonne-spain-1572/images/c105_f102r_L21_s2.jpg	984	49	62	34	sign
f102r_L21_b038	vivonne1573-f102r	f102r_L21	ciphers/fr16104-vivonne-spain-1572/images/c105_f102r_L21_s2.jpg	1060	0	38	9	mark
f102r_L21_b039	vivonne1573-f102r	f102r_L21	ciphers/fr16104-vivonne-spain-1572/images/c105_f102r_L21_s2.jpg	1120	44	70	33	sign
f102r_L21_b040	vivonne1573-f102r	f102r_L21	ciphers/fr16104-vivonne-spain-1572/images/c105_f102r_L21_s2.jpg	1201	43	42	65	sign
f102r_L21_b041a	vivonne1573-f102r	f102r_L21	ciphers/fr16104-vivonne-spain-1572/images/c105_f102r_L21_s2.jpg	1242	20	26	66	sign
f102r_L21_b041b	vivonne1573-f102r	f102r_L21	ciphers/fr16104-vivonne-spain-1572/images/c105_f102r_L21_s2.jpg	1268	20	36	66	sign
f102r_L21_b041c	vivonne1573-f102r	f102r_L21	ciphers/fr16104-vivonne-spain-1572/images/c105_f102r_L21_s2.jpg	1304	20	73	66	sign
f102r_L21_b042	vivonne1573-f102r	f102r_L21	ciphers/fr16104-vivonne-spain-1572/images/c105_f102r_L21_s2.jpg	1376	31	43	77	sign
f102r_L21_b043	vivonne1573-f102r	f102r_L21	ciphers/fr16104-vivonne-spain-1572/images/c105_f102r_L21_s2.jpg	1423	6	115	102	sign
f102r_L21_b044	vivonne1573-f102r	f102r_L21	ciphers/fr16104-vivonne-spain-1572/images/c105_f102r_L21_s2.jpg	1573	44	27	33	sign
f102r_L22_b001	vivonne1573-f102r	f102r_L22	ciphers/fr16104-vivonne-spain-1572/images/c105_f102r_L22_s1.jpg	116	27	67	69	sign
f102r_L22_b002	vivonne1573-f102r	f102r_L22	ciphers/fr16104-vivonne-spain-1572/images/c105_f102r_L22_s1.jpg	244	51	55	31	sign
f102r_L22_b003	vivonne1573-f102r	f102r_L22	ciphers/fr16104-vivonne-spain-1572/images/c105_f102r_L22_s1.jpg	334	34	53	50	sign
f102r_L22_b004	vivonne1573-f102r	f102r_L22	ciphers/fr16104-vivonne-spain-1572/images/c105_f102r_L22_s1.jpg	396	37	47	64	sign
f102r_L22_b005	vivonne1573-f102r	f102r_L22	ciphers/fr16104-vivonne-spain-1572/images/c105_f102r_L22_s1.jpg	445	46	86	62	sign
f102r_L22_b007	vivonne1573-f102r	f102r_L22	ciphers/fr16104-vivonne-spain-1572/images/c105_f102r_L22_s1.jpg	536	34	78	32	sign
f102r_L22_b008	vivonne1573-f102r	f102r_L22	ciphers/fr16104-vivonne-spain-1572/images/c105_f102r_L22_s1.jpg	635	39	22	27	sign
f102r_L22_b009	vivonne1573-f102r	f102r_L22	ciphers/fr16104-vivonne-spain-1572/images/c105_f102r_L22_s1.jpg	671	41	23	25	sign
f102r_L22_b010	vivonne1573-f102r	f102r_L22	ciphers/fr16104-vivonne-spain-1572/images/c105_f102r_L22_s1.jpg	700	11	38	54	sign
f102r_L22_b011	vivonne1573-f102r	f102r_L22	ciphers/fr16104-vivonne-spain-1572/images/c105_f102r_L22_s1.jpg	750	33	39	46	sign
f102r_L22_b012	vivonne1573-f102r	f102r_L22	ciphers/fr16104-vivonne-spain-1572/images/c105_f102r_L22_s1.jpg	792	0	42	66	sign
f102r_L22_b013	vivonne1573-f102r	f102r_L22	ciphers/fr16104-vivonne-spain-1572/images/c105_f102r_L22_s1.jpg	840	40	58	32	sign
f102r_L22_b014	vivonne1573-f102r	f102r_L22	ciphers/fr16104-vivonne-spain-1572/images/c105_f102r_L22_s1.jpg	902	41	70	67	sign
f102r_L22_b015	vivonne1573-f102r	f102r_L22	ciphers/fr16104-vivonne-spain-1572/images/c105_f102r_L22_s1.jpg	985	28	45	38	sign
f102r_L22_b016	vivonne1573-f102r	f102r_L22	ciphers/fr16104-vivonne-spain-1572/images/c105_f102r_L22_s1.jpg	1027	36	33	43	sign
f102r_L22_b017	vivonne1573-f102r	f102r_L22	ciphers/fr16104-vivonne-spain-1572/images/c105_f102r_L22_s1.jpg	1077	37	40	64	sign
f102r_L22_b018	vivonne1573-f102r	f102r_L22	ciphers/fr16104-vivonne-spain-1572/images/c105_f102r_L22_s1.jpg	1122	41	15	20	sign
f102r_L22_b019	vivonne1573-f102r	f102r_L22	ciphers/fr16104-vivonne-spain-1572/images/c105_f102r_L22_s1.jpg	1153	41	17	20	sign
f102r_L22_b020	vivonne1573-f102r	f102r_L22	ciphers/fr16104-vivonne-spain-1572/images/c105_f102r_L22_s1.jpg	1189	36	49	30	sign
f102r_L22_b021	vivonne1573-f102r	f102r_L22	ciphers/fr16104-vivonne-spain-1572/images/c105_f102r_L22_s1.jpg	1262	31	47	29	sign
f102r_L22_b022	vivonne1573-f102r	f102r_L22	ciphers/fr16104-vivonne-spain-1572/images/c105_f102r_L22_s1.jpg	1287	31	60	64	sign
f102r_L22_b024	vivonne1573-f102r	f102r_L22	ciphers/fr16104-vivonne-spain-1572/images/c105_f102r_L22_s1.jpg	1359	27	57	32	sign
f102r_L22_b025	vivonne1573-f102r	f102r_L22	ciphers/fr16104-vivonne-spain-1572/images/c105_f102r_L22_s1.jpg	1439	27	60	81	sign
f102r_L22_b026	vivonne1573-f102r	f102r_L22	ciphers/fr16104-vivonne-spain-1572/images/c105_f102r_L22_s2.jpg	127	28	79	80	sign
f102r_L22_b027	vivonne1573-f102r	f102r_L22	ciphers/fr16104-vivonne-spain-1572/images/c105_f102r_L22_s2.jpg	212	0	87	69	sign
f102r_L22_b028	vivonne1573-f102r	f102r_L22	ciphers/fr16104-vivonne-spain-1572/images/c105_f102r_L22_s2.jpg	280	98	32	10	sign
f102r_L22_b029	vivonne1573-f102r	f102r_L22	ciphers/fr16104-vivonne-spain-1572/images/c105_f102r_L22_s2.jpg	309	6	52	75	sign
f102r_L22_b030	vivonne1573-f102r	f102r_L22	ciphers/fr16104-vivonne-spain-1572/images/c105_f102r_L22_s2.jpg	369	10	65	65	sign
f102r_L22_b031	vivonne1573-f102r	f102r_L22	ciphers/fr16104-vivonne-spain-1572/images/c105_f102r_L22_s2.jpg	443	37	47	32	sign
f102r_L22_b032	vivonne1573-f102r	f102r_L22	ciphers/fr16104-vivonne-spain-1572/images/c105_f102r_L22_s2.jpg	491	12	54	65	sign
f102r_L22_b033	vivonne1573-f102r	f102r_L22	ciphers/fr16104-vivonne-spain-1572/images/c105_f102r_L22_s2.jpg	548	38	51	37	sign
f102r_L22_b035a	vivonne1573-f102r	f102r_L22	ciphers/fr16104-vivonne-spain-1572/images/c105_f102r_L22_s2.jpg	607	19	52	81	sign
f102r_L22_b035b	vivonne1573-f102r	f102r_L22	ciphers/fr16104-vivonne-spain-1572/images/c105_f102r_L22_s2.jpg	659	11	96	89	sign
f102r_L22_b035c	vivonne1573-f102r	f102r_L22	ciphers/fr16104-vivonne-spain-1572/images/c105_f102r_L22_s2.jpg	755	56	25	25	sign
f102r_L22_b036	vivonne1573-f102r	f102r_L22	ciphers/fr16104-vivonne-spain-1572/images/c105_f102r_L22_s2.jpg	789	38	50	70	sign
f102r_L22_b037	vivonne1573-f102r	f102r_L22	ciphers/fr16104-vivonne-spain-1572/images/c105_f102r_L22_s2.jpg	847	0	34	86	sign
f102r_L22_b038	vivonne1573-f102r	f102r_L22	ciphers/fr16104-vivonne-spain-1572/images/c105_f102r_L22_s2.jpg	890	42	64	38	sign
f102r_L22_b039	vivonne1573-f102r	f102r_L22	ciphers/fr16104-vivonne-spain-1572/images/c105_f102r_L22_s2.jpg	931	4	57	76	sign
f102r_L22_b040	vivonne1573-f102r	f102r_L22	ciphers/fr16104-vivonne-spain-1572/images/c105_f102r_L22_s2.jpg	992	26	124	78	sign
f102r_L22_b041	vivonne1573-f102r	f102r_L22	ciphers/fr16104-vivonne-spain-1572/images/c105_f102r_L22_s2.jpg	1105	50	38	58	sign
f102r_L22_b042	vivonne1573-f102r	f102r_L22	ciphers/fr16104-vivonne-spain-1572/images/c105_f102r_L22_s2.jpg	1139	43	19	21	sign
f102r_L22_b043	vivonne1573-f102r	f102r_L22	ciphers/fr16104-vivonne-spain-1572/images/c105_f102r_L22_s2.jpg	1151	37	48	48	sign
f102r_L22_b044	vivonne1573-f102r	f102r_L22	ciphers/fr16104-vivonne-spain-1572/images/c105_f102r_L22_s2.jpg	1190	0	52	82	sign
f102r_L22_b045	vivonne1573-f102r	f102r_L22	ciphers/fr16104-vivonne-spain-1572/images/c105_f102r_L22_s2.jpg	1257	3	125	105	sign
f102r_L22_b046	vivonne1573-f102r	f102r_L22	ciphers/fr16104-vivonne-spain-1572/images/c105_f102r_L22_s2.jpg	1386	51	67	28	sign
f102r_L22_b047	vivonne1573-f102r	f102r_L22	ciphers/fr16104-vivonne-spain-1572/images/c105_f102r_L22_s2.jpg	1451	85	48	23	sign
f102r_L22_b048	vivonne1573-f102r	f102r_L22	ciphers/fr16104-vivonne-spain-1572/images/c105_f102r_L22_s2.jpg	1572	44	20	22	sign
f102r_L23_b001	vivonne1573-f102r	f102r_L23	ciphers/fr16104-vivonne-spain-1572/images/c105_f102r_L23_s1.jpg	175	30	30	55	sign
f102r_L23_b003	vivonne1573-f102r	f102r_L23	ciphers/fr16104-vivonne-spain-1572/images/c105_f102r_L23_s1.jpg	201	48	65	64	sign
f102r_L23_b004	vivonne1573-f102r	f102r_L23	ciphers/fr16104-vivonne-spain-1572/images/c105_f102r_L23_s1.jpg	277	32	46	60	sign
f102r_L23_b005	vivonne1573-f102r	f102r_L23	ciphers/fr16104-vivonne-spain-1572/images/c105_f102r_L23_s1.jpg	328	47	87	65	sign
f102r_L23_b006a	vivonne1573-f102r	f102r_L23	ciphers/fr16104-vivonne-spain-1572/images/c105_f102r_L23_s1.jpg	424	0	26	101	sign
f102r_L23_b006b	vivonne1573-f102r	f102r_L23	ciphers/fr16104-vivonne-spain-1572/images/c105_f102r_L23_s1.jpg	450	0	80	101	sign
f102r_L23_b006c	vivonne1573-f102r	f102r_L23	ciphers/fr16104-vivonne-spain-1572/images/c105_f102r_L23_s1.jpg	530	0	25	101	sign
f102r_L23_b008	vivonne1573-f102r	f102r_L23	ciphers/fr16104-vivonne-spain-1572/images/c105_f102r_L23_s1.jpg	567	44	49	31	sign
f102r_L23_b009	vivonne1573-f102r	f102r_L23	ciphers/fr16104-vivonne-spain-1572/images/c105_f102r_L23_s1.jpg	638	30	37	54	sign
f102r_L23_b010	vivonne1573-f102r	f102r_L23	ciphers/fr16104-vivonne-spain-1572/images/c105_f102r_L23_s1.jpg	684	34	74	78	sign
f102r_L23_b011	vivonne1573-f102r	f102r_L23	ciphers/fr16104-vivonne-spain-1572/images/c105_f102r_L23_s1.jpg	766	25	44	43	sign
f102r_L23_b012	vivonne1573-f102r	f102r_L23	ciphers/fr16104-vivonne-spain-1572/images/c105_f102r_L23_s1.jpg	801	0	45	62	sign
f102r_L23_b013	vivonne1573-f102r	f102r_L23	ciphers/fr16104-vivonne-spain-1572/images/c105_f102r_L23_s1.jpg	853	31	62	42	sign
f102r_L23_b015	vivonne1573-f102r	f102r_L23	ciphers/fr16104-vivonne-spain-1572/images/c105_f102r_L23_s1.jpg	937	12	122	84	sign
f102r_L23_b016	vivonne1573-f102r	f102r_L23	ciphers/fr16104-vivonne-spain-1572/images/c105_f102r_L23_s1.jpg	1080	31	74	57	sign
f102r_L23_b017	vivonne1573-f102r	f102r_L23	ciphers/fr16104-vivonne-spain-1572/images/c105_f102r_L23_s1.jpg	1164	34	75	33	sign
f102r_L23_b018a	vivonne1573-f102r	f102r_L23	ciphers/fr16104-vivonne-spain-1572/images/c105_f102r_L23_s1.jpg	1244	26	78	74	sign
f102r_L23_b018b	vivonne1573-f102r	f102r_L23	ciphers/fr16104-vivonne-spain-1572/images/c105_f102r_L23_s1.jpg	1322	26	58	74	sign
f102r_L23_b018c	vivonne1573-f102r	f102r_L23	ciphers/fr16104-vivonne-spain-1572/images/c105_f102r_L23_s1.jpg	1380	26	31	74	sign
f102r_L23_b019	vivonne1573-f102r	f102r_L23	ciphers/fr16104-vivonne-spain-1572/images/c105_f102r_L23_s1.jpg	1416	0	46	63	sign
f102r_L23_b020	vivonne1573-f102r	f102r_L23	ciphers/fr16104-vivonne-spain-1572/images/c105_f102r_L23_s2.jpg	118	35	20	26	sign
f102r_L23_b022	vivonne1573-f102r	f102r_L23	ciphers/fr16104-vivonne-spain-1572/images/c105_f102r_L23_s2.jpg	136	28	19	23	sign
f102r_L23_b023	vivonne1573-f102r	f102r_L23	ciphers/fr16104-vivonne-spain-1572/images/c105_f102r_L23_s2.jpg	165	0	33	60	sign
f102r_L23_b024	vivonne1573-f102r	f102r_L23	ciphers/fr16104-vivonne-spain-1572/images/c105_f102r_L23_s2.jpg	206	26	44	63	sign
f102r_L23_b025	vivonne1573-f102r	f102r_L23	ciphers/fr16104-vivonne-spain-1572/images/c105_f102r_L23_s2.jpg	262	0	63	61	sign
f102r_L23_b027	vivonne1573-f102r	f102r_L23	ciphers/fr16104-vivonne-spain-1572/images/c105_f102r_L23_s2.jpg	324	4	52	73	sign
f102r_L23_b028	vivonne1573-f102r	f102r_L23	ciphers/fr16104-vivonne-spain-1572/images/c105_f102r_L23_s2.jpg	380	32	49	49	sign
f102r_L23_b029	vivonne1573-f102r	f102r_L23	ciphers/fr16104-vivonne-spain-1572/images/c105_f102r_L23_s2.jpg	456	36	57	37	sign
f102r_L23_b030	vivonne1573-f102r	f102r_L23	ciphers/fr16104-vivonne-spain-1572/images/c105_f102r_L23_s2.jpg	535	14	111	88	sign
f102r_L23_b031	vivonne1573-f102r	f102r_L23	ciphers/fr16104-vivonne-spain-1572/images/c105_f102r_L23_s2.jpg	658	0	45	86	sign
f102r_L23_b032	vivonne1573-f102r	f102r_L23	ciphers/fr16104-vivonne-spain-1572/images/c105_f102r_L23_s2.jpg	720	57	18	22	sign
f102r_L23_b033	vivonne1573-f102r	f102r_L23	ciphers/fr16104-vivonne-spain-1572/images/c105_f102r_L23_s2.jpg	735	56	33	56	sign
f102r_L23_b034	vivonne1573-f102r	f102r_L23	ciphers/fr16104-vivonne-spain-1572/images/c105_f102r_L23_s2.jpg	782	44	33	43	sign
f102r_L23_b036	vivonne1573-f102r	f102r_L23	ciphers/fr16104-vivonne-spain-1572/images/c105_f102r_L23_s2.jpg	820	47	65	34	sign
f102r_L23_b037	vivonne1573-f102r	f102r_L23	ciphers/fr16104-vivonne-spain-1572/images/c105_f102r_L23_s2.jpg	889	21	37	61	sign
f102r_L23_b038	vivonne1573-f102r	f102r_L23	ciphers/fr16104-vivonne-spain-1572/images/c105_f102r_L23_s2.jpg	934	36	99	71	sign
f102r_L23_b039	vivonne1573-f102r	f102r_L23	ciphers/fr16104-vivonne-spain-1572/images/c105_f102r_L23_s2.jpg	1051	29	78	58	sign
f102r_L23_b040	vivonne1573-f102r	f102r_L23	ciphers/fr16104-vivonne-spain-1572/images/c105_f102r_L23_s2.jpg	1104	0	99	80	sign
f102r_L23_b041	vivonne1573-f102r	f102r_L23	ciphers/fr16104-vivonne-spain-1572/images/c105_f102r_L23_s2.jpg	1210	48	21	32	sign
f102r_L23_b042	vivonne1573-f102r	f102r_L23	ciphers/fr16104-vivonne-spain-1572/images/c105_f102r_L23_s2.jpg	1232	48	50	29	sign
f102r_L23_b043	vivonne1573-f102r	f102r_L23	ciphers/fr16104-vivonne-spain-1572/images/c105_f102r_L23_s2.jpg	1288	8	84	91	sign
f102r_L23_b044	vivonne1573-f102r	f102r_L23	ciphers/fr16104-vivonne-spain-1572/images/c105_f102r_L23_s2.jpg	1374	41	74	71	sign
f102r_L23_b046	vivonne1573-f102r	f102r_L23	ciphers/fr16104-vivonne-spain-1572/images/c105_f102r_L23_s2.jpg	1447	34	40	44	sign
f102r_L23_b047	vivonne1573-f102r	f102r_L23	ciphers/fr16104-vivonne-spain-1572/images/c105_f102r_L23_s2.jpg	1479	0	37	73	sign
f102r_L23_b048	vivonne1573-f102r	f102r_L23	ciphers/fr16104-vivonne-spain-1572/images/c105_f102r_L23_s2.jpg	1504	99	46	15	sign
f102r_L23_b049	vivonne1573-f102r	f102r_L23	ciphers/fr16104-vivonne-spain-1572/images/c105_f102r_L23_s2.jpg	1568	57	32	54	sign
f102r_L26_b002	vivonne1573-f102r	f102r_L26	ciphers/fr16104-vivonne-spain-1572/images/c105_f102r_L26_s1.jpg	124	46	51	64	sign
f102r_L26_b003	vivonne1573-f102r	f102r_L26	ciphers/fr16104-vivonne-spain-1572/images/c105_f102r_L26_s1.jpg	179	46	29	64	sign
f102r_L26_b005	vivonne1573-f102r	f102r_L26	ciphers/fr16104-vivonne-spain-1572/images/c105_f102r_L26_s1.jpg	226	42	50	32	sign
f102r_L26_b006	vivonne1573-f102r	f102r_L26	ciphers/fr16104-vivonne-spain-1572/images/c105_f102r_L26_s1.jpg	299	48	52	30	sign
f102r_L26_b007	vivonne1573-f102r	f102r_L26	ciphers/fr16104-vivonne-spain-1572/images/c105_f102r_L26_s1.jpg	361	42	45	36	sign
f102r_L26_b009	vivonne1573-f102r	f102r_L26	ciphers/fr16104-vivonne-spain-1572/images/c105_f102r_L26_s1.jpg	414	0	86	83	sign
f102r_L26_b010	vivonne1573-f102r	f102r_L26	ciphers/fr16104-vivonne-spain-1572/images/c105_f102r_L26_s1.jpg	510	23	60	85	sign
f102r_L26_b011	vivonne1573-f102r	f102r_L26	ciphers/fr16104-vivonne-spain-1572/images/c105_f102r_L26_s1.jpg	572	28	77	60	sign
f102r_L26_b012	vivonne1573-f102r	f102r_L26	ciphers/fr16104-vivonne-spain-1572/images/c105_f102r_L26_s1.jpg	661	49	17	27	sign
f102r_L26_b013	vivonne1573-f102r	f102r_L26	ciphers/fr16104-vivonne-spain-1572/images/c105_f102r_L26_s1.jpg	679	0	54	73	sign
f102r_L26_b014	vivonne1573-f102r	f102r_L26	ciphers/fr16104-vivonne-spain-1572/images/c105_f102r_L26_s1.jpg	712	92	49	18	sign
f102r_L26_b016	vivonne1573-f102r	f102r_L26	ciphers/fr16104-vivonne-spain-1572/images/c105_f102r_L26_s1.jpg	737	42	60	29	sign
f102r_L26_b017	vivonne1573-f102r	f102r_L26	ciphers/fr16104-vivonne-spain-1572/images/c105_f102r_L26_s1.jpg	768	43	68	67	sign
f102r_L26_b018	vivonne1573-f102r	f102r_L26	ciphers/fr16104-vivonne-spain-1572/images/c105_f102r_L26_s1.jpg	847	50	18	21	sign
f102r_L26_b019	vivonne1573-f102r	f102r_L26	ciphers/fr16104-vivonne-spain-1572/images/c105_f102r_L26_s1.jpg	880	50	23	60	sign
f102r_L26_b020	vivonne1573-f102r	f102r_L26	ciphers/fr16104-vivonne-spain-1572/images/c105_f102r_L26_s1.jpg	913	47	51	27	sign
f102r_L26_b021	vivonne1573-f102r	f102r_L26	ciphers/fr16104-vivonne-spain-1572/images/c105_f102r_L26_s1.jpg	972	38	69	72	sign
f102r_L26_b022	vivonne1573-f102r	f102r_L26	ciphers/fr16104-vivonne-spain-1572/images/c105_f102r_L26_s1.jpg	1099	40	78	70	sign
f102r_L26_b024	vivonne1573-f102r	f102r_L26	ciphers/fr16104-vivonne-spain-1572/images/c105_f102r_L26_s1.jpg	1179	29	87	37	sign
f102r_L26_b025	vivonne1573-f102r	f102r_L26	ciphers/fr16104-vivonne-spain-1572/images/c105_f102r_L26_s1.jpg	1345	11	39	56	sign
f102r_L26_b026	vivonne1573-f102r	f102r_L26	ciphers/fr16104-vivonne-spain-1572/images/c105_f102r_L26_s1.jpg	1389	38	40	50	sign
f102r_L26_b027	vivonne1573-f102r	f102r_L26	ciphers/fr16104-vivonne-spain-1572/images/c105_f102r_L26_s2.jpg	94	14	63	62	sign
f102r_L26_b028	vivonne1573-f102r	f102r_L26	ciphers/fr16104-vivonne-spain-1572/images/c105_f102r_L26_s2.jpg	157	38	56	30	sign
f102r_L26_b029	vivonne1573-f102r	f102r_L26	ciphers/fr16104-vivonne-spain-1572/images/c105_f102r_L26_s2.jpg	187	0	90	68	sign
f102r_L26_b030	vivonne1573-f102r	f102r_L26	ciphers/fr16104-vivonne-spain-1572/images/c105_f102r_L26_s2.jpg	280	6	46	64	sign
f102r_L26_b031	vivonne1573-f102r	f102r_L26	ciphers/fr16104-vivonne-spain-1572/images/c105_f102r_L26_s2.jpg	337	9	109	84	sign
f102r_L26_b032	vivonne1573-f102r	f102r_L26	ciphers/fr16104-vivonne-spain-1572/images/c105_f102r_L26_s2.jpg	466	8	79	84	sign
f102r_L26_b033	vivonne1573-f102r	f102r_L26	ciphers/fr16104-vivonne-spain-1572/images/c105_f102r_L26_s2.jpg	550	40	45	37	sign
f102r_L26_b035	vivonne1573-f102r	f102r_L26	ciphers/fr16104-vivonne-spain-1572/images/c105_f102r_L26_s2.jpg	596	33	63	65	sign
f102r_L26_b036	vivonne1573-f102r	f102r_L26	ciphers/fr16104-vivonne-spain-1572/images/c105_f102r_L26_s2.jpg	726	48	23	27	sign
f102r_L26_b037	vivonne1573-f102r	f102r_L26	ciphers/fr16104-vivonne-spain-1572/images/c105_f102r_L26_s2.jpg	751	48	13	27	sign
f102r_L26_b038	vivonne1573-f102r	f102r_L26	ciphers/fr16104-vivonne-spain-1572/images/c105_f102r_L26_s2.jpg	765	44	57	60	sign
f102r_L26_b039	vivonne1573-f102r	f102r_L26	ciphers/fr16104-vivonne-spain-1572/images/c105_f102r_L26_s2.jpg	827	16	46	63	sign
f102r_L26_b040	vivonne1573-f102r	f102r_L26	ciphers/fr16104-vivonne-spain-1572/images/c105_f102r_L26_s2.jpg	883	18	81	92	sign
f102r_L26_b041	vivonne1573-f102r	f102r_L26	ciphers/fr16104-vivonne-spain-1572/images/c105_f102r_L26_s2.jpg	966	2	33	22	mark
f102r_L26_b042	vivonne1573-f102r	f102r_L26	ciphers/fr16104-vivonne-spain-1572/images/c105_f102r_L26_s2.jpg	1079	50	52	30	sign
f102r_L26_b043	vivonne1573-f102r	f102r_L26	ciphers/fr16104-vivonne-spain-1572/images/c105_f102r_L26_s2.jpg	1137	28	41	57	sign
f102r_L26_b045	vivonne1573-f102r	f102r_L26	ciphers/fr16104-vivonne-spain-1572/images/c105_f102r_L26_s2.jpg	1192	41	95	39	sign
f102r_L26_b046	vivonne1573-f102r	f102r_L26	ciphers/fr16104-vivonne-spain-1572/images/c105_f102r_L26_s2.jpg	1291	46	66	32	sign
f102r_L26_b047	vivonne1573-f102r	f102r_L26	ciphers/fr16104-vivonne-spain-1572/images/c105_f102r_L26_s2.jpg	1363	52	21	27	sign
f102r_L26_b048	vivonne1573-f102r	f102r_L26	ciphers/fr16104-vivonne-spain-1572/images/c105_f102r_L26_s2.jpg	1378	27	82	56	sign
f102r_L26_b049	vivonne1573-f102r	f102r_L26	ciphers/fr16104-vivonne-spain-1572/images/c105_f102r_L26_s2.jpg	1438	52	51	36	sign
f102r_L26_b051	vivonne1573-f102r	f102r_L26	ciphers/fr16104-vivonne-spain-1572/images/c105_f102r_L26_s2.jpg	1488	55	44	48	sign
f102r_L26_b053	vivonne1573-f102r	f102r_L26	ciphers/fr16104-vivonne-spain-1572/images/c105_f102r_L26_s2.jpg	1570	50	30	53	sign
f102r_L27_b001	vivonne1573-f102r	f102r_L27	ciphers/fr16104-vivonne-spain-1572/images/c105_f102r_L27_s1.jpg	119	26	34	68	sign
f102r_L27_b003	vivonne1573-f102r	f102r_L27	ciphers/fr16104-vivonne-spain-1572/images/c105_f102r_L27_s1.jpg	158	41	32	47	sign
f102r_L27_b004	vivonne1573-f102r	f102r_L27	ciphers/fr16104-vivonne-spain-1572/images/c105_f102r_L27_s1.jpg	199	19	45	84	sign
f102r_L27_b005	vivonne1573-f102r	f102r_L27	ciphers/fr16104-vivonne-spain-1572/images/c105_f102r_L27_s1.jpg	248	36	45	41	sign
f102r_L27_b006	vivonne1573-f102r	f102r_L27	ciphers/fr16104-vivonne-spain-1572/images/c105_f102r_L27_s1.jpg	321	45	16	25	sign
f102r_L27_b007	vivonne1573-f102r	f102r_L27	ciphers/fr16104-vivonne-spain-1572/images/c105_f102r_L27_s1.jpg	337	31	36	38	sign
f102r_L27_b008	vivonne1573-f102r	f102r_L27	ciphers/fr16104-vivonne-spain-1572/images/c105_f102r_L27_s1.jpg	390	14	104	85	sign
f102r_L27_b009	vivonne1573-f102r	f102r_L27	ciphers/fr16104-vivonne-spain-1572/images/c105_f102r_L27_s1.jpg	469	7	124	70	sign
f102r_L27_b010	vivonne1573-f102r	f102r_L27	ciphers/fr16104-vivonne-spain-1572/images/c105_f102r_L27_s1.jpg	579	36	36	41	sign
f102r_L27_b011	vivonne1573-f102r	f102r_L27	ciphers/fr16104-vivonne-spain-1572/images/c105_f102r_L27_s1.jpg	626	44	69	31	sign
f102r_L27_b012	vivonne1573-f102r	f102r_L27	ciphers/fr16104-vivonne-spain-1572/images/c105_f102r_L27_s1.jpg	677	0	52	73	sign
f102r_L27_b014	vivonne1573-f102r	f102r_L27	ciphers/fr16104-vivonne-spain-1572/images/c105_f102r_L27_s1.jpg	738	32	96	67	sign
f102r_L27_b015	vivonne1573-f102r	f102r_L27	ciphers/fr16104-vivonne-spain-1572/images/c105_f102r_L27_s1.jpg	861	0	41	81	sign
f102r_L27_b016	vivonne1573-f102r	f102r_L27	ciphers/fr16104-vivonne-spain-1572/images/c105_f102r_L27_s1.jpg	915	52	22	26	sign
f102r_L27_b017	vivonne1573-f102r	f102r_L27	ciphers/fr16104-vivonne-spain-1572/images/c105_f102r_L27_s1.jpg	952	50	20	28	sign
f102r_L27_b019	vivonne1573-f102r	f102r_L27	ciphers/fr16104-vivonne-spain-1572/images/c105_f102r_L27_s1.jpg	986	47	115	34	sign
f102r_L27_b020	vivonne1573-f102r	f102r_L27	ciphers/fr16104-vivonne-spain-1572/images/c105_f102r_L27_s1.jpg	1136	12	85	59	sign
f102r_L27_b021	vivonne1573-f102r	f102r_L27	ciphers/fr16104-vivonne-spain-1572/images/c105_f102r_L27_s1.jpg	1242	36	54	32	sign
f102r_L27_b022a	vivonne1573-f102r	f102r_L27	ciphers/fr16104-vivonne-spain-1572/images/c105_f102r_L27_s1.jpg	1313	0	27	90	sign
f102r_L27_b022b	vivonne1573-f102r	f102r_L27	ciphers/fr16104-vivonne-spain-1572/images/c105_f102r_L27_s1.jpg	1340	0	77	90	sign
f102r_L27_b022c	vivonne1573-f102r	f102r_L27	ciphers/fr16104-vivonne-spain-1572/images/c105_f102r_L27_s1.jpg	1417	0	25	90	sign
f102r_L27_b023	vivonne1573-f102r	f102r_L27	ciphers/fr16104-vivonne-spain-1572/images/c105_f102r_L27_s2.jpg	100	25	107	60	sign
f102r_L27_b024	vivonne1573-f102r	f102r_L27	ciphers/fr16104-vivonne-spain-1572/images/c105_f102r_L27_s2.jpg	214	13	55	59	sign
f102r_L27_b025	vivonne1573-f102r	f102r_L27	ciphers/fr16104-vivonne-spain-1572/images/c105_f102r_L27_s2.jpg	392	13	116	80	sign
f102r_L27_b026	vivonne1573-f102r	f102r_L27	ciphers/fr16104-vivonne-spain-1572/images/c105_f102r_L27_s2.jpg	525	43	94	60	sign
f102r_L27_b027	vivonne1573-f102r	f102r_L27	ciphers/fr16104-vivonne-spain-1572/images/c105_f102r_L27_s2.jpg	624	40	46	58	sign
f102r_L27_b029	vivonne1573-f102r	f102r_L27	ciphers/fr16104-vivonne-spain-1572/images/c105_f102r_L27_s2.jpg	676	51	47	59	sign
f102r_L27_b030	vivonne1573-f102r	f102r_L27	ciphers/fr16104-vivonne-spain-1572/images/c105_f102r_L27_s2.jpg	728	24	73	86	sign
f102r_L27_b031	vivonne1573-f102r	f102r_L27	ciphers/fr16104-vivonne-spain-1572/images/c105_f102r_L27_s2.jpg	818	30	42	60	sign
f102r_L27_b032	vivonne1573-f102r	f102r_L27	ciphers/fr16104-vivonne-spain-1572/images/c105_f102r_L27_s2.jpg	871	47	95	63	sign
f102r_L27_b034	vivonne1573-f102r	f102r_L27	ciphers/fr16104-vivonne-spain-1572/images/c105_f102r_L27_s2.jpg	980	0	121	99	sign
f102r_L27_b035	vivonne1573-f102r	f102r_L27	ciphers/fr16104-vivonne-spain-1572/images/c105_f102r_L27_s2.jpg	1108	47	55	31	sign
f102r_L27_b036	vivonne1573-f102r	f102r_L27	ciphers/fr16104-vivonne-spain-1572/images/c105_f102r_L27_s2.jpg	1195	37	57	38	sign
f102r_L27_b037	vivonne1573-f102r	f102r_L27	ciphers/fr16104-vivonne-spain-1572/images/c105_f102r_L27_s2.jpg	1252	17	71	59	sign
f102r_L27_b038	vivonne1573-f102r	f102r_L27	ciphers/fr16104-vivonne-spain-1572/images/c105_f102r_L27_s2.jpg	1329	44	17	23	sign
f102r_L27_b039	vivonne1573-f102r	f102r_L27	ciphers/fr16104-vivonne-spain-1572/images/c105_f102r_L27_s2.jpg	1399	11	52	99	sign
f102r_L27_b040	vivonne1573-f102r	f102r_L27	ciphers/fr16104-vivonne-spain-1572/images/c105_f102r_L27_s2.jpg	1449	17	103	71	sign
f102r_L27_b041	vivonne1573-f102r	f102r_L27	ciphers/fr16104-vivonne-spain-1572/images/c105_f102r_L27_s2.jpg	1578	69	24	31	sign
f178v_L01_b001	birago1572-no87	f178v_L01	ciphers/nevers-birago-fr3251-1572/harvest/f178v/f178v_L01_s1.jpg	180	59	43	74	sign
f178v_L01_b002	birago1572-no87	f178v_L01	ciphers/nevers-birago-fr3251-1572/harvest/f178v/f178v_L01_s1.jpg	237	62	83	53	sign
f178v_L01_b003	birago1572-no87	f178v_L01	ciphers/nevers-birago-fr3251-1572/harvest/f178v/f178v_L01_s1.jpg	305	59	75	74	sign
f178v_L01_b004	birago1572-no87	f178v_L01	ciphers/nevers-birago-fr3251-1572/harvest/f178v/f178v_L01_s1.jpg	403	65	67	53	sign
f178v_L01_b005	birago1572-no87	f178v_L01	ciphers/nevers-birago-fr3251-1572/harvest/f178v/f178v_L01_s1.jpg	500	62	89	56	sign
f178v_L01_b006	birago1572-no87	f178v_L01	ciphers/nevers-birago-fr3251-1572/harvest/f178v/f178v_L01_s1.jpg	734	58	66	63	sign
f178v_L01_b007	birago1572-no87	f178v_L01	ciphers/nevers-birago-fr3251-1572/harvest/f178v/f178v_L01_s1.jpg	812	58	59	75	sign
f178v_L01_b008	birago1572-no87	f178v_L01	ciphers/nevers-birago-fr3251-1572/harvest/f178v/f178v_L01_s1.jpg	909	66	72	49	sign
f178v_L01_b009	birago1572-no87	f178v_L01	ciphers/nevers-birago-fr3251-1572/harvest/f178v/f178v_L01_s2.jpg	243	64	87	59	sign
f178v_L01_b010	birago1572-no87	f178v_L01	ciphers/nevers-birago-fr3251-1572/harvest/f178v/f178v_L01_s2.jpg	345	60	76	57	sign
f178v_L01_b011	birago1572-no87	f178v_L01	ciphers/nevers-birago-fr3251-1572/harvest/f178v/f178v_L01_s2.jpg	442	62	55	59	sign
f178v_L01_b012	birago1572-no87	f178v_L01	ciphers/nevers-birago-fr3251-1572/harvest/f178v/f178v_L01_s2.jpg	519	4	57	103	sign
f178v_L01_b013	birago1572-no87	f178v_L01	ciphers/nevers-birago-fr3251-1572/harvest/f178v/f178v_L01_s2.jpg	578	38	67	69	sign
f178v_L01_b014	birago1572-no87	f178v_L01	ciphers/nevers-birago-fr3251-1572/harvest/f178v/f178v_L01_s2.jpg	668	42	37	91	sign
f178v_L01_b015	birago1572-no87	f178v_L01	ciphers/nevers-birago-fr3251-1572/harvest/f178v/f178v_L01_s2.jpg	733	38	61	60	sign
f178v_L01_b016	birago1572-no87	f178v_L01	ciphers/nevers-birago-fr3251-1572/harvest/f178v/f178v_L01_s2.jpg	810	29	76	74	sign
f178v_L01_b017	birago1572-no87	f178v_L01	ciphers/nevers-birago-fr3251-1572/harvest/f178v/f178v_L01_s2.jpg	901	41	70	61	sign
f178v_L01_b018	birago1572-no87	f178v_L01	ciphers/nevers-birago-fr3251-1572/harvest/f178v/f178v_L01_s2.jpg	979	36	77	57	sign
f178v_L01_b019	birago1572-no87	f178v_L01	ciphers/nevers-birago-fr3251-1572/harvest/f178v/f178v_L01_s3.jpg	242	34	82	59	sign
f178v_L01_b020	birago1572-no87	f178v_L01	ciphers/nevers-birago-fr3251-1572/harvest/f178v/f178v_L01_s3.jpg	333	36	82	56	sign
f178v_L01_b021	birago1572-no87	f178v_L01	ciphers/nevers-birago-fr3251-1572/harvest/f178v/f178v_L01_s3.jpg	541	22	65	75	sign
f178v_L01_b022	birago1572-no87	f178v_L01	ciphers/nevers-birago-fr3251-1572/harvest/f178v/f178v_L01_s3.jpg	710	42	18	50	sign
f178v_L01_b023	birago1572-no87	f178v_L01	ciphers/nevers-birago-fr3251-1572/harvest/f178v/f178v_L01_s3.jpg	732	40	20	50	sign
f178v_L01_b025	birago1572-no87	f178v_L01	ciphers/nevers-birago-fr3251-1572/harvest/f178v/f178v_L01_s3.jpg	792	38	93	52	sign
f178v_L01_b026	birago1572-no87	f178v_L01	ciphers/nevers-birago-fr3251-1572/harvest/f178v/f178v_L01_s3.jpg	963	7	100	117	sign
f178v_L02_b002	birago1572-no87	f178v_L02	ciphers/nevers-birago-fr3251-1572/harvest/f178v/f178v_L02_s1.jpg	185	72	66	50	sign
f178v_L02_b003	birago1572-no87	f178v_L02	ciphers/nevers-birago-fr3251-1572/harvest/f178v/f178v_L02_s1.jpg	273	74	65	52	sign
f178v_L02_b005	birago1572-no87	f178v_L02	ciphers/nevers-birago-fr3251-1572/harvest/f178v/f178v_L02_s1.jpg	351	56	64	66	sign
f178v_L02_b006	birago1572-no87	f178v_L02	ciphers/nevers-birago-fr3251-1572/harvest/f178v/f178v_L02_s1.jpg	449	61	74	49	sign
f178v_L02_b007	birago1572-no87	f178v_L02	ciphers/nevers-birago-fr3251-1572/harvest/f178v/f178v_L02_s1.jpg	550	52	71	63	sign
f178v_L02_b008	birago1572-no87	f178v_L02	ciphers/nevers-birago-fr3251-1572/harvest/f178v/f178v_L02_s1.jpg	645	60	24	57	sign
f178v_L02_b009	birago1572-no87	f178v_L02	ciphers/nevers-birago-fr3251-1572/harvest/f178v/f178v_L02_s1.jpg	710	41	62	66	sign
f178v_L02_b010	birago1572-no87	f178v_L02	ciphers/nevers-birago-fr3251-1572/harvest/f178v/f178v_L02_s1.jpg	786	30	70	75	sign
f178v_L02_b012	birago1572-no87	f178v_L02	ciphers/nevers-birago-fr3251-1572/harvest/f178v/f178v_L02_s1.jpg	871	58	53	83	sign
f178v_L02_b013	birago1572-no87	f178v_L02	ciphers/nevers-birago-fr3251-1572/harvest/f178v/f178v_L02_s1.jpg	952	52	73	59	sign
f178v_L02_b014	birago1572-no87	f178v_L02	ciphers/nevers-birago-fr3251-1572/harvest/f178v/f178v_L02_s2.jpg	229	27	43	114	sign
f178v_L02_b015	birago1572-no87	f178v_L02	ciphers/nevers-birago-fr3251-1572/harvest/f178v/f178v_L02_s2.jpg	309	58	38	83	sign
f178v_L02_b016	birago1572-no87	f178v_L02	ciphers/nevers-birago-fr3251-1572/harvest/f178v/f178v_L02_s2.jpg	376	64	25	48	sign
f178v_L02_b018	birago1572-no87	f178v_L02	ciphers/nevers-birago-fr3251-1572/harvest/f178v/f178v_L02_s2.jpg	461	59	78	58	sign
f178v_L02_b019	birago1572-no87	f178v_L02	ciphers/nevers-birago-fr3251-1572/harvest/f178v/f178v_L02_s2.jpg	555	54	77	62	sign
f178v_L02_b020	birago1572-no87	f178v_L02	ciphers/nevers-birago-fr3251-1572/harvest/f178v/f178v_L02_s2.jpg	637	54	94	83	sign
f178v_L02_b021	birago1572-no87	f178v_L02	ciphers/nevers-birago-fr3251-1572/harvest/f178v/f178v_L02_s2.jpg	744	22	44	116	sign
f178v_L02_b022	birago1572-no87	f178v_L02	ciphers/nevers-birago-fr3251-1572/harvest/f178v/f178v_L02_s2.jpg	904	57	71	51	sign
f178v_L02_b023	birago1572-no87	f178v_L02	ciphers/nevers-birago-fr3251-1572/harvest/f178v/f178v_L02_s3.jpg	234	57	74	56	sign
f178v_L02_b024	birago1572-no87	f178v_L02	ciphers/nevers-birago-fr3251-1572/harvest/f178v/f178v_L02_s3.jpg	333	60	67	52	sign
f178v_L02_b025	birago1572-no87	f178v_L02	ciphers/nevers-birago-fr3251-1572/harvest/f178v/f178v_L02_s3.jpg	420	57	72	57	sign
f178v_L02_b026	birago1572-no87	f178v_L02	ciphers/nevers-birago-fr3251-1572/harvest/f178v/f178v_L02_s3.jpg	503	54	78	57	sign
f178v_L02_b027	birago1572-no87	f178v_L02	ciphers/nevers-birago-fr3251-1572/harvest/f178v/f178v_L02_s3.jpg	582	47	76	51	sign
f178v_L02_b028	birago1572-no87	f178v_L02	ciphers/nevers-birago-fr3251-1572/harvest/f178v/f178v_L02_s3.jpg	690	56	69	51	sign
f178v_L02_b029	birago1572-no87	f178v_L02	ciphers/nevers-birago-fr3251-1572/harvest/f178v/f178v_L02_s3.jpg	781	61	57	46	sign
f178v_L02_b030	birago1572-no87	f178v_L02	ciphers/nevers-birago-fr3251-1572/harvest/f178v/f178v_L02_s3.jpg	961	8	109	124	sign
f178v_L03_b001	birago1572-no87	f178v_L03	ciphers/nevers-birago-fr3251-1572/harvest/f178v/f178v_L03_s1.jpg	194	67	38	52	sign
f178v_L03_b002	birago1572-no87	f178v_L03	ciphers/nevers-birago-fr3251-1572/harvest/f178v/f178v_L03_s1.jpg	246	63	76	53	sign
f178v_L03_b003	birago1572-no87	f178v_L03	ciphers/nevers-birago-fr3251-1572/harvest/f178v/f178v_L03_s1.jpg	336	54	72	65	sign
f178v_L03_b004	birago1572-no87	f178v_L03	ciphers/nevers-birago-fr3251-1572/harvest/f178v/f178v_L03_s1.jpg	439	61	81	64	sign
f178v_L03_b005	birago1572-no87	f178v_L03	ciphers/nevers-birago-fr3251-1572/harvest/f178v/f178v_L03_s1.jpg	543	62	75	50	sign
f178v_L03_b006	birago1572-no87	f178v_L03	ciphers/nevers-birago-fr3251-1572/harvest/f178v/f178v_L03_s1.jpg	641	52	82	59	sign
f178v_L03_b007	birago1572-no87	f178v_L03	ciphers/nevers-birago-fr3251-1572/harvest/f178v/f178v_L03_s1.jpg	719	57	61	87	sign
f178v_L03_b008	birago1572-no87	f178v_L03	ciphers/nevers-birago-fr3251-1572/harvest/f178v/f178v_L03_s1.jpg	808	63	58	49	sign
f178v_L03_b010	birago1572-no87	f178v_L03	ciphers/nevers-birago-fr3251-1572/harvest/f178v/f178v_L03_s1.jpg	880	54	77	55	sign
f178v_L03_b011	birago1572-no87	f178v_L03	ciphers/nevers-birago-fr3251-1572/harvest/f178v/f178v_L03_s1.jpg	959	48	87	55	sign
f178v_L03_b012	birago1572-no87	f178v_L03	ciphers/nevers-birago-fr3251-1572/harvest/f178v/f178v_L03_s2.jpg	244	24	40	108	sign
f178v_L03_b014	birago1572-no87	f178v_L03	ciphers/nevers-birago-fr3251-1572/harvest/f178v/f178v_L03_s2.jpg	304	38	70	69	sign
f178v_L03_b015	birago1572-no87	f178v_L03	ciphers/nevers-birago-fr3251-1572/harvest/f178v/f178v_L03_s2.jpg	394	9	35	95	sign
f178v_L03_b016	birago1572-no87	f178v_L03	ciphers/nevers-birago-fr3251-1572/harvest/f178v/f178v_L03_s2.jpg	460	48	84	57	sign
f178v_L03_b017	birago1572-no87	f178v_L03	ciphers/nevers-birago-fr3251-1572/harvest/f178v/f178v_L03_s2.jpg	556	26	78	72	sign
f178v_L03_b018	birago1572-no87	f178v_L03	ciphers/nevers-birago-fr3251-1572/harvest/f178v/f178v_L03_s2.jpg	661	48	70	49	sign
f178v_L03_b019	birago1572-no87	f178v_L03	ciphers/nevers-birago-fr3251-1572/harvest/f178v/f178v_L03_s2.jpg	764	48	65	54	sign
f178v_L03_b020	birago1572-no87	f178v_L03	ciphers/nevers-birago-fr3251-1572/harvest/f178v/f178v_L03_s2.jpg	865	40	63	68	sign
f178v_L03_b021	birago1572-no87	f178v_L03	ciphers/nevers-birago-fr3251-1572/harvest/f178v/f178v_L03_s2.jpg	936	42	80	65	sign
f178v_L03_b022	birago1572-no87	f178v_L03	ciphers/nevers-birago-fr3251-1572/harvest/f178v/f178v_L03_s3.jpg	203	43	72	59	sign
f178v_L03_b023	birago1572-no87	f178v_L03	ciphers/nevers-birago-fr3251-1572/harvest/f178v/f178v_L03_s3.jpg	298	48	69	50	sign
f178v_L03_b024	birago1572-no87	f178v_L03	ciphers/nevers-birago-fr3251-1572/harvest/f178v/f178v_L03_s3.jpg	397	49	55	49	sign
f178v_L03_b025	birago1572-no87	f178v_L03	ciphers/nevers-birago-fr3251-1572/harvest/f178v/f178v_L03_s3.jpg	459	45	81	54	sign
f178v_L03_b026	birago1572-no87	f178v_L03	ciphers/nevers-birago-fr3251-1572/harvest/f178v/f178v_L03_s3.jpg	561	42	38	62	sign
f178v_L03_b027	birago1572-no87	f178v_L03	ciphers/nevers-birago-fr3251-1572/harvest/f178v/f178v_L03_s3.jpg	609	44	48	58	sign
f178v_L03_b028	birago1572-no87	f178v_L03	ciphers/nevers-birago-fr3251-1572/harvest/f178v/f178v_L03_s3.jpg	660	43	70	57	sign
f178v_L03_b029	birago1572-no87	f178v_L03	ciphers/nevers-birago-fr3251-1572/harvest/f178v/f178v_L03_s3.jpg	745	42	65	62	sign
f178v_L03_b030	birago1572-no87	f178v_L03	ciphers/nevers-birago-fr3251-1572/harvest/f178v/f178v_L03_s3.jpg	961	9	98	125	sign
f178v_L04_b001	birago1572-no87	f178v_L04	ciphers/nevers-birago-fr3251-1572/harvest/f178v/f178v_L04_s1.jpg	180	10	52	105	sign
f178v_L04_b002	birago1572-no87	f178v_L04	ciphers/nevers-birago-fr3251-1572/harvest/f178v/f178v_L04_s1.jpg	245	43	70	66	sign
f178v_L04_b003	birago1572-no87	f178v_L04	ciphers/nevers-birago-fr3251-1572/harvest/f178v/f178v_L04_s1.jpg	326	51	64	51	sign
f178v_L04_b004	birago1572-no87	f178v_L04	ciphers/nevers-birago-fr3251-1572/harvest/f178v/f178v_L04_s1.jpg	421	49	71	61	sign
f178v_L04_b005	birago1572-no87	f178v_L04	ciphers/nevers-birago-fr3251-1572/harvest/f178v/f178v_L04_s1.jpg	509	44	67	63	sign
f178v_L04_b006	birago1572-no87	f178v_L04	ciphers/nevers-birago-fr3251-1572/harvest/f178v/f178v_L04_s1.jpg	608	49	36	80	sign
f178v_L04_b007	birago1572-no87	f178v_L04	ciphers/nevers-birago-fr3251-1572/harvest/f178v/f178v_L04_s1.jpg	674	2	40	94	sign
f178v_L04_b009	birago1572-no87	f178v_L04	ciphers/nevers-birago-fr3251-1572/harvest/f178v/f178v_L04_s1.jpg	738	36	58	58	sign
f178v_L04_b010	birago1572-no87	f178v_L04	ciphers/nevers-birago-fr3251-1572/harvest/f178v/f178v_L04_s1.jpg	819	0	49	93	sign
f178v_L04_b011	birago1572-no87	f178v_L04	ciphers/nevers-birago-fr3251-1572/harvest/f178v/f178v_L04_s1.jpg	871	38	82	57	sign
f178v_L04_b012	birago1572-no87	f178v_L04	ciphers/nevers-birago-fr3251-1572/harvest/f178v/f178v_L04_s1.jpg	992	31	59	66	sign
f178v_L04_b013	birago1572-no87	f178v_L04	ciphers/nevers-birago-fr3251-1572/harvest/f178v/f178v_L04_s2.jpg	251	44	70	48	sign
f178v_L04_b014	birago1572-no87	f178v_L04	ciphers/nevers-birago-fr3251-1572/harvest/f178v/f178v_L04_s2.jpg	411	38	73	87	sign
f178v_L04_b015	birago1572-no87	f178v_L04	ciphers/nevers-birago-fr3251-1572/harvest/f178v/f178v_L04_s2.jpg	506	40	60	56	sign
f178v_L04_b016	birago1572-no87	f178v_L04	ciphers/nevers-birago-fr3251-1572/harvest/f178v/f178v_L04_s2.jpg	607	41	45	88	sign
f178v_L04_b017	birago1572-no87	f178v_L04	ciphers/nevers-birago-fr3251-1572/harvest/f178v/f178v_L04_s2.jpg	661	14	75	86	sign
f178v_L04_b018	birago1572-no87	f178v_L04	ciphers/nevers-birago-fr3251-1572/harvest/f178v/f178v_L04_s2.jpg	735	38	85	66	sign
f178v_L04_b019	birago1572-no87	f178v_L04	ciphers/nevers-birago-fr3251-1572/harvest/f178v/f178v_L04_s2.jpg	832	52	67	48	sign
f178v_L04_b020	birago1572-no87	f178v_L04	ciphers/nevers-birago-fr3251-1572/harvest/f178v/f178v_L04_s2.jpg	919	45	43	84	sign
f178v_L04_b021	birago1572-no87	f178v_L04	ciphers/nevers-birago-fr3251-1572/harvest/f178v/f178v_L04_s2.jpg	989	46	43	52	sign
f178v_L04_b022	birago1572-no87	f178v_L04	ciphers/nevers-birago-fr3251-1572/harvest/f178v/f178v_L04_s3.jpg	240	26	55	99	sign
f178v_L04_b023	birago1572-no87	f178v_L04	ciphers/nevers-birago-fr3251-1572/harvest/f178v/f178v_L04_s3.jpg	311	42	71	63	sign
f178v_L04_b024	birago1572-no87	f178v_L04	ciphers/nevers-birago-fr3251-1572/harvest/f178v/f178v_L04_s3.jpg	404	41	51	88	sign
f178v_L04_b025	birago1572-no87	f178v_L04	ciphers/nevers-birago-fr3251-1572/harvest/f178v/f178v_L04_s3.jpg	467	50	77	53	sign
f178v_L04_b026	birago1572-no87	f178v_L04	ciphers/nevers-birago-fr3251-1572/harvest/f178v/f178v_L04_s3.jpg	553	45	71	62	sign
f178v_L04_b027	birago1572-no87	f178v_L04	ciphers/nevers-birago-fr3251-1572/harvest/f178v/f178v_L04_s3.jpg	656	44	45	85	sign
f178v_L04_b028	birago1572-no87	f178v_L04	ciphers/nevers-birago-fr3251-1572/harvest/f178v/f178v_L04_s3.jpg	957	9	95	113	sign
f178v_L05_b001	birago1572-no87	f178v_L05	ciphers/nevers-birago-fr3251-1572/harvest/f178v/f178v_L05_s1.jpg	192	68	37	75	sign
f178v_L05_b002	birago1572-no87	f178v_L05	ciphers/nevers-birago-fr3251-1572/harvest/f178v/f178v_L05_s1.jpg	251	66	47	77	sign
f178v_L05_b003	birago1572-no87	f178v_L05	ciphers/nevers-birago-fr3251-1572/harvest/f178v/f178v_L05_s1.jpg	334	68	49	62	sign
f178v_L05_b004	birago1572-no87	f178v_L05	ciphers/nevers-birago-fr3251-1572/harvest/f178v/f178v_L05_s1.jpg	400	27	57	87	sign
f178v_L05_b005	birago1572-no87	f178v_L05	ciphers/nevers-birago-fr3251-1572/harvest/f178v/f178v_L05_s1.jpg	483	45	61	71	sign
f178v_L05_b006	birago1572-no87	f178v_L05	ciphers/nevers-birago-fr3251-1572/harvest/f178v/f178v_L05_s1.jpg	554	52	84	55	sign
f178v_L05_b008	birago1572-no87	f178v_L05	ciphers/nevers-birago-fr3251-1572/harvest/f178v/f178v_L05_s1.jpg	644	43	37	67	sign
f178v_L05_b009	birago1572-no87	f178v_L05	ciphers/nevers-birago-fr3251-1572/harvest/f178v/f178v_L05_s1.jpg	705	58	60	54	sign
f178v_L05_b010	birago1572-no87	f178v_L05	ciphers/nevers-birago-fr3251-1572/harvest/f178v/f178v_L05_s1.jpg	791	54	75	57	sign
f178v_L05_b011	birago1572-no87	f178v_L05	ciphers/nevers-birago-fr3251-1572/harvest/f178v/f178v_L05_s1.jpg	880	25	111	86	sign
f178v_L05_b012	birago1572-no87	f178v_L05	ciphers/nevers-birago-fr3251-1572/harvest/f178v/f178v_L05_s1.jpg	1002	44	65	67	sign
f178v_L05_b013	birago1572-no87	f178v_L05	ciphers/nevers-birago-fr3251-1572/harvest/f178v/f178v_L05_s2.jpg	263	48	46	60	sign
f178v_L05_b014	birago1572-no87	f178v_L05	ciphers/nevers-birago-fr3251-1572/harvest/f178v/f178v_L05_s2.jpg	334	0	40	104	sign
f178v_L05_b015	birago1572-no87	f178v_L05	ciphers/nevers-birago-fr3251-1572/harvest/f178v/f178v_L05_s2.jpg	399	48	61	55	sign
f178v_L05_b017	birago1572-no87	f178v_L05	ciphers/nevers-birago-fr3251-1572/harvest/f178v/f178v_L05_s2.jpg	594	51	55	47	sign
f178v_L05_b019	birago1572-no87	f178v_L05	ciphers/nevers-birago-fr3251-1572/harvest/f178v/f178v_L05_s2.jpg	669	43	56	62	sign
f178v_L05_b020	birago1572-no87	f178v_L05	ciphers/nevers-birago-fr3251-1572/harvest/f178v/f178v_L05_s2.jpg	747	4	36	100	sign
f178v_L05_b021	birago1572-no87	f178v_L05	ciphers/nevers-birago-fr3251-1572/harvest/f178v/f178v_L05_s2.jpg	781	113	45	26	sign
f178v_L05_b022	birago1572-no87	f178v_L05	ciphers/nevers-birago-fr3251-1572/harvest/f178v/f178v_L05_s2.jpg	807	53	38	56	sign
f178v_L05_b023	birago1572-no87	f178v_L05	ciphers/nevers-birago-fr3251-1572/harvest/f178v/f178v_L05_s2.jpg	866	28	81	76	sign
f178v_L05_b024	birago1572-no87	f178v_L05	ciphers/nevers-birago-fr3251-1572/harvest/f178v/f178v_L05_s2.jpg	958	56	59	48	sign
f178v_L05_b025	birago1572-no87	f178v_L05	ciphers/nevers-birago-fr3251-1572/harvest/f178v/f178v_L05_s3.jpg	201	50	74	61	sign
f178v_L05_b026	birago1572-no87	f178v_L05	ciphers/nevers-birago-fr3251-1572/harvest/f178v/f178v_L05_s3.jpg	289	51	69	60	sign
f178v_L05_b027	birago1572-no87	f178v_L05	ciphers/nevers-birago-fr3251-1572/harvest/f178v/f178v_L05_s3.jpg	461	51	65	58	sign
f178v_L05_b028	birago1572-no87	f178v_L05	ciphers/nevers-birago-fr3251-1572/harvest/f178v/f178v_L05_s3.jpg	530	67	11	27	sign
f178v_L05_b029	birago1572-no87	f178v_L05	ciphers/nevers-birago-fr3251-1572/harvest/f178v/f178v_L05_s3.jpg	551	59	55	51	sign
f178v_L05_b030	birago1572-no87	f178v_L05	ciphers/nevers-birago-fr3251-1572/harvest/f178v/f178v_L05_s3.jpg	672	0	10	7	mark
f178v_L05_b031	birago1572-no87	f178v_L05	ciphers/nevers-birago-fr3251-1572/harvest/f178v/f178v_L05_s3.jpg	774	50	69	67	sign
f178v_L05_b032	birago1572-no87	f178v_L05	ciphers/nevers-birago-fr3251-1572/harvest/f178v/f178v_L05_s3.jpg	840	62	65	81	sign
f178v_L05_b033	birago1572-no87	f178v_L05	ciphers/nevers-birago-fr3251-1572/harvest/f178v/f178v_L05_s3.jpg	957	10	94	125	sign
f178v_L06_b002	birago1572-no87	f178v_L06	ciphers/nevers-birago-fr3251-1572/harvest/f178v/f178v_L06_s1.jpg	200	65	65	53	sign
f178v_L06_b003	birago1572-no87	f178v_L06	ciphers/nevers-birago-fr3251-1572/harvest/f178v/f178v_L06_s1.jpg	298	12	40	101	sign
f178v_L06_b004	birago1572-no87	f178v_L06	ciphers/nevers-birago-fr3251-1572/harvest/f178v/f178v_L06_s1.jpg	351	53	76	63	sign
f178v_L06_b005	birago1572-no87	f178v_L06	ciphers/nevers-birago-fr3251-1572/harvest/f178v/f178v_L06_s1.jpg	439	52	64	64	sign
f178v_L06_b006	birago1572-no87	f178v_L06	ciphers/nevers-birago-fr3251-1572/harvest/f178v/f178v_L06_s1.jpg	490	63	69	88	sign
f178v_L06_b007	birago1572-no87	f178v_L06	ciphers/nevers-birago-fr3251-1572/harvest/f178v/f178v_L06_s1.jpg	587	57	41	56	sign
f178v_L06_b008	birago1572-no87	f178v_L06	ciphers/nevers-birago-fr3251-1572/harvest/f178v/f178v_L06_s1.jpg	649	59	60	53	sign
f178v_L06_b009	birago1572-no87	f178v_L06	ciphers/nevers-birago-fr3251-1572/harvest/f178v/f178v_L06_s1.jpg	725	52	94	66	sign
f178v_L06_b010	birago1572-no87	f178v_L06	ciphers/nevers-birago-fr3251-1572/harvest/f178v/f178v_L06_s1.jpg	840	48	39	103	sign
f178v_L06_b011	birago1572-no87	f178v_L06	ciphers/nevers-birago-fr3251-1572/harvest/f178v/f178v_L06_s1.jpg	883	53	70	51	sign
f178v_L06_b012	birago1572-no87	f178v_L06	ciphers/nevers-birago-fr3251-1572/harvest/f178v/f178v_L06_s2.jpg	220	46	65	50	sign
f178v_L06_b013	birago1572-no87	f178v_L06	ciphers/nevers-birago-fr3251-1572/harvest/f178v/f178v_L06_s2.jpg	301	44	73	55	sign
f178v_L06_b014	birago1572-no87	f178v_L06	ciphers/nevers-birago-fr3251-1572/harvest/f178v/f178v_L06_s2.jpg	376	36	63	60	sign
f178v_L06_b015	birago1572-no87	f178v_L06	ciphers/nevers-birago-fr3251-1572/harvest/f178v/f178v_L06_s2.jpg	461	44	108	49	sign
f178v_L06_b016	birago1572-no87	f178v_L06	ciphers/nevers-birago-fr3251-1572/harvest/f178v/f178v_L06_s2.jpg	582	41	152	60	sign
f178v_L06_b017	birago1572-no87	f178v_L06	ciphers/nevers-birago-fr3251-1572/harvest/f178v/f178v_L06_s2.jpg	765	44	39	97	sign
f178v_L06_b018	birago1572-no87	f178v_L06	ciphers/nevers-birago-fr3251-1572/harvest/f178v/f178v_L06_s2.jpg	833	45	62	58	sign
f178v_L06_b019	birago1572-no87	f178v_L06	ciphers/nevers-birago-fr3251-1572/harvest/f178v/f178v_L06_s2.jpg	919	45	62	106	sign
f178v_L06_b020	birago1572-no87	f178v_L06	ciphers/nevers-birago-fr3251-1572/harvest/f178v/f178v_L06_s3.jpg	235	38	57	113	sign
f178v_L06_b021	birago1572-no87	f178v_L06	ciphers/nevers-birago-fr3251-1572/harvest/f178v/f178v_L06_s3.jpg	305	30	64	67	sign
f178v_L06_b022	birago1572-no87	f178v_L06	ciphers/nevers-birago-fr3251-1572/harvest/f178v/f178v_L06_s3.jpg	381	28	55	78	sign
f178v_L06_b023	birago1572-no87	f178v_L06	ciphers/nevers-birago-fr3251-1572/harvest/f178v/f178v_L06_s3.jpg	449	40	58	66	sign
f178v_L06_b024	birago1572-no87	f178v_L06	ciphers/nevers-birago-fr3251-1572/harvest/f178v/f178v_L06_s3.jpg	532	44	38	61	sign
f178v_L06_b025	birago1572-no87	f178v_L06	ciphers/nevers-birago-fr3251-1572/harvest/f178v/f178v_L06_s3.jpg	557	50	74	78	sign
f178v_L06_b026	birago1572-no87	f178v_L06	ciphers/nevers-birago-fr3251-1572/harvest/f178v/f178v_L06_s3.jpg	652	47	95	67	sign
f178v_L06_b027	birago1572-no87	f178v_L06	ciphers/nevers-birago-fr3251-1572/harvest/f178v/f178v_L06_s3.jpg	779	63	46	56	sign
f178v_L06_b028	birago1572-no87	f178v_L06	ciphers/nevers-birago-fr3251-1572/harvest/f178v/f178v_L06_s3.jpg	871	0	30	7	mark
f178v_L06_b029	birago1572-no87	f178v_L06	ciphers/nevers-birago-fr3251-1572/harvest/f178v/f178v_L06_s3.jpg	954	10	97	133	sign
f178v_L07_b001	birago1572-no87	f178v_L07	ciphers/nevers-birago-fr3251-1572/harvest/f178v/f178v_L07_s1.jpg	202	9	54	95	sign
f178v_L07_b002	birago1572-no87	f178v_L07	ciphers/nevers-birago-fr3251-1572/harvest/f178v/f178v_L07_s1.jpg	263	35	80	66	sign
f178v_L07_b003	birago1572-no87	f178v_L07	ciphers/nevers-birago-fr3251-1572/harvest/f178v/f178v_L07_s1.jpg	352	36	70	66	sign
f178v_L07_b004	birago1572-no87	f178v_L07	ciphers/nevers-birago-fr3251-1572/harvest/f178v/f178v_L07_s1.jpg	442	45	46	89	sign
f178v_L07_b005	birago1572-no87	f178v_L07	ciphers/nevers-birago-fr3251-1572/harvest/f178v/f178v_L07_s1.jpg	497	41	77	65	sign
f178v_L07_b006	birago1572-no87	f178v_L07	ciphers/nevers-birago-fr3251-1572/harvest/f178v/f178v_L07_s1.jpg	584	34	89	66	sign
f178v_L07_b007	birago1572-no87	f178v_L07	ciphers/nevers-birago-fr3251-1572/harvest/f178v/f178v_L07_s1.jpg	691	42	45	58	sign
f178v_L07_b008	birago1572-no87	f178v_L07	ciphers/nevers-birago-fr3251-1572/harvest/f178v/f178v_L07_s1.jpg	764	41	60	55	sign
f178v_L07_b009	birago1572-no87	f178v_L07	ciphers/nevers-birago-fr3251-1572/harvest/f178v/f178v_L07_s1.jpg	841	0	51	89	sign
f178v_L07_b010	birago1572-no87	f178v_L07	ciphers/nevers-birago-fr3251-1572/harvest/f178v/f178v_L07_s1.jpg	905	37	81	55	sign
f178v_L07_b011	birago1572-no87	f178v_L07	ciphers/nevers-birago-fr3251-1572/harvest/f178v/f178v_L07_s1.jpg	995	33	62	61	sign
f178v_L07_b012	birago1572-no87	f178v_L07	ciphers/nevers-birago-fr3251-1572/harvest/f178v/f178v_L07_s2.jpg	323	35	35	103	sign
f178v_L07_b013	birago1572-no87	f178v_L07	ciphers/nevers-birago-fr3251-1572/harvest/f178v/f178v_L07_s2.jpg	499	37	69	101	sign
f178v_L07_b014	birago1572-no87	f178v_L07	ciphers/nevers-birago-fr3251-1572/harvest/f178v/f178v_L07_s2.jpg	581	18	76	71	sign
f178v_L07_b015	birago1572-no87	f178v_L07	ciphers/nevers-birago-fr3251-1572/harvest/f178v/f178v_L07_s2.jpg	673	20	85	77	sign
f178v_L07_b016	birago1572-no87	f178v_L07	ciphers/nevers-birago-fr3251-1572/harvest/f178v/f178v_L07_s2.jpg	766	26	71	63	sign
f178v_L07_b017	birago1572-no87	f178v_L07	ciphers/nevers-birago-fr3251-1572/harvest/f178v/f178v_L07_s2.jpg	842	32	81	68	sign
f178v_L07_b018	birago1572-no87	f178v_L07	ciphers/nevers-birago-fr3251-1572/harvest/f178v/f178v_L07_s2.jpg	947	38	71	83	sign
f178v_L07_b019	birago1572-no87	f178v_L07	ciphers/nevers-birago-fr3251-1572/harvest/f178v/f178v_L07_s3.jpg	202	36	66	62	sign
f178v_L07_b020	birago1572-no87	f178v_L07	ciphers/nevers-birago-fr3251-1572/harvest/f178v/f178v_L07_s3.jpg	304	43	45	95	sign
f178v_L07_b021	birago1572-no87	f178v_L07	ciphers/nevers-birago-fr3251-1572/harvest/f178v/f178v_L07_s3.jpg	371	37	64	69	sign
f178v_L07_b022	birago1572-no87	f178v_L07	ciphers/nevers-birago-fr3251-1572/harvest/f178v/f178v_L07_s3.jpg	462	40	74	54	sign
f178v_L07_b023	birago1572-no87	f178v_L07	ciphers/nevers-birago-fr3251-1572/harvest/f178v/f178v_L07_s3.jpg	548	16	53	31	sign
f178v_L07_b024	birago1572-no87	f178v_L07	ciphers/nevers-birago-fr3251-1572/harvest/f178v/f178v_L07_s3.jpg	580	43	84	55	sign
f178v_L07_b025	birago1572-no87	f178v_L07	ciphers/nevers-birago-fr3251-1572/harvest/f178v/f178v_L07_s3.jpg	750	42	65	66	sign
f178v_L08_b001	birago1572-no87	f178v_L08	ciphers/nevers-birago-fr3251-1572/harvest/f178v/f178v_L08_s1.jpg	116	4	13	12	mark
f178v_L08_b002	birago1572-no87	f178v_L08	ciphers/nevers-birago-fr3251-1572/harvest/f178v/f178v_L08_s1.jpg	196	50	63	70	sign
f178v_L08_b003	birago1572-no87	f178v_L08	ciphers/nevers-birago-fr3251-1572/harvest/f178v/f178v_L08_s1.jpg	272	46	74	62	sign
f178v_L08_b004	birago1572-no87	f178v_L08	ciphers/nevers-birago-fr3251-1572/harvest/f178v/f178v_L08_s1.jpg	361	33	39	71	sign
f178v_L08_b005	birago1572-no87	f178v_L08	ciphers/nevers-birago-fr3251-1572/harvest/f178v/f178v_L08_s1.jpg	423	5	41	96	sign
f178v_L08_b006	birago1572-no87	f178v_L08	ciphers/nevers-birago-fr3251-1572/harvest/f178v/f178v_L08_s1.jpg	492	37	40	64	sign
f178v_L08_b007	birago1572-no87	f178v_L08	ciphers/nevers-birago-fr3251-1572/harvest/f178v/f178v_L08_s1.jpg	547	48	68	53	sign
f178v_L08_b008	birago1572-no87	f178v_L08	ciphers/nevers-birago-fr3251-1572/harvest/f178v/f178v_L08_s1.jpg	635	39	85	56	sign
f178v_L08_b009	birago1572-no87	f178v_L08	ciphers/nevers-birago-fr3251-1572/harvest/f178v/f178v_L08_s1.jpg	735	35	67	60	sign
f178v_L08_b010	birago1572-no87	f178v_L08	ciphers/nevers-birago-fr3251-1572/harvest/f178v/f178v_L08_s1.jpg	811	36	76	62	sign
f178v_L08_b011	birago1572-no87	f178v_L08	ciphers/nevers-birago-fr3251-1572/harvest/f178v/f178v_L08_s1.jpg	897	30	91	64	sign
f178v_L08_b012	birago1572-no87	f178v_L08	ciphers/nevers-birago-fr3251-1572/harvest/f178v/f178v_L08_s1.jpg	994	28	61	66	sign
f178v_L08_b013	birago1572-no87	f178v_L08	ciphers/nevers-birago-fr3251-1572/harvest/f178v/f178v_L08_s2.jpg	255	35	26	51	sign
f178v_L08_b014	birago1572-no87	f178v_L08	ciphers/nevers-birago-fr3251-1572/harvest/f178v/f178v_L08_s2.jpg	282	33	20	51	sign
f178v_L08_b015	birago1572-no87	f178v_L08	ciphers/nevers-birago-fr3251-1572/harvest/f178v/f178v_L08_s2.jpg	303	32	23	52	sign
f178v_L08_b016	birago1572-no87	f178v_L08	ciphers/nevers-birago-fr3251-1572/harvest/f178v/f178v_L08_s2.jpg	342	27	84	54	sign
f178v_L08_b017	birago1572-no87	f178v_L08	ciphers/nevers-birago-fr3251-1572/harvest/f178v/f178v_L08_s2.jpg	419	24	84	52	sign
f178v_L08_b018	birago1572-no87	f178v_L08	ciphers/nevers-birago-fr3251-1572/harvest/f178v/f178v_L08_s2.jpg	526	0	41	80	sign
f178v_L08_b019	birago1572-no87	f178v_L08	ciphers/nevers-birago-fr3251-1572/harvest/f178v/f178v_L08_s2.jpg	592	23	67	65	sign
f178v_L08_b020	birago1572-no87	f178v_L08	ciphers/nevers-birago-fr3251-1572/harvest/f178v/f178v_L08_s2.jpg	675	27	50	93	sign
f178v_L08_b021	birago1572-no87	f178v_L08	ciphers/nevers-birago-fr3251-1572/harvest/f178v/f178v_L08_s2.jpg	742	37	66	51	sign
f178v_L08_b022	birago1572-no87	f178v_L08	ciphers/nevers-birago-fr3251-1572/harvest/f178v/f178v_L08_s2.jpg	815	16	79	116	sign
f178v_L08_b023	birago1572-no87	f178v_L08	ciphers/nevers-birago-fr3251-1572/harvest/f178v/f178v_L08_s2.jpg	884	32	61	93	sign
f178v_L08_b024	birago1572-no87	f178v_L08	ciphers/nevers-birago-fr3251-1572/harvest/f178v/f178v_L08_s2.jpg	968	33	36	97	sign
f178v_L08_b025	birago1572-no87	f178v_L08	ciphers/nevers-birago-fr3251-1572/harvest/f178v/f178v_L08_s3.jpg	197	29	69	65	sign
f178v_L08_b026	birago1572-no87	f178v_L08	ciphers/nevers-birago-fr3251-1572/harvest/f178v/f178v_L08_s3.jpg	301	0	47	115	sign
f178v_L08_b027	birago1572-no87	f178v_L08	ciphers/nevers-birago-fr3251-1572/harvest/f178v/f178v_L08_s3.jpg	381	33	66	99	sign
f178v_L08_b028	birago1572-no87	f178v_L08	ciphers/nevers-birago-fr3251-1572/harvest/f178v/f178v_L08_s3.jpg	552	34	26	51	sign
f178v_L08_b029	birago1572-no87	f178v_L08	ciphers/nevers-birago-fr3251-1572/harvest/f178v/f178v_L08_s3.jpg	574	31	21	52	sign
f178v_L08_b031	birago1572-no87	f178v_L08	ciphers/nevers-birago-fr3251-1572/harvest/f178v/f178v_L08_s3.jpg	678	38	50	54	sign
f178v_L08_b032	birago1572-no87	f178v_L08	ciphers/nevers-birago-fr3251-1572/harvest/f178v/f178v_L08_s3.jpg	765	36	46	84	sign
f178v_L08_b033	birago1572-no87	f178v_L08	ciphers/nevers-birago-fr3251-1572/harvest/f178v/f178v_L08_s3.jpg	891	40	28	59	sign
f178v_L08_b034	birago1572-no87	f178v_L08	ciphers/nevers-birago-fr3251-1572/harvest/f178v/f178v_L08_s3.jpg	949	7	119	118	sign
f178v_L09_b001	birago1572-no87	f178v_L09	ciphers/nevers-birago-fr3251-1572/harvest/f178v/f178v_L09_s1.jpg	203	51	102	73	sign
f178v_L09_b002	birago1572-no87	f178v_L09	ciphers/nevers-birago-fr3251-1572/harvest/f178v/f178v_L09_s1.jpg	324	19	68	100	sign
f178v_L09_b003	birago1572-no87	f178v_L09	ciphers/nevers-birago-fr3251-1572/harvest/f178v/f178v_L09_s1.jpg	414	56	48	85	sign
f178v_L09_b004	birago1572-no87	f178v_L09	ciphers/nevers-birago-fr3251-1572/harvest/f178v/f178v_L09_s1.jpg	565	43	92	63	sign
f178v_L09_b005	birago1572-no87	f178v_L09	ciphers/nevers-birago-fr3251-1572/harvest/f178v/f178v_L09_s1.jpg	655	46	85	54	sign
f178v_L09_b006	birago1572-no87	f178v_L09	ciphers/nevers-birago-fr3251-1572/harvest/f178v/f178v_L09_s1.jpg	743	36	69	52	sign
f178v_L09_b007	birago1572-no87	f178v_L09	ciphers/nevers-birago-fr3251-1572/harvest/f178v/f178v_L09_s1.jpg	825	32	75	62	sign
f178v_L09_b008	birago1572-no87	f178v_L09	ciphers/nevers-birago-fr3251-1572/harvest/f178v/f178v_L09_s1.jpg	926	40	30	57	sign
f178v_L09_b009	birago1572-no87	f178v_L09	ciphers/nevers-birago-fr3251-1572/harvest/f178v/f178v_L09_s1.jpg	951	36	49	56	sign
f178v_L09_b011	birago1572-no87	f178v_L09	ciphers/nevers-birago-fr3251-1572/harvest/f178v/f178v_L09_s2.jpg	240	44	61	97	sign
f178v_L09_b012	birago1572-no87	f178v_L09	ciphers/nevers-birago-fr3251-1572/harvest/f178v/f178v_L09_s2.jpg	314	30	85	72	sign
f178v_L09_b013	birago1572-no87	f178v_L09	ciphers/nevers-birago-fr3251-1572/harvest/f178v/f178v_L09_s2.jpg	506	41	23	55	sign
f178v_L09_b014	birago1572-no87	f178v_L09	ciphers/nevers-birago-fr3251-1572/harvest/f178v/f178v_L09_s2.jpg	530	39	42	57	sign
f178v_L09_b015	birago1572-no87	f178v_L09	ciphers/nevers-birago-fr3251-1572/harvest/f178v/f178v_L09_s2.jpg	611	37	65	67	sign
f178v_L09_b016	birago1572-no87	f178v_L09	ciphers/nevers-birago-fr3251-1572/harvest/f178v/f178v_L09_s2.jpg	688	31	96	75	sign
f178v_L09_b017	birago1572-no87	f178v_L09	ciphers/nevers-birago-fr3251-1572/harvest/f178v/f178v_L09_s2.jpg	779	37	82	60	sign
f178v_L09_b018	birago1572-no87	f178v_L09	ciphers/nevers-birago-fr3251-1572/harvest/f178v/f178v_L09_s2.jpg	859	36	76	70	sign
f178v_L09_b019	birago1572-no87	f178v_L09	ciphers/nevers-birago-fr3251-1572/harvest/f178v/f178v_L09_s2.jpg	944	40	68	65	sign
f178v_L09_b020	birago1572-no87	f178v_L09	ciphers/nevers-birago-fr3251-1572/harvest/f178v/f178v_L09_s3.jpg	203	56	55	58	sign
f178v_L09_b021	birago1572-no87	f178v_L09	ciphers/nevers-birago-fr3251-1572/harvest/f178v/f178v_L09_s3.jpg	272	57	50	84	sign
f178v_L09_b022	birago1572-no87	f178v_L09	ciphers/nevers-birago-fr3251-1572/harvest/f178v/f178v_L09_s3.jpg	338	60	64	55	sign
f178v_L09_b023	birago1572-no87	f178v_L09	ciphers/nevers-birago-fr3251-1572/harvest/f178v/f178v_L09_s3.jpg	404	52	72	62	sign
f178v_L09_b024	birago1572-no87	f178v_L09	ciphers/nevers-birago-fr3251-1572/harvest/f178v/f178v_L09_s3.jpg	490	52	71	63	sign
f178v_L09_b025	birago1572-no87	f178v_L09	ciphers/nevers-birago-fr3251-1572/harvest/f178v/f178v_L09_s3.jpg	638	41	71	72	sign
f178v_L09_b026	birago1572-no87	f178v_L09	ciphers/nevers-birago-fr3251-1572/harvest/f178v/f178v_L09_s3.jpg	728	51	71	55	sign
f178v_L09_b027	birago1572-no87	f178v_L09	ciphers/nevers-birago-fr3251-1572/harvest/f178v/f178v_L09_s3.jpg	889	63	37	53	sign
f178v_L09_b028	birago1572-no87	f178v_L09	ciphers/nevers-birago-fr3251-1572/harvest/f178v/f178v_L09_s3.jpg	927	53	15	61	sign
f178v_L09_b029	birago1572-no87	f178v_L09	ciphers/nevers-birago-fr3251-1572/harvest/f178v/f178v_L09_s3.jpg	946	9	122	122	sign
f178v_L10_b001	birago1572-no87	f178v_L10	ciphers/nevers-birago-fr3251-1572/harvest/f178v/f178v_L10_s1.jpg	209	54	70	57	sign
f178v_L10_b002	birago1572-no87	f178v_L10	ciphers/nevers-birago-fr3251-1572/harvest/f178v/f178v_L10_s1.jpg	291	51	66	60	sign
f178v_L10_b003	birago1572-no87	f178v_L10	ciphers/nevers-birago-fr3251-1572/harvest/f178v/f178v_L10_s1.jpg	376	51	45	88	sign
f178v_L10_b004	birago1572-no87	f178v_L10	ciphers/nevers-birago-fr3251-1572/harvest/f178v/f178v_L10_s1.jpg	444	51	44	94	sign
f178v_L10_b005	birago1572-no87	f178v_L10	ciphers/nevers-birago-fr3251-1572/harvest/f178v/f178v_L10_s1.jpg	506	51	70	62	sign
f178v_L10_b006	birago1572-no87	f178v_L10	ciphers/nevers-birago-fr3251-1572/harvest/f178v/f178v_L10_s1.jpg	574	61	10	25	sign
f178v_L10_b007	birago1572-no87	f178v_L10	ciphers/nevers-birago-fr3251-1572/harvest/f178v/f178v_L10_s1.jpg	601	59	52	49	sign
f178v_L10_b008	birago1572-no87	f178v_L10	ciphers/nevers-birago-fr3251-1572/harvest/f178v/f178v_L10_s1.jpg	666	37	73	71	sign
f178v_L10_b009	birago1572-no87	f178v_L10	ciphers/nevers-birago-fr3251-1572/harvest/f178v/f178v_L10_s1.jpg	763	46	46	99	sign
f178v_L10_b010	birago1572-no87	f178v_L10	ciphers/nevers-birago-fr3251-1572/harvest/f178v/f178v_L10_s1.jpg	829	45	65	64	sign
f178v_L10_b011	birago1572-no87	f178v_L10	ciphers/nevers-birago-fr3251-1572/harvest/f178v/f178v_L10_s1.jpg	908	49	81	52	sign
f178v_L10_b012	birago1572-no87	f178v_L10	ciphers/nevers-birago-fr3251-1572/harvest/f178v/f178v_L10_s2.jpg	265	18	40	127	sign
f178v_L10_b013	birago1572-no87	f178v_L10	ciphers/nevers-birago-fr3251-1572/harvest/f178v/f178v_L10_s2.jpg	343	45	51	59	sign
f178v_L10_b014	birago1572-no87	f178v_L10	ciphers/nevers-birago-fr3251-1572/harvest/f178v/f178v_L10_s2.jpg	402	42	84	88	sign
f178v_L10_b015	birago1572-no87	f178v_L10	ciphers/nevers-birago-fr3251-1572/harvest/f178v/f178v_L10_s2.jpg	505	42	58	59	sign
f178v_L10_b016	birago1572-no87	f178v_L10	ciphers/nevers-birago-fr3251-1572/harvest/f178v/f178v_L10_s2.jpg	576	41	48	62	sign
f178v_L10_b017	birago1572-no87	f178v_L10	ciphers/nevers-birago-fr3251-1572/harvest/f178v/f178v_L10_s2.jpg	600	114	49	26	sign
f178v_L10_b018	birago1572-no87	f178v_L10	ciphers/nevers-birago-fr3251-1572/harvest/f178v/f178v_L10_s2.jpg	696	41	61	60	sign
f178v_L10_b019	birago1572-no87	f178v_L10	ciphers/nevers-birago-fr3251-1572/harvest/f178v/f178v_L10_s2.jpg	782	41	69	54	sign
f178v_L10_b020	birago1572-no87	f178v_L10	ciphers/nevers-birago-fr3251-1572/harvest/f178v/f178v_L10_s2.jpg	863	34	73	62	sign
f178v_L10_b021	birago1572-no87	f178v_L10	ciphers/nevers-birago-fr3251-1572/harvest/f178v/f178v_L10_s3.jpg	190	40	75	59	sign
f178v_L10_b022	birago1572-no87	f178v_L10	ciphers/nevers-birago-fr3251-1572/harvest/f178v/f178v_L10_s3.jpg	286	0	43	101	sign
f178v_L10_b023	birago1572-no87	f178v_L10	ciphers/nevers-birago-fr3251-1572/harvest/f178v/f178v_L10_s3.jpg	346	11	58	92	sign
f178v_L10_b024	birago1572-no87	f178v_L10	ciphers/nevers-birago-fr3251-1572/harvest/f178v/f178v_L10_s3.jpg	392	46	78	52	sign
f178v_L10_b025	birago1572-no87	f178v_L10	ciphers/nevers-birago-fr3251-1572/harvest/f178v/f178v_L10_s3.jpg	476	45	59	55	sign
f178v_L10_b026	birago1572-no87	f178v_L10	ciphers/nevers-birago-fr3251-1572/harvest/f178v/f178v_L10_s3.jpg	550	42	43	67	sign
f178v_L10_b027	birago1572-no87	f178v_L10	ciphers/nevers-birago-fr3251-1572/harvest/f178v/f178v_L10_s3.jpg	603	43	78	60	sign
f178v_L10_b028	birago1572-no87	f178v_L10	ciphers/nevers-birago-fr3251-1572/harvest/f178v/f178v_L10_s3.jpg	697	44	82	62	sign
f178v_L10_b029	birago1572-no87	f178v_L10	ciphers/nevers-birago-fr3251-1572/harvest/f178v/f178v_L10_s3.jpg	803	8	38	103	sign
f178v_L10_b030	birago1572-no87	f178v_L10	ciphers/nevers-birago-fr3251-1572/harvest/f178v/f178v_L10_s3.jpg	854	58	41	87	sign
f178v_L10_b031	birago1572-no87	f178v_L10	ciphers/nevers-birago-fr3251-1572/harvest/f178v/f178v_L10_s3.jpg	897	58	26	64	sign
f178v_L10_b033	birago1572-no87	f178v_L10	ciphers/nevers-birago-fr3251-1572/harvest/f178v/f178v_L10_s3.jpg	925	81	14	48	sign
f178v_L10_b034	birago1572-no87	f178v_L10	ciphers/nevers-birago-fr3251-1572/harvest/f178v/f178v_L10_s3.jpg	943	9	115	126	sign
f178v_L11_b001	birago1572-no87	f178v_L11	ciphers/nevers-birago-fr3251-1572/harvest/f178v/f178v_L11_s1.jpg	194	35	52	97	sign
f178v_L11_b002	birago1572-no87	f178v_L11	ciphers/nevers-birago-fr3251-1572/harvest/f178v/f178v_L11_s1.jpg	266	62	66	50	sign
f178v_L11_b003	birago1572-no87	f178v_L11	ciphers/nevers-birago-fr3251-1572/harvest/f178v/f178v_L11_s1.jpg	342	64	58	52	sign
f178v_L11_b004	birago1572-no87	f178v_L11	ciphers/nevers-birago-fr3251-1572/harvest/f178v/f178v_L11_s1.jpg	401	53	56	79	sign
f178v_L11_b006	birago1572-no87	f178v_L11	ciphers/nevers-birago-fr3251-1572/harvest/f178v/f178v_L11_s1.jpg	487	59	38	73	sign
f178v_L11_b007	birago1572-no87	f178v_L11	ciphers/nevers-birago-fr3251-1572/harvest/f178v/f178v_L11_s1.jpg	552	55	69	57	sign
f178v_L11_b008	birago1572-no87	f178v_L11	ciphers/nevers-birago-fr3251-1572/harvest/f178v/f178v_L11_s1.jpg	641	10	36	96	sign
f178v_L11_b009	birago1572-no87	f178v_L11	ciphers/nevers-birago-fr3251-1572/harvest/f178v/f178v_L11_s1.jpg	691	46	71	64	sign
f178v_L11_b010	birago1572-no87	f178v_L11	ciphers/nevers-birago-fr3251-1572/harvest/f178v/f178v_L11_s1.jpg	770	53	117	53	sign
f178v_L11_b011	birago1572-no87	f178v_L11	ciphers/nevers-birago-fr3251-1572/harvest/f178v/f178v_L11_s1.jpg	902	42	70	67	sign
f178v_L11_b012	birago1572-no87	f178v_L11	ciphers/nevers-birago-fr3251-1572/harvest/f178v/f178v_L11_s1.jpg	978	42	80	90	sign
f178v_L11_b013	birago1572-no87	f178v_L11	ciphers/nevers-birago-fr3251-1572/harvest/f178v/f178v_L11_s2.jpg	236	45	75	57	sign
f178v_L11_b014	birago1572-no87	f178v_L11	ciphers/nevers-birago-fr3251-1572/harvest/f178v/f178v_L11_s2.jpg	315	38	69	51	sign
f178v_L11_b015	birago1572-no87	f178v_L11	ciphers/nevers-birago-fr3251-1572/harvest/f178v/f178v_L11_s2.jpg	471	41	79	57	sign
f178v_L11_b016	birago1572-no87	f178v_L11	ciphers/nevers-birago-fr3251-1572/harvest/f178v/f178v_L11_s2.jpg	558	30	134	66	sign
f178v_L11_b017	birago1572-no87	f178v_L11	ciphers/nevers-birago-fr3251-1572/harvest/f178v/f178v_L11_s2.jpg	716	44	57	53	sign
f178v_L11_b018	birago1572-no87	f178v_L11	ciphers/nevers-birago-fr3251-1572/harvest/f178v/f178v_L11_s2.jpg	787	38	53	64	sign
f178v_L11_b019	birago1572-no87	f178v_L11	ciphers/nevers-birago-fr3251-1572/harvest/f178v/f178v_L11_s2.jpg	861	44	68	53	sign
f178v_L11_b020	birago1572-no87	f178v_L11	ciphers/nevers-birago-fr3251-1572/harvest/f178v/f178v_L11_s2.jpg	949	40	83	54	sign
f178v_L11_b021	birago1572-no87	f178v_L11	ciphers/nevers-birago-fr3251-1572/harvest/f178v/f178v_L11_s3.jpg	240	27	34	62	sign
f178v_L11_b022	birago1572-no87	f178v_L11	ciphers/nevers-birago-fr3251-1572/harvest/f178v/f178v_L11_s3.jpg	283	30	77	60	sign
f178v_L11_b023	birago1572-no87	f178v_L11	ciphers/nevers-birago-fr3251-1572/harvest/f178v/f178v_L11_s3.jpg	378	41	44	57	sign
f178v_L11_b024	birago1572-no87	f178v_L11	ciphers/nevers-birago-fr3251-1572/harvest/f178v/f178v_L11_s3.jpg	428	34	67	59	sign
f178v_L11_b025	birago1572-no87	f178v_L11	ciphers/nevers-birago-fr3251-1572/harvest/f178v/f178v_L11_s3.jpg	513	0	49	92	sign
f178v_L11_b026	birago1572-no87	f178v_L11	ciphers/nevers-birago-fr3251-1572/harvest/f178v/f178v_L11_s3.jpg	592	46	51	56	sign
f178v_L11_b027	birago1572-no87	f178v_L11	ciphers/nevers-birago-fr3251-1572/harvest/f178v/f178v_L11_s3.jpg	666	41	68	49	sign
f178v_L11_b028	birago1572-no87	f178v_L11	ciphers/nevers-birago-fr3251-1572/harvest/f178v/f178v_L11_s3.jpg	747	34	60	59	sign
f178v_L11_b029	birago1572-no87	f178v_L11	ciphers/nevers-birago-fr3251-1572/harvest/f178v/f178v_L11_s3.jpg	823	43	86	89	sign
f178v_L11_b031	birago1572-no87	f178v_L11	ciphers/nevers-birago-fr3251-1572/harvest/f178v/f178v_L11_s3.jpg	941	8	112	116	sign
f178v_L12_b001	birago1572-no87	f178v_L12	ciphers/nevers-birago-fr3251-1572/harvest/f178v/f178v_L12_s1.jpg	213	65	51	68	sign
f178v_L12_b002	birago1572-no87	f178v_L12	ciphers/nevers-birago-fr3251-1572/harvest/f178v/f178v_L12_s1.jpg	367	55	78	71	sign
f178v_L12_b004	birago1572-no87	f178v_L12	ciphers/nevers-birago-fr3251-1572/harvest/f178v/f178v_L12_s1.jpg	460	36	40	90	sign
f178v_L12_b006	birago1572-no87	f178v_L12	ciphers/nevers-birago-fr3251-1572/harvest/f178v/f178v_L12_s1.jpg	530	59	53	62	sign
f178v_L12_b007	birago1572-no87	f178v_L12	ciphers/nevers-birago-fr3251-1572/harvest/f178v/f178v_L12_s1.jpg	643	59	83	58	sign
f178v_L12_b008	birago1572-no87	f178v_L12	ciphers/nevers-birago-fr3251-1572/harvest/f178v/f178v_L12_s1.jpg	752	45	61	68	sign
f178v_L12_b009	birago1572-no87	f178v_L12	ciphers/nevers-birago-fr3251-1572/harvest/f178v/f178v_L12_s1.jpg	814	48	74	61	sign
f178v_L12_b010	birago1572-no87	f178v_L12	ciphers/nevers-birago-fr3251-1572/harvest/f178v/f178v_L12_s1.jpg	910	48	55	85	sign
f178v_L12_b013	birago1572-no87	f178v_L12	ciphers/nevers-birago-fr3251-1572/harvest/f178v/f178v_L12_s1.jpg	986	51	54	53	sign
f178v_L12_b014	birago1572-no87	f178v_L12	ciphers/nevers-birago-fr3251-1572/harvest/f178v/f178v_L12_s2.jpg	225	45	65	58	sign
f178v_L12_b015	birago1572-no87	f178v_L12	ciphers/nevers-birago-fr3251-1572/harvest/f178v/f178v_L12_s2.jpg	301	40	72	101	sign
f178v_L12_b016	birago1572-no87	f178v_L12	ciphers/nevers-birago-fr3251-1572/harvest/f178v/f178v_L12_s2.jpg	379	41	57	61	sign
f178v_L12_b017	birago1572-no87	f178v_L12	ciphers/nevers-birago-fr3251-1572/harvest/f178v/f178v_L12_s2.jpg	463	39	35	102	sign
f178v_L12_b018	birago1572-no87	f178v_L12	ciphers/nevers-birago-fr3251-1572/harvest/f178v/f178v_L12_s2.jpg	522	0	35	95	sign
f178v_L12_b019	birago1572-no87	f178v_L12	ciphers/nevers-birago-fr3251-1572/harvest/f178v/f178v_L12_s2.jpg	579	45	55	96	sign
f178v_L12_b020	birago1572-no87	f178v_L12	ciphers/nevers-birago-fr3251-1572/harvest/f178v/f178v_L12_s2.jpg	644	41	70	54	sign
f178v_L12_b021	birago1572-no87	f178v_L12	ciphers/nevers-birago-fr3251-1572/harvest/f178v/f178v_L12_s2.jpg	727	43	79	49	sign
f178v_L12_b022	birago1572-no87	f178v_L12	ciphers/nevers-birago-fr3251-1572/harvest/f178v/f178v_L12_s2.jpg	820	37	82	55	sign
f178v_L12_b023	birago1572-no87	f178v_L12	ciphers/nevers-birago-fr3251-1572/harvest/f178v/f178v_L12_s2.jpg	918	48	56	52	sign
f178v_L12_b024	birago1572-no87	f178v_L12	ciphers/nevers-birago-fr3251-1572/harvest/f178v/f178v_L12_s2.jpg	984	18	30	94	sign
f178v_L12_b025	birago1572-no87	f178v_L12	ciphers/nevers-birago-fr3251-1572/harvest/f178v/f178v_L12_s2.jpg	1008	62	31	43	sign
f178v_L12_b026	birago1572-no87	f178v_L12	ciphers/nevers-birago-fr3251-1572/harvest/f178v/f178v_L12_s3.jpg	244	14	90	87	sign
f178v_L12_b027	birago1572-no87	f178v_L12	ciphers/nevers-birago-fr3251-1572/harvest/f178v/f178v_L12_s3.jpg	359	9	38	111	sign
f178v_L12_b028	birago1572-no87	f178v_L12	ciphers/nevers-birago-fr3251-1572/harvest/f178v/f178v_L12_s3.jpg	430	0	39	90	sign
f178v_L12_b029	birago1572-no87	f178v_L12	ciphers/nevers-birago-fr3251-1572/harvest/f178v/f178v_L12_s3.jpg	474	32	74	49	sign
f178v_L12_b030	birago1572-no87	f178v_L12	ciphers/nevers-birago-fr3251-1572/harvest/f178v/f178v_L12_s3.jpg	565	36	62	47	sign
f178v_L12_b031	birago1572-no87	f178v_L12	ciphers/nevers-birago-fr3251-1572/harvest/f178v/f178v_L12_s3.jpg	626	37	57	92	sign
f178v_L12_b032	birago1572-no87	f178v_L12	ciphers/nevers-birago-fr3251-1572/harvest/f178v/f178v_L12_s3.jpg	722	0	41	86	sign
f178v_L12_b033	birago1572-no87	f178v_L12	ciphers/nevers-birago-fr3251-1572/harvest/f178v/f178v_L12_s3.jpg	783	33	68	56	sign
f178v_L12_b034	birago1572-no87	f178v_L12	ciphers/nevers-birago-fr3251-1572/harvest/f178v/f178v_L12_s3.jpg	865	40	39	101	sign
f178v_L12_b036	birago1572-no87	f178v_L12	ciphers/nevers-birago-fr3251-1572/harvest/f178v/f178v_L12_s3.jpg	939	8	115	124	sign
p1_L01_b001	luzerne108a-p1	p1_L01	benchmark-tx/txpool/luzerne108a/crops/p1_L01.jpg	30	51	11	15	sign
p1_L01_b002	luzerne108a-p1	p1_L01	benchmark-tx/txpool/luzerne108a/crops/p1_L01.jpg	42	35	10	29	sign
p1_L01_b003	luzerne108a-p1	p1_L01	benchmark-tx/txpool/luzerne108a/crops/p1_L01.jpg	59	48	12	17	sign
p1_L01_b004	luzerne108a-p1	p1_L01	benchmark-tx/txpool/luzerne108a/crops/p1_L01.jpg	84	39	18	25	sign
p1_L01_b005	luzerne108a-p1	p1_L01	benchmark-tx/txpool/luzerne108a/crops/p1_L01.jpg	118	47	17	32	sign
p1_L01_b006	luzerne108a-p1	p1_L01	benchmark-tx/txpool/luzerne108a/crops/p1_L01.jpg	136	53	14	21	sign
p1_L01_b007	luzerne108a-p1	p1_L01	benchmark-tx/txpool/luzerne108a/crops/p1_L01.jpg	156	44	15	19	sign
p1_L01_b008	luzerne108a-p1	p1_L01	benchmark-tx/txpool/luzerne108a/crops/p1_L01.jpg	202	45	14	19	sign
p1_L01_b009	luzerne108a-p1	p1_L01	benchmark-tx/txpool/luzerne108a/crops/p1_L01.jpg	221	44	14	18	sign
p1_L01_b010	luzerne108a-p1	p1_L01	benchmark-tx/txpool/luzerne108a/crops/p1_L01.jpg	238	52	9	9	sign
p1_L01_b011	luzerne108a-p1	p1_L01	benchmark-tx/txpool/luzerne108a/crops/p1_L01.jpg	278	55	7	10	sign
p1_L01_b013	luzerne108a-p1	p1_L01	benchmark-tx/txpool/luzerne108a/crops/p1_L01.jpg	283	41	14	21	sign
p1_L01_b014	luzerne108a-p1	p1_L01	benchmark-tx/txpool/luzerne108a/crops/p1_L01.jpg	295	41	20	24	sign
p1_L01_b015	luzerne108a-p1	p1_L01	benchmark-tx/txpool/luzerne108a/crops/p1_L01.jpg	316	38	5	3	mark
p1_L01_b016	luzerne108a-p1	p1_L01	benchmark-tx/txpool/luzerne108a/crops/p1_L01.jpg	331	50	9	12	sign
p1_L01_b017	luzerne108a-p1	p1_L01	benchmark-tx/txpool/luzerne108a/crops/p1_L01.jpg	338	51	9	11	sign
p1_L01_b018	luzerne108a-p1	p1_L01	benchmark-tx/txpool/luzerne108a/crops/p1_L01.jpg	354	45	14	17	sign
p1_L01_b019	luzerne108a-p1	p1_L01	benchmark-tx/txpool/luzerne108a/crops/p1_L01.jpg	370	45	14	17	sign
p1_L01_b020	luzerne108a-p1	p1_L01	benchmark-tx/txpool/luzerne108a/crops/p1_L01.jpg	407	39	14	22	sign
p1_L01_b021	luzerne108a-p1	p1_L01	benchmark-tx/txpool/luzerne108a/crops/p1_L01.jpg	425	68	6	9	sign
p1_L01_b023	luzerne108a-p1	p1_L01	benchmark-tx/txpool/luzerne108a/crops/p1_L01.jpg	437	53	16	22	sign
p1_L01_b024	luzerne108a-p1	p1_L01	benchmark-tx/txpool/luzerne108a/crops/p1_L01.jpg	454	41	16	20	sign
p1_L01_b025	luzerne108a-p1	p1_L01	benchmark-tx/txpool/luzerne108a/crops/p1_L01.jpg	467	52	16	23	sign
p1_L01_b026	luzerne108a-p1	p1_L01	benchmark-tx/txpool/luzerne108a/crops/p1_L01.jpg	512	39	12	25	sign
p1_L01_b027	luzerne108a-p1	p1_L01	benchmark-tx/txpool/luzerne108a/crops/p1_L01.jpg	526	42	17	20	sign
p1_L01_b028	luzerne108a-p1	p1_L01	benchmark-tx/txpool/luzerne108a/crops/p1_L01.jpg	549	46	11	16	sign
p1_L01_b029	luzerne108a-p1	p1_L01	benchmark-tx/txpool/luzerne108a/crops/p1_L01.jpg	565	66	8	13	sign
p1_L01_b030	luzerne108a-p1	p1_L01	benchmark-tx/txpool/luzerne108a/crops/p1_L01.jpg	579	52	14	24	sign
p1_L01_b031	luzerne108a-p1	p1_L01	benchmark-tx/txpool/luzerne108a/crops/p1_L01.jpg	600	39	22	23	sign
p1_L01_b032	luzerne108a-p1	p1_L01	benchmark-tx/txpool/luzerne108a/crops/p1_L01.jpg	615	49	9	12	sign
p1_L01_b033	luzerne108a-p1	p1_L01	benchmark-tx/txpool/luzerne108a/crops/p1_L01.jpg	638	50	12	16	sign
p1_L01_b034	luzerne108a-p1	p1_L01	benchmark-tx/txpool/luzerne108a/crops/p1_L01.jpg	650	42	15	19	sign
p1_L01_b035	luzerne108a-p1	p1_L01	benchmark-tx/txpool/luzerne108a/crops/p1_L01.jpg	665	43	18	19	sign
p1_L02_b001	luzerne108a-p1	p1_L02	benchmark-tx/txpool/luzerne108a/crops/p1_L02.jpg	29	130	5	6	sign
p1_L02_b002	luzerne108a-p1	p1_L02	benchmark-tx/txpool/luzerne108a/crops/p1_L02.jpg	36	85	11	16	sign
p1_L02_b003	luzerne108a-p1	p1_L02	benchmark-tx/txpool/luzerne108a/crops/p1_L02.jpg	51	89	11	18	sign
p1_L02_b004	luzerne108a-p1	p1_L02	benchmark-tx/txpool/luzerne108a/crops/p1_L02.jpg	68	85	15	19	sign
p1_L02_b005	luzerne108a-p1	p1_L02	benchmark-tx/txpool/luzerne108a/crops/p1_L02.jpg	102	81	15	22	sign
p1_L02_b006	luzerne108a-p1	p1_L02	benchmark-tx/txpool/luzerne108a/crops/p1_L02.jpg	123	88	11	14	sign
p1_L02_b007	luzerne108a-p1	p1_L02	benchmark-tx/txpool/luzerne108a/crops/p1_L02.jpg	174	91	14	18	sign
p1_L02_b008	luzerne108a-p1	p1_L02	benchmark-tx/txpool/luzerne108a/crops/p1_L02.jpg	194	87	11	14	sign
p1_L02_b009	luzerne108a-p1	p1_L02	benchmark-tx/txpool/luzerne108a/crops/p1_L02.jpg	227	79	18	23	sign
p1_L02_b010	luzerne108a-p1	p1_L02	benchmark-tx/txpool/luzerne108a/crops/p1_L02.jpg	245	82	14	19	sign
p1_L02_b011	luzerne108a-p1	p1_L02	benchmark-tx/txpool/luzerne108a/crops/p1_L02.jpg	262	80	15	22	sign
p1_L02_b012	luzerne108a-p1	p1_L02	benchmark-tx/txpool/luzerne108a/crops/p1_L02.jpg	298	86	8	14	sign
p1_L02_b013	luzerne108a-p1	p1_L02	benchmark-tx/txpool/luzerne108a/crops/p1_L02.jpg	310	90	11	9	sign
p1_L02_b014	luzerne108a-p1	p1_L02	benchmark-tx/txpool/luzerne108a/crops/p1_L02.jpg	327	94	12	9	sign
p1_L02_b016	luzerne108a-p1	p1_L02	benchmark-tx/txpool/luzerne108a/crops/p1_L02.jpg	335	85	6	9	sign
p1_L02_b017	luzerne108a-p1	p1_L02	benchmark-tx/txpool/luzerne108a/crops/p1_L02.jpg	348	85	11	15	sign
p1_L02_b018	luzerne108a-p1	p1_L02	benchmark-tx/txpool/luzerne108a/crops/p1_L02.jpg	370	130	7	7	sign
p1_L02_b019	luzerne108a-p1	p1_L02	benchmark-tx/txpool/luzerne108a/crops/p1_L02.jpg	385	74	21	27	sign
p1_L02_b021	luzerne108a-p1	p1_L02	benchmark-tx/txpool/luzerne108a/crops/p1_L02.jpg	390	89	22	39	sign
p1_L02_b023	luzerne108a-p1	p1_L02	benchmark-tx/txpool/luzerne108a/crops/p1_L02.jpg	411	89	17	22	sign
p1_L02_b024	luzerne108a-p1	p1_L02	benchmark-tx/txpool/luzerne108a/crops/p1_L02.jpg	448	86	12	14	sign
p1_L02_b025	luzerne108a-p1	p1_L02	benchmark-tx/txpool/luzerne108a/crops/p1_L02.jpg	466	83	11	17	sign
p1_L02_b026	luzerne108a-p1	p1_L02	benchmark-tx/txpool/luzerne108a/crops/p1_L02.jpg	483	81	10	19	sign
p1_L02_b028	luzerne108a-p1	p1_L02	benchmark-tx/txpool/luzerne108a/crops/p1_L02.jpg	522	86	7	13	sign
p1_L02_b029	luzerne108a-p1	p1_L02	benchmark-tx/txpool/luzerne108a/crops/p1_L02.jpg	530	89	7	9	sign
p1_L02_b030	luzerne108a-p1	p1_L02	benchmark-tx/txpool/luzerne108a/crops/p1_L02.jpg	536	88	6	7	sign
p1_L02_b031	luzerne108a-p1	p1_L02	benchmark-tx/txpool/luzerne108a/crops/p1_L02.jpg	544	88	10	10	sign
p1_L02_b033	luzerne108a-p1	p1_L02	benchmark-tx/txpool/luzerne108a/crops/p1_L02.jpg	558	120	14	10	sign
p1_L02_b035	luzerne108a-p1	p1_L02	benchmark-tx/txpool/luzerne108a/crops/p1_L02.jpg	562	80	14	17	sign
p1_L02_b036	luzerne108a-p1	p1_L02	benchmark-tx/txpool/luzerne108a/crops/p1_L02.jpg	573	111	8	8	sign
p1_L02_b037	luzerne108a-p1	p1_L02	benchmark-tx/txpool/luzerne108a/crops/p1_L02.jpg	587	96	8	9	sign
p1_L02_b038	luzerne108a-p1	p1_L02	benchmark-tx/txpool/luzerne108a/crops/p1_L02.jpg	591	86	8	9	sign
p1_L02_b039	luzerne108a-p1	p1_L02	benchmark-tx/txpool/luzerne108a/crops/p1_L02.jpg	609	76	15	20	sign
p1_L02_b040	luzerne108a-p1	p1_L02	benchmark-tx/txpool/luzerne108a/crops/p1_L02.jpg	618	80	16	19	sign
p1_L02_b041	luzerne108a-p1	p1_L02	benchmark-tx/txpool/luzerne108a/crops/p1_L02.jpg	641	88	16	24	sign
p1_L02_b042	luzerne108a-p1	p1_L02	benchmark-tx/txpool/luzerne108a/crops/p1_L02.jpg	668	79	10	17	sign
p1_L02_b043	luzerne108a-p1	p1_L02	benchmark-tx/txpool/luzerne108a/crops/p1_L02.jpg	680	84	10	14	sign
p1_L02_b045	luzerne108a-p1	p1_L02	benchmark-tx/txpool/luzerne108a/crops/p1_L02.jpg	741	86	6	14	sign
p1_L02_b046	luzerne108a-p1	p1_L02	benchmark-tx/txpool/luzerne108a/crops/p1_L02.jpg	742	126	5	9	sign
p1_L03_b001	luzerne108a-p1	p1_L03	benchmark-tx/txpool/luzerne108a/crops/p1_L03.jpg	17	42	3	2	mark
p1_L03_b002	luzerne108a-p1	p1_L03	benchmark-tx/txpool/luzerne108a/crops/p1_L03.jpg	35	88	9	14	sign
p1_L03_b003	luzerne108a-p1	p1_L03	benchmark-tx/txpool/luzerne108a/crops/p1_L03.jpg	52	87	10	15	sign
p1_L03_b004	luzerne108a-p1	p1_L03	benchmark-tx/txpool/luzerne108a/crops/p1_L03.jpg	60	117	7	10	sign
p1_L03_b005	luzerne108a-p1	p1_L03	benchmark-tx/txpool/luzerne108a/crops/p1_L03.jpg	80	92	17	34	sign
p1_L03_b006	luzerne108a-p1	p1_L03	benchmark-tx/txpool/luzerne108a/crops/p1_L03.jpg	108	87	14	17	sign
p1_L03_b007	luzerne108a-p1	p1_L03	benchmark-tx/txpool/luzerne108a/crops/p1_L03.jpg	132	85	12	17	sign
p1_L03_b008	luzerne108a-p1	p1_L03	benchmark-tx/txpool/luzerne108a/crops/p1_L03.jpg	163	138	6	6	sign
p1_L03_b009	luzerne108a-p1	p1_L03	benchmark-tx/txpool/luzerne108a/crops/p1_L03.jpg	173	81	14	23	sign
p1_L03_b010	luzerne108a-p1	p1_L03	benchmark-tx/txpool/luzerne108a/crops/p1_L03.jpg	183	118	7	8	sign
p1_L03_b012	luzerne108a-p1	p1_L03	benchmark-tx/txpool/luzerne108a/crops/p1_L03.jpg	189	90	7	11	sign
p1_L03_b013	luzerne108a-p1	p1_L03	benchmark-tx/txpool/luzerne108a/crops/p1_L03.jpg	196	91	16	21	sign
p1_L03_b014	luzerne108a-p1	p1_L03	benchmark-tx/txpool/luzerne108a/crops/p1_L03.jpg	242	86	10	14	sign
p1_L03_b015	luzerne108a-p1	p1_L03	benchmark-tx/txpool/luzerne108a/crops/p1_L03.jpg	252	86	9	13	sign
p1_L03_b016	luzerne108a-p1	p1_L03	benchmark-tx/txpool/luzerne108a/crops/p1_L03.jpg	264	82	13	19	sign
p1_L03_b017	luzerne108a-p1	p1_L03	benchmark-tx/txpool/luzerne108a/crops/p1_L03.jpg	279	85	9	13	sign
p1_L03_b018	luzerne108a-p1	p1_L03	benchmark-tx/txpool/luzerne108a/crops/p1_L03.jpg	316	83	13	17	sign
p1_L03_b019	luzerne108a-p1	p1_L03	benchmark-tx/txpool/luzerne108a/crops/p1_L03.jpg	336	83	13	19	sign
p1_L03_b020	luzerne108a-p1	p1_L03	benchmark-tx/txpool/luzerne108a/crops/p1_L03.jpg	356	78	18	24	sign
p1_L03_b021	luzerne108a-p1	p1_L03	benchmark-tx/txpool/luzerne108a/crops/p1_L03.jpg	388	78	18	24	sign
p1_L03_b023	luzerne108a-p1	p1_L03	benchmark-tx/txpool/luzerne108a/crops/p1_L03.jpg	408	78	19	21	sign
p1_L03_b024	luzerne108a-p1	p1_L03	benchmark-tx/txpool/luzerne108a/crops/p1_L03.jpg	428	90	25	25	sign
p1_L03_b025	luzerne108a-p1	p1_L03	benchmark-tx/txpool/luzerne108a/crops/p1_L03.jpg	457	88	9	12	sign
p1_L03_b026	luzerne108a-p1	p1_L03	benchmark-tx/txpool/luzerne108a/crops/p1_L03.jpg	468	83	14	20	sign
p1_L03_b027	luzerne108a-p1	p1_L03	benchmark-tx/txpool/luzerne108a/crops/p1_L03.jpg	485	91	24	24	sign
p1_L03_b028	luzerne108a-p1	p1_L03	benchmark-tx/txpool/luzerne108a/crops/p1_L03.jpg	509	135	10	13	sign
p1_L03_b029	luzerne108a-p1	p1_L03	benchmark-tx/txpool/luzerne108a/crops/p1_L03.jpg	514	80	16	22	sign
p1_L03_b030	luzerne108a-p1	p1_L03	benchmark-tx/txpool/luzerne108a/crops/p1_L03.jpg	531	92	10	9	sign
p1_L03_b031	luzerne108a-p1	p1_L03	benchmark-tx/txpool/luzerne108a/crops/p1_L03.jpg	561	88	7	11	sign
p1_L03_b033	luzerne108a-p1	p1_L03	benchmark-tx/txpool/luzerne108a/crops/p1_L03.jpg	570	88	4	8	sign
p1_L03_b034	luzerne108a-p1	p1_L03	benchmark-tx/txpool/luzerne108a/crops/p1_L03.jpg	577	86	7	16	sign
p1_L03_b035	luzerne108a-p1	p1_L03	benchmark-tx/txpool/luzerne108a/crops/p1_L03.jpg	591	85	11	34	sign
p1_L03_b036	luzerne108a-p1	p1_L03	benchmark-tx/txpool/luzerne108a/crops/p1_L03.jpg	607	92	14	22	sign
p1_L03_b037	luzerne108a-p1	p1_L03	benchmark-tx/txpool/luzerne108a/crops/p1_L03.jpg	625	81	17	21	sign
p1_L03_b038	luzerne108a-p1	p1_L03	benchmark-tx/txpool/luzerne108a/crops/p1_L03.jpg	638	90	12	18	sign
p1_L03_b039	luzerne108a-p1	p1_L03	benchmark-tx/txpool/luzerne108a/crops/p1_L03.jpg	665	88	9	11	sign
p1_L03_b040	luzerne108a-p1	p1_L03	benchmark-tx/txpool/luzerne108a/crops/p1_L03.jpg	677	83	14	18	sign
p1_L03_b041	luzerne108a-p1	p1_L03	benchmark-tx/txpool/luzerne108a/crops/p1_L03.jpg	686	85	14	17	sign
p1_L03_b042	luzerne108a-p1	p1_L03	benchmark-tx/txpool/luzerne108a/crops/p1_L03.jpg	743	8	2	4	mark
p1_L03_b043	luzerne108a-p1	p1_L03	benchmark-tx/txpool/luzerne108a/crops/p1_L03.jpg	744	25	1	5	mark
p1_L04_b001	luzerne108a-p1	p1_L04	benchmark-tx/txpool/luzerne108a/crops/p1_L04.jpg	23	142	10	9	sign
p1_L04_b002	luzerne108a-p1	p1_L04	benchmark-tx/txpool/luzerne108a/crops/p1_L04.jpg	26	96	16	17	sign
p1_L04_b003	luzerne108a-p1	p1_L04	benchmark-tx/txpool/luzerne108a/crops/p1_L04.jpg	34	136	4	5	sign
p1_L04_b004	luzerne108a-p1	p1_L04	benchmark-tx/txpool/luzerne108a/crops/p1_L04.jpg	39	129	5	6	sign
p1_L04_b005	luzerne108a-p1	p1_L04	benchmark-tx/txpool/luzerne108a/crops/p1_L04.jpg	45	101	6	12	sign
p1_L04_b006	luzerne108a-p1	p1_L04	benchmark-tx/txpool/luzerne108a/crops/p1_L04.jpg	50	100	15	23	sign
p1_L04_b007	luzerne108a-p1	p1_L04	benchmark-tx/txpool/luzerne108a/crops/p1_L04.jpg	95	87	17	23	sign
p1_L04_b008	luzerne108a-p1	p1_L04	benchmark-tx/txpool/luzerne108a/crops/p1_L04.jpg	116	96	8	16	sign
p1_L04_b009	luzerne108a-p1	p1_L04	benchmark-tx/txpool/luzerne108a/crops/p1_L04.jpg	133	89	17	19	sign
p1_L04_b010	luzerne108a-p1	p1_L04	benchmark-tx/txpool/luzerne108a/crops/p1_L04.jpg	147	117	7	8	sign
p1_L04_b011	luzerne108a-p1	p1_L04	benchmark-tx/txpool/luzerne108a/crops/p1_L04.jpg	155	101	19	24	sign
p1_L04_b012	luzerne108a-p1	p1_L04	benchmark-tx/txpool/luzerne108a/crops/p1_L04.jpg	185	89	18	22	sign
p1_L04_b013	luzerne108a-p1	p1_L04	benchmark-tx/txpool/luzerne108a/crops/p1_L04.jpg	201	98	7	12	sign
p1_L04_b014	luzerne108a-p1	p1_L04	benchmark-tx/txpool/luzerne108a/crops/p1_L04.jpg	237	93	12	17	sign
p1_L04_b015	luzerne108a-p1	p1_L04	benchmark-tx/txpool/luzerne108a/crops/p1_L04.jpg	253	93	15	16	sign
p1_L04_b016	luzerne108a-p1	p1_L04	benchmark-tx/txpool/luzerne108a/crops/p1_L04.jpg	272	92	14	16	sign
p1_L04_b017	luzerne108a-p1	p1_L04	benchmark-tx/txpool/luzerne108a/crops/p1_L04.jpg	286	128	8	6	sign
p1_L04_b018	luzerne108a-p1	p1_L04	benchmark-tx/txpool/luzerne108a/crops/p1_L04.jpg	304	113	8	7	sign
p1_L04_b019	luzerne108a-p1	p1_L04	benchmark-tx/txpool/luzerne108a/crops/p1_L04.jpg	310	96	12	16	sign
p1_L04_b020	luzerne108a-p1	p1_L04	benchmark-tx/txpool/luzerne108a/crops/p1_L04.jpg	331	88	16	34	sign
p1_L04_b021	luzerne108a-p1	p1_L04	benchmark-tx/txpool/luzerne108a/crops/p1_L04.jpg	345	98	14	23	sign
p1_L04_b022	luzerne108a-p1	p1_L04	benchmark-tx/txpool/luzerne108a/crops/p1_L04.jpg	384	83	19	21	sign
p1_L04_b023	luzerne108a-p1	p1_L04	benchmark-tx/txpool/luzerne108a/crops/p1_L04.jpg	404	85	17	22	sign
p1_L04_b024	luzerne108a-p1	p1_L04	benchmark-tx/txpool/luzerne108a/crops/p1_L04.jpg	423	94	12	13	sign
p1_L04_b026	luzerne108a-p1	p1_L04	benchmark-tx/txpool/luzerne108a/crops/p1_L04.jpg	457	91	16	28	sign
p1_L04_b027	luzerne108a-p1	p1_L04	benchmark-tx/txpool/luzerne108a/crops/p1_L04.jpg	474	96	9	17	sign
p1_L04_b028	luzerne108a-p1	p1_L04	benchmark-tx/txpool/luzerne108a/crops/p1_L04.jpg	490	93	11	12	sign
p1_L04_b029	luzerne108a-p1	p1_L04	benchmark-tx/txpool/luzerne108a/crops/p1_L04.jpg	524	87	17	18	sign
p1_L04_b030	luzerne108a-p1	p1_L04	benchmark-tx/txpool/luzerne108a/crops/p1_L04.jpg	539	127	11	17	sign
p1_L04_b031	luzerne108a-p1	p1_L04	benchmark-tx/txpool/luzerne108a/crops/p1_L04.jpg	547	90	13	16	sign
p1_L04_b032	luzerne108a-p1	p1_L04	benchmark-tx/txpool/luzerne108a/crops/p1_L04.jpg	553	124	7	18	sign
p1_L04_b033	luzerne108a-p1	p1_L04	benchmark-tx/txpool/luzerne108a/crops/p1_L04.jpg	560	97	10	8	sign
p1_L04_b034	luzerne108a-p1	p1_L04	benchmark-tx/txpool/luzerne108a/crops/p1_L04.jpg	594	92	12	15	sign
p1_L04_b035	luzerne108a-p1	p1_L04	benchmark-tx/txpool/luzerne108a/crops/p1_L04.jpg	614	92	10	13	sign
p1_L04_b036	luzerne108a-p1	p1_L04	benchmark-tx/txpool/luzerne108a/crops/p1_L04.jpg	631	91	9	13	sign
p1_L04_b037	luzerne108a-p1	p1_L04	benchmark-tx/txpool/luzerne108a/crops/p1_L04.jpg	640	107	8	11	sign
p1_L04_b038	luzerne108a-p1	p1_L04	benchmark-tx/txpool/luzerne108a/crops/p1_L04.jpg	648	94	18	22	sign
p1_L04_b039	luzerne108a-p1	p1_L04	benchmark-tx/txpool/luzerne108a/crops/p1_L04.jpg	661	95	22	23	sign
p1_L04_b040	luzerne108a-p1	p1_L04	benchmark-tx/txpool/luzerne108a/crops/p1_L04.jpg	686	94	8	11	sign
p1_L04_b041	luzerne108a-p1	p1_L04	benchmark-tx/txpool/luzerne108a/crops/p1_L04.jpg	743	31	1	7	mark
p1_L04_b042	luzerne108a-p1	p1_L04	benchmark-tx/txpool/luzerne108a/crops/p1_L04.jpg	743	45	1	4	mark
p1_L04_b043	luzerne108a-p1	p1_L04	benchmark-tx/txpool/luzerne108a/crops/p1_L04.jpg	743	51	1	4	mark
p1_L04_b044	luzerne108a-p1	p1_L04	benchmark-tx/txpool/luzerne108a/crops/p1_L04.jpg	743	5	2	3	mark
p1_L05_b001	luzerne108a-p1	p1_L05	benchmark-tx/txpool/luzerne108a/crops/p1_L05.jpg	35	96	12	16	sign
p1_L05_b002	luzerne108a-p1	p1_L05	benchmark-tx/txpool/luzerne108a/crops/p1_L05.jpg	38	138	18	12	sign
p1_L05_b003	luzerne108a-p1	p1_L05	benchmark-tx/txpool/luzerne108a/crops/p1_L05.jpg	52	101	9	9	sign
p1_L05_b004	luzerne108a-p1	p1_L05	benchmark-tx/txpool/luzerne108a/crops/p1_L05.jpg	93	99	7	12	sign
p1_L05_b005	luzerne108a-p1	p1_L05	benchmark-tx/txpool/luzerne108a/crops/p1_L05.jpg	94	123	11	23	sign
p1_L05_b006	luzerne108a-p1	p1_L05	benchmark-tx/txpool/luzerne108a/crops/p1_L05.jpg	106	100	9	10	sign
p1_L05_b007	luzerne108a-p1	p1_L05	benchmark-tx/txpool/luzerne108a/crops/p1_L05.jpg	108	138	9	8	sign
p1_L05_b008	luzerne108a-p1	p1_L05	benchmark-tx/txpool/luzerne108a/crops/p1_L05.jpg	138	98	8	13	sign
p1_L05_b009	luzerne108a-p1	p1_L05	benchmark-tx/txpool/luzerne108a/crops/p1_L05.jpg	137	144	13	15	sign
p1_L05_b010	luzerne108a-p1	p1_L05	benchmark-tx/txpool/luzerne108a/crops/p1_L05.jpg	147	98	8	11	sign
p1_L05_b011	luzerne108a-p1	p1_L05	benchmark-tx/txpool/luzerne108a/crops/p1_L05.jpg	156	96	18	41	sign
p1_L05_b012	luzerne108a-p1	p1_L05	benchmark-tx/txpool/luzerne108a/crops/p1_L05.jpg	175	102	12	18	sign
p1_L05_b013	luzerne108a-p1	p1_L05	benchmark-tx/txpool/luzerne108a/crops/p1_L05.jpg	212	98	12	16	sign
p1_L05_b014	luzerne108a-p1	p1_L05	benchmark-tx/txpool/luzerne108a/crops/p1_L05.jpg	216	137	18	15	sign
p1_L05_b015	luzerne108a-p1	p1_L05	benchmark-tx/txpool/luzerne108a/crops/p1_L05.jpg	235	131	6	5	sign
p1_L05_b016	luzerne108a-p1	p1_L05	benchmark-tx/txpool/luzerne108a/crops/p1_L05.jpg	231	97	15	17	sign
p1_L05_b017	luzerne108a-p1	p1_L05	benchmark-tx/txpool/luzerne108a/crops/p1_L05.jpg	243	102	22	27	sign
p1_L05_b018	luzerne108a-p1	p1_L05	benchmark-tx/txpool/luzerne108a/crops/p1_L05.jpg	276	120	7	8	sign
p1_L05_b019	luzerne108a-p1	p1_L05	benchmark-tx/txpool/luzerne108a/crops/p1_L05.jpg	281	105	19	23	sign
p1_L05_b020	luzerne108a-p1	p1_L05	benchmark-tx/txpool/luzerne108a/crops/p1_L05.jpg	313	92	15	20	sign
p1_L05_b021	luzerne108a-p1	p1_L05	benchmark-tx/txpool/luzerne108a/crops/p1_L05.jpg	338	121	13	9	sign
p1_L05_b022	luzerne108a-p1	p1_L05	benchmark-tx/txpool/luzerne108a/crops/p1_L05.jpg	350	128	8	20	sign
p1_L05_b023	luzerne108a-p1	p1_L05	benchmark-tx/txpool/luzerne108a/crops/p1_L05.jpg	353	99	8	13	sign
p1_L05_b024	luzerne108a-p1	p1_L05	benchmark-tx/txpool/luzerne108a/crops/p1_L05.jpg	360	137	10	11	sign
p1_L05_b025	luzerne108a-p1	p1_L05	benchmark-tx/txpool/luzerne108a/crops/p1_L05.jpg	366	100	11	11	sign
p1_L05_b026	luzerne108a-p1	p1_L05	benchmark-tx/txpool/luzerne108a/crops/p1_L05.jpg	402	96	9	13	sign
p1_L05_b027	luzerne108a-p1	p1_L05	benchmark-tx/txpool/luzerne108a/crops/p1_L05.jpg	414	87	19	20	sign
p1_L05_b028	luzerne108a-p1	p1_L05	benchmark-tx/txpool/luzerne108a/crops/p1_L05.jpg	429	91	13	19	sign
p1_L05_b029	luzerne108a-p1	p1_L05	benchmark-tx/txpool/luzerne108a/crops/p1_L05.jpg	466	84	16	25	sign
p1_L05_b031	luzerne108a-p1	p1_L05	benchmark-tx/txpool/luzerne108a/crops/p1_L05.jpg	482	94	12	14	sign
p1_L05_b032	luzerne108a-p1	p1_L05	benchmark-tx/txpool/luzerne108a/crops/p1_L05.jpg	503	86	20	21	sign
p1_L05_b033	luzerne108a-p1	p1_L05	benchmark-tx/txpool/luzerne108a/crops/p1_L05.jpg	535	93	11	14	sign
p1_L05_b034	luzerne108a-p1	p1_L05	benchmark-tx/txpool/luzerne108a/crops/p1_L05.jpg	552	91	15	13	sign
p1_L05_b035	luzerne108a-p1	p1_L05	benchmark-tx/txpool/luzerne108a/crops/p1_L05.jpg	566	103	6	5	sign
p1_L05_b036	luzerne108a-p1	p1_L05	benchmark-tx/txpool/luzerne108a/crops/p1_L05.jpg	571	86	14	20	sign
p1_L05_b037	luzerne108a-p1	p1_L05	benchmark-tx/txpool/luzerne108a/crops/p1_L05.jpg	604	92	9	12	sign
p1_L05_b038	luzerne108a-p1	p1_L05	benchmark-tx/txpool/luzerne108a/crops/p1_L05.jpg	616	96	10	9	sign
p1_L05_b040	luzerne108a-p1	p1_L05	benchmark-tx/txpool/luzerne108a/crops/p1_L05.jpg	627	88	19	21	sign
p1_L05_b041	luzerne108a-p1	p1_L05	benchmark-tx/txpool/luzerne108a/crops/p1_L05.jpg	662	85	12	17	sign
p1_L05_b044	luzerne108a-p1	p1_L05	benchmark-tx/txpool/luzerne108a/crops/p1_L05.jpg	679	84	15	19	sign
p1_L05_b046	luzerne108a-p1	p1_L05	benchmark-tx/txpool/luzerne108a/crops/p1_L05.jpg	741	156	5	9	sign
p1_L05_b047	luzerne108a-p1	p1_L05	benchmark-tx/txpool/luzerne108a/crops/p1_L05.jpg	741	194	6	23	sign
p1_L06_b001	luzerne108a-p1	p1_L06	benchmark-tx/txpool/luzerne108a/crops/p1_L06.jpg	26	93	14	17	sign
p1_L06_b002	luzerne108a-p1	p1_L06	benchmark-tx/txpool/luzerne108a/crops/p1_L06.jpg	46	96	9	16	sign
p1_L06_b003	luzerne108a-p1	p1_L06	benchmark-tx/txpool/luzerne108a/crops/p1_L06.jpg	63	96	6	15	sign
p1_L06_b004	luzerne108a-p1	p1_L06	benchmark-tx/txpool/luzerne108a/crops/p1_L06.jpg	69	101	7	10	sign
p1_L06_b005	luzerne108a-p1	p1_L06	benchmark-tx/txpool/luzerne108a/crops/p1_L06.jpg	97	99	7	11	sign
p1_L06_b006	luzerne108a-p1	p1_L06	benchmark-tx/txpool/luzerne108a/crops/p1_L06.jpg	105	99	6	11	sign
p1_L06_b007	luzerne108a-p1	p1_L06	benchmark-tx/txpool/luzerne108a/crops/p1_L06.jpg	112	99	9	12	sign
p1_L06_b008	luzerne108a-p1	p1_L06	benchmark-tx/txpool/luzerne108a/crops/p1_L06.jpg	121	99	9	12	sign
p1_L06_b009	luzerne108a-p1	p1_L06	benchmark-tx/txpool/luzerne108a/crops/p1_L06.jpg	150	98	14	13	sign
p1_L06_b010	luzerne108a-p1	p1_L06	benchmark-tx/txpool/luzerne108a/crops/p1_L06.jpg	168	92	13	17	sign
p1_L06_b011	luzerne108a-p1	p1_L06	benchmark-tx/txpool/luzerne108a/crops/p1_L06.jpg	189	93	12	22	sign
p1_L06_b012	luzerne108a-p1	p1_L06	benchmark-tx/txpool/luzerne108a/crops/p1_L06.jpg	227	94	11	16	sign
p1_L06_b013	luzerne108a-p1	p1_L06	benchmark-tx/txpool/luzerne108a/crops/p1_L06.jpg	244	99	11	10	sign
p1_L06_b014	luzerne108a-p1	p1_L06	benchmark-tx/txpool/luzerne108a/crops/p1_L06.jpg	262	97	8	12	sign
p1_L06_b015	luzerne108a-p1	p1_L06	benchmark-tx/txpool/luzerne108a/crops/p1_L06.jpg	278	125	8	6	mark
p1_L06_b016	luzerne108a-p1	p1_L06	benchmark-tx/txpool/luzerne108a/crops/p1_L06.jpg	289	96	9	13	sign
p1_L06_b017	luzerne108a-p1	p1_L06	benchmark-tx/txpool/luzerne108a/crops/p1_L06.jpg	289	127	11	20	sign
p1_L06_b018	luzerne108a-p1	p1_L06	benchmark-tx/txpool/luzerne108a/crops/p1_L06.jpg	298	137	12	12	sign
p1_L06_b019	luzerne108a-p1	p1_L06	benchmark-tx/txpool/luzerne108a/crops/p1_L06.jpg	301	97	10	11	sign
p1_L06_b020	luzerne108a-p1	p1_L06	benchmark-tx/txpool/luzerne108a/crops/p1_L06.jpg	338	95	10	18	sign
p1_L06_b021	luzerne108a-p1	p1_L06	benchmark-tx/txpool/luzerne108a/crops/p1_L06.jpg	356	96	10	14	sign
p1_L06_b022	luzerne108a-p1	p1_L06	benchmark-tx/txpool/luzerne108a/crops/p1_L06.jpg	370	98	9	13	sign
p1_L06_b023	luzerne108a-p1	p1_L06	benchmark-tx/txpool/luzerne108a/crops/p1_L06.jpg	407	95	11	16	sign
p1_L06_b024	luzerne108a-p1	p1_L06	benchmark-tx/txpool/luzerne108a/crops/p1_L06.jpg	421	99	11	10	sign
p1_L06_b025	luzerne108a-p1	p1_L06	benchmark-tx/txpool/luzerne108a/crops/p1_L06.jpg	440	91	16	19	sign
p1_L06_b026	luzerne108a-p1	p1_L06	benchmark-tx/txpool/luzerne108a/crops/p1_L06.jpg	458	88	16	22	sign
p1_L06_b027	luzerne108a-p1	p1_L06	benchmark-tx/txpool/luzerne108a/crops/p1_L06.jpg	499	89	11	18	sign
p1_L06_b028	luzerne108a-p1	p1_L06	benchmark-tx/txpool/luzerne108a/crops/p1_L06.jpg	506	139	9	11	sign
p1_L06_b029	luzerne108a-p1	p1_L06	benchmark-tx/txpool/luzerne108a/crops/p1_L06.jpg	522	140	9	12	sign
p1_L06_b030	luzerne108a-p1	p1_L06	benchmark-tx/txpool/luzerne108a/crops/p1_L06.jpg	519	93	16	17	sign
p1_L06_b031	luzerne108a-p1	p1_L06	benchmark-tx/txpool/luzerne108a/crops/p1_L06.jpg	538	98	11	11	sign
p1_L06_b032	luzerne108a-p1	p1_L06	benchmark-tx/txpool/luzerne108a/crops/p1_L06.jpg	579	87	19	26	sign
p1_L06_b034	luzerne108a-p1	p1_L06	benchmark-tx/txpool/luzerne108a/crops/p1_L06.jpg	597	95	12	19	sign
p1_L06_b035	luzerne108a-p1	p1_L06	benchmark-tx/txpool/luzerne108a/crops/p1_L06.jpg	612	91	16	21	sign
p1_L06_b036	luzerne108a-p1	p1_L06	benchmark-tx/txpool/luzerne108a/crops/p1_L06.jpg	642	100	11	13	sign
p1_L06_b037	luzerne108a-p1	p1_L06	benchmark-tx/txpool/luzerne108a/crops/p1_L06.jpg	661	97	14	16	sign
p1_L06_b038	luzerne108a-p1	p1_L06	benchmark-tx/txpool/luzerne108a/crops/p1_L06.jpg	674	104	14	21	sign
p1_L06_b043	luzerne108a-p1	p1_L06	benchmark-tx/txpool/luzerne108a/crops/p1_L06.jpg	741	90	6	12	sign
p1_L06_b044	luzerne108a-p1	p1_L06	benchmark-tx/txpool/luzerne108a/crops/p1_L06.jpg	741	112	6	17	sign
p1_L06_b046	luzerne108a-p1	p1_L06	benchmark-tx/txpool/luzerne108a/crops/p1_L06.jpg	742	136	6	15	sign
p1_L06_b047	luzerne108a-p1	p1_L06	benchmark-tx/txpool/luzerne108a/crops/p1_L06.jpg	742	207	6	9	sign
p1_L06_b048	luzerne108a-p1	p1_L06	benchmark-tx/txpool/luzerne108a/crops/p1_L06.jpg	742	215	6	19	sign
p1_L07_b001	luzerne108a-p1	p1_L07	benchmark-tx/txpool/luzerne108a/crops/p1_L07.jpg	19	122	5	7	sign
p1_L07_b002	luzerne108a-p1	p1_L07	benchmark-tx/txpool/luzerne108a/crops/p1_L07.jpg	81	87	14	21	sign
p1_L07_b003	luzerne108a-p1	p1_L07	benchmark-tx/txpool/luzerne108a/crops/p1_L07.jpg	113	97	7	13	sign
p1_L07_b004	luzerne108a-p1	p1_L07	benchmark-tx/txpool/luzerne108a/crops/p1_L07.jpg	127	98	9	9	sign
p1_L07_b005	luzerne108a-p1	p1_L07	benchmark-tx/txpool/luzerne108a/crops/p1_L07.jpg	149	94	9	15	sign
p1_L07_b006	luzerne108a-p1	p1_L07	benchmark-tx/txpool/luzerne108a/crops/p1_L07.jpg	165	95	12	14	sign
p1_L07_b007	luzerne108a-p1	p1_L07	benchmark-tx/txpool/luzerne108a/crops/p1_L07.jpg	207	94	8	31	sign
p1_L07_b008	luzerne108a-p1	p1_L07	benchmark-tx/txpool/luzerne108a/crops/p1_L07.jpg	215	95	24	29	sign
p1_L07_b009	luzerne108a-p1	p1_L07	benchmark-tx/txpool/luzerne108a/crops/p1_L07.jpg	242	92	10	20	sign
p1_L07_b010	luzerne108a-p1	p1_L07	benchmark-tx/txpool/luzerne108a/crops/p1_L07.jpg	276	149	6	6	sign
p1_L07_b011	luzerne108a-p1	p1_L07	benchmark-tx/txpool/luzerne108a/crops/p1_L07.jpg	277	104	8	10	sign
p1_L07_b012	luzerne108a-p1	p1_L07	benchmark-tx/txpool/luzerne108a/crops/p1_L07.jpg	345	112	5	7	sign
p1_L07_b013a	luzerne108a-p1	p1_L07	benchmark-tx/txpool/luzerne108a/crops/p1_L07.jpg	357	97	14	53	sign
p1_L07_b013b	luzerne108a-p1	p1_L07	benchmark-tx/txpool/luzerne108a/crops/p1_L07.jpg	371	97	19	53	sign
p1_L07_b013c	luzerne108a-p1	p1_L07	benchmark-tx/txpool/luzerne108a/crops/p1_L07.jpg	390	97	5	53	sign
p1_L07_b013d	luzerne108a-p1	p1_L07	benchmark-tx/txpool/luzerne108a/crops/p1_L07.jpg	395	97	10	53	sign
p1_L07_b014	luzerne108a-p1	p1_L07	benchmark-tx/txpool/luzerne108a/crops/p1_L07.jpg	434	84	20	25	sign
p1_L07_b015	luzerne108a-p1	p1_L07	benchmark-tx/txpool/luzerne108a/crops/p1_L07.jpg	466	89	18	22	sign
p1_L07_b016	luzerne108a-p1	p1_L07	benchmark-tx/txpool/luzerne108a/crops/p1_L07.jpg	506	96	9	12	sign
p1_L07_b017	luzerne108a-p1	p1_L07	benchmark-tx/txpool/luzerne108a/crops/p1_L07.jpg	521	98	11	8	sign
p1_L07_b018	luzerne108a-p1	p1_L07	benchmark-tx/txpool/luzerne108a/crops/p1_L07.jpg	533	86	21	22	sign
p1_L07_b019	luzerne108a-p1	p1_L07	benchmark-tx/txpool/luzerne108a/crops/p1_L07.jpg	552	89	16	19	sign
p1_L07_b020	luzerne108a-p1	p1_L07	benchmark-tx/txpool/luzerne108a/crops/p1_L07.jpg	585	89	11	17	sign
p1_L07_b021	luzerne108a-p1	p1_L07	benchmark-tx/txpool/luzerne108a/crops/p1_L07.jpg	598	98	7	10	sign
p1_L07_b022	luzerne108a-p1	p1_L07	benchmark-tx/txpool/luzerne108a/crops/p1_L07.jpg	602	89	13	18	sign
p1_L07_b023	luzerne108a-p1	p1_L07	benchmark-tx/txpool/luzerne108a/crops/p1_L07.jpg	616	94	9	16	sign
p1_L07_b024	luzerne108a-p1	p1_L07	benchmark-tx/txpool/luzerne108a/crops/p1_L07.jpg	642	93	9	23	sign
p1_L07_b025	luzerne108a-p1	p1_L07	benchmark-tx/txpool/luzerne108a/crops/p1_L07.jpg	657	94	8	12	sign
p1_L07_b026	luzerne108a-p1	p1_L07	benchmark-tx/txpool/luzerne108a/crops/p1_L07.jpg	669	96	10	12	sign
p1_L07_b028	luzerne108a-p1	p1_L07	benchmark-tx/txpool/luzerne108a/crops/p1_L07.jpg	688	91	19	18	sign
p1_L07_b029	luzerne108a-p1	p1_L07	benchmark-tx/txpool/luzerne108a/crops/p1_L07.jpg	703	99	9	7	sign
p1_L07_b030	luzerne108a-p1	p1_L07	benchmark-tx/txpool/luzerne108a/crops/p1_L07.jpg	716	91	15	18	sign
p1_L07_b031	luzerne108a-p1	p1_L07	benchmark-tx/txpool/luzerne108a/crops/p1_L07.jpg	741	142	6	15	sign
p1_L07_b032	luzerne108a-p1	p1_L07	benchmark-tx/txpool/luzerne108a/crops/p1_L07.jpg	742	165	6	41	sign
p1_L07_b033	luzerne108a-p1	p1_L07	benchmark-tx/txpool/luzerne108a/crops/p1_L07.jpg	742	4	8	135	sign
p1_L08_b001	luzerne108a-p1	p1_L08	benchmark-tx/txpool/luzerne108a/crops/p1_L08.jpg	28	87	9	14	sign
p1_L08_b002	luzerne108a-p1	p1_L08	benchmark-tx/txpool/luzerne108a/crops/p1_L08.jpg	39	89	11	12	sign
p1_L08_b003	luzerne108a-p1	p1_L08	benchmark-tx/txpool/luzerne108a/crops/p1_L08.jpg	57	88	8	12	sign
p1_L08_b004	luzerne108a-p1	p1_L08	benchmark-tx/txpool/luzerne108a/crops/p1_L08.jpg	88	86	11	18	sign
p1_L08_b005	luzerne108a-p1	p1_L08	benchmark-tx/txpool/luzerne108a/crops/p1_L08.jpg	103	90	7	12	sign
p1_L08_b006	luzerne108a-p1	p1_L08	benchmark-tx/txpool/luzerne108a/crops/p1_L08.jpg	116	86	14	18	sign
p1_L08_b007	luzerne108a-p1	p1_L08	benchmark-tx/txpool/luzerne108a/crops/p1_L08.jpg	135	106	6	8	sign
p1_L08_b008	luzerne108a-p1	p1_L08	benchmark-tx/txpool/luzerne108a/crops/p1_L08.jpg	147	93	10	19	sign
p1_L08_b009	luzerne108a-p1	p1_L08	benchmark-tx/txpool/luzerne108a/crops/p1_L08.jpg	166	84	15	19	sign
p1_L08_b010	luzerne108a-p1	p1_L08	benchmark-tx/txpool/luzerne108a/crops/p1_L08.jpg	183	90	7	12	sign
p1_L08_b011	luzerne108a-p1	p1_L08	benchmark-tx/txpool/luzerne108a/crops/p1_L08.jpg	217	85	15	29	sign
p1_L08_b012	luzerne108a-p1	p1_L08	benchmark-tx/txpool/luzerne108a/crops/p1_L08.jpg	234	91	10	14	sign
p1_L08_b013	luzerne108a-p1	p1_L08	benchmark-tx/txpool/luzerne108a/crops/p1_L08.jpg	246	94	12	20	sign
p1_L08_b014	luzerne108a-p1	p1_L08	benchmark-tx/txpool/luzerne108a/crops/p1_L08.jpg	276	41	5	5	mark
p1_L08_b015	luzerne108a-p1	p1_L08	benchmark-tx/txpool/luzerne108a/crops/p1_L08.jpg	286	89	9	13	sign
p1_L08_b016	luzerne108a-p1	p1_L08	benchmark-tx/txpool/luzerne108a/crops/p1_L08.jpg	298	89	9	13	sign
p1_L08_b017	luzerne108a-p1	p1_L08	benchmark-tx/txpool/luzerne108a/crops/p1_L08.jpg	309	92	14	18	sign
p1_L08_b018	luzerne108a-p1	p1_L08	benchmark-tx/txpool/luzerne108a/crops/p1_L08.jpg	345	86	9	14	sign
p1_L08_b019	luzerne108a-p1	p1_L08	benchmark-tx/txpool/luzerne108a/crops/p1_L08.jpg	356	86	8	13	sign
p1_L08_b020	luzerne108a-p1	p1_L08	benchmark-tx/txpool/luzerne108a/crops/p1_L08.jpg	372	83	12	15	sign
p1_L08_b022	luzerne108a-p1	p1_L08	benchmark-tx/txpool/luzerne108a/crops/p1_L08.jpg	393	80	7	19	sign
p1_L08_b023	luzerne108a-p1	p1_L08	benchmark-tx/txpool/luzerne108a/crops/p1_L08.jpg	417	80	20	21	sign
p1_L08_b024	luzerne108a-p1	p1_L08	benchmark-tx/txpool/luzerne108a/crops/p1_L08.jpg	439	92	14	10	sign
p1_L08_b027	luzerne108a-p1	p1_L08	benchmark-tx/txpool/luzerne108a/crops/p1_L08.jpg	464	79	17	22	sign
p1_L08_b028	luzerne108a-p1	p1_L08	benchmark-tx/txpool/luzerne108a/crops/p1_L08.jpg	499	80	16	21	sign
p1_L08_b030	luzerne108a-p1	p1_L08	benchmark-tx/txpool/luzerne108a/crops/p1_L08.jpg	518	87	13	13	sign
p1_L08_b031	luzerne108a-p1	p1_L08	benchmark-tx/txpool/luzerne108a/crops/p1_L08.jpg	536	90	11	9	sign
p1_L08_b032	luzerne108a-p1	p1_L08	benchmark-tx/txpool/luzerne108a/crops/p1_L08.jpg	576	85	8	15	sign
p1_L08_b033	luzerne108a-p1	p1_L08	benchmark-tx/txpool/luzerne108a/crops/p1_L08.jpg	586	96	4	6	sign
p1_L08_b034	luzerne108a-p1	p1_L08	benchmark-tx/txpool/luzerne108a/crops/p1_L08.jpg	590	85	18	17	sign
p1_L08_b035	luzerne108a-p1	p1_L08	benchmark-tx/txpool/luzerne108a/crops/p1_L08.jpg	605	90	11	14	sign
p1_L08_b036	luzerne108a-p1	p1_L08	benchmark-tx/txpool/luzerne108a/crops/p1_L08.jpg	635	88	13	16	sign
p1_L08_b037	luzerne108a-p1	p1_L08	benchmark-tx/txpool/luzerne108a/crops/p1_L08.jpg	654	89	11	14	sign
p1_L08_b038	luzerne108a-p1	p1_L08	benchmark-tx/txpool/luzerne108a/crops/p1_L08.jpg	667	90	10	13	sign
p1_L08_b039	luzerne108a-p1	p1_L08	benchmark-tx/txpool/luzerne108a/crops/p1_L08.jpg	688	91	10	11	sign
p1_L08_b040	luzerne108a-p1	p1_L08	benchmark-tx/txpool/luzerne108a/crops/p1_L08.jpg	700	94	10	7	sign
p1_L08_b041	luzerne108a-p1	p1_L08	benchmark-tx/txpool/luzerne108a/crops/p1_L08.jpg	711	94	11	18	sign
p1_L08_b042	luzerne108a-p1	p1_L08	benchmark-tx/txpool/luzerne108a/crops/p1_L08.jpg	741	33	6	15	sign
p1_L08_b043	luzerne108a-p1	p1_L08	benchmark-tx/txpool/luzerne108a/crops/p1_L08.jpg	741	134	6	13	sign
p1_L08_b044	luzerne108a-p1	p1_L08	benchmark-tx/txpool/luzerne108a/crops/p1_L08.jpg	742	0	6	33	sign
p1_L08_b045	luzerne108a-p1	p1_L08	benchmark-tx/txpool/luzerne108a/crops/p1_L08.jpg	742	61	6	57	sign
p1_L09_b001	luzerne108a-p1	p1_L09	benchmark-tx/txpool/luzerne108a/crops/p1_L09.jpg	33	89	8	14	sign
p1_L09_b002	luzerne108a-p1	p1_L09	benchmark-tx/txpool/luzerne108a/crops/p1_L09.jpg	49	97	8	6	sign
p1_L09_b004	luzerne108a-p1	p1_L09	benchmark-tx/txpool/luzerne108a/crops/p1_L09.jpg	56	89	5	8	sign
p1_L09_b005	luzerne108a-p1	p1_L09	benchmark-tx/txpool/luzerne108a/crops/p1_L09.jpg	69	81	16	22	sign
p1_L09_b006	luzerne108a-p1	p1_L09	benchmark-tx/txpool/luzerne108a/crops/p1_L09.jpg	109	126	10	12	sign
p1_L09_b007	luzerne108a-p1	p1_L09	benchmark-tx/txpool/luzerne108a/crops/p1_L09.jpg	111	89	7	12	sign
p1_L09_b008	luzerne108a-p1	p1_L09	benchmark-tx/txpool/luzerne108a/crops/p1_L09.jpg	115	121	5	11	sign
p1_L09_b009	luzerne108a-p1	p1_L09	benchmark-tx/txpool/luzerne108a/crops/p1_L09.jpg	119	122	12	12	sign
p1_L09_b010	luzerne108a-p1	p1_L09	benchmark-tx/txpool/luzerne108a/crops/p1_L09.jpg	123	90	12	10	sign
p1_L09_b011	luzerne108a-p1	p1_L09	benchmark-tx/txpool/luzerne108a/crops/p1_L09.jpg	150	126	10	10	sign
p1_L09_b012	luzerne108a-p1	p1_L09	benchmark-tx/txpool/luzerne108a/crops/p1_L09.jpg	160	79	20	26	sign
p1_L09_b013	luzerne108a-p1	p1_L09	benchmark-tx/txpool/luzerne108a/crops/p1_L09.jpg	169	127	12	11	sign
p1_L09_b014a	luzerne108a-p1	p1_L09	benchmark-tx/txpool/luzerne108a/crops/p1_L09.jpg	182	90	14	36	sign
p1_L09_b014b	luzerne108a-p1	p1_L09	benchmark-tx/txpool/luzerne108a/crops/p1_L09.jpg	196	90	5	36	sign
p1_L09_b014c	luzerne108a-p1	p1_L09	benchmark-tx/txpool/luzerne108a/crops/p1_L09.jpg	201	90	9	36	sign
p1_L09_b015a	luzerne108a-p1	p1_L09	benchmark-tx/txpool/luzerne108a/crops/p1_L09.jpg	232	78	18	30	sign
p1_L09_b015b	luzerne108a-p1	p1_L09	benchmark-tx/txpool/luzerne108a/crops/p1_L09.jpg	250	78	5	30	sign
p1_L09_b015c	luzerne108a-p1	p1_L09	benchmark-tx/txpool/luzerne108a/crops/p1_L09.jpg	255	78	5	30	sign
p1_L09_b016	luzerne108a-p1	p1_L09	benchmark-tx/txpool/luzerne108a/crops/p1_L09.jpg	256	90	11	15	sign
p1_L09_b017	luzerne108a-p1	p1_L09	benchmark-tx/txpool/luzerne108a/crops/p1_L09.jpg	272	85	13	19	sign
p1_L09_b018	luzerne108a-p1	p1_L09	benchmark-tx/txpool/luzerne108a/crops/p1_L09.jpg	315	84	12	21	sign
p1_L09_b019	luzerne108a-p1	p1_L09	benchmark-tx/txpool/luzerne108a/crops/p1_L09.jpg	328	94	8	13	sign
p1_L09_b020	luzerne108a-p1	p1_L09	benchmark-tx/txpool/luzerne108a/crops/p1_L09.jpg	335	93	5	7	sign
p1_L09_b021	luzerne108a-p1	p1_L09	benchmark-tx/txpool/luzerne108a/crops/p1_L09.jpg	373	92	6	11	sign
p1_L09_b022	luzerne108a-p1	p1_L09	benchmark-tx/txpool/luzerne108a/crops/p1_L09.jpg	373	140	11	12	sign
p1_L09_b023	luzerne108a-p1	p1_L09	benchmark-tx/txpool/luzerne108a/crops/p1_L09.jpg	382	91	6	11	sign
p1_L09_b025	luzerne108a-p1	p1_L09	benchmark-tx/txpool/luzerne108a/crops/p1_L09.jpg	399	83	16	20	sign
p1_L09_b026	luzerne108a-p1	p1_L09	benchmark-tx/txpool/luzerne108a/crops/p1_L09.jpg	413	95	9	15	sign
p1_L09_b027	luzerne108a-p1	p1_L09	benchmark-tx/txpool/luzerne108a/crops/p1_L09.jpg	447	83	12	19	sign
p1_L09_b029	luzerne108a-p1	p1_L09	benchmark-tx/txpool/luzerne108a/crops/p1_L09.jpg	461	98	7	6	sign
p1_L09_b031	luzerne108a-p1	p1_L09	benchmark-tx/txpool/luzerne108a/crops/p1_L09.jpg	464	87	11	12	sign
p1_L09_b032	luzerne108a-p1	p1_L09	benchmark-tx/txpool/luzerne108a/crops/p1_L09.jpg	478	92	11	10	sign
p1_L09_b033	luzerne108a-p1	p1_L09	benchmark-tx/txpool/luzerne108a/crops/p1_L09.jpg	517	89	12	15	sign
p1_L09_b034	luzerne108a-p1	p1_L09	benchmark-tx/txpool/luzerne108a/crops/p1_L09.jpg	528	89	8	12	sign
p1_L09_b035	luzerne108a-p1	p1_L09	benchmark-tx/txpool/luzerne108a/crops/p1_L09.jpg	543	87	10	13	sign
p1_L09_b036	luzerne108a-p1	p1_L09	benchmark-tx/txpool/luzerne108a/crops/p1_L09.jpg	563	84	8	14	sign
p1_L09_b037	luzerne108a-p1	p1_L09	benchmark-tx/txpool/luzerne108a/crops/p1_L09.jpg	565	94	8	8	sign
p1_L09_b038	luzerne108a-p1	p1_L09	benchmark-tx/txpool/luzerne108a/crops/p1_L09.jpg	586	89	10	12	sign
p1_L09_b039	luzerne108a-p1	p1_L09	benchmark-tx/txpool/luzerne108a/crops/p1_L09.jpg	593	90	10	11	sign
p1_L09_b040	luzerne108a-p1	p1_L09	benchmark-tx/txpool/luzerne108a/crops/p1_L09.jpg	603	88	12	17	sign
p1_L09_b041	luzerne108a-p1	p1_L09	benchmark-tx/txpool/luzerne108a/crops/p1_L09.jpg	617	90	8	12	sign
p1_L09_b042	luzerne108a-p1	p1_L09	benchmark-tx/txpool/luzerne108a/crops/p1_L09.jpg	644	90	8	9	sign
p1_L09_b043	luzerne108a-p1	p1_L09	benchmark-tx/txpool/luzerne108a/crops/p1_L09.jpg	650	90	10	10	sign
p1_L09_b044	luzerne108a-p1	p1_L09	benchmark-tx/txpool/luzerne108a/crops/p1_L09.jpg	662	89	8	12	sign
p1_L09_b046	luzerne108a-p1	p1_L09	benchmark-tx/txpool/luzerne108a/crops/p1_L09.jpg	681	84	11	18	sign
p1_L09_b047	luzerne108a-p1	p1_L09	benchmark-tx/txpool/luzerne108a/crops/p1_L09.jpg	741	121	5	14	sign
p1_L09_b048	luzerne108a-p1	p1_L09	benchmark-tx/txpool/luzerne108a/crops/p1_L09.jpg	741	170	7	24	sign
p1_L10_b001	luzerne108a-p1	p1_L10	benchmark-tx/txpool/luzerne108a/crops/p1_L10.jpg	32	84	8	18	sign
p1_L10_b002	luzerne108a-p1	p1_L10	benchmark-tx/txpool/luzerne108a/crops/p1_L10.jpg	50	86	9	14	sign
p1_L10_b003	luzerne108a-p1	p1_L10	benchmark-tx/txpool/luzerne108a/crops/p1_L10.jpg	68	84	13	31	sign
p1_L10_b004	luzerne108a-p1	p1_L10	benchmark-tx/txpool/luzerne108a/crops/p1_L10.jpg	91	90	16	23	sign
p1_L10_b005	luzerne108a-p1	p1_L10	benchmark-tx/txpool/luzerne108a/crops/p1_L10.jpg	96	128	9	7	sign
p1_L10_b006	luzerne108a-p1	p1_L10	benchmark-tx/txpool/luzerne108a/crops/p1_L10.jpg	112	81	13	19	sign
p1_L10_b007	luzerne108a-p1	p1_L10	benchmark-tx/txpool/luzerne108a/crops/p1_L10.jpg	119	91	20	24	sign
p1_L10_b008	luzerne108a-p1	p1_L10	benchmark-tx/txpool/luzerne108a/crops/p1_L10.jpg	158	87	10	15	sign
p1_L10_b009	luzerne108a-p1	p1_L10	benchmark-tx/txpool/luzerne108a/crops/p1_L10.jpg	172	95	8	9	sign
p1_L10_b010	luzerne108a-p1	p1_L10	benchmark-tx/txpool/luzerne108a/crops/p1_L10.jpg	181	88	6	13	sign
p1_L10_b011	luzerne108a-p1	p1_L10	benchmark-tx/txpool/luzerne108a/crops/p1_L10.jpg	190	87	13	16	sign
p1_L10_b012	luzerne108a-p1	p1_L10	benchmark-tx/txpool/luzerne108a/crops/p1_L10.jpg	223	80	18	21	sign
p1_L10_b013	luzerne108a-p1	p1_L10	benchmark-tx/txpool/luzerne108a/crops/p1_L10.jpg	247	80	19	21	sign
p1_L10_b014	luzerne108a-p1	p1_L10	benchmark-tx/txpool/luzerne108a/crops/p1_L10.jpg	263	87	14	14	sign
p1_L10_b015	luzerne108a-p1	p1_L10	benchmark-tx/txpool/luzerne108a/crops/p1_L10.jpg	302	81	13	19	sign
p1_L10_b016	luzerne108a-p1	p1_L10	benchmark-tx/txpool/luzerne108a/crops/p1_L10.jpg	316	89	10	9	sign
p1_L10_b017	luzerne108a-p1	p1_L10	benchmark-tx/txpool/luzerne108a/crops/p1_L10.jpg	332	85	10	15	sign
p1_L10_b018	luzerne108a-p1	p1_L10	benchmark-tx/txpool/luzerne108a/crops/p1_L10.jpg	345	90	27	22	sign
p1_L10_b021	luzerne108a-p1	p1_L10	benchmark-tx/txpool/luzerne108a/crops/p1_L10.jpg	372	110	13	5	sign
p1_L10_b022	luzerne108a-p1	p1_L10	benchmark-tx/txpool/luzerne108a/crops/p1_L10.jpg	378	91	9	8	sign
p1_L10_b023	luzerne108a-p1	p1_L10	benchmark-tx/txpool/luzerne108a/crops/p1_L10.jpg	387	91	17	23	sign
p1_L10_b024	luzerne108a-p1	p1_L10	benchmark-tx/txpool/luzerne108a/crops/p1_L10.jpg	426	79	20	21	sign
p1_L10_b025	luzerne108a-p1	p1_L10	benchmark-tx/txpool/luzerne108a/crops/p1_L10.jpg	443	88	6	11	sign
p1_L10_b026	luzerne108a-p1	p1_L10	benchmark-tx/txpool/luzerne108a/crops/p1_L10.jpg	451	90	11	9	sign
p1_L10_b027	luzerne108a-p1	p1_L10	benchmark-tx/txpool/luzerne108a/crops/p1_L10.jpg	475	81	16	20	sign
p1_L10_b028	luzerne108a-p1	p1_L10	benchmark-tx/txpool/luzerne108a/crops/p1_L10.jpg	494	89	11	11	sign
p1_L10_b029	luzerne108a-p1	p1_L10	benchmark-tx/txpool/luzerne108a/crops/p1_L10.jpg	511	87	12	15	sign
p1_L10_b030	luzerne108a-p1	p1_L10	benchmark-tx/txpool/luzerne108a/crops/p1_L10.jpg	544	84	14	18	sign
p1_L10_b032	luzerne108a-p1	p1_L10	benchmark-tx/txpool/luzerne108a/crops/p1_L10.jpg	560	83	16	19	sign
p1_L10_b033	luzerne108a-p1	p1_L10	benchmark-tx/txpool/luzerne108a/crops/p1_L10.jpg	578	93	6	9	sign
p1_L10_b034	luzerne108a-p1	p1_L10	benchmark-tx/txpool/luzerne108a/crops/p1_L10.jpg	582	91	6	10	sign
p1_L10_b035	luzerne108a-p1	p1_L10	benchmark-tx/txpool/luzerne108a/crops/p1_L10.jpg	613	86	9	14	sign
p1_L10_b036	luzerne108a-p1	p1_L10	benchmark-tx/txpool/luzerne108a/crops/p1_L10.jpg	626	88	9	10	sign
p1_L10_b037	luzerne108a-p1	p1_L10	benchmark-tx/txpool/luzerne108a/crops/p1_L10.jpg	640	85	12	14	sign
p1_L10_b038	luzerne108a-p1	p1_L10	benchmark-tx/txpool/luzerne108a/crops/p1_L10.jpg	649	97	8	6	sign
p1_L10_b039	luzerne108a-p1	p1_L10	benchmark-tx/txpool/luzerne108a/crops/p1_L10.jpg	658	81	7	16	sign
p1_L10_b040	luzerne108a-p1	p1_L10	benchmark-tx/txpool/luzerne108a/crops/p1_L10.jpg	672	104	8	12	sign
p1_L10_b041	luzerne108a-p1	p1_L10	benchmark-tx/txpool/luzerne108a/crops/p1_L10.jpg	678	84	8	16	sign
p1_L10_b042	luzerne108a-p1	p1_L10	benchmark-tx/txpool/luzerne108a/crops/p1_L10.jpg	688	86	22	29	sign
p1_L10_b043	luzerne108a-p1	p1_L10	benchmark-tx/txpool/luzerne108a/crops/p1_L10.jpg	740	124	5	10	sign
p1_L10_b044	luzerne108a-p1	p1_L10	benchmark-tx/txpool/luzerne108a/crops/p1_L10.jpg	740	146	5	13	sign
p1_L10_b046	luzerne108a-p1	p1_L10	benchmark-tx/txpool/luzerne108a/crops/p1_L10.jpg	741	181	7	18	sign
p1_L10_b047	luzerne108a-p1	p1_L10	benchmark-tx/txpool/luzerne108a/crops/p1_L10.jpg	743	0	7	49	sign
p1_L11_b001	luzerne108a-p1	p1_L11	benchmark-tx/txpool/luzerne108a/crops/p1_L11.jpg	33	94	8	15	sign
p1_L11_b002	luzerne108a-p1	p1_L11	benchmark-tx/txpool/luzerne108a/crops/p1_L11.jpg	41	94	9	15	sign
p1_L11_b003	luzerne108a-p1	p1_L11	benchmark-tx/txpool/luzerne108a/crops/p1_L11.jpg	57	94	10	15	sign
p1_L11_b004	luzerne108a-p1	p1_L11	benchmark-tx/txpool/luzerne108a/crops/p1_L11.jpg	56	120	15	5	sign
p1_L11_b005	luzerne108a-p1	p1_L11	benchmark-tx/txpool/luzerne108a/crops/p1_L11.jpg	72	99	12	20	sign
p1_L11_b006	luzerne108a-p1	p1_L11	benchmark-tx/txpool/luzerne108a/crops/p1_L11.jpg	109	91	13	17	sign
p1_L11_b007	luzerne108a-p1	p1_L11	benchmark-tx/txpool/luzerne108a/crops/p1_L11.jpg	122	89	13	17	sign
p1_L11_b008	luzerne108a-p1	p1_L11	benchmark-tx/txpool/luzerne108a/crops/p1_L11.jpg	137	88	12	18	sign
p1_L11_b009	luzerne108a-p1	p1_L11	benchmark-tx/txpool/luzerne108a/crops/p1_L11.jpg	180	86	11	18	sign
p1_L11_b010	luzerne108a-p1	p1_L11	benchmark-tx/txpool/luzerne108a/crops/p1_L11.jpg	192	96	12	22	sign
p1_L11_b011	luzerne108a-p1	p1_L11	benchmark-tx/txpool/luzerne108a/crops/p1_L11.jpg	200	96	23	22	sign
p1_L11_b012	luzerne108a-p1	p1_L11	benchmark-tx/txpool/luzerne108a/crops/p1_L11.jpg	235	93	22	24	sign
p1_L11_b013	luzerne108a-p1	p1_L11	benchmark-tx/txpool/luzerne108a/crops/p1_L11.jpg	252	122	19	18	sign
p1_L11_b014	luzerne108a-p1	p1_L11	benchmark-tx/txpool/luzerne108a/crops/p1_L11.jpg	266	80	14	20	sign
p1_L11_b015	luzerne108a-p1	p1_L11	benchmark-tx/txpool/luzerne108a/crops/p1_L11.jpg	282	89	17	22	sign
p1_L11_b016	luzerne108a-p1	p1_L11	benchmark-tx/txpool/luzerne108a/crops/p1_L11.jpg	328	82	8	17	sign
p1_L11_b017	luzerne108a-p1	p1_L11	benchmark-tx/txpool/luzerne108a/crops/p1_L11.jpg	337	87	15	19	sign
p1_L11_b018	luzerne108a-p1	p1_L11	benchmark-tx/txpool/luzerne108a/crops/p1_L11.jpg	353	79	16	19	sign
p1_L11_b019	luzerne108a-p1	p1_L11	benchmark-tx/txpool/luzerne108a/crops/p1_L11.jpg	392	76	20	25	sign
p1_L11_b020	luzerne108a-p1	p1_L11	benchmark-tx/txpool/luzerne108a/crops/p1_L11.jpg	414	126	4	8	sign
p1_L11_b021	luzerne108a-p1	p1_L11	benchmark-tx/txpool/luzerne108a/crops/p1_L11.jpg	420	80	16	19	sign
p1_L11_b022	luzerne108a-p1	p1_L11	benchmark-tx/txpool/luzerne108a/crops/p1_L11.jpg	426	114	4	23	sign
p1_L11_b023	luzerne108a-p1	p1_L11	benchmark-tx/txpool/luzerne108a/crops/p1_L11.jpg	436	89	9	8	sign
p1_L11_b024	luzerne108a-p1	p1_L11	benchmark-tx/txpool/luzerne108a/crops/p1_L11.jpg	455	99	11	9	sign
p1_L11_b025	luzerne108a-p1	p1_L11	benchmark-tx/txpool/luzerne108a/crops/p1_L11.jpg	468	88	11	21	sign
p1_L11_b026	luzerne108a-p1	p1_L11	benchmark-tx/txpool/luzerne108a/crops/p1_L11.jpg	483	87	14	22	sign
p1_L11_b027	luzerne108a-p1	p1_L11	benchmark-tx/txpool/luzerne108a/crops/p1_L11.jpg	505	83	8	12	sign
p1_L11_b028	luzerne108a-p1	p1_L11	benchmark-tx/txpool/luzerne108a/crops/p1_L11.jpg	529	89	6	9	sign
p1_L11_b029	luzerne108a-p1	p1_L11	benchmark-tx/txpool/luzerne108a/crops/p1_L11.jpg	535	80	10	19	sign
p1_L11_b031	luzerne108a-p1	p1_L11	benchmark-tx/txpool/luzerne108a/crops/p1_L11.jpg	553	72	16	24	sign
p1_L11_b032	luzerne108a-p1	p1_L11	benchmark-tx/txpool/luzerne108a/crops/p1_L11.jpg	571	86	11	13	sign
p1_L11_b033	luzerne108a-p1	p1_L11	benchmark-tx/txpool/luzerne108a/crops/p1_L11.jpg	603	87	11	16	sign
p1_L11_b034	luzerne108a-p1	p1_L11	benchmark-tx/txpool/luzerne108a/crops/p1_L11.jpg	616	88	6	7	sign
p1_L11_b035	luzerne108a-p1	p1_L11	benchmark-tx/txpool/luzerne108a/crops/p1_L11.jpg	623	84	6	11	sign
p1_L11_b036	luzerne108a-p1	p1_L11	benchmark-tx/txpool/luzerne108a/crops/p1_L11.jpg	637	83	7	9	sign
p1_L11_b037	luzerne108a-p1	p1_L11	benchmark-tx/txpool/luzerne108a/crops/p1_L11.jpg	661	80	12	13	sign
p1_L11_b038	luzerne108a-p1	p1_L11	benchmark-tx/txpool/luzerne108a/crops/p1_L11.jpg	670	81	9	10	sign
p1_L11_b039	luzerne108a-p1	p1_L11	benchmark-tx/txpool/luzerne108a/crops/p1_L11.jpg	680	75	15	17	sign
p1_L11_b040	luzerne108a-p1	p1_L11	benchmark-tx/txpool/luzerne108a/crops/p1_L11.jpg	689	78	14	19	sign
p1_L11_b043	luzerne108a-p1	p1_L11	benchmark-tx/txpool/luzerne108a/crops/p1_L11.jpg	741	108	5	20	sign
