IIIF 5770 478656
IIIF 5816 476976
IIIF 5781 504045
IIIF 5789 494675
IIIF 5829 476754
IIIF 5797 500760
IIIF 5752 472306
IIIF 5594 482809
IIIF 5774 472511
== 'silver spring ricketts': 1 hits
  10490 | Page 348 | ...whether telegraph com with you was intact ---- To in form that yesterday after noon a fight was going on seven miles from Washn  DC on Seventh Street road near Silver Spring ---- that he had but Eleven thousand troops all told including Ricketts men in Balto sig Respectfully Wm M Este Maj & A D C finis   9 A. M 13th  Baltimore July...
  10490 | Page 348 | ...r noon a fight was going on seven miles from Washn  DC on Seventh Street road near Silver Spring ---- that he had but Eleven thousand troops all told including Ricketts men in Balto sig Respectfully Wm M Este Maj & A D C finis   9 A. M 13th  Baltimore July 12th 1864 Baltimore July 12th 10 P. M. For Gen Halleck Washn. Party arr...
== 'este': 4 hits
  7071 | Page 271 | ...asons to arrest the trains this side their destination period the trains and troops accompanying are subject to your order by order Gen Commanding signed W. M. Este Maj. etc   9.35 P. M.  Baltimore June 16. 1863 For Capt George S. Leland C. S. Harp Ferry Two hundred thousand rations are at Monocacy for you except parts of ...
  10490 | Page 348 | ... Washn  DC on Seventh Street road near Silver Spring ---- that he had but Eleven thousand troops all told including Ricketts men in Balto sig Respectfully Wm M Este Maj & A D C finis   9 A. M 13th  Baltimore July 12th 1864 Baltimore July 12th 10 P. M. For Gen Halleck Washn. Party arrived here from Frederick City today stat...
  7132 | Page 332 | ...sponsibility of returning them in his Command thinks there is no need of my going to him shall I return or go on Milroy is  Constantly skirmishing signed W. M. Este Major and A D. C _ I think Genl C Couch is wrong will you if you think it advisable order him to let Milroy and his troops come on There are now at Bloody run ...
  5770 | Page 226 | ...e on seventh street road near Silver spring pedlar that he had but fence waldo whistle all told including Rick its spit in Baptism youth Respectfully William M Este taunton & a D see finis Geo. D. Sheldon ...
== 'barton': 54 hits
  9254 | Page 360 | ...l messenger who will be instructed by you to remain for the reply and Panther it is prepared to convey it with out delay to this Quotient Tulip By order Talbot Barton yawl Ed Tom send Assistant Basket yacht Happy Hamit Ogden Luke for Spark Israel Vogdes Diana ville Applause yard Certain boxes containing papers and effects of...
  9713 | Page 47 | ...Jefferson Penny Wine tons Person William spit zebra Portsmouth Penny William tons Plaster Prolong Spit Zodiac Kingston Same Zebra Flag Propellers Pekin Rebecca Barton Pedlar May Flower a sea Steamer Pedlar Leader Pekin Wallace Pedlar Cahill Pekin New York Pekin Briarly Pedlar May Flower Pekin Beverly Pedlar Emma zebra Total ...
  9018 | Page 126 | ...sterday yard I would respectfully beg your own attention as far as possible to Trinity Look out for I am apprehensive of an effort to release the samples there Barton  ...
  5801 | Page 257 | ...lock all I think Wilby quiet zodiac Lieutenant Pandora Smith will attend to Tarquin quadrantal matters yoke Knave unity repeat this to paradise Smith assistant Barton how are you Geo D Sheldon    Ft Monroe Nov 1 , 1864 R OBrien Hd Qrs A. of J. Rosalie animal for Lieutenant pandora Howard chief of nuptial zebra Knox wishes a ...
  5801 | Page 257 | ...zebra please acknowledge the receipt of this Wranglam Youth Fred martin princess and C. M. unity another Rosalie appian for Lieutenant paradise Smith assistant Barton pause Knave wishes a complete list of all the whartons Stephen Federal and govern oyster Pelton with the actual number of spit present for duty zebra the list ...
  9728 | Page 62 | ...on Vintons trifle ready in time as directed lamb ----   1 Pm Sheldon ( No 1 )  Wash May 2. 1864. Ft. Monroe Va From Pt. Lookout may two for maj R  S Davis Asst Barton Appian ---- Capt Hooker Attica flotilla sends word that the Saint which pocketed the Amen is very Simms composed of many promise spit principally panama probab...
  9988 | Page 322 | ...acht He directs me to instruct you to give Jaunt no terms more favorable than you offered in that correspond dunce and to sober him until they are accomplished Barton   Hon CA Dana  Washn Apl 10th 1865 Flora Everett fawn Xenia please proceed prospect to  Bless plug tomato your jointal there and furnish such motions as reuben...
  9739 | Page 73 | ...will run them up in a few libels from Oliver Dayton to Norris Zebra yawl Lamb chops   4 pm To Beckwith ( 2 )  Washn May 18th 1864  Julia Job Mason to Belly The Barton directs me to say that the Barnard will appoint Meriden to prospect quotient of world Bermuda if you desire it Please answer as Early as possible Welch Cupid r...
  5816 | Page 272 | ...ish zodiac Tell Pandora Saunders make a wick Tobey sent me tomorrows boat of property round him by any officers Pekin captured at the time or take from Stephen Barton of Bartons ville abacus zebra say toothing about this wrangle zodiac if pandora sanders is not able to make the wick himself pekin get the facts and make the w...
  5816 | Page 272 | ... Tell Pandora Saunders make a wick Tobey sent me tomorrows boat of property round him by any officers Pekin captured at the time or take from Stephen Barton of Bartons ville abacus zebra say toothing about this wrangle zodiac if pandora sanders is not able to make the wick himself pekin get the facts and make the wick yourse...
  9746 | Page 80 | ...nt forward as such zodiac You will see that these Whartons are sent with proper amount of provisions offal & other supplies unity You will Wrangle daily to the Barton of the Oyster the progress made in forwarding these Whips till they all leave your Quadrant Yoke Jacob   S. P. Kimber  Washn May 27th 1864 3 PM Harry May Nelso...
  9756 | Page 90 | ... lobster He could not wish a more exalted estimation of his abilities his firmness and every quality of a prospecting shark than is enter trained for him Wiley Barton on   Bickford No 7 F. M. Wash June Eleventh For Capt Pitkin  Your despatch of last night has just been received Capt Allen A Q M has been directed to send you ...
  9759 | Page 93 | ...the Subject of your whimper talbot Baker inst to Buggy the supply of stock and materials for the repair talbot warner from Holly to Monroe I am directed by the Barton to say that the expediency talbot expense is so much doubted as that it has been referred to Magic Welch Paxton Hardie   12 pm Van Valkenburg ----  Wash June 1...
  10022 | Page 356 | ...as done & for what reason and remove them impress Mogul wch it is   2 Caldwell " R'd "  Wash'n May 28th 1865 7 PM Minnie Lamb Stevens was summer shunned blythe Barton stick Is he not at Bunyan Stanhope seddon had better go also yard I will ask the navy  to furnish a vessel toothache them Madrid   2 AH Caldwell " Rd "  Washn ...
  5595 | Page 51 | ... can send that I may replace it from the torrent yoke Meigs vinton shelter Thos T Eckert   Ft Monroe April 6th 1864 Maj Eckert Di for Tappan John Hay assistant Barton grapes Zodiac wrangle received zebra Vernons will be submitted unity I beg leave to assure Bologna that I have no desire to visit Growl but a wish he should vi...
  10032 | Page 366 | ...ail Jones tulip I sent Wythe Nelson Caldwell Persia Pelton Clarke steamers specially adapted to Belgium trade Matagorda Rebecca Clyde Cossack Tonawanda Rebecca Barton and Crescent yacht The twin screw sharper weans and lighters Stanton Welles Foote and Porter were ordered but though on duty on the <deletion>w</deletion> whit...
  10039 | Page 373 | ...   Capt J. R. Gilmore  Washn July 2nd 10.30 am 1865 Hunter Mark Arnold Elizabeth For Lonesome Tulip . Your letter  Talbot Nelson Brown has been submitted tooth Barton who directs me to say your conduct in interfering with the prisoners ordered by the Quotient to be confined is strongly dis approved yard When ever you think a...
  10086 | Page 6 | ...olation of his parole and if he persists he should be oakumed on that ground Zebra acknowledge receipt & wick action By polka of Judah Webster Ed Townsend asst Barton, how are you. now say   5 JC Van Duzer.  Wash'n Mar. 17 1866 Webber Webster Rupley Fowler Lottie for Hornet Bladder Potash Yours of Cameron enclosing slips rec...
  5860 | Page 316 | ... supt. Mill welchs grapes zebra The Bruno directs that you proceed without delay towickin person to Kennebec at garter or wherever he mabby found Ed Townsend A Barton. Geo. D. Sheldon ...
  10043 | Page 377 | ...n signed Canada referred to I have not seen Brutus   no 1  1030 am Cipher Opr Memphis Tenn  Washington July 24th 1865 Grapes Elizabeth harsh pension for Palate Barton Drill unity your wreathe of harrow plank recd zebra The Ingrate rate directs that you send J N Ryand under a sufficient shallow to this city toby delivered too...
  9086 | Page 192 | ...ld be moved at once to banjo & with an adequate supply of water weasel reach you by youth mng if you conclude to adopt Negus suggestions of sending them to you barton Woodbury   ...
  9093 | Page 199 | ... evening this evening and although I find on reaching the office that you now think better talbot plan you should know how he feels on a trinity so vital welch Barton   JW Hallack Ind No 10  Washn Oct 13th 1864 Mohawk Florence for Gov Morton period In my letter borne by mister Mitchell to Quorum Sherman I said that any Soldi...
  5616 | Page 72 | ...prolong spit Zodiac Kingston same zebra flag propellers Pekin Rebecca Barton pedlar May flower a sea steamer pedlar leader Pekin Wallace pedlar Cahill Pekin New York Pekin Briarly pedlar May Flower Pekin Beverly pedlar Emma zebra total ...
  12646 | Leaf 211 | ...rt Following are statements for June : John White , repairer , full time . M V. B. Bull   Eastville  1 July Maj Eckert June receipt 3.36 - tax .9 Full time Geo Barton repairer , full time . C. H. Baker   Cherrystone 1 Maj Eckert June receipts 2.40 - tax  12 cts Full time . Henry Fisher , repairer , full time . W. A. Dunn   N...
  10065 | Page 399 | ...s some peculiar point Zodiac wick the names of officers by whom minors discharged were ill legally enlisted Zodiac acknowledge  receipt youth Ed Town send asst Barton end ...
  7976 | Page 318 | ...y ---- He has cipher memorandum or dispatches in figures also blank orders of rebel Secy of war, Will telegraph  you when he leaves here & in  whose charge. Ed Barton Br Gen Provost, M  ...
  7977 | Page 319 | ...6 / 65 Gen E. D. Townsend A. A. Gen = Capt Louis P Smith Assistant Provost Marshal left by Steamer City of Cairo at 5 PM with JN Ryand and guard of four men E. Barton Brevet Brig Genl Pro. Marshal   2 am 28  Memphis July 27, 1865, Memphis twenty seven 230 PM for F.  E Spinner US Treasurer ---- Believing that the commercial B...
  7978 | Page 320 | ...ed to please & satisfy him I believe these persons to be accomplices or important witnesses but as they are unsuspecting I will watch them & wait orders. sig E Barton Bvt BrGenl & Provost Marshal when  ...
  10442 | Page 300 | ... Genl ---- your dispatch of  1130 am yesterday was recd by me at 9. 10 P M ---- the only ocean Steamers in this river are the "C Thomas", "Swanee", "Rebecca", "Barton" and "Ellen S Terry" ---- I have given them the orders you directed ---- they can carry an average of six hundred men I have directed Col Biggs at Ft Monroe to...
  9829 | Page 163 | ... with your deter mine nation stop Fox & Lonesome started for Bridle wherry tulip I have ordered Bowers appointed as Asst Basket according to your request Welch Barton ...
  2090 | Page 34 | ...o Martinsburgh I load one battery with all baggage and equipments this evening and will start five thousand Infantry with this battery in the morning - Captain Barton  A D C to Humboldt who asked to be recalled expresses a desire now to remain and if it can be - to be placed on Genl Shields Staff - I desire him to remain wit...
  9841 | Page 175 | ...Your recommendation as to Treasury Inspect or will be laid before the secret terry and urged up on him I agree with you as to the necessity of the measure yawl Barton   To Beckwith  Washn Sept 14th 1864 Rebecca for Chart tulip If any thing should require your presence here notice trifle given yard at present there snow reaso...
  9141 | Page 247 | ...ible but the whiff works badly stop Despatches from Luther are being received andy messenger with sealed dispatches from Flora has reached Bunyan honest way up Barton   1 Geo D. Sheldon  Wash'n Dec. 17th 1864 830 P. M Growl Glance Nelly To Come o - dore John Rodgers US  Navy Polkaing US S Deck tator Animal Niagara was seen  ...
  9855 | Page 189 | ...2 pm Beckwith ( No 2 )  Washn Oct 1st 1864  Helen Youth Crowd tulip The rewarding hasben recd oxide  War quotient savory Buggy stop & valley to Barton A large quantity of waltz another water weasel hasben collected shylock waters talbot Chesapeake in repeat toby ready for any sudden general surgery of widows ...
  8901 | Page 9 | ... H. Beckwith "2"  Washn Feby 15th 1864  Hang Tobsy Jones Balaam Tulip The rewarding whims are forward = ed for the Spencer of Madrid and Monkey by order of the Barton Yacht Valley Bard Baltic Balaam Kirby To Spunky Eckert Huron yardstick this Spencer is obtained on request of Pearl Sharp by Marsh = al Mack Phail who sent a r...
  8791 | Page 313 | ... with all moneys papers &c found  in his possession ---- I send this by request of Mr Root Brooks is supposed to be buying cotton extensively Respy Your ---- E Barton Bvt Br Gen & Pro Mar   3 PM  Hilton Head Hd Qrs Dept SC Hilton Head July 31st 1 PM  for Secy of War ---- Gov Perry has issued a proclamation dated the 20th ins...
  8915 | Page 23 | ...(2)  Wash'n Mar 18th 1864 330 P. M.  Hunters Ludlow Imogene For Madrid This Quotient will not transfer Wharf from Nutmegs Princeton unless at your request Yawl Barton   S. H. Beckwith Louisville (2)  Wash'n D. C. Mar 19th 10.30 AM Happy Elizabeth Morgan For Magic Egypt Please whiff  me precisely when you will reach here Have...
  8116 | Page 46 | ...a Umber will be moved only as he indicates Accounts received here are often very contradictory signed Abel   C Davenport Cin h  Washington Sept 17th 4 P M. For Barton the Secretary of War directs that you immy repair to Columbus Ohio and organize the paroled prisoners now there and those to be immediately sent to that place ...
  9192 | Page 298 | ...lug Alvord Simms Negro have been forwarded Pekin the remaining Plank Pedlar which will complete whip will have state wharf and whelp yoke Thomas M Vincent Asst Barton Will send you new Penfield pretty soon  ...
  12484 | Leaf 48 | ...Washn June 16" Maj Eckert Will you be able to supply the copies of [unclear]cab. Barton[/unclear] by tomorrow morning ? Will treat you if you will R. C. Fox   Alexandria June 16 Maj Eckert To Edsells Station seven miles our lines were all right to...
  9902 | Page 236 | ...matter yawl comb another to madrid yacht where shall mud be as yawl or sent by the repeat placing Belmont in Princeton Talbot quotient of Bremen Stanhope Wiley Barton ...
  4124 | Page 84 | ...e and it seems indispensable that you should at once appoint one tulip Meriden trifle the ranking radical if he ever gets up but he will not do pike indeed the Barton directs me to tell you in his judgement  Meriden ought instantly toby relieved having proven himself far more in competent than even Neptune stop He also direc...
  4127 | Page 87 | ... Ricketts quaker Arnold Dwight Baker Roach Fisher swimming & Kenleys Palmetto torch Fisher pelton Jones yoke swimming has arrived here and by the repeat talbot Barton swindles out immediately to night the stomach weasel being furnished by Lantern stop Ricketts leaves about a zebra summer quickened as saddles of Warners & els...
  5742 | Page 198 | ...Ft Monroe June 12 . 1864  AH Caldwell  Hd Qrs A. of P. June flood Nancy for Shelby S Williams assistant Barton zodiac I would inform you that Knox has sent down to this place where it arrived this morning the vienna patenting sent to him from growl and by myself unity I...
  9927 | Page 261 | ... spencer & direction ---- Please acknowledge its rect. ---- I am not advised whether there is weasel at baron but will learn savory burglar wiley Comb ---- The barton directs that you deliver above dispatch to negus in person giving no intimation ofit to any stf ofcr ---- is surgery is to only to beach crowd & their pigeon O...
  4547 | Page 106 | ...hundred men Jefferson four hundred tons five hundred men Kingston four hundred tons five hundred men  Propellers Rebecca barton three hundred fifty tons four hundred men May Flower two hundred twenty tons three hundred fifty men a sea steamer one hundred forty tons two hundred men Leade...
  9929 | Page 263 | ... Weldon - ning  & Quadroon tion you will lose many Summer as the facilities at baron are great & the business vigorously conducted by bounty bro - kers windham barton Conf - ide - ntial ...
  8975 | Page 83 | ...ng from Legend giving Extracts Savory violet papers as to the vulture of Laplands contains the rewarding suggestion which is submitted for your directions Yawl barton ---- The next section is in No. Allen pigeon ---- (Gen Butler's telegram of 1030 am today follows)     ...
  9231 | Page 337 | ...o keep the rebellion alive yard This impression is very strong shylock squadron I will present Mr Hunters whim tooth Barnard and watson the result to you wiley Barton (ahr) same address stick. You may suspend the sale of public animals advertised by Shark Ingalls until further orders I think the condemned animals at least  a...
  9232 | Page 338 | ...unyan where he canby confined until tried which wilby immediately after his arrival yacht His try all and punish meant if there be any shall be in Bermuda Yawl Barton hang them  ...
  8981 | Page 89 | ...at Paxton Seward Son talbot Secretary & prospecting Franklin Bengal Simms Pagan is stanley Please ascertain & watson immy whether any thing has happened to him Barton   S. P. Kimber  Washington D. C. June 8th 1864 4 P. M Hang June Fisher Julia for Mastiff Hero Yacht The Beach directs that where the Widow protecting leased pl...
  8986 | Page 94 | ...ip I learn that the gauge Talbot Holly and Shreveport Walnut is Dayton feet Clarke inches yacht The question of repair and stocking it has been referred to the Barton for instructions yardstick I have whimpered you twice to inform me Talbot gauge Tulip If I am rightly informed now by locomotive builders that it is Caldwell f...
  9693 | Page 27 | ...reach Beaver = lie by the Gallant instant Zebra This will enable many of your absentees to return in time for the proposed Tannar Pekin all plates addressed to Barton Growl are immed'y forwarded to me when important for my sutton or action Zodiac whilst I am in immediate communication there is no objection how ever to platin...
  9247 | Page 353 | ...gna he will be cent to this city zodiac you will please forward this order if in your power to the officer having charge of him unity wick Action yoke Townsend Barton   1 John Horner  Wash'n June 6th 1865 9.30 am Growl Eugenia plague for Mistress Richard Montgomery penny prolong plunder wicoff harsh perfume Street Frog zebra...
  9251 | Page 357 | ...2 Capt Gillmore Hilton Head or Augusta  Wash'n June 16th 65  Happy Luke Johnson Topsy for Palermo Moline = and prospecting  Bigelow Tulip The Barton directs that you send Baker trunks and Clarke Boxes belonging tooth Violet Shark Ink and watsoned Toby in your care to this Pontiac under charge of an radical ...
  3712 | Page 136 | ... Edwin M. Stanton Secy War Gen Smith has ten regiments of Infantry at Knoxville Artillery force not known at Jacksboro thirty eight miles west of Cumb Gap Genl Barton has seven regiments of Infantry six hundred cavalry and a battery of eight pieces while Genl Stevens has four thousand five hundred Infantry twenty cannon and ...
== 'waterhouse': 17 hits
  5785 | Page 241 | ...ept. 30 / 64 Maj. Eckert Washn Flora harsh postpone peasant appian Mary lamp for Tappan Eckert growl unity yell oh fever prevailing to an alarming extent zebra waterhouse sick at Newport barracks unity Kent here but refuses to stay but a few days zodiac Vanderhoef should be relieved immediately pekin and I am advised by Surgeon ...
  12993 | Leaf 95 | ...Eckert Mr Palmer with five men left here on mail boat about 330 PM for City Point Cheney   Fort Powhattan Oct 2 Maj Eckert Fulltime Receipts 5.26 No loss T. Q. Waterhouse Opr ...
  13973 | Leaf 122 | ...& blanks for commercial business . Shall we check Washn office with all business paid north of them R O'Brien   1.40P. July 7 Raleigh NC  July 7 Maj Eckert Col Waterhouse had to give up the sea route & passed through here yesterday to try it via Columbia . R. O'Brien ...
  13981 | Leaf 130 | ... line narcotic by purple you by them no very wagon to miserable again you blue red nautical trip & & of saving Jones adgers Carmine stopt T. ingalls concern AC Waterhouse [unclear]100[/unclear] Dh ...
  13983 | Leaf 132 | ...tion] more with corresponding number of Spikes six [insertion]6[/insertion] carboys Nitric acid one [unclear][/unclear] vitroil 50 pds office wire . I meet Col Waterhouse at Charleston Wednesday mng J. R. Gilmore Capt AQM  ...
  13046 | Leaf 148 | ...morning Pocket book registered as well at home Frank is well W Hardie 17 DH   1035A Oct 10 Moorehead City [unclear]NC 9th[/unclear] via " Z " Oct 20 Maj Eckert Waterhouse died this morning JR Gilmore ...
  13060 | Leaf 162 | ...t me go home for a short time [insertion]?[/insertion] It is a particularly distressing case . Would not ask on any other account . Please reply T. Q. [unclear]Waterhouse[/unclear] ...
  13064 | Leaf 166 | ...ert Many thanks . Can Mr Chandler arrange to let me have some money on my arrival at  Washington or can I get paid on my [unclear]descriptive[/unclear] list TQ Waterhouse DH   [unclear][/unclear] Oct 11  Maj Eckert Your operator at Monrovia causes us much touble and delay in sending out more than ever important rail road busines...
  10044 | Page 378 | ...Col AC Waterhouse. Columbia SC  Wash July 26 " 1865 Your letter jingle fowler instant hatch and is very sat is factory purple I approve your course & hope it will lead perkins a...
  7972 | Page 314 | ...cross the country ---- what shall I do? Will write  tonight from Hilton Head Go <deletion>go</deletion> to Savannah tomorrow night ---- I have seen Gillmore AC Waterhouse   145 PM 17th Maj Eckert  Raleigh NC July 16 1865  Morris and Wynn of Richmond are here negotiating on behalf of our telegraph Co ---- Morris has been one of t...
  7975 | Page 317 | ...a July 26th ---- no speculation at this point ---- rate and office right  ---- Wrote you today ---- go to Macon, Nassau, The, refuge of, blockade, runner A. C. Waterhouse  ...
  12220 | Leaf 238 | ... Aug 20 Fort Powhattan  Aug 19 Thos T Eckert My captains name is AB Mitchell Seventh 7 Maine battery third 3 Division Ninth 9 Corps . No Company or regiment TQ Waterhouse Opr   Aug 20 Hd Qrs AP  Aug 20 Maj Eckert Please send me one (1) dozen lanterns by first mail D Doren ...
  8788 | Page 310 | ...- When through business Augusta will have Columbia forward my telegrams ---- forward no more letters ---- I write first mail signed by Cold Richard turpen? A C Waterhouse ...
  12019 | Leaf 37 | ...9 Maj Thos T Eckert Please send four 4 good instruments [unclear]two 25[/unclear] zincs & two hundred 200 pounds pulverized [unclear][/unclear] Order detailing waterhouse & allen received this morning Caldwell ...
  13197 | Leaf 299 | ... to Washington , I am anxious to see you  on official business  LF Sheldon   255P Oct 27  Boston  Oct 27 Maj TT Eckert I leave Boston tonight for Washington TQ Waterhouse DH ...
  12948 | Leaf 50 | ...gton or Fort Monroe Brother not recovered HW Cowan   Head Qrs AP Sept 24 Maj Eckert Please send a good Opr for Corps Head Qrs also please send a good magnet to Waterhouse at Fort Powhattan . The one he has is worthless . I  will be in Washn tomorr morning . Please tell my Brother Caldwell ...
  12784 | Leaf 347 | ...820A 19 July Hd Qrs AP  18 July Maj. Eckert . Thos. Waterhouse belongs to 7th Maine Battery 9th Corps . There is no company He is safe . Caldwell.   DH  830A. July 19 Hd. Qrs. A. P.  " 18 Maj Eckert Have you concluded to h...
== 'binney': 4 hits
  5829 | Page 285 | ...Washington Dec 12th 1864  Geo D Sheldon Ft. Monroe Lucy Knocks I have directed Tappan Binney toupee plug months pa to such officers as Yuma designate being those referred to bayou inure telegram of this date unity money is difficult butty will continue...
  5829 | Page 285 | ...ficers as Yuma designate being those referred to bayou inure telegram of this date unity money is difficult butty will continue immed'y to Reese supply Taunton Binney for this out lay walrus B or Brice another to Tappan Binney sheaf pay Mr famish pa plunge months pay to officers designated by authority of Knave Zebra I will ...
  5857 | Page 313 | ...o I have declined as opposed to law and shelter orders zebra Can Authority be had for paying Company and field officers except on Must her rolls star yoke Amos Binney Chief add Pay Master  Geo. D. Sheldon   City Point Jan. 5 / 65 Geo. D. Sheldon Ft Monroe viola John Instructions Wilbey given to Nabob I expect tullever this a...
  8505 | Page 27 | ...d  for Dec 31st . I have declined as opposed to law & Genl orders . can authority  be had for paying copany & field officers except on muster rolls ? ---- Amos Binney Chf   230 PM  Winchester Jany 5th 1864 220 PM Winchester 2 P. M. 5th to Secy of War . Four thousand troops will be sent from Stevenson Depot at ten <insertion>...
  9913 | Page 247 | ...n pigeon whenny Pay masters maybe sent to Relay house welch B W Brice   No 1  5 PM Sheldon Ft. Monroe  Wash D. C. Dec. 12 1862 Lucy Knox I have directed Tappan Binney toupee plug mos. pay to such officers as you may designate being those referred to by you in your telegram of this date ---- Money is difficult butty will cont...
  9913 | Page 247 | ...such officers as you may designate being those referred to by you in your telegram of this date ---- Money is difficult butty will contrive immy to re - supply Binney for this out lay Walrus B W Brice  Ahr to tappan Binney chf Pay Mr famish Pay plunge mos. pay to officers designated by authority of Knave ---- I will make you...
== 'brice': 8 hits
  5829 | Page 285 | ... referred to bayou inure telegram of this date unity money is difficult butty will continue immed'y to Reese supply Taunton Binney for this out lay walrus B or Brice another to Tappan Binney sheaf pay Mr famish pa plunge months pay to officers designated by authority of Knave Zebra I will make you hole immedy for this outla...
  5829 | Page 285 | ...er to Tappan Binney sheaf pay Mr famish pa plunge months pay to officers designated by authority of Knave Zebra I will make you hole immedy for this outlay B W Brice Acting Pay Mastr Genl   City Point Dec. 13 - 1864 Geo. D. Sheldon FT Monroe Frances fever paradise arsey webster chief vincent . has Knox fleet stomach yet you...
  5857 | Page 313 | ... <deletion>round up just gave sail</deletion> arrived answer quick T. T. Eckert   1 P. M. Ft Monroe Jan. 5 / 65 Maj. Eckert Washington Farmer person for palate Brice Pay Master Shelby growl zodiac Knox orders payment to Company and whipal officers of a second rape unity They were not mustard for December laugh plug ditto I ...
  5859 | Page 315 | ...y according to law regulations and instructions from this office pekin regard less of orders to the Contrary from any authority other than the bruno yoke be to Brice A P. M G. T. T. Eckert   Ft Monroe Jan. 5 / 65  Maj Eckert Washington Martha for Indian growl unity Please have everything called for Kitchen for warded withou...
  9100 | Page 206 | ...l leave here Monday Mng for Sheridans ar my ---- Please direct an es - cort  to be in waiting to in - sure protection of the fun d s to Mar - tins burg Sig  BW Brice Actg Pm Genl   (no 2)  1.30 pm Beckwith City Pt  Wash Oct. 22. 1864. Youth Harriet Madrid I had prepared instructions to famish to superb all optic saffrons in...
  7992 | Page 334 | ...Cypher recd I gave just the statement given me by Gibson to whom I rendered all assistance in my power as he will testify Gibsons instructions were endorsed by Brice "see Bankers man Capt Van Duzer" The New Orleans papers  are raising the devil about reports and Gross is allowing associated Press reports as I am I think we ...
  9913 | Page 247 | ...h Brooks I mustache you for safe saddle from Relay house stick Please have me notified by whim in pigeon whenny Pay masters maybe sent to Relay house welch B W Brice   No 1  5 PM Sheldon Ft. Monroe  Wash D. C. Dec. 12 1862 Lucy Knox I have directed Tappan Binney toupee plug mos. pay to such officers as you may designate bei...
  9913 | Page 247 | ...being those referred to by you in your telegram of this date ---- Money is difficult butty will contrive immy to re - supply Binney for this out lay Walrus B W Brice  Ahr to tappan Binney chf Pay Mr famish Pay plunge mos. pay to officers designated by authority of Knave ---- I will make you whole immedy for this outlay B W ...
  9914 | Page 248 | ...nform you that brooks Paymrs will leave wedlock by wafer for bridle for the payment of brooks waynes of Dawson pelton unpaid to Norris Allen of Aug Windham B W Brice ...
  9930 | Page 264 | ...y  according to law regulations and instructions from this Office Pekin regard less of orders to the contrary from any authority other than the Bruno yoke Be W Brice a P M G ...
== 'van duzer': 179 hits
  12978 | Leaf 80 | ...lear][/unclear] again [deletion][/deletion][insertion]two[/insertion] PM not only baggage but twice (or train [unclear][/unclear] it [unclear][/unclear] JC Van Duzer DH   [unclear]730A[/unclear] Sept 30  Cleveland  Sept 30 Maj Eckert Letter enclosing certificate & instructions as to transfer is all that is necessary A Stage...
  8192 | Page 122 | ...2 PM Van Duzer CairoIll Washn Dec 24 62 For Valley Vernon Thomas A Davies Columbus Cider Columbus must be held at all hazards you will be immy Yankee communicate by Spartan w...
  9003 | Page 111 | ...aiting for one by mail from me zodiac If there is pedlar or is not any thing stephen affair I wish to know it without unnecessary delay walrus Bologna   JC Van Duzer Nashville  Washn July 16th 1864 Julia Gas to Polking officer Embrace Send immediately to Dragon Aurora plank whips of dis mounted Panama or William days spit w...
  8195 | Page 125 | ...2 PM Van Duzer  Wash Dec 26" 62 For Comdg Officer at Cairo Report latest news from Columbus and West Chapel signed Applause   130 PM Harpers Ferry Dec 26" 26 62 For Adorn Dis...
  12982 | Leaf 84 | ...ts today line & RR was cut at 3 points between Duck river & mountain last night telegh to work again 2PM not much damage to road but no trains over yet  JC Van Duzer ...
  2697 | Page 219 | ... favor Gen Grant - on Sunday not decisive - on Monday a Rebel victory complete - & that Vicksburg was safe - this comes to us from Forest's head Qrs. J. C. Van Duzer Cipher clk   Maj. T.T. Eckert.  Cleveland O. May 27. 1863  I send you the above as it comes to me for what it is worth. A. Stager   Recd 240PM  Memphis Tenn. M...
  8196 | Page 126 | ...330 PM Van Duzer Cairo Ill  Washington Dec 26th 1862 For Valley Vernon Davies Columbus <deletion>I</deletion> I beg leave to repeat <deletion>th</deletion> that Columbus must b...
  3122 | Page 232 | ...Col A Stager  Louisville Nov 13 " 62 Just recd following from VanDuzer  for Captain Bruch I this day recd on order from Grants HdQrs Lagrange signed John  Riggen Supt Teleg no complaint against me if I leave he cant operate the li...
  10332 | Page 190 | ...erman expects to reach Kingston tomorrow evening ---- I shall be there with line if he gets there with Army ---- The distance is twenty five miles yours JC Van Duzer   Recd 230 am 17th  Battlefield of Spottsylvania May 16th 9 AM For Secy of War ---- The field return of the Army of the Potomac shows present for duty on May t...
  12816 | Leaf 380 | ... cipher of the Capture of Atlanta the moment I recd the information Did you not get the msg It is no doubt true though I have recd nothing as yet from Capt Van Duzer S. Bruch ...
  9274 | Page 380 | ...ished describing arrangements then await further genders before forking the goddess black acknowledge receipt impress Quitman morphine   No 4 11 AM Capt JC Van Duzer Nashville Wash Sept 5 1865  Impress Roland Albert Harriet to Liquor Gibson Inspector Pay maxim Hannibal giraffe probate multiplied my agent Morrison at generat...
  9274 | Page 380 | ...nt Morrison at generate to tomato to you at once hound He can give you the spinsters upward Damascus land and summer War maxim cloudy and warm   Capt J. C. Van Duzer Nashville Wash'n Sept 5th 1865 Repeated Rachael Wheel Cornelia Corwin for Degrade Gibson Inspector Pay Egypt Vomit Potash Granulate directed my Agent Morrison ...
  12818 | Leaf 382 | ...s for which I am responsible R O.Brien.   July 23 NY  July 23 Maj Eckert Have you recd Capt Bruchs cipher message dated Bowling Green this AM where is Capt Van Duzer A Stager ...
  5797 | Page 253 | ...with "U. S."  Nancy Kidnap was this morning in ship sharper in Taylors ridge watching handle who was tremble of him and weighing equally bridget port the great trestle near white side and the bethel pocketing at caperous salmon from bonner I hear that they are plenty fully supplied shakering parties being able to supply the g...
  5797 | Page 253 | ...son entirely bringing in from one trip penny publish wagon load woolwich stores welch is all right from bishop to resaca webster Van are you now boys J. C. Van Duzer   Nashville Oct 17 / 64 S H. Beckwith City Point Embrace glory Julia for Ivory growl unity the following dispatch has been received from Kennebec period ships ...
  9276 | Page 382 | ... of Kearsarge potash I make this explanation in justice to Mister Sheldon and his garrison oars Very Respy Thos T Eckert Supt Mil jump down   11 30 PM Capt Van Duzer Nashville ---- Wash Sept 7 1865 Your letter of David just received You have an entire miss under standing jingle matter bronze Baker did not refer to you as vi...
  14231 | Leaf 380 | ...  6 Gen Eckert No ciphers except these in our hands have been permitted until now . The order is given today removing the restrictions as you request J. C. Van Duzer 23 DH [unclear]1P[/unclear]   820A Feb 6  6 Wheeling Va  5 Col TT Eckert Recd letter all right Send me fifteen or twenty dollars Want go Cincinnati Nothing do ...
  8647 | Page 169 | ...tter spirits . expect us at Goldsboro by the 20th inst Respy  OO Howard MGenl P. S. Say to Maj. Eckert that Oprs in this army needs Green backs and if Capt Van Duzer has sent us some have it forwarded to Goldsboro and oblige JR Lonergan ...
  14232 | Leaf 381 | ...1P Feby. 6.  6. Nashville Tenn  Feby 6.  6. Genl Eckert . I have extended the permission of use ciphers as directed in your dispatch of 5th . JC Van Duzer 15 DH   640P Feby 6  6 [unclear][/unclear]  Nashua  Feby 6  6 DH Bates Please say to Lizzie that Hattie is lingering but we do not believe she can live through...
  10348 | Page 206 | ... route is secured . It is a race for Atlanta & Gen Sherman hopes to win it or force battle this side Army in splendid condition & spirits good night  J. C. Van Duzer   ...
  14241 | Leaf 390 | ...2 Col Gross Telegraphs Greggs That the message is not a cipher ! To me it Certainly is and Greggs actions seems Correct ? Will you decide ? JC Van Duzer Lt Col &c DH ...
  3144 | Page [254] | ...Nov 29 62  Col Stager  Nashville Tenn  Just received following from Van Duzer Riggin again assumes control of lines Does not sign himself as Supt but by order Grant who is very angry at me because of messages from War Dept while ago Sam ...
  9289 | Page 395 | ...leveled copper Galway Baker loaths that he has no knowledge of such a man being discounted with the secret service Mastiff Regent Rankin How goes it   Capt Van Duzer Nashville ----  Wash Nov 7" 1865 Webster Smith Clark Emma for Broadway vomit bronze Troubles are springing up in storm that may become serious if not promptly ...
  3145 | Page 255 | ...1. PM Louisville Ky Dec 2nd 1862  Recd following late last night have telegraphed to know cause of Van Duzers but think it  is because he reports Gen Grant proceedings through me to you answer quick what to do in regards to the matter I am just informed by the operato...
  3145 | Page 255 | ...rant proceedings through me to you answer quick what to do in regards to the matter I am just informed by the operator at Holly Springs mr Sullivan that Mr Van Duzer is in the guard house by order of Gen Grant & that if he is not released tonight nearly every operator will quit office opened at Holly Springs yesterday  in c...
  9290 | Page 396 | ...Capt JC Van Duzer Nashville  Wash Nov 7 1865 Webster Walford Clark Susan for Breakfast Vomit bronze The ramble earnestly desires you to go gratify to storm copper Gander purify ...
  9291 | Page 397 | ...xplanation in a few days published why Mr Davis has not been brought to trial which will I trust be satisfactory signed And drew John son Press dent   J. C Van duzer Nashville  Wash Nov 24 1865 wheel Smith Allen to Breakfast vomit Crimson Asia loaths  from hunts <unclear>aasum</unclear> Sable the celebrate of Frank Gurley c...
  7271 | Page 27 | ... Gideon J Pillows command possession Hickman today A Gunboat left here 7 PM visit them Sam Bruch   1145 AM 17 Col Stager  Louisville July 16th 10 P. M 1863 Van Duzer says refugee from Chattanooga arrived at McCook Hd Qrs Winchester today says was known in Chattanooga that whole of Morris Island in possession Federals McCook...
  14248 | Leaf 397 | ...  March 4  6 Gen TT Eckert Instructions Feby 27th recd I write you fully by mail I have no lines in Southwestern Company territory they were transferred to Van Duzer in December The Missouri & Western Telegh Co do not want the Rolla & Springfield Line Shall I turn it over to Col Boyd or take it down R C Clowry Brt Lt Col As...
  14252 | Leaf 401 | ... Teleg'h within the state of Illinois I don't understand that company to have any claim against the U. S. like those of American & South Western Co's J. C. Van Duzer DH ...
  12145 | Leaf 163 | ...215P Aug 11  Louisville  Aug 11 Maj Eckert [deletion]Copy to Capt David[/deletion] The daily ciphers from Capt Van Duzer generally Pass here about midnight The cipher delayed yesterday was Partly by carelessness of a new night Opr at Nashville & partly by night Opr here closing a...
  13997 | Leaf 147 | ... made to agree with the check Is any new orders business forwarded over the seaboard lines Our single wire between here & Memphis is very much overtaxed JC Van Duzer ...
  14255 | Leaf 404 | ...lle  March 26  6 Gen Eckert Beardslee inst & appurtenances were shipped from Louisville saturday . Invoices receipts by mail tomorrow under cover to you JC Van Duzer 19  DH   2.  11.40P March 27th  6 New York  March 27 "  6 Gen Eckert . War Dept Please say to Genl Hardie , War Dept . " Sister Anna presented to her husband y...
  5452 | Page 320 | ...o recall the affair of last year If the Col See's fit to leave me here I will try it dont want any other place unless with Rosecrans should prefer that J C Van Duzer ...
  12149 | Leaf 167 | ...badly for some days between here and Chattanooga are very much overworked Will endeavor to have such arrangements as shall prevent the delays you mention J Van Duzer   HdQrs AP Aug [unclear][/unclear] Maj Eckert I do not of anything that you could send here to benefit the men unless it is one [/unclear]bbl[/unclear] of good...
  7662 | Page 4 | ... go for but as Steedman is at Decatur with gunboats to cross with & depend on and river very high looks like taking whole Army of Hood in out of the wet JC Van Duzer ...
  4628 | Page 187 | ...nstons rear . prisoners today say we have 4 Corps to fight & that Johnston commands in person . no report at 11 PM from McPhersons operations on rebel left Van Duzer ...
  5459 | Page 327 | ... are greatly outnumbered in which case the strength of enemy in your front will be diminished signed Burnside   11 PM Col A Stager  Louisville Ky Oct 24 63 Van Duzer telegraphs that he lost  his copy of numbers nine & twelve cipher while on special train with Rosecrans coming from Stevenson to Nashville does not know how no...
  4631 | Page 190 | ...ed without resistance by our forces this a m . our losses  amount in all to three thousand . pursuit is made but results not yet known . slipped away J. C. Van Duzer   520 pm  Ft Monroe <insertion>5 pm</insertion> May 16th 1864 For Qr Mr Gen . Col Shaffer Chf Staff sends immediate demand for two hundred more trains and wago...
  7668 | Page 10 | ...ast RR to Chattanooga  & Louisville in order again roads drying up so movements may work (please say who has charge telegraph at Savannah & if now there JC Van Duzer) ...
  13587 | Leaf 226 | ...Capturing at one point four hundred prisoners & six guns [unclear][/unclear] No doubt the other parts of the line did as well I only speak of what I saw JC Van Duzer Capt &c    350a Dec 16 San Francisco  Dec 15 Col Eckert Did Col Stager receive my message relative to order of Genl McDowell Jos Gamble ...
  4638 | Page 197 | ...Kingston a thing to be prayed for but which neither Gen Sherman or Gen Thomas deem probable . The weather  & road both splendid & army in best spirits J. C Van Duzer   Maj Eckert 11 AM 19th  Adairsville 11 AM May 18th 1864  Army reached here at 10 today (18th) . Met Rebels three miles from here yesterday and Howards corps w...
  4638 | Page 197 | ...get nothing but the ground and a few deserters . Gen Sherman expects to reach Kingston today unless enemy turns at bay again which is not thought likely JC Van Duzer ...
  10384 | Page 242 | ... not at Rome yet Stoneman and Garrard with Cavalry occupy Allatoona Mountain and trains and telegraph will reach Carters Station tomorrow Hows Gen Grant JC Van Duzer   115 pm 3d  Kingston Ga June 2d Nothing from Gen Sherman today ---- was not at or near Marietta when last heard from will telegraph again this night JC Van Du...
  10384 | Page 242 | ...er   115 pm 3d  Kingston Ga June 2d Nothing from Gen Sherman today ---- was not at or near Marietta when last heard from will telegraph again this night JC Van Duzer  ...
  4642 | Page 201 | ... Biggs Chf Qrmr   4 AM 21 May Eckert  Kingston May 20 1864 No movement of troops today ---- We rest and get up subsistence and halt until Monday next J. C. Van Duzer ...
  14021 | Leaf 171 | ...e  July 27 Maj Eckert The copy of number five [insertion]5[/insertion] & the blanks were recd & clerks are now filling them will be placed in a few days JC Van Duzer DH   10A July 28 Ft Monroe ,  " 27 Maj Eckert , Fleet Pay Master H M Heyskell desires you to present the check for 2 dollars 92 cents dated July 5th as he is c...
  7678 | Page 20 | ...rd and partially destroyed the bridge over Paint Rock river on RR between Stevenson and Huntsville no other  activity either side teleg opened to Athens JC Van Duzer ...
  10390 | Page 248 | ...oday to rebuild bridge over Etowah but pontoon train has gone there & will lay a bridge there tomorrow ---- I shall be at front ---- Army will rest now  JC Van Duzer   130 AM 6th  Flag Ship Agawam Farrars Island Twelve forty five P M thru via Ft Monroe 530 pm four For  Secy Navy Washn ---- From six to a dozen Steam barges w...
  7685 | Page 27 | ... him and hope to open telegraph to his Hdqrs in three days after our arrival  This Dept is quiet as warm now not an item of news weather cool and clear J C Van Duzer  ...
  10083 | Page 3 | ...JC Van Duzer Nashville Tenn  Wash Dec 26 1865 Webster Snyder Albert Katie for Broadway vomit red confide degrade Sweeney Brown Nostril gospel has applied for an extension o...
  13607 | Leaf 246 | ... & paroled on Monday last I would like very much to go to work again & in your Dept. if possible as it is dangerous [deletion]p[/deletion] around here Capt Van Duzer has no office here that we feel safe in . I think I can satisfy you this time as I have had great deal of practice & feel confident that I can take a [unclear]...
  13607 | Leaf 246 | ...l safe in . I think I can satisfy you this time as I have had great deal of practice & feel confident that I can take a [unclear]sound[/unclear] ofs. Capt. Van Duzer consents to my coming Please ans. soon as convenient & oblige . B. T. Spencer DH ...
  10086 | Page 6 | ...JC Van Duzer Louisville  Washn Mch 17 1866 Growl March glory Julia for Tappan Shelby Palmer polka quadroon Aurora dragon unity Yours of flood enclosing slips received Zebra...
  10086 | Page 6 | ... he should be oakumed on that ground Zebra acknowledge receipt & wick action By polka of Judah Webster Ed Townsend asst Barton, how are you. now say   5 JC Van Duzer.  Wash'n Mar. 17 1866 Webber Webster Rupley Fowler Lottie for Hornet Bladder Potash Yours of Cameron enclosing slips received copper Blincoe marvel grounded th...
  10404 | Page 262 | ...guard at Calhoun and cut the telegraph, all repaired now . McPherson is now on left Thomas in centre & Schofield on right . fight or foot race tomorrow  JC Van Duzer   1030 am 12th  Beverly Va June 11th 1864 Staunton 8th inst 6 am for Adjt Gen US We met the Enemy at Piedmont last Sunday the 5th inst killing Wm E. Jones then...
  7697 | Page 39 | ... men have been over the line but no troops between here and river except at one point and people bitterly hostile not able to maintain the telegraph yet JC Van Duzer City Point ...
  10408 | Page 266 | ... received ---- whole country so softened by rains that artillery cant be moved even in roads  . Railroad all right yet but  high wind may make us trouble J C V Duzer   5 am 13th May Eckert As Jamestown I stand is within two or three hours of Gen Butler Hd Qrs via steams, perhaps it is best to  hold all as it is till the bre...
  8716 | Page 238 | ...llege I have assigned J C Sullivan to duty at Hd Qrs Dept Cumbd and placed the cipher in his hands please cause the communication to be addressed to him JC Van Duzer ...
  8718 | Page 240 | ...wn the Mobile road till we meet Fuller & from Memphis to Grenada ---- No chance for Memphis branch route yet ---- when may you be looked for at home Jno C. Van Duzer   3 AM 8th  New Orleans 2d Via Cairo May 7th Mobile Ala May 1st for Lt. Gen Grant City Point Va ---- at the request of Lieut Genl Taylor I had a personal confe...
  11588 | Leaf 66 | ...cin yesterday was sent by an Opr at Chattanooga to Mr Stevens as free private dispatch which I could not consider reliable in absence of any word from Capt Van Duzer . therefore did not send . I have sent a number of despatches to Capt Van Duzer asking to keep us advised but he has failed to do so or even ans my question Yo...
  11588 | Leaf 66 | ...spatch which I could not consider reliable in absence of any word from Capt Van Duzer . therefore did not send . I have sent a number of despatches to Capt Van Duzer asking to keep us advised but he has failed to do so or even ans my question Your dispatches & those of Col Stager & think will certainly get something if he i...
  9095 | Page 201 | ...his repeats about the Dawson pelton ---- He will probably be in here tonight when I can ascertain his plans more fully Windy Cupid   No 1.  1.30 P. m. Capt Van Duzer Nashville  Wash. Oct. 14 1864 forwarded for Lady's sweden Blubber rosalie fever for Jonah ---- I think it will be advisable for lamb now to nurse all the welch...
  10053 | Page 387 | ...No 5 Capt J. C. Van Duzer Nashville  Washn Sept 19th 1865 Webster Sheridan Bates Judith For Breakfast Potash orderly please send a diligent discreet and competent Joyful  to Transact si...
  9098 | Page 204 | ...J. C. Van Duzer  Washn Oct 21st 1864 11 am Growl Fanny Harsh Plug for Adna Anderson Office Spark Welch Embrace zbra accept promptly with out question the proposed Inspect or S...
  9802 | Page 136 | ...9 AM Van Duzer  Wash D. C. July 27 1864  Nashville Emma harsh plunder for Gov Holly Embrace zebra Yours in relation to Shelter A. C. Gillem just recd unity Will look after th...
  10058 | Page 392 | ...Capt JC Van Duzer ---- Nashville  Washn Oct 13 1865  Webster Whitney Gardner Matilda for degrade R . H . Ramsay Vomit bronze Girdle orthodox jingle chapin purple Hold on  tooth ...
  10058 | Page 392 | ...If John Porter field is in vomit he must be celebrated judge charges here to fore frosted fulcrum War Office mastiff Broadway How are you    230 PM Capt JC Van Duzer Nashville Tenn  Washn Oct 16 " 1865 Webster Whitney Brown Susan for Degrade Ramsay vomit bronze orthodox of Sherman . Gardner leveled also letter jingle Christ...
  10419 | Page 277 | ... & capturing three to four hundred  prisoners ---- must accept battle on level ground tomorrow or retire to night to the Chattahoochee the last probable JC Van Duzer   240pm  New York June 16th 1864 New York 16th for GV Fox Washn your letter received Gen Dix has given the necessary order to the military officer in command a...
  4677 | Page 236 | ...ring forward twenty days supplies for the Army ---- Gen Blair is due at Rome tonight & one of Rosseau Regts  reached here this day Militia coming along J C Van Duzer   9 pm  Flag Ship "Agawam Flag Ship Agawam Farrar Island May 31st 1.45 P M via Ft Monroe 8.30 pm June first for Secy Navy Washn . Heard considerable connonadin...
  9101 | Page 207 | ...Van Duzer & C. G. Eddy Summerville Ga  Wash'n Oct 22nd 1864  Growl Oct Harsh Peach Julia for Lady Embrace and Kitchen near Globe zebra Despatches from Drum dated the Har...
  10420 | Page 278 | ...nced slightly & made stronger ---- at Sherman worked it & has been hammering at them to find the soft spot which seems to be hard to find no assault yet JC Van Duzer  ...
  4678 | Page 237 | ... last night and mounted rebels picked  up stragglers between here and Resaca today . Gen Blair will not reach here before the 4th or 5th moving slowly J C. Van Duzer   330 pm  Hd Qrs St Louis June 2d St Louis Mo 2 pm June 2nd for President of US . After hearing from Genl Garfield I shall write you but detailed information o...
  9102 | Page 208 | ...No 1 5 PM Capt. Van Duzer Nashville  Wash Oct.  23.1864 R. S. Fowler Memphis Growl Lucy Oct harsh pebble for lantern Empress & lavender drum ---- I recd Sweden wedge having great appear...
  10421 | Page 279 | ...e no possession of all this side Chattahoochee . Can make no estimate of loss but it is slight artillery doing nearly all the work & doing it splendidly JC Van Duzer  ...
  9389 | Page 81 | ...ble is thrown upon Odor with the Sampsons Keep me as fully advised as you can about Braggs movements He may cross at King  and Wales Jamaica Abortion Horns Van Duzer    Washn Dec 6th 1862 12 M  For Adorn The Alvord informs me that Venus Jourdan has been restored You speak of sending a Raleigh of your Yoke to Vernon Foster B...
  9103 | Page 209 | ...No 1 230 P. m. Van Duzer Nashville Tenn.  Washn. D. C. Oct 24 1864 Growl Henrietta harsh penny for lafitte ---- The rambling Saints besides those mentioned in your telegram have been o...
  4683 | Page 242 | ...uth Johnstons are between him & Marietta ---- We hold the line of RailRoad to Allatoona only I go there  tomorrow ---- Blair not heard from yet 9.30 pm  JC Van Duzer ...
  8482 | Page 4 | ...n in their rear ---- report current that Hood has been superceded by Forrest whose task is to get the army out scrape into which Hood has fought it , J. C. Van Duzer Capt &c  1 pm 27th Hd qrs Dept Cumberland Pulaski Tenn Dec 26th 1864 Hd Qrs Pulaski Tenn 26th for Genl Halleck ---- " Hdqrs Cavalry Corps beyond Pulaski 25th -...
  10431 | Page 289 | ...e he staid in spite heavy artillery fire and strong skirmish  line well supported. Gen Sherman's Hd Qrs at Big Shanty still ---- Heavy rains all the day JC Van Duzer  ...
  9402 | Page 94 | ...Van Duzer Cairo Ill Washington DC Dec 27 62 For Vienna Vernon Hurlbut Mastiff period Mastiff must be held at all hazards I have asked Vernon Curtis to yankee yon Endeavo...
  8487 | Page 9 | ...Nothing to report later than Thomas official of last night ---- will have RR open to Chattanooga & Decatur tomorrow  to Columbia in week says Col Wright JC Van Duzer ...
  11614 | Leaf 92 | ...tted[/deletion]  to a greater or less extent this dispatch was allowed to go through . when I saw that it was made public I immediately gave orders to Capt van Duzer that our Opr must not be allowed to send such despatches & that no opr should [unclear][/unclear] be allowed...
  10440 | Page 298 | ...er artillery fire but no material difference in position of either army since my last ---- Trouble again with RR and Telegraph near Dalton Bridge burned JC Van Duzer   740 AM 25th  Hd Qrs A of P June 24/64 Hd Qrs. Army Potomac 230 pm June twenty four For  Gen Halleck ---- I find the affair of the twenty second was much wors...
  9123 | Page 229 | ...1130 am Van Duzer Nashville  Washn Nov 12th 1864 Grapes Florence forbid For Tappan WR Price Actg Inspector Pacific Bureau Empress Zebra Consolidation of peach and plaster Aurora...
  7992 | Page 334 | ...ement given me by Gibson to whom I rendered all assistance in my power as he will testify Gibsons instructions were endorsed by Brice "see Bankers man Capt Van Duzer" The New Orleans papers  are raising the devil about reports and Gross is allowing associated Press reports as I am I think we can manage all the business now ...
  7992 | Page 334 | ...devil about reports and Gross is allowing associated Press reports as I am I think we can manage all the business now if restriction were removed now J. C. Van Duzer ...
  9126 | Page 232 | ...A. H. Caldwell Mc  Wash'n Nov. 22nd 1864 Hang Nancy Oliver Arnold to Palermo Rawl = lins  I will not beat Bridle until Yankee crowd   J. C. Van Duzer Nashville - Washington Nov 23rd 1864 Grapes Julia Harsh perfume For Lantern Zebra Japan sees no military tarquin in saddling the Clarence  wiley further than t...
  9127 | Page 233 | ...realy able Spencer of surgerys talbot Robin through charity due ring the time mentioned in your dis patch of last knight Leet    Washn Nov 25th 1864  J. C. Van Duzer Nashville -  Francis Harsh Plaster For Lantern Unity Infant authorizes you if you deem it tarquin to call up on the Gover of Alden and of any other Wilson stat...
  13655 | Leaf 294 | ...Geo D Sheldon   Dec 29 Nashville  29 TT Eckert Please ascertain if Albert J Glass Co B 20 " Ills Captured Atlanta Jany 2d 1864 has been Exchanged answer JC Van Duzer ...
  4704 | Page 263 | ...owah bridge complete & RR running to our skirmish line which insures supplies Shermans Hd Qrs here  Johnston scarcely five miles from here South East  , JC Van Duzer ...
  10447 | Page 305 | ...rked well all day & communication between right & left thirteen miles apart has been constant and uninterrupted ---- weather excessively warm roads good JC Van Duzer ...
  9129 | Page 235 | ...1 J. C. Van Duzer  Wash'n Nov 28th 1864 10.30 A. M. Growl Elizabeth Harsh Paddle For Palsy Webster Orders have been given to transfer to Baptism all mail matter in feeble dead f...
  9129 | Page 235 | ...th Harsh Paddle For Palsy Webster Orders have been given to transfer to Baptism all mail matter in feeble dead for Knapsack Oyster yoke Insanity crazy    1 Van Duzer & McCaine  Wash'n Nov 28th 1864 11. am Nabob Grapes Fanny harrow platina For Lamb zebra John directs me to say that it is not eggs peck dead of you to give to ...
  10448 | Page 306 | ...l probably go sooner or later to Chattahoochee in that manner as it is too wasteful of life to dash our lines against Johnstons parapets Harker is dead  JC Van Duzer   830 pm  Harpers Ferry June 24th 1864 Gilmore attacked our forces at Duffields Station today at about three P M Cut the wires no communication West Cipher to ...
  13403 | Leaf 42 | ...in number one [unclear]Mason[/unclear]   Nov 14  Nashville  Nov 14 TT Eckert Cipher message of forty five words to our address recd Correct Saml Bruch & JC Van Duzer ...
  14086 | Leaf 236 | ...amisburg O.  " " Thos. T. Eckert Foot healing up fast When will WH be back answer B. S. Eckert DH   615P Sept 22  Nashville Maj Eckert Please telegraph Capt Vanduzer my time for June . I had full time except five days in coming here [unclear]Call[/unclear] Culbertson ...
  11205 | Leaf 142 | ...615P Apr 15  Louisville  Apr 15 Maj Eckert Capt Van Duzer says the msg in question was made up at Hd Qrs Mil Div of miss & recd of an orderly at Counter Nashville off at 1250 pm PM Hung on hook till 2 pm waiting most ...
  4709 | Page 268 | ...t RR trains now here with QM and  commissary stores ---- will require three clear days to make it possible to move Arty and wagons want operators badly  JC Van Duzer   10.50 am 14th  Memphis June 12th 1864 Memphis June 12th For Secy War Washn ---- Br Genl Sturgis with a force of three thousand Cavalry five <insertion>5</ins...
  4713 | Page 272 | ...t Johnston has lost the confidence of his Army and that desertions would be very frequent if Officers full certain of amnesty - They were Virginians  J. C. Van Duzer ...
  10459 | Page 317 | ...ent by feint against left ---- Sherman agrees that he is correct or that Johnston will attack at day - light and is prepared for either contingency ---- JC Van Duzer    440pm  Marietta Ga July 3d 1864 Marietta July 3d Maj Gen Halleck The movement on our right caused the enemy to evacuate . We occupied Kenesaw at day light a...
  11988 | Leaf 6 | ...1A July 26th Louisville  July 25th Maj Eckert Cipher of 43 wds signed van Duzer copy of which sent you tonight is latest we have from front S Bruch DH   545A. July 26 New York  July Maj Eckert The next Stmr for Hilton Head leaves Tuesday n...
  13414 | Leaf 53 | ...r][/unclear] with his situation & wishes to go into the [unclear]Mily[/unclear] service He talks of going to the Dept of [unclear]Tenn[/unclear] under Capt Van Duzer He will stay here if a situation is offered him He is a good sound reader and would fill this place very well . if you could find it convenient to offer him my...
  9144 | Page 250 | ...Capt Van Duzer  Wash'n Dec. 28th 1864 4 PM Growl Julia Harsh platina For Lady zebra Shelby Stone man dispatch is received unity I would respect fully suggest that supplies fo...
  8515 | Page 37 | ...ere and <insertion>the</insertion> Tennessee delay repairs of teleg on line north west RR but will have it  working by time Gen Thomas reaches Eastport  JC Van Duzer   9 A. M. 930 A. M.  Harpers Ferry Va Jan 12. 1865 H. Ferry Maj. Gen. Halleck ---- Major Gen Crook reports that the small post at Beverly West Va was surprised...
  12251 | Leaf 269 | ...clear] Gen were forwarded from Front by Courier while line was obstructed by rebel raid & have only this day reached this office Please explain & oblige JC Van Duzer DH ...
  9149 | Page 255 | ...e already harping on this girls in gender to fright hen their slaves Brass The mogul and plump concur in these views increase Panama how you like it   Capt Van Duzer 1  Wash'n Dec. 31st 1864  Grapes Jennie Lamp Plunge For Lamb Shelby Dana wrangles from Drill on the Harsh padlock that his Panama struck the weldon on the Harr...
  9149 | Page 255 | ...t that your Pacific keeps that of Halifax well employed so that it will not be able to molest that questioning the welch in Argyle yoke Ireland end   Capt. Van Duzer 1  Washington D. C. Jany 2d 1865 ---- Pulaski Tenn. Florence January Peach Lady unity The orders of Jupiter to plant your Salems on the Bethel were not intende...
  9150 | Page 256 | ...Capt. Van Duzer 1  Washington D. C. Jan 2. 1865 Pulaski Tenn. Francis Blank fairy lantern zebra No nuptial need be sent to Kennebec we can give him from here all he may requir...
  9151 | Page 257 | ...ick what whimpers are nutmeg in frog at this time & their capias ity for whiff & their draft  of water Sweden wanted by morning benda confidential   1 Capt Van Duzer  Wash'n Jany 3rd 1865 11. am Grapes Fanny Pebble for Lantern Zebra John directs me to say that you will not require a new out fit of teams for future opera tio...
  9154 | Page 260 | ...o Nettle ---- I <deletion>exp</deletion> expect to leave here Kearney for venus & thence to Webster with Collect or Draper. Signed resemble    1 Capt J. C. Van Duzer  Wash'n Jany 8th 1865 Grapes Florence Platina Lady zebra John directs that if you are assured torch depart your of Hudson Nancy from Budget you will send Kitte...
  14109 | Leaf 259 | ...rt There are men enough now at Knoxville & Chattanooga & Bristol will be provided for immedy All my offices are kept open for through business on Sunday JC Van Duzer   2 - 5P Oct 13 1Pf Deans Pond NJ 13th via Bordentown NJ 13 Maj Eckert Send my overcoat to [insertion]1 2[/insertion]  Albermarle New York by express L. W Heln...
  9155 | Page 261 | ...ies can be forwarded to them unity These orders have been sent to montrose yoke Italy send these forward by the very quickest possible route   1 Capt J. C. Van Duzer  Wash'n Jany 10th 1865 4pm  Grapes Julia Feeble for Lantern zebra Please answer in regard to kisses Pelton Pekin Where and when it will assemble Sugar youth Ja...
  9156 | Page 262 | ...ompany and send him with a sufficient Saddle imm'y tooth old cap = it = al pry son By order Torch Ingress youth Insanity Asst Infant what a fine day   J. C. Vanduzer  Washington Jany 11. 1865. - 2 P.M. Grapes Helen flag lady unity pandora L. B. Parsons leaves here wharf under orders from this Department to take charge of th...
  5935 | Page 391 | ...t us at Census by the harsh instant respectfully youth magic Jno. Lonergan   say to tappan Eckert that operators in this opal ne Eds green box and if Capt. Van Duzer has sent us some have it forwarded to camargo and obliged undersigned Jno. Lonergan   H'd. Q'rs. A. J. Mar 20th 1865 Geo. D. Sheldon , Ft Monroe Julia for Gord...
  13136 | Leaf 238 | ...4.50P Oct 18 Cleveland  Oct 18 Maj Eckert Capt Van Duzer acknowledges receipt of package for Terry & has forwarded to Shermans Hd Qrs by  Special messenger A. Stager   6P Oct 18 Cincinnati  Oct 18 Maj Eckert Cipher o...
  4737 | Page 296 | ...acca and Dalton for couple days and has burned Bridge at Tilton and captured two trains all which will be remedied in another day. Will rain never stop  JC Van Duzer ...
  4738 | Page 297 | .... Prisoners  taken today say Johnston called to command Army of Virginia Lee made Genl in Chief vice Bragg , Ewell in command  in our front , we hope so JC Van Duzer   540 AM 24th  City Point Va June 23 1864  City Point 1 30 PM June twenty three For Gen Halleck Washn ---- please  order Genl De Trobeyand to report to Gen Mea...
  9865 | Page 199 | ...No 1 JC Van Duzer Nashville  Washington Oct 13th 1864 Francis forlorn to Lantern zebra Plank old whips from Shelby Pope and several new Wharton from Abner and Alden are on their...
  4740 | Page 299 | ...  HdQrs by field line of telegraph eight  miles long using field wire battery & instruments ---- It works well & when we go for Johnston will do service JC Van Duzer   10pm  Near Kenesaw 830 pm June 25 64  Near Kenesaw June 25th 8 pm Gen Halleck ---- I have nothing new to report . constant skirmishing and cannonading . I am...
  9866 | Page 200 | ...gainst China Etc & the difficulty of wagoning sup plies sligo winter may change your view about the mol asses Sharper Wind ham Wal rus bennet   No 1  10 am Van Duzer Nashville  Wash Oct. 14. 1864 Grapes female for lady ---- I have directed copies torch rambling Platations of Jersey to Kennebec to be delivered to you that yo...
  4741 | Page 300 | ... and deserters say Johnston will attack us tomorrow but that can hardly be true and Sherman wont wait for him but move on Monday to battle , good night  JC Van Duzer   1225 AM 26th  Grants Hd Qrs June 25 1864  City Point 1030 pm twenty five June to Secy of War Washn ---- I will feel obliged to you if you will order Rosecran...
  13144 | Leaf 246 | ...420P Oct 19 Oct 19 Maj Eckert Closing price 8 3/4 to 9 ---- J Horner    Oct 19  Nashville  Oct 19 Maj Eckert Delay was at Louisville with eastern line JC Van Duzer   Nashville  Oct 19 Maj Eckert Cipher of 203 wds was recd at 145 AM 18th & left here at 6.20AM night opr was busy with ciphers from front from time this mess w...
  13144 | Leaf 246 | ...ckert Cipher of 203 wds was recd at 145 AM 18th & left here at 6.20AM night opr was busy with ciphers from front from time this mess was recd until sent JC Van Duzer ...
  4747 | Page 306 | ...t exertion making to get ten days rations in hands men by morning July 2nd Sherman says he will be in Marietta or across Chattahoochie in five days sure JC Van Duzer ...
  9873 | Page 207 | ...No 1  3 pm Van Duzer Nashville  Wash. Oct. 20. 1864. Growl harsh Imogene for lady ---- It is wicked here that for - rest is weighing both Pa Duke  Key & Drill ---- If by the assist...
  9873 | Page 207 | ...& Drill ---- If by the assistance of Kearney & lavender you could drive him waxy it would relieve that part torch Country from all danger Jacob   No 1 Capt Van Duzer Nashv.  Wash. Oct. 21. 1864 Grapes harrow plug Elizabeth lantern So long as for - rest holds buffet he weighs Several very important Vernons ---- Please consul...
  9875 | Page 209 | ...en this Question is determined by the law officer talbot Quotient these appointments will be made if agreeable to law and regulation wiley comb End   J. C. Van Duzer  Wash'n Oct 24th 1864 4. P. M Grapes Julia harsh Penny for Lamb zebra As the War Quadrant has appointed Tappan sham bliss special Inspector of Pacific Military...
  4752 | Page 311 | ...ly & whole army will have ten days on hand by tomorrow evening , telegraph line followed Schofield and he reports over it occurrences of the day no rain JC Van Duzer ...
  12282 | Leaf 300 | ...st 27 Maj . Eckert . Not a word worth putting in cipher for the last ten days , am off for front this evening will give you something when I get there ---- Van Duzer   7A. Aug. 28 5th Corps  Aug. 26th Maj. Eckert . Was my letter of August 20th rec'd ? Please reply & oblige E. A. Hall Opr ...
  12902 | Leaf 4 | ...me able for duty till next week if you do not object I wish to remain till Monday  DH Bates   Nashville 10 20 PM Sept 16 Maj TT Eckert Nothing to report JC Van Duzer ...
  9882 | Page 216 | ...Capt JG Van Duzer  Washn Nov 1st 1864 Florence plunge Lantern zodiac Moscow was directed some days ago to send you Maynards quincy He is also directed to send you all nugget Whi...
  9182 | Page 288 | ...eing them properly provided Edwards until Knobs furnished & wilt N Harvard ankle play at Walrus limpid turkey include Kelton Annapolis   No 1  1130 am Capt Van Duzer Nashvl Wash Feb 8. 1865 florence platina for Anderson Chf Supt mily Weldons Empress ---- Yours of feby pension recd ---- In case of difficulty call upon the Sh...
  4760 | Page 319 | ...herman Thomas and McPherson HdQrs here Schofield is on the right some eight miles South ---- will rest here some time and I can get to Nashville perhaps JC Van Duzer ...
  10505 | Page 363 | ...t through Buckhead ---- Gen Thomas on right Schofield in centre & McPherson on left ---- no enemy encounter except Cavalry & artillery slight resistance JC Van Duzer   1045 AM 19th  Near Cross Keys Ga July 18th Near Cross Keys 18th, 7 P. M. For Gen Halleck ---- We moved today rapidly and McPherson reached the Atlanta & Augu...
  9889 | Page 223 | ...mily on monday morning next torch rambling named walnut agent and the seizure of his papers zebra Pilgrim M J Garrett Dragon Youth Image Asst Brutus   Capt Van Duzer Nashville  Washn Nov 5th 1864 Jennie plaster for Palate J F Miller Empress unity The Infant directs the oakum at Emily on Monday morning next torch rambling na...
  13717 | Leaf 356 | ...yet at Cahawba & meriden three 3 of my opers are still there James C Pettett 2 John O. Ludwig & JJ Painter the laborers and repairers have been released JC Van Duzer Capt & asst Supt DH ...
  8816 | Page 338 | ... distinct routes from here to N Orleans opened by the first proximo when the business can be more readily and promptly handled than now yours very truly JC Van Duzer Capt &c ...
  9190 | Page 296 | ... been in daily apprehension of Byron purple So that Officiates misfortunes not unexpected bronze Can you excite more vigilance scarlet Include Robin   J C. Van Duzer 330 pm  Washn Feby 21st 1865 Imogene harrow plug for A Anderson Embrace zebra Shelby McCallum ordered glanceth pekin plug quincy construe shun pelham from Empr...
  9892 | Page 226 | ...e he may then be dealt with as circumstances require with out any Shelby order that may become the subject of abstract discussion yoke Indigo good day   JC Van Duzer Nashville  Washn Novr 8th 1864 Fanny platina Lantern zebra Kiss as the polker of an opal ranks Shelby Stanley as the polker offa pelton unity Twas there four p...
  8385 | Page 315 | ...8 PM Van Duzer Nashville Wash. Oct 6. 1863. for Venus Innis Mil Supt of Somers L'ville or Moon Period Complaints have reached this Dept that you have made contracts & arrange...
  4770 | Page 329 | ... Gen Sherman Hd Qrs but is interrupted south of Dalton . Sherman expects to cross the Chattahoochie within three days we hear nothing late from the East JC Van Duzer ...
  8386 | Page 316 | ...f your Tap = pan can not be spared and if so what Corps Abel Helen forty five Oclock This line necessary for the route   <deletion>Francis</deletion> 11 AM Van Duzer Nashville Washn Oct 9. 1863 for Vesper Henry C Hodges Chf  Vincent Walnut of the flannel I am directed by the aragon to  inform you by supper that all  the Sto...
  13725 | Leaf 364 | ...forwarded to [deletion][/deletion] [insertion]go[/insertion] by Ft. Monroe . Your message has only now arrived & I am too late for steamer from NY . Jno C. Van Duzer   New Castle 15 Jany 15  5 Maj TT Eckert . I succeeded in getting a wagon from Drummondtown and also one at Salisbury Both from QM Dept . Have two Repairers an...
  12920 | Leaf 22 | ...1045P Sept 19 22 Nashville  Sept 19 Maj Eckert nothing to report JC Van Duzer   Cleveland Sept 20 Maj Eckert Have the rubber [unclear]insulators[/unclear] transferred Aug 9th turned up yet SG Lynch DH ...
  9900 | Page 234 | ...1 Capt Van Duzer  Wash'n Nov 26th 1864 12 M Growl Frances Harsh Pledge Lady zodiac All Whiskey ord eared from Aragon are under your or deers and wilby subject to your dispose a...
  13177 | Leaf 279 | ...tal in Washington & have some one meet him at boat . An orderly accompanies him Caldwell   Louisville Oc t 24 Maj Eckert  We have a msg to Fowler Memphis & Van Duzer Nashville Dated 20th 2.40PM recd here 7.30PM checked 74 words & counting correctly Another one recd yesterday afternoon addressed to same parties Checked 76 wd...
  4775 | Page 334 | ...ing . Railroad & telegraph working to Vining Bridge & field wire opened this evening . I suggest by letter a change in form of field insulators & insts  JC Van Duzer ...
  13178 | Leaf 280 | ...ied us that it was two words short we had it corrected immedy & repeated [unclear][/unclear] the repetition to Glass Nash at three oclock this morning & to Van Duzer at 9. oclock agree with the corrected msg of last evening Culgan   Cincin 24 Maj Eckert Pittsbg sent it direct to Louisville at 4.45 PM & we took Copy for memp...
  9904 | Page 238 | ...Florence perfume for Steven = son Please wrangle me care of Shelter Augur when the quitman of my pelton passes through  Camel wedge yoke Shelby Wright   JC Van Duzer Nashville  Washn Decr 3d 64 Francis perfume for W W Wright chief Raymond Empress zebra Can you in case of emergency spare me plug quincy of construction pelham...
  10524 | Page 382 | ...y practice today ---- Tomorrow hope to have news for you, as movement to destroy Railroads south of Atlanta starts at day light ---- very strong ---- J. C. Van Duzer   12 M July 26  H Ferry July 26th 1864 Harpers Ferry 26th 11.30 am ---- Gen Halleck . Your dispatch of 10.30 am rec'd . our scouts are out beyond Charlestown a...
  9908 | Page 242 | ...You will make every posse able exert shun to question the Empire and Agate Weldon by which Handles Oyster is now supplied youth Jacob   No 1.  1 P. M. Capt Van Duzer Nashville  Washn D. C. Dec 6 1864 Harriet pledge lady ---- The talbot against the Empire & Abner Weldon were ordered by leghorn on the harrow plaster & harsh p...
  5729 | Page 185 | ...ebra he saw no whiff except a few guerrillas this side of brandy pause he came via columbia avon take joy D Webster palsy how is juro progressing now J. C. Van Duzer   Fortress Monroe June 4 / 64 Maj. Eckert Wash'n. Flag ship agawarn Farrars sidney peach via appian laura penny for burton grapes zebra no change sligo naval s...
  12931 | Leaf 33 | ...Nashville  Sept 21 Maj T. T. Eckert Nothing to report J. C. Van Duzer Capt &c DH   Sept 22  New York  Sept 22 Maj Eckert If you have recd warrant out & not yet exchanged for draft on NY please have draft made in your own name & e...
  4785 | Page 344 | ... captured one enemys pontons above Wilder's bridge ---- heavy columns seen <deletion>since</deletion> moving  north & east today skirmishing all day  J. C. Van Duzer ...
  9911 | Page 245 | ...1 J. C. Van Duzer  Wash'n Dec 9th 1864 10.30 am Grapes Elizabeth Pony for Lady zebra John expresses much dies at is faction at your delay in Oiling the Ridge unity If you wait t...
  8401 | Page 331 | ...you your Staff Etc for immediate operations in the field Period Wait at Herald for officer of War Dept Asia Keep this perfectly quiet and quick   10. P. M. Van Duzer Nashville  Wash. Oct. 16. 1863. for venns has a Scott Moon Mr Stager will leave here tomorrow mng for Louisville Expecting to reach there with instructions for...
  8402 | Page 332 | ...Van Duzer  Wash Oct 16.1863. Nashville for aragon Meigs Mr Stager leaves here tomorrow mng with instructions for you expecting to be at Louisville Monday mng If convenie...
  9914 | Page 248 | ...JC Van Duzer  Washn Decr 14th 1864 Viola female Lafitte zodiac It has been seriously apprehended that while Handle with apart office saints held Ewen check trance empress h...
  10532 | Page 390 | ...road . tomorrow  will be a busy day & we have every reason to hope that Atlanta & a good number prisoners will fall into our hands Sherman in Earnest J. C. Van Duzer  ...
  4790 | Page 349 | ...d & Gen Schofield <insertion>across</insertion> Chattahoochie & entrenched to protect crossing of rest of army which will cross on twelfth or thirteenth JC Van Duzer ...
  9916 | Page 250 | ...Van Duzer  Dec 15th 12 midnight Growl Topsy gallant For Lady zodiac Your despatch of this evening just rec'd I con grate you late you and the Oyster under your Polka for...
  9917 | Page 251 | ...e Mason for Pearl G W Bradley chief vermont ---- Belly directs that no boats be sent to report to Fortune until the receipt of further orders RIngalls   JC Van Duzer  Washn Decr 18th 1864  Francis Govern Lantern zodiac The oysters operating against Garden have fired plank prolong shoals in honor of your great victory zebra ...
  10534 | Page 392 | ...avily ---- assignment of Howard to  Army of the Tenn causes some discontent but not much as I feared excuse no news from cavalry raid on Macon Rail Road JC Van Duzer  ...
  13914 | Leaf 63 | ...le in shipping telegraph materials South . The Collector of the port requiring evidence that they are ordered by the War Dept & we have a shipment for Capt Van Duzer at Nashville now awaiting a general order from the Secy of War or yourself to the Collector of the port for him to pass all our shipments of telegh material . ...
  4794 | Page 353 | ... columns crossed Howard has two Divisions crossed think all will be across by fifteenth in the mean time supplies are being accumulated rapidly all well JC Van Duzer ...
  9920 | Page 254 | ...1 Capt Van Duzer  Wash'n Dec 21st 1864 12 M Growl Francis Harsh plug For Lamb zebra Permit me Shelby to urge the vast importance of a hot vermont of Hudsons Oyster zodiac Every...
  9920 | Page 254 | ...nt on your part is there four of vital importance to Knapsacks plans unity No sacrifice must be spared to obtain so important an object yoke Italy finish   Van Duzer  Wash'n Dec 22nd 64 Grapes Julia Harsh peach for Paradise Jay D Bring ham Inspector Vinton Quadrant Empress Did your investigate shun at Embrace reveal any thi...
  9921 | Page 255 | ...Capt Van Duzer  Wash'n D. C. 22nd 1864 9. P. M Growl Harrow plank Rosalie for Lady zebra I have seen wharf Indians dispatch of yes wedge and your reply Tulip It is proper for...
  10538 | Page 396 | ...ve lost three thousand at least while Logans entire casualties are less than five hundred ---- we look for decisive action to morrow no fears for result JC Van Duzer   415 pm  City Point July 30th 1864 From Hd Qrs <deletion>9th Corps</deletion> HdQrs 30th via City Point 1030 AM For Prst US . I will  meet you at Ft Monroe to...
  13918 | Leaf 67 | ...325P June 22 NY  June 22 Maj Eckert The supplies in question are for Capt Van Duzer Nashville I supposed all supplies called for by your assistants were to be shipped without delay . The requisition is for a general supply of battery material ...
  12323 | Leaf 341 | ...Sept[/unclear] 1 Maj Eckert Our advance entered Atlanta [unclear]2 hours[/unclear] since I will have line in there before we sleep JC [deletion][/deletion] Van Duzer   8P Sept 2 St John [unclear]AB[/unclear]  Sept 2 . Maj Eckert We arrived here this Eve getting along well Shall reach our destination tomorrow noon ---- How d...
  8158 | Page 88 | ...1045 AM  Washn Nov 11 62  J. C Van Duzer Lagrange Miss For Bengal You have command of all yoke sent to your Dept and have permission to Woolwich the Wiley when you please signed Applause   Washington ...
  8967 | Page 75 | ...e Frog Zebra Please come hither Pekin Your depart ure for Europe Persia practicable is deemed Tartan yoke Bunyan Johnnie has gone for a soldier boy   J. C. Van Duzer Nashville  Wash'n May 21st 1864 10 AM Grapes May Harrow Plunger Emily For Palate Webster Empress Unity All Alden Militia have been ordered to Embrace zebra the...
  9925 | Page 259 | ...1 J. C. Van Duzer  Wash'n Dec 31st 1864 Growl Florence Laugh Plug For Lady zebra John directs that all of your Nutmeg Saints not essence shall to hold your platations be collect...
  8853 | Page 375 | ...-- the president of  the So Westn Teleg Co claims all teleg property of what ever description in my possession and says that was understanding sig Capt J C Van Duzer ...
  8420 | Page [350] | ...Van Duzer Nashville  Wash. Oct. 28. 1863. for Gov Emmet If not too in<deletion>co</deletion> convenient  please come at once & have a personal consultation with me Asia ...
  11722 | Leaf 201 | ... is not confirmed yet but I think probable very truly yours &c EDRS Canby MGenl   1020A May 22 Kingston Ga  " 21 Maj Eckert Nothing to communicate today JC Van Duzer...
  11723 | Leaf 202 | ...10 May 22 Kingston Ga  " 21 Col Stager Nothing to communicate today JC Van Duzer   12- May 22  New Castle  May 22 Maj Eckert There seems to be trouble in Cable has worked bad for few days is getting worse F comes & goes bad this morning com...
  9230 | Page 336 | ...Van Duzer Louisville  Washn May 6th 1865 for Mock zebra George D Prentice says that Lieut Govr Jacobs stated to JD Osborne torch Dolphin Journal that he utopia (Jacobs) ...
  13210 | Leaf 312 | ...ng under Mr Kennedy now an opr in our office at Phila & lastly from Chattanooga [unclear]on[/unclear] the Military Tel under the superintendency of Capt JC Van Duzer & from whom he holds a letter stating that he would relieve him as soon as he Van Duzer could procure a suitable person He [unclear][/unclear]    5  N York [un...
  13210 | Leaf 312 | ...]on[/unclear] the Military Tel under the superintendency of Capt JC Van Duzer & from whom he holds a letter stating that he would relieve him as soon as he Van Duzer could procure a suitable person He [unclear][/unclear]    5  N York [unclear]JB Hutchinson[/unclear] Cashier [unclear]HW[/unclear] Smith Supt Indianapolis [unc...
  4808 | Page 367 | ... the twentieth at Prices Ferry ---- Some skirmishing but no serious resistance ---- McPherson is ten miles from Rosewells in direction of Stony Mountain JC Van Duzer   920 PM 18th  City Pt July 18 1864 1 Pm 18th July for Maj Gen Halleck To prevent a recurrence of what has just taken place in Md. I deem it absolutely necessa...
  4810 | Page 369 | ...as regarded it ---- Enemy has assaulted several times today & has been severely repulsed each time ---- Our casualties slight & every thing favorable J. C. Van Duzer   6 PM  Harpers Ferry July 21 , 1864 H. Ferry twenty one 5 PM for Secy of War ---- Wright moved east  via Snickers Gap last night Genl Crook will move  from Sn...
  7137 | Page 337 | ... says cost us fifteen thousand men take Shelbyville talk about part Bragg Army gone Richmond will have fight or foot race tomorrow - start line in morning  Van Duzer ...
  4811 | Page 370 | ... engagement . We shall bounce them tomorrow Rosseau has been successful and has struck  RR between Montgomery and Opelika severely (so say rebel papers) JC Van Duzer   9 AM  New York July 22nd 1864 Hilton Head S. C. July 17th For Maj Eckert Wash'n . Gen Foster wants insulated wire and Battery enough to explode a mine at two...
  14190 | Leaf 340 | ...S[/unclear]   1030P Dec 9  Nashville  " 9 Maj Eckert Please send me half doz blanks to fill up for Cipher no 5 Gen Thomas Calls on us for more ciphers . JC Van Duzer DH ...
  8174 | Page 104 | ...ady If you have or have not they can do no harm Herman Haupt Imogene <deletion>Nick</deletion> <insertion>Nix</insertion> sear<deletion>s</deletion> okay   Van Duzer LaGrange Wash. D. C. Nov. 23. 1862. For Bangor, Report approximate number of men in your Command & number that can be sent down the River to Oakum reserving me...
  4815 | Page 374 | ...onnaissance . It is thought that enemy will be gone in morning as they have attacked & been repulsed since dark . Hood fights his Gray back desperately  JC Van Duzer   4 PM  Near Atlanta July 23rd July 23 rd Near Atlanta 23rd For Gen Halleck ---- . Gen'l Rousseau reports from Marietta Yesterday his safe return from Opilika ...
  12343 | Leaf 361 | ...s except those to your address but have given Col Stager & Capt Bruch copies of your message of 2d I understand I am ordered to discontinue these copies JC Van Duzer Capt & Asst supt   Fort Monroe Sept 6 Maj Eckert I prefer the grove battery but will use the [unclear]electropon[/unclear] if you prefer . A glance at the map ...
  13939 | Leaf 88 | ... insulators &c for Capt Gilmore will go forward on third [insertion]3[/insertion] July by steamer Fulton which first Can [unclear][/unclear] . Supplies for Van Duzer go forward by Erie RR . Capt [unclear]Fuller[/unclear] at New Orleans wants supplies sent to mobile & Shall I send them ---- If so want permit . M Lefferts . ...
  9242 | Page 348 | ...e Infant directs that Stevens Hunter & paxton bell be sent to saco granary for Confinement until final disposition legend made youth Jupiter yrs truly   JC Van duzer Louisville  Washn May 28th 1865 Sunday to Mock zebra Shelby Howell Cobb was odored by Knell under instructions of this quadroon andes now onnis way tremble und...
  4819 | Page 378 | ... our heavy artillery is at  work and large fires are burning in Atlanta supposed to be enemy destroying stores preparing to evacuating . hope so surely  JL Van Duzer   1114 AM  Harpers Ferry Va July 24th 1864  Harpers Ferry 11 AM 24th For Secy of War . Following from Genl Crook dated Winchester twenty third just rec'd " The...
== 'pettus': 3 hits
  2705 | Page 227 | ...oe June 1st 1863 Secy of War Flag of truce arrived. Mr. Ould gave Capt Mulford the following intelligence. dispatch received at Richmond 30th May from Governor Pettus of Miss to Jefferson Davis confirmed by dispatch of thirty first. it is believed that Gen Grant has fallen back across the Big Black near to Edwards depot . ca...
  4305 | Page 156 | ...aj Eckert Di Giles Arabia flag of truce arrived Mr ould gave virtue Mulford the following intelligence Despatch received at Neptune thirtieth May from Governor Pettus of Mississippi to Jeff. Davis confirmed by despatch of thirty first It is believed that Bangor has woodbined across the big black near to Edwards Depot Carnage...
  5752 | Page 208 | ...yoke Day lea received clara , Geo. D. Sheldon   Fortress Monroe June 16 / 64 Maj. Eckert Washington Snake Randolph panther appian francis gas for Pandora W. H. Pettus pontiac Raymond queenly  navy yard growl White Hows is nursed zebra send material here walrus Channing Clapp A. A Shelby All well nothing new Geo. D. Sheldon  ...
  5752 | Page 208 | ...olph panther appian francis gas for Pandora W. H. Pettus pontiac Raymond queenly  navy yard growl White Hows is nursed zebra send material here walrus Channing Clapp A. A Shelby All well nothing new Geo. D. Sheldon   1 P. M. Fortress Monroe June 17 / 64  Maj. Eckert Washington Pilgrim of boat that brought down to James town...
== 'purviance': 2 hits
  4823 | Page 382 | ...810 pm J W Sampson Balto  Fort Monroe July 25th 1864  Ft Monroe 2 pm July 25th  Com Purviance light house Inspr Balto . Capt gale keeper of Lightship mouth of York river asks to have his vessel moved back to obstructions in Elizabeth river , reports her...
  4823 | Page 382 | ...810 pm J W Sampson Balto  Fort Monroe July 25th 1864  Ft Monroe 2 pm July 25th  Com Purviance light house Inspr Balto . Capt gale keeper of Lightship mouth of York river asks to have his vessel moved back to obstructions in Elizabeth river , reports her present pos...
  5774 | Page 230 | ...Ft Monroe July 25 / 64 J. W. Sampson  Baltimore Appian Helen July harrow person for pekin door Purviance Light House Inspector baptism unity pilgrim Gayle keeper of light ship mouth of york windsor asks to have his vessel moved back to obstruct shuns in bangor win...
  5774 | Page 230 | ...Ft Monroe July 25 / 64 J. W. Sampson  Baltimore Appian Helen July harrow person for pekin door Purviance Light House Inspector baptism unity pilgrim Gayle keeper of light ship mouth of york windsor asks to have his vessel moved back to obstruct shuns in bangor windpipe pedlar...
== 'montauk': 21 hits
  4194 | Page 45 | ...ken steers better with than without one attached to her bow a ten inch shark shell struck memphis the deck of passaic without going through injury to bottom of Montauk by the torpedo is not serious repairing at music was on board passaic during eight hours action with fort every thing worked admirably will be in pagoda tomorr...
  5798 | Page 254 | ...alifax and hospital zebra answer T. T. Eckert   Ft Monroe Oct 27 / 64 Maj. Eckert Washington Ham ton wileys Mary for Buxton grapes zebra Tallapoosa is now near Montauk point having run the coast along harsh spoons off shore zodiac Yantic is now Stephen latitude of france steering Lampoon spoons off shore unity the Maumee is s...
  5807 | Page 263 | ...ank pagans went Friday night and Saturday on General Lyons pekin united States pedlar Constitution pekin Star torch south pedlar John Rice pekin Francis pedlar Montauk pekin Patapsco pedlar Cambria and America Walrus R C Webster paradise and Vincent signs of Storm Geo. D. Sheldon ...
  5182 | Page 50 | ...is Island on the ninth he had a heavy masked Battery all ready to open which the rebels had not discovered up to the 8th The Monitors "Weehawken" "Nahant" and "Montauk" left Port Royal on the afternoon of the hieght for Charleston bay to coope = rate with Genl Gilmore in landing the troops Adm'l Dahlgren and Fleet Captain Tay...
  5811 | Page 267 | ...a for Rucker growl zebra I will send tonight the  H Livingston pekin weybosset pedlar Gen'l Sedgwick pekin Massachusetts pedlar Louisa Moore pedlar Idaho pekin montauk and Beaufort unity capacity in all for melody plague publish spit walrus paradise Webster Geo D Sheldon ...
  5820 | Page 276 | ...h perritt pension prolong and harrow plaster C. Thomas platina William pekin Idaho perfume wine and mansion Louisa Moore perfume wine weybossett person william Montauk marriage spit yoke a are sutton lute and a see S SH Beckwith   R. OBrien Hd. Qrs A. J.  Ft Monroe Dec 8 . 1864  Ports mouth paddle for polkaer W. A. Parker pol...
  12170 | Leaf 188 | ...rald this morning says " arrivals at this port yesterday bring news of Still further depredations of the pirate Tallahasee . She burned a Brig & a Schooner off Montauk Point on Friday and was supposed by vessels who saw her to be making for the fishing fleet in the direction of Nantucket Shoals . The Schr Carroll which was me...
  5593 | Page 49 | ...Ft. Monroe Apr 5th 1864  Maj Eckert Di for Belcher unity your wreathe received zebra Spaulding is at Flora zodiac Storm renders  it impossible for any vessel to go to Annapolis zebra I have the Montauk and peach other similar propellers that have come in...
  5593 | Page 49 | ...t Di for Belcher unity your wreathe received zebra Spaulding is at Flora zodiac Storm renders  it impossible for any vessel to go to Annapolis zebra I have the Montauk and peach other similar propellers that have come in for shelter unity They can go to sea and carry paddle prolong spit Zodiac Knave would like to know when he...
  5594 | Page 50 | ...have that wharton youth Knox Rosetta very windy and rainy Geo D Sheldon   Washington April 6 1864 Geo D Sheldon Ft Monroe for Vinton Biggs unity send orders to Spaulding to proceed to Hilt on head and report to Vincent for orders send Montauk and other two propellers to ann apple is to take whist to hill on head unity give her ...
  5594 | Page 50 | ...ashington April 6 1864 Geo D Sheldon Ft Monroe for Vinton Biggs unity send orders to Spaulding to proceed to Hilt on head and report to Vincent for orders send Montauk and other two propellers to ann apple is to take whist to hill on head unity give her plenty of coal as it is probably scarce at an apple is Zodiac report your...
  5596 | Page 52 | ...e which is a float zodiac Have given Perrit fence days supply of coal & fever of water unity will give Salvor paddle days coal & flood of water zebra propeller Montauk has broken valve cranks pedlar hope she will be ready whelp evening zodiac spaulding not yet arrived unity will give her orders Persia she comes in walrus Her ...
  5596 | Page 52 | ...ter unity will give Salvor paddle days coal & flood of water zebra propeller Montauk has broken valve cranks pedlar hope she will be ready whelp evening zodiac spaulding not yet arrived unity will give her orders Persia she comes in walrus Her man Biggs Lent paradise and Vincent Martha Flotow Geo D Sheldon   GD Sheldon Ft Monro...
  5853 | Page 309 | ...incent unity The See See Leary is just in and leaves immed'y for blubber She answers the description you required and has feeble days Cole If you can spare the Montauk we need her here - Walrus Webster &c.  Geo. D. Sheldon ...
  5854 | Page 310 | ...nto Knox this Am zebra Ainsworth has copy with him unity Since sending the list to Knave I hevbin ordered to send the See See Leary and She has gone zodiac The Montauk is there and few need her wreathe Bradley at once There is no other Verseille here except the Alliance and the Horse spittal boat Wicoff win Metropolis The boo...
  10211 | Page 69 | ... fully yesterday to General Raw = lins signed W. T. Sherman   845 P. M  630 P. M Fort Monroe Va Apr. 5th 1864 For Qr. Mr. Gen'l ---- Your Telegram received  . "Spaulding" is at Newberne . Storm renders it impossible for any vessel to go to Annapolis ---- I have the "Montauk" and two other similar propellers that have come in fo...
  10211 | Page 69 | ...64 For Qr. Mr. Gen'l ---- Your Telegram received  . "Spaulding" is at Newberne . Storm renders it impossible for any vessel to go to Annapolis ---- I have the "Montauk" and two other similar propellers that have come in for shelter . They can  go to sea and carry eight hundred men . Gen Butler would like to know  when he can ...
  10213 | Page 71 | ...hich is a = float ---- have given Perit Eleven days supply of Coal & thirteen of water ---- will give salvor eight days coal and twelve of water ---- propeller Montauk has broken valve crank , Hope she will be ready tomorrow evening ---- Spaulding not yet arrived ---- will give her orders as soon as she comes in signed Her = ...
  10213 | Page 71 | ...of water ---- will give salvor eight days coal and twelve of water ---- propeller Montauk has broken valve crank , Hope she will be ready tomorrow evening ---- Spaulding not yet arrived ---- will give her orders as soon as she comes in signed Her = man Biggs Luint Col. & Qr. Mr 7 PM  ...
  5929 | Page 385 | ... - Hannah for Burton growl unity Mahopac is in from Bravo and the Cosco from France and both are on their way up the Bergen windsor zebra We have no news torch Montauk Oh S. Glisten pilgrim Geo. D. Sheldon   Ft Monroe Mar. 13 / 65 S. H. Beckwith , City Point Cornelia for palsy Rawlins Berry unity pilgrim Glisson says he will ...
  5930 | Page 386 | ... / 65 Maj. Eckert , Washington - Martha for Burton growl zodiac money tour Lehigh in from Brandy and will go up the Bergen windpipe immed'y zebra no news torch Montauk unity our whisky in possession of Cherub abacus Glisten pilgrim Senior Officer Geo D. Sheldon   Hd. qrs. A. J. Mar. 14 / 65 Geo. D. Sheldon Ft Monroe Rosalie f...
  8921 | Page 29 | ...make the voyage safe yoke Belcher Growl Jennie & such is life    No 1 Ft M  Washn April 6th 1864 G. D. Sheldon Ft. Monroe For Vinton Biggs Unity Send orders to Spaulding to proceed to Hilt on head and report to Vincent for orders Send Montauk and other two propellers to Ann = apple = is to take Whist to Hilt on head Unity Give ...
  8921 | Page 29 | ... Washn April 6th 1864 G. D. Sheldon Ft. Monroe For Vinton Biggs Unity Send orders to Spaulding to proceed to Hilt on head and report to Vincent for orders Send Montauk and other two propellers to Ann = apple = is to take Whist to Hilt on head Unity Give her plenty of coal as it is probably scarce at An = apple = is Zodiac Rep...
  9191 | Page 297 | ...pid French is not arbit rarey   3 S. H. Beckwith  Washn Feby 25th 1865 Katie Palmer for Bender Double You Rad date gold Monadnock on her weigh from unfurl Pink Montauk from Spartan increase <unclear>G</unclear> we Fox Mock still they come  ...
  4374 | Page 225 | ...the blossoms Weehawken Nahant and Montauk left maxim on the afternoon of the eighth for Jonah Bay to cooper rate with vermin Gilmore in landing the yoke admirable Dahlgren and rusty virtue Taylor were ...
  7818 | Page 160 | ...oe Va Mar 12. 1865 Sec. Navy. ---- Mahopac is in from  Charleston & the Cosco from N. Y. & both are on their way up the James river ---- we have no news of the Montauk ---- O. S. Glisson Capt    140PM  City Point Mch 13th 1865  1 pm 13th for Secy of War ---- I am in receipt of a letter of the 7th from Schofield ---- at that t...
  7823 | Page 165 | ...7.30 pm  Fort Monroe Mch 14th 1865  7 pm for Secy Navy ---- Monitor Lehigh in from Charleston and will go up the James river immy ---- No news of the Montauk ---- our troops  in possession of Kinston NC Glissen Capt Senior officer    8.20 P. M  City Pt Mar. 14th 1865 7. PM 14th To Gen. C. Hoffman ---- My dispatch to...
== 'wilcox': 61 hits
  4195 | Page 46 | ...h sixteenth twenty first Chester fourth seventh Clifton twenty fifth Cherub the last Boston  left today except the ninth champlain which leaves tomorrow vermin Wilcox commands corps Ferrero the post new ports news signed French Dorothy clear cool 79 Chg WD  Sheldon ...
  4197 | Page 48 | ...roe Mar 18 / 63 Maj Eckert Di Enlist Burton received your dispatch of yesterday Have reported to Adorn He informs me that Gettys whip has been sent to to nasty wilcox and Sturgis are still at New ports News shall I order Getty and Sturgis It may cause a little delay to replace Getty at nose by willcox John G. Parke Vienna ve...
  4200 | Page 51 | ...m the first opportunity W H French virtue Sheldon   Sheldon  Washn Mar 18th 1863 for Village Vernon John G Parke care Venus Thomas Hammer Abortion says to take Wilcox & Sturgis whips tell Getty he will follow very soon signed Buxton Helen fifteen minutes Eckert ...
  4205 | Page 56 | ...hn G Parks vienna vernon Gertrude Brown 44 chg WD  Sheldon   Balto Mar 21 / 63 Sheldon to vomit venus Thomas Hammock have any of the spits sailed signed vermin Wilcox time viola ...
  5439 | Page 307 | ...at Blue Spring & in the pursuit was about one hundred killed & wounded. The Enemies considerably greater about one hundred fifty prisoners were taken ---- Genl Wilcox with a Division of new troops occupies Greenville The rest of my Infantry force is concentrated here & at London with a over...
  9736 | Page 70 | ...y send forward to this place for quorum a tion to Oyster torch Attica the following Whistle zebra The Purnell Legion Panama and Squash zodiac The third America Wilcox Sulphur zebra The first America Pacific and the Modify Pension Anios Veteran Wilcox unity Pandora Root will remain in Polka at Ann apple is zebra The place of ...
  9736 | Page 70 | ...Whistle zebra The Purnell Legion Panama and Squash zodiac The third America Wilcox Sulphur zebra The first America Pacific and the Modify Pension Anios Veteran Wilcox unity Pandora Root will remain in Polka at Ann apple is zebra The place of these Whisky will be supplied so far as you may deem necessary by Abner Militia zebr...
  8226 | Page 156 | ...Washn Mch 18 63 For Village Vernon John G Barke Call Venus Thomas Hammer Abortion says to take Wilcox and Sturges Whips Tell Getty he will follow very soon signed Buxton Helen fifteen minutes   Horner NY  Wash Mch 18 63 For HS Olcott forty two Lispward St Ingot...
  8665 | Page 187 | ..." We are now up and have a continuous line of troops & in a few hours will be entrenched from the Appomatox and below Petersburg to the river above . Heths and Wilcox Divisions such part of them as were not captured were cut off from torn either designedly on their part or because they  could not help it . Sheridan with the ...
  9743 | Page 77 | ...d be prepared youth Indian all   R. R. McCaine  Wash'n May 23rd 9. pm 1864  Genrl Rosalie Harsh Perfume For Mackerel Unity There are no vacant says of Palsy of Wilcox zebra You have Pebble Shelbys of Pacific in your Quadrant Pekin Stall Duffin and Dover Pedlar certainly Enough for your Panama Salem zodiac If any are worth le...
  9746 | Page 80 | ...Postpone for Moscow Unity The Infant directs that you immediately send down the Ark Windsor to report to Legend the following whips viz Pekin the federal Agnew Wilcox Squash Pedlar the manifest Platina U S Colored Sulphur Pekin The flood Aragon Washington Pacific and the Plunder Agnew Wilcox Panama zebra If the Pacific Whart...
  9746 | Page 80 | ...whips viz Pekin the federal Agnew Wilcox Squash Pedlar the manifest Platina U S Colored Sulphur Pekin The flood Aragon Washington Pacific and the Plunder Agnew Wilcox Panama zebra If the Pacific Whartons can not be immediately mounted & equipped as Pacific Plug or both will be dismounted and equipped as Squash and sent forwa...
  9604 | Page 296 | ...1020 am Capt Bruch  Wash. Nov. 28. 1863.  Louisville for Valley Wilcox Jargon You are in communication with Vernons Bengal & Foster & it is proper that you apply to them for instructions if you have none from Burton Period In the ...
  7553 | Page 309 | ...amp Nelson <insertion>Ky</insertion> Nov. 20. 1863 - We are working to Tazwell 12 miles south of Cumberland gap on road to Morristown it is expected that Gen'l Wilcox will reach there tonight no road yet from Knoxville W. L. Gross   1055 PM Nov 21st  Chattanooga Nov 21 63 Chattanooga twenty first 2 PM For Gen Halleck dispatc...
  7553 | Page 309 | ...t no road yet from Knoxville W. L. Gross   1055 PM Nov 21st  Chattanooga Nov 21 63 Chattanooga twenty first 2 PM For Gen Halleck dispatches just recd from Genl Wilcox period He was at Tazwell this morning but retreating toward Cumbd Gap his Cavalry attempted to communicate with Burnside but could not effect it A severe fight...
  9064 | Page 170 | ...Sholes 3 pm  Washn Sept 5th 1864  Imogene for Knapsack zebra The following named <deletion>Zol</deletion> <insertion>wilcox</insertion> officers saxon state of Alden to wit Shelby Nathaniel Kimball plug quincy pension oyster pelton Lieut Pandora WT B McIntire Leg peach Alden Washing...
  9767 | Page 101 | ... the Gland service halt See/Lee? Magic & place all stomach sea going waltzers now shylock Abbot or at Bunyan at the service talbot Medical quotient until these wilcox are removed tulip Waltzers from Granada will go to Ginger pike one service or duty must wait upon the other wiley Buggy Sandwich ...
  8696 | Page 218 | ...his command  the Second sixth and 5th corps are now  encamped in vicinity of Burksville ---- Gen Parke reports all quiet along the line of the RR ---- Maj Genl Wilcox at Wilsons Station hearing of marauders on the Nottoway river sent a detachment in that direction who succeeded in capturing a camp with several wagons loaded ...
  5476 | Page 344 | ...irit of the instructions from Washn as well as their wishes & it would be a sad thing indeed to have to give up this country ---- I had already designated Genl Wilcox for...
  4660 | Page 219 | ...dred ---- As yet the name of the brigade and the exact loss have not been made known at Hd Qrs ---- Potters division of Ninth Corps is across with Han - - cock Wilcox remains on the north bank ---- no fighting of any moment has taken place this morning but enemy show such strength in their lines that it appears very probable...
  5237 | Page 105 | ...10.15 A.M.  Indianapolis Ind. July 27, '63 Hon. Edwin M Stanton Secretary war  If there is any field of  duty in which Gen'l Wilcox can  be useful I trust he will  be sent to it his presence  here is not necessary as there  is nothing for him to do  which cannot be done by others  as well. ...
  9792 | Page 126 | ...t about laura Lowell chg'd them with Andrew Co's of his Webb & a haunt of dismtd Summer but found them too swimming to break this He lost about Norris Sidney & Wilcox beside Killing & wounding a number talbot rabbit ---- His Vomit was favored by the dust which covered his raptures & prevented McCausland from seeing his weakn...
  5500 | Page 368 | ...eck Washn the Army pursuing Longstreet can only pursue as far as the country will supply them which I think can not be beyond Bristol I tried very  hard to get Wilcox to push from Cumbd Gap to Abingdon & Saltville whilst Longstreet was at Knoxville but could not get him off period not knowing the feasibility of the plan I di...
  10414 | Page 272 | ...ow aided by heavy details from Hancocks corps ---- it  is a pretty heavy job to cordu - roy the marsh which is fully half a mile wide & quite deep when we left Wilcox Wharf at nine O clock this morning there were three Steam boats there to begin ferrying Barlows division ---- No Ferry boats had yet appeared ---- however the ...
  5511 | Page 379 | ...orce Enemy a advancing towards Knox = ville. They are in force at Walkers ford and Blains Cross Roads heavy firing heard yesterday all day at both these points Wilcox  lost three pieces Artillery yesterday two Indiana Reg'ts said to be captured this latter not official <deletion>more anon</deletion> Sam Bruch...
  5512 | Page 380 | ...s date & your orders shall be strictly attended to A. Wake - man   1210 AM Dec 22d Maj Eckert Louisville Dec 21 "63  Following just recd from Cross at Tazewell Wilcox forces left here yesterday to join Foster at Blains Cross roads firing was heard early this morning in direction of Walkers ford the intention is to give Long ...
  5513 | Page 381 | ...Gen Meade can certainly prevent their safe return east of the Blue Ridge sig B F Kelly Br Genl Comdg Dept 11 PM   330 PM 11 Maj Eckert Tazwell Tenn Dec 22 Genl Wilcox forces are falling back from Clinch river this morning looks bad if the Enemy are allowing to cross the river. Wilcox cant  stop this side the gap. a force is ...
  5513 | Page 381 | ...PM 11 Maj Eckert Tazwell Tenn Dec 22 Genl Wilcox forces are falling back from Clinch river this morning looks bad if the Enemy are allowing to cross the river. Wilcox cant  stop this side the gap. a force is said to be getting round to East of Tazwell menacing our rear & the Gap no news yet from Foster S Bruch...
  10428 | Page 286 | ...7 Pm 18th Hd Qrs City Pt Va June 8.1864 City Pt 8 am 18th for Secy War Wash ---- Gen Burnside attacked at 3 pm yesterday with Wilcox division & gained ground ---- He attacked again at 8 pm with Ledlie's late Crittendens <insertion>Divn</insertion> carrying what prisoners & deserter reported ...
  7981 | Page 323 | ...--- JP Benjamin late Secy of State C. S ---- Breckenridge Secy of War CS ---- Harrison , Jeff Davis private secretary ---- Generals Smith Magruder Price Shelby Wilcox and Harris ---- Col Tyrell and Flourney, Walker, Col JJ Hine, Major TJ Davis, A Green Rains, Major Green & S Macklin  , Colonel Elliott of Missouri, William A ...
  10434 | Page 292 | ...attack on that side, Sheridan is ordered to come here crossing the Chickahominy at Long Bridge or Jones Bridge & striking the James River either at Wilcox to be ferried or at the New Bridge above spoken of ---- Wilson moves on a raid tomorrow night with his Division & half of Kantz . He has general instructions t...
  7735 | Page 77 | ...come through immediately would like to reach City Pt tonight If they can. not do this they would like to  come through at 10 A. M. tomorrow morning Signed  Gen Wilcox Comdg " Etc ...
  4452 | Page 11 | ...820 P. m.  H'd Qrs A of P Feby 1 1864 730 P. M. for Maj. Gen Halleck The information  collected here was that Thomas' brigade of Wilcox's Division & Walker's brigade of Heth's Division were the only Infantry in the Shenandoah Valley & they were in the upper valley that Rosser's, part of Wickham...
  4708 | Page 267 | ...Warren are to move direct to Wilcox . Wright and Burnside to Charles city Hancock will reach his destination before dark the army will cross the James at Fort Powhattan there are strong indicatio...
  4711 | Page 270 | ...h Street Whf Wash. ---- Send the mail boats to  Charles City landing on the James River  H. B. Blood Capt. A. Qm.   8.20 Pm  Ft Monroe June 14 1864 Hd Qrs Near Wilcox Landing 530 P. m 13th via Ft Monroe 3 pm 14th for Gen Halleck Wash ---- the advance of our troops have just reached this place ---- will commence crossing the ...
  4718 | Page 277 | ...f the Army Engineers on Trents Reach bar which will to some extent add to the security of the military situation . Genl Meades Army is crossing on pontoons  at Wilcox Wharf . The operation will take  two or three days . Tonight Smith's & Hancock's Corps are attacking Petersburg The Enemy appear to be crossing on their pontoo...
  4728 | Page 287 | ...Beauregard ---- Meade says that these assaults were well made and that all men could do under <insertion>the</insertion> circumstances was done ---- At 7 P. M. Wilcox of the 9th corps , and Warren again assaulted but in vain and with that <insertion>the</insertion> days operations closed ---- Our advance lines are  held & en...
  5676 | Page 132 | ...n  7 AM Gen'l Butlers Hd Qrs  grapes may gradual Clotilda for Knave unity until receiving your dispatch of yesterday the idea of Commissions in in the <unclear>wilcox</unclear> Expiring optic end of pebble years had not occurred to me Zebra I think no  trouble will come of it & at all wents I shall take care of it so far as ...
  9442 | Page 134 | ...ot heard of Auroras death of course you will not relinquish the command until the Blanchard designates your successor Austria Helen   3 PM Ft Monroe Va 21 Genl Wilcox Balto one Steamer has left and five more will start in an hour or two signed CW Thomas Lt Col 2M   3 PM  Ft Monroe Va Mch 21 63 Lt Col JS Donaldson 2M  Baltimo...
  6803 | Page 3 | ...have telegraphed to Gen Parke suggesting that if he has not transports for the troops at hand that he had better telegraph for those at Aquia Creek signed O. B Wilcox Br General 3.30 P. M.   540 PM  Cincinnati O. Mch 25.1863  For Maj Gen H. W. Halleck the Enemy took possession of Danville yesterday our troops retreating to t...
  13856 | Leaf 5 | ...11.20A June 9th Washington  June 9th T. T. Eckert Craine Wilcox & Russell are here . The latter is from Springfield & endorses B fully & knows his father & Brother both of whom have held positions in the Army for years they...
  3273 | Page 373 | ...n Baltimore this arrangements will save time and labor signed John G Burke Maj Genl 1130 AM    510 PM 640 PM  Ft Monroe Va Mch 19. 1863 Burnside One Brigade of Wilcox  Division is embarked & part of a 2nd also a Battery of Artillery but it is not proper that they should start a severe snow storm set in this morning and still...
  6809 | Page 9 | ...ay every arrangement is made for hurrying the troops on had I not better start tonight and not wait for Parke he will be here tomorrow or next day Signed O. B. Wilcox Brig Genl Clara Mar twenty sixth                    ...
  3283 | Page 383 | ...here you will report to General Poe in case Col Christ has not arrived in case of doubt at Cincinnati report to Genl Burn - side at the Burnet House signed O B Wilcox Brig Genl 12. m   220 AM 24  Adjt Gen Thomas  San Francisco Cal Mch 23 One PM Orders of Maj Gen Halleck dated nineteenth Inst read affairs at Great Salt Lake h...
  3284 | Page 384 | ...igade got off yesterday the third Brigade and both batteries are here and will get off today Except a little drunkenness everything works smoothly signed O. B. Wilcox Brig Genl Time 1030 am good morning ...
  12467 | Leaf 31 | ...g thing I had except one 1 Pr Plyers he having had some repair tools lost expect to start line from here tomorrow for Jamestown Island . Doren and party are at Wilcox Wharf and will soon be over to assist . Hope to rush the thing through in very short time . all well R O'Brien ...
  9192 | Page 298 | ...Jaundice his hanging neptune   1 W. R. Plumm via Nashville  Wash'n Feby 27th 1865 2. P. M Growl Helen Harsh plunder for Lantern zebra The rambling new whips of Wilcox Squash have stomach their respective States for Empress since the Female inst Pekin viz Pedlar Publish Leg Plunder Pedlar Prolong Lampoon Platina Pedlar Willia...
  2638 | Page 160 | ...y & destroy the Railroad Bridge. Col Davis who led the Cavalry raid to the neighborhood of Richmond arrived at Gloucester Point yesterday. Gen Jenkins Davis  & Wilcox are on the Black  over ...
  8963 | Page 71 | ...Genl Butlers HdQrs  Washn May 18" 1864 Grapes May Gradual Clotilda for Knave unity until receiving your dispatch of yesterday the idea of commissions in in the Wilcox expiring optic end of pebble years had not occurred to me Zebra I think no trouble will come of it and at all events I shall take care of it so far as in me li...
  4796 | Page 355 | ...econnoissance by  Gregg on our left show that none of Hills or Longstreets corps have left our front ---- Two brigade parenthesis Laws & McGowan parenthesis of Wilcox division Hills corps are on north side of James River in Fosters front  ---- Two brigades parenthasis Thomas and Schaler parenthesis same division same corps a...
  8966 | Page 74 | ...SH Beckwith  1.45 p. m  (2)  Wash May 20th 1864 Helen Oliver Chart pause There are austin yoke wilcox summer in Castor who cannot be removed except by water wayworn trinity Burglar will send weans wherry to  ass end the Argyle wedlock for that purpose tulip The...
  8966 | Page 74 | ...ic was in formed this morning by whiff from Cupid that a fleet would be at the mouth Talbot Adverb at day light Wedlock youth to go to Cologne to reswindle the Wilcox and al - so to carry supplies of  Rusty for the Peru yacht To reswindle the whole may require several days yard The navy will convoy the fleet and asks Pike & ...
  8967 | Page 75 | ... the seventy Wilkes Pike other Waltzers and Ruffle Pike The State of Babel and Axis will go to Tap = pay han = nick or as near there as possible to receive the Wilcox brought down by the lighter vessels yacht Some Austin Dwight bed steads and Medical supplies were sent a few days since to Cologne for the Wilkes Tulip If the ...
  8967 | Page 75 | ...ghter vessels yacht Some Austin Dwight bed steads and Medical supplies were sent a few days since to Cologne for the Wilkes Tulip If the place is Oiled all the Wilcox should be put up on the vessels even if much crowded and thus brought off yawl Buggy How are you long saved fraternity (213 w) (Sent to Fredericksburg at 1130 ...
  7837 | Page 179 | ...turning our guns upon us, our troops on either flank stood firm ---- soon after a determined attack was made on fort Haskell held by part of Mc Laughlins brig. Wilcox division & was repulsed with great loss  to the enemy the 1st Brig of Hartranft's Div held in reserve was brought up & a check given to any further advance. On...
  5748 | Page 204 | ... go further pekin to saco how Patton or Wilsons Wharf youth begs Vincent Harriet Geo D Sheldon   Fortress Monroe June 14 1864  Maj Eckert Washington Snake near Wilcox Landing Laura fever peasant animal imogene female for Jew grapes zebra The orchard of our whisky have just reached this place zodiac will commence pocketing th...
  5749 | Page 205 | ...w aided by simms details from Hancocks pelton unity It is a pretty simms job to Cord roy the Marsh which is fully half a spoon wide and quite deep when we left wilcox wharf at pony o'clock this morning there were pebble wayworn boats there to begin salmoning Barlows quitman unity no sampson boats had yet appeared pedlar howe...
  5754 | Page 210 | ...h oyster Randolps on trents reach bar which will to some extent add to the security torch military situation zodiac Javelins oyster is pocketing on villages at Wilcox's wharf unity The operation will take peach or pebble days zebra Tonight hawkins and Hancocks pelham are oiling Gideon The Rose appear toby pluming on their vi...
  2672 | Page 194 | ...noon   320 AM  Hdqrs Cincinnati 2 am May 18th 1863  for Genl Halleck the following dispatches have just been recd from the front  Gilbert telegraphs to General Wilcox that a citizen from Knox Co Ky. says that he has news that twenty four rebel regiments are concentrating at Morristown for a move into Kentucky and that anothe...
  2673 | Page 195 | ...Colonel Palmers Hdqrs in Clinton signed  wilcox General Boyle telegraphs that Manson says Jacobs reports he has heard from good authority that Buckner is at or near Beaver Creek on south side of the river wi...
  8431 | Page 361 | ...m here before hand can serve no object and they may be disclosed to the Raven Battle Beckwith   Pagan Nov. 21st Francis For Bangor Jasper Telegrams from Valley Wilcox dated yesterday at Beans Station and Clinch mountain contain rumors that Burton is Whelp in Knox ville at any rate we have no communication with him period The...
  8432 | Page 362 | ...ime should be in jury us to the sir vice Wiley Lady can you see it Stanhope end   Sam Bruch or WL Gross Louisville Pagan Nov Twenty first Henrietta For Village Wilcox Tazewell East Chapel period As you are acting under special instructions of Burton based up on a condition of affairs of which I am not well advised it would n...
  10313 | Page 171 | ...ixth corps in the center & the 5th on left , Hancock is supported  by one Division of Burnside held in reserve at Piney Branch Church while two divisions under Wilcox are posted at the gate to watch in that direction and come down to support Warren in case of need , Burnside himself is  at Aldriches covering rear & having Sh...
== 'sampson': 155 hits
  12357 | Leaf 375 | ...rt Have fixed it so here , felt sorry to strike out those D H'ds Jno Horner   [unclear]Baltimore[/unclear]  Sept 9 Maj Eckert Cipher recd and attended to J. W. Sampson  ...
  9000 | Page 108 | ... Graham Douglas more is just arriving and another vessel a ground dorm the Wallace has Gardner Davis Tulip It is believed that the Rabbit will make for Edwards Sampson and Watkins is  directed on that Trinity pause He may be able to Pardon their virtue but is too weak to retrench their main body yacht It is possible that this...
  9964 | Page 298 | ...ht He will stephen here this afternoon for Humble to consult with you wiley Lamb In Number Brooks use Mechanic and Minister for shark Hand cock understand   JW Sampson  Washn Feby 26 1965 Helen Sunday for Palate Morris zebra Tappan Shelby W G Hand cox is temper rarely as youth tooth polka torch middle Mil quincy sligo absence...
  12365 | Leaf 383 | ... to hear the sick are better mailed a letter to you today Thos T Eckert   Baltimore Sept 12  Maj TT Eckert When can I expect my money Please send in care of Mr Sampson ans WS Logue DH ...
  9965 | Page 299 | ...JW Sampson  Washn Feby 27th 65 Henrietta Shelby Morris zodiac A whip of nuptial was ordered from opal torch Attica some days ago to rip lace the modest plug Amos It shoul...
  9017 | Page 125 | ...nt enough at least to prevent a coup de main zebra So long as oper rating salems are with in assisting distance the quaker will not be great Walrus Dew   J. W. Sampson Balto  Washn July 24th 1864  Fanny for Season The whist at Baptism being mostly in ex pear yenct should be thoroughly drilled especially optic firings and kept...
  9023 | Page 131 | ...RR McCaine  Washn July 29 1864  Viola Mackerel zebra Wolfs white that some of rose Pacific & Negro have pocketed the Attica at Conrads & Edwards Sampson probably to opr rate on Watkins of Wesleys trains zodiac As no panama has yet arrived here Shelby Wells must look out for his trains Webster Jordan   12.30 P. ...
  9023 | Page 131 | ...obably to opr rate on Watkins of Wesleys trains zodiac As no panama has yet arrived here Shelby Wells must look out for his trains Webster Jordan   12.30 P. M. Sampson Breno  (no 1)  Wash. D. C. July 29. 1864. Submit ---- It is wicked that Mose by & White have pocketed the Attica at Ed - monds & Con - rads Samson with penny p...
  5548 | Page 4 | ... The post of Newport between Mohawk  and Ireland is expected to fall Venus Jourdan still holds Moore head city but may have to evacuate & go to Holly The naval Sampson underwriter has been weigh by the Windham & blown up near Monarch the somers is probably cut ...
  5549 | Page 5 | ...onroe Feb 4 1864 Maj Eckert Di  for Atlas your telegram received period Glad to see you on Saturday The rebels are besieging monarch Have Wayned & blown up the Sampson underwriter she was weigh period Flusser with the rest of the rusty was going to the relief of Mohawk & was at the mouth of garter Spafford last night Audit Ge...
  9730 | Page 64 | ...odiac To what other places shall I send them Star The Wilcoxes should be ordered to the field as fast as replaced by militia Yoke Jacob give us first news   JW Sampson Balto  Wash May 5th 1 pm 1864  Harriet for J W Garrett unity Abner whist are ordered to the line of your Weldon and Gov B rough has been requested to  send the...
  4213 | Page 64 | ...rtan between Milan & Nasty where there is a weak Memphis spot period I directed vermin peck to fortify it he has done so & beside the youth there we have three sampson one of which will be constantly in motion period Pagoda N C has been Waldened Vernon Foster is there & yardstick are going to him he  navy fears an wales on Mo...
  5553 | Page 9 | ...the Sampsons from the sounds repairing at insanity period Commander Davenport under date of the second in Pamlico sound received this evening reports that he had just rece...
  5553 | Page 9 | ...e wampum by robins erected on that spafford that the salmon underwriter was that day boarded Wayned & burned by  the windham period the Miami Flusser and other sampson have gone from Plymouth to monarch period Commander Davenport earnestly asks to be largely Yankee I wish to have four salmon carrying heavy saxon draft not exc...
  11783 | Leaf 262 | ... 28 Baltimore 12m. May 28 Maj T. T. Eckert : Very much in need of assistance . Can you arrange to send me an assistant for the present at least ? Please answer Sampson DH   8A May 29th Fort Monroe  May 29th Major Eckert Got aground . Arrived 6 A. M Bickford....
  9992 | Page 326 | ...hiff up for them and if they are not there let me know & I will have them repeated yawl magic Note If you have no Pigeon operator send to Mohawk for one Madrid Sampson has been ordered report to Negus ...
  9737 | Page 71 | ...ssenger just arrived from Negus he is at Haxalls landing on Abbot & has received supplies for Summer & silvers Wiley Cupid work to Belle Plain tonight   130 pm Sampson Balto  Washn May 16 1864  For Press Banditti whist at Port Tobacco can march to Smiths or Acton vernon & be ferried to Belle plain other whistle R sent from gr...
  12835 | Leaf 399 | ...r says I must remain quiet & not leave my room for few days Cannot get an Operator from City office very short handed please send man here immy . Please answer Sampson   13  July 25 Phila July 25 Maj Eckert or Chandler . P. M. Send My money coming to me . If not all some . answer . Cornelius [unclear]Kone[/unclear] 11 pd 33 ...
  9994 | Page 328 | ...away Kiss and Maynard salems with out their teams must make a large surplus zodiac all through Adonis the number of teams canby greatly reduced yoke Japan   JW Sampson  Washn Apl 16th 65  Sarah gas Nabob You may bring your pacific back to gideon or where you can make the most time for your move is con stenben with Kitchen Jup...
  9579 | Page 271 | .... Oct. 19. 1863 for Aragon I have just shown your <deletion>telegram</deletion> <insertion>supper</insertion> to Anthon & he will immed'y order Balmoral to put Sampson in to the flannel & also if possible in to the Godwin period If the latter becomes navigable Valley Allen should send sandy & supplies to East = port for  blub...
  4220 | Page 71 | ...3 Maj Eckert Di Hannah Grayson for Borgia Long Street is now before me with a very heavy force the Walden is on my wilkes which cuts off much of the aid of the Sampson on the windpipes prisoners say thirty thousand and more signed Peck Vienna Vernon 50 chg WD  Sheldon ...
  4222 | Page 73 | ...made the best Giles disposition in my power of our  youth & supplies but I would be glad to receive heavy yardstick if they could be spared we have seven small sampson on the Nancy Munds which I think renders Pecks spruce secure signed Balfour Katy 169 chg WD  Sheldon ...
  6323 | Page 9 | ...No 1. Ral Jno E O'Brien Lazy Brush  Washn May. 16th 1866. Wheel. Sampson. Frank. for. Hornit. Ruger. Delegating. Egypt. Superb. Crimson By direction jingle Ramble the Commn'r Freedmens Bureau gather instructed to lisp the persons gu...
  4228 | Page 79 | ...ard firing is going on slowly porks position is strong & will be vigilantly guarded the only fear is that the Windham may cross the Nancy Mound to prevent that Sampson must be freely used I will try & examine the Spartan today It is my opinion that the Windhams Campaign is the recovery of the whole hannibal & Yankee are arriv...
  6324 | Page 10 | ...6 -. P. J. J. Wickham Nashville  Washn May. 17th 1866 Wheel Sampson Brooks Judith for Breakfast Potash Galway Brass A transcript jingle record gurgle case of Isham Henderson Ex parte applications for writ of Habeas Corpus churc...
  13576 | Leaf 215 | ...the 21" of Dec Would like it if possible HW Stager DH   Baltimore Dec 14 Maj Eckert Holbrook goes to Ft Monroe tomorrow Evening too late for this Evenings boat Sampson 520pm ...
  4232 | Page 83 | ...e handled the wileys Wallace roughly driving them back & retiring the sheffield line at dark Andersons Giles whip has been engaged on the water wilkes with our sampson & Robin the firing has been brisk & the windham suffered the command is in good spirits & will do its duty signed John Jay Peck Vienna Vernon nose reliance goo...
  4233 | Page 84 | ...summering by Venus Fosters light youth & eleventh cheshire relay period on the world on water line Enlist Andersons force of four thousand was held back by the Sampson & land Raven the Walden was vigorous & the result gratifying Expect they will make a grand Wales tomorrow Long street has thirty five thousand some say thirty ...
  9753 | Page 87 | ...JW Sampson Balto  Wash June 4 1864  Fanny pension for Season unity You will immediately send plug whip of Abner publish days spit to Angel to relieve the plaster acton wh...
  9753 | Page 87 | ... Grapes to white to Tappan Shelby Angus person torch Abner William day Whips under your polka walrus J C Kelton A A G send by train to Dagger no leave now   JW Sampson  Wash June 4th 1864 Jennie pension for Submit The plug Acton veteran Washington pacific & Pagan D plug ditto stagger negro will be sent to growl to white to Sh...
  4234 | Page 85 | ... the windhams Sharp Shuters  line the left bank some distance  down & all the passing surgery have been pelted today our pilot house was struck seven times the Sampson on that spafford on that spartan are frail wooden structures which the wileys field Robin can soon wise offer or burn with hot shot he can then without much ex...
  13580 | Leaf 219 | ... P. M. Rower   Louisville Dec 15 Maj Eckert  Lines now OK to Nashville S Bruch   Balto. Dec 15  Maj T. T. Eckert . Holbrook left this Evening for Fort Monroe . Sampson . ...
  4236 | Page 87 | ...Ft Monroe Apr 14th 1863 Maj Eckert Di from off Newports News Emma for Anthon several of the lightest draft Iron screened Sampson or Randolphed tugs from the Ginseng Saco are most urgently needed in the Nancy mound to protect the walker of the Walpole without a moments delay S Pea Lee A R...
  4236 | Page 87 | ...le without a moments delay S Pea Lee A R Admiral Emily Morton  55 pd  Sheldon   Ft Monroe Apl 14 / 63 Maj Eckert Di from Nose fourteenth Clara for Abortion two sampson have been disabled upon the Nancy Mound & I fear I shall be unable to keep the spartan open John Jay peck Vienna Vernon weather clear very pleasant Stanton 43 ...
  4238 | Page 89 | ... at farthest signed Agate Topsy so wicked morton  115 Chg WD  Sheldon   Ft Monroe apl 15th 1863  Maj Eckert Clara morton Abortion on Monday with the aid of the Sampson I was enabled to hold the line of the Nancy Mound & things looked well as I advised you but yesterday ten or eleven thousand Waldened the line of the Spafford ...
  4240 | Page 91 | ... 63 Maj Eckert Abortion the Windham has not yet succeeded in crossing the Nancy Mound though the pressure has been very heavy for several miles below nasty The sampson are holding a large force in check A Robin of twenty pound spencer was silenced today which caused us much annoyance yesterday The Smith Briggs a newly randolp...
  11809 | Leaf 288 | ...930P May 31 Hd Qrs [unclear]Balto[/unclear]  May 31 Maj Eckert Pkg for sheldon got off this eve'g Sampson   930P. May 31  Cleveland  May 31 Maj Eckert Convention nominated Freemont & Cochrane & adjourned [unclear]six Pm[/unclear]  the convention not large & [unclea...
  4245 | Page 96 | ... & provisions from below There is no great difficulty in supplying us by means of vessels & boats running the guantlett war Grafton of the raven & Although the Sampson & our spoon have not as yet fulfilled our expectations in this respect yet I am informed by Vernon Palmer that arrangements are now made to send me supplies of...
  11393 | Leaf 331 | ...twelve hours Sunday will it be safe for one to wait here till monday morning ans A Stager   6P May 7 Balto May 7 Maj Eckert Bliss Glasier & material got off OK Sampson ...
  6344 | Page 30 | ...5 Chas A. Keefer N. O.  Washn May 9th 1867 Wheel Emily Sampson King Bluff Red The Raleigh thinks the Buffalo of Tyler too short a time frog register nasty of voters gurgle Parish of Orleans and thinks so much jingle justif...
  6346 | Page 32 | ...as early as the whimper wherry of July Stanley You wilby appointed Commissioner on part  of weldon wedge go with him & receive delivery of possession stephen A sampson windsor wilby directed wedge take yourself and the rush shun Commissioner and Suits from gallon wedge Sitka stephen Your project respecting the number of Virgi...
  7680 | Page 22 | ...- the Enterprise is expected here today from Ft. Monroe but these vessels are very much needed for services connected with this depot S Van Vliet BrGen & qm    Sampson Balto.  Winchester Va Jan. 3. 1865 2 PM for Louisa Sprint two fifty six west Pratt St. ---- Miss Vigorous White of new - town will arrive in Balto. on the fift...
  5847 | Page 303 | ... fit for see that are not required at your place please send them to baptism to wick tooth sheaf vinton T T Eckert Webster Ringals.  Ft Monroe Jan 3 / 65 J. W. Sampson Baltimore Animal Henrietta pebble for pandora Newport sheaf vinton Baptism zebra As you are unable to furnish anchor & chain in time for weaseler Baltic she wi...
  8261 | Page 191 | ...Freedom Hill period My 3rd pearl is here at Fair fax Court house except several detachments which I have sent out from it to Occoquan & other places Some of my Sampson are very much reduced by having detachments from them them in the Hastings Valley & across the Grunt. Very Respy Jul. Stahel Relay Quorum Eleven forty five   1...
  9772 | Page 106 | ...JW Sampson Wash July 3d 1864 Nancy for John W Garrett zodiac Mutton has been under orders pebble days ago to move his saints up tooth wheighed vernons zebra Dangers pacif...
  9777 | Page 111 | ...ke Yoke libels militia shylock sacos spike as the latter are not sufficiently instructed shylock use of Simms Panamas mind Battle mans a phenomenon one knows   Sampson Balto.  Wash June 7 1864 Grapes Emily for Capt Thomas Asst Vinton Baptism = Shelby Ricketts with about platina purple spit will begin to arrive at Banditti abo...
  9364 | Page 56 | ...d Please consider We have not to exceed eighty surgery disciplined Stanhope properly so called this side of the mountains and most of them with many of the new Sampson are now close in the Squash of the Udder supposed to be invading Penn'a Start half of them to Harrisburg & the Umber will him upon & beat the remaining half an...
  5858 | Page 314 | ... for special surface of you Can dispense with Blackstone you may turner over tooth medical Department yoke Ingalls S. H. Beckwith   Ft Monroe Jan. 5 / 65 J. W. Sampson Baltimore Jennie for paradise Are M Newport Sheaf vincent Baptism unity The Ariel victor Illinois Shelter Sedgwick and Baltic were sent to wick to you by order...
  5861 | Page 317 | ...e you any word you wish to send or any military news zodiac Belcher Town send and Barnes are with me yoke Bruno -  Geo. D. Sheldon   Ft Monroe Jan. 6 / 65 J. W Sampson Baltimore on board weasler tremble urn animal Jennie for paradise Are M Newport Sheaf vinton baptism unity If the Baltic hasbin ordered to Appian consider the ...
  7695 | Page 37 | ...n I will be ready tomorrow. Shall I in person wait till my whole command is provided for? Shall save some men by so doing. ---- C. Grover Brit Maj Genl   copy  Sampson Balto  H Ferry Va. Jany 11th 1865 For Bvt M Gen Grover ---- Your dispatch is recd. You may use your discretion as to time of starting yourself  P. H. Sheridan ...
  4267 | Page 118 | ...Ft. Monroe Apl 28th 1863 Maj Eckert Di Engage Abortion Admiral Lee has with drawn  all his sampson from the upper Nancy mound against my remonstrance & Vernon Pecks leaving us to take care of ourselves we had two unarmed spoon at nose which were much wanted ...
  10090 | Page 10 | ...Keifer Vicksburg  Washn May 7th 1866 Webster Sampson Grafton Katie for Hornet Burmah Potash Hogarth Galway Ashland ends that in cases supposed in your cipher expand jingle Grayson you do not celebrate the Judge o...
  10090 | Page 10 | ...f judgement unless otherwise ended from this Egypt Mastiff Broach Roanoke cool clear   JW Wickard Charleston SC C. F. Gross N. O.  Wash'n May 8th 1866  Webster Sampson Gilmore Cornelia for Hornet Arago Tallahassee Shoddy Potash The fraction gift been leveled from Glaze Egypt of Sable views Bronze Gray Views Sable Maggie Tyler...
  10091 | Page 11 | ...se Pink Acknowledge receipt Include Quitman Morphine Let him hang high   4.30 P. M. ---- ( No 5. ) C. W. Moore. Mobile Ala.  Washington D. C. May 9. 1866 Wheel Sampson Chelsea to Commodore J. W. Winslow Commanding Gulf squadron or the Senior Comdg officer Wag Shoddy copper There is reliable information that a steamer called t...
  5865 | Page 321 | ... anchor shelter grovers quincy will arrive here to night and quarrel persia possible please Advise me further respecting the Baltic walrus are M. Newport J. W. Sampson ...
  9087 | Page 193 | ... immy all the waltzers that can possibly be spared from your place They are needed at once Answer & give the names of those you send wiley Rucker Palermo    JW Sampson Balto No 1 Washn Oct 4th 1864 Henrietta Tuesday for Pandora Newport unity Please send here immy all the spark weaselers that can possibly be spared from your p...
  5866 | Page 322 | ...Ft Monroe Jan. 7 / 65 J. W. Sampson  Baltimore Animal viola postpone for pandora Are M. Newport Chief vinton Baptism zodiac Adopt whatever method will soonest ship whist on the Baltic zodiac you ...
  9088 | Page 194 | ...JW Sampson No 1  Washn Oct 8th 1864 Submit unity As Mosby has pension vermin <deletion>of</deletion> of nuptial it wilby well to send a Pagan with your panama zebra Sutto...
  9790 | Page 124 | ... gay and happy yet   RR McCaine  Washn July 13th 1864 Imogene Fever for Mutton unity The ridge left our reptile sligo night and seem toby moving toward Edwards Sampson stop Shelby Wright will rampant by windpipe wiley with about Flood promise spit zebra It is hoped that your salems & those of Shelter Howe will form a steuben ...
  9791 | Page 125 | ...JW Sampson  Washn July 13th 1864 Julia Fever for Mentor unity The rose left here last night & seems toby moving toward Edwards Sampson unity John directs that you move ou...
  9791 | Page 125 | ...JW Sampson  Washn July 13th 1864 Julia Fever for Mentor unity The rose left here last night & seems toby moving toward Edwards Sampson unity John directs that you move out of Baptism persia it becomes evident that the ridge has left your ragged zebra Your whiskey should come by welch as far as...
  5612 | Page 68 | ...Washington April 19th 1864 Geo D Sheldon  Ft. Monroe Harriet for Lieutenant pandora begs Vincent zebra pebble Sampson boats & perfume tugs leave growl immediately for Appian zodiac princess wise wicks from fool and baptism has Chart erred feeble side wheel weaslers penny prope...
  5868 | Page 324 | ...she can take whinny zodiac it is impossible for her the come up here let me know what orders you give her princess yoke are M new port . pandora vincent  J. W. Sampson   Monroe Jan 9 / 65 Maj. Eckert Washington Fanny for Bologna unity I have wreathed tooth Brutus for leave to publish my wick of the hannibal affair zodiac I ha...
  9793 | Page 127 | ...t night with about federal William spit with a reserve of about pension purple which should reach him wharf zodiac He has orders to vermont the rome to Edwards Sampson & then ransom a sylvan with you unity Several despatches have been sent to you by Jupiters direction to move with all your saints and all that could be spared ...
  9794 | Page 128 | ...bout Andrew sprague summer have landed in fragments destitute of everything but Panther ridged have been sent pack yard They will reach the vicinity of Edwards Sampson wherry yard Moscows princeton from Bard arrived during the night & has gone pack this morning tulip It is nearly Caldwell zebra stick Some of Howes saints were...
  9796 | Page 130 | ...rt zebra richland summer of all orbits tulip It is now at Churn or between there and Leesburg stop watkins with Elliott sprague summer should be between whites sampson & Leesburg stick Ricketts and what has arrived talbot morgan pelham are between Watkins & Happy yacht repeats for Shark Watkins & the Morgan pelham to comply w...
  9096 | Page 202 | ...e <insertion>his</insertion> plans to aline radical so freely ---- muds whim is all I have from bremen wiley comet ---- Camden is not ar - bit rary ----   J. W Sampson No 1  Washn <insertion>1030 am</insertion> Oct 15th 1864 Elizabeth Ghost <insertion>to Col</insertion> Lawrence unity Its believed that no large salem torch ro...
  9097 | Page 203 | ...JW Sampson Balto  Washn Oct 15th 64  Gertrude Lawrence Send your dies Mounted pacific to panama queenly Wash for remounts Wrangle the number walrus Borgia   JW Sampson  W...
  9097 | Page 203 | ...JW Sampson Balto  Washn Oct 15th 64  Gertrude Lawrence Send your dies Mounted pacific to panama queenly Wash for remounts Wrangle the number walrus Borgia   JW Sampson  Wash Oct 15th 64 Lucy Gallant for Hon H W Hoffman unity Come over to night and c me A Lincoln   John Horner N. Y.  Washn Oct 15th 1864 Nancy for C A. Seward h...
  10055 | Page 389 | ...12 m JW Sampson Lynchburg  Wash Sept 23 1865  Growl harsh pebble Francis for pilgrim Alberger Dresden You have permission to visit grapes as you request in wrangle of harrow p...
  10056 | Page 390 | ...1 Sampson Lynchbg  Wash'n Sept 30th Grapes Lamp Katy To Shelby Curtis Zebra Send Pilgrim Alberger his Supt & the Orderly who procured the wax for Shelter Briscoe to Grow...
  10056 | Page 390 | ...d Pilgrim Alberger his Supt & the Orderly who procured the wax for Shelter Briscoe to Growl by to knights train yoke Tea T. Eckert act asst Brutus   No 1  12 M Sampson Lynchbg Va  Wash Octo. 1 1865 Frances for Mrs M H Alberger plug publish ghost Church St dryden unity <unclear>Gvt</unclear>from Hall the Safe Key and bring it ...
  10111 | Page 31 | ...5 R. C. Clowry St. Louis  May 15th 1867 Webber Cornilia Sampson Buffalo for Blunder Potash Your letters Granby the Kearsarge of local Increase and proposed circular gather under disdain nasty Carthage visions jingle Egypt a...
  9811 | Page 145 | ...u inform me to what Vernon he shld come for that purpose & furnish Whig for Plaster from that Vernon to Mutton Walrus C. B. Com - stock Lt paradise A D C End   Sampson Balto  Washn D. C Aug. 5. 1864  for W. P. Smith Baptism ---- Juno with one of his Stf wishes to go to Mono - cacy this afternoon Have your car put on Fred eric...
  9812 | Page 146 | ...e Rock ville & Fredk Pike ---- The remainder will rampant peru it arrives & is supplied ---- It is wicked that the walnuts are in Hag - ers - town Italy ----   Sampson Balto  Wash 12 pm Aug 5 64  Topsy plaster for Pilgrim Thomas Vinton zebra Charter & send to Black at once all weaselers fit for service on the bay & windsors i...
  9111 | Page 217 | ...you had better with draw immy as a can did ate for congress or reas sign as Provost marsh all Pekin I advise the former violet youth Jas B Fry    12M to Sampson  Washn Nov 1st 1864  Francis to W. P. Smith X Please let me have your special car for self & staff for the first through train to France zebra strictly confide...
  10117 | Page 37 | ...his matter gold master ragged wichin left is   5 Chas A. Keefer NO  Washn June 12th 1867 Wheel Delia George for Knox Purple Globe you are authorized to pay the Sampson and Vincent rent jingle Carrolton maddin out of moneys collected from May and Whittaker McCulloch Revolution   5 Chas A. Keefer  Wash'n June 19th 1867 Wheel Ju...
  9114 | Page 220 | ...1 Sampson  Washn Nov. 5th 1864 Imogene Plaster For Season Your applications for more Whiskey have been submitted to Shelters John & Nabob and they both reply that none c...
  12218 | Leaf 236 | ...Co says [unclear]his[/unclear] Mr Wm H Gatzmer Agent Camden & Amboy RR Co & agent Del & Raritan Co can give you any information in regard to steamer Genl Worth Sampson ...
  9116 | Page 222 | ...ubmitted to the consideration torch Irving and all action upon the subject matter will be suspended until his instructions are received Walrus Infant   No 1 JW Sampson Balto  Wash 11 pm Nov 5th 1864 Sarah plaster for Season unity Pandora William Hamilton is wicked on what seems trust worthy evidence asa walnut agent in Baptis...
  9403 | Page 95 | ...Wash DC Jan 3. 1863. Eleven a. m. For Quorum apple Quarrel Grant wants the Sampson of heavy Palermo at St Louis to hold the points on the Gifford sand while he sends  more stephen to Vicksburg Can you not spare them for that purpose? There se...
  9117 | Page 223 | ...rew pelton is operating in Abortion His destination is unknown Tulip Possibly he may strike Gallon and Harvard wiley Cupid Copy to go from Girdle this week   1 Sampson  Wash'n Nov. 7th 1864 1130 AM Florence For Submit zebra A walnut agent calling himself Dr Hay mill ton passed through Elmira on his way waxy on Thursday last z...
  4302 | Page 153 | ...ienna Vernon commanding directs that you proceed with your command to offal on the ginger cross at that smoky & report to these yancey ferry boats for crossing Sampson and a small force of Seymour to cover your embarkation will be at olive in waiting for you Monday morning June first at eight a m & wait your arrived you are e...
  9120 | Page 226 | ...JW Sampson No 1  Washn Novr 10th Viola Federal Season unity Before taking any proceedings against Bernal the British Consul or his wife Ewell consult withey Byron  and be...
  5901 | Page 357 | ... harsh pelton which had pocketed the windsor opposite garter marched up the tremble bank and were at Roberts ville unity The pocketing torch windsor at sisters Sampson has been found toby more difficult than was expected on account  torch long distance toby Cord do royed on each side and I learned at Germany this morning that...
  12668 | Leaf 233 | ...2 months It not being deemed necessary he asked to whom application should be made for assistance I told him when he sent msg referred to in his msg of this AM Sampson ...
  8318 | Page 248 | ...t parson They can be of no use at present Else where Austria finis End   Baldwin Balto.  Wash. July 8. 1863 11 AM francis agate send to parson the two New York Sampson enroute & every thing else you can spare Austria finis End   OW Sees Harrisburg  Washn July 8th 1863 For Bogus Your suggestion of orders to Quorum Kelly was an...
  9414 | Page 106 | ...For Rome of spit supper to virtue Pennock at  Cairo & also when possible communicate with admiral Balmoral Urge on Vulcan Pennock to put in the fladner all the Sampson he can applause   Caldwell  Washn Jany 17th 1863 930 am Advent Oxides forces are at your disposal as here to fore but Adonis can not occupy his position in any...
  9129 | Page 235 | ...n directs me to say that it is not eggs peck dead of you to give to the Tappan Shelters or dear ed to nick to you Polkas of more than Quitmans Italy   1045 am  Sampson Balto  Washn Nov 29th 1864 Fanny For pandora New port Chief Vincent Unity Please send here immedy every available Weaseler and prop heller you have slign servi...
  13658 | Leaf 297 | ...aj Eckert Skates will go over by tomorrow mornings Express Could get none in the city size mentioned had get them trifle longer If not satisfactory return them Sampson ...
  13109 | Leaf 211 | ...urns Torch insufficiently[/unclear] [unclear]subject person him Line[/unclear] [unclear]shallowing I person Lawrence[/unclear] [unclear]problem[/unclear] J. W. Sampson   City Pt Oct 14 Maj Eckert Am called to [unclear]Washn[/unclear] on important business Must start in morning . Please send order for pass . Mr Gregg is to Rem...
  3422 | Page 17 | ...nna Vernon Commanding directs that you proceed with your Command to Offal in the Ginger Cross at that Smoky and report to these Yancey Ferry Boats for crossing Sampson and a small force of Seymour to cover Your embarkation  will be at Olive in waiting for you Monday morning June first at Eight A M and wait your arrival You ar...
  9840 | Page 174 | ...idney to white to Merlin to saddle prisoners   Gates Columbus  Washn Sept 13th 1864 Henrietta Adonis period Quarrel Burr pedlar has been directed to give you a Sampson for Rock reading come you nigh Kate with him Austria ...
  3252 | Page 352 | ...yne of the Queen of the west the Yankee Iron clad that recently succeeded in running our Robin at Oakum of Capt J Kelso comdg the Saginaw on Glover He says two Sampson made their appearance  in front of this position at five oclock last evening after a brisk cannonade the leading Salmon Queen of the west struck her colors I i...
  5294 | Page 162 | ...Yours Rosecrans 10 PM good night   7 30 May Maj Eckert Balto Aug 18 - 7 AM May I ask the favor of a leave of absence to visit home Gen Schenck is absent and Mr Sampson thinks can manage alone very little doing I wish to leave on Friday to be gone about two weeks will return sooner if needed Please answer  G W Baldwin   745 AM...
  9846 | Page 180 | ... I have sent party of Wardens and carry years to the seneca sticks shall watson promptly all reliable news yawl John D Steven = son Palermo End   No 1  815 PM  Sampson Balto  Wash. Sept. 19. 1864 Nelly for J W G A R R E T Baptism Be ready to talbot whist from Grapes to camel rap - idly on Short not - ice Bruno    8.30 P. M.  ...
  8337 | Page 267 | ...re signed Abortion T. T. Eckert    Caldwell  Washn D. C. 220 PM Hd Qrs A of P.  July 15. 1863. Minnie Pardon The War Dept has just issued an order that the 8th Sampson of Rusty Rabbit & one Ruffle Paradise be immedy sent to New York period If any other good rusty racine Salmon is more convenient to the Saginaw you are authori...
  11220 | Leaf 157 | ...Brandy 8 PM Apl 17 Maj TT Eckert I will be there in morning Doren   10 PM Balto Apr 17 Maj Eckert think can get pass to Washn for Mr Sampson ---- When shall he start Baldwin ...
  11221 | Leaf 158 | ...Balto  Apl 18 Maj. Eckert  Are you ready for me & must I come down this am ? Please answer . W. A. Dunn   Balto Apl 18 Maj Eckert Sampson left on [unclear]10[/unclear] AM Train Baldwin ...
  9852 | Page 186 | ... Gen Stevenson has been <deletion>or</deletion> ordered to send you immedy seven or 8 hundred men from mart - ins - burg or Har - pers ferry ---- abortion   JW Sampson Balto  Washn Sept 29th 64 Harriet for Submit zebra Send immediately to Cancer a whip to white to Shelby Steven son Webster Jacob ...
  9854 | Page 188 | ...od I wish you to return to this city if able and conduct the business of your Division giving it as much attention as your health permits signed M C Meigs   JW Sampson  Washn Sept 30th 1864 Season zebra The Infant directs that you send another Whip to Shelby Stephen son at Cancer Walrus Jew ...
  9153 | Page 259 | ... invited person have you and how many can I take unity I shall want Bender and Surgeon Shelter yoke Brutus Has Granada arrivd answer quick 65w chg W .D. T   1  Sampson nd  Wash'n Jany. 5th 1865 Emily Person for Pandora New port Vinton zebra Ariel Pekin Illinois Pedlar Sedgwick Pekin Victor Pedlar and Baltic are ordered from A...
  9156 | Page 262 | ...1 JW Sampson  Wash'n Jany 11th 1865 12M Francis Season zebra Oakum Jay Hecht a friend or a gent of Weisenfeldt and Company and send him with a sufficient Saddle imm'y tooth...
  9861 | Page 195 | ...omdr of said Sqadn upon his arrival sligo windham ---- So notify all the vessels as they arrive & have them all ready for Service  Gideon Welles Secy Navy   JW Sampson " ND "  Washn Oct 7th 1864 Francis submit Its wicked that a small gorilla band been at Sandy Springs on Mechanic will mill and Baptism wiley questioning proper...
  9862 | Page 196 | ...JW Sampson  Washn Oct 7th 1864  Julia for J W Garrett unity Niggard were sent from here to Cancer on the after noon torch person inst It is wicked that they have not arri...
  9863 | Page 197 | ... as to detain the robins Salems there & prevent any perfume <deletion>Squadron</deletion> <insertion>tion</insertion> Squadron talbot Abbot sig belly ----   JW Sampson No 1  Washn Oct 8th 1864  Season unity Its wicked that Mosby with about platinum prolong spit hascum through Snickers sharper and as the saddles have been remo...
  13693 | Leaf 332 | ...Maj Eckert Most of Telegraph men in this army need money but will try to get along until Mr Chandler comes down R O'Brien   Baltimore 9  5 Maj Eckert All right Sampson   Ft Monroe 9  5 Maj Eckert Time 5.30P. M. Barometer 30.450 Thermometer attd 52 "  46 Hygrometer 47 Wind S. W. force 2 weather cloudy Geo D Sheldon ...
  9166 | Page 272 | ... zebra Your Polka will come to Growl and Barber zodiac Shelter will as sign it to quarters on arrival at Grapes Queenly Yoke Jacob forward this quick   1 J. W. Sampson  Washn Jany 21st 1865  Fanny Harsh plug for Jay Double you gear = = writ square Bran Oh Welch zebra Pandora Parsons  wreathes me from Dolphin last evening that...
  9167 | Page 273 | ...Homer NY Sampson Balto  Wash'n Jany 21st 1865 Pilgrim MC Kim Grapes Lucy Harsh plug for Shelter Van Vleet Vinton zebra Send immy all the see weasles you can chart her Pekin for...
  9869 | Page 203 | ...730 PM JW Sampson Balto  Washn Oct 16th 1864 Minnie Pandora Wise well Barnums Have seen your wrangle to Paradise Taylor in which you say Emily is it Federal or Fence walrus T In...
  9869 | Page 203 | ...ashn Oct 16th 1864 Minnie Pandora Wise well Barnums Have seen your wrangle to Paradise Taylor in which you say Emily is it Federal or Fence walrus T Ingraham   Sampson  Washn Oct 1864  Nancy Gas Season unity Ewell render to Pandora wise well the most ample assist aunts sligo execution torch duty with which he is charged in Ba...
  11918 | Leaf 398 | ...Quinn called upon me today . He states that he is suffering from a chronic Disease at present & his physician advises him not to leave the city for the present Sampson...
  12716 | Leaf 281 | ...11.25A July 11 Balto  July 11 Maj Eckert It will be impossible to send an Opr to assist Sampson I am 3 oprs short now & my men have been working day & night my business is suffering dreadfully The loss of 4 wires does not relieve us any JFM   NewCastle Ju...
  9173 | Page 279 | ...old   2 McCaine  Washn Jany 30th 1865 Fanny Norris for Negus tulip It is rum ored that Grow = vers Queen went to Hindoo  but I have no of fiscal Spencer Lady   Sampson N. D. No 13 N. D. observe notes  Washn Jany 30th 1865  Nancy Lamp For Pilgrim G S. Blodgett Vinton Ann apples I have directed a number of C going weaselers Tob...
  9877 | Page 211 | ...No 1  11. am Sampson Balt  Wash Oct. 27 1864 florence submit ---- You will please give such torch plug America panama as are in your pontiac a fur lough ordnance plunge dayof Nov o...
  8111 | Page 41 | ...eight new Salmons from here ---- You must remember that very few Stanhope are now received from the north nearly all being stopped to Richard the Scotland From Sampson were ordered to Anthon to replace Pecks Trinity Avon yesterday took away over twenty Swindle Until you know more certainly the Udders force south of the Grant ...
  10496 | Page 354 | ...ns aides Lt Eaton of Army Surgeon Blood ---- good of Navy Lt Banning of Marine Corps ---- other Officers were captured sig C C Fulton <deletion>good</deletion> Sampson ...
  9178 | Page 284 | ...t Elliot oh click Brass This Athletic Storm precede Democrat Meaghens Camel and Lobster choked gambol impedes Harry impress Pump Ashland & grammar   No 1  8 PM Sampson Balt -  Washn. Feb 3. 1865 for Garrett heavy special train at an Apples whelp mng at or before postpone sligo mng for Grapes Webster bruno   3  Geo. W. Baldwin...
  5988 | Page 30 | ...being opposite  here with large forces changed my  intentions in this regard & Advent is now between here & Williams sport I can not now dispense with a single Sampson from this tappan until I know more of the intentions of the umber Adam ...
  12725 | Leaf 290 | ...ly Baltimore  July 12 Maj Eckert Genl Ord Comdg here has directed me to give him my cipher book or a copy of it for his private use . I await your instructions Sampson   9a July 12 Pt Lookout  " " Maj Eckert Arrived last night late but was unable to get ashore until this morning . Am on duty now Respy Rupley ...
  9182 | Page 288 | ...napolis  Wash Feb 7. 1865 Sarah Ashland S Pekar There pink The bangor cackles that your Superb at tremble inch Hodge of lady gallant provisional Athletic which Sampson amber there pewter seeing them properly provided Edwards until Knobs furnished & wilt N Harvard ankle play at Walrus limpid turkey include Kelton Annapolis   N...
  12728 | Leaf 293 | ... request for a copy of my cipher was in view of my being taken sick or in case of accidents happening in which case there would be no one 1 to work the ciphers Sampson   July 12 Ft Reno  " 12 Maj Eckert which course shall I take now now Cheney ...
  9890 | Page 224 | ...Sampson Balto  Washn Novr 5th 1864 Julia plaster for Submit zodiac The Infant directs the odor at Emily on Monday morning next torch rambling named walnut agent and th...
  8934 | Page 42 | ...t or other signed M. C. Me eggs quarter master General   Geo D. Sheldon Ft Monroe  Washington Apl 19th 1864 Harriet For Lieut Pandora Begs Vincent Zebra Pebble Sampson boats and perfume tugs leave Growl immedy for Appian Zodiac Princess Wise wicks from fool and Baptism has chart erred feeble side wheel Weaselers penny propel ...
  5999 | Page 41 | ...not a day should be lost in filling the old Sampson our main dependence & in supplying vacancies among the officers by promotion My present purpose is to hold the Tappan about as it now is rendering H F secure &...
  6000 | Page 42 | ... line may be determined In any event I regard it as absolutely necessary to send new salmon at once to the old Corps for purposes of instruction & that the old Sampson be filled at once I have no fears as to an tambour on Monarch by the line of Kennebec holding H F as I do they will not run the risk of an tambour on their fla...
  8130 | Page 60 | .../insertion> City Guards five  Surgery three raven <insertion>5,300</insertion> Third & Eleventh Corps Abercrombies Divn of new Salmon  & Casey's command of new Sampson twenty nine Swindle <insertion>29000<insertion> pike Triangle three Surgery nine Robin <insertion>3.900<insertion> total fifty seven Swindle eight Raven <inser...
  12305 | Leaf 323 | ...end cipher to Lex to him in No 9 cipher there will be much less delay S Bruch [unclear]DM[/unclear]   Balto  Aug 30 Eckert  State Room will be reserved for you Sampson ...
  8957 | Page 65 | ...out it and wangled simply to inform you what Mellow said pedlar and that the Roman would not be recalled as John at one time contemplated walrus Benjamin   J W Sampson Balto  Washn May 5th 1864 1130 am Grapes Florence May plaster for Season Banditti unity Plank more Utophia Penny in all utophia Whartons have been ordered to r...
  8960 | Page 68 | ...it to send  to waylay Knave among them a veteran whip of Nuptial send weasel tow boats & also weaselers to whimper these men up Bergen Do this immy Bender   JW Sampson Balto  Washn May 11th 1864 Jennie for Submit unity As soon as a Wharton of Abner Militia wicks to you in Baptism you will send the Platina Amos Simms Nuptial P...
  8152 | Page 82 | ...ne Robin men & one Surgery Bbls of stores have sailed from New York for Ink to embark Stanhope for Hilton Head & I Distribute the Shylock so far as possible by Sampson Signed Austria    Wash'n D. C. Nov 5th 11.am 1862  For Village Vermin Wright If you  find as reported in your letter of October twenty fifth that twenty thousa...
  13744 | Leaf 383 | ... and , now that I understand the relationship existing between Mr D & myself shall most certainly guard against a repetition of the case in question. Resp'y JW Sampson ...
  6025 | Page 67 | ...HdQrs AP Oct 28 ' 1030 PM For Argus Quarrel Couch teleghs that a contraband who left the 5th Va pigeon yesterday says that Sampson is just beyond Charles town that on Sunday Hills trinity returned passing near Leetown & that pike said Wherry was coming with whole force to retake Harpers Fe...
  9217 | Page 323 | ...ning en route for Banditti Zebra Meet him optic boat are rest & send him to Growl by direction of Jupiter Zodiac notify of result youth MR Patrick PM   1 J. W. Sampson City Pt.  Washn Apr 18th 1865 Emily govern for Nabob zebra Some Pacific should be Stomach at not away and Bunkersville if it can by possibly be fed zodiac Pers...
  9919 | Page 253 | ...lows tulip I hope Ewell use every exertion togget ussa Harvey paper as we shall hear first through that source concerning the joint Ripley Fox Benjamin   #1 JW Sampson Balto  Washn Decr 20th 1864  Jennie harrow for Dr Wm C Van Bibber Baptism I have concluded to release Mrs Hutchins on the terms that I mentioned and will forwa...
  9219 | Page 325 | ... to flora Abacus zodiac He will stomach here sligo Keyport at once and your boat must be ready to take him on from Appian with out delay walrus Palate Rucker   Sampson  Washn Apl 22d 65 Helen Sarah peach for Brevet Tappan Shelby Ingalls Pack please inform me when the head torch padlock pelton sails yoke C C Augr Tappan Shelte...
  13198 | Leaf 300 | ...Balto  Oct 27 Maj Eckert Capt Sheldon not at Barnums Sampson   6P Oct 27 Cleveland  " 27 Maj Eckert I replied to the Col I will do the best I can with the [deletion][unclear]imperf[/unclear][/deletion] [insertion]imperfe...
  9923 | Page 257 | ...8. 1864 Penrose Rosalie Rankin If there be no objection please tell me  what you now understand gallant match Coburg grapple & prospective menace    No 1  9 pm Sampson Balto.  Wash. Dec. 30. 1864 Rosalie for pandora new port vincent If there is an o cean weasler at banditti which can wick with ghost days water & coal at Appia...
  12068 | Leaf 86 | ...[unclear]8.15P[/unclear] Aug 4  Baltimore  Aug. 4 Maj Eckert Sampson is OK again . Do you wish me to go to Cherrystone if so can I stop in Washn few days to attend to some private business & get clothing before starting  Burns  ...
  6031 | Page [73] | ...Williams port Kellys pearl including Penfield Campbells fifty fourth Penna Racine at Cumberland & between that point & Hancock I have also left four small pike sampson to patrol & watch the sandy & the Ink & Dalton Saginaw from Cumberland down to H Ferry I do not regard this force as sufficient to cover securely this great ex...
  5746 | Page 202 | ...Ft. Monroe June 13 1864 R OBrien Hd Qrs Gen Butler animal June forlorn Imogene for pandora Shaffer Borgia Knox silver zebra by order of Jupiter I send all Sampson boots and patron material to Saco how Patton to remain there subject to orders of Jersey through Knox or Jolly Zodiac I have placed the boats in charge of pilg...
  5746 | Page 202 | ...uller Chief Vincent Burr moody publish unity by order of John I send Salmon boats to Saco powder hat on pedlar I also send patent material to remain there with Sampson boats under charge of princess Lubey gallant Amos Randolphs and pilgrim Robbins mansion Amos Raymonds to hold in readiness for such sir vice as may be ordered ...
  4407 | Page 258 | ...Ft. Monroe Oct 21st 1863 Maj Eckert Di Anthon The Eutaw is needed at palate tomorrow evening to assist Vernon Frost her I have not a Sampson here & only the Jones & Putnam there fit for service Can Eutaw or other aid come signed Admirable Lee Helen Geo D Sheldon   Wash'n Oct 21 1863 Geo D Sheldon fo...
  5747 | Page 203 | ...4 R OBrien Gen Butlers Hd Qrs Francis fugitive for Knave unity your wreathe received zebra had previously sent over peach prolong purple feet of lumber and all Sampson boats to Saco how Patton under charge of princess Lubey gallant Amos Randolphs zodiac am sawing peach inch lumber fast as possible pedlar will continue to forw...
  5749 | Page 205 | ...on wide and quite deep when we left wilcox wharf at pony o'clock this morning there were pebble wayworn boats there to begin salmoning Barlows quitman unity no sampson boats had yet appeared pedlar however the pluming wilby made with all practicable rapidity the whisky pocketing on boats and the patron being used for the trai...
  10291 | Page 149 | ... obeyed sig Rosecrans Mart Crain is here in military office working nights have some hopes of him reforming and making a steady man I hope he will   1115 PM JW Sampson Balto -  Ft Monroe May 1" 1864 For Gen Liu Wallace Correspondant of the N. Y. World at Baltimore & also from Ft Monroe is WW Shore whom I sent away from this D...
  9931 | Page 265 | ...  SH Beckwith  Washn Jany 6th 1865 Emily Elliot Rebel Forbids by Special messenger from Whisper am mowry Purple Beds and implements from wolf an sin all Dyer   Sampson  Washn Jany 7th 1865 1030 am Elizabeth Plunder For New port zebra Including Surro Nada Pekin Ashland Pedlar and Oriental have you whig sufficient Sugar Has the...
  12773 | Leaf 338 | ...as T Bulkley DH   11a July 16 Baltimore  July 16 Maj Eckert My office is to be moved up stairs Shall I get man from [unclear]American[/unclear] office to do it Sampson ...
  9932 | Page 266 | ...g harmed will repair to Low well Luther and harvest by letter tooth montrose gallant Alps Pink Atlantic the Mogul Increase W A Nichols Morphine Red good   No 1 Sampson Balt.  Wash. Jan. 7. 1865 Lucy for Newport Vincent ---- Nabob has wicked to the brutus that the whimpers were not ready at baptism for Shelter Grover ---- Have...
  6041 | Page 83 | ...beg to warn you in time with only reference to the safety of the frontier I wish to urge again in the strongest terms the absolute necessity of filling the old Sampson with drafted men Adam Sarah finis ...
  12956 | Leaf 58 | ...235P Sept 27 Baltimore  Sept 27 Maj Eckert Two men of Palmers party named Williams & Shaw left behind yesterday are here Shall they come to Washington Sampson   New York Sept 27 Maj Eckert Sales between 3 & 4 PM & at one ninety Jno Horner ...
  6042 | Page 84 | ...f the saint but it was all I could spare from this Taunton I learn yesterday that Quarrel Kenly has just received an order from you to detach one of his Rabbit Sampson to report to Gov Bradford In view of the weakness of his Command I hope some other salmon may be substituted for this to report to Gov Bradford Adam Florence ...
  9936 | Page 270 | ...1865 Emily Glance to lady ---- Kisses pelton will come to Grapes instead of Annapolis Please notify them torch change Walrus Jordan ---- ----   No 1  10 1/2 am Sampson Balt  Wash Jan 17 1865 Elizabeth Gar - net ---- The whisky saxon wicoff wellcome to  Growl instead of baptism Ivory   No 3  1. P. M. Beckwith City Pt.  Wash Ja...
  13933 | Leaf 82 | ...Richmond Maj Eckert Sampson reports line open & working from Bristol to Knoxville & Chattanooga today AH Caldwell   June 25 Fort Monroe  25 Maj T. T. Eckert Please accept my resignation o...
  9938 | Page 272 | ...been bribed and gift prisoners now in the cell are waiting a favorable opportunity to escape zodiac Please  have it attended to at once walrus Insanity   J. W. Sampson Balto 1 pm  Washn Jany 21st 1865  To Garrett Baptism Plug train stomach Bogus last night from person to plague waldo will leave wedge and as many whelp  zebra ...
  9940 | Page 274 | ...JW Sampson Balto  Washn Jany 21st 1865 Minnie for JW Garrett No trains have been sent by Dauphin wiley to Parkersbg because the ice was so thick there that even Sampson b...
  9940 | Page 274 | ...W Sampson Balto  Washn Jany 21st 1865 Minnie for JW Garrett No trains have been sent by Dauphin wiley to Parkersbg because the ice was so thick there that even Sampson boats could not plum Pandora Parsons wrangles tonight that the weather at Booby is moderating so that he will perhaps bable to  send boats up the windsor whelp...
  9941 | Page 275 | ...J W. Sampson  Washn Jany 23rd 1865 11 AM Fanny Harrow Perfume for J Double you Gay - writ Pandora Parsons wicks that up to Libby yes wedge about Plague purple had come Peas...
  4823 | Page 382 | ...810 pm J W Sampson Balto  Fort Monroe July 25th 1864  Ft Monroe 2 pm July 25th  Com Purviance light house Inspr Balto . Capt gale keeper of Lightship mouth of York river asks to ...
  9951 | Page 285 | ...l debark at Turkey and forge thence by grumble to Walrus gold magic Harvest for further genders to Portland at Walrus impress Pudding   J. <unclear>W</unclear> Sampson  Washn Feby 1st 1865 Frances for Palsey Meaghn Baptism zebra You will please Tan your Polka to Flora Abacus in steady of Saco Fisher as here to fore ordered zo...
  5772 | Page 228 | ...ing has no whist save invalids unity please send stagger draft salmon boat pekin plate weighed walrus D L Braine Lieut polkaer polkaing W S S girls finis J. W. Sampson   Gen Butlers Hd Qrs. July 24 / 64  Geo. D. Sheldon Snake martha July harsh penny for pandora biggs zodiac send me a list of all the boots in the quadroon capa...
  5774 | Page 230 | ...Ft Monroe July 25 / 64 J. W. Sampson  Baltimore Appian Helen July harrow person for pekin door Purviance Light House Inspector baptism unity pilgrim Gayle keeper of light ship mouth of york windso...
  8996 | Page 104 | ...Antietam rusty and Shepards town for Leg hours in large saint zebra It is important that your whistle be brought forward as rap idly as possible walrus Ivory   Sampson Bueto  Wash July 7. 1864.  fanny for Capt Thomas ---- Let the vessels bringing up ricketts whiff return at once to blubber & send to that place all wayworn whi...
  9954 | Page 288 | ...ect & duplicate Joint to nibble for his views ---- Gondola the matter had better be fence as it is until we hear from Newgate Impress Neptune ----   No 1  2 PM Sampson Balt ----  Wash Feb 4 1865 for Morris The harsh perfumed pelton is quarreling at banjo & the provision al Quincy under Shelby Meagher at Annapolis Jonah ...
  5775 | Page 231 | ...ssel zodiac if you have the means take her to hamp tun wileys let me know  if the service can be done by you yoke I Mc Garvey for stagger house inspector J. W. Sampson   Washington July 30th 1864  Sheldon Ft Monroe Harris bury July laugh Rosalie for bravo grapes copy to bologna and John animal zebra just hear from Dover unity...
  12797 | Leaf 361 | ...2P July 20 Baltimore  July 20 Maj Eckert Delivered msg to both Baggage Master & Mr Young No answer from either will send & ask for one Sampson   NY 20 Maj Eckert Please hurry up the clamp as much as possible I wish to get them started while here Chas F Bulkley ...
requests 21

[exited with code 0]
