line	pos	sign	conf	value	grade
f110-1	1	4+		m	H
f110-1	2	7		o	H
f110-1	3	6		i|n|s	M
f110-1	4	o		i	H
f110-1	5	o		i	H
f110-1	6	8		g	H
f110-1	7	w-		d	H
f110-1	8	e		r	H
f110-1	9	w		?	U
f110-1	10	h		e	H
f110-1	11	8		g	H
f110-1	12	E		i|y	M
f110-1	13	n		l	H
f110-1	14	x		e	H
f110-1	15	t		e	H
f110-1	16	L		r	H
f110-1	17	H		o	H
f110-1	18	o		i	H
f110-1	19	g		u	H
f110-1	20	7		o	H
f110-1	21	BOX		?	U
f110-1	22	d		s	H
f110-1	23	s		u	H
f110-1	24	U		?	U
f110-1	25	e		r	H
f110-1	26	T		?	U
f110-1	27	h		e	H
f110-1	28	e		r	H
f110-1	29	p		?	U
f110-1	30	8		g	H
f110-1	31	t		e	H
f110-1	32	6		i|n|s	M
f110-1	33	f		c|u	M
f110-1	34	o		i	H
f110-1	35	L		r	H
f110-1	36	n		l	H
f110-1	37	o		i	H
f110-1	38	A		l	H
f110-1	39	h		e	H
f110-1	40	m		t	H
f110-1	41	Ze		t	H
f110-1	42	L		r	H
f110-1	43	s		u	H
f110-1	44	w-		d	H
f110-1	45	t		e	H
f110-1	46	e		r	H
f110-1	47	8		g	H
f110-1	48	m		t	H
f110-1	49	t		e	H
f110-1	50	m		t	H
f110-1	51	o		i	H
f110-1	52	h		e	H
f110-1	53	e		r	H
f110-1	54	BOX		?	U
f110-1	55	z		?	U
f110-1	56	q		u	H
f110-1	57	BOX		?	U
f110-1	58	7		o	H
f110-1	59	s		u	H
f110-1	60	n		l	H
f110-1	61	1		?	U
f110-1	62	e		r	H
f110-2	1	z		?	U
f110-2	2	e		r	H
f110-2	3	L		r	H
f110-2	4	E		i|y	M
f110-2	5	Ze		t	H
f110-2	6	h		e	H
f110-2	7	6		i|n|s	M
f110-2	8	q		u	H
f110-2	9	w-		d	H
f110-2	10	t		e	H
f110-2	11	n		l	H
f110-2	12	BOX		?	U
f110-2	13	z		?	U
f110-2	14	R		p	H
f110-2	15	e		r	H
f110-2	16	ff		n|o	M
f110-2	17	c		p	H
f110-2	18	o		i	H
f110-2	19	f		c|u	M
f110-2	20	t		e	H
f110-2	21	t		e	H
f110-2	22	n		l	H
f110-2	23	h		e	H
f110-2	24	c		p	H
f110-2	25	c		p	H
f110-2	26	s		u	H
f110-2	27	q		u	H
f110-2	28	e		r	H
f110-2	29	e		r	H
f110-2	30	o		i	H
f110-2	31	d		s	H
f110-2	32	f		c|u	M
f110-2	33	n		l	H
f110-2	34	t		e	H
f110-2	35	4		?	U
f110-2	36	U		?	U
f110-2	37	.v.		n	H
f110-2	38	E		i|y	M
f110-2	39	.v.		n	H
f110-2	40	Ze		t	H
f110-2	41	w-		d	H
f110-2	42	BOX		?	U
f110-2	43	t		e	H
f110-2	44	z		?	U
f110-2	45	h		e	H
f110-2	46	f		c|u	M
f110-2	47	n		l	H
f110-2	48	7		o	H
f110-2	49	BOX		?	U
f110-2	50	q		u	H
f110-2	51	o		i	H
f110-2	52	ff		n|o	M
f110-2	53	z		?	U
f110-2	54	M		f	H
f110-2	55	o		i	H
f110-2	56	z		?	U
f110-2	57	ff		n|o	M
f110-3	1	4+		m	H
f110-3	2	z		?	U
f110-3	3	h		e	H
f110-3	4	T		?	U
f110-3	5	BOX		?	U
f110-3	6	t		e	H
f110-3	7	q		u	H
f110-3	8	w-		d	H
f110-3	9	h		e	H
f110-3	10	f		c|u	M
f110-3	11	o		i	H
f110-3	12	e		r	H
f110-3	13	n		l	H
f110-3	14	A		l	H
f110-3	15	T		?	U
f110-3	16	c		p	H
f110-3	17	e		r	H
f110-3	18	BOX		?	U
f110-3	19	d		s	H
f110-3	20	n		l	H
f110-3	21	o		i	H
f110-3	22	p		?	U
f110-3	23	L		r	H
f110-3	24	h		e	H
f110-3	25	o		i	H
f110-3	26	t		e	H
f110-3	27	t		e	H
f110-3	28	6		i|n|s	M
f110-3	29	m		t	H
f110-3	30	o		i	H
f110-3	31	BOX		?	U
f110-3	32	h		e	H
f110-3	33	f		c|u	M
f110-3	34	w		?	U
f110-3	35	BOX		?	U
f110-3	36	7		o	H
f110-3	37	s		u	H
f110-3	38	e		r	H
f110-3	39	c		p	H
f110-3	40	BOX		?	U
f110-3	41	h		e	H
f110-3	42	ff		n|o	M
f110-3	43	i		i|e	M
f110-3	44	w		?	U
f110-3	45	BOX		?	U
f110-3	46	o		i	H
f110-3	47	z		?	U
f110-3	48	o		i	H
f110-3	49	B		i|y	M
f110-3	50	m		t	H
f110-3	51	e		r	H
f110-3	52	h		e	H
f110-3	53	z		?	U
f110-3	54	o		i	H
f110-3	55	d		s	H
f110-3	56	e		r	H
f110-3	57	U		?	U
f110-3	58	ff		n|o	M
f110-3	59	7		o	H
f110-3	60	6		i|n|s	M
f110-3	61	z		?	U
f110-3	62	ff		n|o	M
f110-4	1	n		l	H
f110-4	2	t		e	H
f110-4	3	.v.		n	H
f110-4	4	z		?	U
f110-4	5	A		l	H
f110-4	6	m		t	H
f110-4	7	w-		d	H
f110-4	8	h		e	H
f110-4	9	z		?	U
f110-4	10	T		?	U
f110-4	11	o		i	H
f110-4	12	o		i	H
f110-4	13	w-		d	H
f110-4	14	t		e	H
f110-4	15	ff		n|o	M
f110-4	16	7		o	H
f110-4	17	6		i|n|s	M
f110-4	18	z		?	U
f110-4	19	z		?	U
f110-4	20	w-		d	H
f110-4	21	h		e	H
f110-4	22	7		o	H
f110-4	23	f		c|u	M
f110-4	24	t		e	H
f110-4	25	E		i|y	M
f110-4	26	U		?	U
f110-4	27	z		?	U
f110-4	28	e		r	H
f110-4	29	h		e	H
f110-4	30	f		c|u	M
f110-4	31	A		l	H
f110-4	32	T		?	U
f110-4	33	m		t	H
f110-4	34	e		r	H
f110-4	35	ff		n|o	M
f110-4	36	BOX		?	U
f110-4	37	n		l	H
f110-4	38	o		i	H
f110-4	39	4+		m	H
f110-4	40	e		r	H
f110-4	41	t		e	H
f110-4	42	o		i	H
f110-4	43	A		l	H
f110-4	44	B		i|y	M
f110-4	45	m		t	H
f110-5	1	f		c|u	M
f110-5	2	BOX		?	U
f110-5	3	w-		d	H
f110-5	4	e		r	H
f110-5	5	o		i	H
f110-5	6	n		l	H
f110-5	7	t		e	H
f110-5	8	ff		n|o	M
f110-5	9	4+		m	H
f110-5	10	4		?	U
f110-5	11	d		s	H
f110-5	12	o		i	H
f110-5	13	6		i|n|s	M
f110-5	14	ff		n|o	M
f110-5	15	h		e	H
f110-5	16	4		?	U
f110-5	17	t		e	H
f110-5	18	6		i|n|s	M
f110-5	19	m		t	H
f110-5	20	f		c|u	M
f110-5	21	7		o	H
f110-5	22	U		?	U
f110-5	23	e		r	H
f110-5	24	n		l	H
f110-5	25	t		e	H
f110-5	26	R		p	H
f110-5	27	h		e	H
f110-5	28	BOX		?	U
f110-5	29	w-		d	H
f110-5	30	t		e	H
f110-5	31	d		s	H
f110-5	32	7		o	H
f110-5	33	z		?	U
f110-5	34	ff		n|o	M
f110-5	35	y		?	U
f110-5	36	w		?	U
f110-5	37	E		i|y	M
f110-5	38	h		e	H
f110-5	39	e		r	H
f110-5	40	o		i	H
f110-5	41	z		?	U
f110-5	42	BOX		?	U
f110-5	43	4+		m	H
f110-5	44	z		?	U
f110-5	45	A		l	H
f110-5	46	BOX		?	U
f110-5	47	7		o	H
f110-5	48	z		?	U
f110-5	49	m		t	H
f110-5	50	Ze		t	H
f110-5	51	t		e	H
f110-5	52	6		i|n|s	M
f110-5	53	w-		d	H
f110-5	54	7		o	H
f110-5	55	z		?	U
f110-5	56	m		t	H
f110-5	57	f		c|u	M
f110-5	58	o		i	H
f110-6	1	p		?	U
f110-6	2	h		e	H
f110-6	3	o		i	H
f110-6	4	BOX		?	U
f110-6	5	H		o	H
f110-6	6	7		o	H
f110-6	7	s		u	H
f110-6	8	f		c|u	M
f110-6	9	w		?	U
f110-6	10	h		e	H
f110-6	11	p		?	U
f110-6	12	7		o	H
f110-6	13	6		i|n|s	M
f110-6	14	q		u	H
f110-6	15	e		r	H
f110-6	16	M		f	H
f110-6	17	L		r	H
f110-6	18	t		e	H
f110-6	19	H		o	H
f110-6	20	m		t	H
f110-6	21	d		s	H
f110-6	22	E		i|y	M
f110-6	23	h		e	H
f110-6	24	n		l	H
f110-6	25	o		i	H
f110-6	26	B		i|y	M
f110-6	27	f		c|u	M
f110-6	28	n		l	H
f110-6	29	BOX		?	U
f110-6	30	e		r	H
f110-6	31	f		c|u	M
f110-6	32	o		i	H
f110-6	33	T		?	U
f110-6	34	m		t	H
f110-6	35	z		?	U
f110-6	36	H		o	H
f110-6	37	BOX		?	U
f110-6	38	BOX		?	U
f110-6	39	n		l	H
f110-6	40	e		r	H
f110-6	41	e		r	H
f110-6	42	t		e	H
f110-6	43	4		?	U
f110-6	44	h		e	H
f110-6	45	6		i|n|s	M
f110-6	46	m		t	H
f110-6	47	e		r	H
f110-6	48	h		e	H
f110-6	49	4		?	U
f110-6	50	o		i	H
f110-6	51	e		r	H
f110-6	52	e		r	H
f110-6	53	t		e	H
f110-6	54	w		?	U
f110-6	55	h		e	H
f110-6	56	f		c|u	M
f110-6	57	t		e	H
f110-6	58	4		?	U
f110-6	59	H		o	H
f110-6	60	e		r	H
f110-6	61	e		r	H
f110-6	62	w		?	U
f110-6	63	BOX		?	U
f110-6	64	h		e	H
f110-6	65	n		l	H
f110-6	66	t		e	H
f110-6	67	T		?	U
f110-6	68	7		o	H
f110-6	69	z		?	U
f110-6	70	o		i	H
f110-6	71	f		c|u	M
f110-6	72	e		r	H
f110-6	73	e		r	H
f110-6	74	d		s	H
f110-7	1	H		o	H
f110-7	2	m		t	H
f110-7	3	w		?	U
f110-7	4	BOX		?	U
f110-7	5	e		r	H
f110-7	6	e		r	H
f110-7	7	q		u	H
f110-7	8	m		t	H
f110-7	9	w		?	U
f110-7	10	o		i	H
f110-7	11	6		i|n|s	M
f110-7	12	e		r	H
f110-7	13	BOX		?	U
f110-7	14	7		o	H
f110-7	15	q		u	H
f110-7	16	m		t	H
f110-7	17	e		r	H
f110-7	18	h		e	H
f110-7	19	w		?	U
f110-7	20	e		r	H
f110-7	21	T		?	U
f110-7	22	6		i|n|s	M
f110-7	23	z		?	U
f110-7	24	h		e	H
f110-7	25	e		r	H
f110-7	26	t		e	H
f110-7	27	w		?	U
f110-7	28	h		e	H
f110-7	29	f		c|u	M
f110-7	30	t		e	H
f110-7	31	q		u	H
f110-7	32	H		o	H
f110-7	33	f		c|u	M
f110-7	34	e		r	H
f110-7	35	w		?	U
f110-7	36	BOX		?	U
f110-7	37	h		e	H
f110-7	38	n		l	H
f110-7	39	t		e	H
f110-7	40	T		?	U
f110-7	41	7		o	H
f110-7	42	z		?	U
f110-7	43	o		i	H
f110-7	44	f		c|u	M
f110-7	45	e		r	H
f110-7	46	e		r	H
f110-7	47	o		i	H
f110-8	1	BOX		?	U
f110-8	2	e		r	H
f110-8	3	w		?	U
f110-8	4	o		i	H
f110-8	5	6		i|n|s	M
f110-8	6	z		?	U
f110-8	7	e		r	H
f110-8	8	h		e	H
f110-8	9	T		?	U
f110-8	10	q		u	H
f110-8	11	w		?	U
f110-8	12	BOX		?	U
f110-8	13	z		?	U
f110-8	14	o		i	H
f110-8	15	e		r	H
f110-8	16	T		?	U
f110-8	17	e		r	H
f110-8	18	BOX		?	U
f110-8	19	t		e	H
f110-8	20	6		i|n|s	M
f110-8	21	m		t	H
f110-8	22	o		i	H
f110-8	23	h		e	H
f110-8	24	H		o	H
f110-8	25	e		r	H
f110-8	26	BOX		?	U
f110-8	27	e		r	H
f110-8	28	w		?	U
f110-8	29	BOX		?	U
f110-8	30	z		?	U
f110-8	31	t		e	H
f110-8	32	6		i|n|s	M
f110-8	33	m		t	H
f110-8	34	e		r	H
f110-8	35	h		e	H
f110-8	36	f		c|u	M
f110-8	37	T		?	U
f110-8	38	t		e	H
f110-8	39	B		i|y	M
f110-8	40	e		r	H
f110-8	41	6		i|n|s	M
f110-8	42	m		t	H
f110-8	43	n		l	H
f110-8	44	o		i	H
f110-8	45	z		?	U
f110-8	46	BOX		?	U
f110-8	47	h		e	H
f110-9	1	n		l	H
f110-9	2	H		o	H
f110-9	3	7		o	H
f110-9	4	BOX		?	U
f110-9	5	t		e	H
f110-9	6	e		r	H
f110-9	7	n		l	H
f110-9	8	o		i	H
f110-9	9	L		r	H
f110-9	10	D2		?	U
f110-9	11	z		?	U
f110-9	12	H		o	H
f110-9	13	m		t	H
f110-9	14	f		c|u	M
f110-9	15	h		e	H
f110-9	16	q		u	H
f110-9	17	m		t	H
f110-9	18	z		?	U
f110-9	19	H		o	H
f110-9	20	e		r	H
f110-9	21	4		?	U
f110-9	22	6		i|n|s	M
f110-9	23	p		?	U
f110-9	24	p		?	U
f110-9	25	e		r	H
f110-9	26	t		e	H
f110-9	27	4		?	U
f110-9	28	h		e	H
f110-9	29	6		i|n|s	M
f110-9	30	m		t	H
f110-9	31	w		?	U
f110-9	32	BOX		?	U
f110-9	33	t		e	H
f110-9	34	q		u	H
f110-9	35	7		o	H
f110-9	36	s		u	H
f110-9	37	p		?	U
f110-9	38	p		?	U
f110-9	39	H		o	H
f110-9	40	h		e	H
f110-9	41	q		u	H
f110-9	42	f		c|u	M
f110-9	43	o		i	H
f110-9	44	e		r	H
f110-9	45	7		o	H
f110-9	46	h		e	H
f110-9	47	e		r	H
f110-9	48	t		e	H
f110-10	1	R		p	H
f110-10	2	n		l	H
f110-10	3	BOX		?	U
f110-10	4	e		r	H
f110-10	5	w		?	U
f110-10	6	h		e	H
f110-10	7	q		u	H
f110-10	8	BOX		?	U
f110-10	9	p		?	U
f110-10	10	p		?	U
f110-10	11	m		t	H
f110-10	12	o		i	H
f110-10	13	6		i|n|s	M
f110-10	14	H		o	H
f110-10	15	t		e	H
f110-10	16	e		r	H
f110-10	17	h		e	H
f110-10	18	m		t	H
f110-10	19	t		e	H
f110-10	20	6		i|n|s	M
f110-10	21	BOX		?	U
f110-10	22	B		i|y	M
f110-10	23	w		?	U
f110-10	24	s		u	H
f110-10	25	s		u	H
f110-10	26	z		?	U
f110-10	27	n		l	H
f110-10	28	o		i	H
f110-10	29	h		e	H
f110-10	30	ff		n|o	M
f110-10	31	f		c|u	M
f110-10	32	o		i	H
f110-10	33	e		r	H
f110-10	34	7		o	H
f110-10	35	z		?	U
f110-10	36	q		u	H
f110-10	37	m		t	H
f110-10	38	E		i|y	M
f110-10	39	n		l	H
f110-10	40	L		r	H
f110-10	41	o		i	H
f110-10	42	BOX		?	U
f110-10	43	n		l	H
f110-10	44	m		t	H
f110-10	45	f		c|u	M
f110-10	46	e		r	H
f110-10	47	e		r	H
f110-11	1	e		r	H
f110-11	2	z		?	U
f110-11	3	n		l	H
f110-11	4	o		i	H
f110-11	5	T		?	U
f110-11	6	7		o	H
f110-11	7	e		r	H
f110-11	8	t		e	H
f110-11	9	p		?	U
f110-11	10	m		t	H
f110-11	11	h		e	H
f110-11	12	B		i|y	M
f110-11	13	BOX		?	U
f110-11	14	z		?	U
f110-11	15	h		e	H
f110-11	16	w		?	U
f110-11	17	t		e	H
f110-11	18	n		l	H
f110-11	19	o		i	H
f110-11	20	z		?	U
f110-11	21	BOX		?	U
f110-11	22	h		e	H
f110-11	23	e		r	H
f110-11	24	T		?	U
f110-11	25	t		e	H
f110-11	26	e		r	H
f110-11	27	m		t	H
f110-11	28	w		?	U
f110-11	29	BOX		?	U
f110-11	30	z		?	U
f110-11	31	n		l	H
f110-11	32	o		i	H
f110-11	33	BOX		?	U
f110-11	34	BOX		?	U
f110-11	35	h		e	H
f110-11	36	s		u	H
f110-11	37	e		r	H
f110-11	38	he		l	H
f110-11	39	t		e	H
f110-11	40	L		r	H
f110-11	41	z		?	U
f110-11	42	6		i|n|s	M
f110-11	43	o		i	H
f110-11	44	e		r	H
f110-12	1	z		?	U
f110-12	2	e		r	H
f110-12	3	h		e	H
f110-12	4	f		c|u	M
f110-12	5	n		l	H
f110-12	6	BOX		?	U
f110-12	7	e		r	H
f110-12	8	z		?	U
f110-12	9	7		o	H
f110-12	10	B		i|y	M
f110-12	11	h		e	H
f110-12	12	q		u	H
f110-12	13	m		t	H
f110-12	14	t		e	H
f110-12	15	4		?	U
f110-12	16	t		e	H
f110-12	17	6		i|n|s	M
f110-12	18	m		t	H
f110-12	19	w		?	U
f110-12	20	BOX		?	U
f110-12	21	h		e	H
f110-12	22	f		c|u	M
f110-12	23	o		i	H
f110-12	24	e		r	H
f110-12	25	n		l	H
f110-12	26	n		l	H
f110-12	27	o		i	H
f110-12	28	T		?	U
f110-12	29	BOX		?	U
f110-12	30	z		?	U
f110-12	31	6		i|n|s	M
f110-12	32	t		e	H
f110-12	33	w		?	U
f110-12	34	h		e	H
f110-12	35	4		?	U
f110-12	36	o		i	H
f110-12	37	e		r	H
f110-12	38	e		r	H
f110-12	39	d		s	H
f110-12	40	f		c|u	M
f110-12	41	BOX		?	U
f110-12	42	m		t	H
f110-12	43	o		i	H
f110-12	44	m		t	H
f110-12	45	e		r	H
f110-12	46	7		o	H
f110-12	47	6		i|n|s	M
f110-12	48	h		e	H
f110-12	49	m		t	H
f110-13	1	f		c|u	M
f110-13	2	7		o	H
f110-13	3	BOX		?	U
f110-13	4	T		?	U
f110-13	5	f		c|u	M
f110-13	6	e		r	H
f110-13	7	h		e	H
f110-13	8	6		i|n|s	M
f110-13	9	t		e	H
f110-13	10	w		?	U
f110-13	11	BOX		?	U
f110-13	12	h		e	H
f110-13	13	n		l	H
f110-13	14	o		i	H
f110-13	15	z		?	U
f110-13	16	BOX		?	U
f110-13	17	h		e	H
f110-13	18	e		r	H
f110-13	19	T		?	U
f110-13	20	t		e	H
f110-13	21	e		r	H
f110-13	22	q		u	H
f110-13	23	m		t	H
f110-13	24	n		l	H
f110-13	25	6		i|n|s	M
f110-13	26	BOX		?	U
f110-13	27	e		r	H
f110-13	28	e		r	H
f110-13	29	z		?	U
f110-13	30	f		c|u	M
f110-13	31	n		l	H
f110-13	32	t		e	H
f110-13	33	B		i|y	M
f110-13	34	m		t	H
f110-13	35	w		?	U
f110-13	36	BOX		?	U
f110-13	37	t		e	H
f110-13	38	he		l	H
f110-13	39	h		e	H
f110-13	40	6		i|n|s	M
f110-13	41	e		r	H
f110-13	42	H		o	H
f110-13	43	t		e	H
f110-13	44	f		c|u	M
f110-13	45	h		e	H
f110-13	46	BOX		?	U
f110-14	1	e		r	H
f110-14	2	o		i	H
f110-14	3	f		c|u	M
f110-14	4	m		t	H
f110-14	5	p		?	U
f110-14	6	7		o	H
f110-14	7	6		i|n|s	M
f110-14	8	m		t	H
f110-14	9	4		?	U
f110-14	10	h		e	H
f110-14	11	q		u	H
f110-14	12	6		i|n|s	M
f110-14	13	6		i|n|s	M
f110-14	14	ff		n|o	M
f110-14	15	t		e	H
f110-14	16	4		?	U
f110-14	17	4		?	U
f110-14	18	z		?	U
f110-14	19	e		r	H
f110-14	20	w		?	U
f110-14	21	BOX		?	U
f110-14	22	e		r	H
f110-14	23	n		l	H
f110-14	24	BOX		?	U
f110-14	25	z		?	U
f110-14	26	BOX		?	U
f110-14	27	h		e	H
f110-14	28	s		u	H
f110-14	29	n		l	H
f110-14	30	e		r	H
f110-14	31	e		r	H
f110-14	32	6		i|n|s	M
f110-14	33	m		t	H
f110-14	34	f		c|u	M
f110-14	35	h		e	H
f110-14	36	e		r	H
f110-14	37	q		u	H
f110-14	38	BOX		?	U
f110-14	39	o		i	H
f110-14	40	w		?	U
f110-15	1	4		?	U
f110-15	2	z		?	U
f110-15	3	e		r	H
f110-15	4	w		?	U
f110-15	5	BOX		?	U
f110-15	6	e		r	H
f110-15	7	n		l	H
f110-15	8	BOX		?	U
f110-15	9	z		?	U
f110-15	10	BOX		?	U
f110-15	11	h		e	H
f110-15	12	s		u	H
f110-15	13	n		l	H
f110-15	14	e		r	H
f110-15	15	e		r	H
f110-15	16	6		i|n|s	M
f110-15	17	m		t	H
f110-15	18	f		c|u	M
f110-15	19	t		e	H
f110-15	20	s		u	H
f110-15	21	n		l	H
f110-15	22	m		t	H
f110-15	23	f		c|u	M
f110-15	24	o		i	H
f110-15	25	z		?	U
f110-15	26	n		l	H
f110-15	27	BOX		?	U
f110-15	28	e		r	H
f110-15	29	o		i	H
f110-15	30	BOX		?	U
f110-15	31	e		r	H
f110-15	32	t		e	H
f110-15	33	q		u	H
f110-15	34	m		t	H
f110-15	35	e		r	H
f110-15	36	z		?	U
f110-15	37	6		i|n|s	M
f110-15	38	f		c|u	M
f110-15	39	BOX		?	U
f110-15	40	e		r	H
f110-15	41	p		?	U
f110-15	42	w		?	U
f110-15	43	z		?	U
f110-15	44	e		r	H
f110-15	45	h		e	H
f110-15	46	w		?	U
f110-15	47	BOX		?	U
f110-15	48	z		?	U
f110-15	49	e		r	H
f110-16	1	e		r	H
f110-16	2	o		i	H
f110-16	3	z		?	U
f110-16	4	z		?	U
f110-16	5	T		?	U
f110-16	6	h		e	H
f110-16	7	w		?	U
f110-16	8	BOX		?	U
f110-16	9	z		?	U
f110-16	10	n		l	H
f110-16	11	6		i|n|s	M
f110-16	12	h		e	H
f110-16	13	6		i|n|s	M
f110-16	14	q		u	H
f110-16	15	t		e	H
f110-16	16	f		c|u	M
f110-16	17	7		o	H
f110-16	18	BOX		?	U
f110-16	19	6		i|n|s	M
f110-16	20	s		u	H
f110-16	21	7		o	H
f110-16	22	z		?	U
f110-16	23	m		t	H
f110-16	24	4		?	U
f110-16	25	z		?	U
f110-16	26	h		e	H
f110-16	27	BOX		?	U
f110-16	28	p		?	U
f110-16	29	f		c|u	M
f110-16	30	o		i	H
f110-16	31	z		?	U
f110-16	32	e		r	H
f110-16	33	h		e	H
f110-16	34	w		?	U
f110-16	35	BOX		?	U
f110-16	36	t		e	H
f110-16	37	w		?	U
f110-16	38	h		e	H
f110-16	39	n		l	H
f110-16	40	o		i	H
f110-16	41	H		o	H
f110-16	42	7		o	H
f110-16	43	6		i|n|s	M
f110-16	44	q		u	H
f110-16	45	h		e	H
f110-16	46	e		r	H
f110-16	47	BOX		?	U
f110-16	48	t		e	H
f110-16	49	t		e	H
f110-16	50	T		?	U
f110-16	51	H		o	H
f110-16	52	7		o	H
f110-16	53	o		i	H
f110-16	54	e		r	H
f110-16	55	z		?	U
f110-16	56	o		i	H
f110-16	57	e		r	H
f110-16	58	L		r	H
f110-16	59	o		i	H
f110-16	60	z		?	U
f110-17	1	z		?	U
f110-17	2	n		l	H
f110-17	3	6		i|n|s	M
f110-17	4	h		e	H
f110-17	5	4		?	U
f110-17	6	t		e	H
f110-17	7	6		i|n|s	M
f110-17	8	n		l	H
f110-17	9	e		r	H
f110-17	10	T		?	U
f110-17	11	BOX		?	U
f110-17	12	z		?	U
f110-17	13	e		r	H
f110-17	14	o		i	H
f110-17	15	n		l	H
f110-17	16	A		l	H
f110-17	17	q		u	H
f110-17	18	o		i	H
f110-17	19	z		?	U
f110-17	20	e		r	H
f110-17	21	7		o	H
f110-17	22	6		i|n|s	M
f110-17	23	h		e	H
f110-17	24	m		t	H
f110-17	25	o		i	H
f110-17	26	o		i	H
f110-17	27	BOX		?	U
f110-17	28	e		r	H
f110-17	29	7		o	H
f110-17	30	H		o	H
f110-17	31	f		c|u	M
f110-17	32	o		i	H
f110-17	33	q		u	H
f110-17	34	z		?	U
f110-17	35	7		o	H
f110-17	36	6		i|n|s	M
f110-17	37	d		s	H
f110-17	38	w		?	U
f110-17	39	BOX		?	U
f110-18	1	H		o	H
f110-18	2	m		t	H
f110-18	3	o		i	H
f110-18	4	BOX		?	U
f110-18	5	h		e	H
f110-18	6	H		o	H
f110-18	7	w		?	U
f110-18	8	q		u	H
f110-18	9	z		?	U
f110-18	10	f		c|u	M
f110-18	11	h		e	H
f110-18	12	BOX		?	U
f110-18	13	w		?	U
f110-18	14	e		r	H
f110-18	15	w		?	U
f110-18	16	h		e	H
f110-18	17	e		r	H
f110-18	18	f		c|u	M
f110-18	19	t		e	H
f110-18	20	6		i|n|s	M
f110-18	21	H		o	H
f110-18	22	h		e	H
f110-18	23	f		c|u	M
f110-18	24	7		o	H
f110-18	25	7		o	H
f110-18	26	q		u	H
f110-18	27	e		r	H
f110-18	28	e		r	H
f110-18	29	q		u	H
f110-18	30	z		?	U
f110-18	31	6		i|n|s	M
f110-18	32	6		i|n|s	M
f110-18	33	e		r	H
f110-18	34	s		u	H
f110-18	35	f		c|u	M
f110-18	36	BOX		?	U
f110-18	37	z		?	U
f110-18	38	e		r	H
f110-18	39	4		?	U
f110-18	40	e		r	H
f110-18	41	e		r	H
f110-18	42	6		i|n|s	M
f110-18	43	m		t	H
f110-18	44	BOX		?	U
f110-18	45	z		?	U
f110-18	46	z		?	U
f110-18	47	n		l	H
f110-18	48	z		?	U
f110-18	49	h		e	H
f110-18	50	t		e	H
f110-18	51	o		i	H
f110-18	52	6		i|n|s	M
f110-18	53	m		t	H
f110-19	1	z		?	U
f110-19	2	q		u	H
f110-19	3	7		o	H
f110-19	4	o		i	H
f110-19	5	o		i	H
f110-19	6	e		r	H
f110-19	7	6		i|n|s	M
f110-19	8	m		t	H
f110-19	9	4		?	U
f110-19	10	o		i	H
f110-19	11	z		?	U
f110-19	12	6		i|n|s	M
f110-19	13	m		t	H
f110-19	14	h		e	H
f110-19	15	ff		n|o	M
f110-19	16	o		i	H
f110-19	17	6		i|n|s	M
f110-19	18	m		t	H
f110-19	19	w		?	U
f110-19	20	BOX		?	U
f110-19	21	o		i	H
f110-19	22	6		i|n|s	M
f110-19	23	w		?	U
f110-19	24	w		?	U
f110-19	25	o		i	H
f110-19	26	n		l	H
f110-19	27	A		l	H
f110-19	28	z		?	U
f110-19	29	BOX		?	U
f110-19	30	h		e	H
f110-19	31	T		?	U
f110-19	32	e		r	H
f110-19	33	h		e	H
f110-19	34	t		e	H
f110-19	35	n		l	H
f110-19	36	T		?	U
f110-19	37	h		e	H
f110-19	38	q		u	H
f110-19	39	t		e	H
f110-19	40	f		c|u	M
f110-19	41	h		e	H
f110-19	42	BOX		?	U
f110-19	43	n		l	H
f110-19	44	m		t	H
f110-19	45	L		r	H
f110-19	46	o		i	H
f110-19	47	e		r	H
f110-19	48	e		r	H
f110-20	1	e		r	H
f110-20	2	q		u	H
f110-20	3	o		i	H
f110-20	4	w		?	U
f110-20	5	BOX		?	U
f110-20	6	7		o	H
f110-20	7	z		?	U
f110-20	8	n		l	H
f110-20	9	e		r	H
f110-20	10	4		?	U
f110-20	11	f		c|u	M
f110-20	12	h		e	H
f110-20	13	q		u	H
f110-20	14	H		o	H
f110-20	15	4		?	U
f110-20	16	t		e	H
f110-20	17	4		?	U
f110-20	18	o		i	H
f110-20	19	6		i|n|s	M
f110-20	20	m		t	H
f110-20	21	w		?	U
f110-20	22	t		e	H
f110-20	23	H		o	H
f110-20	24	t		e	H
f110-20	25	h		e	H
f110-20	26	BOX		?	U
f110-20	27	v		?	U
f110-20	28	w		?	U
f110-20	29	BOX		?	U
f110-20	30	H		o	H
f110-20	31	h		e	H
f110-20	32	e		r	H
f110-20	33	e		r	H
f110-20	34	t		e	H
f110-20	35	6		i|n|s	M
f110-20	36	d		s	H
f110-20	37	q		u	H
f110-20	38	q		u	H
f110-20	39	m		t	H
f110-20	40	f		c|u	M
f110-20	41	f		c|u	M
f110-20	42	z		?	U
f110-20	43	m		t	H
f110-20	44	z		?	U
f110-20	45	e		r	H
f110-20	46	e		r	H
f110-20	47	n		l	H
f110-20	48	w		?	U
f110-20	49	6		i|n|s	M
f110-20	50	A		l	H
f110-20	51	z		?	U
f110-20	52	v		?	U
f110-20	53	f		c|u	M
f110-20	54	z		?	U
f110-20	55	BOX		?	U
f110-20	56	e		r	H
f110-20	57	n		l	H
f110-21	1	q		u	H
f110-21	2	o		i	H
f110-21	3	4		?	U
f110-21	4	z		?	U
f110-21	5	z		?	U
f110-21	6	6		i|n|s	M
f110-21	7	v		?	U
f110-21	8	m		t	H
f110-21	9	t		e	H
f110-21	10	e		r	H
f110-21	11	BOX		?	U
f110-21	12	v		?	U
f110-21	13	h		e	H
f110-21	14	4		?	U
f110-21	15	t		e	H
f110-21	16	z		?	U
f110-21	17	n		l	H
f110-21	18	o		i	H
f110-21	19	h		e	H
f110-21	20	BOX		?	U
f110-21	21	e		r	H
f110-21	22	w		?	U
f110-21	23	h		e	H
f110-21	24	6		i|n|s	M
f110-21	25	t		e	H
f110-21	26	n		l	H
f110-21	27	h		e	H
f110-21	28	L		r	H
f110-21	29	o		i	H
f110-21	30	z		?	U
f110-21	31	e		r	H
f110-21	32	h		e	H
f110-21	33	f		c|u	M
f110-21	34	7		o	H
f110-21	35	z		?	U
f110-21	36	6		i|n|s	M
f110-21	37	H		o	H
f110-21	38	m		t	H
f110-21	39	h		e	H
f110-21	40	Ze		t	H
f110-21	41	w		?	U
f110-21	42	o		i	H
f110-21	43	BOX		?	U
f110-21	44	7		o	H
f110-21	45	z		?	U
f110-21	46	e		r	H
f110-21	47	n		l	H
f110-21	48	o		i	H
f110-21	49	f		c|u	M
f110-21	50	z		?	U
f110-21	51	6		i|n|s	M
f110-21	52	v		?	U
f110-21	53	f		c|u	M
f110-21	54	BOX		?	U
f110-21	55	e		r	H
f110-22	1	z		?	U
f110-22	2	e		r	H
f110-22	3	h		e	H
f110-22	4	H		o	H
f110-22	5	7		o	H
f110-22	6	6		i|n|s	M
f110-22	7	s		u	H
f110-22	8	H		o	H
f110-22	9	7		o	H
f110-22	10	z		?	U
f110-22	11	q		u	H
f110-22	12	m		t	H
f110-22	13	e		r	H
f110-22	14	S		u|c	M
f110-22	15	w		?	U
f110-22	16	BOX		?	U
f110-22	17	h		e	H
f110-22	18	n		l	H
f110-22	19	7		o	H
f110-22	20	6		i|n|s	M
f110-22	21	z		?	U
f110-22	22	z		?	U
f110-22	23	ff		n|o	M
f110-22	24	o		i	H
f110-22	25	z		?	U
f110-22	26	m		t	H
f110-22	27	S		u|c	M
f110-22	28	B		i|y	M
f110-22	29	z		?	U
f110-22	30	h		e	H
f110-22	31	4		?	U
f110-22	32	m		t	H
f110-22	33	w		?	U
f110-22	34	BOX		?	U
f110-22	35	z		?	U
f110-22	36	n		l	H
f110-22	37	q		u	H
f110-22	38	v		?	U
f110-22	39	T		?	U
f110-22	40	7		o	H
f110-22	41	z		?	U
f110-22	42	m		t	H
f110-22	43	6		i|n|s	M
f110-22	44	6		i|n|s	M
f110-22	45	z		?	U
f110-22	46	z		?	U
f110-22	47	7		o	H
f110-22	48	v		?	U
f110-22	49	q		u	H
f110-22	50	o		i	H
f110-22	51	z		?	U
f110-22	52	e		r	H
f110-22	53	7		o	H
f110-22	54	w		?	U
f110-22	55	7		o	H
f110-23	1	f		c|u	M
f110-23	2	h		e	H
f110-23	3	o		i	H
f110-23	4	m		t	H
f110-23	5	S		u|c	M
f110-23	6	m		t	H
f110-23	7	e		r	H
f110-23	8	f		c|u	M
f110-23	9	v		?	U
f110-23	10	z		?	U
f110-23	11	v		?	U
f110-23	12	T		?	U
f110-23	13	T		?	U
f110-23	14	S		u|c	M
f110-23	15	6		i|n|s	M
f110-23	16	BOX		?	U
f110-23	17	q		u	H
f110-23	18	S		u|c	M
f110-23	19	w		?	U
f110-23	20	n		l	H
f110-23	21	h		e	H
f110-23	22	H		o	H
f110-23	23	m		t	H
f110-23	24	v		?	U
f110-23	25	z		?	U
f110-23	26	4		?	U
f110-23	27	e		r	H
f110-23	28	h		e	H
f110-23	29	H		o	H
f110-23	30	7		o	H
f110-23	31	BOX		?	U
f110-23	32	e		r	H
f110-23	33	q		u	H
f110-23	34	o		i	H
f110-23	35	BOX		?	U
f110-23	36	7		o	H
f110-23	37	s		u	H
f110-23	38	v		?	U
f110-23	39	H		o	H
f110-23	40	7		o	H
f110-23	41	z		?	U
f110-23	42	BOX		?	U
f110-23	43	S		u|c	M
f110-23	44	o		i	H
f110-23	45	4		?	U
f110-23	46	7		o	H
f110-23	47	6		i|n|s	M
f110-23	48	f		c|u	M
f110-23	49	A		l	H
f110-23	50	T		?	U
f110-23	51	m		t	H
f110-23	52	s		u	H
f110-23	53	H		o	H
f110-24	1	w		?	U
f110-24	2	n		l	H
f110-24	3	z		?	U
f110-24	4	S		u|c	M
f110-24	5	e		r	H
f110-24	6	o		i	H
f110-24	7	4		?	U
f110-24	8	S		u|c	M
f110-24	9	f		c|u	M
f110-24	10	7		o	H
f110-24	11	BOX		?	U
f110-24	12	e		r	H
f110-24	13	4		?	U
f110-24	14	S		u|c	M
f110-24	15	w		?	U
f110-24	16	7		o	H
f110-24	17	6		i|n|s	M
f110-24	18	ff		n|o	M
f110-24	19	h		e	H
f110-24	20	T		?	U
f110-24	21	S		u|c	M
f110-24	22	6		i|n|s	M
f110-24	23	H		o	H
f110-24	24	h		e	H
f110-24	25	n		l	H
f110-24	26	o		i	H
f110-24	27	BOX		?	U
f110-24	28	7		o	H
f110-24	29	q		u	H
f110-24	30	m		t	H
f110-24	31	e		r	H
f110-24	32	S		u|c	M
f110-24	33	o		i	H
f110-24	34	w		?	U
f110-24	35	BOX		?	U
f110-24	36	z		?	U
f110-24	37	v		?	U
f110-24	38	o		i	H
f110-24	39	z		?	U
f110-24	40	v		?	U
f110-24	41	q		u	H
f110-25	1	h		e	H
f110-25	2	BOX		?	U
f110-25	3	7		o	H
f110-25	4	z		?	U
f110-25	5	s		u	H
f110-25	6	h		e	H
f110-25	7	A		l	H
f110-25	8	v		?	U
f110-25	9	S		u|c	M
f110-25	10	6		i|n|s	M
f110-25	11	o		i	H
f110-25	12	v		?	U
f110-25	13	v		?	U
f110-25	14	s		u	H
f110-25	15	S		u|c	M
f110-25	16	q		u	H
f110-25	17	T		?	U
f110-25	18	h		e	H
f110-25	19	4		?	U
f110-25	20	t		e	H
f110-25	21	H		o	H
f110-25	22	m		t	H
f110-25	23	o		i	H
f110-25	24	6		i|n|s	M
f110-25	25	n		l	H
f110-25	26	m		t	H
f110-25	27	4		?	U
f110-25	28	S		u|c	M
f110-25	29	v		?	U
f110-25	30	4		?	U
f110-25	31	h		e	H
f110-25	32	q		u	H
f110-25	33	o		i	H
f110-25	34	BOX		?	U
f110-25	35	z		?	U
f110-25	36	v		?	U
f110-25	37	m		t	H
f110-25	38	e		r	H
f110-25	39	S		u|c	M
f110-25	40	w		?	U
f110-25	41	z		?	U
f110-25	42	q		u	H
f110-25	43	H		o	H
f110-25	44	T		?	U
f110-25	45	S		u|c	M
f110-25	46	m		t	H
f110-26	1	o		i	H
f110-26	2	BOX		?	U
f110-26	3	7		o	H
f110-26	4	z		?	U
f110-26	5	e		r	H
f110-26	6	o		i	H
f110-26	7	BOX		?	U
f110-26	8	T		?	U
f110-26	9	7		o	H
f110-26	10	z		?	U
f110-26	11	n		l	H
f110-26	12	o		i	H
f110-26	13	f		c|u	M
f110-26	14	T		?	U
f110-26	15	S		u|c	M
f110-26	16	4		?	U
f110-26	17	h		e	H
f110-26	18	6		i|n|s	M
f110-26	19	v		?	U
f110-26	20	z		?	U
f110-26	21	7		o	H
f110-26	22	7		o	H
f110-26	23	6		i|n|s	M
f110-26	24	7		o	H
f110-26	25	s		u	H
f110-26	26	z		?	U
f110-26	27	S		u|c	M
f110-26	28	ff		n|o	M
f110-26	29	q		u	H
f110-26	30	BOX		?	U
f110-26	31	z		?	U
f110-26	32	v		?	U
f110-26	33	H		o	H
f110-26	34	o		i	H
f110-26	35	e		r	H
f110-26	36	q		u	H
f110-26	37	z		?	U
f110-26	38	n		l	H
f110-26	39	7		o	H
f110-26	40	6		i|n|s	M
f110-26	41	BOX		?	U
f110-26	42	S		u|c	M
f110-26	43	s		u	H
f110-27	1	e		r	H
f110-27	2	n		l	H
f110-27	3	S		u|c	M
f110-27	4	o		i	H
f110-27	5	m		t	H
f110-27	6	h		e	H
f110-27	7	o		i	H
f110-27	8	BOX		?	U
f110-27	9	H		o	H
f110-27	10	S		u|c	M
f110-27	11	h		e	H
f110-27	12	4		?	U
f110-27	13	m		t	H
f110-27	14	w		?	U
f110-27	15	t		e	H
f110-27	16	S		u|c	M
f110-27	17	n		l	H
f110-27	18	o		i	H
f110-27	19	h		e	H
f110-27	20	w		?	U
f110-27	21	T		?	U
f110-27	22	4		?	U
f110-27	23	4		?	U
f110-27	24	S		u|c	M
f110-27	25	BOX		?	U
f110-27	26	T		?	U
f110-27	27	h		e	H
f110-27	28	q		u	H
f110-27	29	o		i	H
f110-27	30	6		i|n|s	M
f110-27	31	v		?	U
f110-27	32	q		u	H
f110-27	33	S		u|c	M
f110-27	34	H		o	H
f110-27	35	7		o	H
f110-27	36	BOX		?	U
f110-27	37	e		r	H
f110-27	38	v		?	U
f110-27	39	z		?	U
f110-27	40	n		l	H
f110-27	41	S		u|c	M
f110-27	42	q		u	H
f110-27	43	m		t	H
f110-28	1	e		r	H
f110-28	2	H		o	H
f110-28	3	z		?	U
f110-28	4	q		u	H
f110-28	5	m		t	H
f110-28	6	q		u	H
f110-28	7	o		i	H
f110-28	8	T		?	U
f110-28	9	4		?	U
f110-28	10	z		?	U
f110-28	11	q		u	H
f110-28	12	z		?	U
f110-28	13	m		t	H
f110-28	14	w		?	U
f110-28	15	BOX		?	U
f110-28	16	z		?	U
f110-28	17	n		l	H
f110-28	18	z		?	U
f110-28	19	4		?	U
f110-28	20	z		?	U
f110-28	21	L		r	H
f110-28	22	o		i	H
f110-28	23	v		?	U
f110-28	24	q		u	H
f110-28	25	z		?	U
f110-28	26	m		t	H
f110-28	27	7		o	H
f110-28	28	v		?	U
f110-28	29	e		r	H
f110-28	30	S		u|c	M
f110-28	31	z		?	U
f110-29	1	S		u|c	M
f110-29	2	n		l	H
f110-29	3	o		i	H
f110-29	4	h		e	H
f110-29	5	f		c|u	M
f110-29	6	4		?	U
f110-29	7	e		r	H
f110-29	8	z		?	U
f110-29	9	T		?	U
f110-29	10	o		i	H
f110-29	11	m		t	H
f110-29	12	7		o	H
f110-29	13	w		?	U
f110-29	14	m		t	H
f110-29	15	S		u|c	M
f110-29	16	h		e	H
f110-29	17	6		i|n|s	M
f110-29	18	m		t	H
f110-29	19	z		?	U
f110-29	20	h		e	H
f110-29	21	e		r	H
f110-29	22	e		r	H
f110-29	23	4		?	U
f110-29	24	o		i	H
f110-29	25	BOX		?	U
f110-29	26	A		l	H
f110-29	27	o		i	H
f110-29	28	m		t	H
f110-29	29	w		?	U
f110-29	30	BOX		?	U
f110-29	31	z		?	U
f110-29	32	n		l	H
f110-29	33	q		u	H
f110-29	34	7		o	H
f110-29	35	z		?	U
f110-29	36	m		t	H
f110-29	37	v		?	U
f110-29	38	e		r	H
f110-29	39	q		u	H
f110-29	40	v		?	U
f110-29	41	S		u|c	M
f110-29	42	f		c|u	M
f110-29	43	4		?	U
f110-30	1	z		?	U
f110-30	2	4		?	U
f110-30	3	7		o	H
f110-30	4	z		?	U
f110-30	5	h		e	H
f110-30	6	o		i	H
f110-30	7	m		t	H
f110-30	8	o		i	H
f110-30	9	h		e	H
f110-30	10	m		t	H
f110-30	11	w		?	U
f110-30	12	BOX		?	U
f110-30	13	S		u|c	M
f110-30	14	n		l	H
f110-30	15	T		?	U
f110-30	16	S		u|c	M
f110-30	17	4		?	U
f110-30	18	h		e	H
f110-30	19	e		r	H
f110-30	20	o		i	H
f110-30	21	4		?	U
f110-30	22	6		i|n|s	M
f110-30	23	m		t	H
f110-30	24	z		?	U
f110-31	1	BOX		?	U
f110-31	2	7		o	H
f110-31	3	BOX		?	U
f110-31	4	n		l	H
f110-31	5	w		?	U
f110-31	6	e		r	H
f110-31	7	7		o	H
f110-31	8	z		?	U
f110-31	9	q		u	H
f110-31	10	v		?	U
f110-31	11	BOX		?	U
f110-31	12	z		?	U
f110-31	13	m		t	H
f110-31	14	BOX		?	U
f110-31	15	e		r	H
f110-31	16	f		c|u	M
f110-31	17	f		c|u	M
f110-31	18	4		?	U
f110-31	19	7		o	H
f110-31	20	n		l	H
f110-31	21	h		e	H
f110-31	22	4		?	U
f110-31	23	f		c|u	M
f110-31	24	f		c|u	M
f110-31	25	z		?	U
f110-31	26	o		i	H
f110-31	27	q		u	H
f110-31	28	m		t	H
f110-31	29	o		i	H
f110-31	30	o		i	H
f110-31	31	m		t	H
f110-31	32	w		?	U
f110-31	33	BOX		?	U
f110-31	34	z		?	U
f110-31	35	z		?	U
f110-32	1	o		i	H
f110-32	2	z		?	U
f110-32	3	h		e	H
f110-32	4	4		?	U
f110-32	5	v		?	U
f110-32	6	S		u|c	M
f110-32	7	S		u|c	M
f110-32	8	h		e	H
f110-32	9	e		r	H
f110-32	10	w		?	U
f110-32	11	T		?	U
f110-32	12	o		i	H
f110-32	13	f		c|u	M
f110-32	14	n		l	H
f110-32	15	BOX		?	U
f110-32	16	v		?	U
f110-32	17	w		?	U
f110-32	18	BOX		?	U
f110-32	19	S		u|c	M
f110-32	20	4		?	U
f110-32	21	4		?	U
f110-32	22	7		o	H
f110-32	23	z		?	U
f110-32	24	w		?	U
f110-32	25	s		u	H
f110-32	26	S		u|c	M
f110-32	27	m		t	H
f110-32	28	7		o	H
f110-32	29	BOX		?	U
f110-32	30	m		t	H
f110-32	31	z		?	U
f110-32	32	q		u	H
f110-32	33	L		r	H
f110-32	34	7		o	H
f110-32	35	z		?	U
f110-32	36	q		u	H
f110-32	37	h		e	H
f110-32	38	h		e	H
f110-32	39	4		?	U
f110-32	40	4		?	U
f110-32	41	e		r	H
f110-32	42	z		?	U
f110-32	43	m		t	H
f110-33	1	S		u|c	M
f110-33	2	f		c|u	M
f110-33	3	h		e	H
f110-33	4	BOX		?	U
f110-33	5	n		l	H
f110-33	6	m		t	H
f110-33	7	o		i	H
f110-33	8	o		i	H
f110-33	9	v		?	U
f110-33	10	S		u|c	M
f110-33	11	s		u	H
f110-33	12	e		r	H
f110-33	13	h		e	H
f110-33	14	T		?	U
f110-33	15	f		c|u	M
f110-33	16	w		?	U
f110-33	17	BOX		?	U
f110-33	18	z		?	U
f110-33	19	n		l	H
f110-33	20	6		i|n|s	M
f110-33	21	S		u|c	M
f110-33	22	q		u	H
f110-33	23	t		e	H
f110-33	24	e		r	H
f110-34	1	z		?	U
f110-34	2	4		?	U
f110-34	3	z		?	U
f110-34	4	e		r	H
f110-34	5	m		t	H
f110-34	6	m		t	H
f110-34	7	o		i	H
f110-34	8	m		t	H
f110-34	9	z		?	U
f110-34	10	e		r	H
f110-34	11	f		c|u	M
f110-34	12	m		t	H
f110-34	13	z		?	U
f110-34	14	e		r	H
f110-34	15	z		?	U
f110-34	16	n		l	H
f110-34	17	q		u	H
f110-34	18	o		i	H
f110-34	19	q		u	H
f110-34	20	h		e	H
f110-34	21	e		r	H
f110-34	22	z		?	U
f110-34	23	m		t	H
f110-35	1	f		c|u	M
f110-35	2	z		?	U
f110-35	3	w		?	U
f110-35	4	S		u|c	M
f110-35	5	n		l	H
f110-35	6	z		?	U
f110-35	7	h		e	H
f110-35	8	4		?	U
f110-35	9	o		i	H
f110-35	10	6		i|n|s	M
f110-35	11	m		t	H
f110-35	12	o		i	H
f110-35	13	h		e	H
f110-35	14	e		r	H
f110-35	15	BOX		?	U
f110-35	16	z		?	U
f110-35	17	w		?	U
f110-35	18	h		e	H
f110-35	19	f		c|u	M
f110-35	20	t		e	H
f110-35	21	e		r	H
f110-35	22	4		?	U
f110-35	23	7		o	H
f110-35	24	6		i|n|s	M
f110-35	25	ff		n|o	M
f110-35	26	h		e	H
f110-35	27	w		?	U
f110-35	28	BOX		?	U
f110-35	29	t		e	H
f110-35	30	H		o	H
f110-35	31	h		e	H
f110-35	32	4		?	U
f110-35	33	7		o	H
f110-35	34	z		?	U
f110-35	35	w		?	U
f110-35	36	BOX		?	U
f110-35	37	s		u	H
f110-35	38	4		?	U
f110-35	39	z		?	U
f110-35	40	S		u|c	M
f110-35	41	v		?	U
f110-35	42	z		?	U
f110-35	43	7		o	H
f110-35	44	m		t	H
f110-35	45	o		i	H
f110-36	1	h		e	H
f110-36	2	4		?	U
f110-36	3	m		t	H
f110-36	4	S		u|c	M
f110-36	5	e		r	H
f110-36	6	t		e	H
f110-36	7	o		i	H
f110-36	8	7		o	H
f110-36	9	n		l	H
f110-36	10	v		?	U
f110-36	11	m		t	H
f110-36	12	z		?	U
f110-36	13	7		o	H
f110-36	14	6		i|n|s	M
f110-36	15	w		?	U
f110-36	16	BOX		?	U
f110-36	17	S		u|c	M
f110-36	18	e		r	H
f110-36	19	h		e	H
f110-36	20	f		c|u	M
f110-36	21	e		r	H
f110-36	22	z		?	U
f110-36	23	z		?	U
f110-36	24	S		u|c	M
f110-36	25	o		i	H
f110-36	26	w		?	U
f110-36	27	z		?	U
f110-36	28	S		u|c	M
f110-36	29	BOX		?	U
f110-36	30	w		?	U
f110-36	31	s		u	H
f110-36	32	n		l	H
f110-36	33	4		?	U
f110-36	34	h		e	H
f110-36	35	e		r	H
f110-36	36	BOX		?	U
f110-36	37	z		?	U
f110-36	38	v		?	U
f110-36	39	S		u|c	M
f110-36	40	f		c|u	M
f110-36	41	n		l	H
f110-36	42	BOX		?	U
f110-36	43	q		u	H
f110-36	44	m		t	H
f110-37	1	o		i	H
f110-37	2	6		i|n|s	M
f110-37	3	z		?	U
f110-37	4	v		?	U
f110-37	5	z		?	U
f110-37	6	o		i	H
f110-37	7	4		?	U
f110-37	8	z		?	U
f110-37	9	q		u	H
f110-37	10	v		?	U
f110-37	11	m		t	H
f110-37	12	w		?	U
f110-37	13	m		t	H
f110-37	14	z		?	U
f110-37	15	n		l	H
f110-37	16	L		r	H
f110-37	17	7		o	H
f110-37	18	z		?	U
f110-37	19	q		u	H
f123r-1	1	4+		m	H
f123r-1	2	n		l	H
f123r-1	3	a		a	H
f123r-1	4	.v.		n	H
f123r-1	5	s		u	H
f123r-1	6	H		o	H
f123r-1	7	U		?	U
f123r-1	8	d		s	H
f123r-1	9	E		i|y	M
f123r-1	10	m		t	H
f123r-1	11	2		?	U
f123r-1	12	14		que	H
f123r-1	13	B		i|y	M
f123r-1	14	t		e	H
f123r-1	15	R		p	H
f123r-1	16	L		r	H
f123r-1	17	s		u	H
f123r-1	18	f		c|u	M
f123r-1	19	7		o	H
f123r-1	20	E		i|y	M
f123r-1	21	ff		n|o	M
f123r-1	22	x		e	H
f123r-1	23	4+		m	H
f123r-1	24	U		?	U
f123r-1	25	2		?	U
f123r-1	26	8		g	H
f123r-1	27	2		?	U
f123r-1	28	8		g	H
f123r-1	29	e		r	H
f123r-2	1	h		e	H
f123r-2	2	Ze		t	H
f123r-2	3	L		r	H
f123r-2	4	7		o	H
f123r-2	5	BOX		?	U
f123r-2	6	U		?	U
f123r-2	7	he		l	H
f123r-2	8	E		i|y	M
f123r-2	9	A		l	H
f123r-2	10	.v.		n	H
f123r-2	11	4+		m	H
f123r-2	12	18		?	U
f123r-2	13	U		?	U
f123r-2	14	d		s	H
f123r-2	15	q		u	H
f123r-2	16	L		r	H
f123r-2	17	4+		m	H
f123r-2	18	ff		n|o	M
f123r-2	19	x		e	H
f123r-2	20	4+		m	H
f123r-2	21	d		s	H
f123r-2	22	f		c|u	M
f123r-2	23	e		r	H
f123r-2	24	U		?	U
f123r-2	25	E		i|y	M
f123r-2	26	7		o	H
f123r-2	27	.v.		n	H
f123r-3	1	w-		d	H
f123r-3	2	T=		m|mm	M
f123r-3	3	H		o	H
f123r-3	4	3		e	H
f123r-3	5	B		i|y	M
f123r-3	6	Ze		t	H
f123r-3	7	A		l	H
f123r-3	8	a		a	H
f123r-3	9	W		?	U
f123r-3	10	g		u	H
f123r-3	11	h		e	H
f123r-3	12	he		l	H
f123r-3	13	U		?	U
f123r-3	14	B		i|y	M
f123r-3	15	B		i|y	M
f123r-3	16	E		i|y	M
f123r-3	17	L		r	H
f123r-3	18	7		o	H
f123r-3	19	4+		m	H
f123r-3	20	t		e	H
f123r-3	21	4+		m	H
f123r-3	22	x		e	H
f123r-3	23	3		e	H
f123r-3	24	.v.		n	H
f123r-3	25	Ze		t	H
f123r-3	26	h		e	H
f123r-3	27	ff		n|o	M
f123r-3	28	a		a	H
f123r-3	29	.v.		n	H
f123r-4	1	E		i|y	M
f123r-4	2	Bi		?	U
f123r-4	3	f		c|u	M
f123r-4	4	n		l	H
f123r-4	5	q		u	H
f123r-4	6	d		s	H
f123r-4	7	z		?	U
f123r-4	8	L		r	H
f123r-4	9	q		u	H
f123r-4	10	.v.		n	H
f123r-4	11	w-		d	H
f123r-4	12	h		e	H
f123r-4	13	14		que	H
f123r-4	14	E		i|y	M
f123r-4	15	U		?	U
f123r-4	16	4+		m	H
f123r-4	17	E		i|y	M
f123r-4	18	A		l	H
f123r-4	19	a		a	H
f123r-4	20	s		u	H
f123r-4	21	4+		m	H
f123r-4	22	B		i|y	M
f123r-4	23	4+		m	H
f123r-4	24	x		e	H
f123r-4	25	f		c|u	M
f123r-4	26	e		r	H
f123r-4	27	t		e	H
f123r-4	28	U		?	U
f123r-4	29	.v.		n	H
f123r-4	30	B		i|y	M
f123r-5	1	f		c|u	M
f123r-5	2	7		o	H
f123r-5	3	w-		d	H
f123r-5	4	q		u	H
f123r-5	5	.v.		n	H
f123r-5	6	d		s	H
f123r-5	7	a		a	H
f123r-5	8	B		i|y	M
f123r-5	9	m		t	H
f123r-5	10	1		?	U
f123r-5	11	d		s	H
f123r-5	12	7		o	H
f123r-5	13	L		r	H
f123r-5	14	Ze		t	H
f123r-5	15	E		i|y	M
f123r-5	16	e		r	H
f123r-5	17	n		l	H
f123r-5	18	f		c|u	M
f123r-5	19	4+		m	H
f123r-5	20	H		o	H
f123r-5	21	E		i|y	M
f123r-5	22	a		a	H
f123r-5	23	oo		d	H
f123r-5	24	t		e	H
f123r-5	25	q		u	H
f123r-5	26	7		o	H
f123r-5	27	8		g	H
f123r-5	28	L		r	H
f123r-5	29	m		t	H
f123r-5	30	a		a	H
f123r-6	1	q		u	H
f123r-6	2	.v.		n	H
f123r-6	3	oo		d	H
f123r-6	4	h		e	H
f123r-6	5	star		?	U
f123r-6	6	E		i|y	M
f123r-6	7	.v.		n	H
f123r-6	8	w-		d	H
f123r-6	9	U		?	U
f123r-6	10	x		e	H
f123r-6	11	4+		m	H
f123r-6	12	g		u	H
f123r-6	13	1		?	U
f123r-6	14	A		l	H
f123r-6	15	B		i|y	M
f123r-6	16	d		s	H
f123r-6	17	4+		m	H
f123r-6	18	B		i|y	M
f123r-6	19	h		e	H
f123r-6	20	.v.		n	H
f123r-6	21	d		s	H
f123r-6	22	oo		d	H
f123r-6	23	t		e	H
f123r-6	24	z		?	U
f123r-6	25	s		u	H
f123r-6	26	U		?	U
f123r-6	27	he		l	H
f123r-6	28	d		s	H
f123r-6	29	14		que	H
f123r-6	30	E		i|y	M
f123r-6	31	7		o	H
f123r-6	32	6		i|n|s	M
f123r-6	33	q		u	H
f123r-6	34	BOX		?	U
f123r-7	1	ff		n|o	M
f123r-7	2	f		c|u	M
f123r-7	3	m		t	H
f123r-7	4	Ze		t	H
f123r-7	5	4+		m	H
f123r-7	6	U		?	U
f123r-7	7	E		i|y	M
f123r-7	8	7		o	H
f123r-7	9	s		u	H
f123r-7	10	L		r	H
f123r-7	11	E		i|y	M
f123r-7	12	T=		m|mm	M
f123r-7	13	U		?	U
f123r-7	14	4+		m	H
f123r-7	15	B		i|y	M
f123r-7	16	d		s	H
f123r-7	17	q		u	H
f123r-7	18	1		?	U
f123r-7	19	a		a	H
f123r-7	20	E		i|y	M
f123r-7	21	o		i	H
f123r-7	22	a		a	H
f123r-7	23	E		i|y	M
f123r-7	24	L		r	H
f123r-7	25	U		?	U
f123r-7	26	x		e	H
f123r-7	27	d		s	H
f123r-7	28	q		u	H
f123r-8	1	Ze		t	H
f123r-8	2	o		i	H
f123r-8	3	o		i	H
f123r-8	4	T=		m|mm	M
f123r-8	5	E		i|y	M
f123r-8	6	a		a	H
f123r-8	7	16		?	U
f123r-8	8	2		?	U
f123r-8	9	s		u	H
f123r-8	10	4+		m	H
f123r-8	11	h		e	H
f123r-8	12	L		r	H
f123r-8	13	s		u	H
f123r-8	14	7		o	H
f123r-8	15	.v.		n	H
f123r-8	16	8		g	H
f123r-8	17	a		a	H
f123r-8	18	e		r	H
f123r-8	19	t		e	H
f123r-8	20	14		que	H
f123r-8	21	oo		d	H
f123r-8	22	s		u	H
f123r-8	23	f		c|u	M
f123r-8	24	n		l	H
f123r-8	25	q		u	H
f123r-8	26	d		s	H
f123r-8	27	w-		d	H
f123r-8	28	E		i|y	M
f123r-8	29	H		o	H
f123r-8	30	U		?	U
f123r-8	31	ff		n|o	M
f123r-9	1	T=		m|mm	M
f123r-9	2	E		i|y	M
f123r-9	3	o		i	H
f123r-9	4	h		e	H
f123r-9	5	z		?	U
f123r-9	6	s		u	H
f123r-9	7	B		i|y	M
f123r-9	8	d		s	H
f123r-9	9	q		u	H
f123r-9	10	o		i	H
f123r-9	11	4+		m	H
f123r-9	12	q		u	H
f123r-9	13	E		i|y	M
f123r-9	14	f		c|u	M
f123r-9	15	L		r	H
f123r-9	16	U		?	U
f123r-9	17	R		p	H
f123r-9	18	a		a	H
f123r-9	19	w-		d	H
f123r-9	20	e		r	H
f123r-9	21	7		o	H
f123r-9	22	o		i	H
f123r-9	23	f		c|u	M
f123r-9	24	m		t	H
f123r-9	25	d		s	H
f123r-9	26	ff		n|o	M
f123r-9	27	4		?	U
f123r-9	28	f		c|u	M
f123r-9	29	Ze		t	H
f123r-9	30	a		a	H
f123r-9	31	.v.		n	H
f123r-9	32	E		i|y	M
f123r-9	33	.v.		n	H
f123r-10	1	Ze		t	H
f123r-10	2	4+		m	H
f123r-10	3	o		i	H
f123r-10	4	he		l	H
f123r-10	5	x		e	H
f123r-10	6	h		e	H
f123r-10	7	z		?	U
f123r-10	8	f		c|u	M
f123r-10	9	f		c|u	M
f123r-10	10	d		s	H
f123r-10	11	13		qui	H
f123r-10	12	E		i|y	M
f123r-10	13	L		r	H
f123r-10	14	q		u	H
f123r-10	15	g		u	H
f123r-10	16	a		a	H
f123r-10	17	4+		m	H
f123r-10	18	.v.		n	H
f123r-10	19	a		a	H
f123r-10	20	q		u	H
f123r-10	21	E		i|y	M
f123r-10	22	z		?	U
f123r-10	23	24		nostre	H
f123r-10	24	f		c|u	M
f123r-10	25	q		u	H
f123r-10	26	T=		m|mm	M
f123r-10	27	L		r	H
f123r-10	28	7		o	H
f123r-10	29	f		c|u	M
f123r-10	30	Ze		t	H
f123r-10	31	.v.		n	H
f123r-11	1	q		u	H
f123r-11	2	ff		n|o	M
f123r-11	3	s1		?	U
f123r-11	4	R		p	H
f123r-11	5	q		u	H
f123r-11	6	U		?	U
f123r-11	7	L		r	H
f123r-11	8	A		l	H
f123r-11	9	U		?	U
f123r-11	10	d		s	H
f123r-11	11	f		c|u	M
f123r-11	12	q		u	H
f123r-11	13	e		r	H
f123r-11	14	L		r	H
f123r-11	15	7		o	H
f123r-11	16	a		a	H
f123r-11	17	d		s	H
f123r-11	18	o		i	H
f123r-11	19	h		e	H
f123r-11	20	H		o	H
f123r-11	21	h		e	H
f123r-11	22	E		i|y	M
f123r-11	23	U		?	U
f123r-11	24	o		i	H
f123r-11	25	4+		m	H
f123r-11	26	L		r	H
f123r-11	27	h		e	H
f123r-11	28	h		e	H
f123r-11	29	Ze		t	H
f123r-11	30	c		p	H
f123r-11	31	T=		m|mm	M
f123r-11	32	q		u	H
f123r-11	33	m		t	H
f123r-12	1	E		i|y	M
f123r-12	2	T=		m|mm	M
f123r-12	3	w-		d	H
f123r-12	4	h		e	H
f123r-12	5	U		?	U
f123r-12	6	d		s	H
f123r-12	7	4+		m	H
f123r-12	8	.v.		n	H
f123r-12	9	z		?	U
f123r-12	10	R		p	H
f123r-12	11	U		?	U
f123r-12	12	U		?	U
f123r-12	13	oo		d	H
f123r-12	14	B		i|y	M
f123r-12	15	f		c|u	M
f123r-12	16	a		a	H
f123r-12	17	d		s	H
f123r-12	18	U		?	U
f123r-12	19	d		s	H
f123r-12	20	t		e	H
f123r-12	21	4+		m	H
f123r-12	22	e		r	H
f123r-12	23	n		l	H
f123r-12	24	U		?	U
f123r-12	25	d		s	H
f123r-12	26	H		o	H
f123r-12	27	f		c|u	M
f123r-12	28	d		s	H
f123r-12	29	h		e	H
f123r-12	30	z		?	U
f123r-12	31	4+		m	H
f123r-12	32	a		a	H
f123r-12	33	z		?	U
f123r-13	1	t		e	H
f123r-13	2	d		s	H
f123r-13	3	s		u	H
f123r-13	4	h		e	H
f123r-13	5	13		qui	H
f123r-13	6	E		i|y	M
f123r-13	7	.v.		n	H
f123r-13	8	o		i	H
f123r-13	9	E		i|y	M
f123r-13	10	ff		n|o	M
f123r-13	11	.v.		n	H
f123r-13	12	q		u	H
f123r-13	13	s1		?	U
f123r-13	14	w-		d	H
f123r-13	15	q		u	H
f123r-13	16	U		?	U
f123r-13	17	d		s	H
f123r-13	18	m		t	H
f123r-13	19	t		e	H
f123r-13	20	q		u	H
f123r-13	21	E		i|y	M
f123r-13	22	4+		m	H
f123r-13	23	f		c|u	M
f123r-13	24	E		i|y	M
f123r-13	25	Ze		t	H
f123r-13	26	d		s	H
f123r-13	27	o		i	H
f123r-13	28	d		s	H
f123r-13	29	4+		m	H
f123r-13	30	.v.		n	H
f123r-13	31	z		?	U
f123r-13	32	E		i|y	M
f123r-14	1	.v.		n	H
f123r-14	2	q		u	H
f123r-14	3	oo		d	H
f123r-14	4	U		?	U
f123r-14	5	Ze		t	H
f123r-14	6	L		r	H
f123r-14	7	U		?	U
f123r-14	8	d		s	H
f123r-14	9	q		u	H
f123r-14	10	e		r	H
f123r-14	11	z		?	U
f123r-14	12	U		?	U
f123r-14	13	L		r	H
f123r-14	14	oo		d	H
f123r-14	15	d		s	H
f123r-14	16	o		i	H
f123r-14	17	h		e	H
f123r-14	18	Ze		t	H
f123r-14	19	E		i|y	M
f123r-14	20	z		?	U
f123r-14	21	.v.		n	H
f123r-14	22	q		u	H
f123r-14	23	ff		n|o	M
f123r-14	24	d		s	H
f123r-14	25	U		?	U
f123r-14	26	4+		m	H
f123r-14	27	a		a	H
f123r-14	28	.v.		n	H
f123r-14	29	w-		d	H
f123r-14	30	h		e	H
f123r-14	31	13		qui	H
f123r-14	32	n		l	H
f123r-14	33	q		u	H
f123r-15	1	U		?	U
f123r-15	2	U		?	U
f123r-15	3	T=		m|mm	M
f123r-15	4	A		l	H
f123r-15	5	B		i|y	M
f123r-15	6	4+		m	H
f123r-15	7	q		u	H
f123r-15	8	L		r	H
f123r-15	9	d		s	H
f123r-15	10	a		a	H
f123r-15	11	z		?	U
f123r-15	12	w-		d	H
f123r-15	13	h		e	H
f123r-15	14	4+		m	H
f123r-15	15	q		u	H
f123r-15	16	Ze		t	H
f123r-15	17	L		r	H
f123r-15	18	U		?	U
f123r-15	19	.v.		n	H
f123r-15	20	Ze		t	H
f123r-15	21	t		e	H
f123r-15	22	T=		m|mm	M
f123r-15	23	R		p	H
f123r-15	24	A		l	H
f123r-15	25	4+		m	H
f123r-15	26	z		?	U
f123r-15	27	w-		d	H
f123r-15	28	U		?	U
f123r-15	29	T=		m|mm	M
f123r-15	30	E		i|y	M
f123r-15	31	.v.		n	H
f123r-16	1	t		e	H
f123r-16	2	4+		m	H
f123r-16	3	Ze		t	H
f123r-16	4	E		i|y	M
f123r-16	5	f		c|u	M
f123r-16	6	q		u	H
f123r-16	7	.v.		n	H
f123r-16	8	me		?	U
f123r-16	9	q		u	H
f123r-16	10	o		i	H
f123r-16	11	ff		n|o	M
f123r-16	12	d		s	H
f123r-16	13	oo		d	H
f123r-16	14	h		e	H
f123r-16	15	4+		m	H
f123r-16	16	f		c|u	M
f123r-16	17	L		r	H
f123r-16	18	Ze		t	H
f123r-16	19	L		r	H
f123r-16	20	B		i|y	M
f123r-16	21	m		t	H
f123r-16	22	h		e	H
f123r-16	23	.v.		n	H
f123r-16	24	t		e	H
f123r-16	25	4+		m	H
f123r-16	26	B		i|y	M
f123r-16	27	.v.		n	H
f123r-16	28	E		i|y	M
f123r-16	29	w-		d	H
f123r-16	30	h		e	H
f123r-16	31	d		s	H
f123r-16	32	M		f	H
f123r-17	1	z		?	U
f123r-17	2	Ze		t	H
f123r-17	3	4+		m	H
f123r-17	4	o		i	H
f123r-17	5	z		?	U
f123r-17	6	h		e	H
f123r-17	7	d		s	H
f123r-17	8	d		s	H
f123r-17	9	4+		m	H
f123r-17	10	d		s	H
f123r-17	11	1		?	U
f123r-17	12	q		u	H
f123r-17	13	s		u	H
f123r-17	14	E		i|y	M
f123r-17	15	n		l	H
f123r-17	16	L		r	H
f123r-17	17	E		i|y	M
f123r-17	18	oo		d	H
f123r-17	19	B		i|y	M
f123r-17	20	4+		m	H
f123r-17	21	q		u	H
f123r-17	22	U		?	U
f123r-17	23	L		r	H
f123r-17	24	d		s	H
f123r-17	25	d		s	H
f123r-17	26	z		?	U
f123r-17	27	U		?	U
f123r-17	28	z		?	U
f123r-17	29	w-		d	H
f123r-17	30	q		u	H
f123r-17	31	n		l	H
f123r-18	1	q		u	H
f123r-18	2	L		r	H
f123r-18	3	d		s	H
f123r-18	4	d		s	H
f123r-18	5	13		qui	H
f123r-18	6	E		i|y	M
f123r-18	7	q		u	H
f123r-18	8	E		i|y	M
f123r-18	9	U		?	U
f123r-18	10	z		?	U
f123r-18	11	Ze		t	H
f123r-18	12	q		u	H
f123r-18	13	E		i|y	M
f123r-18	14	U		?	U
f123r-18	15	.v.		n	H
f123r-18	16	E		i|y	M
f123r-18	17	M		f	H
f123r-18	18	q		u	H
f123r-18	19	d		s	H
f123r-18	20	h		e	H
f123r-18	21	L		r	H
f123r-18	22	U		?	U
f123r-18	23	4+		m	H
f123r-18	24	4+		m	H
f123r-18	25	q		u	H
f123r-18	26	U		?	U
f123r-18	27	H		o	H
f123r-18	28	E		i|y	M
f123r-18	29	T=		m|mm	M
f123r-18	30	q		u	H
f123r-18	31	d		s	H
f123r-18	32	q		u	H
f123r-18	33	.v.		n	H
f123r-19	1	o		i	H
f123r-19	2	z		?	U
f123r-19	3	M		f	H
f123r-19	4	q		u	H
f123r-19	5	E		i|y	M
f123r-19	6	H		o	H
f123r-19	7	z		?	U
f123r-19	8	h		e	H
f123r-19	9	d		s	H
f123r-19	10	m		t	H
f123r-19	11	a		a	H
f123r-19	12	E		i|y	M
f123r-19	13	14		que	H
f123r-19	14	o		i	H
f123r-19	15	4+		m	H
f123r-19	16	M		f	H
f123r-19	17	Ze		t	H
f123r-19	18	h		e	H
f123r-19	19	h		e	H
f123r-19	20	a		a	H
f123r-19	21	t		e	H
f123r-19	22	E		i|y	M
f123r-19	23	f		c|u	M
f123r-19	24	E		i|y	M
f123r-19	25	.v.		n	H
f123r-19	26	t		e	H
f123r-19	27	14		que	H
f123r-19	28	o		i	H
f123r-19	29	U		?	U
f123r-19	30	ff		n|o	M
f123r-19	31	E		i|y	M
f123r-19	32	d		s	H
f123r-19	33	q		u	H
f123r-19	34	B		i|y	M
f123r-20	1	a		a	H
f123r-20	2	he		l	H
f123r-20	3	E		i|y	M
f123r-20	4	U		?	U
f123r-20	5	ff		n|o	M
f123r-20	6	o		i	H
f123r-20	7	U		?	U
f123r-20	8	4+		m	H
f123r-20	9	h		e	H
f123r-20	10	U		?	U
f123r-20	11	7		o	H
f123r-20	12	E		i|y	M
f123r-20	13	U		?	U
f123r-20	14	.v.		n	H
f123r-20	15	L		r	H
f123r-20	16	Ze		t	H
f123r-20	17	z		?	U
f123r-20	18	T=		m|mm	M
f123r-20	19	m		t	H
f123r-20	20	7		o	H
f123r-20	21	4+		m	H
f123r-20	22	m		t	H
f123r-20	23	U		?	U
f123r-20	24	A		l	H
f123r-20	25	B		i|y	M
f123r-20	26	B		i|y	M
f123r-20	27	q		u	H
f123r-20	28	E		i|y	M
f123r-20	29	d		s	H
f123r-20	30	m		t	H
f123r-20	31	t		e	H
f123r-21	1	a		a	H
f123r-21	2	U		?	U
f123r-21	3	H		o	H
f123r-21	4	4+		m	H
f123r-21	5	.v.		n	H
f123r-21	6	4+		m	H
f123r-21	7	q		u	H
f123r-21	8	E		i|y	M
f123r-21	9	U		?	U
f123r-21	10	ff		n|o	M
f123r-21	11	w-		d	H
f123r-21	12	h		e	H
f123r-21	13	.v.		n	H
f123r-21	14	4+		m	H
f123r-21	15	q		u	H
f123r-21	16	L		r	H
f123r-21	17	h		e	H
f123r-21	18	d		s	H
f123r-21	19	h		e	H
f123r-21	20	Ze		t	H
f123r-21	21	oo		d	H
f123r-21	22	U		?	U
f123r-21	23	d		s	H
f123r-21	24	a		a	H
f123r-21	25	he		l	H
f123r-21	26	q		u	H
f123r-21	27	w-		d	H
f123r-21	28	E		i|y	M
f123r-21	29	t		e	H
f123r-21	30	z		?	U
f123r-21	31	E		i|y	M
f123r-21	32	Ze		t	H
f123r-22	1	d		s	H
f123r-22	2	a		a	H
f123r-22	3	4+		m	H
f123r-22	4	q		u	H
f123r-22	5	L		r	H
f123r-22	6	a		a	H
f123r-22	7	d		s	H
f123r-22	8	ff		n|o	M
f123r-22	9	w-		d	H
f123r-22	10	U		?	U
f123r-22	11	M		f	H
f123r-22	12	a		a	H
f123r-22	13	m		t	H
f123r-22	14	E		i|y	M
f123r-22	15	z		?	U
f123r-22	16	U		?	U
f123r-22	17	h		e	H
f123r-22	18	d		s	H
f123r-22	19	Ze		t	H
f123r-22	20	L		r	H
f123r-22	21	U		?	U
f123r-22	22	d		s	H
f123r-22	23	oo		d	H
f123r-22	24	h		e	H
f123r-22	25	d		s	H
f123r-22	26	a		a	H
f123r-22	27	4		?	U
f123r-22	28	f		c|u	M
f123r-22	29	d		s	H
f123r-22	30	q		u	H
f123r-23	1	d		s	H
f123r-23	2	m		t	H
f123r-23	3	z		?	U
f123r-23	4	o		i	H
f123r-23	5	4		?	U
f123r-23	6	x		e	H
f123r-23	7	n		l	H
f123r-23	8	4+		m	H
f123r-23	9	h		e	H
f123r-23	10	d		s	H
f123r-23	11	Ze		t	H
f123r-23	12	U		?	U
f123r-23	13	q		u	H
f123r-23	14	14		que	H
f123r-23	15	E		i|y	M
f123r-23	16	E		i|y	M
f123r-23	17	h		e	H
f123r-23	18	d		s	H
f123r-23	19	U		?	U
f123r-23	20	d		s	H
f123r-23	21	B		i|y	M
f123r-23	22	.v.		n	H
f123r-23	23	R		p	H
f123r-23	24	q		u	H
f123r-23	25	4+		m	H
f123r-24	1	E		i|y	M
f123r-24	2	m		t	H
f123r-24	3	q		u	H
f123r-24	4	d		s	H
f123r-24	5	w-		d	H
f123r-24	6	E		i|y	M
f123r-24	7	H		o	H
f123r-24	8	z		?	U
f123r-24	9	13		qui	H
f123r-24	10	E		i|y	M
f123r-24	11	h		e	H
f123r-24	12	d		s	H
f123r-24	13	m		t	H
f123r-24	14	E		i|y	M
f123r-24	15	d		s	H
f123r-24	16	d		s	H
f123r-24	17	f		c|u	M
f123r-24	18	7		o	H
f123r-24	19	W		?	U
f123r-24	20	o		i	H
f123r-24	21	4+		m	H
f123r-24	22	n		l	H
f123r-24	23	U		?	U
f123r-24	24	w-		d	H
f123r-24	25	U		?	U
f123r-24	26	4+		m	H
f123r-24	27	z		?	U
f123r-24	28	d		s	H
f123r-24	29	4+		m	H
f123r-24	30	H		o	H
f123r-24	31	.v.		n	H
f123r-25	1	ff		n|o	M
f123r-25	2	E		i|y	M
f123r-25	3	f		c|u	M
f123r-25	4	q		u	H
f123r-25	5	4+		m	H
f123r-25	6	L		r	H
f123r-25	7	U		?	U
f123r-25	8	E		i|y	M
f123r-25	9	T=		m|mm	M
f123r-25	10	d		s	H
f123r-25	11	o		i	H
f123r-25	12	A		l	H
f123r-25	13	q		u	H
f123r-25	14	.v.		n	H
f123r-25	15	ff		n|o	M
f123r-25	16	h		e	H
f123r-25	17	E		i|y	M
f123r-25	18	E		i|y	M
f123r-25	19	z		?	U
f123r-25	20	U		?	U
f123r-25	21	L		r	H
f123r-25	22	M		f	H
f123r-25	23	q		u	H
f123r-25	24	o		i	H
f123r-25	25	d		s	H
f123r-25	26	Ze		t	H
f123r-25	27	oo		d	H
f123r-25	28	U		?	U
f123r-25	29	4+		m	H
f123r-25	30	z		?	U
f123r-25	31	d		s	H
f123r-25	32	4+		m	H
f123r-25	33	E		i|y	M
f123r-26	1	z		?	U
f123r-26	2	Ze		t	H
f123r-26	3	T=		m|mm	M
f123r-26	4	d		s	H
f123r-26	5	U		?	U
f123r-26	6	Ze		t	H
f123r-26	7	f		c|u	M
f123r-26	8	T=		m|mm	M
f123r-26	9	q		u	H
f123r-26	10	m		t	H
f123r-26	11	U		?	U
f123r-26	12	m		t	H
f123r-26	13	h		e	H
f123r-26	14	.v.		n	H
f123r-26	15	ff		n|o	M
f123r-26	16	E		i|y	M
f123r-26	17	E		i|y	M
f123r-26	18	13		qui	H
f123r-26	19	E		i|y	M
f123r-26	20	.v.		n	H
f123r-26	21	B		i|y	M
f123r-26	22	ff		n|o	M
f123r-26	23	L		r	H
f123r-26	24	d		s	H
f123r-26	25	w-		d	H
f123r-26	26	q		u	H
f123r-26	27	4+		m	H
f123r-27	1	.v.		n	H
f123r-27	2	m		t	H
f123r-27	3	f		c|u	M
f123r-27	4	q		u	H
f123r-27	5	U		?	U
f123r-27	6	L		r	H
f123r-27	7	4+		m	H
f123r-27	8	.v.		n	H
f123r-27	9	h		e	H
f123r-27	10	d		s	H
f123r-27	11	U		?	U
f123r-27	12	U		?	U
f123r-27	13	he		l	H
f123r-27	14	t		e	H
f123r-27	15	n		l	H
f123r-27	16	B		i|y	M
f123r-27	17	d		s	H
f123r-27	18	d		s	H
f123r-27	19	7		o	H
f123r-27	20	4+		m	H
f123r-27	21	f		c|u	M
f123r-27	22	q		u	H
f123r-27	23	E		i|y	M
f123r-27	24	z		?	U
f123r-27	25	.v.		n	H
f123r-27	26	o		i	H
f123r-27	27	t		e	H
f123r-27	28	z		?	U
f123r-27	29	oo		d	H
f123r-27	30	h		e	H
f123r-27	31	8		g	H
f123r-27	32	t		e	H
f123r-27	33	.v.		n	H
f123r-27	34	w-		d	H
f123r-28	1	L		r	H
f123r-28	2	d		s	H
f123r-28	3	q		u	H
f123r-28	4	13		qui	H
f123r-28	5	d		s	H
f123r-28	6	4+		m	H
f123r-28	7	.v.		n	H
f123r-28	8	m		t	H
f123r-28	9	o		i	H
f123r-28	10	H		o	H
f123r-28	11	E		i|y	M
f123r-28	12	.v.		n	H
f123r-28	13	o		i	H
f123r-28	14	U		?	U
f123r-28	15	U		?	U
f123r-28	16	U		?	U
f123r-28	17	he		l	H
f123r-28	18	h		e	H
f123r-28	19	.v.		n	H
f123r-28	20	E		i|y	M
f123r-28	21	R		p	H
f123r-28	22	n		l	H
f123r-28	23	4+		m	H
f123r-28	24	d		s	H
f123r-28	25	w-		d	H
f123r-28	26	h		e	H
f123r-28	27	M		f	H
f123r-28	28	4+		m	H
f123r-28	29	q		u	H
f123r-28	30	s		u	H
f123r-29	1	L		r	H
f123r-29	2	B		i|y	M
f123r-29	3	T=		m|mm	M
f123r-29	4	d		s	H
f123r-29	5	q		u	H
f123r-29	6	.v.		n	H
f123r-29	7	z		?	U
f123r-29	8	M		f	H
f123r-29	9	a		a	H
f123r-29	10	E		i|y	M
f123r-29	11	L		r	H
f123r-29	12	U		?	U
f123r-29	13	d		s	H
f123r-29	14	7		o	H
f123r-29	15	.v.		n	H
f123r-29	16	d		s	H
f123r-29	17	m		t	H
f123r-29	18	e		r	H
f123r-29	19	E		i|y	M
f123r-29	20	A		l	H
f123r-29	21	h		e	H
f123r-29	22	d		s	H
f123r-29	23	101		?	U
f123r-29	24	t		e	H
f123r-29	25	m		t	H
f123r-29	26	102		?	U
f123r-29	27	d		s	H
f123r-29	28	4+		m	H
f123r-29	29	m		t	H
f123r-30	1	U		?	U
f123r-30	2	.v.		n	H
f123r-30	3	H		o	H
f123r-30	4	7		o	H
f123r-30	5	L		r	H
f123r-30	6	h		e	H
f123r-30	7	4+		m	H
f123r-30	8	f		c|u	M
f123r-30	9	n		l	H
f123r-30	10	U		?	U
f123r-30	11	d		s	H
f123r-30	12	E		i|y	M
f123r-30	13	4+		m	H
f123r-30	14	R		p	H
f123r-30	15	q		u	H
f123r-30	16	z		?	U
f123r-30	17	Ze		t	H
f123r-30	18	4+		m	H
f123r-30	19	d		s	H
f123r-30	20	14		que	H
f123r-30	21	E		i|y	M
f123r-30	22	h		e	H
f123r-30	23	e		r	H
f123r-30	24	q		u	H
f123r-30	25	U		?	U
f123r-30	26	m		t	H
f123r-30	27	L		r	H
f123r-30	28	U		?	U
f123r-30	29	d		s	H
f123r-30	30	z		?	U
f123r-30	31	B		i|y	M
f123r-30	32	W		?	U
f123r-31	1	4+		m	H
f123r-31	2	E		i|y	M
f123r-31	3	f		c|u	M
f123r-31	4	q		u	H
f123r-31	5	w-		d	H
f123r-31	6	U		?	U
f123r-31	7	w-		d	H
f123r-31	8	s		u	H
f123r-31	9	B		i|y	M
f123r-31	10	h		e	H
f123r-31	11	m		t	H
f123r-31	12	a		a	H
f123r-31	13	U		?	U
f123r-31	14	d		s	H
f123r-31	15	B		i|y	M
f123r-31	16	s		u	H
f123r-31	17	a		a	H
f123r-31	18	s		u	H
f123r-31	19	f		c|u	M
f123r-31	20	E		i|y	M
f123r-31	21	L		r	H
f123r-31	22	B		i|y	M
f123r-31	23	h		e	H
f123r-31	24	d		s	H
f123r-31	25	m		t	H
f123r-31	26	q		u	H
f123r-31	27	E		i|y	M
f123r-31	28	15		?	U
f123r-31	29	d		s	H
f123r-31	30	t		e	H
f123r-31	31	f		c|u	M
f123r-32	1	E		i|y	M
f123r-32	2	m		t	H
f123r-32	3	E		i|y	M
f123r-32	4	oo		d	H
f123r-32	5	U		?	U
f123r-32	6	z		?	U
f123r-32	7	4+		m	H
f123r-32	8	z		?	U
f123r-32	9	h		e	H
f123r-32	10	z		?	U
f123r-32	11	z		?	U
f123r-32	12	o		i	H
f123r-32	13	B		i|y	M
f123r-32	14	d		s	H
f123r-32	15	Ze		t	H
f123r-32	16	L		r	H
f123r-33	1	h		e	H
f123r-33	2	z		?	U
f123r-33	3	Ze		t	H
f123r-33	4	w-		d	H
f123r-33	5	o		i	H
f123r-33	6	L		r	H
f123r-33	7	t		e	H
f123r-33	8	A		l	H
f123r-33	9	a		a	H
f123r-33	10	.v.		n	H
f123r-33	11	t		e	H
f123r-33	12	H		o	H
f123r-33	13	h		e	H
f123r-33	14	d		s	H
f123r-33	15	E		i|y	M
f123r-33	16	n		l	H
f123r-33	17	q		u	H
f123r-33	18	4+		m	H
f123r-33	19	7		o	H
f123r-33	20	E		i|y	M
f123r-33	21	L		r	H
f123r-33	22	14		que	H
f123r-33	23	a		a	H
f123r-33	24	z		?	U
f123r-33	25	s		u	H
f123r-33	26	g		u	H
f123r-33	27	d		s	H
f123r-33	28	q		u	H
f123r-33	29	4+		m	H
f123r-33	30	f		c|u	M
f123r-33	31	E		i|y	M
f123r-34	1	h		e	H
f123r-34	2	4+		m	H
f123r-34	3	t		e	H
f123r-34	4	14		que	H
f123r-34	5	n		l	H
f123r-34	6	q		u	H
f123r-34	7	.v.		n	H
f123r-34	8	ff		n|o	M
f123r-34	9	B		i|y	M
f123r-34	10	.v.		n	H
f123r-34	11	f		c|u	M
f123r-34	12	h		e	H
f123r-34	13	U		?	U
f123r-34	14	n		l	H
f123r-34	15	m		t	H
f123r-34	16	.v.		n	H
f123r-34	17	E		i|y	M
f123r-34	18	14		que	H
f123r-34	19	E		i|y	M
f123r-34	20	s		u	H
f123r-34	21	.v.		n	H
f123r-34	22	E		i|y	M
f123r-34	23	f		c|u	M
f123r-34	24	q		u	H
f123r-34	25	U		?	U
f123r-34	26	4+		m	H
f123r-34	27	7		o	H
f123r-34	28	.v.		n	H
f123r-34	29	z		?	U
f123r-34	30	R		p	H
f123r-35	1	q		u	H
f123r-35	2	.v.		n	H
f123r-35	3	m		t	H
f123r-35	4	U		?	U
f123r-35	5	Ze		t	H
f123r-35	6	d		s	H
f123r-35	7	o		i	H
f123r-35	8	f		c|u	M
f123r-35	9	star		?	U
f123r-35	10	h		e	H
f123r-35	11	L		r	H
f123r-35	12	U		?	U
f123r-35	13	d		s	H
f123r-35	14	z		?	U
f123r-35	15	m		t	H
f123r-35	16	U		?	U
f123r-35	17	d		s	H
f123r-35	18	A		l	H
f123r-35	19	B		i|y	M
f123r-35	20	4+		m	H
f123r-35	21	E		i|y	M
f123r-35	22	.v.		n	H
f123r-35	23	d		s	H
f123r-35	24	q		u	H
f123r-35	25	w-		d	H
f123r-35	26	q		u	H
f123r-35	27	oo		d	H
f123r-35	28	o		i	H
f123r-35	29	q		u	H
f123r-35	30	h		e	H
f123r-36	1	z		?	U
f123r-36	2	U		?	U
f123r-36	3	d		s	H
f123r-36	4	M		f	H
f123r-36	5	H		o	H
f123r-36	6	s		u	H
f123r-36	7	L		r	H
f123r-36	8	.v.		n	H
f123r-36	9	E		i|y	M
f123r-36	10	L		r	H
f123r-36	11	Ze		t	H
f123r-36	12	q		u	H
f123r-36	13	4+		m	H
f123r-36	14	m		t	H
f123r-36	15	4+		m	H
f123r-36	16	z		?	U
f123r-36	17	4+		m	H
f123r-36	18	16		?	U
f123r-36	19	m		t	H
f123r-36	20	q		u	H
f123r-36	21	4+		m	H
f123r-36	22	d		s	H
f123r-36	23	d		s	H
f123r-36	24	q		u	H
f123r-36	25	E		i|y	M
f123r-36	26	B		i|y	M
f123r-36	27	.v.		n	H
f123r-36	28	d		s	H
f123r-36	29	4+		m	H
f123r-36	30	B		i|y	M
f123r-36	31	w-		d	H
f123v-1	1	q		u	H
f123v-1	2	L		r	H
f123v-1	3	4+		m	H
f123v-1	4	ff		n|o	M
f123v-1	5	w-		d	H
f123v-1	6	U		?	U
f123v-1	7	U		?	U
f123v-1	8	q		u	H
f123v-1	9	E		i|y	M
f123v-1	10	d		s	H
f123v-1	11	m		t	H
f123v-1	12	h		e	H
f123v-1	13	d		s	H
f123v-1	14	E		i|y	M
f123v-1	15	L		r	H
f123v-1	16	4+		m	H
f123v-1	17	f		c|u	M
f123v-1	18	z		?	U
f123v-1	19	U		?	U
f123v-1	20	z		?	U
f123v-1	21	E		i|y	M
f123v-1	22	a		a	H
f123v-1	23	f		c|u	M
f123v-1	24	z		?	U
f123v-1	25	q		u	H
f123v-1	26	z		?	U
f123v-1	27	ff		n|o	M
f123v-1	28	U		?	U
f123v-1	29	E		i|y	M
f123v-2	1	U		?	U
f123v-2	2	m		t	H
f123v-2	3	E		i|y	M
f123v-2	4	he		l	H
f123v-2	5	h		e	H
f123v-2	6	R		p	H
f123v-2	7	q		u	H
f123v-2	8	U		?	U
f123v-2	9	L		r	H
f123v-2	10	33		?	U
f123v-2	11	d		s	H
f123v-2	12	E		i|y	M
f123v-2	13	L		r	H
f123v-2	14	q		u	H
f123v-2	15	E		i|y	M
f123v-2	16	H		o	H
f123v-2	17	U		?	U
f123v-2	18	o		i	H
f123v-2	19	h		e	H
f123v-2	20	d		s	H
f123v-2	21	q		u	H
f123v-2	22	E		i|y	M
f123v-2	23	14		que	H
f123v-2	24	4+		m	H
f123v-2	25	B		i|y	M
f123v-2	26	W		?	U
f123v-3	1	f		c|u	M
f123v-3	2	L		r	H
f123v-3	3	d		s	H
f123v-3	4	oo		d	H
f123v-3	5	h		e	H
f123v-3	6	33		?	U
f123v-3	7	d		s	H
f123v-3	8	q		u	H
f123v-3	9	.v.		n	H
f123v-3	10	d		s	H
f123v-3	11	h		e	H
f123v-3	12	E		i|y	M
f123v-3	13	z		?	U
f123v-3	14	d		s	H
f123v-3	15	q		u	H
f123v-3	16	.v.		n	H
f123v-3	17	m		t	H
f123v-3	18	7		o	H
f123v-3	19	4+		m	H
f123v-3	20	q		u	H
f123v-3	21	R		p	H
f123v-3	22	h		e	H
f123v-3	23	z		?	U
f123v-3	24	t		e	H
f123v-3	25	.v.		n	H
f123v-3	26	w-		d	H
f123v-3	27	q		u	H
f123v-3	28	U		?	U
f123v-4	1	L		r	H
f123v-4	2	h		e	H
f123v-4	3	q		u	H
f123v-4	4	g		u	H
f123v-4	5	e		r	H
f123v-4	6	a		a	H
f123v-4	7	.v.		n	H
f123v-4	8	d		s	H
f123v-4	9	h		e	H
f123v-4	10	m		t	H
f123v-4	11	E		i|y	M
f123v-4	12	4+		m	H
f123v-4	13	f		c|u	M
f123v-4	14	q		u	H
f123v-4	15	L		r	H
f123v-4	16	E		i|y	M
f123v-4	17	q		u	H
f123v-4	18	.v.		n	H
f123v-4	19	d		s	H
f123v-4	20	a		a	H
f123v-4	21	o		i	H
f123v-4	22	o		i	H
f123v-4	23	q		u	H
f123v-4	24	E		i|y	M
f123v-4	25	L		r	H
f123v-4	26	B		i|y	M
f123v-4	27	d		s	H
f123v-4	28	14		que	H
f123v-4	29	E		i|y	M
f123v-5	1	d		s	H
f123v-5	2	U		?	U
f123v-5	3	4+		m	H
f123v-5	4	f		c|u	M
f123v-5	5	E		i|y	M
f123v-5	6	8		g	H
f123v-5	7	14		que	H
f123v-5	8	H		o	H
f123v-5	9	h		e	H
f123v-5	10	m		t	H
f123v-5	11	U		?	U
f123v-5	12	o		i	H
f123v-5	13	d		s	H
f123v-5	14	L		r	H
f123v-5	15	B		i|y	M
f123v-5	16	13		qui	H
f123v-5	17	ff		n|o	M
f123v-5	18	h		e	H
f123v-5	19	d		s	H
f123v-5	20	oo		d	H
f123v-5	21	x		e	H
f123v-5	22	f		c|u	M
f123v-5	23	q		u	H
f123v-5	24	d		s	H
f123v-5	25	w-		d	H
f123v-5	26	B		i|y	M
f123v-5	27	d		s	H
f123v-5	28	4+		m	H
f123v-5	29	q		u	H
f123v-5	30	.v.		n	H
f123v-6	1	a		a	H
f123v-6	2	.v.		n	H
f123v-6	3	h		e	H
f123v-6	4	4+		m	H
f123v-6	5	t		e	H
f123v-6	6	L		r	H
f123v-6	7	z		?	U
f123v-6	8	m		t	H
f123v-6	9	4+		m	H
f123v-6	10	E		i|y	M
f123v-6	11	d		s	H
f123v-6	12	U		?	U
f123v-6	13	L		r	H
f123v-6	14	q		u	H
f123v-6	15	E		i|y	M
f123v-6	16	U		?	U
f123v-6	17	f		c|u	M
f123v-6	18	4+		m	H
f123v-6	19	E		i|y	M
f123v-7	1	Ze		t	H
f123v-7	2	L		r	H
f123v-7	3	U		?	U
f123v-7	4	d		s	H
f123v-7	5	t		e	H
f123v-7	6	E		i|y	M
f123v-7	7	d		s	H
f123v-7	8	U		?	U
f123v-7	9	L		r	H
f123v-7	10	o		i	H
f123v-7	11	7		o	H
f123v-7	12	.v.		n	H
f123v-7	13	6		i|n|s	M
f123v-7	14	m		t	H
f123v-7	15	7		o	H
f123v-7	16	4+		m	H
f123v-7	17	U		?	U
f123v-7	18	lam		b	H
f123v-7	19	z		?	U
f123v-7	20	4+		m	H
f123v-7	21	d		s	H
f123v-7	22	4+		m	H
f123v-7	23	U		?	U
f123v-7	24	z		?	U
f123v-7	25	4+		m	H
f123v-7	26	c		p	H
f123v-7	27	L		r	H
f123v-7	28	U		?	U
f123v-7	29	q		u	H
f123v-7	30	4+		m	H
f123v-7	31	g		u	H
f123v-7	32	7		o	H
f123v-7	33	o		i	H
f123v-7	34	L		r	H
f123v-7	35	M		f	H
f123v-7	36	a		a	H
f123v-7	37	B		i|y	M
f123v-8	1	Ze		t	H
f123v-8	2	a		a	H
f123v-8	3	.v.		n	H
f123v-8	4	m		t	H
f123v-8	5	w-		d	H
f123v-8	6	h		e	H
f123v-8	7	oo		d	H
f123v-8	8	U		?	U
f123v-8	9	d		s	H
f123v-8	10	c		p	H
f123v-8	11	h		e	H
f123v-8	12	.v.		n	H
f123v-8	13	lam		b	H
f123v-8	14	t		e	H
f123v-8	15	w-		d	H
f123v-8	16	h		e	H
f123v-8	17	lam		b	H
f123v-8	18	7		o	H
f123v-8	19	.v.		n	H
f123v-8	20	d		s	H
f123v-8	21	h		e	H
f123v-8	22	L		r	H
f123v-8	23	g		u	H
f123v-8	24	t		e	H
f123v-8	25	L		r	H
f123v-8	26	lam		b	H
f123v-8	27	U		?	U
f123v-8	28	d		s	H
f123v-8	29	m		t	H
f123v-8	30	t		e	H
f123v-8	31	4+		m	H
f123v-8	32	L		r	H
f123v-8	33	4+		m	H
f123v-8	34	yy		ss|s	M
f123v-8	35	B		i|y	M
f123v-9	1	4+		m	H
f123v-9	2	q		u	H
f123v-9	3	U		?	U
f123v-9	4	U		?	U
f123v-9	5	U		?	U
f123v-9	6	d		s	H
f123v-9	7	U		?	U
f123v-9	8	L		r	H
f123v-9	9	m		t	H
f123v-9	10	t		e	H
f123v-9	11	d		s	H
f123v-9	12	4+		m	H
f123v-9	13	B		i|y	M
f123v-9	14	d		s	H
f123v-9	15	7		o	H
f123v-9	16	.v.		n	H
f123v-9	17	w-		d	H
f123v-9	18	h		e	H
f123v-9	19	n		l	H
f123v-9	20	a		a	H
f123v-9	21	z		?	U
f123v-9	22	4+		m	H
f123v-9	23	B		i|y	M
f123v-9	24	yy		ss|s	M
f123v-9	25	U		?	U
f123v-9	26	L		r	H
f123v-9	27	4+		m	H
f123v-9	28	o		i	H
f123v-9	29	.v.		n	H
f123v-9	30	d		s	H
f123v-9	31	B		i|y	M
f123v-9	32	w-		d	H
f123v-9	33	h		e	H
f123v-9	34	c		p	H
f123v-9	35	U		?	U
f123v-10	1	o		i	H
f123v-10	2	t		e	H
f123v-10	3	he		l	H
f123v-10	4	a		a	H
f123v-10	5	s		u	H
f123v-10	6	n		l	H
f123v-10	7	Ze		t	H
f123v-10	8	t		e	H
f123v-10	9	w-		d	H
f123v-10	10	h		e	H
f123v-10	11	.v.		n	H
f123v-10	12	Ze		t	H
f123v-10	13	L		r	H
f123v-10	14	t		e	H
f123v-10	15	m		t	H
f123v-10	16	E		i|y	M
f123v-10	17	U		?	U
f123v-10	18	E		i|y	M
f123v-10	19	.v.		n	H
f123v-10	20	t		e	H
f123v-10	21	4+		m	H
f123v-10	22	E		i|y	M
f123v-10	23	.v.		n	H
f123v-10	24	m		t	H
f123v-10	25	6		i|n|s	M
f123v-10	26	2		?	U
f123v-10	27	m		t	H
f123v-10	28	U		?	U
f123v-10	29	d		s	H
f123v-10	30	Ze		t	H
f123v-10	31	L		r	H
f123v-10	32	t		e	H
f123v-10	33	7		o	H
f123v-10	34	.v.		n	H
f123v-10	35	m		t	H
f123v-10	36	121		?	U
f123v-11	1	c		p	H
f123v-11	2	L		r	H
f123v-11	3	7		o	H
f123v-11	4	f		c|u	M
f123v-11	5	q		u	H
f123v-11	6	d		s	H
f123v-11	7	U		?	U
f123v-11	8	4+		m	H
f123v-11	9	a		a	H
f123v-11	10	f		c|u	M
f123v-11	11	o		i	H
f123v-11	12	14		que	H
f123v-11	13	8		g	H
f123v-11	14	U		?	U
f123v-11	15	c		p	H
f123v-11	16	g		u	H
f123v-11	17	o		i	H
f123v-11	18	d		s	H
f123v-11	19	d		s	H
f123v-11	20	Ze		t	H
f123v-11	21	o		i	H
f123v-11	22	L		r	H
f123v-11	23	U		?	U
f123v-11	24	T=		m|mm	M
f123v-11	25	14		que	H
f123v-11	26	n		l	H
f123v-11	27	14		que	H
f123v-11	28	X		a	H
f123v-11	29	7		o	H
f123v-11	30	6		i|n|s	M
f123v-11	31	d		s	H
f123v-11	32	U		?	U
f123v-11	33	lam		b	H
f123v-11	34	7		o	H
f123v-11	35	5		?	U
f123v-11	36	L		r	H
f123v-12	1	w-		d	H
f123v-12	2	h		e	H
f123v-12	3	n		l	H
f123v-12	4	c		p	H
f123v-12	5	c		p	H
f123v-12	6	L		r	H
f123v-12	7	7		o	H
f123v-12	8	g		u	H
f123v-12	9	o		i	H
f123v-12	10	.v.		n	H
f123v-12	11	lam		b	H
f123v-12	12	t		e	H
f123v-12	13	7		o	H
f123v-12	14	g		u	H
f123v-12	15	z		?	U
f123v-12	16	t		e	H
f123v-12	17	d		s	H
f123v-12	18	g		u	H
f123v-12	19	d		s	H
f123v-12	20	g		u	H
f123v-12	21	o		i	H
f123v-12	22	d		s	H
f123v-12	23	49		?	U
f123v-12	24	3		e	H
f123v-12	25	a		a	H
f123v-12	26	B		i|y	M
f123v-12	27	M		f	H
f123v-12	28	a		a	H
f123v-12	29	o		i	H
f123v-12	30	lam		b	H
f123v-12	31	m		t	H
f123v-12	32	a		a	H
f123v-12	33	5		?	U
f123v-12	34	Ze		t	H
f123v-12	35	L		r	H
f123v-12	36	t		e	H
f123v-12	37	M		f	H
f123v-13	1	.v.		n	H
f123v-13	2	oo		d	H
f123v-13	3	3		e	H
f123v-13	4	U		?	U
f123v-13	5	E		i|y	M
f123v-13	6	U		?	U
f123v-13	7	d		s	H
f123v-13	8	m		t	H
f123v-13	9	7		o	H
f123v-13	10	o		i	H
f123v-13	11	q		u	H
f123v-13	12	U		?	U
f123v-13	13	m		t	H
f123v-13	14	14		que	H
f123v-13	15	M		f	H
f123v-13	16	7		o	H
f123v-13	17	6		i|n|s	M
f123v-13	18	m		t	H
f123v-14	1	.v.		n	H
f123v-14	2	f		c|u	M
f123v-14	3	7		o	H
f123v-14	4	L		r	H
f123v-14	5	t		e	H
f123v-14	6	d		s	H
f123v-14	7	14		que	H
f123v-14	8	n		l	H
f123v-14	9	14		que	H
f123v-14	10	4+		m	H
f123v-14	11	a		a	H
f123v-14	12	g		u	H
f123v-14	13	Ze		t	H
f123v-14	14	L		r	H
f123v-14	15	t		e	H
f123v-14	16	d		s	H
f123v-14	17	a		a	H
f123v-14	18	L		r	H
f123v-14	19	7		o	H
f123v-15	1	t		e	H
f123v-15	2	d		s	H
f123v-15	3	6		i|n|s	M
f123v-15	4	t		e	H
f123v-15	5	d		s	H
f123v-15	6	t		e	H
f123v-15	7	c		p	H
f123v-15	8	U		?	U
f123v-15	9	4+		m	H
f123v-15	10	h		e	H
f123v-15	11	.v.		n	H
f123v-15	12	Ze		t	H
f123v-15	13	4+		m	H
f123v-15	14	X		a	H
f123v-15	15	o		i	H
f123v-15	16	.v.		n	H
f123v-15	17	Ze		t	H
f123v-15	18	t		e	H
f123v-16	1	a		a	H
f123v-16	2	6		i|n|s	M
f123v-16	3	m		t	H
f123v-16	4	L		r	H
f123v-16	5	4+		m	H
f123v-16	6	Z		t	H
f123v-16	7	7		o	H
f123v-16	8	L		r	H
f123v-16	9	he		l	H
f123v-16	10	t		e	H
f123v-16	11	L		r	H
f123v-16	12	c		p	H
f123v-16	13	7		o	H
f123v-16	14	g		u	H
f123v-16	15	L		r	H
f123v-16	16	f		c|u	M
f123v-16	17	U		?	U
f123v-16	18	U		?	U
f123v-16	19	d		s	H
f123v-16	20	Ze		t	H
f123v-16	21	t		e	H
f123v-16	22	f		c|u	M
f123v-16	23	E		i|y	M
f123v-16	24	7		o	H
f123v-16	25	g		u	H
f123v-16	26	n		l	H
f123v-16	27	U		?	U
f123v-16	28	d		s	H
f123v-16	29	U		?	U
f123v-16	30	B		i|y	M
f123v-16	31	t		e	H
f123v-16	32	4+		m	H
f123v-16	33	o		i	H
f123v-16	34	4+		m	H
f123v-16	35	q		u	H
f123v-17	1	m		t	H
f123v-17	2	d		s	H
f123v-17	3	o		i	H
f123v-17	4	4+		m	H
f123v-17	5	U		?	U
f123v-17	6	d		s	H
f123v-17	7	n		l	H
f123v-17	8	U		?	U
f123v-17	9	z		?	U
f123v-17	10	a		a	H
f123v-17	11	4+		m	H
f123v-17	12	L		r	H
f123v-17	13	4+		m	H
f123v-17	14	B		i|y	M
f123v-17	15	f		c|u	M
f123v-17	16	t		e	H
f123v-17	17	13		qui	H
f123v-17	18	26		uous	H
f123v-17	19	L		r	H
f123v-17	20	U		?	U
f123v-17	21	d		s	H
f123v-17	22	m		t	H
f123v-17	23	t		e	H
f123v-17	24	w-		d	H
f123v-17	25	4+		m	H
f123v-17	26	lam		b	H
f123v-17	27	7		o	H
f123v-17	28	.v.		n	H
f123v-17	29	d		s	H
f123v-17	30	d		s	H
f123v-17	31	g		u	H
f123v-17	32	lam		b	H
f123v-17	33	z		?	U
f123v-17	34	U		?	U
f123v-18	1	m		t	H
f123v-18	2	q		u	H
f123v-18	3	14		que	H
f123v-18	4	c		p	H
f123v-18	5	U		?	U
f123v-18	6	L		r	H
f123v-18	7	d		s	H
f123v-18	8	7		o	H
f123v-18	9	B		i|y	M
f123v-18	10	t		e	H
f123v-18	11	.v.		n	H
f123v-18	12	f		c|u	M
f123v-18	13	a		a	H
f123v-18	14	lam		b	H
f123v-18	15	o		i	H
f123v-18	16	Ze		t	H
f123v-18	17	t		e	H
f123v-18	18	n		l	H
f123v-18	19	a		a	H
f123v-18	20	f		c|u	M
f123v-18	21	a		a	H
f123v-18	22	4+		m	H
f123v-18	23	c		p	H
f123v-18	24	x		e	H
f123v-18	25	o		i	H
f123v-18	26	z		?	U
f123v-18	27	6		i|n|s	M
f123v-18	28	t		e	H
f123v-18	29	U		?	U
f123v-18	30	m		t	H
f123v-18	31	4		?	U
f123v-18	32	7		o	H
f123v-18	33	f		c|u	M
f123v-18	34	t		e	H
f123v-18	35	13		qui	H
f123v-19	1	7		o	H
f123v-19	2	.v.		n	H
f123v-19	3	Ze		t	H
f123v-19	4	12		il	H
f123v-19	5	n		l	H
f123v-19	6	q		u	H
f123v-19	7	d		s	H
f123v-19	8	7		o	H
f123v-19	9	.v.		n	H
f123v-19	10	E		i|y	M
f123v-19	11	d		s	H
f123v-19	12	7		o	H
f123v-19	13	.v.		n	H
f123v-19	14	Ze		t	H
f123v-19	15	L		r	H
f123v-19	16	a		a	H
f123v-20	1	6		i|n|s	M
f123v-20	2	f		c|u	M
f123v-20	3	n		l	H
f123v-20	4	z		?	U
f123v-20	5	fe		?	U
f123v-20	6	t		e	H
f123v-20	7	c		p	H
f123v-20	8	7		o	H
f123v-20	9	g		u	H
f123v-20	10	L		r	H
f123v-20	11	d		s	H
f123v-20	12	t		e	H
f123v-20	13	f		c|u	M
f123v-20	14	7		o	H
f123v-20	15	.v.		n	H
f123v-20	16	d		s	H
f123v-21	1	7		o	H
f123v-21	2	E		i|y	M
f123v-21	3	12		il	H
f123v-21	4	n		l	H
f123v-21	5	q		u	H
f123v-21	6	d		s	H
f123v-21	7	t		e	H
f123v-21	8	.v.		n	H
f123v-21	9	a		a	H
f123v-21	10	c		p	H
f123v-21	11	U		?	U
f123v-21	12	L		r	H
f123v-21	13	d		s	H
f123v-21	14	7		o	H
f123v-21	15	o		i	H
f123v-21	16	g		u	H
f123v-21	17	t		e	H
f123v-21	18	.v.		n	H
f123v-22	1	m		t	H
f123v-22	2	o		i	H
f123v-22	3	B		i|y	M
f123v-22	4	he		l	H
f123v-22	5	t		e	H
f123v-22	6	d		s	H
f123v-22	7	w-		d	H
f123v-22	8	7		o	H
f123v-22	9	6		i|n|s	M
f123v-22	10	m		t	H
f123v-22	11	12		il	H
f123v-22	12	n		l	H
f123v-22	13	t		e	H
f123v-22	14	Ze		t	H
f123v-22	15	L		r	H
f123v-22	16	q		u	H
f123v-22	17	4+		m	H
f123v-22	18	d		s	H
f123v-22	19	t		e	H
f123v-22	20	L		r	H
f123v-22	21	7		o	H
f123v-22	22	.v.		n	H
f123v-22	23	m		t	H
f123v-22	24	n		l	H
f123v-22	25	t		e	H
f123v-22	26	4		?	U
f123v-22	27	t		e	H
f123v-22	28	f		c|u	M
f123v-22	29	7		o	H
f123v-22	30	d		s	H
f123v-22	31	L		r	H
f123v-22	32	t		e	H
f123v-22	33	4+		m	H
f123v-22	34	t		e	H
f123v-23	1	m		t	H
f123v-23	2	Ze		t	H
f123v-23	3	L		r	H
f123v-23	4	U		?	U
f123v-23	5	d		s	H
f123v-23	6	w-		d	H
f123v-23	7	o		i	H
f123v-23	8	o		i	H
f123v-23	9	o		i	H
f123v-23	10	B		i|y	M
f123v-23	11	f		c|u	M
f123v-23	12	z		?	U
f123v-23	13	he		l	H
f123v-23	14	w-		d	H
f123v-23	15	t		e	H
f123v-23	16	c		p	H
f123v-23	17	h		e	H
f123v-23	18	.v.		n	H
f123v-23	19	z		?	U
f123v-23	20	t		e	H
f123v-23	21	L		r	H
f123v-23	22	14		que	H
f123v-23	23	n		l	H
f123v-23	24	7		o	H
f123v-23	25	.v.		n	H
f123v-23	26	c		p	H
f123v-23	27	g		u	H
f123v-23	28	o		i	H
f123v-23	29	f		c|u	M
f123v-23	30	t		e	H
f123v-23	31	g		u	H
f123v-23	32	4+		m	H
f123v-23	33	t		e	H
f123v-24	1	w-		d	H
f123v-24	2	B		i|y	M
f123v-24	3	n		l	H
f123v-24	4	a		a	H
f123v-24	5	M		f	H
f123v-24	6	7		o	H
f123v-24	7	L		r	H
f123v-24	8	4+		m	H
f123v-24	9	t		e	H
f123v-24	10	oo		d	H
f123v-24	11	t		e	H
f123v-24	12	f		c|u	M
f123v-24	13	7		o	H
f123v-24	14	.v.		n	H
f123v-24	15	Ze		t	H
f123v-24	16	L		r	H
f123v-24	17	o		i	H
f123v-24	18	lam		b	H
f123v-24	19	g		u	H
f123v-24	20	Ze		t	H
f123v-24	21	o		i	H
f123v-24	22	7		o	H
f123v-24	23	.v.		n	H
f123v-24	24	4		?	U
f123v-24	25	9		?	U
f123v-24	26	M		f	H
f123v-24	27	7		o	H
f123v-24	28	.v.		n	H
f123v-24	29	Ze		t	H
f123v-24	30	n		l	H
f123v-24	31	U		?	U
f123v-24	32	d		s	H
f123v-24	33	U		?	U
f123v-25	1	t		e	H
f123v-25	2	4+		m	H
f123v-25	3	B		i|y	M
f123v-25	4	o		i	H
f123v-25	5	z		?	U
f123v-25	6	t		e	H
f123v-25	7	4+		m	H
f123v-25	8	a		a	H
f123v-25	9	yy		ss|s	M
f123v-25	10	t		e	H
f123v-25	11	g		u	H
f123v-25	12	L		r	H
f123v-25	13	t		e	H
f123v-25	14	14		que	H
f123v-25	15	Ze		t	H
f123v-25	16	t		e	H
f123v-25	17	he		l	H
f123v-25	18	x		e	H
f123v-25	19	d		s	H
f123v-25	20	g		u	H
f123v-25	21	o		i	H
f123v-25	22	q		u	H
f123v-25	23	n		l	H
f123v-25	24	a		a	H
f123v-25	25	B		i|y	M
f123v-25	26	f		c|u	M
f123v-25	27	t		e	H
f123v-25	28	q		u	H
f123v-25	29	B		i|y	M
f123v-25	30	t		e	H
f123v-25	31	d		s	H
f123v-25	32	U		?	U
f123v-25	33	L		r	H
f123v-25	34	7		o	H
f123v-26	1	U		?	U
f123v-26	2	.v.		n	H
f123v-26	3	Ze		t	H
f123v-26	4	z		?	U
f123v-26	5	a		a	H
f123v-26	6	4+		m	H
f123v-26	7	X		a	H
f123v-26	8	o		i	H
f123v-26	9	d		s	H
f123v-26	10	a		a	H
f123v-26	11	L		r	H
f123v-26	12	L		r	H
f123v-26	13	7		o	H
f123v-26	14	4+		m	H
f123v-26	15	yy		ss|s	M
f123v-26	16	d		s	H
f123v-26	17	4+		m	H
f123v-26	18	w-		d	H
f123v-26	19	t		e	H
f123v-26	20	B		i|y	M
f123v-26	21	8		g	H
f123v-26	22	24		nostre	H
f123v-26	23	w		?	U
f123v-26	24	g		u	H
f123v-26	25	a		a	H
f123v-26	26	.v.		n	H
f123v-26	27	w-		d	H
f123v-26	28	U		?	U
f123v-26	29	he		l	H
f123v-26	30	t		e	H
f123v-26	31	q		u	H
f123v-26	32	M		f	H
f123v-27	1	U		?	U
f123v-27	2	6		i|n|s	M
f123v-27	3	m		t	H
f123v-27	4	c		p	H
f123v-27	5	L		r	H
f123v-27	6	7		o	H
f123v-27	7	4+		m	H
f123v-27	8	o		i	H
f123v-27	9	d		s	H
f123v-27	10	U		?	U
f123v-27	11	q		u	H
f123v-27	12	U		?	U
f123v-27	13	he		l	H
f123v-27	14	t		e	H
f123v-27	15	q		u	H
f123v-27	16	.v.		n	H
f123v-27	17	t		e	H
f123v-27	18	d		s	H
f123v-27	19	t		e	H
f123v-27	20	c		p	H
f123v-27	21	U		?	U
f123v-27	22	4+		m	H
f123v-27	23	U		?	U
f123v-27	24	.v.		n	H
f123v-27	25	m		t	H
f123v-27	26	B		i|y	M
f123v-27	27	U		?	U
f123v-27	28	t		e	H
f123v-27	29	f		c|u	M
f123v-27	30	g		u	H
f123v-27	31	Ze		t	H
f123v-27	32	t		e	H
f123v-27	33	L		r	H
f123v-27	34	14		que	H
f123v-28	1	L		r	H
f123v-28	2	n		l	H
f123v-28	3	4		?	U
f123v-28	4	X		a	H
f123v-28	5	8		g	H
f123v-28	6	a		a	H
f123v-28	7	L		r	H
f123v-28	8	.v.		n	H
f123v-28	9	o		i	H
f123v-28	10	d		s	H
f123v-28	11	7		o	H
f123v-28	12	.v.		n	H
f123v-28	13	q		u	H
f123v-28	14	U		?	U
f123v-28	15	m		t	H
f123v-28	16	t		e	H
f123v-28	17	d		s	H
f123v-28	18	m		t	H
f123v-28	19	4+		m	H
f123v-28	20	a		a	H
f123v-28	21	n		l	H
f123v-28	22	D2		?	U
f123v-28	23	o		i	H
f123v-28	24	q		u	H
f123v-28	25	t		e	H
f123v-28	26	14		que	H
f123v-28	27	n		l	H
f123v-28	28	t		e	H
f123v-28	29	d		s	H
f123v-28	30	a		a	H
f123v-28	31	L		r	H
f123v-28	32	4+		m	H
f123v-28	33	yy		ss|s	M
f123v-28	34	q		u	H
f123v-29	1	.v.		n	H
f123v-29	2	c		p	H
f123v-29	3	g		u	H
f123v-29	4	o		i	H
f123v-29	5	f		c|u	M
f123v-29	6	t		e	H
f123v-29	7	.v.		n	H
f123v-29	8	m		t	H
f123v-29	9	d		s	H
f123v-29	10	U		?	U
f123v-29	11	L		r	H
f123v-29	12	g		u	H
f123v-29	13	o		i	H
f123v-29	14	L		r	H
f123v-29	15	w		?	U
f123v-29	16	g		u	H
f123v-29	17	a		a	H
f123v-29	18	.v.		n	H
f123v-29	19	w-		d	H
f123v-29	20	a		a	H
f123v-29	21	g		u	H
f123v-29	22	U		?	U
f123v-29	23	5		?	U
f123v-29	24	7		o	H
f123v-29	25	n		l	H
f123v-29	26	q		u	H
f123v-29	27	.v.		n	H
f123v-29	28	Ze		t	H
f123v-29	29	t		e	H
f123v-29	30	q		u	H
f123v-29	31	w-		d	H
f123v-29	32	t		e	H
f123v-29	33	f		c|u	M
f123v-29	34	U		?	U
f123v-29	35	g		u	H
f123v-30	1	5		?	U
f123v-30	2	c		p	H
f123v-30	3	a		a	H
f123v-30	4	E		i|y	M
f123v-30	5	d		s	H
f123v-30	6	E		i|y	M
f123v-30	7	t		e	H
f123v-30	8	f		c|u	M
f123v-30	9	7		o	H
f123v-30	10	.v.		n	H
f123v-30	11	f		c|u	M
f123v-30	12	t		e	H
f123v-30	13	yy		ss|s	M
f123v-30	14	t		e	H
f123v-30	15	14		que	H
f123v-30	16	4		?	U
f123v-30	17	z		?	U
f123v-30	18	t		e	H
f123v-30	19	n		l	H
f123v-30	20	U		?	U
f123v-30	21	d		s	H
f123v-30	22	a		a	H
f123v-30	23	E		i|y	M
f123v-30	24	m		t	H
f123v-30	25	L		r	H
f123v-30	26	7		o	H
f123v-30	27	4+		m	H
f123v-30	28	yy		ss|s	M
f123v-30	29	d		s	H
f123v-30	30	X		a	H
f123v-30	31	t		e	H
f123v-30	32	a		a	H
f123v-30	33	g		u	H
f123v-30	34	f		c|u	M
f123v-31	1	c		p	H
f123v-31	2	f		c|u	M
f123v-31	3	n		l	H
f123v-31	4	g		u	H
f123v-31	5	q		u	H
f123v-31	6	f		c|u	M
f123v-31	7	L		r	H
f123v-31	8	7		o	H
f123v-31	9	o		i	H
f123v-31	10	w-		d	H
f123v-31	11	t		e	H
f123v-31	12	q		u	H
f123v-31	13	14		que	H
f123v-31	14	B		i|y	M
f123v-31	15	t		e	H
f123v-31	16	.v.		n	H
f123v-31	17	Ze		t	H
f123v-31	18	c		p	H
f123v-31	19	t		e	H
f123v-31	20	.v.		n	H
f123v-31	21	d		s	H
f123v-31	22	7		o	H
f123v-31	23	o		i	H
f123v-31	24	q		u	H
f123v-31	25	24		nostre	H
f123v-31	26	12		il	H
f123v-31	27	M		f	H
f123v-31	28	o		i	H
f123v-31	29	g		u	H
f123v-31	30	n		l	H
f123v-31	31	Ze		t	H
f123v-32	1	L		r	H
f123v-32	2	t		e	H
f123v-32	3	c		p	H
f123v-32	4	7		o	H
f123v-32	5	5		?	U
f123v-32	6	L		r	H
f123v-32	7	U		?	U
f123v-32	8	g		u	H
f123v-32	9	z		?	U
f123v-32	10	12		il	H
f123v-32	11	n		l	H
f123v-32	12	a		a	H
f123v-32	13	7		o	H
f123v-32	14	.v.		n	H
f123v-32	15	Ze		t	H
f123v-32	16	4		?	U
f123v-32	17	8		g	H
f123v-32	18	6		i|n|s	M
f123v-32	19	c		p	H
f123v-32	20	n		l	H
f123v-32	21	g		u	H
f123v-32	22	d		s	H
f123v-32	23	c		p	H
f123v-32	24	4+		m	H
f123v-32	25	Ze		t	H
f123v-32	26	o		i	H
f123v-32	27	14		que	H
f123v-32	28	n		l	H
f123v-32	29	U		?	U
f123v-32	30	d		s	H
f123v-32	31	a		a	H
f123v-32	32	g		u	H
f123v-33	1	T		?	U
f123v-33	2	t		e	H
f123v-33	3	q		u	H
f123v-33	4	.v.		n	H
f123v-33	5	E		i|y	M
f123v-33	6	a		a	H
f123v-33	7	E		i|y	M
f123v-33	8	X		a	H
f123v-33	9	.v.		n	H
f123v-33	10	Ze		t	H
f123v-33	11	g		u	H
f123v-33	12	o		i	H
f123v-33	13	he		l	H
f123v-33	14	t		e	H
f123v-33	15	.v.		n	H
f123v-33	16	o		i	H
f123v-33	17	4+		m	H
f123v-33	18	7		o	H
f123v-33	19	5		?	U
f123v-33	20	L		r	H
f123v-33	21	y		?	U
f123v-33	22	a		a	H
f123v-33	23	oo		d	H
f123v-33	24	t		e	H
f123v-33	25	13		qui	H
f123v-33	26	.v.		n	H
f123v-33	27	a		a	H
f123v-33	28	E		i|y	M
f123v-33	29	Ze		t	H
f123v-33	30	n		l	H
f123v-33	31	U		?	U
f123v-33	32	B		i|y	M
f123v-33	33	t		e	H
f123v-34	1	o		i	H
f123v-34	2	X		a	H
f123v-34	3	g		u	H
f123v-34	4	.v.		n	H
f123v-34	5	t		e	H
f123v-34	6	n		l	H
f123v-34	7	o		i	H
f123v-34	8	U		?	U
f123v-34	9	g		u	H
f123v-34	10	t		e	H
f123v-34	11	c		p	H
f123v-34	12	L		r	H
f123v-34	13	U		?	U
f123v-34	14	z		?	U
f123v-34	15	w-		d	H
f123v-34	16	t		e	H
f123v-34	17	he		l	H
f123v-34	18	t		e	H
f123v-34	19	7		o	H
f123v-34	20	g		u	H
f123v-34	21	12		il	H
f123v-34	22	n		l	H
f123v-34	23	d		s	H
f123v-34	24	g		u	H
f123v-34	25	7		o	H
f123v-34	26	.v.		n	H
f123v-34	27	m		t	H
f123v-34	28	z		?	U
f123v-34	29	.v.		n	H
f123v-34	30	f		c|u	M
f123v-34	31	U		?	U
f123v-34	32	yy		ss|s	M
f123v-34	33	a		a	H
f123v-35	1	U		?	U
f123v-35	2	.v.		n	H
f123v-35	3	m		t	H
f123v-35	4	a		a	H
f123v-35	5	n		l	H
f123v-35	6	o		i	H
f123v-35	7	y		?	U
f123v-35	8	s		u	H
f123v-35	9	E		i|y	M
f123v-35	10	fe		?	U
f123v-35	11	t		e	H
f123v-35	12	5		?	U
f123v-35	13	4		?	U
f123v-35	14	n		l	H
f123v-35	15	U		?	U
f123v-35	16	d		s	H
f123v-35	17	4+		m	H
f123v-35	18	7		o	H
f123v-35	19	o		i	H
f123v-35	20	U		?	U
f123v-35	21	6		i|n|s	M
f123v-35	22	d		s	H
f123v-35	23	14		que	H
f123v-35	24	z		?	U
f123v-35	25	a		a	H
f123v-35	26	4+		m	H
f123v-35	27	U		?	U
f123v-35	28	.v.		n	H
f123v-35	29	w-		d	H
f123v-35	30	7		o	H
f123v-35	31	o		i	H
f123v-35	32	q		u	H
f123v-35	33	w-		d	H
f123v-36	1	z		?	U
f123v-36	2	z		?	U
f123v-36	3	f		c|u	M
f123v-36	4	7		o	H
f123v-36	5	d		s	H
f123v-36	6	m		t	H
f123v-36	7	t		e	H
f123v-36	8	4+		m	H
f123v-36	9	t		e	H
f123v-36	10	w-		d	H
f123v-36	11	t		e	H
f123v-36	12	o		i	H
f123v-36	13	o		i	H
f123v-36	14	a		a	H
f123v-36	15	B		i|y	M
f123v-36	16	h		e	H
f123v-36	17	he		l	H
f123v-36	18	t		e	H
f123v-36	19	.v.		n	H
f123v-36	20	m		t	H
f123v-36	21	.v.		n	H
f123v-36	22	t		e	H
f123v-36	23	c		p	H
f123v-36	24	7		o	H
f123v-36	25	4+		m	H
f123v-36	26	a		a	H
f123v-36	27	.v.		n	H
f123v-36	28	Ze		t	H
f123v-36	29	E		i|y	M
f123v-36	30	o		i	H
f123v-36	31	L		r	H
f123v-36	32	t		e	H
f123v-36	33	e		r	H
f123v-36	34	w-		d	H
f123v-37	1	f		c|u	M
f123v-37	2	E		i|y	M
f123v-37	3	a		a	H
f123v-37	4	g		u	H
f123v-37	5	f		c|u	M
f123v-37	6	q		u	H
f123v-37	7	.v.		n	H
f123v-37	8	d		s	H
f123v-37	9	U		?	U
f123v-37	10	f		c|u	M
f123v-37	11	7		o	H
f123v-37	12	5		?	U
f123v-37	13	L		r	H
f123v-37	14	q		u	H
f123v-37	15	o		i	H
f123v-37	16	t		e	H
f123v-37	17	d		s	H
f123v-37	18	g		u	H
f123v-37	19	B		i|y	M
f123v-37	20	q		u	H
f123v-37	21	f		c|u	M
f123v-37	22	7		o	H
f123v-37	23	.v.		n	H
f123v-37	24	Ze		t	H
f123v-37	25	L		r	H
f123v-37	26	a		a	H
f123v-37	27	B		i|y	M
f123v-37	28	.v.		n	H
f123v-37	29	Ze		t	H
f123v-37	30	w-		d	H
f123v-37	31	t		e	H
f123v-38	1	L		r	H
f123v-38	2	t		e	H
f123v-38	3	f		c|u	M
f123v-38	4	7		o	H
f123v-38	5	g		u	H
f123v-38	6	L		r	H
f123v-38	7	o		i	H
f123v-38	8	T		?	U
f123v-38	9	a		a	H
f123v-38	10	a		a	H
f123v-38	11	B		i|y	M
f123v-38	12	o		i	H
f123v-38	13	U		?	U
f123v-38	14	m		t	H
f123v-38	15	26		uous	H
f123v-38	16	w-		d	H
f123v-38	17	h		e	H
f123v-38	18	c		p	H
f123v-38	19	t		e	H
f123v-38	20	d		s	H
f123v-38	21	f		c|u	M
f123v-38	22	7		o	H
f123v-38	23	t		e	H
f123v-38	24	L		r	H
f123v-38	25	f		c|u	M
f123v-38	26	t		e	H
f123v-38	27	c		p	H
f123v-38	28	7		o	H
f123v-38	29	L		r	H
f123v-38	30	m		t	H
f123v-38	31	t		e	H
f123v-38	32	g		u	H
f123v-38	33	L		r	H
f123v-38	34	U		?	U
f123v-39	1	c		p	H
f123v-39	2	L		r	H
f123v-39	3	t		e	H
f123v-39	4	q		u	H
f123v-39	5	c		p	H
f123v-39	6	7		o	H
f123v-39	7	g		u	H
f123v-39	8	L		r	H
f123v-39	9	26		uous	H
f123v-39	10	d		s	H
f123v-39	11	g		u	H
f123v-39	12	L		r	H
f123v-39	13	n		l	H
f123v-39	14	o		i	H
f123v-39	15	U		?	U
f123v-39	16	L		r	H
f123v-39	17	m		t	H
f123v-39	18	L		r	H
f123v-39	19	U		?	U
f123v-39	20	d		s	H
f123v-39	21	L		r	H
f123v-39	22	5		?	U
f123v-39	23	4+		m	H
f123v-39	24	X		a	H
f123v-39	25	n		l	H
f123v-39	26	t		e	H
f123v-39	27	4		?	U
f123v-39	28	B		i|y	M
f123v-39	29	.v.		n	H
f123v-39	30	m		t	H
f123v-39	31	4		?	U
f123v-39	32	h		e	H
f123v-39	33	f		c|u	M
f123v-39	34	a		a	H
f123v-40	1	L		r	H
f123v-40	2	t		e	H
f123v-40	3	c		p	H
f123v-40	4	a		a	H
f123v-40	5	L		r	H
f123v-40	6	n		l	H
f123v-40	7	g		u	H
f123v-40	8	E		i|y	M
f123v-40	9	U		?	U
f123v-40	10	.v.		n	H
f123v-40	11	Ze		t	H
f123v-40	12	t		e	H
f123v-40	13	6		i|n|s	M
f123v-40	14	w-		d	H
f123v-40	15	L		r	H
f123v-40	16	t		e	H
f123v-40	17	33		?	U
f123v-40	18	4		?	U
f123v-40	19	9		?	U
f123v-40	20	d		s	H
f123v-40	21	.v.		n	H
f123v-40	22	w-		d	H
f123v-40	23	h		e	H
f123v-40	24	4		?	U
f123v-40	25	t		e	H
f123v-40	26	6		i|n|s	M
f123v-40	27	m		t	H
f123v-40	28	U		?	U
f123v-40	29	m		t	H
f123v-40	30	z		?	U
f123v-40	31	.v.		n	H
f123v-40	32	Ze		t	H
f123v-40	33	t		e	H
f123v-41	1	m		t	H
f123v-41	2	o		i	H
f123v-41	3	7		o	H
f123v-41	4	.v.		n	H
f123v-41	5	U		?	U
f123v-41	6	m		t	H
f123v-41	7	d		s	H
f123v-41	8	o		i	H
f123v-41	9	E		i|y	M
f123v-41	10	w-		d	H
f123v-41	11	t		e	H
f123v-41	12	d		s	H
f123v-41	13	o		i	H
f123v-41	14	L		r	H
f123v-41	15	t		e	H
f123v-41	16	q		u	H
f123v-41	17	t		e	H
f123v-41	18	z		?	U
f123v-41	19	t		e	H
f123v-41	20	L		r	H
f123v-41	21	g		u	H
f123v-41	22	o		i	H
f123v-41	23	L		r	H
f123v-41	24	w-		d	H
f123v-41	25	h		e	H
f123v-41	26	f		c|u	M
f123v-41	27	t		e	H
f123v-41	28	q		u	H
f123v-41	29	Ze		t	H
f123v-41	30	t		e	H
f123v-41	31	a		a	H
f123v-41	32	L		r	H
f123v-41	33	4		?	U
f123v-41	34	yy		ss|s	M
f124r-1	1	d		s	H
f124r-1	2	z		?	U
f124r-1	3	L		r	H
f124r-1	4	t		e	H
f124r-1	5	14		que	H
f124r-1	6	n		l	H
f124r-1	7	14		que	H
f124r-1	8	lam		b	H
f124r-1	9	7		o	H
f124r-1	10	B		i|y	M
f124r-1	11	t		e	H
f124r-1	12	T		?	U
f124r-1	13	t		e	H
f124r-1	14	d		s	H
f124r-1	15	7		o	H
f124r-1	16	n		l	H
f124r-1	17	g		u	H
f124r-1	18	m		t	H
f124r-1	19	o		i	H
f124r-1	20	7		o	H
f124r-1	21	.v.		n	H
f124r-1	22	w-		d	H
f124r-1	23	t		e	H
f124r-1	24	n		l	H
f124r-1	25	d		s	H
f124r-1	26	d		s	H
f124r-1	27	t		e	H
f124r-1	28	f		c|u	M
f124r-1	29	7		o	H
f124r-1	30	g		u	H
f124r-1	31	L		r	H
f124r-1	32	o		i	H
f124r-1	33	e		r	H
f124r-1	34	w-		d	H
f124r-1	35	7		o	H
f124r-1	36	L		r	H
f124r-1	37	t		e	H
f124r-1	38	e		r	H
f124r-2	1	q		u	H
f124r-2	2	.v.		n	H
f124r-2	3	o		i	H
f124r-2	4	g		u	H
f124r-2	5	D2		?	U
f124r-2	6	B		i|y	M
f124r-2	7	m		t	H
f124r-2	8	c		p	H
f124r-2	9	n		l	H
f124r-2	10	s		u	H
f124r-2	11	z		?	U
f124r-2	12	d		s	H
f124r-2	13	7		o	H
f124r-2	14	d		s	H
f124r-2	15	t		e	H
f124r-2	16	B		i|y	M
f124r-2	17	m		t	H
f124r-2	18	14		que	H
f124r-2	19	he		l	H
f124r-2	20	t		e	H
f124r-2	21	.v.		n	H
f124r-2	22	o		i	H
f124r-2	23	U		?	U
f124r-2	24	d		s	H
f124r-2	25	m		t	H
f124r-2	26	t		e	H
f124r-2	27	17		car	H
f124r-2	28	n		l	H
f124r-2	29	o		i	H
f124r-2	30	Ze		t	H
f124r-2	31	t		e	H
f124r-2	32	.v.		n	H
f124r-2	33	o		i	H
f124r-2	34	B		i|y	M
f124r-3	1	m		t	H
f124r-3	2	U		?	U
f124r-3	3	B		i|y	M
f124r-3	4	n		l	H
f124r-3	5	U		?	U
f124r-3	6	z		?	U
f124r-3	7	t		e	H
f124r-3	8	L		r	H
f124r-3	9	f		c|u	M
f124r-3	10	o		i	H
f124r-3	11	H		o	H
f124r-3	12	t		e	H
f124r-3	13	25		nous	H
f124r-3	14	12		il	H
f124r-3	15	n		l	H
f124r-3	16	a		a	H
f124r-3	17	M		f	H
f124r-3	18	o		i	H
f124r-3	19	L		r	H
f124r-3	20	o		i	H
f124r-3	21	g		u	H
f124r-3	22	n		l	H
f124r-3	23	Ze		t	H
f124r-3	24	d		s	H
f124r-3	25	t		e	H
f124r-3	26	yy		ss|s	M
f124r-3	27	L		r	H
f124r-3	28	t		e	H
f124r-3	29	A		l	H
f124r-3	30	7		o	H
f124r-3	31	.v.		n	H
f124r-3	32	B		i|y	M
f124r-3	33	t		e	H
f124r-4	1	d		s	H
f124r-4	2	o		i	H
f124r-4	3	g		u	H
f124r-4	4	L		r	H
f124r-4	5	7		o	H
f124r-4	6	o		i	H
f124r-4	7	m		t	H
f124r-4	8	B		i|y	M
f124r-4	9	o		i	H
f124r-4	10	o		i	H
f124r-4	11	o		i	H
f124r-4	12	E		i|y	M
f124r-4	13	d		s	H
f124r-4	14	U		?	U
f124r-4	15	B		i|y	M
f124r-4	16	m		t	H
f124r-4	17	n		l	H
f124r-4	18	o		i	H
f124r-4	19	L		r	H
f124r-4	20	t		e	H
f124r-4	21	m		t	H
f124r-4	22	n		l	H
f124r-4	23	B		i|y	M
f124r-4	24	.v.		n	H
f124r-4	25	o		i	H
f124r-4	26	L		r	H
f124r-4	27	14		que	H
f124r-4	28	U		?	U
f124r-4	29	B		i|y	M
f124r-4	30	d		s	H
f124r-4	31	7		o	H
f124r-4	32	B		i|y	M
f124r-4	33	o		i	H
f124r-4	34	q		u	H
f124r-4	35	w-		d	H
f124r-5	1	4		?	U
f124r-5	2	7		o	H
f124r-5	3	o		i	H
f124r-5	4	q		u	H
f124r-5	5	U		?	U
f124r-5	6	he		l	H
f124r-5	7	t		e	H
f124r-5	8	.v.		n	H
f124r-5	9	t		e	H
f124r-5	10	d		s	H
f124r-5	11	B		i|y	M
f124r-5	12	w-		d	H
f124r-5	13	t		e	H
f124r-5	14	oo		d	H
f124r-5	15	X		a	H
f124r-5	16	f		c|u	M
f124r-5	17	t		e	H
f124r-5	18	4		?	U
f124r-5	19	7		o	H
f124r-5	20	t		e	H
f124r-5	21	U		?	U
f124r-5	22	.v.		n	H
f124r-5	23	Ze		t	H
f124r-5	24	o		i	H
f124r-5	25	t		e	H
f124r-5	26	L		r	H
f124r-5	27	B		i|y	M
f124r-5	28	7		o	H
f124r-5	29	g		u	H
f124r-5	30	d		s	H
f124r-5	31	o		i	H
f124r-5	32	B		i|y	M
f124r-5	33	8		g	H
f124r-5	34	f		c|u	M
f124r-5	35	7		o	H
f124r-6	1	B		i|y	M
f124r-6	2	7		o	H
f124r-6	3	o		i	H
f124r-6	4	d		s	H
f124r-6	5	m		t	H
f124r-6	6	d		s	H
f124r-6	7	U		?	U
f124r-6	8	q		u	H
f124r-6	9	d		s	H
f124r-6	10	7		o	H
f124r-6	11	E		i|y	M
f124r-6	12	U		?	U
f124r-6	13	.v.		n	H
f124r-6	14	d		s	H
f124r-6	15	B		i|y	M
f124r-6	16	U		?	U
f124r-6	17	c		p	H
f124r-6	18	7		o	H
f124r-6	19	d		s	H
f124r-6	20	7		o	H
f124r-6	21	o		i	H
f124r-6	22	7		o	H
f124r-6	23	o		i	H
f124r-6	24	L		r	H
f124r-6	25	c		p	H
f124r-6	26	7		o	H
f124r-6	27	L		r	H
f124r-6	28	Ze		t	H
f124r-6	29	t		e	H
f124r-6	30	L		r	H
f124r-6	31	d		s	H
f124r-6	32	t		e	H
f124r-6	33	d		s	H
f124r-6	34	m		t	H
f124r-6	35	t		e	H
f124r-6	36	w-		d	H
f124r-6	37	t		e	H
f124r-7	1	d		s	H
f124r-7	2	c		p	H
f124r-7	3	t		e	H
f124r-7	4	B		i|y	M
f124r-7	5	H		o	H
f124r-7	6	t		e	H
f124r-7	7	d		s	H
f124r-7	8	g		u	H
f124r-7	9	d		s	H
f124r-7	10	7		o	H
f124r-7	11	o		i	H
f124r-7	12	.v.		n	H
f124r-7	13	d		s	H
f124r-7	14	q		u	H
f124r-7	15	o		i	H
f124r-7	16	c		p	H
f124r-7	17	L		r	H
f124r-7	18	7		o	H
f124r-7	19	d		s	H
f124r-7	20	c		p	H
f124r-7	21	m		t	H
f124r-7	22	t		e	H
f124r-7	23	4		?	U
f124r-7	24	t		e	H
f124r-7	25	.v.		n	H
f124r-7	26	Ze		t	H
f124r-7	27	14		que	H
f124r-7	28	he		l	H
f124r-7	29	t		e	H
f124r-7	30	7		o	H
f124r-8	1	w-		d	H
f124r-8	2	L		r	H
f124r-8	3	e		r	H
f124r-8	4	t		e	H
f124r-8	5	U		?	U
f124r-8	6	.v.		n	H
f124r-8	7	o		i	H
f124r-8	8	H		o	H
f124r-8	9	t		e	H
f124r-8	10	.v.		n	H
f124r-8	11	w-		d	H
f124r-8	12	o		i	H
f124r-8	13	B		i|y	M
f124r-8	14	m		t	H
f124r-8	15	14		que	H
f124r-8	16	n		l	H
f124r-8	17	t		e	H
f124r-8	18	d		s	H
f124r-8	19	w-		d	H
f124r-8	20	o		i	H
f124r-8	21	Ze		t	H
f124r-8	22	d		s	H
f124r-8	23	d		s	H
f124r-8	24	7		o	H
f124r-8	25	L		r	H
f124r-8	26	E		i|y	M
f124r-8	27	t		e	H
f124r-8	28	.v.		n	H
f124r-8	29	d		s	H
f124r-8	30	q		u	H
f124r-8	31	t		e	H
f124r-8	32	c		p	H
f124r-8	33	s		u	H
f124r-8	34	z		?	U
f124r-9	1	h		e	H
f124r-9	2	d		s	H
f124r-9	3	t		e	H
f124r-9	4	.v.		n	H
f124r-9	5	Ze		t	H
f124r-9	6	c		p	H
f124r-9	7	L		r	H
f124r-9	8	t		e	H
f124r-9	9	f		c|u	M
f124r-9	10	o		i	H
f124r-9	11	L		r	H
f124r-9	12	t		e	H
f124r-9	13	T		?	U
f124r-9	14	d		s	H
f124r-9	15	z		?	U
f124r-9	16	12		il	H
f124r-9	17	n		l	H
f124r-9	18	g		u	H
f124r-9	19	E		i|y	M
f124r-9	20	c		p	H
f124r-9	21	n		l	H
f124r-9	22	o		i	H
f124r-9	23	o		i	H
f124r-9	24	fe		?	U
f124r-9	25	d		s	H
f124r-9	26	14		que	H
f124r-9	27	n		l	H
f124r-9	28	o		i	H
f124r-9	29	w-		d	H
f124r-9	30	o		i	H
f124r-9	31	f		c|u	M
f124r-9	32	m		t	H
f124r-9	33	t		e	H
f124r-9	34	d		s	H
f124r-10	1	L		r	H
f124r-10	2	t		e	H
f124r-10	3	yy		ss|s	M
f124r-10	4	d		s	H
f124r-10	5	7		o	H
f124r-10	6	o		i	H
f124r-10	7	Ze		t	H
f124r-10	8	4		?	U
f124r-10	9	B		i|y	M
f124r-10	10	q		u	H
f124r-10	11	t		e	H
f124r-10	12	U		?	U
f124r-10	13	.v.		n	H
f124r-10	14	y		?	U
f124r-10	15	o		i	H
f124r-10	16	L		r	H
f124r-10	17	B		i|y	M
f124r-10	18	z		?	U
f124r-10	19	d		s	H
f124r-10	20	7		o	H
f124r-10	21	.v.		n	H
f124r-10	22	U		?	U
f124r-10	23	z		?	U
f124r-10	24	g		u	H
f124r-10	25	o		i	H
f124r-10	26	he		l	H
f124r-10	27	t		e	H
f124r-10	28	o		i	H
f124r-10	29	w-		d	H
f124r-10	30	U		?	U
f124r-10	31	o		i	H
f124r-11	1	t		e	H
f124r-11	2	c		p	H
f124r-11	3	L		r	H
f124r-11	4	7		o	H
f124r-11	5	g		u	H
f124r-11	6	o		i	H
f124r-11	7	.v.		n	H
f124r-11	8	f		c|u	M
f124r-11	9	t		e	H
f124r-11	10	4		?	U
f124r-11	11	U		?	U
f124r-11	12	d		s	H
f124r-11	13	E		i|y	M
f124r-11	14	.v.		n	H
f124r-11	15	14		que	H
f124r-11	16	n		l	H
f124r-11	17	q		u	H
f124r-11	18	L		r	H
f124r-11	19	U		?	U
f124r-11	20	o		i	H
f124r-11	21	q		u	H
f124r-11	22	E		i|y	M
f124r-11	23	d		s	H
f124r-11	24	o		i	H
f124r-11	25	ff		n|o	M
f124r-11	26	m		t	H
f124r-11	27	w-		d	H
f124r-11	28	g		u	H
f124r-11	29	.v.		n	H
f124r-11	30	E		i|y	M
f124r-11	31	f		c|u	M
f124r-11	32	o		i	H
f124r-11	33	L		r	H
f124r-12	1	m		t	H
f124r-12	2	E		i|y	M
f124r-12	3	B		i|y	M
f124r-12	4	o		i	H
f124r-12	5	t		e	H
f124r-12	6	A		l	H
f124r-12	7	q		u	H
f124r-12	8	d		s	H
f124r-12	9	U		?	U
f124r-12	10	E		i|y	M
f124r-12	11	ff		n|o	M
f124r-12	12	t		e	H
f124r-12	13	h		e	H
f124r-12	14	.v.		n	H
f124r-12	15	T		?	U
f124r-12	16	4		?	U
f124r-12	17	g		u	H
f124r-12	18	h		e	H
f124r-12	19	e		r	H
f124r-12	20	z		?	U
f124r-12	21	s		u	H
f124r-12	22	U		?	U
f124r-12	23	7		o	H
f124r-12	24	g		u	H
f124r-12	25	w		?	U
f124r-12	26	U		?	U
f124r-12	27	E		i|y	M
f124r-12	28	H		o	H
f124r-12	29	E		i|y	M
f124r-12	30	7		o	H
f124r-12	31	g		u	H
f124r-12	32	o		i	H
f124r-12	33	n		l	H
f124r-13	1	d		s	H
f124r-13	2	q		u	H
f124r-13	3	o		i	H
f124r-13	4	o		i	H
f124r-13	5	L		r	H
f124r-13	6	h		e	H
f124r-13	7	.v.		n	H
f124r-13	8	m		t	H
f124r-13	9	oo		d	H
f124r-13	10	h		e	H
f124r-13	11	n		l	H
f124r-13	12	q		u	H
f124r-13	13	w-		d	H
f124r-13	14	U		?	U
f124r-13	15	o		i	H
f124r-13	16	o		i	H
f124r-13	17	e		r	H
f124r-13	18	a		a	H
f124r-13	19	U		?	U
f124r-13	20	L		r	H
f124r-13	21	T		?	U
f124r-13	22	e		r	H
f124r-13	23	2		?	U
f124r-13	24	q		u	H
f124r-13	25	g		u	H
f124r-13	26	.v.		n	H
f124r-13	27	t		e	H
f124r-13	28	o		i	H
f124r-13	29	s		u	H
f124r-13	30	m		t	H
f124r-13	31	L		r	H
f124r-13	32	h		e	H
f124r-13	33	M		f	H
f124r-13	34	q		u	H
f124r-13	35	E		i|y	M
f124r-13	36	d		s	H
f124r-14	1	L		r	H
f124r-14	2	o		i	H
f124r-14	3	A		l	H
f124r-14	4	H		o	H
f124r-14	5	t		e	H
f124r-14	6	w-		d	H
f124r-14	7	h		e	H
f124r-14	8	f		c|u	M
f124r-14	9	t		e	H
f124r-14	10	d		s	H
f124r-14	11	m		t	H
f124r-14	12	U		?	U
f124r-14	13	L		r	H
f124r-14	14	o		i	H
f124r-14	15	q		u	H
f124r-14	16	B		i|y	M
f124r-14	17	h		e	H
f124r-14	18	e		r	H
f124r-14	19	B		i|y	M
f124r-14	20	f		c|u	M
f124r-14	21	33		?	U
f124r-14	22	h		e	H
f124r-14	23	d		s	H
f124r-14	24	f		c|u	M
f124r-14	25	L		r	H
f124r-14	26	U		?	U
f124r-14	27	e		r	H
f124r-14	28	f		c|u	M
f124r-14	29	q		u	H
f124r-14	30	T		?	U
f124r-14	31	q		u	H
f124r-14	32	q		u	H
f124r-14	33	.v.		n	H
f124r-14	34	w-		d	H
f124r-14	35	h		e	H
f124r-15	1	q		u	H
f124r-15	2	t		e	H
f124r-15	3	E		i|y	M
f124r-15	4	B		i|y	M
f124r-15	5	.v.		n	H
f124r-15	6	t		e	H
f124r-15	7	d		s	H
f124r-15	8	q		u	H
f124r-15	9	E		i|y	M
f124r-15	10	d		s	H
f124r-15	11	s		u	H
f124r-15	12	U		?	U
f124r-15	13	.v.		n	H
f124r-15	14	q		u	H
f124r-15	15	14		que	H
f124r-15	16	q		u	H
f124r-15	17	g		u	H
f124r-15	18	B		i|y	M
f124r-15	19	f		c|u	M
f124r-15	20	E		i|y	M
f124r-15	21	U		?	U
f124r-15	22	U		?	U
f124r-15	23	w-		d	H
f124r-15	24	o		i	H
f124r-15	25	f		c|u	M
f124r-15	26	m		t	H
f124r-16	1	d		s	H
f124r-16	2	U		?	U
f124r-16	3	.v.		n	H
f124r-16	4	m		t	H
f124r-16	5	E		i|y	M
f124r-16	6	R		p	H
f124r-16	7	A		l	H
f124r-16	8	o		i	H
f124r-16	9	oo		d	H
f124r-16	10	q		u	H
f124r-16	11	E		i|y	M
f124r-16	12	d		s	H
f124r-16	13	14		que	H
f124r-16	14	d		s	H
f124r-16	15	U		?	U
f124r-16	16	.v.		n	H
f124r-16	17	m		t	H
f124r-16	18	E		i|y	M
f124r-16	19	z		?	U
f124r-16	20	.v.		n	H
f124r-16	21	q		u	H
f124r-16	22	H		o	H
f124r-16	23	14		que	H
f124r-16	24	d		s	H
f124r-16	25	q		u	H
f124r-16	26	.v.		n	H
f124r-16	27	E		i|y	M
f124r-16	28	f		c|u	M
f124r-16	29	B		i|y	M
f124r-16	30	n		l	H
f124r-16	31	q		u	H
f124r-17	1	d		s	H
f124r-17	2	z		?	U
f124r-17	3	U		?	U
f124r-17	4	q		u	H
f124r-17	5	L		r	H
f124r-17	6	o		i	H
f124r-17	7	q		u	H
f124r-17	8	L		r	H
f124r-17	9	d		s	H
f124r-17	10	H		o	H
f124r-17	11	f		c|u	M
f124r-17	12	a		a	H
f124r-17	13	E		i|y	M
f124r-17	14	w-		d	H
f124r-17	15	h		e	H
f124r-17	16	d		s	H
f124r-17	17	o		i	H
f124r-17	18	m		t	H
f124r-17	19	d		s	H
f124r-17	20	w-		d	H
f124r-17	21	z		?	U
f124r-17	22	E		i|y	M
f124r-17	23	U		?	U
f124r-17	24	E		i|y	M
f124r-17	25	t		e	H
f124r-17	26	d		s	H
f124r-17	27	m		t	H
f124r-17	28	q		u	H
f124r-17	29	E		i|y	M
f124r-17	30	f		c|u	M
f124r-17	31	m		t	H
f124r-17	32	Ze		t	H
f124r-17	33	q		u	H
f124r-18	1	A		l	H
f124r-18	2	o		i	H
f124r-18	3	L		r	H
f124r-18	4	oo		d	H
f124r-18	5	H		o	H
f124r-18	6	13		qui	H
f124r-18	7	U		?	U
f124r-18	8	q		u	H
f124r-18	9	U		?	U
f124r-18	10	q		u	H
f124r-18	11	E		i|y	M
f124r-18	12	d		s	H
f124r-18	13	m		t	H
f124r-18	14	R		p	H
f124r-18	15	L		r	H
f124r-18	16	U		?	U
f124r-18	17	d		s	H
f124r-18	18	f		c|u	M
f124r-18	19	q		u	H
f124r-18	20	R		p	H
f124r-18	21	q		u	H
f124r-18	22	d		s	H
f124r-18	23	B		i|y	M
f124r-18	24	f		c|u	M
f124r-18	25	E		i|y	M
f124r-18	26	q		u	H
f124r-18	27	.v.		n	H
f124r-19	1	q		u	H
f124r-19	2	m		t	H
f124r-19	3	U		?	U
f124r-19	4	L		r	H
f124r-19	5	d		s	H
f124r-19	6	E		i|y	M
f124r-19	7	.v.		n	H
f124r-19	8	f		c|u	M
f124r-19	9	o		i	H
f124r-19	10	U		?	U
f124r-19	11	M		f	H
f124r-19	12	o		i	H
f124r-19	13	E		i|y	M
f124r-19	14	d		s	H
f124r-19	15	c		p	H
f124r-19	16	o		i	H
f124r-19	17	L		r	H
f124r-19	18	h		e	H
f124r-19	19	H		o	H
f124r-19	20	h		e	H
f124r-19	21	8		g	H
f124r-19	22	m		t	H
f124r-19	23	L		r	H
f124r-19	24	q		u	H
f124r-19	25	q		u	H
f124r-19	26	t		e	H
f124r-19	27	f		c|u	M
f124r-19	28	t		e	H
f124r-19	29	c		p	H
f124r-20	1	Ze		t	H
f124r-20	2	L		r	H
f124r-20	3	U		?	U
f124r-20	4	d		s	H
f124r-20	5	o		i	H
f124r-20	6	q		u	H
f124r-20	7	c		p	H
f124r-20	8	q		u	H
f124r-20	9	q		u	H
f124r-20	10	n		l	H
f124r-20	11	7		o	H
f124r-20	12	.v.		n	H
f124r-20	13	m		t	H
f124r-20	14	E		i|y	M
f124r-20	15	U		?	U
f124r-20	16	L		r	H
f124r-20	17	d		s	H
f124r-20	18	f		c|u	M
f124r-20	19	q		u	H
f124r-20	20	L		r	H
f124r-20	21	f		c|u	M
f124r-20	22	U		?	U
f124r-20	23	14		que	H
f124r-20	24	o		i	H
f124r-20	25	h		e	H
f124r-20	26	d		s	H
f124r-20	27	o		i	H
f124r-20	28	o		i	H
f124r-20	29	w-		d	H
f124r-20	30	g		u	H
f124r-20	31	U		?	U
f124r-20	32	he		l	H
f124r-21	1	c		p	H
f124r-21	2	d		s	H
f124r-21	3	U		?	U
f124r-21	4	q		u	H
f124r-21	5	.v.		n	H
f124r-21	6	m		t	H
f124r-21	7	E		i|y	M
f124r-21	8	L		r	H
f124r-21	9	U		?	U
f124r-21	10	d		s	H
f124r-21	11	f		c|u	M
f124r-21	12	h		e	H
f124r-21	13	o		i	H
f124r-21	14	q		u	H
f124r-21	15	w-		d	H
f124r-21	16	E		i|y	M
f124r-21	17	f		c|u	M
f124r-21	18	o		i	H
f124r-21	19	f		c|u	M
f124r-21	20	c		p	H
f124r-21	21	h		e	H
f124r-21	22	d		s	H
f124r-21	23	q		u	H
f124r-21	24	33		?	U
f124r-21	25	c		p	H
f124r-21	26	E		i|y	M
f124r-21	27	L		r	H
f124r-21	28	q		u	H
f124r-21	29	E		i|y	M
f124r-21	30	f		c|u	M
f124r-21	31	h		e	H
f124r-21	32	f		c|u	M
f124r-21	33	t		e	H
f124r-21	34	14		que	H
f124r-22	1	o		i	H
f124r-22	2	t		e	H
f124r-22	3	f		c|u	M
f124r-22	4	q		u	H
f124r-22	5	d		s	H
f124r-22	6	f		c|u	M
f124r-22	7	L		r	H
f124r-22	8	U		?	U
f124r-22	9	.v.		n	H
f124r-22	10	d		s	H
f124r-22	11	R		p	H
f124r-22	12	U		?	U
f124r-22	13	q		u	H
f124r-22	14	c		p	H
f124r-22	15	m		t	H
f124r-22	16	o		i	H
f124r-22	17	o		i	H
f124r-22	18	m		t	H
f124r-22	19	L		r	H
f124r-22	20	f		c|u	M
f124r-22	21	q		u	H
f124r-22	22	L		r	H
f124r-22	23	c		p	H
f124r-22	24	f		c|u	M
f124r-22	25	h		e	H
f124r-22	26	E		i|y	M
f124r-22	27	w-		d	H
f124r-22	28	t		e	H
f124r-22	29	R		p	H
f124r-22	30	R		p	H
f124r-22	31	c		p	H
f124r-22	32	d		s	H
f124r-22	33	A		l	H
f124r-22	34	q		u	H
f124r-22	35	.v.		n	H
f124r-23	1	c		p	H
f124r-23	2	s		u	H
f124r-23	3	d		s	H
f124r-23	4	A		l	H
f124r-23	5	z		?	U
f124r-23	6	h		e	H
f124r-23	7	q		u	H
f124r-23	8	c		p	H
f124r-23	9	d		s	H
f124r-23	10	14		que	H
f124r-23	11	H		o	H
f124r-23	12	h		e	H
f124r-23	13	q		u	H
f124r-23	14	n		l	H
f124r-23	15	d		s	H
f124r-23	16	12		il	H
f124r-23	17	E		i|y	M
f124r-23	18	.v.		n	H
f124r-23	19	c		p	H
f124r-23	20	h		e	H
f124r-23	21	.v.		n	H
f124r-23	22	E		i|y	M
f124r-23	23	o		i	H
f124r-23	24	L		r	H
f124r-23	25	U		?	U
f124r-23	26	L		r	H
f124r-23	27	q		u	H
f124r-23	28	.v.		n	H
f124r-23	29	m		t	H
f124r-23	30	g		u	H
f124r-23	31	.v.		n	H
f124r-23	32	8		g	H
f124r-24	1	U		?	U
f124r-24	2	f		c|u	M
f124r-24	3	m		t	H
f124r-24	4	14		que	H
f124r-24	5	E		i|y	M
f124r-24	6	h		e	H
f124r-24	7	d		s	H
f124r-24	8	q		u	H
f124r-24	9	c		p	H
f124r-24	10	14		que	H
f124r-24	11	q		u	H
f124r-24	12	q		u	H
f124r-24	13	d		s	H
f124r-24	14	U		?	U
f124r-24	15	B		i|y	M
f124r-24	16	U		?	U
f124r-24	17	d		s	H
f124r-24	18	z		?	U
f124r-24	19	c		p	H
f124r-24	20	c		p	H
f124r-24	21	U		?	U
f124r-24	22	q		u	H
f124r-24	23	L		r	H
f124r-24	24	f		c|u	M
f124r-24	25	o		i	H
f124r-24	26	L		r	H
f124r-24	27	q		u	H
f124r-24	28	E		i|y	M
f124r-24	29	f		c|u	M
f124r-24	30	q		u	H
f124r-24	31	w-		d	H
f124r-24	32	U		?	U
f124r-25	1	z		?	U
f124r-25	2	L		r	H
f124r-25	3	d		s	H
f124r-25	4	.v.		n	H
f124r-25	5	m		t	H
f124r-25	6	q		u	H
f124r-25	7	w-		d	H
f124r-25	8	s		u	H
f124r-25	9	d		s	H
f124r-25	10	.v.		n	H
f124r-25	11	m		t	H
f124r-25	12	q		u	H
f124r-25	13	c		p	H
f124r-25	14	z		?	U
f124r-25	15	U		?	U
f124r-25	16	R		p	H
f124r-25	17	q		u	H
f124r-25	18	d		s	H
f124r-25	19	q		u	H
f124r-25	20	d		s	H
f124r-25	21	c		p	H
f124r-25	22	X		a	H
f124r-25	23	L		r	H
f124r-25	24	m		t	H
f124r-25	25	w-		d	H
f124r-25	26	t		e	H
f124r-25	27	f		c|u	M
f124r-25	28	U		?	U
f124r-25	29	g		u	H
f124r-25	30	z		?	U
f124r-25	31	oo		d	H
f124r-25	32	h		e	H
f124r-25	33	f		c|u	M
f124r-26	1	o		i	H
f124r-26	2	U		?	U
f124r-26	3	26		uous	H
f124r-26	4	R		p	H
f124r-26	5	d		s	H
f124r-26	6	o		i	H
f124r-26	7	d		s	H
f124r-26	8	w-		d	H
f124r-26	9	z		?	U
f124r-26	10	L		r	H
f124r-26	11	h		e	H
f124r-26	12	14		que	H
f124r-26	13	E		i|y	M
f124r-26	14	2		?	U
f124r-26	15	c		p	H
f124r-26	16	q		u	H
f124r-26	17	f		c|u	M
f124r-26	18	A		l	H
f124r-26	19	d		s	H
f124r-26	20	t		e	H
f124r-26	21	f		c|u	M
f124r-26	22	7		o	H
f124r-26	23	g		u	H
f124r-26	24	L		r	H
f124r-26	25	q		u	H
f124r-26	26	14		que	H
f124r-26	27	n		l	H
f124r-26	28	7		o	H
f124r-26	29	B		i|y	M
f124r-26	30	25		nous	H
f124r-26	31	d		s	H
f124r-26	32	w-		d	H
f124r-27	1	U		?	U
f124r-27	2	f		c|u	M
f124r-27	3	m		t	H
f124r-27	4	t		e	H
f124r-27	5	d		s	H
f124r-27	6	L		r	H
f124r-27	7	d		s	H
f124r-27	8	h		e	H
f124r-27	9	c		p	H
f124r-27	10	L		r	H
f124r-27	11	U		?	U
f124r-27	12	.v.		n	H
f124r-27	13	w-		d	H
f124r-27	14	L		r	H
f124r-27	15	t		e	H
f124r-27	16	n		l	H
f124r-27	17	t		e	H
f124r-27	18	62		?	U
f124r-27	19	w-		d	H
f124r-27	20	7		o	H
f124r-27	21	E		i|y	M
f124r-27	22	U		?	U
f124r-27	23	o		i	H
f124r-27	24	d		s	H
f124r-27	25	L		r	H
f124r-27	26	o		i	H
f124r-27	27	q		u	H
f124r-27	28	L		r	H
f124r-27	29	o		i	H
f124r-27	30	.v.		n	H
f124r-27	31	w-		d	H
f124r-27	32	h		e	H
f124r-27	33	oo		d	H
f124r-27	34	t		e	H
f124r-27	35	o		i	H
f124r-27	36	o		i	H
f124r-27	37	d		s	H
f124r-27	38	g		u	H
f124r-27	39	t		e	H
f124r-27	40	s		u	H
f124r-27	41	L		r	H
f124r-28	1	L		r	H
f124r-28	2	w-		d	H
f124r-28	3	z		?	U
f124r-28	4	d		s	H
f124r-28	5	h		e	H
f124r-28	6	.v.		n	H
f124r-28	7	g		u	H
f124r-28	8	t		e	H
f124r-28	9	w-		d	H
f124r-28	10	q		u	H
f124r-28	11	f		c|u	M
f124r-28	12	7		o	H
f124r-28	13	g		u	H
f124r-28	14	L		r	H
f124r-28	15	o		i	H
f124r-28	16	B		i|y	M
f124r-28	17	z		?	U
f124r-28	18	t		e	H
f124r-28	19	12		il	H
f124r-28	20	n		l	H
f124r-28	21	d		s	H
f124r-28	22	o		i	H
f124r-28	23	g		u	H
f124r-28	24	7		o	H
f124r-28	25	o		i	H
f124r-28	26	U		?	U
f124r-28	27	.v.		n	H
f124r-28	28	m		t	H
f124r-28	29	w-		d	H
f124r-28	30	o		i	H
f124r-28	31	4		?	U
f124r-28	32	o		i	H
f124r-28	33	d		s	H
f124r-28	34	h		e	H
f124r-28	35	L		r	H
f124r-28	36	g		u	H
f124r-28	37	o		i	H
f124r-28	38	L		r	H
f124r-29	1	w-		d	H
f124r-29	2	h		e	H
f124r-29	3	d		s	H
f124r-29	4	X		a	H
f124r-29	5	c		p	H
f124r-29	6	o		i	H
f124r-29	7	L		r	H
f124r-29	8	m		t	H
f124r-29	9	z		?	U
f124r-29	10	t		e	H
f124r-29	11	B		i|y	M
f124r-29	12	t		e	H
f124r-29	13	w-		d	H
f124r-29	14	o		i	H
f124r-29	15	q		u	H
f124r-29	16	f		c|u	M
f124r-29	17	7		o	H
f124r-29	18	.v.		n	H
f124r-29	19	Ze		t	H
f124r-29	20	o		i	H
f124r-29	21	.v.		n	H
f124r-29	22	s		u	H
f124r-29	23	s		u	H
f124r-29	24	t		e	H
f124r-29	25	L		r	H
f124r-29	26	o		i	H
f124r-29	27	E		i|y	M
f124r-29	28	43		point	H
f124r-29	29	w-		d	H
f124r-29	30	E		i|y	M
f124r-29	31	M		f	H
f124r-29	32	o		i	H
f124r-29	33	B		i|y	M
f124r-29	34	L		r	H
f124r-29	35	t		e	H
f124r-29	36	d		s	H
f124r-29	37	7		o	H
f124r-29	38	.v.		n	H
f124r-30	1	oo		d	H
f124r-30	2	h		e	H
f124r-30	3	g		u	H
f124r-30	4	7		o	H
f124r-30	5	z		?	U
f124r-30	6	e		r	H
f124r-30	7	U		?	U
f124r-30	8	m		t	H
f124r-30	9	4		?	U
f124r-30	10	7		o	H
f124r-30	11	n		l	H
f124r-30	12	U		?	U
f124r-30	13	o		i	H
f124r-30	14	o		i	H
f124r-30	15	L		r	H
f124r-30	16	m		t	H
f124r-30	17	12		il	H
f124r-30	18	n		l	H
f124r-30	19	4		?	U
f124r-30	20	h		e	H
f124r-30	21	d		s	H
f124r-30	22	U		?	U
f124r-30	23	L		r	H
f124r-30	24	o		i	H
f124r-30	25	c		p	H
f124r-30	26	7		o	H
f124r-30	27	d		s	H
f124r-30	28	o		i	H
f124r-30	29	lam		b	H
f124r-30	30	n		l	H
f124r-30	31	t		e	H
f124r-30	32	f		c|u	M
f124r-30	33	7		o	H
f124r-30	34	g		u	H
f124r-30	35	L		r	H
f124r-30	36	T		?	U
f124r-30	37	U		?	U
f124r-30	38	s		u	H
f124r-30	39	7		o	H
f124r-30	40	o		i	H
f124r-31	1	L		r	H
f124r-31	2	t		e	H
f124r-31	3	T		?	U
f124r-31	4	d		s	H
f124r-31	5	7		o	H
f124r-31	6	o		i	H
f124r-31	7	U		?	U
f124r-31	8	.v.		n	H
f124r-31	9	oo		d	H
f124r-31	10	h		e	H
f124r-31	11	n		l	H
f124r-31	12	U		?	U
f124r-31	13	B		i|y	M
f124r-31	14	Ze		t	H
f124r-31	15	L		r	H
f124r-31	16	t		e	H
f124r-31	17	m		t	H
f124r-31	18	t		e	H
f124r-31	19	.v.		n	H
f124r-31	20	o		i	H
f124r-31	21	L		r	H
f124r-31	22	d		s	H
f124r-31	23	H		o	H
f124r-31	24	U		?	U
f124r-31	25	.v.		n	H
f124r-31	26	w-		d	H
f124r-31	27	X		a	H
f124r-31	28	ff		n|o	M
f124r-31	29	Ze		t	H
f124r-31	30	w-		d	H
f124r-31	31	h		e	H
f124r-31	32	q		u	H
f124r-31	33	7		o	H
f124r-31	34	d		s	H
f124r-31	35	.v.		n	H
f124r-31	36	7		o	H
f124r-31	37	d		s	H
f124r-31	38	m		t	H
f124r-32	1	U		?	U
f124r-32	2	he		l	H
f124r-32	3	t		e	H
f124r-32	4	d		s	H
f124r-32	5	o		i	H
f124r-32	6	E		i|y	M
f124r-32	7	D2		?	U
f124r-32	8	B		i|y	M
f124r-32	9	m		t	H
f124r-32	10	U		?	U
f124r-32	11	y		?	U
f124r-32	12	c		p	H
f124r-32	13	7		o	H
f124r-32	14	d		s	H
f124r-32	15	t		e	H
f124r-32	16	o		i	H
f124r-32	17	s		u	H
f124r-32	18	U		?	U
f124r-32	19	.v.		n	H
f124r-32	20	L		r	H
f124r-32	21	t		e	H
f124r-32	22	h		e	H
f124r-32	23	m		t	H
f124r-32	24	U		?	U
f124r-32	25	.v.		n	H
f124r-32	26	y		?	U
f124r-32	27	o		i	H
f124r-32	28	B		i|y	M
f124r-32	29	z		?	U
f124r-32	30	U		?	U
f124r-32	31	L		r	H
f124r-32	32	4		?	U
f124r-32	33	7		o	H
f124r-32	34	n		l	H
f124r-32	35	U		?	U
f124r-32	36	4		?	U
f124r-32	37	o		i	H
f124r-32	38	14		que	H
f124r-32	39	3		e	H
f124r-32	40	o		i	H
f124r-33	1	E		i|y	M
f124r-33	2	B		i|y	M
f124r-33	3	f		c|u	M
f124r-33	4	o		i	H
f124r-33	5	c		p	H
f124r-33	6	7		o	H
f124r-33	7	g		u	H
f124r-33	8	L		r	H
f124r-33	9	M		f	H
f124r-33	10	o		i	H
f124r-33	11	B		i|y	M
f124r-33	12	L		r	H
f124r-33	13	t		e	H
f124r-33	14	s		u	H
f124r-33	15	9		?	U
f124r-33	16	c		p	H
f124r-33	17	7		o	H
f124r-33	18	g		u	H
f124r-33	19	L		r	H
f124r-33	20	E		i|y	M
f124r-33	21	U		?	U
f124r-33	22	d		s	H
f124r-33	23	f		c|u	M
f124r-33	24	n		l	H
f124r-33	25	z		?	U
f124r-33	26	o		i	H
f124r-33	27	U		?	U
f124r-33	28	L		r	H
f124r-33	29	L		r	H
f124r-33	30	h		e	H
f124r-33	31	m		t	H
f124r-33	32	M		f	H
f124r-33	33	o		i	H
f124r-33	34	B		i|y	M
f124r-33	35	f		c|u	M
f124r-33	36	m		t	H
f124r-33	37	q		u	H
f124r-33	38	t		e	H
f124r-33	39	.v.		n	H
f124r-33	40	B		i|y	M
f124r-33	41	T		?	U
f124r-33	42	m		t	H
f124r-34	1	o		i	H
f124r-34	2	B		i|y	M
f124r-34	3	E		i|y	M
f124r-34	4	d		s	H
f124r-34	5	7		o	H
f124r-34	6	.v.		n	H
f124r-34	7	d		s	H
f124r-34	8	z		?	U
f124r-34	9	U		?	U
f124r-34	10	g		u	H
f124r-34	11	L		r	H
f124r-34	12	w-		d	H
f124r-34	13	t		e	H
f124r-34	14	8		g	H
f124r-34	15	7		o	H
f124r-34	16	g		u	H
f124r-34	17	L		r	H
f124r-34	18	y		?	U
f124r-34	19	s		u	H
f124r-34	20	U		?	U
f124r-34	21	A		l	H
f124r-34	22	c		p	H
f124r-34	23	7		o	H
f124r-34	24	s		u	H
f124r-34	25	L		r	H
f124r-34	26	25		nous	H
f124r-34	27	o		i	H
f124r-34	28	E		i|y	M
f124r-34	29	w-		d	H
f124r-34	30	B		i|y	M
f124r-34	31	L		r	H
f124r-34	32	w-		d	H
f124r-34	33	h		e	H
f124r-34	34	d		s	H
f124r-34	35	7		o	H
f124r-34	36	.v.		n	H
f124r-35	1	f		c|u	M
f124r-35	2	L		r	H
f124r-35	3	t		e	H
f124r-35	4	w-		d	H
f124r-35	5	o		i	H
f124r-35	6	f		c|u	M
f124r-35	7	m		t	H
f124r-35	8	s		u	H
f124r-35	9	z		?	U
f124r-35	10	w-		d	H
f124r-35	11	h		e	H
f124r-35	12	d		s	H
f124r-35	13	c		p	H
f124r-35	14	L		r	H
f124r-35	15	g		u	H
f124r-35	16	.v.		n	H
f124r-35	17	Ze		t	H
f124r-35	18	t		e	H
f124r-35	19	L		r	H
f124r-35	20	o		i	H
f124r-35	21	a		a	H
f124r-35	22	B		i|y	M
f124r-35	23	.v.		n	H
f124r-35	24	Ze		t	H
f124r-35	25	t		e	H
f124r-35	26	L		r	H
f124r-35	27	t		e	H
f124r-35	28	d		s	H
f124r-35	29	m		t	H
f124r-35	30	U		?	U
f124r-35	31	m		t	H
f124r-35	32	o		i	H
f124r-35	33	f		c|u	M
f124r-35	34	f		c|u	M
f124r-35	35	d		s	H
f124r-35	36	.v.		n	H
f124v-1	1	d		s	H
f124v-1	2	h		e	H
f124v-1	3	f		c|u	M
f124v-1	4	q		u	H
f124v-1	5	s		u	H
f124v-1	6	L		r	H
f124v-1	7	d		s	H
f124v-1	8	f		c|u	M
f124v-1	9	E		i|y	M
f124v-1	10	d		s	H
f124v-1	11	w-		d	H
f124v-1	12	q		u	H
f124v-1	13	E		i|y	M
f124v-1	14	q		u	H
f124v-1	15	w-		d	H
f124v-1	16	q		u	H
f124v-1	17	o		i	H
f124v-1	18	g		u	H
f124v-1	19	U		?	U
f124v-1	20	.v.		n	H
f124v-1	21	m		t	H
f124v-1	22	L		r	H
f124v-1	23	h		e	H
f124v-1	24	f		c|u	M
f124v-1	25	t		e	H
f124v-1	26	g		u	H
f124v-1	27	7		o	H
f124v-1	28	E		i|y	M
f124v-1	29	e		r	H
f124v-1	30	c		p	H
f124v-1	31	U		?	U
f124v-1	32	d		s	H
f124v-1	33	R		p	H
f124v-1	34	L		r	H
f124v-2	1	h		e	H
f124v-2	2	d		s	H
f124v-2	3	B		i|y	M
f124v-2	4	he		l	H
f124v-2	5	M		f	H
f124v-2	6	T		?	U
f124v-2	7	d		s	H
f124v-2	8	E		i|y	M
f124v-2	9	f		c|u	M
f124v-2	10	Ze		t	H
f124v-2	11	d		s	H
f124v-2	12	oo		d	H
f124v-2	13	h		e	H
f124v-2	14	H		o	H
f124v-2	15	h		e	H
f124v-2	16	c		p	H
f124v-2	17	m		t	H
f124v-2	18	U		?	U
f124v-2	19	q		u	H
f124v-2	20	L		r	H
f124v-2	21	oo		d	H
f124v-2	22	B		i|y	M
f124v-2	23	B		i|y	M
f124v-2	24	E		i|y	M
f124v-2	25	f		c|u	M
f124v-2	26	q		u	H
f124v-2	27	d		s	H
f124v-2	28	f		c|u	M
f124v-2	29	E		i|y	M
f124v-2	30	h		e	H
f124v-2	31	.v.		n	H
f124v-3	1	14		que	H
f124v-3	2	oo		d	H
f124v-3	3	q		u	H
f124v-3	4	.v.		n	H
f124v-3	5	d		s	H
f124v-3	6	z		?	U
f124v-3	7	h		e	H
f124v-3	8	q		u	H
f124v-3	9	L		r	H
f124v-3	10	M		f	H
f124v-3	11	7		o	H
f124v-3	12	L		r	H
f124v-3	13	z		?	U
f124v-3	14	U		?	U
f124v-3	15	U		?	U
f124v-3	16	Ze		t	H
f124v-3	17	d		s	H
f124v-3	18	h		e	H
f124v-3	19	d		s	H
f124v-3	20	7		o	H
f124v-3	21	E		i|y	M
f124v-3	22	H		o	H
f124v-3	23	m		t	H
f124v-3	24	B		i|y	M
f124v-3	25	f		c|u	M
f124v-3	26	o		i	H
f124v-3	27	M		f	H
f124v-3	28	q		u	H
f124v-3	29	L		r	H
f124v-3	30	m		t	H
f124v-3	31	.v.		n	H
f124v-3	32	h		e	H
f124v-4	1	d		s	H
f124v-4	2	U		?	U
f124v-4	3	W		?	U
f124v-4	4	L		r	H
f124v-4	5	t		e	H
f124v-4	6	z		?	U
f124v-4	7	B		i|y	M
f124v-4	8	ff		n|o	M
f124v-4	9	E		i|y	M
f124v-4	10	.v.		n	H
f124v-4	11	o		i	H
f124v-4	12	E		i|y	M
f124v-4	13	q		u	H
f124v-4	14	.v.		n	H
f124v-4	15	m		t	H
f124v-4	16	43		point	H
f124v-4	17	z		?	U
f124v-4	18	w-		d	H
f124v-4	19	h		e	H
f124v-4	20	f		c|u	M
f124v-4	21	n		l	H
f124v-4	22	q		u	H
f124v-4	23	d		s	H
f124v-4	24	R		p	H
f124v-4	25	L		r	H
f124v-4	26	q		u	H
f124v-4	27	1		?	U
f124v-4	28	e		r	H
f124v-4	29	U		?	U
f124v-4	30	7		o	H
f124v-4	31	g		u	H
f124v-4	32	L		r	H
f124v-4	33	Ze		t	H
f124v-4	34	e		r	H
f124v-5	1	E		i|y	M
f124v-5	2	d		s	H
f124v-5	3	m		t	H
f124v-5	4	h		e	H
f124v-5	5	L		r	H
f124v-5	6	w-		d	H
f124v-5	7	U		?	U
f124v-5	8	H		o	H
f124v-5	9	E		i|y	M
f124v-5	10	U		?	U
f124v-5	11	d		s	H
f124v-5	12	q		u	H
f124v-5	13	U		?	U
f124v-5	14	f		c|u	M
f124v-5	15	d		s	H
f124v-5	16	h		e	H
f124v-5	17	g		u	H
f124v-5	18	A		l	H
f124v-5	19	d		s	H
f124v-5	20	E		i|y	M
f124v-5	21	h		e	H
f124v-5	22	d		s	H
f124v-5	23	2		?	U
f124v-5	24	d		s	H
f124v-5	25	h		e	H
f124v-5	26	z		?	U
f124v-5	27	c		p	H
f124v-5	28	d		s	H
f124v-5	29	7		o	H
f124v-5	30	.v.		n	H
f124v-5	31	m		t	H
f124v-6	1	L		r	H
f124v-6	2	q		u	H
f124v-6	3	z		?	U
f124v-6	4	ff		n|o	M
f124v-6	5	d		s	H
f124v-6	6	oo		d	H
f124v-6	7	h		e	H
f124v-6	8	c		p	H
f124v-6	9	q		u	H
f124v-6	10	E		i|y	M
f124v-6	11	U		?	U
f124v-6	12	.v.		n	H
f124v-6	13	q		u	H
f124v-6	14	B		i|y	M
f124v-6	15	h		e	H
f124v-6	16	L		r	H
f124v-6	17	Ze		t	H
f124v-6	18	o		i	H
f124v-6	19	.v.		n	H
f124v-6	20	m		t	H
f124v-6	21	c		p	H
f124v-6	22	7		o	H
f124v-6	23	g		u	H
f124v-6	24	L		r	H
f124v-6	25	d		s	H
f124v-6	26	t		e	H
f124v-6	27	M		f	H
f124v-6	28	o		i	H
f124v-6	29	o		i	H
f124v-6	30	f		c|u	M
f124v-6	31	m		t	H
f124v-6	32	14		que	H
f124v-6	33	c		p	H
f124v-7	1	7		o	H
f124v-7	2	s		u	H
f124v-7	3	L		r	H
f124v-7	4	o		i	H
f124v-7	5	g		u	H
f124v-7	6	U		?	U
f124v-7	7	f		c|u	M
f124v-7	8	n		l	H
f124v-7	9	U		?	U
f124v-7	10	w-		d	H
f124v-7	11	o		i	H
f124v-7	12	H		o	H
f124v-7	13	m		t	H
f124v-7	14	g		u	H
f124v-7	15	o		i	H
f124v-7	16	U		?	U
f124v-7	17	U		?	U
f124v-7	18	s		u	H
f124v-7	19	L		r	H
f124v-7	20	w-		d	H
f124v-7	21	t		e	H
f124v-7	22	z		?	U
f124v-7	23	7		o	H
f124v-7	24	s		u	H
f124v-7	25	f		c|u	M
f124v-7	26	U		?	U
f124v-7	27	o		i	H
f124v-7	28	U		?	U
f124v-7	29	L		r	H
f124v-7	30	q		u	H
f124v-7	31	.v.		n	H
f124v-7	32	Ze		t	H
f124v-7	33	t		e	H
f124v-8	1	L		r	H
f124v-8	2	U		?	U
f124v-8	3	m		t	H
f124v-8	4	s		u	H
f124v-8	5	g		u	H
f124v-8	6	U		?	U
f124v-8	7	m		t	H
f124v-8	8	w-		d	H
f124v-8	9	L		r	H
f124v-8	10	o		i	H
f124v-8	11	c		p	H
f124v-8	12	d		s	H
f124v-8	13	n		l	H
f124v-8	14	U		?	U
f124v-8	15	c		p	H
f124v-8	16	n		l	H
f124v-8	17	g		u	H
f124v-8	18	d		s	H
f124v-8	19	12		il	H
f124v-8	20	n		l	H
f124v-8	21	c		p	H
f124v-8	22	7		o	H
f124v-8	23	g		u	H
f124v-8	24	fe		?	U
f124v-8	25	7		o	H
f124v-8	26	.v.		n	H
f124v-8	27	Ze		t	H
f124v-8	28	17		car	H
f124v-8	29	h		e	H
f124v-8	30	t		e	H
f124v-8	31	g		u	H
f124v-8	32	t		e	H
f124v-8	33	7		o	H
f124v-9	1	E		i|y	M
f124v-9	2	z		?	U
f124v-9	3	n		l	H
f124v-9	4	.v.		n	H
f124v-9	5	E		i|y	M
f124v-9	6	o		i	H
f124v-9	7	q		u	H
f124v-9	8	L		r	H
f124v-9	9	w-		d	H
f124v-9	10	L		r	H
f124v-9	11	t		e	H
f124v-9	12	B		i|y	M
f124v-9	13	o		i	H
f124v-9	14	M		f	H
f124v-9	15	o		i	H
f124v-9	16	B		i|y	M
f124v-9	17	B		i|y	M
f124v-9	18	L		r	H
f124v-9	19	t		e	H
f124v-9	20	d		s	H
f124v-9	21	7		o	H
f124v-9	22	.v.		n	H
f124v-9	23	d		s	H
f124v-9	24	Ze		t	H
f124v-9	25	L		r	H
f124v-9	26	t		e	H
f124v-9	27	o		i	H
f124v-9	28	g		u	H
f124v-9	29	v		?	U
f124v-9	30	y		?	U
f124v-9	31	U		?	U
f124v-9	32	.v.		n	H
f124v-9	33	d		s	H
f124v-9	34	w-		d	H
f124v-9	35	t		e	H
f124v-9	36	c		p	H
f124v-9	37	B		i|y	M
f124v-9	38	U		?	U
f124v-9	39	w-		d	H
f124v-10	1	oo		d	H
f124v-10	2	t		e	H
f124v-10	3	n		l	H
f124v-10	4	U		?	U
f124v-10	5	d		s	H
f124v-10	6	c		p	H
f124v-10	7	7		o	H
f124v-10	8	d		s	H
f124v-10	9	7		o	H
f124v-10	10	o		i	H
f124v-10	11	L		r	H
f124v-10	12	M		f	H
f124v-10	13	o		i	H
f124v-10	14	B		i|y	M
f124v-10	15	L		r	H
f124v-10	16	t		e	H
f124v-10	17	f		c|u	M
f124v-10	18	o		i	H
f124v-10	19	d		s	H
f124v-10	20	f		c|u	M
f124v-10	21	U		?	U
f124v-10	22	L		r	H
f124v-10	23	4		?	U
f124v-10	24	9		?	U
f124v-10	25	12		il	H
f124v-10	26	M		f	H
f124v-10	27	o		i	H
f124v-10	28	q		u	H
f124v-10	29	n		l	H
f124v-10	30	Ze		t	H
f124v-10	31	12		il	H
f124v-10	32	n		l	H
f124v-10	33	M		f	H
f124v-10	34	o		i	H
f124v-11	1	f		c|u	M
f124v-11	2	U		?	U
f124v-11	3	.v.		n	H
f124v-11	4	m		t	H
f124v-11	5	o		i	H
f124v-11	6	g		u	H
f124v-11	7	c		p	H
f124v-11	8	L		r	H
f124v-11	9	t		e	H
f124v-11	10	4		?	U
f124v-11	11	B		i|y	M
f124v-11	12	U		?	U
f124v-11	13	L		r	H
f124v-11	14	d		s	H
f124v-11	15	B		i|y	M
f124v-11	16	U		?	U
f124v-11	17	U		?	U
f124v-11	18	y		?	U
f124v-11	19	t		e	H
f124v-11	20	d		s	H
f124v-11	21	B		i|y	M
f124v-11	22	L		r	H
f124v-11	23	t		e	H
f124v-11	24	B		i|y	M
f124v-11	25	4		?	U
f124v-11	26	26		uous	H
f124v-11	27	U		?	U
f124v-11	28	d		s	H
f124v-11	29	f		c|u	M
f124v-11	30	L		r	H
f124v-11	31	o		i	H
f124v-11	32	g		u	H
f124v-11	33	B		i|y	M
f124v-11	34	q		u	H
f124v-11	35	w-		d	H
f124v-11	36	y		?	U
f124v-12	1	q		u	H
f124v-12	2	.v.		n	H
f124v-12	3	B		i|y	M
f124v-12	4	.v.		n	H
f124v-12	5	g		u	H
f124v-12	6	m		t	H
f124v-12	7	BOX2		?	U
f124v-12	8	.v.		n	H
f124v-12	9	z		?	U
f124v-12	10	.v.		n	H
f124v-12	11	o		i	H
f124v-12	12	U		?	U
f124v-12	13	d		s	H
f124v-12	14	4		?	U
f124v-12	15	t		e	H
f124v-12	16	c		p	H
f124v-12	17	o		i	H
f124v-12	18	L		r	H
f124v-12	19	E		i|y	M
f124v-12	20	D2		?	U
f124v-12	21	.v.		n	H
f124v-12	22	Ze		t	H
f124v-12	23	w-		d	H
f124v-12	24	t		e	H
f124v-12	25	q		u	H
f124v-12	26	z		?	U
f124v-12	27	he		l	H
f124v-12	28	.v.		n	H
f124v-12	29	t		e	H
f124v-12	30	g		u	H
f124v-12	31	M		f	H
f124v-12	32	s		u	H
f124v-12	33	t		e	H
f124v-12	34	w-		d	H
f124v-13	1	o		i	H
f124v-13	2	y		?	U
f124v-13	3	U		?	U
f124v-13	4	.v.		n	H
f124v-13	5	7		o	H
f124v-13	6	o		i	H
f124v-13	7	d		s	H
f124v-13	8	w-		d	H
f124v-13	9	t		e	H
f124v-13	10	c		p	H
f124v-13	11	g		u	H
f124v-13	12	f		c|u	M
f124v-13	13	d		s	H
f124v-13	14	E		i|y	M
f124v-13	15	t		e	H
f124v-13	16	d		s	H
f124v-13	17	g		u	H
f124v-13	18	o		i	H
f124v-13	19	q		u	H
f124v-13	20	s		u	H
f124v-13	21	U		?	U
f124v-13	22	.v.		n	H
f124v-13	23	s		u	H
f124v-13	24	o		i	H
f124v-13	25	m		t	H
f124v-13	26	f		c|u	M
f124v-13	27	7		o	H
f124v-13	28	.v.		n	H
f124v-13	29	o		i	H
f124v-13	30	B		i|y	M
f124v-13	31	d		s	H
f124v-13	32	14		que	H
f124v-13	33	n		l	H
f124v-13	34	U		?	U
f124v-13	35	q		u	H
f124v-14	1	E		i|y	M
f124v-14	2	B		i|y	M
f124v-14	3	U		?	U
f124v-14	4	4		?	U
f124v-14	5	o		i	H
f124v-14	6	q		u	H
f124v-14	7	7		o	H
f124v-14	8	.v.		n	H
f124v-14	9	m		t	H
f124v-14	10	f		c|u	M
f124v-14	11	o		i	H
f124v-14	12	lam		b	H
f124v-14	13	X		a	H
f124v-14	14	.v.		n	H
f124v-14	15	w-		d	H
f124v-14	16	7		o	H
f124v-14	17	B		i|y	M
f124v-14	18	U		?	U
f124v-14	19	f		c|u	M
f124v-14	20	h		e	H
f124v-14	21	E		i|y	M
f124v-14	22	o		i	H
f124v-14	23	z		?	U
f124v-14	24	n		l	H
f124v-14	25	o		i	H
f124v-14	26	B		i|y	M
f124v-14	27	d		s	H
f124v-14	28	t		e	H
f124v-14	29	8		g	H
f124v-14	30	o		i	H
f124v-14	31	L		r	H
f124v-14	32	.v.		n	H
f124v-14	33	o		i	H
f124v-15	1	d		s	H
f124v-15	2	7		o	H
f124v-15	3	.v.		n	H
f124v-15	4	c		p	H
f124v-15	5	7		o	H
f124v-15	6	g		u	H
f124v-15	7	L		r	H
f124v-15	8	y		?	U
f124v-15	9	o		i	H
f124v-15	10	L		r	H
f124v-15	11	w-		d	H
f124v-15	12	t		e	H
f124v-15	13	L		r	H
f124v-15	14	f		c|u	M
f124v-15	15	t		e	H
f124v-15	16	s		u	H
f124v-15	17	1		?	U
f124v-15	18	d		s	H
f124v-15	19	o		i	H
f124v-15	20	o		i	H
f124v-15	21	y		?	U
f124v-15	22	t		e	H
f124v-15	23	U		?	U
f124v-15	24	m		t	H
f124v-15	25	d		s	H
f124v-15	26	g		u	H
f124v-15	27	o		i	H
f124v-15	28	q		u	H
f124v-15	29	q		u	H
f124v-15	30	U		?	U
f124v-15	31	.v.		n	H
f124v-15	32	s		u	H
f124v-15	33	U		?	U
f124v-15	34	.v.		n	H
f124v-16	1	f		c|u	M
f124v-16	2	U		?	U
f124v-16	3	q		u	H
f124v-16	4	m		t	H
f124v-16	5	t		e	H
f124v-16	6	g		u	H
f124v-16	7	o		i	H
f124v-16	8	he		l	H
f124v-16	9	t		e	H
f124v-16	10	U		?	U
f124v-16	11	m		t	H
f124v-16	12	o		i	H
f124v-16	13	E		i|y	M
f124v-16	14	U		?	U
f124v-16	15	X		a	H
f124v-16	16	.v.		n	H
f124v-16	17	Ze		t	H
f124v-16	18	U		?	U
f124v-16	19	g		u	H
f124v-16	20	o		i	H
f124v-16	21	w-		d	H
f124v-16	22	g		u	H
f124v-16	23	o		i	H
f124v-16	24	q		u	H
f124v-16	25	w-		d	H
f124v-16	26	t		e	H
f124v-16	27	d		s	H
f124v-16	28	7		o	H
f124v-16	29	.v.		n	H
f124v-16	30	w-		d	H
f124v-16	31	o		i	H
f124v-16	32	f		c|u	M
f124v-16	33	m		t	H
f124v-17	1	q		u	H
f124v-17	2	v		?	U
f124v-17	3	U		?	U
f124v-17	4	g		u	H
f124v-17	5	L		r	H
f124v-17	6	n		l	H
f124v-17	7	t		e	H
f124v-17	8	d		s	H
f124v-17	9	o		i	H
f124v-17	10	L		r	H
f124v-17	11	U		?	U
f124v-17	12	d		s	H
f124v-17	13	f		c|u	M
f124v-17	14	f		c|u	M
f124v-17	15	o		i	H
f124v-17	16	n		l	H
f124v-17	17	12		il	H
f124v-17	18	n		l	H
f124v-17	19	B		i|y	M
f124v-17	20	U		?	U
f124v-17	21	Ze		t	H
f124v-17	22	o		i	H
f124v-17	23	g		u	H
f124v-17	24	U		?	U
f124v-17	25	f		c|u	M
f124v-17	26	H		o	H
f124v-17	27	t		e	H
f124v-17	28	12		il	H
f124v-17	29	n		l	H
f124v-17	30	o		i	H
f124v-17	31	U		?	U
f124v-18	1	d		s	H
f124v-18	2	c		p	H
f124v-18	3	7		o	H
f124v-18	4	L		r	H
f124v-18	5	Ze		t	H
f124v-18	6	t		e	H
f124v-18	7	L		r	H
f124v-18	8	f		c|u	M
f124v-18	9	o		i	H
f124v-18	10	d		s	H
f124v-18	11	m		t	H
f124v-18	12	U		?	U
f124v-18	13	n		l	H
f124v-18	14	U		?	U
f124v-18	15	U		?	U
f124v-18	16	m		t	H
f124v-18	17	d		s	H
f124v-18	18	g		u	H
f124v-18	19	c		p	H
f124v-18	20	n		l	H
f124v-18	21	q		u	H
f124v-18	22	d		s	H
f124v-18	23	Ze		t	H
f124v-18	24	o		i	H
f124v-18	25	L		r	H
f124v-18	26	w-		d	H
f124v-18	27	E		i|y	M
f124v-18	28	M		f	H
f124v-18	29	o		i	H
f124v-18	30	z		?	U
f124v-18	31	L		r	H
f124v-19	1	t		e	H
f124v-19	2	c		p	H
f124v-19	3	o		i	H
f124v-19	4	d		s	H
f124v-19	5	14		que	H
f124v-19	6	q		u	H
f124v-19	7	E		i|y	M
f124v-19	8	E		i|y	M
f124v-19	9	d		s	H
f124v-19	10	z		?	U
f124v-19	11	d		s	H
f124v-19	12	g		u	H
f124v-19	13	o		i	H
f124v-19	14	o		i	H
f124v-19	15	q		u	H
f124v-19	16	c		p	H
f124v-19	17	o		i	H
f124v-19	18	L		r	H
f124v-19	19	d		s	H
f124v-19	20	7		o	H
f124v-19	21	.v.		n	H
f124v-19	22	X		a	H
f124v-19	23	w-		d	H
f124v-19	24	g		u	H
f124v-19	25	o		i	H
f124v-19	26	q		u	H
f124v-19	27	L		r	H
f124v-19	28	U		?	U
f124v-19	29	q		u	H
f124v-19	30	q		u	H
f124v-19	31	n		l	H
f124v-19	32	g		u	H
f124v-19	33	w-		d	H
f124v-19	34	o		i	H
f124v-20	1	he		l	H
f124v-20	2	U		?	U
f124v-20	3	L		r	H
f124v-20	4	o		i	H
f124v-20	5	H		o	H
f124v-20	6	X		a	H
f124v-20	7	f		c|u	M
f124v-20	8	14		que	H
f124v-20	9	L		r	H
f124v-20	10	d		s	H
f124v-20	11	o		i	H
f124v-20	12	B		i|y	M
f124v-20	13	.v.		n	H
f124v-20	14	f		c|u	M
f124v-20	15	m		t	H
f124v-20	16	t		e	H
f124v-20	17	lam		b	H
f124v-20	18	o		i	H
f124v-20	19	d		s	H
f124v-20	20	o		i	H
f124v-20	21	he		l	H
f124v-20	22	t		e	H
f124v-20	23	d		s	H
f124v-20	24	o		i	H
f124v-20	25	Ze		t	H
f124v-20	26	7		o	H
f124v-20	27	q		u	H
f124v-20	28	m		t	H
f124v-20	29	12		il	H
f124v-20	30	n		l	H
f124v-20	31	d		s	H
f124v-21	1	X		a	H
f124v-21	2	g		u	H
f124v-21	3	L		r	H
f124v-21	4	o		i	H
f124v-21	5	U		?	U
f124v-21	6	.v.		n	H
f124v-21	7	s		u	H
f124v-21	8	7		o	H
f124v-21	9	E		i|y	M
f124v-21	10	t		e	H
f124v-21	11	H		o	H
f124v-21	12	o		i	H
f124v-21	13	.v.		n	H
f124v-21	14	w-		d	H
f124v-21	15	H		o	H
f124v-21	16	o		i	H
f124v-21	17	.v.		n	H
f124v-21	18	q		u	H
f124v-21	19	B		i|y	M
f124v-21	20	q		u	H
f124v-21	21	U		?	U
f124v-21	22	E		i|y	M
f124v-21	23	n		l	H
f124v-21	24	o		i	H
f124v-21	25	c		p	H
f124v-21	26	7		o	H
f124v-21	27	s		u	H
f124v-21	28	n		l	H
f124v-21	29	w-		d	H
f124v-21	30	L		r	H
f124v-21	31	t		e	H
f124v-21	32	U		?	U
f124v-22	1	m		t	H
f124v-22	2	n		l	H
f124v-22	3	U		?	U
f124v-22	4	d		s	H
f124v-22	5	lam		b	H
f124v-22	6	o		i	H
f124v-22	7	he		l	H
f124v-22	8	t		e	H
f124v-22	9	q		u	H
f124v-22	10	12		il	H
f124v-22	11	d		s	H
f124v-22	12	t		e	H
f124v-22	13	q		u	H
f124v-22	14	7		o	H
f124v-22	15	.v.		n	H
f124v-22	16	Ze		t	H
f124v-22	17	.v.		n	H
f124v-22	18	t		e	H
f124v-22	19	d		s	H
f124v-22	20	E		i|y	M
f124v-22	21	yy		ss|s	M
f124v-22	22	o		i	H
f124v-22	23	o		i	H
f124v-22	24	L		r	H
f124v-22	25	t		e	H
f124v-22	26	y		?	U
f124v-22	27	4		?	U
f124v-22	28	9		?	U
f124v-22	29	12		il	H
f143r-1	1	4+		m	H
f143r-1	2	49		?	U
f143r-1	3	T=		m|mm	M
f143r-1	4	J		s	H
f143r-1	5	x		e	H
f143r-1	6	d		s	H
f143r-1	7	m		t	H
f143r-1	8	a		a	H
f143r-1	9	.v.		n	H
f143r-1	10	Z		t	H
f143r-1	11	n		l	H
f143r-1	12	D		a	H
f143r-1	13	o		i	H
f143r-1	14	yy		ss|s	M
f143r-1	15	t		e	H
f143r-1	16	h		e	H
f143r-1	17	ff		n|o	M
f143r-1	18	m		t	H
f143r-1	19	t		e	H
f143r-1	20	6		i|n|s	M
f143r-1	21	w-		d	H
f143r-1	22	L		r	H
f143r-1	23	h		e	H
f143r-1	24	49		?	U
f143r-1	25	12		il	H
f143r-1	26	d		s	H
f143r-1	27	t		e	H
f143r-1	28	g		u	H
f143r-1	29	7		o	H
f143r-1	30	s		u	H
f143r-1	31	he		l	H
f143r-2	1	H		o	H
f143r-2	2	6		i|n|s	M
f143r-2	3	Z		t	H
f143r-2	4	w-		d	H
f143r-2	5	h		e	H
f143r-2	6	c		p	H
f143r-2	7	th		m|a	M
f143r-2	8	L		r	H
f143r-2	9	m		t	H
f143r-2	10	o		i	H
f143r-2	11	L		r	H
f143r-2	12	oo		d	H
f143r-2	13	s		u	H
f143r-2	14	76		*	H
f143r-2	15	w-		d	H
f143r-2	16	g		u	H
f143r-2	17	14		que	H
f143r-2	18	n		l	H
f143r-2	19	E		i|y	M
f143r-2	20	t		e	H
f143r-2	21	d		s	H
f143r-2	22	f		c|u	M
f143r-2	23	a		a	H
f143r-2	24	i		i|e	M
f143r-2	25	13		qui	H
f143r-2	26	A		l	H
f143r-2	27	x		e	H
f143r-2	28	d		s	H
f143r-2	29	Z		t	H
f143r-2	30	m		t	H
f143r-2	31	L		r	H
f143r-2	32	t		e	H
f143r-2	33	J		s	H
f143r-3	1	th		m|a	M
f143r-3	2	D		a	H
f143r-3	3	n		l	H
f143r-3	4	f		c|u	M
f143r-3	5	7		o	H
f143r-3	6	.v.		n	H
f143r-3	7	Z		t	H
f143r-3	8	a		a	H
f143r-3	9	6		i|n|s	M
f143r-3	10	m		t	H
f143r-3	11	x		e	H
f143r-3	12	Z		t	H
f143r-3	13	a		a	H
f143r-3	14	E		i|y	M
f143r-3	15	D		a	H
f143r-3	16	ff		n|o	M
f143r-3	17	Z		t	H
f143r-3	18	f		c|u	M
f143r-3	19	7		o	H
f143r-3	20	.v.		n	H
f143r-3	21	J		s	H
f143r-3	22	o		i	H
f143r-3	23	w-		d	H
f143r-3	24	x		e	H
f143r-3	25	L		r	H
f143r-3	26	t		e	H
f143r-3	27	14		que	H
f143r-3	28	E		i|y	M
f143r-3	29	i		i|e	M
f143r-3	30	n		l	H
f143r-3	31	a		a	H
f143r-3	32	E		i|y	M
f143r-3	33	47		tous	H
f143r-3	34	E		i|y	M
f143r-3	35	7		o	H
f143r-4	1	q		u	H
f143r-4	2	L		r	H
f143r-4	3	J		s	H
f143r-4	4	7		o	H
f143r-4	5	s		u	H
f143r-4	6	B		i|y	M
f143r-4	7	Z		t	H
f143r-4	8	t		e	H
f143r-4	9	.v.		n	H
f143r-4	10	B		i|y	M
f143r-4	11	L		r	H
f143r-4	12	c		p	H
f143r-4	13	7		o	H
f143r-4	14	s		u	H
f143r-4	15	L		r	H
f143r-4	16	n		l	H
f143r-4	17	t		e	H
f143r-4	18	th		m|a	M
f143r-4	19	h		e	H
f143r-4	20	o		i	H
f143r-4	21	he		l	H
f143r-4	22	x		e	H
f143r-4	23	g		u	H
f143r-4	24	e		r	H
f143r-4	25	f		c|u	M
f143r-4	26	7		o	H
f143r-4	27	T=		m|mm	M
f143r-4	28	t		e	H
f143r-4	29	w-		d	H
f143r-4	30	h		e	H
f143r-4	31	49		?	U
f143r-4	32	a		a	H
f143r-4	33	.v.		n	H
f143r-4	34	w-		d	H
f143r-4	35	t		e	H
f143r-5	1	4+		m	H
f143r-5	2	h		e	H
f143r-5	3	6		i|n|s	M
f143r-5	4	m		t	H
f143r-5	5	13		qui	H
f143r-5	6	n		l	H
f143r-5	7	a		a	H
f143r-5	8	E		i|y	M
f143r-5	9	Z		t	H
f143r-5	10	t		e	H
f143r-5	11	m		t	H
f143r-5	12	14		que	H
f143r-5	13	J		s	H
f143r-5	14	t		e	H
f143r-5	15	.v.		n	H
f143r-5	16	h		e	H
f143r-5	17	d		s	H
f143r-5	18	x		e	H
f143r-5	19	L		r	H
f143r-5	20	7		o	H
f143r-5	21	o		i	H
f143r-5	22	Z		t	H
f143r-5	23	f		c|u	M
f143r-5	24	i		i|e	M
f143r-5	25	c		p	H
f143r-5	26	T=		m|mm	M
f143r-5	27	Z		t	H
f143r-5	28	o		i	H
f143r-5	29	m		t	H
f143r-5	30	t		e	H
f143r-5	31	w-		d	H
f143r-5	32	x		e	H
f143r-5	33	J		s	H
f143r-5	34	M		f	H
f143r-5	35	a		a	H
f143r-6	1	q		u	H
f143r-6	2	t		e	H
f143r-6	3	s		u	H
f143r-6	4	L		r	H
f143r-6	5	R		p	H
f143r-6	6	7		o	H
f143r-6	7	g		u	H
f143r-6	8	L		r	H
f143r-6	9	J		s	H
f143r-6	10	t		e	H
f143r-6	11	d		s	H
f143r-6	12	th		m|a	M
f143r-6	13	ff		n|o	M
f143r-6	14	D		a	H
f143r-6	15	B		i|y	M
f143r-6	16	L		r	H
f143r-6	17	t		e	H
f143r-6	18	d		s	H
f143r-6	19	14		que	H
f143r-6	20	w-		d	H
f143r-6	21	t		e	H
f143r-6	22	n		l	H
f143r-6	23	t		e	H
f143r-6	24	L		r	H
f143r-6	25	L		r	H
f143r-6	26	h		e	H
f143r-6	27	Z		t	H
f143r-6	28	b		e	H
f143r-6	29	.v.		n	H
f143r-6	30	B		i|y	M
f143r-6	31	e		r	H
f143r-6	32	E		i|y	M
f143r-6	33	a		a	H
f143r-6	34	i		i|e	M
f143r-6	35	Z		t	H
f143r-7	1	e		r	H
f143r-7	2	a		a	H
f143r-7	3	o		i	H
f143r-7	4	f		c|u	M
f143r-7	5	m		t	H
f143r-7	6	t		e	H
f143r-7	7	D		a	H
f143r-7	8	g		u	H
f143r-7	9	dd		e|g	M
f143r-7	10	f		c|u	M
f143r-7	11	n		l	H
f143r-7	12	g		u	H
f143r-7	13	E		i|y	M
f143r-7	14	x		e	H
f143r-7	15	Z		t	H
f143r-7	16	S6		e|u	M
f143r-7	17	.v.		n	H
f143r-7	18	f		c|u	M
f143r-7	19	7		o	H
f143r-7	20	.v.		n	H
f143r-7	21	d		s	H
f143r-7	22	o		i	H
f143r-7	23	w-		d	H
f143r-7	24	t		e	H
f143r-7	25	L		r	H
f143r-7	26	a		a	H
f143r-7	27	m		t	H
f143r-7	28	o		i	H
f143r-7	29	ff		n|o	M
f143r-7	30	.v.		n	H
f143r-7	31	w-		d	H
f143r-7	32	S		u|c	M
f143r-7	33	.v.		n	H
f143r-7	34	t		e	H
f143r-8	1	a		a	H
f143r-8	2	L		r	H
f143r-8	3	7		o	H
f143r-8	4	4+		m	H
f143r-8	5	x		e	H
f143r-8	6	p9		?	U
f143r-8	7	t		e	H
f143r-8	8	17		car	H
f143r-8	9	n		l	H
f143r-8	10	4+		m	H
f143r-8	11	a		a	H
f143r-8	12	he		l	H
f143r-8	13	D		a	H
f143r-8	14	o		i	H
f143r-8	15	J		s	H
f143r-8	16	m		t	H
f143r-8	17	t		e	H
f143r-8	18	w-		d	H
f143r-8	19	h		e	H
f143r-8	20	.v.		n	H
f143r-8	21	t		e	H
f143r-8	22	c		p	H
f143r-8	23	7		o	H
f143r-8	24	L		r	H
f143r-8	25	Z		t	H
f143r-8	26	t		e	H
f143r-8	27	e		r	H
f143r-8	28	n		l	H
f143r-8	29	t		e	H
f143r-8	30	w-		d	H
f143r-8	31	a		a	H
f143r-8	32	L		r	H
f143r-8	33	4+		m	H
f143r-8	34	x		e	H
f143r-8	35	q		u	H
f143r-9	1	c		p	H
f143r-9	2	ff		n|o	M
f143r-9	3	g		u	H
f143r-9	4	L		r	H
f143r-9	5	J		s	H
f143r-9	6	t		e	H
f143r-9	7	c		p	H
f143r-9	8	a		a	H
f143r-9	9	t		e	H
f143r-9	10	Z		t	H
f143r-9	11	o		i	H
f143r-9	12	w-		d	H
f143r-9	13	h		e	H
f143r-9	14	J		s	H
f143r-9	15	o		i	H
f143r-9	16	b		e	H
f143r-9	17	4+		m	H
f143r-9	18	7		o	H
f143r-9	19	p9		?	U
f143r-9	20	d		s	H
f143r-9	21	x		e	H
f143r-9	22	oo		d	H
f143r-9	23	h		e	H
f143r-9	24	J		s	H
f143r-9	25	14		que	H
f143r-9	26	4+		m	H
f143r-9	27	n		l	H
f143r-9	28	g		u	H
f143r-9	29	14		que	H
f143r-9	30	c		p	H
f143r-9	31	a		a	H
f143r-9	32	L		r	H
f143r-9	33	m		t	H
f143r-9	34	i		i|e	M
f143r-9	35	J		s	H
f143r-9	36	g		u	H
f143r-10	1	he		l	H
f143r-10	2	i		i|e	M
f143r-10	3	x		e	H
f143r-10	4	e		r	H
f143r-10	5	J		s	H
f143r-10	6	t		e	H
f143r-10	7	L		r	H
f143r-10	8	g		u	H
f143r-10	9	O		?	U
f143r-10	10	f		c|u	M
f143r-10	11	t		e	H
f143r-10	12	B		i|y	M
f143r-10	13	J		s	H
f143r-10	14	n		l	H
f143r-10	15	4+		m	H
f143r-10	16	D		a	H
f143r-10	17	c		p	H
f143r-10	18	L		r	H
f143r-10	19	7		o	H
f143r-10	20	4+		m	H
f143r-10	21	i		i|e	M
f143r-10	22	q		u	H
f143r-10	23	w-		d	H
f143r-10	24	h		e	H
f143r-10	25	26		uous	H
f143r-10	26	6		i|n|s	M
f143r-10	27	M		f	H
f143r-10	28	a		a	H
f143r-10	29	B		i|y	M
f143r-10	30	L		r	H
f143r-10	31	t		e	H
f143r-10	32	c		p	H
f143r-10	33	h		e	H
f143r-10	34	.v.		n	H
f143r-10	35	w-		d	H
f143r-10	36	a		a	H
f143r-11	1	6		i|n|s	M
f143r-11	2	m		t	H
f143r-11	3	f		c|u	M
f143r-11	4	t		e	H
f143r-11	5	m		t	H
f143r-11	6	h		e	H
f143r-11	7	4+		m	H
f143r-11	8	c		p	H
f143r-11	9	d		s	H
f143r-11	10	x		e	H
f143r-11	11	m		t	H
f143r-11	12	4+		m	H
f143r-11	13	dd		e|g	M
f143r-11	14	7		o	H
f143r-11	15	g		u	H
f143r-11	16	a		a	H
f143r-11	17	n		l	H
f143r-11	18	D		a	H
f143r-11	19	g		u	H
f143r-11	20	x		e	H
f143r-11	21	L		r	H
f143r-11	22	E		i|y	M
f143r-11	23	Z		t	H
f143r-11	24	h		e	H
f143r-11	25	12		il	H
f143r-11	26	J		s	H
f143r-11	27	x		e	H
f143r-11	28	q		u	H
f143r-11	29	Z		t	H
f143r-11	30	t		e	H
f143r-11	31	w-		d	H
f143r-11	32	J		s	H
f143r-11	33	7		o	H
f143r-11	34	n		l	H
f143r-11	35	f		c|u	M
f143r-12	1	w-		d	H
f143r-12	2	g		u	H
f143r-12	3	a		a	H
f143r-12	4	J		s	H
f143r-12	5	o		i	H
f143r-12	6	D		a	H
f143r-12	7	47		tous	H
f143r-12	8	f		c|u	M
f143r-12	9	t		e	H
f143r-12	10	14		que	H
f143r-12	11	2		?	U
f143r-12	12	f		c|u	M
f143r-12	13	a		a	H
f143r-12	14	g		u	H
f143r-12	15	ff		n|o	M
f143r-12	16	.v.		n	H
f143r-12	17	d		s	H
f143r-12	18	q		u	H
f143r-12	19	7		o	H
f143r-12	20	f		c|u	M
f143r-12	21	n		l	H
f143r-12	22	BOX		?	U
f143r-12	23	c		p	H
f143r-12	24	ff		n|o	M
f143r-12	25	g		u	H
f143r-12	26	J		s	H
f143r-12	27	n		l	H
f143r-12	28	a		a	H
f143r-12	29	f		c|u	M
f143r-12	30	7		o	H
f143r-12	31	4+		m	H
f143r-12	32	c		p	H
f143r-12	33	7		o	H
f143r-13	1	q		u	H
f143r-13	2	o		i	H
f143r-13	3	Z		t	H
f143r-13	4	B		i|y	M
f143r-13	5	H		o	H
f143r-13	6	.v.		n	H
f143r-13	7	w-		d	H
f143r-13	8	h		e	H
f143r-13	9	J		s	H
f143r-13	10	th		m|a	M
f143r-13	11	c		p	H
f143r-13	12	n		l	H
f143r-13	13	D		a	H
f143r-13	14	f		c|u	M
f143r-13	15	t		e	H
f143r-13	16	n		l	H
f143r-13	17	a		a	H
f143r-13	18	14		que	H
f143r-13	19	he		l	H
f143r-13	20	t		e	H
f143r-13	21	h		e	H
f143r-13	22	J		s	H
f143r-13	23	Z		t	H
f143r-13	24	7		o	H
f143r-13	25	o		i	H
f143r-13	26	m		t	H
f143r-13	27	x		e	H
f143r-13	28	.v.		n	H
f143r-13	29	f		c|u	M
f143r-13	30	7		o	H
f143r-13	31	L		r	H
f143r-13	32	t		e	H
f143r-13	33	q		u	H
f143r-14	1	a		a	H
f143r-14	2	b-		e|u	M
f143r-14	3	t		e	H
f143r-14	4	4+		m	H
f143r-14	5	J		s	H
f143r-14	6	lam		b	H
f143r-14	7	7		o	H
f143r-14	8	B		i|y	M
f143r-14	9	t		e	H
f143r-14	10	P		p	H
f143r-14	11	7		o	H
f143r-14	12	f		c|u	M
f143r-14	13	L		r	H
f143r-14	14	25		nous	H
f143r-14	15	L		r	H
f143r-14	16	t		e	H
f143r-14	17	Z		t	H
f143r-14	18	h		e	H
f143r-14	19	.v.		n	H
f143r-14	20	h		e	H
f143r-14	21	L		r	H
f143r-14	22	a		a	H
f143r-14	23	f		c|u	M
f143r-14	24	t		e	H
f143r-14	25	q		u	H
f143r-14	26	E		i|y	M
f143r-14	27	x		e	H
f143r-14	28	dd		e|g	M
f143r-14	29	t		e	H
f143r-14	30	J		s	H
f143r-14	31	B		i|y	M
f143r-14	32	n		l	H
f143r-14	33	q		u	H
f143r-14	34	n		l	H
f143r-14	35	t		e	H
f143r-14	36	dd		e|g	M
f143r-15	1	fh		c|u|s	M
f143r-15	2	t		e	H
f143r-15	3	.v.		n	H
f143r-15	4	m		t	H
f143r-15	5	g		u	H
f143r-15	6	7		o	H
f143r-15	7	f		c|u	M
f143r-15	8	n		l	H
f143r-15	9	g		u	H
f143r-15	10	7		o	H
f143r-15	11	c		p	H
f143r-15	12	E		i|y	M
f143r-15	13	.v.		n	H
f143r-15	14	3		e	H
f143r-15	15	a		a	H
f143r-15	16	q		u	H
f143r-15	17	Z		t	H
f143r-15	18	f		c|u	M
f143r-15	19	t		e	H
f143r-15	20	x		e	H
f143r-15	21	.v.		n	H
f143r-15	22	f		c|u	M
f143r-15	23	7		o	H
f143r-15	24	L		r	H
f143r-15	25	t		e	H
f143r-15	26	q		u	H
f143r-15	27	14		que	H
f143r-15	28	n		l	H
f143r-15	29	w-		d	H
f143r-15	30	14		que	H
f143r-15	31	Z		t	H
f143r-15	32	t		e	H
f143r-15	33	a		a	H
f143r-15	34	c		p	H
f143r-15	35	q		u	H
f143r-16	1	n		l	H
f143r-16	2	x		e	H
f143r-16	3	g		u	H
f143r-16	4	J		s	H
f143r-16	5	Z		t	H
f143r-16	6	B		i|y	M
f143r-16	7	4+		m	H
f143r-16	8	c		p	H
f143r-16	9	7		o	H
f143r-16	10	f		c|u	M
f143r-16	11	m		t	H
f143r-16	12	t		e	H
f143r-16	13	6		i|n|s	M
f143r-16	14	L		r	H
f143r-16	15	w-		d	H
f143r-16	16	h		e	H
f143r-16	17	oo		d	H
f143r-16	18	t		e	H
f143r-16	19	J		s	H
f143r-16	20	f		c|u	M
f143r-16	21	T=		m|mm	M
f143r-16	22	.v.		n	H
f143r-16	23	f		c|u	M
f143r-16	24	t		e	H
f143r-16	25	x		e	H
f143r-16	26	4+		m	H
f143r-16	27	x		e	H
f143r-16	28	.v.		n	H
f143r-16	29	f		c|u	M
f143r-16	30	7		o	H
f143r-16	31	L		r	H
f143r-16	32	t		e	H
f143r-16	33	q		u	H
f143r-16	34	c		p	H
f143r-16	35	n		l	H
f143r-17	1	f		c|u	M
f143r-17	2	d		s	H
f143r-17	3	w-		d	H
f143r-17	4	h		e	H
f143r-17	5	J		s	H
f143r-17	6	t		e	H
f143r-17	7	E		i|y	M
f143r-17	8	H		o	H
f143r-17	9	g		u	H
f143r-17	10	L		r	H
f143r-17	11	13		qui	H
f143r-17	12	25		nous	H
f143r-17	13	x		e	H
f143r-17	14	J		s	H
f143r-17	15	4+		m	H
f143r-17	16	m		t	H
f143r-17	17	L		r	H
f143r-17	18	h		e	H
f143r-17	19	J		s	H
f143r-17	20	f		c|u	M
f143r-17	21	f		c|u	M
f143r-17	22	x		e	H
f143r-17	23	e		r	H
f143r-17	24	35		parceque	H
f143r-17	25	12		il	H
f143r-17	26	4+		m	H
f143r-17	27	x		e	H
f143r-17	28	f		c|u	M
f143r-17	29	q		u	H
f143r-17	30	Z		t	H
f143r-17	31	M		f	H
f143r-18	1	a		a	H
f143r-18	2	he		l	H
f143r-18	3	g		u	H
f143r-18	4	c		p	H
f143r-18	5	a		a	H
f143r-18	6	yy		ss|s	M
f143r-18	7	t		e	H
f143r-18	8	T=		m|mm	M
f143r-18	9	A		l	H
f143r-18	10	o		i	H
f143r-18	11	L		r	H
f143r-18	12	o		i	H
f143r-18	13	g		u	H
f143r-18	14	dd		e|g	M
f143r-18	15	x		e	H
f143r-18	16	T=		m|mm	M
f143r-18	17	h		e	H
f143r-18	18	P		p	H
f143r-18	19	H		o	H
f143r-18	20	f		c|u	M
f143r-18	21	t		e	H
f143r-18	22	S6		e|u	M
f143r-18	23	a		a	H
f143r-18	24	he		l	H
f143r-18	25	t		e	H
f143r-18	26	4+		m	H
f143r-18	27	T=		m|mm	M
f143r-18	28	x		e	H
f143r-18	29	4+		m	H
f143r-18	30	c		p	H
f143r-18	31	dd		e|g	M
f143r-18	32	7		o	H
f143r-18	33	g		u	H
f143r-18	34	.v.		n	H
f143r-18	35	a		a	H
f143r-19	1	T=		m|mm	M
f143r-19	2	h		e	H
f143r-19	3	R		p	H
f143r-19	4	a		a	H
f143r-19	5	yy		ss|s	M
f143r-19	6	t		e	H
f143r-19	7	T=		m|mm	M
f143r-19	8	P		p	H
f143r-19	9	7		o	H
f143r-19	10	g		u	H
f143r-19	11	L		r	H
f143r-19	12	f		c|u	M
f143r-19	13	t		e	H
f143r-19	14	.v.		n	H
f143r-19	15	3		e	H
f143r-19	16	T=		m|mm	M
f143r-19	17	7		o	H
f143r-19	18	f		c|u	M
f143r-19	19	h		e	H
f143r-19	20	P		p	H
f143r-19	21	H		o	H
f143r-19	22	f		c|u	M
f143r-19	23	L		r	H
f143r-19	24	47		tous	H
f143r-19	25	x		e	H
f143r-19	26	J		s	H
f143r-19	27	g		u	H
f143r-19	28	t		e	H
f143r-19	29	w-		d	H
f143r-19	30	f		c|u	M
f143r-19	31	7		o	H
f143r-19	32	.v.		n	H
f143r-19	33	h		e	H
f143r-19	34	B		i|y	M
f143r-19	35	w-		d	H
f143r-20	1	h		e	H
f143r-20	2	L		r	H
f143r-20	3	a		a	H
f143r-20	4	T=		m|mm	M
f143r-20	5	o		i	H
f143r-20	6	g		u	H
f143r-20	7	.v.		n	H
f143r-20	8	J		s	H
f143r-20	9	h		e	H
f143r-20	10	T=		m|mm	M
f143r-20	11	f		c|u	M
f143r-20	12	H		o	H
f143r-20	13	s		u	H
f143r-20	14	t		e	H
f143r-20	15	.v.		n	H
f143r-20	16	t		e	H
f143r-20	17	w-		d	H
f143r-20	18	c		p	H
f143r-20	19	L		r	H
f143r-20	20	t		e	H
f143r-20	21	4+		m	H
f143r-20	22	B		i|y	M
f143r-20	23	t		e	H
f143r-20	24	L		r	H
f143r-20	25	L		r	H
f143r-20	26	h		e	H
f143r-20	27	g		u	H
f143r-20	28	f		c|u	M
f143r-20	29	n		l	H
f143r-20	30	f		c|u	M
f143r-20	31	b		e	H
f143r-20	32	14		que	H
f143r-20	33	lam		b	H
f143r-20	34	7		o	H
f143r-20	35	g		u	H
f143r-21	1	T=		m|mm	M
f143r-21	2	n		l	H
f143r-21	3	x		e	H
f143r-21	4	g		u	H
f143r-21	5	a		a	H
f143r-21	6	f		c|u	M
f143r-21	7	Z		t	H
f143r-21	8	L		r	H
f143r-21	9	t		e	H
f143r-21	10	g		u	H
f143r-21	11	E		i|y	M
f143r-21	12	t		e	H
f143r-21	13	.v.		n	H
f143r-21	14	g		u	H
f143r-21	15	E		i|y	M
f143r-21	16	a		a	H
f143r-21	17	B		i|y	M
f143r-21	18	g		u	H
f143r-21	19	h		e	H
f143r-21	20	L		r	H
f143r-21	21	lam		b	H
f143r-21	22	a		a	H
f143r-21	23	he		l	H
f143r-21	24	t		e	H
f143r-21	25	4+		m	H
f143r-21	26	h		e	H
f143r-21	27	6		i|n|s	M
f143r-21	28	t		e	H
f143r-21	29	c		p	H
f143r-21	30	L		r	H
f143r-21	31	7		o	H
f143r-21	32	4+		m	H
f143r-21	33	b		e	H
f143r-21	34	q		u	H
f143r-21	35	w-		d	H
f143r-21	36	h		e	H
f143v-1	1	A		l	H
f143v-1	2	g		u	H
f143v-1	3	E		i|y	M
f143v-1	4	M		f	H
f143v-1	5	a		a	H
f143v-1	6	6		i|n|s	M
f143v-1	7	T=		m|mm	M
f143v-1	8	t		e	H
f143v-1	9	c		p	H
f143v-1	10	D		a	H
f143v-1	11	E		i|y	M
f143v-1	12	t		e	H
f143v-1	13	L		r	H
f143v-1	14	w-		d	H
f143v-1	15	D		a	H
f143v-1	16	.v.		n	H
f143v-1	17	J		s	H
f143v-1	18	Z		t	H
f143v-1	19	L		r	H
f143v-1	20	7		o	H
f143v-1	21	o		i	H
f143v-1	22	g		u	H
f143v-1	23	th		m|a	M
f143v-1	24	ff		n|o	M
f143v-1	25	6		i|n|s	M
f143v-1	26	g		u	H
f143v-1	27	n		l	H
f143v-1	28	a		a	H
f143v-1	29	J		s	H
f143v-1	30	7		o	H
f143v-1	31	T=		m|mm	M
f143v-1	32	t		e	H
f143v-1	33	w-		d	H
f143v-1	34	h		e	H
f143v-1	35	oo		d	H
f143v-1	36	7		o	H
f143v-1	37	s		u	H
f143v-2	1	x		e	H
f143v-2	2	t		e	H
f143v-2	3	t		e	H
f143v-2	4	3		e	H
f143v-2	5	n		l	H
f143v-2	6	x		e	H
f143v-2	7	J		s	H
f143v-2	8	f		c|u	M
f143v-2	9	g		u	H
f143v-2	10	q		u	H
f143v-2	11	w-		d	H
f143v-2	12	h		e	H
f143v-2	13	n		l	H
f143v-2	14	s		u	H
f143v-2	15	E		i|y	M
f143v-2	16	M		f	H
f143v-2	17	a		a	H
f143v-2	18	B		i|y	M
f143v-2	19	L		r	H
f143v-2	20	t		e	H
f143v-2	21	7		o	H
f143v-2	22	lam		b	H
f143v-2	23	Z		t	H
f143v-2	24	t		e	H
f143v-2	25	.v.		n	H
f143v-2	26	o		i	H
f143v-2	27	T=		m|mm	M
f143v-2	28	c		p	H
f143v-2	29	h		e	H
f143v-2	30	T=		m|mm	M
f143v-2	31	t		e	H
f143v-2	32	B		i|y	M
f143v-2	33	ff		n|o	M
f143v-2	34	E		i|y	M
f143v-2	35	7		o	H
f143v-2	36	.v.		n	H
f143v-2	37	w-		d	H
f143v-2	38	h		e	H
f143v-3	1	X		a	H
f143v-3	2	o		i	H
f143v-3	3	w-		d	H
f143v-3	4	t		e	H
f143v-3	5	c		p	H
f143v-3	6	7		o	H
f143v-3	7	d		s	H
f143v-3	8	H		o	H
f143v-3	9	o		i	H
f143v-3	10	L		r	H
f143v-3	11	B		i|y	M
f143v-3	12	7		o	H
f143v-3	13	g		u	H
f143v-3	14	E		i|y	M
f143v-3	15	T=		m|mm	M
f143v-3	16	w-		d	H
f143v-3	17	h		e	H
f143v-3	18	J		s	H
f143v-3	19	7		o	H
f143v-3	20	.v.		n	H
f143v-3	21	40		lui	H
f143v-3	22	Z		t	H
f143v-3	23	g		u	H
f143v-3	24	a		a	H
f143v-3	25	s		u	H
f143v-3	26	H		o	H
f143v-3	27	B		i|y	M
f143v-3	28	T=		m|mm	M
f143v-3	29	f		c|u	M
f143v-3	30	h		e	H
f143v-3	31	T=		m|mm	M
f143v-3	32	t		e	H
f143v-3	33	o		i	H
f143v-3	34	yy		ss|s	M
f143v-3	35	o		i	H
f143v-3	36	7		o	H
f143v-3	37	.v.		n	H
f143v-4	1	w-		d	H
f143v-4	2	h		e	H
f143v-4	3	n		l	H
f143v-4	4	t		e	H
f143v-4	5	s		u	H
f143v-4	6	x		e	H
f143v-4	7	.v.		n	H
f143v-4	8	w-		d	H
f143v-4	9	L		r	H
f143v-4	10	t		e	H
f143v-4	11	h		e	H
f143v-4	12	Z		t	H
f143v-4	13	7		o	H
f143v-4	14	g		u	H
f143v-4	15	n		l	H
f143v-4	16	Z		t	H
f143v-4	17	L		r	H
f143v-4	18	t		e	H
f143v-4	19	w-		d	H
f143v-4	20	B		i|y	M
f143v-4	21	.v.		n	H
f143v-4	22	m		t	H
f143v-4	23	t		e	H
f143v-4	24	T=		m|mm	M
f143v-4	25	f		c|u	M
f143v-4	26	x		e	H
f143v-4	27	w-		d	H
f143v-4	28	h		e	H
f143v-4	29	e		r	H
f143v-4	30	x		e	H
f143v-4	31	.v.		n	H
f143v-4	32	g		u	H
f143v-4	33	t		e	H
f143v-4	34	L		r	H
f143v-4	35	q		u	H
f143v-4	36	8		g	H
f143v-5	1	c		p	H
f143v-5	2	7		o	H
f143v-5	3	g		u	H
f143v-5	4	L		r	H
f143v-5	5	n		l	H
f143v-5	6	s		u	H
f143v-5	7	E		i|y	M
f143v-5	8	M		f	H
f143v-5	9	a		a	H
f143v-5	10	B		i|y	M
f143v-5	11	L		r	H
f143v-5	12	t		e	H
f143v-5	13	a		a	H
f143v-5	14	t		e	H
f143v-5	15	7		o	H
f143v-5	16	L		r	H
f143v-5	17	w-		d	H
f143v-5	18	t		e	H
f143v-5	19	T=		m|mm	M
f143v-5	20	g		u	H
f143v-5	21	.v.		n	H
f143v-5	22	c		p	H
f143v-5	23	a		a	H
f143v-5	24	L		r	H
f143v-5	25	w-		d	H
f143v-5	26	7		o	H
f143v-5	27	.v.		n	H
f143v-5	28	w-		d	H
f143v-5	29	h		e	H
f143v-5	30	47		tous	H
f143v-5	31	x		e	H
f143v-5	32	J		s	H
f143v-5	33	q		u	H
f143v-5	34	h		e	H
f143v-5	35	c		p	H
f143v-5	36	M		f	H
f143v-5	37	a		a	H
f143v-6	1	b-		e|u	M
f143v-6	2	A		l	H
f143v-6	3	t		e	H
f143v-6	4	q		u	H
f143v-6	5	c		p	H
f143v-6	6	a		a	H
f143v-6	7	B		i|y	M
f143v-6	8	yy		ss|s	M
f143v-6	9	J		s	H
f143v-6	10	f		c|u	M
f143v-6	11	t		e	H
f143v-6	12	14		que	H
f143v-6	13	E		i|y	M
f143v-6	14	t		e	H
f143v-6	15	d		s	H
f143v-6	16	s		u	H
f143v-6	17	f		c|u	M
f143v-6	18	n		l	H
f143v-6	19	E		i|y	M
f143v-6	20	t		e	H
f143v-6	21	Z		t	H
f143v-6	22	L		r	H
f143v-6	23	t		e	H
f143v-6	24	J		s	H
f143v-6	25	f		c|u	M
f143v-6	26	g		u	H
f143v-6	27	a		a	H
f143v-6	28	lam		b	H
f143v-6	29	c		p	H
f143v-6	30	t		e	H
f143v-6	31	a		a	H
f143v-6	32	h		e	H
f143v-6	33	ff		n|o	M
f143v-6	34	Z		t	H
f143v-6	35	40		lui	H
f143v-7	1	w-		d	H
f143v-7	2	h		e	H
f143v-7	3	s		u	H
f143v-7	4	7		o	H
f143v-7	5	g		u	H
f143v-7	6	he		l	H
f143v-7	7	H		o	H
f143v-7	8	B		i|y	M
f143v-7	9	T=		m|mm	M
f143v-7	10	f		c|u	M
f143v-7	11	7		o	H
f143v-7	12	.v.		n	H
f143v-7	13	M		f	H
f143v-7	14	o		i	H
f143v-7	15	L		r	H
f143v-7	16	4+		m	H
f143v-7	17	t		e	H
f143v-7	18	e		r	H
f143v-7	19	x		e	H
f143v-7	20	m		t	H
f143v-7	21	f		c|u	M
f143v-7	22	L		r	H
f143v-7	23	7		o	H
f143v-7	24	6		i|n|s	M
f143v-7	25	T=		m|mm	M
f143v-7	26	8		g	H
f143v-7	27	34		ainsi	H
f143v-7	28	14		que	H
f143v-7	29	E		i|y	M
f143v-7	30	t		e	H
f143v-7	31	.v.		n	H
f143v-7	32	a		a	H
f143v-7	33	E		i|y	M
f143v-7	34	t		e	H
f143v-8	1	4+		m	H
f143v-8	2	6		i|n|s	M
f143v-8	3	w-		d	H
f143v-8	4	h		e	H
f143v-8	5	J		s	H
f143v-8	6	t		e	H
f143v-8	7	n		l	H
f143v-8	8	a		a	H
f143v-8	9	T=		m|mm	M
f143v-8	10	h		e	H
f143v-8	11	J		s	H
f143v-8	12	7		o	H
f143v-8	13	n		l	H
f143v-8	14	s		u	H
f143v-8	15	14		que	H
f143v-8	16	d		s	H
f143v-8	17	7		o	H
f143v-8	18	g		u	H
f143v-8	19	p		?	U
f143v-8	20	x		e	H
f143v-8	21	33		?	U
f143v-8	22	lam		b	H
f143v-8	23	7		o	H
f143v-8	24	.v.		n	H
f143v-8	25	f		c|u	M
f143v-8	26	n		l	H
f143v-8	27	a		a	H
f143v-8	28	B		i|y	M
f143v-8	29	q		u	H
f143v-8	30	o		i	H
f143v-8	31	L		r	H
f143v-8	32	36		?	U
f143v-8	33	14		que	H
f143v-8	34	B		i|y	M
f143v-8	35	t		e	H
f143v-8	36	.v.		n	H
f143v-8	37	h		e	H
f143v-9	1	4+		m	H
f143v-9	2	6		i|n|s	M
f143v-9	3	M		f	H
f143v-9	4	g		u	H
f143v-9	5	yy		ss|s	M
f143v-9	6	t		e	H
f143v-9	7	51		pas	H
f143v-9	8	Z		t	H
f143v-9	9	a		a	H
f143v-9	10	.v.		n	H
f143v-9	11	m		t	H
f143v-9	12	a		a	H
f143v-9	13	w-		d	H
f143v-9	14	s		u	H
f143v-9	15	a		a	H
f143v-9	16	.v.		n	H
f143v-9	17	f		c|u	M
f143v-9	18	t		e	H
f143v-9	19	oo		d	H
f143v-9	20	h		e	H
f143v-9	21	.v.		n	H
f143v-9	22	46		?	U
f143v-9	23	Z		t	H
f143v-9	24	L		r	H
f143v-9	25	a		a	H
f143v-9	26	B		i|y	M
f143v-9	27	f		c|u	M
f143v-9	28	m		t	H
f143v-9	29	t		e	H
f143v-9	30	L		r	H
f143v-9	31	q		u	H
f143v-9	32	6		i|n|s	M
f143v-9	33	E		i|y	M
f143v-9	34	h		e	H
f143v-10	1	w-		d	H
f143v-10	2	h		e	H
f143v-10	3	6		i|n|s	M
f143v-10	4	o		i	H
f143v-10	5	w-		d	H
f143v-10	6	h		e	H
f143v-10	7	M		f	H
f143v-10	8	L		r	H
f143v-10	9	g		u	H
f143v-10	10	a		a	H
f143v-10	11	Z		t	H
f143v-10	12	x		e	H
f143v-10	13	m		t	H
f143v-10	14	f		c|u	M
f143v-10	15	h		e	H
f143v-10	16	L		r	H
f143v-10	17	o		i	H
f143v-10	18	w		?	U
f143v-10	19	w-		d	H
f143v-10	20	62		?	U
f143v-10	21	w-		d	H
f143v-10	22	h		e	H
f143v-10	23	f		c|u	M
f143v-10	24	x		e	H
f143v-10	25	L		r	H
f143v-10	26	m		t	H
f143v-10	27	t		e	H
f143v-10	28	17		car	H
f143v-10	29	n		l	H
f143v-10	30	a		a	H
f143v-10	31	J		s	H
f143v-10	32	7		o	H
f143v-10	33	.v.		n	H
f143v-10	34	f		c|u	M
f143v-10	35	x		e	H
f143v-10	36	ff		n|o	M
f143v-10	37	B		i|y	M
f143v-10	38	H		o	H
f143v-11	1	.v.		n	H
f143v-11	2	w-		d	H
f143v-11	3	h		e	H
f143v-11	4	n		l	H
f143v-11	5	a		a	H
f143v-11	6	he		l	H
f143v-11	7	t		e	H
f143v-11	8	L		r	H
f143v-11	9	a		a	H
f143v-11	10	B		i|y	M
f143v-11	11	yy		ss|s	M
f143v-11	12	o		i	H
f143v-11	13	7		o	H
f143v-11	14	.v.		n	H
f143v-11	15	w-		d	H
f143v-11	16	h		e	H
f143v-11	17	s		u	H
f143v-11	18	t		e	H
f143v-11	19	.v.		n	H
f143v-11	20	w-		d	H
f143v-11	21	L		r	H
f143v-11	22	t		e	H
f143v-11	23	J		s	H
f143v-11	24	7		o	H
f143v-11	25	.v.		n	H
f143v-11	26	40		lui	H
f143v-11	27	.v.		n	H
f143v-11	28	h		e	H
f143v-11	29	J		s	H
f143v-11	30	Z		t	H
f143v-11	31	49		?	U
f143v-11	32	46		?	U
f143v-11	33	35		parceque	H
f143v-11	34	12		il	H
f143v-11	35	.v.		n	H
f143v-11	36	h		e	H
f143v-12	1	d		s	H
f143v-12	2	t		e	H
f143v-12	3	.v.		n	H
f143v-12	4	62		?	U
f143v-12	5	m		t	H
f143v-12	6	a		a	H
f143v-12	7	E		i|y	M
f143v-12	8	w-		d	H
f143v-12	9	t		e	H
f143v-12	10	L		r	H
f143v-12	11	x		e	H
f143v-12	12	yy		ss|s	M
f143v-12	13	Z		t	H
f143v-12	14	a		a	H
f143v-12	15	ff		n|o	M
f143v-12	16	m		t	H
f143v-12	17	w-		d	H
f143v-12	18	g		u	H
f143v-12	19	a		a	H
f143v-12	20	q		u	H
f143v-12	21	o		i	H
f143v-12	22	47		tous	H
f143v-12	23	J		s	H
f143v-12	24	7		o	H
f143v-12	25	.v.		n	H
f143v-12	26	w-		d	H
f143v-12	27	o		i	H
f143v-12	28	Z		t	H
f143v-12	29	40		lui	H
f143v-12	30	t		e	H
f143v-12	31	h		e	H
f143v-12	32	d		s	H
f143v-12	33	4+		m	H
f143v-12	34	t		e	H
f143v-12	35	f		c|u	M
f143v-12	36	n		l	H
f143v-13	1	h		e	H
f143v-13	2	w-		d	H
f143v-13	3	o		i	H
f143v-13	4	d		s	H
f143v-13	5	m		t	H
f143v-13	6	A		l	H
f143v-13	7	B		i|y	M
f143v-13	8	x		e	H
f143v-13	9	s		u	H
f143v-13	10	w-		d	H
f143v-13	11	h		e	H
f143v-13	12	f		c|u	M
f143v-13	13	a		a	H
f143v-13	14	q		u	H
f143v-13	15	m		t	H
f143v-13	16	t		e	H
f143v-13	17	n		l	H
f143v-13	18	q		u	H
f143v-13	19	w-		d	H
f143v-13	20	g		u	H
f143v-13	21	f		c|u	M
f143v-13	22	7		o	H
f143v-13	23	q		u	H
f143v-13	24	Z		t	H
f143v-13	25	t		e	H
f143v-13	26	oo		d	H
f143v-13	27	h		e	H
f143v-13	28	J		s	H
f143v-13	29	a		a	H
f143v-13	30	M		f	H
f143v-13	31	x		e	H
f143v-13	32	T=		m|mm	M
f143v-13	33	t		e	H
f143v-13	34	x		e	H
f143v-13	35	m		t	H
f143v-13	36	J		s	H
f143v-13	37	g		u	H
f143v-13	38	lam		b	H
f143v-14	1	q		u	H
f143v-14	2	m		t	H
f143v-14	3	o		i	H
f143v-14	4	Z		t	H
f143v-14	5	s		u	H
f143v-14	6	t		e	H
f143v-14	7	a		a	H
f143v-14	8	J		s	H
f143v-14	9	t		e	H
f143v-14	10	q		u	H
f143v-14	11	x		e	H
f143v-14	12	.v.		n	H
f143v-14	13	M		f	H
f143v-14	14	a		a	H
f143v-14	15	ff		n|o	M
f143v-14	16	p		?	U
f143v-14	17	x		e	H
f143v-14	18	Z		t	H
f143v-14	19	w		?	U
f143v-14	20	g		u	H
f143v-14	21	a		a	H
f143v-14	22	.v.		n	H
f143v-14	23	w-		d	H
f143v-14	24	a		a	H
f143v-14	25	BOX		?	U
f143v-14	26	c		p	H
f143v-14	27	a		a	H
f143v-14	28	L		r	H
f143v-14	29	w-		d	H
f143v-14	30	ff		n|o	M
f143v-14	31	.v.		n	H
f143v-14	32	12		il	H
f143v-14	33	.v.		n	H
f143v-14	34	h		e	H
f143v-15	1	62		?	U
f143v-15	2	Z		t	H
f143v-15	3	x		e	H
f143v-15	4	J		s	H
f143v-15	5	m		t	H
f143v-15	6	L		r	H
f143v-15	7	t		e	H
f143v-15	8	g		u	H
f143v-15	9	a		a	H
f143v-15	10	he		l	H
f143v-15	11	D		a	H
f143v-15	12	lam		b	H
f143v-15	13	n		l	H
f143v-15	14	t		e	H
f143v-15	15	13		qui	H
f143v-15	16	n		l	H
f143v-15	17	.v.		n	H
f143v-15	18	a		a	H
f143v-15	19	B		i|y	M
f143v-15	20	m		t	H
f143v-15	21	c		p	H
f143v-15	22	a		a	H
f143v-15	23	yy		ss|s	M
f143v-15	24	t		e	H
f143v-15	25	D		a	H
f143v-15	26	g		u	H
f143v-15	27	c		p	H
f143v-15	28	a		a	H
f143v-15	29	L		r	H
f143v-15	30	n		l	H
f143v-15	31	t		e	H
f143v-15	32	a		a	H
f143v-15	33	h		e	H
f143v-15	34	.v.		n	H
f143v-15	35	m		t	H
f143v-16	1	H		o	H
f143v-16	2	s		u	H
f143v-16	3	12		il	H
f143v-16	4	x		e	H
f143v-16	5	J		s	H
f143v-16	6	Z		t	H
f143v-16	7	40		lui	H
f143v-16	8	f		c|u	M
f143v-16	9	t		e	H
f143v-16	10	L		r	H
f143v-16	11	Z		t	H
f143v-16	12	a		a	H
f143v-16	13	B		i|y	M
f143v-16	14	.v.		n	H
f143v-16	15	13		qui	H
f143v-16	16	n		l	H
f143v-16	17	J		s	H
f143v-16	18	.v.		n	H
f143v-16	19	h		e	H
f143v-16	20	n		l	H
f143v-16	21	t		e	H
f143v-16	22	g		u	H
f143v-16	23	t		e	H
f143v-16	24	L		r	H
f143v-16	25	o		i	H
f143v-16	26	w-		d	H
f143v-16	27	6		i|n|s	M
f143v-16	28	x		e	H
f143v-16	29	L		r	H
f143v-16	30	7		o	H
f143v-16	31	.v.		n	H
f143v-16	32	m		t	H
f143v-16	33	51		pas	H
f143v-16	34	14		que	H
f143v-16	35	a		a	H
f143v-16	36	w-		d	H
f143v-17	1	t		e	H
f143v-17	2	f		c|u	M
f143v-17	3	Z		t	H
f143v-17	4	D		a	H
f143v-17	5	.v.		n	H
f143v-17	6	m		t	H
f143v-17	7	w-		d	H
f143v-17	8	t		e	H
f143v-17	9	f		c|u	M
f143v-17	10	f		c|u	M
f143v-17	11	a		a	H
f143v-17	12	L		r	H
f143v-17	13	8		g	H
f143v-17	14	t		e	H
f143v-17	15	q		u	H
f143v-17	16	x		e	H
f143v-17	17	Z		t	H
f143v-17	18	w-		d	H
f143v-17	19	t		e	H
f143v-17	20	J		s	H
f143v-17	21	s		u	H
f143v-17	22	lam		b	H
f143v-17	23	a		a	H
f143v-17	24	o		i	H
f143v-17	25	ff		n|o	M
f143v-17	26	B		i|y	M
f143v-17	27	q		u	H
f143v-17	28	.v.		n	H
f143v-17	29	d		s	H
f143v-17	30	13		qui	H
f143v-17	31	n		l	H
f143v-17	32	.v.		n	H
f143v-17	33	h		e	H
f143v-17	34	d		s	H
f143v-17	35	x		e	H
f143v-18	1	.v.		n	H
f143v-18	2	f		c|u	M
f143v-18	3	7		o	H
f143v-18	4	g		u	H
f143v-18	5	f		c|u	M
f143v-18	6	Z		t	H
f143v-18	7	a		a	H
f143v-18	8	D		a	H
f143v-18	9	E		i|y	M
f143v-18	10	w-		d	H
f143v-18	11	h		e	H
f143v-18	12	L		r	H
f143v-18	13	13		qui	H
f143v-18	14	n		l	H
f143v-18	15	.v.		n	H
f143v-18	16	a		a	H
f143v-18	17	E		i|y	M
f143v-18	18	m		t	H
f143v-18	19	7		o	H
f143v-18	20	lam		b	H
f143v-18	21	x		e	H
f143v-18	22	E		i|y	M
f143v-18	23	a		a	H
f143v-18	24	s		u	H
f143v-18	25	q		u	H
f143v-18	26	a		a	H
f143v-18	27	x		e	H
f143v-18	28	h		e	H
f143v-18	29	w-		d	H
f143v-18	30	o		i	H
f143v-18	31	f		c|u	M
f143v-18	32	m		t	H
f143v-18	33	x		e	H
f143v-18	34	x		e	H
f143v-18	35	m		t	H
f143v-18	36	w-		d	H
f143v-19	1	s		u	H
f143v-19	2	47		tous	H
f143v-19	3	L		r	H
f143v-19	4	x		e	H
f143v-19	5	.v.		n	H
f143v-19	6	q		u	H
f143v-19	7	ff		n|o	M
f143v-19	8	f		c|u	M
f143v-19	9	t		e	H
f143v-19	10	a		a	H
f143v-19	11	n		l	H
f143v-19	12	a		a	H
f143v-19	13	g		u	H
f143v-19	14	n		l	H
f143v-19	15	Z		t	H
f143v-19	16	L		r	H
f143v-19	17	h		e	H
f143v-19	18	c		p	H
f143v-19	19	a		a	H
f143v-19	20	L		r	H
f143v-19	21	Z		t	H
f143v-19	22	o		i	H
f143v-19	23	x		e	H
f143v-19	24	Z		t	H
f143v-19	25	54		?	U
f143v-19	26	13		qui	H
f143v-19	27	n		l	H
f143v-19	28	.v.		n	H
f143v-19	29	E		i|y	M
f143v-19	30	a		a	H
f143v-19	31	g		u	H
f143v-19	32	q		u	H
f143v-19	33	o		i	H
f143v-19	34	m		t	H
f143v-19	35	c		p	H
f143v-20	1	n		l	H
f143v-20	2	g		u	H
f143v-20	3	q		u	H
f143v-20	4	w-		d	H
f143v-20	5	h		e	H
f143v-20	6	f		c|u	M
f143v-20	7	a		a	H
f143v-20	8	q		u	H
f143v-20	9	D		a	H
f143v-20	10	L		r	H
f143v-20	11	w-		d	H
f143v-20	12	14		que	H
f143v-20	13	f		c|u	M
f143v-20	14	7		o	H
f143v-20	15	s		u	H
f143v-20	16	L		r	H
f143v-20	17	n		l	H
f143v-20	18	a		a	H
f143v-20	19	J		s	H
f143v-20	20	7		o	H
f143v-20	21	T=		m|mm	M
f143v-20	22	t		e	H
f143v-20	23	w-		d	H
f143v-20	24	7		o	H
f143v-20	25	.v.		n	H
f143v-20	26	Z		t	H
f143v-20	27	12		il	H
f143v-20	28	x		e	H
f143v-20	29	.v.		n	H
f143v-20	30	a		a	H
f143v-20	31	w-		d	H
f143v-20	32	6		i|n|s	M
f143v-20	33	J		s	H
f143v-20	34	E		i|y	M
f143v-20	35	a		a	H
f143v-21	1	40		lui	H
f143v-21	2	8		g	H
f143v-21	3	lam		b	H
f143v-21	4	o		i	H
f143v-21	5	g		u	H
f143v-21	6	.v.		n	H
f143v-21	7	h		e	H
f143v-21	8	g		u	H
f143v-21	9	.v.		n	H
f143v-21	10	t		e	H
f143v-21	11	c		p	H
f143v-21	12	a		a	H
f143v-21	13	L		r	H
f143v-21	14	Z		t	H
f143v-21	15	o		i	H
f143v-21	16	x		e	H
f143v-21	17	f		c|u	M
f143v-21	18	7		o	H
f143v-21	19	g		u	H
f143v-21	20	L		r	H
f143v-21	21	n		l	H
f143v-21	22	t		e	H
f143v-21	23	Z		t	H
f143v-21	24	h		e	H
f143v-21	25	a		a	H
f143v-21	26	c		p	H
f143v-21	27	q		u	H
f143v-21	28	13		qui	H
f143v-21	29	n		l	H
f143v-21	30	25		nous	H
f143v-21	31	s		u	H
f143v-21	32	a		a	H
f143v-21	33	x		e	H
f143v-21	34	J		s	H
f143v-21	35	c		p	H
f143v-21	36	a		a	H
f143v-21	37	L		r	H
f143v-21	38	8		g	H
f143v-21	39	.v.		n	H
f143v-22	1	t		e	H
f143v-22	2	oo		d	H
f143v-22	3	g		u	H
f143v-22	4	x		e	H
f143v-22	5	o		i	H
f143v-22	6	x		e	H
f143v-22	7	y		?	U
f143v-22	8	t		e	H
f143v-22	9	w-		d	H
f143v-22	10	x		e	H
f143v-22	11	f		c|u	M
f143v-22	12	a		a	H
f143v-22	13	J		s	H
f143v-22	14	Z		t	H
f143v-22	15	t		e	H
f143v-22	16	n		l	H
f143v-22	17	x		e	H
f143v-22	18	x		e	H
f143v-22	19	m		t	H
f143v-22	20	w-		d	H
f143v-22	21	h		e	H
f143v-22	22	n		l	H
f143v-22	23	a		a	H
f143v-22	24	s		u	H
f143v-22	25	Z		t	H
f143v-22	26	L		r	H
f143v-22	27	t		e	H
f143v-22	28	x		e	H
f143v-22	29	he		l	H
f143v-22	30	t		e	H
f143v-22	31	.v.		n	H
f143v-22	32	h		e	H
f143v-22	33	J		s	H
f143v-22	34	Z		t	H
f143v-22	35	51		pas	H
f143v-23	1	48		aussi	H
f143v-23	2	w-		d	H
f143v-23	3	g		u	H
f143v-23	4	47		tous	H
f143v-23	5	E		i|y	M
f143v-23	6	.v.		n	H
f143v-23	7	g		u	H
f143v-23	8	Z		t	H
f143v-23	9	o		i	H
f143v-23	10	he		l	H
f143v-23	11	t		e	H
f143v-23	12	a		a	H
f143v-23	13	E		i|y	M
f143v-23	14	X		a	H
f143v-23	15	.v.		n	H
f143v-23	16	Z		t	H
f143v-23	17	w-		d	H
f143v-23	18	h		e	H
f143v-23	19	n		l	H
f143v-23	20	g		u	H
f143v-23	21	E		i|y	M
f143v-23	22	f		c|u	M
f143v-23	23	x		e	H
f143v-23	24	J		s	H
f143v-23	25	m		t	H
f143v-23	26	t		e	H
f143v-23	27	q		u	H
f143v-23	28	lam		b	H
f143v-23	29	n		l	H
f143v-23	30	o		i	H
f143v-23	31	x		e	H
f143v-23	32	a		a	H
f143v-23	33	Z		t	H
f143v-23	34	o		i	H
f143v-24	1	7		o	H
f143v-24	2	.v.		n	H
f143v-24	3	w-		d	H
f143v-24	4	h		e	H
f143v-24	5	.v.		n	H
f143v-24	6	t		e	H
f143v-24	7	c		p	H
f143v-24	8	7		o	H
f143v-24	9	L		r	H
f143v-24	10	Z		t	H
f143v-24	11	t		e	H
f143v-24	12	L		r	H
f143v-24	13	n		l	H
f143v-24	14	x		e	H
f143v-24	15	q		u	H
f143v-24	16	a		a	H
f143v-24	17	L		r	H
f143v-24	18	a		a	H
f143v-24	19	t		e	H
f143v-24	20	d		s	H
f143v-24	21	w-		d	H
f143v-24	22	t		e	H
f143v-24	23	J		s	H
f143v-24	24	o		i	H
f143v-24	25	x		e	H
f143v-24	26	a		a	H
f143v-24	27	7		o	H
f143v-24	28	o		i	H
f143v-24	29	x		e	H
f143v-24	30	c		p	H
f143v-24	31	7		o	H
f143v-24	32	g		u	H
f143v-24	33	L		r	H
f143v-24	34	q		u	H
f143v-24	35	7		o	H
f143v-24	36	.v.		n	H
f143v-25	1	c		p	H
f143v-25	2	a		a	H
f143v-25	3	L		r	H
f143v-25	4	Z		t	H
f143v-25	5	3		e	H
f143v-25	6	7		o	H
f143v-25	7	g		u	H
f143v-25	8	12		il	H
f143v-25	9	x		e	H
f143v-25	10	g		u	H
f143v-25	11	J		s	H
f143v-25	12	Z		t	H
f143v-25	13	62		?	U
f143v-25	14	.v.		n	H
f143v-25	15	g		u	H
f143v-25	16	B		i|y	M
f143v-25	17	L		r	H
f143v-25	18	6		i|n|s	M
f143v-25	19	c		p	H
f143v-25	20	7		o	H
f143v-25	21	g		u	H
f143v-25	22	L		r	H
f143v-25	23	6		i|n|s	M
f143v-25	24	o		i	H
f143v-25	25	w-		d	H
f143v-25	26	a		a	H
f143v-25	27	g		u	H
f143v-25	28	X		a	H
f143v-25	29	.v.		n	H
f143v-25	30	Z		t	H
f143v-25	31	a		a	H
f143v-25	32	B		i|y	M
f143v-25	33	y		?	U
f143v-25	34	H		o	H
f143v-26	1	h		e	H
f143v-26	2	x		e	H
f143v-26	3	m		t	H
f143v-26	4	q		u	H
f143v-26	5	o		i	H
f143v-26	6	E		i|y	M
f143v-26	7	a		a	H
f143v-26	8	B		i|y	M
f143v-26	9	y		?	U
f143v-26	10	L		r	H
f143v-26	11	a		a	H
f143v-26	12	.v.		n	H
f143v-26	13	w-		d	H
f143v-26	14	t		e	H
f143v-26	15	h		e	H
f143v-26	16	J		s	H
f143v-26	17	c		p	H
f143v-26	18	t		e	H
f143v-26	19	L		r	H
f143v-26	20	a		a	H
f143v-26	21	.v.		n	H
f143v-26	22	f		c|u	M
f143v-26	23	t		e	H
f143v-26	24	w-		d	H
f143v-26	25	h		e	H
f143v-26	26	n		l	H
f143v-26	27	x		e	H
f143v-26	28	.v.		n	H
f143v-26	29	L		r	H
f143v-26	30	x		e	H
f143v-26	31	Z		t	H
f143v-26	32	3		e	H
f143v-26	33	e		r	H
f143v-26	34	t		e	H
f143v-26	35	T=		m|mm	M
f143v-26	36	w-		d	H
f143v-26	37	g		u	H
f143v-27	1	47		tous	H
f143v-27	2	h		e	H
f143v-27	3	m		t	H
f143v-27	4	f		c|u	M
f143v-27	5	t		e	H
f143v-27	6	M		f	H
f143v-27	7	a		a	H
f143v-27	8	B		i|y	M
f143v-27	9	d		s	H
f143v-27	10	D		a	H
f143v-27	11	.v.		n	H
f143v-27	12	Z		t	H
f143v-27	13	w-		d	H
f143v-27	14	t		e	H
f143v-27	15	c		p	H
f143v-27	16	7		o	H
f143v-27	17	d		s	H
f143v-27	18	q		u	H
f143v-27	19	c		p	H
f143v-27	20	L		r	H
f143v-27	21	Z		t	H
f143v-27	22	o		i	H
f143v-27	23	L		r	H
f143v-27	24	h		e	H
f143v-27	25	t		e	H
f143v-27	26	w-		d	H
f143v-27	27	t		e	H
f143v-27	28	X		a	H
f143v-27	29	7		o	H
f143v-27	30	.v.		n	H
f143v-27	31	x		e	H
f143v-27	32	q		u	H
f143v-27	33	h		e	H
f143v-27	34	L		r	H
f143v-27	35	g		u	H
f143v-27	36	o		i	H
f143v-28	1	f		c|u	M
f143v-28	2	t		e	H
f143v-28	3	d		s	H
f143v-28	4	h		e	H
f143v-28	5	Z		t	H
f143v-28	6	c		p	H
f143v-28	7	a		a	H
f143v-28	8	L		r	H
f143v-28	9	J		s	H
f143v-28	10	7		o	H
f143v-28	11	.v.		n	H
f143v-28	12	a		a	H
f143v-28	13	q		u	H
f143v-28	14	E		i|y	M
f143v-28	15	x		e	H
f143v-28	16	6		i|n|s	M
f143v-28	17	d		s	H
f143v-28	18	Z		t	H
f143v-28	19	x		e	H
f143v-28	20	x		e	H
f143v-28	21	t		e	H
f143v-28	22	c		p	H
f143v-28	23	n		l	H
f143v-28	24	t		e	H
f143v-28	25	L		r	H
f143v-28	26	x		e	H
f143v-28	27	Z		t	H
f143v-28	28	o		i	H
f143v-28	29	T=		m|mm	M
f143v-28	30	t		e	H
f143v-28	31	e		r	H
f143v-28	32	w-		d	H
f143v-28	33	a		a	H
f143v-28	34	g		u	H
f143v-28	35	n		l	H
f143v-28	36	Z		t	H
f143v-29	1	L		r	H
f143v-29	2	t		e	H
f143v-29	3	q		u	H
f143v-29	4	f		c|u	M
f143v-29	5	7		o	H
f143v-29	6	T=		m|mm	M
f143v-29	7	t		e	H
f143v-29	8	d		s	H
f143v-29	9	x		e	H
f143v-29	10	m		t	H
f143v-29	11	c		p	H
f143v-29	12	n		l	H
f143v-29	13	a		a	H
f143v-29	14	f		c|u	M
f143v-29	15	t		e	H
f143v-29	16	q		u	H
f143v-29	17	w-		d	H
f143v-29	18	h		e	H
f143v-29	19	f		c|u	M
f143v-29	20	7		o	H
f143v-29	21	.v.		n	H
f143v-29	22	J		s	H
f143v-29	23	x		e	H
f143v-29	24	14		que	H
f143v-29	25	6		i|n|s	M
f143v-29	26	f		c|u	M
f143v-29	27	t		e	H
f143v-29	28	f		c|u	M
f143v-29	29	x		e	H
f143v-29	30	J		s	H
f143v-29	31	m		t	H
f143v-29	32	J		s	H
f143v-29	33	x		e	H
f143v-29	34	13		qui	H
f143v-29	35	4+		m	H
f143v-30	1	a		a	H
f143v-30	2	X		a	H
f143v-30	3	h		e	H
f143v-30	4	g		u	H
f143v-30	5	w-		d	H
f143v-30	6	t		e	H
f143v-30	7	.v.		n	H
f143v-30	8	Z		t	H
f143v-30	9	L		r	H
f143v-30	10	t		e	H
f143v-30	11	T=		m|mm	M
f143v-30	12	c		p	H
f143v-30	13	n		l	H
f143v-30	14	s		u	H
f143v-30	15	q		u	H
f143v-30	16	s		u	H
f143v-30	17	7		o	H
f143v-30	18	n		l	H
f143v-30	19	q		u	H
f143v-30	20	.v.		n	H
f143v-30	21	Z		t	H
f143v-30	22	B		i|y	M
f143v-30	23	x		e	H
f143v-30	24	L		r	H
f143v-30	25	d		s	H
f143v-30	26	x		e	H
f143v-30	27	.v.		n	H
f143v-30	28	f		c|u	M
f143v-30	29	t		e	H
f143v-30	30	Z		t	H
f143v-30	31	L		r	H
f143v-30	32	a		a	H
f143v-30	33	B		i|y	M
f143v-30	34	f		c|u	M
f143v-30	35	m		t	H
f143v-30	36	t		e	H
f143v-31	1	J		s	H
f143v-31	2	g		u	H
f143v-31	3	L		r	H
f143v-31	4	13		qui	H
f143v-31	5	o		i	H
f143v-31	6	8		g	H
f143v-31	7	a		a	H
f143v-31	8	h		e	H
f143v-31	9	M		f	H
f143v-31	10	t		e	H
f143v-31	11	L		r	H
f143v-31	12	a		a	H
f143v-31	13	J		s	H
f143v-31	14	o		i	H
f143v-31	15	n		l	H
f143v-31	16	A		l	H
f143v-31	17	g		u	H
f143v-31	18	E		i|y	M
f143v-31	19	f		c|u	M
f143v-31	20	n		l	H
f143v-31	21	a		a	H
f143v-31	22	o		i	H
f143v-31	23	J		s	H
f143v-31	24	m		t	H
f143v-31	25	x		e	H
f143v-31	26	.v.		n	H
f143v-31	27	Z		t	H
f143v-31	28	x		e	H
f143v-31	29	.v.		n	H
f143v-31	30	w-		d	H
f143v-31	31	L		r	H
f143v-31	32	t		e	H
f143v-31	33	J		s	H
f143v-31	34	7		o	H
f143v-31	35	.v.		n	H
f143v-31	36	E		i|y	M
f143v-32	1	6		i|n|s	M
f143v-32	2	Z		t	H
f143v-32	3	t		e	H
f143v-32	4	ff		n|o	M
f143v-32	5	Z		t	H
f143v-32	6	o		i	H
f143v-32	7	7		o	H
f143v-32	8	.v.		n	H
f143v-32	9	a		a	H
f143v-32	10	E		i|y	M
f143v-32	11	x		e	H
f143v-32	12	.v.		n	H
f143v-32	13	Z		t	H
f143v-32	14	n		l	H
f143v-32	15	t		e	H
f143v-32	16	47		tous	H
f143v-32	17	h		e	H
f143v-32	18	x		e	H
f143v-32	19	f		c|u	M
f143v-32	20	x		e	H
f143v-32	21	c		p	H
f143v-32	22	Z		t	H
f143v-32	23	t		e	H
f143v-32	24	n		l	H
f143v-32	25	a		a	H
f143v-32	26	q		u	H
f143v-32	27	7		o	H
f143v-32	28	T=		m|mm	M
f143v-32	29	t		e	H
f143v-32	30	w-		d	H
f143v-32	31	7		o	H
f143v-32	32	.v.		n	H
f143v-32	33	Z		t	H
f143v-33	1	3		e	H
f143v-33	2	h		e	H
f143v-33	3	a		a	H
f143v-33	4	t		e	H
f143v-33	5	J		s	H
f143v-33	6	g		u	H
f143v-33	7	o		i	H
f143v-33	8	q		u	H
f143v-33	9	x		e	H
f143v-33	10	.v.		n	H
f143v-33	11	x		e	H
f143v-33	12	a		a	H
f143v-33	13	B		i|y	M
f143v-33	14	8		g	H
f143v-33	15	t		e	H
f143v-33	16	w-		d	H
f143v-33	17	h		e	H
f143v-33	18	a		a	H
f143v-33	19	D		a	H
f143v-33	20	c		p	H
f143v-33	21	a		a	H
f143v-33	22	L		r	H
f143v-33	23	7		o	H
f143v-33	24	he		l	H
f143v-33	25	t		e	H
f143v-33	26	L		r	H
f143v-33	27	x		e	H
f143v-33	28	a		a	H
f143v-33	29	B		i|y	M
f143v-33	30	q		u	H
f143v-33	31	J		s	H
f143v-33	32	7		o	H
f143v-33	33	g		u	H
f143v-33	34	lam		b	H
f143v-33	35	q		u	H
f143v-33	36	n		l	H
f150-1	1	A		l	H
f150-1	2	.v.		n	H
f150-1	3	c		p	H
f150-1	4	7		o	H
f150-1	5	g		u	H
f150-1	6	L		r	H
f150-1	7	15		?	U
f150-1	8	13		qui	H
f150-1	9	n		l	H
f150-1	10	x		e	H
f150-1	11	A		l	H
f150-1	12	t		e	H
f150-1	13	f		c|u	M
f150-1	14	g		u	H
f150-1	15	o		i	H
f150-1	16	J		s	H
f150-1	17	t		e	H
f150-1	18	6		i|n|s	M
f150-1	19	Ze		t	H
f150-1	20	M		f	H
f150-1	21	a		a	H
f150-1	22	B		i|y	M
f150-1	23	L		r	H
f150-1	24	t		e	H
f150-1	25	J		s	H
f150-1	26	o		i	H
f150-1	27	f		c|u	M
f150-1	28	t		e	H
f150-1	29	.v.		n	H
f150-1	30	z		?	U
f150-1	31	q		u	H
f150-1	32	m		t	H
f150-1	33	14		que	H
f150-1	34	n		l	H
f150-1	35	g		u	H
f150-1	36	.v.		n	H
f150-2	1	x		e	H
f150-2	2	m		t	H
f150-2	3	n		l	H
f150-2	4	a		a	H
f150-2	5	s		u	H
f150-2	6	c		p	H
f150-2	7	Ze		t	H
f150-2	8	L		r	H
f150-2	9	t		e	H
f150-2	10	x		e	H
f150-2	11	J		s	H
f150-2	12	f		c|u	M
f150-2	13	7		o	H
f150-2	14	q		u	H
f150-2	15	Ze		t	H
f150-2	16	t		e	H
f150-2	17	6		i|n|s	M
f150-2	18	m		t	H
f150-2	19	Ze		t	H
f150-2	20	L		r	H
f150-2	21	q		u	H
f150-2	22	f		c|u	M
f150-2	23	g		u	H
f150-2	24	7		o	H
f150-2	25	n		l	H
f150-2	26	7		o	H
f150-2	27	.v.		n	H
f150-2	28	Ze		t	H
f150-2	29	B		i|y	M
f150-2	30	x		e	H
f150-2	31	L		r	H
f150-2	32	q		u	H
f150-2	33	n		l	H
f150-2	34	x		e	H
f150-2	35	s		u	H
f150-2	36	T=		m|mm	M
f150-2	37	a		a	H
f150-3	1	g		u	H
f150-3	2	x		e	H
f150-3	3	6		i|n|s	M
f150-3	4	J		s	H
f150-3	5	13		qui	H
f150-3	6	.v.		n	H
f150-3	7	h		e	H
f150-3	8	q		u	H
f150-3	9	7		o	H
f150-3	10	s		u	H
f150-3	11	n		l	H
f150-3	12	w-		d	H
f150-3	13	L		r	H
f150-3	14	7		o	H
f150-3	15	o		i	H
f150-3	16	x		e	H
f150-3	17	.v.		n	H
f150-3	18	Ze		t	H
f150-3	19	n		l	H
f150-3	20	t		e	H
f150-3	21	a		a	H
f150-3	22	BOX		?	U
f150-3	23	.v.		n	H
f150-3	24	x		e	H
f150-3	25	q		u	H
f150-3	26	43		point	H
f150-3	27	w-		d	H
f150-3	28	t		e	H
f150-3	29	f		c|u	M
f150-3	30	7		o	H
f150-3	31	4+		m	H
f150-3	32	c		p	H
f150-3	33	D		a	H
f150-3	34	o		i	H
f150-4	1	8		g	H
f150-4	2	.v.		n	H
f150-4	3	33		?	U
f150-4	4	x		e	H
f150-4	5	m		t	H
f150-4	6	n		l	H
f150-4	7	t		e	H
f150-4	8	4+		m	H
f150-4	9	a		a	H
f150-4	10	g		u	H
f150-4	11	Ze		t	H
f150-4	12	L		r	H
f150-4	13	t		e	H
f150-4	14	q		u	H
f150-4	15	43		point	H
f150-4	16	w-		d	H
f150-4	17	h		e	H
f150-4	18	d		s	H
f150-4	19	s		u	H
f150-4	20	c		p	H
f150-4	21	t		e	H
f150-4	22	L		r	H
f150-4	23	z		?	U
f150-4	24	x		e	H
f150-4	25	g		u	H
f150-4	26	T=		m|mm	M
f150-4	27	4+		m	H
f150-4	28	44		?	U
f150-4	29	T=		m|mm	M
f150-4	30	E		i|y	M
f150-4	31	t		e	H
f150-4	32	26		uous	H
f150-4	33	x		e	H
f150-4	34	.v.		n	H
f150-5	1	a		a	H
f150-5	2	E		i|y	M
f150-5	3	q		u	H
f150-5	4	7		o	H
f150-5	5	s		u	H
f150-5	6	n		l	H
f150-5	7	BOX		?	U
f150-5	8	h		e	H
f150-5	9	J		s	H
f150-5	10	f		c|u	M
f150-5	11	L		r	H
f150-5	12	o		i	H
f150-5	13	L		r	H
f150-5	14	t		e	H
f150-5	15	A		l	H
f150-5	16	f		c|u	M
f150-5	17	o		i	H
f150-5	18	4+		m	H
f150-5	19	Ze		t	H
f150-5	20	7		o	H
f150-5	21	o		i	H
f150-5	22	L		r	H
f150-5	23	t		e	H
f150-5	24	a		a	H
f150-5	25	g		u	H
f150-5	26	q		u	H
f150-5	27	L		r	H
f150-5	28	a		a	H
f150-5	29	E		i|y	M
f150-5	30	53		?	U
f150-5	31	14		que	H
f150-5	32	J		s	H
f150-5	33	12		il	H
f150-5	34	q		u	H
f150-5	35	x		e	H
f150-5	36	6		i|n|s	M
f150-6	1	f		c|u	M
f150-6	2	a		a	H
f150-6	3	L		r	H
f150-6	4	n		l	H
f150-6	5	t		e	H
f150-6	6	f		c|u	M
f150-6	7	a		a	H
f150-6	8	L		r	H
f150-6	9	w-		d	H
f150-6	10	h		e	H
f150-6	11	n		l	H
f150-6	12	a		a	H
f150-6	13	4		?	U
f150-6	14	9		?	U
f150-6	15	12		il	H
f150-6	16	J		s	H
f150-6	17	t		e	H
f150-6	18	c		p	H
f150-6	19	7		o	H
f150-6	20	g		u	H
f150-6	21	fe		?	U
f150-6	22	a		a	H
f150-6	23	M		f	H
f150-6	24	a		a	H
f150-6	25	B		i|y	M
f150-6	26	e		r	H
f150-6	27	B		i|y	M
f150-6	28	26		uous	H
f150-6	29	J		s	H
f150-6	30	7		o	H
f150-6	31	B		i|y	M
f150-6	32	x		e	H
f150-6	33	g		u	H
f150-6	34	4+		m	H
f150-6	35	o		i	H
f150-6	36	B		i|y	M
f150-7	1	.v.		n	H
f150-7	2	M		f	H
f150-7	3	7		o	H
f150-7	4	L		r	H
f150-7	5	4+		m	H
f150-7	6	t		e	H
f150-7	7	w-		d	H
f150-7	8	h		e	H
f150-7	9	n		l	H
f150-7	10	a		a	H
f150-7	11	BOX		?	U
f150-7	12	h		e	H
f150-7	13	L		r	H
f150-7	14	x		e	H
f150-7	15	Ze		t	H
f150-7	16	t		e	H
f150-7	17	w-		d	H
f150-7	18	h		e	H
f150-7	19	M		f	H
f150-7	20	a		a	H
f150-7	21	B		i|y	M
f150-7	22	f		c|u	M
f150-7	23	m		t	H
f150-7	24	13		qui	H
f150-7	25	x		e	H
f150-7	26	J		s	H
f150-7	27	m		t	H
f150-7	28	w-		d	H
f150-7	29	B		i|y	M
f150-7	30	x		e	H
f150-7	31	g		u	H
f150-7	32	4+		m	H
f150-7	33	h		e	H
f150-7	34	L		r	H
f150-7	35	f		c|u	M
f150-7	36	E		i|y	M
f150-8	1	f		c|u	M
f150-8	2	a		a	H
f150-8	3	J		s	H
f150-8	4	t		e	H
f150-8	5	a		a	H
f150-8	6	J		s	H
f150-8	7	t		e	H
f150-8	8	x		e	H
f150-8	9	w-		d	H
f150-8	10	7		o	H
f150-8	11	g		u	H
f150-8	12	f		c|u	M
f150-8	13	t		e	H
f150-8	14	4+		m	H
f150-8	15	h		e	H
f150-8	16	.v.		n	H
f150-8	17	Ze		t	H
f150-8	18	x		e	H
f150-8	19	6		i|n|s	M
f150-8	20	f		c|u	M
f150-8	21	7		o	H
f150-8	22	T=		m|mm	M
f150-8	23	t		e	H
f150-8	24	q		u	H
f150-8	25	13		qui	H
f150-8	26	n		l	H
f150-8	27	E		i|y	M
f150-8	28	x		e	H
f150-8	29	g		u	H
f150-8	30	J		s	H
f150-8	31	m		t	H
f150-8	32	y		?	U
f150-8	33	L		r	H
f150-8	34	a		a	H
f150-8	35	.v.		n	H
f150-8	36	w-		d	H
f150-8	37	t		e	H
f150-9	1	a		a	H
f150-9	2	L		r	H
f150-9	3	x		e	H
f150-9	4	L		r	H
f150-9	5	a		a	H
f150-9	6	.v.		n	H
f150-9	7	f		c|u	M
f150-9	8	t		e	H
f150-9	9	oo		d	H
f150-9	10	s		u	H
f150-9	11	f		c|u	M
f150-9	12	7		o	H
f150-9	13	.v.		n	H
f150-9	14	Ze		t	H
f150-9	15	L		r	H
f150-9	16	x		e	H
f150-9	17	o		i	H
f150-9	18	T=		m|mm	M
f150-9	19	t		e	H
f150-9	20	B		i|y	M
f150-9	21	t		e	H
f150-9	22	.v.		n	H
f150-9	23	a		a	H
f150-9	24	g		u	H
f150-9	25	7		o	H
f150-9	26	o		i	H
f150-9	27	q		u	H
f150-9	28	43		point	H
f150-9	29	f		c|u	M
f150-9	30	g		u	H
f150-9	31	x		e	H
f150-9	32	J		s	H
f150-9	33	t		e	H
f150-9	34	w-		d	H
f150-9	35	a		a	H
f150-9	36	g		u	H
f150-10	1	7		o	H
f150-10	2	o		i	H
f150-10	3	L		r	H
f150-10	4	x		e	H
f150-10	5	.v.		n	H
f150-10	6	f		c|u	M
f150-10	7	H		o	H
f150-10	8	L		r	H
f150-10	9	t		e	H
f150-10	10	q		u	H
f150-10	11	w-		d	H
f150-10	12	h		e	H
f150-10	13	4+		m	H
f150-10	14	6		i|n|s	M
f150-10	15	J		s	H
f150-10	16	x		e	H
f150-10	17	L		r	H
f150-10	18	g		u	H
f150-10	19	E		i|y	M
f150-10	20	.v.		n	H
f150-10	21	x		e	H
f150-10	22	6		i|n|s	M
f150-10	23	f		c|u	M
f150-10	24	x		e	H
f150-10	25	J		s	H
f150-10	26	Ze		t	H
f150-10	27	t		e	H
f150-10	28	a		a	H
f150-10	29	T=		m|mm	M
f150-10	30	4+		m	H
f150-10	31	B		i|y	M
f150-10	32	24		nostre	H
f150-10	33	x		e	H
f150-10	34	6		i|n|s	M
f150-10	35	f		c|u	M
f150-10	36	t		e	H
f150-10	37	4+		m	H
f150-10	38	E		i|y	M
f150-11	1	h		e	H
f150-11	2	x		e	H
f150-11	3	J		s	H
f150-11	4	Ze		t	H
f150-11	5	o		i	H
f150-11	6	4+		m	H
f150-11	7	t		e	H
f150-11	8	a		a	H
f150-11	9	g		u	H
f150-11	10	7		o	H
f150-11	11	o		i	H
f150-11	12	L		r	H
f150-11	13	D		a	H
f150-11	14	g		u	H
f150-11	15	f		c|u	M
f150-11	16	q		u	H
f150-11	17	.v.		n	H
f150-11	18	t		e	H
f150-11	19	4+		m	H
f150-11	20	8		g	H
f150-11	21	6		i|n|s	M
f150-11	22	Ze		t	H
f150-11	23	y		?	U
f150-11	24	a		a	H
f150-11	25	o		i	H
f150-11	26	8		g	H
f150-11	27	.v.		n	H
f150-11	28	t		e	H
f150-11	29	4+		m	H
f150-11	30	t		e	H
f150-11	31	q		u	H
f150-11	32	y		?	U
f150-11	33	a		a	H
f150-11	34	B		i|y	M
f150-11	35	8		g	H
f150-12	1	h		e	H
f150-12	2	q		u	H
f150-12	3	4		?	U
f150-12	4	9		?	U
f150-12	5	62		?	U
f150-12	6	Ze		t	H
f150-12	7	x		e	H
f150-12	8	J		s	H
f150-12	9	E		i|y	M
f150-12	10	L		r	H
f150-12	11	t		e	H
f150-12	12	12		il	H
f150-12	13	n		l	H
f150-12	14	q		u	H
f150-12	15	n		l	H
f150-12	16	t		e	H
f150-12	17	26		uous	H
f150-12	18	f		c|u	M
f150-12	19	7		o	H
f150-12	20	.v.		n	H
f150-12	21	M		f	H
f150-12	22	t		e	H
f150-12	23	J		s	H
f150-12	24	t		e	H
f150-12	25	L		r	H
f150-12	26	7		o	H
f150-12	27	.v.		n	H
f150-12	28	Ze		t	H
f150-12	29	g		u	H
f150-12	30	.v.		n	H
f150-12	31	h		e	H
f150-13	1	7		o	H
f150-13	2	g		u	H
f150-13	3	L		r	H
f150-13	4	x		e	H
f150-13	5	m		t	H
f150-13	6	n		l	H
f150-13	7	s		u	H
f150-13	8	6		i|n|s	M
f150-13	9	x		e	H
f150-13	10	m		t	H
f150-13	11	A		l	H
f150-13	12	a		a	H
f150-13	13	s		u	H
f150-13	14	n		l	H
f150-13	15	Ze		t	H
f150-13	16	L		r	H
f150-13	17	t		e	H
f150-13	18	44		?	U
f150-13	19	T=		m|mm	M
f154-1	1	4+		m	H
f154-1	2	g		u	H
f154-1	3	g		u	H
f154-1	4	x		e	H
f154-1	5	.v.		n	H
f154-1	6	14		que	H
f154-1	7	he		l	H
f154-1	8	t		e	H
f154-1	9	f		c|u	M
f154-1	10	h		e	H
f154-1	11	E		i|y	M
f154-1	12	6		i|n|s	M
f154-1	13	t		e	H
f154-1	14	25		nous	H
f154-1	15	x		e	H
f154-1	16	J		s	H
f154-1	17	Z		t	H
f154-1	18	o		i	H
f154-1	19	7		o	H
f154-1	20	.v.		n	H
f154-1	21	q		u	H
f154-1	22	n		l	H
f154-1	23	H		o	H
f154-1	24	L		r	H
f154-1	25	d		s	H
f154-1	26	c		p	H
f154-1	27	7		o	H
f154-1	28	g		u	H
f154-1	29	e		r	H
f154-1	30	A		l	H
f154-1	31	t		e	H
f154-1	32	R		p	H
f154-1	33	a		a	H
f154-1	34	B		i|y	M
f154-1	35	x		e	H
f154-1	36	a		a	H
f154-1	37	h		e	H
f154-1	38	.v.		n	H
f154-1	39	Ze		t	H
f154-1	40	w-		d	H
f154-1	41	t		e	H
f154-1	42	x		e	H
f154-1	43	w-		d	H
f154-1	44	h		e	H
f154-1	45	c		p	H
f154-2	1	a		a	H
f154-2	2	7		o	H
f154-2	3	.v.		n	H
f154-2	4	J		s	H
f154-2	5	Z		t	H
f154-2	6	e		r	H
f154-2	7	t		e	H
f154-2	8	x		e	H
f154-2	9	13		qui	H
f154-2	10	a		a	H
f154-2	11	g		u	H
f154-2	12	7		o	H
f154-2	13	o		i	H
f154-2	14	x		e	H
f154-2	15	.v.		n	H
f154-2	16	Z		t	H
f154-2	17	h		e	H
f154-2	18	J		s	H
f154-2	19	m		t	H
f154-2	20	t		e	H
f154-2	21	M		f	H
f154-2	22	a		a	H
f154-2	23	B		i|y	M
f154-2	24	f		c|u	M
f154-2	25	m		t	H
f154-2	26	t		e	H
f154-2	27	x		e	H
f154-2	28	a		a	H
f154-2	29	.v.		n	H
f154-2	30	7		o	H
f154-2	31	x		e	H
f154-2	32	8		g	H
f154-2	33	t		e	H
f154-2	34	.v.		n	H
f154-2	35	J		s	H
f154-2	36	w-		d	H
f154-2	37	t		e	H
f154-2	38	y		?	U
f154-2	39	g		u	H
f154-2	40	t		e	H
f154-3	1	Ze		t	H
f154-3	2	t		e	H
f154-3	3	A		l	H
f154-3	4	a		a	H
f154-3	5	14		que	H
f154-3	6	he		l	H
f154-3	7	t		e	H
f154-3	8	x		e	H
f154-3	9	J		s	H
f154-3	10	Z		t	H
f154-3	11	w-		d	H
f154-3	12	h		e	H
f154-3	13	g		u	H
f154-3	14	t		e	H
f154-3	15	.v.		n	H
f154-3	16	s		u	H
f154-3	17	B		i|y	M
f154-3	18	x		e	H
f154-3	19	.v.		n	H
f154-3	20	f		c|u	M
f154-3	21	7		o	H
f154-3	22	L		r	H
f154-3	23	h		e	H
f154-3	24	q		u	H
f154-3	25	w-		d	H
f154-3	26	h		e	H
f154-3	27	c		p	H
f154-3	28	g		u	H
f154-3	29	o		i	H
f154-3	30	q		u	H
f154-3	31	62		?	U
f154-3	32	c		p	H
f154-3	33	n		l	H
f154-3	34	g		u	H
f154-3	35	J		s	H
f154-3	36	8		g	H
f154-3	37	L		r	H
f154-3	38	a		a	H
f154-3	39	.v.		n	H
f154-4	1	w-		d	H
f154-4	2	h		e	H
f154-4	3	25		nous	H
f154-4	4	n		l	H
f154-4	5	x		e	H
f154-4	6	w-		d	H
f154-4	7	o		i	H
f154-4	8	f		c|u	M
f154-4	9	m		t	H
f154-4	10	f		c|u	M
f154-4	11	a		a	H
f154-4	12	E		i|y	M
f154-4	13	t		e	H
f154-4	14	a		a	H
f154-4	15	h		e	H
f154-4	16	.v.		n	H
f154-4	17	m		t	H
f154-4	18	.v.		n	H
f154-4	19	a		a	H
f154-4	20	E		i|y	M
f154-4	21	D		a	H
f154-4	22	.v.		n	H
f154-4	23	m		t	H
f154-4	24	62		?	U
f154-4	25	g		u	H
f154-4	26	s		u	H
f154-4	27	o		i	H
f154-4	28	BOX		?	U
f154-4	29	L		r	H
f154-4	30	t		e	H
f154-4	31	n		l	H
f154-4	32	h		e	H
f154-4	33	J		s	H
f154-4	34	w-		d	H
f154-4	35	a		a	H
f154-4	36	f		c|u	M
f154-4	37	m		t	H
f154-4	38	t		e	H
f154-4	39	x		e	H
f154-5	1	a		a	H
f154-5	2	7		o	H
f154-5	3	.v.		n	H
f154-5	4	q		u	H
f154-5	5	Ze		t	H
f154-5	6	L		r	H
f154-5	7	t		e	H
f154-5	8	x		e	H
f154-5	9	J		s	H
f154-5	10	B		i|y	M
f154-5	11	Ze		t	H
f154-5	12	7		o	H
f154-5	13	q		u	H
f154-5	14	m		t	H
f154-5	15	14		que	H
f154-5	16	w-		d	H
f154-5	17	8		g	H
f154-5	18	hash		?	U
f154-5	19	7		o	H
f154-5	20	g		u	H
f154-5	21	J		s	H
f154-5	22	Ze		t	H
f154-5	23	g		u	H
f154-5	24	a		a	H
f154-5	25	t		e	H
f154-5	26	h		e	H
f154-5	27	m		t	H
f154-5	28	a		a	H
f154-5	29	g		u	H
f154-5	30	f		c|u	M
f154-5	31	s		u	H
f154-5	32	.v.		n	H
f154-5	33	d		s	H
f154-5	34	w-		d	H
f154-5	35	t		e	H
f154-5	36	q		u	H
f154-5	37	d		s	H
f154-5	38	a		a	H
f154-6	1	L		r	H
f154-6	2	o		i	H
f154-6	3	m		t	H
f154-6	4	D		a	H
f154-6	5	B		i|y	M
f154-6	6	.v.		n	H
f154-6	7	t		e	H
f154-6	8	d		s	H
f154-6	9	a		a	H
f154-6	10	E		i|y	M
f154-6	11	X		a	H
f154-6	12	.v.		n	H
f154-6	13	q		u	H
f154-6	14	E		i|y	M
f154-6	15	a		a	H
f154-6	16	f		c|u	M
f154-6	17	L		r	H
f154-6	18	B		i|y	M
f154-6	19	4+		m	H
f154-6	20	t		e	H
f154-6	21	x		e	H
f154-6	22	g		u	H
f154-6	23	x		e	H
f154-6	24	f		c|u	M
f154-6	25	7		o	H
f154-6	26	n		l	H
f154-6	27	w-		d	H
f154-6	28	a		a	H
f154-6	29	Ze		t	H
f154-6	30	x		e	H
f154-6	31	14		que	H
f154-6	32	n		l	H
f154-6	33	7		o	H
f154-6	34	.v.		n	H
f154-6	35	A		l	H
f154-6	36	t		e	H
f154-6	37	g		u	H
f154-6	38	L		r	H
f154-7	1	g		u	H
f154-7	2	7		o	H
f154-7	3	s		u	H
f154-7	4	n		l	H
f154-7	5	H		o	H
f154-7	6	o		i	H
f154-7	7	m		t	H
f154-7	8	M		f	H
f154-7	9	a		a	H
f154-7	10	B		i|y	M
f154-7	11	L		r	H
f154-7	12	t		e	H
f154-7	13	X		a	H
f154-7	14	a		a	H
f154-7	15	.v.		n	H
f154-7	16	14		que	H
f154-7	17	L		r	H
f154-7	18	7		o	H
f154-7	19	g		u	H
f154-7	20	ff		n|o	M
f154-7	21	t		e	H
f154-7	22	L		r	H
f154-7	23	Ze		t	H
f154-7	24	x		e	H
f154-7	25	J		s	H
f154-7	26	Ze		t	H
f154-7	27	f		c|u	M
f154-7	28	a		a	H
f154-7	29	E		i|y	M
f154-7	30	w-		d	H
f154-7	31	t		e	H
f154-7	32	a		a	H
f154-7	33	w-		d	H
f154-7	34	g		u	H
f154-7	35	t		e	H
f154-7	36	.v.		n	H
f154-7	37	o		i	H
f154-7	38	e		r	H
f154-8	1	g		u	H
f154-8	2	.v.		n	H
f154-8	3	t		e	H
f154-8	4	q		u	H
f154-8	5	t		e	H
f154-8	6	w-		d	H
f154-8	7	o		i	H
f154-8	8	Ze		t	H
f154-8	9	B		i|y	M
f154-8	10	7		o	H
f154-8	11	6		i|n|s	M
f154-8	12	a		a	H
f154-8	13	A		l	H
f154-8	14	t		e	H
f154-8	15	J		s	H
f154-8	16	c		p	H
f154-8	17	x		e	H
f154-8	18	B		i|y	M
f154-8	19	8		g	H
f154-8	20	.v.		n	H
f154-8	21	7		o	H
f154-8	22	he		l	H
f154-8	23	t		e	H
f154-8	24	c		p	H
f154-8	25	a		a	H
f154-8	26	L		r	H
f154-8	27	a		a	H
f154-8	28	E		i|y	M
f154-8	29	x		e	H
f154-8	30	g		u	H
f154-8	31	x		e	H
f154-8	32	a		a	H
f154-8	33	g		u	H
f154-8	34	x		e	H
f154-8	35	f		c|u	M
f154-8	36	w-		d	H
f154-8	37	h		e	H
f154-8	38	J		s	H
f154-8	39	n		l	H
f154-8	40	a		a	H
f154-9	1	6		i|n|s	M
f154-9	2	8		g	H
f154-9	3	a		a	H
f154-9	4	o		i	H
f154-9	5	x		e	H
f154-9	6	t		e	H
f154-9	7	q		u	H
f154-9	8	x		e	H
f154-9	9	m		t	H
f154-9	10	w-		d	H
f154-9	11	h		e	H
f154-9	12	J		s	H
f154-9	13	B		i|y	M
f154-9	14	f		c|u	M
f154-9	15	x		e	H
f154-9	16	g		u	H
f154-9	17	t		e	H
f154-9	18	L		r	H
f154-9	19	h		e	H
f154-9	20	star		?	U
f154-9	21	.v.		n	H
f154-9	22	f		c|u	M
f154-9	23	t		e	H
f154-9	24	q		u	H
f154-9	25	J		s	H
f154-9	26	o		i	H
f154-9	27	x		e	H
f154-9	28	q		u	H
f154-9	29	Ze		t	H
f154-9	30	L		r	H
f154-9	31	a		a	H
f154-9	32	.v.		n	H
f154-9	33	x		e	H
f154-9	34	x		e	H
f154-9	35	d		s	H
f154-9	36	13		qui	H
f154-9	37	n		l	H
f154-9	38	.v.		n	H
f154-9	39	x		e	H
f154-9	40	J		s	H
f154-9	41	Ze		t	H
f154-10	1	f		c|u	M
f154-10	2	7		o	H
f154-10	3	yy		ss|s	M
f154-10	4	o		i	H
f154-10	5	lam		b	H
f154-10	6	n		l	H
f154-10	7	t		e	H
f154-10	8	w-		d	H
f154-10	9	h		e	H
f154-10	10	c		p	H
f154-10	11	n		l	H
f154-10	12	s		u	H
f154-10	13	a		a	H
f154-10	14	L		r	H
f154-10	15	J		s	H
f154-10	16	L		r	H
f154-10	17	g		u	H
f154-10	18	J		s	H
f154-10	19	14		que	H
f154-10	20	d		s	H
f154-10	21	a		a	H
f154-10	22	g		u	H
f154-10	23	7		o	H
f154-10	24	s		u	H
f154-10	25	n		l	H
f154-10	26	7		o	H
f154-10	27	o		i	H
f154-10	28	L		r	H
f154-10	29	f		c|u	M
f154-10	30	a		a	H
f154-10	31	lam		b	H
f154-10	32	a		a	H
f154-10	33	.v.		n	H
f154-10	34	w-		d	H
f154-10	35	7		o	H
f154-10	36	B		i|y	M
f154-10	37	x		e	H
f154-10	38	e		r	H
f154-10	39	n		l	H
f154-10	40	t		e	H
f154-10	41	q		u	H
f154-10	42	8		g	H
f154-10	43	a		a	H
f154-11	1	L		r	H
f154-11	2	w-		d	H
f154-11	3	h		e	H
f154-11	4	d		s	H
f154-11	5	x		e	H
f154-11	6	m		t	H
f154-11	7	a		a	H
f154-11	8	h		e	H
f154-11	9	.v.		n	H
f154-11	10	a		a	H
f154-11	11	yy		ss|s	M
f154-11	12	t		e	H
f154-11	13	L		r	H
f154-11	14	w-		d	H
f154-11	15	h		e	H
f154-11	16	c		p	H
f154-11	17	n		l	H
f154-11	18	o		i	H
f154-11	19	x		e	H
f154-11	20	L		r	H
f154-11	21	n		l	H
f154-11	22	t		e	H
f154-11	23	d		s	H
f154-11	24	x		e	H
f154-11	25	6		i|n|s	M
f154-11	26	J		s	H
f154-11	27	t		e	H
f154-11	28	o		i	H
f154-11	29	x		e	H
f154-11	30	.v.		n	H
f154-11	31	h		e	H
f154-11	32	q		u	H
f154-11	33	w-		d	H
f154-11	34	7		o	H
f154-11	35	.v.		n	H
f154-11	36	Ze		t	H
f154-11	37	88		?	U
f154-11	38	x		e	H
f154-12	1	J		s	H
f154-12	2	Ze		t	H
f154-12	3	t		e	H
f154-12	4	ff		n|o	M
f154-12	5	.v.		n	H
f154-12	6	t		e	H
f154-12	7	m		t	H
f154-12	8	t		e	H
f154-12	9	he		l	H
f154-12	10	h		e	H
f154-12	11	f		c|u	M
f154-12	12	x		e	H
f154-12	13	o		i	H
f154-12	14	.v.		n	H
f154-12	15	8		g	H
f154-12	16	14		que	H
f154-12	17	E		i|y	M
f154-12	18	t		e	H
f154-12	19	26		uous	H
f154-12	20	a		a	H
f154-12	21	ff		n|o	M
f154-12	22	x		e	H
f154-12	23	g		u	H
f154-12	24	L		r	H
f154-12	25	t		e	H
f154-12	26	13		qui	H
f154-12	27	n		l	H
f154-12	28	x		e	H
f154-12	29	ff		n|o	M
f154-12	30	x		e	H
f154-12	31	J		s	H
f154-12	32	Ze		t	H
f154-12	33	c		p	H
f154-12	34	o		i	H
f154-12	35	Ze		t	H
f154-13	1	o		i	H
f154-13	2	a		a	H
f154-13	3	lam		b	H
f154-13	4	n		l	H
f154-13	5	t		e	H
f154-13	6	h		e	H
f154-13	7	q		u	H
f154-13	8	Ze		t	H
f154-13	9	a		a	H
f154-13	10	.v.		n	H
f154-13	11	m		t	H
f154-13	12	x		e	H
f154-13	13	6		i|n|s	M
f154-13	14	c		p	H
f154-13	15	x		e	H
f154-13	16	L		r	H
f154-13	17	f		c|u	M
f154-13	18	t		e	H
f154-13	19	Ze		t	H
f154-13	20	s		u	H
f154-13	21	x		e	H
f154-13	22	he		l	H
f154-13	23	t		e	H
f154-13	24	a		a	H
f154-13	25	Ze		t	H
f154-13	26	e		r	H
f154-13	27	t		e	H
f154-13	28	f		c|u	M
f154-13	29	x		e	H
f154-13	30	.v.		n	H
f154-13	31	J		s	H
f154-13	32	o		i	H
f154-13	33	7		o	H
f154-13	34	.v.		n	H
f154-13	35	w-		d	H
f154-13	36	h		e	H
f154-13	37	g		u	H
f154-13	38	x		e	H
f154-13	39	7		o	H
f154-13	40	o		i	H
f154-13	41	L		r	H
f154-14	1	a		a	H
f154-14	2	Ze		t	H
f154-14	3	o		i	H
f154-14	4	g		u	H
f154-14	5	t		e	H
f154-14	6	e		r	H
f154-14	7	14		que	H
f154-14	8	n		l	H
f154-14	9	14		que	H
f154-14	10	8		g	H
f154-14	11	L		r	H
f154-14	12	a		a	H
f154-14	13	.v.		n	H
f154-14	14	w-		d	H
f154-14	15	J		s	H
f154-14	16	f		c|u	M
f154-14	17	a		a	H
f154-14	18	.v.		n	H
f154-14	19	w-		d	H
f154-14	20	X		a	H
f154-14	21	A		l	H
f154-14	22	t		e	H
f154-14	23	x		e	H
f154-14	24	6		i|n|s	M
f154-14	25	f		c|u	M
f154-14	26	x		e	H
f154-14	27	J		s	H
f154-14	28	Ze		t	H
f154-14	29	t		e	H
f154-14	30	a		a	H
f154-14	31	L		r	H
f154-14	32	4+		m	H
f154-14	33	33		?	U
f154-14	34	x		e	H
f154-14	35	Ze		t	H
f154-14	36	.v.		n	H
f154-15	1	x		e	H
f154-15	2	B		i|y	M
f154-15	3	a		a	H
f154-15	4	.v.		n	H
f154-15	5	Ze		t	H
f154-15	6	a		a	H
f154-15	7	g		u	H
f154-15	8	f		c|u	M
f154-15	9	g		u	H
f154-15	10	.v.		n	H
f154-15	11	a		a	H
f154-15	12	7		o	H
f154-15	13	E		i|y	M
f154-15	14	x		e	H
f154-15	15	6		i|n|s	M
f154-15	16	w-		d	H
f154-15	17	t		e	H
f154-15	18	6		i|n|s	M
f154-15	19	7		o	H
f154-15	20	J		s	H
f154-15	21	m		t	H
f154-15	22	t		e	H
f154-15	23	e		r	H
f154-15	24	q		u	H
f154-15	25	o		i	H
f154-15	26	c		p	H
f154-15	27	L		r	H
f154-15	28	7		o	H
f154-15	29	a		a	H
f154-15	30	c		p	H
f154-15	31	Ze		t	H
f154-15	32	t		e	H
f154-15	33	4		?	U
f154-15	34	h		e	H
f154-15	35	.v.		n	H
f154-15	36	m		t	H
f154-15	37	n		l	H
f154-15	38	7		o	H
f154-15	39	4+		m	H
f154-15	40	a		a	H
f154-16	1	J		s	H
f154-16	2	B		i|y	M
f154-16	3	7		o	H
f154-16	4	.v.		n	H
f154-16	5	h		e	H
f154-16	6	E		i|y	M
f154-16	7	35		parceque	H
f154-16	8	f		c|u	M
f154-16	9	x		e	H
f154-16	10	g		u	H
f154-16	11	x		e	H
f154-16	12	13		qui	H
f154-16	13	25		nous	H
f154-16	14	a		a	H
f154-16	15	s		u	H
f154-16	16	7		o	H
f154-16	17	o		i	H
f154-16	18	x		e	H
f154-16	19	o		i	H
f154-16	20	Ze		t	H
f154-16	21	c		p	H
f154-16	22	L		r	H
f154-16	23	7		o	H
f154-16	24	a		a	H
f154-16	25	B		i|y	M
f154-16	26	d		s	H
f154-16	27	w-		d	H
f154-16	28	h		e	H
f154-16	29	25		nous	H
f154-16	30	c		p	H
f154-16	31	L		r	H
f154-16	32	x		e	H
f154-16	33	J		s	H
f154-16	34	Ze		t	H
f154-16	35	t		e	H
f154-16	36	e		r	H
f154-16	37	o		i	H
f154-16	38	8		g	H
f154-17	1	w-		d	H
f154-17	2	n		l	H
f154-17	3	s		u	H
f154-17	4	q		u	H
f154-17	5	D		a	H
f154-17	6	L		r	H
f154-17	7	x		e	H
f154-17	8	.v.		n	H
f154-17	9	w-		d	H
f154-17	10	L		r	H
f154-17	11	t		e	H
f154-17	12	a		a	H
f154-17	13	c		p	H
f154-17	14	a		a	H
f154-17	15	L		r	H
f154-17	16	o		i	H
f154-17	17	q		u	H
f154-17	18	n		l	H
f154-17	19	7		o	H
f154-17	20	L		r	H
f154-17	21	q		u	H
f154-17	22	14		que	H
f154-17	23	25		nous	H
f154-17	24	B		i|y	M
f154-17	25	a		a	H
f154-17	26	g		u	H
f154-17	27	ff		n|o	M
f154-17	28	.v.		n	H
f154-17	29	q		u	H
f154-17	30	x		e	H
f154-17	31	ff		n|o	M
f154-17	32	g		u	H
f154-17	33	7		o	H
f154-17	34	E		i|y	M
f154-17	35	t		e	H
f154-17	36	n		l	H
f154-17	37	t		e	H
f154-18	1	J		s	H
f154-18	2	7		o	H
f154-18	3	X		a	H
f154-18	4	o		i	H
f154-18	5	q		u	H
f154-18	6	w-		d	H
f154-18	7	q		u	H
f154-18	8	m		t	H
f154-18	9	L		r	H
f154-18	10	x		e	H
f154-18	11	J		s	H
f154-18	12	7		o	H
f154-18	13	L		r	H
f154-18	14	o		i	H
f154-18	15	x		e	H
f154-18	16	e		r	H
f154-18	17	a		a	H
f154-18	18	g		u	H
f154-18	19	x		e	H
f154-18	20	f		c|u	M
f154-18	21	ff		n|o	M
f154-18	22	7		o	H
f154-18	23	J		s	H
f154-18	24	ff		n|o	M
f154-18	25	lam		b	H
f154-18	26	n		l	H
f154-18	27	o		i	H
f154-18	28	8		g	H
f154-18	29	a		a	H
f154-18	30	Ze		t	H
f154-18	31	o		i	H
f154-18	32	7		o	H
f154-18	33	.v.		n	H
f154-18	34	q		u	H
f154-18	35	x		e	H
f154-18	36	m		t	H
f154-18	37	c		p	H
f154-19	1	J		s	H
f154-19	2	a		a	H
f154-19	3	x		e	H
f154-19	4	yy		ss|s	M
f154-19	5	x		e	H
f154-19	6	q		u	H
f154-19	7	12		il	H
f154-19	8	n		l	H
f154-19	9	J		s	H
f154-19	10	7		o	H
f154-19	11	.v.		n	H
f154-19	12	Ze		t	H
f154-19	13	M		f	H
f154-19	14	a		a	H
f154-19	15	o		i	H
f154-19	16	f		c|u	M
f154-19	17	m		t	H
f154-19	18	w-		d	H
f154-19	19	h		e	H
f154-19	20	.v.		n	H
f154-19	21	x		e	H
f154-19	22	7		o	H
f154-19	23	J		s	H
f154-19	24	t		e	H
f154-19	25	he		l	H
f154-19	26	t		e	H
f154-19	27	q		u	H
f154-19	28	w-		d	H
f154-19	29	o		i	H
f154-19	30	d		s	H
f154-19	31	d		s	H
f154-19	32	B		i|y	M
f154-19	33	f		c|u	M
f154-19	34	g		u	H
f154-19	35	n		l	H
f154-19	36	Ze		t	H
f154-19	37	t		e	H
f154-20	1	x		e	H
f154-20	2	m		t	H
f154-20	3	c		p	H
f154-20	4	L		r	H
f154-20	5	7		o	H
f154-20	6	Ze		t	H
f154-20	7	t		e	H
f154-20	8	J		s	H
f154-20	9	m		t	H
f154-20	10	t		e	H
f154-20	11	13		qui	H
f154-20	12	n		l	H
f154-20	13	J		s	H
f154-20	14	.v.		n	H
f154-20	15	h		e	H
f154-20	16	f		c|u	M
f154-20	17	L		r	H
f154-20	18	x		e	H
f154-20	19	q		u	H
f154-20	20	Ze		t	H
f154-20	21	t		e	H
f154-20	22	L		r	H
f154-20	23	7		o	H
f154-20	24	o		i	H
f154-20	25	x		e	H
f154-20	26	.v.		n	H
f154-20	27	Ze		t	H
f154-20	28	51		pas	H
f154-20	29	q		u	H
f154-20	30	.v.		n	H
f154-20	31	x		e	H
f154-20	32	J		s	H
f154-20	33	f		c|u	M
f154-20	34	g		u	H
f154-21	1	14		que	H
f154-21	2	E		i|y	M
f154-21	3	t		e	H
f154-21	4	.v.		n	H
f154-21	5	h		e	H
f154-21	6	a		a	H
f154-21	7	E		i|y	M
f154-21	8	f		c|u	M
f154-21	9	lam		b	H
f154-21	10	n		l	H
f154-21	11	o		i	H
f154-21	12	8		g	H
f154-21	13	t		e	H
f154-21	14	a		a	H
f154-21	15	ff		n|o	M
f154-21	16	t		e	H
f154-21	17	d		s	H
f154-21	18	x		e	H
f154-21	19	g		u	H
f154-21	20	n		l	H
f154-21	21	x		e	H
f154-21	22	.v.		n	H
f154-21	23	a		a	H
f154-21	24	7		o	H
f154-21	25	ff		n|o	M
f154-21	26	c		p	H
f154-21	27	L		r	H
f154-21	28	o		i	H
f154-21	29	g		u	H
f154-21	30	t		e	H
f154-21	31	.v.		n	H
f154-21	32	7		o	H
f154-21	33	a		a	H
f154-21	34	x		e	H
f154-21	35	m		t	H
f154-21	36	14		que	H
f154-22	1	B		i|y	M
f154-22	2	h		e	H
f154-22	3	.v.		n	H
f154-22	4	8		g	H
f154-22	5	q		u	H
f154-22	6	E		i|y	M
f154-22	7	.v.		n	H
f154-22	8	J		s	H
f154-22	9	t		e	H
f154-22	10	n		l	H
f154-22	11	t		e	H
f154-22	12	g		u	H
f154-22	13	L		r	H
f154-22	14	c		p	H
f154-22	15	L		r	H
f154-22	16	7		o	H
f154-22	17	a		a	H
f154-22	18	x		e	H
f154-22	19	ff		n|o	M
f154-22	20	e		r	H
f154-22	21	h		e	H
f154-22	22	w-		d	H
f154-22	23	B		i|y	M
f154-22	24	lam		b	H
f154-22	25	7		o	H
f154-22	26	s		u	H
f154-22	27	o		i	H
f154-22	28	f		c|u	M
f154-22	29	t		e	H
f154-22	30	14		que	H
f154-22	31	n		l	H
f154-22	32	x		e	H
f154-22	33	g		u	H
f154-22	34	4+		m	H
f154-22	35	5		?	U
f154-23	1	A		l	H
f154-23	2	t		e	H
f154-23	3	g		u	H
f154-23	4	e		r	H
f154-23	5	J		s	H
f154-23	6	t		e	H
f154-23	7	L		r	H
f154-23	8	7		o	H
f154-23	9	o		i	H
f154-23	10	Ze		t	H
f154-23	11	e		r	H
f154-23	12	x		e	H
f154-23	13	.v.		n	H
f154-23	14	w-		d	H
f154-23	15	g		u	H
f154-23	16	cent		a	H
f154-23	17	R		p	H
f154-23	18	a		a	H
f154-23	19	L		r	H
f154-23	20	B		i|y	M
f154-23	21	q		u	H
f154-23	22	a		a	H
f154-23	23	n		l	H
f154-23	24	t		e	H
f154-23	25	ff		n|o	M
f154-23	26	e		r	H
f154-23	27	t		e	H
f154-23	28	g		u	H
f154-23	29	x		e	H
f154-23	30	s		u	H
f154-23	31	h		e	H
f154-23	32	w-		d	H
f154-23	33	h		e	H
f154-23	34	J		s	H
f154-23	35	7		o	H
f154-23	36	L		r	H
f154-23	37	n		l	H
f154-24	1	h		e	H
f154-24	2	13		qui	H
f154-24	3	n		l	H
f154-24	4	x		e	H
f154-24	5	J		s	H
f154-24	6	Ze		t	H
f154-24	7	M		f	H
f154-24	8	7		o	H
f154-24	9	L		r	H
f154-24	10	f		c|u	M
f154-24	11	t		e	H
f154-24	12	14		que	H
f154-24	13	E		i|y	M
f154-24	14	t		e	H
f154-24	15	J		s	H
f154-24	16	7		o	H
f154-24	17	o		i	H
f154-24	18	q		u	H
f154-24	19	E		i|y	M
f154-24	20	f		c|u	M
f154-24	21	B		i|y	M
f154-24	22	L		r	H
f154-24	23	t		e	H
f154-24	24	Ze		t	H
f154-24	25	8		g	H
f154-24	26	.v.		n	H
f154-24	27	s		u	H
f154-24	28	c		p	H
f154-24	29	7		o	H
f154-24	30	g		u	H
f154-24	31	L		r	H
f154-24	32	f		c|u	M
f154-24	33	x		e	H
f154-24	34	J		s	H
f154-24	35	Ze		t	H
f154-24	36	t		e	H
f154-25	1	7		o	H
f154-25	2	4+		m	H
f154-25	3	a		a	H
f154-25	4	q		u	H
f154-25	5	o		i	H
f154-25	6	7		o	H
f154-25	7	.v.		n	H
f154-25	8	w-		d	H
f154-25	9	7		o	H
f154-25	10	.v.		n	H
f154-25	11	Ze		t	H
f154-25	12	E		i|y	M
f154-25	13	t		e	H
f154-25	14	g		u	H
f154-25	15	x		e	H
f154-25	16	ff		n|o	M
f154-25	17	B		i|y	M
f154-25	18	4+		m	H
f154-25	19	o		i	H
f154-25	20	14		que	H
f154-25	21	B		i|y	M
f154-25	22	x		e	H
f154-25	23	.v.		n	H
f154-25	24	h		e	H
f154-25	25	J		s	H
f154-25	26	7		o	H
f154-25	27	L		r	H
f154-25	28	Ze		t	H
f154-25	29	o		i	H
f154-25	30	L		r	H
f154-25	31	a		a	H
f154-25	32	B		i|y	M
f154-25	33	14		que	H
f154-25	34	E		i|y	M
f154-25	35	h		e	H
f154-25	36	.v.		n	H
f154-25	37	o		i	H
f154-26	1	J		s	H
f154-26	2	7		o	H
f154-26	3	o		i	H
f154-26	4	q		u	H
f154-26	5	7		o	H
f154-26	6	lam		b	H
f154-26	7	n		l	H
f154-26	8	o		i	H
f154-26	9	8		g	H
f154-26	10	t		e	H
f154-26	11	t		e	H
f154-26	12	ff		n|o	M
f154-26	13	g		u	H
f154-26	14	L		r	H
f154-26	15	f		c|u	M
f154-26	16	n		l	H
f154-26	17	g		u	H
f154-26	18	J		s	H
f154-26	19	w-		d	H
f154-26	20	h		e	H
f154-26	21	w		?	U
f154-26	22	s		u	H
f154-26	23	a		a	H
f154-26	24	L		r	H
f154-26	25	X		a	H
f154-26	26	.v.		n	H
f154-26	27	Ze		t	H
f154-26	28	t		e	H
f154-26	29	104		?	U
f154-26	30	x		e	H
f154-26	31	J		s	H
f154-26	32	f		c|u	M
f154-26	33	s		u	H
f154-26	34	J		s	H
f154-26	35	x		e	H
f154-26	36	.v.		n	H
f154-27	1	a		a	H
f154-27	2	7		o	H
f154-27	3	ff		n|o	M
f154-27	4	c		p	H
f154-27	5	L		r	H
f154-27	6	o		i	H
f154-27	7	g		u	H
f154-27	8	t		e	H
f154-27	9	.v.		n	H
f154-27	10	7		o	H
f154-27	11	a		a	H
f154-27	12	13		qui	H
f154-27	13	J		s	H
f154-27	14	x		e	H
f154-27	15	L		r	H
f154-27	16	a		a	H
f154-27	17	e		r	H
f154-27	18	h		e	H
f154-27	19	a		a	H
f154-27	20	X		a	H
f154-27	21	L		r	H
f154-27	22	14		que	H
f154-27	23	c		p	H
f154-27	24	7		o	H
f154-27	25	g		u	H
f154-27	26	e		r	H
f154-27	27	q		u	H
f154-27	28	.v.		n	H
f154-27	29	h		e	H
f154-27	30	J		s	H
f154-27	31	o		i	H
f154-27	32	8		g	H
f154-27	33	.v.		n	H
f154-27	34	a		a	H
f154-27	35	he		l	H
f154-27	36	t		e	H
f154-28	1	M		f	H
f154-28	2	7		o	H
f154-28	3	n		l	H
f154-28	4	E		i|y	M
f154-28	5	t		e	H
f154-28	6	13		qui	H
f154-28	7	f		c|u	M
f154-28	8	7		o	H
f154-28	9	.v.		n	H
f154-28	10	J		s	H
f154-28	11	o		i	H
f154-28	12	w-		d	H
f154-28	13	t		e	H
f154-28	14	L		r	H
f154-28	15	h		e	H
f154-28	16	e		r	H
f154-28	17	x		e	H
f154-28	18	n		l	H
f154-28	19	t		e	H
f154-28	20	Ze		t	H
f154-28	21	x		e	H
f154-28	22	4+		m	H
f154-28	23	c		p	H
f154-28	24	J		s	H
f154-28	25	7		o	H
f154-28	26	s		u	H
f154-28	27	25		nous	H
f154-28	28	a		a	H
f154-28	29	7		o	H
f154-28	30	X		a	H
f154-28	31	t		e	H
f154-28	32	e		r	H
f154-28	33	13		qui	H
f154-28	34	62		?	U
f173-1	1	T=		m|mm	M
f173-1	2	b-		e|u	M
f173-1	3	44		?	U
f173-1	4	w-		d	H
f173-1	5	h		e	H
f173-1	6	A		l	H
f173-1	7	x		e	H
f173-1	8	x		e	H
f173-1	9	Ze		t	H
f173-1	10	L		r	H
f173-1	11	t		e	H
f173-1	12	a		a	H
f173-1	13	B		i|y	M
f173-1	14	.v.		n	H
f173-1	15	x		e	H
f173-1	16	f		c|u	M
f173-1	17	t		e	H
f173-1	18	J		s	H
f173-1	19	J		s	H
f173-1	20	o		i	H
f173-1	21	m		t	H
f173-1	22	h		e	H
f173-1	23	8		g	H
f173-1	24	.v.		n	H
f173-1	25	n		l	H
f173-1	26	a		a	H
f173-2	1	he		l	H
f173-2	2	t		e	H
f173-2	3	12		il	H
f173-2	4	d		s	H
f173-2	5	t		e	H
f173-2	6	L		r	H
f173-2	7	B		i|y	M
f173-2	8	Ze		t	H
f173-2	9	t		e	H
f173-2	10	q		u	H
f173-2	11	J		s	H
f173-2	12	t		e	H
f173-2	13	J		s	H
f173-2	14	x		e	H
f173-2	15	g		u	H
f173-2	16	7		o	H
f173-2	17	o		i	H
f173-2	18	a		a	H
f173-2	19	.v.		n	H
f173-2	20	m		t	H
f173-2	21	M		f	H
f173-2	22	L		r	H
f173-2	23	s		u	H
f173-2	24	J		s	H
f173-2	25	Ze		t	H
f173-2	26	e		r	H
f173-2	27	t		e	H
f173-2	28	w-		d	H
f173-2	29	h		e	H
f173-2	30	n		l	H
f173-2	31	a		a	H
f173-2	32	q		u	H
f173-2	33	t		e	H
f173-2	34	.v.		n	H
f173-2	35	s		u	H
f173-2	36	B		i|y	M
f173-3	1	w-		d	H
f173-3	2	B		i|y	M
f173-3	3	Ze		t	H
f173-3	4	L		r	H
f173-3	5	7		o	H
f173-3	6	o		i	H
f173-3	7	J		s	H
f173-3	8	B		i|y	M
f173-3	9	x		e	H
f173-3	10	q		u	H
f173-3	11	4+		m	H
f173-3	12	t		e	H
f173-3	13	4+		m	H
f173-3	14	7		o	H
f173-3	15	o		i	H
f173-3	16	q		u	H
f173-3	17	13		qui	H
f173-3	18	n		l	H
f173-3	19	E		i|y	M
f173-3	20	a		a	H
f173-3	21	c		p	H
f173-3	22	n		l	H
f173-3	23	g		u	H
f173-3	24	d		s	H
f173-3	25	w-		d	H
f173-3	26	B		i|y	M
f173-3	27	J		s	H
f173-3	28	o		i	H
f173-3	29	x		e	H
f173-3	30	J		s	H
f173-3	31	x		e	H
f173-3	32	c		p	H
f173-3	33	a		a	H
f173-3	34	D		a	H
f173-3	35	o		i	H
f173-3	36	.v.		n	H
f173-3	37	t		e	H
f173-4	1	13		qui	H
f173-4	2	n		l	H
f173-4	3	x		e	H
f173-4	4	q		u	H
f173-4	5	Ze		t	H
f173-4	6	o		i	H
f173-4	7	a		a	H
f173-4	8	7		o	H
f173-4	9	o		i	H
f173-4	10	m		t	H
f173-4	11	x		e	H
f173-4	12	q		u	H
f173-4	13	m		t	H
f173-4	14	e		r	H
f173-4	15	t		e	H
f173-4	16	c		p	H
f173-4	17	a		a	H
f173-4	18	e		r	H
f173-4	19	n		l	H
f173-4	20	x		e	H
f173-4	21	d		s	H
f173-4	22	f		c|u	M
f173-4	23	f		c|u	M
f173-4	24	x		e	H
f173-4	25	a		a	H
f173-4	26	B		i|y	M
f173-4	27	.v.		n	H
f173-4	28	d		s	H
f173-4	29	x		e	H
f173-4	30	m		t	H
f173-4	31	.v.		n	H
f173-4	32	a		a	H
f173-4	33	E		i|y	M
f173-4	34	D		a	H
f173-4	35	6		i|n|s	M
f173-4	36	m		t	H
f173-5	1	x		e	H
f173-5	2	g		u	H
f173-5	3	f		c|u	M
f173-5	4	g		u	H
f173-5	5	.v.		n	H
f173-5	6	a		a	H
f173-5	7	7		o	H
f173-5	8	E		i|y	M
f173-5	9	x		e	H
f173-5	10	.v.		n	H
f173-5	11	oo		d	H
f173-5	12	h		e	H
f173-5	13	M		f	H
f173-5	14	a		a	H
f173-5	15	3		e	H
f173-5	16	e		r	H
f173-5	17	h		e	H
f173-5	18	f		c|u	M
f173-5	19	a		a	H
f173-5	20	E		i|y	M
f173-5	21	x		e	H
f173-5	22	e		r	H
f173-5	23	n		l	H
f173-5	24	t		e	H
f173-5	25	d		s	H
f173-5	26	x		e	H
f173-5	27	h		e	H
f173-5	28	.v.		n	H
f173-5	29	ff		n|o	M
f173-5	30	w-		d	H
f173-5	31	h		e	H
f173-5	32	y		?	U
f173-5	33	g		u	H
f173-5	34	x		e	H
f173-5	35	Ze		t	H
f173-6	1	w-		d	H
f173-6	2	B		i|y	M
f173-6	3	q		u	H
f173-6	4	w-		d	H
f173-6	5	h		e	H
f173-6	6	s		u	H
f173-6	7	x		e	H
f173-6	8	a		a	H
f173-6	9	7		o	H
f173-6	10	.v.		n	H
f173-6	11	J		s	H
f173-6	12	Ze		t	H
f173-6	13	e		r	H
f173-6	14	t		e	H
f173-6	15	q		u	H
f173-6	16	13		qui	H
f173-6	17	n		l	H
f173-6	18	a		a	H
f173-6	19	x		e	H
f173-6	20	J		s	H
f173-6	21	Ze		t	H
f173-6	22	t		e	H
f173-6	23	f		c|u	M
f173-6	24	7		o	H
f173-6	25	.v.		n	H
f173-6	26	m		t	H
f173-6	27	e		r	H
f173-6	28	a		a	H
f173-6	29	3		e	H
f173-6	30	.v.		n	H
f173-6	31	Ze		t	H
f173-6	32	w-		d	H
f173-6	33	h		e	H
f173-6	34	n		l	H
f173-7	1	s		u	H
f173-7	2	e		r	H
f173-7	3	M		f	H
f173-7	4	a		a	H
f173-7	5	o		i	H
f173-7	6	L		r	H
f173-7	7	t		e	H
f173-7	8	M		f	H
f173-7	9	x		e	H
f173-7	10	B		i|y	M
f173-7	11	T=		m|mm	M
f173-7	12	h		e	H
f173-7	13	w-		d	H
f173-7	14	7		o	H
f173-7	15	.v.		n	H
f173-7	16	Ze		t	H
f173-7	17	12		il	H
f173-7	18	x		e	H
f173-7	19	J		s	H
f173-7	20	x		e	H
f173-7	21	J		s	H
f173-7	22	m		t	H
f173-7	23	E		i|y	M
f173-7	24	a		a	H
f173-7	25	c		p	H
f173-7	26	7		o	H
f173-7	27	L		r	H
f173-7	28	m		t	H
f173-7	29	g		u	H
f173-7	30	.v.		n	H
f173-7	31	t		e	H
f173-7	32	a		a	H
f173-7	33	s		u	H
f173-7	34	h		e	H
f173-8	1	q		u	H
f173-8	2	L		r	H
f173-8	3	o		i	H
f173-8	4	x		e	H
f173-8	5	s		u	H
f173-8	6	x		e	H
f173-8	7	q		u	H
f173-8	8	e		r	H
f173-8	9	d		s	H
f173-8	10	x		e	H
f173-8	11	Ze		t	H
f173-8	12	E		i|y	M
f173-8	13	Ze		t	H
f173-8	14	t		e	H
f173-8	15	s		u	H
f173-8	16	B		i|y	M
f173-8	17	e		r	H
f173-8	18	x		e	H
f173-8	19	6		i|n|s	M
f173-8	20	f		c|u	M
f173-8	21	f		c|u	M
f173-8	22	x		e	H
f173-8	23	d		s	H
f173-8	24	E		i|y	M
f173-8	25	.v.		n	H
f173-8	26	a		a	H
f173-8	27	4+		m	H
f173-8	28	7		o	H
f173-8	29	s		u	H
f173-8	30	J		s	H
f173-8	31	Ze		t	H
f173-8	32	g		u	H
f173-8	33	a		a	H
f173-8	34	35		parceque	H
f173-8	35	d		s	H
f173-8	36	a		a	H
f173-9	1	15		?	U
f173-9	2	12		il	H
f173-9	3	.v.		n	H
f173-9	4	a		a	H
f173-9	5	Ze		t	H
f173-9	6	L		r	H
f173-9	7	7		o	H
f173-9	8	J		s	H
f173-9	9	t		e	H
f173-9	10	D		a	H
f173-9	11	g		u	H
f173-9	12	m		t	H
f173-9	13	e		r	H
f173-9	14	t		e	H
f173-9	15	T=		m|mm	M
f173-9	16	h		e	H
f173-9	17	a		a	H
f173-9	18	8		g	H
f173-9	19	w-		d	H
f173-9	20	t		e	H
f173-9	21	14		que	H
f173-9	22	w-		d	H
f173-9	23	8		g	H
f173-9	24	a		a	H
f173-9	25	t		e	H
f173-9	26	L		r	H
f173-9	27	x		e	H
f173-9	28	.v.		n	H
f173-9	29	g		u	H
f173-9	30	7		o	H
f173-9	31	o		i	H
f173-9	32	x		e	H
f173-9	33	e		r	H
f173-9	34	E		i|y	M
f173-10	1	B		i|y	M
f173-10	2	c		p	H
f173-10	3	7		o	H
f173-10	4	s		u	H
f173-10	5	e		r	H
f173-10	6	n		l	H
f173-10	7	a		a	H
f173-10	8	J		s	H
f173-10	9	t		e	H
f173-10	10	f		c|u	M
f173-10	11	7		o	H
f173-10	12	.v.		n	H
f173-10	13	w-		d	H
f173-10	14	h		e	H
f173-10	15	M		f	H
f173-10	16	7		o	H
f173-10	17	o		i	H
f173-10	18	q		u	H
f173-10	19	m		t	H
f173-10	20	a		a	H
f173-10	21	.v.		n	H
f173-10	22	Ze		t	H
f173-10	23	g		u	H
f173-10	24	7		o	H
f173-10	25	g		u	H
f173-10	26	e		r	H
f173-10	27	f		c|u	M
f173-10	28	e		r	H
f173-10	29	o		i	H
f173-10	30	x		e	H
f173-10	31	T=		m|mm	M
f173-10	32	a		a	H
f173-10	33	t		e	H
f173-10	34	g		u	H
f173-10	35	x		e	H
f173-11	1	w-		d	H
f173-11	2	s		u	H
f173-11	3	J		s	H
f173-11	4	7		o	H
f173-11	5	e		r	H
f173-11	6	c		p	H
f173-11	7	d		s	H
f173-11	8	w-		d	H
f173-11	9	h		e	H
f173-11	10	f		c|u	M
f173-11	11	t		e	H
f173-11	12	d		s	H
f173-11	13	Ze		t	H
f173-11	14	t		e	H
f173-11	15	g		u	H
f173-11	16	o		i	H
f173-11	17	he		l	H
f173-11	18	t		e	H
f173-11	19	w-		d	H
f173-11	20	B		i|y	M
f173-11	21	e		r	H
f173-11	22	h		e	H
f173-11	23	q		u	H
f173-11	24	4+		m	H
f173-11	25	s		u	H
f173-11	26	he		l	H
f173-11	27	7		o	H
f173-11	28	o		i	H
f173-11	29	e		r	H
f173-11	30	J		s	H
f173-11	31	h		e	H
f173-11	32	4+		m	H
f173-11	33	7		o	H
f173-12	1	e		r	H
f173-12	2	B		i|y	M
f173-12	3	T=		m|mm	M
f173-12	4	x		e	H
f173-12	5	.v.		n	H
f173-12	6	f		c|u	M
f173-12	7	x		e	H
f173-12	8	J		s	H
f173-12	9	Ze		t	H
f173-12	10	a		a	H
f173-12	11	BOX		?	U
f173-12	12	x		e	H
f173-12	13	o		i	H
f173-12	14	e		r	H
f173-12	15	t		e	H
f173-12	16	14		que	H
f173-12	17	f		c|u	M
f173-12	18	7		o	H
f173-12	19	g		u	H
f173-12	20	e		r	H
f173-12	21	x		e	H
f173-12	22	ff		n|o	M
f173-12	23	a		a	H
f173-12	24	E		i|y	M
f173-12	25	t		e	H
f173-12	26	e		r	H
f173-12	27	w-		d	H
f173-12	28	B		i|y	M
f173-12	29	T=		m|mm	M
f173-12	30	t		e	H
f173-12	31	f		c|u	M
f173-12	32	7		o	H
f173-12	33	J		s	H
f173-12	34	e		r	H
f173-13	1	t		e	H
f173-13	2	T=		m|mm	M
f173-13	3	w-		d	H
f173-13	4	h		e	H
f173-13	5	n		l	H
f173-13	6	s		u	H
f173-13	7	g		u	H
f173-13	8	J		s	H
f173-13	9	g		u	H
f173-13	10	s		u	H
f173-13	11	lam		b	H
f173-13	12	J		s	H
f173-13	13	q		u	H
f173-13	14	t		e	H
f173-13	15	d		s	H
f173-13	16	7		o	H
f173-13	17	lam		b	H
f173-13	18	n		l	H
f173-13	19	o		i	H
f173-13	20	L		r	H
f173-13	21	o		i	H
f173-13	22	x		e	H
f173-13	23	a		a	H
f173-13	24	Ze		t	H
f173-13	25	o		i	H
f173-13	26	7		o	H
f173-13	27	.v.		n	H
f173-13	28	d		s	H
f173-13	29	a		a	H
f173-13	30	14		que	H
f173-13	31	n		l	H
f173-13	32	14		que	H
f173-13	33	E		i|y	M
f173-13	34	.v.		n	H
f173-13	35	Ze		t	H
f173-13	36	t		e	H
f173-13	37	e		r	H
f173-14	1	d		s	H
f173-14	2	m		t	H
f173-14	3	14		que	H
f173-14	4	J		s	H
f173-14	5	x		e	H
f173-14	6	c		p	H
f173-14	7	h		e	H
f173-14	8	s		u	H
f173-14	9	q		u	H
f173-14	10	Ze		t	H
f173-14	11	x		e	H
f173-14	12	J		s	H
f173-14	13	Ze		t	H
f173-14	14	e		r	H
f173-14	15	t		e	H
f173-14	16	2		?	U
f173-14	17	4+		m	H
f173-14	18	f		c|u	M
f173-14	19	x		e	H
f173-14	20	q		u	H
f173-14	21	w-		d	H
f173-14	22	h		e	H
f173-14	23	g		u	H
f173-14	24	x		e	H
f173-14	25	a		a	H
f173-14	26	7		o	H
f173-14	27	E		i|y	M
f173-14	28	x		e	H
f173-14	29	.v.		n	H
f173-14	30	d		s	H
f173-14	31	7		o	H
f173-14	32	.v.		n	H
f173-14	33	Ze		t	H
f173-15	1	4+		m	H
f173-15	2	8		g	H
f173-15	3	62		?	U
f173-15	4	J		s	H
f173-15	5	x		e	H
f173-15	6	L		r	H
f173-15	7	g		u	H
f173-15	8	E		i|y	M
f173-15	9	4+		m	H
f173-15	10	q		u	H
f173-15	11	4+		m	H
f173-15	12	x		e	H
f173-15	13	w-		d	H
f173-15	14	h		e	H
f173-15	15	n		l	H
f173-15	16	g		u	H
f173-15	17	.v.		n	H
f173-15	18	14		que	H
f173-15	19	4+		m	H
f173-15	20	a		a	H
f173-15	21	g		u	H
f173-15	22	Ze		t	H
f173-15	23	e		r	H
f173-15	24	t		e	H
f173-15	25	17		car	H
f173-15	26	w-		d	H
f173-15	27	h		e	H
f173-15	28	f		c|u	M
f173-15	29	x		e	H
f173-15	30	s		u	H
f173-15	31	x		e	H
f173-15	32	w-		d	H
f173-16	1	h		e	H
f173-16	2	n		l	H
f173-16	3	a		a	H
f173-16	4	g		u	H
f173-16	5	o		i	H
f173-16	6	he		l	H
f173-16	7	t		e	H
f173-16	8	13		qui	H
f173-16	9	d		s	H
f173-16	10	.v.		n	H
f173-16	11	7		o	H
f173-16	12	6		i|n|s	M
f173-16	13	m		t	H
f173-16	14	M		f	H
f173-16	15	a		a	H
f173-16	16	B		i|y	M
f173-16	17	f		c|u	M
f173-16	18	m		t	H
f173-16	19	14		que	H
f173-16	20	7		o	H
f173-16	21	BOX		?	U
f173-16	22	4+		m	H
f173-16	23	J		s	H
f173-16	24	x		e	H
f173-16	25	e		r	H
f173-16	26	n		l	H
f173-16	27	h		e	H
f173-16	28	s		u	H
f173-16	29	L		r	H
f173-16	30	.v.		n	H
f173-16	31	g		u	H
f173-16	32	f		c|u	M
f173-16	33	6		i|n|s	M
f173-17	1	x		e	H
f173-17	2	x		e	H
f173-17	3	o		i	H
f173-17	4	Ze		t	H
f173-17	5	t		e	H
f173-17	6	a		a	H
f173-17	7	n		l	H
f173-17	8	a		a	H
f173-17	9	27		?	U
f173-17	10	x		e	H
f173-17	11	m		t	H
f173-17	12	J		s	H
f173-17	13	h		e	H
f173-17	14	M		f	H
f173-17	15	7		o	H
f173-17	16	L		r	H
f173-17	17	Ze		t	H
f173-17	18	L		r	H
f173-17	19	oo		d	H
f173-17	20	E		i|y	M
f173-17	21	x		e	H
f173-17	22	e		r	H
f173-17	23	x		e	H
f173-17	24	.v.		n	H
f173-17	25	n		l	H
f173-17	26	h		e	H
f173-17	27	g		u	H
f173-17	28	e		r	H
f173-17	29	x		e	H
f173-17	30	x		e	H
f173-17	31	f		c|u	M
f173-17	32	s		u	H
f173-18	1	t		e	H
f173-18	2	w-		d	H
f173-18	3	B		i|y	M
f173-18	4	d		s	H
f173-18	5	n		l	H
f173-18	6	x		e	H
f173-18	7	Ze		t	H
f173-18	8	e		r	H
f173-18	9	t		e	H
f173-18	10	q		u	H
f173-18	11	13		qui	H
f173-18	12	n		l	H
f173-18	13	d		s	H
f173-18	14	w-		d	H
f173-18	15	E		i|y	M
f173-18	16	x		e	H
f173-18	17	.v.		n	H
f173-18	18	m		t	H
f173-18	19	a		a	H
f173-18	20	s		u	H
f173-18	21	7		o	H
f173-18	22	o		i	H
f173-18	23	e		r	H
f173-18	24	w-		d	H
f173-18	25	h		e	H
f173-18	26	68		?	U
f173-18	27	c		p	H
f173-18	28	a		a	H
f173-18	29	L		r	H
f173-18	30	n		l	H
f173-18	31	x		e	H
f173-19	1	J		s	H
f173-19	2	14		que	H
f173-19	3	he		l	H
f173-19	4	t		e	H
f173-19	5	d		s	H
f173-19	6	x		e	H
f173-19	7	he		l	H
f173-19	8	t		e	H
f173-19	9	A		l	H
f173-19	10	t		e	H
f173-19	11	g		u	H
f173-19	12	e		r	H
f173-19	13	f		c|u	M
f173-19	14	L		r	H
f173-19	15	7		o	H
f173-19	16	4+		m	H
f173-19	17	x		e	H
f173-19	18	lam		b	H
f173-19	19	m		t	H
f173-19	20	12		il	H
f173-19	21	n		l	H
f173-19	22	d		s	H
f173-19	23	.v.		n	H
f173-19	24	h		e	H
f173-19	25	J		s	H
f173-19	26	h		e	H
f173-19	27	L		r	H
f173-19	28	7		o	H
f173-19	29	.v.		n	H
f173-19	30	m		t	H
f173-19	31	Ze		t	H
f173-20	1	t		e	H
f173-20	2	.v.		n	H
f173-20	3	g		u	H
f173-20	4	q		u	H
f173-20	5	a		a	H
f173-20	6	x		e	H
f173-20	7	s		u	H
f173-20	8	f		c|u	M
f173-20	9	h		e	H
f173-20	10	.v.		n	H
f173-20	11	t		e	H
f173-20	12	f		c|u	M
f173-20	13	7		o	H
f173-20	14	.v.		n	H
f173-20	15	Ze		t	H
f173-20	16	e		r	H
f173-20	17	B		i|y	M
f173-20	18	lam		b	H
f173-20	19	g		u	H
f173-20	20	Ze		t	H
f173-20	21	o		i	H
f173-20	22	7		o	H
f173-20	23	.v.		n	H
f173-20	24	c		p	H
f173-20	25	7		o	H
f173-20	26	s		u	H
f173-20	27	e		r	H
f173-20	28	f		c|u	M
f173-20	29	x		e	H
f173-20	30	4+		m	H
f173-20	31	m		t	H
f173-20	32	t		e	H
f173-21	1	a		a	H
f173-21	2	L		r	H
f173-21	3	a		a	H
f173-21	4	4+		m	H
f173-21	5	35		parceque	H
f173-21	6	J		s	H
f173-21	7	x		e	H
f173-21	8	q		u	H
f173-21	9	Ze		t	H
f173-21	10	a		a	H
f173-21	11	.v.		n	H
f173-21	12	m		t	H
f173-21	13	t		e	H
f173-21	14	yy		ss|s	M
f173-21	15	x		e	H
f173-21	16	g		u	H
f173-21	17	e		r	H
f173-21	18	x		e	H
f173-21	19	J		s	H
f173-21	20	f		c|u	M
f173-21	21	e		r	H
f173-21	22	n		l	H
f173-21	23	t		e	H
f173-21	24	d		s	H
f173-21	25	w-		d	H
f173-21	26	o		i	H
f173-21	27	f		c|u	M
f173-21	28	m		t	H
f173-21	29	t		e	H
f173-21	30	q		u	H
f173-21	31	n		l	H
f173-21	32	x		e	H
f173-22	1	Ze		t	H
f173-22	2	e		r	H
f173-22	3	t		e	H
f173-22	4	q		u	H
f173-22	5	14		que	H
f173-22	6	6		i|n|s	M
f173-22	7	8		g	H
f173-22	8	E		i|y	M
f173-22	9	a		a	H
f173-22	10	x		e	H
f173-22	11	.v.		n	H
f173-22	12	Ze		t	H
f173-22	13	o		i	H
f173-22	14	x		e	H
f173-22	15	e		r	H
f173-22	16	t		e	H
f173-22	17	4+		m	H
f173-22	18	h		e	H
f173-22	19	.v.		n	H
f173-22	20	m		t	H
f173-22	21	c		p	H
f173-22	22	7		o	H
f173-22	23	g		u	H
f173-22	24	e		r	H
f173-22	25	g		u	H
f173-22	26	B		i|y	M
f173-22	27	q		u	H
f173-22	28	w-		d	H
f173-22	29	o		i	H
f173-22	30	he		l	H
f173-22	31	o		i	H
f173-23	1	e		r	H
f173-23	2	d		s	H
f173-23	3	x		e	H
f173-23	4	n		l	H
f173-23	5	x		e	H
f173-23	6	B		i|y	M
f173-23	7	4+		m	H
f173-23	8	c		p	H
f173-23	9	n		l	H
f173-23	10	t		e	H
f173-23	11	w-		d	H
f173-23	12	g		u	H
f173-23	13	z		?	U
f173-23	14	x		e	H
f173-23	15	.v.		n	H
f173-23	16	8		g	H
f173-23	17	E		i|y	M
f173-23	18	L		r	H
f173-23	19	a		a	H
f173-23	20	n		l	H
f173-23	21	A		l	H
f173-23	22	t		e	H
f173-23	23	q		u	H
f173-23	24	f		c|u	M
f173-23	25	L		r	H
f173-23	26	Ze		t	H
f173-23	27	o		i	H
f173-23	28	f		c|u	M
f173-23	29	g		u	H
f173-23	30	he		l	H
f173-23	31	o		i	H
f173-24	1	e		r	H
f173-24	2	d		s	H
f173-24	3	.v.		n	H
f173-24	4	h		e	H
f173-24	5	J		s	H
f173-24	6	x		e	H
f173-24	7	d		s	H
f173-24	8	7		o	H
f173-24	9	.v.		n	H
f173-24	10	Ze		t	H
f173-24	11	51		pas	H
f173-24	12	Ze		t	H
f173-24	13	L		r	H
f173-24	14	7		o	H
f173-24	15	a		a	H
f173-24	16	x		e	H
f173-24	17	q		u	H
f173-24	18	4+		m	H
f173-24	19	q		u	H
f173-24	20	o		i	H
f173-24	21	.v.		n	H
f173-24	22	d		s	H
f173-24	23	e		r	H
f173-24	24	x		e	H
f173-24	25	n		l	H
f173-24	26	T=		m|mm	M
f173-24	27	7		o	H
f173-24	28	o		i	H
f173-24	29	w-		d	H
f173-24	30	E		i|y	M
f173-24	31	L		r	H
f173-24	32	17		car	H
f173-25	1	12		il	H
f173-25	2	.v.		n	H
f173-25	3	h		e	H
f173-25	4	J		s	H
f173-25	5	x		e	H
f173-25	6	q		u	H
f173-25	7	m		t	H
f173-25	8	c		p	H
f173-25	9	h		e	H
f173-25	10	g		u	H
f173-25	11	Ze		t	H
f173-25	12	L		r	H
f173-25	13	7		o	H
f173-25	14	a		a	H
f173-25	15	t		e	H
f173-25	16	e		r	H
f173-25	17	q		u	H
f173-25	18	.v.		n	H
f173-25	19	J		s	H
f173-25	20	x		e	H
f173-25	21	s		u	H
f173-25	22	n		l	H
f173-25	23	x		e	H
f173-25	24	q		u	H
f173-25	25	f		c|u	M
f173-25	26	g		u	H
f173-25	27	J		s	H
f173-25	28	7		o	H
f173-25	29	g		u	H
f173-25	30	lam		b	H
f173-25	31	d		s	H
f173-25	32	n		l	H
f173-26	1	d		s	H
f173-26	2	7		o	H
f173-26	3	lam		b	H
f173-26	4	n		l	H
f173-26	5	o		i	H
f173-26	6	z		?	U
f173-26	7	a		a	H
f173-26	8	Ze		t	H
f173-26	9	o		i	H
f173-26	10	q		u	H
f173-26	11	.v.		n	H
f173-26	12	d		s	H
f173-26	13	w-		d	H
f173-26	14	h		e	H
f173-26	15	8		g	H
f173-26	16	8		g	H
f173-26	17	.v.		n	H
f173-26	18	E		i|y	M
f173-26	19	a		a	H
f173-26	20	g		u	H
f173-26	21	f		c|u	M
f173-26	22	q		u	H
f173-26	23	.v.		n	H
f173-26	24	w-		d	H
f173-26	25	h		e	H
f173-26	26	J		s	H
f173-26	27	t		e	H
f173-26	28	d		s	H
f173-26	29	q		u	H
f173-26	30	x		e	H
f173-26	31	e		r	H
f173-26	32	g		u	H
f173-26	33	o		i	H
f173-26	34	Ze		t	H
f173-27	1	t		e	H
f173-27	2	g		u	H
f173-27	3	e		r	H
f173-27	4	d		s	H
f173-27	5	x		e	H
f173-27	6	m		t	H
f173-27	7	a		a	H
f173-27	8	4+		m	H
f173-27	9	E		i|y	M
f173-27	10	q		u	H
f173-27	11	13		qui	H
f173-27	12	n		l	H
f173-27	13	a		a	H
f173-27	14	c		p	H
f173-27	15	a		a	H
f173-27	16	e		r	H
f173-27	17	w-		d	H
f173-27	18	h		e	H
f173-27	19	f		c|u	M
f173-27	20	a		a	H
f173-27	21	13		qui	H
f173-27	22	.v.		n	H
f173-27	23	8		g	H
f173-27	24	J		s	H
f173-27	25	t		e	H
f173-27	26	d		s	H
f173-27	27	7		o	H
f173-27	28	.v.		n	H
f173-27	29	m		t	H
f173-27	30	g		u	H
f173-27	31	7		o	H
f173-27	32	8		g	H
f173-28	1	n		l	H
f173-28	2	q		u	H
f173-28	3	a		a	H
f173-28	4	s		u	H
f173-28	5	f		c|u	M
f173-28	6	q		u	H
f173-28	7	.v.		n	H
f173-28	8	t		e	H
f173-28	9	4+		m	H
f173-28	10	8		g	H
f173-28	11	.v.		n	H
f173-28	12	Ze		t	H
f173-28	13	7		o	H
f173-28	14	lam		b	H
f173-28	15	n		l	H
f173-28	16	o		i	H
f173-28	17	z		?	U
f173-28	18	x		e	H
f173-28	19	e		r	H
f173-28	20	.v.		n	H
f173-28	21	E		i|y	M
f173-28	22	L		r	H
f173-28	23	x		e	H
f173-28	24	q		u	H
f173-28	25	c		p	H
f173-28	26	7		o	H
f173-28	27	.v.		n	H
f173-28	28	w-		d	H
f173-28	29	e		r	H
f173-28	30	t		e	H
f173-28	31	79		?	U
f173-28	32	e		r	H
f173-29	1	n		l	H
f173-29	2	q		u	H
f173-29	3	E		i|y	M
f173-29	4	x		e	H
f173-29	5	m		t	H
f173-29	6	J		s	H
f173-29	7	a		a	H
f173-29	8	n		l	H
f173-29	9	.v.		n	H
f173-29	10	g		u	H
f173-29	11	J		s	H
f173-29	12	t		e	H
f173-29	13	M		f	H
f173-29	14	s		u	H
f173-29	15	m		t	H
f173-29	16	de		?	U
f173-29	17	L		r	H
f173-29	18	7		o	H
f173-29	19	8		g	H
f173-29	20	t		e	H
f173-29	21	14		que	H
f173-29	22	n		l	H
f173-29	23	14		que	H
f173-29	24	d		s	H
f173-29	25	4+		m	H
f173-29	26	a		a	H
f173-29	27	L		r	H
f173-29	28	f		c|u	M
f173-29	29	f		c|u	M
f173-29	30	a		a	H
f173-30	1	q		u	H
f173-30	2	w-		d	H
f173-30	3	h		e	H
f173-30	4	lam		b	H
f173-30	5	o		i	H
f173-30	6	e		r	H
f173-30	7	o		i	H
f173-30	8	q		u	H
f173-30	9	x		e	H
f173-30	10	m		t	H
f173-30	11	w-		d	H
f173-30	12	h		e	H
f173-30	13	oo		d	H
f173-30	14	t		e	H
f173-30	15	f		c|u	M
f173-30	16	7		o	H
f173-30	17	e		r	H
f173-30	18	d		s	H
f173-30	19	13		qui	H
f173-30	20	a		a	H
f173-30	21	g		u	H
f173-30	22	7		o	H
f173-30	23	o		i	H
f173-30	24	x		e	H
f173-30	25	.v.		n	H
f173-30	26	m		t	H
f173-30	27	w-		d	H
f173-30	28	h		e	H
f173-30	29	n		l	H
f173-30	30	s		u	H
f173-30	31	q		u	H
f173-31	1	a		a	H
f173-31	2	L		r	H
f173-31	3	x		e	H
f173-31	4	f		c|u	M
f173-31	5	7		o	H
f173-31	6	4+		m	H
f173-31	7	e		r	H
f173-31	8	t		e	H
f173-31	9	t		e	H
f173-31	10	a		a	H
f173-31	11	g		u	H
f173-31	12	w-		d	H
f173-31	13	o		i	H
f173-31	14	f		c|u	M
f173-31	15	m		t	H
f173-31	16	c		p	H
f173-31	17	a		a	H
f173-31	18	L		r	H
f173-31	19	o		i	H
f173-31	20	q		u	H
f173-31	21	13		qui	H
f173-31	22	7		o	H
f173-31	23	.v.		n	H
f173-31	24	Ze		t	H
f173-31	25	g		u	H
f173-31	26	7		o	H
f173-31	27	s		u	H
f173-31	28	n		l	H
f173-31	29	q		u	H
f173-31	30	c		p	H
f173-31	31	L		r	H
f173-31	32	x		e	H
f173-32	1	w-		d	H
f173-32	2	e		r	H
f173-32	3	t		e	H
f173-32	4	f		c|u	M
f173-32	5	t		e	H
f173-32	6	d		s	H
f173-32	7	m		t	H
f173-32	8	t		e	H
f173-32	9	f		c|u	M
f173-32	10	7		o	H
f173-32	11	.v.		n	H
f173-32	12	M		f	H
f173-32	13	B		i|y	M
f173-32	14	o		i	H
f173-32	15	.v.		n	H
f173-32	16	f		c|u	M
f173-32	17	x		e	H
f173-32	18	4+		m	H
f173-32	19	q		u	H
f173-32	20	e		r	H
f173-32	21	4+		m	H
f173-32	22	a		a	H
f173-32	23	M		f	H
f173-32	24	7		o	H
f173-32	25	E		i|y	M
f173-32	26	14		que	H
f173-32	27	w-		d	H
f173-32	28	h		e	H
f173-32	29	J		s	H
f173-32	30	t		e	H
f173-33	1	f		c|u	M
f173-33	2	7		o	H
f173-33	3	.v.		n	H
f173-33	4	Ze		t	H
f173-33	5	o		i	H
f173-33	6	x		e	H
f173-33	7	m		t	H
f173-33	8	t		e	H
f173-33	9	e		r	H
f173-33	10	w-		d	H
f173-33	11	h		e	H
f173-33	12	n		l	H
f173-33	13	t		e	H
f173-33	14	4+		m	H
f173-33	15	8		g	H
f173-33	16	lam		b	H
f173-33	17	a		a	H
f173-33	18	E		i|y	M
f173-33	19	he		l	H
f173-33	20	t		e	H
f173-33	21	e		r	H
f173-33	22	q		u	H
f173-33	23	s		u	H
f173-33	24	e		r	H
f173-33	25	4+		m	H
f173-33	26	X		a	H
f173-33	27	J		s	H
f173-33	28	o		i	H
f173-33	29	4+		m	H
f173-33	30	o		i	H
f173-33	31	n		l	H
f173-33	32	t		e	H
f196-1	1	w-		d	H
f196-1	2	f		c|u	M
f196-1	3	s		u	H
f196-1	4	E		i|y	M
f196-1	5	n		l	H
f196-1	6	t		e	H
f196-1	7	J		s	H
f196-1	8	8		g	H
f196-1	9	f		c|u	M
f196-1	10	7		o	H
f196-1	11	.v.		n	H
f196-1	12	w-		d	H
f196-1	13	L		r	H
f196-1	14	4+		m	H
f196-1	15	x		e	H
f196-1	16	x		e	H
f196-1	17	13		qui	H
f196-1	18	.v.		n	H
f196-1	19	a		a	H
f196-1	20	w-		d	H
f196-1	21	E		i|y	M
f196-1	22	x		e	H
f196-1	23	g		u	H
f196-1	24	4+		m	H
f196-1	25	a		a	H
f196-1	26	e		r	H
f196-1	27	s		u	H
f196-1	28	a		a	H
f196-1	29	x		e	H
f196-2	1	h		e	H
f196-2	2	f		c|u	M
f196-2	3	g		u	H
f196-2	4	.v.		n	H
f196-2	5	t		e	H
f196-2	6	q		u	H
f196-2	7	o		i	H
f196-2	8	7		o	H
f196-2	9	n		l	H
f196-2	10	4+		m	H
f196-2	11	.v.		n	H
f196-2	12	f		c|u	M
f196-2	13	t		e	H
f196-2	14	6		i|n|s	M
f196-2	15	o		i	H
f196-2	16	4+		m	H
f196-2	17	a		a	H
f196-2	18	4+		m	H
f196-2	19	x		e	H
f196-2	20	o		i	H
f196-2	21	d		s	H
f196-2	22	x		e	H
f196-2	23	4+		m	H
f196-2	24	o		i	H
f196-2	25	w-		d	H
f196-2	26	h		e	H
f196-2	27	6		i|n|s	M
f196-2	28	m		t	H
f196-2	29	x		e	H
f196-2	30	m		t	H
f196-2	31	h		e	H
f196-2	32	J		s	H
f196-3	1	q		u	H
f196-3	2	h		e	H
f196-3	3	g		u	H
f196-3	4	L		r	H
f196-3	5	t		e	H
f196-3	6	14		que	H
f196-3	7	4+		m	H
f196-3	8	o		i	H
f196-3	9	Ze		t	H
f196-3	10	7		o	H
f196-3	11	q		u	H
f196-3	12	m		t	H
f196-3	13	12		il	H
f196-3	14	x		e	H
f196-3	15	6		i|n|s	M
f196-3	16	d		s	H
f196-3	17	t		e	H
f196-3	18	L		r	H
f196-3	19	a		a	H
f196-3	20	y		?	U
f196-3	21	g		u	H
f196-3	22	4+		m	H
f196-3	23	L		r	H
f196-3	24	E		i|y	M
f196-3	25	.v.		n	H
f196-3	26	a		a	H
f196-3	27	E		i|y	M
f196-3	28	x		e	H
f196-3	29	6		i|n|s	M
f196-3	30	m		t	H
f196-3	31	37		?	U
f196-4	1	f		c|u	M
f196-4	2	t		e	H
f196-4	3	f		c|u	M
f196-4	4	t		e	H
f196-4	5	.v.		n	H
f196-4	6	w-		d	H
f196-4	7	a		a	H
f196-4	8	6		i|n|s	M
f196-4	9	m		t	H
f196-4	10	g		u	H
f196-4	11	q		u	H
f196-4	12	s		u	H
f196-4	13	n		l	H
f196-4	14	BOX		?	U
f196-4	15	M		f	H
f196-4	16	a		a	H
f196-4	17	B		i|y	M
f196-4	18	he		l	H
f196-4	19	o		i	H
f196-4	20	e		r	H
f196-4	21	w-		d	H
f196-4	22	h		e	H
f196-4	23	4+		m	H
f196-4	24	f		c|u	M
f196-4	25	L		r	H
f196-4	26	a		a	H
f196-4	27	a		a	H
f196-4	28	g		u	H
f196-4	29	e		r	H
f196-4	30	L		r	H
f196-5	1	6		i|n|s	M
f196-5	2	8		g	H
f196-5	3	w-		d	H
f196-5	4	6		i|n|s	M
f196-5	5	a		a	H
f196-5	6	t		e	H
f196-5	7	g		u	H
f196-5	8	e		r	H
f196-5	9	14		que	H
f196-5	10	f		c|u	M
f196-5	11	t		e	H
f196-5	12	J		s	H
f196-5	13	m		t	H
f196-5	14	a		a	H
f196-5	15	w-		d	H
f196-5	16	g		u	H
f196-5	17	26		uous	H
f196-5	18	c		p	H
f196-5	19	g		u	H
f196-5	20	o		i	H
f196-5	21	q		u	H
f196-5	22	q		u	H
f196-5	23	t		e	H
f196-5	24	.v.		n	H
f196-5	25	a		a	H
f196-5	26	6		i|n|s	M
f196-5	27	m		t	H
f196-5	28	w-		d	H
f196-5	29	h		e	H
f196-5	30	14		que	H
f196-5	31	n		l	H
f196-5	32	14		que	H
f196-5	33	a		a	H
f196-5	34	g		u	H
f196-6	1	Ze		t	H
f196-6	2	e		r	H
f196-6	3	t		e	H
f196-6	4	c		p	H
f196-6	5	a		a	H
f196-6	6	e		r	H
f196-6	7	Ze		t	H
f196-6	8	A		l	H
f196-6	9	t		e	H
f196-6	10	4+		m	H
f196-6	11	x		e	H
f196-6	12	n		l	H
f196-6	13	6		i|n|s	M
f196-6	14	t		e	H
f196-6	15	26		uous	H
f196-6	16	M		f	H
f196-6	17	g		u	H
f196-6	18	4+		m	H
f196-6	19	J		s	H
f196-6	20	Ze		t	H
f196-6	21	L		r	H
f196-6	22	t		e	H
f196-6	23	c		p	H
f196-6	24	6		i|n|s	M
f196-6	25	m		t	H
f196-6	26	t		e	H
f196-6	27	f		c|u	M
f196-6	28	n		l	H
f196-6	29	g		u	H
f196-6	30	d		s	H
f196-6	31	y		?	U
f196-6	32	e		r	H
f196-6	33	a		a	H
f196-7	1	.v.		n	H
f196-7	2	w-		d	H
f196-7	3	14		que	H
f196-7	4	w-		d	H
f196-7	5	E		i|y	M
f196-7	6	t		e	H
f196-7	7	g		u	H
f196-7	8	4+		m	H
f196-7	9	h		e	H
f196-7	10	e		r	H
f196-7	11	f		c|u	M
f196-7	12	E		i|y	M
f196-7	13	12		il	H
f196-7	14	.v.		n	H
f196-7	15	B		i|y	M
f196-7	16	L		r	H
f196-7	17	t		e	H
f196-7	18	J		s	H
f196-7	19	f		c|u	M
f196-7	20	f		c|u	M
f196-7	21	a		a	H
f196-7	22	n		l	H
f196-7	23	w-		d	H
f196-7	24	B		i|y	M
f196-7	25	4+		m	H
f196-7	26	x		e	H
f196-7	27	Ze		t	H
f196-7	28	o		i	H
f196-7	29	g		u	H
f196-7	30	.v.		n	H
f196-7	31	76		*	H
f196-8	1	g		u	H
f196-8	2	t		e	H
f196-8	3	e		r	H
f196-8	4	Ze		t	H
f196-8	5	o		i	H
f196-8	6	4		?	U
f196-8	7	7		o	H
f196-8	8	.v.		n	H
f196-8	9	d		s	H
f196-8	10	o		i	H
f196-8	11	x		e	H
f196-8	12	g		u	H
f196-8	13	L		r	H
f196-8	14	n		l	H
f196-8	15	t		e	H
f196-8	16	4+		m	H
f196-8	17	.v.		n	H
f196-8	18	x		e	H
f196-8	19	L		r	H
f196-8	20	Ze		t	H
f196-8	21	t		e	H
f196-8	22	4+		m	H
f196-8	23	x		e	H
f196-8	24	6		i|n|s	M
f196-8	25	m		t	H
f196-8	26	f		c|u	M
f196-8	27	7		o	H
f196-8	28	g		u	H
f196-8	29	e		r	H
f196-8	30	n		l	H
f196-8	31	t		e	H
f196-8	32	J		s	H
f196-8	33	g		u	H
f196-8	34	L		r	H
f196-8	35	A		l	H
f196-8	36	o		i	H
f196-8	37	x		e	H
f196-9	1	4+		m	H
f196-9	2	9		?	U
f196-9	3	E		i|y	M
f196-9	4	t		e	H
f196-9	5	M		f	H
f196-9	6	a		a	H
f196-9	7	6		i|n|s	M
f196-9	8	d		s	H
f196-9	9	x		e	H
f196-9	10	6		i|n|s	M
f196-9	11	f		c|u	M
f196-9	12	7		o	H
f196-9	13	e		r	H
f196-9	14	t		e	H
f196-9	15	q		u	H
f196-9	16	c		p	H
f196-9	17	6		i|n|s	M
f196-9	18	Ze		t	H
f196-9	19	n		l	H
f196-9	20	t		e	H
f196-9	21	g		u	H
f196-9	22	e		r	H
f196-9	23	t		e	H
f196-9	24	12		il	H
f196-9	25	n		l	H
f196-9	26	6		i|n|s	M
f196-9	27	t		e	H
f196-9	28	M		f	H
f196-9	29	a		a	H
f196-9	30	g		u	H
f196-9	31	n		l	H
f196-9	32	w-		d	H
f196-9	33	e		r	H
f196-9	34	a		a	H
f196-10	1	e		r	H
f196-10	2	w-		d	H
f196-10	3	h		e	H
f196-10	4	g		u	H
f196-10	5	t		e	H
f196-10	6	.v.		n	H
f196-10	7	o		i	H
f196-10	8	e		r	H
f196-10	9	z		?	U
f196-10	10	d		s	H
f196-10	11	B		i|y	M
f196-10	12	4+		m	H
f196-10	13	m		t	H
f196-10	14	o		i	H
f196-10	15	6		i|n|s	M
f196-10	16	a		a	H
f196-10	17	ff		n|o	M
f196-10	18	Ze		t	H
f196-10	19	25		nous	H
f196-10	20	4+		m	H
f196-10	21	E		i|y	M
f196-10	22	D		a	H
f196-10	23	6		i|n|s	M
f196-10	24	m		t	H
f196-10	25	x		e	H
f196-10	26	g		u	H
f196-10	27	f		c|u	M
f196-10	28	e		r	H
f196-10	29	o		i	H
f196-11	1	s		u	H
f196-11	2	1		?	U
f196-11	3	w-		d	H
f196-11	4	h		e	H
f196-11	5	J		s	H
f196-11	6	t		e	H
f196-11	7	L		r	H
f196-11	8	t		e	H
f196-11	9	.v.		n	H
f196-11	10	w-		d	H
f196-11	11	T=		m|mm	M
f196-11	12	t		e	H
f196-11	13	E		i|y	M
f196-11	14	.v.		n	H
f196-11	15	f		c|u	M
f196-11	16	7		o	H
f196-11	17	.v.		n	H
f196-11	18	A		l	H
f196-11	19	m		t	H
f196-11	20	f		c|u	M
f196-11	21	t		e	H
f196-11	22	q		u	H
f196-11	23	m		t	H
f196-11	24	t		e	H
f196-11	25	.v.		n	H
f196-11	26	7		o	H
f196-11	27	4+		m	H
f196-11	28	x		e	H
f196-11	29	he		l	H
f196-11	30	t		e	H
f196-11	31	13		qui	H
f196-11	32	n		l	H
f196-11	33	f		c|u	M
f196-11	34	a		a	H
f196-11	35	e		r	H
f196-12	1	c		p	H
f196-12	2	m		t	H
f196-12	3	x		e	H
f196-12	4	g		u	H
f196-12	5	c		p	H
f196-12	6	a		a	H
f196-12	7	L		r	H
f196-12	8	x		e	H
f196-12	9	s		u	H
f196-12	10	q		u	H
f196-12	11	.v.		n	H
f196-12	12	m		t	H
f196-12	13	13		qui	H
f196-12	14	n		l	H
f196-12	15	x		e	H
f196-12	16	g		u	H
f196-12	17	A		l	H
f196-12	18	n		l	H
f196-12	19	e		r	H
f196-12	20	q		u	H
f196-12	21	A		l	H
f196-12	22	4+		m	H
f196-12	23	J		s	H
f196-12	24	14		que	H
f196-12	25	n		l	H
f196-12	26	A		l	H
f196-12	27	x		e	H
f196-12	28	E		i|y	M
f196-12	29	t		e	H
f196-12	30	J		s	H
f196-12	31	g		u	H
f196-12	32	o		i	H
f196-12	33	q		u	H
f196-12	34	J		s	H
f196-12	35	t		e	H
f196-13	1	s		u	H
f196-13	2	e		r	H
f196-13	3	13		qui	H
f196-13	4	n		l	H
f196-13	5	a		a	H
f196-13	6	w-		d	H
f196-13	7	s		u	H
f196-13	8	X		a	H
f196-13	9	6		i|n|s	M
f196-13	10	f		c|u	M
f196-13	11	t		e	H
f196-13	12	e		r	H
f196-13	13	a		a	H
f196-13	14	x		e	H
f196-13	15	6		i|n|s	M
f196-13	16	f		c|u	M
f196-13	17	7		o	H
f196-13	18	e		r	H
f196-13	19	t		e	H
f196-13	20	q		u	H
f196-13	21	u		?	U
f196-13	22	g		u	H
f196-13	23	a		a	H
f196-13	24	6		i|n|s	M
f196-13	25	w-		d	H
f196-13	26	12		il	H
f196-13	27	a		a	H
f196-13	28	g		u	H
f196-13	29	e		r	H
f196-13	30	a		a	H
f196-13	31	T=		m|mm	M
f196-13	32	t		e	H
f196-13	33	f		c|u	M
f196-13	34	t		e	H
f196-14	1	g		u	H
f196-14	2	4+		m	H
f196-14	3	a		a	H
f196-14	4	f		c|u	M
f196-14	5	L		r	H
f196-14	6	t		e	H
f196-14	7	4+		m	H
f196-14	8	o		i	H
f196-14	9	t		e	H
f196-14	10	e		r	H
f196-14	11	t		e	H
f196-14	12	n		l	H
f196-14	13	e		r	H
f196-14	14	ff		n|o	M
f196-14	15	e		r	H
f196-14	16	t		e	H
f196-14	17	E		i|y	M
f196-14	18	x		e	H
f196-14	19	J		s	H
f196-14	20	Ze		t	H
f196-14	21	o		i	H
f196-14	22	6		i|n|s	M
f196-14	23	m		t	H
f196-14	24	4		?	U
f196-14	25	7		o	H
f196-14	26	6		i|n|s	M
f196-14	27	7		o	H
f196-14	28	g		u	H
f196-14	29	e		r	H
f196-14	30	q		u	H
f196-14	31	J		s	H
f196-14	32	a		a	H
f196-14	33	c		p	H
f196-14	34	6		i|n|s	M
f196-15	1	f		c|u	M
f196-15	2	t		e	H
f196-15	3	25		nous	H
f196-15	4	4+		m	H
f196-15	5	a		a	H
f196-15	6	E		i|y	M
f196-15	7	.v.		n	H
f196-15	8	Ze		t	H
f196-15	9	t		e	H
f196-15	10	6		i|n|s	M
f196-15	11	a		a	H
f196-15	12	.v.		n	H
f196-15	13	m		t	H
f196-15	14	c		p	H
f196-15	15	n		l	H
f196-15	16	s		u	H
f196-15	17	d		s	H
f196-15	18	14		que	H
f196-15	19	E		i|y	M
f196-15	20	a		a	H
f196-15	21	4+		m	H
f196-15	22	x		e	H
f196-15	23	o		i	H
f196-15	24	q		u	H
f196-15	25	Ze		t	H
f196-15	26	L		r	H
f196-15	27	x		e	H
f196-15	28	J		s	H
f196-15	29	T=		m|mm	M
f196-15	30	t		e	H
f196-16	1	13		qui	H
f196-16	2	J		s	H
f196-16	3	t		e	H
f196-16	4	25		nous	H
f196-16	5	a		a	H
f196-16	6	g		u	H
f196-16	7	7		o	H
f196-16	8	.v.		n	H
f196-16	9	q		u	H
f196-16	10	4		?	U
f196-16	11	8		g	H
f196-16	12	4		?	U
f196-16	13	7		o	H
f196-16	14	.v.		n	H
f196-16	15	J		s	H
f196-16	16	o		i	H
f196-16	17	x		e	H
f196-16	18	g		u	H
f196-16	19	e		r	H
f196-16	20	w-		d	H
f196-16	21	h		e	H
f196-16	22	J		s	H
f196-16	23	a		a	H
f196-16	24	E		i|y	M
f196-16	25	.v.		n	H
f196-16	26	f		c|u	M
f196-16	27	m		t	H
f196-16	28	4+		m	H
f196-16	29	f		c|u	M
f196-16	30	a		a	H
f196-16	31	4+		m	H
f196-16	32	x		e	H
f196-17	1	L		r	H
f196-17	2	a		a	H
f196-17	3	.v.		n	H
f196-17	4	w-		d	H
f196-17	5	4+		m	H
f196-17	6	a		a	H
f196-17	7	n		l	H
f196-17	8	X		a	H
f196-17	9	w-		d	H
f196-17	10	h		e	H
f196-17	11	w-		d	H
f196-17	12	E		i|y	M
f196-17	13	J		s	H
f196-17	14	7		o	H
f196-17	15	e		r	H
f196-17	16	m		t	H
f196-17	17	t		e	H
f196-17	18	14		que	H
f196-17	19	w		?	U
f196-17	20	s		u	H
f196-17	21	a		a	H
f196-17	22	J		s	H
f196-17	23	t		e	H
f196-17	24	4		?	U
f196-17	25	7		o	H
f196-17	26	n		l	H
f196-17	27	t		e	H
f196-17	28	M		f	H
f196-17	29	a		a	H
f196-17	30	B		i|y	M
f196-17	31	q		u	H
f196-17	32	w-		d	H
f196-18	1	q		u	H
f196-18	2	f		c|u	M
f196-18	3	t		e	H
f196-18	4	J		s	H
f196-18	5	o		i	H
f196-18	6	x		e	H
f196-18	7	y		?	U
f196-18	8	t		e	H
f196-18	9	x		e	H
f196-18	10	g		u	H
f196-18	11	m		t	H
f196-18	12	w-		d	H
f196-18	13	h		e	H
f196-18	14	4+		m	H
f196-18	15	7		o	H
f196-18	16	q		u	H
f196-18	17	e		r	H
f196-18	18	t		e	H
f196-18	19	X		a	H
f196-18	20	4+		m	H
f196-18	21	x		e	H
f196-18	22	J		s	H
f196-18	23	o		i	H
f196-18	24	x		e	H
f196-18	25	g		u	H
f196-18	26	e		r	H
f196-18	27	d		s	H
f196-18	28	w-		d	H
f196-18	29	h		e	H
f196-18	30	n		l	H
f196-18	31	a		a	H
f196-18	32	lam		b	H
f196-18	33	a		a	H
f196-18	34	e		r	H
f196-19	1	y		?	U
f196-19	2	t		e	H
f196-19	3	h		e	H
f196-19	4	m		t	H
f196-19	5	4+		m	H
f196-19	6	7		o	H
f196-19	7	.v.		n	H
f196-19	8	Ze		t	H
f196-19	9	lam		b	H
f196-19	10	t		e	H
f196-19	11	e		r	H
f196-19	12	o		i	H
f196-19	13	g		u	H
f196-19	14	n		l	H
f196-19	15	Ze		t	H
f196-19	16	13		qui	H
f196-19	17	E		i|y	M
f196-19	18	Ze		t	H
f196-19	19	e		r	H
f196-19	20	o		i	H
f196-19	21	g		u	H
f196-19	22	X		a	H
f196-19	23	o		i	H
f196-19	24	he		l	H
f196-19	25	x		e	H
f196-19	26	6		i|n|s	M
f196-19	27	m		t	H
f196-19	28	4+		m	H
f196-19	29	8		g	H
f196-19	30	x		e	H
f196-19	31	x		e	H
f196-20	1	Ze		t	H
f196-20	2	e		r	H
f196-20	3	t		e	H
f196-20	4	4+		m	H
f196-20	5	x		e	H
f196-20	6	4		?	U
f196-20	7	h		e	H
f196-20	8	.v.		n	H
f196-20	9	Ze		t	H
f196-20	10	25		nous	H
f196-20	11	a		a	H
f196-20	12	g		u	H
f196-20	13	7		o	H
f196-20	14	6		i|n|s	M
f196-20	15	q		u	H
f196-20	16	c		p	H
f196-20	17	t		e	H
f196-20	18	e		r	H
f196-20	19	w-		d	H
f196-20	20	s		u	H
f196-20	21	w-		d	H
f196-20	22	h		e	H
f196-20	23	4+		m	H
f196-20	24	a		a	H
f196-20	25	n		l	H
f196-20	26	X		a	H
f196-20	27	w-		d	H
f196-20	28	E		i|y	M
f196-20	29	t		e	H
f196-20	30	n		l	H
f196-20	31	a		a	H
f196-20	32	J		s	H
f196-20	33	o		i	H
f196-21	1	t		e	H
f196-21	2	w-		d	H
f196-21	3	e		r	H
f196-21	4	.v.		n	H
f196-21	5	w-		d	H
f196-21	6	h		e	H
f196-21	7	A		l	H
f196-21	8	a		a	H
f196-21	9	X		a	H
f196-21	10	o		i	H
f196-21	11	.v.		n	H
f196-21	12	x		e	H
f196-21	13	g		u	H
f196-21	14	n		l	H
f196-21	15	Ze		t	H
f196-21	16	13		qui	H
f196-21	17	a		a	H
f196-21	18	g		u	H
f196-21	19	7		o	H
f196-21	20	o		i	H
f196-21	21	Ze		t	H
f196-21	22	J		s	H
f196-21	23	t		e	H
f196-21	24	e		r	H
f196-21	25	g		u	H
f196-21	26	h		e	H
f196-21	27	w-		d	H
f196-21	28	h		e	H
f196-21	29	4+		m	H
f196-21	30	x		e	H
f196-21	31	L		r	H
f196-21	32	t		e	H
f196-21	33	J		s	H
f196-22	1	f		c|u	M
f196-22	2	f		c|u	M
f196-22	3	a		a	H
f196-22	4	n		l	H
f196-22	5	w-		d	H
f196-22	6	B		i|y	M
f196-22	7	f		c|u	M
f196-22	8	a		a	H
f196-22	9	4+		m	H
f196-22	10	c		p	H
f196-22	11	h		e	H
f196-22	12	6		i|n|s	M
f196-22	13	n		l	H
f196-22	14	a		a	H
f196-22	15	e		r	H
f196-22	16	4+		m	H
f196-22	17	h		e	H
f196-22	18	13		qui	H
f196-22	19	x		e	H
f196-22	20	J		s	H
f196-22	21	Ze		t	H
f196-22	22	7		o	H
f196-22	23	o		i	H
f196-22	24	m		t	H
f196-22	25	c		p	H
f196-22	26	e		r	H
f196-22	27	t		e	H
f196-22	28	q		u	H
f196-22	29	w-		d	H
f196-22	30	h		e	H
f196-22	31	4+		m	H
f196-23	1	w-		d	H
f196-23	2	o		i	H
f196-23	3	f		c|u	M
f196-23	4	m		t	H
f196-23	5	J		s	H
f196-23	6	o		i	H
f196-23	7	x		e	H
f196-23	8	g		u	H
f196-23	9	e		r	H
f196-23	10	n		l	H
f196-23	11	t		e	H
f196-23	12	4+		m	H
f196-23	13	x		e	H
f196-23	14	e		r	H
f196-23	15	t		e	H
f196-23	16	J		s	H
f196-23	17	L		r	H
f196-23	18	f		c|u	M
f196-23	19	f		c|u	M
f196-23	20	a		a	H
f196-23	21	n		l	H
f196-23	22	13		qui	H
f196-23	23	A		l	H
f196-23	24	t		e	H
f196-23	25	d		s	H
f196-23	26	E		i|y	M
f196-23	27	x		e	H
f196-23	28	g		u	H
f196-23	29	L		r	H
f196-23	30	m		t	H
f196-23	31	4+		m	H
f196-23	32	o		i	H
f196-24	1	A		l	H
f196-24	2	w-		d	H
f196-24	3	n		l	H
f196-24	4	a		a	H
f196-24	5	B		i|y	M
f196-24	6	x		e	H
f196-24	7	t		e	H
f196-24	8	z		?	U
f196-24	9	R		p	H
f196-24	10	7		o	H
f196-24	11	g		u	H
f196-24	12	e		r	H
f196-24	13	n		l	H
f196-24	14	t		e	H
f196-24	15	L		r	H
f196-24	16	t		e	H
f196-24	17	q		u	H
f196-24	18	d		s	H
f196-24	19	w-		d	H
f196-24	20	oo		d	H
f196-24	21	o		i	H
f196-24	22	f		c|u	M
f196-24	23	m		t	H
f196-24	24	q		u	H
f196-24	25	o		i	H
f196-24	26	x		e	H
f196-24	27	g		u	H
f196-24	28	t		e	H
f196-24	29	12		il	H
f196-24	30	J		s	H
f196-24	31	a		a	H
f196-25	1	w-		d	H
f196-25	2	g		u	H
f196-25	3	X		a	H
f196-25	4	6		i|n|s	M
f196-25	5	f		c|u	M
f196-25	6	t		e	H
f196-25	7	M		f	H
f196-25	8	7		o	H
f196-25	9	e		r	H
f196-25	10	m		t	H
f196-25	11	36		?	U
f196-25	12	35		parceque	H
f196-25	13	n		l	H
f196-25	14	a		a	H
f196-25	15	x		e	H
f196-25	16	a		a	H
f196-25	17	g		u	H
f196-25	18	o		i	H
f196-25	19	he		l	H
f196-25	20	t		e	H
f196-25	21	x		e	H
f196-25	22	q		u	H
f196-25	23	m		t	H
f196-25	24	y		?	U
f196-25	25	L		r	H
f196-25	26	h		e	H
f196-25	27	.v.		n	H
f196-25	28	w-		d	H
f196-25	29	t		e	H
f196-25	30	g		u	H
f196-25	31	m		t	H
f196-26	1	4+		m	H
f196-26	2	X		a	H
f196-26	3	n		l	H
f196-26	4	D		a	H
f196-26	5	E		i|y	M
f196-26	6	J		s	H
f196-26	7	B		i|y	M
f196-26	8	4+		m	H
f196-26	9	Ze		t	H
f196-26	10	a		a	H
f196-26	11	J		s	H
f196-26	12	J		s	H
f196-26	13	E		i|y	M
f196-26	14	x		e	H
f196-26	15	g		u	H
f196-26	16	t		e	H
f196-26	17	t		e	H
f196-26	18	e		r	H
f196-26	19	12		il	H
f196-26	20	a		a	H
f196-26	21	M		f	H
f196-26	22	a		a	H
f196-26	23	he		l	H
f196-26	24	q		u	H
f196-26	25	M		f	H
f196-26	26	a		a	H
f196-26	27	B		i|y	M
f196-26	28	e		r	H
f196-26	29	t		e	H
f196-26	30	w-		d	H
f196-26	31	h		e	H
f196-26	32	J		s	H
f201-1	1	T=		m|mm	M
f201-1	2	U		?	U
f201-1	3	ff		n|o	M
f201-1	4	me		?	U
f201-1	5	g		u	H
f201-1	6	.v.		n	H
f201-1	7	L		r	H
f201-1	8	x		e	H
f201-1	9	s		u	H
f201-1	10	4+		m	H
f201-1	11	h		e	H
f201-1	12	13		qui	H
f201-1	13	n		l	H
f201-1	14	g		u	H
f201-1	15	E		i|y	M
f201-1	16	a		a	H
f201-1	17	f		c|u	M
f201-1	18	x		e	H
f201-1	19	g		u	H
f201-1	20	q		u	H
f201-1	21	t		e	H
f201-1	22	n		l	H
f201-1	23	a		a	H
f201-1	24	M		f	H
f201-1	25	o		i	H
f201-1	26	t		e	H
f201-2	1	BOX		?	U
f201-2	2	e		r	H
f201-2	3	t		e	H
f201-2	4	n		l	H
f201-2	5	a		a	H
f201-2	6	14		que	H
f201-2	7	he		l	H
f201-2	8	t		e	H
f201-2	9	4		?	U
f201-2	10	9		?	U
f201-2	11	E		i|y	M
f201-2	12	t		e	H
f201-2	13	f		c|u	M
f201-2	14	e		r	H
f201-2	15	7		o	H
f201-2	16	E		i|y	M
f201-2	17	J		s	H
f201-2	18	f		c|u	M
f201-2	19	L		r	H
f201-2	20	x		e	H
f201-2	21	o		i	H
f201-2	22	y		?	U
f201-2	23	n		l	H
f201-2	24	t		e	H
f201-2	25	e		r	H
f201-2	26	a		a	H
f201-2	27	h		e	H
f201-2	28	.v.		n	H
f201-2	29	Ze		t	H
f201-2	30	o		i	H
f201-2	31	x		e	H
f201-2	32	e		r	H
f201-2	33	f		c|u	M
f201-2	34	t		e	H
f201-2	35	h		e	H
f201-2	36	x		e	H
f201-3	1	X		a	H
f201-3	2	E		i|y	M
f201-3	3	D		a	H
f201-3	4	.v.		n	H
f201-3	5	m		t	H
f201-3	6	h		e	H
f201-3	7	s		u	H
f201-3	8	L		r	H
f201-3	9	g		u	H
f201-3	10	E		i|y	M
f201-3	11	7		o	H
f201-3	12	g		u	H
f201-3	13	T=		m|mm	M
f201-3	14	w-		d	H
f201-3	15	f		c|u	M
f201-3	16	s		u	H
f201-3	17	o		i	H
f201-3	18	h		e	H
f201-3	19	q		u	H
f201-3	20	n		l	H
f201-3	21	B		i|y	M
f201-3	22	q		u	H
f201-3	23	x		e	H
f201-3	24	f		c|u	M
f201-3	25	7		o	H
f201-3	26	.v.		n	H
f201-3	27	w-		d	H
f201-3	28	a		a	H
f201-3	29	4+		m	H
f201-3	30	t		e	H
f201-3	31	x		e	H
f201-3	32	13		qui	H
f201-3	33	6		i|n|s	M
f201-3	34	a		a	H
f201-3	35	w-		d	H
f201-4	1	o		i	H
f201-4	2	x		e	H
f201-4	3	g		u	H
f201-4	4	4+		m	H
f201-4	5	h		e	H
f201-4	6	e		r	H
f201-4	7	f		c|u	M
f201-4	8	o		i	H
f201-4	9	x		e	H
f201-4	10	g		u	H
f201-4	11	f		c|u	M
f201-4	12	s		u	H
f201-4	13	4+		m	H
f201-4	14	t		e	H
f201-4	15	a		a	H
f201-4	16	o		i	H
f201-4	17	7		o	H
f201-4	18	n		l	H
f201-4	19	L		r	H
f201-4	20	a		a	H
f201-4	21	26		uous	H
f201-4	22	6		i|n|s	M
f201-4	23	f		c|u	M
f201-4	24	t		e	H
f201-4	25	.v.		n	H
f201-4	26	E		i|y	M
f201-4	27	4+		m	H
f201-4	28	a		a	H
f201-4	29	6		i|n|s	M
f201-4	30	X		a	H
f201-4	31	o		i	H
f201-4	32	q		u	H
f201-4	33	a		a	H
f201-4	34	4+		m	H
f201-4	35	o		i	H
f201-4	36	w-		d	H
f201-4	37	h		e	H
f201-4	38	.v.		n	H
f201-4	39	m		t	H
f201-5	1	x		e	H
f201-5	2	m		t	H
f201-5	3	h		e	H
f201-5	4	J		s	H
f201-5	5	c		p	H
f201-5	6	t		e	H
f201-5	7	e		r	H
f201-5	8	t		e	H
f201-5	9	14		que	H
f201-5	10	40		lui	H
f201-5	11	Ze		t	H
f201-5	12	7		o	H
f201-5	13	m		t	H
f201-5	14	12		il	H
f201-5	15	x		e	H
f201-5	16	6		i|n|s	M
f201-5	17	J		s	H
f201-5	18	h		e	H
f201-5	19	e		r	H
f201-5	20	X		a	H
f201-5	21	y		?	U
f201-5	22	s		u	H
f201-5	23	a		a	H
f201-5	24	L		r	H
f201-5	25	o		i	H
f201-5	26	.v.		n	H
f201-5	27	a		a	H
f201-5	28	E		i|y	M
f201-5	29	X		a	H
f201-5	30	6		i|n|s	M
f201-5	31	m		t	H
f201-5	32	37		?	U
f201-6	1	f		c|u	M
f201-6	2	t		e	H
f201-6	3	c		p	H
f201-6	4	h		e	H
f201-6	5	.v.		n	H
f201-6	6	w-		d	H
f201-6	7	a		a	H
f201-6	8	6		i|n|s	M
f201-6	9	m		t	H
f201-6	10	g		u	H
f201-6	11	q		u	H
f201-6	12	q		u	H
f201-6	13	n		l	H
f201-6	14	s		u	H
f201-6	15	M		f	H
f201-6	16	a		a	H
f201-6	17	B		i|y	M
f201-6	18	he		l	H
f201-6	19	o		i	H
f201-6	20	e		r	H
f201-6	21	w-		d	H
f201-6	22	8		g	H
f201-6	23	.v.		n	H
f201-6	24	a		a	H
f201-6	25	w-		d	H
f201-6	26	g		u	H
f201-6	27	t		e	H
f201-6	28	Ze		t	H
f201-6	29	o		i	H
f201-6	30	T=		m|mm	M
f201-6	31	68		?	U
f201-7	1	w-		d	H
f201-7	2	6		i|n|s	M
f201-7	3	c		p	H
f201-7	4	t		e	H
f201-7	5	g		u	H
f201-7	6	e		r	H
f201-7	7	14		que	H
f201-7	8	f		c|u	M
f201-7	9	t		e	H
f201-7	10	q		u	H
f201-7	11	m		t	H
f201-7	12	a		a	H
f201-7	13	w-		d	H
f201-7	14	g		u	H
f201-7	15	o		i	H
f201-7	16	q		u	H
f201-7	17	26		uous	H
f201-7	18	g		u	H
f201-7	19	t		e	H
f201-7	20	.v.		n	H
f201-7	21	a		a	H
f201-7	22	6		i|n|s	M
f201-7	23	m		t	H
f201-7	24	w-		d	H
f201-7	25	h		e	H
f201-7	26	14		que	H
f201-7	27	n		l	H
f201-7	28	14		que	H
f201-7	29	a		a	H
f201-7	30	s		u	H
f201-7	31	Ze		t	H
f201-7	32	e		r	H
f201-7	33	t		e	H
f201-8	1	c		p	H
f201-8	2	a		a	H
f201-8	3	e		r	H
f201-8	4	m		t	H
f201-8	5	n		l	H
f201-8	6	t		e	H
f201-8	7	4+		m	H
f201-8	8	D		a	H
f201-8	9	n		l	H
f201-8	10	6		i|n|s	M
f201-8	11	t		e	H
f201-8	12	26		uous	H
f201-8	13	M		f	H
f201-8	14	g		u	H
f201-8	15	J		s	H
f201-8	16	Ze		t	H
f201-8	17	L		r	H
f201-8	18	t		e	H
f201-8	19	c		p	H
f201-8	20	ff		n|o	M
f201-8	21	m		t	H
f201-8	22	t		e	H
f201-8	23	f		c|u	M
f201-8	24	n		l	H
f201-8	25	s		u	H
f201-8	26	d		s	H
f201-8	27	g		u	H
f201-8	28	e		r	H
f201-8	29	a		a	H
f201-8	30	.v.		n	H
f201-8	31	w-		d	H
f201-8	32	14		que	H
f201-9	1	w-		d	H
f201-9	2	o		i	H
f201-9	3	x		e	H
f201-9	4	g		u	H
f201-9	5	4+		m	H
f201-9	6	h		e	H
f201-9	7	e		r	H
f201-9	8	f		c|u	M
f201-9	9	o		i	H
f201-9	10	12		il	H
f201-9	11	.v.		n	H
f201-9	12	h		e	H
f201-9	13	J		s	H
f201-9	14	m		t	H
f201-9	15	E		i|y	M
f201-9	16	t		e	H
f201-9	17	.v.		n	H
f201-9	18	a		a	H
f201-9	19	E		i|y	M
f201-9	20	w-		d	H
f201-9	21	h		e	H
f201-9	22	x		e	H
f201-9	23	f		c|u	M
f201-9	24	o		i	H
f201-9	25	x		e	H
f201-9	26	e		r	H
f201-9	27	a		a	H
f201-9	28	w-		d	H
f201-9	29	g		u	H
f201-9	30	t		e	H
f201-9	31	Ze		t	H
f201-9	32	o		i	H
f201-9	33	t		e	H
f201-10	1	A		l	H
f201-10	2	e		r	H
f201-10	3	n		l	H
f201-10	4	t		e	H
f201-10	5	4+		m	H
f201-10	6	a		a	H
f201-10	7	L		r	H
f201-10	8	t		e	H
f201-10	9	J		s	H
f201-10	10	f		c|u	M
f201-10	11	4+		m	H
f201-10	12	a		a	H
f201-10	13	n		l	H
f201-10	14	w-		d	H
f201-10	15	h		e	H
f201-10	16	4+		m	H
f201-10	17	a		a	H
f201-10	18	Ze		t	H
f201-10	19	o		i	H
f201-10	20	y		?	U
f201-10	21	.v.		n	H
f201-10	22	7		o	H
f201-10	23	6		i|n|s	M
f201-10	24	4+		m	H
f201-10	25	9		?	U
f201-10	26	6		i|n|s	M
f201-10	27	t		e	H
f201-10	28	M		f	H
f201-10	29	a		a	H
f201-10	30	6		i|n|s	M
f201-10	31	d		s	H
f201-10	32	x		e	H
f201-10	33	6		i|n|s	M
f201-10	34	f		c|u	M
f201-10	35	7		o	H
f201-10	36	e		r	H
f201-11	1	t		e	H
f201-11	2	d		s	H
f201-11	3	c		p	H
f201-11	4	6		i|n|s	M
f201-11	5	Ze		t	H
f201-11	6	t		e	H
f201-11	7	4+		m	H
f201-11	8	h		e	H
f201-11	9	6		i|n|s	M
f201-11	10	m		t	H
f201-11	11	c		p	H
f201-11	12	7		o	H
f201-11	13	g		u	H
f201-11	14	e		r	H
f201-11	15	A		l	H
f201-11	16	t		e	H
f201-11	17	d		s	H
f201-11	18	g		u	H
f201-11	19	L		r	H
f201-11	20	n		l	H
f201-11	21	o		i	H
f201-11	22	x		e	H
f201-11	23	e		r	H
f201-11	24	w-		d	H
f201-11	25	h		e	H
f201-11	26	g		u	H
f201-11	27	t		e	H
f201-11	28	.v.		n	H
f201-11	29	o		i	H
f201-11	30	e		r	H
f201-11	31	z		?	U
f201-11	32	6		i|n|s	M
f201-11	33	4+		m	H
f201-11	34	g		u	H
f201-11	35	L		r	H
f201-11	36	t		e	H
f201-12	1	4+		m	H
f201-12	2	D		a	H
f201-12	3	f		c|u	M
f201-12	4	t		e	H
f201-12	5	g		u	H
f201-12	6	e		r	H
f201-12	7	t		e	H
f201-12	8	13		qui	H
f201-12	9	n		l	H
f201-12	10	6		i|n|s	M
f201-12	11	t		e	H
f201-12	12	M		f	H
f201-12	13	a		a	H
f201-12	14	s		u	H
f201-12	15	A		l	H
f201-12	16	w-		d	H
f201-12	17	e		r	H
f201-12	18	a		a	H
f201-12	19	51		pas	H
f201-12	20	w-		d	H
f201-12	21	h		e	H
f201-12	22	4+		m	H
f201-12	23	t		e	H
f201-12	24	e		r	H
f201-12	25	t		e	H
f201-12	26	.v.		n	H
f201-12	27	w-		d	H
f201-12	28	e		r	H
f201-12	29	t		e	H
f201-12	30	E		i|y	M
f201-12	31	.v.		n	H
f201-12	32	f		c|u	M
f201-13	1	H		o	H
f201-13	2	.v.		n	H
f201-13	3	Ze		t	H
f201-13	4	o		i	H
f201-13	5	.v.		n	H
f201-13	6	x		e	H
f201-13	7	6		i|n|s	M
f201-13	8	m		t	H
f201-13	9	25		nous	H
f201-13	10	a		a	H
f201-13	11	E		i|y	M
f201-13	12	x		e	H
f201-13	13	6		i|n|s	M
f201-13	14	de		?	U
f201-13	15	x		e	H
f201-13	16	q		u	H
f201-13	17	f		c|u	M
f201-13	18	e		r	H
f201-13	19	o		i	H
f201-13	20	c		p	H
f201-13	21	m		t	H
f201-13	22	X		a	H
f201-13	23	g		u	H
f201-13	24	c		p	H
f201-13	25	a		a	H
f201-13	26	e		r	H
f201-13	27	X		a	H
f201-13	28	g		u	H
f201-13	29	D		a	H
f201-13	30	6		i|n|s	M
f201-13	31	m		t	H
f201-13	32	13		qui	H
f201-13	33	n		l	H
f201-14	1	x		e	H
f201-14	2	g		u	H
f201-14	3	q		u	H
f201-14	4	m		t	H
f201-14	5	f		c|u	M
f201-14	6	t		e	H
f201-14	7	J		s	H
f201-14	8	Ze		t	H
f201-14	9	t		e	H
f201-14	10	.v.		n	H
f201-14	11	7		o	H
f201-14	12	4+		m	H
f201-14	13	h		e	H
f201-14	14	he		l	H
f201-14	15	t		e	H
f201-14	16	13		qui	H
f201-14	17	z		?	U
f201-14	18	A		l	H
f201-14	19	c		p	H
f201-14	20	a		a	H
f201-14	21	e		r	H
f201-14	22	Ze		t	H
f201-14	23	E		i|y	M
f201-14	24	e		r	H
f201-14	25	z		?	U
f201-14	26	o		i	H
f201-14	27	m		t	H
f201-14	28	w-		d	H
f201-14	29	L		r	H
f201-14	30	6		i|n|s	M
f201-14	31	q		u	H
f201-14	32	w-		d	H
f201-14	33	h		e	H
f201-14	34	s		u	H
f201-15	1	E		i|y	M
f201-15	2	z		?	U
f201-15	3	g		u	H
f201-15	4	e		r	H
f201-15	5	q		u	H
f201-15	6	A		l	H
f201-15	7	t		e	H
f201-15	8	J		s	H
f201-15	9	14		que	H
f201-15	10	n		l	H
f201-15	11	q		u	H
f201-15	12	E		i|y	M
f201-15	13	t		e	H
f201-15	14	J		s	H
f201-15	15	g		u	H
f201-15	16	o		i	H
f201-15	17	q		u	H
f201-15	18	f		c|u	M
f201-15	19	t		e	H
f201-15	20	e		r	H
f201-15	21	Ze		t	H
f201-15	22	a		a	H
f201-15	23	E		i|y	M
f201-15	24	.v.		n	H
f201-15	25	13		qui	H
f201-15	26	n		l	H
f201-15	27	a		a	H
f201-15	28	w-		d	H
f201-15	29	g		u	H
f201-15	30	D		a	H
f201-15	31	6		i|n|s	M
f201-15	32	f		c|u	M
f201-15	33	t		e	H
f201-15	34	e		r	H
f201-15	35	a		a	H
f201-16	1	6		i|n|s	M
f201-16	2	6		i|n|s	M
f201-16	3	f		c|u	M
f201-16	4	z		?	U
f201-16	5	e		r	H
f201-16	6	t		e	H
f201-16	7	q		u	H
f201-16	8	w		?	U
f201-16	9	g		u	H
f201-16	10	a		a	H
f201-16	11	6		i|n|s	M
f201-16	12	w-		d	H
f201-16	13	12		il	H
f201-16	14	a		a	H
f201-16	15	s		u	H
f201-16	16	e		r	H
f201-16	17	a		a	H
f201-16	18	t		e	H
f201-16	19	L		r	H
f201-16	20	t		e	H
f201-16	21	d		s	H
f201-16	22	t		e	H
f201-16	23	g		u	H
f201-16	24	4+		m	H
f201-16	25	D		a	H
f201-16	26	c		p	H
f201-16	27	e		r	H
f201-16	28	t		e	H
f201-16	29	4+		m	H
f201-16	30	E		i|y	M
f201-16	31	t		e	H
f201-16	32	T=		m|mm	M
f201-16	33	t		e	H
f201-16	34	n		l	H
f201-16	35	t		e	H
f201-17	1	ff		n|o	M
f201-17	2	e		r	H
f201-17	3	t		e	H
f201-17	4	E		i|y	M
f201-17	5	x		e	H
f201-17	6	J		s	H
f201-17	7	Ze		t	H
f201-17	8	a		a	H
f201-17	9	6		i|n|s	M
f201-17	10	m		t	H
f201-17	11	Ze		t	H
f201-17	12	e		r	H
f201-17	13	z		?	U
f201-17	14	g		u	H
f201-17	15	J		s	H
f201-17	16	E		i|y	M
f201-17	17	z		?	U
f201-17	18	g		u	H
f201-17	19	e		r	H
f201-17	20	q		u	H
f201-17	21	d		s	H
f201-17	22	a		a	H
f201-17	23	c		p	H
f201-17	24	6		i|n|s	M
f201-17	25	4+		m	H
f201-17	26	8		g	H
f201-17	27	24		nostre	H
f201-17	28	4+		m	H
f201-17	29	a		a	H
f201-17	30	E		i|y	M
f201-17	31	.v.		n	H
f201-17	32	Ze		t	H
f201-18	1	6		i|n|s	M
f201-18	2	a		a	H
f201-18	3	ff		n|o	M
f201-18	4	m		t	H
f201-18	5	c		p	H
f201-18	6	n		l	H
f201-18	7	g		u	H
f201-18	8	J		s	H
f201-18	9	14		que	H
f201-18	10	E		i|y	M
f201-18	11	a		a	H
f201-18	12	4+		m	H
f201-18	13	D		a	H
f201-18	14	o		i	H
f201-18	15	q		u	H
f201-18	16	Ze		t	H
f201-18	17	e		r	H
f201-18	18	t		e	H
f201-18	19	J		s	H
f201-18	20	L		r	H
f201-18	21	t		e	H
f201-18	22	13		qui	H
f201-18	23	q		u	H
f201-18	24	t		e	H
f201-18	25	25		nous	H
f201-18	26	a		a	H
f201-18	27	g		u	H
f201-18	28	z		?	U
f201-18	29	6		i|n|s	M
f201-18	30	q		u	H
f201-18	31	n		l	H
f201-18	32	t		e	H
f201-19	1	a		a	H
f201-19	2	L		r	H
f201-19	3	x		e	H
f201-19	4	w-		d	H
f201-19	5	e		r	H
f201-19	6	w-		d	H
f201-19	7	h		e	H
f201-19	8	J		s	H
f201-19	9	a		a	H
f201-19	10	b		e	H
f201-19	11	.v.		n	H
f201-19	12	f		c|u	M
f201-19	13	m		t	H
f201-19	14	f		c|u	M
f201-19	15	4+		m	H
f201-19	16	a		a	H
f201-19	17	4+		m	H
f201-19	18	D		a	H
f201-19	19	e		r	H
f201-19	20	x		e	H
f201-19	21	6		i|n|s	M
f201-19	22	oo		d	H
f201-19	23	4+		m	H
f201-19	24	a		a	H
f201-19	25	n		l	H
f201-19	26	D		a	H
f201-19	27	w-		d	H
f201-19	28	h		e	H
f201-19	29	.v.		n	H
f201-19	30	w-		d	H
f201-19	31	h		e	H
f201-19	32	J		s	H
f201-19	33	z		?	U
f201-19	34	e		r	H
f201-20	1	m		t	H
f201-20	2	t		e	H
f201-20	3	14		que	H
f201-20	4	w		?	U
f201-20	5	s		u	H
f201-20	6	a		a	H
f201-20	7	d		s	H
f201-20	8	o		i	H
f201-20	9	4		?	U
f201-20	10	7		o	H
f201-20	11	n		l	H
f201-20	12	t		e	H
f201-20	13	M		f	H
f201-20	14	a		a	H
f201-20	15	B		i|y	M
f201-20	16	x		e	H
f201-20	17	a		a	H
f201-20	18	w-		d	H
f201-20	19	t		e	H
f201-20	20	f		c|u	M
f201-20	21	t		e	H
f201-20	22	J		s	H
f201-20	23	o		i	H
f201-20	24	x		e	H
f201-20	25	y		?	U
f201-20	26	t		e	H
f201-20	27	x		e	H
f201-20	28	J		s	H
f201-20	29	Ze		t	H
f201-20	30	w-		d	H
f201-20	31	h		e	H
f201-20	32	4+		m	H
f201-20	33	7		o	H
f201-20	34	g		u	H
f201-20	35	e		r	H
f201-21	1	D		a	H
f201-21	2	4+		m	H
f201-21	3	t		e	H
f201-21	4	J		s	H
f201-21	5	o		i	H
f201-21	6	x		e	H
f201-21	7	g		u	H
f201-21	8	e		r	H
f201-21	9	d		s	H
f201-21	10	w-		d	H
f201-21	11	h		e	H
f201-21	12	n		l	H
f201-21	13	a		a	H
f201-21	14	p		?	U
f201-21	15	a		a	H
f201-21	16	L		r	H
f201-21	17	y		?	U
f201-21	18	t		e	H
f201-21	19	x		e	H
f201-21	20	m		t	H
f201-21	21	w-		d	H
f201-21	22	h		e	H
f201-21	23	4		?	U
f201-21	24	7		o	H
f201-21	25	6		i|n|s	M
f201-21	26	m		t	H
f201-21	27	X		a	H
f201-21	28	t		e	H
f201-21	29	L		r	H
f201-21	30	a		a	H
f201-21	31	s		u	H
f201-21	32	n		l	H
f201-21	33	Ze		t	H
f201-21	34	13		qui	H
f201-22	1	s		u	H
f201-22	2	Ze		t	H
f201-22	3	e		r	H
f201-22	4	c		p	H
f201-22	5	w-		d	H
f201-22	6	D		a	H
f201-22	7	e		r	H
f201-22	8	he		l	H
f201-22	9	t		e	H
f201-22	10	.v.		n	H
f201-22	11	m		t	H
f201-22	12	4		?	U
f201-22	13	8		g	H
f201-22	14	x		e	H
f201-22	15	x		e	H
f201-22	16	Ze		t	H
f201-22	17	e		r	H
f201-22	18	t		e	H
f201-22	19	4+		m	H
f201-22	20	h		e	H
f201-22	21	4+		m	H
f201-22	22	t		e	H
f201-22	23	.v.		n	H
f201-22	24	m		t	H
f201-22	25	25		nous	H
f201-22	26	a		a	H
f201-22	27	g		u	H
f201-22	28	7		o	H
f201-22	29	.v.		n	H
f201-22	30	q		u	H
f201-22	31	c		p	H
f201-22	32	t		e	H
f201-22	33	e		r	H
f201-23	1	w-		d	H
f201-23	2	g		u	H
f201-23	3	w-		d	H
f201-23	4	h		e	H
f201-23	5	4+		m	H
f201-23	6	X		a	H
f201-23	7	n		l	H
f201-23	8	x		e	H
f201-23	9	w-		d	H
f201-23	10	E		i|y	M
f201-23	11	t		e	H
f201-23	12	n		l	H
f201-23	13	t		e	H
f201-23	14	J		s	H
f201-23	15	e		r	H
f201-23	16	w-		d	H
f201-23	17	h		e	H
f201-23	18	n		l	H
f201-23	19	a		a	H
f201-23	20	lam		b	H
f201-23	21	o		i	H
f201-23	22	.v.		n	H
f201-23	23	a		a	H
f201-23	24	g		u	H
f201-23	25	n		l	H
f201-23	26	Ze		t	H
f201-23	27	13		qui	H
f201-23	28	a		a	H
f201-23	29	g		u	H
f201-23	30	7		o	H
f201-23	31	o		i	H
f201-23	32	m		t	H
f201-23	33	J		s	H
f201-23	34	t		e	H
f201-24	1	e		r	H
f201-24	2	g		u	H
f201-24	3	E		i|y	M
f201-24	4	w-		d	H
f201-24	5	h		e	H
f201-24	6	4+		m	H
f201-24	7	X		a	H
f201-24	8	e		r	H
f201-24	9	t		e	H
f201-24	10	J		s	H
f201-24	11	f		c|u	M
f201-24	12	f		c|u	M
f201-24	13	a		a	H
f201-24	14	n		l	H
f201-24	15	w-		d	H
f201-24	16	B		i|y	M
f201-24	17	f		c|u	M
f201-24	18	a		a	H
f201-24	19	4+		m	H
f201-24	20	c		p	H
f201-24	21	x		e	H
f201-24	22	6		i|n|s	M
f201-24	23	n		l	H
f201-24	24	a		a	H
f201-24	25	e		r	H
f201-24	26	4+		m	H
f201-24	27	f		c|u	M
f201-24	28	f		c|u	M
f201-24	29	13		qui	H
f201-24	30	x		e	H
f201-24	31	J		s	H
f201-24	32	Ze		t	H
f201-24	33	7		o	H
f201-24	34	o		i	H
f201-24	35	m		t	H
f201-25	1	w-		d	H
f201-25	2	L		r	H
f201-25	3	t		e	H
f201-25	4	x		e	H
f201-25	5	w-		d	H
f201-25	6	h		e	H
f201-25	7	4+		m	H
f201-25	8	7		o	H
f201-25	9	.v.		n	H
f201-25	10	w-		d	H
f201-25	11	o		i	H
f201-25	12	f		c|u	M
f201-25	13	m		t	H
f201-25	14	J		s	H
f201-25	15	.v.		n	H
f201-25	16	n		l	H
f201-25	17	t		e	H
f201-25	18	4+		m	H
f201-25	19	X		a	H
f201-25	20	L		r	H
f201-25	21	x		e	H
f201-25	22	q		u	H
f201-25	23	f		c|u	M
f201-25	24	f		c|u	M
f201-25	25	a		a	H
f201-25	26	n		l	H
f201-25	27	13		qui	H
f201-25	28	A		l	H
f201-25	29	t		e	H
f201-25	30	q		u	H
f201-25	31	E		i|y	M
f201-25	32	x		e	H
f201-25	33	g		u	H
f201-25	34	J		s	H
f201-25	35	m		t	H
f201-26	1	40		lui	H
f201-26	2	d		s	H
f201-26	3	7		o	H
f201-26	4	g		u	H
f201-26	5	n		l	H
f201-26	6	a		a	H
f201-26	7	b		e	H
f201-26	8	z		?	U
f201-26	9	t		e	H
f201-26	10	x		e	H
f201-26	11	T=		m|mm	M
f201-26	12	44		?	U
f201-26	13	T=		m|mm	M
f201-26	14	f		c|u	M
f201-26	15	he		l	H
f201-26	16	36		?	U
f201-27	1	35		parceque	H
f201-27	2	n		l	H
f201-27	3	a		a	H
f201-27	4	g		u	H
f201-27	5	o		i	H
f201-27	6	he		l	H
f201-27	7	t		e	H
f201-27	8	x		e	H
f201-27	9	q		u	H
f201-27	10	m		t	H
f201-27	11	y		?	U
f201-27	12	e		r	H
f201-27	13	a		a	H
f201-27	14	.v.		n	H
f201-27	15	w-		d	H
f201-27	16	h		e	H
f201-27	17	x		e	H
f201-27	18	m		t	H
f201-27	19	4+		m	H
f201-27	20	D		a	H
f201-27	21	n		l	H
f201-27	22	X		a	H
f201-27	23	E		i|y	M
f201-27	24	J		s	H
f201-27	25	f		c|u	M
f201-27	26	f		c|u	M
f201-27	27	a		a	H
f201-27	28	X		a	H
f201-27	29	yy		ss|s	M
f201-27	30	o		i	H
f201-27	31	x		e	H
f201-27	32	8		g	H
f201-27	33	t		e	H
f201-27	34	e		r	H
f201-28	1	13		qui	H
f201-28	2	4+		m	H
f201-28	3	f		c|u	M
f201-28	4	x		e	H
f201-28	5	he		l	H
f201-28	6	w-		d	H
f201-28	7	M		f	H
f201-28	8	a		a	H
f201-28	9	B		i|y	M
f201-28	10	x		e	H
f201-28	11	w-		d	H
f201-28	12	t		e	H
f201-28	13	q		u	H
f201-28	14	Ze		t	H
f201-28	15	e		r	H
f201-28	16	a		a	H
f201-28	17	.v.		n	H
f201-28	18	f		c|u	M
f201-28	19	f		c|u	M
f201-28	20	yy		ss|s	M
f201-28	21	q		u	H
f201-28	22	x		e	H
f201-28	23	6		i|n|s	M
f201-28	24	c		p	H
f201-28	25	A		l	H
f201-28	26	s		u	H
f201-28	27	J		s	H
f201-28	28	o		i	H
f201-28	29	x		e	H
f201-28	30	s		u	H
f201-28	31	e		r	H
f201-29	1	L		r	H
f201-29	2	x		e	H
f201-29	3	6		i|n|s	M
f201-29	4	w-		d	H
f201-29	5	L		r	H
f201-29	6	7		o	H
f201-29	7	o		i	H
f201-29	8	f		c|u	M
f201-29	9	m		t	H
f201-29	10	x		e	H
f201-29	11	x		e	H
f201-29	12	m		t	H
f201-29	13	h		e	H
f201-29	14	J		s	H
f201-29	15	Ze		t	H
f201-29	16	a		a	H
f201-29	17	6		i|n|s	M
f201-29	18	B		i|y	M
f201-29	19	4+		m	H
f201-29	20	X		a	H
f201-29	21	n		l	H
f201-29	22	y		?	U
f201-29	23	D		a	H
f201-29	24	L		r	H
f201-29	25	.v.		n	H
f201-29	26	7		o	H
f201-29	27	o		i	H
f201-29	28	x		e	H
f201-29	29	w-		d	H
f201-29	30	h		e	H
f201-29	31	c		p	H
f201-29	32	o		i	H
f201-29	33	7		o	H
f201-29	34	B		i|y	M
f201-29	35	o		i	H
f201-29	36	x		e	H
f201-29	37	e		r	H
f201-30	1	A		l	H
f201-30	2	a		a	H
f201-30	3	lam		b	H
f201-30	4	t		e	H
f201-30	5	J		s	H
f201-30	6	7		o	H
f201-30	7	.v.		n	H
f201-30	8	z		?	U
f201-30	9	.v.		n	H
f201-30	10	t		e	H
f201-30	11	h		e	H
f201-30	12	6		i|n|s	M
f201-30	13	a		a	H
f201-30	14	x		e	H
f201-30	15	q		u	H
f201-30	16	Ze		t	H
f201-30	17	t		e	H
f201-30	18	f		c|u	M
f201-30	19	c		p	H
f201-30	20	g		u	H
f201-30	21	d		s	H
f201-30	22	E		i|y	M
f201-30	23	z		?	U
f201-30	24	.v.		n	H
f201-30	25	y		?	U
f201-30	26	g		u	H
f201-30	27	t		e	H
fr15571-f177-1	1	E		i|y	M
fr15571-f177-1	2	t		e	H
fr15571-f177-1	3	U		?	U
fr15571-f177-1	4	E		i|y	M
fr15571-f177-1	5	14		que	H
fr15571-f177-1	6	E		i|y	M
fr15571-f177-1	7	ff		n|o	M
fr15571-f177-1	8	w		?	U
fr15571-f177-1	9	s		u	H
fr15571-f177-1	10	lam		b	H
fr15571-f177-1	11	o		i	H
fr15571-f177-1	12	m		t	H
fr15571-f177-1	13	X		a	H
fr15571-f177-1	14	p		?	U
fr15571-f177-1	15	n		l	H
fr15571-f177-1	16	U		?	U
fr15571-f177-1	17	4+		m	H
fr15571-f177-1	18	h		e	H
fr15571-f177-1	19	6		i|n|s	M
fr15571-f177-1	20	Ze		t	H
fr15571-f177-1	21	n		l	H
fr15571-f177-1	22	7		o	H
fr15571-f177-1	23	6		i|n|s	M
fr15571-f177-1	24	E		i|y	M
fr15571-f177-1	25	t		e	H
fr15571-f177-1	26	U		?	U
fr15571-f177-1	27	h		e	H
fr15571-f177-1	28	oo		d	H
fr15571-f177-1	29	R		p	H
fr15571-f177-1	30	7		o	H
fr15571-f177-2	1	T=		m|mm	M
fr15571-f177-2	2	E		i|y	M
fr15571-f177-2	3	U		?	U
fr15571-f177-2	4	e		r	H
fr15571-f177-2	5	q		u	H
fr15571-f177-2	6	3		e	H
fr15571-f177-2	7	m		t	H
fr15571-f177-2	8	h		e	H
fr15571-f177-2	9	E		i|y	M
fr15571-f177-2	10	14		que	H
fr15571-f177-2	11	H		o	H
fr15571-f177-2	12	U		?	U
fr15571-f177-2	13	B		i|y	M
fr15571-f177-2	14	q		u	H
fr15571-f177-2	15	d		s	H
fr15571-f177-2	16	m		t	H
fr15571-f177-2	17	B		i|y	M
fr15571-f177-2	18	q		u	H
fr15571-f177-2	19	de		?	U
fr15571-f177-2	20	U		?	U
fr15571-f177-2	21	o		i	H
fr15571-f177-2	22	g		u	H
fr15571-f177-2	23	U		?	U
fr15571-f177-2	24	t		e	H
fr15571-f177-2	25	B		i|y	M
fr15571-f177-2	26	B		i|y	M
fr15571-f177-2	27	4+		m	H
fr15571-f177-2	28	a		a	H
fr15571-f177-2	29	d		s	H
fr15571-f177-3	1	4+		m	H
fr15571-f177-3	2	f3		?	U
fr15571-f177-3	3	4+		m	H
fr15571-f177-3	4	o		i	H
fr15571-f177-3	5	x		e	H
fr15571-f177-3	6	he		l	H
fr15571-f177-3	7	U		?	U
fr15571-f177-3	8	oo		d	H
fr15571-f177-3	9	t		e	H
fr15571-f177-3	10	.v.		n	H
fr15571-f177-3	11	m		t	H
fr15571-f177-3	12	c		p	H
fr15571-f177-3	13	q		u	H
fr15571-f177-3	14	5		?	U
fr15571-f177-3	15	L		r	H
fr15571-f177-3	16	Ze		t	H
fr15571-f177-3	17	D2		?	U
fr15571-f177-3	18	o		i	H
fr15571-f177-3	19	he		l	H
fr15571-f177-3	20	U		?	U
fr15571-f177-3	21	lam		b	H
fr15571-f177-3	22	7		o	H
fr15571-f177-3	23	s		u	H
fr15571-f177-3	24	e		r	H
fr15571-f177-3	25	U		?	U
fr15571-f177-3	26	H		o	H
fr15571-f177-3	27	d		s	H
fr15571-f177-3	28	m		t	H
fr15571-f177-3	29	U		?	U
fr15571-f177-3	30	t		e	H
fr15571-f177-4	1	BOX2		?	U
fr15571-f177-4	2	ff		n|o	M
fr15571-f177-4	3	y		?	U
fr15571-f177-4	4	e		r	H
fr15571-f177-4	5	a		a	H
fr15571-f177-4	6	.v.		n	H
fr15571-f177-4	7	oo		d	H
fr15571-f177-4	8	L		r	H
fr15571-f177-4	9	h		e	H
fr15571-f177-4	10	q		u	H
fr15571-f177-4	11	B		i|y	M
fr15571-f177-4	12	.v.		n	H
fr15571-f177-4	13	s		u	H
fr15571-f177-4	14	13		qui	H
fr15571-f177-4	15	e		r	H
fr15571-f177-4	16	d		s	H
fr15571-f177-4	17	de		?	U
fr15571-f177-4	18	h		e	H
fr15571-f177-4	19	T=		m|mm	M
fr15571-f177-4	20	h		e	H
fr15571-f177-4	21	B		i|y	M
fr15571-f177-4	22	m		t	H
fr15571-f177-4	23	w-		d	H
fr15571-f177-4	24	s		u	H
fr15571-f177-4	25	f		c|u	M
fr15571-f177-4	26	a		a	H
fr15571-f177-4	27	yy		ss|s	M
fr15571-f177-4	28	D2		?	U
fr15571-f177-4	29	B		i|y	M
fr15571-f177-4	30	z		?	U
fr15571-f177-4	31	t		e	H
fr15571-f177-5	1	yy		ss|s	M
fr15571-f177-5	2	me		?	U
fr15571-f177-5	3	oo		d	H
fr15571-f177-5	4	B		i|y	M
fr15571-f177-5	5	A		l	H
fr15571-f177-5	6	x		e	H
fr15571-f177-5	7	H		o	H
fr15571-f177-5	8	f		c|u	M
fr15571-f177-5	9	q		u	H
fr15571-f177-5	10	L		r	H
fr15571-f177-5	11	a		a	H
fr15571-f177-5	12	B		i|y	M
fr15571-f177-5	13	m		t	H
fr15571-f177-5	14	t		e	H
fr15571-f177-5	15	7		o	H
fr15571-f177-5	16	U		?	U
fr15571-f177-5	17	q		u	H
fr15571-f177-5	18	E		i|y	M
fr15571-f177-5	19	e		r	H
fr15571-f177-5	20	d		s	H
fr15571-f177-5	21	n		l	H
fr15571-f177-5	22	h		e	H
fr15571-f177-5	23	y		?	U
fr15571-f177-5	24	B		i|y	M
fr15571-f177-5	25	B		i|y	M
fr15571-f177-5	26	m		t	H
fr15571-f177-5	27	oo		d	H
fr15571-f177-5	28	t		e	H
fr15571-f177-5	29	z		?	U
fr15571-f177-5	30	L		r	H
fr15571-f177-5	31	a		a	H
fr15571-f177-6	1	yy		ss|s	M
fr15571-f177-6	2	.v.		n	H
fr15571-f177-6	3	w-		d	H
fr15571-f177-6	4	U		?	U
fr15571-f177-6	5	q		u	H
fr15571-f177-6	6	E		i|y	M
fr15571-f177-6	7	t		e	H
fr15571-f177-6	8	c		p	H
fr15571-f177-6	9	7		o	H
fr15571-f177-6	10	4+		m	H
fr15571-f177-6	11	o		i	H
fr15571-f177-6	12	Ze		t	H
fr15571-f177-6	13	B		i|y	M
fr15571-f177-6	14	H		o	H
fr15571-f177-6	15	ff		n|o	M
fr15571-f177-6	16	U		?	U
fr15571-f177-6	17	B		i|y	M
fr15571-f177-6	18	m		t	H
fr15571-f177-6	19	L		r	H
fr15571-f177-6	20	U		?	U
fr15571-f177-6	21	oo		d	H
fr15571-f177-6	22	h		e	H
fr15571-f177-6	23	24		nostre	H
fr15571-f177-6	24	e		r	H
fr15571-f177-6	25	t		e	H
fr15571-f177-6	26	73		?	U
fr15571-f177-6	27	h		e	H
fr15571-f177-6	28	B		i|y	M
fr15571-f177-6	29	n		l	H
fr15571-f177-6	30	x		e	H
fr15571-f177-7	1	E		i|y	M
fr15571-f177-7	2	4+		m	H
fr15571-f177-7	3	5		?	U
fr15571-f177-7	4	o		i	H
fr15571-f177-7	5	yy		ss|s	M
fr15571-f177-7	6	a		a	H
fr15571-f177-7	7	.v.		n	H
fr15571-f177-7	8	d		s	H
fr15571-f177-7	9	t		e	H
fr15571-f177-7	10	oo		d	H
fr15571-f177-7	11	B		i|y	M
fr15571-f177-7	12	4+		m	H
fr15571-f177-7	13	m		t	H
fr15571-f177-7	14	x		e	H
fr15571-f177-7	15	o		i	H
fr15571-f177-7	16	he		l	H
fr15571-f177-7	17	B		i|y	M
fr15571-f177-7	18	q		u	H
fr15571-f177-7	19	a		a	H
fr15571-f177-7	20	oo		d	H
fr15571-f177-7	21	t		e	H
fr15571-f177-7	22	E		i|y	M
fr15571-f177-7	23	7		o	H
fr15571-f177-7	24	U		?	U
fr15571-f177-7	25	Ze		t	H
fr15571-f177-7	26	f		c|u	M
fr15571-f177-7	27	t		e	H
fr15571-f177-7	28	n		l	H
fr15571-f177-7	29	a		a	H
fr15571-f177-7	30	3		e	H
fr15571-f177-7	31	4+		m	H
fr15571-f177-7	32	14		que	H
fr15571-f177-8	1	A		l	H
fr15571-f177-8	2	7		o	H
fr15571-f177-8	3	.v.		n	H
fr15571-f177-8	4	w-		d	H
fr15571-f177-8	5	o		i	H
fr15571-f177-8	6	d		s	H
fr15571-f177-8	7	m		t	H
fr15571-f177-8	8	4+		m	H
fr15571-f177-8	9	H		o	H
fr15571-f177-8	10	B		i|y	M
fr15571-f177-8	11	m		t	H
fr15571-f177-8	12	U		?	U
fr15571-f177-8	13	L		r	H
fr15571-f177-8	14	B		i|y	M
fr15571-f177-8	15	14		que	H
fr15571-f177-8	16	7		o	H
fr15571-f177-8	17	U		?	U
fr15571-f177-8	18	e		r	H
fr15571-f177-8	19	m		t	H
fr15571-f177-8	20	e		r	H
fr15571-f177-8	21	t		e	H
fr15571-f177-8	22	H		o	H
fr15571-f177-8	23	U		?	U
fr15571-f177-8	24	n		l	H
fr15571-f177-8	25	a		a	H
fr15571-f177-8	26	A		l	H
fr15571-f177-8	27	B		i|y	M
fr15571-f177-8	28	f		c|u	M
fr15571-f177-8	29	a		a	H
fr15571-f177-9	1	E		i|y	M
fr15571-f177-9	2	d		s	H
fr15571-f177-9	3	25		nous	H
fr15571-f177-9	4	4+		m	H
fr15571-f177-9	5	o		i	H
fr15571-f177-9	6	o		i	H
fr15571-f177-9	7	L		r	H
fr15571-f177-9	8	7		o	H
fr15571-f177-9	9	o		i	H
fr15571-f177-9	10	m		t	H
fr15571-f177-9	11	Ze		t	H
fr15571-f177-9	12	e		r	H
fr15571-f177-9	13	a		a	H
fr15571-f177-9	14	B		i|y	M
fr15571-f177-9	15	E		i|y	M
fr15571-f177-9	16	1		?	U
fr15571-f177-9	17	o		i	H
fr15571-f177-9	18	4+		m	H
fr15571-f177-9	19	U		?	U
fr15571-f177-9	20	d		s	H
fr15571-f177-9	21	g		u	H
fr15571-f177-9	22	U		?	U
fr15571-f177-9	23	c		p	H
fr15571-f177-9	24	7		o	H
fr15571-f177-9	25	s		u	H
fr15571-f177-9	26	T=		m|mm	M
fr15571-f177-9	27	q		u	H
fr15571-f177-9	28	o		i	H
fr15571-f177-9	29	w-		d	H
fr15571-f177-10	1	h		e	H
fr15571-f177-10	2	L		r	H
fr15571-f177-10	3	D2		?	U
fr15571-f177-10	4	e		r	H
fr15571-f177-10	5	4+		m	H
fr15571-f177-10	6	oo		d	H
fr15571-f177-10	7	h		e	H
fr15571-f177-10	8	d		s	H
fr15571-f177-10	9	f		c|u	M
fr15571-f177-10	10	U		?	U
fr15571-f177-10	11	ff		n|o	M
fr15571-f177-10	12	f		c|u	M
fr15571-f177-10	13	t		e	H
fr15571-f177-10	14	w-		d	H
fr15571-f177-10	15	BOX2		?	U
fr15571-f177-10	16	q		u	H
fr15571-f177-10	17	o		i	H
fr15571-f177-10	18	U		?	U
fr15571-f177-10	19	z		?	U
fr15571-f177-10	20	B		i|y	M
fr15571-f177-10	21	U		?	U
fr15571-f177-10	22	m		t	H
fr15571-f177-10	23	h		e	H
fr15571-f177-10	24	h		e	H
fr15571-f177-10	25	4+		m	H
fr15571-f177-10	26	m		t	H
fr15571-f177-10	27	a		a	H
fr15571-f177-10	28	.v.		n	H
fr15571-f177-10	29	d		s	H
fr15571-f177-11	1	oo		d	H
fr15571-f177-11	2	t		e	H
fr15571-f177-11	3	z		?	U
fr15571-f177-11	4	o		i	H
fr15571-f177-11	5	D2		?	U
fr15571-f177-11	6	4+		m	H
fr15571-f177-11	7	z		?	U
fr15571-f177-11	8	oo		d	H
fr15571-f177-11	9	h		e	H
fr15571-f177-11	10	d		s	H
fr15571-f177-11	11	f		c|u	M
fr15571-f177-11	12	7		o	H
fr15571-f177-11	13	U		?	U
fr15571-f177-11	14	U		?	U
fr15571-f177-11	15	q		u	H
fr15571-f177-11	16	1		?	U
fr15571-f177-11	17	4+		m	H
fr15571-f177-11	18	25		nous	H
fr15571-f177-11	19	H		o	H
fr15571-f177-11	20	H		o	H
fr15571-f177-11	21	.v.		n	H
fr15571-f177-11	22	4+		m	H
fr15571-f177-11	23	U		?	U
fr15571-f177-11	24	B		i|y	M
fr15571-f177-11	25	Ze		t	H
fr15571-f177-11	26	3		e	H
fr15571-f177-11	27	q		u	H
fr15571-f177-11	28	B		i|y	M
fr15571-f177-11	29	d		s	H
fr15571-f177-11	30	14		que	H
fr15571-f177-11	31	q		u	H
fr15571-f177-12	1	3		e	H
fr15571-f177-12	2	n		l	H
fr15571-f177-12	3	q		u	H
fr15571-f177-12	4	B		i|y	M
fr15571-f177-12	5	H		o	H
fr15571-f177-12	6	7		o	H
fr15571-f177-12	7	o		i	H
fr15571-f177-12	8	m		t	H
fr15571-f177-12	9	q		u	H
fr15571-f177-12	10	oo		d	H
fr15571-f177-12	11	s		u	H
fr15571-f177-12	12	B		i|y	M
fr15571-f177-12	13	q		u	H
fr15571-f177-12	14	w-		d	H
fr15571-f177-12	15	h		e	H
fr15571-f177-12	16	B		i|y	M
fr15571-f177-12	17	4+		m	H
fr15571-f177-12	18	L		r	H
fr15571-f177-12	19	U		?	U
fr15571-f177-12	20	4+		m	H
fr15571-f177-12	21	Ze		t	H
fr15571-f177-12	22	t		e	H
fr15571-f177-12	23	oo		d	H
fr15571-f177-12	24	B		i|y	M
fr15571-f177-12	25	.v.		n	H
fr15571-f177-12	26	Ze		t	H
fr15571-f177-12	27	h		e	H
fr15571-f177-12	28	B		i|y	M
fr15571-f177-12	29	z		?	U
fr15571-f177-12	30	q		u	H
fr15571-f177-12	31	o		i	H
fr15571-f177-12	32	U		?	U
fr15571-f177-13	1	B		i|y	M
fr15571-f177-13	2	t		e	H
fr15571-f177-13	3	14		que	H
fr15571-f177-13	4	4+		m	H
fr15571-f177-13	5	7		o	H
fr15571-f177-13	6	B		i|y	M
fr15571-f177-13	7	d		s	H
fr15571-f177-13	8	B		i|y	M
fr15571-f177-13	9	U		?	U
fr15571-f177-13	10	BOX2		?	U
fr15571-f177-13	11	T=		m|mm	M
fr15571-f177-13	12	e		r	H
fr15571-f177-13	13	t		e	H
fr15571-f177-13	14	4+		m	H
fr15571-f177-13	15	x		e	H
fr15571-f177-13	16	T=		m|mm	M
fr15571-f177-13	17	B		i|y	M
fr15571-f177-13	18	q		u	H
fr15571-f177-13	19	d		s	H
fr15571-f177-13	20	4+		m	H
fr15571-f177-13	21	a		a	H
fr15571-f177-13	22	e		r	H
fr15571-f177-13	23	oo		d	H
fr15571-f177-13	24	t		e	H
fr15571-f177-13	25	4+		m	H
fr15571-f177-13	26	a		a	H
fr15571-f177-13	27	m		t	H
fr15571-f177-13	28	o		i	H
fr15571-f177-13	29	z		?	U
fr15571-f177-13	30	B		i|y	M
fr15571-f177-13	31	7		o	H
fr15571-f177-14	1	6		i|n|s	M
fr15571-f177-14	2	d		s	H
fr15571-f177-14	3	o		i	H
fr15571-f177-14	4	U		?	U
fr15571-f177-14	5	yy		ss|s	M
fr15571-f177-14	6	E		i|y	M
fr15571-f177-14	7	T=		m|mm	M
fr15571-f177-14	8	7		o	H
fr15571-f177-14	9	o		i	H
fr15571-f177-14	10	m		t	H
fr15571-f177-14	11	X		a	H
fr15571-f177-14	12	q		u	H
fr15571-f177-14	13	t		e	H
fr15571-f177-14	14	f		c|u	M
fr15571-f177-14	15	B		i|y	M
fr15571-f177-14	16	4+		m	H
fr15571-f177-14	17	B		i|y	M
fr15571-f177-14	18	2		?	U
fr15571-f177-14	19	w-		d	H
fr15571-f177-14	20	h		e	H
fr15571-f177-14	21	M		f	H
fr15571-f177-14	22	4+		m	H
fr15571-f177-14	23	L		r	H
fr15571-f177-14	24	d		s	H
fr15571-f177-14	25	B		i|y	M
fr15571-f177-14	26	q		u	H
fr15571-f177-14	27	d		s	H
fr15571-f177-14	28	B		i|y	M
fr15571-f177-14	29	7		o	H
fr15571-f177-14	30	e		r	H
fr15571-f177-15	1	h		e	H
fr15571-f177-15	2	d		s	H
fr15571-f177-15	3	B		i|y	M
fr15571-f177-15	4	e		r	H
fr15571-f177-15	5	U		?	U
fr15571-f177-15	6	E		i|y	M
fr15571-f177-15	7	f		c|u	M
fr15571-f177-15	8	U		?	U
fr15571-f177-15	9	t		e	H
fr15571-f177-15	10	R		p	H
fr15571-f177-15	11	a		a	H
fr15571-f177-15	12	e		r	H
fr15571-f177-15	13	t		e	H
fr15571-f177-15	14	t		e	H
fr15571-f177-15	15	T=		m|mm	M
fr15571-f177-15	16	D2		?	U
fr15571-f177-15	17	q		u	H
fr15571-f177-15	18	yy		ss|s	M
fr15571-f177-15	19	B		i|y	M
fr15571-f177-15	20	d		s	H
fr15571-f177-15	21	B		i|y	M
fr15571-f177-15	22	13		qui	H
fr15571-f177-15	23	d		s	H
fr15571-f177-15	24	t		e	H
fr15571-f177-15	25	e		r	H
fr15571-f177-15	26	7		o	H
fr15571-f177-15	27	o		i	H
fr15571-f177-15	28	m		t	H
fr15571-f177-16	1	.v.		n	H
fr15571-f177-16	2	t		e	H
fr15571-f177-16	3	H		o	H
fr15571-f177-16	4	B		i|y	M
fr15571-f177-16	5	d		s	H
fr15571-f177-16	6	o		i	H
fr15571-f177-16	7	3		e	H
fr15571-f177-16	8	L		r	H
fr15571-f177-16	9	t		e	H
fr15571-f177-16	10	f		c|u	M
fr15571-f177-16	11	7		o	H
fr15571-f177-16	12	g		u	H
fr15571-f177-16	13	e		r	H
fr15571-f177-16	14	B		i|y	M
fr15571-f177-16	15	L		r	H
fr15571-f177-16	16	B		i|y	M
fr15571-f177-16	17	d		s	H
fr15571-f177-16	18	t		e	H
fr15571-f177-16	19	BOX2		?	U
fr15571-f177-16	20	q		u	H
fr15571-f177-16	21	o		i	H
fr15571-f177-16	22	T		?	U
fr15571-f177-16	23	f		c|u	M
fr15571-f177-16	24	U		?	U
fr15571-f177-16	25	q		u	H
fr15571-f177-16	26	m		t	H
fr15571-f177-16	27	U		?	U
fr15571-f177-16	28	q		u	H
fr15571-f177-16	29	e		r	H
fr15571-f177-16	30	t		e	H
fr15571-f177-16	31	yy		ss|s	M
fr15571-f177-17	1	X		a	H
fr15571-f177-17	2	e		r	H
fr15571-f177-17	3	a		a	H
fr15571-f177-17	4	f		c|u	M
fr15571-f177-17	5	L		r	H
fr15571-f177-17	6	3		e	H
fr15571-f177-17	7	oo		d	H
fr15571-f177-17	8	B		i|y	M
fr15571-f177-17	9	5		?	U
fr15571-f177-17	10	U		?	U
fr15571-f177-17	11	T=		m|mm	M
fr15571-f177-17	12	h		e	H
fr15571-f177-17	13	f		c|u	M
fr15571-f177-17	14	t		e	H
fr15571-f177-17	15	R		p	H
fr15571-f177-17	16	B		i|y	M
fr15571-f177-17	17	.v.		n	H
fr15571-f177-17	18	oo		d	H
fr15571-f177-17	19	B		i|y	M
fr15571-f177-17	20	m		t	H
fr15571-f177-17	21	14		que	H
fr15571-f177-17	22	25		nous	H
fr15571-f177-17	23	H		o	H
fr15571-f177-17	24	7		o	H
fr15571-f177-17	25	yy		ss|s	M
fr15571-f177-17	26	m		t	H
fr15571-f177-17	27	o		i	H
fr15571-f177-17	28	B		i|y	M
fr15571-f177-18	1	y		?	U
fr15571-f177-18	2	L		r	H
fr15571-f177-18	3	o		i	H
fr15571-f177-18	4	7		o	H
fr15571-f177-18	5	B		i|y	M
fr15571-f177-18	6	d		s	H
fr15571-f177-18	7	H		o	H
fr15571-f177-18	8	t		e	H
fr15571-f177-18	9	d		s	H
fr15571-f177-18	10	B		i|y	M
fr15571-f177-18	11	t		e	H
fr15571-f177-18	12	y		?	U
fr15571-f177-18	13	B		i|y	M
fr15571-f177-18	14	2		?	U
fr15571-f177-18	15	4+		m	H
fr15571-f177-18	16	4		?	U
fr15571-f177-18	17	9		?	U
fr15571-f177-18	18	25		nous	H
fr15571-f177-18	19	U		?	U
fr15571-f177-18	20	q		u	H
fr15571-f177-18	21	m		t	H
fr15571-f177-18	22	o		i	H
fr15571-f177-18	23	7		o	H
fr15571-f177-18	24	B		i|y	M
fr15571-f177-18	25	U		?	U
fr15571-f177-18	26	f		c|u	M
fr15571-f177-18	27	H		o	H
fr15571-f177-18	28	s		u	H
fr15571-f177-18	29	e		r	H
fr15571-f177-18	30	yy		ss|s	M
fr15571-f177-19	1	f		c|u	M
fr15571-f177-19	2	E		i|y	M
fr15571-f177-19	3	7		o	H
fr15571-f177-19	4	f		c|u	M
fr15571-f177-19	5	fe		?	U
fr15571-f177-19	6	t		e	H
fr15571-f177-19	7	f		c|u	M
fr15571-f177-19	8	U		?	U
fr15571-f177-19	9	R		p	H
fr15571-f177-19	10	o		i	H
fr15571-f177-19	11	d		s	H
fr15571-f177-19	12	4+		m	H
fr15571-f177-19	13	q		u	H
fr15571-f177-19	14	B		i|y	M
fr15571-f177-19	15	Ze		t	H
fr15571-f177-19	16	A		l	H
fr15571-f177-19	17	t		e	H
fr15571-f177-19	18	oo		d	H
fr15571-f177-19	19	o		i	H
fr15571-f177-19	20	d		s	H
fr15571-f177-19	21	m		t	H
fr15571-f177-19	22	d		s	H
fr15571-f177-19	23	o		i	H
fr15571-f177-19	24	U		?	U
fr15571-f177-19	25	g		u	H
fr15571-f177-19	26	L		r	H
fr15571-f177-19	27	w-		d	H
fr15571-f177-19	28	t		e	H
fr15571-f177-19	29	4+		m	H
fr15571-f177-19	30	D2		?	U
fr15571-f177-19	31	Ze		t	H
fr15571-f177-20	1	o		i	H
fr15571-f177-20	2	y		?	U
fr15571-f177-20	3	.v.		n	H
fr15571-f177-20	4	4+		m	H
fr15571-f177-20	5	B		i|y	M
fr15571-f177-20	6	D2		?	U
fr15571-f177-20	7	U		?	U
fr15571-f177-20	8	5		?	U
fr15571-f177-20	9	me		?	U
fr15571-f177-20	10	q		u	H
fr15571-f177-20	11	w-		d	H
fr15571-f177-20	12	BOX2		?	U
fr15571-f177-20	13	B		i|y	M
fr15571-f177-20	14	q		u	H
fr15571-f177-20	15	oo		d	H
fr15571-f177-20	16	t		e	H
fr15571-f177-20	17	X		a	H
fr15571-f177-20	18	7		o	H
fr15571-f177-20	19	s		u	H
fr15571-f177-20	20	T		?	U
fr15571-f177-20	21	w-		d	H
fr15571-f177-20	22	B		i|y	M
fr15571-f177-20	23	a		a	H
fr15571-f177-20	24	q		u	H
fr15571-f177-20	25	U		?	U
fr15571-f177-20	26	14		que	H
fr15571-f177-20	27	8		g	H
fr15571-f177-20	28	4		?	U
fr15571-f177-20	29	T=		m|mm	M
fr15571-f177-21	1	U		?	U
fr15571-f177-21	2	d		s	H
fr15571-f177-21	3	m		t	H
fr15571-f177-21	4	7		o	H
fr15571-f177-21	5	o		i	H
fr15571-f177-21	6	de		?	U
fr15571-f177-21	7	f		c|u	M
fr15571-f177-21	8	D2		?	U
fr15571-f177-21	9	L		r	H
fr15571-f177-21	10	5		?	U
fr15571-f177-21	11	h		e	H
fr15571-f177-21	12	.v.		n	H
fr15571-f177-21	13	d		s	H
fr15571-f177-21	14	o		i	H
fr15571-f177-21	15	4+		m	H
fr15571-f177-21	16	f		c|u	M
fr15571-f177-21	17	o		i	H
fr15571-f177-21	18	3		e	H
fr15571-f177-21	19	z		?	U
fr15571-f177-21	20	B		i|y	M
fr15571-f177-21	21	t		e	H
fr15571-f177-21	22	X		a	H
fr15571-f177-21	23	5		?	U
fr15571-f177-21	24	U		?	U
fr15571-f177-21	25	d		s	H
fr15571-f177-21	26	M		f	H
fr15571-f177-21	27	7		o	H
fr15571-f177-21	28	T		?	U
fr15571-f177-21	29	f		c|u	M
fr15571-f177-21	30	h		e	H
fr15571-f177-21	31	e		r	H
fr15571-f177-22	1	6		i|n|s	M
fr15571-f177-22	2	m		t	H
fr15571-f177-22	3	H		o	H
fr15571-f177-22	4	q		u	H
fr15571-f177-22	5	.v.		n	H
fr15571-f177-22	6	4+		m	H
fr15571-f177-22	7	B		i|y	M
fr15571-f177-22	8	d		s	H
fr15571-f177-22	9	H		o	H
fr15571-f177-22	10	t		e	H
fr15571-f177-22	11	e		r	H
fr15571-f177-22	12	a		a	H
fr15571-f177-22	13	25		nous	H
fr15571-f177-22	14	D2		?	U
fr15571-f177-22	15	4+		m	H
fr15571-f177-22	16	7		o	H
fr15571-f177-23	1	H		o	H
fr15571-f177-23	2	4+		m	H
fr15571-f177-23	3	a		a	H
fr15571-f177-23	4	yy		ss|s	M
fr15571-f177-23	5	y		?	U
fr15571-f177-23	6	B		i|y	M
fr15571-f177-23	7	e		r	H
fr15571-f177-23	8	27		?	U
fr15571-f177-23	9	f		c|u	M
fr15571-f177-23	10	e		r	H
fr15571-f177-23	11	t		e	H
fr15571-f177-23	12	4+		m	H
fr15571-f177-23	13	E		i|y	M
fr15571-f177-23	14	U		?	U
fr15571-f177-23	15	T		?	U
fr15571-f177-23	16	D2		?	U
fr15571-f177-23	17	a		a	H
fr15571-f177-24	1	4+		m	H
fr15571-f177-24	2	z		?	U
fr15571-f177-24	3	e		r	H
fr15571-f177-24	4	o		i	H
fr15571-f177-24	5	L		r	H
fr15571-f177-24	6	m		t	H
fr15571-f177-24	7	B		i|y	M
fr15571-f177-24	8	t		e	H
fr15571-f177-24	9	13		qui	H
fr15571-f177-24	10	n		l	H
fr15571-f177-24	11	B		i|y	M
fr15571-f177-24	12	U		?	U
fr15571-f177-24	13	4+		m	H
fr15571-f177-24	14	B		i|y	M
fr15571-f177-24	15	B		i|y	M
fr15571-f177-24	16	h		e	H
fr15571-f177-24	17	q		u	H
fr15571-f177-24	18	h		e	H
fr15571-f177-24	19	L		r	H
fr15571-f177-24	20	A		l	H
fr15571-f177-24	21	53		?	U
fr15571-f177-24	22	e		r	H
fr15571-f177-24	23	D2		?	U
fr15571-f177-24	24	4		?	U
fr15571-f177-24	25	o		i	H
fr15571-f177-24	26	m		t	H
fr15571-f177-24	27	B		i|y	M
fr15571-f177-24	28	h		e	H
fr15571-f177-24	29	oo		d	H
fr15571-f177-24	30	U		?	U
fr15571-f177-24	31	me		?	U
