# NA 2.01.08 inv. 189 scan list, from www.nationaalarchief.nl/onderzoeken/archief/2.01.08/invnr/189 drupal-settings-json viewer.response, fetched 3 Oct 2026 (GAPS81)
order	label	id	iiif_info
1	NL-HaNA_2.01.08_189_0001.jpg	314e0b60-8787-4eb2-80ef-fc60cb423f4a	https://service.archief.nl/iip/iipsrv?IIIF=d1/d1/6e/b8/c2/dc/4d/2f/b3/94/e1/01/f9/24/a3/0c/314e0b60-8787-4eb2-80ef-fc60cb423f4a.jp2/info.json
2	NL-HaNA_2.01.08_189_0002.jpg	df6d0f81-61a8-46b6-90e2-f3ad0038b73c	https://service.archief.nl/iip/iipsrv?IIIF=d1/d1/6e/b8/c2/dc/4d/2f/b3/94/e1/01/f9/24/a3/0c/df6d0f81-61a8-46b6-90e2-f3ad0038b73c.jp2/info.json
3	NL-HaNA_2.01.08_189_0003.jpg	2132a0a1-3de6-44dc-b325-a080cc95f01b	https://service.archief.nl/iip/iipsrv?IIIF=d1/d1/6e/b8/c2/dc/4d/2f/b3/94/e1/01/f9/24/a3/0c/2132a0a1-3de6-44dc-b325-a080cc95f01b.jp2/info.json
4	NL-HaNA_2.01.08_189_0004.jpg	10c796ec-dee4-4ce7-a44b-b989e0e2e69f	https://service.archief.nl/iip/iipsrv?IIIF=d1/d1/6e/b8/c2/dc/4d/2f/b3/94/e1/01/f9/24/a3/0c/10c796ec-dee4-4ce7-a44b-b989e0e2e69f.jp2/info.json
5	NL-HaNA_2.01.08_189_0005.jpg	938840b3-adb0-4169-b480-9667f215d469	https://service.archief.nl/iip/iipsrv?IIIF=d1/d1/6e/b8/c2/dc/4d/2f/b3/94/e1/01/f9/24/a3/0c/938840b3-adb0-4169-b480-9667f215d469.jp2/info.json
6	NL-HaNA_2.01.08_189_0006.jpg	b9380758-f627-4748-bc96-16413e71f969	https://service.archief.nl/iip/iipsrv?IIIF=d1/d1/6e/b8/c2/dc/4d/2f/b3/94/e1/01/f9/24/a3/0c/b9380758-f627-4748-bc96-16413e71f969.jp2/info.json
7	NL-HaNA_2.01.08_189_0007.jpg	05986518-cebc-4aa8-9192-92c0b10efada	https://service.archief.nl/iip/iipsrv?IIIF=d1/d1/6e/b8/c2/dc/4d/2f/b3/94/e1/01/f9/24/a3/0c/05986518-cebc-4aa8-9192-92c0b10efada.jp2/info.json
8	NL-HaNA_2.01.08_189_0008.jpg	2931aad4-9e18-4729-a512-9ec566ae1d8a	https://service.archief.nl/iip/iipsrv?IIIF=d1/d1/6e/b8/c2/dc/4d/2f/b3/94/e1/01/f9/24/a3/0c/2931aad4-9e18-4729-a512-9ec566ae1d8a.jp2/info.json
9	NL-HaNA_2.01.08_189_0009.jpg	d9da1a8d-8b2f-467f-a850-d2fd52a3c1c6	https://service.archief.nl/iip/iipsrv?IIIF=d1/d1/6e/b8/c2/dc/4d/2f/b3/94/e1/01/f9/24/a3/0c/d9da1a8d-8b2f-467f-a850-d2fd52a3c1c6.jp2/info.json
10	NL-HaNA_2.01.08_189_0010.jpg	52e23fcc-4cf9-407c-9c68-19c157228869	https://service.archief.nl/iip/iipsrv?IIIF=d1/d1/6e/b8/c2/dc/4d/2f/b3/94/e1/01/f9/24/a3/0c/52e23fcc-4cf9-407c-9c68-19c157228869.jp2/info.json
11	NL-HaNA_2.01.08_189_0011.jpg	799e66f0-e5fb-4b18-99b3-5cab5420fc77	https://service.archief.nl/iip/iipsrv?IIIF=d1/d1/6e/b8/c2/dc/4d/2f/b3/94/e1/01/f9/24/a3/0c/799e66f0-e5fb-4b18-99b3-5cab5420fc77.jp2/info.json
12	NL-HaNA_2.01.08_189_0012.jpg	43e5f629-8b37-44a1-8500-c1db632edde2	https://service.archief.nl/iip/iipsrv?IIIF=d1/d1/6e/b8/c2/dc/4d/2f/b3/94/e1/01/f9/24/a3/0c/43e5f629-8b37-44a1-8500-c1db632edde2.jp2/info.json
13	NL-HaNA_2.01.08_189_0013.jpg	d40e5200-7699-4d81-b7c4-212ad50ccb47	https://service.archief.nl/iip/iipsrv?IIIF=d1/d1/6e/b8/c2/dc/4d/2f/b3/94/e1/01/f9/24/a3/0c/d40e5200-7699-4d81-b7c4-212ad50ccb47.jp2/info.json
14	NL-HaNA_2.01.08_189_0014.jpg	e11920a2-5f8b-49dd-b6fe-7f62c7a00694	https://service.archief.nl/iip/iipsrv?IIIF=d1/d1/6e/b8/c2/dc/4d/2f/b3/94/e1/01/f9/24/a3/0c/e11920a2-5f8b-49dd-b6fe-7f62c7a00694.jp2/info.json
15	NL-HaNA_2.01.08_189_0015.jpg	4835b2fc-d6d8-4a98-96a8-fb3bab353e98	https://service.archief.nl/iip/iipsrv?IIIF=d1/d1/6e/b8/c2/dc/4d/2f/b3/94/e1/01/f9/24/a3/0c/4835b2fc-d6d8-4a98-96a8-fb3bab353e98.jp2/info.json
16	NL-HaNA_2.01.08_189_0016.jpg	50e6e603-bca2-43d0-b250-9f04fa6cf9a7	https://service.archief.nl/iip/iipsrv?IIIF=d1/d1/6e/b8/c2/dc/4d/2f/b3/94/e1/01/f9/24/a3/0c/50e6e603-bca2-43d0-b250-9f04fa6cf9a7.jp2/info.json
17	NL-HaNA_2.01.08_189_0017.jpg	02248a3a-cc13-4fc0-aa34-6e52463e2ba4	https://service.archief.nl/iip/iipsrv?IIIF=d1/d1/6e/b8/c2/dc/4d/2f/b3/94/e1/01/f9/24/a3/0c/02248a3a-cc13-4fc0-aa34-6e52463e2ba4.jp2/info.json
18	NL-HaNA_2.01.08_189_0018.jpg	562ecaa1-9e3d-4ca6-8f00-5bea6d62121f	https://service.archief.nl/iip/iipsrv?IIIF=d1/d1/6e/b8/c2/dc/4d/2f/b3/94/e1/01/f9/24/a3/0c/562ecaa1-9e3d-4ca6-8f00-5bea6d62121f.jp2/info.json
19	NL-HaNA_2.01.08_189_0019.jpg	e4725332-ad71-4494-881c-d99f71b8c399	https://service.archief.nl/iip/iipsrv?IIIF=d1/d1/6e/b8/c2/dc/4d/2f/b3/94/e1/01/f9/24/a3/0c/e4725332-ad71-4494-881c-d99f71b8c399.jp2/info.json
20	NL-HaNA_2.01.08_189_0020.jpg	00234316-5908-4867-9ae0-25a6e0ae5df4	https://service.archief.nl/iip/iipsrv?IIIF=d1/d1/6e/b8/c2/dc/4d/2f/b3/94/e1/01/f9/24/a3/0c/00234316-5908-4867-9ae0-25a6e0ae5df4.jp2/info.json
21	NL-HaNA_2.01.08_189_0021.jpg	8525f5ff-1a75-4968-80a8-0cdc9daa0f9b	https://service.archief.nl/iip/iipsrv?IIIF=d1/d1/6e/b8/c2/dc/4d/2f/b3/94/e1/01/f9/24/a3/0c/8525f5ff-1a75-4968-80a8-0cdc9daa0f9b.jp2/info.json
22	NL-HaNA_2.01.08_189_0022.jpg	99349fba-1b23-4b3c-ab4e-24596dec7120	https://service.archief.nl/iip/iipsrv?IIIF=d1/d1/6e/b8/c2/dc/4d/2f/b3/94/e1/01/f9/24/a3/0c/99349fba-1b23-4b3c-ab4e-24596dec7120.jp2/info.json
23	NL-HaNA_2.01.08_189_0023.jpg	1a0491ed-1141-4acb-83c3-a4df7586aab3	https://service.archief.nl/iip/iipsrv?IIIF=d1/d1/6e/b8/c2/dc/4d/2f/b3/94/e1/01/f9/24/a3/0c/1a0491ed-1141-4acb-83c3-a4df7586aab3.jp2/info.json
24	NL-HaNA_2.01.08_189_0024.jpg	6e267f3e-8072-4d5d-9ba1-f71b45ad1d1d	https://service.archief.nl/iip/iipsrv?IIIF=d1/d1/6e/b8/c2/dc/4d/2f/b3/94/e1/01/f9/24/a3/0c/6e267f3e-8072-4d5d-9ba1-f71b45ad1d1d.jp2/info.json
25	NL-HaNA_2.01.08_189_0025.jpg	05e37e52-fa9d-4a78-846d-351cb29f97bd	https://service.archief.nl/iip/iipsrv?IIIF=d1/d1/6e/b8/c2/dc/4d/2f/b3/94/e1/01/f9/24/a3/0c/05e37e52-fa9d-4a78-846d-351cb29f97bd.jp2/info.json
26	NL-HaNA_2.01.08_189_0026.jpg	f4c5ab2e-2024-4ef0-afda-cbbe4ea6e049	https://service.archief.nl/iip/iipsrv?IIIF=d1/d1/6e/b8/c2/dc/4d/2f/b3/94/e1/01/f9/24/a3/0c/f4c5ab2e-2024-4ef0-afda-cbbe4ea6e049.jp2/info.json
27	NL-HaNA_2.01.08_189_0027.jpg	a3cfca29-9366-4c08-aa19-5658da86a9a0	https://service.archief.nl/iip/iipsrv?IIIF=d1/d1/6e/b8/c2/dc/4d/2f/b3/94/e1/01/f9/24/a3/0c/a3cfca29-9366-4c08-aa19-5658da86a9a0.jp2/info.json
28	NL-HaNA_2.01.08_189_0028.jpg	7e6ba17e-4851-453a-95c5-083d9edb1752	https://service.archief.nl/iip/iipsrv?IIIF=d1/d1/6e/b8/c2/dc/4d/2f/b3/94/e1/01/f9/24/a3/0c/7e6ba17e-4851-453a-95c5-083d9edb1752.jp2/info.json
29	NL-HaNA_2.01.08_189_0029.jpg	2aae684c-baad-4d60-b305-fd4a3b7b98e5	https://service.archief.nl/iip/iipsrv?IIIF=d1/d1/6e/b8/c2/dc/4d/2f/b3/94/e1/01/f9/24/a3/0c/2aae684c-baad-4d60-b305-fd4a3b7b98e5.jp2/info.json
30	NL-HaNA_2.01.08_189_0030.jpg	a4cb4f7e-68af-4c33-a34e-a4c35d49e24d	https://service.archief.nl/iip/iipsrv?IIIF=d1/d1/6e/b8/c2/dc/4d/2f/b3/94/e1/01/f9/24/a3/0c/a4cb4f7e-68af-4c33-a34e-a4c35d49e24d.jp2/info.json
31	NL-HaNA_2.01.08_189_0031.jpg	96b37928-92cd-45e9-a839-4c8623516cd0	https://service.archief.nl/iip/iipsrv?IIIF=d1/d1/6e/b8/c2/dc/4d/2f/b3/94/e1/01/f9/24/a3/0c/96b37928-92cd-45e9-a839-4c8623516cd0.jp2/info.json
32	NL-HaNA_2.01.08_189_0032.jpg	33537038-e70c-4375-9ee8-6453f6d790f9	https://service.archief.nl/iip/iipsrv?IIIF=d1/d1/6e/b8/c2/dc/4d/2f/b3/94/e1/01/f9/24/a3/0c/33537038-e70c-4375-9ee8-6453f6d790f9.jp2/info.json
33	NL-HaNA_2.01.08_189_0033.jpg	1848af88-bcb5-42c2-b24c-1654c1123ecc	https://service.archief.nl/iip/iipsrv?IIIF=d1/d1/6e/b8/c2/dc/4d/2f/b3/94/e1/01/f9/24/a3/0c/1848af88-bcb5-42c2-b24c-1654c1123ecc.jp2/info.json
34	NL-HaNA_2.01.08_189_0034.jpg	4a1d2af3-bafb-4322-a82b-1b8c5bf9873f	https://service.archief.nl/iip/iipsrv?IIIF=d1/d1/6e/b8/c2/dc/4d/2f/b3/94/e1/01/f9/24/a3/0c/4a1d2af3-bafb-4322-a82b-1b8c5bf9873f.jp2/info.json
35	NL-HaNA_2.01.08_189_0035.jpg	7a0f175e-a882-41cd-b257-12d4387bfbf6	https://service.archief.nl/iip/iipsrv?IIIF=d1/d1/6e/b8/c2/dc/4d/2f/b3/94/e1/01/f9/24/a3/0c/7a0f175e-a882-41cd-b257-12d4387bfbf6.jp2/info.json
36	NL-HaNA_2.01.08_189_0036.jpg	f40fb1cf-2a7a-491f-9dcd-8457d29b695e	https://service.archief.nl/iip/iipsrv?IIIF=d1/d1/6e/b8/c2/dc/4d/2f/b3/94/e1/01/f9/24/a3/0c/f40fb1cf-2a7a-491f-9dcd-8457d29b695e.jp2/info.json
37	NL-HaNA_2.01.08_189_0037.jpg	a8068015-9288-41c0-8ddd-f3055301d2b8	https://service.archief.nl/iip/iipsrv?IIIF=d1/d1/6e/b8/c2/dc/4d/2f/b3/94/e1/01/f9/24/a3/0c/a8068015-9288-41c0-8ddd-f3055301d2b8.jp2/info.json
38	NL-HaNA_2.01.08_189_0038.jpg	7769128a-bb68-4253-ab4f-a99e407efe9e	https://service.archief.nl/iip/iipsrv?IIIF=d1/d1/6e/b8/c2/dc/4d/2f/b3/94/e1/01/f9/24/a3/0c/7769128a-bb68-4253-ab4f-a99e407efe9e.jp2/info.json
39	NL-HaNA_2.01.08_189_0039.jpg	7ffb91f3-d421-414b-9015-817a732dc291	https://service.archief.nl/iip/iipsrv?IIIF=d1/d1/6e/b8/c2/dc/4d/2f/b3/94/e1/01/f9/24/a3/0c/7ffb91f3-d421-414b-9015-817a732dc291.jp2/info.json
40	NL-HaNA_2.01.08_189_0040.jpg	299a099c-0f4c-44dd-955f-851cb2db4e7b	https://service.archief.nl/iip/iipsrv?IIIF=d1/d1/6e/b8/c2/dc/4d/2f/b3/94/e1/01/f9/24/a3/0c/299a099c-0f4c-44dd-955f-851cb2db4e7b.jp2/info.json
41	NL-HaNA_2.01.08_189_0041.jpg	26dc94a2-955c-4c58-a13d-43db75eda518	https://service.archief.nl/iip/iipsrv?IIIF=d1/d1/6e/b8/c2/dc/4d/2f/b3/94/e1/01/f9/24/a3/0c/26dc94a2-955c-4c58-a13d-43db75eda518.jp2/info.json
42	NL-HaNA_2.01.08_189_0042.jpg	f9fda306-dca4-49ee-8320-3de50e4d8440	https://service.archief.nl/iip/iipsrv?IIIF=d1/d1/6e/b8/c2/dc/4d/2f/b3/94/e1/01/f9/24/a3/0c/f9fda306-dca4-49ee-8320-3de50e4d8440.jp2/info.json
43	NL-HaNA_2.01.08_189_0043.jpg	52750e6c-6e10-45ca-a8c0-13136d254a19	https://service.archief.nl/iip/iipsrv?IIIF=d1/d1/6e/b8/c2/dc/4d/2f/b3/94/e1/01/f9/24/a3/0c/52750e6c-6e10-45ca-a8c0-13136d254a19.jp2/info.json
44	NL-HaNA_2.01.08_189_0044.jpg	0f92e1aa-7edf-4037-8e01-f2782155defa	https://service.archief.nl/iip/iipsrv?IIIF=d1/d1/6e/b8/c2/dc/4d/2f/b3/94/e1/01/f9/24/a3/0c/0f92e1aa-7edf-4037-8e01-f2782155defa.jp2/info.json
45	NL-HaNA_2.01.08_189_0045.jpg	8dfa0079-de70-4c5a-8630-df8cc72b7a03	https://service.archief.nl/iip/iipsrv?IIIF=d1/d1/6e/b8/c2/dc/4d/2f/b3/94/e1/01/f9/24/a3/0c/8dfa0079-de70-4c5a-8630-df8cc72b7a03.jp2/info.json
46	NL-HaNA_2.01.08_189_0046.jpg	b9b3d487-62ca-4909-90ab-f1ace1abcc10	https://service.archief.nl/iip/iipsrv?IIIF=d1/d1/6e/b8/c2/dc/4d/2f/b3/94/e1/01/f9/24/a3/0c/b9b3d487-62ca-4909-90ab-f1ace1abcc10.jp2/info.json
47	NL-HaNA_2.01.08_189_0047.jpg	fd776742-3d5b-48f8-9355-9c03934be50d	https://service.archief.nl/iip/iipsrv?IIIF=d1/d1/6e/b8/c2/dc/4d/2f/b3/94/e1/01/f9/24/a3/0c/fd776742-3d5b-48f8-9355-9c03934be50d.jp2/info.json
48	NL-HaNA_2.01.08_189_0048.jpg	4747f088-33fd-42d4-bdf3-d616b047ca4d	https://service.archief.nl/iip/iipsrv?IIIF=d1/d1/6e/b8/c2/dc/4d/2f/b3/94/e1/01/f9/24/a3/0c/4747f088-33fd-42d4-bdf3-d616b047ca4d.jp2/info.json
49	NL-HaNA_2.01.08_189_0049.jpg	28d8d085-e922-4a6f-a32d-777aa923ce0e	https://service.archief.nl/iip/iipsrv?IIIF=d1/d1/6e/b8/c2/dc/4d/2f/b3/94/e1/01/f9/24/a3/0c/28d8d085-e922-4a6f-a32d-777aa923ce0e.jp2/info.json
50	NL-HaNA_2.01.08_189_0050.jpg	a717d5f5-fb1c-467d-ad8b-346eab26aa47	https://service.archief.nl/iip/iipsrv?IIIF=d1/d1/6e/b8/c2/dc/4d/2f/b3/94/e1/01/f9/24/a3/0c/a717d5f5-fb1c-467d-ad8b-346eab26aa47.jp2/info.json
51	NL-HaNA_2.01.08_189_0051.jpg	0df688cb-7e48-461e-afd8-0e62d20c21c7	https://service.archief.nl/iip/iipsrv?IIIF=d1/d1/6e/b8/c2/dc/4d/2f/b3/94/e1/01/f9/24/a3/0c/0df688cb-7e48-461e-afd8-0e62d20c21c7.jp2/info.json
52	NL-HaNA_2.01.08_189_0052.jpg	8d418958-aa8d-442b-a7d8-0be57a8ad340	https://service.archief.nl/iip/iipsrv?IIIF=d1/d1/6e/b8/c2/dc/4d/2f/b3/94/e1/01/f9/24/a3/0c/8d418958-aa8d-442b-a7d8-0be57a8ad340.jp2/info.json
53	NL-HaNA_2.01.08_189_0053.jpg	39c305fc-000d-44d2-a0d8-c2dc64dc92f1	https://service.archief.nl/iip/iipsrv?IIIF=d1/d1/6e/b8/c2/dc/4d/2f/b3/94/e1/01/f9/24/a3/0c/39c305fc-000d-44d2-a0d8-c2dc64dc92f1.jp2/info.json
54	NL-HaNA_2.01.08_189_0054.jpg	2e21e4bf-de03-4105-a022-a37cd36ad11c	https://service.archief.nl/iip/iipsrv?IIIF=d1/d1/6e/b8/c2/dc/4d/2f/b3/94/e1/01/f9/24/a3/0c/2e21e4bf-de03-4105-a022-a37cd36ad11c.jp2/info.json
55	NL-HaNA_2.01.08_189_0055.jpg	ab87d012-3a30-4130-ad5b-2f1b88140b12	https://service.archief.nl/iip/iipsrv?IIIF=d1/d1/6e/b8/c2/dc/4d/2f/b3/94/e1/01/f9/24/a3/0c/ab87d012-3a30-4130-ad5b-2f1b88140b12.jp2/info.json
56	NL-HaNA_2.01.08_189_0056.jpg	ff2405b2-dbd7-484a-90d4-f6847eaa8f2c	https://service.archief.nl/iip/iipsrv?IIIF=d1/d1/6e/b8/c2/dc/4d/2f/b3/94/e1/01/f9/24/a3/0c/ff2405b2-dbd7-484a-90d4-f6847eaa8f2c.jp2/info.json
57	NL-HaNA_2.01.08_189_0057.jpg	fb57c2e0-a438-4c7a-9476-3cc6e6d8965d	https://service.archief.nl/iip/iipsrv?IIIF=d1/d1/6e/b8/c2/dc/4d/2f/b3/94/e1/01/f9/24/a3/0c/fb57c2e0-a438-4c7a-9476-3cc6e6d8965d.jp2/info.json
58	NL-HaNA_2.01.08_189_0058.jpg	6c0647e5-fd4c-485d-abf9-c5ee4d3265e8	https://service.archief.nl/iip/iipsrv?IIIF=d1/d1/6e/b8/c2/dc/4d/2f/b3/94/e1/01/f9/24/a3/0c/6c0647e5-fd4c-485d-abf9-c5ee4d3265e8.jp2/info.json
59	NL-HaNA_2.01.08_189_0059.jpg	c4e8a23f-71ad-432d-9886-841da30367e3	https://service.archief.nl/iip/iipsrv?IIIF=d1/d1/6e/b8/c2/dc/4d/2f/b3/94/e1/01/f9/24/a3/0c/c4e8a23f-71ad-432d-9886-841da30367e3.jp2/info.json
60	NL-HaNA_2.01.08_189_0060.jpg	4107ccc3-5712-4f60-b235-d9797fd5ccc3	https://service.archief.nl/iip/iipsrv?IIIF=d1/d1/6e/b8/c2/dc/4d/2f/b3/94/e1/01/f9/24/a3/0c/4107ccc3-5712-4f60-b235-d9797fd5ccc3.jp2/info.json
61	NL-HaNA_2.01.08_189_0061.jpg	ce2d704e-404e-4542-b403-f53987bc4fc0	https://service.archief.nl/iip/iipsrv?IIIF=d1/d1/6e/b8/c2/dc/4d/2f/b3/94/e1/01/f9/24/a3/0c/ce2d704e-404e-4542-b403-f53987bc4fc0.jp2/info.json
62	NL-HaNA_2.01.08_189_0062.jpg	ba1c4b8c-a734-4472-86c1-54fdbea2134a	https://service.archief.nl/iip/iipsrv?IIIF=d1/d1/6e/b8/c2/dc/4d/2f/b3/94/e1/01/f9/24/a3/0c/ba1c4b8c-a734-4472-86c1-54fdbea2134a.jp2/info.json
63	NL-HaNA_2.01.08_189_0063.jpg	ece40dfe-9d12-49c3-bd75-532257bebe19	https://service.archief.nl/iip/iipsrv?IIIF=d1/d1/6e/b8/c2/dc/4d/2f/b3/94/e1/01/f9/24/a3/0c/ece40dfe-9d12-49c3-bd75-532257bebe19.jp2/info.json
64	NL-HaNA_2.01.08_189_0064.jpg	a9ddd660-8f75-4390-98ad-74cf196429c6	https://service.archief.nl/iip/iipsrv?IIIF=d1/d1/6e/b8/c2/dc/4d/2f/b3/94/e1/01/f9/24/a3/0c/a9ddd660-8f75-4390-98ad-74cf196429c6.jp2/info.json
65	NL-HaNA_2.01.08_189_0065.jpg	89614340-952a-43b2-860f-ff38c51e0d07	https://service.archief.nl/iip/iipsrv?IIIF=d1/d1/6e/b8/c2/dc/4d/2f/b3/94/e1/01/f9/24/a3/0c/89614340-952a-43b2-860f-ff38c51e0d07.jp2/info.json
66	NL-HaNA_2.01.08_189_0066.jpg	23653dfd-0f34-4d66-8c6b-4df03103a8f5	https://service.archief.nl/iip/iipsrv?IIIF=d1/d1/6e/b8/c2/dc/4d/2f/b3/94/e1/01/f9/24/a3/0c/23653dfd-0f34-4d66-8c6b-4df03103a8f5.jp2/info.json
67	NL-HaNA_2.01.08_189_0067.jpg	a7b3d119-d31e-451c-9249-153556cf26af	https://service.archief.nl/iip/iipsrv?IIIF=d1/d1/6e/b8/c2/dc/4d/2f/b3/94/e1/01/f9/24/a3/0c/a7b3d119-d31e-451c-9249-153556cf26af.jp2/info.json
68	NL-HaNA_2.01.08_189_0068.jpg	1c091c96-05b7-4d75-b711-984e53541932	https://service.archief.nl/iip/iipsrv?IIIF=d1/d1/6e/b8/c2/dc/4d/2f/b3/94/e1/01/f9/24/a3/0c/1c091c96-05b7-4d75-b711-984e53541932.jp2/info.json
69	NL-HaNA_2.01.08_189_0069.jpg	939e9fea-7e43-4387-96bc-7b4a2eba1f20	https://service.archief.nl/iip/iipsrv?IIIF=d1/d1/6e/b8/c2/dc/4d/2f/b3/94/e1/01/f9/24/a3/0c/939e9fea-7e43-4387-96bc-7b4a2eba1f20.jp2/info.json
70	NL-HaNA_2.01.08_189_0070.jpg	ffda21d2-db42-4bfe-879c-5135a403e80c	https://service.archief.nl/iip/iipsrv?IIIF=d1/d1/6e/b8/c2/dc/4d/2f/b3/94/e1/01/f9/24/a3/0c/ffda21d2-db42-4bfe-879c-5135a403e80c.jp2/info.json
71	NL-HaNA_2.01.08_189_0071.jpg	5be390d8-60bb-45f6-b67f-7b1993ed6af5	https://service.archief.nl/iip/iipsrv?IIIF=d1/d1/6e/b8/c2/dc/4d/2f/b3/94/e1/01/f9/24/a3/0c/5be390d8-60bb-45f6-b67f-7b1993ed6af5.jp2/info.json
72	NL-HaNA_2.01.08_189_0072.jpg	9a2d7983-80d9-4dab-97d1-4b46ff36edba	https://service.archief.nl/iip/iipsrv?IIIF=d1/d1/6e/b8/c2/dc/4d/2f/b3/94/e1/01/f9/24/a3/0c/9a2d7983-80d9-4dab-97d1-4b46ff36edba.jp2/info.json
73	NL-HaNA_2.01.08_189_0073.jpg	02833000-eca3-426d-88f1-e7128de608e2	https://service.archief.nl/iip/iipsrv?IIIF=d1/d1/6e/b8/c2/dc/4d/2f/b3/94/e1/01/f9/24/a3/0c/02833000-eca3-426d-88f1-e7128de608e2.jp2/info.json
74	NL-HaNA_2.01.08_189_0074.jpg	34c42710-05b0-4f74-ac97-09b5f40c8767	https://service.archief.nl/iip/iipsrv?IIIF=d1/d1/6e/b8/c2/dc/4d/2f/b3/94/e1/01/f9/24/a3/0c/34c42710-05b0-4f74-ac97-09b5f40c8767.jp2/info.json
75	NL-HaNA_2.01.08_189_0075.jpg	2872b911-ef6b-4669-b08d-234c4d9872f5	https://service.archief.nl/iip/iipsrv?IIIF=d1/d1/6e/b8/c2/dc/4d/2f/b3/94/e1/01/f9/24/a3/0c/2872b911-ef6b-4669-b08d-234c4d9872f5.jp2/info.json
76	NL-HaNA_2.01.08_189_0076.jpg	6d0e6504-77a7-4369-83c9-b30466e45620	https://service.archief.nl/iip/iipsrv?IIIF=d1/d1/6e/b8/c2/dc/4d/2f/b3/94/e1/01/f9/24/a3/0c/6d0e6504-77a7-4369-83c9-b30466e45620.jp2/info.json
77	NL-HaNA_2.01.08_189_0077.jpg	8e348758-a503-4018-95a7-6ad4e4a8555d	https://service.archief.nl/iip/iipsrv?IIIF=d1/d1/6e/b8/c2/dc/4d/2f/b3/94/e1/01/f9/24/a3/0c/8e348758-a503-4018-95a7-6ad4e4a8555d.jp2/info.json
78	NL-HaNA_2.01.08_189_0078.jpg	05755c5f-e735-492e-b3f2-b179f828b62b	https://service.archief.nl/iip/iipsrv?IIIF=d1/d1/6e/b8/c2/dc/4d/2f/b3/94/e1/01/f9/24/a3/0c/05755c5f-e735-492e-b3f2-b179f828b62b.jp2/info.json
79	NL-HaNA_2.01.08_189_0079.jpg	a792dee5-9a12-4d39-ac58-ec84c2bfeb06	https://service.archief.nl/iip/iipsrv?IIIF=d1/d1/6e/b8/c2/dc/4d/2f/b3/94/e1/01/f9/24/a3/0c/a792dee5-9a12-4d39-ac58-ec84c2bfeb06.jp2/info.json
80	NL-HaNA_2.01.08_189_0080.jpg	7f27b384-bbd0-462b-b35d-fb842778cc5c	https://service.archief.nl/iip/iipsrv?IIIF=d1/d1/6e/b8/c2/dc/4d/2f/b3/94/e1/01/f9/24/a3/0c/7f27b384-bbd0-462b-b35d-fb842778cc5c.jp2/info.json
81	NL-HaNA_2.01.08_189_0081.jpg	024f94ac-2307-4d2f-825f-a377ee2f8c50	https://service.archief.nl/iip/iipsrv?IIIF=d1/d1/6e/b8/c2/dc/4d/2f/b3/94/e1/01/f9/24/a3/0c/024f94ac-2307-4d2f-825f-a377ee2f8c50.jp2/info.json
82	NL-HaNA_2.01.08_189_0082.jpg	ad867cba-d1db-4ce4-84f9-8dc6a4b8cefb	https://service.archief.nl/iip/iipsrv?IIIF=d1/d1/6e/b8/c2/dc/4d/2f/b3/94/e1/01/f9/24/a3/0c/ad867cba-d1db-4ce4-84f9-8dc6a4b8cefb.jp2/info.json
83	NL-HaNA_2.01.08_189_0083.jpg	109a25aa-7154-4806-85c2-bbf5ecdfb9b4	https://service.archief.nl/iip/iipsrv?IIIF=d1/d1/6e/b8/c2/dc/4d/2f/b3/94/e1/01/f9/24/a3/0c/109a25aa-7154-4806-85c2-bbf5ecdfb9b4.jp2/info.json
84	NL-HaNA_2.01.08_189_0084.jpg	a3ac64fe-a004-4a6b-9135-ccdea9601659	https://service.archief.nl/iip/iipsrv?IIIF=d1/d1/6e/b8/c2/dc/4d/2f/b3/94/e1/01/f9/24/a3/0c/a3ac64fe-a004-4a6b-9135-ccdea9601659.jp2/info.json
85	NL-HaNA_2.01.08_189_0085.jpg	db519034-8141-4a6d-95f0-fdee8d425b4b	https://service.archief.nl/iip/iipsrv?IIIF=d1/d1/6e/b8/c2/dc/4d/2f/b3/94/e1/01/f9/24/a3/0c/db519034-8141-4a6d-95f0-fdee8d425b4b.jp2/info.json
86	NL-HaNA_2.01.08_189_0086.jpg	926b36dd-fdd8-43f7-a7a3-2c5fe8bcafc4	https://service.archief.nl/iip/iipsrv?IIIF=d1/d1/6e/b8/c2/dc/4d/2f/b3/94/e1/01/f9/24/a3/0c/926b36dd-fdd8-43f7-a7a3-2c5fe8bcafc4.jp2/info.json
87	NL-HaNA_2.01.08_189_0087.jpg	ca348011-a44e-4c96-9d9e-6243d3bf7980	https://service.archief.nl/iip/iipsrv?IIIF=d1/d1/6e/b8/c2/dc/4d/2f/b3/94/e1/01/f9/24/a3/0c/ca348011-a44e-4c96-9d9e-6243d3bf7980.jp2/info.json
88	NL-HaNA_2.01.08_189_0088.jpg	ba5c7a8b-3fee-4dd7-bb80-0f3e0e9a47b4	https://service.archief.nl/iip/iipsrv?IIIF=d1/d1/6e/b8/c2/dc/4d/2f/b3/94/e1/01/f9/24/a3/0c/ba5c7a8b-3fee-4dd7-bb80-0f3e0e9a47b4.jp2/info.json
89	NL-HaNA_2.01.08_189_0089.jpg	1ef6f5bf-218e-403a-bf5f-7fc9c94ad683	https://service.archief.nl/iip/iipsrv?IIIF=d1/d1/6e/b8/c2/dc/4d/2f/b3/94/e1/01/f9/24/a3/0c/1ef6f5bf-218e-403a-bf5f-7fc9c94ad683.jp2/info.json
90	NL-HaNA_2.01.08_189_0090.jpg	96441528-f033-4b67-8dce-4ab080013ce5	https://service.archief.nl/iip/iipsrv?IIIF=d1/d1/6e/b8/c2/dc/4d/2f/b3/94/e1/01/f9/24/a3/0c/96441528-f033-4b67-8dce-4ab080013ce5.jp2/info.json
91	NL-HaNA_2.01.08_189_0091.jpg	2301110e-681c-486a-aab0-6f3b70879284	https://service.archief.nl/iip/iipsrv?IIIF=d1/d1/6e/b8/c2/dc/4d/2f/b3/94/e1/01/f9/24/a3/0c/2301110e-681c-486a-aab0-6f3b70879284.jp2/info.json
92	NL-HaNA_2.01.08_189_0092.jpg	13cde53c-99dc-4043-8823-e1603d9c5a7e	https://service.archief.nl/iip/iipsrv?IIIF=d1/d1/6e/b8/c2/dc/4d/2f/b3/94/e1/01/f9/24/a3/0c/13cde53c-99dc-4043-8823-e1603d9c5a7e.jp2/info.json
93	NL-HaNA_2.01.08_189_0093.jpg	8ad9a644-5f3e-45e3-9e23-a739c648399e	https://service.archief.nl/iip/iipsrv?IIIF=d1/d1/6e/b8/c2/dc/4d/2f/b3/94/e1/01/f9/24/a3/0c/8ad9a644-5f3e-45e3-9e23-a739c648399e.jp2/info.json
94	NL-HaNA_2.01.08_189_0094.jpg	59e666e6-5560-41a9-9a0c-d0076aa4ec2a	https://service.archief.nl/iip/iipsrv?IIIF=d1/d1/6e/b8/c2/dc/4d/2f/b3/94/e1/01/f9/24/a3/0c/59e666e6-5560-41a9-9a0c-d0076aa4ec2a.jp2/info.json
95	NL-HaNA_2.01.08_189_0095.jpg	f80009e7-28dc-49c7-a607-cc89631c5d4e	https://service.archief.nl/iip/iipsrv?IIIF=d1/d1/6e/b8/c2/dc/4d/2f/b3/94/e1/01/f9/24/a3/0c/f80009e7-28dc-49c7-a607-cc89631c5d4e.jp2/info.json
96	NL-HaNA_2.01.08_189_0096.jpg	870d40f7-d9ef-4918-afb7-49a6bbcd3980	https://service.archief.nl/iip/iipsrv?IIIF=d1/d1/6e/b8/c2/dc/4d/2f/b3/94/e1/01/f9/24/a3/0c/870d40f7-d9ef-4918-afb7-49a6bbcd3980.jp2/info.json
97	NL-HaNA_2.01.08_189_0097.jpg	61c2613d-6393-4d6b-8595-94b7161ee4e6	https://service.archief.nl/iip/iipsrv?IIIF=d1/d1/6e/b8/c2/dc/4d/2f/b3/94/e1/01/f9/24/a3/0c/61c2613d-6393-4d6b-8595-94b7161ee4e6.jp2/info.json
98	NL-HaNA_2.01.08_189_0098.jpg	120b0b9a-4beb-4509-b96c-8b8813736591	https://service.archief.nl/iip/iipsrv?IIIF=d1/d1/6e/b8/c2/dc/4d/2f/b3/94/e1/01/f9/24/a3/0c/120b0b9a-4beb-4509-b96c-8b8813736591.jp2/info.json
99	NL-HaNA_2.01.08_189_0099.jpg	66d878b7-23ef-441d-a478-18264b4c6a30	https://service.archief.nl/iip/iipsrv?IIIF=d1/d1/6e/b8/c2/dc/4d/2f/b3/94/e1/01/f9/24/a3/0c/66d878b7-23ef-441d-a478-18264b4c6a30.jp2/info.json
100	NL-HaNA_2.01.08_189_0100.jpg	b3b5abd5-5087-4b39-9970-585b7365adae	https://service.archief.nl/iip/iipsrv?IIIF=d1/d1/6e/b8/c2/dc/4d/2f/b3/94/e1/01/f9/24/a3/0c/b3b5abd5-5087-4b39-9970-585b7365adae.jp2/info.json
101	NL-HaNA_2.01.08_189_0101.jpg	63ce2615-1528-4f70-ba59-09ac946eeb68	https://service.archief.nl/iip/iipsrv?IIIF=d1/d1/6e/b8/c2/dc/4d/2f/b3/94/e1/01/f9/24/a3/0c/63ce2615-1528-4f70-ba59-09ac946eeb68.jp2/info.json
102	NL-HaNA_2.01.08_189_0102.jpg	5745df08-d05a-4b6b-aa23-e2fd4d8f5b3e	https://service.archief.nl/iip/iipsrv?IIIF=d1/d1/6e/b8/c2/dc/4d/2f/b3/94/e1/01/f9/24/a3/0c/5745df08-d05a-4b6b-aa23-e2fd4d8f5b3e.jp2/info.json
103	NL-HaNA_2.01.08_189_0103.jpg	c51c2d9f-b975-4175-870f-29be1d1b12c6	https://service.archief.nl/iip/iipsrv?IIIF=d1/d1/6e/b8/c2/dc/4d/2f/b3/94/e1/01/f9/24/a3/0c/c51c2d9f-b975-4175-870f-29be1d1b12c6.jp2/info.json
104	NL-HaNA_2.01.08_189_0104.jpg	56f76e7d-9cb2-4c0e-aefc-a5457915392d	https://service.archief.nl/iip/iipsrv?IIIF=d1/d1/6e/b8/c2/dc/4d/2f/b3/94/e1/01/f9/24/a3/0c/56f76e7d-9cb2-4c0e-aefc-a5457915392d.jp2/info.json
105	NL-HaNA_2.01.08_189_0105.jpg	ad073d23-069b-4a96-be24-516b949bf3fe	https://service.archief.nl/iip/iipsrv?IIIF=d1/d1/6e/b8/c2/dc/4d/2f/b3/94/e1/01/f9/24/a3/0c/ad073d23-069b-4a96-be24-516b949bf3fe.jp2/info.json
106	NL-HaNA_2.01.08_189_0106.jpg	a04eeea5-d410-4a28-9b1a-9faf969a48f7	https://service.archief.nl/iip/iipsrv?IIIF=d1/d1/6e/b8/c2/dc/4d/2f/b3/94/e1/01/f9/24/a3/0c/a04eeea5-d410-4a28-9b1a-9faf969a48f7.jp2/info.json
107	NL-HaNA_2.01.08_189_0107.jpg	eb443b24-0699-4686-bccd-5226dd4563c0	https://service.archief.nl/iip/iipsrv?IIIF=d1/d1/6e/b8/c2/dc/4d/2f/b3/94/e1/01/f9/24/a3/0c/eb443b24-0699-4686-bccd-5226dd4563c0.jp2/info.json
108	NL-HaNA_2.01.08_189_0108.jpg	815469d4-597a-4101-9006-10f82e0874aa	https://service.archief.nl/iip/iipsrv?IIIF=d1/d1/6e/b8/c2/dc/4d/2f/b3/94/e1/01/f9/24/a3/0c/815469d4-597a-4101-9006-10f82e0874aa.jp2/info.json
109	NL-HaNA_2.01.08_189_0109.jpg	f2d7119a-7ae0-41ba-a8fc-17e7290ab9dd	https://service.archief.nl/iip/iipsrv?IIIF=d1/d1/6e/b8/c2/dc/4d/2f/b3/94/e1/01/f9/24/a3/0c/f2d7119a-7ae0-41ba-a8fc-17e7290ab9dd.jp2/info.json
110	NL-HaNA_2.01.08_189_0110.jpg	d7c93401-aaae-47c5-9581-67940b49bafc	https://service.archief.nl/iip/iipsrv?IIIF=d1/d1/6e/b8/c2/dc/4d/2f/b3/94/e1/01/f9/24/a3/0c/d7c93401-aaae-47c5-9581-67940b49bafc.jp2/info.json
111	NL-HaNA_2.01.08_189_0111.jpg	fbbea6ff-4104-4ab1-aa90-b960edb882ea	https://service.archief.nl/iip/iipsrv?IIIF=d1/d1/6e/b8/c2/dc/4d/2f/b3/94/e1/01/f9/24/a3/0c/fbbea6ff-4104-4ab1-aa90-b960edb882ea.jp2/info.json
112	NL-HaNA_2.01.08_189_0112.jpg	238967fb-4834-45eb-867c-7b970451b59d	https://service.archief.nl/iip/iipsrv?IIIF=d1/d1/6e/b8/c2/dc/4d/2f/b3/94/e1/01/f9/24/a3/0c/238967fb-4834-45eb-867c-7b970451b59d.jp2/info.json
113	NL-HaNA_2.01.08_189_0113.jpg	6943acb9-46da-465f-a248-10b5dd5fab24	https://service.archief.nl/iip/iipsrv?IIIF=d1/d1/6e/b8/c2/dc/4d/2f/b3/94/e1/01/f9/24/a3/0c/6943acb9-46da-465f-a248-10b5dd5fab24.jp2/info.json
114	NL-HaNA_2.01.08_189_0114.jpg	e5c38c5e-41cc-49e5-a262-c47cd34f6b6f	https://service.archief.nl/iip/iipsrv?IIIF=d1/d1/6e/b8/c2/dc/4d/2f/b3/94/e1/01/f9/24/a3/0c/e5c38c5e-41cc-49e5-a262-c47cd34f6b6f.jp2/info.json
115	NL-HaNA_2.01.08_189_0115.jpg	3cdd261a-a6a0-4c92-9911-1e6d5724967c	https://service.archief.nl/iip/iipsrv?IIIF=d1/d1/6e/b8/c2/dc/4d/2f/b3/94/e1/01/f9/24/a3/0c/3cdd261a-a6a0-4c92-9911-1e6d5724967c.jp2/info.json
116	NL-HaNA_2.01.08_189_0116.jpg	9acb6516-6d4e-43f7-80c9-0c961aeaf837	https://service.archief.nl/iip/iipsrv?IIIF=d1/d1/6e/b8/c2/dc/4d/2f/b3/94/e1/01/f9/24/a3/0c/9acb6516-6d4e-43f7-80c9-0c961aeaf837.jp2/info.json
117	NL-HaNA_2.01.08_189_0117.jpg	4b8fb8be-dc5e-4b21-af1f-0995513743ec	https://service.archief.nl/iip/iipsrv?IIIF=d1/d1/6e/b8/c2/dc/4d/2f/b3/94/e1/01/f9/24/a3/0c/4b8fb8be-dc5e-4b21-af1f-0995513743ec.jp2/info.json
118	NL-HaNA_2.01.08_189_0118.jpg	c7f782dd-eb34-4659-a0bd-4165fb5dfc33	https://service.archief.nl/iip/iipsrv?IIIF=d1/d1/6e/b8/c2/dc/4d/2f/b3/94/e1/01/f9/24/a3/0c/c7f782dd-eb34-4659-a0bd-4165fb5dfc33.jp2/info.json
119	NL-HaNA_2.01.08_189_0119.jpg	5d80df68-2cc9-4148-9a70-b443b2a54c5e	https://service.archief.nl/iip/iipsrv?IIIF=d1/d1/6e/b8/c2/dc/4d/2f/b3/94/e1/01/f9/24/a3/0c/5d80df68-2cc9-4148-9a70-b443b2a54c5e.jp2/info.json
120	NL-HaNA_2.01.08_189_0120.jpg	50b90566-c858-4549-9fb4-ac03c143999b	https://service.archief.nl/iip/iipsrv?IIIF=d1/d1/6e/b8/c2/dc/4d/2f/b3/94/e1/01/f9/24/a3/0c/50b90566-c858-4549-9fb4-ac03c143999b.jp2/info.json
121	NL-HaNA_2.01.08_189_0121.jpg	9c23b476-9964-46b1-adbc-441b43e3f537	https://service.archief.nl/iip/iipsrv?IIIF=d1/d1/6e/b8/c2/dc/4d/2f/b3/94/e1/01/f9/24/a3/0c/9c23b476-9964-46b1-adbc-441b43e3f537.jp2/info.json
122	NL-HaNA_2.01.08_189_0122.jpg	1c78971d-b8ac-4b2a-b91c-401282347cdb	https://service.archief.nl/iip/iipsrv?IIIF=d1/d1/6e/b8/c2/dc/4d/2f/b3/94/e1/01/f9/24/a3/0c/1c78971d-b8ac-4b2a-b91c-401282347cdb.jp2/info.json
123	NL-HaNA_2.01.08_189_0123.jpg	41c5342c-f4e9-45ef-a61a-da6fa2ccf820	https://service.archief.nl/iip/iipsrv?IIIF=d1/d1/6e/b8/c2/dc/4d/2f/b3/94/e1/01/f9/24/a3/0c/41c5342c-f4e9-45ef-a61a-da6fa2ccf820.jp2/info.json
124	NL-HaNA_2.01.08_189_0124.jpg	20b4ef32-b837-421e-958d-1082011ee1b8	https://service.archief.nl/iip/iipsrv?IIIF=d1/d1/6e/b8/c2/dc/4d/2f/b3/94/e1/01/f9/24/a3/0c/20b4ef32-b837-421e-958d-1082011ee1b8.jp2/info.json
125	NL-HaNA_2.01.08_189_0125.jpg	01598afa-0c5b-47cd-bc53-ec76b9c17ad1	https://service.archief.nl/iip/iipsrv?IIIF=d1/d1/6e/b8/c2/dc/4d/2f/b3/94/e1/01/f9/24/a3/0c/01598afa-0c5b-47cd-bc53-ec76b9c17ad1.jp2/info.json
126	NL-HaNA_2.01.08_189_0126.jpg	e756b611-241f-45e9-86af-a7ef88a61bd4	https://service.archief.nl/iip/iipsrv?IIIF=d1/d1/6e/b8/c2/dc/4d/2f/b3/94/e1/01/f9/24/a3/0c/e756b611-241f-45e9-86af-a7ef88a61bd4.jp2/info.json
127	NL-HaNA_2.01.08_189_0127.jpg	1978b7f6-7396-4642-84fc-66799a5ebdcb	https://service.archief.nl/iip/iipsrv?IIIF=d1/d1/6e/b8/c2/dc/4d/2f/b3/94/e1/01/f9/24/a3/0c/1978b7f6-7396-4642-84fc-66799a5ebdcb.jp2/info.json
128	NL-HaNA_2.01.08_189_0128.jpg	e8cc05a7-7c75-47fb-bad6-020de13198f7	https://service.archief.nl/iip/iipsrv?IIIF=d1/d1/6e/b8/c2/dc/4d/2f/b3/94/e1/01/f9/24/a3/0c/e8cc05a7-7c75-47fb-bad6-020de13198f7.jp2/info.json
129	NL-HaNA_2.01.08_189_0129.jpg	4aa6d440-c287-408a-8150-ef87cdfb23b3	https://service.archief.nl/iip/iipsrv?IIIF=d1/d1/6e/b8/c2/dc/4d/2f/b3/94/e1/01/f9/24/a3/0c/4aa6d440-c287-408a-8150-ef87cdfb23b3.jp2/info.json
130	NL-HaNA_2.01.08_189_0130.jpg	6f71fbf5-bcc9-41ca-bc1c-60018179b3a5	https://service.archief.nl/iip/iipsrv?IIIF=d1/d1/6e/b8/c2/dc/4d/2f/b3/94/e1/01/f9/24/a3/0c/6f71fbf5-bcc9-41ca-bc1c-60018179b3a5.jp2/info.json
131	NL-HaNA_2.01.08_189_0131.jpg	986a629a-e97a-48ea-9510-b6f4a384de2f	https://service.archief.nl/iip/iipsrv?IIIF=d1/d1/6e/b8/c2/dc/4d/2f/b3/94/e1/01/f9/24/a3/0c/986a629a-e97a-48ea-9510-b6f4a384de2f.jp2/info.json
132	NL-HaNA_2.01.08_189_0132.jpg	100f5728-70d2-4291-82eb-a01e48ea6c31	https://service.archief.nl/iip/iipsrv?IIIF=d1/d1/6e/b8/c2/dc/4d/2f/b3/94/e1/01/f9/24/a3/0c/100f5728-70d2-4291-82eb-a01e48ea6c31.jp2/info.json
133	NL-HaNA_2.01.08_189_0133.jpg	82791b50-0812-4244-8d3d-941ccaca55f2	https://service.archief.nl/iip/iipsrv?IIIF=d1/d1/6e/b8/c2/dc/4d/2f/b3/94/e1/01/f9/24/a3/0c/82791b50-0812-4244-8d3d-941ccaca55f2.jp2/info.json
134	NL-HaNA_2.01.08_189_0134.jpg	5621591b-3352-4047-8a1d-44c4f54655f1	https://service.archief.nl/iip/iipsrv?IIIF=d1/d1/6e/b8/c2/dc/4d/2f/b3/94/e1/01/f9/24/a3/0c/5621591b-3352-4047-8a1d-44c4f54655f1.jp2/info.json
135	NL-HaNA_2.01.08_189_0135.jpg	5c949f2e-f40c-4175-9f6f-8af0f64efb4b	https://service.archief.nl/iip/iipsrv?IIIF=d1/d1/6e/b8/c2/dc/4d/2f/b3/94/e1/01/f9/24/a3/0c/5c949f2e-f40c-4175-9f6f-8af0f64efb4b.jp2/info.json
136	NL-HaNA_2.01.08_189_0136.jpg	1eb537c1-06de-403b-8f01-d5584dce518b	https://service.archief.nl/iip/iipsrv?IIIF=d1/d1/6e/b8/c2/dc/4d/2f/b3/94/e1/01/f9/24/a3/0c/1eb537c1-06de-403b-8f01-d5584dce518b.jp2/info.json
137	NL-HaNA_2.01.08_189_0137.jpg	eeff5437-bf13-4376-ae57-2626a4fda20b	https://service.archief.nl/iip/iipsrv?IIIF=d1/d1/6e/b8/c2/dc/4d/2f/b3/94/e1/01/f9/24/a3/0c/eeff5437-bf13-4376-ae57-2626a4fda20b.jp2/info.json
138	NL-HaNA_2.01.08_189_0138.jpg	5782475a-9143-40c5-aca8-19ee3c762d0f	https://service.archief.nl/iip/iipsrv?IIIF=d1/d1/6e/b8/c2/dc/4d/2f/b3/94/e1/01/f9/24/a3/0c/5782475a-9143-40c5-aca8-19ee3c762d0f.jp2/info.json
139	NL-HaNA_2.01.08_189_0139.jpg	a5c9433a-bd0b-4116-96e1-9d2e9071632b	https://service.archief.nl/iip/iipsrv?IIIF=d1/d1/6e/b8/c2/dc/4d/2f/b3/94/e1/01/f9/24/a3/0c/a5c9433a-bd0b-4116-96e1-9d2e9071632b.jp2/info.json
140	NL-HaNA_2.01.08_189_0140.jpg	8e0c4d54-2350-4cdd-9fb1-69469bf63b28	https://service.archief.nl/iip/iipsrv?IIIF=d1/d1/6e/b8/c2/dc/4d/2f/b3/94/e1/01/f9/24/a3/0c/8e0c4d54-2350-4cdd-9fb1-69469bf63b28.jp2/info.json
141	NL-HaNA_2.01.08_189_0141.jpg	5f6c7d60-cb63-4c81-977f-1b2ad5b439a2	https://service.archief.nl/iip/iipsrv?IIIF=d1/d1/6e/b8/c2/dc/4d/2f/b3/94/e1/01/f9/24/a3/0c/5f6c7d60-cb63-4c81-977f-1b2ad5b439a2.jp2/info.json
142	NL-HaNA_2.01.08_189_0142.jpg	c8bd0eb6-7980-4641-98eb-01c8d14d165c	https://service.archief.nl/iip/iipsrv?IIIF=d1/d1/6e/b8/c2/dc/4d/2f/b3/94/e1/01/f9/24/a3/0c/c8bd0eb6-7980-4641-98eb-01c8d14d165c.jp2/info.json
143	NL-HaNA_2.01.08_189_0143.jpg	bf3b8119-a5dd-4cea-ab96-2eef238507ea	https://service.archief.nl/iip/iipsrv?IIIF=d1/d1/6e/b8/c2/dc/4d/2f/b3/94/e1/01/f9/24/a3/0c/bf3b8119-a5dd-4cea-ab96-2eef238507ea.jp2/info.json
144	NL-HaNA_2.01.08_189_0144.jpg	a288d55b-7113-40b7-bdaa-a5e04be2afa3	https://service.archief.nl/iip/iipsrv?IIIF=d1/d1/6e/b8/c2/dc/4d/2f/b3/94/e1/01/f9/24/a3/0c/a288d55b-7113-40b7-bdaa-a5e04be2afa3.jp2/info.json
145	NL-HaNA_2.01.08_189_0145.jpg	65ac7022-6a8f-4002-ad8a-ac10738be6b9	https://service.archief.nl/iip/iipsrv?IIIF=d1/d1/6e/b8/c2/dc/4d/2f/b3/94/e1/01/f9/24/a3/0c/65ac7022-6a8f-4002-ad8a-ac10738be6b9.jp2/info.json
146	NL-HaNA_2.01.08_189_0146.jpg	eb2fb552-017f-4904-9742-e6b9e46f4ad1	https://service.archief.nl/iip/iipsrv?IIIF=d1/d1/6e/b8/c2/dc/4d/2f/b3/94/e1/01/f9/24/a3/0c/eb2fb552-017f-4904-9742-e6b9e46f4ad1.jp2/info.json
147	NL-HaNA_2.01.08_189_0147.jpg	77fd4401-fb1f-45a7-86b6-aae472ba5b25	https://service.archief.nl/iip/iipsrv?IIIF=d1/d1/6e/b8/c2/dc/4d/2f/b3/94/e1/01/f9/24/a3/0c/77fd4401-fb1f-45a7-86b6-aae472ba5b25.jp2/info.json
148	NL-HaNA_2.01.08_189_0148.jpg	fe5bc855-5eec-4abc-9c41-c1adf6dda57b	https://service.archief.nl/iip/iipsrv?IIIF=d1/d1/6e/b8/c2/dc/4d/2f/b3/94/e1/01/f9/24/a3/0c/fe5bc855-5eec-4abc-9c41-c1adf6dda57b.jp2/info.json
149	NL-HaNA_2.01.08_189_0149.jpg	8c64b63a-c22e-4153-9174-eee7d9e0c219	https://service.archief.nl/iip/iipsrv?IIIF=d1/d1/6e/b8/c2/dc/4d/2f/b3/94/e1/01/f9/24/a3/0c/8c64b63a-c22e-4153-9174-eee7d9e0c219.jp2/info.json
150	NL-HaNA_2.01.08_189_0150.jpg	a77f6927-bcc4-40b1-94ec-a2fe89e73083	https://service.archief.nl/iip/iipsrv?IIIF=d1/d1/6e/b8/c2/dc/4d/2f/b3/94/e1/01/f9/24/a3/0c/a77f6927-bcc4-40b1-94ec-a2fe89e73083.jp2/info.json
151	NL-HaNA_2.01.08_189_0151.jpg	d3a1dcbc-7890-4c9e-b9d4-f4d96e1ab97c	https://service.archief.nl/iip/iipsrv?IIIF=d1/d1/6e/b8/c2/dc/4d/2f/b3/94/e1/01/f9/24/a3/0c/d3a1dcbc-7890-4c9e-b9d4-f4d96e1ab97c.jp2/info.json
152	NL-HaNA_2.01.08_189_0152.jpg	cc18da51-03f9-423a-bc80-4e7385c69966	https://service.archief.nl/iip/iipsrv?IIIF=d1/d1/6e/b8/c2/dc/4d/2f/b3/94/e1/01/f9/24/a3/0c/cc18da51-03f9-423a-bc80-4e7385c69966.jp2/info.json
153	NL-HaNA_2.01.08_189_0153.jpg	cd1cc4b5-86c9-41db-ad77-a75678c97b72	https://service.archief.nl/iip/iipsrv?IIIF=d1/d1/6e/b8/c2/dc/4d/2f/b3/94/e1/01/f9/24/a3/0c/cd1cc4b5-86c9-41db-ad77-a75678c97b72.jp2/info.json
154	NL-HaNA_2.01.08_189_0154.jpg	0c87ec26-cc86-4ab0-b4dd-7660ec68e5da	https://service.archief.nl/iip/iipsrv?IIIF=d1/d1/6e/b8/c2/dc/4d/2f/b3/94/e1/01/f9/24/a3/0c/0c87ec26-cc86-4ab0-b4dd-7660ec68e5da.jp2/info.json
155	NL-HaNA_2.01.08_189_0155.jpg	6b830b68-83f1-4ff3-8065-33dc35df50b7	https://service.archief.nl/iip/iipsrv?IIIF=d1/d1/6e/b8/c2/dc/4d/2f/b3/94/e1/01/f9/24/a3/0c/6b830b68-83f1-4ff3-8065-33dc35df50b7.jp2/info.json
156	NL-HaNA_2.01.08_189_0156.jpg	1046018b-954a-4e07-81c0-4b5c3a3bba3f	https://service.archief.nl/iip/iipsrv?IIIF=d1/d1/6e/b8/c2/dc/4d/2f/b3/94/e1/01/f9/24/a3/0c/1046018b-954a-4e07-81c0-4b5c3a3bba3f.jp2/info.json
157	NL-HaNA_2.01.08_189_0157.jpg	aa38ae14-b7b5-4b83-9ce6-e6af370bc963	https://service.archief.nl/iip/iipsrv?IIIF=d1/d1/6e/b8/c2/dc/4d/2f/b3/94/e1/01/f9/24/a3/0c/aa38ae14-b7b5-4b83-9ce6-e6af370bc963.jp2/info.json
158	NL-HaNA_2.01.08_189_0158.jpg	2982f60c-278d-491f-bc2f-a8a85c330e6a	https://service.archief.nl/iip/iipsrv?IIIF=d1/d1/6e/b8/c2/dc/4d/2f/b3/94/e1/01/f9/24/a3/0c/2982f60c-278d-491f-bc2f-a8a85c330e6a.jp2/info.json
159	NL-HaNA_2.01.08_189_0159.jpg	bcc954dc-2f68-44f8-b8e4-7d1ea9ae3629	https://service.archief.nl/iip/iipsrv?IIIF=d1/d1/6e/b8/c2/dc/4d/2f/b3/94/e1/01/f9/24/a3/0c/bcc954dc-2f68-44f8-b8e4-7d1ea9ae3629.jp2/info.json
160	NL-HaNA_2.01.08_189_0160.jpg	7fde6eb7-d4e3-45c5-8910-06eba2fc66ad	https://service.archief.nl/iip/iipsrv?IIIF=d1/d1/6e/b8/c2/dc/4d/2f/b3/94/e1/01/f9/24/a3/0c/7fde6eb7-d4e3-45c5-8910-06eba2fc66ad.jp2/info.json
161	NL-HaNA_2.01.08_189_0161.jpg	8ddc2550-5db6-48b8-a19a-75b1142502d6	https://service.archief.nl/iip/iipsrv?IIIF=d1/d1/6e/b8/c2/dc/4d/2f/b3/94/e1/01/f9/24/a3/0c/8ddc2550-5db6-48b8-a19a-75b1142502d6.jp2/info.json
162	NL-HaNA_2.01.08_189_0162.jpg	2cbf84d5-8fc7-4f47-8a33-cc90322ac993	https://service.archief.nl/iip/iipsrv?IIIF=d1/d1/6e/b8/c2/dc/4d/2f/b3/94/e1/01/f9/24/a3/0c/2cbf84d5-8fc7-4f47-8a33-cc90322ac993.jp2/info.json
163	NL-HaNA_2.01.08_189_0163.jpg	f8b8a43b-61ce-4771-aacd-f5ca23ab3ee4	https://service.archief.nl/iip/iipsrv?IIIF=d1/d1/6e/b8/c2/dc/4d/2f/b3/94/e1/01/f9/24/a3/0c/f8b8a43b-61ce-4771-aacd-f5ca23ab3ee4.jp2/info.json
164	NL-HaNA_2.01.08_189_0164.jpg	50a8e0e3-bc09-43e6-b16f-7b93d9e187eb	https://service.archief.nl/iip/iipsrv?IIIF=d1/d1/6e/b8/c2/dc/4d/2f/b3/94/e1/01/f9/24/a3/0c/50a8e0e3-bc09-43e6-b16f-7b93d9e187eb.jp2/info.json
165	NL-HaNA_2.01.08_189_0165.jpg	f5484cf0-0aeb-4c49-92ae-6c26516a151c	https://service.archief.nl/iip/iipsrv?IIIF=d1/d1/6e/b8/c2/dc/4d/2f/b3/94/e1/01/f9/24/a3/0c/f5484cf0-0aeb-4c49-92ae-6c26516a151c.jp2/info.json
166	NL-HaNA_2.01.08_189_0166.jpg	85b6a955-05cf-48bd-8ca6-091c5c7f685b	https://service.archief.nl/iip/iipsrv?IIIF=d1/d1/6e/b8/c2/dc/4d/2f/b3/94/e1/01/f9/24/a3/0c/85b6a955-05cf-48bd-8ca6-091c5c7f685b.jp2/info.json
167	NL-HaNA_2.01.08_189_0167.jpg	4b161cc1-8b2b-4ca8-9914-86f415b7dc0e	https://service.archief.nl/iip/iipsrv?IIIF=d1/d1/6e/b8/c2/dc/4d/2f/b3/94/e1/01/f9/24/a3/0c/4b161cc1-8b2b-4ca8-9914-86f415b7dc0e.jp2/info.json
168	NL-HaNA_2.01.08_189_0168.jpg	027d6fdf-6da5-4f1e-871d-811883e4c7e8	https://service.archief.nl/iip/iipsrv?IIIF=d1/d1/6e/b8/c2/dc/4d/2f/b3/94/e1/01/f9/24/a3/0c/027d6fdf-6da5-4f1e-871d-811883e4c7e8.jp2/info.json
169	NL-HaNA_2.01.08_189_0169.jpg	809dd023-1e77-4ece-9e93-fe06cdaf16f7	https://service.archief.nl/iip/iipsrv?IIIF=d1/d1/6e/b8/c2/dc/4d/2f/b3/94/e1/01/f9/24/a3/0c/809dd023-1e77-4ece-9e93-fe06cdaf16f7.jp2/info.json
170	NL-HaNA_2.01.08_189_0170.jpg	17e644cb-16c9-4ec8-a4cf-a7d3d0ac1325	https://service.archief.nl/iip/iipsrv?IIIF=d1/d1/6e/b8/c2/dc/4d/2f/b3/94/e1/01/f9/24/a3/0c/17e644cb-16c9-4ec8-a4cf-a7d3d0ac1325.jp2/info.json
171	NL-HaNA_2.01.08_189_0171.jpg	478c489e-9845-4b14-9ffb-d84bd3586f85	https://service.archief.nl/iip/iipsrv?IIIF=d1/d1/6e/b8/c2/dc/4d/2f/b3/94/e1/01/f9/24/a3/0c/478c489e-9845-4b14-9ffb-d84bd3586f85.jp2/info.json
172	NL-HaNA_2.01.08_189_0172.jpg	6698a387-fb82-46cf-a8bb-9a8c8a6392b8	https://service.archief.nl/iip/iipsrv?IIIF=d1/d1/6e/b8/c2/dc/4d/2f/b3/94/e1/01/f9/24/a3/0c/6698a387-fb82-46cf-a8bb-9a8c8a6392b8.jp2/info.json
173	NL-HaNA_2.01.08_189_0173.jpg	043861c7-32c6-4c03-a8d9-3063cce9e96a	https://service.archief.nl/iip/iipsrv?IIIF=d1/d1/6e/b8/c2/dc/4d/2f/b3/94/e1/01/f9/24/a3/0c/043861c7-32c6-4c03-a8d9-3063cce9e96a.jp2/info.json
174	NL-HaNA_2.01.08_189_0174.jpg	52e8a9c3-7108-496f-8cdb-ff19c1cfd182	https://service.archief.nl/iip/iipsrv?IIIF=d1/d1/6e/b8/c2/dc/4d/2f/b3/94/e1/01/f9/24/a3/0c/52e8a9c3-7108-496f-8cdb-ff19c1cfd182.jp2/info.json
175	NL-HaNA_2.01.08_189_0175.jpg	42651a40-9d2d-490e-89f2-3dba7a412e77	https://service.archief.nl/iip/iipsrv?IIIF=d1/d1/6e/b8/c2/dc/4d/2f/b3/94/e1/01/f9/24/a3/0c/42651a40-9d2d-490e-89f2-3dba7a412e77.jp2/info.json
176	NL-HaNA_2.01.08_189_0176.jpg	c1f25332-02ee-4eaf-8304-21cfdbc97457	https://service.archief.nl/iip/iipsrv?IIIF=d1/d1/6e/b8/c2/dc/4d/2f/b3/94/e1/01/f9/24/a3/0c/c1f25332-02ee-4eaf-8304-21cfdbc97457.jp2/info.json
177	NL-HaNA_2.01.08_189_0177.jpg	78c1ee84-7328-45c8-a518-a6b0f3046781	https://service.archief.nl/iip/iipsrv?IIIF=d1/d1/6e/b8/c2/dc/4d/2f/b3/94/e1/01/f9/24/a3/0c/78c1ee84-7328-45c8-a518-a6b0f3046781.jp2/info.json
178	NL-HaNA_2.01.08_189_0178.jpg	00ba5031-1f20-4d54-8cdd-38aa74e97bee	https://service.archief.nl/iip/iipsrv?IIIF=d1/d1/6e/b8/c2/dc/4d/2f/b3/94/e1/01/f9/24/a3/0c/00ba5031-1f20-4d54-8cdd-38aa74e97bee.jp2/info.json
179	NL-HaNA_2.01.08_189_0179.jpg	9c424009-d8eb-4fc8-95f4-0c097c826020	https://service.archief.nl/iip/iipsrv?IIIF=d1/d1/6e/b8/c2/dc/4d/2f/b3/94/e1/01/f9/24/a3/0c/9c424009-d8eb-4fc8-95f4-0c097c826020.jp2/info.json
180	NL-HaNA_2.01.08_189_0180.jpg	91f12145-56b6-451a-b75f-e9465de2ec47	https://service.archief.nl/iip/iipsrv?IIIF=d1/d1/6e/b8/c2/dc/4d/2f/b3/94/e1/01/f9/24/a3/0c/91f12145-56b6-451a-b75f-e9465de2ec47.jp2/info.json
181	NL-HaNA_2.01.08_189_0181.jpg	7ff92ddf-f961-4afc-b1c7-722ba354085d	https://service.archief.nl/iip/iipsrv?IIIF=d1/d1/6e/b8/c2/dc/4d/2f/b3/94/e1/01/f9/24/a3/0c/7ff92ddf-f961-4afc-b1c7-722ba354085d.jp2/info.json
182	NL-HaNA_2.01.08_189_0182.jpg	442f2f5d-a328-4008-9bc7-9cc4387a04cf	https://service.archief.nl/iip/iipsrv?IIIF=d1/d1/6e/b8/c2/dc/4d/2f/b3/94/e1/01/f9/24/a3/0c/442f2f5d-a328-4008-9bc7-9cc4387a04cf.jp2/info.json
183	NL-HaNA_2.01.08_189_0183.jpg	b153f676-f3c6-4ac2-85ec-d0d533eaa9be	https://service.archief.nl/iip/iipsrv?IIIF=d1/d1/6e/b8/c2/dc/4d/2f/b3/94/e1/01/f9/24/a3/0c/b153f676-f3c6-4ac2-85ec-d0d533eaa9be.jp2/info.json
184	NL-HaNA_2.01.08_189_0184.jpg	19b2ccd4-69d8-48fe-87b6-387547e860bc	https://service.archief.nl/iip/iipsrv?IIIF=d1/d1/6e/b8/c2/dc/4d/2f/b3/94/e1/01/f9/24/a3/0c/19b2ccd4-69d8-48fe-87b6-387547e860bc.jp2/info.json
185	NL-HaNA_2.01.08_189_0185.jpg	cde9e59f-54bc-4e63-b8b4-763c9bf9e01a	https://service.archief.nl/iip/iipsrv?IIIF=d1/d1/6e/b8/c2/dc/4d/2f/b3/94/e1/01/f9/24/a3/0c/cde9e59f-54bc-4e63-b8b4-763c9bf9e01a.jp2/info.json
186	NL-HaNA_2.01.08_189_0186.jpg	7509bf1c-fcee-4401-a45d-2a54c6d08259	https://service.archief.nl/iip/iipsrv?IIIF=d1/d1/6e/b8/c2/dc/4d/2f/b3/94/e1/01/f9/24/a3/0c/7509bf1c-fcee-4401-a45d-2a54c6d08259.jp2/info.json
187	NL-HaNA_2.01.08_189_0187.jpg	8307b9cf-dd79-45ab-95a2-a23ff76ff9bb	https://service.archief.nl/iip/iipsrv?IIIF=d1/d1/6e/b8/c2/dc/4d/2f/b3/94/e1/01/f9/24/a3/0c/8307b9cf-dd79-45ab-95a2-a23ff76ff9bb.jp2/info.json
188	NL-HaNA_2.01.08_189_0188.jpg	989e556a-8354-4c7c-bac0-54f63a6c4064	https://service.archief.nl/iip/iipsrv?IIIF=d1/d1/6e/b8/c2/dc/4d/2f/b3/94/e1/01/f9/24/a3/0c/989e556a-8354-4c7c-bac0-54f63a6c4064.jp2/info.json
189	NL-HaNA_2.01.08_189_0189.jpg	7b3c4379-242f-474c-8833-db459018a40c	https://service.archief.nl/iip/iipsrv?IIIF=d1/d1/6e/b8/c2/dc/4d/2f/b3/94/e1/01/f9/24/a3/0c/7b3c4379-242f-474c-8833-db459018a40c.jp2/info.json
190	NL-HaNA_2.01.08_189_0190.jpg	aba16cd2-6b81-434f-a530-446715576b98	https://service.archief.nl/iip/iipsrv?IIIF=d1/d1/6e/b8/c2/dc/4d/2f/b3/94/e1/01/f9/24/a3/0c/aba16cd2-6b81-434f-a530-446715576b98.jp2/info.json
191	NL-HaNA_2.01.08_189_0191.jpg	2514577f-d1b6-4e93-a58b-cb3d2557478c	https://service.archief.nl/iip/iipsrv?IIIF=d1/d1/6e/b8/c2/dc/4d/2f/b3/94/e1/01/f9/24/a3/0c/2514577f-d1b6-4e93-a58b-cb3d2557478c.jp2/info.json
192	NL-HaNA_2.01.08_189_0192.jpg	654be59c-4387-44cf-8ebf-e3e2e240a525	https://service.archief.nl/iip/iipsrv?IIIF=d1/d1/6e/b8/c2/dc/4d/2f/b3/94/e1/01/f9/24/a3/0c/654be59c-4387-44cf-8ebf-e3e2e240a525.jp2/info.json
193	NL-HaNA_2.01.08_189_0193.jpg	e81ccff3-267e-4878-a1c6-820da6b8d49b	https://service.archief.nl/iip/iipsrv?IIIF=d1/d1/6e/b8/c2/dc/4d/2f/b3/94/e1/01/f9/24/a3/0c/e81ccff3-267e-4878-a1c6-820da6b8d49b.jp2/info.json
194	NL-HaNA_2.01.08_189_0194.jpg	555c0f39-bc10-43ca-9ae8-62b02686858c	https://service.archief.nl/iip/iipsrv?IIIF=d1/d1/6e/b8/c2/dc/4d/2f/b3/94/e1/01/f9/24/a3/0c/555c0f39-bc10-43ca-9ae8-62b02686858c.jp2/info.json
195	NL-HaNA_2.01.08_189_0195.jpg	a11db0e7-6691-4eca-a89a-cb7d22e7e2dc	https://service.archief.nl/iip/iipsrv?IIIF=d1/d1/6e/b8/c2/dc/4d/2f/b3/94/e1/01/f9/24/a3/0c/a11db0e7-6691-4eca-a89a-cb7d22e7e2dc.jp2/info.json
196	NL-HaNA_2.01.08_189_0196.jpg	70527443-f91c-4ef6-bf00-d2a782e13596	https://service.archief.nl/iip/iipsrv?IIIF=d1/d1/6e/b8/c2/dc/4d/2f/b3/94/e1/01/f9/24/a3/0c/70527443-f91c-4ef6-bf00-d2a782e13596.jp2/info.json
197	NL-HaNA_2.01.08_189_0197.jpg	a984035a-9080-457f-a1c3-c0e53aa12047	https://service.archief.nl/iip/iipsrv?IIIF=d1/d1/6e/b8/c2/dc/4d/2f/b3/94/e1/01/f9/24/a3/0c/a984035a-9080-457f-a1c3-c0e53aa12047.jp2/info.json
198	NL-HaNA_2.01.08_189_0198.jpg	9931fa4e-0b4a-45eb-9f4c-f4903a033e0f	https://service.archief.nl/iip/iipsrv?IIIF=d1/d1/6e/b8/c2/dc/4d/2f/b3/94/e1/01/f9/24/a3/0c/9931fa4e-0b4a-45eb-9f4c-f4903a033e0f.jp2/info.json
199	NL-HaNA_2.01.08_189_0199.jpg	84f50c79-9bf6-4967-9a47-99e22111818b	https://service.archief.nl/iip/iipsrv?IIIF=d1/d1/6e/b8/c2/dc/4d/2f/b3/94/e1/01/f9/24/a3/0c/84f50c79-9bf6-4967-9a47-99e22111818b.jp2/info.json
200	NL-HaNA_2.01.08_189_0200.jpg	a1784290-33cf-4fbd-99e9-be0261f3f09f	https://service.archief.nl/iip/iipsrv?IIIF=d1/d1/6e/b8/c2/dc/4d/2f/b3/94/e1/01/f9/24/a3/0c/a1784290-33cf-4fbd-99e9-be0261f3f09f.jp2/info.json
201	NL-HaNA_2.01.08_189_0201.jpg	340e042a-ec6a-4ecc-b030-ba4f418567c6	https://service.archief.nl/iip/iipsrv?IIIF=d1/d1/6e/b8/c2/dc/4d/2f/b3/94/e1/01/f9/24/a3/0c/340e042a-ec6a-4ecc-b030-ba4f418567c6.jp2/info.json
202	NL-HaNA_2.01.08_189_0202.jpg	191e58bb-898f-45bc-ba7b-2860d20c1236	https://service.archief.nl/iip/iipsrv?IIIF=d1/d1/6e/b8/c2/dc/4d/2f/b3/94/e1/01/f9/24/a3/0c/191e58bb-898f-45bc-ba7b-2860d20c1236.jp2/info.json
203	NL-HaNA_2.01.08_189_0203.jpg	da11488f-efaf-488d-9fa8-78b1e96b0331	https://service.archief.nl/iip/iipsrv?IIIF=d1/d1/6e/b8/c2/dc/4d/2f/b3/94/e1/01/f9/24/a3/0c/da11488f-efaf-488d-9fa8-78b1e96b0331.jp2/info.json
204	NL-HaNA_2.01.08_189_0204.jpg	771a4c77-2430-42e9-bf2e-bbcb01dc7242	https://service.archief.nl/iip/iipsrv?IIIF=d1/d1/6e/b8/c2/dc/4d/2f/b3/94/e1/01/f9/24/a3/0c/771a4c77-2430-42e9-bf2e-bbcb01dc7242.jp2/info.json
205	NL-HaNA_2.01.08_189_0205.jpg	be38fff9-e84f-42e0-9797-729932aab6ff	https://service.archief.nl/iip/iipsrv?IIIF=d1/d1/6e/b8/c2/dc/4d/2f/b3/94/e1/01/f9/24/a3/0c/be38fff9-e84f-42e0-9797-729932aab6ff.jp2/info.json
206	NL-HaNA_2.01.08_189_0206.jpg	7fca03c3-b543-47e8-a968-aa504895a341	https://service.archief.nl/iip/iipsrv?IIIF=d1/d1/6e/b8/c2/dc/4d/2f/b3/94/e1/01/f9/24/a3/0c/7fca03c3-b543-47e8-a968-aa504895a341.jp2/info.json
207	NL-HaNA_2.01.08_189_0207.jpg	15eeec38-7250-4f31-9f96-184b1267ab23	https://service.archief.nl/iip/iipsrv?IIIF=d1/d1/6e/b8/c2/dc/4d/2f/b3/94/e1/01/f9/24/a3/0c/15eeec38-7250-4f31-9f96-184b1267ab23.jp2/info.json
208	NL-HaNA_2.01.08_189_0208.jpg	0964068e-b3cd-4a9f-9dbe-a17d1b316fd4	https://service.archief.nl/iip/iipsrv?IIIF=d1/d1/6e/b8/c2/dc/4d/2f/b3/94/e1/01/f9/24/a3/0c/0964068e-b3cd-4a9f-9dbe-a17d1b316fd4.jp2/info.json
209	NL-HaNA_2.01.08_189_0209.jpg	36dd957e-bae0-4c7d-868f-11d2a83f8db3	https://service.archief.nl/iip/iipsrv?IIIF=d1/d1/6e/b8/c2/dc/4d/2f/b3/94/e1/01/f9/24/a3/0c/36dd957e-bae0-4c7d-868f-11d2a83f8db3.jp2/info.json
210	NL-HaNA_2.01.08_189_0210.jpg	b96d7b87-499c-48b9-a421-552414f1ab08	https://service.archief.nl/iip/iipsrv?IIIF=d1/d1/6e/b8/c2/dc/4d/2f/b3/94/e1/01/f9/24/a3/0c/b96d7b87-499c-48b9-a421-552414f1ab08.jp2/info.json
211	NL-HaNA_2.01.08_189_0211.jpg	82e81304-ddb7-473f-9ec5-4eba5d4660a1	https://service.archief.nl/iip/iipsrv?IIIF=d1/d1/6e/b8/c2/dc/4d/2f/b3/94/e1/01/f9/24/a3/0c/82e81304-ddb7-473f-9ec5-4eba5d4660a1.jp2/info.json
212	NL-HaNA_2.01.08_189_0212.jpg	3b9a4039-225c-406d-8dea-47e9d2bb19f5	https://service.archief.nl/iip/iipsrv?IIIF=d1/d1/6e/b8/c2/dc/4d/2f/b3/94/e1/01/f9/24/a3/0c/3b9a4039-225c-406d-8dea-47e9d2bb19f5.jp2/info.json
213	NL-HaNA_2.01.08_189_0213.jpg	627adac5-f14d-4003-b0c6-a900f19066b4	https://service.archief.nl/iip/iipsrv?IIIF=d1/d1/6e/b8/c2/dc/4d/2f/b3/94/e1/01/f9/24/a3/0c/627adac5-f14d-4003-b0c6-a900f19066b4.jp2/info.json
214	NL-HaNA_2.01.08_189_0214.jpg	3b84849b-611e-48ef-b18f-9d12b74a656d	https://service.archief.nl/iip/iipsrv?IIIF=d1/d1/6e/b8/c2/dc/4d/2f/b3/94/e1/01/f9/24/a3/0c/3b84849b-611e-48ef-b18f-9d12b74a656d.jp2/info.json
215	NL-HaNA_2.01.08_189_0215.jpg	dfdf329a-1551-4fcb-8083-7d5c58a4e052	https://service.archief.nl/iip/iipsrv?IIIF=d1/d1/6e/b8/c2/dc/4d/2f/b3/94/e1/01/f9/24/a3/0c/dfdf329a-1551-4fcb-8083-7d5c58a4e052.jp2/info.json
216	NL-HaNA_2.01.08_189_0216.jpg	9734fe41-e346-4c69-a573-9162ab91b9b3	https://service.archief.nl/iip/iipsrv?IIIF=d1/d1/6e/b8/c2/dc/4d/2f/b3/94/e1/01/f9/24/a3/0c/9734fe41-e346-4c69-a573-9162ab91b9b3.jp2/info.json
217	NL-HaNA_2.01.08_189_0217.jpg	dc183ecf-9ddd-4a40-95c4-3b12b7881936	https://service.archief.nl/iip/iipsrv?IIIF=d1/d1/6e/b8/c2/dc/4d/2f/b3/94/e1/01/f9/24/a3/0c/dc183ecf-9ddd-4a40-95c4-3b12b7881936.jp2/info.json
218	NL-HaNA_2.01.08_189_0218.jpg	4816ecdc-3a25-4e62-916e-f65224630684	https://service.archief.nl/iip/iipsrv?IIIF=d1/d1/6e/b8/c2/dc/4d/2f/b3/94/e1/01/f9/24/a3/0c/4816ecdc-3a25-4e62-916e-f65224630684.jp2/info.json
219	NL-HaNA_2.01.08_189_0219.jpg	33b6a738-b7fa-4e82-a6a0-2947964a5002	https://service.archief.nl/iip/iipsrv?IIIF=d1/d1/6e/b8/c2/dc/4d/2f/b3/94/e1/01/f9/24/a3/0c/33b6a738-b7fa-4e82-a6a0-2947964a5002.jp2/info.json
220	NL-HaNA_2.01.08_189_0220.jpg	d10b4346-a87a-4532-ab9a-7374dc9cec01	https://service.archief.nl/iip/iipsrv?IIIF=d1/d1/6e/b8/c2/dc/4d/2f/b3/94/e1/01/f9/24/a3/0c/d10b4346-a87a-4532-ab9a-7374dc9cec01.jp2/info.json
221	NL-HaNA_2.01.08_189_0221.jpg	c07cf227-b724-4e03-b1eb-f65ab7fa1011	https://service.archief.nl/iip/iipsrv?IIIF=d1/d1/6e/b8/c2/dc/4d/2f/b3/94/e1/01/f9/24/a3/0c/c07cf227-b724-4e03-b1eb-f65ab7fa1011.jp2/info.json
222	NL-HaNA_2.01.08_189_0222.jpg	16d1549a-af63-475f-8692-763f0409dec9	https://service.archief.nl/iip/iipsrv?IIIF=d1/d1/6e/b8/c2/dc/4d/2f/b3/94/e1/01/f9/24/a3/0c/16d1549a-af63-475f-8692-763f0409dec9.jp2/info.json
223	NL-HaNA_2.01.08_189_0223.jpg	5cfb7ae3-6ff6-4f28-968b-008ff7418b59	https://service.archief.nl/iip/iipsrv?IIIF=d1/d1/6e/b8/c2/dc/4d/2f/b3/94/e1/01/f9/24/a3/0c/5cfb7ae3-6ff6-4f28-968b-008ff7418b59.jp2/info.json
224	NL-HaNA_2.01.08_189_0224.jpg	7dbe216c-4b75-4afd-9840-cfba53918920	https://service.archief.nl/iip/iipsrv?IIIF=d1/d1/6e/b8/c2/dc/4d/2f/b3/94/e1/01/f9/24/a3/0c/7dbe216c-4b75-4afd-9840-cfba53918920.jp2/info.json
225	NL-HaNA_2.01.08_189_0225.jpg	94bb0127-e7b5-4243-84d5-5483d6d4aec5	https://service.archief.nl/iip/iipsrv?IIIF=d1/d1/6e/b8/c2/dc/4d/2f/b3/94/e1/01/f9/24/a3/0c/94bb0127-e7b5-4243-84d5-5483d6d4aec5.jp2/info.json
226	NL-HaNA_2.01.08_189_0226.jpg	51965dd8-4315-4e90-8ab4-9f9c8986e557	https://service.archief.nl/iip/iipsrv?IIIF=d1/d1/6e/b8/c2/dc/4d/2f/b3/94/e1/01/f9/24/a3/0c/51965dd8-4315-4e90-8ab4-9f9c8986e557.jp2/info.json
227	NL-HaNA_2.01.08_189_0227.jpg	f13dfa75-50a9-49dd-b527-befeb4ebe6e0	https://service.archief.nl/iip/iipsrv?IIIF=d1/d1/6e/b8/c2/dc/4d/2f/b3/94/e1/01/f9/24/a3/0c/f13dfa75-50a9-49dd-b527-befeb4ebe6e0.jp2/info.json
228	NL-HaNA_2.01.08_189_0228.jpg	6c7ff1a0-57bc-41a4-8c0d-22d647bcee2b	https://service.archief.nl/iip/iipsrv?IIIF=d1/d1/6e/b8/c2/dc/4d/2f/b3/94/e1/01/f9/24/a3/0c/6c7ff1a0-57bc-41a4-8c0d-22d647bcee2b.jp2/info.json
229	NL-HaNA_2.01.08_189_0229.jpg	04c74338-0870-433e-8ad9-5dd646ac6f8a	https://service.archief.nl/iip/iipsrv?IIIF=d1/d1/6e/b8/c2/dc/4d/2f/b3/94/e1/01/f9/24/a3/0c/04c74338-0870-433e-8ad9-5dd646ac6f8a.jp2/info.json
230	NL-HaNA_2.01.08_189_0230.jpg	0177b027-f464-4aed-888a-93ade3d0c272	https://service.archief.nl/iip/iipsrv?IIIF=d1/d1/6e/b8/c2/dc/4d/2f/b3/94/e1/01/f9/24/a3/0c/0177b027-f464-4aed-888a-93ade3d0c272.jp2/info.json
231	NL-HaNA_2.01.08_189_0231.jpg	81526ace-dc18-4770-a03d-2e20a1e77691	https://service.archief.nl/iip/iipsrv?IIIF=d1/d1/6e/b8/c2/dc/4d/2f/b3/94/e1/01/f9/24/a3/0c/81526ace-dc18-4770-a03d-2e20a1e77691.jp2/info.json
232	NL-HaNA_2.01.08_189_0232.jpg	6a97b191-1945-4afa-a05c-eb4de201a490	https://service.archief.nl/iip/iipsrv?IIIF=d1/d1/6e/b8/c2/dc/4d/2f/b3/94/e1/01/f9/24/a3/0c/6a97b191-1945-4afa-a05c-eb4de201a490.jp2/info.json
233	NL-HaNA_2.01.08_189_0233.jpg	31a2e5e9-20ea-434c-afd6-430b8dcb83e4	https://service.archief.nl/iip/iipsrv?IIIF=d1/d1/6e/b8/c2/dc/4d/2f/b3/94/e1/01/f9/24/a3/0c/31a2e5e9-20ea-434c-afd6-430b8dcb83e4.jp2/info.json
234	NL-HaNA_2.01.08_189_0234.jpg	1e85a031-fa01-42f0-83b5-005cf976e2ab	https://service.archief.nl/iip/iipsrv?IIIF=d1/d1/6e/b8/c2/dc/4d/2f/b3/94/e1/01/f9/24/a3/0c/1e85a031-fa01-42f0-83b5-005cf976e2ab.jp2/info.json
235	NL-HaNA_2.01.08_189_0235.jpg	28050d2b-7da5-41ec-a7c0-e231d739e7a9	https://service.archief.nl/iip/iipsrv?IIIF=d1/d1/6e/b8/c2/dc/4d/2f/b3/94/e1/01/f9/24/a3/0c/28050d2b-7da5-41ec-a7c0-e231d739e7a9.jp2/info.json
236	NL-HaNA_2.01.08_189_0236.jpg	f2dcd680-033f-46b7-a3c9-e11127726354	https://service.archief.nl/iip/iipsrv?IIIF=d1/d1/6e/b8/c2/dc/4d/2f/b3/94/e1/01/f9/24/a3/0c/f2dcd680-033f-46b7-a3c9-e11127726354.jp2/info.json
237	NL-HaNA_2.01.08_189_0237.jpg	e25d7f76-27a1-4b5d-b112-531f004281e5	https://service.archief.nl/iip/iipsrv?IIIF=d1/d1/6e/b8/c2/dc/4d/2f/b3/94/e1/01/f9/24/a3/0c/e25d7f76-27a1-4b5d-b112-531f004281e5.jp2/info.json
238	NL-HaNA_2.01.08_189_0238.jpg	4a2dd6fe-5ee9-4a7f-bbd7-4281b01648ff	https://service.archief.nl/iip/iipsrv?IIIF=d1/d1/6e/b8/c2/dc/4d/2f/b3/94/e1/01/f9/24/a3/0c/4a2dd6fe-5ee9-4a7f-bbd7-4281b01648ff.jp2/info.json
239	NL-HaNA_2.01.08_189_0239.jpg	706eb6c9-ac0b-4460-a2a6-5366b95acb29	https://service.archief.nl/iip/iipsrv?IIIF=d1/d1/6e/b8/c2/dc/4d/2f/b3/94/e1/01/f9/24/a3/0c/706eb6c9-ac0b-4460-a2a6-5366b95acb29.jp2/info.json
240	NL-HaNA_2.01.08_189_0240.jpg	b0959137-6d80-4feb-9820-3cd999deb320	https://service.archief.nl/iip/iipsrv?IIIF=d1/d1/6e/b8/c2/dc/4d/2f/b3/94/e1/01/f9/24/a3/0c/b0959137-6d80-4feb-9820-3cd999deb320.jp2/info.json
241	NL-HaNA_2.01.08_189_0241.jpg	7d658079-2a45-45ac-8d1b-ab72d49fd0ed	https://service.archief.nl/iip/iipsrv?IIIF=d1/d1/6e/b8/c2/dc/4d/2f/b3/94/e1/01/f9/24/a3/0c/7d658079-2a45-45ac-8d1b-ab72d49fd0ed.jp2/info.json
242	NL-HaNA_2.01.08_189_0242.jpg	7db47d73-1684-4f5f-8b7e-d4eedded86c1	https://service.archief.nl/iip/iipsrv?IIIF=d1/d1/6e/b8/c2/dc/4d/2f/b3/94/e1/01/f9/24/a3/0c/7db47d73-1684-4f5f-8b7e-d4eedded86c1.jp2/info.json
243	NL-HaNA_2.01.08_189_0243.jpg	69847b6a-3efe-450e-8bde-558704f6d752	https://service.archief.nl/iip/iipsrv?IIIF=d1/d1/6e/b8/c2/dc/4d/2f/b3/94/e1/01/f9/24/a3/0c/69847b6a-3efe-450e-8bde-558704f6d752.jp2/info.json
244	NL-HaNA_2.01.08_189_0244.jpg	3db40409-bb97-4fc1-9dad-4fc94321ee1d	https://service.archief.nl/iip/iipsrv?IIIF=d1/d1/6e/b8/c2/dc/4d/2f/b3/94/e1/01/f9/24/a3/0c/3db40409-bb97-4fc1-9dad-4fc94321ee1d.jp2/info.json
245	NL-HaNA_2.01.08_189_0245.jpg	33de9842-0753-4fb0-b8e8-8a7addd3f8c7	https://service.archief.nl/iip/iipsrv?IIIF=d1/d1/6e/b8/c2/dc/4d/2f/b3/94/e1/01/f9/24/a3/0c/33de9842-0753-4fb0-b8e8-8a7addd3f8c7.jp2/info.json
246	NL-HaNA_2.01.08_189_0246.jpg	bf398af7-ad42-4165-9aac-a7e1f079df44	https://service.archief.nl/iip/iipsrv?IIIF=d1/d1/6e/b8/c2/dc/4d/2f/b3/94/e1/01/f9/24/a3/0c/bf398af7-ad42-4165-9aac-a7e1f079df44.jp2/info.json
247	NL-HaNA_2.01.08_189_0247.jpg	07d5666c-5e7f-42f4-b816-5bf3efec2e71	https://service.archief.nl/iip/iipsrv?IIIF=d1/d1/6e/b8/c2/dc/4d/2f/b3/94/e1/01/f9/24/a3/0c/07d5666c-5e7f-42f4-b816-5bf3efec2e71.jp2/info.json
248	NL-HaNA_2.01.08_189_0248.jpg	99543ecc-1f79-4dc2-92dd-1203b6e37f5e	https://service.archief.nl/iip/iipsrv?IIIF=d1/d1/6e/b8/c2/dc/4d/2f/b3/94/e1/01/f9/24/a3/0c/99543ecc-1f79-4dc2-92dd-1203b6e37f5e.jp2/info.json
249	NL-HaNA_2.01.08_189_0249.jpg	5a5a5a42-1da4-40f4-b783-31e0a53ff886	https://service.archief.nl/iip/iipsrv?IIIF=d1/d1/6e/b8/c2/dc/4d/2f/b3/94/e1/01/f9/24/a3/0c/5a5a5a42-1da4-40f4-b783-31e0a53ff886.jp2/info.json
250	NL-HaNA_2.01.08_189_0250.jpg	3a7bfb2a-70f9-4a2d-8d88-b25ee4364fa1	https://service.archief.nl/iip/iipsrv?IIIF=d1/d1/6e/b8/c2/dc/4d/2f/b3/94/e1/01/f9/24/a3/0c/3a7bfb2a-70f9-4a2d-8d88-b25ee4364fa1.jp2/info.json
251	NL-HaNA_2.01.08_189_0251.jpg	5cb7bdfe-b666-461d-8f49-c1b9d4c71dad	https://service.archief.nl/iip/iipsrv?IIIF=d1/d1/6e/b8/c2/dc/4d/2f/b3/94/e1/01/f9/24/a3/0c/5cb7bdfe-b666-461d-8f49-c1b9d4c71dad.jp2/info.json
252	NL-HaNA_2.01.08_189_0252.jpg	e13297ff-3216-45c2-a189-4675c1a18e9c	https://service.archief.nl/iip/iipsrv?IIIF=d1/d1/6e/b8/c2/dc/4d/2f/b3/94/e1/01/f9/24/a3/0c/e13297ff-3216-45c2-a189-4675c1a18e9c.jp2/info.json
253	NL-HaNA_2.01.08_189_0253.jpg	ab97f7b4-0781-441a-9ec1-70dcc7483d55	https://service.archief.nl/iip/iipsrv?IIIF=d1/d1/6e/b8/c2/dc/4d/2f/b3/94/e1/01/f9/24/a3/0c/ab97f7b4-0781-441a-9ec1-70dcc7483d55.jp2/info.json
254	NL-HaNA_2.01.08_189_0254.jpg	c378789a-775c-46fe-b85c-487d5550caeb	https://service.archief.nl/iip/iipsrv?IIIF=d1/d1/6e/b8/c2/dc/4d/2f/b3/94/e1/01/f9/24/a3/0c/c378789a-775c-46fe-b85c-487d5550caeb.jp2/info.json
255	NL-HaNA_2.01.08_189_0255.jpg	81bef8c5-7311-41ea-902a-e30051a1de80	https://service.archief.nl/iip/iipsrv?IIIF=d1/d1/6e/b8/c2/dc/4d/2f/b3/94/e1/01/f9/24/a3/0c/81bef8c5-7311-41ea-902a-e30051a1de80.jp2/info.json
256	NL-HaNA_2.01.08_189_0256.jpg	0ddfa195-6e53-4662-9fed-ecd49171426c	https://service.archief.nl/iip/iipsrv?IIIF=d1/d1/6e/b8/c2/dc/4d/2f/b3/94/e1/01/f9/24/a3/0c/0ddfa195-6e53-4662-9fed-ecd49171426c.jp2/info.json
257	NL-HaNA_2.01.08_189_0257.jpg	d868c18f-94d4-467f-8fcb-f761134bbaa4	https://service.archief.nl/iip/iipsrv?IIIF=d1/d1/6e/b8/c2/dc/4d/2f/b3/94/e1/01/f9/24/a3/0c/d868c18f-94d4-467f-8fcb-f761134bbaa4.jp2/info.json
258	NL-HaNA_2.01.08_189_0258.jpg	7136d7a1-edef-4a7b-aa68-a5c156979f33	https://service.archief.nl/iip/iipsrv?IIIF=d1/d1/6e/b8/c2/dc/4d/2f/b3/94/e1/01/f9/24/a3/0c/7136d7a1-edef-4a7b-aa68-a5c156979f33.jp2/info.json
259	NL-HaNA_2.01.08_189_0259.jpg	b021e4be-4f90-4902-b8b1-696b8a0eeb21	https://service.archief.nl/iip/iipsrv?IIIF=d1/d1/6e/b8/c2/dc/4d/2f/b3/94/e1/01/f9/24/a3/0c/b021e4be-4f90-4902-b8b1-696b8a0eeb21.jp2/info.json
260	NL-HaNA_2.01.08_189_0260.jpg	130d0d9b-5a54-4a6a-90ee-969b4f787d79	https://service.archief.nl/iip/iipsrv?IIIF=d1/d1/6e/b8/c2/dc/4d/2f/b3/94/e1/01/f9/24/a3/0c/130d0d9b-5a54-4a6a-90ee-969b4f787d79.jp2/info.json
261	NL-HaNA_2.01.08_189_0261.jpg	11a61d7d-950a-4259-b4a2-c0d5a6106db7	https://service.archief.nl/iip/iipsrv?IIIF=d1/d1/6e/b8/c2/dc/4d/2f/b3/94/e1/01/f9/24/a3/0c/11a61d7d-950a-4259-b4a2-c0d5a6106db7.jp2/info.json
262	NL-HaNA_2.01.08_189_0262.jpg	6d315f1b-4e9e-4c97-b2e5-7ca22013e595	https://service.archief.nl/iip/iipsrv?IIIF=d1/d1/6e/b8/c2/dc/4d/2f/b3/94/e1/01/f9/24/a3/0c/6d315f1b-4e9e-4c97-b2e5-7ca22013e595.jp2/info.json
263	NL-HaNA_2.01.08_189_0263.jpg	81aab5c2-6892-467c-8777-b99dcd159342	https://service.archief.nl/iip/iipsrv?IIIF=d1/d1/6e/b8/c2/dc/4d/2f/b3/94/e1/01/f9/24/a3/0c/81aab5c2-6892-467c-8777-b99dcd159342.jp2/info.json
264	NL-HaNA_2.01.08_189_0264.jpg	cc5c9cf7-da9c-48c5-bafb-33731fd56a60	https://service.archief.nl/iip/iipsrv?IIIF=d1/d1/6e/b8/c2/dc/4d/2f/b3/94/e1/01/f9/24/a3/0c/cc5c9cf7-da9c-48c5-bafb-33731fd56a60.jp2/info.json
265	NL-HaNA_2.01.08_189_0265.jpg	65b175bc-fc8b-4582-9a27-3a2f6c2fb09d	https://service.archief.nl/iip/iipsrv?IIIF=d1/d1/6e/b8/c2/dc/4d/2f/b3/94/e1/01/f9/24/a3/0c/65b175bc-fc8b-4582-9a27-3a2f6c2fb09d.jp2/info.json
266	NL-HaNA_2.01.08_189_0266.jpg	340481dd-a1aa-4c55-9040-e69be62e0a9d	https://service.archief.nl/iip/iipsrv?IIIF=d1/d1/6e/b8/c2/dc/4d/2f/b3/94/e1/01/f9/24/a3/0c/340481dd-a1aa-4c55-9040-e69be62e0a9d.jp2/info.json
267	NL-HaNA_2.01.08_189_0267.jpg	5286905f-72ff-468b-8980-b520b2a4f325	https://service.archief.nl/iip/iipsrv?IIIF=d1/d1/6e/b8/c2/dc/4d/2f/b3/94/e1/01/f9/24/a3/0c/5286905f-72ff-468b-8980-b520b2a4f325.jp2/info.json
268	NL-HaNA_2.01.08_189_0268.jpg	422ffa69-a549-4576-97bd-9f451a09dc2f	https://service.archief.nl/iip/iipsrv?IIIF=d1/d1/6e/b8/c2/dc/4d/2f/b3/94/e1/01/f9/24/a3/0c/422ffa69-a549-4576-97bd-9f451a09dc2f.jp2/info.json
269	NL-HaNA_2.01.08_189_0269.jpg	c44ea18d-995d-4e61-8cb0-1180d787a266	https://service.archief.nl/iip/iipsrv?IIIF=d1/d1/6e/b8/c2/dc/4d/2f/b3/94/e1/01/f9/24/a3/0c/c44ea18d-995d-4e61-8cb0-1180d787a266.jp2/info.json
270	NL-HaNA_2.01.08_189_0270.jpg	88758565-5177-4ade-8ead-6b714f5bee23	https://service.archief.nl/iip/iipsrv?IIIF=d1/d1/6e/b8/c2/dc/4d/2f/b3/94/e1/01/f9/24/a3/0c/88758565-5177-4ade-8ead-6b714f5bee23.jp2/info.json
271	NL-HaNA_2.01.08_189_0271.jpg	a07c9bf1-bc8b-418e-b199-e337d55294b1	https://service.archief.nl/iip/iipsrv?IIIF=d1/d1/6e/b8/c2/dc/4d/2f/b3/94/e1/01/f9/24/a3/0c/a07c9bf1-bc8b-418e-b199-e337d55294b1.jp2/info.json
272	NL-HaNA_2.01.08_189_0272.jpg	900bc33c-27b1-4e39-9495-4fe96cc111b2	https://service.archief.nl/iip/iipsrv?IIIF=d1/d1/6e/b8/c2/dc/4d/2f/b3/94/e1/01/f9/24/a3/0c/900bc33c-27b1-4e39-9495-4fe96cc111b2.jp2/info.json
273	NL-HaNA_2.01.08_189_0273.jpg	ede2e81a-3b7b-4d88-9096-db25ac049e80	https://service.archief.nl/iip/iipsrv?IIIF=d1/d1/6e/b8/c2/dc/4d/2f/b3/94/e1/01/f9/24/a3/0c/ede2e81a-3b7b-4d88-9096-db25ac049e80.jp2/info.json
274	NL-HaNA_2.01.08_189_0274.jpg	04ec6764-97d2-435d-a92f-0ba2e0be09bd	https://service.archief.nl/iip/iipsrv?IIIF=d1/d1/6e/b8/c2/dc/4d/2f/b3/94/e1/01/f9/24/a3/0c/04ec6764-97d2-435d-a92f-0ba2e0be09bd.jp2/info.json
275	NL-HaNA_2.01.08_189_0275.jpg	6741ef07-5967-4c5a-8ce3-3f5ce8277c1d	https://service.archief.nl/iip/iipsrv?IIIF=d1/d1/6e/b8/c2/dc/4d/2f/b3/94/e1/01/f9/24/a3/0c/6741ef07-5967-4c5a-8ce3-3f5ce8277c1d.jp2/info.json
276	NL-HaNA_2.01.08_189_0276.jpg	36868006-151e-486d-b6e0-dd87a25db452	https://service.archief.nl/iip/iipsrv?IIIF=d1/d1/6e/b8/c2/dc/4d/2f/b3/94/e1/01/f9/24/a3/0c/36868006-151e-486d-b6e0-dd87a25db452.jp2/info.json
277	NL-HaNA_2.01.08_189_0277.jpg	0083e7b1-f7ff-47a3-a329-d8b59e4d0525	https://service.archief.nl/iip/iipsrv?IIIF=d1/d1/6e/b8/c2/dc/4d/2f/b3/94/e1/01/f9/24/a3/0c/0083e7b1-f7ff-47a3-a329-d8b59e4d0525.jp2/info.json
278	NL-HaNA_2.01.08_189_0278.jpg	5503f1e8-55b1-4050-9a99-fd441dbba270	https://service.archief.nl/iip/iipsrv?IIIF=d1/d1/6e/b8/c2/dc/4d/2f/b3/94/e1/01/f9/24/a3/0c/5503f1e8-55b1-4050-9a99-fd441dbba270.jp2/info.json
279	NL-HaNA_2.01.08_189_0279.jpg	77a0f6b2-ffb4-4152-a59e-eaca289d39ee	https://service.archief.nl/iip/iipsrv?IIIF=d1/d1/6e/b8/c2/dc/4d/2f/b3/94/e1/01/f9/24/a3/0c/77a0f6b2-ffb4-4152-a59e-eaca289d39ee.jp2/info.json
280	NL-HaNA_2.01.08_189_0280.jpg	4231b63c-51b5-4436-9a7a-8a521610115d	https://service.archief.nl/iip/iipsrv?IIIF=d1/d1/6e/b8/c2/dc/4d/2f/b3/94/e1/01/f9/24/a3/0c/4231b63c-51b5-4436-9a7a-8a521610115d.jp2/info.json
281	NL-HaNA_2.01.08_189_0281.jpg	eed6a90a-3a0d-48c3-9102-dc73f045943a	https://service.archief.nl/iip/iipsrv?IIIF=d1/d1/6e/b8/c2/dc/4d/2f/b3/94/e1/01/f9/24/a3/0c/eed6a90a-3a0d-48c3-9102-dc73f045943a.jp2/info.json
282	NL-HaNA_2.01.08_189_0282.jpg	8b2a4330-97bd-4827-b844-4486c8317e05	https://service.archief.nl/iip/iipsrv?IIIF=d1/d1/6e/b8/c2/dc/4d/2f/b3/94/e1/01/f9/24/a3/0c/8b2a4330-97bd-4827-b844-4486c8317e05.jp2/info.json
283	NL-HaNA_2.01.08_189_0283.jpg	8a2cd35e-24eb-4f8e-b940-61932b52b3d2	https://service.archief.nl/iip/iipsrv?IIIF=d1/d1/6e/b8/c2/dc/4d/2f/b3/94/e1/01/f9/24/a3/0c/8a2cd35e-24eb-4f8e-b940-61932b52b3d2.jp2/info.json
284	NL-HaNA_2.01.08_189_0284.jpg	359a9c04-5577-4058-b8c1-51a17f4eccbc	https://service.archief.nl/iip/iipsrv?IIIF=d1/d1/6e/b8/c2/dc/4d/2f/b3/94/e1/01/f9/24/a3/0c/359a9c04-5577-4058-b8c1-51a17f4eccbc.jp2/info.json
285	NL-HaNA_2.01.08_189_0285.jpg	5982f08e-3aff-46d6-8fc4-3dd27031f219	https://service.archief.nl/iip/iipsrv?IIIF=d1/d1/6e/b8/c2/dc/4d/2f/b3/94/e1/01/f9/24/a3/0c/5982f08e-3aff-46d6-8fc4-3dd27031f219.jp2/info.json
286	NL-HaNA_2.01.08_189_0286.jpg	7671bfc4-7ba3-4448-b9b0-2a3148825772	https://service.archief.nl/iip/iipsrv?IIIF=d1/d1/6e/b8/c2/dc/4d/2f/b3/94/e1/01/f9/24/a3/0c/7671bfc4-7ba3-4448-b9b0-2a3148825772.jp2/info.json
287	NL-HaNA_2.01.08_189_0287.jpg	ff640e96-454a-4b5b-bd97-68bd008fed89	https://service.archief.nl/iip/iipsrv?IIIF=d1/d1/6e/b8/c2/dc/4d/2f/b3/94/e1/01/f9/24/a3/0c/ff640e96-454a-4b5b-bd97-68bd008fed89.jp2/info.json
288	NL-HaNA_2.01.08_189_0288.jpg	60f433fe-553b-4774-81e6-574e0c8183d6	https://service.archief.nl/iip/iipsrv?IIIF=d1/d1/6e/b8/c2/dc/4d/2f/b3/94/e1/01/f9/24/a3/0c/60f433fe-553b-4774-81e6-574e0c8183d6.jp2/info.json
289	NL-HaNA_2.01.08_189_0289.jpg	c202fc72-9880-4c66-87b8-0eb176350791	https://service.archief.nl/iip/iipsrv?IIIF=d1/d1/6e/b8/c2/dc/4d/2f/b3/94/e1/01/f9/24/a3/0c/c202fc72-9880-4c66-87b8-0eb176350791.jp2/info.json
290	NL-HaNA_2.01.08_189_0290.jpg	37fabb4a-ae4a-4c20-8f07-e75f812c21ff	https://service.archief.nl/iip/iipsrv?IIIF=d1/d1/6e/b8/c2/dc/4d/2f/b3/94/e1/01/f9/24/a3/0c/37fabb4a-ae4a-4c20-8f07-e75f812c21ff.jp2/info.json
291	NL-HaNA_2.01.08_189_0291.jpg	edbf76de-d52a-4a37-a18c-e829f4b4ecf7	https://service.archief.nl/iip/iipsrv?IIIF=d1/d1/6e/b8/c2/dc/4d/2f/b3/94/e1/01/f9/24/a3/0c/edbf76de-d52a-4a37-a18c-e829f4b4ecf7.jp2/info.json
292	NL-HaNA_2.01.08_189_0292.jpg	690ff7f6-2eb2-43fe-85e6-c9a4d9e9cb5b	https://service.archief.nl/iip/iipsrv?IIIF=d1/d1/6e/b8/c2/dc/4d/2f/b3/94/e1/01/f9/24/a3/0c/690ff7f6-2eb2-43fe-85e6-c9a4d9e9cb5b.jp2/info.json
293	NL-HaNA_2.01.08_189_0293.jpg	de8a7456-1369-4f5e-87af-1a4b21a63734	https://service.archief.nl/iip/iipsrv?IIIF=d1/d1/6e/b8/c2/dc/4d/2f/b3/94/e1/01/f9/24/a3/0c/de8a7456-1369-4f5e-87af-1a4b21a63734.jp2/info.json
294	NL-HaNA_2.01.08_189_0294.jpg	be0b859d-b603-40df-90fd-bfc04ecb0f28	https://service.archief.nl/iip/iipsrv?IIIF=d1/d1/6e/b8/c2/dc/4d/2f/b3/94/e1/01/f9/24/a3/0c/be0b859d-b603-40df-90fd-bfc04ecb0f28.jp2/info.json
295	NL-HaNA_2.01.08_189_0295.jpg	eee90c47-7f27-4f43-b437-e6cd64742b1f	https://service.archief.nl/iip/iipsrv?IIIF=d1/d1/6e/b8/c2/dc/4d/2f/b3/94/e1/01/f9/24/a3/0c/eee90c47-7f27-4f43-b437-e6cd64742b1f.jp2/info.json
296	NL-HaNA_2.01.08_189_0296.jpg	51253ec9-3545-4d30-8ba5-dee397d9d6fd	https://service.archief.nl/iip/iipsrv?IIIF=d1/d1/6e/b8/c2/dc/4d/2f/b3/94/e1/01/f9/24/a3/0c/51253ec9-3545-4d30-8ba5-dee397d9d6fd.jp2/info.json
297	NL-HaNA_2.01.08_189_0297.jpg	9bf062b5-92e2-4fbf-91bd-7b3db270119c	https://service.archief.nl/iip/iipsrv?IIIF=d1/d1/6e/b8/c2/dc/4d/2f/b3/94/e1/01/f9/24/a3/0c/9bf062b5-92e2-4fbf-91bd-7b3db270119c.jp2/info.json
298	NL-HaNA_2.01.08_189_0298.jpg	411f365a-ae1a-4785-beae-5ac6cc48ed6f	https://service.archief.nl/iip/iipsrv?IIIF=d1/d1/6e/b8/c2/dc/4d/2f/b3/94/e1/01/f9/24/a3/0c/411f365a-ae1a-4785-beae-5ac6cc48ed6f.jp2/info.json
299	NL-HaNA_2.01.08_189_0299.jpg	5989df69-989f-47ea-83a2-4a03dd98c015	https://service.archief.nl/iip/iipsrv?IIIF=d1/d1/6e/b8/c2/dc/4d/2f/b3/94/e1/01/f9/24/a3/0c/5989df69-989f-47ea-83a2-4a03dd98c015.jp2/info.json
300	NL-HaNA_2.01.08_189_0300.jpg	c2a55c95-97d1-497b-81a4-3e3446e23eee	https://service.archief.nl/iip/iipsrv?IIIF=d1/d1/6e/b8/c2/dc/4d/2f/b3/94/e1/01/f9/24/a3/0c/c2a55c95-97d1-497b-81a4-3e3446e23eee.jp2/info.json
301	NL-HaNA_2.01.08_189_0301.jpg	25783f19-52f5-4e5c-8186-631dcf43ef17	https://service.archief.nl/iip/iipsrv?IIIF=d1/d1/6e/b8/c2/dc/4d/2f/b3/94/e1/01/f9/24/a3/0c/25783f19-52f5-4e5c-8186-631dcf43ef17.jp2/info.json
302	NL-HaNA_2.01.08_189_0302.jpg	a4691e2b-a67a-4663-ba5c-9a2510c48fac	https://service.archief.nl/iip/iipsrv?IIIF=d1/d1/6e/b8/c2/dc/4d/2f/b3/94/e1/01/f9/24/a3/0c/a4691e2b-a67a-4663-ba5c-9a2510c48fac.jp2/info.json
303	NL-HaNA_2.01.08_189_0303.jpg	dcf36dde-d78b-4e0c-bc6b-8e7095fabd95	https://service.archief.nl/iip/iipsrv?IIIF=d1/d1/6e/b8/c2/dc/4d/2f/b3/94/e1/01/f9/24/a3/0c/dcf36dde-d78b-4e0c-bc6b-8e7095fabd95.jp2/info.json
304	NL-HaNA_2.01.08_189_0304.jpg	13693eff-d372-475c-b284-9a3e04728426	https://service.archief.nl/iip/iipsrv?IIIF=d1/d1/6e/b8/c2/dc/4d/2f/b3/94/e1/01/f9/24/a3/0c/13693eff-d372-475c-b284-9a3e04728426.jp2/info.json
305	NL-HaNA_2.01.08_189_0305.jpg	14ab1d82-77b3-41eb-a141-277096d813be	https://service.archief.nl/iip/iipsrv?IIIF=d1/d1/6e/b8/c2/dc/4d/2f/b3/94/e1/01/f9/24/a3/0c/14ab1d82-77b3-41eb-a141-277096d813be.jp2/info.json
306	NL-HaNA_2.01.08_189_0306.jpg	725251dc-ba19-401a-8643-334f33488d9f	https://service.archief.nl/iip/iipsrv?IIIF=d1/d1/6e/b8/c2/dc/4d/2f/b3/94/e1/01/f9/24/a3/0c/725251dc-ba19-401a-8643-334f33488d9f.jp2/info.json
307	NL-HaNA_2.01.08_189_0307.jpg	e40ef46f-2c65-4165-99de-0252fad7b7cf	https://service.archief.nl/iip/iipsrv?IIIF=d1/d1/6e/b8/c2/dc/4d/2f/b3/94/e1/01/f9/24/a3/0c/e40ef46f-2c65-4165-99de-0252fad7b7cf.jp2/info.json
308	NL-HaNA_2.01.08_189_0308.jpg	3fd05bf8-5f44-4da3-b05e-363e3517c04f	https://service.archief.nl/iip/iipsrv?IIIF=d1/d1/6e/b8/c2/dc/4d/2f/b3/94/e1/01/f9/24/a3/0c/3fd05bf8-5f44-4da3-b05e-363e3517c04f.jp2/info.json
309	NL-HaNA_2.01.08_189_0309.jpg	c95800ee-9c23-4f14-8fd5-33a79bd7d9ab	https://service.archief.nl/iip/iipsrv?IIIF=d1/d1/6e/b8/c2/dc/4d/2f/b3/94/e1/01/f9/24/a3/0c/c95800ee-9c23-4f14-8fd5-33a79bd7d9ab.jp2/info.json
310	NL-HaNA_2.01.08_189_0310.jpg	66fa654e-5bd2-46a0-bc5a-4f507c24e6b9	https://service.archief.nl/iip/iipsrv?IIIF=d1/d1/6e/b8/c2/dc/4d/2f/b3/94/e1/01/f9/24/a3/0c/66fa654e-5bd2-46a0-bc5a-4f507c24e6b9.jp2/info.json
311	NL-HaNA_2.01.08_189_0311.jpg	88593d0b-0022-45f4-ae5b-6ee7527564dd	https://service.archief.nl/iip/iipsrv?IIIF=d1/d1/6e/b8/c2/dc/4d/2f/b3/94/e1/01/f9/24/a3/0c/88593d0b-0022-45f4-ae5b-6ee7527564dd.jp2/info.json
312	NL-HaNA_2.01.08_189_0312.jpg	be87144d-4f77-4e8f-a635-f0469abdb2f2	https://service.archief.nl/iip/iipsrv?IIIF=d1/d1/6e/b8/c2/dc/4d/2f/b3/94/e1/01/f9/24/a3/0c/be87144d-4f77-4e8f-a635-f0469abdb2f2.jp2/info.json
313	NL-HaNA_2.01.08_189_0313.jpg	6c064a45-1308-41f3-b164-9d4637e92417	https://service.archief.nl/iip/iipsrv?IIIF=d1/d1/6e/b8/c2/dc/4d/2f/b3/94/e1/01/f9/24/a3/0c/6c064a45-1308-41f3-b164-9d4637e92417.jp2/info.json
314	NL-HaNA_2.01.08_189_0314.jpg	716172c8-23ef-4287-b0f2-176cb16fd21d	https://service.archief.nl/iip/iipsrv?IIIF=d1/d1/6e/b8/c2/dc/4d/2f/b3/94/e1/01/f9/24/a3/0c/716172c8-23ef-4287-b0f2-176cb16fd21d.jp2/info.json
315	NL-HaNA_2.01.08_189_0315.jpg	519946d0-9576-4da9-a26a-7efc30e9b454	https://service.archief.nl/iip/iipsrv?IIIF=d1/d1/6e/b8/c2/dc/4d/2f/b3/94/e1/01/f9/24/a3/0c/519946d0-9576-4da9-a26a-7efc30e9b454.jp2/info.json
316	NL-HaNA_2.01.08_189_0316.jpg	135ff863-403c-4038-96cd-11daa17dd906	https://service.archief.nl/iip/iipsrv?IIIF=d1/d1/6e/b8/c2/dc/4d/2f/b3/94/e1/01/f9/24/a3/0c/135ff863-403c-4038-96cd-11daa17dd906.jp2/info.json
317	NL-HaNA_2.01.08_189_0317.jpg	889a2fb6-250e-4b07-9191-d1f780db405d	https://service.archief.nl/iip/iipsrv?IIIF=d1/d1/6e/b8/c2/dc/4d/2f/b3/94/e1/01/f9/24/a3/0c/889a2fb6-250e-4b07-9191-d1f780db405d.jp2/info.json
318	NL-HaNA_2.01.08_189_0318.jpg	931375e1-a868-44ab-bd97-8fd07621af3e	https://service.archief.nl/iip/iipsrv?IIIF=d1/d1/6e/b8/c2/dc/4d/2f/b3/94/e1/01/f9/24/a3/0c/931375e1-a868-44ab-bd97-8fd07621af3e.jp2/info.json
319	NL-HaNA_2.01.08_189_0319.jpg	35bbd7c4-723b-4869-8441-689a29af250d	https://service.archief.nl/iip/iipsrv?IIIF=d1/d1/6e/b8/c2/dc/4d/2f/b3/94/e1/01/f9/24/a3/0c/35bbd7c4-723b-4869-8441-689a29af250d.jp2/info.json
320	NL-HaNA_2.01.08_189_0320.jpg	cb1ea750-4a5f-4a91-b513-444347b4d916	https://service.archief.nl/iip/iipsrv?IIIF=d1/d1/6e/b8/c2/dc/4d/2f/b3/94/e1/01/f9/24/a3/0c/cb1ea750-4a5f-4a91-b513-444347b4d916.jp2/info.json
321	NL-HaNA_2.01.08_189_0321.jpg	09c761f8-96ea-489b-b301-8b70bf52eaf5	https://service.archief.nl/iip/iipsrv?IIIF=d1/d1/6e/b8/c2/dc/4d/2f/b3/94/e1/01/f9/24/a3/0c/09c761f8-96ea-489b-b301-8b70bf52eaf5.jp2/info.json
322	NL-HaNA_2.01.08_189_0322.jpg	d92f94e2-b1e1-47b8-b314-c003e3e4a832	https://service.archief.nl/iip/iipsrv?IIIF=d1/d1/6e/b8/c2/dc/4d/2f/b3/94/e1/01/f9/24/a3/0c/d92f94e2-b1e1-47b8-b314-c003e3e4a832.jp2/info.json
323	NL-HaNA_2.01.08_189_0323.jpg	7b0c0f60-dc7f-4e11-b645-c64da453f33c	https://service.archief.nl/iip/iipsrv?IIIF=d1/d1/6e/b8/c2/dc/4d/2f/b3/94/e1/01/f9/24/a3/0c/7b0c0f60-dc7f-4e11-b645-c64da453f33c.jp2/info.json
324	NL-HaNA_2.01.08_189_0324.jpg	57551929-833d-4777-bdfb-d98590d60397	https://service.archief.nl/iip/iipsrv?IIIF=d1/d1/6e/b8/c2/dc/4d/2f/b3/94/e1/01/f9/24/a3/0c/57551929-833d-4777-bdfb-d98590d60397.jp2/info.json
325	NL-HaNA_2.01.08_189_0325.jpg	27a0a921-3caa-4977-ae11-dbf04d2780d0	https://service.archief.nl/iip/iipsrv?IIIF=d1/d1/6e/b8/c2/dc/4d/2f/b3/94/e1/01/f9/24/a3/0c/27a0a921-3caa-4977-ae11-dbf04d2780d0.jp2/info.json
326	NL-HaNA_2.01.08_189_0326.jpg	78810941-65fa-4610-9965-d9da42538f36	https://service.archief.nl/iip/iipsrv?IIIF=d1/d1/6e/b8/c2/dc/4d/2f/b3/94/e1/01/f9/24/a3/0c/78810941-65fa-4610-9965-d9da42538f36.jp2/info.json
327	NL-HaNA_2.01.08_189_0327.jpg	3bc0f771-519e-4fd6-a0e5-a09d70e385a7	https://service.archief.nl/iip/iipsrv?IIIF=d1/d1/6e/b8/c2/dc/4d/2f/b3/94/e1/01/f9/24/a3/0c/3bc0f771-519e-4fd6-a0e5-a09d70e385a7.jp2/info.json
328	NL-HaNA_2.01.08_189_0328.jpg	e7fae6b9-70dc-4afe-b391-dddb846cc56a	https://service.archief.nl/iip/iipsrv?IIIF=d1/d1/6e/b8/c2/dc/4d/2f/b3/94/e1/01/f9/24/a3/0c/e7fae6b9-70dc-4afe-b391-dddb846cc56a.jp2/info.json
329	NL-HaNA_2.01.08_189_0329.jpg	514cbee2-65a5-45a2-805a-12df43fae832	https://service.archief.nl/iip/iipsrv?IIIF=d1/d1/6e/b8/c2/dc/4d/2f/b3/94/e1/01/f9/24/a3/0c/514cbee2-65a5-45a2-805a-12df43fae832.jp2/info.json
330	NL-HaNA_2.01.08_189_0330.jpg	e8331ba2-4d11-48b2-bc64-7ad88870ecda	https://service.archief.nl/iip/iipsrv?IIIF=d1/d1/6e/b8/c2/dc/4d/2f/b3/94/e1/01/f9/24/a3/0c/e8331ba2-4d11-48b2-bc64-7ad88870ecda.jp2/info.json
331	NL-HaNA_2.01.08_189_0331.jpg	5331025f-4492-40a9-845c-f0f26cb0f452	https://service.archief.nl/iip/iipsrv?IIIF=d1/d1/6e/b8/c2/dc/4d/2f/b3/94/e1/01/f9/24/a3/0c/5331025f-4492-40a9-845c-f0f26cb0f452.jp2/info.json
332	NL-HaNA_2.01.08_189_0332.jpg	51823451-14c0-4f03-a574-844d3b3bf5e8	https://service.archief.nl/iip/iipsrv?IIIF=d1/d1/6e/b8/c2/dc/4d/2f/b3/94/e1/01/f9/24/a3/0c/51823451-14c0-4f03-a574-844d3b3bf5e8.jp2/info.json
333	NL-HaNA_2.01.08_189_0333.jpg	d7603481-b301-453b-881f-5fee8a5da4e9	https://service.archief.nl/iip/iipsrv?IIIF=d1/d1/6e/b8/c2/dc/4d/2f/b3/94/e1/01/f9/24/a3/0c/d7603481-b301-453b-881f-5fee8a5da4e9.jp2/info.json
334	NL-HaNA_2.01.08_189_0334.jpg	4170bb01-2cff-4ebd-a8d8-1ed42aa0b3c6	https://service.archief.nl/iip/iipsrv?IIIF=d1/d1/6e/b8/c2/dc/4d/2f/b3/94/e1/01/f9/24/a3/0c/4170bb01-2cff-4ebd-a8d8-1ed42aa0b3c6.jp2/info.json
335	NL-HaNA_2.01.08_189_0335.jpg	499d148e-4a97-42a5-acb1-88b04f490c90	https://service.archief.nl/iip/iipsrv?IIIF=d1/d1/6e/b8/c2/dc/4d/2f/b3/94/e1/01/f9/24/a3/0c/499d148e-4a97-42a5-acb1-88b04f490c90.jp2/info.json
336	NL-HaNA_2.01.08_189_0336.jpg	232a0f21-c257-47f2-b7c0-cb83731c3788	https://service.archief.nl/iip/iipsrv?IIIF=d1/d1/6e/b8/c2/dc/4d/2f/b3/94/e1/01/f9/24/a3/0c/232a0f21-c257-47f2-b7c0-cb83731c3788.jp2/info.json
337	NL-HaNA_2.01.08_189_0337.jpg	64bcc1a5-d657-4806-a9a4-923551baf2ed	https://service.archief.nl/iip/iipsrv?IIIF=d1/d1/6e/b8/c2/dc/4d/2f/b3/94/e1/01/f9/24/a3/0c/64bcc1a5-d657-4806-a9a4-923551baf2ed.jp2/info.json
338	NL-HaNA_2.01.08_189_0338.jpg	7c089a01-f3da-4614-ad50-b65ab5546165	https://service.archief.nl/iip/iipsrv?IIIF=d1/d1/6e/b8/c2/dc/4d/2f/b3/94/e1/01/f9/24/a3/0c/7c089a01-f3da-4614-ad50-b65ab5546165.jp2/info.json
339	NL-HaNA_2.01.08_189_0339.jpg	f0715b04-16a3-470c-8333-ddbdc7bff461	https://service.archief.nl/iip/iipsrv?IIIF=d1/d1/6e/b8/c2/dc/4d/2f/b3/94/e1/01/f9/24/a3/0c/f0715b04-16a3-470c-8333-ddbdc7bff461.jp2/info.json
340	NL-HaNA_2.01.08_189_0340.jpg	a5642ec2-97bb-4776-8e3e-c9a2ce9f29e2	https://service.archief.nl/iip/iipsrv?IIIF=d1/d1/6e/b8/c2/dc/4d/2f/b3/94/e1/01/f9/24/a3/0c/a5642ec2-97bb-4776-8e3e-c9a2ce9f29e2.jp2/info.json
341	NL-HaNA_2.01.08_189_0341.jpg	4e5257b0-8766-4b1e-96ff-908ac61670c9	https://service.archief.nl/iip/iipsrv?IIIF=d1/d1/6e/b8/c2/dc/4d/2f/b3/94/e1/01/f9/24/a3/0c/4e5257b0-8766-4b1e-96ff-908ac61670c9.jp2/info.json
342	NL-HaNA_2.01.08_189_0342.jpg	67e7bcbc-4a02-42a1-a4a4-853d3ddff494	https://service.archief.nl/iip/iipsrv?IIIF=d1/d1/6e/b8/c2/dc/4d/2f/b3/94/e1/01/f9/24/a3/0c/67e7bcbc-4a02-42a1-a4a4-853d3ddff494.jp2/info.json
343	NL-HaNA_2.01.08_189_0343.jpg	4feb93c5-472c-4b0c-8f28-f91564735154	https://service.archief.nl/iip/iipsrv?IIIF=d1/d1/6e/b8/c2/dc/4d/2f/b3/94/e1/01/f9/24/a3/0c/4feb93c5-472c-4b0c-8f28-f91564735154.jp2/info.json
344	NL-HaNA_2.01.08_189_0344.jpg	e620f9ec-208a-4569-99e2-83c4f760f710	https://service.archief.nl/iip/iipsrv?IIIF=d1/d1/6e/b8/c2/dc/4d/2f/b3/94/e1/01/f9/24/a3/0c/e620f9ec-208a-4569-99e2-83c4f760f710.jp2/info.json
345	NL-HaNA_2.01.08_189_0345.jpg	b003ffea-2c93-4bde-8d8a-28a892273895	https://service.archief.nl/iip/iipsrv?IIIF=d1/d1/6e/b8/c2/dc/4d/2f/b3/94/e1/01/f9/24/a3/0c/b003ffea-2c93-4bde-8d8a-28a892273895.jp2/info.json
346	NL-HaNA_2.01.08_189_0346.jpg	348b2dc1-5bb2-4fde-b3cc-3f10067aa223	https://service.archief.nl/iip/iipsrv?IIIF=d1/d1/6e/b8/c2/dc/4d/2f/b3/94/e1/01/f9/24/a3/0c/348b2dc1-5bb2-4fde-b3cc-3f10067aa223.jp2/info.json
347	NL-HaNA_2.01.08_189_0347.jpg	08b665e0-f0e2-466e-896d-e7e6f978f6d2	https://service.archief.nl/iip/iipsrv?IIIF=d1/d1/6e/b8/c2/dc/4d/2f/b3/94/e1/01/f9/24/a3/0c/08b665e0-f0e2-466e-896d-e7e6f978f6d2.jp2/info.json
348	NL-HaNA_2.01.08_189_0348.jpg	c8c3a47c-d432-47d4-ae83-cfe0a7344707	https://service.archief.nl/iip/iipsrv?IIIF=d1/d1/6e/b8/c2/dc/4d/2f/b3/94/e1/01/f9/24/a3/0c/c8c3a47c-d432-47d4-ae83-cfe0a7344707.jp2/info.json
349	NL-HaNA_2.01.08_189_0349.jpg	6119fc8c-17f4-461d-b354-69c46bbad0b3	https://service.archief.nl/iip/iipsrv?IIIF=d1/d1/6e/b8/c2/dc/4d/2f/b3/94/e1/01/f9/24/a3/0c/6119fc8c-17f4-461d-b354-69c46bbad0b3.jp2/info.json
350	NL-HaNA_2.01.08_189_0350.jpg	3a6f1a59-0f2d-4da4-8cfe-609c30bd536f	https://service.archief.nl/iip/iipsrv?IIIF=d1/d1/6e/b8/c2/dc/4d/2f/b3/94/e1/01/f9/24/a3/0c/3a6f1a59-0f2d-4da4-8cfe-609c30bd536f.jp2/info.json
351	NL-HaNA_2.01.08_189_0351.jpg	55ecc185-dda0-4885-8794-5aa130d8f4f2	https://service.archief.nl/iip/iipsrv?IIIF=d1/d1/6e/b8/c2/dc/4d/2f/b3/94/e1/01/f9/24/a3/0c/55ecc185-dda0-4885-8794-5aa130d8f4f2.jp2/info.json
352	NL-HaNA_2.01.08_189_0352.jpg	b2f48c54-1729-476f-a7a0-079a0bfa0560	https://service.archief.nl/iip/iipsrv?IIIF=d1/d1/6e/b8/c2/dc/4d/2f/b3/94/e1/01/f9/24/a3/0c/b2f48c54-1729-476f-a7a0-079a0bfa0560.jp2/info.json
353	NL-HaNA_2.01.08_189_0353.jpg	f80e0000-33a0-458a-892b-ecb7dd113d48	https://service.archief.nl/iip/iipsrv?IIIF=d1/d1/6e/b8/c2/dc/4d/2f/b3/94/e1/01/f9/24/a3/0c/f80e0000-33a0-458a-892b-ecb7dd113d48.jp2/info.json
354	NL-HaNA_2.01.08_189_0354.jpg	bea90de0-db15-4baf-8073-56b551855796	https://service.archief.nl/iip/iipsrv?IIIF=d1/d1/6e/b8/c2/dc/4d/2f/b3/94/e1/01/f9/24/a3/0c/bea90de0-db15-4baf-8073-56b551855796.jp2/info.json
355	NL-HaNA_2.01.08_189_0355.jpg	ac58ac7d-a243-4ace-afcd-dccef405d5eb	https://service.archief.nl/iip/iipsrv?IIIF=d1/d1/6e/b8/c2/dc/4d/2f/b3/94/e1/01/f9/24/a3/0c/ac58ac7d-a243-4ace-afcd-dccef405d5eb.jp2/info.json
356	NL-HaNA_2.01.08_189_0356.jpg	f89a24d8-07e3-4efd-9f07-6a352516fc0a	https://service.archief.nl/iip/iipsrv?IIIF=d1/d1/6e/b8/c2/dc/4d/2f/b3/94/e1/01/f9/24/a3/0c/f89a24d8-07e3-4efd-9f07-6a352516fc0a.jp2/info.json
357	NL-HaNA_2.01.08_189_0357.jpg	73206d64-54f7-449c-ac5f-7b8088477b5a	https://service.archief.nl/iip/iipsrv?IIIF=d1/d1/6e/b8/c2/dc/4d/2f/b3/94/e1/01/f9/24/a3/0c/73206d64-54f7-449c-ac5f-7b8088477b5a.jp2/info.json
358	NL-HaNA_2.01.08_189_0358.jpg	29f1f049-540c-4eca-939a-5567d8a4301e	https://service.archief.nl/iip/iipsrv?IIIF=d1/d1/6e/b8/c2/dc/4d/2f/b3/94/e1/01/f9/24/a3/0c/29f1f049-540c-4eca-939a-5567d8a4301e.jp2/info.json
359	NL-HaNA_2.01.08_189_0359.jpg	079f3fe5-9a80-44ab-87d8-1bf793f08f3a	https://service.archief.nl/iip/iipsrv?IIIF=d1/d1/6e/b8/c2/dc/4d/2f/b3/94/e1/01/f9/24/a3/0c/079f3fe5-9a80-44ab-87d8-1bf793f08f3a.jp2/info.json
360	NL-HaNA_2.01.08_189_0360.jpg	ba1df9b5-00df-4d4b-a406-0b0640929ef0	https://service.archief.nl/iip/iipsrv?IIIF=d1/d1/6e/b8/c2/dc/4d/2f/b3/94/e1/01/f9/24/a3/0c/ba1df9b5-00df-4d4b-a406-0b0640929ef0.jp2/info.json
361	NL-HaNA_2.01.08_189_0361.jpg	359d2392-a377-4047-a127-0d67b0f17fe3	https://service.archief.nl/iip/iipsrv?IIIF=d1/d1/6e/b8/c2/dc/4d/2f/b3/94/e1/01/f9/24/a3/0c/359d2392-a377-4047-a127-0d67b0f17fe3.jp2/info.json
362	NL-HaNA_2.01.08_189_0362.jpg	9de17723-5827-4f5d-b437-1a3f7202e0d2	https://service.archief.nl/iip/iipsrv?IIIF=d1/d1/6e/b8/c2/dc/4d/2f/b3/94/e1/01/f9/24/a3/0c/9de17723-5827-4f5d-b437-1a3f7202e0d2.jp2/info.json
363	NL-HaNA_2.01.08_189_0363.jpg	853380b5-71dd-4239-8a33-778a23867a28	https://service.archief.nl/iip/iipsrv?IIIF=d1/d1/6e/b8/c2/dc/4d/2f/b3/94/e1/01/f9/24/a3/0c/853380b5-71dd-4239-8a33-778a23867a28.jp2/info.json
364	NL-HaNA_2.01.08_189_0364.jpg	aac9eba4-8ab8-4db6-b3dc-bd09f7e57301	https://service.archief.nl/iip/iipsrv?IIIF=d1/d1/6e/b8/c2/dc/4d/2f/b3/94/e1/01/f9/24/a3/0c/aac9eba4-8ab8-4db6-b3dc-bd09f7e57301.jp2/info.json
365	NL-HaNA_2.01.08_189_0365.jpg	eb9c6245-f805-4c83-96f2-cbd93c5d6116	https://service.archief.nl/iip/iipsrv?IIIF=d1/d1/6e/b8/c2/dc/4d/2f/b3/94/e1/01/f9/24/a3/0c/eb9c6245-f805-4c83-96f2-cbd93c5d6116.jp2/info.json
366	NL-HaNA_2.01.08_189_0366.jpg	e873c324-e9d1-4944-b9f1-8cdde6153a72	https://service.archief.nl/iip/iipsrv?IIIF=d1/d1/6e/b8/c2/dc/4d/2f/b3/94/e1/01/f9/24/a3/0c/e873c324-e9d1-4944-b9f1-8cdde6153a72.jp2/info.json
367	NL-HaNA_2.01.08_189_0367.jpg	be849ce2-637e-47c8-aba9-5dc17d71fcb8	https://service.archief.nl/iip/iipsrv?IIIF=d1/d1/6e/b8/c2/dc/4d/2f/b3/94/e1/01/f9/24/a3/0c/be849ce2-637e-47c8-aba9-5dc17d71fcb8.jp2/info.json
368	NL-HaNA_2.01.08_189_0368.jpg	dd2ab195-1214-4834-8afd-73e82f949cd2	https://service.archief.nl/iip/iipsrv?IIIF=d1/d1/6e/b8/c2/dc/4d/2f/b3/94/e1/01/f9/24/a3/0c/dd2ab195-1214-4834-8afd-73e82f949cd2.jp2/info.json
369	NL-HaNA_2.01.08_189_0369.jpg	7dff601b-f304-414e-8599-2cbe9497a4e3	https://service.archief.nl/iip/iipsrv?IIIF=d1/d1/6e/b8/c2/dc/4d/2f/b3/94/e1/01/f9/24/a3/0c/7dff601b-f304-414e-8599-2cbe9497a4e3.jp2/info.json
370	NL-HaNA_2.01.08_189_0370.jpg	4bc871fc-8cdd-4811-abba-57988d89d449	https://service.archief.nl/iip/iipsrv?IIIF=d1/d1/6e/b8/c2/dc/4d/2f/b3/94/e1/01/f9/24/a3/0c/4bc871fc-8cdd-4811-abba-57988d89d449.jp2/info.json
371	NL-HaNA_2.01.08_189_0371.jpg	470a741d-c1fb-424e-9e78-920bc632b41f	https://service.archief.nl/iip/iipsrv?IIIF=d1/d1/6e/b8/c2/dc/4d/2f/b3/94/e1/01/f9/24/a3/0c/470a741d-c1fb-424e-9e78-920bc632b41f.jp2/info.json
372	NL-HaNA_2.01.08_189_0372.jpg	854e56db-d67d-4604-88ea-2d83398ff941	https://service.archief.nl/iip/iipsrv?IIIF=d1/d1/6e/b8/c2/dc/4d/2f/b3/94/e1/01/f9/24/a3/0c/854e56db-d67d-4604-88ea-2d83398ff941.jp2/info.json
373	NL-HaNA_2.01.08_189_0373.jpg	34fd582b-cf05-48ee-90e2-a864ac073704	https://service.archief.nl/iip/iipsrv?IIIF=d1/d1/6e/b8/c2/dc/4d/2f/b3/94/e1/01/f9/24/a3/0c/34fd582b-cf05-48ee-90e2-a864ac073704.jp2/info.json
374	NL-HaNA_2.01.08_189_0374.jpg	cccd9d25-743c-401d-9664-ac379b0e4315	https://service.archief.nl/iip/iipsrv?IIIF=d1/d1/6e/b8/c2/dc/4d/2f/b3/94/e1/01/f9/24/a3/0c/cccd9d25-743c-401d-9664-ac379b0e4315.jp2/info.json
375	NL-HaNA_2.01.08_189_0375.jpg	4d3a703c-e56b-4987-ae0c-58033999b8a0	https://service.archief.nl/iip/iipsrv?IIIF=d1/d1/6e/b8/c2/dc/4d/2f/b3/94/e1/01/f9/24/a3/0c/4d3a703c-e56b-4987-ae0c-58033999b8a0.jp2/info.json
376	NL-HaNA_2.01.08_189_0376.jpg	e9eba403-c25d-4968-9785-ac5bcf5a8de0	https://service.archief.nl/iip/iipsrv?IIIF=d1/d1/6e/b8/c2/dc/4d/2f/b3/94/e1/01/f9/24/a3/0c/e9eba403-c25d-4968-9785-ac5bcf5a8de0.jp2/info.json
377	NL-HaNA_2.01.08_189_0377.jpg	4ad6ea7e-5098-4305-8556-a459d5d3fb40	https://service.archief.nl/iip/iipsrv?IIIF=d1/d1/6e/b8/c2/dc/4d/2f/b3/94/e1/01/f9/24/a3/0c/4ad6ea7e-5098-4305-8556-a459d5d3fb40.jp2/info.json
378	NL-HaNA_2.01.08_189_0378.jpg	7bdc3c7f-d3c0-487b-8880-88a99d492c8f	https://service.archief.nl/iip/iipsrv?IIIF=d1/d1/6e/b8/c2/dc/4d/2f/b3/94/e1/01/f9/24/a3/0c/7bdc3c7f-d3c0-487b-8880-88a99d492c8f.jp2/info.json
379	NL-HaNA_2.01.08_189_0379.jpg	77b87f71-5c14-4dbf-9bfa-dc219a14dc4e	https://service.archief.nl/iip/iipsrv?IIIF=d1/d1/6e/b8/c2/dc/4d/2f/b3/94/e1/01/f9/24/a3/0c/77b87f71-5c14-4dbf-9bfa-dc219a14dc4e.jp2/info.json
380	NL-HaNA_2.01.08_189_0380.jpg	17e45119-ba85-46d9-9a21-edfe767ec365	https://service.archief.nl/iip/iipsrv?IIIF=d1/d1/6e/b8/c2/dc/4d/2f/b3/94/e1/01/f9/24/a3/0c/17e45119-ba85-46d9-9a21-edfe767ec365.jp2/info.json
381	NL-HaNA_2.01.08_189_0381.jpg	a4fecb75-55be-4160-b134-249fdd5f8bac	https://service.archief.nl/iip/iipsrv?IIIF=d1/d1/6e/b8/c2/dc/4d/2f/b3/94/e1/01/f9/24/a3/0c/a4fecb75-55be-4160-b134-249fdd5f8bac.jp2/info.json
382	NL-HaNA_2.01.08_189_0382.jpg	bd40b25f-1a9f-4d70-b8fa-8e20014f85f9	https://service.archief.nl/iip/iipsrv?IIIF=d1/d1/6e/b8/c2/dc/4d/2f/b3/94/e1/01/f9/24/a3/0c/bd40b25f-1a9f-4d70-b8fa-8e20014f85f9.jp2/info.json
383	NL-HaNA_2.01.08_189_0383.jpg	ed5a6add-1bd7-442b-ad45-838e112e21c6	https://service.archief.nl/iip/iipsrv?IIIF=d1/d1/6e/b8/c2/dc/4d/2f/b3/94/e1/01/f9/24/a3/0c/ed5a6add-1bd7-442b-ad45-838e112e21c6.jp2/info.json
384	NL-HaNA_2.01.08_189_0384.jpg	e2f99177-e2ab-473c-99d4-48c4244589eb	https://service.archief.nl/iip/iipsrv?IIIF=d1/d1/6e/b8/c2/dc/4d/2f/b3/94/e1/01/f9/24/a3/0c/e2f99177-e2ab-473c-99d4-48c4244589eb.jp2/info.json
385	NL-HaNA_2.01.08_189_0385.jpg	bc8751aa-e441-4c7c-9a9f-23ccfbabcdba	https://service.archief.nl/iip/iipsrv?IIIF=d1/d1/6e/b8/c2/dc/4d/2f/b3/94/e1/01/f9/24/a3/0c/bc8751aa-e441-4c7c-9a9f-23ccfbabcdba.jp2/info.json
386	NL-HaNA_2.01.08_189_0386.jpg	827bd186-4b38-4876-b5bb-946d8ffd5a34	https://service.archief.nl/iip/iipsrv?IIIF=d1/d1/6e/b8/c2/dc/4d/2f/b3/94/e1/01/f9/24/a3/0c/827bd186-4b38-4876-b5bb-946d8ffd5a34.jp2/info.json
387	NL-HaNA_2.01.08_189_0387.jpg	bd0178f1-9382-4a8c-9a11-39e25c824237	https://service.archief.nl/iip/iipsrv?IIIF=d1/d1/6e/b8/c2/dc/4d/2f/b3/94/e1/01/f9/24/a3/0c/bd0178f1-9382-4a8c-9a11-39e25c824237.jp2/info.json
388	NL-HaNA_2.01.08_189_0388.jpg	b89d3fe2-d2d7-4fd4-a489-a39992e93db3	https://service.archief.nl/iip/iipsrv?IIIF=d1/d1/6e/b8/c2/dc/4d/2f/b3/94/e1/01/f9/24/a3/0c/b89d3fe2-d2d7-4fd4-a489-a39992e93db3.jp2/info.json
389	NL-HaNA_2.01.08_189_0389.jpg	1e1f2e1a-bc34-4c1c-90e6-cb67712caf52	https://service.archief.nl/iip/iipsrv?IIIF=d1/d1/6e/b8/c2/dc/4d/2f/b3/94/e1/01/f9/24/a3/0c/1e1f2e1a-bc34-4c1c-90e6-cb67712caf52.jp2/info.json
390	NL-HaNA_2.01.08_189_0390.jpg	f44b7819-1f75-42ea-8d71-9a705a9607bb	https://service.archief.nl/iip/iipsrv?IIIF=d1/d1/6e/b8/c2/dc/4d/2f/b3/94/e1/01/f9/24/a3/0c/f44b7819-1f75-42ea-8d71-9a705a9607bb.jp2/info.json
391	NL-HaNA_2.01.08_189_0391.jpg	d0291d0a-b067-4f6b-9f0e-e9172ae47f1d	https://service.archief.nl/iip/iipsrv?IIIF=d1/d1/6e/b8/c2/dc/4d/2f/b3/94/e1/01/f9/24/a3/0c/d0291d0a-b067-4f6b-9f0e-e9172ae47f1d.jp2/info.json
392	NL-HaNA_2.01.08_189_0392.jpg	efdda6c7-530d-459f-a98b-cf77d4a5467d	https://service.archief.nl/iip/iipsrv?IIIF=d1/d1/6e/b8/c2/dc/4d/2f/b3/94/e1/01/f9/24/a3/0c/efdda6c7-530d-459f-a98b-cf77d4a5467d.jp2/info.json
393	NL-HaNA_2.01.08_189_0393.jpg	db75715f-676a-4e00-9c93-752e69d8e70e	https://service.archief.nl/iip/iipsrv?IIIF=d1/d1/6e/b8/c2/dc/4d/2f/b3/94/e1/01/f9/24/a3/0c/db75715f-676a-4e00-9c93-752e69d8e70e.jp2/info.json
394	NL-HaNA_2.01.08_189_0394.jpg	b4514426-e6e2-42a9-a83d-27cb49e0c5c9	https://service.archief.nl/iip/iipsrv?IIIF=d1/d1/6e/b8/c2/dc/4d/2f/b3/94/e1/01/f9/24/a3/0c/b4514426-e6e2-42a9-a83d-27cb49e0c5c9.jp2/info.json
395	NL-HaNA_2.01.08_189_0395.jpg	58c174e4-fe08-4182-8f79-ad63b9a8430e	https://service.archief.nl/iip/iipsrv?IIIF=d1/d1/6e/b8/c2/dc/4d/2f/b3/94/e1/01/f9/24/a3/0c/58c174e4-fe08-4182-8f79-ad63b9a8430e.jp2/info.json
396	NL-HaNA_2.01.08_189_0396.jpg	ec61dd7b-485a-4a3c-ad37-04b215f6259c	https://service.archief.nl/iip/iipsrv?IIIF=d1/d1/6e/b8/c2/dc/4d/2f/b3/94/e1/01/f9/24/a3/0c/ec61dd7b-485a-4a3c-ad37-04b215f6259c.jp2/info.json
397	NL-HaNA_2.01.08_189_0397.jpg	55b0b61f-8b88-4ac8-a622-988a34aa8586	https://service.archief.nl/iip/iipsrv?IIIF=d1/d1/6e/b8/c2/dc/4d/2f/b3/94/e1/01/f9/24/a3/0c/55b0b61f-8b88-4ac8-a622-988a34aa8586.jp2/info.json
398	NL-HaNA_2.01.08_189_0398.jpg	0a37be12-8d84-41de-9b14-5681099ecaf1	https://service.archief.nl/iip/iipsrv?IIIF=d1/d1/6e/b8/c2/dc/4d/2f/b3/94/e1/01/f9/24/a3/0c/0a37be12-8d84-41de-9b14-5681099ecaf1.jp2/info.json
399	NL-HaNA_2.01.08_189_0399.jpg	9067e87b-0cad-4d44-b563-e447bad188ef	https://service.archief.nl/iip/iipsrv?IIIF=d1/d1/6e/b8/c2/dc/4d/2f/b3/94/e1/01/f9/24/a3/0c/9067e87b-0cad-4d44-b563-e447bad188ef.jp2/info.json
400	NL-HaNA_2.01.08_189_0400.jpg	6f73703e-0a58-4764-8a1d-f1c5ba854e69	https://service.archief.nl/iip/iipsrv?IIIF=d1/d1/6e/b8/c2/dc/4d/2f/b3/94/e1/01/f9/24/a3/0c/6f73703e-0a58-4764-8a1d-f1c5ba854e69.jp2/info.json
401	NL-HaNA_2.01.08_189_0401.jpg	e7c1d16f-1050-4c67-bf21-df93c5a96a30	https://service.archief.nl/iip/iipsrv?IIIF=d1/d1/6e/b8/c2/dc/4d/2f/b3/94/e1/01/f9/24/a3/0c/e7c1d16f-1050-4c67-bf21-df93c5a96a30.jp2/info.json
402	NL-HaNA_2.01.08_189_0402.jpg	5a0457e0-945a-4893-a481-16d8503406cb	https://service.archief.nl/iip/iipsrv?IIIF=d1/d1/6e/b8/c2/dc/4d/2f/b3/94/e1/01/f9/24/a3/0c/5a0457e0-945a-4893-a481-16d8503406cb.jp2/info.json
403	NL-HaNA_2.01.08_189_0403.jpg	6322e63b-ea5c-45f5-aa0c-9027e544ba34	https://service.archief.nl/iip/iipsrv?IIIF=d1/d1/6e/b8/c2/dc/4d/2f/b3/94/e1/01/f9/24/a3/0c/6322e63b-ea5c-45f5-aa0c-9027e544ba34.jp2/info.json
404	NL-HaNA_2.01.08_189_0404.jpg	8d3522a9-2f2e-4119-a5f6-a319582ada40	https://service.archief.nl/iip/iipsrv?IIIF=d1/d1/6e/b8/c2/dc/4d/2f/b3/94/e1/01/f9/24/a3/0c/8d3522a9-2f2e-4119-a5f6-a319582ada40.jp2/info.json
405	NL-HaNA_2.01.08_189_0405.jpg	3436b65b-3da9-4bc8-8a76-6757392d3414	https://service.archief.nl/iip/iipsrv?IIIF=d1/d1/6e/b8/c2/dc/4d/2f/b3/94/e1/01/f9/24/a3/0c/3436b65b-3da9-4bc8-8a76-6757392d3414.jp2/info.json
406	NL-HaNA_2.01.08_189_0406.jpg	1346f9a3-10d8-4332-85a4-70c49c8f0fb7	https://service.archief.nl/iip/iipsrv?IIIF=d1/d1/6e/b8/c2/dc/4d/2f/b3/94/e1/01/f9/24/a3/0c/1346f9a3-10d8-4332-85a4-70c49c8f0fb7.jp2/info.json
407	NL-HaNA_2.01.08_189_0407.jpg	53a68d35-d98a-48b8-8601-24fa5a3cbc6b	https://service.archief.nl/iip/iipsrv?IIIF=d1/d1/6e/b8/c2/dc/4d/2f/b3/94/e1/01/f9/24/a3/0c/53a68d35-d98a-48b8-8601-24fa5a3cbc6b.jp2/info.json
408	NL-HaNA_2.01.08_189_0408.jpg	1791f6aa-9b6d-421c-b8d8-d35d4d366b9f	https://service.archief.nl/iip/iipsrv?IIIF=d1/d1/6e/b8/c2/dc/4d/2f/b3/94/e1/01/f9/24/a3/0c/1791f6aa-9b6d-421c-b8d8-d35d4d366b9f.jp2/info.json
409	NL-HaNA_2.01.08_189_0409.jpg	14e66080-cdd9-42fd-bfea-3435e62876ad	https://service.archief.nl/iip/iipsrv?IIIF=d1/d1/6e/b8/c2/dc/4d/2f/b3/94/e1/01/f9/24/a3/0c/14e66080-cdd9-42fd-bfea-3435e62876ad.jp2/info.json
410	NL-HaNA_2.01.08_189_0410.jpg	45a56874-0bd2-4bb7-b396-79d89e7777aa	https://service.archief.nl/iip/iipsrv?IIIF=d1/d1/6e/b8/c2/dc/4d/2f/b3/94/e1/01/f9/24/a3/0c/45a56874-0bd2-4bb7-b396-79d89e7777aa.jp2/info.json
411	NL-HaNA_2.01.08_189_0411.jpg	1aed55c9-a3d7-45ab-85f8-5d4fc4603a1d	https://service.archief.nl/iip/iipsrv?IIIF=d1/d1/6e/b8/c2/dc/4d/2f/b3/94/e1/01/f9/24/a3/0c/1aed55c9-a3d7-45ab-85f8-5d4fc4603a1d.jp2/info.json
412	NL-HaNA_2.01.08_189_0412.jpg	d7578deb-ed15-4567-83d5-b01b7eb06c78	https://service.archief.nl/iip/iipsrv?IIIF=d1/d1/6e/b8/c2/dc/4d/2f/b3/94/e1/01/f9/24/a3/0c/d7578deb-ed15-4567-83d5-b01b7eb06c78.jp2/info.json
413	NL-HaNA_2.01.08_189_0413.jpg	cb1621e9-614b-401b-8978-fc48dbd71a8e	https://service.archief.nl/iip/iipsrv?IIIF=d1/d1/6e/b8/c2/dc/4d/2f/b3/94/e1/01/f9/24/a3/0c/cb1621e9-614b-401b-8978-fc48dbd71a8e.jp2/info.json
414	NL-HaNA_2.01.08_189_0414.jpg	54e767df-cb7b-4840-a7de-55d5a9b1f79f	https://service.archief.nl/iip/iipsrv?IIIF=d1/d1/6e/b8/c2/dc/4d/2f/b3/94/e1/01/f9/24/a3/0c/54e767df-cb7b-4840-a7de-55d5a9b1f79f.jp2/info.json
415	NL-HaNA_2.01.08_189_0415.jpg	4a13b7c0-830f-4df3-a256-2dc9300d4f10	https://service.archief.nl/iip/iipsrv?IIIF=d1/d1/6e/b8/c2/dc/4d/2f/b3/94/e1/01/f9/24/a3/0c/4a13b7c0-830f-4df3-a256-2dc9300d4f10.jp2/info.json
416	NL-HaNA_2.01.08_189_0416.jpg	004cb539-c352-4931-9305-9429ae5352d4	https://service.archief.nl/iip/iipsrv?IIIF=d1/d1/6e/b8/c2/dc/4d/2f/b3/94/e1/01/f9/24/a3/0c/004cb539-c352-4931-9305-9429ae5352d4.jp2/info.json
417	NL-HaNA_2.01.08_189_0417.jpg	5256ad81-1249-47e3-85ee-d6dbdadeca16	https://service.archief.nl/iip/iipsrv?IIIF=d1/d1/6e/b8/c2/dc/4d/2f/b3/94/e1/01/f9/24/a3/0c/5256ad81-1249-47e3-85ee-d6dbdadeca16.jp2/info.json
418	NL-HaNA_2.01.08_189_0418.jpg	5752948d-bb5f-4221-9a72-10d1645cb225	https://service.archief.nl/iip/iipsrv?IIIF=d1/d1/6e/b8/c2/dc/4d/2f/b3/94/e1/01/f9/24/a3/0c/5752948d-bb5f-4221-9a72-10d1645cb225.jp2/info.json
419	NL-HaNA_2.01.08_189_0419.jpg	1a0a8b8f-021a-49ac-9e43-4859d8af88ce	https://service.archief.nl/iip/iipsrv?IIIF=d1/d1/6e/b8/c2/dc/4d/2f/b3/94/e1/01/f9/24/a3/0c/1a0a8b8f-021a-49ac-9e43-4859d8af88ce.jp2/info.json
420	NL-HaNA_2.01.08_189_0420.jpg	e04e4dce-ea58-432a-a731-70463dcefedd	https://service.archief.nl/iip/iipsrv?IIIF=d1/d1/6e/b8/c2/dc/4d/2f/b3/94/e1/01/f9/24/a3/0c/e04e4dce-ea58-432a-a731-70463dcefedd.jp2/info.json
421	NL-HaNA_2.01.08_189_0421.jpg	a8c36d7e-42c7-4996-8bfc-5fbaaff7e1f4	https://service.archief.nl/iip/iipsrv?IIIF=d1/d1/6e/b8/c2/dc/4d/2f/b3/94/e1/01/f9/24/a3/0c/a8c36d7e-42c7-4996-8bfc-5fbaaff7e1f4.jp2/info.json
422	NL-HaNA_2.01.08_189_0422.jpg	74c6de6b-88f9-4d25-9c6d-e9135e441e30	https://service.archief.nl/iip/iipsrv?IIIF=d1/d1/6e/b8/c2/dc/4d/2f/b3/94/e1/01/f9/24/a3/0c/74c6de6b-88f9-4d25-9c6d-e9135e441e30.jp2/info.json
423	NL-HaNA_2.01.08_189_0423.jpg	c9bb9e88-ec6f-4a8f-a29a-6418b4be9463	https://service.archief.nl/iip/iipsrv?IIIF=d1/d1/6e/b8/c2/dc/4d/2f/b3/94/e1/01/f9/24/a3/0c/c9bb9e88-ec6f-4a8f-a29a-6418b4be9463.jp2/info.json
424	NL-HaNA_2.01.08_189_0424.jpg	54634c6e-be73-4eb1-a4bd-2e370a6eed98	https://service.archief.nl/iip/iipsrv?IIIF=d1/d1/6e/b8/c2/dc/4d/2f/b3/94/e1/01/f9/24/a3/0c/54634c6e-be73-4eb1-a4bd-2e370a6eed98.jp2/info.json
425	NL-HaNA_2.01.08_189_0425.jpg	def033d3-082f-44b6-9f8e-97265a85fca0	https://service.archief.nl/iip/iipsrv?IIIF=d1/d1/6e/b8/c2/dc/4d/2f/b3/94/e1/01/f9/24/a3/0c/def033d3-082f-44b6-9f8e-97265a85fca0.jp2/info.json
426	NL-HaNA_2.01.08_189_0426.jpg	9182a2d0-c5e6-492f-8636-34ae5c3a7462	https://service.archief.nl/iip/iipsrv?IIIF=d1/d1/6e/b8/c2/dc/4d/2f/b3/94/e1/01/f9/24/a3/0c/9182a2d0-c5e6-492f-8636-34ae5c3a7462.jp2/info.json
427	NL-HaNA_2.01.08_189_0427.jpg	93cef618-c90d-48c8-a6ef-604edef56f9a	https://service.archief.nl/iip/iipsrv?IIIF=d1/d1/6e/b8/c2/dc/4d/2f/b3/94/e1/01/f9/24/a3/0c/93cef618-c90d-48c8-a6ef-604edef56f9a.jp2/info.json
428	NL-HaNA_2.01.08_189_0428.jpg	31bee78a-68e9-43dc-82cd-2e83dbd70b48	https://service.archief.nl/iip/iipsrv?IIIF=d1/d1/6e/b8/c2/dc/4d/2f/b3/94/e1/01/f9/24/a3/0c/31bee78a-68e9-43dc-82cd-2e83dbd70b48.jp2/info.json
429	NL-HaNA_2.01.08_189_0429.jpg	0fba0a20-42cb-4569-b9dc-35b0f8b5e099	https://service.archief.nl/iip/iipsrv?IIIF=d1/d1/6e/b8/c2/dc/4d/2f/b3/94/e1/01/f9/24/a3/0c/0fba0a20-42cb-4569-b9dc-35b0f8b5e099.jp2/info.json
430	NL-HaNA_2.01.08_189_0430.jpg	81bf82c3-8a84-4ca5-9d27-cbc5f3c17b5a	https://service.archief.nl/iip/iipsrv?IIIF=d1/d1/6e/b8/c2/dc/4d/2f/b3/94/e1/01/f9/24/a3/0c/81bf82c3-8a84-4ca5-9d27-cbc5f3c17b5a.jp2/info.json
431	NL-HaNA_2.01.08_189_0431.jpg	32378e6b-efea-4ea1-bef5-b5f93cbd60ef	https://service.archief.nl/iip/iipsrv?IIIF=d1/d1/6e/b8/c2/dc/4d/2f/b3/94/e1/01/f9/24/a3/0c/32378e6b-efea-4ea1-bef5-b5f93cbd60ef.jp2/info.json
432	NL-HaNA_2.01.08_189_0432.jpg	66f78c1a-24c8-45de-8e0d-7673376d07b5	https://service.archief.nl/iip/iipsrv?IIIF=d1/d1/6e/b8/c2/dc/4d/2f/b3/94/e1/01/f9/24/a3/0c/66f78c1a-24c8-45de-8e0d-7673376d07b5.jp2/info.json
433	NL-HaNA_2.01.08_189_0433.jpg	6be4a058-e50e-4816-86e0-fb37d37f8e49	https://service.archief.nl/iip/iipsrv?IIIF=d1/d1/6e/b8/c2/dc/4d/2f/b3/94/e1/01/f9/24/a3/0c/6be4a058-e50e-4816-86e0-fb37d37f8e49.jp2/info.json
434	NL-HaNA_2.01.08_189_0434.jpg	04e6a821-a73a-4a23-a310-e75701a89036	https://service.archief.nl/iip/iipsrv?IIIF=d1/d1/6e/b8/c2/dc/4d/2f/b3/94/e1/01/f9/24/a3/0c/04e6a821-a73a-4a23-a310-e75701a89036.jp2/info.json
435	NL-HaNA_2.01.08_189_0435.jpg	f54ae1a6-35c6-42de-a894-60f57193285c	https://service.archief.nl/iip/iipsrv?IIIF=d1/d1/6e/b8/c2/dc/4d/2f/b3/94/e1/01/f9/24/a3/0c/f54ae1a6-35c6-42de-a894-60f57193285c.jp2/info.json
436	NL-HaNA_2.01.08_189_0436.jpg	b9b5515c-5090-4d82-9fb1-9675554106c5	https://service.archief.nl/iip/iipsrv?IIIF=d1/d1/6e/b8/c2/dc/4d/2f/b3/94/e1/01/f9/24/a3/0c/b9b5515c-5090-4d82-9fb1-9675554106c5.jp2/info.json
437	NL-HaNA_2.01.08_189_0437.jpg	6e3ef77c-5674-4037-9213-912617adb28e	https://service.archief.nl/iip/iipsrv?IIIF=d1/d1/6e/b8/c2/dc/4d/2f/b3/94/e1/01/f9/24/a3/0c/6e3ef77c-5674-4037-9213-912617adb28e.jp2/info.json
438	NL-HaNA_2.01.08_189_0438.jpg	e1593971-f09f-4964-a4b8-cbc5eca76a09	https://service.archief.nl/iip/iipsrv?IIIF=d1/d1/6e/b8/c2/dc/4d/2f/b3/94/e1/01/f9/24/a3/0c/e1593971-f09f-4964-a4b8-cbc5eca76a09.jp2/info.json
439	NL-HaNA_2.01.08_189_0439.jpg	c81277cc-6b25-4a9b-8481-81a68bac4a45	https://service.archief.nl/iip/iipsrv?IIIF=d1/d1/6e/b8/c2/dc/4d/2f/b3/94/e1/01/f9/24/a3/0c/c81277cc-6b25-4a9b-8481-81a68bac4a45.jp2/info.json
440	NL-HaNA_2.01.08_189_0440.jpg	840217ab-7551-4d7a-94a0-d38f2dbfe1c9	https://service.archief.nl/iip/iipsrv?IIIF=d1/d1/6e/b8/c2/dc/4d/2f/b3/94/e1/01/f9/24/a3/0c/840217ab-7551-4d7a-94a0-d38f2dbfe1c9.jp2/info.json
441	NL-HaNA_2.01.08_189_0441.jpg	d0b0d685-ce7f-4103-8c89-15e69adc157e	https://service.archief.nl/iip/iipsrv?IIIF=d1/d1/6e/b8/c2/dc/4d/2f/b3/94/e1/01/f9/24/a3/0c/d0b0d685-ce7f-4103-8c89-15e69adc157e.jp2/info.json
442	NL-HaNA_2.01.08_189_0442.jpg	7b3a2c32-daf9-4e4f-8d15-fa3547021b2e	https://service.archief.nl/iip/iipsrv?IIIF=d1/d1/6e/b8/c2/dc/4d/2f/b3/94/e1/01/f9/24/a3/0c/7b3a2c32-daf9-4e4f-8d15-fa3547021b2e.jp2/info.json
443	NL-HaNA_2.01.08_189_0443.jpg	040a491e-0fc5-49ec-a023-7bddb514e820	https://service.archief.nl/iip/iipsrv?IIIF=d1/d1/6e/b8/c2/dc/4d/2f/b3/94/e1/01/f9/24/a3/0c/040a491e-0fc5-49ec-a023-7bddb514e820.jp2/info.json
444	NL-HaNA_2.01.08_189_0444.jpg	1cb19c61-05be-44b0-98b2-ebf019dbb5ea	https://service.archief.nl/iip/iipsrv?IIIF=d1/d1/6e/b8/c2/dc/4d/2f/b3/94/e1/01/f9/24/a3/0c/1cb19c61-05be-44b0-98b2-ebf019dbb5ea.jp2/info.json
445	NL-HaNA_2.01.08_189_0445.jpg	a9ebf639-f159-45c8-b854-30b22ad4d611	https://service.archief.nl/iip/iipsrv?IIIF=d1/d1/6e/b8/c2/dc/4d/2f/b3/94/e1/01/f9/24/a3/0c/a9ebf639-f159-45c8-b854-30b22ad4d611.jp2/info.json
446	NL-HaNA_2.01.08_189_0446.jpg	778d7187-1740-409d-b64e-8630be3b89a9	https://service.archief.nl/iip/iipsrv?IIIF=d1/d1/6e/b8/c2/dc/4d/2f/b3/94/e1/01/f9/24/a3/0c/778d7187-1740-409d-b64e-8630be3b89a9.jp2/info.json
447	NL-HaNA_2.01.08_189_0447.jpg	542793a4-de04-4b3e-ab63-4ee09681df20	https://service.archief.nl/iip/iipsrv?IIIF=d1/d1/6e/b8/c2/dc/4d/2f/b3/94/e1/01/f9/24/a3/0c/542793a4-de04-4b3e-ab63-4ee09681df20.jp2/info.json
448	NL-HaNA_2.01.08_189_0448.jpg	507f7a7a-43af-4e51-aa79-1f2b0aa83d5c	https://service.archief.nl/iip/iipsrv?IIIF=d1/d1/6e/b8/c2/dc/4d/2f/b3/94/e1/01/f9/24/a3/0c/507f7a7a-43af-4e51-aa79-1f2b0aa83d5c.jp2/info.json
449	NL-HaNA_2.01.08_189_0449.jpg	d73a6680-47cb-4b07-989a-9606430badc4	https://service.archief.nl/iip/iipsrv?IIIF=d1/d1/6e/b8/c2/dc/4d/2f/b3/94/e1/01/f9/24/a3/0c/d73a6680-47cb-4b07-989a-9606430badc4.jp2/info.json
450	NL-HaNA_2.01.08_189_0450.jpg	a3dfa59a-2b49-4631-960f-651a60b300da	https://service.archief.nl/iip/iipsrv?IIIF=d1/d1/6e/b8/c2/dc/4d/2f/b3/94/e1/01/f9/24/a3/0c/a3dfa59a-2b49-4631-960f-651a60b300da.jp2/info.json
451	NL-HaNA_2.01.08_189_0451.jpg	bf3406cd-cfc7-45b3-86fb-6a477723c356	https://service.archief.nl/iip/iipsrv?IIIF=d1/d1/6e/b8/c2/dc/4d/2f/b3/94/e1/01/f9/24/a3/0c/bf3406cd-cfc7-45b3-86fb-6a477723c356.jp2/info.json
452	NL-HaNA_2.01.08_189_0452.jpg	8c6d8192-8a03-48c1-8bee-73647069a2f5	https://service.archief.nl/iip/iipsrv?IIIF=d1/d1/6e/b8/c2/dc/4d/2f/b3/94/e1/01/f9/24/a3/0c/8c6d8192-8a03-48c1-8bee-73647069a2f5.jp2/info.json
453	NL-HaNA_2.01.08_189_0453.jpg	0ce5b291-2657-4fc9-a6f7-afbb335bbf6a	https://service.archief.nl/iip/iipsrv?IIIF=d1/d1/6e/b8/c2/dc/4d/2f/b3/94/e1/01/f9/24/a3/0c/0ce5b291-2657-4fc9-a6f7-afbb335bbf6a.jp2/info.json
454	NL-HaNA_2.01.08_189_0454.jpg	e6ec1892-1d10-4ff8-ab1c-57edd314cc9d	https://service.archief.nl/iip/iipsrv?IIIF=d1/d1/6e/b8/c2/dc/4d/2f/b3/94/e1/01/f9/24/a3/0c/e6ec1892-1d10-4ff8-ab1c-57edd314cc9d.jp2/info.json
455	NL-HaNA_2.01.08_189_0455.jpg	52247471-af33-4dff-87d9-333fc8d3bf13	https://service.archief.nl/iip/iipsrv?IIIF=d1/d1/6e/b8/c2/dc/4d/2f/b3/94/e1/01/f9/24/a3/0c/52247471-af33-4dff-87d9-333fc8d3bf13.jp2/info.json
456	NL-HaNA_2.01.08_189_0456.jpg	ad8108b8-a6ee-4aa4-aed1-31dffec723e1	https://service.archief.nl/iip/iipsrv?IIIF=d1/d1/6e/b8/c2/dc/4d/2f/b3/94/e1/01/f9/24/a3/0c/ad8108b8-a6ee-4aa4-aed1-31dffec723e1.jp2/info.json
457	NL-HaNA_2.01.08_189_0457.jpg	1d88f394-0bc8-4965-a7c6-a9ea4ed482db	https://service.archief.nl/iip/iipsrv?IIIF=d1/d1/6e/b8/c2/dc/4d/2f/b3/94/e1/01/f9/24/a3/0c/1d88f394-0bc8-4965-a7c6-a9ea4ed482db.jp2/info.json
458	NL-HaNA_2.01.08_189_0458.jpg	cac2b89a-a069-4a62-a439-84f0a08a2d69	https://service.archief.nl/iip/iipsrv?IIIF=d1/d1/6e/b8/c2/dc/4d/2f/b3/94/e1/01/f9/24/a3/0c/cac2b89a-a069-4a62-a439-84f0a08a2d69.jp2/info.json
459	NL-HaNA_2.01.08_189_0459.jpg	783f4012-9183-487d-b142-77b0a04d559a	https://service.archief.nl/iip/iipsrv?IIIF=d1/d1/6e/b8/c2/dc/4d/2f/b3/94/e1/01/f9/24/a3/0c/783f4012-9183-487d-b142-77b0a04d559a.jp2/info.json
460	NL-HaNA_2.01.08_189_0460.jpg	061d8dee-eaa6-40f0-9c39-35887f6b497c	https://service.archief.nl/iip/iipsrv?IIIF=d1/d1/6e/b8/c2/dc/4d/2f/b3/94/e1/01/f9/24/a3/0c/061d8dee-eaa6-40f0-9c39-35887f6b497c.jp2/info.json
461	NL-HaNA_2.01.08_189_0461.jpg	068c4779-7384-446c-a00a-7c825ffb4469	https://service.archief.nl/iip/iipsrv?IIIF=d1/d1/6e/b8/c2/dc/4d/2f/b3/94/e1/01/f9/24/a3/0c/068c4779-7384-446c-a00a-7c825ffb4469.jp2/info.json
462	NL-HaNA_2.01.08_189_0462.jpg	597a2c9e-1d3c-4511-984d-72ae5524e9b1	https://service.archief.nl/iip/iipsrv?IIIF=d1/d1/6e/b8/c2/dc/4d/2f/b3/94/e1/01/f9/24/a3/0c/597a2c9e-1d3c-4511-984d-72ae5524e9b1.jp2/info.json
463	NL-HaNA_2.01.08_189_0463.jpg	7babf5e3-13b7-40b5-ac00-e6dcd6fdb996	https://service.archief.nl/iip/iipsrv?IIIF=d1/d1/6e/b8/c2/dc/4d/2f/b3/94/e1/01/f9/24/a3/0c/7babf5e3-13b7-40b5-ac00-e6dcd6fdb996.jp2/info.json
464	NL-HaNA_2.01.08_189_0464.jpg	0115af06-4a34-4690-8448-ae782a90ddf1	https://service.archief.nl/iip/iipsrv?IIIF=d1/d1/6e/b8/c2/dc/4d/2f/b3/94/e1/01/f9/24/a3/0c/0115af06-4a34-4690-8448-ae782a90ddf1.jp2/info.json
465	NL-HaNA_2.01.08_189_0465.jpg	761f4f45-5d7b-467d-8cf1-e6f300eeb9b3	https://service.archief.nl/iip/iipsrv?IIIF=d1/d1/6e/b8/c2/dc/4d/2f/b3/94/e1/01/f9/24/a3/0c/761f4f45-5d7b-467d-8cf1-e6f300eeb9b3.jp2/info.json
466	NL-HaNA_2.01.08_189_0466.jpg	8afa9097-44cf-49ef-af39-881ffe74c70e	https://service.archief.nl/iip/iipsrv?IIIF=d1/d1/6e/b8/c2/dc/4d/2f/b3/94/e1/01/f9/24/a3/0c/8afa9097-44cf-49ef-af39-881ffe74c70e.jp2/info.json
467	NL-HaNA_2.01.08_189_0467.jpg	bf5edce3-43eb-4a5a-85a4-eaf39f701fec	https://service.archief.nl/iip/iipsrv?IIIF=d1/d1/6e/b8/c2/dc/4d/2f/b3/94/e1/01/f9/24/a3/0c/bf5edce3-43eb-4a5a-85a4-eaf39f701fec.jp2/info.json
468	NL-HaNA_2.01.08_189_0468.jpg	d4d86b65-ec18-4cc2-ae4c-8b604e83fe78	https://service.archief.nl/iip/iipsrv?IIIF=d1/d1/6e/b8/c2/dc/4d/2f/b3/94/e1/01/f9/24/a3/0c/d4d86b65-ec18-4cc2-ae4c-8b604e83fe78.jp2/info.json
469	NL-HaNA_2.01.08_189_0469.jpg	9901e6db-dfd1-4086-9362-1d98f0dca9ed	https://service.archief.nl/iip/iipsrv?IIIF=d1/d1/6e/b8/c2/dc/4d/2f/b3/94/e1/01/f9/24/a3/0c/9901e6db-dfd1-4086-9362-1d98f0dca9ed.jp2/info.json
470	NL-HaNA_2.01.08_189_0470.jpg	d65cb581-4ac2-46c1-9ba6-727718949c19	https://service.archief.nl/iip/iipsrv?IIIF=d1/d1/6e/b8/c2/dc/4d/2f/b3/94/e1/01/f9/24/a3/0c/d65cb581-4ac2-46c1-9ba6-727718949c19.jp2/info.json
471	NL-HaNA_2.01.08_189_0471.jpg	304b686e-5748-4b35-a128-6643cfc313fb	https://service.archief.nl/iip/iipsrv?IIIF=d1/d1/6e/b8/c2/dc/4d/2f/b3/94/e1/01/f9/24/a3/0c/304b686e-5748-4b35-a128-6643cfc313fb.jp2/info.json
472	NL-HaNA_2.01.08_189_0472.jpg	6d864378-e5b4-48ce-a181-478edd625aa5	https://service.archief.nl/iip/iipsrv?IIIF=d1/d1/6e/b8/c2/dc/4d/2f/b3/94/e1/01/f9/24/a3/0c/6d864378-e5b4-48ce-a181-478edd625aa5.jp2/info.json
473	NL-HaNA_2.01.08_189_0473.jpg	c724e234-875e-4c5d-b501-1dd3f243dd2b	https://service.archief.nl/iip/iipsrv?IIIF=d1/d1/6e/b8/c2/dc/4d/2f/b3/94/e1/01/f9/24/a3/0c/c724e234-875e-4c5d-b501-1dd3f243dd2b.jp2/info.json
474	NL-HaNA_2.01.08_189_0474.jpg	806fac72-d5d8-4179-bd1a-c484ca8f4cf2	https://service.archief.nl/iip/iipsrv?IIIF=d1/d1/6e/b8/c2/dc/4d/2f/b3/94/e1/01/f9/24/a3/0c/806fac72-d5d8-4179-bd1a-c484ca8f4cf2.jp2/info.json
475	NL-HaNA_2.01.08_189_0475.jpg	49db086a-6488-4e7f-ac97-29a4c41ee8e3	https://service.archief.nl/iip/iipsrv?IIIF=d1/d1/6e/b8/c2/dc/4d/2f/b3/94/e1/01/f9/24/a3/0c/49db086a-6488-4e7f-ac97-29a4c41ee8e3.jp2/info.json
476	NL-HaNA_2.01.08_189_0476.jpg	f0203c4a-472e-4c27-8d71-5f96c530cac9	https://service.archief.nl/iip/iipsrv?IIIF=d1/d1/6e/b8/c2/dc/4d/2f/b3/94/e1/01/f9/24/a3/0c/f0203c4a-472e-4c27-8d71-5f96c530cac9.jp2/info.json
477	NL-HaNA_2.01.08_189_0477.jpg	b4d75074-5af1-4dea-8183-4217f472eff3	https://service.archief.nl/iip/iipsrv?IIIF=d1/d1/6e/b8/c2/dc/4d/2f/b3/94/e1/01/f9/24/a3/0c/b4d75074-5af1-4dea-8183-4217f472eff3.jp2/info.json
478	NL-HaNA_2.01.08_189_0478.jpg	f8776cc2-fbbb-464b-91a7-1064d3d55bde	https://service.archief.nl/iip/iipsrv?IIIF=d1/d1/6e/b8/c2/dc/4d/2f/b3/94/e1/01/f9/24/a3/0c/f8776cc2-fbbb-464b-91a7-1064d3d55bde.jp2/info.json
479	NL-HaNA_2.01.08_189_0479.jpg	6cb7753d-7b9c-47f4-b007-915992f1109f	https://service.archief.nl/iip/iipsrv?IIIF=d1/d1/6e/b8/c2/dc/4d/2f/b3/94/e1/01/f9/24/a3/0c/6cb7753d-7b9c-47f4-b007-915992f1109f.jp2/info.json
480	NL-HaNA_2.01.08_189_0480.jpg	b652b22f-0f90-4c24-a7f1-4569f6637e66	https://service.archief.nl/iip/iipsrv?IIIF=d1/d1/6e/b8/c2/dc/4d/2f/b3/94/e1/01/f9/24/a3/0c/b652b22f-0f90-4c24-a7f1-4569f6637e66.jp2/info.json
481	NL-HaNA_2.01.08_189_0481.jpg	cc0183d6-436f-4c9b-924f-9e98c9a3a2a5	https://service.archief.nl/iip/iipsrv?IIIF=d1/d1/6e/b8/c2/dc/4d/2f/b3/94/e1/01/f9/24/a3/0c/cc0183d6-436f-4c9b-924f-9e98c9a3a2a5.jp2/info.json
482	NL-HaNA_2.01.08_189_0482.jpg	4cabfc14-6dfc-4538-970f-c79c91f647a1	https://service.archief.nl/iip/iipsrv?IIIF=d1/d1/6e/b8/c2/dc/4d/2f/b3/94/e1/01/f9/24/a3/0c/4cabfc14-6dfc-4538-970f-c79c91f647a1.jp2/info.json
483	NL-HaNA_2.01.08_189_0483.jpg	997856b9-925b-4f85-a81a-dc5625f19c3e	https://service.archief.nl/iip/iipsrv?IIIF=d1/d1/6e/b8/c2/dc/4d/2f/b3/94/e1/01/f9/24/a3/0c/997856b9-925b-4f85-a81a-dc5625f19c3e.jp2/info.json
484	NL-HaNA_2.01.08_189_0484.jpg	c9626ae0-1336-4cd0-988b-a117bab6809a	https://service.archief.nl/iip/iipsrv?IIIF=d1/d1/6e/b8/c2/dc/4d/2f/b3/94/e1/01/f9/24/a3/0c/c9626ae0-1336-4cd0-988b-a117bab6809a.jp2/info.json
485	NL-HaNA_2.01.08_189_0485.jpg	e49893da-f9e8-4a2b-a403-e0d535f67b08	https://service.archief.nl/iip/iipsrv?IIIF=d1/d1/6e/b8/c2/dc/4d/2f/b3/94/e1/01/f9/24/a3/0c/e49893da-f9e8-4a2b-a403-e0d535f67b08.jp2/info.json
486	NL-HaNA_2.01.08_189_0486.jpg	4f35fdea-d7e0-4c86-ae51-2e4ba7eefd43	https://service.archief.nl/iip/iipsrv?IIIF=d1/d1/6e/b8/c2/dc/4d/2f/b3/94/e1/01/f9/24/a3/0c/4f35fdea-d7e0-4c86-ae51-2e4ba7eefd43.jp2/info.json
487	NL-HaNA_2.01.08_189_0487.jpg	0acac51d-9190-4a69-a42a-cf84b1baeb29	https://service.archief.nl/iip/iipsrv?IIIF=d1/d1/6e/b8/c2/dc/4d/2f/b3/94/e1/01/f9/24/a3/0c/0acac51d-9190-4a69-a42a-cf84b1baeb29.jp2/info.json
488	NL-HaNA_2.01.08_189_0488.jpg	eb2bed7a-5286-410b-9eb4-5ac08ebc6362	https://service.archief.nl/iip/iipsrv?IIIF=d1/d1/6e/b8/c2/dc/4d/2f/b3/94/e1/01/f9/24/a3/0c/eb2bed7a-5286-410b-9eb4-5ac08ebc6362.jp2/info.json
489	NL-HaNA_2.01.08_189_0489.jpg	72cef00f-7233-4e85-b174-31e2617b7349	https://service.archief.nl/iip/iipsrv?IIIF=d1/d1/6e/b8/c2/dc/4d/2f/b3/94/e1/01/f9/24/a3/0c/72cef00f-7233-4e85-b174-31e2617b7349.jp2/info.json
490	NL-HaNA_2.01.08_189_0490.jpg	0b1755c3-33a0-4a7d-aff9-29ac83769773	https://service.archief.nl/iip/iipsrv?IIIF=d1/d1/6e/b8/c2/dc/4d/2f/b3/94/e1/01/f9/24/a3/0c/0b1755c3-33a0-4a7d-aff9-29ac83769773.jp2/info.json
491	NL-HaNA_2.01.08_189_0491.jpg	483c5925-5a5e-4e1d-b36a-b95f5dd69bb4	https://service.archief.nl/iip/iipsrv?IIIF=d1/d1/6e/b8/c2/dc/4d/2f/b3/94/e1/01/f9/24/a3/0c/483c5925-5a5e-4e1d-b36a-b95f5dd69bb4.jp2/info.json
492	NL-HaNA_2.01.08_189_0492.jpg	9bbed4ff-1567-4b19-bae2-af946c2d0089	https://service.archief.nl/iip/iipsrv?IIIF=d1/d1/6e/b8/c2/dc/4d/2f/b3/94/e1/01/f9/24/a3/0c/9bbed4ff-1567-4b19-bae2-af946c2d0089.jp2/info.json
493	NL-HaNA_2.01.08_189_0493.jpg	fa0b922b-d8bc-4318-a703-ba0f6af4bb18	https://service.archief.nl/iip/iipsrv?IIIF=d1/d1/6e/b8/c2/dc/4d/2f/b3/94/e1/01/f9/24/a3/0c/fa0b922b-d8bc-4318-a703-ba0f6af4bb18.jp2/info.json
494	NL-HaNA_2.01.08_189_0494.jpg	781e5e23-9233-40c9-80ed-e0a15f9fe3cf	https://service.archief.nl/iip/iipsrv?IIIF=d1/d1/6e/b8/c2/dc/4d/2f/b3/94/e1/01/f9/24/a3/0c/781e5e23-9233-40c9-80ed-e0a15f9fe3cf.jp2/info.json
495	NL-HaNA_2.01.08_189_0495.jpg	c469815e-ee38-4375-be0d-64989b713c04	https://service.archief.nl/iip/iipsrv?IIIF=d1/d1/6e/b8/c2/dc/4d/2f/b3/94/e1/01/f9/24/a3/0c/c469815e-ee38-4375-be0d-64989b713c04.jp2/info.json
496	NL-HaNA_2.01.08_189_0496.jpg	72eecba4-7242-4742-902a-22809a1d5cbd	https://service.archief.nl/iip/iipsrv?IIIF=d1/d1/6e/b8/c2/dc/4d/2f/b3/94/e1/01/f9/24/a3/0c/72eecba4-7242-4742-902a-22809a1d5cbd.jp2/info.json
497	NL-HaNA_2.01.08_189_0497.jpg	2ae7f38f-dfcc-4472-9e4b-30e06d336219	https://service.archief.nl/iip/iipsrv?IIIF=d1/d1/6e/b8/c2/dc/4d/2f/b3/94/e1/01/f9/24/a3/0c/2ae7f38f-dfcc-4472-9e4b-30e06d336219.jp2/info.json
498	NL-HaNA_2.01.08_189_0498.jpg	c56c663c-38dd-4fe6-aa98-02a3f4c79b26	https://service.archief.nl/iip/iipsrv?IIIF=d1/d1/6e/b8/c2/dc/4d/2f/b3/94/e1/01/f9/24/a3/0c/c56c663c-38dd-4fe6-aa98-02a3f4c79b26.jp2/info.json
499	NL-HaNA_2.01.08_189_0499.jpg	77f8cb3b-efdf-47f1-85cd-e1fdd64c3de9	https://service.archief.nl/iip/iipsrv?IIIF=d1/d1/6e/b8/c2/dc/4d/2f/b3/94/e1/01/f9/24/a3/0c/77f8cb3b-efdf-47f1-85cd-e1fdd64c3de9.jp2/info.json
500	NL-HaNA_2.01.08_189_0500.jpg	347892b4-a343-4d02-8edf-93f6222ac0af	https://service.archief.nl/iip/iipsrv?IIIF=d1/d1/6e/b8/c2/dc/4d/2f/b3/94/e1/01/f9/24/a3/0c/347892b4-a343-4d02-8edf-93f6222ac0af.jp2/info.json
501	NL-HaNA_2.01.08_189_0501.jpg	c4508689-2869-45b5-a8a4-4b43a9c4f709	https://service.archief.nl/iip/iipsrv?IIIF=d1/d1/6e/b8/c2/dc/4d/2f/b3/94/e1/01/f9/24/a3/0c/c4508689-2869-45b5-a8a4-4b43a9c4f709.jp2/info.json
502	NL-HaNA_2.01.08_189_0502.jpg	d12683f1-1d0a-4f6a-85ab-5d8709ac04ee	https://service.archief.nl/iip/iipsrv?IIIF=d1/d1/6e/b8/c2/dc/4d/2f/b3/94/e1/01/f9/24/a3/0c/d12683f1-1d0a-4f6a-85ab-5d8709ac04ee.jp2/info.json
503	NL-HaNA_2.01.08_189_0503.jpg	e55aeee4-cd43-4198-ae1e-2c506c5a59d2	https://service.archief.nl/iip/iipsrv?IIIF=d1/d1/6e/b8/c2/dc/4d/2f/b3/94/e1/01/f9/24/a3/0c/e55aeee4-cd43-4198-ae1e-2c506c5a59d2.jp2/info.json
504	NL-HaNA_2.01.08_189_0504.jpg	6bf1446f-4d41-46c9-9d13-969bbfcbd086	https://service.archief.nl/iip/iipsrv?IIIF=d1/d1/6e/b8/c2/dc/4d/2f/b3/94/e1/01/f9/24/a3/0c/6bf1446f-4d41-46c9-9d13-969bbfcbd086.jp2/info.json
