arm	i	longest	n_ge6	n_ge5	pair_lines	top_words	decode
R	0	7	5	11	3	hauendo auendo auanti amente giorno magna	l&immmgnorduadilfdla_ea | _udirrandizimeu_eazimhecenmomtilpfoincpidam | aamemagnaet&imsirnoredonalfonmochauendouazo | uartirel&sracaroc_iaungiornoauantieilanozeme | neandosecrezamenteconozo_orteondeciamchuno
K	1	4	0	0	0	oper cene chie data	lrtdefepgchrcroidliao_qih | _cidscoerd&dfd_qo&afiqqceneodlzdnrzahrof | ioecfoperqotaeadsgcchiesoanfgnioqrgco& | ardmdatasnoano_docpdgmcoodcaaoe&qfc | dirghadnmc&ofqercnn&g_gmocercqdofqic
K	2	4	0	0	0	fecr	fisslaqhrlcilcsfecrl_er | _ccsshlnlscssm_lcasnszafasfesapiarlls | elzsllniiaarssaqhzrcnolrefasqpnlalqclc | iemstmrrsiplefa_slcalsqtaiclaaszarlncsz | amealqrrmptzclsnmzpfacq_qtaznlzsslssnca
K	3	4	0	0	0	malo	zeccpcalpglaaerczdfr_nol | _acsgriacucprl_nrumpmnutlcdcczrdocleermlarp | orctpraienmcqcslpgtloisrfddlppemrlnlaparuo | lcicsrfqsercdh_cralacpsloarlctmfriounpt | lrolaplqresturpniitedloup_pstoiatucrpumalo
K	4	4	0	0	0	aldo tola dist	ispoqaqmdisrasloiqll_po | _aolslsrofoaga_plf&ahptdqnqoiuqdodesu&rla | olqtalmsrspp&qaoldistdsmllqndaiehlapdrialfd | artfozglpalreltnu_oladmoizddraldot&llsdfpat | dgodriageztflapsftenddfi_iztdsrtolahadd
K	5	4	0	0	0	fedi arte amar alia	snoaoroefedionasastsra_qpd | _osapealiamarua_qamarrqioeozas&ttaln&adiar | paoraelsnqzoaosapfedstlnarterflraaqifoamt | asuarurospslaue_aaoeafrtsoazaaraltmqr | upifdsulrmarqlletmf_frztliiaarirot
K	6	5	0	1	0	marie mari glio dios arie	muinnprdcacimoaiqaio_rta | _iaiccolcisitm_rosnsrlgrnsnrisqoirzmsnaco | tongoplmrrunnicrdcgaaolhoiqsrdzsomrrcdioso | marietiuczoasa_ioirpideroiorrigniolosrg | rttrcdatzegsorlrgzsrosd_dergolcgliolsiro
K	7	4	0	0	0	mene tema	temaraueldrsceafmtrfaa_&r | _cfmsdafsmpmror_&apsr&lzeauatmtirnmeneisrsar | aazraufhe&tsamseldzrfnfmaaruerlnar&eslcapn | rhadmeoashnaauc_maceumleenhcaetmzsaafnp&rz | eoeslronezpar&fdznuenpl_letznfszlmarlcen
K	8	4	0	0	0	coia cofc	rldcochcepsdraadlaia_csp | _dadmeasdqdorr_caquocofcctczdslldcirsupsao | sacfoahrczlucpdmcefpalrailtcoiarccsdaql | r&ndsrilpmia&tf_dadchdscldaczdfuialqcof | crscspprisfqaocnfitclq_szflsfodaoodcl
K	9	4	0	0	0	reni tran feti	uslrridqqozasnsussdn_rmo | _asiqnizce_rncnrfedrorfuestdcseozn | mnreniirsrflraidqqeostipndsodqcnnerdzqanct | errosdlaircnrom_nadiqsdtrandfednitcre | dmdzqoacsecnrioecodtcq_qsfetizefnfnadt
K	10	4	0	0	0	otti haro indu eifa sera atta	sdraocofisi&aedasas_os& | _eamihaaracmq_ordczottiotocasuaaaindud&ac | sotcfhrdocrdoramisit&ahnsaticsnzqoiasera | qrlgapmsrrmrnltf_aeifaspiareicatdsharoct | imsias&rmnptrcohgtntiars_spctahattactzeia
K	11	4	0	0	0	sien nita trar redi rera	ceaelrdsoite&cr&l_qlo | _t&ssienf_qreaqrarqcnrgrienroie | laelzeqarmsrdsao&ghlrqrediafqridtg | fzcdtnlamszicqs_trldtrgztrarlgqea | rnlridomnitaeqdaiqrgd_dtagiareratrg
K	12	4	0	0	0	suit ente pise diss	iedtairrrfheldislse_&cr | _hldlreefdqdti_&eqotc&oniumdissgdiusorfet | centeaem&meodlirrnrlgezessuitruce&ifrheqg | mlddpiselmuelua_dehiadrpigmheimdnoseegq&tn | iicifrriupnqet&ednuuigqr_rpmngefnodetochig
K	13	4	0	0	0	cesi esce aria fora ette	ooiaraqettcsocrisrfc_pic | _sriatcihirus_pchgrtpieearasilsaiedolgccr | icaercqeopsogariaettecrascfsrertdtcspetscha | selrizuforaedclr_icseqitzeaescesiegfcahpre | euietcrudzehcrpredreaht_tzseaeiicritsea
K	14	5	0	1	0	afare cufi essi fare afar	cqaspeprthsesquiscfiau_tns | _sischuqesmsei&_tummertrpapgscufisrsqumseue | nupeuqlqtgamposcrthsiiqduafaretsru&tretsumi | &laessiaaoclsuaaz_susrstsrilsurgsmauqimte | rinretsoissmuetqesarimt_tsgiqesuersri
K	15	4	0	0	0	prof	ch&fdfoaprmoheccucse_qnr | _oceimsdfl_qespdqeafzfscmuaashmprmed | nefdeoichqs&pfoaprcairesuzadpselqampoesa | lcrrqfs&ocserzd_eoaopqaacoeaspseiasqd | afnamprofsqsedqirszaasp_pqsaimeedeoaa
K	16	5	0	1	0	priui	rfqocucrtprlsf&iorlid&_esr | _sioip&iloaouoa_e&aeurefprcgcaorhluorfherl&u | s&cpu&imfeaqecoirtppriuit&dlgrutr&aerlts&au | amrsozodqim&rgm_o&srotzrums&raoped&iuaeup | rosrltrozpa&ueispgruat_tzapuilpfo&ufrsru
K	17	4	0	0	0	uora maio	azdrorqurrlfsatgdgtt_odl | _sgdirtofdsdopr_otsuoeo&aurqrmdsiduaasulfto | dtraotqoaomzurdiurralgioettquoraetroufrstsi | rcldnptziatcqi_dtsuqdrnuistumdauttoisooa | updufrlpanastooolaaquisr_rnmaiofa&dto&esui
K	18	4	0	0	0	elli meco teda paro nume	sgrttdtiiproagestssse_lfr | _astqefotmtdtl_lemadluitot&tspltimgparoed | fetudeifugl&ratdtqipurslfesoidpmelliopaeml | luchtntsrdqumecon_teaiitpniluaei&tuaseflmldu | itfioprdtmnumedlfhumoilmp_pn&ulfoutedail
K	19	4	0	0	0	ueri	qmrrhopslledqmqaqdd_sl | _eqmnsdllmimus_disotrorzromqaaumoaslld | sdrrdhliosrfmnopsrlqulfddazopodsolpediu | sirameudfnidrzc_mdeohmpeouiedoomrsddluir | ousolplfueridlarzouip_peorullrtmdtoeou
K	20	5	0	1	0	forre iofo forr nouo	snzelilecsuouno&ess&lo_mu | _u&eiosoeteiap_motritmfsclrlqeshsnecfnhruooi | olsioesonmqzrlgeicssu&nsrolsrcisftopmcosuotn | porcemalzgioforre_eouceesmcnouocqesrlosntmis | cacosugafmstoimscsfrcnts_smqsnsosfeoiftucn
K	21	4	0	0	0	noce ceda ardo	rsia&l&thoendascoardosc_min | _aoamecedalalr_mclqlompuh&u&sartdcahstqndcl | ic&ulctersmsiq&namhoeunocescsduhloocmhdoaclc | rgiafrsinmrcgut_acahtaofhcrachsauqsceclmlu | hrihdonnrfulclmeiuuhclo_ofsucedupaclpoahc
K	22	5	0	1	0	doute efli	loqrlsltqrretaofdrlsdaf_nee | _adrsrfftrrrses_nfrtscnaiqllcrlushrqdoutetfs | eflisftfnoncqtlrsqrriedhffasqsrdcfsnqtrafrh | snozrceaqsndfos_rfaqtrrcqhnafqcritaffhrnsi | qeeqtreedcirfsnfzidqhrr_rccihftiarfsacaqh
K	23	4	0	0	0	esca	tduqmrmecledaqqtnqua_sac | _eqqraslqqrh_saorcssmrmrqtongqsdooclar | aamsraspdsruomiqrescqgsiaunrrescahsleeag | hppaqmuuirpsaprt_qaeqemgpearqsouasgsrs | alecismsarssassrge_emrsgslsqarceg
K	24	4	0	0	0	acce apre qlla teua opra	hslgceeunusc&ghf&tc_qan | _u&gtuclgtgcof_qctocrqsaerghmfdgepsmoncc | acaccelqsqloagteuan&dlzctfrecprcfqeuctd | fqlgrotlatqpcrs_gcueegredqucegaotcldtqca | eoaenaopratccqllapredt_radlasgccsrued
K	25	4	0	0	0	fama	ntqdodsegfamat&nsc&_nma | _af&pmlorp_n&loinasedtdtnlsreotlam&o | m&dso&sputntqdzegfsarpi&csteogoi&pnemga&lr | puuercqzuo&uto_&aesgeerua&etsc&prlnos | ermemgazroesl&onpsoterlg_getsrpmsa&oaiaer
K	26	5	0	1	0	stati tati uoto rene	epsteoearrtormpstensf_qso | _mstatirtftod_qfroqourenectesnttrlpsroro | seuoaipqcsre&tarrtuostizfnnrorldqrrrmft | dpatgfs&alpnl_tmratrgrtmrcturfitfqou | rsrrro&lgufoqiaulnrtfr_rgcutiruotoomrt
K	27	4	0	0	0	more	tuoalolrsmqdluzqatiqmz_crq | _lqaezgdalaone_czlcoscidslclsati&astucqdzo | rzldozrgoucsoclraesmdqq&gzmicsomtszecsdmlzl& | eoaeaanmoreotzacs_azlsramas&olzssadcmzg&lcod | snrsdmqrntadlzocgedtcs&lm_masd&gddiazoisls&
K	28	5	0	1	0	seruo seru area	oripsasdzslrmhposhpm_ru | _lhpzmqspspsna_rmsnseruosrpodslpsfrdnsms | umosmaqrrrrinipsdzohlqcmpsssdfemarssdlmsl | areaptnpiirfmel_pmlsapdtslrlmsrponpmqlsrso | snussdinftosmsrqaofslsd_dtrolqsoupmsuelsl
K	29	5	0	1	0	degni egni iean	laainirpdtferamrlprem_alf | _rrstmdegni_amgcnta&spiqillqpupaqcfemn | lmisnmrdaalacinspdtsfrudsmepqpndtmapedrmgu | ccsieansmcqh_mrprdspurmplscemdugans | pilpedfnissgmnadcsqpugd_dslsudes&mn&trpu
K	30	4	0	0	0	fece	ndofecezsseotqdufnfeu_sro | _qfdeuptfgfcti_sugrcsnsseaesfnmfafspdmrotuc | ruescuzptdssorefdssesoapauefascspuisstsquga | itorfteodtpuoam_fuqszfssatqussfsreupagscs | strstsotpsgucsprspasags_sssaptsnfucnqsa
K	31	4	0	0	0	tosi tiro	saoqdqrtroirposlpcr_seo | _ponrriioodsn_sridaszstqhqoselootqeioird | erqsdrrimsaiqlontrsopoitrclhtdqarnstiro | nmtuomscalnmqrthr_ortromtomrtosicriosds | tsetiolsqmsrdsiusqhto_msoiiszordzato
K	32	5	0	1	0	sarai sara arai	rluaarspeoimlfsurpstf_ao | _msucef&iutuel_ftsqonsaraiurrpusclrsoif | afanfr&dlisarucspenos&ftprspcqflsipmft | ldfuzetrcdcfrc_ufmsrupzsdmfsiunstf&tn | seasiporeczntf&fncrstp_pzin&inoufoqms
K	33	4	0	0	0	tari muta ofuo uolu	olsuoqohaifpdlnuounm_r | _dnuafepuruqrq_rpqc&saotofuoluuagllppq | rosqheclfsposuaaifsneemutaqigcqapidr | qcrdurmssacgrti_udahuiacdafuspmerqs | arrapisrgsrqedsgtari_ifseps&uq&cda
K	34	4	0	0	0	indi case	scqrsesd&rzocacrsecsa_gq | _ocrsraezrireir_gaioerglddstsorspeurdcpozae | qasdeaetcgoqosnrsd&rdcuecasetde&rargdz&oaiu | rtmfrnisqnstamtf_raodr&ndutoadordosaeuiged | diqdz&nindiaegefdtdui&_&noduezdlraelrodu
K	35	0	0	0	0		sore&eossturfsunrqnfu_pu | _fnrrturrcr&it_ucc&einseedrqarsescuru& | puen&uolsdocecrrsstnunahufqs&seeutsrsfuca | tlrgrmifocrleura_rufsorsmsalfusdrncfuac&n | sipsrsuciemncu&gnesacs_smdnarniru&iefsa
K	36	4	0	0	0	colo solo usar	rpcolodsra&rprnrlnrr_on& | _rnarpilqm_oritlsodzsoloirelscpet&rl | nrozlrdpapoictoisraz&npurrllslrcsrmosrrri | mafuqrciacrfla_rrsdrusarrsiztrrpiolz | sqnsr&iqcuzirlopzclsir_ruizpzdrldsrs
K	37	0	0	0	0		crusqmqfpta&igrfqscsqtf_se& | _gqseaftisasmia_sfaomnslcpqiqdscrssplrro&ifm | efqcmfftmrsduoqhseptac&qtsftsipmtlnfaspitgfa | amndscituhemlfnio_sfgpfstcpmgfpdscotftasmc | piepit&hilccafmstdclipat_tcdcticlsfmlngp
K	38	4	0	0	0	laro pani	amolrsrlntciimplaurp_nfc | _iletpdilqlsa_npqssunrhrirolaeuglemescips | fprhspldmnoosrtlenthcgd&pruisneupaninipqg | aazlaroteepaic_lpillnagipolhsrpdgqnsh | fincteahqpsndzheigqn_naohgdihrlpsruig
K	39	4	0	0	0	fida mula	orifqtquurllrrqfooqar_em | _lqfarr&lfrftdt_errptreazuqsqsfoeofunreplrt | mrqztru&cresipqafaurzq&sraosutnrrteullrr | tcfofidaiaacnrfsm_frluufiuclrusfzpar&retz | udmuladnizrrte&oznsur_isz&lzafrtarlu
K	40	4	0	0	0	guer	rcsgdtdfqaem&acrmgremr_rfm | _amguerd&gpgth_rrpztlrlqdsdugrregqtcrzm&rt | frdtrfdscruszdnguqaemmdsresqtatlrrq&aarp | spogahsnustrps_graqfgaaqsarqugzrdprt | qhfq&amnhtaprtrdotsqpa_aaud&lgrtllaq
K	41	4	0	0	0	ozio	amaz&i&ufslilmtzanth_ql | _ltzosizrziac_rrieorf&&dzasntzfpmsrlii | q&riusemdar&szofsrlttsihnfispecfislrt | ceedzoahasoepen_zlfuzsoftelfdzrrhstrir | faqfislsaporrisdrpftrs_sodrtsirozioelft
K	42	5	0	1	0	laifa nuto	tqnmsnsapgcumqurmtdrdu_arc | _mrmcgutumpmnhe_auptnlaifasfsmtrdsmasqrtcuun | rusfnutoqantssmcapgfcrsteuddfanpslueaaupmups | eomshdnscosufl_mumampsasomuamftdutspanf | ahraupcshssfpunatfsfaspp_psfstufimunilmas
K	43	4	0	0	0	ieri loda	imcreclars&amdridl_rs | _adrirc&rnrega_rnseprsqlierilorlsmlss&e | qeccdmrecszrilarqsdoctlileasparl&aano | aduproglczidsuir_ralcraolodalerqslconreq | lgl&aszgsoqnercpqsilona_aoeqoc&qsrespalo
K	44	0	0	0	0		rmrmsesr&cicmtmrart_tlc | _cme&thimmezi_ttqeatqursfssmruasmromuqcite | ltsuethsmtsrqsmer&ucshftrafreoatitricts | isadmnzrresotafn_mtcrmnrssctrsmuqrthsteu | rzlriczonutethduofrs_nsushiuqmteqacrs
K	45	4	0	0	0	rera erii	etioreraeas&tsdoeidus_cs | _&doasssomoepq_csmlesctgerrrtoeriioeptrlsse | ssrgesasltctilrqoeagdiscsuireepssqces&smi | qlrlofpuiqlpsrro_os&eaofeil&setoglussimceg | epsesqppfgmsecslgpreim_ftgissgtosets&ei
K	46	4	0	0	0	tore	cifospshrosfulirroctrrr_&tf | _lrocsrguoopm_&rps&cnrsssocmtoreimfurp | trsnprhgai&fsocrosnfrgtrrtsrpoesrm&ruolr | maqdozrfcaerqsa_orlrhoozralrronrrg&pn | rtruofeznrp&gdnesro_oznguncorpcslr
K	47	4	0	0	0	tant	cscepopprdtrorshgecsgsh_afr | _rgeuthoeueode_ahu&otantrppieclscerzsl&roho | fhptohpmsaic&pfeurdttrgcshssrodzthearodrhuc | emeiesdscfumzhen_ehrrpedsrcmrhriet&shcuaot | rdfrodrfdzstuhoaitzrcud_dsitcotnehontrrc
K	48	4	0	0	0	doit	&gfmsrsnsmuuzogm&s_plu | _omtuzmtmrqf_pttropiisslshm&lsqmsdgltuzr | lsirnrgphftsemtsmuiuqislsrmdofpszmotq | frrsmoqfetrdrla_mosnmmosqroshmitqtpri | sqlszmueqdoitrpsidlsqtm_mohiqziimrioosq
K	49	5	0	1	0	conle auif ceda sero meri	raselzldaauifanlerlon_iq | _fledunliepezr_inpczrifpallmerieeasaicinz | qnlpzndlmaimsclcedaaupleltnoazasrniaiafnpe | mhseroscdmsnhe_enfadeaaemfnamepconlepizp | arqaiacrsppnzilspsaepa_ampelipfenzfrfae
K	50	4	0	0	0	noua auer	ausslsauerccounmsaimrn_ac | _omshrnscsislpt_nislpflusrsgsaiesuusccnl | ansllnaseugssrshuerlcmesznrirulepntuceonie | tenslprrhenrm_snouaselueeonugslsrnseill | upaucecrpllinlsnlrueie_elglesclfsnlfpoue
K	51	4	0	0	0	fcor pare dami core	eirluohfcoreeresese_tc | _rerlfedorprlit_epltco&mrezsproszcoel | tecleudamiurlohfccepdness&olhsetoohrepp | tarsrrisiulaser&m_rerourhropareomrcsedpplc | oitoohcuisrcpeldscs&opph_hrmcpdoctreltrop
K	52	6	1	2	1	torita uisto amar nari tori taro	onhstutrulicnassomsa_q&l | _cssnarissupe_qatueqatrtatssogmosrongtliau | &attuarlnqshttmsnrutlsoramaruuoeaeqriucao | elcqsiphmnloacaz_sacrsuirolcarssttaroqut | rp&riulmpoitauqrqtoarou_uistoritasauaecro
K	53	7	1	2	1	esporre porre note rara	mhrrernissspsrmdsgp_efs | _ssresporreuf_eprecepzirararmnd&rianrspe | fprzepnoteahrrcreiszss&olpgdaieacpfeisp& | fttlraughcetapta_rpsinrai&tspiarzrgpo&eez | iufiscuaazpeeolzaai&_aaz&ozprpepcsi&
K	54	4	0	0	0	lira acci essa iato cori fnoi	ustsdslaftpqeistusssi_lp | _esttinqtrtde&_liradelnoasdstuisftaciapqid | isodilnclsasataftopsfnoissdadfcei&laqfeirf | &crutessaccirdt_tiealtfafceiatoasinfrldo | aeaqfpaecoridlnuocdafrf_fofnqontidneeaf
K	55	5	0	1	0	aueuo stre	rsloofqocrsslrhlms_tco | _rlaqsacqoi_tsqostreougrlhroslocso | cseosaastgl&aofqeolraismhuoofsstocfrsqr | anudiml&aasnup_srofdorarsogemsarqtoe | oicocfo&ideqsotaueuorqf_fdgeracersorsror
K	56	4	0	0	0	mona mort nuta tura	zlcsusmoamrltczit_rra | _rcstamccur&_rthufrnnmslscczriccmtlrhamtu | rtsnutatlrchsdcsmonacaqtilmuotft&rmmortc | &tdqcordstttdlp_ctrmcoomctrtmccnhtacrun | mrrmmoadrtonturaqntlmco_oocncamnnctunfrmc
K	57	4	0	0	0	domi mori lode dell como tuoi	qroedeztacomorisqsri_aqo | _oslciemcdga_aicddpasnteielqrtrrrdomid | qiendizeuralodelltacnoseniritdarpiaatmaoic | aufsgrolluriim_iotzastuoitlndriecadn | tgqtmaolgrsncidaefnritca_aslnemnsidspot
K	58	4	0	0	0	neri fira none	foaasaqclslsifiraarni_cl | _irasidsaaasp_iaqstecatasapazacrfpqlsis | ciasiqdefsoqanaclslrzduinatcslrticsliiaz | eotapnoneriotd_aiicqalczeiicsaqnidzas | cpccsllnpraisdtrtczal_lszdseaiseticz
K	59	4	0	0	0	sant lena	epnllluuosippsnernas_ld | _pnzsssiolsi_lsoaldlfulcleetrmuptaisl | dslflsusrplenaltzuosfnmsqsarculodsiluiopsom | irmfasantzrsmca_spuuoaumrpsuefaassmollf | usduiotsafosllsffcumoo_oaefmsifsldpum
K	60	4	0	0	0	delp	zd&chcadtqmtzn&in_rr | _tn&lqgm&a&hoe_rachoritdcfca&ris&dszrcmh | rcthagpzradcce&ldtqtnsgfifdhtsoerdmttas | eplq&podelpslfs_&tda&tpdsptda&tcgsarht | dordmteosptahrgqtsfdsat_tpatsgmti&hiotds
K	61	4	0	0	0	ouer	sqauscouerqsussm_ife | _rsuougueussa_ieesdirtodpushiuorqhees | ftscgqqipaezuooutesigamdosrdaiorei | aqmcuasmazoqrmdi_urocuaoiqroputemgieist | osfoezsratesigctrdoie_aptigtrusrdroi
K	62	5	0	1	0	aiuta lari elfo	urie&eulohmfcrqaiutasq_sm | _caiphqrfiii&er_sqiz&rsqcleseiuitnilarizmfq& | qec&qurlrszesiplohcmanrdqstsl&oarqrslfocqin | rltfioessplaqts_iqcluioolnlcqliczsqrnis&c | lelfomseaociq&srfcaslnio_oocnrfcqiq&qrcln
K	63	4	0	0	0	adai riti tana	cudqtqe&plorcmdfcm_asl | _rdmpmnodrdtu_amritiahdqiqedlfrdaclilomt | smqdtmenscaeuiqsdm&pdlrnamcfit&aimuao&rmrr | uspadocusmsampie_dmred&orsrmeddicmnrratd | so&lsaodrmtanadairr&_&oedrnodhdmthirr
K	64	4	0	0	0	urta agna rota	qdrac&reputdacaqncga_slp | _tcateauafacr_safmclsio&amaqtnra&sdtmpuac | laocaodsmrmlat&reopcrsagna&crslars&urtafr | roieasgrltosaia_aat&ars&rota&maomgarfsco | &l&urplssofacseosa&rfr_rsmoruoiaacilt&r
K	65	4	0	0	0	daro lafi fili uola dote	f&aaofoeacsum&slafilis_rl | _mlansseuarafso_rsrrfprloaoaodafritaac&rrusf | lsoofseeg&rdaroqanacsoltesiiaafccpsoraucmsrt | ogrtaisiaqngcsran_asmaeaciatgmsadaorisetrrfo | aslaucqsciorsfretocaatrc_cidoteuolasflpmat
K	66	5	0	1	0	deita iero deit	pelctutaierodgecocplouc_do | _gocarcdcscuhr_dcsoudeitatncpzlrciezoodcu | ctucaaednlotscaieroorsculaiuecrdidegcsr | rartcchulsaacraf_ccgiaceciragcincoucrsdu | ihideoshcscudtairse_ecnrdeccuegir
K	67	4	0	0	0	tino dota tura	dpsmefemltizrpltmdotal_oli | _rtmqltzmdmfo&_oldhfourleaemdcofmlpchizlf | llerflmtaposhenmqltritftqlaoalftl&olztrldf | &arumcoasnqalrae_mlrlmmtclfarllmrhaltfdofr | lollztinocrdlfoturalfdt_tcrftzrumlfurlf
K	68	5	0	1	0	siate tofa iate tiri tela dist	etirisaoiczleltellhe_coc | _lltcietztatran_ceadrscraisiatenlptarndczer | oeirestqcadistcaoiclptdehlsarorsencazoleap | nqgitfahscqregsr_telastofapqleaatdhetpacr | aaoazocsarfaerctirsapao_ofaptzrterrslap
K	69	4	0	0	0	cale sani inai	tmlppfniuratmecltscoe_rir | _tcluesalllpc_rel&mracnpaprlthslnemh&rae | iepcefstmrr&pllniucrcsdeosaniemecrnaitel | ctiolnpolteeiar_letnflinnttenrlc&oeslrc | npinairlpenclersoceanli_inrcsacaleamtn
K	70	4	0	0	0	iofo tica neir	iisaguglnticaidfaiofod_st | _afasidtcaauqs_sdrurslngrg&aiosaneircdu | tdgudltqis&srgeasntifstndoornuterdssnctads | sqmahqosesqedrm_adanlathnsqadn&arodtssu | nqtncteqehdustmernst_th&stcladulrans
K	71	4	0	0	0	pani ceno fido dono	mhdonoisuqcrmsddsi_mq | _rsdsupcdadnt_aqnscisoooeduddsemuqqcn | moinipcmehqoadssuiqspfidosnestscra | tcnrdlihascenoz_drsidlscrsediqipani | smscqaelianprieosa_leipcicdncsrs
K	72	4	0	0	0	desi falo	senucicoudszlespustpms_ces | _lpudsgzului&a_csliiacfoocrciussttuodesiszsi | escoisghecinicluoudosptgcsmtroiudasacozulslt | ahru&mnlhdsrf_uslouuothlsoiuoimsgtlcio | o&eozusl&dolsicgrodrotlu_uiotgzofusifalot
K	73	0	0	0	0		rreoctczmhepifrsorus_ndp | _fonescio&otar_ns&stsntmmccorcomdrcspist | dscmtszcqrnescfonmhempclsumthdssrnmihfs& | rqstogauefnqdsse_osfmzohgmqfsmomsusc&ntm | madmihpfadgm&stnctmdm&h_hgmcimtosttsfm
K	74	5	0	2	0	usato stata arco rosa tata saui	hitstltqarcodrilshol_fio | _rlsscdsoslfp_foalefzdatstsshqotsauiqaodl | itdlqmifstatassarcdoltrosalruepfadrrot | pmnmssftasmuns_sraqsrsatmrassdatofld | afiadroafusdolfmdusator_rssdtddzslzerat
K	75	0	0	0	0		carfacaspdupzalmfcsmsl_is | _zmflultpfefcrr_ilesctilapaa&fcesfpiaesplc | slaaclsteai&rsagflpduamtrlsspcditlrippdzle | renqfarsrgleilno_flzpsfdapezlp&fasslteica | prsppdgriaaelcitqaiped_da&atpalflcltzp
K	76	4	0	0	0	daro arco rada mada mort	tqnrqhqtadlscqourtmuco_mos | _curlloarrrhor_morthsmadaqeqprtpmrrasqptsoh | ooqdhotaqmpntqerladldsuraocmeahdssormadcorr | r&ruocnelsoec_rocatrduarcoaprdtcoarrmhd | aooadseosudrohma&dsearrd_dupdradarohascar
K	77	4	0	0	0	sita	fspooqoqasaspiofhisp_ls | _iodapaaouoqrr_pucqucsqoloof&htoqns&csapq | lposqpazspcotodqassitapshlqqnuprqaput | rzirotrsptdznpild_opqotqtzpqoscspatuqs | qrlqastrntsupqarsnlqtu_tstaascopqcuqt
K	78	4	0	0	0	sara mada	scsas&sgfnmmqcdiasihd_pm | _qiacdumada&ps_pddr&spazfslstasarafcarmmd& | dsz&dguocptsrstacfnzmirudhlf&nsdspfmnqddr | soiqaophstcodill_adqfganofroqdftazrhdurdp&z | fpfmnmtpozdd&puqzlfrdn_notzrumzaad&asqfr
K	79	4	0	0	0	dime	pruqcqdimezhr&supssi&_o | _hsupe&fzunucac_&ntctsiqmqiuprsguidrrtz&c | o&qsc&dffritqupimessgfs&ismicmdt&cizmh&ng | cfarunaipfd&aml_u&hidumnigfh&iiusti&fgncs | iaoizmadnsn&cfrsdmignm_mnisgfzsu&cthig
K	80	4	0	0	0	arco caso tono esta saro	dzmtrsaronroamdcaso_puo | _ram&roanmlmtft_polttfpqcseimdiclmsgitonot | uoctoraspiztum&sarcoalaposcestagfotpsnaroll | tsimnfszu&sgoie_morsrmanslsrosimctsoallptc | sfusnaoufgnclotpacgeslla_aniclancqmotqfrsl
K	81	0	0	0	0		maqqtqumaeipradmaad_tti | _rledsptn_tdctotsrmqsqnmialmsaicipdt | tdqrtduscatnqcqilmaerilscdaasmtasodtmpardl | cdgnaqilcsdsr_drmuagmlcrdmnrcadslttr | mntmpaiinsgrdttsdrssmla_agnrlsprsdtsorml
K	82	5	0	1	0	gotte erti ogri otte dano toni	sproroqccqpgssaslg_lm | _qsncgiciofs_lgieolrtottsdanoepdecgo | mgtogrippltreznoqctsnifglatooqegslocqqgin | spscrflrznpegstr_gqorqronpqgottelginilot | ofmocqzfertigolictetoniq_qrttnictrgorqon
K	83	5	0	1	0	fiera fier hano iera	ssafmemrqmucdsntfsitrn_edc | _dtfunrfcfeeo_encaeae&qmrmqfsnisfqhsnacne | dnmenrrseqaamlfqmuctsrpnrirqemhanoeqmdncs | ogfieralhngro_fndqrfmiqsdnqqfarnrscee | qedqmclehicneerhrqscm_miqsr&fne&adqs
K	84	4	0	0	0	nifi nano	cisnaoadclnifiqrnctrlq_uui | _frnnqananod_uqaioouascaarncttrncfitiiqo | uqasoqdaoiursiaenclnsirraeqltcolfoquclfqar | otpnsdlseofqth_nqfcdnlscrofqcrnsilqarauos | cducliedfssaqouapsfcral_lsrsrasanqoaofcr
K	85	0	0	0	0		stniqhqrzimtdais&aud_oci | _maitzdcirihg_odrfhlonqrquisf&simtffidh | cdqnhdrcctounfqeitzniascdu&rhmldomdrs | cpoilgunetcmdprq_idmrilscmduinfudcsrohn | gciegmlnrdhoconmrsr_lunscnidhlms
K	86	6	1	1	0	carica aero sire cari	aspcncnrufsedsrtcaitgr_tis | _dtcafrrectcceo_trtncetsnmnicaricasrnserc | irncrrrdstipnnlcaufstrprgimcuaeroteudrt | oducsegpladarumo_crdrcusddricngrrttc | eieusleastrctramtu_usirescrcsed
K	87	5	0	1	0	dalia cani pria curo alia	teuuuoiarsoarftafir_rts | _af&rrpogueq_rrgrunrtciunuctdaliadrsoru | trucuropqrcerue&iarcsflpprianiuaanrqrioaargl | qqseiee&qarsno_raioailqariccrirplgruc | ietioaseeacgrurpcanilga_acclpoctrutnail
K	88	4	0	0	0	sala nuto uolu	narouoztfsrpalhnrhsl_lmr | _htslpoupe_lloluclnutogoansrtraslrplu | mlouulzsalarlocttfsurhmlsrgtufrcleltpflo | escfepsrctsrlcg_ltzfetsltaulsloluu | tpmtpfrcpreuolulfurgtof_feaupunlunct
K	89	4	0	0	0	flit uani sero uana duna	rolesrsdunaaiotcerrclt_fsa | _iceethaeierc_ftiarifqluszsseroreumooaaatr | stslrtdhcofslasneeunlachetlrzurnmitfuaniti | csmefcllnecmtszu_etiudenfucituselalthifrl | ucsuanancmflitrfhmlmzuin_nfslhalqetrqiiu
K	90	4	0	0	0	dies	ciidflfqa&esmhiszdcszes_crs | _hzdiestmdfdlo_csfglcaafdfrdctsldaitgsmsl | rsfalsqtqicrigfdia&easzltusesdal&scam&hsfl | qlpduoeiiqsldo_dshaqd&ualqhsardagestlfcla | aoram&souafslctpadalf&_&uraltmadslhal
K	91	5	0	1	0	datii dati caia atii casi	peirracaqtdrpirifroi_fut | _rrimqisdinic_finhftacrrsicfdicspchtdi | uiraiaszpfsehrsimcaqatrdsuiofcasifcdarind | zeqiacoesmzsiel_iircaiaacdzricsiahoisdnfa | ccucdatscsaanifsqascdna_aasadsdatiitrcd
K	92	4	0	0	0	comi coti	frothpht&easgcrrotflocr_ss | _cotiarigtatpnr_srarpfsra&hshtfmlt&qrmrsgrp | rhaprtiersorhmti&eaasoisrcls&peqfrrs&gecra | reutdncomieqrusl_trc&tted&ecr&tarcriaspa | &n&gesmnqdaarpsiaqs&ae_edaigartrprfc&
K	93	4	0	0	0	ureo lega mile	pagmeeirsqfrrasampdaes_chf | _ramnqsqrmlmlr_cslecfureoeumpdomrraefrs | hseusiqiacugeeamnrsqufaoqsedorsrsrcrrsrslo | riatmileganirsaod_msrrimsiroirsrumueesqolcu | rlhrrsfalriulscqturorols_siuuoqrufmsfrro
K	94	4	0	0	0	tega	latceeilsciqstlrssq_dhs | _istclqctotct_dqotcedupeotlarrtegatscqc | hqpcqeddatztceilpssriqsroecigeqtdeciiqor | tdfat&sazcdgqfoo_tqieeti&erdiqetptsqrodcp | eheciszg&poqcdapgoeroi_i&prcputqcueier
K	95	4	0	0	0	suor slia	tlsslaluemaqalsfsteffs_cnq | _fsmasoas&saal_cs&narcqielplrstsepselsnqasa | nsliasuorlcrsnlismemaiqfpodsfepeamrslceams&p | lrdsrafsimrsdp_sseusmreprsersinfsop&cai | eaneamqiari&sacoipep&m_mrripoaiqssaqrep
K	96	4	0	0	0	caui sare	rlrsmlmmcairailctsrhtac_zfr | _itseicoasqsls_zcqlrzrcmumfsrshascilsracl | fcmlcmoulzfrmsecairtaotcahuclairczcaaicqa | ugsssareuicguq_scicmsascauiccfsacoaqzl | csfcaarsisqclzoiucaqa_asfaoarsclrrica
K	97	4	0	0	0	crea sara arai	qzoqofaa&rocnzlnnc_sg | _onzi&clrzzqlr_scuqismdaoeozhltzaphurcq | gcodqcflmsquoiziaa&dntlrcnleaqapicrsaraoct | rmrtzplnqiimpcrea_zcoafzapatmocazduncltsqd | algarailppdcqsltdpeata_apdtlrdmzcqmioat
K	98	6	1	1	0	strano ueri stra rife tala rera	ssecucifealfsaqesaqra_&ga | _fqereanlemeulo_&amtuc&tsicdcesqaoeirsqtalau | gacsuanes&tcuerifesaqonparadiufrcao&ilffamo | oeneslrureradc_eafiefsioefaiestranom&us | ilgilfaulrssmau&nnsrdiomf_fssonlsteautcfio
K	99	0	0	0	0		otpsihicqssatacsozcda_at | _acsfsaisshr_aahtapsqigicso&zfsqnt&ah | taishaciotacpiusfqssscfioadzgqhsntaaqsaaf | ollserdpufonalgr_saaqcsseqfoaaqcssdaifahs | qrtqsurnesahailsngqfs_secsfispsahptaqf
K	100	5	0	1	0	arche rche otti arch	ottipapsaqhtzaioaamz_s | _hairzlqieials_zeoacrfpcpqiodaeistdoqza | szpfazslstqtoprirafaelzmacaasczsqahzee | sslti&lmtrrsszlce_izhsia&eshzqifomzleeaf | lsqarls&fezaltfsceea_a&qfelqfrizarche
K	101	5	0	1	0	sorti orti rapa	rctui&iitcsrfdceaurmaae_scr | _dausseafuuu&sq_seu&hsortipizurnmputrcnrfe& | ceir&eiafcsztiustcsrrapaeeampt&crheqstfcdeup | qfsuisatsfresp_uedtiucitpfdetzuraeapus&r | tsctfcrsrirue&sarrptpuc_cizrpafroue&ohdtp
K	102	4	0	0	0	dura	tucatgtraloccqupiatuiqp_sec | _qiazoplcanagse_spnngsmlathteatduraadudnccpg | eptlgprlusecnt&azalolcirlfpquhagldpesaclqpnr | eaaosqc&zdphi_apqaraloarqpaealnqplrnsgl | aseaclc&sdolnpgslaldharnl_loelrlclmapgmqar
K	103	4	0	0	0	poli	teslllamnriaesotaors_odi | _aorszplrs_ospnlioaimlmlttcagmhecnisl | dslilsazfeotsnlqmnriiogzrsrammlnhissomnaspg | sfdrrsqfhsdmr_samanmgfasmtinrszgpoli | mrdmniqrhipslozihmmgpn_ntigziaslaiamg
K	104	4	0	0	0	cioe moro rose meco	isrcihifzepucsodciedso_cp | _cdceooucsch_cosmhicgniaipcioemcusompuoh | oinhofoescprmiaczenpdmoroseahzuiocuzcosm | eqscfsraeuoqal_cocfczfmecopcnmsoomschn | uzpaufnsohcosnuamsz_zfpnmoungcohgicm
K	105	4	0	0	0	itti fofe penf	grefntniceadaprtsfgsst_tdd | _psfatqafhftfs_tthtstricncnpfgossfc&rodatt | dtnittiqmrtpenfceaidssqrtsccte&ststcaepths | smrufofem&trcz_ftpcifeocsmptcpfitqshtti | cfdcaedf&oihtttqui&ccshe_eopisqairfttrspcs
K	106	5	0	1	0	messe esse rime rari	cuarrrseqlsladacidoa_is | _daflamlararnf_iar&raiusersrdactiiaet&slar | arsrasmidu&rcafeqlssdimzaoiserqaafielqari | foeapnoucfaost_aaesaqpeiaedas&oamirirs | enelqscnpsrarimesseirq_qpdsimlsuaaruaei
K	107	5	0	1	0	sessa slra essa riha	suslslractzliussnu&i_ast | _luseciozsessah_aiersraoalqlsssdnasapdrtzis | silsirorasurltseactuaoii&nqasprihaazliea | hrtcsma&uterpitqo_silarsmaarliassr&ioaeas | aasazttapmeisaocpqaae_msaozosisorlaa
K	108	5	0	1	0	sacre nelu cena tace	arpsussacreqrlsassul_cte | _qsmrldnuae_clnluscenasosiatsrafrtlelu | tlsnulsdmrciplszmacrnesrdrlusoaucfslecacqlnr | em&caupzmmfl&of_lqasccarmqlainluldrncun | aatacezafcnnlucdnfoarnc_ccinrdneluesqar
K	109	4	0	0	0	pria opra	msticc&rcglassaoimlona_dpl | _soilgacaisioh_dasdrprcfciimnlrirsnlaa | pacpa&cdsditcrilrcgplorcranlfrcahdracsasr | hdqaiqontrldaqfs_iasr&icqrrdsariipnacrsdp | ropraclroqpsadcapfrrsc_cqiprcapriarsrr
K	110	0	0	0	0		fg&drdhalilit&fstq_asi | _it&lrl&s&rpn_asrriatphdmdu&flss&hlrilr | sdprrmaugrda&halpitsraqsmhrainahlaiss | nmrt&pqgamrmr_&ih&ahsmihu&prqrssarp | hpshlaiappsrartpmhssa_aupsrlpt&rtiihs
K	111	5	0	1	0	fuper eipe idea sper pere qnel	aaqerreracpaideaudfi_ssa | _pdeliuce&erot_si&nrzsitepgeaaureesaanacir | sitrirucasgqnelertadruifuperrszitsecrpi&r | tchecofqlcsihpl_eiperercercpiegetnfiur&srt | eosecraosct&irsutsper&r_rcgtructieirizper
K	112	5	0	1	0	tasso iene	ieneumusfatstsepneiinrp_zhs | _sneltpdteoemo_zpolmziffurupeiqiaefseqlstpm | hpufmpsdcezpnluelfatfsnadrprirfmaspozftaspoa | ocseornlcspsrc_epsfseaofacspfpeflrpdaozmf | fhftassofopmzdfsrfaoa_aopfadtfiepmisfa
K	113	5	0	1	0	ualle alle qual lega	naihiailzaecqualshnqsl_fc | _ushieleqhhaoo_lracnuzisimhnsqghztasrcqla | fliualleramirirhizaeucsgeplqszaatclozqaulg | ordhroirirtlsm_hluzlharzgrulzmhurlegau | zofzqacrotrulaedutszga_armugequnhlancuzg
K	114	4	0	0	0	utar	cmgoaopqldtmucsus_rel | _tuzad&afc_r&saurrsporomcostplmoslda | eosaamrmgsoszpqslutarssrpaqlucrpdqt&t | cparfsgszlprl_tpqrpttpmsssat&ras | pfepdqlsflrs&araaslrpt&q_qrmstadsrarutpt
K	115	4	0	0	0	fian daro ioro redi fort tifo	ncuaioroercfianlisf_zl | _riaofreanaiis_zfnpitzstrceanalrarfcapefi | lftifortczeupdarotirrsfslcriftfszrerfnr | stlaaisudtffch_afrroaarrtrfreatpsfrrnzit | rilredifatnfizrltfcrrn_aetrretsafistrrr
K	116	4	0	0	0	laua cola	uglauahldmtpdrtluctrr_sqt | _dtlamrplnlurl_srneunscolafaqlurcsllsretpru | qraourhpsqgeaolaldmottsfrrcfludsnrlslpddrns | lpielorrgoapsrifz_lrdlhldolspdrlqloerrsnsuo | lrqlpdtorsoonruseosflsnd_doqospoclrucndls
K	117	4	0	0	0	iate tari qlla	lomlrrrqapscozslltsrz_hps | _slupzgclelrie_hzesrrhnoarrlltttlaiotssczr | pzrorzqgnohmsrfluaposstgfzrtarirzehaczet | end&llirmfunizd_lzaqllatnzalosrzgtehro | aipacsfiiloezrhg&oiate_lotgconlzrnrat
K	118	4	0	0	0	taua coit capi alii uali	&enpttritqarsecp&ccs_rsa | _scpfqrrpopac_rogdriitotp&pcapilepgar | stirrterngtupfitqiacarlscoitldcrirtsoa | ctqepiasnuftlqom_psirptiiatsipigsraori | iasirtaualiiorreiloiaot_tiiarripdsia
K	119	4	0	0	0	ando tome iira	letssstomecepctlrcup_mhe | _cct&mpsttsni_mpesamlnsdsgtlzrotezeeps | hpsnsptsiemgesat&omnecosspurdsoapimocpo | iiratqnua&iprdq_tpcttoqoicpgtneupsomsn | nhoeanqnpsmsandoo_oqgnosnltpslaco
K	120	5	0	1	0	corre gelo eiio rime	dprsfamooadezrizie_lao | _azrimeorurss_leuesclraocrpicragdpeooes | aesefqdlcpenriamozcteiioasgcelaoaeuc | qlsrrsipniqgelot_reaafrracqaeacreieculs | asaaoonsgrueslsgoacu_rccorresrcaac
K	121	4	0	0	0	arco orti	c&dpasaouirlse&qpcsq_rul | _epgrqmsppsao_rqsarcouaacpctsrpui&tlsqs | uqaosqomr&rcdaapguirolrmqsusiiaqorusieqr | ortipsadagriqtz_pqeuopisurrequcpoqmrrso | uauusilaaisoqsrmioiuri_iscormsocpqscaeur
K	122	5	0	1	0	rifar pisa fari	rcsaalagmpiartcparzup_la | _taoiporaalir_ptlhmsmarasarczcamecctarpl | lpaslpgoicsstaqaompisacoepuzrmlpehprmrptpc | rifariusqoiepfrn_aptmgaprmcitpmsastupocls | milmrpaqiersplosermcp_prsscorsmaplmhtmc
K	123	5	0	1	0	fecon suit late	ireasasrugciqeinqn_dlg | _iqequmcesesoi_dsstde&alateitnsedtgcs | la&ssmudtrapeqru&gqsmhnnlsrdtidcriss | iufeconrpqudflc_eisercsuite&nmssds& | olcrgpodc&ssdm&dlssr_rct&smc&eesetis
K	124	4	0	0	0	nana uiii fuii puoi	cipiamacqrlpuoinoicfodn_zsp | _ooislnfuiiimtt_znim&zdmqanaeicofiqiopunm | snammncflizepahisqrlmpofsndfnqmr&ntzquroni | tlagistdphslnana_inoqcirsqlonqeimdnfizmm | qtsqurphtsminmzfgmnqir_rsemfumdinmd&oq
K	125	4	0	0	0	faui mite ofia	htimaemtnptfdmhcdof_urn | _dmptfipmlmaro_ufluarudrmzmhecammiteunpfa | rfrafeistuiuqmpmtrndairfoczmairfoumpfla | osctmcroiqpsifcza_mfmemcmasfmmruofialuar | mrrmpnqricrlfauitrizmal_craiprdmfadrma
K	126	5	0	1	0	unita noui moia nita aiii riha	stludfdnrssttaquseqea_q | _tqussamsupufpc_qapffhqoindidousaeaunitafsaf | adifamntqolfddusnrsiqam&aeeinfrihacqnsrtapa | cnsaumpeldsniasic_uatnurmnantanouifeamapqfi | npnsrdpimipafqmaiiinapr_rmoiamsiouafohtna
K	127	0	0	0	0		ioplr&rnrugrqoplilp_oar | _qlhgpelql&ra_opqd&ocsrrnrslifzlrofdrp& | aprs&pnetoospdrmlhrugsrzeeplnr&upaoruqpqz | atuilarlpmhtpunl_lpqrnluarztqprslsdlpezqo&s | rrarurmrasqp&oeisnrzqu_uasszesclp&cqrz
K	128	4	0	0	0	ioni	ltssrsehordstcnlonqc_rlr | _snmoccdlraq_rclrridspsslionitirdcr | lcsdrcecrtrsssemhodrnncacqoprhicqrdhscln | qr&taqsemricpm_csehtnrscsdqccnlrrd | aldhreaitdlcrrc&dipnlh_htsdncddicrisn
K	129	0	0	0	0		slneiepnasmp&onsco&_fcs | _ponca&amnqnimd_f&qeidfrspeteonsicnpuiesm&i | c&esi&atfoleesncpnassoaq&ctpinud&dfpmnp&q | dtsrnomlsctu&stt_n&ppnnoptp&ponse&aqfis | pmcpmnssmuosq&ifarsutpqn_noosamsrn&irdpp
K	130	5	0	1	0	santo sant anto cosi	d&otqtunzicqsdaaofaa_ssc | _saomiacqoroqoa_sarpqrseantlttonfhonsdnpcqaq | sataqaucodst&ptomnziacahcfaflnqzsraasnqzsarh | aodoio&mosadlu_oasnuozinhosantoapachrsqa | nosnqzcosiaraqscaslnhrz_zitahcqaeoaqersnh
K	131	4	0	0	0	orni dice	nsfssqpiatdcsepsnople_fdt | _cpsaehdsussom_feuzsrfaipursnossprsztdes | deiseqhmsfrfzqspiaitpshieloupsirremfpdiceus | mmcosnolfqmrecut_secpqsinpsmceprsizlehsufsi | podpditqorniuesfhoirupsui_inrishdiasesarcps
K	132	5	0	2	0	tenfo dirci come enfo forr efli	tlcrdsdmcmhpoelr&rti&sr_rp | _e&rfhrforrsca_rtsusncdidertdircildtpors | rrdnsrmfllectderfcmhnp&frsiicsmiuracomer | alrprtcsceflirris_rrecmrmtclercerntsrfsn | ccrcompecitnrsfpniicm_mtenfonsrrssuec
K	133	4	0	0	0	duca	&tsrmrpfqrdlttas&ear_idd | _tascrqlsnsmcf_insmsilifrrss&cehsfatcsdlm | drimpqgtissruscfqridahqzrefmqasfiflqtnh | fgpsocrucgat_stfpsqofhgtfssisrqhnimi | fcdflqducaoinmiqpiafhnq_qosihqlilsmlstfh
K	134	5	0	1	0	cielo ciel	utprcrnqaf&tlrpucrsl_if | _rplale&pqpcur_ilqfctisorrropuicapgtiff&lc | lroclneatiofrsplqaofraerlscrcqgtlri&qlqa | raolpzusslaglorm_plnpqzaalopofsleaqico | u&qfsugzoqlcielograqq_qzooae&osplcsta
K	135	4	0	0	0	dios pefa	tctoiuilrrrancpaotfap_fcr | _naosrpaodoune_fpddufqgiliqotuf&oecudrapu | cpigupllcfqtdiosrrgra&pflurepefarnpd& | elmeozntslepmls_opnlorz&lnpqogdp&dfug | ncarrnezgdpufegel&dr_rzqg&agqopuqn&
K	136	0	0	0	0		uno&rirtaqhcalngt&uateg_dsc | _lt&rhga&&iuc_dgsiadzoarrc&ufaf&anfscagi | sgroigtdndcosre&raqhoctfqgeaaiqagcdaaqlgf | cdmn&pueoerdgmr_&glat&qpafdlgac&osegfdio | ausaaqceupogidnoafq_qpcofaoz&gizalaf
K	137	4	0	0	0	oper fpei cosa iere rera	cosaezeetcssopnacpntp_sfc | _snatpsatazia_sptlzfsiereracapgaooalcspz | fpeizpeqosrsleaticngiptprzofpasssptg | aqeharitsqoperr_apseargqsprailtpgtszi | ifscioritpzshiorgt_rrigsiapzfsg
K	138	0	0	0	0		mqe&rarlosgqc&mzcc_fto | _g&ulcas&f&rui_fcfnrsfmdh&mezc&pqenoscr | tcmrcaaqqfhenr&urlmocascczdrrpscifsrgcfc | iqse&ouceruqpcsdl_&cga&rocqgch&mnccacffrm | utsrorupomfcrfaempdcfr_rohmcasm&crsgc
K	139	5	0	2	0	ifimo risol iono uifi iure riso	nltoiriurosmleionoiae_zqs | _mioloerogorhs_zegrrazsuifimonpoolprser | qeiureurclzmtrisolrousirleaofrraeszrmeg | scsoqhatslcef_oemuorqcmemouraergzru | hqrsshqugerzrsufgr_rqmurusoersam
K	140	4	0	0	0	fett time	fettllsmeacocentfiln_pcc | _ctianqotutsr_pnusoptimlalftfsidtmesscon | cnlinsqlepftsltimeaicdqanliameonrpmoecnud | rlortesltilnoa_tncmsteemdlcnmftislnqdupi | mscmoecseiunpqriamdue_eefidqoittntocmd
K	141	5	0	1	0	preda chee reda	rtqhsdsrltssortpmhrcmrp_eos | _rmhspmohrhdio_epredaeielsaschrzcshlstzesopd | opsedprmgtecqesnhltsesmsmprcaldtsapoelotrprs | ogflhirqngspfaa_hprlrhtlsgrplcheerpmsrede | liolotsniserpdemlesalsrt_tcesmoeihpdiarls
K	142	5	0	1	0	siete iete	ofres&soncagefcleoiluc_g | _lemacieece&sl_cct&dtnssreofisenqfftgec& | cs&coirfrrtsemncaglsitcuin&cqdclnecccs | lrqrepsurmrqcqe_ecnoecpnsrcnretucisc& | nsnecgsqpcc&irqnscc_cprsietec&tdns
K	143	4	0	0	0	tera	uaagdgfsilahuthr_cm | _hpirlfde_cfsd&cosgrgquctutacsld | mgsdfrlacqasgrpsishursrtrdst&clsfu | lesqerarpltera_fsqulqssrrufcds | emlsretqsfdcrsstrufs_sqqsurlsodo&u
K	144	4	0	0	0	deir rara	imhrzaztdeirusmgrilpg_&cr | _srqigeuraraqi_&garap&cmdznzarislcrdomsrruga | cgzmagterm&ahrzrqdeimrcesgplndaeopgi&duesgac | irfarqphqrogfn_rgsdtredcrsgdarmrpgeca&am | dqcduerqomaga&eamondcae_eamceumcrgacpsdc
K	145	4	0	0	0	trai atta pani	ztdcnca&lletatdzatta_iie | _tdalasddne_iaqnsirp&cocudzlad&mtlqean | iacpnaasitiuqcrda&llpetssatao&nlmsaei&la | eiopdrtraimaood_da&adlr&ia&udpqtasinp | &i&lermrpanisppmo&l_lrupsprdanrs&
K	146	4	0	0	0	atto clic simi mort cari	cariclcomrhtodaouicaufo_tt | _duiphoaoiilsi_olrclmcrclictasimiattool | tocllooa&alrcgipmrhltusamofarmlriroimordos | i&znirsfrgp&iozrs_iodmoirrms&domlilfoasll | mstmortgsirlolanlirmsr_rrllsaolciolcrdms
K	147	4	0	0	0	tant stro stia	rqesmmcatlfnrqqesrueoq_fnf | _resrlqnsasd_fqarmfltamamssrcuasaiqcrfnq | nqmtqcgqfsermpsratltfeaoqouaatimqfantrqaa | gpssudoeprgiqpat_sqracstuaagrqasstroqaaft | adnantfpdiutaqfstiaaaat_tustantlsqlmraa
K	148	5	0	1	0	tiare refe sara	cqrseaeosrh&mpqtssclsit_er& | _pssahtzmsisap_etiarefesegesclnssaq&mta | rteeatozmqerelsasrhe&snzotilgsarartpesmrptin | pmcdsairlamatcgd_stpsosrasnmptsseitznieae | srsmr&laaeitaezdeagsnir_raenzmefstafrpsn
K	149	4	0	0	0	uiai	meuiaicn&errrmlpuapol_sqr | _rpucelruuaqm_sldasseonilidugaruntmgdrrla | qlioalcmsdediiucn&eorprcloalna&tslmsnr&rlr | mpuhqoeictll_ulrncu&hnrrlnduodolrsao | nqqnr&riqtholaspotlnr&_&hdorroeulaesrnr
K	150	4	0	0	0	sara nons	tscsaraumiooslestsedl_go | _esailosssrrc_lstrznmahaqstmsnsmrsmtoolr | glarlutsqctafsamioenildshmrrzlcmolsn | ctpesfrdcfatrlpho_slmusfmntlmqstdlnsr | mrgmoofrrfslrerhmns_fqnonslrnzmn
K	151	4	0	0	0	inai issi loda cosa riso fina	sprsssroaodspicrslcei_leo | _scrnigdrarsfa_liaqsolcosasurslhroipqodis | eissirgpluqsmrnoaochg&ielaosaioialodasiah | aprrnfemniipal_risorranohsiourqeighals | ofeodaomfinaislgriaohaa_anuhgdcriscosoh
K	152	4	0	0	0	damo	iaadcduc&rqgislaolis_rrq | _lamrsegapacps_rsprcartfcdsdamoacdimrqgsc | rsdfcsueirardaamc&rfqlensioscc&dassrcg&sp | sqnaupiaamdsqss_ascua&ucscafriseprcf | cprcg&qapdufpscrenfdscp&_&ufegftasctac
K	153	4	0	0	0	sare nato	etotstrsqretsnuoe&ufn_ahe | _suoarnatoiossl_anirslasstztuoea&oosaretns | hntssnracautrtooasqrseuoanf&zssqlnlastqsnio | lccpogsftoacnczr_onssroqgsocsnsuosrfnaoiass | sshstqeosgsinsaapszsoiq_qgusoatsonslsso
K	154	4	0	0	0	sito tiri liti tsii	hrolitirioauelrmmlhmsm_riu | _lmltameellts_rmdtzrtsiiislheclinreduemt | imistmrerrrsodiqltioasumcermsitonzmsrieolmc | srflgsoqtrnmo_lmlirlogicrlmislsdsmecrts | iiieouqngsmtrefsnico_ogssceestlmttzlic
K	155	4	0	0	0	amia stro rono	tctmoo&rspzdcecmtecge_nfz | _cmopeqdmamia_nearunoronosmtseimrrcsrzde | feoe&qscnstroumorspzciqtegenrsrueanrdseai | asdrmigtuosredn_mer&msrisersmrgeqian | rifrdszuiraenqrrnrias_ssiqdomeouri
K	156	4	0	0	0	clic uere sera eser	sodusumeop&taossesc_u& | _asipptrsim_urrsruereufulsiedecoir&ts | ursmpfouldruaieopr&sdphcefesocrmuetoard | mfclicdaifccf_aemoedfaelrrcpdrusr | eieto&aicrrsuplrcfedro_olrdptreseraed
K	157	4	0	0	0	iion cede cosi saro qiie	dlqeuuspuislqhedohsq_rgu | _sheaqiieaezf_rqatrraouucedeosenletuiq | gquoqsi&lrcqtuteapouhsifqsopnrqfripsqas | f&mieczsqta&nqmp_eqssepcs&sqceotsqisaro | zgiputzncoaqriionsap_pccosiioaeqarss
K	158	5	0	1	0	lafor lift foro coft coda	trlonodfcussirr&tr&sr_ehs | _i&nurfsgnce_ergmnelaforodtortfsromssrn | hroanrdfmredlmoinfcuas&tfprsrrfncsreefscirgt | emzocslinmsrr_rifdcoftmirfdamsrftgena | fchfscsicsoagrnefzasrftgc_codatfsalrnlift
K	159	4	0	0	0	usar piti sera eser susa	upitierslprnugasaig_cfp | _naqlgrrmta_cgmttmcinrisisusarcuutprgt | fgintgeraucsptizqrslnpaarrgissrtscmgcrrsngma | adqeaipzqacgdsh_gnreseraangrsntigramctn | rafrrspzacenmgtcrqncsrams_sesnarrnigtimnra
K	160	4	0	0	0	quat ureo toni fort	nzoorrrsughaztonift_lmh | _aoatoforto_ltfprrlmqursraondiqouszdphtr | mtrqrtsuzlaoprcoaugqhqctfisurgsrtolugatfq | oureoctfocaustrsn_otausogcuquatuaoqpftqflrq | utmughctscqftrleqssuqfg_gcaqqqmotrmrauq
K	161	4	0	0	0	iole asta rota	zisllaocef&mztusduct_tif | _musmetl&sfsng_ttfrotaioleltspdssoazprf&t | itlitalszttirlhsmoceifuslctcdeocaotgto&cmtfs | gsqspncihmsates_stmoascpossmtotsirctlsfti | onio&cfhnapifttlqiaeosfc_cptisl&iastaomos
K	162	4	0	0	0	star riti tari	mncnqnatressndsmrsld_al | _ssreddsequo_adelqtapttngnrmritenlsdq | ldntqdadpnarclnortretsidsdlrgtqretdoatsrsdei | opahiulcorpedag_dstaritipsdtrtllddieaqt | tultsroueitedqadhtegtier_rirtidstpdqptsti
K	163	0	0	0	0		rdipsasocluefdasprsia_oru | _fspnlaceppaso_oaacognsls&prdtpzddueaa | rasnaaoctdo&isapnclnustcsailaczcaooecfat | otaphsiiantzaalq_pafopchttfa&pniactoan | srecuaszhnaaocnzltc_ch&ntcengpaagcft
K	164	4	0	0	0	tori riso slra cile	&qtafaorotnt&rs_tq | _tltcntstffe_tsrfutslraaart&nritrenrnf | qalfocdtrqractlrotlicdsrarfoeuetrnosi | edsitfsqcldesal_trotoridrrtlrscistfl | rfqrnocfelsftcileariso_orlicnlstfsuri
K	165	4	0	0	0	afar	aiqqoqosaahlcadqtdl_coh | _cdqgarlqeqolt_cepocnrsqsqaqntpqsanphlo | oqroor&acaipquqgsaarhdpriltssoatcslacep | t&ifqflliug&is_qcsoqafsp&csaqrplrpecor | sloslahulfreocrfrsspea_afarprlrnqoncsp
K	166	5	0	1	0	efare fiso pefa calo fare	astoaqadfoesquoauoq_p | _euodqfonoqgt_qnlqpsifacaloacaofesclqq | pqaiqqdfrsltlalodfoiuafzqocfqoepqtfoeqna | trrsoegotldreqrc_oqefdooefareqfloiloqfanqi | fgpfolgeeinqqfsiecfano_oeliafisoqqspefa
K	167	0	0	0	0		rfllaliusprqsroslsdo_crr | _sslpopqlrlahd_corcamciulqltlomlurrocrqoa | rolaoipzrctfclelusprsmpaodquasrmodcuqssorm | dz&ilshdfezro&q_losuilssumzsoutlcdopmrca | uhruqsrehrsroacpirqumrs_sstmpqiloaimsum
K	168	0	0	0	0		plscrrrqrafoaliscposui_lmf | _asc&aicocucrtc_liufralnmqrarscpdoocqnldffoir | mirmrictllssfrec&qramfsocsiuoaqrrnaiclqoraiuo | ctpgcituse&tnipaq_ciaqcriqotaiqscmfuicoulrm | qtmqorfetnimuirlcgmnaqour_rismocomncirnaaqo
K	169	4	0	0	0	cene dara iure rima mire	aeeditrmlceneoadaralo_iuc | _nadnloteddiim_iopiisqroldaarudraeapceoi | uoqiottheileprdnrmlqcautsolrorimaomiremnou | mhtd&ilernhaoo_donrtdm&ruhnorldqplotuiiq | riuremcria&qoiittqaorum_m&lquteqsdoisnru
K	170	4	0	0	0	uele mese	gudeqaqpiomfouelegclze_dif | _olemeseeaah_deaodeiqmq&egtcqeiputfea | ieqaepsrud&dqseiomflqslezcmiaopoehdiooeq | hrcueaazdsrpecmr_eeoipeoaiqroei&ezesqda | iaiiofsapaeadsupmiqo_oa&qseeeaeooiq
K	171	4	0	0	0	sine	primhmq&aurrrsplss_nor | _rseuahi_naehsnis&mrmspzlu&frzerh | omshqlrnsiemne&ausrsutslr&hafsn&arau | lpacisinelfprm_r&qac&ulr&ssesuanhs | &io&arnifcsahnasfr&uaa_acssusihisr&u
K	172	4	0	0	0	miai diss	slsihimcegldisspitd_rce | _gisfdpsqshso_rdqnhrrimiairsslpcsmzllnedh | cdihdpmlrrniusfmceicpudtpamhczrdormcgdqc | omrqsastufmzdrao_sdgmscamcmgdmrsntdpcqrh | mscmceuszaqdhrpqzamcqc_carcpisdhirgmc
K	173	4	0	0	0	tosi	spnaqrqepmdsepoasho_qfd | _easoosaarsa_qoerrqipqiqtasrhmaptpredsor | foqroeocpqtneq&aspmdmouohiprmtroaqpsmeom | acsnalsn&sctosii_aoepeamlpmceoptaeoomqr | psfpsmd&stlorqontipmm_mltmosiaorirepm
K	174	4	0	0	0	mire inai nomo	rfrqohoenpdplfi&qre&ri_nd | _l&qlpicpqzqheu_nizlhinainomoaqrsecqnfsldpih | ioihiecufnarloqlnpid&ccmiremnhiiunnplizc | uusqoerrluimc_qilneqonculinaqilriccznhi | nenpdeoizihncsimncz_oaiccpiaqihailnc
K	175	4	0	0	0	esca trat alsi riso lite lari	gerrfnaliteaigaima_d& | _tizlaricst_dacmrdosnrsrcgarntemia | &arsafrqedcmrpznalsirroamasnatratdniatacr | tqqiesmpzqtaqsf_atnfaenrqtancsmmarrcds | ns&niapstescadristsnrca_aecsrrisoaortnr
K	176	0	0	0	0		tfrnnsqgseiulortmorl_tre | _uorrslzirmrol_tlmctcsqnencrtamdrqsaeil | rlnslszptcfn&rrqgsseodzlrmeqgsclltqigulmd | lphartorf&rpslhe_rluqsrgtqdpulqcrsrlzdmts | qorqige&ostsmltzasseqdmg_gtcsdziscrlccuqd
K	177	0	0	0	0		rdoceciurlgnrqsocsq_eol | _nsosrqpgoloefr_eqlqeie&ucsccotcsoumrtqlgqe | oqceqiphrecdqctosurlssprqcsuemiqreugnqls | rhstorfdtshmqssd_oqnuiorushnqucoqqpslee | ufougltfmrlqeeptmsusl_rcspg&oqe&inus
K	178	0	0	0	0		stcrahapsm&etqarsgafq_dc& | _earnqorlrhq_dqlhdnfsaaersugzrsctu&qh | cqafhqpoitdecarrnsmf&azoiqfgshmcqdsmeqlz | iaorsqfcrnicqat_rqesprmsszieqserffqozldhf | sqcsm&rqcsflqhdoofcszlm_msefzofnrqhnesz
K	179	4	0	0	0	sede esse coti cede	uessegelcotinqecrsufrzc_psi | _qrsftcnnstsgra_pctegipticedesudflscsedeincg | sceigclnaepsee&sfcotiirlnoczfdcgosicapcnoqctl | aaursorzs&fascudp_scqclsooclaqccsiezcnltpgi | crscnoi&rsoitcgpnrisdclto_ooilnnitscgtiqcl
K	180	0	0	0	0		ensqzdzptermpinshqeshrs_aam | _ihqorsapqnqdfo_asngdacqtzszcqescqtlngmpsd | aszqdspainacsgzqoterqmhcaisrsstdelsoatpeisnc | oifqfrsoilsfsu_qsitpqetciistcqqgrsacnadq | tfatpemflqnsdaaqlstcne_ecqcapqcqsdcitc
K	181	4	0	0	0	disi diti ifia	oaiifiaqur&cuiouic_er | _&uircdisifmp_ecsofoeesqiditiozsiqpzocf | rcisfcadaetaoiniqursusdrcidqfupocpequ&css | pafhimianapcfdg_ic&qaiuqsa&cqtisoicdssefs | qmrqunmpsscfedhspdqssu_utssdseicfeo&qs
K	182	5	0	1	0	fiara raro uare fiar	ldsrernr&trmrozsluzio_onr | _rzsqtoamscsest_oocsetofrrargslduasridsrmoe | norfeonaogdsrssqr&tfrzaapoiuare&itotorm&roca | teqsosidsqioeas_sorrns&orarorgsfsioaacoef | rsnrm&rssiofcoeoaqfiarac&_&ogfaamfsoetrra
K	183	4	0	0	0	foro	irnrlraoroniznto_fr | _onalocatdp_ot&sqrnemiczsnfrc&rao | forocarm&uanrlrrnscsotzenrfsopnaroots | pailgdtuaafoiec_oonrgnsaoonmr&tocstr | ndfnarrudfgrtoclrfenstr_rgmrscarqoqsons
K	184	4	0	0	0	cons	siccszsutnenisacsraps_sre | _naconstcfcz&h_ssfozscsesucsardciiaoesz | rsszsutfisucoscotneadtdspreztishstnsfd | hftcq&pcofistep_csnuctqdfnsucopstdfsz | &rte&iqfszstiedft_tqudtccszcnd
K	185	4	0	0	0	sono	ssrooapirclszrrsnrdz_per | _lrrfizocrores_pzocgprsonoqrstnmristcrcz | ezoszaocspqcorrfpisrrmodzdnnpigzspcplzom | sct&rsedrfciztnf_rzlarpsmclzqrscdzomops | eecprreissozpo&sinmop_psqsmocsrrzrglm
K	186	0	0	0	0		hsmimnr&gusfushouzf_ca | _sussgfuslsipt_cfloiecanrmtmeshomsrioufi | afmnifnceomqssr&gnumrfzotri&ieftcru&sflm | tsisdpzqsifstr_sfsrns&drmsfresnozfmlcin | rparu&qpidnlficinitrml&_&denmunasfiaesrm
K	187	4	0	0	0	eser loro rome	teprsrsrldrmsqesertes_zqm | _qercrsusrhrrao_zshcrznolsfsorttrrlfetcmssr | qssorsrudezopcs&rcldromerusflrdfsozlsdqshr | odlrgap&cdfslfa_rsqlrrdglrdqslorocsurhzro | laqlsdm&afgohsrzuofflrhd_dgoorusonrsrnqlr
K	188	0	0	0	0		sacrsosqzhopdar&rsr&gr_usp | _&rcorrdrsrotm_ursoulszsnsrslrrrztalpdro | srssorqraucslrczhosp&rrorgrnzohtrmuzdhrsr | mudratgclctrunt_rrzqrhazrrzrsgrrrsuos | ztszdhplttassrourdstnzrsh_hasrrdslrrolzr
K	189	4	0	0	0	aato mots	llqtctcrrispamlgotlrog_hzp | _motssgsatattp_hgaatohrercucdtlqrtrelqapagt | zgcetgrsflhdqacstsriseposngrurtieogphraimga | pfsftiqssfegsuc_tgmrrtiirfmgrdteagsahte | rzraipseieagthsfeeurai_iidesaertgtromr
K	190	4	0	0	0	regi sere paia	fiqesgscstupssirtefetrr_sp | _steourrseregin_srrgaszlss&sfeflehesailpsrg | rslgrcrmisfqsaeostulpthrmrre&sgtaarnssstsrrh | nmpoeairqaomarp&_ersscetashmsrsfelrrrhrsgl | sisstpaiaalrrgsrola&shrt_taflhrslzergzassh
K	191	4	0	0	0	esse	qtricgcnqalutsriqmres_hd | _uricslioigoa_hsongihoaqcicaiqmeiqztnlsg | dscagsnrtharnceicqaaressemiqgazisahqlausoe | arrmifoerecrzsrir_isuqniafqerusqaianeseohga | qodqlaeozfaosghmaziqeoa_afaaelaoisgoiuqe
K	192	4	0	0	0	seri feer fuor	riotssstfepserimdtrodnm_lts | _rdtqpmietrtsm_lmreslcdfssatrfoutfqifesems | tmsdsmtioilaoestqfepdsduiamnofseqmmlfeermru | moztsnoqoqms_tmrfttesfuormfatdenmiurlsd | ftfeesqsdrmslizdqfure_esaduiedctmscrfu
K	193	6	1	2	0	quarto corda pano rari	ruororsdmhsrogoigco_ap | _gozhorsodoose_aodaoraridrsrqoaiodnraasoo | porioosrpraquartozdmhigrcocisdomnroeadsmod | epanotscutzpnoasm_oodsomtdpodqoiacordaoi | dspdsmtsntidooarninsddm_mtqirsirooorrd
K	194	0	0	0	0		asirsnscsfmhozssuralu&s_qrh | _zurcmslordrnri_qsdnpqatssesdraultrsssuhosn | rsstnsclasqdisrcsfmthutlos&lesnfspsiqsofzsdt | iaqerfr&icassqe_rszscrffstazssdrt&sltdqnt | srrsofhrsftdsnqletsestdf_ffdttlotarsnapzst
K	195	4	0	0	0	stai duri cera	duritrtpt&pouusmidemes_fo | _umipsiiircr_fsisrcfsdttnttidrelitsursosr | stdrspzuftrstait&pdomlcseentr&scsrft&usil | rzhiscerazsshnn_isutpi&stlzusttidseslifrd | tct&oacssdisrfdsntli&_&stdldsisrscutl
K	196	4	0	0	0	leuo uoci fece leua	ostullzlmofasshuoihss_sif | _huaos&aurucq_ssrosnpllsleuocirulescofas | islpsz&rssetoleualmopfhr&assislmesqslamsrr | qriumcstearessg_uslzummlrrsleuposs&rrsp | lcilamfecemprss&ipeslrrm_mmepr&apnusnlr
K	197	4	0	0	0	foia cesa adir uadi sans	msffrrfenossrmprcs_as | _orcesansia_asseuadirfqfqmdptrasdens | ssfisrarsaqefocrfeirtatscpqrfausaarnfosst | arptgicocraspq&_sorrfgrtrosrqiecsatsai | risrnfoiagissaatiaqrtsf_fgqitanidsduort
K	198	4	0	0	0	tutt mano esta	uotpmpoqsqesstusds_ars | _estasnqtntmis_asnlmlamhqpgpatuttqtlsqsm | rsphmsoniaaolprtaqhssnlsdgqmlssaqqesn | sirotcidoraisrge_tseqotcqiesqathldsnnamh | qirqqsrichnsmanohgqn_cahnqhmtsmmleq
K	199	0	0	0	0		elqnemecgreflpsnessdp_rre | _snhrpsfnrnmai_rprimsrdgeepneszngoliefpm | rpempcsclrpqieqnhgreszstpdsgmospirgfprz | icton&adqqhcoptf_npgcn&gzcpgpnidpszrrm | gargfeqao&rpmrsoogzr_&pzsfdnpmdsgz
K	200	0	0	0	0		gdeqnnnrsrmcaidlqgrll_ipc | _ilqtmtaquqnsl_iu&nziesnsnoqgorpqssdo&can | pnnrtqdioe&nrqtsrmclptalrssnrszlisariup | lqtqaslertqssr_qisrqraspqisoq&ltpuin | sspsarcrssaunittssspur_raoptaeqnezisp
K	201	4	0	0	0	tuia	munseseitdlrulnsmrndl_old | _rnsplelsasstt_olaasfo&teiesmirsstuiadlls | lle&sliepuonaegspt&dnsecldritsfltotlrlas | tpccsstdngpplcir_slrtisstsprlts&adlesaos& | ttltldgts&alsoec&itsa_s&sel&slsfrts
K	202	4	0	0	0	fere	nicrlnlefeapigrnolg_sla | _rpgprqrnfr_sgqdnssurflzltrnmosrfimdapgn | lglrngeqistcdlurpferashglozfnesgrsfpegqs | rqrcreflcupqgrza_rgfereefsqgftrrdlgsqsnr | fflfpeauferqgnscrzfsqe_eetrsprurgnusfs
K	203	4	0	0	0	uili	&erspsrlpcifuzr&ozou_ec | _fzrtucirrpei_ucpsrtlsqsrr&tosrlutcciup | eustpurcdrecsgrtlptczscquooqlppusuilipfus | idsrrmeoegtduusq_ruflrrpmlsdfulrrtcoucspt | leelipcgeumtupcrtuqlsp_pmrtscitrruprsfls
K	204	4	0	0	0	arme arno	rntnnetoamldrsetaees_arm | _detpasltsths_assopalrtnznrtqaattcrqomls | rsnrsesrarnon&tptoarmeasseaztocpssatlodssa | ssirthen&pscsiz_tsdtetotasdstrtroesasar | thrtlom&hcrssarrcztaso_orralrltslpdta
K	205	0	0	0	0		rdcpcalhicsrqqoqsq_pcc | _sqdiqelpiu_pqltptpaflcucsoolrrstcqp | cqcfpqaerpdtczdlhifcqoesqsoulphrtquplhsqlo | uisgisdzdrqiu&_qslahglosqlftsqeolppf | liclhczirgflqppesfrulolh_hgfoefaqpatslo
K	206	4	0	0	0	doro loto	tprqrrrslz&enposqtuseo_t& | _nsqazooeqlqit_tolhstudsrraqtmuqspmh&eo | ordoromptarhrfqaslzd&sofoeuslsottselnol | tmieqnierfamoio_qonsrqlnsmnosaqdheooltd | sisel&findlotoedsll_lnadoeduqousns
K	207	4	0	0	0	esse	srpsrzrinqisrorsesseas_ads | _oesisarslszca_asl&zeafnrcrussltsnsrl&srsz | dsrfzsiahraup&resnqifsetaqsacnzqsesaanrqoslt | ahsocapehsscm_ssonisqonthosnusf&asatlazf | ncdnrqsecsoflszaafscntlq_qouftarfsszeont
K	208	4	0	0	0	deus rito	aqoorprtilzcsrqsfoaefas_oc | _rforzsnsouopil_osupcoirqroaseloidqscssp | srpstnhqoororilzcflnusaeqipldcsloislrsul | lhrsoeiaorhdsrqi_osritoleilhrsioasnluop | iiislcideusponsdqilul_lelnsospcril
K	209	4	0	0	0	pala	rnqrpnpclasnperrqesp_as | _sertpoarrrno_aprlnafelpupdrr&qarlan&lapn | sppenpcosnadqlpsrtleeaoipsqulnapalaspra | smtrlosqstsapmui_rpslcrllasspldrelspoarane | loslasoalerpnaoteaular_ldeaoaefrpnfsla
K	210	4	0	0	0	caro	trcmprhirmnprtcmtacut_alm | _pcmsrt&nmsmpdf_atsupcarohqsmtzaemhrzumntp | ltoptr&qrascuimshiromce&otuaqhpictfahniptse | fqaemdducisqtaqg_mtphrmidheqpthsmouut&esapo | hdlhnimiddostpa&eoqhesi_idsoe&normtprcphe
K	211	4	0	0	0	nana efie	lipqnanaaieizfieqlnel_m&i | _feqoezqdqad_mduasmrfansntqlcncqaricuiza | &nfaaoimtpunaqoaiefiecrlnsaairsmazifdc | otqrdlpaoorsr_qfaaqiracofatqfulcdmaf | ad&aziiadrrfdamtfrsacdi_irtfczfrqarsfac
K	212	5	0	1	0	trono rono	aqpoemelsorqcoancl_mdo | _cohtronomfq_mnemsmarseaesoatnosdqteorm | dermltlqmspeerohsroctslnasmdsqmsrn | qlzgocflprhldzai_oslocslssoreltnmmr | sfdsrorfdcrnmmtgrdasn_csrtrraomass
K	213	4	0	0	0	potr deir	lctpgpqlczircsutlrurs_si | _utrzsqrtstgas_sssegistelprphtldrptlcdeirsg | spegsqqscshepotrlczeiupqasrrrlgcissslrcssp | sslttmarorsslrc_tslqtcmlpsslhteersqpssge | lalrcioamessgsqterlpsc_cmhepqrettsgtilp
K	214	4	0	0	0	tapa	atrpggeuripttapaoa&t_zai | _apqrteppnpoi_ztnczusegngcpaaoipectaipt | atgstetzcrgrpqeursiaiest&oneucctizeputni | isplo&rrqctnq_ptepuleitecps&teinzs | eoaepuiroclsntzesscneinu_ulcsiepsuptucei
K	215	4	0	0	0	futo pari toro mate sato	rmepirrnamlprrlz_asr | _alpfmnpopag_aoaiarrltprerpprtmearn | srimumateaspfrrrlpmczrlrtigarnaop | guocpoazesfutols_pariporpuartprazmpoar | rasrnrsatoroamcrtlrpo_otrpmnrpiarp
K	216	4	0	0	0	come dota	afszscmsdotaqtm_rod | _tes&oezru_reozrpscslsnaaqccraodoz | ossz&grnfoshecmssdtc&rmqlczmrurcomec | ugfctrmfhegrfla_cmtccgcnsom&cerzs | crocomdhrrtsezr&csrlccem_mtnsc&ospzpcc
K	217	5	0	2	0	matre uerme	coeltgematreozllcilsz_udt | _elldazsrlclthf_uzcftoucseonlcinleloftrzt | dzstzgsqounefsldemastlnsrzsioetmlozfuermezcn | fq&iluhsesdqlz&o_lzeeglmuenqezenlsfszsncuts | ehdermtshluscztusisloencm_munsnsrsclztcoeen
K	218	4	0	0	0	armi mili etti mone	ehictccmoeraiefaqr_fue | _aiarmilittp_frlrtdfinmcocriesfrimisrert | urcntrcmqfrhrctiamonearmlrqfomtoidrpfmorlr | pqlictqhtaqirlod_irmciocmrqrmrinrqrmrlftn | mtumoetticnlrtfmniomrlo_ocrnrmniirtidmr
K	219	4	0	0	0	lede naui	czaesgsrmo&slizicecscui_urs | _icep&isledegch_uidagmuinmssdectsnemeztaslig | risngirsqzudaastepmo&nscnsiusmgoemihumloiidn | hqaelcuatpqeiao_eiimreolmnqiimdenauisndugn | mcrmlostcelndigusnemndo_oldnnslnieigimimn
K	220	4	0	0	0	lira ruma seru cera sera	tliraqfdmtslaertsera_utt | _serumacrnraq_uansaguefrrrtpsprfslpstaa | taaaqcolurisrufdmtepcharsrfadsgaufdsanp | oacriqriuosaarf_rasfqrdifposafrrsracpnua | fqtfdtqsinaauccsrfpnd_dirpceraaegsfp
K	221	4	0	0	0	sale mezo	rlqitidcaotsalesrosze_mat | _aspoelsetn_meertrmfhcinirrpoicqlprtset | aeihtedlllmrqripcaohtsilmezonctaqremcsaaeei | lsinzqplqenu_eacdaicilaecrhrzeliemth | cnacsatnqiheetmlshqnciea_airhilshfetfraci
K	222	4	0	0	0	cufa	aqeaumupscgorqqaaasar_dro | _qaagcralamh_dlimsdessucufaaistaslqiiorm | rusmpcfqdfeiueascgsoatcrscsmclshdsrcqlt | hfzraireeflzco_aqspacistfqsfasirctldms | srsrcoelislmdcrslcstlc_cifstcrseamesqst
K	223	0	0	0	0		ucsrslgqftmouueheu_tst | _oerfummaro_tuatrztogsassrhsgurttmur | susrulm&utsctsfrgqftesmauhagrqzutgmqouas | &qipocfr&uqas_uoglqpgs&ougstumsatr | gosgmqtfopaurtmiagsaq_qpssmmourozogs
K	224	4	0	0	0	usig trin dote	afhdrqr&irfitsfsrdarres_ci | _srdtfsptdldqte_slaquuoirsrldanrgdilfnaitsq | csroqs&pcflharndtirfoirgpssersiqrluseitrsslg | ecsadotehntclsssa_dssi&droigcssildoaespglqo | itcitrintloolsqpaolsiglr_rologptoudsquusig
K	225	4	0	0	0	nefi rose cene toro cert	tqleofoetamiccqtgetgrt_ai | _cgeamtscenefi_atnefrauctorosetfpetqfeictf | tocfteslqasleoreatamcigps&trrtfartatcactnp | lsoesirlraltsrq_etcteeastplcttsecertspnafc | titcairiscntfasocrtpna_asscpsccuetfurctp
K	226	0	0	0	0		ticfsrmls&quimrftprpm_nt& | _urfrsmqfcfso_nmcuslnifmahftpfmsiu&qms | tmfsmrdinhcutfrmlsf&rdmppamslslmonmqlumc | odrsfepctrdsmrao_fmumrflemdummhffupmcnsf | mtmql&tsefcmsnsfsamcl_lehfqfifmsilum
K	227	5	0	1	0	monsi mons mois	pradrsrslefqisrmrdpsrm_ioq | _srdrfmsidodsle_imonsicllrnrddpsmdlrnqims | omrlsmssfridanr&drleflqrmszmsnlsemeiliesmom | efcpdala&rfmcnt_dmslsdealmfsmlddlnmsmoisl | llolieq&lalomsisplnlmoe_eadlmsilcdmscslm
K	228	0	0	0	0		aomgdgpsiqnsarrmfrcr_an | _srmuqrfmlmdrq_arlsdsapsgegmmiftmsaisnrd | rgpdrpftaamosglmusiqpnrtfarcfesdisrqasisrlt | qthim&rcolutrhec_mrsspmi&sttsrsmmpscrftladp | srsinlr&plrdafipestli_i&mptfpmrdssst
K	229	4	0	0	0	attr	uctsldqitarlctfsufft_oia | _lfsattrsrslus_otrrlnoenqlesucfmsqccrartl | itnltdcoetrsaqitnafmctflqlintsoqriltrm | szqsputatzls_stlqdsipqmltqesnrtmroln | quiqriaupnrtloqnlqmri_ipenmrnestlenlqm
K	230	4	0	0	0	mafe affa	&lcacrsmepahlshma_azm | _phlrsafelelcsi_aaeciautcqslselcpmeac | zatcaaffas&nlrcrstmheframsqccrpiaiacerpaee | ifdqlssm&nrfpadqo_lapcalrscefpacsltmafeeact | cszcermnspsteacafqtpqceer_rsstefetulacuipce
K	231	4	0	0	0	elfi fiat lodi care dira tola	ioodasaeg&rroizditzni_tc& | _rzdlgifrdfdaq_tifsartoladmdiatsdaioas&ria | cilaisfotmosqdlaegl&zsfeintdaaeiritarerifs | cpdeqnoqliicdc_dirasdeeasriamdlsnifsftal | aqcare&qqielfiatfplidasfe_eemlsfrlodiaorras
K	232	0	0	0	0		mocshseplnzurofmdrf_esz | _ranfuhtc_eflhseupstssmadrpooalzufh | sfshfecoesclspaplnzrffrdtphlosfcepulrfr | ccieqtrcpacofitd_frpelqprcrfpslrfreh | ptspulzptoqfheeotprl_lqsruufhusrpr
K	233	4	0	0	0	cati lanr	fliclnlserptmdlracfoair_spt | _daciprsmcacnq&_sratnrsuaelqlcfmorcelmttmrn | prlanrsszlsitlscierpatarstrioqenrrr&semrdrar | &zudcgqiisizruqc_crdescrgerzdrecatirsrasna | eqpemrtsqgaarnssdaqerar_rgarsmaucrnurder
K	234	4	0	0	0	aper opra	gctsaaarrmrucczsgeznc_oar | _zsumc&usrsame_ocrfaeopracapsgdetsrscdfruca | acaac&ocoptfaasurrmrzt&lcnecrarseceorurcrt | eoslslmntauoscsc_scrsrlrtocrpsfnc&troa | rmarurramslrcao&lscrtrr_rlpt&upscapert
K	235	5	0	1	0	corpo	sqllllrodfdirqpmlsamop_rgd | _rmlcfpilnllu_rpnelre&olulalsqaclohqqedipl | gpl&lproqraellcodf&dmcipoauoldhproidrpnc | oztlmuocohpzus_lprorldmocorpoal&eopcnrl& | ougoidduhm&nplrt&huocnd_dma&ci&elpleroc
K	236	4	0	0	0	papi cato doca	&mupdidocaoaempqp&rqtp_mo | _eqpsapcapapirs_pasihrtcdndp&ortpccmosoapi | mpdtipocmusdepscatoqtcfptrncichpscaepat | snrplrtuescpnnq_ppecoplctepcptstpctait | crmcaoercltapicrtcncta_lttcatrppirhect
K	237	4	0	0	0	coli olir sans	dqtziigleh&qczdcdc_sre | _&zecahzozisp_scolirsmsgrpzdcizgfqlehci | rcsiciamqsptlazeglseiaocdcrgilfrcpsghl&coi | pmnzsdtaemfcrt_zc&gizlgim&cgpzsldcaiosis | gsrghleasfsocisansfrgiol_lpsiahsmzcimr&gi
K	238	4	0	0	0	dima arme feda medi	rlcflrlsdasslaofrdoza_la | _ofesagsfmfrq_lamcrelmsdleltfradifdclacsar | aalsrasgilltcclsfedassoigqazdedracealdsaami | ifhftqzcseicafep_fadsfatdiiadtfsczagimlrs | dqadsasqctsmarlghscedima_attsigssmfarmedi
K	239	6	1	3	1	pareri folte parer pare paff affo	reaspfpohcnsseftsrttmf_ln | _stsacflssisfsm_fiifcrapepssrqtrsreqinsff | lfpaffoltesaipasahcantrlrfmtefhrcfmshsfir | mtgpssmaaatrfgeu_sfsoshrtsfssaimflrifa | slshnasraifflparerih_hsarlsarsffrcsr
K	240	4	0	0	0	leri rera haro tiro	ecrpcpahadcridreadgi_f&d | _rdrsaicrlrctm_filrcsfelhpqprerarhlrrdcic | &iplciasfcrpqrshalddigaqhclsimfhcril | mstirotgcqsslitqf_rirharohsrihrlrgilfcl | ht&hcdqtlollicfillqhl_olclericesrh
K	241	4	0	0	0	coia esse rife luto	srslellctalutoesseeo_fnl | _teshaoqusisefu_foisegfp&clalzssrsccsluoe | nol&eolqofzrsloshcta&lerqoeacetcgoufcuttoir | uoimssferohocoiar_sotclstscrotoczs&seoqrife& | cfncutlofcs&ioefqm&cacrit_tsz&rqu&psoepgtcr
K	242	4	0	0	0	rada	ctaiciemnasedsraclrs_srs | _drafaspearacez_ssrachsldmi&iraclmamqasesc | rsidcsepsrtaiqafmnadsrmprsl&mcnqhszsmendsrm | zutasetqfqsu&g_asdmeansmmdsmradaspmrscd | mermensqeqsdrscsptdq&mmrn_nsrdmpedlasclhdmm
K	243	0	0	0	0		asapmmfchntusetpaqte_non | _utpaheqtprpei_nerlsnmdmdmcpaqpgslnte | oemdefqesncalmrpachdntqpeqdcgseintcuer | iefspsearaegefdl_peufpcseuecpdleqrnd | eotcnregsdrenqsdgdrc_cscdqtdmpemsu
K	244	4	0	0	0	esce unde sans	qagcccrudqaneasquss_loa | _efqs&nscho_lssscpleducsclqfulupafsansc | oscdcsr&aallgscfudqdal&nssusucdppsolundessl | oamchsgfapsso_seurdculaesuldsss&lslcd | uhoundahpcdsscl&mdpsulsd_dcldl&ndescepeul
K	245	4	0	0	0	ieri otio cora	dseauarltgnduieriu_cat | _niemuqgeieurs_cuieutcoraasearoerndaetguu | auaouuqfdcssearemrlotioqourrulntuscrglnuio | sfdtesrsrmfnudi_eunrelsrofnurseoeuqoicuo | rrargltrrnsoiuucqtonroil_lssooqgoeuutnro
K	246	4	0	0	0	anzi tari	foarstslutnzooinrfdnci_cn | _onrriezrsrtmf_isatrlrusussrf&drruao&anzit | cisrtileoosaasgrrutrnnreticduuttarifuztoisr | foadrlmcagroaiauq_rioulrtlurooiusrracierstr | umcuztngmalrsitedrauurst_tlsrrezrlritlrour
K	247	5	0	1	0	stato mele amar tato	astmelech&dfduspamaranp_tsf | _uamedpqdmmlcr_tpolrtoiheeamaarlmhssaofdpl | speilpcqmstatoecmeh&difalqpnrhl&srprthd&upl | rmnmucntcemspg_mpuhcm&uhlmuphamionpqltli | hcshd&fccsuipltqnishl&_&uailqdiomploruhl
K	248	4	0	0	0	pare	hgisaaaaorrigplshnlcp_rei | _lsqrpszsaot_rpzmacrdeoasaqshtntsomgtmipa | epaeapaogrqimasqorreiltrpcnsoarmcptrorpzt | toisrociqompisc_spoasrrotopoqsemcptzrae | ooeoriomrezparemsotzr_rrqetedspadcot
K	249	4	0	0	0	lata core	ahslrqrericsrrhdalatad_qss | _ralpcdmrlelqf_qdezquqlrrrorllastlrchszsrdq | sdrrqdemihqlszrnlpricrsamfdtorqicudfqrrirde | finglsnpicdnoc_ldrrelirirdrllrzdmeqqr | rsrrisncredqqmgrcorei_ilrmrrlldqlurr
K	250	5	0	1	0	cerio mata tali rosa tari ceri	grlsdsdqpceirdraosgpoma_ii | _doseatrslsso_ialrseiorpddnsgmpaspcrmriras | adrsaqtarinlrdespcerioatamppscceaiprcdala | anqsfomleacanf_sadpqscfpaadapnsrrmatalisr | poprcieocfrlasitqrcpalc_cfnratrrosasoedpa
K	251	4	0	0	0	ardi	eidaqafl&znuicpdespoc_gqz | _updi&candpdqat_gcpsqhgucaaidessrdtisszncq | qcacqcfaigisardil&czprascosqlthctgnlucpr | tsddraoritcst_dcufdlrrucidcsocarpgqc | aqnlzratrcpcqgadctrpl_lricrancudcquhur
K	252	4	0	0	0	muri	sfsrurpltleifmnsscnom_qe | _insclmis&sua_qm&suqrelrgrassrcmsldfrsemu | mreumpiofqasroscltleenmilmocglutdmaqltim&m | aofrsioocodmfgs_smilpstilmoimlasesomim&que | llteodie&muqiredglm&t_tiaemiersmurilm
K	253	4	0	0	0	dati armi sire diss fard eser	iepsqcqzieoraedsiid_tcr | _asdodfsrscua_tdrecnttaiqmqssisipsireserdc | cdqacdzfletspeqgsdieoarpfrdimicerndatieadrp | almqsfupgdlrdmm_sdaizsefipladissaedfprtca | iuciergurfardctfqarmipre_efsapfatsdctnaip
K	254	5	0	2	0	carte sposa arte domo	pdltdnshotndcqpsqac_rio | _nqrhcttrs_rcmtsreenfsposancdomotct | icetcdudrslmlrnsheoqaqcasfntscscsrntsnca | sua&irallruccafr_cnndsinauncnsemacarte | nrintsolrciectr&ecfnas_siseateectesnna
K	255	5	0	2	0	ferro error rata	aatladarplssarnlatnrr_ | _snlglrosl&ldci_r&edurrataelamtrlroamesrd | rardrodaeteallgrplrnrosrrttrdporirspsr&r | idimlfcrtlgdorits_lrsrlpfrrdsrrelrerror&dr | rcrsplcofr&rdomrotrr&p_pferrosrulrdusrr
K	256	4	0	0	0	sfar	nldpipomsacdntrdcret_ioa | _drdestncdldiqh_itlaipi&fopspudcdoznaacti | otpfitnrniulapqdeomsfarnstecsoimzpthiocmdtl | hrmudeqelqerztmsf_dtdodmeordtoudfaetnliif | oqoocmaqqzefltiinufzsolm_meufncf&dti&pdo
K	257	5	0	1	0	fatta atta	zhmptotiapdtqahsnpzunos_t | _anpdsnqprpoqc_sroortfattapzsumpaihsotqso | stfosin&hamotepapdftnmnrsouaopirscaqpasrm | c&cpsqome&ise_psaaippsam&asaapfoosnmrof | aqaqpteqisfrsoncfiamrp_psafmnqftpsotraam
K	258	0	0	0	0		ftomdedcmqrcstsomfeors_lrr | _somiqsrcmnmead_lsniealamdzdmflepmmtlircse | rsdescrstloidumimqropr&srezmeasdlmcssnp | dsnmearouissnzq_mssmcmempsssmmirsrpnle | marmcruaenselrzmpn_eprcamseaasmp
K	259	4	0	0	0	tofa	sfemfmhrsdamnfodsrdso_ra | _ndsdormzfts_oz&fatrmomsnrlrafn&amof | romtfohrlfe&msrsdtadlrlosrorfsaaosrmsnozl | slpcutseslaopog_onrhsurllnort&sorlzft | rtrrmsatautzofrctaorlzs_sutlrmtofanrl
K	260	4	0	0	0	crea gran unir rena	fihsocreagfsohloqs_ra | _ohmestghzhs&p_rszmsersncrihrldhcifrmagss | snssotcfriimnhmcrenaodtssqlrcsriesprcgrszd | pcpuha&qinmcisprt_hscohracdcscihnmqstdzrsn | c&cgran&ianzssrtunircdzr_raindtgnshsssecd
K	261	4	0	0	0	pere sana iper	eifrspsdrzlfngipereaeop_tef | _gerulpnrorpaq_tpoup&tharscssreiarrsiiufnpp | epsappdtitsfusrurzlafecpoacrpzs&pqtrnzgpo | qtarsaofutspacm_rpgrdrzsrtgprsrauopotpa | raernzfassaopptascroz_zssanahrpph&gr
K	262	0	0	0	0		laacooeelqsiaudclmdau_hs | _dcsqupicocre_uofpaeoiouclzmsceoazfsiu | huoauepauafoicselqasdspruamieloueeiluos | efscqraaisoufir_cueeclqesueucafaupsoa | erheilsiroqaoupsaoiesol_lquaspiapcupes
K	263	4	0	0	0	cire	ilstquqpsi&rclutiftu_smr | _tn&uoctctug_suceuastnsqqqmtidfrtseldercuu | muqnuuporlsmseqtnsi&nrrorutfqsuieaugssciucr | grpctatsnreupqf_tusptiasrrusmtnetuorcsun | smscireancuusocneqsrci_iamnrocnttuutasr
K	264	4	0	0	0	seru	tnduihifetpnlnszutzs_lo | _lzumpsrnueuhsc_lsehlcceipirutqsueanqnsh | osichsfrlnlrdirumetpczsrfspehtasclentlses | cltqussdrmlastpr_uslefutsesllserucsrselhc | esoentrsasceshlrqcapeset_tsrcsrnccushcles
K	265	5	0	1	0	fiora sent sara duna fior	idssaramrcnaddfosicomf_oqn | _dosecflasrsrsi_ofrrpo&praoaasiuczsrtdunafr | qfaprfmlndoasassercpnozlafmcorrtpfioradfrz | ingstsmssentfgoe_sfdrmstrzndfraspmflzrorp | rsqranssttprfrolptorzr_tapzlap&sfr&pdrz
K	266	4	0	0	0	scri tuto	lcdtetcfmrtridlqicr_ipm | _tiderirdsdeps_irsseaieftutodltq&dfatsmrre | prterciaiocstfdefmi&iarcqufeaarsifrtrs& | salndnpccfeaarluo_drtfcdnf&atrfodscri&sie | fppfrmfpansreiinauf&s_no&iredreeatf&
K	267	4	0	0	0	amia sato	trggisatoh&dtrdq&_dc | _hdst&fosea_d&snodfsgegptrrmserno& | c&g&ifmdprnglssatdmfl&qresaeo&adsoah&sm | amiaueqrlsme&iep_&hsiausmmh&spnq&fmsd | secsoaleeus&dfaeesmsa_aupmfof&fohsm
K	268	4	0	0	0	cura	crlcgagrpsifqrpqccuqcp_iui | _qqcrspffcrcate_iprsailorggaccturcrhrtsifpa | upgoapf&rialsgdcrrpsoiqrftpcuraphpeirfpqprr | e&sscetcldr&hps_cpqrcperr&qpracoscpfrriao | rturfpidtheorpaifsohrrrp_peaorffolcpalqrr
K	269	4	0	0	0	anne lano arno	edaeomornqstoidaeeraa_rat | _ieisapoeoeml_raozmcrslnoronee&rtencd&ztoam | aaolmarpdrnazoseinqslttpcaarrnmqccarnoqiaot | fuehlaasicafrm_eainreqhntiannelzaaptorml | nlanoqtslchloamrpulcrntoq_qhnltpolseamscint
K	270	4	0	0	0	puro pron rosa alma molo rono	crmolohrpgruaslmcils_dsr | _almagsqumtml&n_dstclidepronoqmciomrtcrusl | ssoplshqsdqrcocmarpgprloqzsinrlptisndrupasto | nsimu&rcastsnm_msarhmpurosasrqmpcsqotdlp | r&sruprc&tuptsldqiptnrotp_puqpoqupemsleiaro
K	271	4	0	0	0	rara sara eiia	pc&zrzdrsefgpas&lsfa_ee | _gs&nsaf&s&riu_astrrisrzlzs&lo&raptefar | eazsradupsctzi&nrssesoafllrraraurfgaso | uura&hifcinuaarla_&agrd&hrougars&stfaosrs | rierfeiiahssarasalros_hssofsi&arirgro
K	272	5	0	1	0	etici sone flit loto	hdrirsrnffrotcdoqiheqo_sao | _cqiroeticisrp_soclsmsntfrarlihzeaifldzlotos | aortsonedslrlrsiffrtoqaeioeafsflmopsftfcoca | pm&irrslomao_iocfniffacoflitloeacsst | fraftfosrltcosse&tlafacf_fltaettniosnmcfa
K	273	5	0	2	1	ietto etant tant lata sare cesi	faucrtrnrmi&eaacfia_am | _ecgiat&clctd_aalstsarerrprqcfftcruafs&at | maretantcaaqusrscgrmiettoaiprtmusaar&mealt | cscndiusgcuasps_caerncmnrtcearqcesiattlate | rdmr&msdunelatateuprtlm_mnqett&ercatrsert
K	274	4	0	0	0	core asta leui	almszszdcdqoletsastae_ir | _otsodesqsosshu_ieoasli&qdzzfsagsrsdlgaqes | rezqsesrlifmazcsodcdqtrsaeasdscleuidqcoeor | uritsehamcoreiu_seodscedrroedfsqaaesroisq | dhrdqccheqoesistqdroc_cefqrsqq&ses&lodr
K	275	4	0	0	0	pari eofa	nrftzszapehemrpttnitlp_lse | _ttohpumtdtsf_lpdrsmlcspznzotniitpariremps | spzsspaurlofrzotopehsetucplinpseamplpmepd | let&flfooaplnt_tppate&pppotsrlpudlss | pfspmeeofa&sdpsluesanpde_e&osumsctpscmp
K	276	4	0	0	0	miai nato tsii coii stia caia	nrdiq&qoigzossratincta_aro | _stiazatsii&di_aan&aciquqhinscoiicrsnosa& | raq&aotfrahdnqmiaigzototlacui&gcaiaisgsao | ifpieddmafcaue_iasioigeiofsaihinatoa& | idrisgomdcea&atpcuiog_gehotscia&csio
K	277	0	0	0	0		es&aaoisaossureirlu_ft | _sreaueoumo_fuudffdsiacaenigirsndou | tuasuoeasf&dazeisasrgeculicisrfuofiossuug | oanqmml&zearunci_usiosmigasuisdluegufs | imtioszmrmsuufeqsrcigus_smsgeosdudfsig
K	278	4	0	0	0	este nuta	utnslsrqecisstnuait_ai | _snictrsnenlsu_teolae&qsasznutannqotoistl | ats&ltrrrztoshniqec&inrotiaaqleoatuqsesten | urclngsithirotcaf_ntsqrnegqnrstqzn&oitrnel& | qsaqseihsog&etlrl&oaqnee_egz&nrs&entleasqn
K	279	4	0	0	0	enti fien sita trai	iaotmtricuqeoa&rinrq&_dsq | _orau&leam_d&amldpritstfientioaeqe&m | s&trm&rlnadfotraicurqrtlc&qnsimcol&dieco&at | ncsqorano&csh_&oircitno&ifrq&ltadmr | isiecqrora&mdlsrositac_cfrtlerp&mploit
K	280	4	0	0	0	lafi cuor asta	gseqmumdlfotaistqgqtm_ot | _itqaoraqcqucr_ocsusoshlmimfqgaqqlisastau | mhudresofesmqalfohttr&mqilufisrolafic | redqlcmeaeiis_qildqflleilfqhsmrcouh | lclaftcilhcuordhiilcf_flfhrahsqussil
K	281	5	0	1	0	refei refe peri efei	geaudedrlthftefrug&rof_inh | _trustffucuecs_ifcperiprrdrdlugs&mureesphffe | nfdrefeilapdausrltrhrmufo&rrelerfsirfltfcm | sdtuncoaasefdrl_uftrulnrmtfrlurpofmcier | rcnrflhacenrcfeitrerrmcl_lnlrmfrpufeprtrm
K	282	4	0	0	0	rare uana	smszouonrnsrmaizstioa_cl | _rizcaaszezueq_cae&uucctrooezsltzrqml&sau | laotuanafmces&orzcrntiaraotrunquaqcrsnrae | qfrizdeosrcfqars_zarrnzndrfrarezt&oaaecut | relrsnreqdteaucaitqren_ndetastczaucurr
K	283	4	0	0	0	doro	oicdmnmpiusaiqodorouq_aiu | _aodriqssdednaz_aqecnaolpmfmldorrhdpgircusqn | iqmlnqsaialccmpdrpiluohscqurfpngqzapsaqeh | zaltdnaucpragqlfs_dqapdnphaaqpldlcuqsheanl | paipsupagnleqnastlgfphe_nllhsslodqnoaph
K	284	4	0	0	0	tono tati	lepooctatildltmpsmpt_gai | _dmpstthlpp&r_gtergsqtonopsqptsleilt | atoqtchulgeeoepstatqimqhrtpsntasrtrgtladtq | ruldpf&peesustlnc_ptdtcpaftqudttpqepthqgq | t&atlaie&sfqtghdqsntqa_afqqhlqsptsrdtq
K	285	4	0	0	0	aere	dgma&s&ilnapctgruadpuqr_p | _tuaaarcaaslr_rssfsrl&q&sadmpzalgmspcrs | r&rsriegsms&taalnarpuzirqpqlsnfrrlcntrz | reeoaslqmtaereqd_artlianslzetrlsarsqrzsr | lllcnptlsrrsorqlzn_nssrzcrsarssftlz
K	286	4	0	0	0	egni fina	&goisschlefegni&snq_lce | _enitllfiaism_laasrlncafi&osmicugoaefs | cnsslaglfoaitchlnenmltqsacshurlcfheam | acritmqotaucaq_iecsihtcmaecfinaqlmalsn | cmccfhemutnasllrnuacmah_htfnmlfnisrecm
K	287	4	0	0	0	esti	atpqperruagsdaidts_su | _gd&rsmarquq_ssriqoscsepeplaoietoiuasq | spsqsmasltipl&errsudmestieeqrtosqseargsr | qasnputtl&atssed_sgerpeagselsitsmrsqs | euearulutpsrsqsmnsteerr_rplsmascsqcoge
K	288	4	0	0	0	sige afai usar pelo	flapepoqsigeullsafissl_crg | _usarildeaaecf_clneaclpqpprafaimaq&langele | rlppelodqlcrnpmarqsipgsmdlsiqes&alfcqesulm | fqoeahcsmrq&lod_aluqoashqmqulqrapnsldmcep | qcrqesgmc&hplecdep&qms_shrpmdeplalelauqm
K	289	5	0	1	0	prose rose olio rota atta	is&ptetrrodcstapimapt_ga | _capdtpupeir_gtuuecgsartqtopiemfproseute | attaetrrsgo&utlprodaafltpmqreooctrgroctuf | rraspfip&lrotaqn_ptcrrpofrfrctropauptfugea | riaroliofautegsaoqrfuo_ofoafasptesccrf
K	290	4	0	0	0	eifo capo tate	atmnmcd&rrscapoaocp_idr | _cotrpusrnoe_iprsnrildmmzmapduamsrspn | dpmnpcueaiztsmatd&rropuipcadn&urpeids&cprp | eeifoctateupr_pcdc&fdpecpdzscpuprin | dodds&raoufrpniuiudpr&_&fzpuslpnlrcdp
K	291	4	0	0	0	eron dnca ardi nero	qemreoerncisaenrqcsn_dss | _ardinrurooz_dnumofdorneeurqrccrngermsno | sneronraedummerdncirsc&nscnocgfnzdncanuc | zahrrsosmdagnha_rnanrrcsncaannurrmsncudor | nosncsogsrunodrrgncuc_csurcrornoofanc
K	292	4	0	0	0	arai	qhocadaaeuffshmcqlmo_ta | _smcnfrfcgcdel_tgrdcttearaicqplsceahprfd | aadaruhtiorarcneufmsr&olreduacltefusgs | lulocqeoornualrn_cseacuqesuseicrorsgtd | eeaefureaqgdtroaresgu_uqisrftcdtcses
K	293	4	0	0	0	ture luto	sfgdzderlrcpuftsgsosmt_oqc | _usgrtapgogzah_otozaos&rdddgsrongrpfrcptz | qtd&zteacfodsgrlr&csnaitmodrzlpathorpluton | hcecgeamscptedt_gtureglerncutrg&mtanooz& | raqrplcsape&otzoac&pdrnol_le&nap&sgtzsaurn
K	294	0	0	0	0		irfriuiznaodqlrn&ris&sn_ocd | _l&rontqrmrur_onmluloonimicristrnerldqnu | cniounztsrocflidrnaood&ttrnssmnuaelnonqalnmt | susrtrsfdsenumf_rnlnzratntslnncrolsnttmouo | nrcnqaddretomnuotsoemntma_atcottqornullnt
K	295	4	0	0	0	mira	efr&rrlmpicqfnelgn_qti | _qtpndcp&at_qnpe&aqilrsraerllcfreicn& | tnri&nrdufqaerrtlmpiidinglsl&mcantqlcmqnp | tufmsagrtucnfso_nqlrmsluqnlaiegndpq&i | latlcmiracsipn&qdmicslpm_msaidcin&aql
K	296	5	0	1	0	ciera iera	cus&osopnsatpquae&ciera_idt | _qe&laaap&s&sa_iasnsiqenocor&ctit&niutntpas | daoesapaguirsno&lnsaetetadaricnssiaainpsqast | agru&zrslgiarcr_&aqnp&szntgqanr&enraatsise | ndnpstizesasiaueicntss_szretapeq&asqqnt
K	297	4	0	0	0	mati	eacsofoezadmsoarpsepgr_hm | _opsidrtss&sfrr_hr&ifrhqrzooisetszmatimsrf | rorfretcahiciosizadrmptdrgzfamrrrhzsaor& | rctesprgcicmrtn_srozesapzcorzisrigrt&hfr | zrzsamrmpr&rfhtermz&a_apirtsrqsrfqroz
K	298	4	0	0	0	rche stra ches	micrcre&nllihscmpseh_sal | _scrnhslcsccon_shsucistr&rarscmqpc&iqullhc | ahrrcheslissurccr&nrlssfhepa&cihns&lhs | nlitcdoecrlhiat_ch&ecd&lh&scruehssscr | &oa&llcodrshcsstra&s_dsrslrtchcti&
K	299	4	0	0	0	mots cara	atscglgotlsoitfacaramf_sms | _iacalfqocecle_sfeilsnsgegpcanrtcutnisofl | mfgslfoqftspsigccatlssatqhfmreltufesotifet | efzrcdmscafufze_cfioctdtfifpcsimfqtesls | motscudseflsqrsuetet_tdpstqosncflnit
K	300	4	0	0	0	inte	mtnnqaqpafoaitenmhte_dso | _inteansnasz_desraodrgaquqrnm&hnaet&roaea | seqgaepatdrnrqcntafgodethuaafeoezdaafies | zaqpncstnctaeequr_neiapnfcaaiearngrtesdag | assaafocsecgseadpgeuasf_fcrgagrnearoia
K	301	4	0	0	0	caso arco	srzrfrhoeresrsuzsiuas_p | _suzursezlzftg_slofqniorsrpzsciczoarcoesf | psrifshcrporezuoeriuclsaisofeaqsgoeesslc | gcofzitaeucasost_zssohzeioccssopzioasclfi | otpoeeetaiilsffiasocle_eipiceinzsfnqsoc
K	302	4	0	0	0	iere etre	st&lppcdnqirrtrzlszer_fsi | _rzlgqrerllai_friefmdpaptlsuqldrtuiirr | srpmrcestft&ipalgdnqmizqetreadnrerifdrnrrq | isalsae&agsrrao_lrrdclnsdqsrrdtlmiereqfm | dasdrniaarsmrfeamradqn_nstmqermlrerdq
K	303	4	0	0	0	geni cert	r&cmrarfhnsd&ismrrssi_il | _dsmtsifmimacz_iiieauiqnhrrrmrarqmhg&aeia | lirnaiffr&icertmthnsnsqfsisrrhanguizihndiiq | zrtumecscttrgitr_midhfmnehqrdihmnesifqiian | hclhntcgeniiaifungrhqin_nenqfnqmiaqudhq
K	304	4	0	0	0	raro	tlaororssascllcsotasec_dns | _lsopcecohooe_dch&odmrsrarootrauosulr&scco | ncrrocseqldoa&rtopsarssuemceaasoaucedscalchu | eqiqofeatpquciac_oclssoafsuqlcsoor&eceuhdor | snscastufrhcodeqruasuha_aforuecrmocomlsu
K	305	4	0	0	0	daro dama cimi	darotnmeldamaodsalm_it | _daonemrlozotri_imzstiienueodusfoncauslmt | tmetmrhaiersronnmeeafrmlsuntmcimiinlmdmzf | ihspoqrlrrnhcmsu&_omdnomqnfhdmneoeslmrfzite | nrtnlmrrcqezmtirpecunfzm_mqeefrleomtidnf
K	306	4	0	0	0	dico dato naie tout	ocstlglutcinnecdatouamd_ran | _eatqidintftgqa_rdfrgsrpptlclstouttlcrnndg | adlpgduicrssrlftqtcipnaiedmuctgclsdartncedf | aittqmsfqldico_tdetutcttedtstprmdifrgp | tqatncnfqltpfdgriplctfc_ctspinpptdgpset
K	307	4	0	0	0	lira ossa	iusrcncrqunquagridgaa_dhn | _grouacqrarnet_daanzdilrclctrirdprrsurnqan | haclnacsudtscsrorqulngpcaadlrnqszatdrqqaap | tssfreeassossaslr_rarrqerpsartrlaacpadnl | rehrqqnseselaandcflslrpaq_qetlpcqliranizrp
K	308	4	0	0	0	potr afuo dimo luto	nmsfrtrtuthfmdefnieqd_on | _fefptddhfpftcc_odpqtsoarurlrafnmiafuommqhdt | ndrrtdtdimoasqrcfputreadrdqilutosdcouhfdpa | cisfecqscpiodsl_fdfutfeuaifduafrqqddapotr | ucnuhccoerpdtodroluap_earadhrafdtasfua
K	309	5	0	1	0	uoura asti	hesliiuurcgqeflhesf_pc | _qlrrfcglslts_pfstfp&uizialhmerlusemtcgf | fi&fcaepastidlruur&crcdfsezuusffspuguqfsr | sanllotssdrasfnze_lfquluouraqfual&tsfcrsp& | utugucdtso&sfpcl&szursu_uoa&rcg&lffqur
K	310	4	0	0	0	sano	rhcrlmlag&fuhnerrqeon_cru | _erlfnsrsrmi_cnstmuctoglfltrraqmrgdhatunm | rnlomnasohctctlrlg&fouemsanoqfgm&dunicg&nsm | ioerrsoclodnefl_rngar&sgmongtrotonsmscmo | grg&udsosnmcsrodfgms&_&stomsotrnmtugm
K	311	4	0	0	0	leuo alui alno cefo	lhadedqtcefopualuip_zse | _ouaupcfasaeo_zpsretzltdld&alnoatsnrefpe | spdlepqciz&hrdmautcleuocpiltecstpztfcopso | isaaroihmuispslq_apotqacrtoiopt&alripcoszel | tostfcemosrlspezcalsltosc_cr&locflapetoto
K	312	4	0	0	0	noto	ermrsrsnlhrunsmedsmn_qur | _smchnumrms&a_qnrosiqainrprsmetdemnotoruns | unrisnscqsrorsmcnlhirseznmdpnsloinaqnulnre | acqgma&mrscconqpl_mnnsmlanecnnsmiomnerqsi | n&unulrs&oairnsqgiopnerl_lasieuiamnsaine
K	313	4	0	0	0	efue	aqrflelanlrsmtqulfailcu_fcs | _tlfsrusmfsfet_fusnerfepnlzlofaaiofnrqansmue | culpeuasqfornlafsnlrpslosuciznelrrufnmltuso | isfctcrasruiz_futnaflcnotunofpncusosfep | ntcnmlsatrcpsuefssprznosl_lcoposmpefueertno
K	314	4	0	0	0	uena lieo leno nato	ecreofoioactlcrueeausr_apc | _luenargteuefln_arufdaqiopomeerazecrctrf | proifrig&camrolenoaicuzgtrsapfodrnatolruz | n&iretlsrln&ripe_erlieotz&lrmeisrgzuafi | lptoclltiurfagripzuo_otmizgtiqerfqdlz
K	315	5	0	1	0	propo susa	sqcse&rruophqsasstass_mqo | _hasusapscsei_mscetmirrfnssltesroqlopse | qsres&alqmncpsrruroaeasstfrerotsimrprhsce | ilrasscplosrff_sshr&srrelhsrnsrssaecmer | rqrproporcsemaarofrecr_rnreaprisseithre
K	316	4	0	0	0	sime	rsfsnsimezcptfrctsp_tqz | _tfopscffnmh_tpindtrnmslsafrclfmqizcpn | qpsnnpisttasisrfomenztlsupsclmneqdphtmcepl | htepfamssrotqpela_fpmifeamltpmafnispsltnn | mmqmcezrmqanpntspnqlmle_eaanlscnrfpnrdml
K	317	6	1	1	0	auiamo	c&qlsesaouspg&ailcoima_ols | _gilnuauplcle_oacseaofrsestlcloalr&lsspae | lasreaau&otqssdlnoursiauiamoeeoraaopogaca | hilcmqdnraher_lagalocagatlrsmauacoer | lposdrcrcaeouirreaco_octrauprflaefaga
K	318	4	0	0	0	cire	qlifuuttmpszglsdfqsdcs_rs | _gdfepsezfafri_rsaaorcituuucfqssfthlsaszs | suistenlrciaurfetmpisdetscsutmhosirtzmgsa | infrrcirenhsum_fsgttfmrtngstcfiacseari | trtzmsrrhriasreihutam_mrciezicfscogt
K	319	4	0	0	0	lanr dara	tsasmsoseiudqsatasrq_&iu | _sadiqcdaramra_&qrmi&grsspslatsahasosudqm | iqsrmqocf&lsscadseirushclqrapsmeoiqa&sdeqrh | afrlanrrscdfoqrpz_aqsoaenshfqslarrqchr&mr | srisdeucronrrqm&clropshre_enlrhcdrgaqmgish
K	320	5	0	1	0	penso doge sche lieo pefa	dogeccpnfulieouledsleu_lrl | _eletuumieoerz_luosrlqncocsedrspensorsliu | rucupmnolsgschetnfullpmauesonfsruzlnifeuop | znseareghtnsuo_euenpefanpneunseseumpol | nrrniflhrsaoulmssonpof_faspmiqeuqrenp
K	321	0	0	0	0		ureq&o&ldnasrcequaepc_uia | _eqncisqqoar_ucsoqumg&l&cqueasqlresasco | ic&goclimruces&hqdngaesidcpalodlqcrusdcs | rmtfqoapehmlctl_qclqdosmccqgspcisuog | aisdahalogcouifgllsd_docgsisgmqcomqs
K	322	4	0	0	0	arte fife tsfi llar ella	mtieiliiergqrtltemrtsl_sog | _rteorlrqelelcc_sllhlas&ififemarteatahgqll | oli&llirutsfihiaeoer&gttrslsrfleaalcsqerllt | cunepcsiaoualfp_elrieepturlfe&hslrtlsl& | coqegacap&lllsrn&aftle_epf&trq&ellart
K	323	4	0	0	0	caui uari tito	i&moohorsatu&troicrt_iqa | _uropstitopohfs_itplhsiguoeoaoiscot&slatth | qtouhtrir&iamlonopsuaridtcehtstsitutp | srrdocfmnprttre_oturocrutaoultipihu | fqtanftcupthiidutep_cauitugothgsu
K	324	4	0	0	0	esse	sesnnqcglomse&esse&_pno | _sestl&omsrsha_p&rtrprscninissfscteftom& | n&ns&qoaepitnlstcglsoeoa&icgtr&apcmgs&r | aaldsehltat&lir_s&scqsgecas&cisst&orps | chncmgolhtesr&podsticrg_geisomsrs&rrsc
K	325	4	0	0	0	cale muta	qoursrrafomtro&iuqti&_pim | _riuzo&ctusussh_p&sasppgtarsrmuqstluaeosamt&s | i&rts&rceopmarquzafotmilci&tsasfep&hpatfr&sl | heuucsqzee&sa_u&rarufcaler&amuta&clspst | asiatfmqsects&spcutesalsf_fcmtlcttgu&sgpral
K	326	4	0	0	0	nodi idea teme otte	frceonodiaatsronefmnro_& | _sneoaottemenlq_&ompns&ssiogocefmheidrpton | oosnodtpr&ccpoqeoiaasnhttormginadsoq&itasomh | qpseflrcqopdogl_eosideafihpsoicesprothm&ns | ilitaqldfsmon&tssdgihma_afcshttsseonsssih
K	327	4	0	0	0	sigi hata	resigiu&cstasecsresfc_nrt | _ssoscqagq_ncagrno&ididrhes&cehatacg | rciogcuqtendsaiuo&csotssqicfed&gccrcqn&acscs | qtafsuotccde_cs&uc&stsc&doafcqsngo | &r&actucocgnqaocd&sc_cdosqaocgrs&s
K	328	0	0	0	0		alrlqiqelsocrlr&lae&sr_pqo | _r&lisraclalinc_prapitpaeqqtlamefleulmpocri | qrqiraslptrpqflielso&fahrseeilutrcpeclrraf | csnsldnsrfisurnr_lrrelldefsrretlpsrafapi | enqeclofnudaripasuefal_ldtfacalriatref
K	329	0	0	0	0		ireaqpqtqcdlimrnsainsrn_ul | _msaodn&iaaapfr_napsmcqqhqeailnfaqrllinp | unqcpnt&sreeqtaoqcdclsf&unrnhqpcsnrqicmnaf | rsaaafretosnahi_anmqtacaqfsmnqeacrn&fapc | qfuqicltfacanp&chqfac_caecf&icmanpmsmqf
K	330	4	0	0	0	fina sali rime	tsalifinaciascltlcs_mrc | _acldrilllffr_mlrfomemiihltolslzsorcif | rimfnresmhariildamccsroslfazormiaals | ressltfsaidezse_lanlatseahlmrsrslmfm | friacifztmlfmrsmzsla_athmsrimelfeoas
K	331	4	0	0	0	noua pour	ncarngnoosispcurnoua_dei | _purssrsrargf_dagsdmloninurniotrozciisg | enlgorqcduanmrsosliutrpaoiogzsdospat | qalrrfaamsqzai_rpoorrotqpourlartadgl | ofeosimfzrlagdrllziota_rultrslmrgmspot
K	332	4	0	0	0	pali	lriscslacfplsdiadas_qdf | _pdicsmisicso_qssuchqrcassseinaoiaulnufsc | dssccslmtlqerus&iaccfdomnsaasacuhsoqapsso | otoqizsar&tusosr_ispalizaotpsaeicuasmosqcc | asdaf&suzcsscqmqcusaos_zecomcriscrhpao
K	333	5	0	1	0	mefio leuo dato mula efio	aapusislzeglsacuanmc_fog | _surechlueuids_fceciuflolsdseuatnmulaatcglci | ocsoichpafepcsiurlzeogmhqcmndlizaucsfllzscem | spqcutdmpirpacqdr_ucsluztlmpscleuocmchmefio | ldollzgidatoecifhcoadlmez_zteomhloluciluslm
K	334	4	0	0	0	lato doti	gasrrsfdnoazgqscrq_s&o | _zsnqlasqsir_sqqmssotfrprmscchsffgcmoaq | &qrtqslrgsmamrtsfdntohluqrcpfdfsqrsfadzqqh | rrlasniratrfqlpa_sqzfssdnfhrzqfmstmrqlhqst | fi&fadotifntqqslatfpfhqd_dnmthlatosqoszfh
K	335	4	0	0	0	espe	ahegqoqlelricihsdgaidns_pci | _idgnrsscgzgol_pszooeptaeqcqfga&isgeh&oicso | csqaoslsrhpfeoqagnelraidssmsniceolespecliszs | ruogslneanrsucf_gsielglsesrisefgaonssszpoa | elceclialsazsopsoaceszl_lsfasscatgsoteies
K	336	4	0	0	0	ossa mita	fcqsnnszoosdcrosfuo&r_mcs | _dosrorispss_mrplimdznlnrsfeuqszacelsr | crnrsitcmrqlnsrzoosoqier&ulzoairmzodrpq | tptsts&qrtarplr_srdzssotzqtdrzrsl&riqpm | zsczossatprmitalzqpo_otrqidsrdidzq
K	337	4	0	0	0	tore	csiasastorehesdacqdc_sae | _edasrshadaaqr_sdnanslesasacmqtalsmneha | aseatspssinslasoreedtsfcqaaolnrshoedt | rpf&aiqcilsplfa_aetaoitpeaencstdsae | qahoelqliedass&elatdo_oietshelaalnet
K	338	4	0	0	0	medi mera	zlamepaeutmalcnmzhnec_rt | _anmoucmmtmedi_ctsecarqmzqhumaslqstmce | rcecpolqas&moaeutnuacehraeesciameactu | iorimrdea&ooscrro_mcaapmerauoacaqmsecute | adramet&dsrtceisraute_erqumcmcecaau
K	339	4	0	0	0	dalt lanr	mlchtdtmd&ocalrhmiro_eo | _arhsuchahda_eagdsesrdtftzhmtiphdaltgocd | trdmuslezcgtlhsd&rorpusoifdd&asaedc&aap | asonhnoclssaofi_hadmh&ndpsadzhrgoupaedr | ddc&olanradeunrafdpa&_&nzrpucrshdssadp
K	340	5	0	1	0	deste este	grclssadtnosrelgsae_zdn | _sloteiolclfq_zecsaztsrsplgrs&lhrrsnoe | desteaiqrzpcssrlodttn&ineasrdhaeqzodsec& | qqtrlifacroqhetrm_lesaldi&qsepltsaei&czt | fdodnrfhitcezirthr&cd_dipt&iotleas&
K	341	4	0	0	0	esse uoce	aefqolnfmlsuhfathau_rnm | _shfsfuclfsfqqr_rusrqlrrtlagfastpflpsrmluq | nutquocergersfslnftmhpcruatalqnplurrllnsusp | reufoqaessepuaz_fuslofnolpesulgftraucpsrqt | lqnllnmsqpotsuqrcutpalpsn_nogtpcltrfuqrlslp
K	342	4	0	0	0	glia urto eifa nore	hpsnocoprgeetlpiinhiei_rse | _linceiftnancr&_riacirqrrodofnhzanrtpzetic | siorcipfdprfsouncrgereiafsiedrcgtii&rrtgliaa | &dtnnoresucdtitdm_nilrpngoradlirfnreifaarcr | rrsrtgeurtoraicrfnrtdraag_gofraftrqnicqilra
K	343	4	0	0	0	nino coit enfo	zmnoeofdsrzhsnnsdh_gs | _rsnfdhrntnolq_ghtaopgeocancninoszcasho | hoherazgamaenfofdssirrhdncoofsphqgofrhti | qarpnrldmefashrcs_nhroenfroiarhoanadhritgo | olofselsrthogrpscoitf_frairenhoeproi
K	344	4	0	0	0	lana hata tola	lcaaaalrcsoltncenpt_zmc | _oncatgscecasr_zteqarzlhlanadcieclfliqcsta | mtahatagslzdqaocalrhcngutpenlarfrtrzlsrote | rsqecrspoasftqns_ctolacrrlsotldchqptgezah | lsmlsrcosfrhetazgehfnler_rrdhgshlctalrol
K	345	4	0	0	0	alme	eaomlclezgqasalqmeaqil_cuq | _sqmglsam&mcit_cl&rcmcptelnlnmeualmehaurqalc | ulltclsracnorlamezgtqqlsrlianeczhmltceazsl&l | trfmiiioarhlns_mlsemzielrslenmtrilsl&cct | eiueazqaihit&lccsfthnel&z_zintlsatpmlcpmsel
K	346	4	0	0	0	fife qiie	ntfifefsrocnqttuinalu_edn | _timcupqiieca_eumeegarfrfsin&alirrt&mnque | dufaeuspqtesfmfrimrocanlpsularreoruaerqotul | aqtriclfrmqrutrc_iutrsiorlqtursiamlupleea | rcdrqonrcraueeprarrrlo_osalpqagiuegtrl
K	347	4	0	0	0	eser lena	ui&ogsgcdoasehirloulqr_s | _hlooarneorostp_rresnmfdggmouceodsicesers | rgfsrcnfim&egloodoafslenarqdsosnrpdeohrre | pfaaoqtq&lofsrad_orhdcooqdefhrdmofeqrnersf | dtdeosltsqfrrsnafsdero_oqmfenefmorsmnhde
K	348	4	0	0	0	cauo deuo cola suta uolu seno	rmcoeleantcmorqe_st | _corftocola_scslpsutaedeuorsqhoadmsstl | tetlfamsucsenoranthfseqdalndpsatncch | afioeaecnradfdp_ocaoneahacauotsefhcslt | aatatnnadetclsfitddahcn_neuthfttuolupcah
K	349	5	0	1	0	uerrd eipe mura uerr seco auer	cioahqhlerrcoildacudrl_spr | _odaurlocamaqis_slmqtsfeh&hacmuraelimrclq | plhqlloeisohsauerrdrolru&eqltlssecolmr | settaeirosuellt&g_aloelaeereolearlormsq | eipecrsilemlqsotl&erm_erocfalqftoer
K	350	4	0	0	0	huit	gomlntnotrtlpoaslgdsa_cct | _pslrrazlliltla_caidtqcfsnunelgedlhoedtlat | canstaozrocemdnlrtrstsznadutthqaacltpai | arselmlmrrhasuu_lapoltmrpaelsdazicts | lclttlhmsiatczeshuit_tmeszlsflatfqp
K	351	0	0	0	0		ogsmrmpqriaglzsodzfl_sci | _zssrloastsrhc_sltsras&mpmrmasoodesplgosialr | clmmrlofgsasmesspqrmizeoalfdrprqlalcspaqlte | cfpsrhfesfllrc_slpsqrpeflpasmsfloetsrm | phcpaqiehlrmtlrsopmlrpetq_qrameoam&slr&ape
K	352	4	0	0	0	cara	oenqmpmrq&uadcefrqolrlf_eta | _crqcufhdqsqpie_efstprercqmgmtqoplaqqoeptadfp | tfmcpfrhmeetntmqcq&ucarahrfllgqp&orfeeqd&cfsa | emisqiilncmofigs_qfcqrq&iqamcfqtqctlfhasepc | qitqd&aioicsfpehscogqas&_&itcahdcrqfprrcqa
K	353	5	0	2	0	croce corri cioi	uqnrpcpltudmqcdru&dzc_ind | _mdrtucorrrcql_icrecieclpmphrus&rrlgqsedcc | ncpcccoaqihneptrtltucddrorcz&mlctgcliltmcrr | laoiraqznttagcom_rcmlrtalramclhrcezcorricc | lqnltdtqgacrccioicgmlrrt_tahcrocerccemlr
K	354	4	0	0	0	case curi aero pria anca	pcpqiiqaerisdcfaqptauf_lci | _daqrfsqsqnm_lfsroleraiaiqputsqarcurisf | cfirfqfclpriaqaerriasfutaaerofmlasedfss | mfzqlnupafrfac_qfdaqqelasfdfaqrrufsslr | ancaseianrlrsflzrraasse_elrssreqfeodas
K	355	4	0	0	0	mora caui poli arte noii curo	oaeanlimcuroarhaoohpr_rru | _ohaucrtraaanqf_rrannrtiiltaoeoiaidaeurrn | rrinrltgartecauimciuhitrrpolinmdnrfrirmorai | fgaaqpecugdrlz_aroilamiigoritaiprtiarni | iqrirmucqdiarnrtaidliiam_mtiitritarntnoii
K	356	5	0	2	0	facto uoara luca coit lano nona	shtuaurqrfuceotspol_nru | _eotfactotast_nolaenioqueudtsspntqmsluca | ruoarapndhlutqrfouonaslpeqarmetnqcreon | tprztgslhpmre_teqrtrgqnpeqdtollanonao | qsrqcrusmgooanazomeqnor_rgdonacoitaieeqn
K	357	4	0	0	0	uale solo loda	nsqsolodaelrcmsapsnupa_ghr | _mpsla&cssslss_gasnlogziaoorsnrucsaasrnrcal | haoilad&fsgrqnorsaelirpc&aualeaoasgacemasc | sfussqrfaal_samadseacfmaarsina&csgli | ashacerrsaisalg&uiaacse_eric&cizsalzomac
K	358	4	0	0	0	aldo aili	ipssusmdausliilnsfnl_oas | _ins&ulclsisuee_oliuoohddsasrscfosdpicsllu | alsdulmcqiorpsss&daudsnoczlfaduapoleodlailio | eqrsleps&qplra_slidmsaldoqildrsdlcoioud | deadlassepldiluocdpadoia_alrdocldhsluhoido
K	359	4	0	0	0	arma rera sano	todseceioarmaaoeqstfqse_om | _aqssrerassscnc_esdczmoeerstfsoiodmaec | oeeceircorddegssoarmqrresfocaizecoaaaes | ccpisnnsdgscieps_seaoisanocaeorsdsersc | onooaamgninsecriiosa_anrramsecmzao
K	360	4	0	0	0	refe rime ceno	qrmafadpucdooetmqatme_egd | _otmscenomrmfrs_eerifzesrpanacmqiampliidoef | gearfednrecriaqmspucrdtnoemanpfulzesepouoer | srtamprmrqsrletnc_meopdmupproepcmrimenrefr | prgpoudqrlprrefenarlnpru_upcrnorsmefszop
K	361	4	0	0	0	mafi	pftrrssralppfntonnf_og | _pntafdlttti_ofteaoztsrsruteostsmpeelf | gfrtfsdepouferitsratnsdfnossrmafioslrpfts | iecltcnfiemfcsr_tfpsstrcssepfsuttenfdstot | sgslrimcttfodltmssstr_rcutsdltztfzapss
K	362	4	0	0	0	orni	shen&nzrnrdussqtemtpq_pad | _stegrqeueme&rl_pqmc&oporninfelmoerslcduq& | aqn&qzetspfhcnaegrnrdtoerqpmir&noqlprunsqmo | ltrcesrphagtqrii_eqsrzensrotsqrfecpqeomp& | rrarundarsmq&peciromn_nsfoeuoeq&oosro
K	363	4	0	0	0	filo	aiiqrurrcnhaeipqasp_lsh | _eqmnptaququrs_lpuouldgcrrtqalcqcfilohapu | sprguprttiltioraqmcnghctrpscufpslcaepuc | stqnq&rsiamtfpqe_qpecrq&cctepctqgosptculug | crscaharf&gupultngfccu_&tgctagdqpudecc
K	364	4	0	0	0	suor	ndraasuorsaptsrn&sit_ds | _psrlrtaarrfr_tchocuamazrnc&qruqccsat | dtactsatzdcarluorcssqati&muoqhtruaoptq | rtosrnfidltqtomu_rtpusronuqtptuzrccitaqc | ufduaosfqnctascqmuqo_onzcqaacortohpuq
K	365	4	0	0	0	nati tedi	qciiihsunastfcqlfat_mun | _sfc&traceciag_mtediemspsinidcqclscsmcdnati | utipithremddisc&supnfsrtalnsiumetgmsaustes | getoclaas&emttni_ctsshculssestsdcpdatrsemip | sausaunsamlpetimropmnsseu_uldpsrapsctisesss
K	366	0	0	0	0		qfesodomencifssqcsl_qc | _isslocsmsds_qmddrqgteoiotsqacseufadcd | cotdmoefqtedoaslentsoalciednursqecnim | selzsrlealeuliu_siemsnreeietstdlomqdt | ececnaurtmdqoztuiemn_nrttoctgsdgrie
K	367	4	0	0	0	suit lira	artsoioscdatrzosahoiz_aqd | _tosmczrasasie_azaliraseoporsalhpsmrlldazi | qzoeizrdrartlossmscedopr&zihpismrzeaastzap | edcesuitsmdmzcp_sztssupdtzrselizrpaaie | qasdsmueaziareemppas_surepraesszisrtp
K	368	0	0	0	0		&efupfszots&rfiri_meo | _srfazmtftfun_mtruamdftafiiqffp&irotu | eupms&maerlfafszorqmqiitfuspanmftsstq | nsrsfielasprto_fsfpfsfqssfafrimqtmu | feftsolptummsptfqts_saqmtdfudasfq
K	369	4	0	0	0	rimo colo main	mrdmtztesuesgrrcimmainc_os | _rimoecogmlmzn&_ocluzhopstltrmmtamsirtusgcz | ctzceoqrordutqmosuesiopcnalszuihc&osgurcl | &qlamnndqoqiclls_mcrsemusqrcsrmuncoloz | snsgusqnilczooailslu_urogpmczphrs
K	370	4	0	0	0	leno arei	ti&csconlrouttdt&etud_pqo | _tt&srdsu&l&sr_pdldszpaincaca&fe&nrtfdouds | qdcisdosotpaidca&snlriotsrdueanslrzdrpnultdl | rops&euiasordpar_&dtno&lenotdna&idudslpsi | nqnuloareildspssiranll_leaisuia&dsaztn
K	371	4	0	0	0	dara ando meno lieo	ilrtmtrodrahndfriifld_cga | _nfrrdshrurmap_cduemceootetmriqiaroqqeahdm | gdtomdrsacmletrrodroafassdlieomdqdpcohdndua | pasirsallraqdse&_rdnorrdsoaandomroeldsaucmo | oagohdaraqsoudmcsioqeoaud_dsmoashoerdmenoa
K	372	4	0	0	0	iuin fane mula	pmaottfitanrmedoprdue_uha | _rdoqtesnoooi_uefsuznitttlop&roidm&fane | hetnefsqmulaftcoqitnadsseurtidseiuinre | iqcoocouacqqdectm_oerifociqreilonfuesun | iohinacodcneusondti_clnsnnzoezsri
K	373	4	0	0	0	sige remo curo rosa	ieiagtgdolnprreuaieur_op | _ruasnrahatsa_ohtuocdogmgsaireoaoserprt | gdtdleosigeasolndpuotremotlsuaoorlrho | alaiafsrieslsamc_arodalfoolrosadrohotd | osorlpessfdhtoidsmoohl_lfsdordcatcuroo
K	374	5	0	2	1	racco sapra apra lice phro	nrtlltlrcemdisrqlln&lq_ird | _sllimqilaltsn_iqautpifrclclhlnq&olcarqudiqt | rqlrtqrerihtulrlicemrdlosq&ccteapqniciesqao | neomlpstrieaqocf_lqscrlepcoesqchlruqoaitr | csrciedrsapraqtimraccoae_ephroirflqtfpsco
K	375	4	0	0	0	dils	ormaaardsefsrfpoupf_coe | _sppsftfnah_cfnzatc&iasaeoauilrazeffa | ofaiafrtcrcemzarpdsiepitlfusadltfhcfdsfni | hcdumrpclfss_fsrduicsfeizftincai | ofderluinfactdilsind_dueiitfi&fa&tsi
K	376	4	0	0	0	leon	cpoutrtnl&irpaprucsru_lcr | _arusifpufurg_lfnralrlthteucdsoulopdnrpr | ctrnfqpleonteusl&irroftushlr&oagllp&afo | gqarusuoesqoahd_ualnu&sloqaleunufoflr | lclp&reosfrlfrohlof&_&seofprurraalo
K	377	5	0	1	0	soldi sant	lrotdadfscgprurmrtlarsm_ap | _urttgmzrtetalf_melacsdpdstlsantsrslprma | amdamfzcrsoldittscgprnzimsapsacmfsrcumen | fcdqtelsoitcmdpa_tmusftcesncumsstlsmznea | slasrcpileemazqpsnec_cesnzrctmacusn
K	378	4	0	0	0	amar	toegetanharcmqtiqlm_lma | _cquhmer&gao_lm&ogrluqaezeltsiafsoarmg | mmeqgmtesllooepuanhqaqecmlizagnfrmolarncm& | osprtalopusfmpzr_mcatntascmalqolme&lgq | aamarnapaftq&mglerqfza&n_ntlqerqumgurca
K	379	4	0	0	0	paia uada	anpaiaausozsamuppunm_eeo | _suprmlzpspird_emslifehuadaoptppuiatlozmi | emaimalsaeonlaqprusoullmnpduisifmdeuzssms | dsc&psrnnqrsimcdc_pmsuapssussmuoplnmlsei | ureuzsoqrissmiel&iduss_ssolzhpmihfsu
K	380	0	0	0	0		ecaincnuddmlccstieetqs_oam | _ctindsmliaicu_osa&csorruntnieeoiuhc&mlsc | asnrcsmzcoa&nsinuddrmtomfsqetucdhssouldcsao | ziripuqasnzhsitp_iscuidpuozcsuir&qsmoaocr | uuauldmsuhprascomrrhtuoad_dpromlrriscrscuo
K	381	4	0	0	0	ofla sali	heqcrsrmiozcoeftchrtdf_alz | _otciofcclcsoe_afllsna&prsrmchrracerlzcfs | lfrpsfmgeamqlrtciiopztafdrssinfeaciofla | egiacrodqtigfise_cfomciragofmcpldfalasp | olciztorplfsaapsali_irmpacp&cfs&noa
K	382	4	0	0	0	esti sare mont	cuisdndaatezruspscspfs_olz | _rpsqesrsmsnsa_osmrnloctadidsc&snsau&rzsn | lsdtnsareuoirdhsqatetzpnrosfsiantlsaoatrsmn | aetpsosfihqestif_ssraastoanersastrfsrnmont | aslatzhsotmsnorptianmt_totnrtcssnclran
K	383	0	0	0	0		upeotztuqerssph&ou&ah_ndr | _s&olehasoiozls_nhigzrnmrttfounfoapngrshz | dhtrzhuampnfegtoolqerr&faehazqarhsnsqshif | smcqorlaeolmahc_ohsuoqrfmshforgahafinzr | ldsqrolarrihznaqrafiq_qrfrfasrmohzmrsf
K	384	4	0	0	0	arai	tqlc&ceaqemieqaltsam_rrm | _ealresilol&au_rot&rrlsacoccltszladqtmi& | rcs&esrqrctclraqesmazsmsoa&qdruraiqeoz | urhlpamrrdoi_leaelqpazreaclstmszor&s | aaraiqmadpso&rshsdoazoq_qpcszsisll&lreaz
K	385	4	0	0	0	dame sefa less	nldstftqaeptlessnusre_aop | _tsseersrsfis_aernfsaarttcsnguzsmlgnpef | oetrfeqralacdntsaerpszrierufamsesaaterz | samhsoirdamemd_setqsaozatecsrnrerzrafr | ioapimorrefarhrmzra_aocrzrrasefastz
K	386	0	0	0	0		qzsfolonaulitzhmfqtmeh_gl | _tmfnuhaifflpq_ghslmgaraorodfqotrfarzoslihl | horlhnaczgdssoefnaurlmrafhetralrmhqgaithr | qcosfpesencrhorc_fhtanfarcthadfrseharglr | apaileprrhlgasrrrar_drrairafhlamtar
K	387	4	0	0	0	poca cene quai paro cara afar	ntquainpfertpqunoqmp_ref | _rqurppoeuauacu_rpataarfoneundocunltdtfepa | epoapiodtrqtsurnpofqcolpmoenalapurnerpac | udihuccmqsrdlpie_uprniucncdrpnuotmpocarao | ncenefsclcoaparoholenca_cocoeofupafarnc
K	388	4	0	0	0	fenr	rddefenruicpldretl_nzi | _pdiullcdudfqm_nluofancsreredrcedr&coiclf | zlesflnlsndoeldirusillterrf&almnrcplu | msoedtqtdlis&lorg_dlprndtrsplrdsotllunfs | rqzrcilq&tsulfnles&rru_tslcscdlfcapr
K	389	0	0	0	0		mectplpnncusrergtmugtr_pr | _rgtourcstltlqs_prlqlipsrnphpetmiutnseiqsrl | rrprlrncdepecqpztoncurgcartuhnlcsirspnscrrl | sd&etaqtczodsr&hr_trrnntcandrrnetrqtrclplr | nqrnsczqsarlrlpcershnlc_caercsrstrlsirn
K	390	4	0	0	0	lice hare	fcz&e&fqsqtdflozsoil_req | _dozslrtzazels_rlapedrtq&u&mzcshzqifcpqtle | el&elfrgfrmcp&ezqsqohrnlisuqeidlsrqtdlah | sgpszalicegilpur_zldqfzaqhgdlqmzpilrhare | qleqtqeliaalerrsiuqha_amhrttzletddqh
K	391	0	0	0	0		acuoc&ccsesphcutoafttu_sos | _htoleurpozo&qm_suzq&nsticecoalfroaclqspu& | ouci&ucrrcsuqcrolseistrrrutfe&sanumspshuzr | mrlogqturlraued_ouhcosgrrhuoiqturrzs&i | qopssrqagizu&srliaerzs_sgirrpitou&tnhr
K	392	4	0	0	0	moni	tslicaceadpugs&eitfe&_d | _geizp&suiqiarr_d&qoaqdifacmcitefhianseou&a | &cfa&esmsdlocizadpfehsl&fmaadnq&rdaudg&qh | rmoniarlzmn&omc_i&gaeidaahmg&aifo&shqdaf | araudrnafq&adsnfnmahqd_dafhsufii&aiqgah
K	393	4	0	0	0	scri seru sanr alii eser uali	dziaoaceuunlhasidcsda_qon | _hsisualiiotr_qaeoiqtneasaaidscrieesenlao | oaanoacfqazea&iseuunnsriadcseoueiarqeluhar | rfmistdz&sfeaso_iaheciuserfhaeainedarqon | etoelun&tesnaoqmneseru_usanrlntiaotiher
K	394	4	0	0	0	rose	nislslt&isisesnees_pai | _esm&srsszssgs_psznsopehtlulqsnuelstriunisss | aslhssraipqnlcsmt&hielroseutsrossptsszl | sarsfgcmarsrui_sstsftlastqshnsrlzpsh | tgatsicgrfhzssprhrutlz_fqhlrshessseotl
K	395	5	0	1	0	armes uere arme iure	saehfhresumuarmestmqr_pq | _umeuramecefnt_prcdftprsehphresdtceegaddmrf | qrhsfrraiaprdhseesusmcanrqtpefsgtrtpemsurcc | tizernqsigrpo_erueresreciureresdqraccpfs | enqemssngrscrfpazsgpeccs_srrscamsrerfrtuec
K	396	0	0	0	0		tqmosqsecdil&qrrotprfr_aei | _&rorrlomoqss_armquaaocssrotipcocqiilrq | ersoqrertqarmsuocdoircrrfpcqdursacld&rmc | stssotsfmutrsn_or&ceodtcct&rcroofrrcmaqo | csecldiustomrqarsoccmd_dtrocrloaorqau&cc
K	397	4	0	0	0	acce	scr&sesoahpcocpd&sdlp_ti | _od&uppsc&q&eun_tpqeertfsasss&sz&accecpe | ipsseposictsrest&uahpsdzsmplaehcrpntachopqz | niaa&rulrtuicpam_&poao&hraziopas&selpszqtes | auiachtucrsqpetsascazqh_hrsszscsf&pefroaz
K	398	4	0	0	0	fier	qcffehedgns&lecepfqupte_ss& | _epflseplfcfhmo_secihsaogerecfqsumfgtcsi&leh | seeohedpncscfierflgnso&pmpleturghnteosglneecm | onoifrmtfrlnteors_feegdfnrgmneegcfoitepmcsho | gmsgln&rmtrocehspiotrgmcn_nrcomploafehaegm
K	399	4	0	0	0	simo	aetsrprpiauehlsaglh_lq | _ulsfahrsnspse_lhncpsliurorlsasgoseschp | qhruphproelltcrrsfiaulorthgopisheliuhno | eodrsmstrfohdon_shupsimoouhlsuchronlpu | sqirsmunhplrruooni_imluoruishpisuo
K	400	4	0	0	0	stia uoce	lppememdccisnhpafelufza_as | _hfesiaaneeerr_ameaqcmomrelsulecipsmsnae | aamqeadatprpmmlescciqsflaoazuoceciaarcnchal | rtdfeorzplstiadon_eahcdecoclthacreqmzaaleq | cracncslrioqaeafqioclc_corqlanqeaeahcl
K	401	4	0	0	0	apra cori	dodrimifonrtaozhrd&hqz_sr | _ahrrzttrirmpf_zismtlqoiciurd&rrososrtzm | sziqmzfteoudsirronqrhrtizq&comnstzfotnazir | feaprapqdreszacu_rzaofrnaoreazourqsqztrimq | opsotnrpsaqizmtpqscorin_nauqrttqlrzmltaor
K	402	5	0	1	0	dolga dist	hqmacucetcsorqdoahotd_sss | _roatcddoaraui_sdrruisgltcfcnaheatpqersodu | sdcludednqsnmrcuattclsododtftupidistordr | insfactmutnpdsfe_adrteactnrdtnalrtddrsul | tstosupclrdusdflpftr_cnldolgadugirt
K	403	0	0	0	0		mlpnrgrrsss&uelmlnmdlqm_ad& | _elntsmunrngei_amrngraqhsrrranmdcnsfln&umg | dmrhgmrolaapnrontsssh&lcumqdrsgsfrmiasusemrc | ioasnieqpotofmar_nmesrnsiscoemsanhnqmcragh | sedsus&oefihrmgashfrscrs_siahcuhqnmgqresc
K	404	4	0	0	0	dimo qnel sali peso lima	csqnelaaraslnncuncl_om | _annsaldrnmner_olmpesohfldcnceuinlsseprle | mlfeldsocqprnslaafnidplcudleasslolraalmi | orn&rcqrsslodo_nlalna&liallcnfpcldimoef | lrmlrarrs&fmleodrfsdlima_a&cfidrfhnlehsali
K	405	4	0	0	0	utar	ccasdszes&hmcrqaaqer_lr& | _mqasrrhanadia_lrnsdrltuzslsnaauazpcs&hrd | rrsudrrrclncsspazesu&qurtrealzdeprralzhemrnu | aracaoiecprprall_armzaeozurmrznauserrunldu | zirzhe&pipounrdlrcuplzune_eonuurhutardtrmzu
K	406	4	0	0	0	tera sere lode dere coii sene	lmnrlrcoiiqsefnlafre_rsi | _sfndielqnrnlos_rertlrperprnlacndtiqel | sereleclurmtrqndoieifclteraplodesrqoserc | suaznormqdudeapa_nescnocusenetrelcrrle | osqoiqoderelrlzedpcro_oeclqepnelpsc
K	407	5	0	1	0	tater star tate tere	ehortgtqrsrpmhqrrerrq_&p | _mrrnrqsrurgdi_qugsatrtaterecrdrrlhcpqg | &qttgqqslheotlrnrsrtprdseqrargslsqirsmqud | ilocrudolnllqoac_rqmrqrsurdlmqrertqsdugt | rd&rspldlutuqgsctlardus_suetdstarqgasmrd
K	408	4	0	0	0	esca tema reha tino dima atti	iipcmcgoruhciadildoa_aeh | _cdsuatmmtp_aamemaaqiocncsirleoireham | eacimagtsiaspecrsoruihdetzaolnomraapaorcame | psftdtoprssafnl_acogrdoescaosieoatemami | oteorhrtdimamattinoemr_rdsietiqamqacoe
K	409	4	0	0	0	idea eria fide asti coli teri	sipirrreasti&tisott&_u | _ttid&osirihn_&rlanergrriscoliecicls& | u&rn&roqirplrfideantloo&togeac&nesat&rl | nqrdiuhtpfdqc&rgl_i&teriauelqt&erinlt&olrn | ehuesafhcunr&odncgelra_aurnlosnai&atel
K	410	4	0	0	0	cesi	mdlqoooas&pmdirqmsri_trp | _rqc&icmqpqozg_tiprortaoiotqmasqqasdarpmio | riooicedttlrolqcas&prqcsisiaossrigtamsipq | gentqnzllcesinis_qiaqsnaqeiatqricqpto | azramsplzsnpiotctsiaqps_sntqcmqioraq
K	411	4	0	0	0	itti capo item	lnnedrdcapoairnmrelrom_caa | _rreiomielerus_cmlcrrctadsdielqteafnqcaimr | amdtrmcncincdeiapotartpmosarpfrmscaiprmlt | ssemuonifmss_emracepmatrmaietcomtlcrt | auaaipaufmtlmrcstfsatlp_pmittitemrrrat
K	412	4	0	0	0	nare noui iper area	usoftfdsapetsrcoulcrr_cop | _tcoarreogot&q_crgitecdadfmfnouilodfsiipert | orfatrrascnifnodsaapcrhrrlmdtsferqcdestrg | qamso&rnafrmml_ortdosdatrdnoairrrgcta | d&odespn&fagrtcrsafmdgs_snareadortdetd
K	413	4	0	0	0	nore figo rimo	eumzqzifefnoreimssi_hpn | _rmtfigommmqai_him&qrhrfzczmqsomfleq&noiq | pizrqiigcehu&zmtfefrnogaisscfqelriihfoerimo | icaomsasutcliacs_mirfimesfocrifmr&sigomhqr | fapfoenalsrmiqhgorlcfome_esrogormiqrrfo
K	414	4	0	0	0	cale nelo comi usci erfi neli	ldqrerfiqlmrnmqlman_lt | _rmqrlnomqaqeue_lnacetleiirursqlcqiscmne | tnrienfoplsdcrsqriqlimcornauieqstnelimqrnac | eptgqcuadsrpsntun_qnrifqqcicprnisqicanocalei | iutimqsuscianelogisuicaq_qcsicomieqneetric
K	415	4	0	0	0	erta	rsueearzpnsrtguqgot_dap | _sguatsnufucu_dtflcdirre&eudqsurlrdlpnt | atertasirdslecuarzrpgssltoq&rzlctudrnzstfs | uieouicoscailte&p_utsrauzirsistrurlotssfdr | rcarnzpcclirftdsorl&rsfz_zirssnriuticsrs
K	416	4	0	0	0	hati	tcsalqlrgeszaccfqatqnf_rtz | _cqaosfraaaqs_rfiqurdtgl&lhatflagmcfizafq | tfltqfrrscrhsilpaogestzqlrpfn&gqemufsrgaecfl | sssaonsposmfs&d_afcgraeoglscfghatinfrlrqt | gtgaezpmotfqrrtm&gle_eohtlratdafqducgl
K	417	4	0	0	0	sper pere sigt clic isig	ftezzqgodepsilefqlpi_nue | _slerdisperesc_nirflnemgzrztefiqegcifepi | uizmiqsinttfzsergodmelsripqrgoclicngposir | cihae&sptsricihro_eisgqeo&gisigtemfpisrnm | gsugpoessc&mrinsamcrgro_o&tmspmeeielsg
K	418	5	0	1	0	goiio ardo mais pano lidi odio	plidieoccfeslondpano_iqf | _sndfcooedgdiaa_ioguipizdo&sdprardonlrufeoi | qodioeotlisiusdfoccdfnroaoa&oicnpoaioecsogr | atetdmaisftnoe&_dosoedcmortsoosdduoorgiid | oaqoecfsanmdgoiiotdn&orgc_cmsdroedzdoizpsor
K	419	4	0	0	0	duro	scrspscoefndtccrsdlc_non | _trufcadrhrpsz_nchgp&nrrossmrsaduroacagndcp | ocsrpccaacnmgslruoefrnuascldopea&cznodetchu | zaerpslluaaceq_rctocrepouatcomrrglcauhnpr | osoodenlsaprhcpnaraouhe_epmruadrrrcpr&tou
K	420	4	0	0	0	pose dico capo saui	edilqhnaseuzdlzau_sa | _szdonuqdtdico_sutsiasmoqrfddludqeedsaui | uoiulqsesfspdoqhnoazuqmualrqiheauosqhsutu | osprdrcaposeuprl_dusqldhrqussuqfdosauqutsio | qcqhapcerotuisqroerquth_hrfouqomduimasqu
K	421	4	0	0	0	quel	sspluquel&ransfulseuof_gaa | _nulerfflclqsl_gfcaqgtilurulsetllqsaafq | afuiqfefosgpaudlel&riautfpfoerlq&qflgl&nfct | lonilsopdeoqfnrs_lfnlel&ltonflliaofftcgqi | lsal&adsqicfqgfiiqrltc&_&itfitlfqtnlt
K	422	4	0	0	0	demo	chrcrledoomhmclum_cro | _mlmioicao_cmisceczerricfluedhfsoomc | rmrzcmliqhcisrsledzouipmulecddemoceodmmiu | oqsngauslqdmsa_mmeldgeuqmmeizsumiuiccz | eareodosadgzimccinzdeuid_dgizuiozmcemeu
K	423	5	0	1	0	torno curi core	tqsosrsrlirtuqsotrcs_ucr | _uosisztocored_uscorpuairsqsaotornorpqoortsr | cssirszsquasoshosrliirnzescrqrrlppsdurtluscn | dsaonecshsspsqa_osurolnrnsusraoiocszncuri | recrtlrhepnicsruzaipqrncl_lnainztiaosrapurn
K	424	4	0	0	0	alda	m&ngsgiazdsl&dhnmchrd_rtd | _lhnodssnunsrp_rdutsrnqagfgfnmuclnal&utdsds | tdgqsdisa&rftgpnoazqdhlsedrcfaszldpraszldul | pasrnrrpoaldsfi_ndlainzalaldafnqtrdslursq | artaszdprlqudsrsrqlfaluz_zfqlssqnndsnlal
K	425	4	0	0	0	quam adun gelo	ctimcaulsenqtqmcaq_dte | _qmdsqonmfmcea_dqfmcsdlgurzmcsalmuatsmenqc | tqgcqaoitdzimfmdulsgelorqaruclasqadunlqqfl | ai&meifdiaqro_mqquamluliqquzmgmqolfdcg | uetunlefeagfqcdo&garulfl_lzglonglmqclsqul
K	426	4	0	0	0	eran erra mali	sazepaplrqcdpramiesaism_lfd | _riercmipeea&q_lmuaelccrpsplesnaaeranudpma | fmpcamlitallzupderrqccdiaiemsasraqemqlrpqrma | qtmtei&szdrtmms_emrrleqiratrmrlecusmialac | r&frpqdd&icmalitcsraq_qilcaipccemacerra
K	427	4	0	0	0	moto mole pili demo pria lari	ldemotonpiharzdrnmlrnr_ia | _znmthrurmlmtlo_rltsfposoemlarimppdaarrt | irotrnuedeeogmtpihaniurrrsptipsroprizrli | oefmmolegteprfss_mrzpnmiopiezrpemruilt | plipriaglpolrtumpspili_ioeiurfmrtfszpi
K	428	0	0	0	0		dgaqnlnmpcrstgcrqdtroc_ah | _trqircrsqtqleu_actplasspnfnqdtqpcgpscl | hcnslcmragaapnqipcrsrracotfplcccuapsctct | uasuqoeoaiaccsfl_qctpmqcopatcpqspocrtals | pehpscecostclaruscfptc_cosrsssqclstp
K	429	4	0	0	0	rera	zhfrsuletnrmh&rzgc&_aqn | _mrlt&rrrsdu_a&ssiafllporzsgsrlahssnr&s | q&ls&urhaofsprlletlnsq&cgplseai&ualrem&s | ureradcfplra&pi_r&mlurealsrm&lorlsc&sasl | ldqlrenpdaal&saelaplse_eaolsrlfr&sfimls
K	430	4	0	0	0	fine	d&llrtrmgoaei&izldszri_pfa | _izlsoinelhltpr_pihstrpdfgrtrqldsilgc&saeit | firftimnc&pqlsrelsgofazincirstgtcrirpgeiihi | rcslqprlesccit_liigmlqgiciigqlfsrinihptf | gpfgeaepcqfhitpnsfctgih_qqfinefdlitdrigi
K	431	0	0	0	0		rucsrrizfielqupsraap_ane | _qscipflsdsha_apdnaozrrosrmapszrumelp | nprpifeuaocrosczfiepftpaazfrnpaazlfqpdp | aeqlsrhacocerpqc_spqzisfrzpeqpzosapfpda | zhnzlfeohrrdpaflrzpdf_fropflosponqzp
K	432	5	0	1	0	carne ffar atto ture	ccrqmgmsothtaucroqcloar_pit | _uoqfhrnaqqgqp_prcgspdiommzqctleqoactctarg | irmigrsnfcpzrcmoqfothitoenlralogtasrppoature | pfeqiqaroffar&_qruosqtioefurozqicarnepgi | oqioattoqaiirgpneiaoet_tizienaidqrgdsuoe
K	433	4	0	0	0	sine loro filo	tucoidierqlaufqotqrf_saq | _aqocrfilorodtz_sfraddshi&irotisoeuiaqlfd | afidfeitusrcaisocrqqsiofr&dedfzslafrs | ztlnoptrcsctefl&n_ofaeopstafroarfisrsd | talqsteprfdsine&sr_prsilhofdhdas
K	434	4	0	0	0	ance	gsaaoamricllgecancee_ndl | _lcaeceuataopi_netfonq&ramaoafnsarrgffleo | dea&oemuqgnosfalaeric&lcsuoeenmroireinrilets | iqtacpesleqrem_aelrmaicrsqleroa&feeustno& | rpdrillprc&teonut&rmrsti_ico&su&qaeoqlrs
K	435	4	0	0	0	anto	ustorlrlsmeahsq&oup&q_cz | _h&oueqoaoaolat_cqaslctnsrergounpdoscsnsaql | zqrnlqlorscgtsrfousmen&dooqpeslmcqtcsamhqad | trfiosatfurcqfeq_oqhslomssdrhqsgonsqodacln | sazsamfacsnaqlcoincesdam_msgndoantoqlthsd
K	436	4	0	0	0	fode	qsqotohfodemssnqqins_dce | _nqsdstmquqtoa_dsuptsdfoloaqqiirqf&sipemst | csotshtlsdapocqsfodenrtpsilfto&ssadfmosur | alzqlocsl&szle_qsfhqolfrlsfaqpstrudt | focfmoeco&lustdt&lfruo_olartmqstsfr
K	437	4	0	0	0	fiar sori star	lsegiei&rslcsaugliufa_sd | _cugulagdgeor_sadtetspiriairglhigrsshtae | daiiea&ssretimgursliuzafiaresstarsrscad | rfogoofemusafaa_gacr&gsorcarrgitfadsei | rodrsmosoidaesoisards_soriipgaeptcr
K	438	4	0	0	0	aiii altr posr rono	iear&roeotlsrcaiicr_arl | _scaltrnama&cp_armq&darsernrqaiiihaepiqlr& | rrrs&ronoaqeqraaleotslchnzrine&opdrpaeosrmh | posratcealoprsn_arseoaotehosreqasqrnhma&s | ecreolacptsmr&anrspnehmo_otqshnsrar&rdseh
K	439	0	0	0	0		oloissspsiatlaciocaa_li | _tciusaeaiciru_acphimsstsrioeaiselepiaa | lasmaeflropsmiuspsmicaeraatspehausaptaca | uflni&raomufealtd_iatsip&saftasrimpaaeacm | srlsapimre&mcaenmetsacp_p&rmaeamiiaihtsa
K	440	4	0	0	0	sale	gramlmqsaipgsazsn_dci | _saea&pasale_dsnlfdrismomraszhasagsnipl | cmilq&gdrrnmfaesaiish&rnzoslafdspsh | uuatenrfeauor_asqatshsrainn&hsdli | secspifeatisld&uiaoshs_trih&piralrfsh
K	441	4	0	0	0	stro aper alla pera	uisdrdglahpliidsusdr_asp | _idseholsesrcn_aetrraqldidmsussoslaistplr | sdrgoziamtdrselahpdoofrsilraarnallaieo | nzuaspcrrezauie_silgsaplozilmstrooear | lcsllaprcaperaoaailoea_apmoolqsrqrilo
K	442	4	0	0	0	doto tale card mite trec suta	ichmooorcntrecduminusd_fat | _eumandsrmrmozs_fdrlorftoloiminemacltrdo | adotodrsacfihlosmacnttuessdsnlocardsfrcedre | saummzshsaaadl_mdermcmeaedimtlsdserfot | zarctszamtrdofsutalerc_cmitesrtmdoree
K	443	4	0	0	0	fama ueri	riegapaufoooninfgrrftn_to | _nfg&neogsgpdr_tnshptsfamasgrirrgfaiihoonp | naspnueritsehasg&fosofredntrmfpoanrtfoonnsr | rrqgcdtes&ranmu_gnnfugocfrrnnfsgshtnerstps | fdfooosdacssnpteqsamfrso_ocssreosgnpnfr
K	444	4	0	0	0	dote	oicsrlrieodreaionsozno_rr | _ansfdotesssln_rostlarhcerrrqsodzselidtreol | orcloitmirqctrssfeodcrntlozrelolaoreeoaos | muqsncsfmlour&_soaeisoemaoeqsctotsrlc | eneeorsnlcsolrtqclreso_oqctechsolhaae
K	445	4	0	0	0	timi fate	qitririctefsrigurqpug_pas | _rurfglrrrfr_pgornpdtimilrqtpcrtaitosgr | agidrgclzipltoirrtefdsucl&gpmtreangrptergc | rzmarsftrzagmms_rgrtcrestczrgtlrdoglcprd | tfatesrfasdgrpladamtce_esldcldrgrnrtc
K	446	5	0	1	0	chela chel essi	anlrsrrdo&uchelazeeh_dmu | _ell&hsclmlsru_dhmnsditdrfrqlarzsldrnuchs | mhrtshrsadqnnrclldo&tuessihezfdsohuddcohms | uaflrrenclahffs_lhdrlordsahdqltnehssmdst | drmdcoucrrtmhsdstfdsmo_orqtssctilhsids
K	447	0	0	0	0		saltscspuosiusattsttn_hri | _sttdsmutztcee_hz&chrlussdtsctqtuaac&iuc | rslcpmeahdl&sntduoslitqmantucoaehuuoszq | eegtrenlndeas_tsuptoruqesudtl&nmqzhcl | ueruuoinearlzchmglauqzo_ordlqmulrtcrsuq
K	448	4	0	0	0	sere dami raso	aredeslnqfatrstoa_ce | _ftrtnamqrtrdpm_catqdlc&sseresrasorssaqqad | eaesdamicsaqegrtslnstomiaosrsdlslamcsqlfato | milprnpoagtisalr_rafsrlnsoifassrsqoamotcds | spesqlgpsnstadcmpssrsotl_lnssomqs&rad&lfso
K	449	4	0	0	0	tion	pmurgogalm&miqrpaqai_nil | _&qrihmrrozo_nieotnptgsgcrpearfmeelmio | iigtoiahrmncuegcrtlqhoiaasoftionm&i | ortcrqzaucrfitse_ri&arqr&icrteaihnot | zimlczfqtionhctfs_qcthmtpriopt&
K	450	5	0	2	0	stara uerro tara uerr star maco	spmsgsdtnpasrnmcner_sqp | _anmhnrrmamgil_sraugusassssqmacomsauprg | qrssgrdrtssqpusimhtnspnorrecsgturlstarao | ltrzmfiepihtrrst_mradmtfotarqmsuerroasgs | iqtpiifsargsrzssoat_tfqsorsamrgauao
K	451	4	0	0	0	trar	orlppapfsqatl&rrpoicr_rnt | _&paarmlptpafc_rrtsaarqspephpooinpsgrostlra | nrpqarfmurrhlspmpasqaqtnmorciesaqgarcrslq&rtn | cudprfclmaugrde_pr&sfpqrsnu&rshpqscrmntraq | sfnslqtmfgrqtrarmqgesntq_qrhqnmlqpraa&sn
K	452	4	0	0	0	sale cuor uora fara	drlfnsnlcurcuoraqfdsqma_orc | _oqfaraeuffspm_oatsioehcnanpfdscfcrtcuas | ranhsalerropltnfacurhcqceamsacsuiamocuuoac | mrlifgpmlaralat_faoclfugccroacpfhtmaecosh | cprcuucpghasoeihaccu_ugphceuhefaseiocc
K	453	4	0	0	0	raro mons	ts&lfefrrrcisespultunp_ci | _eulcpnslglet_cpghelcmmrfsfaltcolrdschispe | pfmeprnosca&hftlrrcmiuonepnsrerdlptcrsrepgo | toqlan&todpsi_lperrlrarooepralmhnpnogcem | rrsritdamgpecnqmdsrogr_raamonsmmlpemlero
K	454	5	0	1	0	imola iimo uifu faro	czdriimolaa&zulrculu_mfa | _lrqaut&rsra_muscrmpfoirisrcsuroazsca&u | fuifumtezmsdcirrqolafaltguurolarumo&lus | eoprqadrqeauorr_ruomrlqoeuosrfcutsmf | oafo&laraaqfsumtpfarosl_lqsft&fprupro
K	455	4	0	0	0	uria aere mile	esdecfqmglisueeeuc_fg | _iuesmileseis_fsnrftfpdeeaeref&sangl | cirsfddnhesfqmguriacepfq&rsfflqisr | srtuezicdhsr&tpq_eifceqzfrrifdencirsf | fiflqghi&zsfiu&pfrsq_qzdriltetrifr
K	456	4	0	0	0	celo tono doro liti	&guoeedornetogto&dt_qse | _oomntrtonosi_qtnciqacoeheco&fdqoolgfcett | stectdrigqcucelomornceqrttdhorlitiqotrotnq | iiamosulmiltahz_otoodoroqiotococctrqnqc | ossotrelslcntqrmclhoqnr_rccqrtcaotaiooq
K	457	4	0	0	0	tica peso hate	ceucrmrmdosseapccipha_io | _spcdatsctcmnn_atsmfitdrurrcciecdpesosam | iartmamtaerusrrcddtopetaahiudmpfandssate | nacocqnhurdapacuz_casdmcqdeasadrctshatetmt | dnidsornpqttamtotpudet_qrtetsticamifsde
K	458	4	0	0	0	remo sera	rssrgqgmtcadsucrrmcnu_ia | _dcrocunrprqle_uprqrsoglgdrremorzserauq | iugoqumnfsdsrghrotcoaconcunmlqtzruetdupo | ef&tralnshofzu&l_rudmrtaofdudrornunopqo | litahlzaopuqntozlopt_tadoonosruqsrdo
K	459	4	0	0	0	amia mais sona	or&fqfheamamioso&nozs_oga | _io&cmsem&&ql_osqdoriefsfu&nn&esonamsq | gsfiqsheqoourft&ceamiaoetsznseqasdsloemais | lqep&tzrtcqssesl_&sieh&ateqiseu&izseoqi | egemaatstisqoepissea_atuiemir&sqrdie
K	460	4	0	0	0	noie nolo	raiolooneq&aresiasie_tf& | _simqeraipilsd_tepilcthdnolocisarinarsi&ael | feodleorrtcaiosimneqd&srrreialnleacedtnaeepr | dlrigsiasmaelln_ienoiegnrencidiierrptld | nsfnae&ssagdpeltrrdalnrpe_egcdrradhielhcnr
K	461	4	0	0	0	casi	aulcsisdrrafdupicasitp_ea | _dic&pmfctcisa_eptrisetorslsecarsccrurrafpi | psoipdmaueelrsc&rroaicmmptslrirspaerfrdptc | aaschstl&aple_cpdrdcrhrcadprecortpmcteio | rsrfrashotpiemsolrctr_rheocmfotcpitsdrc
K	462	4	0	0	0	iger	eadruuocpdisnalureaull_oi | _nursdlasrtrgt_oltfolscueumreiacrceaiisl | lusloataomdurscpdsiucarllaecpefltocspnltc | ttmhrrgldstelmei_rlncorprcctnlcmrsllactos | cgcspigerstloahseecctp_prmscasslrllfncc
K	463	4	0	0	0	ueua fiia	cofsuurlesqraopdscqdnp_maq | _adsispsrsmsr_mpmrtmilueuasccqslrocrqrp | apuprsaomafruisilesqdstpnqelertprmlreapm | razsnfiiarpzef_spalrselaaplasrnpsmm | lalreqirmpmsrelme_easrispital
K	464	0	0	0	0		ooqpmematudr&oicpoeci_scd | _&cplidrpnpe_sinrefshtmrmlpozesptsozrdrie | cimheiadcoslqrmopltuhdcsdaierteusfistru&ins | ctlprqolcsitrf_pi&tapurtsc&itlphridsnseh | tctrudosrhniesdlhsrtsnu_urlhsdrhpief&ts
K	465	4	0	0	0	naue dios usci cali	adssisoi&saedaunshnu_eaa | _dnsqsumespsirt_eupsiercislsischlsiaacsaeui | ausciuomnaeidsssqi&scanlmruhlii&auteie&dupl | tnezsordqnauel_sudios&oilnduiiscsumlpeic | iraie&araocpuiemzcalilp&_&oiclmecrsuirdil
K	466	4	0	0	0	uino	iduaazqersihlouinopl_rs | _houdrlciuutm_rlfersfqaaasuinnluqtnfsil | laflzcirsdfaoudqerfsolcrlpnaqetelmrqiehll | miegutpdoditlea&_ulhqzueqlihlqsuffplclrf | qtqiesottflrcgftaqle_esflcifsulsehql
K	467	4	0	0	0	usci olti auer	nmrzpqpemtrergmccznacsc_ue | _gczsrcirzzqsc_ucuqtuelmplpoznaatzm&mauercq | cplqceidmuorupzsmtrlectiocsalmqt&tccumrtgct | cdahzsssrsd&cal_zcgmeztsmtdgcmozluscituql | msmrtes&slcquihl&lmtt_tsoltirlezcqetgmt
K	468	4	0	0	0	arci	achcrasiroqcqlcanliq_imo | _qlctrqacdcrsf_iqdfreiprsscazngcseczfoqr | mqrrqaarcihflctsirrolgaaqinssrieeqfisiqqdg | fr&cssihltreq&su_cqqsacissgrqqscrfiqagdirr | ssmsiolsesrdqriaressgdi_isrgarpcqrpeqsg
K	469	5	0	1	0	gnora gnor pano nero	rtogtotceprmatnhgrshrn_sm | _ahgrnagogoae_noeormetntlgrqsrgectqemno | sntmoncastloetsgeprmmhraznrsneopcneepanor | esqdgiarosscnqnt_gnaecgpiersanelgmernaroom | easepmsacimonoadmcnerop_pilmramrgnoraer
K	470	4	0	0	0	esse	smsrdrzimlrnesseq_rul | _nescmdrshsdq_rhrdorirzrprasslfszslrlrd | urrddframrrtsczimrlefd&qpzdisoqrzrinhf | qfsasoqmtcfsspe_snzsiozffnzasrrqdfhrdr | zuzriltsorhdrdarspzfhi_ioarfdrrisdionzf
K	471	5	0	1	0	rotto tosi este cesa otto	tsruqultosietsarfads_coi | _earssdrnrqcr_csnaqpceuturuersftrttsaisq | osuuqsldotcesaugrtosuiatdssdfrtqopsrctoesnt | rolfrcdsgoslr_rsetlrottoesteruadsdtncqu | tcotoigcunsqcdfurttno_oeutduersqepett
K	472	4	0	0	0	mais	iplaegemtsspaclihc&a_rt | _sclzmaislelasr_aeqasmgsilithqlgdptqtsaa | ramaaeinpiqflzgemmtcqia&hsgaedargsesaeq | rnaplcs&fzndaaso_lasgelecgqnsagilmq&aiqeam | gsrgsetfsdcmeaaipmdsgqee_ecimqismslaassgq
K	473	4	0	0	0	efor copi insu	rpuuluarclelmpaurfae_ice | _mauhlclusulst_isslmiruounurffturgpfsell | culacopinsuquhrcleatcseforlcgmtirlcmst | torsu&seqhogroe_umrauc&rtomrnusectsil | rscrlceqsg&slicsgortsc_c&ntclulmmrt
K	474	4	0	0	0	rara trar	opfaememoucnrspqlaooldq_un | _slacqtraramt&_qrfmrloezesaoioqaorpifnrqm | uqemqmtgpsffeeaoucnlqtaqdozomurrq&orusqrq | &gtaastdfegrqtz_aqsomausoqgsqosafdqtqrm | otuorunetrsrqmtarzoqru_ussqtrlaqmlrsoq
K	475	5	0	1	0	rosso riso cori slra	snasdedasepoznoisstico_stp | _ziseoosrsems_sorfersirdad&ssctcsncfpooe | todreoarns&afdpsserpicoctaesrossoszorc | sralsmcaproaaf_sozasscrzo&srfcocrser | mtosppmrroeslracrs_s&rcorisoeirzc
K	476	4	0	0	0	oper pero sero	iuasprpcmlstgauosifho_lnt | _ascsoigsrsrs_lorzrqltempapsifcsmsuztgor | noperocisulazpqscmlsetcirohfamrlsqolmglaorc | srlsshaqcssorao_soamcslmcsaomsezhoicrlre | msnmgltqsserorlilesamcrl_lecigetsortqamc
K	477	4	0	0	0	mire eife aife	hpfezrirstmmpesehsle_&ot | _mserseemeqezna_&eqdzr&oaifehpseiqppdtmez | oeazereup&ffdderirsatsseaelizrqrea&imrmeqs | auitecnlfdruqeil_eemirercisumeifeadleesq&za | inoimrtdnqcaqez&etaqisqr_rcfasemaoeezormis
K	478	4	0	0	0	duca	racrraslsmtqnncrnin_ugm | _qnclsnrtcpcz_unpauffsrrrccriqcseimtn | gnrfnarducarcclslsfmnqrtnirsleanustlqnpq | didcsziacldeniro_cnqsaclssqdqnsccfinrqpuf | szgstlmczesfpnurdfersqpl_lscfqrtffcnfaqsq
K	479	5	0	1	0	cessa qnel essa	lfspllaesasrfzmplamaz_dca | _rmptzrspfpre_dzfdudqnelelrplqatpefqdasz | czlnzarcfdrsdlptesnamtrtzaaeesuzedessrzft | ecsuprrastczse&_pzreapsretcrzerpndazrtfdn | ercessarrnfzdruneetfs_srrntrsnqpzquret
K	480	5	0	1	0	farsi sfar noni	mdsnciclfasgrdzinmai&z_hrs | _rinszugnonip_hzoeiehorfctcrnmaanfdaesgzi | rzcrizlupdhrsecensfarsiuz&atfiaezhfgarzo | pcnnrp&sespzcti_nzrflnarfprzfrnre&zuohir | fprfgaseprrozihunrtfoa_arrrugronzioerf
K	481	5	0	1	0	aefta mera nume	epshmrmaeaqlapedhesdce_roq | _adhueplhthru_retortrsqemam&hecsfhepcoqler | oemqreapmpr&somnhueaqqdfpnecsaerateurelaaetf | umrzhscsnumeral_heaeahasefmaee&hqocepftrrq | eoelaqnsqterrpzqaefta_as&qfplqsherstaef
K	482	4	0	0	0	simo iodi cosi	sufo&ozirctoudssmssd_let | _sdcdio&er_ldl&plteiocosimoipuiltod& | edoe&dziulflosdircetsoigdsmci&rppdrliordo | rushesfsdpducf_dizrhiodielsdiol&e | ieeiortsephed&lisepcior_rheoioetd&tpio
K	483	4	0	0	0	sfar tari riha	zinsqsrsucffiauszduha_tcc | _fusouapfsrsqrs_tariqttrrqlszedssrdieicfaq | carqaspoitlninsorsurcuspeahdqrqsdtastrfsfars | sommsirhnnoodamqc_safrsssirsofarlsrihapsrtqr | rrcrfscnrdirraqtpmrdqrsrs_silrspfrsaqtfrs
K	484	4	0	0	0	rito cosa	srsriizcseqar&ersfeu&_tle | _aer&lqrirrc_t&idqtpociuiprsdfrrcmrddeq& | l&io&zlortpsdiarcsoeerlt&ufucsmq&ctcqsa&ir | cosarsrusaom&sun_r&aczrsscroa&cprodu&lrito | crlcqsearmsoi&tlaomucris_ssporlqopr&pqacr
K	485	4	0	0	0	seri	msrarctaqdlsflid_orq | _lssadsfsasg_odfraqotetrprssrfzstcrrqda | rdreadcsosmrrlsstaeqlzmdifptacqdgotdfz | gseospsimlsscdepa_sdtcsptzsdtsseridzfoae | tsrtqlscpefdaooecptzf_psezetsdatqtz
K	486	4	0	0	0	dera	zsnfrrsriirupsamfzomqa_ser | _pmfciagufafqs_saa&hsturrerlfzoofrdso&rua | earuasglssln&rafcriiurmgraqoeridhassruipaa | slcfftqqnacldacep_faprsfitrlparlfu&qagasu | rqeruiraqdtuaasgfuderai_itluguutfathpr
K	487	5	0	1	0	saint anto	uqufrrspestrqtlfualt_rgs | _rlfoetstfrfic_rtrsorazrcrpfuda&fnqdsstt | gtrztssaqrpusrafopezsl&stacpnotcrtprtr& | caoftiuaoantoch_ftrsfpt&artpfzsts&rrz | igtpsaintzrtrsznc&rp_ptpz&stzaftaor&
K	488	4	0	0	0	dato	dpilsqst&amuprtldator_cta | _utldrgmlnlqse_crnzqhccl&ssscldoal&opozamrq | trslqrtgpccizsald&latgmroas&qohrec&murn | eprlqsoiadorps_lru&tlq&ur&cllzorgncql | &st&maasoqlnrqcgrlos&n_qclgmlclrqchu&
K	489	0	0	0	0		tngrfmfdrozcnncprtlpac_l | _nprszcicrmrmr&_lcmamplqarfffrrttlorrsntaccm | cfamcdisnlrgafcrsrozapoiucalfrmospc&lrconcmo | &sssrtragcssscsfl_rcnrdrotrosncrrraaaciomlma | rrrcocrstamcmlisasfromo_otraoicaqrcmqpnro
K	490	7	1	1	0	maestro maes iera stro	efoitltmoshegrfzaieracz_mae | _raihzagiqilsr_mzqplsmqsotrtnieirciotfipegzl | aztslzma&fmnoptcioshseacazcrrolstszrmogsrzqc | r&eisscoc&tzr_izromissoc&rzonispczacqmls | osaogsecstssqzlmaestrocqs_ssnscagsqizlqsroc
K	491	4	0	0	0	sita	rlec&cmtsfztlsnrfnes_uhf | _tnosozl&ir_usld&rueqtcncarfatqldfzs& | hscq&smosluaedcgotsqfnaopsefnt&sqrsrutzstsla | rstiieegosqstnc_sttmsitaststaqdesoalu&q | tihtzsfgiqiqls&uoqqntals_siaqaozqes&ertta
K	492	4	0	0	0	seda mari	asqqqdsedugasmsomls_rtu | _gmszdsrsisqnm_rsifqprrasqhqsaoasssaafusq | tsqaqsdrtarfqszsedaumarislohsqespsmrsegsia | mttesnlztssthc_ssgsdsesatgsssaflsrairqa | sntseunsaisqrreashsaie_eaararssqrpgsa
K	493	4	0	0	0	fara	gtnffaprlolltrqgmqir_euo | _lqclrslnua_ernfretapfcfgompstofolr | urfarasrtenffccprlaoqsarimcprsrraeplrlrn | arsoduinccrsrscd_rlpardprlrpafirsnea | puuplrocusdanresoascpnr_rdaslatrtrlp
K	494	4	0	0	0	prof solo	ctrfrsrn&pomzthlfcrlih_cro | _zlfaphmmfofsut_chosccqsrqrdfcproftpomhs | rhrsshnmltcdrrafa&psolomfhirqs&chtcm&zhoo | tltrfsuiraalhtqn_fhznf&solzhdfsihmoocss | urm&oaussohscmrsqoo&_&sdsommsqfhsqczo
K	495	0	0	0	0		olsuzczq&hcpsmlruoirt_oap | _mruacsuauceo_oaqceos&ziztuoaiu&plaqpsc | azscqrlotsqzsua&hcsprltii&chpeoo&shma | orrruetssarpril_um&quh&rm&tusqtaocs | &ea&shpsepsacorspi&ah_htsssucem&
K	496	4	0	0	0	dola raro	hosrgcgrlimsaqo&srhas&_ots | _qsrzm&rarorcqd_o&oecaoudlgtgsrhanrlioesa&c | t&gdc&rrcoossegarzlimdssnre&atlciia&dolaiq&on | dcplrcqsazci&ptm_r&qlrriclncq&lsrde&rnoocd | lqtlaisaqicdo&corlditlnoi_icsdnradur&cuaqln
K	497	4	0	0	0	caso teua tper rifi casa lari	larifigdzmssaalosa_ou | _sqmarsufie_oauafsoediliplcordracasaf | uaiefagr&aopraiqdzmerrcasoldfzrsaeodszsaur | e&fqtisrq&rafl_asdgztdr&sadpeasarruofe | diudszirteuaforqerldruz_ztperrseafssdr
K	498	4	0	0	0	iole dios fofe coie	lorfcecaltqr&oieflnemi_sgq | _&efptidrfofeu_siolemsaclchcflrntflzorlqrie | gicceiadiosrlcfpltcqetdfimnhlezmislr&iot | ionfsumrpiziohs_fi&lafslti&ilfclmidtosec | luglrquzscoiesdnczhlto_sctdrcafieam&lt
K	499	0	0	0	0		pqccpclegsnsfszcprzos_an | _fzcesscscdcpea_asdspnao&ecdccprrceorsnssp | sc&pslcaqsctceegs&nzcisordepgonsaaesgfsd | atcaeoqteostda_csfelcgaefsec&soscdap& | eeesgnteoa&dspac&odedg_ga&cs&ocsponfe
K	500	4	0	0	0	uora paro noue puro	lpupeparorsoolruqri_fzs | _orurnounuemd_fnerfeurplpturqurflrsoe | zpueanclftppurorusrnciqlreofrdfrooon | dchtutmipcfhla_uorauotrcortuuinnfeu | rmzroosmftunefntuflrno_ottunoueueeror
K	501	4	0	0	0	unir	dqiczoza&afsrqspcdsps_dls | _pctfscrcrcosl_dsrtordhi&zzacdsc&uqtsrso | lsziosaccqdaitztct&afispcoss&oaursld&rasr | lcegcnsittcusea_cs&acan&cs&acitscrdoi | &sl&rastsunirsodcgiu&ra_anaicrihcsohr&
K	502	4	0	0	0	maco coni	t&cmmurqnohs&tctstc_zuo | _stconihcfcqe_zferzcirmdmsctrsdcrn&reoh | umiuil&zsemacorqniotdiacsdrqnrezrhqsfd | elgpcaqcaolngda_csrucqardlsrsciecidfzi | rqurhqoaqnaifzipindrdfq_qasidihicccrsrd
K	503	4	0	0	0	seda reha sana naie enfi	plsanaiehastllfqpuqaf_dqs | _lqraftmnfs_dfmdnldneearaspucemldstfn | qfaenficldssdaorehaesqctfaurenhmlfsdethlfmc | scoa&fasorcmfor_fleih&ecclfesedafcmdne | efqethsofm&emfndaemrecmh_h&sectenfnnllec
K	504	4	0	0	0	sino solo sima para	lzeocrctorssnazsqolpqus_its | _aqohssinoaor&f_isasriqrocaclolepmoopzessnsr | tscrrstizilescdohorsrsqmimsupaorrpsfionrasam | foa&uedhpsac_osaotoraomasolorsusimairr | o&tonrsd&parasriirpaomar_ralrminrqosrqaom
K	505	4	0	0	0	mite	slocdmdiqtstleccspcue_tcs | _tccftercocmqg_teormiteldndscsppzclprsem | cedlmeiraltsordrcfqtlsczrheupnmqiegtqteoz | gasmcdquorfaesn_ceticqdzatesclruerzotml | qcqsrqdloemtrmlnzoq_qdslzrlecemeitz
K	506	4	0	0	0	colo sere erre paro uare	oisfs&erdrcoloaluo_mir | _clrdoctft_motafhmssesrszopaoeparof | iossfo&cdmziasererdsrlocaouarefrhomercoto | dlrctuierdolri_oce&rceodcoezsauocotmfs | etierretcstofmcrsreotr_rczsocssofshceo
K	507	0	0	0	0		ohtgrgedzlshpqtoqfp_odl | _sqtspltatrei_opacrsoirdgsgotoertdaheclpr | dpgrrpelahoocgrtsdzrlqrlcpfsdrzaspiodzspar | iantnefrsaapnsi_tpsdetzndraspdotrcfplraorr | deddzlreanraprolrasdraz_znorrlritprissdr
K	508	4	0	0	0	alui cesa sali	ucmr&rprtmaluigmrgri_qim | _lgmsiiamqm&oo_qiqc&nqolrrrtmzrsmreuzcmai& | iirl&ipiauqtccremsrtlmgsiairrr&tenioqratliqs | oasmaorcesaeip_milrpmtarsalirtmlcriisqq&l | roiratmeoealqi&qislersqt_tatlsialomi&onlrs
K	509	4	0	0	0	seri rose iter neri goro	zqrsfnforpacoqgisztiig_caa | _oisapgscssnef_cgcnlc&rfefrszhtisrnqhcacgn | agfngosdqcrrcfosarpaiispgiternnlgfcrcogi | fdlqseeiroadngleu_sgoroseridogrrscigsicn | rearcaoenegncsqneri_erisc&sgn&lori
K	510	4	0	0	0	fuor uomo cura	lacfooosrqetnaufflzfpu_mre | _nffoqutfcfoeg_muc&oumrmroaosflezsfrcae&etuo | ruomoushamsc&oaforqmefslupzarocuugmrtnucs | ghrfdepcaohcurap_funrsfdrshnursfm&puscmom | rerrteaecdmcuommcarsc_dsmstmrfuorunrs
K	511	4	0	0	0	dura trat meli erto uani eder	oosiedertoeucougioqgeu_iae | _cgiouauiidrr_iumdnitstepesioaqnitzoameuud | auesduraoissmelitosegnacueqptdznuritucun | r&misreslzu&pl_iuctristncutsismeuanids | tratuelrzssudiamszptn_sssnaustiudtnctn
K	512	4	0	0	0	ramo unir amor tura	qnfsasartrhenqqeq_ozr | _eitq&hoapf_oqoralortasrspqiemaunirrhqa | zqstaq&dnopfrssiarttrm&sqeraarulqfoahreqom | fdasspfsiduqarl_qearsamdeqaptrq&mooat | apzahrrspustoqao&sturamor_rsptm&htrqarleam
K	513	4	0	0	0	line	qspznmietuosqnzqcneq_iru | _onzdtqszdznlf_iqdtnsiocilizqtcgzihsttuqn | rqcnqmsmsiiptrzdietcungsfqeclinehsqfiieoqdg | fmrzaleprdmhqls_zqoimzeaigmoqiizcteqsgdinc | ilrieurlhacdqnisrchligde_eaicgscozqnosoig
K	514	5	0	1	0	usera dfar mesi sera	qqumrartsiulecqomq&po_fl | _cmeuooemdmaas_fodsarfrrsrmrlmqc&tmsaqcsleoa | orraotorqflusrsmesiurltoiop&msaiarosfseicodt | srotmlapuseraoome_mocstmilstrcoslmrspootdfar | saseilsaalrdoafotramstdi_illrtoerrmoarrcst
K	515	4	0	0	0	cala hier iean	satcggirspha&arcsrr_qoh | _&cspreacocaq_qroamqmnrgngtcslicrcalahar | orgnriedaqttagucsrspnhierrnrscmrqqras&roi | qdsdczartusdcrsns_cr&ricszrid&rrtcnarreioqn | raorashuacznorqedncnrios_sztnieanmcrmm&ri
K	516	4	0	0	0	less sala llar anca ella	rrilulufaastoirsmlremts_qct | _imlessqolsllnr_qssldquaauaulrtellarttosl | csualsfqmrqiusleaasatmlqssteaaladsrqaoaissl | rmdclrntisemsdap_lsiaflaralmisalatsqlsqla | ancaoatsnrasslqqcaaalsa_aralqoaulsludial
K	517	4	0	0	0	sena solo cere trec	taoaeneccisngasatels_us | _gazisenaanot_usunlupcereoatrecacarusnsn | sensceiauoouehazciscesslercnlstucngsc | tirlasolohzisrrd_asgccasccigscoaulsecun | cocnshossnuelrcc_socenpasnplgcc
K	518	4	0	0	0	arti dica casa	usefoiosdscasaffutfha_&l | _affsaccfrfinl_&artic&gsoporfuutrfisutcai | laosiascns&retopfdssfrcahtpidical&cdaarr | lntlfqnhepniatps_faasfdqrnaarfsthacrr&is | nlcdpniqsrai&clsiprrd_dqrsrccsgfaigcar
K	519	4	0	0	0	cera esce ques rari	cptqoroiescsrpisqcnsmi_dtc | _rsqusimsqiqre&_diilrldoreodofqcqntqerpqlcsir | tiorriimspdftloquesrcstmsimnderrli&desriit | &sqaemtusride_qireiqaetsriefqrlmimtidrr | eetescerariirdmrrdeti_afrtmsroqirolret
K	520	4	0	0	0	taua aili iute paca mita	ctpcmmapaqresttrccrrnt_r | _srcsqteecucdh_tulndipmumlccercpgtelret | tmitaestlplmscspaqirretnrupagnthpeastu | hsa&cidnpsssgtaua_ctspacaipsstplcilnteui | pdpearsdgiiute&igupua_ailieeidctdnsp
K	521	4	0	0	0	mais nasi amai	cuoapiprpoosauseacleis_us | _eaosdaamaisa_usmrisufeppcpac&ldapru&rsasi | speisrdauuorpfapooeseddtsilcpiorssaupaosmd | aamnasiofarsmcg_aspraopdaspaerisddmuie | pspaosfsremsiudnercpdmo_oeddaefasifspd
K	522	4	0	0	0	pali	rcaglprisrfcqparspaq_rs | _fpaliqcraagf_rqegerhnpularassapecaesrqg | qngqlcmcrlesalprinspsciqasupgreeqrprrfqs | mnaqfaslmeqnuo_aqfplarqpsmfqplaneaqcsrgn | pfprrssfeqnqgrcneupsr_rqlnscrnhaqghefps
K	523	4	0	0	0	dise giro	ulirsruemlrmaunoioin_cor | _aoislnzmipisrt_cnpqsrccser&rgiroienurqrmns | onrssnuzqucglqrdisemlsroozani&esmnrntcemmanpo | tqticrildsqnn&f_inaeuimceoqanegisqinzopcss | eroemmrdrncspnscztsn&eopm_mcgsozmscinscraeo
K	524	4	0	0	0	ogni usci mici	uflizzacttqnifoiucao_rq | _iiptognipisr_ropdmr&aczqziusciicofsdqno | ozaoaglfrldznipcttaqigroacqctomorrcntiopi | rlsliesalnploosqu_ioicaiteciliociadaogipra | cscntqnsoeaporglaoqcipt_teaigna&io&mici
K	525	4	0	0	0	refo armi mero	umlerfrcrasrqmdieuliqd_cer | _iegsdcqerefo_cdrhftcttrrsrseuulmeromuhrqdf | edrtfdccimcslhregrastrimcpdqlsrfaotdcrqadrm | ineoqlgiodnsl_edrcearmidrsethqdcmrcft | roerqarootrdfcctosrmra_astmcqttedfttrm
K	526	5	0	1	0	treue reue	agemeelrlficrglcmamcdl_sqi | _rcmtflrcmsmza_slsidsctreuesmanmmragniicl | qletllrhgsseieomtrlfticruldmurladlasrclrls | ahomizdeothalou_mlrrlmlirhrlrsmtidlrsst | rzqrcliozaitslsrtaursl_listrctcmlcdrr
K	527	4	0	0	0	seru muri	raqqrramrhulasaqrpass_lc | _laqnhsruqgqto_lsgfmlsmrerdqrfpeqmsaffus | csrssarsaldqfriqnmrhsaertsspemrsmsolmurlsge | osnzqctsqinsssneo_qslmaqrcmeslsmdqsfssregls | mtcmuritscsgslrzssemegr_rcdserusqsmlme
K	528	4	0	0	0	infm noni simi main	ofrit&tamnoniqfaiosas_pn | _qailoiidi&cr_d&rqmthtuiocssimifcni& | ptq&asfurttilmnoqnasasshm&nirminqds | rszrifcsrtlsizhl_iqmainfmssqmuiqssd&q | mcpminntcifqd&rqihmsdn_nfuqsiqri&rqms
K	529	4	0	0	0	line	ilrhuhgfoodpritarrait_sd | _raruotqprcrusz_tceunrfhfhmrnrsrflinedptu | sthutgqdimlehrrufoodasqtirffuolntzfportcs | zdeprtsilrudltef_rtrfgrotfsdrtfmreitqscu | fssfpodrsltctuqplffsco_otmsqprrturnrfs
K	530	0	0	0	0		socihdhqnzouodsisrsrd_lo | _usizdriidlp_dldcosnhehiistrfinsotlodd | ldhsddqr&oiclhinzsosfrfdrrendscdpnudf | p&auiclrc&sdaee_idunqicnf&udniislrdrfds | nllnolscsddrussenf_cisfrsoiddocunf
K	531	0	0	0	0		mflqplprrdscofgeqmteqg_ntc | _eqcsgoqfqlta_ngfulrncrpdpzqmstuqrfsucogl | tgpclgrlfnzlupnqcrdscceuogqtdrldrganrodgfu | als&qetqlnclgsdi_qgrrqderulgrzqcuqgufnlc | rttrodcntecfgln&cdrufd_dezcuocqglrru
K	532	4	0	0	0	moto ouer riua	lcraaitcfpedcirloir_rsp | _dirsfuertrhd_rtqerprtaoa&rlgoortmcgqpe | sariuacr&qairstcfrpiouqrootcmedrtecdto | daulrshrisamuo_rdtircstoadt&rrqruotrr | thstecpihmsrtrulrmototc_cs&rouerprpedto
K	533	5	0	1	0	amato olta mato	oltaiarsn&qlzloelsz_han | _qldzs&itr_hzaidhgusamatooesnloan&zi | azauizrsolhttaafdsunlsmzsemsindzrhs&qz | roiuctstfdonzimq_zqsrcsoqzstuaszshiu | stas&nftncuzihsuunms_ctus&ugzigdqs
K	534	4	0	0	0	dati amia dosi stra dami haro	sootstraulahozosmza_fq | _hzollfaoposlm_fpesifdatitoosrmroacoreas | qtdsrfsofoet&olauldzrfdamiasucimfaauhpr | mseqoala&lsceip_oharouaarshaoodeafrpfsd | alqaau&lcadpsffqdciarpu_uaodrfadosihar
K	535	5	0	1	0	uolpi fien	rlisiaadsqflrqrlqfr_pas | _fqndruqosln_protsrphzagrolcamlotsqrs | arzsriuolpitenaadzsqcusrflgasamrrnpaqafroc | nocu&lfienomrcga_rfaia&acofraztfrucopsz | alaaqaselm&zorspuuzmgacoa_a&zcuqzhrshrfac
K	536	4	0	0	0	miei	oariseselridmoa&niolnr&_aod | _onii&cmieielt_a&eeaftlsqsziomltilramdm&e | o&ste&eccaazrsrilritdntca&rlqlerr&talmro&et | tcpislrrrcr&qs_i&oleirsltco&lzitr&cteaet | llolmrdrlrste&eacptrqlter_rszttcmtfi&efolt
K	537	0	0	0	0		ipemeaqrfoompdnirnsd_sgo | _mnfdzotmdc_sdtlmastqeuehiaroqppaloodm | gdemdaznpshlesqrfonozsdsruqmrpadcsqormdto | cnsldssnpdsul_dmqarqonmdqhlsdzotsm | qdgqorosdptdmszlpuqotr_rhozotdmtamqo
K	538	4	0	0	0	dola quia nato tiri	mtprarcntgdcsopmeo_qsd | _sopglcpupacr_quiaoqssnrurppmzepnzidca | srsacliqptiripntgsdolaeunatorqnctsu | rirlpfctiirur_psncptfnisnppsiluqas | ncsnctdicfsuaqllsunut_tfpslcsspasosn
K	539	4	0	0	0	unde	qpircncnaqzfpdlrqelpd_afq | _flrsadezrornl_adornraucecrqoecraporqzdn | fdcundeipairctrsnauqlcetdpeennardaznfdoc | ilrr&lpitsiadleh_rdfrn&cifdrurpdecoanu | lfznqtla&uodnaeruaecon_n&ucezurdnrfc
K	540	4	0	0	0	sere ofuo coie aiti ulli	&rofizioaulptrqif&icq_ecl | _tifqspffzga_eqszdealaitiaf&hnfamrhslpqz | cqilzqosereaosiifaullinssqctazumdqaeaputqn | aeerfogcoiemqetm_fqtaofuoanetqaaflscqsnezl | agcapuligmolqzesrlmtanu_uoalnsplafqzadtan
K	541	4	0	0	0	mail tapa pofa	reonlnpufntmrsorcs_ift | _rornsmoaolq_isasleiqpun&nsorlcmoutlstmsl | fsnplspsisesnrorufnptmgsc&ulftesiumfrsam | siooaqerrstsi&t_osrupofaumsrsusopssmailp | uqfumftrqtapasliopt&umaf_faspmmpqoslqerum
K	542	4	0	0	0	fait simo leuo rata rapa	ocemsrsscamrfictpmosplt_pr | _ipmomtofmmrql_ptnrapacs&simosrmctcnrftr | tsrtsohcpiensumocamrproctls&cratatlpcfaitr | lhuimsqleuohttu&e_mticsmascrhitcimnltorpr | cqcfaruqtstrpoit&cra_asirofamtraaicr
K	543	4	0	0	0	sfar uena orni alsi ueni	ofrlslouncaeioarcsa_era | _irrcaaerprsli_eapzspetulhlsrucorusouzaeas | ralsaoa&oesfzlarruncaoagaschusnspaieueniapo | i&mqrilsfar&samh_raiuorniuo&iausrzsaaopes | ulruenaalsipaseaqshuopn_nisoaetrastpiuo
K	544	0	0	0	0		rsfheemazldtnsfihrsitf_qrd | _nihlfthdham_qfdl&qesaegehrrsohaosrldtf | rfesfmsqfleqhazlsdionftsgazo&fmqatznfdo | muchaatfqofugc_hfnamhzaaonfahsltfodqs | aaratzdqaoasdfqcsogaodz_zasotsehfe&nao
K	545	4	0	0	0	iion refo fiio nire nano ouer	ussqnuntfiionrseiqucie_rto | _riqielnqoqus_reouercdfnanoqugcqfhsgoneu | tenduetlssrosnrqfiidoilaecafuiheesrfnireo | sssmqmsrshesa&_qerftqimfsrefoqdelorud | ftfniorhmdoeurlmdhafoi_imodlndcqeucerf
K	546	5	0	1	0	scudi comm nani	ciautmtad&telriaucsan_mse | _rautdluoumeo_moamsmsqdttluchscudiihaelm | stqmadnimlaatud&tqeacdinsdm&isomdl&roc | ontueenanir_urdau&edcnrdluqandcommq | desdl&eeieqommdtqidco&_&elqcdlqsumssrdc
K	547	0	0	0	0		itzsescluhnetzisi_qmn | _zrhmezlzedi_qltesqlolsgsazi&sszlt&tnee | msoecmrtqatsszrluhonsmpisgleusiqleuls | irrfzndisrrrgr_zlczunlsrlazotimslqeo | ldmleunsdnoleqmfoglslu_unaosmeolzelsls
K	548	6	1	2	1	minare minar auif mina foia nare	uzop&a&cmlrzarpuorfa_erl | _rpsaarppaqr_eaanets&i&spuloopizllraa | ra&saacazeso&ppsmslroacafoiaminarermao | runplqfopsiauif_pacpmloaspsfaaoeas | qrrmlpqilsaaeansiiom_mlssoarstpaatno
K	549	5	0	2	0	parsa timor lati timo	lerqnrngcdlierpqlapsr_adl | _pqrdrpiqoqrto_arosrcammnenzql&aeqe&slirr | drnmrrgpseazrsnaqrcdmlpeparsaerccroaicroe | osotqitsrarsroei_qrgqciesrzqmssrpeoarm | tdiclatimorraptmeeoc_cizmepimmqrrmce
K	550	4	0	0	0	tore pelo naie	aesqspgnfoeoiqadio_tm | _oiqsnorfqlqscr_toltshtrapodqamdeqpcemtfos | moasorletdstrqspgnaierqodopsgchortpfgoole | rlfrqncsrslcofo_qoopqgnpeloopdqatoreltsa | pcmpfgrccnalostrracopelg_gndaerfarqosrhope
K	551	4	0	0	0	pape aper sans	aglpapeeanqugpsanstp_szn | _ustaprqlamf_splmacsripfpraonolgomnqpa | zppiaperqgsrlmpsteainsorptnfaelcpfsqeuplo | fqr&emtlstqlprfd_pueeeoquprimtprolsai | mzqensmleilpasr&ilfole_eeriorqirparcuo
K	552	4	0	0	0	duce	hricuducesrrmnchnem_dus | _rncnemrcqcdoo_dmqtdtdrguauschqscorqtsmd | umugdmrlrdsiturcncegsnsrmeadcotmodcrmqs | olmiczoeirnlommaf_cmrcczslrmscgtemrsqddg | oucsroozgqmddrigoasqc_czsgsrgrcmdrtrs
K	553	4	0	0	0	esta	i&cscacsasoqnp&tfsiufdt_plq | _pfsootrnsesatr_pteaipelaclcfsihudsaa&hqnta | ltclatsre&pfccrsoasolqfdrrtdulaasaitrpanspted | rescsitdcroeatsls_stpasssiadeptafsldtrdepal | atlansqrtailetaprclalades_sifldrnlestaeipad
K	554	4	0	0	0	foia	pr&eezessudtnrrieprigr_qd | _niedurlteezcf_rczshleesepnrmearncdtrz | qrelzrslors&cecedsuldimlurgrzsasrftsnrm | foiaecg&cdoarif_ernsesmonrselcgrlmzl | cqtsdccalrzlalams_sslmltlherzhsnm
K	555	5	0	1	0	finta cioi mino iere efie alno	&zierepifsoczaai&laga_sqo | _aiesalcioirnt_saoorcsefiemesi&dlniizdoocar | qaefrapltzssoerieifsfoanlsaglmirfcatsicfaon | ttqingretamu_iaipifintaisifogalnosrf | inqicfornfoarslqfminof_fsfnlcfeiarecin
K	556	5	0	1	0	uadia sine ture uadi sero sito	modstteiccoirsmqrpi_urc | _rslircststzq_uititluosehasmlqcseroliccit | ristitrsouadiasleiscrcripqhetirliqueciitc | qsresnzpdalsrirhu_sietsinecsieassipirctuts | ezrecicazrnstituresrhecti_inascrcsositolec
K	557	5	0	1	0	ipefa coit afar pefa	rirgcrcoitesqifcgrcuf_as | _qcghefsgagric_afarrlanficc&grlegipilrsfr | fcfrfosmia&rrcpghitefscesdfuirtplfcaitqfae | cmageiurphmpfr_gfqiogteiemqfi&gfrufseaarf | iiitspipefafrasafpieat_te&fesfngfrnlqie
K	558	5	0	2	0	mente unite sone teme cauo hara	coalelluisenotsac&sat_iae | _sarstinaeaesh_itemetignulmlpacq&cauooqmente | atlnetlioipmlaruisnescista&mueiotthiunitec | harasarotamq_atulaiuctupanmaticeien | usauniesoneteiirnomucei_ipncinngategtuc
K	559	0	0	0	0		loqutrplsto&alrai&_ens | _al&dtaufr_e&amutezsrmlsrcraosmst&u | n&su&tdaoeqmfrplssacd&irmrupat&rertp&ac | radsifiqfaa&dmq_&rtpirca&rsmi&dcaeus | rfnrtpsffaisa&uedssamrcap_piscdtsz&uztrc
K	560	4	0	0	0	teua	qetocrcddsznpoeasoqsma_rn | _osouzahpoorcc_ra&rirfldcfcuoqarodea&npar | aclradhaerut&ceoudszlnsrhiamfdrsiacrdpsoar | carqotcmteuaarft_oaoddostdraoaduol&mahrrrl | dcdpsnectlarrhqlfdrs_stulrhplfoarfiodr
K	561	4	0	0	0	alia	lnoamcusldnaliaf_epl | _a&sqdzanp_eziaherlcglaiecdnailda | plamqneoio&cusllaeqcfigcaudhpecduze | porqnfoo&dogt_cmuqceclifqezeal | cnpcdulondqlzaeqrldgcezu_uqleqdlrarhce
K	562	5	0	1	0	colpo acce elta alma dete	craeciciaqnfdtrlhecuhol_smf | _theunlpdeteils_sltcirsazacqc&ecguoeargcfdli | mlcziliprs&acceeuaqnzfhoplouqaiqrlssadqtlto | smdetloaeulmqr_eltaieqtaotla&ezcolpotsiz | almadqfeltztlispdzqaotq_qt&zopdzaeliartao
K	563	4	0	0	0	mini lico emmi tini natu mail	pcshuqurnsaticuhpzfu_ola | _ihlulthchqq_oucqtormnuiurhpnzihnmcnatuq | luumqurlscorsughlnsmailpufzinqsmtuontsiuci | sfeheqfsglsmufid_huinrhsenisiunrhmfulicoqm | nqlntsagqmemcuqolemminics_sermiltmrhuqrtini
K	564	4	0	0	0	urto esca esto loto	qicurrndotrltiopuqpo_gar | _tpurtoilutusc_gotingssdrarpuqumudciuirlo | aorsonihigpcirfurdotsrpmisoadocnocgdlototm | chzeuescfrhcozaa_uotdnuoedmhtodpusioimtgs | dsadlorfscestogiescadmto_oepsmilssuosntdm
K	565	0	0	0	0		cfhanasorspsndhcodpn_qmp | _dhtsneshhnsr_qnznqrqoaeaehclolhoglzpsnn | mnaqnnse&qefzachtorsqpdlednpoeonrgnrqosrnl | r&ashospfct&gnaeu_hnoshrool&noehqzpnelqnq | osmosrpcsgoqnnqesqgeolr_roeqlesqrhnnrol
K	566	4	0	0	0	raro	rtugereopfcdmtregrqehr_td | _egcramglgrlq_rlrrmopeiesgriqsgpztidmrr | treorroantsuecgpfcodesaarhqiprfzrrqpmfrls | qn&rgslhucnzr&ia_grpogfspsnrpsgohraslro | pltpmfdclzsolrrarozipslf_fssosamomgrrmrps
K	567	4	0	0	0	clic tali	feitrsrzrnoimeigtfpgli_sao | _mgtnnilittsau_sidstsqczrsrrtfspctzaesdoiis | aircsilmesridrrtnzrncogcldilpszsratiuszirmic | um&atalirnmai&sp_timztrzcmmizrtcdlilcssc | zaaziroraacisslacaszcr_rrcclicqtisqtmzc
K	568	4	0	0	0	area tita papa tari tira atti	pszapnptiorrtstapoat_qlr | _taqotiraaned_qtndqsrippapaosairsarrtn | ltprnttifsqzpcaqiorrsimtaoinrdtdqirtts | dfceareazcqfrtcu_attitarisfttiaratisqnr | ielirrcerrrtnqierris_rrsirrsatnsdtis
K	569	4	0	0	0	uouo firn cesa	faeuouocdpgzalufrlt_ctg | _zlureusuue_csnucrmdoioaufirnudraingu | tomucesacaenocurdpmglneotriduprecdpzsn | esrmudtecrsrrip_uzdcupddnszdaumntenscum | dtdpgcrdmsucemmridnsp_pdamnemruurzdn
K	570	4	0	0	0	lico naue trec	oaeapaz&torhncseoscc_ser | _nseqocrhesepuo_scspisrt&anaueope&lrhcp | ecatpczrsuaaleq&totrsprqccn&ptlicos&htncsp | orfemucalqlcrn_ecn&zetm&pnc&uetccrpsspt | &ue&htrlulmtscpsrftln&pst_tmutprhtrecprin&p
K	571	4	0	0	0	ramo	oer&gugprnsqfiesr&oerts_caq | _ir&sslf&&udh_csfuacuirggs&omen&roemfqfsu | asgiusplmecsrfga&rnsiqrnlsterunoashcrfnisn | hmrs&zdtramosre_&sirp&nzrnmisrs&iftslncui | rdarfnqadozisuclsiornn_nzsinlfiu&suuairn
K	572	4	0	0	0	cuor	nirscrsamsiarrnrrla_pea | _srrasatmrrspu_palsopfsriirn&rrrrmi&lamas | eassactcipilnrarssarrttalrirsmoauprmsar | ucuorcplnacmauid_rasrcrcrrcsarirsllatrpss | rpermanpmcsasptosmirr_cisrtmsfrasfosrr
K	573	4	0	0	0	redo deus podi dopo doit	t&eqoodtscmo&hqtnhd_rnc | _ohqssumqiqpr_riisrcldoeoiqtlnoqdr&licm | nolup&rieiouqsdtslchouadnedtrsrrdmtoio | rpsqpdeuspret_qodqtdopodiqliduoirl | dpndmtcuprliruslredoit_tiloumlcqcsodo
K	574	4	0	0	0	aria mari	fuo&mimeieeoisumr&flrm_hdo | _sr&semai&a&isn_hmarichzqimrm&ftla&iautroimi | dmmqimeasuhormc&sieeqoraasmlriieacmnhiiesmaa | nspc&qsocssampr_&msie&eqiassmi&qrmaaahiq | isdiieocsaqqamihacqariaae_eqqaaiqz&mizcsia
K	575	4	0	0	0	hati amma	rqttmmoe&igqqastrfsaa_ipi | _qsts&aogtetct_iaeshimemlmatrpfstenqpsiga | pammaoorqiatsmztse&missocaaflenhatiegqaes | troetdcatzsrnaolr_taqeotdesrqaeatmsaaoseim | ecpegizcndmeaioemnlese_damsogmtahqes
K	576	4	0	0	0	cati tera mite iter	udisdideqcrladtnsucnt_ar | _ansftrlssiat_toitomqdrdsuecisqrdeorlti | atdmiteradiodpsfqcmrnirgtcrqicrtttqlcati | tanrszaipfartnro_staqesczqiaatqsmotriim | qaaqlcrparzmtirrmrrqic_czmirlmostiotaqi
K	577	4	0	0	0	cati cesa	sodcpcocirqrsotpsaplt_gzq | _sportsrtpd_gtthpcg&ccqcesaacfohqrtp | ztcptosrogedhcaocirqpasrtlaqcpifctdgcristta | drlisldaorftlqt_tscoiscarstcehltsatgp | czcriqafsttpgsifqcati_iseasr&tp&csca
K	578	4	0	0	0	auto	chnieecsdllhopiczpmo_grl | _piadoalisiece_gosseqg&rcqticizricthislloe | roreoeauhgtnsaiacsdrlprafomzqcestqoegclsosr | euoimcmnaautoqp_ioceismcruoctirsmoarsger | ccrclslactmrsoegaortqcrss_smtrralr&ioe&qcr
K	579	4	0	0	0	fara coda sero	rdleucuohslerdserost_sl | _rsesdeeoecms_sorcpstfutuaeruofeidurlec | ufcodadsalruzehsflsfdrtotchipssehrof | sac&eimtlzaictl_eroehifaraefrtdfoscf | mehlzmiifocsd&fitfoh_hiaffdeftectprf
K	580	4	0	0	0	mons	ct&urprqsqhcptmsucsm_fc | _suahmopusupte_fmssplfndsrrrlucsnusgtsscpmp | mrdpmqomtfl&srcuasqhdcsnomrspqglmefspqmsn | emofuit&camgmord_umsquqisnmmsludsmonsfpd | stspqcctgidsmpfofdgrsnsq_qildnopdnumpnlsn
K	581	4	0	0	0	sene	eepseeasntoelcsercl_uco | _csqtlgsusdm_uludauisenesezrssssezdol | cleilagleupdeosqsntiocsgtlrnsnsalmusnlus | mliisrdpoqlslinr_slsasnrssllssidlgsuui | sdcsnoodsriulugiisnssun_nrisgislass
K	582	4	0	0	0	pesi	ciuqsqpesitsifmucmdf_doi | _smusfgtucusmr_dfcqstd&neqaqhucsaueeisqitfs | ofqnsfpgtidhqqruesnimagafdaesetfrdetsfca | rtrsulmdrtefrai_ufsepuleatsfehunqdfgacdsn | emoetirmelncfsdgsneaeac_lhnagtn&ufs&tsea
K	583	4	0	0	0	tara uiuo iodi sara dola lari	ttaraqcguietutsuc_as | _euudilrmr_alpraalicaaaqtrsocstrpir | sairqdptaqpaocguiuodscsacrgsaracigelo | rpnrimcopsnah_ecqgicopecqipcdolari | cmscigomsiilradrisacolg_giqiodiilrlaeco
K	584	4	0	0	0	fora sfor	aleulslrpiltlfouacoqf_ug | _tousifelutuscs_uftsiuesrlolsuaqcaurflqlfs | gflssfeiluselzusrpisoaepfqcorspfifsurlptfta | si&ucqezsiffon_uftrupraitfrsusqfeatuss | rcgrlpzcfstfsue&sforatp_pssaelseufseitra
K	585	4	0	0	0	dios trin	oalontnudrfe&daepooape_ice | _dporfep&oiotls_ieitrinsdnnioosaaodqase&et | censteupcaiilnfordrfsepapmeadtrqresid&rdeia | scgrocllfrcqegz_oedduorcdacdediosepaiits | dlcd&reflqcsietiprsqdair_rcisap&snoetnrdda
K	586	5	0	1	0	prese maco quel	urcrhphpsgsredrutdae_fq | _sdrelgrirpml_feicpufcrphihnrustrrpqrscgep | qehrpelerfncchorpsrdrloeatippsquelfpgsseir | lestrtmacoeqesie_resprstpresepnrrcaelrifpr | pmqpgsomqtriepfltrqipris_stnrrlgrcrepcuspr
K	587	0	0	0	0		igtfdfleqcnrzgrpirppr_&ln | _zpacrurdai_&rcde&mdefhfqisriegscnrrd | lrfddrlurg&qtcfoaeqcdnpiurrprhedqeri&erqzri | irucsaptoarruha_rzelqseirzreqdcprui&dd | ealerqnoasdrd&ucdheiq_qsqdiurdmrdmezei
K	588	4	0	0	0	sanr	drsrqrsmtrmzdtosdaont_eim | _dosrtczs&sqan_et&cqeafmrorfsdiausmpicmztq | itrfqtscaefrcrcsmtrfmoucltnaomqtptnemztdt&u | natssanrcapttoi_stdmsstsmuadtmfsfcntcu&eqf | maimztmcapsf&tqecfpomu&t_tsffuczfastqadmu
K	589	5	0	1	0	canti anti tica liti casa tali	laenftficasapaenle&_lps | _pendcanntse_litilcfffnnloqnclaoisat | pfticaalneifsndcaseqcs&fctalielcaapq | eaurnus&esdalufq_npcinaucqapcnni&cqlt | cspcaassslutlcrlfcqa_aunqcantipcq
K	590	4	0	0	0	mila tura	crelmsmseirqnlcgnhq_az | _inlaeqalslsos_aqs&slapusmrmlctgrlsmrt&qs | zqmusqafrae&milaseunrarqhgrssmlqsasiqsr | sfteltoheiafmqtrc_lqisltsrfiqslu&hqarsasu | sozsiomtusqsaaeumrsrs_turauplqsplisr
K	591	5	0	1	0	staua taua inde nero	fqstauaiineroqpetfaenp_rme | _oet&npdrtotumz_rpohulridasagtftaatrqtherpu | mpadupidcqrgshapt&indeeadopnasuirlpzrriopoa | zcatmnsp&crpasc_tpoitiacopgtdhnpdaorud | mmriepmrdopurddrsaoi_igdadrditpuiloa
K	592	4	0	0	0	dita	smcsdudq&qrtfmgssgl_uar | _fgsoqitsssurr_ushuzuaa&dednssnds&omnhrtu | adauqiimunchdsso&qargditle&uozru&tfsd | rimpsrlcsoiomer_sf&qs&dif&nsahlidsuua | &ra&trsroasuuipaoe&ds_naditaasuazf&d
K	593	4	0	0	0	fine nuta	ulpfaiamutgqsslfcfurcf_q | _scfagfnsflfirt_flaiceouazasfudrtfudldaqsfi | faoifmnalspaasfautgoqctnfrzuitdcftustsflt | tahefnrpsaadfhze_ffsumftnutasfusfoafntlio | urustqsrdnolfineodzutlt_tnsotnsoeffiecsut
K	594	4	0	0	0	rpma riha	sizcdcqsgsdiaesleta_&rg | _deaaisudt_&aucdo&rucictslrficgsad | racudaqiri&tzccoasugerihatlidsfoa&ssdaur | rpmattzoarfapil_adqsarrdatuctairu&du | trssgotfauuad&imufirus_saturisuradrodr
K	595	4	0	0	0	arco usar deus caro tore auro	octtmnmleusarcotomoo_s | _rtdsopatutntg_ouqnlznemmhtoqmctecqqaon | somnnolpachtqmitdeusncpioomenulogeaurouc | gaastptotidaoar_toreltupecaroehtnqoopcunn | etseauitpnuonpsnecuu_uphncpanztonzlrec
K	596	4	0	0	0	fopr luto	decgnlnrp&thoefgdmqf_rit | _ogrfohgigloa_rfieltruepnsncgdpmmgpaepethfl | ifnelfrorerccensgrp&etmotfqmspl&atfarph&ofim | arllgsoqcsrraflsq_gfoprg&spmrofpcgeeqfomirle | poiph&tsoaseiflroleaspmi&_&scemoheugflutopm
K	597	4	0	0	0	seri fini fiat aili	fiattdtpcpfinistfrns_si | _ntrfsetstdcq_ssldlusctrtmtfretcailisd | sstsdspezimalt&trcpfsieessnrrcdpalsqcpnsse | qzectocna&rzaseri_tsncptpoceznscmtslnseesds | ccscpi&caosssdecsarcesp_pomseesutsdulnce
K	598	5	0	1	0	farla teda hata	ehsacgcppilqshataeqtla_uc | _staela&qamagrd_uamrgauspcucfaesqnapdhsrqag | cacgap&hufsrctaepiltn&ialqupgidaadupqisamn | decalrlstedaeum_aasppailpnsapfarla&nmug | prcpqitrdlmagu&cdupnmi_ilfn&qsaagsaspn
K	599	4	0	0	0	caui dura rosa	iarppntsplocauiru_ql | _clpucouce_quuqqzotpapnisrrtsaslou | upouncmaqnrptltspolrcduratssqueqtoscuur | emhrlcrtlmsuhae_uctnsltrmcutnoucruqo | tctosltcslouuqcrosatrus_slnorcoozuzqctr
K	600	4	0	0	0	tati meta amai	tasosoqgslesaatat_idl | _sacaetsf&_itesuirmgoaohtgraeles | domsqamaihseolcgsmlaadtagssru&igesst | &meflftslcmreao_sgqslgmsghmetatism | gfdgesllfrlmtsiafmragts_slhmaemrsrusg
K	601	4	0	0	0	eifa uedi	rdorunfroiuedicrrocai_ei | _ecrgoipurcrumq_icsuctsfrarraoqrfsdasiuiu | eisuinpedaosrgfrosicqpsiaorfursciqfureicq | qenhrsmaogesinri_riefnrrsfqeeifarssaipqcus | fmefurimsssciuphssrfqcr_rsasqpustriutcefq
K	602	4	0	0	0	sana alsi nera sera paia sima	orhsg&glaiacrrresode_fdc | _rspaecrsrs&r_fert&efnsagngusososaarstcre& | degs&elctrfuhtgcspaiascocqedna&iaeerfarirero | rtftsmdhcptaefn_seralsimaotreausstdecorf&s | adariccamsre&fctsanaori_imusocrsnse&nerao
K	603	4	0	0	0	enti ordi esso fide	msanhihodpessostrnmrrot_dss | _orn&etlsnfnic_dtfidepdhhunmurfndtsussti | sthpitollsduahrn&dpepsrflstordipttddspotff | larnecoar&lttaq_ntodonpedflotdunpotlffdip | dcsdspsrctepftidlrptdffp_peupflspentieodf
K	604	4	0	0	0	mede etto mese dell	seataplhaiqistfeefet_ci | _ifelatrqesetrn_ctsttcoslamamedezelgsdiqtt | tasttprscmadellhasifzrrteemlthgttnclqhitsz | nnseuredlgtnmo_etilpehulzitlmesetrzscts | lrlqhidrgussttcrssgmlzsh_humszrqsoettotilz
K	605	4	0	0	0	stai iimo timi sete	lpumipiossrhoptrmlurat_sr | _ormostfhmampsq_staip&sdtimimlruemprirhtp | titptofipsuiimosstrrefctaumps&tqshsotae | qicamesauoitcme_mtoomseeiotmtiatfeaspt | shsrsetatpsfatmeas_setefhtdmtpd&oe
K	606	4	0	0	0	fine male auif uolu rima usig	soaieirmrdltiofeasref_ll | _iealdfmtaaecz_lfserlonmisiuaspraamqopsltfe | finefrmuolusigalmrdnleamsfrsmerqrfzlmtrifa | zuicadcgluqfisp_afimrardmauifmuansfmalen | mcmtrlgcqdnfelmcnqsmar_rdunamtnoafeorima
K	607	5	0	1	0	impor mala aura dare rgma	mscmipifecurusammola_eeu | _umscadrmimpor_eaiapdegfipilmmo&mftsaurap | eaipadnselcairmsfecu&dqalopfpetdarefreuai& | rnqsmolcrsntaqpl_maufmef&nuaflmalad&iep | foefreurotiapedstpf&ie_el&drgmapgduf&
K	608	5	0	1	0	traua sede slra cert	lppddossqrtlprldlltr_rsr | _lldrqratdaddqm_rraedmrshedlcudsgpcertrd | srdroafprependrssqrluasrthsdsgmrmrstslrau | mfundzqtpnrfgruht_drlsodszsuflrsedetrauard | sqsstsrnqgzardranghsuas_szeuatdrdmlsu
K	609	4	0	0	0	paca part	zchthqpclaaizrltlur_ra | _ilolrpartql_rrntidophfhedtspuzdnaart | rrhotrqpszecnhiopcloalsporutfptcuirlpacirrs | lsmequciosurmff_ripqcpssirpeonurpsrto | pqrpacaiquorrtpeoufpsrc_ceospaodrtdiips
K	610	5	0	1	0	retti etti	qmiqtuteercpslmftqqztaf_mp | _ltqhcfasqfquls_ffupsrettiqqrznqeomrpsfu | mftrufeaumiitqhercrptnacfazeuropfsesrlffn | sutdqolaihuoftn_qfleeqroenulfeiqrafanfur | elmesrploorffuadroenfr_roirnasrsqfusplen
K	611	4	0	0	0	polo rpma	atupolopzmsortspats_hi | _rpsssopcplaa_hscqldhrrzoeoapaetnpziteqosl | isorlspsfthauqogpzmsrnssstezlmidsahzomrscn | afrpmaugfiseo_psrzppmmznfrszaprqssnchlr | zaizomgaimrcslhsrriezncm_mmarnsorrpslrdrzn
K	612	5	0	1	0	studi udir	eoassnsrutsqrrouiseigu_pdq | _risesulrscsnt_pucanpcpusrshseadsumoaaqrun | duspnurliophaasnseutspqidliugruntmupurtrucd | ilostganeimulrl_sururstudiruuhspaguldcpnp | utdurtqntmpcunplopmrudct_thpdlrpcsuncrud
K	613	4	0	0	0	uoti snon uano	opusnonh&sfctpgqsoqsg_mrf | _tqstsgecsssou_mgsaozmeshncnlsoishnpafcgo | rgnsogeipmluanosth&ssfqieigscho&nzgumhc&tgsi | uirdsesuotingrcr_sgths&ehiitghlssasgeismos | hrhc&fonessgomedsnchis&_&elsiecsesgoezthi
K	614	4	0	0	0	fifa dila haro	gcuaspslihrsdcfoagro&f_onr | _doahfcsaiapu_ofitpooaaissfagerqaiscetrsfp | nfsapflctcofutsdaiharoqcf&ripsofoisdfiq | tltasu&udtsflc_afdilasiqtdfifaat&fcqiopa | iunisrdussaifpoctasiqi_sfaqcsaaafpaodiq
K	615	0	0	0	0		oiaeqzqds&pctifneosnef_op | _tneu&ftceoezin_fohzputqcqmeorsfeeirhpcfz | ofqtzfdtaimahqreus&tpnftlfesczsepfncstfof | nalreaiearuaeflc_eftdesafatfmetheftfozt | iocsprieatofztrtecfos_samtftctuefzuptf
K	616	4	0	0	0	scri iano rifi caia sori arei	imiudulgsorictiftmc_aso | _tisscrifidcq_acfndoalslunuiafeilaianorcd | scusdcaiamnuislgssotehcmfnldgaocqalrgcfe | qareiqcmmsaacrn&_icligqleaclisnmcefads | lcslrgocaqsfcdaesanlefg_gqserslicdlole
K	617	5	0	1	0	ignor gnor rare	uprgrsintapfupu&ulf_zaa | _upitfopplpgt_zfltgrzcsirarepuh&piohtapfg | afrsgfsoszetrqpiintsauorfl&aignorfzipnfl | srdpatlqisofrae_pfispnaisfiepstlfolzgs | itaipnaqtoaslfgzodsoailn_naesopscpfgcri
K	618	4	0	0	0	nari cont	cirlrlionmpqtzarcralz_afp | _tartmzsqrurrlo_azucrpaqolslrrctrrodtcpqzr | fzlqrzisnariclirtonmqpasgzlrsorndpzoaoqntzu | ond&rclliitndzds_rztoirncontzorrqclzsuarq | olfoqnpildcquzras&qdsoun_ncrqsqqrzrpto
K	619	4	0	0	0	essi mons	dutsooorezhccunqsdrqsn_sp | _cqsahnicscsorl_sncmorsuieoaossdlrseulmcno | pnoionrirusstmonsaezhiqiinsraeozrnlseczcnc | lreqsgrstnarneaf_sncerszgercnessimsnicsoi | erpecznrgicnosiqiaecz_zgsiiciusnource
K	620	0	0	0	0		nepqhlpadae&tpnftr&_eqd | _tpda&capspqus_e&sqieoiltapnftpleda&q | q&iq&hcreeaupdlpaidttcs&rftlqpi&selap&st | srzrpmurudr&zte_p&lhppmltr&lapir&ctseqi | luqlapduumis&qecritltsp_pmaitcaiop&qoilt
K	621	0	0	0	0		urssnspspltlorcluelqc_udt | _olalciltnzm_uctsnourhsstsaurecssrrstlcn | dcshncpicruasssqasplhtlcicqetsnpsocmuslpoctc | mc&imzqsqacsc&t_cosppmsccocsahsqcictunh | szdslptqzsmhtcnuiihstsctp_pmahcilhrcnroosc
K	622	4	0	0	0	iffe	qarraffpqealnrq&nzl_icq | _enruplhrsraol_ilsraiaofssrq&mrftarqla | cloalheaisrrtruffpoqnmhslz&sfaftlliffelsm | learrcozrtuetlasi_rlefrfcfmeelfsrorzlhmsiao | focffqtotcoslaihrotsfmsf_fcsomhoarlaaefm
K	623	4	0	0	0	foto tato	crfototmasrhcsofaons_per | _ofsshfqftfe_psqrtopsmmoeoifazfmtcrrhst | esomtstucpirrogfmasmroznsnaemtatosepmhasqz | euurfdfnrgutsuel_fsmtfadmzusmifmrnszqptm | mfemhargftdmqstprmtemzqa_adimzhmsfstsomz
K	624	4	0	0	0	sale	ngueslfsaegcuunpuic_ois | _euudfcmautumq_octpooosshunspruszgspsac | icscemagohpudslfssurmrcipslzocqosalectr | qaqrutmidazcqr_uceseultsraecshuspicmrtos | smisalsmztstcomrszsrtl_lthsrmasoucooesr
K	625	4	0	0	0	olir soli cote sero	scaensnl&eadsqcotesstto_gd | _qtepaoiseoesur_goomsrgnc&ntnfessce&cmdsos | oncsolircgfamnep&eacdtciotst&serorg&seqooc | rrqueputaproqtf_eoq&leep&crqo&fecmtoicogsc | &u&sedupcoosgiuct&coe_epfcciscneosnrq&c
K	626	5	0	1	0	tario stra sanr tari tran	opdntltariolpqfnofeq_rr | _fnoqzlnonlss_rqoplsrq&rtntdnosanrmpsplql | rqt&lqaztprddptcnrio&fazcqenrlimsqsrrliqoa | stranrsedctmqrnh_nqranirratqrdn&peqzaorl& | rsrrlicsmr&oqlrza&mnraoi_ird&azl&qnqlqsra
K	627	4	0	0	0	esca	sgzleldtelcagufs&ftu_qel | _afqeucmeoi_qumfecqsndltlso&admgoflcue | eulneusgqzfldqdtenlfanut&tdetmcuiqdctauma | isiarotzdqsmuits_uadtrdasaudnftuamqen | doedctldomrnmueqanmtdamt_trnacnsuescada
K	628	0	0	0	0		ndrgszspfaidrngntncr_ecf | _ingqroagogso_eropshersragnetgsmdepfars | crrsrzodearpugqsprfnorrctrsspmhresapiro | scgqocruqmrsra_griszgpqsirsagrpcrooesr | socsapfuomqrorseocrmrsop_pqaroargrshis
K	629	4	0	0	0	lago ione nata	gaemzpitcra&egfeq&_th | _reot&rcsmiq_t&srmmtunplagofcpeaorc&m | h&nm&zrnataeriopitnecrs&qflpmiem&qtpcir&sc | qnupiqeione&ll_&rpzippcnr&panrq&rcstmn | pihpciiiepns&mtrunelpcsi_ipancrcnu&mumrpc
K	630	4	0	0	0	dfar pali	rtelusulpiadmntrflrsfsr_ed | _nflparmlllsfq_erles&eorpuouzlrusalpttuedmrs | rursrlstezeeulppiardfarssopsit&rqepminrla | qsgmlnfsepstrgos_lrnpllinpasnrpzlresralesr | pfpmidftnrlrsemrtopali_inzramrolrso&npa
K	631	4	0	0	0	iter fati alcu gesu alia	tgisrscaurusegfnitrncf_qu | _eniirfsicirpi_qfcsraqotasstiterliasgesusfr | fstrfcagqtssriiaurtunlpfcrarusafiqasuefcl | ialiapcriasflf_ifeaciuaalaefatitscflcqrt | apasuurpsatcfrqtsalcu_uattlstoifroaeal
K	632	5	0	1	0	carta nume sano cura noma	rrhgususcrcaucrsagroais_aqa | _cagcsnugtgsdd_astssaemcuusgrtoegcartauss | qsumsssnqrashuzgcrcmaaenpsiocsrassdacurcste | dqtogndihzqastm_gsccsgrnceqcscsgmisnetasm | cdqcurazdanmtssanomacetr_rnsmenumegssescce
K	633	4	0	0	0	iger flit dere rgma	snormcmgrcesntsrsssrt_li | _ssrfctderrcu&_ltacplergmamtrsosrrginoaetc | itmrctdlnltoamsrfgrcrsrdqtrsagcript&lgerstr | &lczrurosflitcau_rtsgrrgrlstgtrrartdrlcr | guigersuirtcldzriagrr_rtrrderertcepsgr
K	634	4	0	0	0	late iere sola hate	lhatecef&tuolhestlsre_dzu | _lsteesototccp_deoccsdal&enemtlqft&hqcuoec | zeelcefsrhdmaceite&tlusfsnern&ctsepd&otleof | prrstqcraiererng_tel&fttq&frle&mtlcresfodcl | &cz&otuicqloecdssln&fot_tqmlfsolatecasl&f
K	635	4	0	0	0	gita dime	ghaattsaqspchmmagimrm_lss | _cmaaqmcpaoare_lmouilsqsttragitasdhuspm | smtqmcehlrautfaasaqqsmtcomrisadimelspacmot | eecdairrafaedmcn_amcsaaistecmsraqurmctolq | srsspasfrdiqomlcdqdstoa_airqtcpqsamsicst
K	636	4	0	0	0	arci	soapgffnrqsrontpsltcn_tq | _rtpcrnspepgoh_tnemgrtelf&psulspfaoumqsng | nlgnfiotamrpcfnrlqtssncl&fgnarnhtfsnrnes | hiqlpaocarcianq&a_pnrffpnafsirnfplmcnsetgl | fofsnqroaalengtlla&fsen_nalsslepngerrfs
K	637	5	0	1	0	erche rche este sire	ztieutmiqpdrqizeqor_efq | _dqirirrpicieoi_erchedesatsizneitlnhqpre | fraeruraethsirtmiaqqruroestemldrietpmdrc | iacmilootsralrcsn_irdtuimltadrtiahorrceea | toftpmqsollacreermalstcm_mlarpasiresddt
K	638	5	0	2	0	sessa ferro essa loro dere	aoiasessazhdosraalrcs_ruh | _raczsddaaeli_rsferropastsoaarleaasorfhdse | usspessdloroifsaacazphredpscltaesrsiradse | iltaelciaclsstm_asasaeaelsaoapfcsderep | aluadhalsepserdtpstae_eopeddpoaseorae
K	639	4	0	0	0	doto	tar&tdtdspaqlaru&tpur_t | _lu&sarcq&m&dam_trmldotostste&tepc&siaelqrd | rtodrdcraterlte&sspaouccnrpssdpiormtsqplrmc | mrq&iaresrirsg_&rlsd&piscrlrse&olrccmtdo | sasqpeaiiomrdtcqoisscmp_pieoccqo&rdolsc
K	640	4	0	0	0	cipe	tamzsistnifucacoztouc_pf | _cozficuznziep_pcnmipa&sssgzthzcahmfuci | cs&ictrapgmmslzfni&foscusinccppunccn | prrezieumlfrccrsd_zcctznirccgz&mucnpi& | eunfleci&ncipe&csnn_nig&u&azciac
K	641	4	0	0	0	alto	fnmuquotzaiodlmfoel_qri | _dmraltomsmqp_qlssqdqiutulucmfmosmtmsiolq | rluuqlotaqcnsumrtzauisttleoltqzdlqtozdlss | aagmspenralala_mldtomzstsadltcmuseltssqqu | tprtozipsuslqqtgultssz_zscustouimlqiddts
K	642	4	0	0	0	polo fils male	ulutunmerpizpolorp_stp | _zolsrpillltrg_splntcstfmuruilqalmcqnpipt | tpuftpnesiunuelsmerfpoasprrmteccpgsmiezpla | gefilsrruesecpfrd_lpzmnlesmaezpmilfnrpalstf | mrtmiepercsflptsifcrmale_esifaiftlpttczma
K	643	4	0	0	0	fiua	sfoisiecrrqzfpsosrs&p_iuq | _sodrpczososha_ipsasaicciniuosorpocqfoaqzps | upicspecofiuaisodcrrcqspcdp&rncsrqapaiczrpsp | aomnofh&sdoqpmnt_opceorfcpopcuoca&pcpsisc | chuczrqshqfcspsicncqncpsr_rfucpczcopsacp
K	644	4	0	0	0	disi neir	hosesdfginodleholod_tpg | _nleafdeiesesrz_tdsrsltcisehcoaeeocrgids | pdisde&otssrpeadfiglaesdoosdeldztidndsa | z&mneirospa&edmt_ednedia&ndseirodeastsi | rpidgpreiisdstenieasd_disiaeiicedsclna
K	645	4	0	0	0	caft anto	aszmlflotqasoesfnmarnrf_nrs | _enmcaftomhmfpa_nfhifdnmtllcmaersmt&seisoff | rflmffotsnczildmctqamsnstufrrtfq&dfantoqefhs | armlprzdc&fre_mfetomqltseftcmmirftshnfm | tprtoqsdp&lmhffntm&tshq_qlcmstommffdets
K	646	4	0	0	0	cioi nolo	eugcioirapfnoaulceqel_sdn | _achfleoczcoc_slzrolssaiaiqceq&carurnolo | dliolreuusqgrirchapfn&esleqaaoprllcsaopalz& | cunpcdegrhurlnat_claarcpda&ualaqcrele&zso | adaopnrrdzlosepraa&zp_pdq&eoscloslaa&
K	647	4	0	0	0	pena pari	saclsgsohpenaraclsuce_rln | _rclselalrlgt_rrqgrtihssilsiuslhoaiqnag | lsigolparicqselshpeincsl&euhgporhaprrs | proldtecesporr_lrholpdhsprhiliqelsrrgi | htlhapnetodirgrloiohsrp_pdiislaitlgtrhs
K	648	4	0	0	0	dura sere amen mulo	qdaelplogoadcmeqcmtc_uro | _amengcserelsm_ucrplutfltreqzcdelrdzpocl | rcflcps&durapenlogfomdslctctllorcmuloacrd | m&hueistan&rchtq_ecalpeoild&aclrefptcsdrulf | lsrloosrifrclusufrtldro_oirfdsftecltald
K	649	4	0	0	0	nari inai	uaqpdndoaemsaiepuzepi_alm | _epgeiispopnt_aioonraffdrdnpusz&pasomsin | lidfnioicaanqodrpgaefme&iiipzrnaritasaio& | tcsmpapqrgcisr_piopaa&cinpfopii&oanf | lsamrafoinaimfr&oa_aanf&isffpinfr&
K	650	5	0	1	0	rotta usar	stpnlulmrmrltsqnscqus_shr | _lqnfsnenurc_sseausarrlolonstcnnrottarsu | hslrusmztsopalenfrmrrqnssucorumoscsrmlsen | czfdnerupefzosfot_nslrmnmernzlsronrausnesur | rrhrmreroeresusdroornem_meornransualrn
K	651	5	0	1	0	oltra arma opra efti	tseatltearsuzasoatpo_qou | _aadsoczaalhd_qoflrqtsatrtnatqraafsqfuzol | ootsloecmsqneftiadarssurcropralrfrodqazraor | dmanahpeidmfoare_aoaaeararmaoanasfpocrqls | ahoazruihfsolqcnsfrarr_rnsrczstaoltraar
K	652	4	0	0	0	riii dimo alda	amlzcpchdutlamlszasscl_snt | _aszsl&lzozpa_slocpesqidcicazaosnzdimoctllp | nlciplh&rmsalccqzsduitsn&rlcsidpuielasdlualon | arfrztclqsrilfie_zladhzutdnraldaziccl&nospi | dndlutqitiolps&riiidnou_utain&liqzlpqeadn
K	653	4	0	0	0	pura	rsthfrforquasuihriilu_gp | _aihquuhqhrpr_guqtrlgsfmflhrsirhosstuur | pufruonsglttfahrqirnulimrrolurgurauqr | rnmdhcpltanoumms_huaohrcrnaulhtlurqgr | ppurapocqurgdomrqr_rclrushurslar
K	654	4	0	0	0	muro stro poho	qadrlcltdigohsaofrqqfpo_ieo | _sfrugochrrca_iopcfitsdllcrqsqrrdaspohoc | eolscotcmaicdplmrudigsofrcsopqdcifoaidhisor | amuropdmumor_rosdtriodrmsodcrsppocrics | dedhiomosocicusdri_iocsrchstroctfsdr
K	655	4	0	0	0	rema tore	ldumqquasfrtdramlcaar_mo | _tamsfrnrmrmee_mrrcomspaqqhmlcdmatdcrr | orqprunidmhucqrmsasfpadn&racastoremarstrrd | eilcmgeaursitrlf_mrtaumsgaditrahmpcarndrmp | aeoarsretgprrmncptadrs_sghpdnrpsmrsotad
K	656	4	0	0	0	arti rifi	trncszspriqdtcrmlctmlem_had | _clcrqmotcfczae_hmfezhlrs&sqctrmicrrredtmz | amszmpoirhqnesfcrriqdliogmem&rzimehrticmfi | eiscsaenfrim&d_cmcrpcisriicmrqceemoifhz | raartidfasfmzhos&rifi_isqiotlcmzlcri
K	657	4	0	0	0	fura tria	rmpgrarqraslimdngrfnud_stl | _ngsdaigagaor_sdaarsotrrurgrlfdgrcmllida | tdrtadqammsprograstlndadufuraacrdrsriadad | rmipgeoupomcdiuz_gdrqgaerdmdrgtudadasat | rotrialoocetadasaptcurdaa_aetdaitogdaorrd
K	658	4	0	0	0	sala fara	rtfsalaufeqrotutsratu_mnq | _otshursmslir_mumsllmatfaraasrpassftpsqrul | nuatluurtmafsazshfetqtsnuarflelurmfreoums | rrsosifzhrusr_suofusefsroufastsusmmlt | finfreqzitmulmotrfsme_eatsrtasulalofs
K	659	0	0	0	0		iigaractspsrifrgitrlf_cep | _rrgisfssgfgrae_cfforczsa&algirtagqiropsfr | efasrfcseicloadgitssprasaflt&rtqfecstrffa | eeqcgmaldieqfq&_gfrcgtmaerflgsolfsafcrs | aestpdaqmsffrcscsq&aft_tmlsassszgfrzra
K	660	4	0	0	0	fere qual lodi	opz&gngqrfnoscpi&ohiu_lro | _ci&nos&s&nmd_lsnalirgags&oihe&rapiosn | rginqouplszgq&rfnioieoluharnfaadlrsfcse | duld&emuzqualaa_&crq&fereucrs&iuoeslni | rmrrsfoqmaeisnlodiaaresf_fesieosi&nacre
K	661	4	0	0	0	area sona sime anda nare lanr	sansgs&naeccslanrasl_lue | _candalecntngpf_lltmgllqrnsossnirannssimeclg | ulsrgl&efslsamsrndnareaaerlsrongsllflncclta | ffpqnzpsardfslpoe_nlcn&nznafclnsnrmsleatlgr | npuncerpszrtlgleqrsonat_zsraecrqnlgqlcna
K	662	4	0	0	0	fian caft	ptncfrfstaqod&tscpmsa_qo | _&scrqtdclcris_lroultfaficpsmmctctsodr | qflrstztinfhcrtaqlosmtuamatracostda&lm | szilcfianhrzciar_c&tscaftmz&ticlatmlrl | tiqtdaohicfllrtllcatmla_afilmtdlucruo&tm
K	663	4	0	0	0	mulo nere tolo	psnereoh&uaoespcs_qia | _emulorrcz_qrtrsqftheaerpscohrsstaor | ietrolcsqrntermh&utaolscahr&rszqho&ero | zcuiacsnrmcruam_eho&ahocehrttslorqrt | hciho&arcratrrqlitrahor&_&artolotfrfseho
K	664	0	0	0	0		ihaqoqoicuflhsiigs_r | _luslfmot_rsmcorrrmiqeqsiuizirhucfso | sqmosolchrsacqsicumzlasgieiocrrsrifclsmz | cdettgascrsdea_slioctizclsismcgslzmrom | itifcstrtmmsorlemreizmc_ctsmzlfmrsorrliz
K	665	4	0	0	0	fura sole sato	radfnonluqeuasgfrtgas_l | _ugfoespffotp_lsqoellsunon&fritafuraiqso | snsoslpial&dqnmfouqesgapzsatouoqrespluqusa | pinsfitadmoirsnot_fsuulfqiuaiusu&fsqaspalos | utuqmtrissolpssrouaq_qi&sapslfsoleuua
K	666	5	0	1	0	penso	slqprptnpr&nlczsrzqc_ls | _nzurct&ermg_lcemrflanppcsursnslum&cr | scparcttollcqmpiunprazstdcqrnrpsfcgln&pnces | godemqqiuosch_cnntpensoncncamqctselra | nmsn&pimseaecrltdasnsep_pecast&acrfnns
K	667	5	0	1	0	catto sale atto tana	cattoosalelrrapmtccm&p_ghl | _rmtsepurtrtql_gproegfdaoiontccotanaolrp | hpodpsucagntooatsaledlmoup&cialneplgarlrpro | lcmdtpq&tascnpmis_tprastlpaocrpantdo&puorgd | aqharllaqnpdrpguddniaorl_lpndourdftpferao
K	668	5	0	1	0	eficr foro	usdsogotfcprinszusuquiz_her | _nusqpziislsgan_hzleghraforosuoqdsfsoerizg | ezoagztishdeomsqfcparudilziqrfgcznhficnzld | nlasraidmqzlrs_sznftscrfdnzfsaeizidlhga | faeficrmaralzghiaarfdlc_cradiiarszgrnfd
K	669	5	0	1	0	carro poho	suizllsrogphuoqzstqeo_elg | _hqzrodpzczq_eocfreccrlrluzsntozraunfgpo | lolcosdrueuiflszrrocgqod&oetrroaroerpohoco | riszqeisrraoirs_zohrszororhoruzcfeodocec | rqlrpogsqaccoedscarroco_oucodpcczocrhro
K	670	4	0	0	0	cons pise	srsprpltrcntqmssoml_rsn | _qmsecstsusre_ruprriqtpdpssconstucpntr | spqrlsrrppisetrcqnmnsalodtrruerttrqun | elhselrieuldo_sqtlsretnqtsqplsnurrq | tsttrniuequrrshqudtnur_reqnstqisriqtn
K	671	5	0	1	0	stufa mine neri ante	nziiouoctfsqczerinrrme_cus | _crieqiiupa_ceru&csttosomineritazersqeu | ueotuecpzcmiroditftsrremrstufa&eactqfce | apaoinpmidpaeast_iectcifntpcetmitrmecut | tputqfsdpanteucotastf_fnmtqtsieus&ct
K	672	4	0	0	0	eser noii ceno	mtrrlroeouinetsrmrus_zci | _erlusgnrsrldr_zssalozmqerdrrmprfreitpainsl | csrqlsogttzarirleouqifgasurdeloiosrzenoessf | rtsarduiltissdr_rseeoroefteserqausgfszlq | edcenoiidiqsslzgaqidefso_oqfgnqmrslmoeef
K	673	4	0	0	0	tiri posr	mc&iintucmdfsi&miqs_ram | _fi&acshd&o&fe_rsosurgptirio&mzr&tszsmds | asipsnhrocsi&atucpmirhesqrtususertdufsor | ed&efqcassdrn_&sftn&uetrfsto&psqshrorp | tfatdumfseposrhpsrtrou_ueoprhdpg&sguftr
K	674	5	0	1	0	linea lata line naie alcu	rmihaeaotloufmohruo_nso | _fohplcuhiheci_nizefnlata&ashrtulhtmtzoue | saaeocsmnsizadhptlaoolcu&tefintufil | isgrhncidpsg&_hftohntlsftshazclinea | tcstuodcnaiencra&tli_nsalcualhelfftl
K	675	4	0	0	0	sene	ieqeecsamdsetoicost_cmd | _sonmtdhlf_cthaqcopseneiicas&eiadt | mteptcdlecqaensampdoadatscnsa&qtfcsastha | flrotlsqnl&trns_tsscatsalstspastdahcp | slmsadl&tphtcdop&nsaha_atpadpotoqssa
K	676	4	0	0	0	laua	romuzrarcssoturltl_lns | _tuicasu&uzep_l&fzlsagiurrlauauorfssz | nszraoolimffuiarcsstaatllgazruplasr&a | posiuoelmfiousgs_uaruroaaoaiusflaa&lzs | aenasrsfeuos&zlaisugaa&r_roisaassuzaa
K	677	4	0	0	0	uola aere	oefeteofsapeqifodinq_ar | _pifsqlafmftgq_aqmrtdarufeaeefoldoffaelraqt | rqeutqolceaeresffsuiolnqndaftadqqafapqmo | qclhfrgnscaqlaz_fqpfofrfocpqfefurnqlomatu | fgrfasgarumqtalhuaafom_reuolaurfqtrdpfo
K	678	0	0	0	0		ulnegfgsdqlrslheuroh_itl | _serqhmrezefdc_ihzmfpiiqsgrgaeuarfeselamlrhf | thgqfhmrlianmgpersdqqlfmchorrsfdephcisrdshzf | crssetdonprrehsr_ehssedtsfrshsaeqmohmfzifq | sdtsrdlpdetqzhfimsqersfzd_dtaqfmrqiehfipssf
K	679	0	0	0	0		m&qtqacrrme&eotmaoue_tpr | _eoteimtgtqll_teglqrthuccntmiattcc&ilrmeq | peuqeaid&tnqlstcrurotieuaccqrcreltcmreegt | ldsstzluqsdcescs_teecatrzctdeecntulueitgtqu | clpcmrrslczugeqtisuccctgr_rznutimuhteqhrect
K	680	5	0	1	0	soria sori	iiscttfssqsoriacitau_rs | _racaqnocccea_rcsrupstztdciltcsoilsso | tpfngirdsstdcassqpsanlutzssoarsosrc | ag&ccleusdago&zn_crsfcslsgrsdcpsuncrp | sesossdeolpcrncpozscs_sldpnopucurs
K	681	5	0	1	0	etter cire seda fiar paca ette	resedadaasnermecserlsrc_ie | _mseonciregeafl_cgtalspaddmertlheaietterca | icdpacaicemstdaeoasnpeshicrlaasilclarsmcgh | lcqeofrsaocicqr_ecmaaesoahcmcameptrcihgap | afiarseafiopgcaipiahgs_somphirpsecaslmah
K	682	4	0	0	0	iero	rssomimretllacslhorshcl_el | _choallrao&oif_el&piaeiemzmaorssroenssplali | lmiilrrpseaspmooaetlilhrrqlcszeitnaleeatcl&r | pmoonfcsoapnlmz_olcerotnerpcleaoipclrr&eii | efeatlofnni&lieroinzer&t_tnairraioliacer
K	683	4	0	0	0	mifa leni	cqceieqnsauufcsclsi_lu | _fscralucocia_omifazneeedcrlncn&crmuui | leziqlscdqmescrnsazusnldilenis&fanusfon | asrmctiqsrs&rep_cfnqcstnnsfndczmilnoiz | nlnusus&tzoilmz&ennos_stdznluzaciaffnn
K	684	5	0	1	0	douea doue	ahedsnsuqca&lhgqdarqug_zi& | _lqdaagcdmdno_zgmfnpzilqssssdaersdqfhef&gn | igslngucchzsefsdaqcal&qscdgursqncfpgzqclgms | cstdoueacfgssa_dglqudcqsclgqsdlfugcsmznl | qoiqc&oflmgnzctlfsqsmc_cslsclidgniplqs
K	685	5	0	1	0	infor aato fisa ifer info	pduftztiainfordccfpac&c_qf | _rcflncsofofzr_coezlqaatotrfpagfaudefocz | qctazcisdrueteflainafcgsic&aoaziulcaoircog | tsfsr&ueluctol_fcraifisagrcarfae&csgoza | arqaoiferusaoczssauoagoi_isragsoaqfczqlrag
K	686	5	0	1	0	notte lete otte asti	gtplo&elrnottezlgszce_ihn | _tzlsreaolrloa_ierfouiretllgasuleitafnoeo | heoe&astilpfslselrnzuapecsteoliueaieolteru | aselmcpsssietc_lete&llmeusteellfceaurio | eheolnsimreoiaeiteurl_lmluaorleoruteu
K	687	4	0	0	0	foro efor	zanaaroslqloarzdur_lhq | _oqlrglrsu_lrratlsoararztdeopataqlr | hrasrrgfalrnaacqoslsqeg&rudrosptrulolsorre | ufoisuncqfprrs_roorsioefororsaurgerls | osholsqcspisrrlgosproers_sirseglsrtooe
K	688	4	0	0	0	gita degl fare ance	lrdigitanceqtreadlfare_rpe | _tadncesqdzdgim_rezdgorlfai&imdlrfudasrrdeqeg | peifgetstrrmdipdnancfeauserf&agnsoemraqntezu | mtlsdiirpntsel&o_detatdniautteamdfdresuzrgf | aipaqnepisifzegrssfs&auzn_nimfusqfldeglotau
K	689	4	0	0	0	reue sali paia	mdnpaiaohfreuedsrpmdrcs_sle | _erpgrsuprpit_ssrcislhamaepmsdsph&dsceusi | lsalisoldsencapghfrlersrscdmhif&sshufesrs | lrnpqtcngl&srmc_psehopfqhslesheplccssrsil | htlhufet&qlrsisnl&mhsrf_fqelsulpsiehs
K	690	4	0	0	0	sete demo	puurddfmdraunlrpnlsn_la | _alrntrrqre_lnqrhlrsmdpdirpmnormtumrrn | andsnft&uliurdsrmdslotinsnpmdthnlmrdanqo | &ssreesus&tnspo_rnamfrdemo&anmirsrsntoqls | meamrdsetesqnltsstpmoqd_deisotrsrrnrhamo
K	691	5	0	1	0	refio refi efio fate	igfraruofcrscsfizspc_rlc | _ssfsfccrfdfate_rcdaaurnlorlrefiozpfoqoacrca | lcrlacuctregarfsoflcspcqcpzloaqucerorscdp | etaafitpgstqcald_fcsoufioptscoeflapccpdral | otlorctqildcarcalqlopd_ielpcrlnfcanusop
K	692	4	0	0	0	rare tari riua	lezrssofcm&mneuarlaeu_af& | _narrmulmrirrs_auioaarfsssprldcrfted&mu | fusruoldeapzsrrfcmr&aclhuesfctousafmcnuic | sdilrarezrdtuisi_runforcafcdnufprreulciar | frffmc&rtariuallrtsfcic_caprclmraruaonfc
K	693	4	0	0	0	nouo	e&qnouohflssr&alnecla_uzs | _rlnlsaaninuti_uairufurfosomnegcnfq&grsau | zaoruahac&umqrosnlflsrslapacsfulqfaiuflrai | icminrtqslcqamsd_narfhnlrfcrafmnrraaiuur | ftzflsstqrriauuairqsfil_lrmrarnaufrf
K	694	0	0	0	0		hlqicpm&uanclgihsg_sfa | _cizugrniuicmo_sgudctssmaeihtimfldangc | fgcgprtlseqdrizm&uatragsamc&ftgosmn&cgut | otoiiemsqrztfgoae_igcmpi&emttcgmeidsgrtusc | mmfmn&armfeugcsrifamtu&_&eetrnsigcstcmt
K	695	4	0	0	0	cire	cairtnt&faoqsapurcaucp_opo | _sureaplqrrrnel_oprntoadtutmrcgalroagoqpn | pptdnp&lraomitrrefadoullnpcaunfotploqfsprl | lrsrtecireropsu_rps&rftlrspmrdcpllrond | epqforeotdrpnoldoulrf_ftmdllqdarpnatsl
K	696	4	0	0	0	faui	dielrfrstigiiasldlsha_sf | _isloiauglplfln_sapufzstqsrerldrllsqirugaf | farqfauiseurmlostiqsuaahlesftqzanssgtiap | nrsl&lhemoqarer_laislt&siaslquhaupsfq | slfsgtmlq&qpafsusqqespt_t&qugqtlaftzis
K	697	4	0	0	0	rpma amia arco	crlrqcqlmairiurdorcnosd_ar | _uorpidlirrcz&_adrciautmqcqarconermmrorridc | dqtcdllsraalrqrpmaitroeldsncmcamid&amiaude | &sfprzslpsmdfcf_rdumlramesudmartrsdleact | mzmiarzmtdcalptmcmea_aateliturdcuiume
K	698	4	0	0	0	tran cuna stra elta	fioscctasephinpsfepan_oae | _hpslsncpszsd_onzrorttclcsfterstsitrepn | anctncrioorcosltasteprcunaeltasndotpahnzr | dr&msuaoolrsn&le_snhtsautrrhntstrancrzot | tatpaeosutznocmtsltrza_autrcptrsnrhtr
K	699	5	0	1	0	dalli cime alli ueni dall natu	rselssaiecfmesnllralsn_zcf | _ellcntmlclof_zncd&zqmispslrdallisddfmn | cnsmnatuszedsnliecmflltansapie&nfzimeencl | furrloosenunrp_lneialeoiluenilmdsntlczm | iocimefnoomcnztrmpilce_eomltmmqlnq&eil
K	700	4	0	0	0	tele	oqltntztrghsadclolcrd_m&h | _aclegdrslflnsa_mdfsnemiotttfloslltpsshsdn | &dtondzrqmfqsteletrgohcradrltnrpedamtsradf | aqumlcsrqeeqpdui_ldatzlrctqadtflosrdrfmno | ts&tsrhespcofdnmrmoptfr_rcforsoildnieat
K	701	4	0	0	0	solo toro tono done tito saro	fccrldlsmqaiqcoarfsaro_osa | _qaronirnrdr_oondtoromlplhrfssrmicaiod | solodosngcohcltrmqoaasnlorspmdqitoromiqqons | rgzertrctgiozpc_roqmsrqtmsgqomhroronsnodo | msmiqatitonodoneoipmsnq_qthosniorrodrtqms
K	702	0	0	0	0		rqsssisluzlqrcsrdcmr_gnz | _cseurrlsqsdl_grqragffssosasrcdpsshqcrzlr | nrsfrirqgarsiseslufzcprirmdoslharlgsllrqp | lstscdmiehrsoa_srsislcsprsasfrmrrpqgf | sdnsllzidhcfqrgrtfhospql_lcafprlffsrfasp
K	703	5	0	1	0	oilro mois	pairicpfzamploiuotl_rfz | _moisfllaisirct_rlsnrerocdgimueicrpmnzalr | flrlilnprganqiscpfzoelsltudcrpreltrcapmlse | tnt&idctaqsnrltdo_ilmciipdcenmlcgintllesrr | ccfcapzqcrdslrrl&rdcesp_pdgelaoilroemce
K	704	0	0	0	0		ttmaaetonlrtirtsrai_nin | _rruoislso_nisdhnigala&tpsustpdnli | iiagiesptn&mdarutognrusriasltshionltrisu | oplfamrupsillf_iretupri&gdaisusng | iltnrsgsinsfgslust_t&guslgiiihru
K	705	4	0	0	0	sete	fseteqauzcshrefrrch_&mz | _reuuhacegets_&hgptl&rqpoefsrieqsspzcht | mhtheafs&opmeuqauzriaqhcrpqtalhs&qcahgi | sfoselcmufhops_ehqeealqifhqoepchaig&t | qmqcazmlght&aspqiga_aloiacrehtrlqi
K	706	4	0	0	0	cito idea	gqnpsssui&izmqtpgetd_rai | _mtpl&zpfpsna_rfserlcshsfpgpeopdqpizs | ascsuoqrfnstpli&citoedehsidearzimfo | aocrpndntlodchr_pmupioomfpcdofrsc | naziitndcfsrrcdhofi_ifcozclpslemo
K	707	6	1	1	0	sanesi	reszznsadnheglrullg_an | _hlmdgfuso_gurtcaszizraucsiearng | agzagnfdesrzemsadanlcf&gluisaitgosahguc | odilfslsemdigiio_ghsnafscdhgsarlgfcua | ssasanesifaugflaiiscua_afacfacgcthsc
K	708	4	0	0	0	tome nere rito	fcselqlriucnuceefmeo_s | _ueeicnereqda_srqisgailelref&mteioc&nq | laqrtcsrslreiiucaetomeiquoiasinuurt | atomeddosritooes_euireudittuireaotrsqa | idinurdodarqsmaoeitru_udratnageqgiuit
K	709	5	0	1	0	sario raro pise sara	smsccif&rassorsario_tzr | _srsu&orasqseg_toqlftpsichcdsaaasiesalrao | zocsorqstdmlcnsuif&srrarooiahifefogtiafsoqa | gqpiseimnuqeopht_sosisfiaqsoidsslioraqts | ieziafrneesqotrisehiaqf_fdsaraspsopfsia
K	710	4	0	0	0	fira ardi rari trai dira trar	nletrardiralsclstness_hol | _ctoasstptar_hspsahlfiraritnueptiqluslssa | osrfasdclhiesrtoiraflpmsseaiarqsrhisrcspp | rcitaseocqsa&_tscidtraipccsiitfssspphaf | ioisrlqafpsahifqaippr_raifpsfltsalcip
K	711	4	0	0	0	cera	m&srcrczfsqou&lrmml_soo | _ulrlqgrrrrr_srartspfcucsrmdmsrft&daor | ocprzgf&sssacerlfsqpolsgimufrsttrsfsurs | rfceraselftcul_rufzrsafsfufsrpagsrsrp | fofsoetaprrsgeptufsrs_saspsgprrtufs
K	712	4	0	0	0	laua	ltqdclcrlutaa&tzfdlmfgz_mqa | _&fdctzsaddlio_mzhlimrtlcdcfdlsmpdlstshaazl | qzctlzrsetmfqhcpdcluttafpsozgmdllusizomlau&zp | oerduigqpceszrda_dz&lrduulpe&zlfdthgzspmlt | liqlauapisutzlmstsdlpu_uuftpsatrdzlri&lp
K	713	5	0	1	0	olire dolo olir issi ando nero	aslrlaqeohpaeissiie_nuh | _pisloecsrsrru_nerorsnzqqlldsdsssqradoher | uelqreaciandoloslqeoqhiscmeisqrerseunqepers | uigtsmrioliregt_sepqasemqsipeqdsqoiecsrnrq | qruqehorrmqrernctqrqsre_emdqscqzserzspqs
K	714	5	0	2	1	uario acqua dura coti uari lena	fpiqaaairegeopuoqfdotu_nfg | _ooqsuleqqaon_nurainrqrauatqfcdeqrapcrgeua | fuaqauilpntirasqsreqgoellutduraeaiunnreeoue | nzmqcotissauzu_quoriqecreourtqqrtulenaq | rofreegsoacquanlmqauree_ectqeleqrquariore
K	715	0	0	0	0		liesogsprflrfar_sh | _pflngrdslmliia_srmaicsqrsfltrnlsptasri | hrriredmsfaalnsogrfndrrarsiopcrasssoprmn | amzelsiaanmprzd_lrpselossnmprsflraardnmsir | sihssoaipsrmrisderpsnmo_osfrndsrqlriqcpsn
K	716	4	0	0	0	fiso desi equi dita cato moli	moliqsqdstgoscodcimncld_flo | _ccimgdsiisec_fdesifr&sqsqpimznfisozeosds | ldq&sddaofplequimstg&ocfdlnssstidcfsstcdf | catoiaellumadtsr_idcsditasfacdspi&eldffs& | selsstouea&dsfo&ssft_tap&fs&ridsricsf
K	717	4	0	0	0	rene	dtuefesrhmloetruderc_crl | _erulmqoupufar_cpnficprenefudzesurctznlof | refsqrtcfnequlrhmlrsqacenrfhcircroheps | rrolutacqlrcong_uersuhtrsrerfuncqspcf | rarrohlqactpfcqlcnrsph_htfsqopufpiers
K	718	5	0	1	0	error este seru piit less pelo	flpiitosctrlegpfdgee_rt | _lgpfceurpspqr_resterpaoicipfmdsposmttre | eiaetuurltirpfoscatgsuneedcosseerrorsless | ruldpqelrfuselci_pelotpsosuleopateeussra | oqorstrqsaserudascosss_sasurappepelos
K	719	4	0	0	0	uolt	mpqrere&gincsspufrmlfou_mrc | _sfrqnuusrsrrnp_musrmlzgetermrlergoprcsur | ruezru&utpmqerrqginzcfeucuoltgrioupmgsisuse | ptdornoqrqtoudtf_rusg&rigetsugrzouuesmrz | gnrgsicrnozsurmuozotgesi_izeuszlrurlsge
K	720	0	0	0	0		mdniriraplocczdrqimrqrr_ac | _zqi&ortciliieh_rlmigespriruimcrnipsdcmccri | arrsiratddunmri&ploscqntorrripilsgrhpclzrln | hdlieern&dsrir_irzpailepndzrpuismrrtnlis | peapclceseslritlssipnll_leusntcseiriegzpn
K	721	4	0	0	0	sera rose tolo	pfoeoaor&nacrufreplgr_alc | _uemarqreceasc_arclazaso&oqotepale&mfalcrra | lrooarrqefatoloiem&naocqrglq&anmzrca&rnurc | ceseedsgoimemrsqr_eru&rend&eur&teolgrqcaao | &sl&rncismdocraaqeomq&cn_ndtoqroseraszu&
K	722	0	0	0	0		rmaooolqsfpliruaceu_mdp | _ialfurlasaoru_musfozmrqqooiacsaqsrfpluo | duoqoulrrmimfocalqsfqpsrcuecqosszuumqlsiuss | uehagremclsues_auiqlasgqsiuqiaqfeurssmoq | qrdqlspcrsgqsuomrhqsqsss_sgiqsrlqrauorziqs
K	723	5	0	1	0	uedea hore fede lede uede delt	hipptrdfrecethrte_sfr | _ctnfedeana_seauqstlrprpchorersouree | fepletdzsciupnrdflrtedperrrdsqeasredceae | az&qninzse&rm_ecrtdrezcercluedeasl | rnfredrnslaesdqlsrread_dcledeltetqcre
K	724	0	0	0	0		dprrrmrstsesp&grdsge&_lds | _sgrct&ferrrmmn_l&rmflairurcrdcsprlpcse&m | d&rim&sfplcrrhrctisgpfi&esumlf&nles&rp | norlmerhcl&oun_r&ssrlps&crie&fprlmi | mdeshmllir&mlfilupr_lcipfeiar&mafsp
K	725	4	0	0	0	muro onon erra nons	gnrzdedasnssnhtzgqtrh_mln | _stzahszszeer_mhsoeqmtfdduzgqrzononshe | lhdfehalnmurodazasfntrihrqesoqhrmssshsr | rlltzcerraalohl_zhsazscrlshuzforhrsmef | elssnaeocfshemtforss_scufrsftzhetqsr
K	726	4	0	0	0	leua sana uadi	tuodrdsasnaseothers_ten | _eopssuaocornm_tscarstfladgdotsheoazsanasr | esdlrssultuadiopaslneeursrhgarzssmtaasce | mlc&ornruiplzscg_osasoraelsaolarsuectrl | aneaaninzrlcsrtu&lzgaec_rleualfosrfsae
K	727	5	0	1	0	paifo pisa eifo diri pefa dall	lotaqdqtioofgopdalldzp_e | _gdauopefa&adna_p&pdiriqcqsalrlaaisorpfpd | epqrdptelostpqmauioordaefpzlcidospaifogp&a | alrearnztmulsprcs_apgitaorialgpisarpzpea&dr | ineifomnsrr&pdeerscia&o_orsraefriapdigia
K	728	4	0	0	0	essa iole leni less erta	aigeqsqouqdcitmeaomrt_zsd | _cmehqtaelessa_ztleszefqaqmeaioleniiedts | stqfstoasizmgeqfehuqfdmlartroasuntazuctll | assuetsrgfhsntsan_etcoeutlsctmefertallzsf | ssudfsntfltszaufnallu_utmflafeetsecl
K	729	5	0	1	0	alche timi	zctimirlrsupocctzatdc_pgu | _otrscspmq_pcmopcrlihidzmaollcmupcm | gcirmcrsacpdtisrlrsrutosucdahlmrlocqplproco | qaendtsralche_colrrnloaocldrdcsopmr | lglpruslnrcmpserlhlor_rndrosprccmcoolo
K	730	4	0	0	0	moia aili disi adir pria	elndsasmii&fllmrdeorm_aqf | _rdl&moldtdard_amteacatpissdefoadirlfeflma | qmspammoelanesrdlii&pfraopmoiaircmdailimta | deqdsrnrlermqc_dmimdisiaemidpemoataap | irqilifrrrsptmaaopriati_ispaolptdmatcia
K	731	4	0	0	0	uiui neui arei	zfsuouqeamaerszao_sda | _rsmlesgsosl_sgfosstneuiuiszlaaseslfaeo | dunoqlsiffucseamnaalroaieoasslseearga | ldsosofcsdit_sreqsaoeareisnfolagson | esdeeaacssongoslnsieaga_aoinalentsotsrea
K	732	5	0	1	0	reiio aldo demo delp eiio	ogzstrterldmgossoesfo_nal | _msscroodsesrrp_noearinamtstsouensigualdor | aotmroofgnzatpscermlsnoofesreiiopndemoen | pftlsrrfzpcfiots_somsernfmosmafoonenrm | radelprirmeornolmisnee_ermnodmasoraimn
K	733	4	0	0	0	dios lari	clulderoaptldelcoeid_psp | _elsadctlaldri_pdardnpmrsglcsolrqlsrptdd | sdddecrlpgurnlsroapeczdiosrdoqndiprtoda | iroulariunsrqdos&_ldreloarrdrglridcapd | rrsrtopnrqaaddpcuqsrao_oagctmlddmnr
K	734	4	0	0	0	peri iete sigi dere	rceeeaeniamqdgcusercslu_roq | _gseamuldereats_rurpairsmietepericfeicipqdua | ouemaunlncrpepeheaiammqsflrulctiaaiusridagurf | snaseltlehanuat_euginealifnguipemplulfrram | itoidaqhtlmruarlsmtifra_alpmfldmseuasigif
K	735	5	0	1	0	tatti fenr lere rera atti	ctntitiprfolomthltcglsh_uel | _mltsohcotatti_uhapt&umrriintcgstrrtploht | ehirthpcutunnpietsrforllschsgrtfr&hiurofmhas | iusztesnesurhsf_thmrptfersumhrntrpshcsautr | reroflererahtuczrrrsaf_fenrscormthtm&mrs
K	736	5	0	2	0	carte piace este cene arte esce	ctdtqrinmiaesceste_phm | _ascenepicscdms_pesrdlpartrtlctescrctrmied | hetadeqpaplrtfcerinamsspeterrdiclespriiaess | safocumtfeacefrr_cearqciursaaerlcartepsspda | rmhriimfmcuasedppoacrrssi_iulaspiacedlars
K	737	4	0	0	0	cime	regc&u&sifaoecrrn_sdo | _ciaacacutl_satusslqi&i&pcrrecimetou | d&qusacespgt&sciifaqoeaqnriiufmslsifae | lceacutngsicmeic_ciscfuiecipcqtnaeasuq | itdifostmuqausaaqmiieaf_fupqeaqlculsie
K	738	4	0	0	0	ardi ardo	flardodraginculqarfpatq_un | _uardiqrcrtrosl_uqto&unsadsdtrfpcramlncqo | qdsoqrrhlutadardagisnacrpqtpsaogm&qluacguqtc | lhmircstaadhmqms_rquarrgcachuqatrstqrctuos | asacgnasmcstqourismsactg_gctscrcsnrqon&uac
K	739	4	0	0	0	maes este stra rime	lthqfqartztqulmugq_rcr | _zueqstsfrp_rqsrferleqnqallmitlrrtqf | cqqefqasstrahrqeerusfqgmnfieqprtzqs | psopmrghesiqonc_qzamszqaergqssrfe | rctrrimesqfrspeins_maestelqflez
K	740	4	0	0	0	sper	enqtoqoehsprginrtelrr_lor | _irtcpcgtmtqsa_lmrqmlehorozteplthanprrgq | ooeqecsnlzqrodtchsperrccrlrhqsamalhgsim | asntusrqdcsar_tihetsuhsihzterrcmlqe | hsohgsrdsauemqlcnearhms_suzecgetqmih
K	741	4	0	0	0	fofe essa molo	igafodoussaerlgldfisdul_lpe | _ldfealcrfefdar_llefdalinsoiofits&fsogtferld | plondlucmglafofessaned&clusisdsoalrlsrslle& | rmosfmauaemoloi_fllsufsms&mllsfnfulc&eldn | sapsrseaomneldlcsnois&es_smn&crnifldials&
K	742	4	0	0	0	gnor orti	cornscs&gmciafosrncrps_mri | _frnscsfandncsl_msdtclmaegsisancrdngnortiasc | rssecs&fqomartsnsgmceirdfspigcmnlslmgamfsdd | lqonlsprsqnsoiq_nsfg&nmlgdqfsganetpsfddmce | gsrgamisnledscmfenigddm_mlaedfaeanscalfgd
K	743	4	0	0	0	tele	uuaeqqnpntalhuteutte_rsa | _hterteleiemf_rirrcopqoqeuctaepaucral | sqonegurarqperpntoataezetopnafrplnhia | fgdie&meaprgadol_ehpnen&paghpeoreeairo | pmsplnapma&oireioaopain_n&oaelocechpa
K	744	0	0	0	0		dpnh&&rarsgspiohdtoi_ae | _sohqsirghqhss_aiqctaora&p&ihdmtdhalpmcgi | ei&rirrfpainc&uhqarsrodritparltisaagrsiqd | sfrnhzsnuqflirpl_hisarhrzadfsiaihrcirdqar | aseagruslzrqiarnrlpadqr_rzirdrgrohiotsad
K	745	4	0	0	0	sigm	uarossmaaco&aguousuqg_ifo | _&uoecglohodr_ighmniriastspoulscoaialmog | fgsigmlaaiprmsoeaaciouclrgqstaaingriaa&ghc | racsoedqreaigctq_og&amoaeaca&gapoimqglchii | adfaaodieihgilsiitacha_aepiclirogrn&ac
K	746	5	0	1	0	aurei ruma nare sali maii	laiqoqgrsrsaaaueileeu_rss | _aeitrumaiioac_rufozrtdrqpqeililirlaifsauo | suqdougmnarefqsitrsrdselmfueproslzucrrasaul | cns&iiaestnlusph_iuargisirlnaureidfeumlrod | rasrasssaliduorm&dlprls_siedlmadtiuotzarl
K	747	5	0	1	0	hrano mese care eser arei	careirisleumcadlecolhd_pnu | _clenedsmeserle_pdsarupstiqireccoegacaumdr | nditrdssoaprraiaenletulsfdhoqrlgudepmlcds | eofqemlhranogdfq_edcselmocdretahdssprt | lnmlualgmtsdrpsqtgqsl_lmrtsmtsedrsuc
K	748	5	0	1	0	fauii firo faui uant	aalursrafiroamtuantpm_m | _tudrmpouousu_moeseiqfrzrduafnsufsafeoms | mmrqsmapeadlercudfirqtspcmpnzfsisemufoimos | uetguiplcdesmtz&_umfauiifsemfduqepmpsosq | fmfoicsiqomspgqszfsoi_iidqspoqiumsiefs
K	749	4	0	0	0	cufi firo diti	sfotnc&cufieosteui_mdc | _feos&iruosotp_misatimroroslthoslacuit | ditinrtmrfaqosc&cehrriutotcsiipmucfish | ptlqooufqstsiloi_oifnocohtfiroauirhsmt | duccqsositmrqsohsc_corhruroitrifh
K	750	5	0	1	0	garda alma	icaeeaearlracgqeifqpg_pmr | _qeulgcaeeall_pgtadprraeeeseinfteacntraga | mgeragchcpsateseuarlrrqtcgpfeaardglpaargt | lhmseslpasuhgmeo_egaersathgasertpgctpar | almaarrslsrgapcsreatr_rssrtcarregardat
K	751	4	0	0	0	moda data riua diss	nsadplpoamqsmsrfdnrfr_ezq | _mfdrmrasddlt_errlpe&rpupdnsradissrqsrl | zrprlroassearpodramrqfaasrrulaiprtesamra | tsufdtaorsiruuo_drmodatasmrdrrraaelr | zsaqoitrrleafriuaa_atraasr&drl&pma
K	752	4	0	0	0	uolu simo espe suol	oet&g&rsmroinesuoluns_ro | _nusrsicgfi_scgplts&u&doqlespeqoisg | rs&tgsrsedt&rssmrtouessnlusgmppsisimnsce | istqafntrsspstua_snsrmasesnssdtnsecgt | sfrsimorfpatcsgqtpusecm_madteitlsglpnse
K	753	0	0	0	0		silqsqeslemtftolsco&t_uim | _folcetftlolsgn_utotspusasqrqlsdcllsadtmtts | itqastefnuitqzlcsleamolfst&crsslaptnustlftol | nnulrg&izcnatre_ltfsellrslnftslat&tflousa | sgistlmzgaraotsufuaarslol_lralftasltsspfsl
K	754	4	0	0	0	scri	ctsr&reupfctsqsciqss_dh | _cqsdpsufsas&lt_dsar&idsourqrscrizsutrrfs& | hsro&seuatdrrlsdupoqzurssiqu&istdufcsaz | taamsolsldasaqr_sscuesouzacsusorssuzad&o | ulhufllooas&dumoquza_oozufosss&sicuz
K	755	4	0	0	0	esto uant	apqufmfntiao&cpptuantrp_eo | _ctuuapo&uoumri_epocmdetffruainutspico&pm | pfmpnozperqcfluutiaotolprntmisdpiet&icpo | izqeudrrqluzspqt_upctnuidtzcptrucrpooem | trt&iolrsdopmeoestoi_idro&upmdct
K	756	4	0	0	0	asta feci sana stia tace mila	emilacaastacemrlearp_noa | _erlteclilcml_nictndisanahleaflsfmacc | oaicaepmnhiatlstiarfespanscftlnsceif | lpuldmpitpfuno_lesaldsfpeshlipefinci | smoscatmfdiicneifnsfi_dhifecidlcdtesf
K	757	4	0	0	0	sita iono esso tsii	gdorfrlsitsiideooguoae_ts | _iooztenionoffm_tenqfttpasrsrsoglucossdlqsief | erafelnedtsqreozsitasocneaussfistemtsiiienc | meh&oqfaezesehsc_oeisloiqsceiessoaqaencntfa | sfsiisefsqaneftn&assscni_iqsacniapoefptisc
K	758	4	0	0	0	dits apre	lnadoioztsaprensdlfcs_s&p | _ediasurddia_ssritsqtoogdlsfdtansrprsi | &soqiszuqnsgarocditsaqpuhscftisatsstrses | qprdlacaciqaspm_dsetzdsltqestgdqrcsusiq | ta&trspcaalqsisurqats_slgqurqdsitet
K	759	4	0	0	0	cati ieri tita mais	lptssziclorlhtl&hal_mr | _rhttllgotste_mlsspmaissntla&rtitasol | rlsalzgomnpssftticlahrgqla&ictplmiocrlsr | oqctmeapftotlqs_tlriztcmirorlintasalgrsma | ieriocfetmaslmgcatirsc_cmnargoatlprir
K	760	4	0	0	0	mole mode suor nona timo mite	hflmnonaeptzdfoimhciuo_t | _dimrporzmsmosl_ossomitenanqmhpcemefpstzoo | ontooarfqlsnlmrepttiernoucaeomolezdose | lesmasullroeaq_modeamaeedoeqmtsuoresot | eseztlsatsoorstaees_aqterztimooimdee
K	761	4	0	0	0	etdi	actglgachrnsaciftaofai_sn | _aftsritstitlom_siirlesdrcgngstaeoetcscernsil | igrliatqcssrgutschrrnfetdiaonclhseimscshaiie | mq&troausqsi&np_tiacathrceqaicstrraiteislr | cocshnuosrriilstrsnceih_hrsretsrdtildeace
K	762	4	0	0	0	etti	ocssaett&hmglsolug_eu& | _mlsztgchslssro_eglrsreqiesesodnseqdr&hgs | ugisgacseecrszetti&lncpgusestqrgoeehtmgln | osplstruczsqgpsa_sgmeasttensmgeesirugcnlesi | erueht&rqtilgsecliqsenlt_tteinchiqsgsqrmen
K	763	5	0	1	0	ialla cimi olir moia alla soli	qrmsscialapqromorr_aza | _pomolrrmqmn&_arqdiaslishsomcimieqcdar | zrslrcrdqaordsfmoiallaoirsrrhiaeir&aiaprqi | &dpcmsnrrfoderphe_mrpicmasiidpriomldrrriqal | inziaafneslqrarclehiiqa_asolirlsmrsipii
K	764	5	0	1	0	carri nare cure	rqtrcsc&lrfsnqharrradh_ef | _narerhosrrsa_hzscnc&cicarrirfr&mqizfshs | ehccshoeqatzcure&lrcfafolhdri&slmcha&slnhf | aesrsdtueemhig_rhn&rls&fenh&arczdhofsc | &e&slfumschsoscmi&fl_lsacfoscnrhsncn&f
K	765	4	0	0	0	leua	tndrisiouqicoentsrtfsrt_zac | _esritmorrsms_ztqslzcuisiprtfarurnqcots | aticstomgnzpdqinruqiccsamtrfsusqrltszuoqeta | sguprlmrdngrtusr_rteuorqluagetuprcqrtmazsc | umauoqcnmrlctszmpcrsuaq_qlpcamocrtsleua
K	766	4	0	0	0	coro este	llpcoronuusirsltccltcet_gi | _sccestercfcrd_gtforzgmuodosclrtacuilroirtr | tomrtnehlgspoo&ceuusmicaeotetduruiztdgurustfa | dhrpcep&ehitrds_ctsuncuuahstuscmoeteafgrm | uurui&imftrgepmiduafu_usmaermctrzsua
K	767	5	0	1	0	detto eiia noie etto	snesmdmserfrnorssaruo_ocf | _rszroprsrsdru_oortdtoqampmissfagstnftfrod | comadosplnoietmsszerafrgpiouapdettouoreorg | ul&dsirueszlto&pm_sosseigloisatuopgroda | rcrefsrtiarodopdatpgre_eiiagpraqsodqtg
K	768	4	0	0	0	part	q&adrorsqclaur&cfdqsfdc_ea | _rfdlcgudtdots_ctioorqrhrpdqsndqp&iauco | ecrrocsgo&pairldqclrafngrcdshqocpocsqucrctn | soiedatdalopcihi_dcrqsdcaqnorcqpdridcgntor | qtequcaltpartcogerphqntc_caprngurdcoorqn
K	769	4	0	0	0	rosa tero cote coro case	uteoiaiscipcoterouzrae_p | _orodietcoioadr_eiaasssciuiroufzooctfapcea | eisaestrtreaigodcisprotfeazucaserccoeio | rrmqo&daegdremul_oeocso&coroecrosaaetoias | cdccpgd&sieatqsucoi_&rsotcssoeassoco
K	770	4	0	0	0	iute	rrlndtdnqsitqrenrces_olt | _qengi&nentti_oeltsouqddcnrccnqarcltt | ldutn&zroclldsngqsiute&uscqtsasioqsqe | izppnetslsgzapd_nqqnnseqzqqcnuls&eotu | qtlqststaeueto&puaqes_secu&untsqq
K	771	4	0	0	0	asta	tisrfroeqolzuitustcuct_mrl | _uuseotlzsssfp&_mtstfsmhoerirastacsseliatlztf | rtroftolcimatrpseeqoolusltcciefqlst&mezqutss | &cinsepcpecltiiq_stueosqeescuteasotctlssmfo | eprezqlppleostfmlnoliessq_qeaoslzohstfhsues
K	772	4	0	0	0	tata attr	ztdrqsqictattrorzuolr_nit | _torfrearsrsur_nrssfnalcqeq&rzaudrcmtatars | irqlsriertn&dqsrfcltodearluecsmfrrncatrsd | rrisrhuldsfrmrieq_rrtcirhcdrtrc&rllredsnsl | cuicatsumhlsrsneslmecds_h&ldealarrsaftcd
K	773	4	0	0	0	sala raso	sesrlrqsatpneadssda_rat | _ndsmaaipsssldz_rasolprarurgsslusrelotpal | aarlaqiergorcsmsatduinaulsrpazrpsnasu | zeosidcmraeuf_sanqssiunagsoaiusrl | dapstcdrisalrioruuss_siguipasalapnu
K	774	4	0	0	0	tica dans olii nolo	isaiomosnarrussriiercs_tr | _ridrspuiimif_semmosnololiireinnsrerusm | tsosmsspaslaeohidnarsrrprscelnmanmsfnuas | faduiticahdansdlp_isnsiatnasnlisecspms | nitnuarhintssmpusnlna_atlspusoismomn
K	775	4	0	0	0	cauo iima	ndiemmosqeaudozenlzlo_&ae | _uzefqoeaeuenq_&ouis&raompmencleosdcieao | aomaoeod&iimaefosqaezemollposssoq&oasuou | qortecnliafosorpt_eouoescoouooeailoeu&a | onaoaseanscauo&etaspous_scaeaareorsuo
K	776	4	0	0	0	redo dira sera llar dici case	lmcdicisracspqmrpdlapgr_as | _qpdicrfpdudco_aruaceasoriliedllardrsmlasprc | riocrsftmaecaiqdiracosprforgalrcaserarpaqrur | tnd&ogcqitsrnln_drqrsda&rrtqrredoagrfruaco | rorpasqos&ourcafoslrrua_a&eorfposdrcseqrr
K	777	4	0	0	0	apre	lahgfsrzerlacchlocic_ee | _lchpzcmrhchgao_eccrgoedsthlporhsmaprercg | cgcfmfaetruhpsrzecrmsciosgrmocoesrrlccr | ofsshiaiupfmcsq_hclsfhrisrflcsthricmrceg | sasrreuamiccgemsmsrcr_ritrmrdhcgdolsr
K	778	4	0	0	0	uena pefa nomo	smcdfdunqiqomssss_egi | _orqsaqpfl_espsfeehandldrsoanomosiqsf | gsdafsuazmercsdlrnqaiaausslnfoesenqospa | zfmelsclrzosfls_sonuenazosnrasssaapefa | nlgnqilloeapsfeamaolnap_eraaaqahsfheona
K	779	5	0	1	0	porca stro tare	qcaisiathisdcaqst_lui | _dauhasaeasqp_lensels&tiilaqfsratfcfniss | ui&saaocllnipauth&irantstsfepltsder | porcasqtpuofre_adtaastrodtla&ntarels& | tqutsipqfs&eslac&ftre_sl&ras&sassedtr
K	780	4	0	0	0	slia	sadnucuogaerhaastnstts_lrr | _atnses&hntncle_lstncsliagufudnsuongaunrhsc | rsuacso&ialddnumnsgaearto&fstfgcasselghaasto | eicnltdmsiscfs_nsagonagoiasgdnants&otlca | glrgharmlatscl&afgota_adao&hainscisago
K	781	0	0	0	0		rclemeucpdttqcpslrcsip_odt | _qslsdpatlulmma_opuhmrorsceleflr&colctc&httpm | dpesmpuacofheslscpdstsoaspiclcmptrpaoctpqpuo | arflnmisstprli_lpqculpncoqpcflshipaouoms | cmdctptsmtnsupmoafstlcoup_pnfsoatsrlpmrrqco
K	782	5	0	1	0	occor	gmf&c&iocpsgmafnapm_aes | _afzpmrfefciq_amelcrarho&d&fonsfoogolsmc | em&hcmirsgaml&fzocphsasrampndoccormqaocmes | qssqflipmzsomsdf_fmoifclossmofhlpmrseach | oieocsiolhemcarqhodosec_clhsrhrfmcrros
K	783	4	0	0	0	cura alta	irrcrrpcgzoeiudrsdsu_lsz | _edrnguaorercq_luehctlitprtroresrpaiehzouc | surtcuramilohrarnpcgtzdalusstpccatulpoceue | mrlraqsanmaurtu_rueprrcapmeuporthsuaelct | pqspoczaqaateuclaltatpec_caotaotirucitep
K	784	5	0	1	0	auisa lira olir dota tata noia	lqlopapmlirahrqtolsct_tsa | _roortrhoaoaas_ttasatdslpmpzolstoluqsahta | stpsatmrfqtzlspgoolirsatritcsmlaiutstlhirtat | sfrnoiaclgofutrme_otrlmoiiltfrtlzossctrtatas | laslhiagauisatatrnsumltai_iizstrhsdotadrlt
K	785	4	0	0	0	sala raso	aetsrprrr&cfluemlsalam_qlf | _ulsocmplsspct_qmpsqchrrerdsaotsreoflmp | lmrhpmrpieqdtrasor&chfltpdmaerp&smtqrl&umt | tirqsncataoimre_smurrs&nrtiumrdshamptqph | rclrl&facnhmpqpqhert&_&ndhtplhcsmpcsurt
K	786	4	0	0	0	quam pace mail omai	lrenrmrgppneqranldoa_irn | _qncpacenunmsi_iauomailqprtrtnlrdfnpmrroneam | rarqmagctriteorincppqnfcsaodtpmmaaiipeqauf | itolnsoeictmaota_naqpgnpftqaptnqooacfuimq | psrpenismquamiclqmtpfu_tqfceqlnamlaqpf
K	787	5	0	1	0	parse papa	nnispsoaalcznrilrf_elc | _riulazioipfs_eospemcaspsoitldiarntsczp | lscpoamneonssgiuaalccrdarflpaparseazaod | smisirffngumrip_iaoiaradmaoicsfadoepc | aflazacgfrrcopeascrpadoa_arocdazcmipmad
K	788	5	0	1	0	tcrra tita taro rari	onfrtstcrrapunsiroeigs_eza | _uirtsprqrsrf_esqsseirtitaroleprr&nlsapss | zstisscneafstortrriaiplsgeirsr&sferprusqp | flarargfot&slis_rsurcrrarpusrarisgspqesi | rrzrpraor&aiqsseai&irpqr_raaippirssurp
K	789	4	0	0	0	hara	nlatdpdttmgrlrltnlhr_elg | _rltamretstpii_ersipoerdndatneat&leigrp | lrdrprtepleaaidrtatmrglaerhnpt&orietrrsa | ipqstqiharap&rqns_trrtttqaprratrihreasepr | iltgri&qrsrpeesr&nast_tqaraertrpora
K	790	4	0	0	0	muro eder cefo	cefoederrlsmuemtocatpm_sss | _utotlmgmoeodi&_smeqdrssdeenoczaooezqsmmd | smeddmrgesnfqeqotrldstghmpadrorm&smrume | &olotipfqtomos_omurortumnodqpmgesdd | ismrsqiotdemdsgldoer_rtndgmdsomdsru
K	791	0	0	0	0		cq&qosilrotlsssfl_edr | _tsmlllop&an_elp&ueusqcqmzstsnzrol& | dlqu&lolaemcqomsilurstlrlfscs&inulnesoitlpt | naigiafcomanlics_ltsoiistatlsmuflltpe&u | sadsoiroaniupl&elguncstpi_iimutloul&utst
K	792	4	0	0	0	sino giro	&mhmrtrusrgenmim&ai_eag | _nimlrsemqmtrr_eqcttepnsrrrdm&aadmsomacget | arntusmedhcrimlsrngidsarstotresenqd | rcimrhilocrf_mnsumsdnsdmncsdqetn | srasegironqtesinorsdq_dndsenpmtptnsd
K	793	4	0	0	0	cori	gmssrcrriddrsmzqsgpq&z_rod | _sqssdzfrscscce_rzcaclrnprirssghpmsmhadrzc | ozrpczrfomrssarqssidpdqmfoz&picilzerriszcm | eorustc&sqsozria_szsrsitmoszsspa&zfmcrcp | coridqctpczcrfupimci_itspmfrpnszcnlsm
K	794	5	0	1	0	cordo tori	toririocdu&toprthsp_uc& | _raupstrrrat_upgrauafcisisrtlhnrcolg&tpr | cpifrposiousgifracduf&nsepshscrdaptuctdpn | tirnroasfaiprsr_rpcordocnipcsrfgspsnurf | cacctd&faofprusnfscnd_dosfnstfarpraacn
K	795	4	0	0	0	senz	aoqgitirrcodonqgauqon_ha | _dqgccnogmgtnt_hnmltrhipri&irgafufgreoflont | aniptnrsohrqliagcrcpqfpnou&rternthrodnmf | tszagsnoqacsenz&d_gndrrgsrfsdnrrgplonfmhtp | rnaroanespmnthape&rfm_srpfopigntirdrf
K	796	4	0	0	0	indi futo	rqzsrsfutotpnazrualn_pdo | _paztnotzzrss_pnfrlpecsisgzrrurzrfotnr | dnscrnfoipgqfsazutcoarocnluirulnsptupnr | sidnzsslqaindia_znpfzusripngzcflnorprc | sdtuoasscnrponciru_usgcrotceznrelpr
K	797	4	0	0	0	lima damo cauo efli	qteoilimatc&dttloqrlot_u | _dloecta&ooloc_utlmualaisifoqsrioasts&tl | tilltmaatufeizoeatclliartorsaltsmtcua&tdti | cauoeooezeastusr_otdamoteaiadtafolotaiull | aoa&tzoseltlualssait_teflia&laotlamdai
K	798	4	0	0	0	lora altr	tpftiziclrquoaphlttslph_gru | _altrqhtotntz_ghnuzegali&iettssmtlspsuuohz | rhiazhctapgefuintrlrqaulmtdhps&lzrsehglorahnm | aoctrpfnrasho&s_thalctrrlmaahletauphtmngza | lrlorunsranhzgtcas&lmnr_rreamtoathzealm
K	799	4	0	0	0	anca iodi	oralcluqloasrniodizn_ugo | _sisn&arcds_unrccuaeqlqlioedrqtreoanc | gnlecnu&cruialmsqleoir&tnzdqqcltcnsuqalsnrr | scfhrdzamsctnfqo_nsqulrqrcsnqiezn&rruce | qdgqalomdtrerncu&hetqqrrl_lrier&aeancacsqr
K	800	4	0	0	0	iean podo	naqoiolpohqfnpqneps_seq | _npqohrfq&qist_s&iasepodoqnetqptqfi | eoilrcsaouqopohqptrrsedpiotatspfon&t | tcafqlssauoctadr_qnplqolptcnpqsrt&si | psepfoqustl&isrftdpt&o_oltrfeqieanpt
K	801	4	0	0	0	coit	dfaozizcilsfsaodsals_er | _saoplstoqoipr_esqsiceqzmziodhsfomfhssi | rszisct&feiaszropilaftcslsmiimcsreissqf | r&arotplarp&msams_osscoitf&ssioslstfqei | prirpmtqsietrmmfqi_itiftqosiqcsf
K	802	4	0	0	0	olio odio usar	grtrhrfoenfdirurtgcrsu_uif | _irtanudtthds_uuahluoorarstgocptozroafduh | iurhuf&rusarstaoenfrpmuscaohezlusuodeiup | s&etidssa&zuaq_tuiofteiop&iuostasupuh | odiodefsdziuhuezaope_eispdotuholiop
K	803	4	0	0	0	muli noti impr	ahr&e&omunamlaiornoti_uca | _lorsniimrrret_uireutdm&r&prrnsrmaaramie | ci&deioifauph&zrsmundaosiqitnrmeuaitummulirs | tfcirsthzsfaicrr_rilmorusmsflimprdtiisrued | mcmmuazasdrieuiidarmsru_uspdsimdtrietlms
K	804	5	0	1	0	potea nere pote	gizacalrrpogetzntse_lro | _tzmpeezqzccs_lequcllqrasaeznzrtguoec | reacelengleiuaszmrrpoteaesnsrcrtleslrreq | snfuzacsismntefsr_zerlzrarnerezuseeqlc | rcrrrosctaqecleutsrqr_raeeqzecqlr
K	805	4	0	0	0	piti rito	zrptpchffseiqrsqei_&l | _eqrdfinsrirtu_&iirto&ihprpprsnrhtrsit | lipiticnd&pzrpardhffiqnnqiesrhtftoiu&hsfeiin | udgurlezaddtigrr_riehcrflhndeihprireinni&ti | hlhsfatliiit&nuitrhnif_flpinnsiritoehn
K	806	4	0	0	0	teco tari	cqcncnnssluitzeccaedz_spu | _tecolzric&ccoo_sz&dcrsgsnentccsaacsmsduizc | pzncznrustqdnmcossluearrzdaescsmrzossistz&a | outacqodqmoumztea_cztsncsqsautzstcddzra&sc | sopsisumomq&zcsramesa&s_sqtarigczcgrtsa
K	807	5	0	1	0	tarlo perd part star	tptscpisleprrstqrsr_ams | _ersririlsdscfc_ardccaao&nrstequsopecslrc | mr&crilpartcasrpi&sruisrsqncpoarcalperdu | clhszfstarlorhnt_srespzulerrs&csriudac& | fmlpsafoz&drcai&onudp_pzr&uil&osrcoaeu
K	808	4	0	0	0	simi	mq&ipcpscasliqmoimsolm_grl | _ioiesmrioicqc_gmocngzcpfpsimisoicqilmc | rmpzcmsrqgs&priecaszlooramlsfccanmcgcaimoo | cedieql&remefd_imicsiaecoimcsizlmroogcz | cqrcalrqezomcgrdzfcooa_aeszorzimcnico
K	809	5	0	1	0	prati fnoi uant	&orsushtizcfnoir&rig_sfc | _nirazofrrusc_sruasmtsqsnr&rrsrtdorrcfu | fsmuhoposnrspratizmcisoigrqtuidacstfins | cpqlrlsgpapdqqd_rnthriltspntnrmrgossum | tsftficpsdlmusolmdqtsi_ilnmsofmruants
K	810	4	0	0	0	cuoi nasi	rf&lulpciprsrtz&rzst_oar | _sz&gptn&o&uae_otonucoscltle&ru&cirnrtu | atlsutpniroefnlr&gcipsrzunstsrtcuiicteocistou | eima&qasfrgiitmto_&tscp&iqcuistce&snstnuoous | caacirraiqsotuonasitcuoi_iqesuns&tucscu
K	811	4	0	0	0	pona	hfprieigqcoulf&rrharc&_qsu | _rrno&lrrretd_q&rieqnsqieizrhracrqtfriul&e | s&ise&gafqzpiiornqcosurcs&caeqect&dqqlc&rc | dadprttcponat&dem_r&qgrctqca&qzrsic&crqes | qtsqlcuotttsr&eqpsteqcrc_ctzsclsnr&enqc
K	812	5	0	1	0	serue hato seru hata tari	ornunlhzmrsomrosma_qor | _omrgmrsrsruls_qsaueqehninirotsarhatarsu | oneulrtqiancrghzmermarlasihuzaesqhszosa | strfrnlacgtarid_rohlrznhatohireaarasque | hlohszrclanesuqrfeaihasz_zniearserueoha
K	813	4	0	0	0	sero	hzrdlrqosserhsers_qt | _seroqsornrdep_qsnudsqptmcrhls&ruluosd | tstdsldqczufrorqte&ssrsmdrusspqorssn& | pdnrrcerzfodusnmi_rsslrrc&dsscrturs&nqdt | etorfeuctnsdqrtum&nr_rcct&otprsdpss&
K	814	0	0	0	0		tacpelelzoecraaspttso_toc | _aspleqrphplim_thalstqmzeaepptstgpzsasacrl | oemllqratpcaerplzoemcsgqiotazlossmtzroahg | mrudpiocrlrsuas_pazlpozgrazppmaoqghtlm | ziozrocrismhltqdmsazgho_opmgqrmqplqsazg
K	815	4	0	0	0	tore	csegcpcsusdlsdtgcstmd_ped | _tgdrlgsgpnq_pdsappaoucrcigclsogursladldp | edcopdsraspieac&gusodtoredmsrupsrdqpulsdso | qanoganme&ardnrh_gdusgsauoaduigoamdrosppo | uneulsd&nraosdpproorruoss_saioorloagdpauo
K	816	4	0	0	0	cire dici	lgfpcicses&trgdplrfd_so | _rpd&dtppiac_sdsiiscmecicnplerupergestdi | odcmidslgsnfschpdes&murdfrieisridcsetsrdu | clmqplaffhdlrdmit_pdrespsleulrdenpmsfdusim | eaoetsharlmdisqmrieus_slnmutmcpdicireu
K	817	5	0	1	0	erato rato cauo	quscltlqtcshruercqorme_omh | _rcisecrcrctf_oeratooftllncqporcteupahret | melteqcauonsalscitcshrrcsemottceoefotrcerr | faaicimssiaeeap_cetqccitraetncamecrrot | tmtrchseiretocietrrc_cinrcrfcetfotr
K	818	4	0	0	0	sign	qssdedtqrlschqsgr_ps | _hseltcsssei_steoapqdfdrsignsqaqitsce | pdpettmqrstdlseqrlpsntirgfqeraoiqcrhsn | imozsrrslemaofu_shqtsrrqnmhqrsptrtnsep | qpqcrslarpsetzpafqnsr_rrrpntcpaseaohqn
K	819	5	0	1	0	dirle reue raso	rpaoereorafnpisorsti_lzf | _so&ienoori_lirrclddreueiorasorsparfnir | ziedrioeepliarepo&radfssegiturrasciilrnais | ieoloctap&esioun_oirooacrseiriodrtieslrd | rzrnafpscdirleldsursa_acidsenddoirdcrs
K	820	4	0	0	0	usar noma	pmhuouzlacdnomapssa_td | _oecarncol_tacuogteqluiurpssiltmsudnao | auqoazrfmtrhuuselacqdirnassiloatgaltlnaoaci | lfirpshseftaii&_aolzaplifoalrqusarictoq | llnadstpqcaotrrqtilica_aprqirnqeaoegoli
K	821	4	0	0	0	crea erra opra	sarpapsursmnetrsstae_pcs | _ntrlredmrorahm_peoiafpcaplprrsisrreiismea | cepaaesdopraipfrlurastrdneaslauefempmuneor | moqdrhaafloeeqle_rensruronerraiaedropaa | hcmusfheaoeapddaelrou_urardmacreacfnr
K	822	5	0	1	0	usero cali fiso cioe sero tsfi	o&prhrsicfs&ozroqzuo_stc | _szrconfrsrhln_sosdhssruserotqfrsi&tdcfoh | touhorn&spdarcsiuczfnaouqeshiisonssfisosf | nerrllupacioeea_rossrrilsfsosruduonfsshu | sltsficalilusohsnruiesfsi_ilufnfurrohrsssf
K	823	4	0	0	0	sale eran fine	dzfnsn&atepmdztsdssat_lp | _dscetqmusi_ltuisaleranrnfdssamzipmts | tnrst&qczlffinecaterpssqltasrastmatlamtdtus | ciptiafeccmtirs_tda&ttascdtafriatqsulsr | aiamtpeimtrutslqprmrasut_ttfrsqmretseadas
K	824	5	0	1	0	calar caft cala nuto noti aura	rneueitdsdso&nra&c_rqd | _o&nzsasnanuto_rafugrcetefeonrnalntpnfdsu | qeeuiaarofeinztdsed&lamcaftudpgortsdoal | oarsnrtcizaprfu_notindrtlaotonefcalarue | ttqtsdditpreaurasepftlad_droelasecnucgotl
K	825	4	0	0	0	uene seri nelo	eusesschlopscueneetnse_np | _cneloeseiemi_eiaf&hssreedtrehrudpse | nes&ectursszelhlo&pnrqesthlraeihslceir | itqaedmsszltreqo_eechceldhrtcehre&seri& | hmnhslpzmrd&iea&rhril_ldr&rs&feefachr
K	826	4	0	0	0	sena pari iffe	ucqtgfglpssracretuzeur_fls | _aetrsrrtitftl_frioffcelgrgstunzntltcnosrrf | lrgefrccfsqogdtrlpsesenaruzrlfptrlflrparin | lcqettuqdrctrqri_traltplncarlsteourniffe | ltllrpsdtteirffeetrlnip_psenrectrfcaln
K	827	4	0	0	0	fran tito diti	ctzoi&icdrnaftapoclpoa_raa | _poqnamfono&ru_rane&sridititoculiodtueafa& | aaii&acmetrtzeipoqdrniapimaaoltd&rsaurdfrani | uemeosrozpqeamts_oadcorsdieadtoieoaminr&i | dradfraprsina&rmeitdinr_rstiimfioa&sdi
K	828	4	0	0	0	fait cesa	cnepfa&aimtansrpcsrqs_gum | _arpmisltppfse_gsftgu&ospcesap&inemtsf | usufsalcngsedpm&aiumralrsqso&faitseg&taasa | eczpnsqedmcisoq_psa&apan&acas&spuqslagfu | &su&tamdsinusfglzuio&aa_ansualtupsfta&a
K	829	4	0	0	0	seco foco posr rena	cerfssmoslaceorfcsrzo_nl | _crfolotaftflg_not&ensuospsafcdshfored&ao | losuomtrenar&sfooslurhtozsposreognoascoth | gruaflzrorroupf_focomfsohrcooafu&zothtnu | olloaslrutontaurpohts_sauhtausfosecoh
K	830	4	0	0	0	sime	edtltarusmsce&eles&_im | _ceqs&csnlou_i&nglrimirtrtplirpepgms&l | &til&acreidgtnqrusimeica&slrrlupr&uirsuc&ni | urtdfosdnqrp&tra_&craufrirc&rigs&cinili | rorsumnopfin&licdiprrinu_ufiicsim&lmrcri
K	831	0	0	0	0		orcr&s&nqfdrrztrotlz_uf | _rtrqzsdrhrslc_zhnseqc&t&drorarfrrnfdzs | uz&csznsmrdcn&erqcftastzltsfezcdrzha | cmsirallcemfzstm_rzrnraamrzdrcnlzsahsc | ludfelfachzssicftah_adcasdcqrzsqera
K	832	4	0	0	0	icon pone hare caro	tmomifi&npoermaqmtlqca_rpo | _rqmharemumfg_rauafsruqnisimtalomnemaaoeaf | paiqfa&rsmroainmhnpqoqortaclsnfpesagrneprauo | gsafmiconhseaass_marn&mpinosranmqacarourfq | npneponeiquafrrfqesnoup_piqorequmafusrno
K	833	4	0	0	0	alla	gumallaerrozuqiagridq_far | _ziaorqroauaeh_fqusafpsalslagprfaadupsroq | aqlsqrlufmslaoaersrifrtqdrsaedaqhfaoezquf | hleoacedmoldqest_aqzaaecaflzqaassdqrfufs | aeaaoeredcsuqfrosdsafue_ecsfrospaqpazaf
K	834	5	0	1	0	renzo sena gian trar iano raro	ais&o&czsemdeanoseofn_rsm | _eoscentdsasors_rnamoarfiz&q&oseusztammdno | sn&ionctraroim&nsczseimoutnfeqzostansrzdsenau | srhpsgrfincrtnhqi_snezcssgzurenzosimfntuaroi | zrszdsmnrtgianortpitqzuas_sgoiutdifsnofaezu
K	835	4	0	0	0	aria fari ffar	rfmtqt&gsoqnffariadf_lz | _naoflqaqt_lfaaqslthgtrtcruilgofuaqfq | zfthqf&lflcmatpgsohalldfdirgqsosflgqsnfal | sertdmpofsrm_fng&srglnfgchadfllalqh | gtzgqsptorhafqllehorglas_srchllqhtfqtsngl
K	836	4	0	0	0	meda	tcnntqtl&rirsqcdsnthsad_err | _qsniidsnnqm_edsqaepz&tgtfntohdn&ecosrsdq | rdtzqdlmcefnstlni&rizrsdadahg&qreadme&srqdd | mmafneanlimedago_ndq&lnre&dmqd&fnzsaddeqz | &r&srrleezdqefzeg&dr_refzdszpndqpaq&d
K	837	4	0	0	0	medi rome mais usci omai tolo	floamahimitdlpofspu_cfi | _dporctolomri_clnmecriacaoofrssoiqlrnitm | farmhc&lconaeorimripscsuscimmqeicitmdls | i&goaruer&qgcu_odihomais&dioornucslcmr | irfitmierqarlmccrqcislm_maorsctromedis
K	838	4	0	0	0	saui sori doca	qdocaomcsrtdgacqsag_sas | _tacncgircecalr_sgeralszsoucqhsucopdhrsrga | agsagiidsoricnomcssaui&gsuoamplgrsormtgeu | rinmcrloinipgnua_cgtocmrouitgocsrgiuesas | olaormsilprsegasimspuouem_mrsuirszcgazltou
K	839	4	0	0	0	rimo erti meri	dsr&iioushipsn&dann_mah | _p&isnti&r&as_mnrdmreisie&dlar&oslhin | anienotmsmeri&iusehrtsnnasuodnsmiupnrr | smlu&qanrimonlsf_&npo&uqrmpne&enntrrme | aaiuhaoqernmtueosrru_uqeertier&nrdpr
K	840	4	0	0	0	mone peru amma iper	uodrppptcorsnloafrutfaa_nls | _lfrsramnrarpi_naaapensscpiperutmrcioasnap | lapspatmonedaprscorssfmmqaaticpoieaincnolaam | ircrqadsiari_ralctroqcmlacersaaammanps | clcnosiqsaapnmcsiicmao_oqesmmnssrapselcm
K	841	5	0	1	0	dalia oper etre alia	itisqqpeo&rictfgsiugrf_srr | _cgsl&flisastu_sfasosaaeqmqdsisusectssrif | rfqafplrtsdisqhsleo&arglcfrumeocofuseiocfa | urlesptrihlrcflm_sfcepsopercfedsasrflasa | etreiorhtcpaafsleacmeao_opdaliaasfaoce
K	842	5	0	1	0	spese potr pelo	fdtqecehplfoetdrqfcgr_cmo | _tqofrsequqcua_crurcnclspesenqf&cqped&roerc | mrescrhsodcntrezqoplfsosdrgcspclenracpeltru | aoilqpugtzooerisa_qrtphqlppotrpnqsrgrsuccs | pumpelozuepsurccslsespul_lpnsseslqrclntp
K	843	4	0	0	0	esti esca uali	qoreafaoismceou&eq&ru_lc | _&esmuueeefsa_lucfglasiaaeeqdzeidodcceuf | uasfuoufolercaaesismsc&zuiurifsdgualiesuz | afpretsrrasfdupr_euioestizfuieescruuzlfs | isiescasdtsuflursdizs_steszuesaeufagiz
K	844	4	0	0	0	cohi dare face opra	oprarsrdrtslph&aoe&rh_czs | _&asthslaasai_chtsocnprorcaoaegacpatslhs | zhrpshdspccrtrfasrtps&gsuhreosrcohiclrhg | ileaearrfschlo_ahdareghcaptrhsgcsp | azlrsfacephscsepcogr_recpgslpnahsnog
K	845	4	0	0	0	simi cato	esssuuqhcatopsnusetuln_idt | _pusoansosmsmd_inmliahuzuqseetish&seton | dnunqsisiqsusohcatuisrnltzhc&lndihocpnmi | difostmlsoi&nfzp_snphqscthiipnhqslnsimi | hmdhoctm&tmniso&zhimc_ctqisoasnalphi
K	846	4	0	0	0	etre unto cere	sqrasaociurcqgns&nsg_fiu | _cndigtrssra_fgstspfieoaaarsq&orqqturgs | igaesgtnqfrrtamdocieuntogs&aoscrpgaforccgs | anlzersrmdnrglaf_gcoceoncgoretsgtsfse | oriorcumrreesgsftzeraosc_ceretreigsipco
K	847	0	0	0	0		cts&saseqftip&cspfi_cef | _p&aqit&e&aia_ciepaicrosrsg&cdsd&ztdpfia | eisoaietltcgspsr&aqofpdtoifsraziiacied | alsr&rifsralzisrm_&ie&rdlig&opfitdecao | iefrizroeiactrozrde_rgodtor&iarid
K	848	5	0	1	0	uanto lira reda anto uant	rprdrirsazesopitdrqti_mle | _otdazirsdhdi&o_mihsirmcaarcridruqndaqpusesii | liraiisrtpmirsredaazaetnriqcaiqriomasoihn | otfdu&reatqicp_dioasduantoiaidasirnhmia | a&lasee&quahiimrfaqcanh_uianrsacdiicroan
K	849	4	0	0	0	tien lati iira	csslrlofsdestzcmzat_rsd | _zctienrp_rtnlrqrsrflldcumnfasuldetr | stlrrtoisrdsllecfsrdznictamfrsaqtprfestnn | pmipasecatm&_tfospfntfdrlatinnrrr | fsfesdeaprntrriirafnns_spdrnierstrsqfn
K	850	4	0	0	0	orni iate mani elfo	uismsrcrresdioluelfo_aae | _dltronsemof_aoetmsancsoshuaeqc&iatesom | aosmorniahtsutcrrelqnofeocmr&sofacsrdoeq | fgipofut&ogoc_odcrrpcqdochtfonqeam | coacsreuo&peomani&ocqer_rphqnsnomnsdcq
K	851	6	1	1	0	ratore hati stra rato olti trec	pueatrtcnhailuesapssre_rai | _saaeolaoarqp_reoormritntstrapcsqanucoiler | aettrecozurreotdanhatisqoerssnrhmeprnlheoq | pzcfalqredzecs&_aencahlnqzenratoreoqorrt | nqanlhidqltoerroftsnqoh_hlrtqoltiaerimnq
K	852	4	0	0	0	euer arie taro	gdinpntersqsudhsigash_sq | _usizshfsisiplt_shsipesmoeninuigaarietdaiqshp | hnophtfadsuinpizersoqsrflhaieprtehtsesruhsr | taroillpzathri_ihuetirlerauheuioihfrsspo | elesrqpltloshpsfootiersr_rluorfsomihpmeuer
K	853	5	0	1	0	darti curi cene rico arti arte	oracrarteeusnrrrrcoorar_acs | _rrcurincdcazl_ardaamderqricooouceirosnra | crrdarticraiarfceeudsruisraoqeaeirlaenerrdu | lcpmcqzaafcirpqs_crretceqeucrreicdariudaad | ezcenesfziqddraaimdiqeude_eqiduindmcramreu
K	854	4	0	0	0	leri	strrgmmazntrdsudqr_nz | _tdiarpnspl_nrsdcnfqmrrrsrucmsrdznr | rrqrgpenrtdrtimmaqzdcplrqummscrlnmnmtrsc | lerifpqttiesrri_rtmgmfmcetrmrqdqrpcsnq | mpmnmztpsfqsrnpiqsmcsm_mfrqcpnqfrfctmc
K	855	4	0	0	0	lira ture refe rara reue tare	dtureueprctaitsordfoss_imt | _iorascarruol_isuzitarefeardpf&rrntptasu | mseauspctiaueqrarcato&crssffrucnzsliracis& | lsriosuqansfr_rsirprcir&israrassc&iua | romractqoniasuicsanfr&c_ciaa&caatrsutzir&
K	856	0	0	0	0		tifmfmrlnrrotpqflqdp_alr | _oqfenpsrfcffts_apcsfiacilmdmpfglnflstgsrrpf | lpmifprs&tapismfelnirqnsepdldlfsipsalropcn | s&sqfutdie&spsde_fpolrfuln&oplpfisdpsncafi | ltllrrtsuicpfasqisdlnc_upinsricfpfcioln
K	857	4	0	0	0	saro maes erto auea	zraasrrdqereazsme_fcd | _easreqalard_feluqftisnpazlsoastrludqe | ceieprfpaueassrrido&emsnsrtqedfsqreelo | dpimaormaespteint_aeesarosopeespaiumeolfi | srcsqrdertoilefmitnsolr_ropioqitaetqeso
K	858	4	0	0	0	redi dira	poilrlredisosalpaas_t | _salqisllnlls_tsngletdrrrrmlpuazlfougsl | srrlselcotmigrolqdirazlisarldfesstdssnz | scfqlsioqcfsfrt_lsseldszcssmlrgslzntlr | dofsrnsltlqrfrznd_dsmrzlrdlsldesz
K	859	4	0	0	0	eran cauo sona iera eifa nare	croozosesurqacauoauna_dsr | _auoquaeqocozct_daczddeorosotaioeoctrqaz | saozasefcdsrohoqesuruieranarezsodatdeqsaaci | tftorcnrhqfoara_oaaesosreifaaesonaeicdz | ecseqsrhcorcazdetoreics_srsieqoazdaei
K	860	4	0	0	0	some raso mato llar mona	csqlppsmaooesilchis_alo | _eiluarollar_aiaitsprpdlcehclsrseioo | lptrgsadqipnlusmatoicrlshrsmrrasomec | rgsflfasqnugrsr_leslmfscgesdltisrcat | salsomonarftarftrrscm_mfdtcrotiliesc
K	861	0	0	0	0		desrlslagnofeemprdipcm_qn | _epraomtfrqrsso_qmqtsdqagllrdoiprgeotfms | nmlasmatleqstleragnoapptimcigsndmoqgfnemqp | olshrrscsealmsu_rmegarnrgplemgratcmtpqqsa | gsngfnesraqmsqthagpqn_nraptfarmsdegp
K	862	4	0	0	0	fard firn ardo	uitnimisaosqhgirfnulfsr_rtq | _gfnsrnhndnmio_rrdsmzrr&aifirnulrnaisqhrm | tri&mrsnmirrtsicnaos&qfrnorslfamozrorahogrdr | omcencistcmrcfq_nrgasnocarmgrarn&ssrnrdrm& | aitahoqcic&drmrne&fardo_ocr&rnh&rnrmrzgar
K	863	4	0	0	0	coro nodi tono care	cclordraoolqteciocrqi_seq | _eorlitonodis_sinsdnsssorurocareootcasqtid | eirsdiarcslsrcoroolsqemiqruodotnissotoeine | srraoiqlcrrtirua_oieoaoooereioossqiensds | oieotoqcitsnidsastuoeno_osetssoidsneoe
K	864	0	0	0	0		arfddnlorszr&sasn&_ucs | _scr&lzpsr_u&pohureldiduafqlmrfosz& | c&de&nlgruufodtcloressqls&nilomh&rulzo&pq | rgqasnftcgm&qit_&lnolqg&lueon&lqpue | lsclzostsmep&ulaemilqpo_oueqlzer&rhlq
K	865	4	0	0	0	card	ltq&hremqtrl&lldr_do | _ql&fercm&a&hti_draahndpzri&lco&rltcamrh | orzhrcatdiqap&frezlocardrhlnridrmqrao | iats&etdqpfalrts_&rqr&eroaqrri&zadrcoadhz | rtormptlezarhdcszlroa_eizocmzp&rhpnqro
K	866	4	0	0	0	sanr coie	azoninsqifaqfosfmq_no | _ffomqaiocoies_nqcgiineqnlnrolsooqcalgiqi | oqneiqsasanrzgnromqefoatqmslqiciqsnqifqco | ssdporemzrmscqdlu_oqfqsorqosfqqroegmqaocnie | qeoqirecrecqinapeclqoc_rreoaieoqiifqo
K	867	6	1	2	1	operar opera oper armi capo ione	qrzirircegaranroriqrfo_ssr | _nriuaocaieiiml_soeilsoperarmiqqrieirqraoi | sorpioccrsmzriuegaprrrcnofaeigilolseagnoer | lfuicmfzuiofad_ionecigcernoemipfocresip | emseagrmicpeoiscupiaereg_gcmprcapoioiolner
K	868	5	0	1	0	delia form armi iere rata uerr	sfiehrh&rsipcofadesrdaa_dsp | _odeliatceieren_daitrfdnmrhahesermerrfetpcar | sahmra&tafdithuelrsimpdmtqaararrsrfandrcsoaim | natgereaiularata_eaor&esrrmaoaremtaatmidrm | resrcspuerrmiardtgmrarmis_srmmtcmnearnform
K	869	4	0	0	0	itti hata alei	tlnzczfseuodltsntpst_iau | _dsnsetqontncoc_itticpilfzazcnteprnfaleiuotc | atzlctqhlicizsnsfselusrqetpafcsaptcifosdttr | chdnmosshataf_ntdfnsmfrhdtfcnlitqrticl | foafosusoamlttciqdlaafrts_smclrqolntcpdfr
K	870	0	0	0	0		eraqlgldrsorfraerrnf_ftr | _oraudfosa&aqc_ff&pqifazgstaeeraagareprsfq | tfzqflomrftpdaugldzrraomfnrsgqlaiffgslof&a | mtaicndumaftse_afoglaligamofgtazpnfoa&fqz | gctgslrdcaiz&fqfozasga&l_litzaoszaafqaioga
K	871	4	0	0	0	pare anzi riti raso	nuaieaelqdrducminqmfc_oed | _dmigcpritias_octrasoscehepinuq&iruurdrca | ececaclpauopareoigqcdm&pcfqhaqrscsorqdct& | sanzicfaogarcnhi_icdliqc&adcpicrfcp&toac | erqdorcctcaopzcrh&tq_qcpc&prcsicassd&
K	872	4	0	0	0	rera	sfaatacztoqfmssosrm_eet | _qsczmponh_emn&gedraarassrolaefr&tom | emarmtpffes&ascaczrtslppmroracegmeaocqmnl | ftlhrscfemtrm_mqatclalfqmasr&rmplner | aheaoctshelrnmepreralnc_clsrlpordmdgqal
K	873	5	0	1	0	redar auen amia reda lico noua	depptnssozptredart_igo | _prerstlzesehf_itsamiacnpap&eduauenouaozt | gtpcttlqi&apdernsscorulltaansomtfinzsptsu | fqsiehdrqotsat_etpntesnuqptn&ecatlusic | nhgnzsodhocstilicoanuss_s&culzcaetampnu
K	874	5	0	2	1	priuo rdine seco dine	secocodolmu&erqsrqar_iam | _&qglriueco_iredcpitzoposlrrheldmurc | arozcrdineicdougolzmqriqrarpcohpriuo&rer | nrcsoacugnhrrps_r&dosrn&rzdarireicz | oauomuohszerciiczhpreo_oszriuztrctp&r
K	875	4	0	0	0	ufan dila cont	sadmloltrzpufantmsutgn_pmu | _tmrpncfmtmoq_pntioqpcrlilhmseusmrfaeiufno | mnlcontccaphdilamrrzpcutscenguirozfqnprfznts | cmsqgdarcfnir_mnrtmzsrscnrhmcigncstpoc | rqmrfzuaqfsctnopccfirstz_zshcscfcmnoqrs
K	876	4	0	0	0	rare reda roma dita mate aere	nuodectdrteluosdnmso_et | _lsdsroredadehq_eoaereprtaudnpmadtgupteoe | oreocrmueuoldstdrrtsaromatedgroqetedloaa | qmnrdiholsmgona&_doltcdditamlotudroraaeer | thtedtlhgiraoeerrrgataad_diurarerpdoeprlta
K	877	4	0	0	0	firo urna	cqdscqc&rgsaaqipscaphi_rna | _apssisusqi_riuoqorptrcocisctansrfqtoaiq | nictqi&aqridocdsrgstapnihaorqgfoirrgaiun | arlsuihddafirom_siar&sgurnaairistohinurqt | rinrgadifutuiqrltfornug_guitntpsiqpoarn
K	878	4	0	0	0	idea remi hima midi dote	oscdiiamroishedoteh_sl | _iedurhmodndpq_shnaosremidiido&tgdms&aoh | lhiehamrssicaidumreegmfhtdmohqsmoihng | qrtfdnpcurhtdr_dhimadnmgrihmideahmgnse | mplmopnenhsmfedmgn_niegmoerdhroimg
K	879	5	0	1	0	oslro fiso	sdechdfszpidorcscrao_lrp | _rcmzogicochos_looh&lsrfarcsqctcfsdqpioh | rorhodgudlrelcmfszrprtgmoacafhss&oslfisoot | suatcloaelmusoaap_cofdcslftuofrcraogtolhr | forfisploslroohlgtrsaftos_slrrtgirscohs&ft
K	880	4	0	0	0	rato hata sato sita arch	paerlals&ihapatdrpdut_trh | _pdrsitarrrato_ttrcactlssllerprrsdarchata | rtlsatoateeclirss&ishdtusa&dctotsa&ptr | oofsrmtueisodtfg_rtpsr&msoptserscutrtas | strsa&hitdmsrtatssdsr&_&mesaslrtalcps
K	881	4	0	0	0	slia	&nrpqiqrprhsanldp&odnl_aqh | _adporlsspspica_alsdiuafmrqeqzp&motprnmdhsli | qlqmilstnazrdqsporprmhdtsglnoeripulaarspalst | atrpocnrsotlec_plarpporttalrzpmdnlstsaim | rcqrsphscomsliasrmertsp_pozmtssmfplifuart
K	882	4	0	0	0	cani	cqlpotouza&prqsnpcanis_fu& | _rnpaslppptq_fsdtfifzoioepclaepzrqld&pst | usoftsulaqfeldogpzaf&nelrsiaiztrsqfzprse | qaetpsilgarseio_psrzupszearszepfdisleftf | zuzp&grsfstfltfrize_sefelpfipstirze
K	883	5	0	1	0	temer teme	hordnpnudram&foqsdhosqq_lm | _fsdgaq&drdpa_lqrsplredncncdhsooddeossm&qp | qnepquaolcrsntdgdraemsocqqocdpreqald&rfqro | aaatdmqrtgaeqacs_dqfdudrmdoafqdcdesqqorlpe | dd&rmtemerqplteecdorr_rmceo&erdqprfdo
K	884	4	0	0	0	urin fili mare	tfslmlaqurrethscuh_zlr | _eshdrsrsmnp_zhrimrzaeqlfltsacpsqdtairrhm | lhlemhadmtztfilisquerpdchucfqmudrhpzqruehrp | pmeqsnnufimdhefs_sheqasunqpmehqtseiuhdprzme | qnlqrurindnerhmzdqedfqpru_untepdreashmareqp
K	885	4	0	0	0	uane fchi etre	dfmgqtqdi&ilsfrgdslr_asi | _sgr&rlgogtaa_arohtuanedqeqrgdcsogdsfchilrt | srqetrefarmhqtgrdi&eiorlsedtisuraadlisroo | aeozgialmtresroer_grsdgiidoesrdrgehlrooate | dasdliitasieortazesedooi_iireolengrtnusdo
K	886	4	0	0	0	trat cosi	llru&aocutrnllulfsl_zt | _nuoulsrueu&aq_zlet&izpomsulrfsuotlrttrl& | lp&lasilzsrtruoocuptsslsfmo&ctilqzorcnles | qiequcasrroitlemm_ulnoauccosinlosuptslssez&p | oaorctratcpel&zsqptmosec_ccspssrpul&inos
K	887	4	0	0	0	stra erra nimo	rsegg&rasaaesoiernimo_lna | _eiersoaeteli_lotrplcmrgsgertnhercstraao | nogmo&pslrgferrasmaihoomnsracpoilraaeoth | ipczellmfrpcocs_eoer&ealrhpeoremrmohtlm | rlnraaaflclmtolzmcsrhta_almhamceocperh
K	888	4	0	0	0	cons cito nouo	qtsnror&mlectonqioc_tel | _consmaenznofe_tziootuhrtrlnqsianutsileo | erho&adttlsirpnsmhloaascitouoetecza | ednrnmfcspsdunti_nc&nmadclnhicaaztoh | feelpfumhzotarhutaz_mlhaaehunouoca
K	889	4	0	0	0	cola noui doca	anncdmdragirlnomcahmpo_zei | _lmcforcscms_zosumszqadsdocaoheca&nouirom | eodmorfnzonudscfagimetophsamg&soszarglose | sfrlcapnsff&orsa_colarcgaaefloaocupoeszm | aeargis&asomzl&saesg_gaoerqcomqslae
K	890	4	0	0	0	tira	&irzotorsorltiraz&naqr_mtl | _azrrtzcztnp_mrcstgmucsoodz&cndzsficsltrt | troctrrsimdrsouzsorcladrqnstofgrpmstorcd | psfqzinqrusfrfe_zrsrzoisdsrsdzcsqrdcmtc | sntstolunficcrtmqcfsdco_oidcdtcuzrtugsd
K	891	4	0	0	0	moia iira nano fauo cori caro	rftilulrrgstczfqmirrmqq_aht | _zmissqacifiund_aqfsucarorlolmirpriirafpstcqu | hqlouqrasfamtslsisrgsotmiaeqqrorugacqdarcgzqfi | dsouinnqtsssaqooc_iqzrrignriszqrmiosqqaifauo | rnhrcgtsnanofquaauoaorifg_gnmoiacoriqurczri
K	892	0	0	0	0		semsrlrqeetrssnrit_fuq | _rsartqescsod_ftclpfgirsssznusrrezlqet | utitqlefsmlsarlriqruq&tinrlrptdfreltcu | dletsmoimalrteo_strslmrultrssilitqucfi | rourelqormictfqtirrucl_lmsiuqeigstgpru
K	893	0	0	0	0		aa&fmimrluodslatsfacsnt_rd | _lsfgotlsfrfifc_rtreiarhlmtmsfacsflaedsti | tmhitrlnars&emfgluohdsslctnctliuatcrlsultrs | cnirfafn&gntitu_ftllrfualsnltlsfhentlsrrih | lflsudfahrtirlrhtlsru_uashslshftialls
K	894	4	0	0	0	lira noia papi tout	otlgplpoqsutdetnsgofstn_lt | _esgrunidgrglrh_lnrulclmqpapigoofgqrtoutdnl | nplnoiatlilupigrqsutsimntfaqlsrcnhlqdsenr | harsgcrtlirarnraz_gneqogscqaenqigutnirll | qrqdstirrcrnllisraqrs_sciidmgnlmceq
K	895	0	0	0	0		orltlaihrrucmurruem_sar | _curprmdurrtoq_smtmssilnlqrrrzrierrumt | amlstmadlsqoltrpihrsruzdemernithemmqsiuhcmz | qlfgrsoeotplemfns_rmciarhsizlcmiqrsemdzsts | ioaiuhrtoessmtsdgsenizh_hsqszdusrmtmciz
K	896	5	0	1	0	messi sita essi	pearmdacgrreiarpsafi_ef | _rarngirrlrmci_eilqmpedsatrrpzssraiezqrim | fismideeraqqrnacgsaslifstamcipiiearcrils | ihsrucfaqniihte_riradrcuasriarrsqfislems | acfarcqciuslimessitaslc_curssrsdrimdpras
K	897	0	0	0	0		lairprlgpshctlnnifnan_uth | _tnisnsciiipd&_unilpiumgrrrrirfcigqlrlhcnp | tnrpnlseluralraigpshncsnafrgppqin&ugcptnic | &eiodaaaeqnrc_intglipogcetngrilansciup | gdtgcphadqoinpusqrgcip_porcscminpmitgc
K	898	4	0	0	0	afar rari	lsequrultmcghdsfpqliprf_rsg | _dpqscfohqzqra_rfzorarimtuuoqliidqtssioghfr | sfumrfloasroeouqqstmcmgpdoefritrmsafarthmdfzd | aatrqareqsasft_qfdtlqmatdadftoqmorfodzrrm | tsthmgqsamzfrrormstdzm_maomdohmiqfriadtd
K	899	4	0	0	0	alme	iozcocslauep&omciaclm_sde | _&crumtpsoaf_smsuopsftlcicsiiamleoiuepmo | dmctomsteosszucrrlautecmtlmlailoaepmfslpa&msm | ferhalzrreemrin_m&lsalme&mlstulmtmssot | ladlpaeraetsmosthteilmsa_astmtptfmofp&lm
K	900	4	0	0	0	issi tien coro	i&tcecorouqau&istissi_osq | _ustmuiatgteze_oigqefonmrcrcptidntra&dqqaie | sicmeiot&opqchtmroumqsncisrreoafieoraouign | etcttdzshmtaicr_tiurotodrntuirptmqsingoem | rzsraoqhzadmgieotmarrngo_odpmnamntienfurn
K	901	5	0	2	0	etfer etper tera pere etfe tper	&shmcrcqeterascrm&drsc_ope | _armatcarmpmrtf_ocprloifecdcrm&ldgmemslercr | pccfrcqaasorhcqmaetfergacsddermlcfoeracpg | faulmctshqaamcud_mcaeqmcegaacermfscagporf | etpereqtmcfpcroalfmdegp_crfgarfimcrilaeg
K	902	0	0	0	0		ulsdsmfgqmteu&ileii&_clm | _eilrq&ctlnldra_c&nldacdufssrltenlfoutlmt&d | l&sud&mcsucrlsslrfgquminco&iefdgoa&acftge&nn | asszlprisrso&sq_l&efmlgpfnse&frluli&cnncdu | frlftgmsropun&dcczuofnng_gprunctudl&ddaefn
K	903	4	0	0	0	gato quai	sofcslsgpfaiooqcsrq_pia | _oqcsficrclto_prulpcgsnsmcsqracgloquail | isltopmfusmcsgpfaqaarnglplopgipora | otricetfmstlrnu_cogcpegatogmcuarpl | gtigipamtlerlpilngarp_pemaicclcoga
K	904	4	0	0	0	iato	fqdddcpnllmhfttott_rel | _htsltamgdal_rtgidsrrppdodeoipzfeilmtd | etdpdtcaafrqidfspnlpltiatoopdnzstlrpmnhtgi | larcsaqfsaztrot_thpcnspiahtppitaigrdp | paepmnlfazspgtdracpzopign_nspiamprtdrshpi
K	905	4	0	0	0	noia	daeqaioimoanledmlln_rfm | _oleeinseeqsp_rnsqhracidtedrmseilarsmnq | fncqnassartsreeioicmlssunlmdiqolhnprioons | psceecslreslncda_enoiaeocissonitecslnssrqc | isfiomrslccnqrsecldiso_octcsscaenqahois
K	906	0	0	0	0		d&issnsmflsr&hmsdrmch_lrs | _rmsalhasnsn_lhnqnslpmstscsddrrsme&dqshn | rhspnhao&lciqsssamflpsmrahcrtmnfeshlmfrhnr | oresacisaoehrto_shrmsfamrorhmcspqcharnlnp | mrmfsseapnhnlaepetmrnf_facprapshnsrmr
K	907	4	0	0	0	rare trar uera noue	tgaelalcmsrrzrgrqetoqar_rr | _rqehrrzeteaif_rrtnairudmlcleetnouemqgnnrzra | rldarclgreanlsehmsrdrqupraocmasqirfrmzsrrtu | fleeiaashlqrcp_errmcesmulrrmeednarutrad | mimzsrsiqdtraredqcmuts_seduzduerauirmu
K	908	4	0	0	0	essa	amstosozfirmmsqtaiqcs_urr | _mqttisrtltsea_usllssunczoroutaistzemlrss | rsocssrmuuslopttzficrqsrlscirzsfessauzfmsls | aihtoecsptesird_tsmztfozsmszutclcsrslusc | zerzfrpeeoclssurhcerzslf_foucsrcntssnsmzs
K	909	4	0	0	0	mese	lcfmeseararmtc&ml&l_qr | _t&mlasmmqmszn_qqcsdqraaegeomldmaecdcrms | eassacqofcepmlaraar&sslgasrednqamrtq | naiumhzlfplaeigt_mtamrhaataomaclsqqsa | azamrrpzehaqsqsuaegaqr_rhoasmarmsrdta
K	910	4	0	0	0	refo poca	iqsczazmpocaiqhociioeh_c | _ioceheacscarp_hsuastspzmzrciricpoqrucaha | hzsahmefqrsuzrceposcoeaheimpaooshppaoihs | pftacfresrefohtmq_chipmcofpfihprcsuehesas | prpaocrrofsshaeasompso_ofrseastchatsip
K	911	4	0	0	0	dolo mole	us&riaipttondsomrurmso_meo | _dmrctocnrlratc_molealmdftiziqrufrortnsfeonoa | eoifaopcqsmq&eircttfomocrosrztanlocmtndolo | cqslrhts&cqnoszi_rodtprhtoqdotqrfesocolmaf | ttetnotnhfloamclfnztol_hqfocnfdroadldto
K	912	4	0	0	0	uote fufe	tgrnlpceshtfqraqtf_ee | _hqrrcfusrfrn&u_effonreaealrcarmtcoesfn | fenfluotelgoarrpceequftaanpmrfuesphff | uoonri&tgaromfoar_rfhlrpiohflreotfufene | &spea&mieffneunemafp_pileusearfnarh
K	913	4	0	0	0	meme coit efie sori	rtacuulorqszatmtcrct&m_eds | _atcfqmfzccns_empeleousuocrdccoitdszm | dmuemlfgteoaucforqestfhm&csoripmseozram | sglicmn&afgimlsq_cmaolcrmogamooce&mfee | ondozrsnimemefieisor_rmoefzelcmlpao
K	914	4	0	0	0	uomo slia uifi	&goclcoisfulsfo&cfus_iaf | _lfohssuomolse_ismrlistocncqo&csoorfusl | asctlsdiqgrciohoistffsrsucnoliseiouilsms | edpaoesugihdspnn_oslooieosdlsoqotrussmilt | osaouifisetmsliatnosmi_ieqtsutsoslslos
K	915	0	0	0	0		lssatachfrldrlosioq_ezl | _rossrmdsastpu_ealtseu&haiadsiqshrllldt | za&tcmledslansshfr&loqmcqiihtfrsuehdfraq | uarspqsnsraio_srhcsfhqrhds&lqmqaet& | hpzhdflnpr&atemr&rihqaf_fd&qmd&ustusrhq
K	916	4	0	0	0	acca	ticsoaos&cerdiqnstmnq_pur | _nsueqsdstsaf_pqtnaapgl&oostlmss&cilnrdqa | uqolaqssfipcnotsu&celrnssrqm&accaqfp&dcqts | ffmesactufcqmd_sq&ssca&sfq&slnqsstpal | &u&dcrtcaltqapselc&stc_calssdlgsqaga&s
K	917	4	0	0	0	fisa	ugmauuscltsadgpraucrop_ros | _drartpaasacl_rpsiriqcupuiaufceachgfisap | opuqpsagrimiuaarcltqsrefpocpclhplrcaldpse | laeoalcomarahpept_apdcsallceadpciaqiopesrq | ccocalsachlqsproqhpcesl_lliqeaqiapidce
K	918	0	0	0	0		aessgqghpqodedfsaffnd_& | _dfssqdrosssqrz_&dsaqe&llgigpsaiftsreiaodq | dglqdhre&psagtsspqlftrsdnfiqpredz&opddst | zousernstsrdoic_sddhspetddpslandrts&ql | roptrrelsdq&rulritsp_pepltrollsdqledt
K	919	5	0	2	1	panie parse anio pani mons uohr	l&rusfsqipaioa&rulehr_lci | _auzarousufc_lrsnfilenisuspulaeeuim&aniorf | crsnfrqs&lprnsuzipaniefrheuifpmirclioparse | csrsuohrzsmrrut_uraiqupoiesaripunnhreslfn | iciopimonsrflsnmuiesp_popneoneurfeiaie
K	920	4	0	0	0	moro apre	&snotqtromleuszio&diz_pl | _uiomzaeoroqai_zrpqhitrtetfo&ldlorsslplezq | pzttqzarsfnptmoromtlilagzderqoshzireouzrl | irssosanmrszsea_ozuroosrlruzrfotpzalrqt | rapreolmasstrzqastserlro_osftlaetiozqihurl
K	921	0	0	0	0		cspciiaelf&szqcccqmz_sff | _qcrlze&crcide_szrrirstnasccocscadsorf&zi | fzniziehssprrcraelnfqseuzmcsaiedrzesa&ezrs | ehotcldmprrhdzosa_czaicelashzacnrmzesrsin | adfa&efrddlnrzisetndsasre_elnse&ntczitras
K	922	4	0	0	0	amai	rtlclsnaomltczrlzc_dqm | _lzqocefcii_dcfrcrdhsnltlsrplunttprmcc | qclsccsestdsrlaqnaosmzue&cltncatrcidnalcfu | ispigiaqstcpto_clnsagnuslcnssrceufdcs | niqnamaitgsfccdeisttnufa_agssueshcchrlnu
K	923	4	0	0	0	meli	ilclmman&ftelnoliqoon_sr | _eoldfnutlmlse_snmssshrnmmeliqqflnzlqstn | rnmrnaulsecsmaldn&frofucnoqn&zsnesnt&enmf | eralssocadznro_lnenal&snfennelrsonufmsr | nsrnt&aszsrmnsuarznfm&_&serfutrhlnhsenf
K	924	4	0	0	0	dame etdi	c&tctsmefdihnrcqrtn_sld | _hrsfnicma_sntcasspmtitlcqumetdinc | lntpcnsosl&ttasmefpdrudntqimceeanasmiehnu | aocaimt&asoencio_nhmseimuohnmlpttnuscp | mmlmiedameipncsapeimue_eilpuipsncsahmu
K	925	0	0	0	0		tttsafdurzlstastoas_laz | _sasfrhlsrsaaq_lrgadlosdrpstcosdetcgzla | asafhltlptgesfdurszahusordauedqldlusr | ql&psmastefle&rs_ssdfsumdlsdpssgshrlas | daadluzeaemsralhpserdru_umpshlsosaodsd
K	926	4	0	0	0	soli raro atta taro	dedrssslaomrreo&rd&eo_ilm | _r&rpooirrlrsqa_iolsuinsfstrdftrgefmros | lossoliaeitdssrpaom&tizoefsaguoairarolt | aaqmrtqedspagoqfa_rorlrattarotreoitlis | qlramsqgtlosiimgftla_atttirnrosnurt
K	927	4	0	0	0	trai auen iola	&mrlntnaedsroumrcl&mcar_or | _ucltsriolsltrc_orsetoalenqnul&lmnlehmlerort | rnltraifmourenltedslrcniramqetdhrcoeodursn | cffglrartfhrfqt_lruealdenfureullearinsotl | ereodrrhlsrtoiglhqensd_dulniolalrtauen
K	928	4	0	0	0	sige trec	uulerorgifshrsudeuqds_&oh | _sdepsmreseomq_&snoa&diirrzeuaqoeiuanhro | oriogmcu&zlnrsepifsihdomesqiofaq&irfsso | qctrecmslspcta_esigefciocsizeinsmos&oi | imoirfhsmciso&mriiosf_fcziomrideodasio
K	929	4	0	0	0	uich	aaifcfrpeoqda&lisl&_eiq | _dliqo&niuichm_e&uucearpfsfliesripzaeuq&c | i&frc&rnaelaufliqpeorqlrnt&sspcez&meped&ur | mpgishalqz&psr_i&dpriesprd&pliru&nruecr | phipeqlhzsru&cengrzsprue_eslrrnrai&cadpr
K	930	4	0	0	0	sute	dhltctcial&rchgqtddqg_u& | _cqtilgrrtsttrr_ugsptnuteacicqtdrdstanhrp&rgt | gcetgiruhuqlpctiale&qsrfgdiatnngruarcgss | ruooterliungoic_tgcaiteasucgaqtepgrssute | arar&rneesgturoeniass_eqesrrettgttncas
K	931	4	0	0	0	anta tapa	psascstprlfnpeaees_nol | _neaircfalacqe_nlhcrnlascsuadega&pdhlfc | osactcpnushsraipralegcsseccp&renfpnlg | emaaqssri&mcr_antapagnuaahscglnca | qofplrq&aalcnca&cglp_pauagcfalaclrng
K	932	5	0	1	0	piero iero care area	srqrtrftfuncareasoae_ln | _aaiuescmtsp_lemettlostrprdslotsrlencet | erstefsirldqerritfusnasleopttfstepltcfaem | pierosqriiseepa_eatffotiaetdseesmlts | tstcfnrssosmetlsrssptmf_fodsscsoetotat
K	933	4	0	0	0	esca	acqfrlrhsetcmsfasnm_c&e | _sfrsmatftflsi_cmttlocdurmrpfaicfcitetml | &mrulmhaccpqtrpfrsuescaemnmlomictmtc | iosflsnqprmomn_fmhflcmpfutnmactclu | s&tepslutmlcasumct_lpucatudfmldoc
K	934	4	0	0	0	cani tali case cert	mizafafplancsieamuce_&mn | _sasercadaadr_&edgas&orlfqfiamfutalifgncea | mefraeprpi&izgfiaslarntrlecuqlaaser&lcasedt | rpqeaadczispeqq_aeslpaaaltpseliargcertd&ar | ldmlcanidardea&rerqltda_aairtrcroaeaosslt
K	935	4	0	0	0	paia rapa	eairurapasltaedietdre_qil | _tdimseaiiudo_qetufqmpprrrciectzipcactleu | ierpueaauaqctroimpaspldzasertrpuacfeoqpatez | ouonisdromuceorf_ietpaiaspzutepciptreazqup | pdipalodcspeuqanpcrpza_ascpzapmieumftpz
K	936	4	0	0	0	cesa sara otio cosa	zahtutsoqnsaragtzctcg_qis | _rtngoamutl_qgmeuaqmrotptzccosacesagu | igtrugsoraqhetroqnrstodgccpouqsaglqoaqrgm | lrip&tchrrsgips_grosq&orrgorecgomqur | otioaqsrts&rmguqoprspomq_q&roarmgumaro
K	937	4	0	0	0	rpma rose seru ifer riso saro	psmrqiqcs&lelstrpmat_efl | _lri&tseruriso_etudiferrcqqarpcmorcdscdleti | ftqritsoseamdqcrics&rlosptamcisdftoecesltuo | oozursamciodtzg_rtlcrscooltcarrdatsoueir | csfceslcsdrutiesurdcous_saroserrrtirflco
K	938	4	0	0	0	uice	asgfqfqsicsestrfaqrmt_as | _erfntufnfflu_tndfplziqhqafatqrfiostdstf | atqzftsuisagdqdfniczsrrutmqhifcoptuicetnr | uiorfllmgdniotohi_fteisfclirietiafzdmturnfz | ilaicsdlolzntfurzohirnc_clazruzlftflpeir
K	939	0	0	0	0		mrlctlsphqruccmpcru_inp | _qccesuihcctad_iustsiztlqrcmsprclnrssphut | nuttuicrirlslcelstpcriurpqltnsudilhqur | dctociarllecnutqa_cuqlcilrcqulrctsruiritt | lanlhplanitutiiotnqlr_irtrihtzcutzsqlr
K	940	4	0	0	0	potr tito	&macpoprlsitipmtlc&aldt_mqt | _plcfithicscogi_mtseoemdlppcc&salclmsetito | qtpotrhummcaeprcflsitllhetdalosetimlisptsl | iuqscngdarfutqo_ctplrcsnlluptlccedthlsmo | lgqlistrgnstomhsllss_snclhidctodepll
K	941	4	0	0	0	raro	dnirnnamdhf&nzrrderz_mqh | _&rrdzrfrsrpo_mzstemscnontrdeearinethfz | qznczartnmtitnprmdchrarozeomiezomfm&zsa | otqsrspiptizqou_rz&armsat&ztrctzrasmc | pqfmhppiscszmrscioasm_mstcarfcsrzse&a
K	942	0	0	0	0		eufpaoaolsrusumipeqigm_ci | _sipnrmduphpota_cmhrocm&laeaqpeiqplruirumo | ima&omodpucqfrarpnlsr&idamgqelosrmaclussmh | apnapctgfrnprmnef_pmslopsclpsmlqp&rgmdhco& | ltilusrtrc&hmocda&relhs_scq&du&mpmomsl
K	943	4	0	0	0	dama	utzffsqecfdhtmrurpm_prf | _hrlcmldsr_pmsiapaqftfau&rqot&ifdm | rmfamslatpazifmlqecafrrllmptqeoampqdehmsr | aesqrpzmlaometc_mhqseqqrahmqaaipmlrspa | qrrqdefmroqasmplsaotqrse_eqaarldamahqr
K	944	5	0	1	0	cesso esso sona isii mois	&tplinicoaqanqteul&cuse_sla | _qulqetnlrlns_serhncssmoisiil&acdlotahanen | leimnecttsiphiploaqmaudtrescsonacessonaqerd | stilzsppetsr_leqoclazodqeoilmhsetdrsnm | olonaapzmrenstimsodra_azimdtnmslenscqod
K	945	0	0	0	0		lfmuzuotflrsrlrsmosr_qir | _rsmqlrdsmmzea_qrhzpqsctugurmeocmtslehrsrz | iruczrodlqrfhutmqtflcrscdmrogtzfspraqtsfrrc | a&dmieftqsr&gt_mrrtomfitcrrtrmchrdcqzc | teitsfrtesicrzqddcsgtcf_firccdscsmrzsprtc
K	946	4	0	0	0	star sere tari	rmscecttaqiztrsqsrqis_lei | _tqsrqsdzsmse&l_lsmeelrptcncasrrstarizse | escpestdorlamcsrtaqpiqrdpsirnteaaeslltzatsmr | lofusi&imroasfno_sstttsaitrotstaspisdrmlep | t&etzai&aipmseldupantrma_aiaprdzprsserettr
K	947	4	0	0	0	erre	iurutsesfpirurfuilfar_iop | _rfuafrqiucutes_irctcicnegsuiluerupirt | orntrsqeuisrquaesfnpfqralgetsrcrsieisrrc | sesuhearqaerrsgz_urresusheerresunarqcitn | eeoeispqerhncrtiqnrgecs_shsnqincurtccre
K	948	4	0	0	0	laro	slrgolorsiaihlagscaa_mla | _hgraoigtglpf_matslamr&sosongsrcfgsulrsaial | lao&laronlmnrsoqgrsi&afoaacssliuaafmsiihatf | fntegoparqrnuats_gahsrgiosfnhasng&saaoftml& | splsiiaqpuo&talmoe&ussfti_ion&foi&rgalrahsf
K	949	4	0	0	0	issi	rrczstsiprg&rsezres_tdr | _&ezipsfgzlzsac_tslrsstfsiozreuzsrerrgss | dsfsstfrrtocrezisipfreufasississctsgi&slu | crcnzaaceirscia_zs&stziasur&ssozfrsfultsf | sadsgireaaflsstfnfisuli_iaofufgfzsss&su
K	950	4	0	0	0	sans	ldinsssslaiatdspnlepes_cm | _tpngisansnsq_cssosucdplsmslnlcetnlrdcoass | msspsssdclios&nglaipptfseemlsarusqclaatsst | qctnoei&grscm_nstlsnaolttsllnpoestscsp | lmlaa&ropsssctprmltsa_aolptapdnssdutlt
K	951	5	0	1	0	sommo modi cuoi eria suti teri	fdrrlalpgsommodirrferdi_opm | _orrsoifmrrraq_oiruaqosgltlsrf&ecrgtd&ummia | pilaipfudosrulersgsomrcfzidetgastqiogmsoirc | urhreqdresutirt_riogprsegcuoigsrudifcroa | gqpgmsmeqteriaofhttgcrs_sescfmsriasqogc
K	952	4	0	0	0	disi dare mesi umil mila	ioraifihdrzeaorsaicsnr_lee | _satzrlaapafd&_lrpsftlrmdisiuaiciadfosearf | erimfrhlsolursiatdrzmesilmrncsdfrftr&ldarrpi | &sgtapdnrtsfrgso_ardharpdisrduamsnrliplfm | ddedaredfpmprflltmfsdipr_rpumilamrarfrtdi
K	953	5	0	1	0	rohra sana fiia nofi lora	asinrrrtsoarlqsanapia_mir | _qndaarlnqnrfd_maqorrmgsrrsnatpenshstorlar | iargratrtsmsiorandsoagrercaipsrohradmsloqaqe | dt&nofiiadthal_naqstnoosetqassngoiareqmrg | sfislorafhogqarmr&ghseqo_oosgerlgnarrqse
K	954	4	0	0	0	tosi fico idea feti	l&qeutussfqidl&oaelsauo_oi | _laerqoideaetor_ooaithontsumufelases&aiidot | outtosic&ofqiucersfqtiairousmstfhorosdfloa | rcdepouqcrcodme_eolssefpsclosfetiuoiaott | sosdficoptaotoitmsaf_fpftidtneotnhls
K	955	7	1	1	0	farollo chia faro	tprhsrsgsnuecipqhtaqa_lse | _iqhiuchfhra&_lfarollossesehtathscpaecr | ssorgplerasqhisnuoeqttaaesrnco&lscnift | &uchiaarqicuer_hisghnistisehoaatflro | sasscneqaciofrlcocestfn_nieotcolhrloist
K	956	5	0	1	0	lasso rito cari	oslrltpelelassoqsga_iie | _lssplatscsrad_iacdrhisfplslrsouqrspsudear | ialfrattmirdlfsppelfesrtragqspreshadipelacr | dmcosqagfpmsacsc_salptseqprmlaprsfdgatrcirf | paipeefasqfcaritofssprce_eqrfrtfssarshlpr
K	957	4	0	0	0	peso	adssqsqdpgafmdtfsafit_en | _mfsaatrfspsseo_etpisleopqoqrsalsphdifts | ntqostdrrdersiqmsapgaoflrtiopsghltoepfgmtpl | orccsreismarhtcoc_stmpdsgrplrmtprsoiitrlpeso | penpfgmehroptsercohoplpg_grrolrfostslmpl
K	958	6	1	2	1	armati parma daua sara fard mati	tfsdeteploucnrfardtnrqa_iec | _rrdaua&ndmdtpo_iamutzileehdtmnsdlafmucnat | eaetap&rfihsuesdaloucrs&laqnltoazaoilnorams | orildrpqssaraaig_darlpdorlsrralhduqa&smit | lpelnocsparmati&lalsmo_orhs&ndatzrls
K	959	4	0	0	0	dira cert	qasquqarhmrliadcqscgd_nr | _icmdilfuca_ndfrun&trqpqsqlsprealrrldu | dqtudaianssrqlrhmtrcpirdgspruhedanrlhidfp | anircgslednpu_dirahrrpidrstrgdipfnut | rcrlhrlcertfduniiteprpfh_hrstpilt&du&irp
K	960	4	0	0	0	sole	mmrieicsnzfm&hmqhc&_laz | _hn&dfuets_l&ueglsfcipirmsqcomszf&e | a&ife&domlrrilcsnfzhdp&cqpcesog&slcfs&u | solectcrloo&lpi_&cscco&crfc&dulef | ctacfszltocfu&eldefopcus_scrfdffs&esgc
K	961	4	0	0	0	sero	aorepgpaduhtzoceatdc_rfh | _zelucteoeges_rcocgirirdp&pfeastpedoschtcg | fcprgcaaorfrcpseldurhpecdt&dgicsrdtzcop | samteedrslacm&o_eczdaedpazcdfercdcporgr | defdthserocgrtr&dpo_frptriecgiizdp
K	962	4	0	0	0	uiho uora sato	zlqrosomtulpalhrrztrih_rlp | _rralhoarcrs&i_rhcusnrsatosoprzttdrtqltupahs | lhoashmoslrpquoratulaprdoehitstsuqnhirtauhcd | isidrf&iqasqhise_rhtmruftdshtprauihodcrsa | t&ltaup&qfachsrodaqstdcu_ufpadoaasrhssntd
K	963	4	0	0	0	cale cera ille face limi arma	irmlelqogrerhrcmmiimac_re | _hmmsrcarmameql_rcale&rpfolslimiuimonrulerce | clfecqaurrillemsogrfemascaisoegn&clrorghca | luamzqaesuncso_mchoqmgzouhcoimflacaaref | oqorgeeqnzfaceraafnsoag_gzifarfpmcep&ho
K	964	4	0	0	0	teco alte lati	iascmsmittraalecieerl_tt | _aecflnrcscsnr_tlsoscttmqmecifepctlafotrls | lmslinaatesomrcfttepnulreqtslclrttralsp | rasacsnrsrfallsqh_claticstpaaltecorlnpsts | tntrtrnlsslstnalqtps_sepnrclscatp
K	965	4	0	0	0	tria laro face ofla doit	rrflhihut&pirealrgaoe_op | _ala&erilclide_ecriqdahchslrpgtllrprpiei | oehaieurrsfrhllat&apatrqeogcitlqeeitect | ecmlfdoflaleccz_leultfteslaroertcia | doitpldlfaceirmalctct_tfsatriadleidqt
K	966	5	0	1	0	auaro lodi iera diro neui	omgdllqaarzurmordopro_usz | _rrdirocudndre_uoneuisalllsdocp&dapmczuo | solsoqcnmusglodiaarszr&cfoplaapeoeuauaron& | enhadrgoinpohlr_doraqdaa&nroasdsoc&nus | arsauazorpsnoucaspla&na_ass&cusidoiera&
K	967	4	0	0	0	pari sire marc data rgma	suqaoeopirgqiuaaasdata_si | _iaafgacqaeaetc_saelepsnmioodasrdraisurlqae | iaomeapcousdqloaafirgmarcratdierspacsiqriaer | co&mattqafosa&e_aaiipariroiaidamltacresem | itiiqratsmeaescmmsirer_rdmrcqmnaaenpiir
K	968	0	0	0	0		crnfsse&ussorgfcrsg_eas | _oftugpsfafen_egamseim&srsafcdrof&rdmssg | agsmgepqreanmstft&umsoplgsrr&sgne&sogao | nqqfoesnttqgqrr_fgo&efo&oqog&afmmsgpoaem | &ea&ssteomagepmr&oa_oamopsmifgiso&o
K	969	4	0	0	0	roma sare mala rema iere fora	omdsllssetmahsozhfa_ac | _thsfsaresmslc_aamplta&ipusoszesrmspeal | cailalromaudpnsfssiheraafzplsrtaaestame | oaisecfdnforaapr_satlsseeotausipfaremali | ccesncreimalariirpems_seuierei&sal&tte
K	970	4	0	0	0	adai rada	piartttusgrfiqorploq_ql | _forsgqmrrrrtda_qqretnqostttsrpmlhrslimerqt | lqtotqumciqsaetirssgoohmaqltstlnqaqsrfqrh | acicradaisclqito_rqfsurashcfqssroeqmhrqto | sdlsridlaorqtqmcoltshr_asohmrorqtnfsh
K	971	5	0	1	0	uaolo tosi inai hato piii fisa	sqlfonocacfassqiufsuii_ama | _sufsfiisfdfnrt_aidpnrauaolozfstfacqpasin | miounicioqazlpofsacfuautieiilanccritaascsidt | tormfhrilsocirlp_fisacfchatosiazfupiiitdanu | armascarchudinaimuclatdc_chzutisufinrsat
K	972	4	0	0	0	hpma uali	dsitrormu&phssgstdfslg_nap | _sste&grhtqtoaa_ngqaonfurtrtdnftusnaphgo | agrfogmrisniarmteu&fpsrtglftuoganuhsgq | aiirtualimeigito_tgsumtuuisgutfalgrqnof | uaauhpmaufqgonrrftuq_ufrhftgosu
K	973	4	0	0	0	sera fane	aupsssrsfgecaustadtcs_ome | _atigsdccsqq_osclsoorssesnandeszunlecss | mssssrdruonplsuisfgetedpscdessfzosqoscfasce | qrmaqcpuirzsmef_sasrfaserassnlcsdecos | sqmscfeuqzacssodzesecf_fanedcrssroase
K	974	5	0	2	0	sorti sedia orti sans	pnesssstrtiomnmdspldsm_de | _mdsoimosussc_dmunsediarsfsqspllasrunlnoms | emsasmtgndqenslsortiadaamslfrstuemdrotmmua | grcsqcselogumrft_smmrtstqragmmrqsansmaudsa | rcerotlcuqaumsdcaufraut_tqqaaoaismsiemra
K	975	4	0	0	0	tale ture	apnff&tlscaepgratrsg_zmc | _ersgcasq_zgslrzfstfafeaotutrpolcag | mgfsg&crpzenlfttlsscrucogstatlrrgqztalegsu | qrdahsntrrgdan_get&lhturegteslsgcuszs | tmtalctrhssgzcasratusl_lhesucasfgfretu
K	976	4	0	0	0	hinc	mnucsdsrpadhincscmoszc_fnd | _iscfacthccda_fc&deftastsecmloocsnl&dhcd | ncsadcrtnfeu&scfpaadsotlczotdpsecafhpico | ampcrzufscmtu_ccircproiceca&zctofda | nhpdsracdftpastop_preaothatccdteio
K	977	0	0	0	0		ormqilicsmhclgrfnqotnuf_oqc | _gnqnhfplqqlzt_ofl&oesilirqodtsqsrrdclfl | qfilfcpirormiqnsmhcnspsfutlslmr&ftoslmgfs | tiasqrzumnirfald_qfgscqmrssigfsrqufpsol | szqslmczrrflopsrlssm_mrrspleqfle&gss
K	978	4	0	0	0	coli penf fiat fece	efeceliaiqsesgfqgrs_si | _sgfrssqfrfcdi_sracoliepenfaqafieaaiqsc | ssecslstenaecfriaigasrsrqpicaosiiqassra | itmpffdrcrtsmpm_fssilfafiatssinfarssarc | idsiqaicdfrscsppiara_afnasqlfsclosia
K	979	5	0	1	0	feria pona feli eria anni	ducoalasdsruscod&chs_ess | _rcoqszofolae_esfilferiaraodr&ionurissl | ssailsszrueciaooqdisciztsh&rldnfseedrsfi | ereponahcoqrnserm_osrsodnirrsoiihszifeli | asdsoannifslezpinrifd_dniiziroslrfri
K	980	5	0	1	0	datar auui data	odrolo&tcrhdasroqsta_rn | _dsrsrauhrirlri_raiclnrogtoqoarocqurtzcchal | naogla&umradcolrstcrgsuueatqqtlcznairthcdaiu | imtfrertdlsmzatqm_radt&rcetumdatargctauuirlg | trnthclrzegialrufgzqtuic_ceaguuhgoralondtu
K	981	4	0	0	0	area sare pare disi luii aura	qruupptisaeiorauqdag_efe | _oaurapiuusq_encemripp&uqrdluiirrnei | fprtpare&unpmurisarealpzgdisicqeiisol | qarnussgumrairs_uoitussilaoi&urngpler | isfiisemsisrepnriils_ss&rlpirmumcoil
K	982	4	0	0	0	dame hier diro	sttphcnsudaqtgapsaang_ipd | _qaplugeapephrz_igeh&isrnlcpsampnotdagh | pgrhgcetictiplnsurdamefgnalnhso&gzinasqgem | zerpfrntilogelc_pgqncpsfnmqgncprngemeihr | nrpnasdirofreghierrolnmes_sfcrmearspghs&qnm
K	983	4	0	0	0	ofla fiat	ocftirfaptlrcrdtoldr_uot | _rdtmprsltqtip_urqiitulqfsctoalutfcaitlri | orqirrsccucfistmfapqtduserlsfiatrpuflarrqu | pcstfsmcrsse_trrfrtafucrrfctqirsuquiq | foflatsqqriusqsfuqa_acquslqltriltrfu
K	984	5	0	1	0	petti etti	pqqzfzs&aroiqmtqpotm_mdr | _itqramsoqiqfee_mmigfrmltzuzqplofqqlgromf | dmztfmsscqmgzpqr&atrtfscmouf&rmemo&imif | ecaeqteprcmaua_qmisq&tfcimqtgmsfimft | edo&rpettimfmsetufi&_&ttfsotlqmflrif
K	985	5	0	1	0	peran eran hier iere pera	ophdgdmnserlsorfhftr_ptr | _sfhierelhlhgzu_prlagipnndd&hashnaoaarlrg | trdgrmeop&paddhinserfsesrtngsairupnlssrls | ucrhuztpdiarcq_hrsnmhsunssrn&hatreslpg | nztnlsrdzaulrgperansls_su&selnhrgnisns
K	986	4	0	0	0	ruma ifer mare	lhgrosomumaetdhqdrlfdqq_cre | _ddraqctrsrssl_cqssacruoaoirliferuohietqs | rqorsqmcthcigorrumaredeciqqfausmoaqlcutmdqse | ltzrpsqgrtoqzao_rqdumrmpuetdquirrqqcescsr | usrutmersoprsqsccroauesm_mpirectrrqsadue
K	987	0	0	0	0		freiisirrhdesrfpiftptf_ucd | _spizhfoeirisao_ufrsstusrii&ifotuirnrosdefs | cfisfroaru&esicizrhdpuofttrsntfouresfru | oargiqateczanfra_ifsrriqruasfr&istfourus | racredcanqrfsuognrur_q&uoesifsstsru
K	988	4	0	0	0	uola noia tura	ziespfpaulnoiaszeca_rc | _ssnarosfsfdo_rafmfgrqmupaptszdersuaidmoaf | capmfaarirtemplssulnmrrqaceauflagaoruolafr | oirstdcelsaaiau_sauaslturautsmmcarrfrfm | udcuolldatmfafrrrmaaurfl_lttmrromqsafqgur
K	989	4	0	0	0	case	oocfcaceatepnosfoos_rae | _nfptsmpfrfas&_rsrtarrccscufoqoifoqtepsa | asccasemgoructctfpatceimlsosaas&rpansri | &gdlfhsctpgsds_fsnefahignsufctsmirrac | sapaetshcrsarmlcsira_ahucimpcrfsarni
K	990	4	0	0	0	fiuo info iima	rguirfrmirlsqgntirstcn_fal | _qtihrnosiaifst_fnalfofodmr&rtircsaimugcllsnf | anrdfnosgftulrlihmirdltaopncs&mfiuontfmsiqnaa | tseisculhsune&m_inqmiimasqnmtidlcnoaaffd | msamsillsudanffodu&maai_itdaosdoinfooqma
K	991	4	0	0	0	refo pati	aomqninrccn&imopsqaasrp_ga& | _msqrnpeiqaqilo_gpatigqcndnrqaoaeqchoot&ipi | apniprefogrmtneqrccn&seepradcichpogcicmpae | ofzfqlrmerfhpzds_qpmcrqccefmpcrqtrpeeagi | clacic&elhapigefhdceac_creeiqqpiqmce
K	992	4	0	0	0	teme fisa cosa soli poco rimo	afeouoipclfllfisaosmi_tf | _lslirlsuez_issurgppocosaqospafqsfliu | tiopuiirofsesopclpfssrrimocpucarizplcliss | zoatemeoaicu_ilpictpsolipspsmirssup | petplcfeatpsiurapacpssc_ctspsrlpgiugrlps
K	993	5	0	1	0	stima tsfi nera	rfmrqqeacrinfprrrlrip_isr | _nrrrcptircro_ipceniamqpqdrrlsrdferip | spqmpetsfidmeqorracmrrstapilpadnpiianpcs | sgurcoimorsdpgps_rpneracssnpdrmeiptscim | osiaroodcmcpitumdpsca_acdmstimarpanns
K	994	4	0	0	0	alma saro nati potr alme	rtlhphtalmesctoqrnqio_&oe | _cqpmorsrpus_&ortpf&oaahlhnrnaqttesop | oohapotret&nlthcpalmaeqrzoinlaplqfos&aslcor | sergsuilcpeqorl_ocatlsaecoanatiorr&pa | auoaslecuqsarop&rgaqlarl_lsnarsaoopofca
K	995	4	0	0	0	lato	ztroaiailrugsctsrozrcs_rg | _croquspsooioa_slipiladafoztholdttlgssi | rsaisipmtfrlatoqlrugrhposcdlirdpsalsrcsh | amloqocrtqmdsldr_oscliorqlhmcslfolcsphi | lorlsrgtodqsipddlhr_rqfhpsiosiipclh
K	996	4	0	0	0	sima tera meta alsi	uznacac&flrsdzrdauidsr_trs | _ddacrrpaeaaaq_treaitetfcmchausimafszssra | rrctar&pfzthnctacflrtsdmprsimfalsirqtfldrem | qfcqarasntcfsrcmo_ardf&alrfmfdrfhatsrpmetat | farflstasrteratpqtsmfmel_lrhtmptearaeidfm
K	997	4	0	0	0	suor figo dioi	qzrsqaqicftdzossqlsoo_nft | _ssuordssamt_nosagnocqeqssqrltscizrstdoa | foqoaoirdznsrsqusucfotstrsoolecafigotncdfot | tdispmoruudioiem_socisfpctdocssosoortnao | cmfcdftumipooanroiectf_fpsotrdosoagct
K	998	4	0	0	0	riti ille tira sous	ocqqlrhfitcisous&i_fef | _tslhilicrr_fictafsrqzqaosudrgcstfii | eiqillecfatqlrhfsdloi&uzrgairfriticd | reeuar&legiezi_itrlardetirat&ildcf | rrerifrgaciflugzrdc_aadlisisatrd
K	999	4	0	0	0	pare reha iira eiie	tdcrdsdfpcroiidartzha_co | _irraiirarsol_caasecsepdudartrzrpsdroias | adesafipdcacdtrpcreoisahzupscsealcpiciaa | lprfrqohctpsarus_raipfrcqppiaparehaiacse | popicotosqeaascifesupac_cqaeiiesrasseip
K	1000	4	0	0	0	fora orni redo area	frcohdhazgnredof&die_qn | _doogecosodle_qesndaqrahshlofp&oaarpnned | ehrdecrrqlcnhfooazgrndcuei&sadzaaeeqazes | erltoilicforaelsi_oeaoziarealorniecsqdr | alaznflairsedqctrasasz_zilrcroedaa
T	1	4	0	0	0	trin utar	ueoaamlldmdni&grami_dlf | zn_izeueiildmimnioataciaiodce_pmnhumpdfermr | asndmerzdalnaioaaoencimagaenmm&orouohuetonf | egtrinrnaao_eualnmeirsourizlcnoutar&oeaiciaa | ceceeernohndsicraanoao_ozctnzmnenetoouedmo
T	2	4	0	0	0	nato alma haro lice atii	lmuedddrmn&mg_afoliaail | atiimdia_emuhainnrupzimci_oedmerfmzondplice | nnalmaimomfeiaumosauacant&rhzoeeaedgoonrndo | rsoucn_aiittrnzncoaeaeoorilearaglaeimiuu&arn | trodzesoineencocharoezaoenatoec_ncoumenmdn
T	3	5	0	1	0	conta cont cano attr	uloimlmaamrgnad_fdil&de | a_idnpmridozizoemmheminpiaufeiuntcerci_dmal | zsaichaneogmoelootnnrnaaa&udmudnmfoormaeeia | nrslaaeam&enattrruacuozgo_aeinircanoeiuoiril | mmszcedndcunzneonrateo_iocncontaheoeeoeaor
T	4	4	0	0	0	miai tane toma ieri dote	emudmd_ra&lmfiigndaoall | fiziammtmoipemiainoeeddnadierinpcrczlmh_u_u | atnaaeormednraaeuofhgasicadmnmeuzom&looonni | etaneenizrai_uuacnlgtomacinsiuaor&arrieoalor | sooceuioenaemecdacnacoheern_nztdotemnozron
T	5	5	0	1	0	nendo endo rari	_ndmmdlauogll&demafraii | zfitpu_emiiozadidruemannmmclmhioine_rcdpiae | gtzanlsnaideruonmcnenaefoaammooeooahad&iumr | u&sclamceenograarunlararior_izuoiitinaenaoet | oourcniaenmzdc_ctonarcehnseeoomaeotnendoez
T	6	5	0	1	0	lifia taua nidi ifia ance cede	oan_&gmaldlrmuelifiaddm | iounnidimi_mrhcomreafnlm_deipupzeacimatzeid | goodld&nimnmmerheooarocfsnaenienzmaauoataua | nceomn&eiroilcsutianlarneatzaooruiuge_riaraa | tomzroeacede_noneouoretnancehnncezdoamsoic
T	7	4	0	0	0	rota mode uomo uadi	md_lidme&manaflioardulg | ez_mmmud_daeiamfimznciohnipuadieclrnieiropt | iuomodemzigldcsmomaenaafnaunarnnrota&oeahoe | ueu_oliniraogaiaszenaaroaloriinctrr&utmcaene | znennoecenrscoaceaoiomzn_amderdntoehoouect
T	8	5	0	2	0	cenno dipoi damo cauo ulta moni	flmu_negmo&idlraadmadli | idipoierdemirem_fnd_enhczultamnaimomzuapici | enmhaudamoer&solnteamaocauogznaranidmoniefo | eiio_ntourigzateioarracsuieoe&ulnlrcnamraaan | ozeatneccennonmoon_zeesocnihoetrdaucarmoed
T	9	4	0	0	0	nano urta sono uana mona	immul_&lirdedoaamfdalng | daarmp_imrdmeooiznaiulntcm_hcudnieifmiepiez | daczeurtameuananoo&lmsmooeidrhfmonangeaonai | inorceiuaaacr&emo_ileaaoosnrliuiauetznrnatgr | hredennccueosonozetoeczeoetcdaia_narmnonom
T	10	4	0	0	0	curi arno tema nona indi neui	ummaa_gfermlliddad&oiln | u_rfppmemimrziaeomdchaedon_temaindinciziiul | nonahmuaialrozarnooadetuomemasfigcndne&maoe | lraneuigisnoaicurinozoaluotretan_r&ereaiacma | oi_aootnztdoeenermneeehneuorooncasmcdnczca
T	11	4	0	0	0	mone curi alma nere saui fama	em_fddilgi&naluralmaomd | unzrcrmiinlieeaoedemtpzp_uiicdmihodfaman_mi | cotasauirhomafladgum&amninereoaemonennodzao | caoonoatizrtercurieag&uin_iaeamruarnnilolsea | unrnncnadoornmnieeooote_ectmazoezeeccodhsa
T	12	4	0	0	0	iean idea cena efii impr noto	drlfmaoni_lgldmideauma& | impricupmm_irliefiihmncidodtndaeu_anazezmeo | untnlnhiee&aganorudnofoaoamodsemaromieamzac | eouir_crsmigteucrieanotozuaorrlaa&iaiaannlne | hsoetemdtzrcooencmaizrcenaeaoennonnucooed_
T	13	5	0	1	0	uerta ento uena tala miei laro	olafna_lemduamgdrii&lmd | iizdr_pmiofc_thonaaedmieirumzmcpeleaimunidn | omsdeoaideloianrrcugmoananz&aamtannmeofoeuh | oeoauertalaroluaaiizsiaoeramni_nicg&trurnnce | tnoosoaorhcoemzrcoentodi_uenaaceznedencemn
T	14	5	0	1	0	amare amar mare	dimdamdig_r&auflmoenall | eciiiroiddpdnmtn_z_liimrueocamhapfuzmiemean | namare&aunieruogoaamaltmnooinzeoeahsndfodmc | aurtrncnimurcgiaoanoaeiueeatrrsiaa_zloli&noe | chdzeoeaocmnn_tentnodnoozemscoaeianeurreoc
T	15	5	0	1	0	casal alma nari cosa eiii amai	i_umgamairallfedd&moldn | imdmlnpieo_czpeni_mnfzrruuoidtdhmacaeameiii | ueegmdornezcosaadmmnnuatoanrohfoa&ineioalma | rr_intu&eiegaaezccasalanitirluonaauoromoiern | ueaneotonrnntneedhonariozzccdeo_csamomeoce
T	16	5	0	1	0	aglio iion glio miei agli	ln&oramldamdifgiemalu_d | _afezzuhiiondrdmrcmmdnei_peapnulmimieiticoa | gno&hfonulosnrricaotdoodmummneaeazanamaeaie | erueimarsrcaglioionnaetnto_auzrii&lueacrnaoa | uiotnescoooneohamednneadcazeetoercr_nzocmn
T	17	4	0	0	0	ufan anoi alui noii reni	anliao&ugad_emirdllmdmf | edpdz_cehiinnm_iolmzimtiarfdmirieeuomaacpnu | aidsrocoaoad&aennaufanhtzunaoomolmmreeeimng | cranoiieoegaluioaeraioztu&_ucalrenintaamnsrr | ie_nenmuaocdonrozceeotrnaehoczaomecstnnode
T	18	5	0	1	0	maelu uano none nons dola anon	rao_didmamaelufidmgn&ll | nimhi_mtoaceeudaiznumaomfdrinp_mdecerpiizli | dolazcaioamd&amnuearaieetouanononsgroemfmhn | rtcairluiaaec&oaluuiroao_eginmnztrirseoenaan | nezmzdeaetcoaorhccanrdosceomeoononeienutn_
T	19	6	1	2	1	conten conte rome moia ardo etdi	aruloaddgmemmlindfl&i_a | _amienrncietdihuimeidiep_dfmzpcnzaoulmrmoia | iardogoeen&femenmaamaolhcmoananutouazrdnios | naonoeeucmstaaioeac&uataruoa_irrgieilrilnznr | euromeeddootaaorecnemsaooncchin_ezncontenz
T	20	4	0	0	0	alli urna iera meri	fadlgod&alli_eruinmmamd | niicooaimuehcmmeri_un_fiitazidmedrempanpzdl | nournatleaifmehoieraom&msndognaoamadocuznea | riamcnaiana&oooruaalintoanrug_tuizersilceere | ohaoartooenntcnnnodc_udosezmcmzerinceaeoee
T	21	5	0	1	0	milla lanr uice mori cole ieri	dmgdmuead&rlonf_amillai | oc_cunptrinihmenuodmzmaimmipfdeaeieria_zild | aoniadmocoleaguntsmhairn&mnneoaeaoderfamuoz | moricatuarauunrseonniaez&iiet_logrelanroaaci | zocneoo_sacmaeeonrnnnezchtrnuiceemtdooodea
T	22	5	0	2	0	tocca dinon amia mora inon cauo	oald_u&ralmienlmmdadfig | i_ldoiamiaer_czznmuenamdenciiptemdmriofhipu | mahnagdroorsnoczaeeemuanuaamlef&oomatidinon | eamangeaurniluooiealtcirnztrescia&oi_onaruar | oozieadzeedenhemoraecmnetonr_notoccauocnsn
T	23	4	0	0	0	aero gian naie iano coda coro	adem_rilmloalfmndi&ugda | odmiohd_enaiepczuemiammalrunp_fnicmerziiitd | uasmceormmaonainezdtgianof&aoanaerouehlodmn | eiumiturzagrcneararcaiauooein_nnt&rlaloosiae | ooocicorocodamzseenamtnzdeeeenueoan_nhtcnr
T	24	4	0	0	0	nano cono adda uago nimo	r&nlaiogidmd_fudalamlem | noemzpaucaicmrmmnerhui_ilmiideotfzieindap_d | nnanoaaddarizmongmmuuseeoareeoman&flactohio | aineanraarceiesaueiluagolo&cruortart_nimozni | naeonoezteimczcheoeddrumrtena_onscoanecono
T	25	5	0	1	0	uaria cimi uari elio snon nano	gfnmauelioaladml_mdid&r | tmamma_eachor_ecimizmprfnlidzepnoineduduiii | mogancrndh&olemaiunomtmuariaseoefadazonaeon | aouiigmtlnearolouaenusicacrtrra&eaieiznanor_ | eztdhcecre_eidoonmcutanrezooooeamensnonnca
T	26	5	0	1	0	darne mene dame uela neui tana	flgldlm_ammi&odarneuiad | _adlhciuprciouiiniztmmiaroendmeneim_zdamepf | rntanaounoieemzadanlfdaohnmugoeaoema&ricmso | ionuela_ooamitniagleeotasazianirrcrrnur&ueca | endornmzdea_otehencnnccuiaocraeeotoznoeoms
T	27	4	0	0	0	tien	alr&umfiedn_aldiagldmom | eimirdaiepieicihfo_doeiztnlrunamamdmzmnuc_p | oeruiadaenealroanom&nmcsfamnaodounozheigamt | rnrgloiieailonaratetzimo&cuaaearnnaeirsuu_co | ctoerernmndecazscoaetienoaooneen_ochdozunm
T	28	5	0	1	0	nonmi urna eria mafe eiii coli	iimdmlnrmafelod&_uaagld | acdpe_mucm_olnonmipammdhdtznueiiifiierzeria | eefagndaocoli&noamriuzoeoaarhnamsmntoueandm | rioraemuzirnicaaaitrunoetglles_aoi&coneaurna | ueoehnzodasczeiamtnceoneereooatomnccn_nodr
T	29	4	0	0	0	rari lico dice nero cora arie	afid_aagmulllnm&eiomrdd | idit_mrezmomuirulnepnieofic_ddicehmmaiznapa | aondtheceunooaufroeniasm&amaodaiagneromnzml | licoasii&umen_graoirarieloaanucezaeurantrnto | eznmoouioeonanntscc_ocoranrectmzaneoedehde
T	30	5	0	2	0	liner ifima eron line nero nifi	fmardndidgmal&lioau_elm | luao_pzcdriiez_ptaeormundinifimainmeeimdmch | mgrnou&decnaoimintznadmuemfaeoahnlsoooearaa | eagsuianllineronacmaiitr_r&treoouuazaoecanri | eamnidnaooozemoshodczteeenrcoeceutonc_nnra
T	31	4	0	0	0	iono neir cena haro nece ieri	do_malumaidgneirmlld&fa | ceopiirma_lunieriomimdapuzniehaddzcnmmef_it | anfeazimmuarooucenaoanooagmho&midrsnteadnel | i&auioncroea_aarguclatsmurionoilaetnizrenrae | teoctaharonneonsaczomdzrneceoinmueoeonc_ed
T	32	4	0	0	0	fide dime inan nano	am_ulgr&oldnaamdimeildf | dtdmm_pn_udiunhrcpiziioilaraeizomefencamime | aamhonamcmdugnalrtonaseerzoomiaufide&neaoon | iaataaoacglnnaeeeaimnrrorlroiizne&rutuisco_u | umnzoeoeecccdozrstonneetrh_dmnooaceinanoea
T	33	4	0	0	0	nare	_rmide&lalnaumgoafdildm | mntlemoircndachfm_zapomi_iendipmuiiuaeirdez | saeamraoonazecdt&niaoedmoamgnaerflhionnoumu | zaogtitnair_mnriuoauain&orouaelnaaeicecslerr | hnnsceoadmaeoinareeuzcnnzemroc_ctneotoedoo
T	34	4	0	0	0	nouo rico tate ulta dola arma	eidolag_ldmlunmifdarma& | mrhmcf_ennzrico_odiinezlaidptueiipdmaemiaum | grumreomnmaia&endznoultaeofnacmaodoonieahsa | nouoetateirroulgarzcrneiaaeicns_inra&almuioa | ntamaoeo_nasdceeetodnrceocenonzzhreoiuocnm
T	35	4	0	0	0	uien amia otte nati onon	&douildmaraami_fegldmnl | ipoanueerzihiupeecnmn_imdmiom_cdftdazaimlri | &osunogrmaonamiaemhuetoelaazindrcaoefmnodan | iacnnleen&aoecrizltouugaaama_rsroirouienatir | dcemneeononcoceidc_hsemnnzroaraotteoanezuo
T	36	4	0	0	0	nare mero agna uali mona	ned_dormmualillfam&aidg | fprucn_emcoimuneiptzzdhielmonaiimdmdr_eaaii | tnareeaagnai&mrmnsdenmooiuoofhamlcaneouoazd | zntuirollieaemnraaageca&ruotsairiueoracino_n | ionceteehcnnemztsd_meroaoznounaeanccoooder
T	37	5	0	1	0	uadre omai foma	iuadreldlf_&inmdoaammgl | ezmai_nnapepclemiedoimiztomnuh_adrmiifudicr | cad&ofomairnmanrtasnhdoeleaoaugnzoaeeminmuo | ielcnuatsoiaearoouza&_reamlnarrnioeganriutic | anocmoatnoodoeoeezudzonne_raenritcshcecmne
T	38	5	0	1	0	auaro mari inon nona lode nano	galin&ummmari_dfllodeda | iouia_rlddmioiun_tnidcieemerhzmeacmzpnpfiam | du&oohasieadmtgeaamacoafinoneuomnrannmoelrz | gei_oeaisirnnre&coaailrintulcmtuaaeozauaronr | odoneezcouhnmednonanocaozestacni_metceerro
T	39	4	0	0	0	immo rota acca dime alia	aonldmgfmrul&_dmdeialia | mu_ainczizn_hiapinddimeirtaeuimmolpdrcmeefo | aslmuaenedzmaoeau&nnnocoeaginroorotadmfihma | iaro&zmeacaouncagiatsa_unreiilnooeelritnraur | hor_eaccanromneeomdcuoaoennzeonsozeniettcd
T	40	4	0	0	0	iono uono naui	&aamureiol_mmgdaidnflld | _iaddeunrpotopiememhucicdzmzimrnmifliiaen_a | &emoaonuceaeadofezrnnoaasiuhdoimnratmgnmoal | iaa&cagaralezsnierlectuionom_uonoeanauiitrrr | ehrou_nooecnrnaeaoetnndczeneeozsmoocdacmti
T	41	5	0	1	0	umana duce iiii aiii lari	rammlmlgeddol_aauiifdn& | mnu_czi_izalofpmeemrddmenhpaaiiiimnoirducet | sinlronacoa&zoefoiehemdnaadomearumtoumanang | setcunnranmr_azinoaigu&aolarioaiaeuiclrteero | zhmdaoamntoeneesoaceec_nornnietzoooucecrnd
T	42	4	0	0	0	auen ureo mede foni onon cede	_lmmal&maiurlddfoniaged | ca_c_mrirfmahpuodiaieezmedeopnuidiitnlmzmni | naromishomeadoauenr&toofacmialdennomnugzaae | _grnnaaaaluelsetnaziuoi&aaiirounmertecociror | hmzureoeonono_aaontnntoimrcedecocdnzceaese
T	43	4	0	0	0	mane cioe lana fida diti	imlmglfidaadoae&m_rudln | ndoiehaomnfern_purmaiditima_dcilpiuzmicemze | oeangnsraozeoulanaamhaofrneitdmoncmoumde&ai | manuiourriieuzlac_oecioei&agrntaaslotrnaaren | eceaczihtonazecorntdonremd_conneoomaneesuo
T	44	4	0	0	0	arco amar rari	dfradlammeuo_nidl&liamg | _fztmeioipaipeirairddlnunmedmcc_aihiuonmzem | enharunautmomsgcaeenaiodfzooonamar&amiednlo | uaarrarimltnocioaeieazaniluocug&ernetasio_rn | arconhuettcneedenmooinro_coczsemeezoadnnao
T	45	5	0	1	0	crino mifa rico dame tien uera	lmadne_idmgol&lmifaudar | emafpodriimnciundameeeiz_rlhciozuni_aimptmd | nlmsnamueraonom&zoudtcraeoaeadnfeihoigaamno | gorsricoecrinolratzuee_marli&tnaaaaauneoiiun | nootenomtienncocrncazmezeoh_dndouoaseearce
T	46	4	0	0	0	cauo miai rono mont	lua_leimdmlrngfadmdo&ai | znei_ucaze_eldmmrnioiahpnudfcietmimrpmdoiia | mronofndagmontzhmeeaeasme&unuliirdocoaoanaa | sirriaocguzrc&ananlruoonmiaiotaeet_lnrueaaei | henoentcauoneoonodzeccrnasnriozmtceam_eoed
T	47	4	0	0	0	cour cauo dete	mdlmddnr&iimualaol_egaf | camfzimeordahinimdpiua_ptmdlcniezroini_eume | neoma&gonodzdeaenhmlacournimaoroitmaaafsnue | iolrgn_zlneiaueoarncauouroi&taesmnrritcaieaa | tcdinccraoznzeroomnsceuoonnoa_edeteonemaeh
T	48	5	0	3	1	segni uanti piede egni anti rema	lldan_rmlioueiadam&dfmg | oipiedeamdnmraoiluahim_ecmndt_izeincpfzrumi | nnsda&foeeneaaarlitodnnaooremaumgziamcuoohm | leta_naeisegnieioncuantircrluauo&riramazaoor | toazczinsdencornenod_acnamtnucoreeeohoeeom
T	49	5	0	1	0	auait uari tnon moda rima nore	lddnuarimamlf&id_ogamel | miuemp_oaeehnfcmtamdmzczr_iiinoreidudiniapl | mmmaacdnashzeeuagituodefolnoinnm&raaonreoao | utnm_ruslornoo&cieeiaaauaitnonziiecglarrraea | zarneneeoreczht_ccemnudoieoeoosnmodacoatnn
T	50	5	0	1	0	nonce gale sano dila raro	_enamfimrgmladoludilad& | zinmihiucumied_ieaifdiopnraemmct_redlaopznm | olmaaiozd&fgounoenetsnodarranoecaimhauneamm | ruuza_eirnnaasanoogalecoin&rraruaeitmiilotec | heioeoooadtnnoncesrarooc_cetdamnznzeueenmc
T	51	5	0	3	0	dolfe crino auiii tema inte uiii	n&l_amdolfemarliidgumad | orcpdzeelicmm_demeartfn_apuidinimhauiiimzon | ahoenaaairu&nceaddmgnaoefniooazuommeltsnorm | sa_aoereugaacrinointemaulzlnrercoaniaioitu&r | _rendzoaeohecdoainnteczcuootanocrsemennmeo
T	52	4	0	0	0	iion nana nani coni leri caua	ilamdmmdlgl_rafu&idaone | iipdmrmpiizeeftmldeumnoihnaeuc__aiionazmrdc | mocnananidesaauhleriunodazaeoomng&oaermfotm | eli_zlririunaic&tcauaontanrogroruieseeanamoa | noconicntrhzuozenreoedoemeatdoaecmoceanns_
T	53	4	0	0	0	mora uena leon amor muri	falemaoi_r&dadgdmmliunl | _cmazpeuidmecifhraidiiapzmuriminlenendto_om | ucfndomleaiimzhuenadaoeamoraotraenogsa&nmon | iacaoinas_iogcmr&aenuzataorntuieielrleonaurr | ceozoc_oooieeztndhsmeeoneaoareucncantnnrdm
T	54	5	0	1	0	piene iene cuna ogni olio anna	doagullldrenimdaafimm&_ | iuhndpienefmzuaeimzamnl__cidacporiomeiirtmd | eaimmfuhedm&acunaoznrsolioonoaeoanaemadntgr | sarctooogniiorie_inuarulmrratzeannaulace&aie | teheoeoanzraminntannecocezdueonmoo_oecrscd
T	55	4	0	0	0	mone dami mile toro reni eria	rnlleidmadmagomi_udfal& | _mmiienpeiumni_rcihudmmoneeziaaidocaltzdrfp | raiondnm&aornohefaznamtseocuouagondamilemea | aul_ieglci&ncanaairenirnrzteriasoouaaoruomet | ocnoohinadaeosetcm_rezncnadeeeueontorozmnc
T	56	4	0	0	0	noie rata naie	l&almfdeunil_aamdgmoird | emmlzoeiuiifaiitnocup_pdmmaizaemeddhcnrn_ri | mmhnoeorurancnaoamlzmatsdoafoeiaeneuandi&og | eirataooiaoanaiegnntmonraai_lue&rzserlriuccu | cnomtdhneooanoeurmnzdc_rnoieaseztcaoeocnee
T	57	4	0	0	0	onde tome mere	alr_dddnoilm&gamfimluea | cmdiimreczdnuamiruoenidftpipimilnae_hoam_ez | gmaa&ortunnsazocnluhenmiamnaoaiefaeooroemdd | oi&oeotunem_sclezaaniaaragruotnulcirirrnaaei | tomerecieaondeoznens_ccotcnrnhedaeoauzmnoo
T	58	4	0	0	0	mill cara	fdolmilldmmg_uaaendari& | iuieed_cmzarnhidmzatuodfraie_milopmneicnmip | dlofnurrsnomgniauhenaa&aaieonodceammomzateo | orcaratilegrs&uaonzeairuaictoeimnainalru_noe | mooaccnoc_ozezedeannnroiernmuhseeocentdaot
T	59	4	0	0	0	uiia auea fien anna riso coda	gfmlmi&dalaon_imddeulra | zfienmnetizpdhouaemap_oueir_cimmliicirdmnda | dtrnmlnfenaioaoh&oaeunaoogmnoasmmeziaueadrc | tlectmannaioee&cluuiiaga_raoruoirnzaaenrriso | cnmnnocodaooinrnoeeoterzmoseaaceuz_ctheend
T	60	4	0	0	0	luna iene arme rari	flilunae&mamdagdoilrm_d | mmoiituionczeniarme_nuipiahmpirefdemacdl_dz | onmsfooumdmienzhieaeoaaorlcant&neanaramdogu | rsainoalieuzneautnrarin_uermicelrg&aooaaitoc | ceedouoameadhcottnocnncienezoreoeanmznrs_o
T	61	4	0	0	0	mifa moto noce acca tace	ined&lro_admifaadmulglm | fduzizmeieic_mrinnchma_aiemriduopoptamidlne | ooeemotouncanzmesran&onauldmanhdamgiifraeoa | a_rlnir&nuosoaarzlruniurgioeimcaitneeataceao | oeediooodeenoceztraccamsomncn_nntronzhaeue
T	62	5	0	1	0	uinte inte toro urta slia	dam&nluodagfdilimlaem_r | micm_uinteicezmripan_opnaiuhdizleerdmmaofdi | eedenognaozhaurronaaanooma&oimfemmutcnsliad | iiluionrlgaaeirioramcretoroauezae_an&snuactn | ooacoc_eonnoednhoecnnurtadnizzsomceeeramte
T	63	4	0	0	0	atte remo enon meno odio nifi	aiddl&orfdlnmuaamemilg_ | tnifiplcrzeoiammied_idmzdeciihmu_nuremonapa | afrztaumenooeln&onnogdauciermmsnihaodeaaamo | tgzaimenileirreio&ea_nnoousuonrtlacraruaiaac | matteucodioocnhodcneeosnrro_eemecznenonzaa
T	64	4	0	0	0	uoti eiia moia	luefa_daomlg&imddrainlm | mdmeiu_copm_ufzanztrmncpdhlnierdieaieimoiai | enaucddmhtafoilamnaozuosaaonrmngroeae&oinem | olarnru&nittacoaoaearr_neeiiargiaumoulnzscei | noeehccnzemnnrooon_ddmnacruotictoaeeozaees
T	65	4	0	0	0	card orti moia	dagandmiaoefril&_mmlldu | izdfra_ehiuicmzmotnedad_nimnppimoicrlmueeia | uaaauoeoaomoiarnhelsigzaeacrdofnnmodmnn&tme | nalusiziuotcmornnlt_ago&areroireariiaeuacaen | ortihcardaenoemecuez_odnoamneootnoescneczn
T	66	5	0	2	0	doman aueri ueri doma auer	aadfaiddmmelglonu&_lrim | lmnodedizzeia_umhicemomriipp_dcitaamnnfeuri | uuemeeafsoanrdomantcaaheadnn&molmionzgoario | anacoaoaauerimnliinizlrtuso_eunraaioeetrrgc& | odmztaimeurronaohnznocaeeedtoeo_cnccneneso
T	67	4	0	0	0	lira sion arte noua tero alla	ei&didmmd_arfallanulogm | mnuintlcadiidudz_aocipzeeaoiepmfiim_ehrmnmr | arendnazetainouaemuo&onleoahmaodcgrfmmsaoin | alzeuu_uarcliraa&aiarteecasionngteroroioinmn | zaoaramcttsoimnnezueoernece_oncecdndeoohno
T	68	5	0	1	0	santo acce euer anto idei sant	daiulaldmmfigardem_oln& | nlimrfzehmzcdp_iiornudieuaia_ideitmpocmmaen | oamamiioml&eaaoemdnnzueuercrndoogahasantonf | iitnramrauelgiarreauu&lacceaiosonitnezroona_ | mznoucorideo_esczeontemnahaoeedcnocoantner
T	69	4	0	0	0	infm oche amar mada anon	amefda_&nrimluddigolmal | odlard_iuecnpumcadar_tmominfmeipimzihizneie | nhoosndaoemadagmcneeouaiamarm&onzflrtneuoai | iaanrulzoutoocresn_eiomn&ireaacraautlraiiegn | ecaenoemdet_uarscnnceoochezdoinoometzranon
T	70	5	0	2	0	uoura minor mino miai nato uena	gld_molarudanid&lmamief | oneamoem__ncuzitdiiuifhmeadidmnemiairlpprzc | aahdem&nenofdertgnaazmcoularnsiuooeionmomaa | uenaeiuouranrztaarticnir&acaaen_ooislieolmgr | stonnmdezoonocohdminoraaeernecccenatou_eze
T	71	5	0	1	0	ueroi geno uero	nelglmmao_lm&daiiruddfa | pac_todeneihmueroi_icmmlidmzmnfirupzanediai | onoom&amtdailscnnrfaaigenodzuauomanheeaomre | ontreaoiraeeiazoaceogairltusal_uimncniuarrn& | nnoe_ecnntdocseeoeozecrooinezdhtaoramucnma
T	72	4	0	0	0	moia uero ddla idei deit noto	mnlri&mfla_umoddlaiagde | izizucrpideitondhneamfmma_pncuildermoiai_me | fooaztrdhreulmmengoaaaenemiduacnan&aoomisno | enaitccriin&aml_onienueroausgoarolaaeutirrza | enishonccneeanotoezemadneeomoocunoc_zarrtd
T	73	6	1	2	1	aranno ranno ente anno	ilduomddnai&_rmlagmlefa | thlneioaiumuciipafd_immdraieo_npmnedcmreziz | fahzne&ieomaemncraolarannomgodudneuosamtiao | irnoenteauoaiaclcliziaai&ruoentrusemognarr_a | ein_ohocennenoezoecmrozmnaddcnetaruesotoca
T	74	4	0	0	0	feda nece unir duna noto	glidmmalrimlna_u&fedaod | czmahmmzicdanp_rou_reeiimeldetpnomuianifdii | dunaaiomnet&emamlrnaounirocsoohaegndafmazeo | anemirolrrtarne_&icsorunelaitcanagauiaeozoiu | oucocaenotozrnecennnoeiedtohamnsa_reodzemc
T	75	5	0	1	0	rimed ureo ioro rena unde hier	radme_ldmdo&ilaimufglan | cdnampacpfiohierda_neniurimedm_ozmiiimluzte | mhcioeogaomaaefozroirsnnlmmantundeoaden&aau | iioroltu_nrci&sutleargenmuainaaoaacrizrenaoe | ooeccnmndcenoameaenoazzonhit_esrureonedotc
T	76	4	0	0	0	glia noto arno crea tien nana	ii_&mdemudarlgdfmloanla | oolnicueiapiuzfieemd_midcreampinimdzmratnh_ | delsonuafiaaoncao&uomzmdaitmomrngarnoeeaneh | tienieru_amanizurtosreaorulc&ecragliainanaoo | einorodenotoecomsunc_rneehacdetcaznomeazno
T	77	4	0	0	0	arci uana uote moro auan inte	aliflmdgnm_r&mddouieala | eozmpniarcimmeezldir_umcaau_mdpoihninteidif | foinaddmnaaomena&chsezngmorortloeiauanaumeo | luoteenincesamtuao&aoirliorra_reigazracianun | noem_ooedazsnizoemueaenoctcoocnhntarecnedr
T	78	4	0	0	0	ento cauo iure fame uane	l&fm_mgraidaolmludeandi | epmihie_zeuml_rnmoeidmaidpactcamrniniodziuf | oedmeogotfamea&uirnoamizhsnnnclreoonaamadua | _irnteznaa&eoroctrcauoniiiureluiaogmnaalreas | rtooeoeoentoeocannceaomindczuanesmzer_chdn
T	79	4	0	0	0	cuna doma lare faro	dnaiim_rfmldugleadoma&l | lhaiernomtepafipenummic_duomezricmdainizd_i | tmaeacimzeui&ndudaammonooaoenhgesonrnlfaroa | roiaanrl_laretincrgaaoienizr&iomteoaucunaeus | zoaoeeocrntmioee_cezcnmnrnnuedcoenhaadsoot
T	80	4	0	0	0	mots iuin iano sani ione uiui	limdaalrudioafd_&mglenm | ntiuphernaidc_diifzm_dummliiineeamaceormpzo | ooodnmersanieaauhionemuonmntaadfemgacrz&lao | traaooiano&gacuiuineamotsiernclrrzalneiaue_r | meeoieurzeezennncnroooanash_dadntoctcocmeo
T	81	4	0	0	0	core	aomrlmeagmfluaid_inld&d | m_iaae_rprhipeimdiomumcieencudiaitondlfzmnz | idmouoczanaonahsoeutnmefgmdoe&nrmoaranelaai | on_eraottrsiciauirronumcaaeluoi&zlaneeaargin | aoodnt_osohenoeonmacrnceezcdezcoreemtiunna
T	82	5	0	1	0	cento ento anio crea ogri nano	ldfdladn&iaogrim_ummael | iddammfnthei_ionicmlarimnp_ieazzcperuoumide | eemosnugaaenanodnmrcazlhdmeriooa&fomiuatnoa | rtmzrouloanionsrieociatuaanruai_ga&aceeinler | nt_onuecreahcentoezmoadcdnimczroneonsooeea
T	83	4	0	0	0	comi duna	mgaenmadrudlldiilam_f&o | inizarpdfmnaam_umhiieetmzcneocddip_moeliuri | nrmrdunasolfeamaonemi&nogtauhcomiozdaoenaea | a&oortaaooceiizieugralamrsranea_cenuurliinnt | eeceooiurdahetsnco_dzocmmneeoonnneanzaocrt
T	84	5	0	1	0	trama auec	id&aodemalgdn_raiullmmf | ndoar_hpiniiztmeodlaimfm_imaeduieczripmenuc | nnclounamroonhedmfa&otaeiuaeamzroenadsoamgi | icniaioo_egtramalrar&naouaeiseuneouricltnrza | rzanrtec_eneotoocnzauecddacnnhoomiooeneesm
T	85	5	0	1	0	auede noce uice inna iofo icon	godiamaamdnl_erull&midf | zotimnrufhnedamniziprpicmo_lauedei_iemdciam | e&traeoaracmuanunhdnzammaeilgdoonnmoiofoaes | ralruiceiteszetoinnaicona_rlua&namoeuroariag | cr_eooddneiaanrteeenzneoncozsuocmhtnoceoam
T	86	4	0	0	0	uiia cene rema nece noni fode	angfi_lidalremaomm&duld | miafodeizrdctrdeiazemhnimunlp_pii_acmunoeim | zuoueomohaanoniemnoeclaafgrm&aedrnmatiosadn | icnretruoaaoirnl&sorotle_anaagzinmcruuiiaeae | netnnrooamocenecemzodo_honnraedzsotcauceie
T	87	4	0	0	0	neir rari aria rima main	ufdl_amdiodlmnamr&gaeil | fnaoreuidrimainumt_ddmi_ecmpmnzzpceliaiiheo | naminnn&oedoooenaehaorsmzlitamacrfmuaeudgao | inuaicoeasneororariaaocingetr_muneirlauzal&t | mnocneeorteosuace_enzztnooneaocmdhoediarcn
T	88	4	0	0	0	anto iaua	iagmluloar&fmnald_diemd | meap_iauilfdecmuihizztedrnipmmin_drocienamo | mmtoneoauoomgasnnird&oehedaanaeiazrmnfaucol | giiiauaetmosicaecrlantoaarr&eaeoonlu_rirzunn | eznaumee_tmseeinazrcnooeoochnnaccootonredd
T	89	4	0	0	0	come eifo dami tene nane neui	&_ormmdamiuidgfllndelaa | crdafpeopm_ezmmrciduhainiii_dlzaimmteneuion | tooanane&eduornmzsalndmoheeifoarmmnogucaiaa | insocnaamteeouazlurlnoe_taaioraui&rairngeric | zcecnzansaecomeeoendrohnatenrdo_ocoumotein
T	90	4	0	0	0	coro nare	llfoaeuidnamgal_mmd&rid | i_mzinarercmi_fztlhpiduooenndemudiaiiceampm | fouea&eoidtaoeanammgrmnidecnaosazlhomnnrauo | ngrilauucoro&asaiarrtea_aioumeenrcloietninaz | mroeodeneacdnaesoacthenziou_nctnezrnecoomo
T	91	6	1	1	0	erario rari ddla doue iera midi	me&namuddlalimalrgfi_od | imidirhmleicrmunmdoatz__efepinoiainzucpmdea | oermdlauetgzmosrmncooafnhmeoainaaaaenod&niu | sloutriznnigiouuane_ierarioeaalactmonre&cara | tzhazorornnneecscoae_toaocmedndouencneeiom
T	92	5	0	2	0	ancho iulia dota tiri anch uolo	anaiie_dmfrg&mllddmluoa | mmiprfncdioazneeimtirizmd_aupiuliaedohmcen_ | mscoeenhaoenndnma&ailonogamfuozrriuaedotaam | urzcm_sa&caaieitaoraigreaneutlnuoloreinnioar | einroenanchonzdeedocenmmtoteaconea_czrsouo
T	93	5	0	1	0	hafua afua immo fuat trin alia	nldimd_dufmgaaliaelmor& | dctucmifp_iuranrd_meidiaeeilinmpooamizhnzem | ousanl&mooaimmoiohafuatnnnardzemdeaeoeragcn | ra_oou&aermcrgtaeoasoantrinliaialcinuzriueen | zeeonna_necndenooroiaoueatcczommsohetcnder
T	94	4	0	0	0	nona pane umil inon	&mi_aemrnumilglfdolddaa | ineanfuoimozz_medpanec_muihradidrmmtilpciie | nedgoelmeaaoiam&snrndeaumoaanoooirmznfhcaut | cltueoiaagroieie&ouirrtnamsraueinona_racaznl | isemteoncerohnnntnedezaduoaocmc_oerocozena
T	95	4	0	0	0	aura cali ento noma	dageda_nmmamlrolf&diilu | iahrooicdrpmilmieean_uapiiednmcndmt_uifzzme | truaeaeool&mnhfiamacinugdzraommnsaeoaeonodn | unoigioszt&auracalinra_aeeeinraeuiocltnomarr | entomodneieaesnznccdccazthearmnr_oeoooneuo
T	96	5	0	1	0	aurei eran mici reno dono	&adilomuiamellfrndgd_am | eei_i_adhmpnoerztmicidnmoiladuiruzmciafpemn | ngmfoaaitsmuuzaedodoernleecooaonnmmraahnai& | onizeranuatrcstni&oaalmgeueoiaaurei_lrrcaino | azzaecanctdenndonomheeoonreioemucot_csreno
T	97	6	1	1	0	ritiro fait note riti cose senz	il_ondgml&amdrdaafileum | mnzidriinlmna_emameciciruhedzoupfaitmp_eodi | aoesnuconaaoieeuadhgmatmrermlmoofoan&dznain | uernzaelaaimrosoeuai_antuaan&icrlcngoritiroe | toioeeraehdn_coccosenzmounmnarcdznoenoteae
T	98	5	0	1	0	unfuo nano tene ieri nera cani	amafleudmloni&rmla_igdd | _pufciiozierio_dniezmiimhtmncnaadpdermeualm | nmeiraztmaemdaa&oeooaaocgremhnanodnlunfuois | cirzaeoilann&oar_tuatemoeraaneragiuiosiuclrn | enuzoseodoao_rrnncanihtamccmcoendeezteneoo
T	99	5	0	1	0	onora trar rara lieo onor arai	lr&migamanldfilmeaddo_u | autmaraimedzpddnummico_i_orzihciefmnelpeiin | duiooazagcuhmraeonoraeleto&fadnomnanmmnieas | iageacniuoi_neaiolruc&nnlieozraeurtsmatrarao | eenmonnramndnhcdaet_ecueoootezicreoozcsnao
T	100	4	0	0	0	iono ante aato aria cari sene	ormi&angddamlielfaudml_ | iomdm_peahdanrpatifcrimemimize_enuidilunocz | eionoazahioaoctfsmonramlaeaengdumrunmean&do | &uciasenezotucarialaoneoieimaiaator_nrrnlgru | oaentciseodz_ememcaneeoroantezcdcnnornuoho
T	101	4	0	0	0	ieri riua dima file deua	lddimaur_&aodillmeanfgm | ramzdpm_miericicamihideuazotepmnfiled_unnoi | rmuaolerosiaezdmtfaemnu&endgmnonocnaaooaiah | nilaeouuroasraoriuaacgioc_erizneil&aenmttanr | ocecotnmnczonednoosat_nmaeonureeahezicreod
T	102	6	1	2	1	emendo mendo iero dima endo arai	dmnearudiaomldimalf_g&l | aanrcpailo_zhpmeuedrcndtmmiumiemnoi_ifieidz | emendounarain&imaozoloenhgarmmftoaasuecnoad | gturr_&cnaaoiaierormiieutlnzinaselraaeucaoon | aeunmoooznoaemnnicnd_ocnetszhtredcreeceaoo
T	103	5	0	1	0	croce mane mole uora nona nari	_dlialdnagmfmi&udaeolmr | mihidpm_rfmtddnmciio_unelpuiorzcezaimaneeia | nonaefahrnane&srdteodgmimoleczoaumamoaounai | snrilo&tieauoraelnaritrzaac_gueeaciunoaimrno | oceomdhnmsozeirunnaoznnaeootnaeect_decroce
T	104	4	0	0	0	iean deuo etdi cont mona main	_alemlngldarmmoufiddai& | _pamelhmetdieoiczimamciznmainunpier_rduiofd | nuctmeoheaoazodegaaordnfoinlriuoan&amaemnsm | tacgcrorrui_auiollizaomonaateernruieansnei&a | oidmcontcdeuoezneonanzncooeecrne_aamsreoht
T	105	4	0	0	0	iere nona anon	_leomrdmu&aafadidlmnlgi | ipicodiaahnmdoipmmziairecfz_mnmt_eeulinreud | nroagcsehaoeonitdanealuzmeadrm&ifanonammouo | a&nocrtnlrlouoiriracnasaaotezeimeuaenaugi_ir | odacanzrem_nostnhnnedeiereeomnucztoeooccoa
T	106	4	0	0	0	afua indi	gaa&udlaoil_mldmendrifm | aindiioteirmhzlfuumaorpieimed_idcemcnzmnpa_ | afuaes&aozrmmaaeionndlionunecrmamtenaoghdoo | nroaoenrusnuoeuiareltgotazicalcira&rni_ameia | onrceodoonzeenenohcscdmaozoaetianucmtn_ere
T	107	4	0	0	0	deir midi uale	feogdada&lmluridmliamn_ | ula_amzmaopitzdincmidieepii_rcmendemrnihfou | grmmaaooeaoa&ntuuiaeirhdaazneoeonldnocsmfmn | aniroi_o&nncmuiaraotlgiuualeeaanraoeierzrsct | ezeoaeoomrneetuadcdeirsntncomnaenoococn_hz
T	108	4	0	0	0	iene cene dina nomi noto	adrmgmeufalmdillo_dina& | etlizfdininmduzp_raeiocnuihmemdiaeoimpmr_ac | armzoe&agositlohacndenomieneamafaoouumndrna | &nazseloair_eurrraiicinolntaaueoitmcueogaarn | eaomdrrmnntccenenaoeuhioecoaezcnotodo_nsze
T	109	4	0	0	0	more ando meme cara	edanimullfr&_magmaodidl | _unciepap_driroiianzmemeidoifnmaciuelmzmdht | mafmsiaeoandongrnuhnaimorecozaatu&adelnoeom | ncearausei_miaoitlgnenle&oiairroncaraaouztur | azrcnetc_eozcemnndandnsemooronceiheteouaoo
T	110	5	0	1	0	ialla lena piii alla anna mena	dgr&diallamelfund_omima | ncftiiuezepiiiadodhrmadr_mep_ummlenazcnmoii | noaei&rlamnenaeoiazsdtmcannameaoofodumhrogu | nicirrzieaetancaml&rteo_oogrleaaiuounuiraans | aoereomncmenaznniodooenthecoacod_ruszetcne
T	111	5	0	1	0	prime nano rota eiii sero aere	da&fdlild_rlemmoumiagna | _rifaciotomnpnzuprimecneiiiuezhaamddmi_emdl | a&ntfonaooacrehnadseroeuuoadmmlnmgeozmiaain | lnria&_rotaaonrciaienaegouiaeretnmacuuorsilz | toaomnhcnanodseznednzororanctic_eooeueecme
T	112	4	0	0	0	caui uani amma nero	_moagmiarudafidml&llned | dino_ndmiieecdn_micerftmzliarapuueomhiaimzp | fsiladaucnerohmnaeuamrnzoogaammaeidn&oneoot | eansgziorelearlimuanieaa_cootrrannriuot&caui | zmctis_odndenrzoennuecoaaenhctoeoaemrocoen
T	113	4	0	0	0	tire arti	_mirdg&lmimdlnafoaludae | ciecnzapireoautiredmzanphmoidfimemm_uni_ldi | deaeoammcmthaeooamonniani&ogsazflrueordunna | tam&raeraarti_ououennuezaaoiailsneocirlirncg | cnhaconnz_oezanoocednncoouittrodeeeemmraes
T	114	4	0	0	0	dame gior otte uago pali agio	duidllil&mgf_anmmaoread | iiuiz_noinzc_tfmeocnepaliudedmriaipdamerhmm | ueimoetac&uagomnhnnaeloasraarzoimfoneaodnmd | rnzrtiecea_ruoreonaiisum&lcaitanuelnaaoagior | eonceodzoommecroonn_hcnnazdrsenuieeacaotte
T	115	5	0	2	0	cenno curio curi tini	mgmdaild&aalmfinuoed_lr | deemnrczidpnl_iauieioimmmruzeai_patcodmhfin | nandzricaonimmmemofoa&nueahesoonuaatgedralo | caaoaeaninearlnezrmro_ugloaesiracuriou&tinit | zamoadzncn_retoeocennoeounmadcreootnihsece
T	116	4	0	0	0	moni tati iera coie	frdldinllumaeg_mmoa&ida | e_mpnianiaimamucernddofmptileueiimihzcdoz_r | tadhmmenlnmfurnoamaoraeu&ozdgainsncoieooaae | oi_aemonieraargraeraoinsaotatizuennrcui&ullc | _ioetnemnenearotdeeccaanmceooonchnruodsozz
T	117	4	0	0	0	mone mode fuii dnca ordi cani	adn_mlgdielfdalourimma& | nizmm_ezmcaedtuepfuiidcpordiiohnmlairnem_ai | atmoneemimoenadronaiala&ghcfsnrnmdozoaoaueu | acnoaeineagrrczoileaanmouiul_oarir&stirtneua | oomodeoszeeooaocnzcert_aeetehcnnmnudncanir
T	118	4	0	0	0	aero uiia area anto naue anon	rduaamdlanfmgoimlei_l&d | rodcmiafmirmhpadiitzmlnnmeiocne_puezia_deui | domeeoahganu&uiiareasdnforletoocmaamnzanonm | mu_ia&antonlcicraeroitazrigireenoourlaaasune | cet_ercdnaueoeanmndcrzinooenoenhoocsaozmte
T	119	6	1	2	1	nolira olira olir lira doni arie	imomramdad_l&dfinaluleg | ziru_eaneimdfoedoniner_mzcichumaidplipmmait | tmuurmdaaazngsfmnoaaheioearieonnod&oalnmeoc | iaieaacaealun&orrungeecrrutzinoliraimsooa_tn | nao_zmdsennzheconnooroiceeeoatncrotdueamce
T	120	5	0	1	0	menta come nelo alda rota onor	elfmorl&mgida_aldandmui | dioumnnpeimmdri_ach_zreeumeaifiimpztdicnlao | sgeramam&hmrciaoeoonzafeautaimdonuoaldnnnoe | aa_cerlcaumuuinrzrotaerieo&nrsiaiiogneloatan | oenonorzcaetnz_aesoeoencenhicucomentadrmod
T	121	5	0	1	0	uiiia tera miai nona dira alla	allal_iumrngmefadi&odmd | mnteraci_almiaiduifnimineh_emzpmdiurozpecod | anuansozoanmiehdiraadmaoeegaltrmunnfoeom&co | aeaimagnsaoa&reouraclnrruiiiaotoencniz_retlu | teeoohnumnnoadce_tcdaezznmeercorcnonasieoo
T	122	4	0	0	0	sine arci iero nani loro urta	&geldurmmdii_omfalaland | lenpaueminzeimiaouimmpot_fddchnaeicrmrd_iiz | &eomndierommlanaefagouzsooacnanirteaoahdmnu | el&oztloroecoanurtasinen_arciraranimuigeaiau | tthedecmnemcenosoezneeurdooocooznaicn_rnaa
T	123	4	0	0	0	anta cine	gr&edldilmalumo_nmaiadf | imzrnediilmfdzeidnnmhmet_ourpuaicc_aioeipma | gmaasmhntodloooia&amunrdocrieoemaaznanfeenu | elreoieoaiaitcaa&nurumiocraantaugorirnl_szen | oeerocineezaoeconnaehmrzuoasotconnddcent_m
T	124	5	0	1	0	liima midi iima elta	merliimadnfgd&auldaol_m | zeurlneaziiimaocrc_midihmd_tnmeidupmfeanipo | ammhe&nmaocmanuersngunoionaeltafearidzoodao | teiogamraolnaroiirncsniaunurau_eelozri&eatac | tmndnnizrenuosmeatrcacnoenedoohooec_ozecae
T	125	5	0	2	0	carni maeaa noce suoi ceda ifer	o&mlmaldgniaalmdu_iferd | iemzumuddcntmefhdzianeori_cienammppirlia_oi | molrnrenfgdhcomaeaadmemnatnauozoaaonesuoii& | uaeiazo_u&sroerniemlgcarnilnoiaritteaoacanur | dchooezenoctnorzain_euecedastoraonenmmnoce
T	126	4	0	0	0	suor dami doge unde nece ieri	reaomdmil_alua&ddginlmf | ndnmci_tedamieriomupmhiczlefpi_emidrouaazin | nishaunczaa&euotdenfeiaoaadogernnarmomoolmm | iin&crirmeoouregttacailsuorzaraaaeo_niuannel | othrcooomdtundecneceasoeieacnzzeo_omnenrna
T	127	4	0	0	0	ramo meda dima noti uana	erauilmdognadimalf_dml& | inmioizainplzheircedueopmimaufed_mrc_ditman | aaoraoinrodsuanauagmmohezitnemeda&oeocnnlmf | ineeraiiaaungeunrau_caooicltnrtramooisae&zlr | nteoadeec_urmcednnhemzarnaooocnotizcnoeseo
T	128	5	0	1	0	anima cuor ureo nani aria	ilimlfueoaadldnmra_d&mg | iiitzedimc_paimefdldhe_cuormnzreiopunanimam | desfiaarruen&dhunmmnlgaomooomoaionaeeatcnaz | znarureosnalrcooiigitc_eolnaariaretanm&ueiau | icctocoedreooeeemaanoheztmrnonzuso_annnced
T	129	4	0	0	0	iano uino stra trar	lelgldmiora&m_faamduind | ihnuleerfrodipi_ic_apumioamimadnmdtenzezmic | arfcmriooeenaennitnzodaam&ueougdoommsnaahla | nmoaczatraruaieeuinolaeir_ianou&iocnstrarlge | cazetnnsocncaoemeod_antrorceenoeemunhdiooz
T	130	5	0	1	0	torni mots orni dama sali noia	&aeadlri_goimdamnlmufld | icipmz_ndecndida_rouuomimnfaeieihzliammeprt | decnnhedamazgononreamoaosamt&noiauuaeimflor | oeanltuniuoumeiirraazoaretorniasali&agc_ecnr | oenornecozmncucea_ncamotsheanieonoeodzetdr
T	131	5	0	1	0	uersi nome ouer eofa	idud_mmdaae&laflrigolmn | oamiomriaaifpmicecnthizlmpdnrdziemuned_i_ue | onoarnaeoceadla&armnuhmzgniueofadesmomaonit | oitnieaeouersicrilzameiran&ouanra_rglaotcanu | shretoeoaacnonrnedi_aeodeooetmnccucznomezn
T	132	5	0	1	0	lunga come lare piti uela nano	gu_roildlmamdifldm&neaa | efa_mndelhamaiecpiti_ioimudmprizdnuzircmneo | norncomelungaez&oiothoamoadudnmaeemfansaari | uieginm_aateaorartrsinaruolccnuelareonzai&oi | ntonanonecao_cocdrontrauoeodheescimneezezm
T	133	4	0	0	0	sare reho	adiafmlmol_g&edrainudlm | mepafpnield_didmienucieimrrmooz_chnitimauaz | sareotiefmoo&eoianmamaauunmdlrehodnnagnzoca | o_gn&oeeluezoaacunicisaailrantriraetaorimnur | aeze_nndooshontonrrcaoeicdtmnzeceoconueaem
T	134	4	0	0	0	coie nana naui anne file arma	_admngiummlodllf&daarei | updmannteidmdifileiocu_mciizarmaeop_rehnzmi | n&aaoaimangdntnmsomoiremehaloanezcuooerfuad | iloeaianrceromtoncailagesnuirnaui&tozuraae_r | huoodt_zecstnanaeomzecoiencmrdrooanneenoec
T	135	4	0	0	0	mone noce fedi nodo doma	mdufedilnolagl_&dmraami | d_cnaitdaioidummimpmmzarc_oziuiplnfeeerhnei | &neunodomaehgmzanocermentlraaifnsaomdaaooiu | niait&aoanilriaernanuui_asgrlmuctoceeazoroer | caztcoonaicnoeaeoeonh_dseemonenrrmtdeczonu
T	136	5	0	1	0	priuo cati otio noma	ldaou&lmagdldmai_rfnime | onmrdihitaciefmiidnuiaea_mcenm_mdzlpriuopez | ngedamzeocaarranomamnhisaoodaeuofu&lonenmit | ccaaieeaealrrueoirlgzs&iiaaumootio_nanrutrnn | eocatinnnnnorazosomdoeorcemnoectaeeh_czdeu
T	137	4	0	0	0	erti mezo iimo uano uiii ille	fmlld_aig&dalmuanomrdie | ahznidcodm_pnriuemm_lemaertidnpciuiiifmezoa | azaliimounsctaonormnoerddnnfeoehmaaag&omuae | otcuaizarirrsouocanar&eaiilletaruegnen_iamno | eenamonueeatimhdeznoscctoraoeznceoroon_ndc
T	138	4	0	0	0	homa mire	mfduamllrldim_aeoain&dg | aiipnmitdmla_mzueui_edacrmireicfopniohnmedz | a&esmriaegtizchraednommauonfnloaoaoenmdnaou | izorraaairlliunoasi&uamtiucneeeotrgaoc_anenr | unresr_ocaoeecnodnoeenczdthomaaocntzenemoi
T	139	4	0	0	0	aero hard dimo ardi mori rota	admlmefluainal_gir&dmod | cmi_uenltmfczioepnridnidzehardimom_aiempaiu | anmdandnrsfo&lauozemraieenaomaouaotgcnmheio | eioizauesaerotaogaemoricicnlrrtin&rnuau_aanl | ooeeaedehcdmintnnenotrzomsoon_ceacnuaeczor
T	140	4	0	0	0	ramo cono fide nodo lino uali	maflm_rogddamllia&iendu | ndhemnp_utciomuiiminmmczdia_eelzaorfideprai | inaram&eaeaemramocmieuouzgnodooofstnanlndha | renrnualinoa_cieoeuosaancriozluramtaiger&ita | ruconoonreetaezeanoomenscziencmetoodhnc_da
T	141	4	0	0	0	deue tono midi meno	di_rmdlnodumlig&faeamal | omidinpzo_munipulicatadrhcmeadi_ezmrmfeniei | maaraogandeuehimndetonoaoczrnifenamolsmo&ua | sironeinaeunamzceularaoocte&u_iriatairanoglr | dactnmosadontoczzeonrn_eeecniaeoeourmenohc
T	142	5	0	1	0	tener tene aiti	imnd_emullmgid&daolfraa | inmlum_mitfhzmiceiipziumeni_edapdaaoedrncro | izaonoolimnesdmna&atmfaegmohuouaeeanaorrdnc | neeorlmrrniaaicozrnaerasaeaitinugi_caououl&t | zzn_erimtouoeecdodancmaoooccetenernhnsneoa
T	143	5	0	1	0	rendo rare coia sere area endo	arlaeiglaofnmddmm&_lidu | ml_icaiidiodeaf_dmcmianromuzrhzntimunpepeie | oeotnrendocegaouimeamznodaaainamsnh&rmulfao | aoauamlionsereurilrareaziutncoianr_&iotncgae | eneccmzzihouneoooaa_edoedeteosnntnncorcmar
T	144	4	0	0	0	arno remi arte sona mafi uiai	_mafiem&lmagdudidllarno | doemifmdnrapzuicicoannehtialezmpm_iremiuid_ | izmdcal&edeehmamnainarouutmosonaeoanrngooaf | arteauornogarnasci&croztmualneilreuiain_eoai | cnnmo_deoieeemenctnaoshruroacetzecdzooaonn
T	145	6	1	1	0	eterna mifa anio noua fane leon	fimla&eagl_mmdnuirdlaod | _irrmauppizaohmndeiomifanedcnmdciieiue_mltz | oraodmiaersautzfnhleondnmocemgnneamaa&ooaiu | acurzeternaaolc_uiarraea&lsmonouanioeritniig | tooreumneazehdezraseceoedtcacnon_moionnnoc
T	146	4	0	0	0	tera sole	glddnamrauam&m_lelifodi | nhdc_epimziiemdm_arplzaormiueiedcmoitiuafnn | eidoantfeumlaoeamoomirhnanumande&oaogrzasnc | nrrtera_ni&uaimnaonaagieecuitrazcsoleoloiaru | emuoaetneooncatn_iecorncoezznhodesedoacmnr
T	147	4	0	0	0	auen nece iima iter doit	_iimaldmdldaoe&fgalmunr | _czauenmicnam_nhpieaeduifmizmpdoiterlmirdio | oucadthnsulndozeaoagrmmmoaa&nnimioaeareoenf | iiiacinleaaeao_nrroergr&ainarotmtsnuuloueacz | ncnecnaotroemmedohooeaoniuzzna_sedrtconece
T	148	4	0	0	0	amia aout alle nana cera indi	ianm&oalledigd_lufmmdra | uliacifpzmnoemcaeripeoimutdmdih__zarindimen | muhtmanaornneodefodloceramamiaoneazasoignu& | eicizrgaeeoararrlrnana&iaoutmouoacnte_lniius | nenreodetasnehcooomctcednron_eouazemcizoan
T	149	4	0	0	0	cioe lode arai	oanm&memlddl_fldguaraii | ifac_u_napiidenriolodeieiemadmrunhcmmmtipzz | omnaluaaihmoeedfmmouonroziacanse&gnnaotaerd | uretani&euri_nroitalnaoaagzmacioeecuoasrinlr | ocecdnooanueado_rneeztocmntieoheosecrzmann
T	150	4	0	0	0	euui mese sene urin mala	ldimumlomr_fddga&enalai | ntz_uemhooml_urincmadiizcpeirampfdamniiedie | noouaimalagtdaenocuaoozafrnamnieonhdemrmse& | actiia_iincrrl&utmoeoeuuinlzneaeoarnrraasgoa | rheeezaotnddoncermesenent_coozmciucnnaaooo
T	151	4	0	0	0	dame cote maio moni rara dire	lug_&mmaiofalddirelandm | r_deoadameeiaznmmidpziniermcihfcpluiut_moni | ae&ishroaiueozneomcnnamlooaetoaargnadnmmfud | easognarriotzaemnnriuoia&airaraulnleicote_cu | mmnoeroeociccuhcsnneaaeaeezondntronzoo_dte
T	152	4	0	0	0	mane crea noii etto tono tolo	ugiid&admnldoe_aamflrml | muaiplmmiarcd_urinoiiimeeep_zfdeanctzmnihod | emafonoouneneaamiuogchmar&mnaooasrdnzeldiat | zn&arnuogoiruettoloaicreaecnuresanlaaimria_i | ct_nnnoozrdzetonooemnudeecmaneaccooeirhesa
T	153	4	0	0	0	erti alia	l_o&mdaamiireduladflmng | ea_fzrduniuatoiodpmnpmlcrmiimeniedc_zhaeiim | &imoactaesfnmnaouddrngernoummoaliaaehzanoeo | mau&ciaeeao_lzoisrcilaertiaanrniogerrnnotuua | ecnoconahmonrtroczsoctneoozdenenedue_aemai
T	154	4	0	0	0	erta	danma_ldilriolueammfg&d | doaadlzui_ieicmamiprirdcmzeeiofinu_emhnmptn | omaaouahrocmmsnrnntaaeienddgzoifuloam&aoene | aeoe&rcrscnioinuuritea_etrlmounalozaaiianrga | edd_eeoehunmszanntertaooconaozinocnocrceme
T	155	4	0	0	0	uien alla nata anna mani anon	drfidmnlam&dg_mueioalla | ipeamaniccuienzmd_mooaimlemrfertnihii_dzupd | zfdclooeunatannaoorsemimgmeindmeaahnooraa&u | imrsargatcneonr_earlioizltanoneo&caaairuuuei | oazrdoccnrzntnueeoomacoeocei_ensdnmteeahno
T	156	4	0	0	0	cimi adda achi	ldmm&_regalufndaiomldia | achiuitrire_uempnocimiiaaopmiemdezz_nnfdlmd | mtemu&ziaddaonruaooacngaoaloimenhnenraseofm | ncnaecaoeaieiisn&ozmeuaauaolrnritrritlguaor_ | meouncsezhoo_eteazcnnectoraeoodemrnnoadnci
T	157	4	0	0	0	reni cano	grliadddmn&le_uaafmoilm | mocmpeel_ni_cdrzzimddipaeeaiinhtfaumnioumir | &mieuooofsacamdeatmdzguoiahoamraennaeonlnnr | aoarotinmcou_aczaernlniouralugreniirtaeeia&s | aodoeortaecmenrnincencdes_ocanomnoeeztzuho
T	158	4	0	0	0	elio	oildmddulmngaa_a&mirlef | ziuilhenmiippec_rrdcmztfd_mdanmmoeniiaiuaeo | ocofrmnahautrneiodadmaanlamgouznnmieoeosa&e | eslaarutmzaiitacaun_iocrnnaeuoreliogor&irane | ozo_dehmitmrrcnsoceedennnnneezaotceocoaoau
T	159	5	0	1	0	moian ueda feda moia anno aiti	odueda&flamilagnmid_lrm | eomzenarpaedmcmr_iomiduiiifedaizcmhipnnlt_u | alrmoiannoooariufdeasazho&mecgemtoanennumda | orea&nrraaeacnrnnoiaitiit_samguaolcuierzloue | cntzheonaoinmddoanetenaceoc_eusoomernrezoc
T	160	5	0	2	0	uerde moifa mari ante slia	uaifagmarin_odm&llmdled | tiehndaocieuizimoifacpdmrzlrmdm_a_pnuiienme | iniamehoeoaoztsmaamruo&uerdeadaolonnnafgmcn | ousliaar_traeeiaounailrcmgo&zrnuetainnraiceo | neeomeenacneotcondhesuz_iocanteonczormroad
T	161	5	0	1	0	ducad auen duca noua iera cade	daaammmiierdg_olnlufdl& | muennddehmuil_oaetpiipzfiimcnaam_eirmzocrid | lamnraeonmmihoudcnami&roaentzeoadosengufaoa | nocozgrnrilaarriaiera&ae_eistauimctnouauenol | eneonaazducadeetcozioormomec_nsohnetronnec
T	162	4	0	0	0	uuna cene mera auif	mfm_aumrdlnilaaedg&olid | dzdmnioeouunaiamaermpefirmipcctmdhil_i_nzie | ncneanutnalameraoeirnmazomedmhoauifgsoao&od | raalrianemseiougrtacz&iinecioltuo_reuoanaanr | ozeooseoitzdmnhadctnreonar_ocenemcceunoena
T	163	4	0	0	0	rari nani doma anca aura mail	nelmuaaoifdmiam_&dlgldr | dzaneao_uifepdhmu_eieimcdnnclrarimpitommizi | noeieudomasoauraeamclnnzofm&aeimndgtnrooaha | arioicnegemailsataun&rcoze_arlartuouiornanie | o_mruemienszeeodctoazoecrhetancaoonnnndceo
T	164	4	0	0	0	sone nelo tria meli dano nons	mlfuardanog_d&ildmameli | ilficmiepmrrdnuznozu_amd_ecaiiemhdpmtoinaei | nelouoirganasoneaauhtainoomcdzmronadmmea&fe | aucen&onicomstriagitulaalooenreaieiarrna_uzr | ooarcnamzmnonsonthoezinetcaueeeddoenoc_erc
T	165	5	0	1	0	conio alni erti foro meta coni	ldilemr&mf_aaadnmoildgu | pcruzmaeiiohenmizmumfiiidadletc_pe_anindrmo | foroaiaanaueeconiosoaolnmegnrnzu&metahdammd | enotcc&asrauigoeoiraalnilnioazameertinruaru_ | i_ostntmueheonceceeacoeanadrmzoecnozrnoodn
T	166	4	0	0	0	uiia ifia iure mula nore alei	ngdifia&ledodmula_rmaml | ourmzdmodcuiiadtepinciifrz__mnaleiianephmme | iesumfcdloumr&tanndmoaananniageoeooramezhao | nglmrar&uenooctreitaiurearzaiuosaoanlc_iaien | nsnorcnczdnooimmt_ezoeaeueednehoacnoreatco
T	167	5	0	1	0	mence dime enon aili	r_&lfdailimmlaoaddnuegm | ndtidiliazee_idimeicpominremucnhrpamoa_zfmu | aunonntmoadceamehna&isfeizrdmrnolaaoegomaou | uenontsoeteimargin&zlono_iaarleiraaraucucrai | oeoedacdzrooine_zrmenceuanmnahcotooennsect
T	168	5	0	1	0	diman noua uane ecce dima tira	gdla_mf&amdioeuirdllnam | oeeniimidme_iuzcpiaalnfrommerdimanhpituc_dz | dzamom&adtiraooamoenhnrflasgneoeuaimnouanec | iaaotnmrrnno_aaeniceoacuzriguts&erlrauloiiea | oeadzoendeaonotmtrzice_couhonaeccennmnesro
T	169	5	0	2	0	onore uanto anto ramo uant nore	lfmnolgrddia_aemdaum&li | mipdnrndiieic_rueadiapiemhoz_unimmfmaztolce | aumhanmogireoeloeutne&oramosoaamnadinncfadz | srloneniorartgel_uazi&nuantoauaecrmioairicea | hooi_oanrucmnenttzeaonorennceoemczaeddoesc
T	170	4	0	0	0	remo eiio moia	rndlmi&ameigu_lamdodlfa | ermlpmimpaodfdhec_itia_iicznuaourdmmnniizee | gaooioonmacdudomnlrnmoiazaehratnafeuemsnae& | uiroeiiorrzmcralnne_tseiaeoaralci&gonnuautaa | ccmdne_ndsrztnuetneoennzeoeiremoaocohooaac
T	171	4	0	0	0	guai demo moni laro mona	mmagimoaudena&di_llfrld | ternmuhizper_cdinzaeiifmaiddemonipommlucia_ | nlaneezafmnioadicsmemoaearom&uhogoraatndnuo | iioeltnrce_larornnoeaioaz&iraeuatguaisanucmr | cadneseourrtecnaeznmonacnzeodoco_hmeitoeon
T	172	5	0	2	1	onore fummo onor rare sete nelo	egrdmadldlafmuolan&_iim | hdmenmiozeuiimmrneloiaecp_a_rntmiiizfpdcaud | maaesaadongzfummonaaononorediaucieemltrho&n | irulrianilaaa_rarecanon&auotcoreugmniseteoiz | nztadteehoaenmoee_droeonmzocncarnnicsoeouc
T	173	4	0	0	0	auen anni	dmauenddif_rolamglilma& | iaumncriz_arc_zuiimhnfdeemtopnileopimmdieda | gcefeueannimnuoanrldmaaosroooizanemaadm&oth | looeaoirums_ln&ecciraonntnairzaaruateareuigi | eaosccra_rccoeiaooueozdeonnomhnnmntteednze
T	174	5	0	2	0	canno arien tane nota anno noii	ilmlfdnm&lraddma_oiuega | eimiepiiuuafddcnoiimpinnerae_atzmlmmrzhdoc_ | damdefomrazium&notaneaooaoeoaariengmnsnulhc | oaziaro_tculsniamrnuri&ietoocuiaraangenelrae | nzrecanno_tooeecnicaesrnaedomchzmutenoooed
T	175	4	0	0	0	note onon ifia	femmoaa&il_igmanldrddul | trnmimioifiaurmma_eiciuoediehnz_pczmledpdan | zademaonhaoor&nfmnoeoetedlirmanancuamuoiags | tznosaaaamanciielriueoriugu_eecroianao&rtrln | emeeoonnietcameononcsnrdhdcaruoe_cozaznote
T	176	4	0	0	0	amar dami domi loda nome	gl_indmamlodamirla&defu | fooea_ceiphddlmnntiuimiamdpinea_iuiemrzczrm | fnamnetooanaodasginmonulaamaru&eczdomihreeo | sn_urtegeaaiiaun&lmaaooroaueezicctrrnnlaiori | ideeaeocrzohaen_nnrcmseondaeztocnomenuctoo
T	177	4	0	0	0	caui cine	ilrio_ufaamdmdlna&delgm | rizd_clitunmuoiemrecinediphaamizamf_iomdenp | aeemoauaonooftecgemrinnlahrinaozsuomadmd&na | roiar_unnotrleeanecaoaiinogzueaair&mcauiltsr | nonrdzeonead_oeoncetetosecchmruonnacmaeozi
T	178	5	0	1	0	corra ulte some cito tare	mm&framuldniolddlgieaa_ | _mdoeiihpaociarultenim_zdfrmeainziimdnmepuc | mnaeidoooderuiesu&aneotnzagncafraanhmmmooal | aiuimreaetoacngluioiaesoalntzie_&unrcorranar | erezzdocon_aonueannsomecitoeehoctaremncodn
T	179	4	0	0	0	fara unde scri cote delf	mid&iogdlundelfaramm_al | folmmpidinud_citzrmehmioacueia_nmaerniedpzi | lgaooundamrcarhamouaimaotneeeifnnomsa&denzo | locegetirrzscrieir_aioarunntmnnloaaue&aiaoua | drmsecren_znieudazcoaoomnoohnneonecoteecta
T	180	5	0	1	0	ornai aero nidi ioro iete diri	aiorll_afdiu&damnmmldeg | nnmumiaeadirizflouemdimmnidiaco_iete_pcrhzp | etuhomaornaiaadnifnnzcmeuo&rasaegdeoaolonmm | nn_mengltsrirooauuraacorntirleaoiuzaaiiecea& | tnce_udeonezehoaeociorocsnnetmaozncnaerodm
T	181	4	0	0	0	uota iero uono nore noto anni	mamlea_nrldumiig&dadlfo | ipummommearnnlincdpeidiuahd_z_iziectraoemfi | mduooemanninafaanoregsizrnulemeooaa&hadmcot | _nuotanoemuoezalri&igctnaaiearlacsrroreiaiun | ecoedcocehaaneonuonotorzmtmezdecanns_niero
T	182	4	0	0	0	uedo refo mori noua guai alno	refo_mldala&adiginlummd | ii_cninldtremeipudn_ecdzoizamrmoaiephamfimu | omnusnooaedniuaaanehzcaarmtfo&omrnelmiegoad | eraolcieenie_riciuaralnonrazmsoguaitrnouat&a | _eoetzanotncmoricarznccouedondoeenesehonma
T	183	6	1	3	1	aiutar nonce aiuta tore uane noma	m&dguliafimlmrneoldaa_d | iumfrn_diuiedzma_enrelztpimipaecdhioncoaimm | mmoar&uanehaeoonfageidoumntaazednomaolincsr | nlncnnaroaiutarrla&iume_ataoieioaerugocirsze | aanecoathmrtorezoneoesmdnncucnoncezioee_do
T	184	5	0	1	0	diiii midi iiii	nemudlmlfmddagiaol_ar&i | efumzcuotdnmadilompcnr_amidiiiizramn_epihee | aifnmdzdmgnuanriooeaolhmaeoo&anaoanrmuescte | uetcaorneiszraicooaairellgi_iuoar&truaenamnn | o_eootincerotcaaeooszoneacreeczuhmnnnedmdn
T	185	4	0	0	0	acci auan doni ione uana	lda&ufde_llmidonimaargm | iad_fmueinrctmipmmnahmiaoidez_dzienlepicoru | edeanancifn&momleahzgaaonmuoriturmnsoedoaao | inroasizar_areeinietao&eogrloauanaccitnuumrl | ozcnrmtdcoaoeunzndcatnear_eecoeoionenhemos
T	186	4	0	0	0	dole nita dafe nomo nera tuia	mladolegda&rmidnal_mifu | edh_cznitandidau_ipfemaclmprinoomimiiemurez | nerauiaa&aloodnenirougaemmzomhdafemootsancn | otuiarnrenlmnuzn_i&aocoearaslaiioiceeaugtrra | eaoeuaeaennsteecronorccczoedntnomonm_zdhoi
T	187	4	0	0	0	eran crea iere rera cano hono	rade&mlniidagalumlom_fd | znrdamnmueamitpcreail_iziipnemdmodfhiic_oeu | atczrsuroganamnnmaifoiud&aemoeaoelndeamhono | nrt&gsenoooiuamuaioeniulzi_tlaareranircreaac | cdoercneotmho_zodntaoeonscanoacmiereeueznn
T	188	5	0	1	0	arete cali remi neir inna rete	fagm&domd_mnilaulaldeir | czmdommndnrpauictaeienldhiz__remifimupoaeii | rdefammemuurocgteedzinnamnaooolasnnahaioao& | aocrrneire_sinuetolnarcaliergtozom&iaunaaaiu | aretedzohonemctoaz_noonoirmcenncesouenedca
T	189	5	0	1	0	grido uiua tala nano onde uede	iaro&_nflldammalgiddume | inhprmdzam_updtiialrcezfmiomoiiimc_uedeeann | eoluoansaaahoemnizraacoau&megridonmfednntom | aeonuiuao_iomniaretalar&auzeinsacnligcrotrre | r_zmhamuencezondeceenconanoracoetoosontdei
T	190	5	0	1	0	altri homo rene aife altr	aifenigddmam&ulomardll_ | mhlcmuuidrdeamiofm_nedzoapiimpinecirzitea_n | remsinmnoan&aecdorhaunoooaemamielnagftudzoa | te_unnaltrioarnaaecaemroilarsroiouniic&ueagz | aoonoecntneateczeuddohomonomrc_airenezescn
T	191	4	0	0	0	dama naue laro fino mona	_laaae&dmfodimdluimrnlg | dzhfdauc_priireimdmnimnopnieulotiiaemecmz_a | ldamaaamoezucnoetarsarnfino&mdumioegnheoona | zua&orgaor_nemonauetiircniruaaastnelcilaroei | eainen_eeootacoczrnedeooahdccztmnernuomsno
T	192	4	0	0	0	anti ente reha	ldamnmdlifimuegoda_ra&l | udadiz_mcmmninmupenteziiicldeori_ohfrpimaae | nnaeimsfuziomtoamacrdadnoage&unmrehaloeooan | aaznae_rgrorircrunaoaemlliscoueuieaon&antiit | cecczznemmniooorutooahndnneaareosdeet_cone
T	193	5	0	1	0	lifia anoi uiia ifia noia	darld&gnmeolifiamlmadu_ | rnceuiiameemfrlupdhdnm_o_mpizdaiinoimtzceai | aaooumfo&emealudenoasnnntiaeodaanmoigmrhrcz | ioezamuiultnueerirctcoaaanoiaae_nsralo&rngri | zdeoornoaerc_natmznetomcudhaenoccsenineoeo
T	194	4	0	0	0	modi dina dine	lmodinadmleamu&fi_grlda | emimiiczfmeldiadnaohm_unzuor_dinetmeprpciia | nlzgidumooiaraahmuaodtoner&sneoamoameacfnen | ouaorrle&ztoruiaaitsenuaaccoa_ialmnrireingen | decdeonranaooc_oaocetneozznemrintncumseeho
T	195	5	0	1	0	onori uana nori nere anda taro	_maflandadougeldmliri&m | n_hmncpzltmrimi_ioecifuopmzieddaanereiiadum | almdegceefmeoztaromuaoin&saaoanonorinamnhdu | oatoaaasuno_eironuanarm&rraiciitlrcznieugeel | ameoeraon_eidzooocnhntnrecnoctaomeecnseuzd
T	196	4	0	0	0	mole onon tono core	iamnd_gdealrmloauld&mif | omdeuirznpiehdiidafampnzieamoler_utc_nmmcii | aoicmloezouemgrnaaauaematnn&denfriohdooamns | uimalr_t&rnigruloiaarereaoatninaosaoezicncue | tononmoscntdnamndcaoe_eeenheoauizcoreczero
T	197	4	0	0	0	hato iure esce noma anon	oui_lada&idrgnamemlmdfl | peazdmmrendutiilozmeeiuhr_nipaadcic_omimnfi | amunmehotiaaafnrnomazeaod&inoegmdulaescrnoo | igtrroi_reialciure&neuatainrnasoounzeamaacol | roethatoooesceroeemnzend_cdaoemnccizanonnu
T	198	4	0	0	0	lira nouo infi inai meii naue	ldinmr&dfadmalgaumei_lo | dprutpeeiidundcmeiinfizamlamaizmrohice_no_m | aosnefrng&aaemnartocoammnhemluzioodiaouadne | ilcoognaueeasezamnouonalira_rteiacinaitrr&ur | cmce_onzetrdomaanieouadnetnzoncreoehooscne
T	199	4	0	0	0	daua some luna rara tana cora	ddoalimln&mfdauarlemgi_ | mezmf_timprdd_auhuoniniilimacncmeiezdarpeio | maaosomeeaomrh&milunatcnfooeonaadadgneurzin | nu_a&eirusrnacraraoienroeculgitanaatzomeoili | zmtczioonoetsdeduc_enoornoacecoraenhnemnea
T	200	4	0	0	0	tana mina rono nano	umianmgldar&ali_edmdolf | npeartrim_infpdcelciieaadmmmzo_ezumionuhidi | eernudaemazuoidfsnmgminamncnaaoaeolrtooho&a | iaiiliaoasaeuronoeeretanaonz&crni_gurcmlaurt | to_ncdiaomnesoenceoreunaedcnanozetercozmho
T	201	4	0	0	0	molo indi anna fini toni atti	lrd_efmaidlngmald&oiaum | comuamiefinierlmemuetacdapindiozni_phzimd_r | aruamn&etsrgomndoiznueamadfeihannacaoomoloe | maarniraeagoieuecn&reaouuiszlonrarlinattio_c | tonidhuecoaonnrmse_oznaoeecocozeerceanmndt
T	202	4	0	0	0	cire auif aato nano ente arie	dnmr_limaefaalu&idogdml | acodciredeunezihiupi_dmifmtoemrapminmnila_z | ananomntnnesamlrgcedhoaruaoauifdeoozmoi&mae | uiouoacariealrramzire_tuicgsnenria&lnnoaatoe | neensaot_onencoinocormrhauzcentezoceaodedm
T	203	5	0	2	0	fonde cotra sion mene tino enti	_almmdrludmfonde&aliagi | paufmmririzmdicpehadniio_cduieentinommzlea_ | &oomougaoeresionnandhzlaeauaodfirtmmaanenmc | oanelr_mniieaaic&tranrronuactigloursiaeeauoz | sredhioteeemeneznomcu_onadaoocotrannccoezn
T	204	4	0	0	0	nino arno cena miei anda cera	doaimfm_lgledndaal&miru | larieictn_ma_necpmehduzimddpomimieiarnoifuz | goanfa&umromrsoeeiameztmohcenaoaninoludanda | runemtnalarrlionnuareoaaui_iaoeocigtzcera&is | creeotezumaoronnnaonoe_moeedeczadnotncsihc
T	205	5	0	1	0	auute enza piii sale mano	lufgd_diimmlaoemlra&adn | ecizmanozmdm_eco_niduirtnieflrpumemapiiidha | dfuoaoaioeag&cdahumtoonernmoaznaisalenmnrme | letaguresnaorlco_orneauuteocaimaaaziiirr&inn | henzanomtinmcooeee_rnaseddeezontconcooacur
T	206	4	0	0	0	riii idea nana moda inna inan	faai&llgummdedr_lioadnm | iccuiideaf_utndedammzopmpmzeiim_oinhlreiarn | mmodaafaunaotoneeiinanammenlra&szdrgeoouhoc | riiinnaruczae_roaaguaoirtrnimaeaeucetnlloso& | irenrneoeenaoacoztnmhzmetdeecccnoundoso_ao
T	207	4	0	0	0	idei cuna iira muri	rfiaalileu&na_mmlodmdgd | aideimc_nanro_murieemtliihmpmeonfdicdiuzazp | nratnozooiammmcnsuaagoiuadem&lneodrohneaefa | ioezaruenlt&aacoul_ogiariiraotcunaearnienrms | zzoenchoaemnedsnnrratim_oucnceeoeodoonteac
T	208	4	0	0	0	armi egro riua nomi limo fami	afle&dmdungaarmi_llimod | mmircnomiadepiotlciaznmnefamiue_uiidezrphd_ | igmiann&uedneoactrmonaonuaaodrhofsmmzeaaeol | anlzegroeriuasrntaauceairnooaim_t&liaoeucrin | doanohidreaozmoccronnnntoezeenetseoeuc_cma
T	209	4	0	0	0	sala rare tino nome iano mati	idgon_edmmllumarla&afdi | ddzemocirhaimatinoif_luieepandimmmrcize_nup | nzaancruilothmeaoemroofgamaodneianonesudam& | lemotrioaenn&cauzeanuisalaiaocngirrareu_irot | maieernonhddeonomeenenoaurcocszotet_znacco
T	210	4	0	0	0	tare uani icon dici mena arei	afraedimiuodg&_lnmdlaml | iunmliedcupiamoddicienmpi_tmfmai_ahnorrzzee | oamfeoeueaandh&nzmmenaaairronsntgcoimoudaol | lrnirceoou&_tgiarernaasatareiuaeiluanizomonc | uaemeanrznoezncosrceomcnodtaeooiconeehtnd_
T	211	4	0	0	0	crea muti nons nume rgma uana	iergma&flu_lddniadolmma | deioiinpmaummiohmprieazmi_ncirtdfaezlucne_d | neleautuanaionaooemsgnafr&oedodczmmaorainhm | anmuticreanrtnus&az_orrieoiioaniaelcgaorleau | ctcoonenonseztecmnoera_ernazdonumeacioodhe
T	212	4	0	0	0	meme sito rata cole	lmnd_aa&udargeolldiimmf | adhzenpunmipiidfr_meao_luandiicciomteimzemr | naadmnooasitomuerhcaaezmgoonuoma&lieenafdrn | ailozrruaicairteicolemruuies&arata_nenagnoon | heazenmemeonntndaeaoncocrern_iotsococzueod
T	213	4	0	0	0	cere feda esce omai uiai	rd_l&lmeidmlndmuaaifoag | p_rmmndnieairdmuiaiizefmeahdzolpcunteo_icim | fedahaucoeiasmooaomonrnurotgaim&nnnelzeaadm | ezroanescenilnciuomairraoauaatug_air&roenilt | nooniatcsomaao_chrndeeenooudemtoncerecnzez
T	214	4	0	0	0	tofa riii domo elio mere neri	idlgdelmmfdiaml&rana_uo | _emupcritiomfhmnmlioidazeeda_eudnimiazcrpni | aoaonesoimnarolednmcnaoem&mrugtofadnaihueaz | uoriiiroracaulgscrmerenzteataeliona&ua_inaon | authecdomorcm_znerieoeenenonooncznsatedoac
T	215	4	0	0	0	anon neir area nano nati nume	unl_loliamdaerddgai&mfm | oicr_zamdpadpfoznumeiuchnieimemiieindtl_amr | dhseareaaocafurumdntnilmoagioonanoea&mzmoen | raleliusnaonatiroreauncaiiacmr_noagrzieeuo&t | tszeeohnccteanonoeoneiracrnddumaoneomo_cze
T	216	4	0	0	0	iene amia uora aria maco tari	ldodiu&f_nldrelagmmamia | mhomted_ciiizzeinolicarndmfidpu_mrueapeinam | nozndeaomlcfmeuneuoras&thdomamaeirangooinaa | ooroaneamaiirtariarnczltueargol_u&nusiieneca | aeeadceortoreuodnosnnmihtecnocnezomacone_z
T	217	4	0	0	0	emmi coro iira	fidramnealdga&oimlmdu_l | orai_iolpfemmimeacmanztemzdhpiiue_rnudidcin | aumesneanoecoroozlainmganfdudaa&enoatoirmmh | iaeocorruuiolzau_sttnliirairgeaeannne&moaacr | ceemooaeocnotcounazndsenhernd_aoeeoniztmrc
T	218	5	0	1	0	eficr laua erre rene	dlddiun_i&lmrlfgaaaomme | ipi_dmelpieoueimauzimnozn_dmrdtacniameficrh | mniaaudmosaohcoaenoogieoandrnerln&ammuzatfe | erreo_ilauaicnrsranaiigueuinmtaecnaooz&atorl | tnenoooaennaeddcncoihreneoasztzecrmum_oeco
T	219	5	0	3	0	nonce urano imola reda tche lari	dgamndl&_mimolarielfdau | mmamceieuodihlfmiapzdnz_imtenid_rpiiuranoec | aiunaiaroasnhezoa&mnmemrecofmdonleoaagtudon | uategsretlurin_icnaozaaeramiiaoorr&inoanclue | donranenitcheozzomeoredatcacseo_nnonceoume
T	220	5	0	1	0	rimed cimi cuna afua mona anna	afuan&i_dmdmllrdmgeaoli | mozddltacimifznneionarcmipaehueirimedupm_i_ | teadiar&onmgunaaumdzsehmanooeofeaclormoanin | ieugicoeieoroarlluniousamraacznit_annart&ear | nenoootddtererzizc_emoeheesncnmonaacunacoo
T	221	5	0	2	0	amaro mouer moue amar maio ramo	ao_llua&mfddmiinegmldar | ai_mu_pehcadidpnmmiieumntaozilzoirfremndeci | taelmfu&ormoandnuizsamaroeaeonanngaohdmecio | rannloszt_euraoiigoerauramouernteacaicilan&i | ontzandeoso_toemuoedznnnreohcnceeamaiorcce
T	222	5	0	1	0	entre alma erto nane nero tiro	giafemml&dlnaudldmir_oa | i_dpplhemiizuionciemmrnanefazimdm_caertodiu | oaeaoozfcndrodmemoalmagiuson&maientrehnuana | eaenocno&amzungiernrtaiioatiroecrs_uarulaail | itczooedsdneroceehnmzroonmeceaeoctnauo_ann
T	223	4	0	0	0	sona cont	&dairofagmdumeldlia_nml | cna_cmaoirf_miepmiehdmpmuoezrniiizdtineaudl | itnomdaeziraaen&nfemugmaouoaaelnsonacoomrhd | rieiozrtaoialrcgeao&_acmanlnoatruaisuneurein | acontsnnomc_ehnraeczeueznieecooaooonmeddtr
T	224	4	0	0	0	rara amar	mdo&l_nailgiuamarlddfem | rzeirdcun_moitcmeaeznl_ipipafihmiumndeaoidm | lgnodaoe&enoademnuamtamiofusmcozarireaannho | ocenigniolraraaezreutroneuraaiasuilncmia&_to | edcr_mrooodaaceetnnacznneentmucezshooienoo
T	225	4	0	0	0	noua uino anio pani	ilru&mmlfdendaaagmlod_i | umdhaunf_iamdrlzmctieimiipe_emoencdpaniozir | nainoaoleormoaseemaudcnho&zeagtdummiafannro | uneruinouaeia&anatrezr_aroiiaesamgtlcicronlo | ccsnrntnoeadouoeztonrnm_iohecoancmezaeoeed
T	226	4	0	0	0	amia riso uono tare	&ogmmaifrddd_lamnalulei | meirpamiadueiend__lohrmiutndczmiicaezfimonp | d&lauonoihoaragetmoczfnaedaamoerisonmanmuen | eltseoniuruerc&aainzoitarerocaaamilorungn_ai | hemoauczecdsozodtnn_ooraeeetnccneoniomnear
T	227	4	0	0	0	aato mise mero alno fami	f_laugd&doirmdanlmemlia | ian_eniomzdzieumiicdtldphenuiaarimrmpoc_emf | ifamiseaaaalnoeomemmerooonrucntgahudaodzn&n | aoauougetaiezriianair&tmseluaor_oicnnacrlrne | deszcnoeomdrnaocieezcehmntoonee_aatonuronc
T	228	5	0	1	0	aiuto neir area tino loda fida	_maairleld&mgldoiudmanf | zmpnidepcmtinoenliiua_ihmzrcemr_mufidaaoide | nuiiocmmhmmeeadansorzaeanoafae&nlodagrunoto | coe_&rolmaainnreuocznsrauaaareaiutotligineir | r_acocdzcaeneoonuoeronstenndezeohciaemnotm
T	229	4	0	0	0	mifa mone uota domo nita rena	limmdfeaandirdalom&g_ul | imrpdzmieumicanmndiaehmrlfi_pii_eonezcuotad | renaaomenio&tazhmudrunlsmoadaengmifaeoonoca | aigiarcnanitaseilmureroranlucooutira&_noazee | onerarmcennue_tzoeaodnzetocaocshdomoneenic
T	230	4	0	0	0	cuna noia cola aere	im&ldflldaedaoruainmg_m | tlcmiiinoimhdidda_ien_ipcezmmnoumaereprzuaf | mfdourheacmogotmansnuneiaeaoli&oemdnaanaroz | raealcolatcetuniirnnoiamu_zoirua&arsgieeoanr | mzeaeecunaoanrdozodeiomeocc_resnnhoonctetn
T	231	4	0	0	0	mene uiho cora noia seno	drammm&uidgoafla_edllni | ifedne_zitm_mudinraoreammiznmcuhlpeiaidopic | encedo&utgaalrneaaomnnoiamosenodzmuihoaarmf | innetosuiaeorzuaaocacinmra&eliiartug_aolerrn | recthooenoeaneoadsnozitdcoraunozec_cmmenen
T	232	5	0	3	1	moian addio uoara noui moia tene	&laaoaimmddfuried_llmgn | ecmmie_uzanielditaddiomzipmnphce_rrufmoiani | omooarnegznoaannarl&miseoeudathfdmnouicmeaa | ueot_ecgrraiininsrznl&aooecnmaetuoaraaiuialr | nemandeeconoutztene_croniedoecoomrsnaachoz
T	233	5	0	1	0	autem teme mora nari alii noue	eomflrad&lldnigaid_aumm | irhmp_rafcnempdziid_mnuiealiiicdnmzooauteme | nueaunmeooaaodfsmairrm&tndizaaoconlhoeemnga | ic_tnemnoracoilaieauaarireoesznariuonal&gtru | otcocendnmhtcze_dnoueersncmoraeaenaonozeoi
T	234	5	0	3	0	hieri nnouo demmo nouo erii esti	rldn_dlademmo&iufglaami | mrim_ilzon_anddpuzfmmcipaatineuhieriedmeico | nmoofasaoaizcuaadirdnnouoa&mlamhonmneeteerg | _nroiiuestitaomruaaucagacooeeriinazler&nlarn | oeotmoaat_oruinnesdnocmhodcczeneeczrnaoene
T	235	5	0	2	0	liamo ionon iono mone oche rari	ag&ddliamonafdull_mirme | zrencdmiiilapzmmcdrua_adeu_miononehifeiptmi | aaamaoeuoochordr&fnmidatszloeuaannmonenemig | ttluzau&larariceoii_nanneaacirisemrnaoooergu | eanoccu_isoeneocheteemotaodnronmocrnezzadn
T	236	4	0	0	0	nego infi lume tane nani nata	alagdranmlde_iofm&muldi | minfiieudacphmd_zeaipm_znecrnmloriaieoimutd | aiolumeomaesnanimnou&adnegotzonmrfoceaardah | nataneririrauonurniecaootiegrlsmelzc_&aouaia | meoonnuodmhsnnzonectn_caioaodaeererocceezt
T	237	5	0	1	0	falui auea alui nona urto lieo	lnaddfaluig_rdmim&mlaeo | _iaiimdpmiiemmdluniar_femezpurtoodehannczic | oamnirzmadonmrouaf&nelesatdocagaoimnoneehau | irrnonazauea_nniramgr&itolieotualaieeacorsuc | hncodoeentazueconndcmemaetroe_nernczosiooa
T	238	4	0	0	0	anne	ia&rdnmoldge_ldlufaammi | enicdmifdaenrmdilo_mhmoaeznimpucu_retpziiia | uamaooeneaoonrnfenmziaaieglradumsacto&ohdnm | ietcal_rouoenogut&aaiezraiarrilrncioannemuas | caoseeomneontcdcna_nmhitoeocenrzuzoroedena
T	239	4	0	0	0	coie rico immo anta none	murlgad_dlnmfmed&loiaia | _iitefpnuddimmohmipiaeriuezommnzi_adrceclna | oelaeonaaigmuauoordtdnmzann&mnsioceaharfoem | agnirrricoieezm&inaeosiantauorualtcuao_aerln | dznonedentcmeuraosacoeceonzi_rhceaoenoomnt
T	240	4	0	0	0	neli iure domo	n&_uamirmialgmlfldodade | onelidphdmr_eiinuirmdoacapzmicfnzumi_emtaie | oeoaonaarfdaturidnlommeooiunasngacemmehaz&n | ooeaanantnsigurlea_laeciromiure&aractnriiuoz | _hdmrzaotneietnncooeconcncneeoerdomouzsaea
T	241	5	0	2	0	uario canno uari nelo uora anno	irgmaiuamd&ldldlemoanf_ | neemdaimaofiziuaenzrci_tdumrodmipmip_lchnie | &onaolugoaehadmrozmananremeiadioctnesfnouma | zuneloiaoregr&nesuialimnacoaract_nareuarioti | cocsemuoratocrnmtndhneezdoen_aoizeeeocanno
T	242	4	0	0	0	rimo uane mefo foma	lmgnaldlaiu_odfa&dermim | nteipnd_rfcizmauimliezemeonpudiaharimoi_cmd | nmnhogdcraeozaurutlseiannnaaid&omomefomaaeo | tincrl_enraazilomrioa&uitneuaneusiagcaeaoror | oesncnocmraznun_aetnoeezedoaoiceecdrotnhmo
T	243	4	0	0	0	cuna sene nidi aere	imgmaunraaelldfdmidol_& | oznfdrmmecnidiili_memnaereiaahmppucotzi_udi | oaauoadheianumzsene&inodmcnanrlooatamgreofm | rinaaoru&rnmrtcuetisoaeoeieonzaagucrlniala_i | eenhnoecotnmrdzznc_roaoioedcotaecunaoesnem
T	244	4	0	0	0	eran mera tana	unldidemg&fmra_ioallmad | o_idfmcimzzi_ianhuiloiueaptndercprnmeidmmae | szhuommngfandlemamteoncuinraaoadaeeioo&nora | uaaoaiaznsranu&rrtniooouiteilecl_iermeranagc | ncceetoaznmtanaoeeoeincddnoeerurh_cmnosooz
T	245	5	0	2	0	nonce riuer mane enon lena raro	dailndr&d_mgmlmlefauaoi | mdnpmzimumeiaeeihmzo_uiri_lenarnadcdpfiocti | aimfnmnmtsehdoagineoroaanmanecduoruoel&oaaz | ocaiieotingau_uiesran&arlamacztonlriuerarone | edmairueeccaoednnzamoet_nenonceozhotoorcns
T	246	4	0	0	0	adeo ueri adai iodi diui	&gidomdliau_lmarnlefadm | eleirmamoiodiuizadehi_reimaicdzmtnunppn_fcm | eoegrntmorua&adeofunioonalmhcoeadaizmnnasam | er&ecaaueoneulrarngiiimlootiazaanorurntscai_ | nuerishcoadeetcoomnnoezeroanoe_mdocnetnazc
T	247	5	0	2	0	mando auero anio uero uiii mici	mdllu_&inlimaafdogdrmea | mtlamdoaezpheoifmarnuzmiuiiic__nerpddnmicie | edmsarointzeoereufam&oaniolnmaoaumandohgacn | ilezeotuareinugraeconaolruniinrca&asrim_taoa | aeneinnr_dtceezoheauerocdceacomnnoooztnmos
T	248	4	0	0	0	alli mede inna iato tion	diadnd_allrmgoif&mmelau | mumonmddu_ipiaie_lozdmteirmapzarfcieieicnhn | smedearec&ueainftrnaadgzinnalmonoohaommouao | &rnrzermrsouallieiaaucgoaa_icetneiatonnroaui | nameeceauceezaocornrehnstoo_tiondzdmooncen
T	249	5	0	1	0	amano rome auea mano anco ohro	fude_dlgmilmm&rnaadiaol | u_ohromeprinmnfumezn_dimladtzadiemeciiiaipc | ruhomaueaozo&oramanooaendaimnfgtnnclidaeesm | aizrounritotancoumsuana_iiee&rcrleiogelnaraa | zeocoaeedmtn_redetoomernnscacoinoohnncuzae
T	250	4	0	0	0	anio mezo iera nano saro	mmamlide_iulgdofldn&ara | oizmmpeitiieracuddmi_dmelnfocuznpiam_airenh | oaoataniouodrfnsummezorgademlcemna&ihnanoae | azsarocneuoumiotliiaaeniarirnca&atrngrolue_e | zocrcnnsnoddnreoeacoeemzmocntoiehotnaee_ua
T	251	5	0	1	0	uenne nomo dall	mrda_iindallfml&ugomead | zeeuicacamem_ppi_rmhediinomoduifnitlazindrm | aolnoaumscedfmaa&oagdrhznnmrteauieoeaionmon | _aiugeenaarcrzoe&anaiucnitioerltaarsmooiunlr | eonmruennecntsaeecooetid_zaeaoomrzdncnohoc
T	252	5	0	2	1	nonft somma rome note neri arma	dillagi_mednuraa&ldmomf | mdufiietzarhieei_oola_mipamnerimddzncucnmip | iemsommanagaaddoeooaanuznmachunonftlroie&er | unrioaaocans_oueeugrliaieoizatltenarmacn&rri | hzaseaoocnoteeoueiecdtozorcaromedncm_nnenn
T	253	4	0	0	0	emmi seru nece indi mici uria	llalurfdo&i_agdminmdaem | p_artaufoeimhrm_doalpnuiemmiezindiinizdcemc | aseruuaiiaoeodndmeamncznrmhofoaa&nonlmgetoa | aomicisno&anoralegteenuriaozcutnairl_areiuar | r_uonansaeeocezanntmemnooodedohoitnecerccz
T	254	4	0	0	0	eran cioi cosi iion emmi hinc	&aoemrldamugnidmf_idlal | imnzhincmleruer_oiepztmdapmimaiu_fnedciioad | oemmidzn&esgautafcrlnoramdeonoanaoinomaehua | ziguule&aaeraniioneolcanrurrtnseatoara_mcioi | nameeccosinndoaoornuemhe_zdcnconeoatrtoeze
T	255	4	0	0	0	tnon uano unir laro noni alno	ru_iemmndm&ildgaafdlalo | oeniiaaodmlednecizimmrt__pufcmeipiaimnrzduh | mgas&dmtanofreimneanaheeorcozmuiaalnoduanoo | animcaunirrlaroaot_uisneelrr&aaaucniezegtioo | cemtnonincmaarrodoecoe_nuenhoedcstozeoneza
T	256	5	0	1	0	lungo mino noui enon ante muli	edlrfm&nd_muliamldiaaog | dipra_ilpfheonuucmmirdzdminocnmzeimeeait_ai | micnumdaear&aanteoszmdnemeanouiohgflroanaoo | aaamrarzeaceiotnrua_tncu&leaiioiornsielungor | oedeunenonrshmceanoncaantdto_cemcrozezooei
T	257	4	0	0	0	ieri lima gene efei	mdiaaldued_nl&mmroigfal | pizmramniumrntmaidceaefeiednpdih_iiozlmuoc_ | u&uoeahacdenoansmadnemotaoanrzorgamnomliefi | aieuirrnaaoo_actot&zluierinasnrrclimauoagene | eoeootoonheezrdmzaenincasntoaurnnccemdo_ec
T	258	4	0	0	0	euui olir tato uari rena tene	fia_rmuland&madodligmle | lezmo_faaitr_ieicmrndeuuiidzmpopcimmnheadin | &mmoganaaofuadcrameisnudnalizrneooahtenemoo | nzainnrenaiaoueolirtatouaricle&grscem_oiaaur | aheoueccoceocnoes_motznmteezranddeoinoannr
T	259	4	0	0	0	mone mora nomo iure alii mano	elodmd_&lrgmmndiifulaaa | i_omlcmoneupraatez_iimiidneciurezdnphmimdfa | duzouethlnmngneacaaanmanomoraemdioa&foirsoe | _raonzuire&etcianraourlualiiaesacaernotniogm | nnchnzooerced_eneieooorczmosntaatndoameceu
T	260	4	0	0	0	arno idei tori tran nous	egi_addl&iomrufamllmadn | mezricnpefi_d_onmaeuclnampirmmhiaideiziodtu | dooeomoonlmadgiimtranzeeaaunfacah&earnousnm | aoaarugetoriurnraa_ancluomeaseionciin&eizrlt | nnuiehmceo_ecdozaoornzdencooenseamtcaonetr
T	261	4	0	0	0	moto noua foii timo adun unto	lmmmoafa&r_iunedliladdg | eirimadunznpeuipfoiiiznh_mcmaiertam_mdoldce | ohrefgolesnntimoae&domranooamuadznnaamaceui | risirmeluntaruntoacnouaeegelaiaaorcrozain_&i | eedeoeiomecnonodnrtmotocuasn_canzaeohnrzce
T	262	4	0	0	0	mail	lde_mmaarnifdlmailoudg& | mmeami_todiclerfrmuunniapzdecidii_ieampohzn | ednacneomoidoeoaamlhosuurt&igezfnraaonmnama | agauooetnis&rnaauaicaooaimnr_irlrcelnteruiez | ineoadnruzosnnmeozactotdcmnacreoooecnee_he
T	263	4	0	0	0	auro mode tini eifi	lalf_gadlm&aurddioenmmi | edmrorpeianphuom_mmnnmdc_uzeceifiziliaidtia | anmihrnomloutuocaasfnmna&nodmodegaaoeeeiraz | rnoatl_orzuctinioamaurr&iecnseangaiileaauroe | secinzezacneenorcca_ootademntunooeoreomdnh
T	264	4	0	0	0	erti uora anna ione mano none	mromlaalaefluidm_iddg&n | fezarnnzmuoineao_maimeeiddhmcuprlicidip_itm | iioooenahdflomdenuacaearazaotm&annusnemgmor | euiraoeuaor&a_zeuoraalinmgttriccionelrannais | dceozneoancr_mmanostheoertizodnceenoneucoa
T	265	4	0	0	0	indo anti uora lena fran	n&r_gfaddoadliemlalmimu | fmoinedahnrmaiemoeerdzluupizcm__pmniciiitda | thfranaasangomn&muameooodindoeiaenomrzlcaue | uzrantirnrlenai_&oatrcanmioueuoraeioasceailg | nneaoedtntohainr_ueczeemnzeocaodeoonrmcocs
T	266	4	0	0	0	suor luca area rari roma inan	f&nugddamlom_adrmaelili | zampmfmeccarldi_ioanmhoednieieiurii_pztdumn | miziaemlaedareaoroat&sohoueumogadfnnonmnacn | eoisuorinanmgararilacrlucara_tnuoneo&aztiiee | aooinoeromaoeuaehtec_rntescoznennzocncmded
T	267	4	0	0	0	auec lano nona cote mafe mero	iiudmgoa&nmealra_lddlmf | ciaopaimerohmnnipumadmtdeifrin_zeludi_eiczm | enethzrnao&oulsmamnaaigoimafeouacnmeadonrdo | mauecoteilanousrnaa&oritleirzu_airnioaacrnge | ue_omdcctiezonoononacctneernmonaesdhroeaze
T	268	4	0	0	0	mala timo	m&aael_aimmnugrldiddfol | mrriiazeenmmhofdcaicaum_in_luipitmzeonpeddi | romieouhaeao&nalnratimoumaonsnfmagdcaznoeed | umalarlnoioirtcirnaeogneaaeiuieur&r_zntsoaac | ezdnonnrrccteceteemeoohnam_doounacsaieoozn
T	269	4	0	0	0	nera auea aili	midg_odmdaeuli&rnafamll | ndmiefin_omctzodmemhdziurcrmaipepnuailiea_i | ntdosogamhomcaeo&orazmraduaueaneeofmniinaln | gm_oiloaicrnnrtaioruain&eaeanzsroaeurueicalt | ncteoimacdzeaenneseoonoczneramhteo_onrocud
T	270	6	1	1	0	adorna mino nato rena uadi doca	&glminoaieuldrmadmafl_d | zl_cduuadinir_efnzeniimpihremtmiompmaidocae | geinatoiamuaaoenzmrrunnoooaofndhadecemasm&l | aiauomnelreigoaerrlsotrenaaraniutaoi&zcu_icn | docnoeeennadornaeoeosozhucacmnr_ceozenmitt
T	271	4	0	0	0	aero luca nori moda mano erta	ldoalifam_mielrangddu&m | fdimioaizmnnemuuaaree_idrzteohldpipnim_cimc | usgoinemtanuanroa&lmodachadefazemneoomanori | aaiuageaerozu&onsomrinrailucanci_reontiertal | droeaoznaonrtomsceeedenennicoa_cecuonztmho
T	272	6	1	4	1	entrai uinci erano entra lira eran	_e&umddmonmdllirgaaalif | dzempefuiplrozeiad_uinciicmaemmhniatmnid_or | nureefdidomaoenugnsamaooilaneoz&raconmhtaam | rliraoai_nnanrerismcoouziauctentraieaeg&lauo | eecnoeo_armenionmntoeranouzecnocdeohcztasd
T	273	4	0	0	0	uada curo niun anca enon ceno	mlmdlaogiuadamn&edl_irf | zeimulp_cidmiidmicurpzieamoan_tefeoaminrdnh | aacnoirfomudrmsaeaaeh&zteanoonealoomniungmd | mtroeauoz&eailrnraaneltiicagiiens_ucoaorruan | snotmncurorez_ocenonnioeetmhadeeedcoancazo
T	274	5	0	1	0	condo urna oche fuii ouer alme	danrlalmea_iugmf&doimdl | iaoriafuiidpozlmdrmnmnitzdhu_eaeimc_eneicpm | eamnonlaaoaihescdtuefrmagaa&eodornoimnuzonm | alziiaoiric_urnarunsenro&mcnealoaiagatetouer | eccondoio_uosztnzenoedatcmochenaeeearmnrno
T	275	4	0	0	0	tale nere cioe niun coro mona	adliil&afmdmonae_dgumrl | dmipaieatfmr_pdcioemizldcoi_uuzimrnmianhnee | esdi&oacoaniunereaooetrmmzoonmlnaaaufhnmgda | iecrsneuguciet&iartaleoouniaion_aaamrrnazlor | dsorznmteeeanaenidnmnooczhcoro_oeceatunoec
T	276	4	0	0	0	unde uela uolu	_d&mgdedaiairloanmmlulf | dofaomieni_rmhu_licurmacnmdmzeiiptaeizednpi | amdeorgtno&eoaomahofanzundenmaocamiriuelans | irnaiaeasrcriorzituneanoeaauolugacln&omtie_r | cnonoezneeuznaomeandcorcdoeo_sretaicnethom
T	277	5	0	4	1	uiiia maedi umili auano uelo auan	lad_eomdmrg&alumilidfna | puirmczonehemiuiiiaamrpmo_dt_maediecfndnlzi | zuneaoemanrcfmsono&roednedamhtoilaauanoaimg | eraensaiintrtareua&zcnlgaoimauelorncariioo_u | oencmoeacnseaunzrooeende_tomtocaehrzindcno
T	278	4	0	0	0	noto anna muto	me_mdrlgd&aoiaalfdmluni | iafu_dmnlri_nmrouceomiamdieieedzmcinizpahtp | madersdonciaanannanmeiuooah&emzerolamutoogf | auriolcmc&raietgouelinarrnotornue_znsaeaiaai | eicdnazeerenrccueotcdoaneono_maotozshoemnn
T	279	4	0	0	0	moia caui uani dica dola caro	rlddamlmi_oamlduanif&ge | unprdicatazemieoihdlme_ucmme_inrmidzpifaoin | fdolaeaoimoiaaemaendsaunnoencarozutormmg&nh | r&zaieunooeirrelntsrclronniig_uaetamcauiaaao | eazoatisen_edrnrnnnmamoeococcdecooneozheut
T	280	4	0	0	0	coie moda nano lora none nore	irmidaa_lmmndaoueg&lldf | eoiziizm_miomanpmfraeenumptndecl_icihiauddr | nanoreeaehgnaunrao&noelmiidoumodaomazcmastf | irloraei_inoemcrnaanctaretiaiorloazanug&seuu | mmnonetcntrauozzeaaoecdroehsdocen_neocoien
T	281	5	0	1	0	conte lena ioro inon cont noni	flenamdaudommirdi&l_alg | muhzpidaaeinoni_inoeermdtmcadmf_elurcpimzii | nodmruacigoueemehoozni&tfmnnnesraaalaoaomad | eaigeimaulcionucaalnzr_rosiaru&ioroteentrnaa | zatmrsendccenoronedeuacnon_ihoomoaconteeez
T	282	4	0	0	0	anoi ture	&uimial_orfmaadnlddmlge | cmcihoiae_ipuntmiemzieodipdamnlmdfnu_rzeair | suremnnnmn&eflmdaeohtaaanoizdegiaroaaoomuoc | rzgua_tslnaaaoaecrriiencnomloiainieuor&ature | cmi_aooeoaonmeccuoeenaozchnrntedenrneodzst
T	283	4	0	0	0	iono tero uerr impe alia	idanaaldme_mm&fgudloirl | ndudmcclamamrpimpeziifnoeurzhm_deoiit_naeii | oneomeauionoazmamefaacden&anirhtamgoornldus | iaileiirsuerrcgaalia_oaennmno&oraotaeuztrucn | odzeuen_noodaennenoioeotcemsateroccchaznmr
T	284	4	0	0	0	aueg miei maes mafe mila moli	fdmdmolidrnlauegiaa_m&l | mudtrz_eaozoiirinnmmhmilaunpmieiecd_ifedcpa | miooohnunaurnlamoeasoiotnmafedm&earaanecdzg | icilmaestteoangoira&nzornrrlacaeri_nuaeuuaoi | eeo_iecredhtozennmuacozeteocaasorncdoomnnn
T	285	4	0	0	0	iano inte rera meii	rfimgda&duaonlmliedml_a | dhmti_mnzaeerpuaoicnr_mmiuziiacdpdofenmeiil | rmnce&odndaoaatleigaozsurameoaanmuoninhomfe | lilau_eoirnazrianocnctaaisemugnrreraiot&ueoa | d_zdoeoeohcuetnmoaroennonccozencesrinteama
T	286	4	0	0	0	iene dico malo neri fini dici	lidafidgmamla_lru&doenm | cdzmeiedici_mifinio_nuiezrmmdnaalpatrmpouhe | menunafooiaemda&uaaohtmormaloaoesegnnzincrd | aluacaooiiruo&gesromnalaiieneriuztret_aarnnc | nzcnoenaracmuermdn_oetetneecsahnoooedicooz
T	287	4	0	0	0	rato done mail omai	fanoaielummaillg&mrddd_ | mciriimmmocddintr_efumdlpnipnezaeaihieuazo_ | dudnoaorzmoonueomairneafm&laonaastheiancgme | ogoar_eileuriusaanecziaurniroicmnaae&ratolnt | totcdcieoooehomeenemaaeuzrnrcndonecn_oasnz
T	288	4	0	0	0	chem done alti oche	dmdu_gm&lnleiidoafmaalr | doneiaepzm_mid_urfeitiuainmeadhinlmipczorcm | aeemandeamuoacnarorlneans&odgtumofmhozoiani | nermoelaauaus&ocea_rarniiunorzcgirntioaaltie | ronzionsrochemncooeu_eteoazoenmacdendnaetc
T	289	4	0	0	0	arco mede uenu neri dano nore	lamfrlmadiloui_&agnemdd | hianm_ilnrrctmcdmmedeoiipaidziuenuoiap_zfem | udolam&undanaigmoarcanrhtanooeoinfzsoaemmee | nmalica_uatioeetoirrunerinaauonga&rclsorieaz | oemetszdneoncdanoearcotnnueehzoaomcnorec_i
T	290	5	0	1	0	auoir alni alle noii sano	fumi_nigallemaadmdlo&dr | rd_mtnaediuzfnimpzpceeldoiaimraenoiimh_mcui | cfnsanooiaroniozhatdruon&edalnmameageaeummo | uomrclza&aroeaasennncturioalniaiieauoir_gter | hetmnesdcmocioztnoooaneenenodurzeaernc_aco
T	291	5	0	1	0	uinca nana tino	mdml&niauo_agerfdidmall | iiztinopeare_dalmfcuiediiodurpmencmah_imnzm | aorooaemgtreodnoznfasnuiemlmoaae&huincaadmn | &an_tuairaeseezoicunetliiarogaunanamrrooricl | eoiosomcadonrarnanzeuet_mnhocnedoezceeocnt
T	292	4	0	0	0	nodi cote cano uena	_ealmgma&didrfimulloadn | fenaihmnodizadoriiprz_ecipmnmeieumltcmadu_i | aaoetfaomnumnzoimlnnhmsooaeri&arncaaeuddego | g_&coterrnnouzuenacelranimleraosatriiaiiuoaa | cdnaczaoeednezmeenenoirmtn_oehuosocrcanoot
T	293	5	0	1	0	nonce oche coie rene chee mine	mamgidldleaoild_naurmf& | maaiccoeedzeumnimtmd_rdoiinzf_aulhrippimine | alugomofahmcndaaneeniaooirotedzsarn&meamonu | matscaeiauuze_&laiirnonnoranilaeorragtcoieur | cmnoncenorc_taoamozeirenenszotddaeuocheeon
T	294	5	0	1	0	auete arno miai sono rera arma	armanlaimied_lugl&oddmf | pcoidulnmmoceaahrzii_ifrindmdntuimie_eapmze | admlde&faarnoornhmzoaaonooaitumeannismeuegc | rilautcsnaaarl&notuiroureraenaoig_cmiaiezneo | ednaheooeooauetemnenrctsonoaimenz_rzdnccoc
T	295	5	0	1	0	niuno niun uono uani dano alte	imlm_emodd&rdlgluaniaaf | mie_iluiutmrrmdzamahcinndfmoieepoiaped_izcn | agooeoausauodanoonac&mznaemithilemnemndarrf | iornuonorulumcaltegot_c&zirraaaeairaeinseina | eseoemnzndoc_eoaedcroazoctthemcnniunoeorna
T	296	5	0	1	0	neruo mode elta iodi nare uiai	alfdnmum_la&eamrdlgiodi | hzfaiim_nrplemeiuicnem_dmumecoodrpaiaiindtz | cga&eeltaouoaumrenmodefadohnaorionszamaimnn | lcagniinrttoraea&uiaiairosnaremnzu_rcoeeoula | oczascerhneruomitzaoecdteond_nneonnmeaooce
T	297	5	0	1	0	diion modi iion meme ione endo	aemldanaidl&lf_dorumigm | ucmp_aiucnhimdmit_preazenzrfaelmdmodiioneii | lofsoozianaeoaroamaendoiumgaaneuhmcdn&enrmt | eoaiesn_z&cgaionluuirlrrtrceironmnaaeiaatuao | nuctmemetsdarezoorczeeed_anncohnooncoaoein
T	298	5	0	3	1	nonne eodem morto mone piii doli	undolidle_dmm&garamliaf | afpmatonmpiiir_zle_dcezeiieaudcummnrmnhoiid | ieomeomonefmulgaiaaa&nendrdmncaoohrtsaoznua | narnmortor&agcullanruiietoaeczosaniiau_iaeer | seccnaoucrezeodemaeoehnonnedctrz_otonoiman
T	299	5	0	1	0	auano ogni ueri auan uano anna	dfolmg&ieunmma_ddalailr | tap_ehnieamcirmuomd_ndnmiirciuzaodizimlfpee | andnmheafuclrognisedmuooizearonaoetnm&aoaam | irmuerirtzsgco&nnieiltaauanonlceiaaoeaaru_ro | oecoosoeneczdnomtedanczure_imerchnannaoeot
T	300	4	0	0	0	uote infi tane como nece anna	am_onlegdilraummilfd&ad | mrieam_pmzcnmtdouihie_oinlarainfiecduiezdpm | uamzooommefhn&snageeaoodirtuocaalridmannaen | eieerlcartl&ai_rascnmiuoteniinaogzuornuaaoar | nmrnaecomooutzcndheeontanecezoda_creseonio
T	301	4	0	0	0	fama alni	daifamalnigd&_domulrlem | ddmiinomdpiefaictiampmaeezciohr_irluzu_ennm | tauuangaanaeoodiiorhfmaelonroedmncezom&nsam | mrcuaaoruesconnanginrzaileltiaraor&e_iiutaoe | neonneocrdosnnatcmthzuiz_eoaoearceenoemodc
T	302	5	0	1	0	erare modi rare mode alla miei	allamlifdigoadm&edrn_um | mhef_cpumrnueim_ideziconraiamielnztpmodiiad | amieionuaomsdf&dmneracntuohmanaaroozaelogne | onuoirrrnlaeizcs_gaaerare&ioialoneciuntumtaa | oodn_heciearntcnozooeteumodesrzenacnnmacoe
T	303	4	0	0	0	moia coie uela uiii mira ecce	g_ailld&dmeamnrdmofliua | uiiimirazndiainarlieccep_etudnmohdmzepmo_fm | uelaaanmomzomeorfennonudr&esaimoiacangtohad | oaiea_rtuounraeircoieg&riancaulmaoiennzltasr | corutnzcee_ddscoeeatonrooozeannmiehacnmeon
T	304	5	0	1	0	ionia tnon mina done ioni impr	gmfadoun&iaaddmrellmil_ | zraucifenmminaddonecteimpri_lmipimoazdi_ehu | ono&dcdioomtngnrseihaamuanfmouaeaeezrlnmaao | uon_oraigzatrerlmaicticeelueuioniaan&rorasna | tnonzeersnoomreacectnozmuedhecoooc_ndnaaei
T	305	4	0	0	0	mari anio auea ione mato rima	marimanoadflg_elm&dilud | __uiancipmrinrddapaelmmziteoiouehndcziiefmm | a&metladezmneaurnnogisucaofroaodnommioneaah | &lirnooracaueaniorrtnzieni_sgiaotlreauaueacm | ctnmsrzeod_ncoeozeeonoaematoaechoderncnuni
T	306	5	0	1	0	auera teri rota naue rito mero	_emoandid&udlrgaimmllaf | mup_ieielafmu_diptcnimnmmzerhradiozeiniaocd | oameemmerotaezndmounugahlsnarnaiodnaico&afo | lar&oouiioanauera_otersnaaniuccterinlmargiez | oznmeze_stcoconaaroritooeencnohnddcueaneem
T	307	4	0	0	0	damo uena midi none mona muri	mgldliiundamo_lfa&edmar | ennc_fzzmndiaamidiohpe_ilreiupcodemaimuritm | oecmtuednoneniafoenulaaidnrragsomaaooa&hzmm | riaauoiooarmnnnr&oictlcaaaegurrizetla_nuesie | ehnuenaoett_oazomoeczdcnencerodsnemonacrio
T	308	4	0	0	0	dami nona cena cote neui arai	_aiadrmdl&emldlfnuoagim | pdneomuadm_miiemldamihzriraicoteicfz_nneuip | igoeumrofoadneeaalnnsdruaahtmazimnaoemonco& | tcumozaaienrslnr_gncteoiaoaeinaraii&laurreou | nonaomseoircenadezmoz_cnetehdaooonretncuce
T	309	4	0	0	0	uola iono foma uera	mmdaaniegofai&_murdldll | iemippi_ucemlzdnanmandfomadiimietzruer_ihco | omomoaneaidauolarfezdoaneimhncrgso&uatnname | irootirnua_rionoclueraenrealmtaazesgaui&ncai | ndnreeorhetcmcdmoozezennceaatncaones_uoioo
T	310	5	0	2	0	auuta amore tnon amor noie more	duiam&gdlollaifradme_nm | dddmemcoimr_zaoerfmnipniaezphiamucnuii_ltie | aomudooonzcfea&lenmaiadoemnarshtamoreangniu | arumlaoogclri&ar_noieirsetauutacneznnoaiaeri | moutnonnnaoorzideotdeenaeosmeacerzeco_ncch
T	311	4	0	0	0	olir anno aere	fio_ulaaarel&mdlidnmgmd | miaplirzeo_urteimnmcdio_zceihumimiapneadfnd | dtnua&annoaaaueomonzolirdefmcameeioragmnosh | ctomrzilennraintineuoil_aaaror&aiuauocaeregs | tedcnsaaoeco_oaeeneiemmeozrnncnotrcudonhzo
T	312	5	0	1	0	cenni mode arno auea iola domo	mflaomlmr_ddiadunl&aieg | iezaze_nplmpuodhumaiimo_faericdtircemmiidnn | tnnaranhmcooumoeomaazasfdmeaen&ioanugrdoiel | auear&a_nmrrougnseeciarnoateiiniolatluiazrco | ezndomodecrmoancennioceerecson_aauotoethzn
T	313	6	1	2	1	uariar uaria riii mino uari iiii	lg&udladamfaenrdm_lmoii | nmfpzzeaeriiiicdlidaaeunehiurtndioompmcmm__ | urheoaeconduaemos&minooamzrladnifgnatanoema | &nrtnz_uretuaaaoiannsiolmeuariarocgeroiceila | anersooaezonceueennoziecootndccmnahmted_or
T	314	4	0	0	0	sede iono miai uora pena mira	oduamdiilrnm&lagdefm_la | cuzpenap_iadeudmmrieh_dmioenrtocnfimiaimilz | aooilhoanunnmtrnsedegdeuazaeorancoafm&moaim | igonstmiracuaeaeuoratroiran&ere_ncaiiozlnaul | onedionoaoaee_dcznhommsntocoeeanuccrezernt
T	315	5	0	1	0	imola daro rono inai muti unde	glddiafa_nimoladelrmu&m | dimamutihar_fmoedncirpinaiinceemidzzlmeu_op | omdaronoueeoonrundeihanmzioagmcsmflaaan&tae | aieaelennzoociciarrsnutlaraoaioagnmuutrrei_& | noizoot_nmeeaonczdneeuscrnrecoedanomhactoe
T	316	5	0	1	0	filma iene lano nani lari	niaamdmfilmallred_gdo&u | eidmiiamdopdhrzuf_irienepmmczu_mlanotniaice | nn&tumesmaoeohdrreooleconaamugmaiaznanifdao | eozolaenca_ecrainoraganrlariorsutuam&teiiniu | thenoednneancrreouoiotmcemazoocdnoecen_saz
T	317	6	1	1	0	llrada ento adai maes rada alno	oleumgddillradain&ammf_ | inaprrluazdieuocfmomcdtiinp_dizmahmneieime_ | oanmendaiafrnortcgahmoooimaalnouudzee&maesn | sniietaairaenciclaleunnraoezriumgoru_a&ootar | oeaeentohececod_tnnimnoumzondcsacezraoreon
T	318	4	0	0	0	mifa timi auan iaua	mla_mnlmudraid&oagefidl | cepicenpodzmieaode_dm_umuiznltimifahmanrrii | oaunnmroaafemnzie&encdtmaolaamoooasdrgihneu | nzi_miorrseclo&ienltiiauanroagaacueaeaunrtro | hoecmsnr_ceoadaeznoeeamnroootcnzuoinectend
T	319	4	0	0	0	meda ddla nome reno aura	dnagmfm_lddlamao&erulii | atdoahmme_zldcimnomepzdiunrfiie_iinicauemrp | oomedauraozeonmnismhagoneaica&alentdufomnra | ioerloanaaicaa_gi&tizsoarcnumatlrrenoeeruiun | mnnoeooeoazzosceeaded_mnuttceihnooncrercna
T	320	4	0	0	0	nato tnon none noue uana mesi	mlaaaiegmirlmondludfd_& | rmi_aafiiiupnouedczheenrpd_cemmmizniadtolmi | cfnnatoaidgehmzeoiuolrarm&emouanandmoaeosan | rarnaoeazulrogaasitrrulntciioi&iae_eecmoanun | nrcaaruoctnonetenamesiehoeoendccoodzome_zn
T	321	4	0	0	0	mone adai aero eron	ilddagodnml&lamfeir_mau | mizpndneccmzeaimapeuomiiuanrtiio_ldri_defmh | &eonmumtzdadailgmrihnnaumoneaacoaoosnfoerea | sogrealmc&ronizturtniaaoracnu_laeronueaiaiie | eemnceasatnddrczceunacoioooroenn_meztnoohe
T	322	0	0	0	0		aunlgmlmldfiaerdmoid_a& | alrziemim_ndiuromnieptd_eceicipdaoiunafmzmh | etnra&adoolreomnafcesnaouhzaoiaigenmuomdmna | mtracezatioaaeuraolreaaurel&ooigin_nnsiinurc | eurnoanensteaemcmziarncndeneooodcoot_zeohc
T	323	4	0	0	0	alni cene caso haue modo aria	maomlmdnagf_daeidriu&ll | ed_meecinoafpaa_nziemztiirumdimiurpiohnmdcl | aensmoamiuaznoogeacaralninmhaueenfr&mododto | ieliruortoacloieeza&gariaemuna_utncasoiarrnn | muoceoneeosmccaoh_dranneoodatzznioerntcene
T	324	4	0	0	0	tria ardo	lfa&aulioalm_ieddnrmgmd | hemelniiniicduicfrtamazip__mueirpnomzedadmo | soamucignetadnmrnmuooznohfneardooeaaa&iaeml | liotueuneaartriaacoorngiinmrzie_nelaaocra&su | inuncearnm_eezndoeaeeomohncotozooscdrtecan
T	325	4	0	0	0	uili arno aura	lolafr_uldidmaid&mmgnea | eiciouiemr_da_iodphrleimtumdniacnzamepnfimz | sei&gcddarnmaimeomoonnaznhfeuaaooelmtaauorn | nlrno_acetuilinuscgazoeiaurarrateniaaiemo&ro | znocoatdetzmooarnoeaecennrcmeeiedcnouhs_on
T	326	5	0	2	0	cofie cento ento arco note tace	dd_ligoaeamalldmunrifm& | ezpdcdueiroihit_nmlouiid_ieemraziapnmfnammc | enooarcofieodtmnrnmieamanm&aoagaoelhzaudnsu | rruoa_cnuoanomlininarsioiretrli&aagauztaceee | nrcentoeeomahezaarunndooccnenotezic_oosmde
T	327	4	0	0	0	sana mois midi zara arai	adgfmlmlaa&lo_reuidmnid | mfnzormimidiaanupd__iinlhctdzmpucoaeeireeim | uaognenmnmraco&hoadtefimoisanalauodenmraeoz | aetou_oi&ienracunoirnctaolmasueizaraieglrnar | oracchera_ecdemeonooosaeomuozdennznntnctei
T	328	4	0	0	0	tara orni diri nane caua utar	lgdmadn_ailmfrdmlaue&oi | _cziimfaeihpunopncztiddirieeem_dlanmiromuam | monriefmnadaaneuasongue&arltcmdhonaoioozmea | eoecauaeaalraiierutarairnmz&iosor_inuntlncog | ncoocdenanensedmot_zmrahorniaetouezneoecco
T	329	5	0	1	0	relli elli fuii area lico nona	r_edlldmf&iaanuogldmmai | ieiprcmatmcuompdfuiiz_hdroelaamnideiennz_mi | emoarmnurnonmocoaoheeginadasaailu&daefmzotn | agiuantrellicoe_rtonsnamcoiiarean&rieuuaozar | _noeeeozzuncneohcioemrncocoenonatadetrsadm
T	330	4	0	0	0	mina	uoerfglmlnm&amadiilad_d | domnzi_iu_mlpanmueiaepozcrdiiminaeefctmrhdi | ztoaosann&uafoioeueirmangmmeaahmodlaodrnnec | artrcooiomaeteiuagr_oaenuaisrlriaazi&ennclnu | ememnaiztrrcoeoocaczeaedn_edeocnootnnnsouh
T	331	4	0	0	0	mane onon iola	nog_drmdlmdllifaaeui&ma | _ointu_iecermdzdcaaemlmanemdiirnipiopfmhuzi | fmiolaeoranenundo&onmoatenaohmigrzaesamucda | iiorinclaotuemuei&onaaelngcarrsiear_otauzarn | ozmeeezndetocsetnaehrecadcou_ioononnrcmnoa
T	332	4	0	0	0	uide nane anco reno uemo tira	dlmemlaai_idnfdum&arogl | coairiuaiazdclnemntre_p_pieomznhimmidmfuide | ezdomtniaaelirncsomfhur&anmuemoaoandeagaoon | niznaner_acooanco&maeiauiurltgaorrtiraseuiel | ecoceoohnniz_oentcrenoeoaadaznusmnteocemrd
T	333	4	0	0	0	mede occa diri onon amma rono	lflria&dammadd_gumoinle | nilztnaiomipmeaezahdomrcpcdmiineeu_diriufm_ | simhoouanfddeeaaoeraoanao&gnazcnetumonrilmm | an&usuaecrzelrregaoiralotrmnt_uiiooaianenaic | eziacmede_noccaenmocsronondnenouhtzretaooe
T	334	4	0	0	0	iono erti anio tino amma	d_imnfra&oalemgilddauml | iiuirddmzditnimpol_ri_ainapceecfuozmnemamhe | ae&counnraesnmfimdgammaoranioealznaoetuoohd | aeacaziunr&uaoiotnelaniluaoirsgaec_rrertinom | coeaodaoznoeehrcmcenzt_eeoionournetndmsnca
T	335	4	0	0	0	sano nume inai adir	fllaiadmueolimgn_rda&dm | reiinmuzocdzotliimdpei_adirm_fahicmpeannume | ammsieomorntdaaaamoodilrnuheuoanofg&ceaznne | onrgneauoarusrzi&icinailrouoaeeraetaalc_intm | e_runedoooenczzmoocahntdeaersanocncnmtieoe
T	336	4	0	0	0	anoi leui toma uadi cano noie	mfldmednruodlag&iam_ail | _etindpmniuocmriaraofmzmiiizdamcleeeuhn_idp | oaeeuadizaaennanmsnmtomafrhgcmo&aroodienlou | nleuioetsainiearrzcrargcrua_atianme&onoaiuol | a_uonzomomrddonasneerteetcochcanoieeozcenn
T	337	4	0	0	0	cote miei main	diugdfamm&aielol_nmlrad | epaamizmrpimieia_luofrudenhdoctmmenicii_dzn | rsaogmanmtzneemomnoeoddaohfonaeauruclainia& | caoeeero_izucnaouit&lnmainrtageanruirisralao | oedtczauozcecoteiaonceore_neonndnenmmshoar
T	338	4	0	0	0	glie tare	imllgium&redfoa_mddaanl | mhuuriotefimlmcipmeaoddnniei_ceiaadipzn_zmr | anoaa&eeinoeamrolmdnnoaicunsgauezmohoatrdfm | araua_oaasirorunglieecotoit&niraimnlanucezer | ea_uoennomcnothinszoroactaredecdneoeemcnoz
T	339	5	0	1	0	trono ento muti nona onon rono	&aaglolma_flmddiunidrem | amiln_ohecdunfepimmutizdizidmeiorrncmapa_ie | egsneimoamuazruntronomh&aacfnaadelomeonoaid | rteugaea&iiaumncerousaaietn_nozooallciirnrar | idhsoreeooecetncumr_anentozcmzenocdononaea
T	340	5	0	1	0	mandi ueri nona cuoi uano rara	idl_maoalfmgdmandie&ulr | cnimlozaeeudicinm__rptfuerizihiammiadpdemno | aeomfeicneoooaoiguaenaaodnzuahlmrsnt&adrnmm | raraiuanoancgome_&aeanesiacuoitorezrluriilnt | ozaneetcmodneotnzhor_erecasinccdononaoueme
T	341	4	0	0	0	medi noce arti cade uola noma	nm&amlilergd_uoladafdim | a_fdildrtupeaiimediinozcmuhamizenoceprmmn_i | emonomahoaaeegatdanrzfamnoerodsn&oicimnlauu | ieiemnaaaol_zurasrorlr&ataiartiuucicogennoen | tznurenceoo_oneeoehomiscozderncadentcnmoaa
T	342	5	0	2	0	ciudi cenno cohi noue cato	orlfgiuid&lmanam_dldmae | efmomiaun_reaptzcohizipmedciudiemln_imndair | rosoetaigeecandzurlm&imoaafhaaoneoadnumnomn | uszeerronmcatoanooaiilrlricaiei_auaatgrn&eun | ciomeoneze_hccennoueoaamcrntosedndtoeoznra
T	343	4	0	0	0	modi noce hato noua eria nore	oeld&ndlgifruamildam_ma | iezip_afhatonmdcliucmmzrnnem_eiiddoiearmpiu | moahdafaatznmueancrumodiaolnoreeooganim&ens | uuoaoaroaranr_eriae&insnuaiirezlgncmteiatcol | _nouazaenocedteonercnoicnooasemtczenmedrho
T	344	4	0	0	0	sone ddla armi alli crea nano	unearmi&foaddlallidgmm_ | nethimidmoemamiil_e_dpinzmriueprdnaciauzocf | onactmeuumgodrnanoeoaoefiaolsamenazhiadn&rm | rlaolriiunenetaoasnerirramcuauoact_giezian&o | onenezioooondnmcsonecher_eauednomtazcreatc
T	345	4	0	0	0	mete egma mano lana none	lmlaadmgdre_om&lidaunif | azi_edunplrmizimirphedmoieticfmadne_anocimu | aeaoziudaecrtnhmoo&uamaosfnonegmanoanrmdeil | iecuezgaoc_a&nirlanarrtootmunorraniliiuseeaa | _ceooasmrcntorcnioeeeoonhandnecnzzauodmete
T	346	5	0	1	0	farlo aero rome anio uani ecce	aeddgmilulminm&d_farloa | uehplme_iro_tdiaimdfzzmeeniaiimnrpcmcuaniod | fennunodmlizmeaoaeromendnaraomaaugoiah&sotc | auaasrauiraoo&unraeeie_natrocigicelzirnlotmn | dzhnoianecceonmmeeoanau_otnodcctreonreezos
T	347	4	0	0	0	damo alta nome mira nare ofla	delmmi&raoflagildnm_uad | rzfodinc_mhueimipeizuliadt_dnmeomcmiraipean | iaraaeddamocogaihmtefuszalaoo&uennonnmrnome | icannreanuilaltaoraagueozrmiiounare_e&osictr | eomnonedhezceodccitrmnnoeanoato_onaeeszruc
T	348	4	0	0	0	daro dioi	llgdiaimmdaroe&_fnadlum | emiiaoeilmzdioirntneepcnumaamz_i_dcumfhdrip | aoiaeooammdnfeonctao&aieugomlszrnhneanumadr | galtcaeomilotanoarin_siauizeeirunueonrar&car | omaao_seedioutmtnezoozonhrcaecoennedncrnce
T	349	4	0	0	0	auen cauo area uena miei mira	nedm_amuliigdall&armdof | uz_zfpmlehotednrdnamieiii_udecmiramicnpamio | ohmezase&rfiaonoumdoreandgonaamaienmntcauol | ztiseareagrtnrleouaunoclauenaoaoii&rnc_iimra | eadoscdietorceecanmzmzetheoo_annconunernoo
T	350	6	1	2	1	conten conte nato cont uene	nm&agllm_iadmlouierdfad | oiadiifa_ennuenemcmitzm_iideprudlampzroicmh | miomnoroaeodengluoianan&saanaahzotmeeudrmcf | nnatoaieooae_cearznctmoeianlrlgrasruua&iurii | ozraenhnzdmrseocoeocdcontenno_oeuimteacnea
T	351	5	0	1	0	rocca mona nari occa cati dica	ldnaridudiamlemoa_gfml& | mienom_p_eidicarordniuiemmuzlidzcaiafmhtepn | hundorgroannmmmdnoaizeoaeufcsetl&oaainemoaa | io&siuarainamllairoccatiannnua_reetzorreeugo | rezndotnoee_encuczahoeacieenmonartodcsmoon
T	352	4	0	0	0	noto adeo hara cade cani neui	n_duimamdfrllaidl&gemoa | ziem_idemuip_oeairnaiacihirtdmofpznundlmecm | ooudonau&tmlarharaseonfoeenageinmdancaizomm | aaneuiicanianeugrottsr&iaaernirazco_ermolulo | szetmcnadencadeoneaoznotom_conroihorueceen
T	353	4	0	0	0	hore ruma cena diuo midi endo	emoalmrdfudg&inidlla_ma | iemidiuotumfeimamnmr_rh_ncaeczapienzoidldip | hednzemruma&omcaendogoasnnioaotfalaaonrueim | ilarnaooczcrgntrsailaetnea_&rouuieieruoaianm | cotdcimonaeetcenaooasmeonhore_ecrendnnouzz
T	354	4	0	0	0	miai rene emmi inon iure fame	amdalmon&dmllf_eruadgii | arenecnemmiaiidmp_iiuho_nazlmciureiztmddpof | mamaizedaniefameacooan&munoosoornlhdgeruant | &a_umigalrueesaoneartanuatoircoainonziilrcer | rncdeoneooudechmstn_oencizcmonaearneoetzao
T	355	4	0	0	0	tnon acce	_aomlfdderimdli&mugaaln | eaeoiamoicptrrmmnnamh_iuidzmidepf_lzdniueic | toiumaeouaamealgmoocnarnfoaeondnnazmhedsri& | oeeeroauaio_slagnnlcian&riunaeiozractrtmaiur | nrtnonmaot_nodzonooacceedoreeeccaeunzmehsi
T	356	5	0	1	0	manoi anoi adeo nori nona iano	fmrg_mli&lalieamudanodd | imzo_mhazeimlemiodrianedndpeunufprm_tiicaci | oooaznoa&agiunmfunrdtelcmanoimdsemreaonehaa | austotaoanullgeaaianorireocuirinmcani_eerzr& | cteheocnadeooooremcdnnonauarntzomzeinese_c
T	357	5	0	1	0	ueroi uero dame dici mila	adgmldrfa&imn_ldueoimal | iiidiciimpciroenoldamdamez_nrunetfhae_mmzup | mdreooafnaeseanmnunzmilao&uocahootgmdreaina | neeoitnueroi_uitusnlnmczroa&grailoaearraiaca | meedsneeozoneoccraoect_tncnoodzenohnirmaau
T	358	5	0	1	0	erano eran remi nana nani nere	dnaomrlmdigmdli_lufea&a | ciodlimuzrarpcimma_iepueat_mnmdzifeihnnedoi | dnurhlmoimrfazeagoeoeod&munaamcseonananitoa | o_rnciioeuls&lraneremitgoaacnztuouaarieinara | eranoueosnanzdnecnmoicocrctomnedaeee_toozh
T	359	5	0	1	0	ionon iono arno auto onon	da_lomda&liiefglmrdanmu | rmhnorlcaceeeiimtdizofepu_diiamuin_idmmnzap | ugncnnoi&rmezdaeanradmmolaiosautoanhfmeeaoo | roain&nusaeeiauizaru_erlcoignotltaanraercmio | suocaerndazemearnomcdeiononzohen_nctoceeto
T	360	4	0	0	0	uere moda fiia	_elmmodagfiiarlldandu&m | m_aomiiiuiocdueeprpemcnmtmridhazendzifl_ain | naaiosa&aoenoereaonciahemzadfnonmdutomlugrm | anaicsmorrenrziuoaganarlco_iao&inaliuuereett | oone_ansonmnetheooredeciaecntuenoccmzdozar
T	361	4	0	0	0	crea tori anno	dlirm_lu&ladmngaoefadmi | rh_ermeiocnnoezdaiuzmicpameamu_tiiminfldpid | maoazmemnseohaontdadmelannoofniacrgoiau&rue | uaacooitoriunuarlir&eeaciloeniaeztamnan_rsgr | nctmnzennteacreamodnde_ocoorehnaooeuicsezo
T	362	4	0	0	0	mifa capi cimi	modlgrmifa_aamlunide&ld | amer_iez_dimilupotacimiodecapiidrnuemmznnhf | nitcenmaaemroaneurodosneaud&mozmiohaoafalgn | aautiai&oeeznaacoostnmiruierualrirelann_crog | neozmeecnoaraehotonedzdouncmcroetencsnio_a
T	363	5	0	1	0	dieno mile neui anca dono	a_aodume&dlmmdafgnlrili | unepid_uopezmiletrdienocfmamihirnzaimia_cmd | osmooaaanrmdnoacneiefrauiumlgzeoenmhoadtna& | tnrne_gaoeaniraarsocroucetaimai&neuiizulrola | ozcnudeezreoeecmhnciaottrne_oancamoesndono
T	364	5	0	1	0	ialla mori alla trar nata nire	add_mrogufeidiallaml&nm | apdrdmoriemanitmnfzh_eilu_cdmmizieuceaiinop | ionamfenmotrarnmsdanianamu&gdaloeeaeocozhou | raugsocrurzane&eeiriiltniamnilrcaoanataoe_ou | aanireehrozendouontomeo_zemonccectnoacdens
T	365	4	0	0	0	lete aria mano noie cari	dmgimlilan&afeudmarlod_ | limt_aonid_nmmpdaenceeaomzziiiurdehrifcimpu | oguhrodsmr&tunanmeaaelezainoiefaacdonmanoom | irocrt&acariainalete_ialuzuorersaaoonnmengui | hesoeoeo_noiuzccncoedaezoemdrntcnaomtenanr
T	366	6	1	1	0	dietro asta olii uoli cano anne	mam_fd&geluoliildramdna | rimdimit_meaudniapl_fcrminzhoueczoiednapmei | nceimdedeunohlnomnreozaaufarinaoomaastagm&o | irueataaelurimraiaraitoasgurnn&eoonczo_celni | rncanohemmeaduoz_ccoonoetsannenzdietroecoe
T	367	5	0	1	0	grand gran couo anda	frniaml&amleadglmi_doud | mi_nndaemrmpiuoemnpcimfleueiaadizoicth_zdri | anmammuadhnazieoosoniaeleoegrandafm&ruotnoc | etiaaoucceerugilnara_rra&oionlzenanmoiisrtau | zddenhtmcouoncrotenrcesneaonoaznmeciooee_a
T	368	4	0	0	0	uapa mora arti pano nero anon	flad_mad&dgriemolmunial | eid_dmuapanohitnnoeepimemicdfcumizrlzmriia_ | miumoranonnmdcnaeotauofleoae&adsaonzrhaiemg | an&neror_rrumeoisnicaartitzalaauniueeicogloa | eaerccoadaoorneioz_eoohstecnneotnmunnzdmec
T	369	5	0	1	0	cerio anoi nano demo fiia mite	e&roaladumdlg_nlmmdfiia | idemolraeipcfdrunpeaamiteciziiuod_mm_hninzm | loaoscmdoeanfzhoiarmmimogoneenrtnud&eauaaan | uioanr&nstnanoiz_alacerioraiieacuomrgtleauer | eucdedmrchmnsreenoeoctaoaaeeono_niczozotnn
T	370	5	0	1	0	eodem inai naie	_lem&adnuaimaoilfrdmgld | l_tinaiezmihi_ofuedncmmirunrzocmidemaeppida | ehniaecaaieodemn&aonzoanmftsrlroouagumnaodm | _aaaeoenarrrgic&taaeilznmuostoaucuilnieiornr | noenemdocneeeremzonnccaoeoznohatciaost_rdu
T	371	4	0	0	0	temo atii	idamulnlamfddae&_logrmi | mniuc_mrepapmzonmiehrdfme_eiundiiodzatiialc | taisna&eneogannurcomamozmheafirudanaeooomdl | ian&enuucatreeailozoaarorrntaaisiolug_ercnmi | onocsnedenztemoenrodonhmezic_tucraooeacean
T	372	5	0	2	0	lidio darai arci rome aiii dara	dafamnmg_lidiodle&maurl | itdmzc_iuumdnromeaeiaiiianzelpmfhe_rdncoipm | looenmufzeoatgrhsn&cdaraimnmonoieauaandemao | ecaaznrorltanaiitiem&iurrsaclaoroegaunoe_iun | ocarciernctodcneenooeham_oueontemndseoaznz
T	373	4	0	0	0	anoi damo cime nona tiri noii	afari_emgllind&moldamdu | r_hedmfnidmoenren_ipipulcimeiatziamuzdamoic | azunoiiaotgdmonlenona&roacrenhsmmoaefedmaua | oanoieirgntiriraocre_cnmnr&ituueaaeoualaslza | osnrcnnodeaecnhancmooooueemrz_tintcaoedeze
T	374	4	0	0	0	ance ioro muti nano ordi	f&alganadiimdlu_mmdorel | iapuzdnanhimutim_edeamicdrinmiiemoeprlfozc_ | msfaoi&enanoaonmeeeantlaordioacmrduzaunogmh | ungieaaimecrretanuse&llioroiacoa_raoanuritzn | eatneoncirzmoth_mozeoonneeecndrcsoaanceuod
T	375	5	0	1	0	animo nimo iira cuoi tana endo	olldeaimrufnlgdad_mai&m | liaciineiiedi_nmdnoc_mthroeimaudmzurpamfpze | guzaidnmaroneaoroncuaohdemalasmmnn&feaoioet | lecuoiauinaunelaoe_iiranimosagrcrzto&etanarr | deaeieosohc_azcnnoencotnoeczendoeoanrmrutm
T	376	6	1	1	0	anione anio erto mois uani ione	_&laaomadifnudlrimdmgle | hcniliamdi_muriaf_ztiemeoeeaiomppcdnndmrizu | adzcnoimsehnmmunreodmfgaeaouoalrteinn&aoaoa | oaoesmcuanioneaalignuac_rii&nrlitaeuazertorr | emoisdezncozeonmundrnttae_aooeoenocanhcrec
T	377	4	0	0	0	iaua come meda	uad&i_linadgdmraommefll | ueaomn_ezamlueipf_iciairpetmmiidcrihdzmonnd | ngfmedaznluoa&hndrmaameiacnranstuooooomeaei | iuuioaliognoearratccaoe_terrmiiauasnnl&zraen | actodennnszcanuzorcaiecomeeemeo_orhoeotndn
T	378	5	0	1	0	ufeir hano done uino	l_lamamufeirdoldnimg&da | eaec_diezicmmaufimiilontdpnuazmpo_eidinhrmr | mahanouridacumnoemfannzaioalreoeose&godnmat | rngiuoao_aaucslmrctreaeaaiertluinoannrioiez& | etnmeaatzcdenmshdoneoincczn_eoouoorrncoaee
T	379	4	0	0	0	iimo meme mura	fdo_lmni&maedlrmiaudlag | cpao_utc_iiimoahepzdainmimiuenflenemrmrdidz | unnseznracrnuiatmliogaaaoofmememadhd&neaooo | areur&oatoincraen_emuraitniuganasclioloeizar | zacicnnsedmorznotmnaa_eteoodnrnhooeeccuoee
T	380	4	0	0	0	adai ddla tata pone tali lago	m&_dmiamnllauiddlagoerf | aecnntiuimerfeuponeldiiiodachm_azdizmmpir_m | ac&isuzolmneeuaoidfoetommoorhnadnaaganamnre | oaocraergencisir&namtatalirunurloiizau_naeeo | ndonromo_teoerneucnzhmeozeaecsadaincneootc
T	381	5	0	1	0	difii dine fiio miei anda	liefrauag_lanmlmiom&ddd | mppzndifiioaa_neamctdineou_uczilhedmieirmrm | gandadoouzerthemaannlaeainmco&onseooumrafmi | aruatoir_oct&anaoenrzuagcisemairinoeenliarul | acmtonzoszeoe_onucdharnneacreoceonmetdneio
T	382	4	0	0	0	iean moia mina reha tene fane	i_udlfaneolldm&aiamrmdg | _mdziiirmaiudmhpmlmoiafoieandteneprei_unczc | eaaaocfduunadrnzaeoeoieos&ltrminanmamgnohmo | onneanauatrriiceluatoarz_mrlgaoneuoii&sciare | ademoeo_eaoccnonozrehaontsntezemccoeiunrnd
T	383	4	0	0	0	iion citi daua mero eiio meii	erddlogl_uaiilaf&mdnmma | peudhmzacitiam_iflmapdcumeiionriirdennzeo_m | ansmilhndeamnoiguao&mameroaoonnrefzodauacet | nu&emooiaaeantniolicuazrao_gauaercrrrtlinsei | _ohoooznrnmerscneimeanodaecnatcoeecoutdzne
T	384	4	0	0	0	moro arti alui iure amor meii	mau&mgifadeadmlolrlndi_ | mrpmnhamio_iuiapmdedade_eztcumeiininzcrfloi | nrelo&smaaetamoroazunmieeomohnogciuaanadndf | grazimnan&roinrcaaoartioelaluiureunaiscoet_e | ooreceonsnrzuooetadncmencoenhoeizdtnmac_ae
T	385	4	0	0	0	eron nana tero modo dire ceno	daiilmaldre_umlm&agndof | zammreoiialipmeicpfnt_e_duauimomnhizdirendc | nscu&mamamgdlrufeadooeenaiiehoaontnnoazoarm | unteatclrlrer&umianriicosz_oanaaogaianuroiee | oteronezoosrecdhmnmodocenoeiaen_ceucnanatz
T	386	5	0	1	0	auria egma nano coro doma uria	m&geailudddoimrlmlf_aan | eunammdcoeimi_tofnpae_eiudiimlzazhirdrnpimc | eaiuemzhnnanoegmar&moadmnaulfaiodcorotoeans | iemnaauriasraoaorinnzcloourenglat_rituce&eia | nentdoconesnmhintczre_domazoonaoeeueorecac
T	387	4	0	0	0	cons line iira mare aere	_gmol&aadmauidlnflmirde | acd_ipfzmeeioiae_pzidtcdrmlinenaimrmnhmuoui | oennoaotdifaaazncmuenr&ihmmarensouldagmoaeo | ccoate&uanlslornueoirrgtainnuiziiraere_aamoa | ndn_cmtnozeormhroezeconsanueooteaniecaodec
T	388	4	0	0	0	timo rata uane teco nasi	l_irolga&lddnamfimuaemd | mnofd_mmepuuidritcieia_cnlinadizmzromheiepa | iomasaarzmofaiergodn&toaonnuanemaumolhndece | enasinlouaeninragrratairc&ztimou_ooruialceae | reocemaraoonzzeniceuden_enmsdohnacnootecot
T	389	4	0	0	0	riii mira amma eiio	mmdrl&a_gdieimlfloaudna | nuemiraapzdidcieedntieiioomhmmc__lfrnamuzip | omdzmammacrfoirtaougaennaanlnon&eieaheodosu | riiienaeareozlaaantsmoocingui_ratnuu&ceolarr | emioeanunooerzhctmocetnaansen_zddeoooncrec
T	390	4	0	0	0	lano magn	e&gd_dmlidfmlanoarliuma | uiemeatipdzifriudmlheozimeao_rcnamndnpmci_i | tnheaaeiin&eaongclmomrmfoeudrannsadzamoaoou | troasraaaeaoen&no_iauriurzelrcinieltoucimagn | nh_ecetmuzmersnoornetoadneoancieczencoooad
T	391	5	0	1	0	ruina tate nomo tono erta	dnildafmla&relummdiago_ | naeuaielzhrmudncmeiepoondmpziiifi_amrctdim_ | emaumeuagtonoasondannfnoomcarziahi&eoalrmde | lnaeaiteorurci_onaertaagci&uazeolmnrsioruina | ctatenniecoeadaosomnezceouzcnnreo_ehnomord
T	392	5	0	1	0	erede mode coie immo dara mira	m_mildadara&iogeulmdnlf | _ifnddmacacoieitrmpnuimirahzleimmode_pinzeu | slnaaziacnehiourdeomgnedm&eorooamtanuamoafn | il_roraaroraaiulnmntcrneoeinic&iueagaaeotszu | ruznnnoe_nmtedccoientnheredeomcaoaosoocaez
T	393	4	0	0	0	luna sito arma	ramlfadgmd_elunali&odmi | uindpha_f_dceiaueeciliipaimmrmozrdnoezmmtni | dnmosloueoantuc&aanaeohdaenmrrfagnmiezmioao | anatgouealnnrirc_sitoneaiozamlerrioiaeuc&rau | _enooneiodnotsnccecuoocnozmzetaenarmadrhee
T	394	4	0	0	0	cere iaua rota done coro mona	aeiradlmonam&fml_diudlg | mmdrnmidoaiiteiueona_hznia_dezlmpirmcpicfue | ecadaogrdemezsouhaonnoafilnaeimamon&mnrotau | iauacanamizaogoatnaitooerniirecereurlnrsul&_ | oedonehnde_ocoroecaenzccnzsaoeatuemtrmnoin
T	395	4	0	0	0	nece eria neri uiai anne enon	ama_felldadoimnr&dulgmi | iifdiupumeeecninrpmocdmzladhiei_aiom_trnmza | azeeoadomngouaiaorsro&aaicnnflnameemtmdunoh | alanneriatcelt&ouiaiezroiaacgear_muirroounns | rozrdaacocnueoesznhoiaenonodnc_memtetneceo
T	396	5	0	1	0	tarma arma dime meco	luoaidnldlridm&gfa_emam | im_zpcidtarma_dimercidfnieenheuinamimplouoz | urnoagieiefnaenodalamhonutdoaoomzs&nmeacamr | gan_lamrcluurearacnetoateaierrusziinoon&aoii | eouoonrsnzhzn_dtncceaeemecoaeietnocdnaomor
T	397	4	0	0	0	uena orni nano como cala mite	fmldaddlgurelmai_am&ino | aimizempr_ecomamiteiiedunalznpdihcrmiof_udn | ofadnanouehzcgoresommianaoeommteianaardu&nl | ort_eecalaiirriuasmtegluenazoarnio&nacaorniu | reeanderccezno_omnccomontnoozaetoenheiauds
T	398	4	0	0	0	uono noce dete	mldmn&glaiueidfr_aaoldm | animldta_eaiimzepriedirp_umnuzciofnmheomcdi | gidetemnand&afaammnoharsmunoceooooarnezuial | iuuonogscazoanrt&oaaiinlrecraeamitraeeilun_r | hneanooraoozedmsadmec_noeeunccoeorntnezitc
T	399	6	1	2	1	aueria aueri ueri ante tola eria	iadagaldlenmuodilrfm&_m | nhiaemdmemurpaimddn_ilmaieoun_ztzieircifocp | monnodredzmngcuaeaieaorhaanunmsofo&mieatola | mritnalsecoaueriaacil_gu&tooonuinaazaenrrier | ro_euozcoocodrtdnmenneoemhantenozaaneiscce
T	400	4	0	0	0	anoi nona ciel nano suit noie	g&nodfd_miudmaiallrmael | imnnpmcielhac_dimdmiurnreit_pfzeezoamduaioi | tdenonansaaorrmoomiecoehefluaoumazamandn&gi | eenraotizaiaomegeairrasuitn_cir&lacoaunluron | oooornutdoeezcnc_ezedornanoiecnhasmntaecme
T	401	5	0	1	0	cenno uedo anoi seri gian nato	dfmulmod&allgiraeni_dma | maztzemeao_h_ddiilrfcmmppuinracennoiiueimid | hoeids&rauedoaanoizerogmemnanaulofmmoaanctn | malotaaic&eulnrreuzrieonutoegiani_aisaanrocr | rtcmonseriozenamoc_ednatouneacenondzecohoe
T	402	4	0	0	0	arte arie none eofa	mdiofd&liga_armldaumeln | inmci_mehmirmudndfaarieicoei_tlunimpzzadpeo | hdoaletmcaoounnmgnrn&eofasemaznaaeooiduimra | icaarteau_unmiaeglonziaaotilurers&oaoeincrrn | tahozmaonmnonenaeescdnroocrioentcecuzeed_o
T	403	5	0	1	0	tenea ante tene ente uant more	aormdaimlmlid&e_fnlduga | licdnmoreiuzaom_ecmamipp_imdriienteufnhidaz | mcrametlnnneaaaodfrnooiooauma&eosenuhdgziam | iilriurmuantenearaisaouaactnlrzo_o&eengairco | hcotntsoannmeeocuncid_dmeoeocnrezeezoanaro
T	404	6	1	3	1	conten tiero conte nino iira iero	mlrmguaomdneidlfal_&dai | dzrinceoimpimmaf_eieiodtirdin_enzcpmmauluah | meizolmundfaanmaaugnaemohe&tdcninoooarosrea | iiraeeonlguaru_sizaateacnamtieronrnricluao&o | oenmhseeoozznacdutcdoec_erriaoanncontenome
T	405	4	0	0	0	iiii rena aato piii dere nane	aiell&lommmuiddanf_rgda | uctrieeimlhd_faniuadnmzmoepiiii_mdrcpmnzoea | oanodaderenanemclmmgaunszahtuoeaoarioi&mfon | clorzruamaiae_lnr&iauaatotncrsrioegaionniuee | ntmnnorn_oeozutaeczmcodenrsdeonacaioeeoehc
T	406	4	0	0	0	nona meno fini ioni cara eiio	agrda&d_uallmemlnfomdii | nucpodemmeiioeezauhirpitnlmdra_fini_mimadzc | danaaezrfaoirmmnonaoeheonoilotgaamncmusd&ue | caeniinrurielaioniuganazltr&ooomretscara_aeu | neaormimenoecodtochnnoezaustoeecnna_roezcd
T	407	6	1	3	1	andrea andre ndrea uota neir muti	lgiao_fnaudamddmrm&lile | immutihaueioddzofnneirnpcpi_eamlaemicd_zimr | z&cuotandreauordnfamniemaelmeasoamhnonoagio | lorttuluaeraaemnannia_eiieozraansuoirroccg&i | enzeeednuoeenamcttarcmzcoaoenoohidcor_snon
T	408	4	0	0	0	medi anna anco line	mni_aa&mfgmedilldadulro | tunlnzddeoid_mcfziarniaec_eppoimaimumermihi | oacnreeoouaaoemdgfnmmsli&annmaarounzatohied | itozre&eragusuatiacrrrcaiilinemooelannan_oau | otoerohneaeeeroamcsdnteiezonu_ancondnmzocc
T	409	5	0	2	1	ancor manco nous tema core anco	rligd&ndafmiaoellmamud_ | dhmiammmdzimeutcinarcnnpau_eoolriedi_iifepz | moemalaafecgodieotm&aioumaoodennranrnznuahs | iace_zaoiieuluairnousn&aornmatrgrroiaeneactl | nhmcieeaezcetemancorerozoenodnonsct_aunood
T	410	5	0	1	0	moria inai iola mori muto onde	ea&ndmdamfgaimodrll_lui | cuazhraddnmdepioticmiemom_eliii_razmnipnfue | enmgcoauondenimnamaoeaftenrds&alhuzaoomoria | nncunzsi_gateoaareia&inaiolarulerociarmutore | aoeedrcnmncnutnmencaezeirchoosdaooneezt_oo
T	411	5	0	1	0	maela iene mini ance cene alli	omaeladfdi&alligm_rdmun | miniampifeezdmi_mau_mrciphizdirteuodlnnecao | &ommadcananenedszaiteinmoarloeoongmraufaouh | iuu_ngiarramaorc&ienecunratsloaeotaeiinaolrz | zrooo_sncdnoncaemtzotumeoceaanceneniehdreo
T	412	4	0	0	0	eran ueri erra aili euer cena	gldol_mdaen&auiirlmmafd | iianndlamhzzrm_fcpmdepeueriacieoionumtid_mi | cnuae&onusaaeoolidmeranmmftmrgoezoanhoaadni | ouazmincenaerrailieoreaosga&ocianuutltn_rrai | zcnoneacormrituoeoe_nncetcsezeahnmadodoneo
T	413	4	0	0	0	cene tara enza mile hano	mlielgiaanur_doldmadm&f | oundonfrcamezcmmri_npdaiuitehzipedaii_mmile | clmnioogafmdaamhanornuoadnanueioteaesr&eomz | coneecuierlrruirienaitzno&aiungoasoataraml_a | oenzasmunezodnoatne_drotoacenenoermhcecico
T	414	4	0	0	0	rome acci dimo nona dici	f&dimoddanml_aamulreigl | zrromef_iaedinmnhu_ceanudizmpolmipemitdicia | dofcaoamoozhau&meuasnetlnoimegearidnamnonar | ualriouatnaroiooiiirmclzcaeu&enraar_tneeasng | chsa_eeoraccidtomunzendnaoomeenetnnooezcor
T	415	4	0	0	0	anca deue none uiai	aomifgla&dnelmalu_dirdm | ii_umcoduiaipnd_zrmfmmteeldcemnoneizaipiarh | onfaazimeaeomso&alnrhonintmaucdrnoamoagdeue | oninazaiaoraaeuatrrir_luinso&cerncetolmeuagi | ndenccrnoonmneszcooeredueaetooeotimzh_anca
T	416	4	0	0	0	emmi coia erti acci	iadlfaemmildourg_l&admn | zmiphdre_dfieome_alpnumaueidcoiaiintzmcnmir | aoefmn&aiooanilnzddasaaoenruomtcngeemomaruh | anzsoertiaelaiunaceunta_icionraorlmargeuoir& | ustoozedcreeeeeconannhteooazonnracci_domnm
T	417	5	0	3	0	entro carni tcrra cons anio nani	alfi_dudmmaloarnildegm& | ecmrdnniheipdudeimi_mfozizematlaucarniopmi_ | gernunaniodnaseooeleaaahdonmfmmuaitooa&zrcm | mionniraetcrranaaeueinietgi&c_rlouooalaazsur | consmamdheoctiunentroeoaca_zrnzeednoecooen
T	418	4	0	0	0	taro eiia noue	mglidloduflmaiar_ne&adm | euitroldizm_aecanacihdifempzi_uodennmriimpm | oazionm&hntaronaeuldasaceoeaifmdmnargomnoue | aocgarintiuoztrrolul_eeiiaernenuoamanr&saiac | oeeoi_codrucectdnasaeeemmnonnoctozzreanohn
T	419	4	0	0	0	nece mata ento nomi	am_edfidlanumoalg&lmdir | ipcihu_mie_dieiaiazmtmnefnazlcprnierdmdoumo | ufmeanoaeemataoicnhoaeonrunomisrlagdd&onamz | oomerriig&ttaarcnuarllnuieauaainos_neaeczori | zcmconcsoentootrmoaeozaaunneceenor_eedihdn
T	420	5	0	1	0	siena sien nefi anna uera	lmnaoaegmldimf_ilaurdd& | tdmdnozelpumoad_iiacameirnimcmpnefi_iurhzie | hoaeaimloamsmtzdr&cneuoginnooonueraaeamdfan | cn&ortoaruugsrneatannacalzreoelaa_moiiiuieir | ncnnhcoe_oaoedoemeuremczotaoredznsienantco
T	421	4	0	0	0	enza pero uiii reno tran enon	amfamda_iddmliou&lelrgn | moadnemdmmdpc_muithcenraiezf_aliuiiiznperoi | oolezrmnaoonmnaaaneifndasaaeomci&edorguhumt | arclrenontran_miguouiesctiaoinazeaoalrie&ura | enzaeodedooenenoo_anhotuzmncnsrraecocmiect
T	422	5	0	1	0	manda uola arma anda	mdandedogumim&l_frlalai | zfnudldprommphniaaoiamurenctmziiim__cieedie | megohioeesronnuaoatifmum&armandadolnaeoczna | euoriuola&zutenr_isotiieaacanameacrligronnar | ansedndzoimneeuonneomtccoeaorhznrcc_oeotea
T	423	4	0	0	0	uado cono uiai nore nate	eaalm_lomnlmgia&uirdddf | epomu_uiaiodaziprncfmdmtirnmhe_cieziedlmian | nsiuadoaeanroau&malmcmeeaznioahfnntroeoomdg | iaeuleror&gonricaaau_ionaternaloztmairenusic | ma_seceeeinznnmccoedttconoaoaenorhdunoreoz
T	424	4	0	0	0	cori udir	ugmddaneldlalrfa&m_miio | anirdze_pdndmlmnuczfiimtorphomeie_uemiacaii | maamiomosztgooudirluda&enaamrnacnoefenaheno | eut&m_siicrianelnolrerzonaoargacoritanuuaiea | en_zoseerocmntaonmazcnnooeueicedoathocredn
T	425	4	0	0	0	mata empi este cere erra efei	aifdgmrl&_demalolmduina | doilcni_ozdaiuefei_empidmatarziechnpmiunmrm | dzdoonuneoaimoafan&elnmtmighanaoaaormuceres | crriaosairuoeioiuntgamnleeualca&oaierraztn_n | eociocnreurmezznooaodno_caahnesteemndetonc
T	426	5	0	1	0	comme comm iean iola iira rife	ad_gdmrifelulmaioladn&m | _ifadciirahmcommerltidiioi_eneumpumndenazpz | dznedaauo&nennaerfoaiaciooramsenmgtummalhoo | nroeaorsiotaiieanrnaiaiunzuge_&clucelratrmoa | azeasootoecconeonieocncnrenhmtneuodae_rzmd
T	427	5	0	1	0	uario uari anio dnca insu hima	gfeaiud_mmda&nmollrdlai | zifeimrnnmeuezlpmdimidaunatdoeoii_rccp_hima | naalandmr&iomtczaesnnmmoaoueugehanioofadreo | insuario_utoreelcacmgaaeriennziuo&nalritraoa | thuoocoandocseeomocrdncan_nizotzenmenaeree
T	428	4	0	0	0	ueri moro nato foii mero duna	m&lilemomrdunaaal_gdidf | iudddetim_mpniu_nrpmerozecemznchfoiiiaiamal | enhndmgrfeanomntadincoauuooisazmoroa&aeelam | aeciraioncgoalntznsme&nator_urueriroeluaaaii | ooonzedceeadnhomnoutaetazc_mercnioeorcnens
T	429	4	0	0	0	noce dami rene cire pone	lammdamirouaedd&nig_lfl | mmeitiponerrcizenm_pumziadiahfdud_oiclaenmi | mraetinuarnasaohalmnunacfoemneegmdiaozoood& | aatmiruoauoulozlaaiseiogncirenenaerct_r&inra | tnoceouotncoeeaec_saoedroiarnenzmndznohcem
T	430	5	0	1	0	uenni uena doue foia icon cono	mrgauman&omliladefddl_i | mzepde__captciruiihizamilodnmmadfeuoneinirm | nomfoiadouennionlmeutmhsaczraargmaooed&anae | oaoacniziaiiuesntaulrmegr&cltorraruenao_inea | dcticononezeemheoatnaernueczo_mconooanesdr
T	431	4	0	0	0	dice maco	audmlieladdg_ifrmlomn&a | maoiimluaire_zupnfidnn_zdmtiimpcreioachdmee | oomaamd&zorfmiemacoetnenundihouoaanlgasrane | oerrz_auoeaaiauceuoacantrilinneoitinalgrmsr& | aneeaeonzocncoaseonemznrecorudice_ohtdmnto
T	432	4	0	0	0	inna	erad_gimddfmaanmlluio&l | iiemaeamomdri_iemuzndercntnucihzmp_oidplfia | unioholradmmofrinnaeomeuaosm&tdazeoeaganacn | elocs_iaaoe&unuzlroaaanruectirngiranitoamrei | onoaoncenuendcrctnzeiosteoehezeormdma_naco
T	433	5	0	1	0	medio medi dioi enon	dfumllamedioirdgnmlaa_& | _cthilizenrauiouanmipcdzpineoframemmddiime_ | amaaueminng&nfetoaonsneomuooazrmloehddairca | eaacrsu_iroengemaaunaiaorlialcnoiuiezt&nrrot | euieenrceacaenon_moozoecsddemtoaconrnthonz
T	434	5	0	1	0	narra mici uoce efee moli	aa_irl&eoldmdndfilmgmau | _hrdlmiciefeeorduiapmiocumip_atdzzemniinman | zaumcreeemolismadnnfogr&doimuhoneotaaaanoan | auaiitceencinaorizlu_ounarraoloeaeimatsngr&r | nomtiooscroectda_czaeomnnnnneuoceoaeehzdre
T	435	5	0	1	0	onora onor cono	imlaadme_nlomlguifdrd&a | udenimnulioipfhcmrmidp_imecat_mirzeeadaonzi | ruumgnfahzdlnoeiammconoraoeoinadeaotn&aaesm | erioareluoacgraaanealemoiituiusnatnzr&_icron | aenooennno_tonadorcemucsznmeziehdceoecorta
T	436	4	0	0	0	iche chea demo	nfim_aaioglaelrdmlmddu& | daomacuiemtedm_emiidrzrip_imncazlnnufeoipih | rmaam&sdemoaaeoannginiomezloaohuuoftnrcdena | tlciucrrorarm&uaonteaaasiueinaenaiool_ergzin | oemornadmnroeodncoezouncoca_nntteicheaszee
T	437	4	0	0	0	nano anna sene rima anon	dfai_nodlua&rmgmledmial | mdiimcrhrimaaiuduzdetmpiicfonepoena_e_imznl | nhooaaocdume&maorrtmamuiifeazsdegennanonloa | ruicratincouzaureaannaingla&eoe_roorelaimsit | oenzeaemenihdracet_osenetodnoocaonrcmnozuc
T	438	5	0	1	0	detta rema mane nome	mfdrmmiingduedl_aoaal&l | imuonecmdtifhmrradzip_zicmanee_uopdniieaiml | nmrafhzeneudmasaiuoooacooatremaeinglnnom&da | ounloinaumr&ogataznuainao_trericeairlesecrai | surn_zcodettaoeonneearneonchcizoamcdnomeeo
T	439	4	0	0	0	nato lora mano iter dete	lamlnliiarafeudgodd&mm_ | ozpemnadiunmfzarcal_eimocieihidtii_nrmemdpu | gcuao&etmanooznoeinlomnemamsuaaaidoaehrrnfd | ctrnic&rnlaszoaieoau_mgiunaaeuiternrloraeaio | norm_zcmoeodetezneusaeinatohrnodcnaocneeco
T	440	5	0	1	0	carta rome tara uena nire maio	ala&gillodmmem_dfadiurn | i_idmi_dmpulzoieemmpudcfeaimhnnaoiircezrant | eseolromeudnnemta&iigcndaaaoahonmumnaroafzo | lncuronirenrougeieeoizanstua&l_icartaraamaio | cneaccuenaooeaeoronotmz_ninnzeortosmecdedh
T	441	4	0	0	0	mene piii fede anne mila nimo	lieng_dialadldrma&muofm | nie_zfededat_hiommczrmrppiiilcidnuaemaunimo | leanfucaindahoaa&msrdgaenoaotrzoimnommeneou | aiuseieczeca_rntlrrgonaermila&uoantuaiiroona | acooscrhzonudotznmetmrineaee_ncanneeooodce
T	442	5	0	2	0	erono amata mata rono illu tero	gmdoale_illuimmdndr&faa | enifecamatapirirmoui_mneuzcnm_mlidzdpdoeihi | &docugoenazoamahnoitomisaorneemmnrunedlaaaf | neangaleouumraoci_iientrrrui&oaaeozlrsatianc | ehadetcsenozeuteronooomacodznracimnnen_eoc
T	443	4	0	0	0	uiia alui nire iera mita cine	gmelndaadlo&_iumrladfim | ireonilmdpp_nhumzacidmitzocinimfma_eeudiera | oofrodrluuiiaoe&tnaeeamcsmznamndgnaaamoehno | irraucinetonnaanire&euaorzoea_sgrmitalcoalui | hozezroaent_aeoaneomcdesdioeeurcnontocnnmc
T	444	5	0	2	0	umano malli alli iero raso ceno	ue_lgmmallid&fadidornma | dmendfzccdpirmoimani_lnrpauthmmiioiee_euaiz | soi&cnaeiumanomfotdazhaademumeanlaongnrroeo | elaaaur&maauinri_iozsutcgtlrironoaaeieroncne | zhaceno_mtemdeeoaeonicuodenrcotcrasonozenn
T	445	5	0	2	1	annot ranno anno domi inde tono	agrladmmu_elnidlfdomia& | imrr_uiimiaedfaieumzldamhnmzo_pidetnncoceip | neuoaiecmemaznlorma&rfaanhamgindetonodosuoa | ocni&innoeustgreiceaaealonozrarluiu_ratmaari | aneerurannotneoomeocsohdnmidna_toeczozccee
T	446	5	0	1	0	mefio anio meme efio onon dono	leldudmn&alidm_mfaariog | azzmefiodrnmtmemeirauppmduoai__chinnceiidil | aneooamoanioosragnnmemeeuutnaifl&dcmazdaohr | aisnz_rranntauot&ogooecaciniuraeuaelirilrame | omononcnseceanu_ndonozcrizaheertcdoetmeoea
T	447	5	0	1	0	reali iean lanr noto	nldddmuommaf&_aigrealil | ieancimrzimeuzidaipmhcoed_pim_omlnraiundtfe | mmluao&nnheoanitcguooimdsrrnmoeoadeaanafaze | eutcrm_rncnresiogaoalanrizue&iraaiaailootneu | notuhooaaeeme_rdmeczcnotoonindscnrzcoeanee
T	448	4	0	0	0	sino taro muli mail noto	lgefam&ainliam_ulrodddm | inpiido_hmdio_mailamzfueanineecmreupzmdcitr | asino&anlnefaeearodeaomhunacdugrozmtommoani | irnuleio_esniceara&cnutiomulirgnotoaazraarae | eunmtohaseeoooncanmdtaroonnercic_eeecznodz
T	449	4	0	0	0	arci foia uono nome enfo anne	lafoia&amdirnlmldgd_meu | fiohp_iuir_ncddammuieammzdeoipcznltrinaeiem | im&aoodcnurmmaenrenfoeloaonnitzdsoahaaamuge | aiteoilaumriearcirrceinngtzue&oaaauol_narson | ecsaoomdcrozhtcanneanitoereenomeuonoz_cnde
T	450	4	0	0	0	lana noie esta	d_oulflmr&aageaiddmmlin | odae_rhaimmmidcninipeieolciteuzpnaiuzrfdmm_ | nofmooouegondmaa&uchntsemraiedrmnaezoalanai | unoraomitzooestaerni_luaiagrrueicancirla&ean | nzooctnnuzc_cnorsatmeddeheernoieaonamoecoe
T	451	5	0	2	0	dirle tanti tant anti noia	&aonamldmlmauf_digdirle | froipcnitmmudzun_himiadoziieme_ciaaemnrpeld | umlznoiaeeooeairthnsardfnnamdooomecmana&gau | oaizagaceeinauair&cleutantiou_irenrlrmnaoors | onoaedcoaemmucocnsherteire_nzedaoonotncnze
T	452	5	0	2	0	fiati tamen moia fiat lume meno	ulled_adnmlmaifrda&ogmi | dmaezoapmm_iciiconhuizdnrrfiatimn_lmduieeep | ehooaaunnomoiadlumerdiozsmnmaonaacrfetan&eg | aaiatnnieuaoo_ungacerociaaonirullmezrtseir&r | cmoehos_cdorzonoeontamenoenuzetecnrecdnaai
T	453	4	0	0	0	ramo tete care ardo	adlndgliuimmlaef&_mardo | mi_nurzeufdatdrazonmipeimce_iheoiicplmnamdi | ilgnozenm&ooeaeaumunrmdramoaaoncifantdhsoea | lou&maarioncainutioegru_icaretoisarleznaearn | czcnaee_eedaczuoidnoeteteonnnoocorrsmhaonm
T	454	4	0	0	0	gato cire tura	adnurago_iaddmm&lilfelm | cierhdnnfi_e_oaopizuamddnuiecmpimtmialermiz | lamoaaeoe&dmafrromuhcouianmnzinsgatodeanoen | orrnnzeengiceucan_ualraeomturaaioslaoriat&ii | etccirernoahocnenznoadcmoeatnezned_moouoes
T	455	5	0	1	0	mouea moue inte aueg lere aife	ml&l_miafadmauegroddnli | aidiilinmmeupercninteizmuf_drhamomdeoapi_zc | ncoomozlmuteiodnaonaifegnhraaadrmouea&emnas | rtiantueuaooea_aloiinnocurnmiacgzrasrailere& | zmtcemoccanhacootneeenosodennoreunz_oraedi
T	456	4	0	0	0	ento neir hore mori tnon iure	ei&dmulraaanld_mogmifld | iaidm__atzlindnpifeuupemoridmnmhiezcriacemo | mhoreeatanfmouooaladinuasoo&mcenneirmngzaad | ioieiuaatnoncalzumaanicerrosriurero_tnelga&a | cdnoentonohematrmrodcezcienscaeuaozoe_nnoe
T	457	5	0	1	0	andre neir meii unir dola auro	gmdmlnfalaudmei_idolar& | imlmmuiimeiieahandreipmupedfoztcdzaoincr__n | uiezraimnahenmnootmoandngacedrusaamf&oaoloe | ac&agateesuoaronnrlluunirizeioomiaa_crtneira | nceniznaehsauroznenoemtccamdoooeend_rocoet
T	458	6	1	2	1	dauano auano auan daua ddla dira	&lmr_mamioiddlagednuafl | mfoitzniozmhmumniidpucn_eric_edadirailpeaem | ho&rmaadauanoocaoaesnzounneegmtemlaomdirfin | inriuaseraueuniotaz&coinoaeraamrgciolltnr_ea | oueecmnanoemrochoeosd_ncnaoeeairoenzttdncz
T	459	4	0	0	0	nota tala nefo ione eiii	auadrdmlglnieomm_a&dfli | epmdinotaheiiioadindzmmnimzuiaef__lrcpermcu | ainuomreamrosmoohnaddlzanugeema&tcnaaionefo | ruciriotceamaeonr&_aeanuuiranorntalaszgleioi | ncnsn_czoomecteoaeudreorhaenodamnceeoiontz
T	460	5	0	1	0	marco arco amar marc nate mona	ad_oiumedgilfan&lamdlrm | meod_amdzoui_rlanfuiemiincraipcenmpithedizm | of&aaieenltnoarnmamarcoguoeouodmhismnenzdaa | nntaiirilerauorn&euzictgaeorarloicsmonaeaua_ | oheoioudootomcecnenateaznrmsneocdcee_raznn
T	461	4	0	0	0	uien dera otto	deraufl&iioamlgddmlamn_ | _riepdeazmaroacfpiimmdnuienndeicm_zihmuiolt | nnmlgtmdroeaoucaaeadzmoaoeanmninesuiarfoho& | neorea_oczaeongeamuucntsrnarliulair&iiitraoa | oheocnceoncudczorzneedoottoneam_aansemeinr
T	462	5	0	1	0	negro egro done asta	r_ugifiealanmloadldm&dm | _muaminmlprneaidiiic_ezrofpoitdudieczhnamme | eneoaot&ideoholgeamauomamnsmzcoaurndfairnan | mlnez_ertnnuciiaastaao&uiooairrleacrianegrou | ioceonnnoerm_enohedcncactmeousdonertzozaae
T	463	5	0	1	0	facto haro arie mena rono	dmamiguaedlromid&lnf_al | apneiizzmdptcoa_iedfmmliirureieodia_muhmncn | oariemenaadmharonofactoseuduzanlainmoeonm&g | iooaeeeztrcnniroairoaanasan&luturumi_glcirae | aoih_rntoarcnoeeaoemmdcuoeenesnznztendcooc
T	464	4	0	0	0	nana urna	df_&idaaremuidmmlnalglo | iiu_nith_zrzdapaemufmnaipdcmeoecmmreoniidil | oharramuaeadooloam&somnmgdnzaenceaeifuonnti | rioraulurnananaeilzaioteitrcu_sgn&aoeeciomra | erenzeo_cooetnaomncooaetacdcnhedsmroinnezu
T	465	5	0	2	0	uinti innan amia noce inna toro	arlf&_nmgdmoidellduamia | _pumnundithiinmrmieleem_ofziacerdcaizoaimpd | nteeeohfuodoroaizl&agacuranmminnanemasmdooa | arnmrgzn_urcolaloauoeeiaa&eaiiuintiaertcsnor | noddmneaumoentzca_sctoroneeoinahnocecorzee
T	466	4	0	0	0	iono rome nouo uora dami iion	u&dgnrmmdolalialfimea_d | caiiz_oemieiapmzromehicfrpdamitleidmnn_undu | dahlafmeenouoranmeoancoagemrsiiono&natuamdz | catua_zeetoeinoaroacinrirmruiesolialana&unrg | dzcdtecunmhenooom_enenienaercotzneaasoroco
T	467	4	0	0	0	rene nece otto dime anon	fgodime&idlalraulmmad_n | irhapcoufmizemndaopidmuem_zitr_eaiimneilcdn | tudmaaronszaegaimdonhuencafoaanon&omrelimeo | otaeirenelcoirurr&_ozaanitioiasnaglneamuaurc | uoomamnececeoenoaedcanzeshinnrecoottodr_nz
T	468	4	0	0	0	inon geno rada none etfi arei	eldlamouiafdlgr_mm&dain | ihacpoaiua_u_iimcetfiozrmenmlniezndmdpmierd | tn&elaoaoihoogenoiuufazmnemdradanncrsmoeama | lnronniugua_tlsaiueoictairnarooeam&areizreca | zaadoeenoeactccenm_osothzncueinonemroedron
T	469	4	0	0	0	male aato noma hier omai mate	mlad&lale_mioaufgindmrd | maleeniumceidzindrero_iofzipnham_dmtmaupici | olrnmcnfomudmateaesznuaaoamingoeaaon&ohierd | anaeaatoaeiuu&uirloiigorn_zaloninerrsmreccat | ncoecanrdnozdesooc_hmoteeotnunceaerenomaiz
T	470	5	0	1	0	tenor ofuo cade dita noto	nrfdoimai&mgeaulld_dmla | mnafmceiohditaozpurmeiumi_iplcademnidr_znei | ednaaommofuosogoirlheznenra&aaintmdmncueaoa | ernmnotoaer_elasinicruiul&arauzaoiacnregoiat | esdoemzehcencneaoodat_nzctenoruncioamroneo
T	471	5	0	1	0	adire uelo tera deue adir tion	da_omemgfuilimd&ardalln | _iadirenmtionahmcizzupfnidp_mrcmadeueoilemi | memonturodoeaoaadhasnzramuinmoafeingnaocle& | tru&oaecaoniteraleniicrairnrueloumnosgzaiaa_ | teoeroecoezenaacnedi_ozccomsrnmdnahnnoutoe
T	472	5	0	1	0	iiani rara	dagemm&a_faldnoilmuldri | _tledpmurufmceoiianiimimraznoehiipmzaednd_c | ctnnoengramemfoeaaaaodhinaouodzorueilsamnm& | aeornmrinacctnrlai_tgezeniraraooausaoiu&ielu | rnoioouncmoeaneonzctmoesnhcreezdnctaeeado_
T	473	6	1	2	0	latino grano anoi mini gran infi	gl_uadaadmdilrn&fmileom | n_ii_tmhelpomeazreaamcmduinfiirminiddoeuzpc | afeagnrnlatinodoermmaeoenozacimho&mnusduaao | mslzngranoucranoireineteaaeuoroructl_iaiaia& | ooezoedocnozanemmtnncdrhcearieauoe_tsoecnn
T	474	4	0	0	0	arno rima naui uuna none	daiulddgnamflmo&eaimr_l | ep_icmimdihzorimaazridndlua_ipetemmeufcinno | zgnermeoaloofmaanauunanstdiomhomiarcedoean& | mieci&igarnou_ecltitnrorlazseaaenauioruaonar | dmndeceaorconeotezaonemniacrtc_noneosuehoz
T	475	5	0	1	0	cenno anoi noce alda noii limi	ldaldauoaerdim_m&mfgnli | anoiizapupar_memfdduhcliminriecdtzon_imeiem | onaoedogainshmfu&nucraaeatamoaoeeldmnmzionr | ntlnurr&eunsalmczrigiuooecrioraie_aneaaaaito | ueecntzmonnoooonocennodeehadazmcteacs_reri
T	476	5	0	2	0	fuiie cenno rare mane fuii tria	amnurfldd_m&maaioeldgil | olihicrmaipzuermanedinmdpeizn_mdt_omfuiieac | hanrgtamemocoaee&adiidulnoaamaznfmnoeuroosn | ouoniolutgaiaenuaicanrarernzoasmee_citrialr& | onemetcmreisddcennozaconnazooueeecohrnt_ao
T	477	4	0	0	0	nate meme natu	fllmai_aieag&mdorudmlnd | idrecmoicmnueaaurnipoihimemeil_z_tdnazfpdmi | mnceanatuooneaaoeazagsm&dinnrdmloomehaorifu | gliiaa&coertneesiaoarzuoneoanua_iumtnicralrr | onacnatecheorzatseecooioeocdnednmzeno_murn
T	478	5	0	1	0	cauar daro diuo omai uerr mato	_ldmlaiediuoadlgn&afrmm | im_mirnmdomhiliotcazucneiiareep_pniudadzmfe | inlatzomno&eeercnungaudarohfoameomaimdsoana | tcrgoenioataamairaonsuerr&o_ezelicauarlnniui | usaomrrzez_dteeennieooncdomatoonnhceacoenc
T	479	4	0	0	0	noce pria	oilraeulmdia_ddlm&anmfg | emuzailmiacimmfhidtdnoediirzpriapnoceeu__nm | caaagaomonnaiodmmeznorfmdonnuuoehatrlaeie&s | _louicilcanen&trrasaeanaaioragriiroeumnzteou | hadocectcazirnemzoreennde_nesuoncooanmoeot
T	480	5	0	1	0	maeda indo mari couo iira inna	eiluddof&g_manlmarimadl | itpieacmrh_oaieimudfzmcen_ladnerimizpmuindo | rsaaueonngnimaedauoclaidmrtanmf&aheonooozem | earirortui_ziiraloaaeslcucmeaainna&eonrtunog | nmaerecnozhoaecd_caneeenzsioocouoremnnottd
T	481	5	0	1	0	mario mari cons ioro lora uemo	nafloradimlldaei&dgmu_m | uemodzeinmdmiazcfapelini_marioincmruied_hpt | nmtooaddrlaeihusuingfoca&emmaeozoamaoenannr | rinaeancclg_miuieiziorotrtrnaluea&ruesnooaaa | enocuccroazmzneoeimd_oreoeaonneconsathnedt
T	482	4	0	0	0	iano uiuo fate	lulnfamm&daarliomde_gid | i_cprhileianimzfucnuiaadoetinme_rmmdmdeopzi | ianordmnfateaozaoegc&mhadserlauiuoeaomnnonm | annlnieileaiacrtia&osreazenrauimru_ougraooct | oecmezunmceocsoeenhoanraador_dozoceenitnnt
T	483	5	0	1	0	corso emmi eran doni	oiellddmladf_agmmr&inua | nmdoiiiodferiu_ahipudccmnemmiezaarepzmin_tl | nmnefuomcoarnnauozohloie&astdaeranmamgeaodi | raencarnriu&oaatuns_iieiezacnlltuoaagroireom | nnozc_nnoddonimcorsoehmezereaeeacaoocutetn
T	484	4	0	0	0	uota nidi doge nane ieri done	m&_llmlmarfadaunididoge | ephuradem_zfopzeicmidlaninitimaircdieunom_m | aan&zmotmugaornaneiadhemocaooaionfdmreusenl | &linaericnaganmuztneiurlerr_osouotaaaaocieri | orzhitoee_doneamroencannezdcoccnuoetneaoms
T	485	5	0	1	0	andro mile mina ioni arme	mnlldarmelumidodg&a_ifa | iucpaodeeazfionihpumanc_rideer_mmdmtnmiizli | o&doinoeaflmhsdrrtmauonminaoanaeaomceaeuzgn | acrtnnecugunoazsoereirnuia_oriamileaatl&oira | ne_aectoneeandromonunondoatmzieezoccocehrs
T	486	4	0	0	0	anoi iira nota alii onde noie	mdnmgarilfuil&dadol_eam | cephdprinunoeiimtm_aafzecuidlzmiirami_donme | sdenguimeaonzooanoiealfohenuaamamma&rnorcdt | aliierlatseeooizarioeanota_arcciuuunnmnarr&g | reenotanodsorondeaeninhumoc_azoeenmcoccetz
T	487	4	0	0	0	uena rada mafi temi mala	gedmro_imalaa&nmddulilf | taueizmdznmafiimmrcd_iooa_ruimeenihilnpcpde | rimndsanmguradaoenleuenamtooenioaczamfoo&ha | gonlcno_ncatemiuziaeniouaauleasrra&irretoari | ncnoccieeaanmdranezezncdeeuoos_omhonttoero
T	488	4	0	0	0	dima cuna ofia noma	adlnalue_dlm&dimagorfmi | zdmriihteducdmmpemeo_cainizfrnnpiaeuimai_ol | oenremhmroaoid&ztofiaaeelondgnmsunomaacunaa | naiunetnnacat&arueaoliersm_irrazoauolrioecgi | coodzueetrcohnccimzon_raseeonoanmneondteea
T	489	5	0	2	0	amino uolti adeo mino uolt dioi	nam_md&luadafmllgrdioie | lmpoaefd_imunermnid_aohirzzcuedmtpimienaiic | iaznae&fuddanhmarmaogroneseuomtleaonaminoco | rru&aoeriunaiszeartoi_anneciamcrelnaaoguolti | neosznnoeadeomnoeitarohomnzaeeudrnocc_cetc
T	490	4	0	0	0	adai noce note alti teda rgma	odalefm_lgumnladaii&mdr | omcemunzdihicridunozaar_emeinlipfiid_metpam | asafnodrgmaoneoeol&azmraitnhdemcnnuaimaooeu | iurrtnloniarraeuualtirs_naaezinoo&aoceacegim | oeems_zzorocinotedacnocehemocnnaroneeuatnd
T	491	6	1	1	0	fianca fian anzi tome efia mero	iuedngdlmfimlr&d_aaalmo | iuiieafetmzpanziihmdaicdpmmooerr_mdn_eunlci | ee&lauioefiancamhdzagmnnrnsaoooaadtomeronmu | glrnrinames_crirunea&oulaaitetocaiueziaonrao | aeaesorodetoieceunmczdcoczrnnnme_oehnontoa
T	492	4	0	0	0	meli iera amar lieo	ulnoimaadllmrg&emadfd_i | fzmriidoemuatiaucrmp__hiieamdonzldpeinmcnie | drnmalcztoneaamar&aeaooihouimseugnnfadneoom | _nuacaitnsruozrracil&tieraieruamelieooaagnno | detserzcunnonnomhdoe_aremcccieoonzooaeaetn
T	493	4	0	0	0	miai cena sana anna hono	oaam&url_lagndfdmdlimei | eehioeddmiaitdzamu_iicf_linpnrnreamcpomzium | dooaeheiaroomnmannafalneu&igmsozntaomucaedr | icrnausanauurz_&ioeorroarniiltageaeitecmolan | naeoonohonozocenaenrm_endrtecusiaoczedtemc
T	494	4	0	0	0	cene remi indi nore riua	ddo&umermllln_igmfdaiaa | peizd__nmthacreuumzremindimndlaioipiicoeamf | &agrnmceneozmnosldofiouadmeetmahaoaaniaunor | uazlocirlcirnriuaauinaoetga_eeiansnrartooem& | cmnode_noeuehozncrnorenzeodminsoacoctaeate
T	495	5	0	2	1	ciato uirta aria aere iato uera	aml&feoragndlaiudm_idlm | nihlzrmoedfamuiemiz_utdeeippirdaiimcnc_aomn | oauladomhmazfo&oonmegnernncueraetsaoandiami | arianicelelmr&nronuirtaereiuoazociatoansgu_a | _acoenhotcnezeeoiumnomracdodetnsnozecreoan
T	496	5	0	2	0	amare rando amar mura mare ando	_menfldd&irmdlaiamluoag | nuafcreidc_iemdoiendimtiualipoanhmmirmpz_ez | osnmaemgemurandondfuermznaoieaioacalnhooa&t | r_octicsorluungaoaeiiuezamaretarinnoleiaarn& | aomnn_osnmheccozaedttuezdencooeoneiacnerro
T	497	5	0	1	0	usato mone suor cati mada sato	el&aalnmduimmiafgddl_ro | dpoaolnnudam_dmpeztminhmicaeemeuiiriifricz_ | hogamnzomoneomadaaareei&ndnosuorfnucatiaelm | taierr_iloouusatocu&cgzirarnanreiaanleaionem | oz_toenncoceoaiaadnoezdconeucrsneoemrtenmh
T	498	4	0	0	0	cure rome cano coha	ilmmdromeaanid_&gfadlul | _mdieclidf_ezidmraaepimoimhiutrzpincnounmea | aomgmadeenocaahairdoumoenr&nooatezaflunnmis | ecanoaicureaamgzinueoi&_laarateturlnsoioirnr | oedecioaetcromercohaoumneooze_zntnedannsnc
T	499	6	1	1	0	lancie arti cioi alei	aaldnrludammo_miiefd&gl | iuiizaoeetnnimza_edormdfhimdlpprmneaiium_cc | tohrzidnlanciearoeaufaoemmuooenmnma&gnsadao | raleiusauuaearticglo&t_cioinienoamnrrnaraeoz | rmcn_eiuozdrencoahanedeomeoetcootsoaencnzn
T	500	5	0	1	0	mence aero alli haue ione	ddemro&mliua_llfmginada | rnacifeumo__doeipzrlmemmtiipmhaueiinddacnzi | eamuniognummioneaooeoaserr&mncaoaahfntdladz | ueouaconacaiurnrnaallirsoaratgzr_tniei&meoie | nhmencetmeouacdannroedoaerotcoeoesoinznz_c
T	501	4	0	0	0	anno ardo iera naie mere	eamgfla&ldardommiun_idl | zehfirmdd_tumiiemaoiprmiicn_adnziempoceunla | oanazodnmstnmdualgraaomnfecouea&nohoaimerei | azaoanrmoo&iaenaieraoureugnalltiern_irstucic | cod_oeaeannontzesmtnoczodeameiroeueonrchcn
T	502	6	1	1	0	lecito oche solo coie gale nane	m_inlmaodim&eaddrgfulal | _nainizzlenpiaohtme_uifcedioedmparmmicidrmu | zauonienoarduamlmonmanfnomtaeoaseoche&argdi | mrcz_uat&araaeiiurgalecitoiaeuinnranernsoloo | onrcheoraoezdunnanecoiemcetedoezoca_ntnmso
T	503	5	0	1	0	auera uana fiat eiii noma iute	mlading&afidderlmm_loau | uartdre_ooipmzezdhmaummnplacfcn_nieiiidiemi | rnomaondzmmnafiatgoonr&uemahusceeaadoolniea | tlnoaesn_marzciogaciio&nriuteirnroelaaueraua | eoemuanaioreeonacczeohmonn_tdnenrodozscect
T	504	4	0	0	0	rose dami lano cani naui eron	aoldlrn_mdfmaeilgu&dami | idfurmrimmtzoic__ipieipzaaeldmdecnnnauioemh | hunrodaicemaou&tnnlanoazimeagerondafmsoaoem | rne_uairoasrorotialeclaogiiuume&tneaazcanirn | zn_cooteanucmneeondroseitmrecoanohneozdcea
T	505	4	0	0	0	cere tura unde insu inde cora	rllddunimlaimf_omda&eag | omzpiiuieeldumintafpmo_iimdindearzhc_aemcrn | oiooaundeaanoafsndaecmr&emluainehgmomaozntr | cnirrnecoraoturalainsunaae&ieli_roauetogmzai | aeaceremn_rdzhoiontoaoccnnzoodoeeensuemnct
T	506	4	0	0	0	crea mina tela	mladoeirgf&ndim_dulaaml | ormumndmzaicuipoempecmraietihifznanliedd_i_ | amnmahaoamrgofdosoociaeeuzdtuneeroaminalnn& | gauocrearrricneorlatuz&onitelaonaeiisuiamna_ | onzcmeoauondonceaaezcrnthecirneneo_otodmse
T	507	5	0	1	0	dando noto nino orni lere moni	iroegf_mlaaduln&mmiaddl | dne_ezc_nudeoamirmimepcpztlmoniiamairiufdih | g&onadsmeaaleihmnmucmoorninozaaaunotoefeadr | nina&cszagincruitirrauniatouoormao_leeaalere | naeoerohiczo_eeemouncocromttnenezcdandosan
T	508	4	0	0	0	medi uota refe luii	lard_aail&lgoiumdnmdmef | d_eaziildmedimm_nnmhcipumoarefeatnczpurioii | nooncofadiemnaeogedoahenammrmztasnuaa&louri | ocnzreroluiigaaariuorinaelcanse_maieruota&nt | ezaecaceoorcmtheeosauncntdoeodnrzn_omnieon
T	509	4	0	0	0	mane sone uiua ente noma uedi	guedil&fnrlalammdimd_oa | eluiuaccmioomidtimpni_himr_zradinfnadezmpee | omngorsniduoomeiczadaefomnnaa&aneatleohmrua | csoneazmalraeintrgauunoletcaae_uiorairnrio&i | cnozceenomaneaentedtemca_oocodonriozunserh
T	510	4	0	0	0	modi auea mero simi rimo	mmrimo_a&fuliaelandddlg | ieimpihzr_nmdzrnclimuepaoiuefmodieidmatn_ac | fmoaadmn&eeihongoloaasnozatenuunmeroimadrac | n&norriai_azaniaueartoguoetllecrorcnuaaesimi | oeiezohmoanea_ccrnoocudendeomactneznsetnor
T	511	4	0	0	0	coie nota nuto mati eiia	df&leimmanldiolgmdar_ua | afice_matiplmpezmmoddcuo_eiiainirnzruhmeidn | zacoarnundmaoaoehoflei&amgmtondunmeersinaoa | toicicnlia_msruenrtueareuilga&aanorrzaoenoai | eznotaonneacocceaedrmnzohs_nutocoienoeerdm
T	512	5	0	1	0	reiio auch cena moni eria meft	iegmlroidlnamm&dfaudla_ | i_nzedapmmonufcntmdidmreiioai_iieuzhclreamp | auchouenmaaogaalre&idnmmrnnoaoidzeonsmeftao | tuaalt&nrumonielnroiogaeria_rireciezusaocnaa | trozcdiocenaoecdnemno_ztaeeuaenhneoonrscmo
T	513	4	0	0	0	mano tino mefo cine	iemi_odagmdldmlulrfa&na | mtdiudoil_pori_hmeciidnmicaminmnzafeezeupra | n&niztlouarosnagamefoadmaaooeoemhcineundmra | cooiuioreeelatrtrlgmanoc_ziiruia&nunaeaarnas | mcoocnzenencodnande_oeahoatinoesrotezcrmeu
T	514	6	1	1	0	auerne line uiia nolo rene nane	nadloealdrfigadim&m_lmu | dulineopemmczdcuipmimfnihaozramt_di_airenei | uaasnolooohacnouetzfiea&mrdangremaommidnane | &arcclnooooaner_irnugaeaiztrauerneauiiamitls | donaoieerucendeetot_ornozmnsheoaenccanczom
T	515	4	0	0	0	lima rene	o_fnriamllmigelumddaad& | imutldmdznzoriimcmcaiirepe_upimhednina_feoa | oseozg&nondoocoautmnahnarrinieleaaadmfamume | gerotuior_uaouronnznciasria&ranlimaaeiaceelt | nze_reneoczanemdohosuecncedrnmttoaaoieoonc
T	516	4	0	0	0	iaua aria lieo lari impr dono	&_uilmdaoldgmlarifmaend | hnfiriameeaidentdmmmcu_olieozcu_nzdiapimpri | feeshnocmmnemandeonarmgraauutloza&aioadnoio | n&lauztiuaoonirlsm_coariauaeariaeiernegtnrco | cncomanzhrtmcennaetoou_donoeenieozeedsaocr
T	517	5	0	1	0	uergo eran euer nodi dine miti	mrm_lldaoanlimue&dfagdi | i_imdiefmitiaupo_eniladednezpcrcnmmzomurhia | odmrimonzaaeanaoaemmnasd&neutfruoohlanicoge | risoetiornnnuecicriulzalmoaeuergoa&a_arianat | scceoemonon_oerancdetchoeenodineunzzaamtro
T	518	4	0	0	0	nome roma tane	romalnlu&idfiedda_mamlg | imie_ii_hnzrmmicuaomizaicemoeluntfdppranedd | niahgcoslnnomefmuaeoeuarzaondietoadanamrom& | oomoaaeiurncnatguresnraiairzale_e&uroilncita | omnrhnocoaecoeetsnnue_ntanezericdcooademzo
T	519	4	0	0	0	noce infi fila dono	lea_grldd&oamdinfilamum | ipneocddeaif_ihieaepctil_mnuzmmrudionmrzaim | aoznaehnldmcgeamnonrtuamoandifus&ooieoeaamr | nuueeouaeloinnetarr&asariclt_oirgriiamaazcno | edoreaneatzncacuehonrs_mdonocemzenioootcne
T	520	4	0	0	0	aero mone moni rada seco amma	fnl_aurelmldm&iogdimdaa | tif_necm_ezaciapirmedhlndaoioimuimpnreuimzd | ammaeuznradaohacosooeaiu&entnromoninmedglaf | iilzrlnuntrniaeroeaeaeatnagosuuaio_rcorm&aci | nmonezoeesecoemc_ioozatnanrdnuocacrnoeehtd
T	521	4	0	0	0	cioi noni nire	i_allduamrenmofdmg&liad | ihmapm_atnarzomdidpmzeenecli_efdcioiumirnui | ednonitoolraaiorsemau&uamnmoacoamedhnfgznea | rocn&mnaouaaaorigltazanirerteliroui_sucniaee | hiauceonstzodeoconrreeazoeocmeannmdnc_eton
T	522	5	0	1	0	criao uiia rata onde onor	mr_dnllafmiaegldiomadu& | pdim_meeizciirmdnheotnadempruazuiiaoc_lmifn | ozeeaomenhtiedlmonordsfcriaomaaagnmnoa&unau | onliainoeeiaugrlacu_ncrtnziurroisrataeeamao& | zthonde_arenncoeueezaocnsndaeteoonmirmccoo
T	523	4	0	0	0	cioe remo curo	_ieiguomdrdalmlnadm&lfa | diifncnzepuomremoaimiaepdearhmmn_ztiidlcui_ | hfraaneomnaeosaon&edorgommczmauetnanliiuoad | nioraoameatsocr_aercuroaegarnziui&eltnaulnii | asntzceootunhncioezdoeraemmadccnnoeonoe_er
T	524	5	0	1	0	tauia riii erii uice iimo iano	nd_oamdl&aaiirufmdelgml | milne_amaf_pddmeuhiimotzmuipocndaneriiizecr | nomiirmmooohtngn&acnuasuddnleaaoemaozerfeaa | ctauianoolmrer&auicetzlsiniereoanror_aungiaa | cztazncsdeuaimeecrcoeehtne_ennnooooormdaon
T	525	5	0	1	0	indie anoi figo indi doma	iu_rdmnma&lllamdeadfigo | fcdomazm_hiliinciaupmrim_pzdeanoindiermutee | hnazmroaiognuielaeemoaneonmtfndrs&aouomaadc | a&cioraeaauilnnaeirls_eiztrmeucrnauartgonioo | tsnooetcnaeeaooocdecennhounnzmozamrredeci_
T	526	5	0	1	0	diiii cauo iiii nera nare lima	drm&limanmdudol_eafgila | feuiizlendiiiinredmemczumtmmnaacprodahpo_i_ | itznanlfshmeogouoaicrdmaeu&amoemnarnnedooaa | lsriooneraiatgetazoun&la_incauonurmerrciaeai | eotdnareutiooneocre_ozahocmasmneecoenzndnc
T	527	5	0	4	1	monte ornai urano cerne elfi nani	iill_&aaedomnrlaufdmmgd | ioddeeniauiumtcdmpn_z_oeipmnelfihriazcimram | feahgoaeizucm&rnaniuranodalooedmmamontenosa | enioaulmnsertrg&ceuiu_aaiczornaioarerlaoiant | haaeenesce_noonzcantdocernetziommedooornuc
T	528	5	0	1	0	nonmi dina uere piii	dfgileurmma_da&mdinalol | durfreeuazlpiiimciodaeiihzcne_mmmptadnoim_n | oesdnedoa&naeoeruamiohamgcamluaotnfnonmirza | eaorioalgiuirumueretalnaicaanao_&zestrcionnr | ceonoaemrtencceednoseozoonmae_onuatihndrcz
T	529	4	0	0	0	mino nori meno lieo amma	grmdaaadlldilminof&emu_ | iicazdhrflnuimi_amnnm_iczdpeeteprmmiioudaeo | &ammaaiihaengamroeodoeelnnszouorodaucatmnnf | naasuigi_alieonaazerloemnoriuriuorncearatc&t | iadeercrencazozensnatcuoeteodmoo_onnhmenoc
T	530	4	0	0	0	male sola erto naie anna nare	enmloila_dladimurg&mafd | mhapuzidornutdiidpci_rmmaleifmioai_eenzmnce | meh&oztcsolaadrannaiedoaaeuonemugfraonmmnio | uccaireilaattma_narerorginreino&naouauzoilse | odhnoczoeatsmeromcne_ennertozcdcnnuaieeooa
T	531	4	0	0	0	neir note item alla aueg nere	marn&lfmdluad_aligidoem | iucpz_nitemddiaaimdzioe_rhciuaneirmompnmfle | aegaoaafealnnamennaumzouoiroetmhdn&cmiorsdo | iomueaii&na_rtiuzoeallartnacncrrasiauegeonro | ocanmonaznceusdeo_dmornzhacetiocnoteenereo
T	532	4	0	0	0	cuor iion enon ante alla ione	imr&eallaid_udgmmndfaol | nliouuaccmezirdddpnfpmzairi__mhtiioneeaimme | elagzamdeomrnsoatfericimuma&aeunnnaaoodhoon | iul&nuritaiaaoiogre_lannicuorrzcmseeaorantea | odoirneeee_hecaacmonancrczzdsenmtuotoenono
T	533	4	0	0	0	cuna damo asta tane nodi nome	lunoidemrgaa_mafdd&mlil | io_rdpiaetizehuidamoidfmeimcrpaczemiulmnn_n | lmmadnimoeg&tezonafoeamnhauoeaisnnrdoacuroa | ourrrlicunaogrrzuiao_cieoiastaneamaelinn&eat | cnoccnonomeeomtcnzae_eroanodisnzetoeearhdu
T	534	4	0	0	0	alni nidi domo amar doua inde	gmllmaad_&fedouanidirlm | mizdadm_ec_noeihmmulfimcapeziinrtridpuoaien | neaeodomoamaradueeonmhinguismonfrna&laoactz | eieoalaon&auatusrcrnalnircm_oaiiegeioartnzur | eonosrraeaeotindeoozactmenccdnecohonne_uzm
T	535	4	0	0	0	arei nome tana lega arai fino	udelmiogdlmadflaaim_&rn | neatzmdreeuiiouio_apdiemfmnlzrmai_cchmpdini | mhcunlegaesoenrzodnoomaa&aaartudfinoainmmoe | tanacnrlogarei&uiculoeaun_tmzneoioarairirsae | eonhernczteotoueiaonoacneenomersdcmc_dzaon
T	536	4	0	0	0	neli arma eofa	allnelii_oma&fddummgrad | acdiimmmun_cfdezanpnirirlmui_opeoeadtimhzie | mncrhezoaiotmeofaaomdeunneaal&aagosndnrmuio | iarmaetga_eeolanlcnniriruoouaotrireisucan&za | ziocetuccmeoenmnhandt_zrradneasoecoeneoono
T	537	4	0	0	0	egno	raiei&dl_ulmaonfmlamdgd | cininiermhauduoplieiadeiznoef_pmmratc_mdzim | auairemtuc&nondoemzrnnagafsoonmooiaaemehdal | raoeoscegnoeniurlaeacranzlium_tirui&ianaotar | dcozudnzooo_ttesmorcreohaicnnaeeeaeonmnecn
T	538	5	0	1	0	auere auea inte uere tome regi	edimlamaf&mlldnoudgi_ra | roalfmaeoitiinpziirmdnnuaidc__mmceeumidzehp | tarlmnaafamddosnoon&ohcoeamnoeauereginmzuai | a_nrrointeemrzcuisaoleaueatagunriaool&inacri | dreeaoocnnhouoczcnndnaoaestomeereo_zemntci
T	539	5	0	1	0	aueri ueri cime onde anon mena	_adenmdaluldgiomlimf&ar | cuiimafroezi_enimauerineiddlnadtpp_himzomcm | moooarzedoofamtlne&cimenaiduanhmegasnaonaru | tazi_ageilrlet&eoninrcriiruancuaounrmaaseaoo | eheozmemtoncoceicz_oasnuodaneectanondeornr
T	540	4	0	0	0	ance mons timo urto mail	aaofelmailgnddr_imd&mul | luinacdiemuip_ieadcazpoizidhmemnfrinemm_rto | ndoaomndufgzreoaemtimonsohoeiaaunameln&aarc | lnruaamoiuo&raaozgcretnlieseciaenarurto_aiin | zntnironemnoeataocoehdeoeuancecnosrczme_od
T	541	4	0	0	0	coia aero nana neri uane none	&niiemamlaflogdmrdaldu_ | mdii_cpdnazmaf_ndeneaoipmuzieueihrmlciitorm | gnooaednaerofaiiamomlma&dnanazuncohtueesmro | uniomracoiaaelrittaig&_oeaacsnoulezrnruaneri | ooestnedoricmeechtaooo_uzczenndeacrmnonean
T	542	5	0	1	0	maper lira aper iaua	mgldiauadnmfl_odaimlre& | ueeilamimidfnmztidpzcmapern__mirhnicoeduoai | &uirodimnnzoaanoslogncrmfnhdaoamtaoeuemeaae | uciaal_otliraemrnringteuisruiaeoncnazae&oaor | nnodmntnnurecmaciaotocen_oshzaeoeecderozeo
T	543	4	0	0	0	malo	d&imalodu_elmmlgdifaarn | aiceapndl_enpaozumer_iiruincdhdfmmimetziiom | inneunamdfmnaoneeoraeacmud&aaagisootrhmlozo | ouaicetanunot_iaroianzarilrageareerousmnic&l | _heestrdnnaedcnmunzmoooercezcnoaneoetcooia
T	544	4	0	0	0	aero empi cauo trai care uono	dai&nmmaedlmgiru_lolfda | doaepnatrencuz_onmiizmmi_idiicdempiuhaflemr | daseamhudaoroaee&gmmintnaauonooaeromnlcinfz | snauaimroicauonaeea&czon_igrluoerrilenttraia | aoroneeomddezocnhcarenctuzoateneonecnomi_s
T	545	5	0	1	0	panie nato riua pani	ddriua_oaelmldlmf&ingma | _cze_ofalpoiracrihmunmdemneipaniemzumdtdiii | smanaozhneuafndoriuieadoenam&moermlgnatocao | uirarnaotoaesziurcengacli_itiom&erlnoenauaar | iesezcnmerctoorntodeoaecoaand_oencenuzhmon
T	546	5	0	1	0	prime sana tino malo nomi rime	mr&fdmaloaeilligumdn_da | dmiatiadupizaomeoirnzendlmprimemnh_icu_efic | o&mndaoiehtmrumlnoaiunemnfdacogearsanaooeza | aranaluoeneus&aerazgrc_onltinomuiireiaractoi | ecnnnomizashu_erootoocdzeeonmenconadeeacrt
T	547	5	0	1	0	intal arco sere noua uono rete	dldd&mumeaaml_nifoarlig | ronmadudiime_zmioipnhidalifm_rpieuctecnmzea | niouonoaaa&isfcoanegrnumtaodenrhalmdememaoz | anitsintalorzran_r&ruaiearcoolgnouaemiueaeic | octeh_cnaonodrzasereteuoecdonaomnineocmzne
T	548	4	0	0	0	daro remo uono doua sire rete	meadarogun_lalid&mlfimd | ziit_umlemiiiamudneeizeraca_dmcphprniodomfn | oic&iesfmrmgaadouarounoezeaeatdmhmnnoaanonl | iroanm_anrsireteainloocuuaiz&iroleatgenaucar | cnndozheoeeaonectaeioetcmasuononncdr_zremo
T	549	4	0	0	0	cene unde pone nomo nodo	aieofnmdllmduarla&md_gi | rizmmdnil_oadcmipeienrazdmuaiefm_iponetcihu | ionaih&eumaceunomomrzraoegoeddnamlaasfnotna | taonialacu_rronreeigtlciaiaarioonzearu&emuns | nceundecoirtaemcene_nzaohtznroaomnodoseeoc
T	550	4	0	0	0	sone timi toro raso done nasi	n_liaiafmalrmdmguoddl&e | cpoenitimizdnmacrlmedou_amnuiapiihzdimf_ree | aehmocnumgraaifaadasaouleoeoze&ndinnnotmorm | aee&nrrtororraznuooaiucmiagilnasiat_ilneueac | dodonecoeoarasonehorncnezntoenm_utiecmezca
T	551	4	0	0	0	tale coii dera uali	dr_amfn&meaimldualildog | derampozuicacapmidmiom_dznleeitiinrh_fenumi | mueeeoaudatconnanronsogfmril&aaanehdzmmoioa | nirztaleernamaancgaeoluniurosi_oa&truraecoii | otzdhrcaumeceonoonnioenedscenmoarecaez_nto
T	552	4	0	0	0	uide timi maio feti mira iuin	olmi_ulaanirlem&gdmdafd | mzdimiraduinaepocuide_i_hrmzcneoamnlpfetimi | nmtnahuooaiae&ngdrammaiooeadamfrlseeconzonu | oaiseacnuoe&larczmteaouiiuinirrerlat_noganar | teizecncohotruneodnmaozoemecednnoaa_scoren
T	553	5	0	2	0	annoi troui pere anno tura uice	aldgidmlalmr_dufenoim&a | adimtperefpui_zaimdnuidiecmnern_homcazmlioi | hacdoegioodfznan&msanaimmaaonarntreeeuomlou | uierauna_aannoiilgreaturaac&ronlormceetoiizs | nzdaemecezne_aeoatooccoonsmnonernhdtrouice
T	554	4	0	0	0	alli ioni uria ceno	lor&mangeaallimudd_ifdm | _eienmmihcmzdp_uiineoztamudficlnirpermiadao | ognroasolfomntneam&aodcuadnremenihoaaamzuie | cneuriaeulznoameanoarst_rrlioniciuat&aegiaro | zddircmeooaaeeoneczecenoetcmo_tronuoannhns
T	555	4	0	0	0	mini noui cere anto cure geni	gll_iedldmmadrnoui&fmaa | emdozminidpuc_oriinemmrtmeianfiudlzp_iaaehc | nhdrnuentzaooaonfi&geurooaaisamolnemacaedmm | eoairoeceouaauizoatiusrlgeni_a&atrnnnalricmr | cznhasmoeoninddaeonco_antocuremnoocereetez
T	556	4	0	0	0	cale anno moia area noie	dmoiamfalu_laledgmd&nri | nriimznzdimumieoaricalemfpmincduoaet_ie_hpd | eoemaoninfemcr&guoaurhazaianmdlaomnsadnooet | _uacniaoui&eianecltrrzaitolnraasaourregmnoie | eiareaceoozmmocn_nocneeannosdcetrohonuedtz
T	557	5	0	1	0	rendo remi alle tifa nare uago	iia&_rddmlnafomgmalleud | oemnezziitifadclhpmnacumueiaremiri__mnddopi | smuztiedoonaenemnmaa&dorgiaaanraemconfohulo | iroraozreanaeilncaiinuelu&antasciuagoomre_rt | aenarendoeonczmoscoozdauhmeonrnioe_tetcnec
T	558	4	0	0	0	iene tane domi uena alma nero	mmlaiogai_lrfuenamld&dd | mnfmadr_iteliziinimauorpimo_naizedmdcehpceu | oaaasaedaudomioncf&ohnztalmaimngeemronoeurn | snrzoimrontaarecrniaiuaraguo_&ltnliciouaeeae | nieneoaeoocmcednnceznotoomas_tanerodcheruz
T	559	4	0	0	0	nino dami naie	ramfdmo&dma_iulalilegdn | zenehmc_idaprmiedripuianzeontdamicmu_ilmifo | mlnuaddroeaaemtohnngfcaioaraoneaenzmmuios&o | loceaaruint_ouruozsciaanaienniie&rgaamoetlrr | ornmoeneszhaodeerdcaeninouccotozneamn_ceot
T	560	5	0	1	0	marca iene dara cote marc tari	ldinl&omiedaramlmdgaf_u | imd_diuiinamtermpfooc_zundrnapclmmeiazeehii | haieneaonaomuc&dusoimzemormgaarlenftooanadn | nisrlauonetaorltari&ginioiraoaecmarcaeeuu_zn | coteunamrea_odneeenzcaoenotnrsnieoccmohozd
T	561	4	0	0	0	iole mare	dumar_mag&dfalidnioleml | dciemhin_lpndimmeiprmeat_odiaoaenizcmufuzri | aoatmaredcorsugoanzhmeflnmomui&oennaiaaneod | otzenrscuioirmeoln&graaacrita_lennoaiiaureau | cnzo_eohdcoeteameeuocnnmeszdctoaoneairrnon
T	562	5	0	2	0	infia usano aero infi magn sano	_fdlieaa&iruolmlmagnddm | zzmmneiliprdidoedmtcuenha_ieiroinfiampu_acm | zousanooemanieoiacmaafma&nnrgomeurddtnaelho | ieer_oiaenuisaalrouaerol&mcrzaiitacaognntrnu | cirdnmeeceounneo_tzndohcaoateazsecenroomno
T	563	6	1	2	1	gnuoli uolia mone uoli armo	drmgnuoliaf_ld&meaamldi | eimdeounidmzacrpiia_aphmieunmoief_lzcdrmtin | aoatceanaemfrhummnaegnunno&oiodlrmoadazosie | aaziounecooarruo_eilgrinratcsr&iaeuaetnmlian | dcarmoneoztcne_nooceeeauszondhtmeinneocroa
T	564	6	1	2	1	daremo aremo come remo anio firo	undflloimmrim&ead_ldgaa | riieniipuidamufiron_zlcomezmahpemidtdm_cnea | dco&zeohmenuotomisaaraedaremogaamanlnfoinnu | iealim&crarlszuo_nrrgriataeuoeicntanioanuoea | ieadooceczcomsozoeraen_nndtuohemnennacreot
T	565	4	0	0	0	aiii tate anna uare arai dono	madgerai_fd&olmdulnlaim | eclit_ipimcraameeamniinpi_mdndufromzuiedohz | iaregenmmaotnosaneaoemoaiazdmocoanudn&hurfl | orgiumeaucolnonctateir&araiiio_seuarezrannal | donoanzceococmnnaeehoeiunorae_otecdrnztsme
T	566	5	0	2	1	conte donna mino pian nare cont	amindf&mlgldloi_ueradma | redtdzifpmuemcai_mnulpianadoemino_iirizhecm | oeoothz&uagmnlncanuimesonirodanaaoamemdaerf | ioceau&i_narenlraaznaoeuictinemroaargislotur | nnutmei_czceroceaeooeezsornhcontedonnaoadm
T	567	5	0	1	0	sonci cori mons nuta	&olmarlmdid_megdanluiaf | tomndoa_ci_nmuazephiaimrpfidlrizncmeuieimde | aohfn&oammoozagrtideenadruncialaunmemonseoa | rmuooeclertrcoriu_iie&ianlaizsanutaearnaagon | tooncocneheod_ecamtruaeanmzeonzornedesonci
T	568	4	0	0	0	adai nati amma mada	naammaodidlf_l&eldrumig | nizauaidti_eihmlmzopmneeuifapiiro_cdcemrndm | madaizunatiee&eorlomomnoaesnarhauodncmnoafg | _ialaaatunncci&ereuinaoergtrooziinaoraemslur | tocdocmntr_naescrzhmneeaucnoeeoiaodoeenzon
T	569	4	0	0	0	iene ufan immo toma anto miei	dainfld&glrlomdeummi_aa | dnrlzimmofeucia_ndpeitunizimomdiaci_merheap | aoantomagsaehzodmemieidmnanro&creufanloonau | ao_ccornrelutieaoltga&nnaaaorrasizieneuiimru | aenedneoeonzuoaccdeireomthoctranzo_omnscne
T	570	4	0	0	0	lafi urna noia	d&_olndmliflgaadueiamrm | _ppmauidmlafirdceiridmihtenziiaoeco_mnnmzue | heoaocsnid&maurnaegmneodzaamaolnoiaruomntfe | aguzn_acieacraaseei&tnuaooinroreiitrmlouarln | oneaotoudeodetneoeaehnmzmaoocnzcrccrn_enis
T	571	4	0	0	0	mezo nere lidi doli mafi anne	nll_mauriddmaim&efodalg | amafihdolidimn_nmcepnt_cdeumioaeepzuriizmir | cimnmteaano&oaoddifahosraeuemunglomreaznnao | airtlriumcaotiserlaaucgorairnnaez_ioanneuoe& | dntrccacshnoanma_codtonniemezozeeouoenereo
T	572	4	0	0	0	coit sone	d_gadudafomilmiaemrn&ll | mehaenipem_rdioeuidmmnz_aizudcrlcoitpanfmii | o&aeeinracnuahazldfmoaniemdugtoanmmsoneoaro | treme&ziar_naalranialaooaurcsnriieocgouuitne | eodrecuecncoaoootn_cdnnaemeiorsnhnoeatmzez
T	573	4	0	0	0	noce auea amma eiio ceno	ifugelddrl&mildm_anoama | dumimnerdoeeiioirhc_tm_ppmifecziailanunazmd | frdeotnaaamammaolnueeoarnhm&ouzsaondieognci | oiouinen&zlecraisguaeinl_toaaoimtcrnrrraauea | seoreeoncntchnernadmeoozauzacinocenotdmoe_
T	574	4	0	0	0	ento anno nere nome reni muli	alriddoal&dmnmm_leaufig | ifmtezimmlcapaina_nuudporizdoedmerhmcieiin_ | nmaeentoummo&dzaannoahioialdraeoefanucsgrom | ii&niortmuliglaaoeocoruzraaceta_usrnereniaan | aadenomeeoiccoereooon_tnudotremsahnczenncz
T	575	5	0	1	0	tuono homo nani uono dato laro	moaiidrfem&_llnglduaadm | cmlmnaeitrpadcdmoirei_m_fhiieeipazmodunniuz | aieuzlaronmsnmtfoeaadcmaoeonanigdrhomoe&uan | mtuonolni_lnzraruecraiiaaoeareeuiig&aotnrsca | eonznoeoumdicdatorracnhcnszeeeecnoooma_etn
T	576	5	0	1	0	croce immo dono naie	dem&ignlafrlla_dimmoadu | _pmenimzueemca_finrdoiiihzrlcnmadpomeatiuid | ft&hemodgamoosonmnnemloauoaidrnzaanaiecraeu | uiilertmcao_zao&eircnaugiaoarsieltorrnnaunea | nnoezudsnacterceeotozoinameedonom_croceahn
T	577	4	0	0	0	dame moda alia iaua	ddmmmiua_de&airgllnofal | iepmmeazofudi_at_riizniircmecmodamedphnlnui | &aotrrzoedemafonuoahneacasniguionlmnmaeaodm | aliauaetiiciraetnnceuonrrr_oglaau&snaoirmzoe | neozoroetazumcaeehiccnrnnndt_dmaeonooseeoc
T	578	4	0	0	0	dosi amar euer mina anon uana	d_laddnamurie&iflmmalgo | mer_tcmminahzimnofoipdmuanadeicii_leuerdzip | alnecaeoozoafrnmednnhoo&oismdatniamuuamarge | naeiaacrnno&tuonziaoieruirrosiarc_agllmeutea | otzrnrtneeedacmhncezedosio_cnueoamooceanon
T	579	5	0	1	0	morir fian cons rari mori	lidga_dilndu&mframlaoem | pnlipeufiandiumtzir_aniicrzdedoohememimam_c | daeahonzlmiaraootdmfeaacnnemsuooingoanr&emu | rnnemorirarilguiziuao&_econsniuartaetcaaaloe | oeoeramzduoere_coicdoatnehnnznnmaeosnetcoc
T	580	5	0	1	0	croit anoi mode iira alme	emugiaramnoamldfdldli&_ | ondmioa_ecpfteupiidaizziiecn_mirmmdnalmerhu | nnoer&zedoagiiatcooerndlmmameonahmaunoaasfu | c_nzsrriiraeeoaaauou&tmaanoinleluacroitriegn | eem_aonszrncuodcnrecoeaiotaenhmodentznooce
T	581	4	0	0	0	efie acca eifi	douladm&gaimm_aiflednrl | tummronmeifiircicp__dimzoidlueazadheanempni | cemturddmsoaefieoanannlonaghenoaoaaimuor&zm | oeilntt&uoninaeruegsinazrorlaccaaumieaaorri_ | eioeccnedtz_mncnaeootchzsoorueonnadreamoen
T	582	4	0	0	0	riii auea miai nato uoto	dmmoafem&nlgaiuldlra_di | mzrt_um_neozipdfiucmnoaapeecnmiaieihdiilmrd | rhiozaosfaeanualngeaonmdrnoeto&imdaamnmoeuc | riiioeglnazraemelnuotoiiacnosr&raueatruanc_a | aecoernenneiaonzznatocedoeomtcroch_nosdume
T	583	4	0	0	0	miai iira doli onfo rono	dmdiadoli_gml&amnleafur | onzdmmn_iiezcfpunmirhmiaid_tlomaaeudecpriie | nrmushzeadonfooteaammdmaoenauoaiangcleino&r | eauritzaronol_iira&oamcioaaesnuginnceaultrer | uohecoaoericnntterdcea_oecmaozemnnzonodnes
T	584	5	0	2	1	tater state iene olii tate uado	a_&mlfmiginrlamaoddudle | nueiddeaihoaecimmilpc_mufdtpnronrmmiaz_ziie | agl&mzcmonhdoeeasnrmnoauraieneoaaaonomditfu | umnzace&staterloueuaraariioanrgnioliir_ceaon | mmccczooineaoanrncrenooz_euadohtneedetenos
T	585	5	0	1	0	autor cade auto mona	dlddaiumo_nmlamelaifgr& | edoiniprulzmirnimta_fpcedi_unizhmdiemomaeac | aadmonaautorsmnhunlaioionrcadeeea&ezommofng | mlictangaoririoaocuseuti&nleezninrurae_aoraa | cuszezhoeeetnnoeortoaaacoooenidccnnne_rmdm
T	586	6	1	1	0	temeno teme area uide care meno	rulgimflmadoidnlea_ma&d | nzamiotdrauzirhclimemo_deu_fcdpniimepmneiia | onaerldcrhntaaonemifemneuo&omodomzsaugaania | ulcuiemnrtaoaua&iooitcr_ezionrrlnaesgnaiarea | temenoatooecarecnooncdnahonsouideerzznc_me
T	587	4	0	0	0	tche	maaeo_lfig&lmrmunlaiddd | mzoddatrfminzrhoimecmiudi_e_paiimipcelaunen | haonloeroufoiearnnmaezdoatnguammiamsnc&eoad | eenznagoaaaorciom&n_tcoirenurltrrliieaaiuusa | n_zamnrdnoeceeaeteonueozsnatcheoooricdomnc
T	588	4	0	0	0	moro uice nona noua moni mano	iaf&meddmdig_llrmanoual | eazleimaztumriiocmifr_dpnipmuicedm_ihdenona | aao&shulonztmuaenaadmeoaegmonimdrnoaecnoirf | touannlircuiaaoto_rnrra&ueosnageiemiiaeacrlz | eeecaieoodtcd_enrosmeeocaomoronnznaznnhutc
T	589	4	0	0	0	iean erti ureo iate enza firo	gedm_fmmu&odrdnlailaali | fceiateimzzdhloimddp_iei_rummrpuniaeaincmon | tnnmddaa&cogomaeeiosahafironazlureoonmumaen | unieanrluiaoracrzglaamoeertin_iacrousatnio&e | rcoeuanmnimtoeestoeednoccodnenzaaoo_enzchr
T	590	4	0	0	0	ante nona cena sona mano	idluor&ademngmm_alidafl | pnpermz_eidimdeiaearmmndi_oictuclmanozuhfii | ummrizigehodaomlnoedtef&aurnonaoaacneamsona | seiazauiurrge&uac_lanteileoiranamooirntroanc | eohrmce_enozeotnnroddnoocenaeusmcazotnicae
T	591	4	0	0	0	afuo doro	lfma&mglmeuaddrd_naloii | ctpouidmmlapdeeiaifmideno_rhzmzrincaenmi_iu | coirnndmmnmseanudoroemafuoanlaeztahi&gaooea | eictseota&ragoiaaroaalrerninuloiu_zmecuirnan | nmcnoczseuranhorodnioeadootaczmneeneot_ece
T	592	5	0	1	0	reina anoi erra ddla uola naue	ladimmleif&mgnroddla_ua | nfeeoaripzeic_anduumidihemimamd_mlpcnotziir | nauel&ionunaairoardsgommnomfeazmaheaooctdne | aaerramrtzuooireinaarniuolal_t&isgceecanoinu | ozidetnoeoncencrenrnzeshuoecaoomemnat_ocad
T	593	6	1	2	1	romana auero aero uota cene roma	_ladfeiamrmd&oumdlaginl | enoimam_riaapdhcidimluptidirzc_nzimefuenome | fzmnaenoaeromanalhnasgmomna&tauerocuddiiooe | enagireauoeintlera&rcuotariiaoculina_msrozan | onehectozaoereso_nienmcatcenemazdornoncduo
T	594	4	0	0	0	anni iion aiii ione amma core	meaioldmral_&mfuiadgdln | mnuoiiiariuncimcdemzi_naztf_mldepahmpdreioe | onugaaaoz&midammaofeaoleesrrmunocandnieohnt | ccoreeotngaat&raiiioneuu_zrorlniaueiaraanlsm | hodnuon_eannieeznttamomnceercdozcoesoeocra
T	595	4	0	0	0	rpma iean nato dola amma	d_adolammaeigunl&midrlf | ze_fiimzdmd_iitimhunrpmaamedlcnpeoiaoricnue | fodlmaanauorieannsce&dntzaoheiogmamrameouno | inactaoaruaelgr_&zrsnitlnmcerueiinroaeoioaua | zeemncoeonaeetdhnediocnsmrnoau_zccnatooroe
T	596	4	0	0	0	dnca mate eron	laaim&dfadm_ldieuromlng | zomuzfepmmimuinlodnca_mpihdtneiare_rieiadic | aangaamsdumemateoecurfhmdno&onnozonrioliaea | rta&mroozlauicceronune_ignteaarsaiaaoiierlnu | nzdcomrnoheeein_tcorcuoseeondzoeanatncomae
T	597	4	0	0	0	anio nane	ugii_leddlfdaamam&nlrom | dmrtdcm_zmmaiuocaeneeuidnpilenrpzifohim_aii | nlar&tsmofeniahnonmamdiauumnoaeorecgzeoadao | irananeealoazinne_raoucuarrigi&oimottsceaurl | ondsnucoeenncaoroezt_deneazanioccermomteoh
T	598	5	0	2	0	fenon carta egni auan moia orni	iaao&lriudgeddalfmnm_lm | mnitece_dnlmzhedmmioaf_admpcornipiaiuezruii | oaooamfenonnmeeorcahaddo&asluirtmauanmzegni | nicaurlnilcartagrueeaeszrieouantamoia&nrio_o | crucneozmcetrieezhosnoo_cnemeodanatdnooean
T	599	4	0	0	0	allo mini empi cuna come dami	_edmfugllodlmradamini&a | nftimelpempiuai_iarrzczehaindc_dmimdinomeou | oiruhamaanugeamafzi&letomnocoasnoornddeeman | allocns_toarrnioaizuacuna&armraoeereguiiniet | zeahoenocncnaeoraeetsnoc_uomnteddioncomezr
T	600	4	0	0	0	meli nona noma	nadu&faimodmelid_lmlgra | aeonomamphmziezddudeernc_fnipiimu_ilatmcrii | enozcoadoea&namnfimgureamolmrahaeatounsondi | iaaio&aanrrcaslilui_erauinurntrognoeeaozmtce | aocnaocmdchnonaemcetizeoezedoosnruen_rneot
T	601	4	0	0	0	sena nome	_mdalddlnlimgr&oaufaemi | maciipennifmteaorcaiiuidhmodlip_mezez_umdrn | ntmocfnn&auorgoemelaasaeamuioodzneairhndoam | naiszaaculnagriiaenuoaoaoturrieer_e&cltrimno | senaoohideecnndeoomtzrnome_ozreconaatcnuce
T	602	5	0	1	0	maeda nino inon emmi doua dama	lai_rl&femdalmdouadmgni | hp_zmizrcii_ondpemmemmiaoladceriaiefntuidnu | maedamaeam&raocuninontholnsurengamodfaoeozi | etelrnsmuzegriauri&ontlricanaonoaiar_uoaiace | oemtcnnaumceanoeo_cdnaocdzsezneonehtrrooei
T	603	5	0	1	0	perii esca erii toma naie peri	mra_ddi&ldolfignualamme | rperiicelndefaaiummzinhuicm_doed_omtzpinmai | ng&nmfaomtomaearoieuacznumlnhaoareooasneidd | riaaglaeinc_iuuroroeatreoaomescanlrtnuia&nzi | e_tdenaieohrumnacdomnnsneoeencoooczroztace
T	604	4	0	0	0	maio nece rera nati agli	audloilmdng_mfale&iarmd | zd_dnatipiemoacmcam_hoileeiiriedfmmnruipnzu | niznogaoeeonrmuolmodseamictnrohanmaaed&fuaa | eearaunortc&aglitreuuao_nniimlnoaosiicaeazrr | enncreradeneoznconece_odczehoonoauttsmaiom
T	605	5	0	1	0	nonio rome mene ioro dame nero	iadamegralilm_ulfomdnd& | iaiepnarh_muzzedlempcdemniicfnimao_idmrtoui | ahdsorond&luctmagunnmeneazaaiooeenioofmmraa | e&ectarnrnioarnsaitaaalmuui_aolneroioiugecrz | notnrdztaunhoeeezceoedccsn_aeononioromecam
T	606	5	0	1	0	douea doue naie reno dola	dldolaam&idmfilgne_armu | peil_aznimiceif_pdtdimhznedoueanmcouirmraim | ranaiegznoe&anmmruiocdotfnmaanaelaemodusooh | oueiooltunaae&aiainn_rsaaeruliagzcrnroiertcm | tnaaeooeztndhocoeecernmzcoaunsm_inrenoeocd
T	607	4	0	0	0	cene rari iodi ieri uani amma	iefimndoll_&ruadlgammad | marohnurfilmmtzc__mmaciendepdipeuaiiodieinz | uainldmnzhdmmotrgaeaooeaoaasimnor&noufcenea | tennuglrrliericzacaaasrariooeeuanii&aomuno_t | zmoeteoarrczaeecenud_oeosonntchndcneaimono
T	608	5	0	1	0	milla inai dami rose elio aili	fdudgmlo_irdamillan&ame | mumeidnmcrfu_ihoeaeliocaininiaredzptdm_pmzi | ladmmargemoearootnauzcoemdiofunaan&hnoiasne | nuaaeainaioulrnerore&trosertaiau_zgmcailiocn | dteeoduenceoeocniznnmcoaaoncrotsaenzermo_h
T	609	5	0	1	0	allii eran tera meme fier alli	mrfaalliid_nmled&mgdauo | imirfierzeumcdnudiimepnlo_aahiip_metcdonazm | haoomadsam&meanoeifcudaarntoruaenlmoznigeno | zeatona&nclsrrooiiceiaagiteranm_eiunulrroaua | ttoeoaere_ndmemecohanoozaicndsrccooznenneu
T	610	4	0	0	0	dami nana noti mena eiio	&ldlaalumrgfeimddami_no | imenanaf_eiedlpihazdodmiumtc_roicnepurzmimi | ofnsumadcleaeogmeiaomnotinnuoa&rnraomaahdze | irlgetczatan&smcrnaaeaueiioioaruner_inaooulr | odaaeoiohetznnrmcntasrem_ceoocudeoeznnoecn
T	611	4	0	0	0	rico adun tome efia lino eiie	g_lnioumaldrmamldefia&d | pfdrmnimi_dnaprdcueiielinoaziizoammctmhee_u | hteuiomooaeeozna&maaadunnomflngrraemnicdoas | enumrniouaeioengauarcseaazrttliiorico&n_aarl | edctomeoouecsnohonnz_naoeczaemrceirtaenodn
T	612	5	0	2	0	reame amino moro mino neir ddla	im_dnmlilddlaruoma&gaef | izioztmaopmdnimelufcrnei_uhacmear_dpedinmii | aminoacafodeniloehnesuoatzedua&namanrgmorom | ugtosalrnroeoia&_anrzneireameatiuirlinaocuca | aedozcernzhmecoanotnscou_meeootindeecnroan
T	613	4	0	0	0	aero mane alui pian tome noto	mdngd&llaluiod_mairfeam | clrcmmei_oeiiuti_izudmmdiemzpianahrepdnfnoa | iicnheemanenmaorsoazgloudoumnm&oaaetanorafd | atnrauiacaaiorul&eargzr_iieonneuomtrosiacnle | aodtomeahzcnnoc_euaeronnerzsceeomcidnotone
T	614	4	0	0	0	poda cuna	lid_eollimdag&uammdfnar | eleomia__izinieizhpmcirdnumftaeummcridnpoda | erlmocnmnmoaooonsaaazinetae&iaeadhufmnrugdo | aaitgreu_&aliuzaermsioticneoncunaoeorairlrna | tedecne_zoorceiohoooeacsmaeunmndacennzront
T	615	4	0	0	0	lare cere dami doto nere eiia	mdingamfo_d&raillamlued | faamdamiuduetpicrndemiczheoeniozimlim_nr_pi | amsdelareirdtnhfo&naozannmaegouaanieoomcmuo | cr_louuaao&suglnereocneiiaratintaaorrmezinia | meineodahcdotozorcmncereoaznneen_uenooacts
T	616	4	0	0	0	rema iano nore uria seno	lfmmigidor&nla_umdlaade | nmanra_pnhreizideccolmeimiuiudi_zaodefmtpim | onraticnooensofmairemaamloohnmaenda&ueugdza | earraoi&mnalctaitlsiiuoecnrauurianore_nozeag | eaecsenoaocnhotddnermonnoecetmcaziuneozr_o
T	617	5	0	2	0	alita danza rome moia lora rara	egaliidarmlu&mmfaod_dnl | ium_lmnenei_ctmferdanzaiedmoiadzurhiimcipop | gozaoao&efcuaitmdeandeaneuoinnnommsloraramh | ealitacletaurnoezanricgoaniarori&sueuin_oram | oromercac_omaaznensitentnocdeeheonnoezcdou
T	618	5	0	1	0	letti urna cere aiii cena doua	fua_armelmmdlgolni&daid | m_neemioluutnzeeri_omdddraipammpcaiiizfichn | alamnrzeoaemgafmconeairdaenioot&msnnhoudoua | oaral_siguolettiamoiziocer&aracenurnarnunaie | _neitaoneaodteoncerecndocenaoozsoehmrncmuz
T	619	5	0	2	0	eodem tadre	alaiond&_lruemagilmmdfd | mcdiezefzniiuieu_dtadrein_ammloimhpaimcnpro | ismaaunolegnet&mzaoaomaoodrafeodemirnnuncah | tneiicatlunoaamnaragreeiueclaraoioru_izrnso& | azeoaneontdmnemchsdiennecuoeorectcoon_oazr
T	620	4	0	0	0	uelo mane lata alda iero eiia	eolmndal_daldaurmim&igf | dmeeacddzamu_prncinnhmzmfoeiiaipimuelo_rtii | miaomoan&asaiofueogeeotmlcnnroadmednhazrnau | uieeairnosnaizcegiaolataorne_ruolrun&iacatmr | ncmmaneeoneteceu_ndheccarztzoodasooonieron
T	621	5	0	1	0	iiani anio auea inon moda	nom&emdaaaridiulfl_mgdl | pdmrrmlpdm_iticia_uzfmoonizeenmiianihuceade | afohloe&argmrmsmeodtauiodanmnonoaueaniaznec | uue_aregaoianiololaeerainonzcrnasrct&uaitmri | zo_onrmodazacnsocmcnenacthneueoedteoeniore
T	622	4	0	0	0	mone usar chea nomi nodo lanr	me&lmrdduadlaofiiga_nml | iianmmzmiriulmeni_fotdizdopaeirepdahu_mcenc | s&cheaoanlafmmnodomazgnomientaeuaeiouordrna | ceailanraaauirtriezei_utormnon&egainloousarc | nmrdtiocezdteunneneca_rmoneoncsaoozeeochao
T	623	5	0	1	0	racco amia tara nota iaua fate	didm&idemunam_lllafrgoa | ondreeui_emnmtczdndmahcoimf_lmeipuiaiizapir | maoznommclaaamiaour&iunaenhsooegndnedrfateo | elzacrairleciauaoe_grr&ionntisaoiornaaetnumu | odnezncznoenceumhnnotarateiode_mosoeraccoe
T	624	4	0	0	0	nece uele	_iadumlelnflgdidma&oamr | acd_dfiziomeadre_tprueleiniaimpomimhzcuinnm | gmohdnadismeunarofee&tanzlueoooronaancmmaai | nasaruzntiirore_lemerncoocieaoai&alatunagrui | naonaercoeinzeocecmuntemrohosztdanecen_doo
T	625	5	0	2	0	onora arano adai mora deue mada	ladmanam_leumgiid&odlrf | icnmmoipc_eld_imorarueztediehznmfimadainupi | gdnammhmoolnnuaofotearanoerdeuen&caimosziaa | &licnuuaoroeaieoalnrecomrteiirnazsriaata_gnu | nocrocnd_eueaonoraeminzeaonshemcnedczeoott
T	626	4	0	0	0	anco caro	aurlaanom_gd&mmdiliefld | iceiehpufdltiomdzamzemia_ia_mnioueimnpcnrdr | euancone&uozgonaoemarsiamddahfnaoioemtnlamr | c&riotazreo_nraecaiinmenloaauiaelogausirunrt | _dencarocodecoasrztoamoozethnonncmieeunnee
T	627	4	0	0	0	tere uora diri adir	audfmrmn_oadegidlil&lma | refmomcap_dziazumiidhcnoiluie_adirienmetnpm | otoufmrmmalueigaoonzensincahderoaemaondaan& | ioearziigaanlrnitcterecaumuos_eri&anaouoranl | rcoszehceentncozdademceumnnteeooorioanoa_n
T	628	4	0	0	0	maii	fliami&udragdo_namemldl | onm_a_zrdueeemdmhearfncdizoiumcpmaiiplntiii | ondarfesoacgmutmmola&mnaeoanadheraioioznune | iamzlnaai&aerttliaoroenninuaursurorgec_aeioc | rceznomrhaencnoitecsa_zteemdooeendnoanoouc
T	629	5	0	1	0	uigor mene mala anco taro iima	fmidglmdldlmr_&aoeiauna | pfnoati_dmeiprcmnudileenhoeiui_daiizmcrazmm | enam&nancooeamnaaauigorhdeomomzueifdlatsron | r_orgzcnuesiimalaionaracnuealireienaottarou& | enicaoozeonmeneautecdendsooanro_noechzrcmt
T	630	4	0	0	0	erii caui mire anna iima arie	nadiimao&durllme_glmdaf | autniemzlodonmpzf__dreriiamciieuaenhimdmcpi | no&omoatnusemaraiemrnaaozohfamucaneogdlnide | cauieotcari_arieazomireeonaisanurlgtuorn&nal | enemnueannatrimsood_ztecocoecnraezdoeoocnh
T	631	5	0	2	0	uenne usano uote auea aili nana	nou&mdaildamfradimlelg_ | uoteznzuennericroipialmcmimaddi_impia_edhmf | ooztlafm&madicdaooausanooehiremnrneaueanmng | ozclinanao&n_eiuareeailirearrutouictansrmgao | re_ceeoadmnadcnnoneocozzeineroomoustcnaeth
T	632	5	0	1	0	maela alni iion olta cene maio	muf&ddmildmaelalni_rago | mcdlifcnhoizerermaiozpnt_eduipeam_duaimmiin | eauagaootcarmadn&rneoisnmefnznoaomidmlhouea | ecraaoatslugzirn&_iionaciaaenrrniourmueeolta | uoazdeennhcecarndootomenaitzorsmo_ncenecoe
T	633	6	1	2	1	sarete arete dame sare rete uiai	uiaiddame_dnm&mollglrfa | neiacihdnmmznpi_telrdaueiieozci_aduoirfpmmm | iridnooennsoaaaeaatzroode&lhangofmmmcuaenum | enoursoaiacir_rau&uaaegnztirreoaceimltaonlin | cneoneodedrisareteecazcoe_munmaonnchonztoo
T	634	4	0	0	0	adeo gian unto mada uoce limo	omadaleinf&ildamugm_lrd | nmlimoi_izdiifdeeimozaetrcnrheappamidm_uucn | mrnnoifasedudnomhountoanoacregomae&zilaeaam | craoaeinrremrstiuuto&zcgianunieloaali_aonear | meooemtoaoiadeoezuoce_cecrnnaennhzcnndsrto
T	635	4	0	0	0	noce cene nona anto meda anon	afeilgmdni_auarlm&ldmod | e_ahonpnotdcinm_diaeelzzcifipimimrmdmeiurau | agmteshoourfmaaeom&nmedanannzerooacdiaonliu | ira&_emairaoaluleiecaanonaoitgnrnzoieuscrurt | oantodnhee_zucinreezooacaormoncenemdtnoces
T	636	4	0	0	0	doni ente rato dano	ilamdmnimdfrgaaud_leol& | cucldonifehimizpentemrpii_zonaemmaiuaddm_ri | nnfmdanohrlgnzioaauoaeemioaeomutm&noecdasra | aiuoaareorratoomnu&aingelutrieiscrae_lnznaci | ohceasdmnzotaeanrcoecdrc_nznooeeneonemtoui
T	637	4	0	0	0	mini aero laua cade noie	fimadglor_ddl&mmienaula | pe_umpdeo_zeitirmloinminidcmmhrniaazfcadeiu | ogemaoizmmo&dnaaoofaiulauahnoanetsernnedrmc | zoaacmeanuiaaciaisug_enroirnrr&aerotlelnituo | ceaoaceonoieoncredrmtomn_eeohzaconezustdnn
T	638	5	0	1	0	senza rose enza maio senz cont	leafmmmaior_lundigld&ad | trdmnpenuihin_dacorilpfe_imzuademimiezcioam | oadonnnairgmdlhooameaf&ueamoumarosenzacnite | cucaritsoroeiaiaaganlnan_amuirro&elzrneuetoi | amrnahcdznecdneeooeo_ieoooncontunmeetcasrz
T	639	5	0	3	1	nohro donne tendo unde moda como	mmdal&afol_ildgiemadurn | m_oicdfmtiahmdcnmoda_iiizrlamreinnzepueupei | oacaarioizgdnmtoennlmaundehe&omnoauamraoefs | uitriniroaiaaaluaregezeisucalrotea&nn_rcomon | nnohroaozdonneicuzetnma_eoesmcceratendoceo
T	640	4	0	0	0	arno iate mora sola lima amor	d&ufomnimgladlarlemdi_a | doiudnii_dhamlimaznuiemra_epcctfinzmoeeirmp | oeodduuozaan&arihgaelsmearnontnnmcammeaoiof | onrnanr&rciraeuiizsola_uclioamoratgeauniatee | eoocadcmutnceiaocnnseatnzeeoenrrdzeoonom_h
T	641	5	0	1	0	fenon enon erii nona meno naie	adim&geidado_mlumnarfll | i_apirmenomdefd_naieuzizoluicmmdmetairnhpci | soamroafenonadmaia&zgdeoclomanriemoetunnauh | &aneriiartcsoitmcnenzrlureuria_egounaaaaoilo | oezehdm_omnanorcnoucrennetooeetzsaeconcdia
T	642	4	0	0	0	anna aria tari	mddlmof&aialgdnerma_ilu | uilzntmaemmeidaeainuizimmpc_ciphrfdoeid_rno | ingreomdeoie&ofhmzcmondaeannatraasuoamauoln | ocnrn_oiaiuemtariaaeanoraz&eoentsuulacriilgr | ochndimnacnoeotneoozmcnc_teoroadnrueezeesa
T	643	5	0	1	0	amare lira anoi amar mare noie	ndomme_dilira&llafgaudm | dodmameihfacteuelnzruzmnidnmii_iiecr_ppamoi | osieatcneamuzomaomgumfrdoaanoieaaonndh&lnre | earautnranoirlicelraicgeoia&uoatunsioazemn_r | eeeochniecntozeo_amareucromnnntsdnoaedcozo
T	644	4	0	0	0	lodi suoi urta mato onon	oigenudrfdam_maldmia&ll | rhfmatoanzuaiierpciicemnnp_dummz_eiidelodim | nenmohurtaigelmomacuad&sranozdmoeenaaoanifo | aooln&ioiauezautgarleerrrieinactmanacsuoin_r | ecctncaaoerezimotdcm_enedrszonueoehonaonon
T	645	4	0	0	0	mezo pena nasi reno	adl&m_mdrmudoaiaigflnle | edptiiecidedmcizluifnmohiim_a_penamrromzuna | aaornunmmsacfnnieeaotoa&egriddnloaohouammze | aer_turcuaconlunloaeieii&artnnasirrgmezoiaao | h_etninuadnnmneaeomcoezoozoccrenoeosctrdae
T	646	5	0	1	0	unito cuoi nome laro cano	guaamiolidfnl&damlr_med | dimd_hifdlcnamoeauzeiai_irpnmemmcizeunitorp | fanc&nadrieaoeonadrausoatgemhizmleaommunnoo | nczaoaoerlaroenmautnrais&iaeigteurar_ilcuoin | znoeeedicceunndtnomeaehrmcoonzto_acanoerso
T	647	4	0	0	0	iean nino ureo aato caro meta	_deroadiudaamglfi&mmlln | oimeocrldmunddteizmnrmeiean_hiiafuiazcpm_pi | aogaheemetamfoonuninosarcdnzreanlmoad&aomiu | ie&atecrriraciounazeoaninasaatouureonrllig_m | eonooemntneeamdccarodirntzzoucche_oaesoenn
T	648	5	0	1	0	nonce idea tini eder lana onor	adidearolgnlm_mudmf&ail | iilauocfidnrdeapenmeiaioim_mcezmnzhtrip_udm | ceaanooagnlohtinioa&dazesoaermamnudnmerfmuo | rieismuicn&euoi_rtoulanaantnaaaoorragilrecze | nonceadoeonee_ederimetczhaumnaonornctoocsz
T	649	5	0	2	0	nunzi umana uien olto lode cede	lodegdrliai&namamdfulm_ | zmtacu_iomanunzilirmeaimrpdpeeceii_dihndfmo | uienhnemoaanumanaamlnroozigaetsreadmoocof&d | o&tcrreecnnaoioltoraeagr_iaiilumzsraeiunaanu | ricedenrnaocoacodeoteaeozmnzueosmeotn_nnhc
T	650	4	0	0	0	dura uien tuto alli nona dera	faimemdurallig&doa_dlmn | z_dhne_mloztrmpciunmemidniaceauridopaemiiif | amaoosandntznonaomcrounamhmioderai&eafleueg | oaio&_asgaluzaaaermiaecolrninernuienrrictuto | oennecraoaeu_czeoamnttonrdcndoiomcsnzeeeoh
T	651	4	0	0	0	medi domo ture mont leno	g&olddaie_lfualrimnmmda | iueaecizoncpainmmedi_lmi_tdrpoeniudmzfhaimr | aenlenoiddmruasenmoomhunoztoa&cagraafnmaeio | ecoeritlniacuaianuealan&ezuisiooar_garrmontr | tureeciaoccocrneaandznonh_mtzoneseoedomoen
T	652	4	0	0	0	anne giro alti roma	aludmofi_dldelrmi&aagnm | dnii_emzaltieuidm_hifnmzmencmepciarrdoaoupi | taeamagfnd&mclzareeineiuoshoorodomunoananma | zrgiromasuelinnlaaciaaaietiecn&te_ooaouunrrr | aoanozcmdecanneeoscormtohzerioeuecotdnnen_
T	653	5	0	1	0	maeaa mane iiii immo dima didi	gfmo&id_lmdndimaeaalulr | meenpdncmnimmozrhiiiiae_mtleuufpacorz_didia | irfmanenu&aaeneognomdloaaonrmtzadiumchoeaos | nezeetrtamruglc_inooienrauoincaal&saiuiaroar | eaceehmmonoatdidenzeunacersccnozeooroonn_t
T	654	4	0	0	0	meco lere alda	mmgnidladaldafr&omi_leu | pomnczdfdtm_icpnlzeioh_idieuiriaamuamrneeim | ueoinaaahnaddenrmotaznnmoeiroafola&mecogums | lereaeiurgzaitlmorcoar_natn&anocuiinsruioaae | noroedr_cdamctaonehnenseetieozmcoezaocunon
T	655	4	0	0	0	melo rara como nane	daimlfalnda&ldmieogm_ur | tniiohmfziemrnie_dpcaina_aircemizdmdpumeuol | ofrmiatrzonaaeicoumooahndeamlnmgaoenanesu&d | eazeraraaacogumelo&t_iiialacnrsiourrtnenoiun | omnentszcncnorntaeh_nzacomoeceeaoioeredudo
T	656	5	0	1	0	gnano nano uene uedi gola	fngalmm&meadi_ddiulloar | cliemdaiuedizcaor_mipmrhnfmenutzediom_piina | lnaohzaamgnanoofma&niocroeruenemsoaauiedmdt | au&lnarcmtgolaraeentruuoonsiraiarneicaoie_zi | n_hcooouneooznetnimndaemaorcaenrceceozesdt
T	657	5	0	1	0	afare mete iaua nome uita eiii	dlmlnfmu_oearmdld&iiaag | _mnhmnezarefd_riuiazmeiiitudnomeidmiclpocpa | maoodouitafareoere&mahnseaoigunloancmmazndn | o&zeut_lcmgintliarnicrounasaiauaoreairreenoa | m_cneoonoinhezduerdcecoscozremetetnoonnaaa
T	658	5	0	1	0	termi dola iter cimi	iddle&ai_dolammufrganml | _nrnucenpitermilfidmueazom_idoeapimdzcimiah | nniomatrrusaeuamio&nafdnnoaeaocoeamdlgozemh | oarc_rlcuonirrtaiseongi&iuniemzarlaneataeoua | zennancmendcnmoentcoirooraeodoeatuheczsoe_
T	659	4	0	0	0	endo meco	mlifagdiomdern_auad&llm | eimii_imdr_dazcmecorppiuulniidhmneeanmtozfa | aoumadisfmzinleooeuht&aommdrooaagenannraecn | ureiaoag&aenreoaoinaotulicstiu_naincearrmlzr | radceznnoendohcceznoaetoineueon_amcmooesrt
T	660	4	0	0	0	iiii noue	am&llgidunfadmaolmri_de | itnerdpmmmlzriimuncemioodinphedaicza_a_efiu | eonmrmnnaaeoouanft&aoommoaaeeudndcriaizhgls | raaotrcs&eanoue_iiiianlrolrzetecuarongainmua | o_meonaeseaicrretndneouechdmoaonzcntnocoze
T	661	4	0	0	0	mane usar cuoi lari gola alfa	_mdmagolaadf&iuielrndml | uo_aieioemundiepzcdmhminradptlfci_iamrziemn | nusiae&zalfaouroeomanecmaonotrgomadehainmnd | irmlarizari&ouusarninrcteea_tgaolaenaoencuoi | _nrmmcecoozezeteihndcnadroeonocoeaestnanuo
T	662	5	0	1	0	uanto uora anto cesa sero noni	oulalim&_ldmmddrfingaae | eeim_rmuioeidipcnnurmptaiimdozflcnaeih_dzma | alunozraaeedifonmrgeuantoamanhome&dscniaomo | aeilntamccesalgzoiaauorarri_nruaiurotenonie& | cnoeccozumaatnoddoenneociarmnee_nhoserozet
T	663	4	0	0	0	hima leno	allme_afdiduingdrm&maol | mudzuomcanliaz_d_eicihimaerdmipmeeirtnfopni | ialeoimnmaeouasddaneaagocermma&fohouznnrtno | au&aliriousanlenogeretaiaianrueo_znaromrticc | oeoimccraenzmooaothoozeneetcu_ennancseddrn
T	664	6	1	3	1	haremo ricco aremo mole cioi remo	aardllmu_gailno&mdfdemi | anmdpzcumiirhndp_eniraeiuai_mtizomefcdimole | mzmauorlaoharemonmfetougndnnesdoaaacioia&en | oe_oiecscntriiualurrglutnirae&onozimaaaaaenr | tdeuncdmzriccoaeetceaemhnnoeoeornoansono_z
T	665	4	0	0	0	mede sien ance	ugieainlmdllafda_mdro&m | cuhdizmmudiieo_erdneieamcmfaoamipirnzi_nplt | omomeahmdaaoiea&eirnaocauuodgnaltfnensozrmn | anceinusienlzrerttiocamronreoral&augiau_iaoa | oeeociztndoennneonnocumedezeoacsar_comrhat
T	666	5	0	1	0	cotto adai anio nere otto noia	lladimummgdf&adail_roen | zdin_opznedofeuraimmamuc_iimecrliahdmpietin | aeonoiaaaeinsz&momdunhaoronfaeolemgudmncatr | treiooeairieugrlraa_ocunzennaurlioci&tnmaaas | ncsceea_nzrcottoneeoaniocaeuneredmmozodnoh
T	667	6	1	2	1	noiira carta noce iira dioi noii	idaelnauodrfi_gmm&laldm | dem_uriipmuzlftnpizecennhmmmaaacrieodioii_d | nurotiaoohaloaenagmmuoa&azioensdmecrfdnmean | rinnoiiraacartarlnzcn&aeilgreoit_meaauoueuos | emrdeonamzciearaoeeoostootnncehnoce_cnuzdn
T	668	5	0	1	0	tenne atte noce ando iato	lnilar_gdeiddmfla&maoum | zmmddrutnameinpmeimfea_aiiocziielpc_duinhor | emrsaaoandodeinzoglootnieamcnmuf&nrahuaeoam | cilaut&oraiatoae_argnneanemuosiauolzirreircn | aorattennenoceemadoomneocr_odzzeueocnisnch
T	669	4	0	0	0	cimi mons anna nera maii dona	eil_dlamgad&iaunlrmofmd | mufmpcmdzdeeziori_iudhon_eltpmaiineracimian | eaeoiaanuaomnogmcnnnsoeudooflmhtmzeiardr&aa | rirlaa_ioareuizglnnannaacmrueoiie&crttesaoou | cn_eenemonsonrrcdonaudntoeamhtocziczeaeooe
T	670	4	0	0	0	iuin onon potr cont	daaimddgmfm&nlorlai_lue | afiuinpni_miimncaimzliucmpotreee_aedrhodmdz | aoausmtaoemandhinedgeirnazfmrlaec&ononmaouo | rsunaecrrimul&iooiettrucengaoa_aaaonlienairz | ceeeaoisnnozchaoeuaeocmeorznertnncontddom_
T	671	4	0	0	0	sanr mera	reagmidunmaol_damlil&fd | hreedocopezcp_emdumniiniuiirtafaalz_dmmnmii | orosnagoeohdemuoadeu&nmnlinnmmaatzacieoarfa | ucnra_ngzoisanroooiaiiuettaarrlleienraame&uc | enaicnazuecoothoc_oosnemdmeraoenenznoctder
T	672	5	0	2	0	ionia onoro uien illu tono ioni	nimgodaedadrfillum&alm_ | ecmimrlampcerpfmitzouidad_nonimuienzidehi_a | mmadmgitunaaronanuiaamz&cefhsneoeoeonorodla | aeonucrrltr&ociiniaenaa_rgasmltozueioniaruae | tonoeezecaoziacct_eneenamdnconrohoedrnusmo
T	673	4	0	0	0	remi iero nomo reni mire rono	iddrolmdlmnu&i_fagmlaea | htoeulii_iznipaamomiremimpdcfcuiar_mnednzed | caomdtaamngnreniseelzedronoanhamofouaa&iomu | utielieronl_esueaoa&iiauiraanzanomorractrncg | zatzemoadneens_eoiranndetonchocceeoocnmour
T	674	5	0	1	0	manoi anoi cire mano meta	anflm_momd&gadedliuilra | metiucnmfmacuedleep_za_roidopiainzhiirimndm | edag&zeeasfnuuocooondmrmnlairmanoimetaohana | lzsouoinaoaman_raciretlrcaur&enogeaetirniuai | retnnaetondnoemheeo_ursaaicemnonoocdzcezoc
T	675	4	0	0	0	rome lare remi teme ioro lodi	immled&gfmlodiaud_ralna | duiae_ipnnazmiihnuiorome_atremiidelfczmdcpm | ozmaemgeaaneiuaoh&osrnnodmanaroaldmeifuntoc | glareunoecaraa_uaeotioiiietcia&osmunnnzlrrra | muecnnno_zconotemecahdsodrinrcezoeoenoaeat
T	676	4	0	0	0	amma unde neir doit	lmdidlom_amlaunderfgi&a | hirroouec_npdtina_mnmziaimclamfepieueziidmd | fodoitecmnnuogrsouaaneirnaehaammadomna&zole | eraaunoeragoiouiaatcici_rnmzleolau&rasrnient | ishncaacodmordootcozzoc_nnennoenreeemeateu
T	677	4	0	0	0	eran nino hara miai inon ioro	dd&aamnu_imlreidmllfoga | nranduplhfmeeocmeoruizzmpimiaicmdadit_eini_ | nmharazinmoosoaeaenmm&erannifcelotauddauogo | roi_t&zeeimoarriaulccaaaretuoaninonnlurgesai | otheezoazacee_onneeiororctnsonmnneucacoddm
T	678	4	0	0	0	mani elio uano cano	gaio&_mddllliaarmnfeudm | aitmndppemofhduczdiziiirilnomu_inmreaae_mce | eramfnzuanodm&imlnntcueaooeodhgsaaoiaomraen | ainoi_araus&eraicronntuluaamaniegeliorztecro | zeohteumnodnecadimtroeszoeeonccanoeancrn_o
T	679	4	0	0	0	cene aili tene idei omai main	ie_lnmadgfdmaaldr&luoim | rmm_inioat_domdpanuinzculhmiarfemziecpeidei | gdotcerhueolauoaeeanamanzomraomainim&nosdfn | ailigroctaucteneierrlur&aaaaoasirnun_eznoiom | aeozecsdehecucdnrori_tooammoacenennoezonnt
T	680	5	0	1	0	amano meda mano aura onon leri	rmaudealfmiogiml&ln_dda | npcteimamedadoz_amordniimizhlcpmrnieiu_efui | eoaaeaoodcmn&eamanoorfgnrioithamduusnamnezl | rutcangoczaaurauaoleaoileririaniseo_rimnte&n | aononommoeeeanccondcdnesreozeaeoc_tznhirtu
T	681	4	0	0	0	uole nere arai cara	md&mifmdrna_alluolegida | eualrmpcmciemdnihi_iin_eazunmtrdzofdmaipoei | miamfndteououmnnohzeal&mdcaaaesoooanrrengai | eionuarait_nerecaraaguiicolrnomtnszro&eiaaul | ceonerduozceemo_trozaeennasndoonicnoahecmt
T	682	5	0	1	0	imola miai nano noma limo	e_ulimolarfgmlnddaia&dm | rmpetniohdaammizdrceiuuen_fmzmiaioe_iinldcp | ahnordlcieaasedfmozmi&ernegnuauomnanomaooat | naotlescuooia&uraemnzrei_ciglnriaoaarirtaeun | micezmoenedeohnnaa_runcdtoorsocncetozneeoa
T	683	4	0	0	0	mine rare magn	lia_igmldlan&aorfudmedm | meeoimfonadniaiactd_zmiuhpirdpzru_lenmimcie | aa&uruitooanrsnaamagnncmlefmeodaoodminehzoe | catgnriemooiecaaannrareuirr&iznooaial_estuul | oodzeseoncudc_moeeezntmoaricaennroehanctno
T	684	4	0	0	0	moda neri cano iuin anni	unmiilemodalg&ddf_amalr | moipuauiaecirpa_leiemmnn_mhifizontemcdrzdid | uaziogrlroeannioumna&tmeaohadoennmaasecmofd | ueaeaaasenctgiac&nroimaotlrolnra_iuinerirzou | ocncnautennozoeismroodemath_nezeeecordcano
T	685	4	0	0	0	cefi dara nari aria efie tuia	aonull_gief&mddalmmdair | a_mrhiaoadznomu_pzidpcemticefiememninridilu | nagnmnszaofl&eoeaeenonmdoaouhdiicrotumarmaa | ezeomrioreciasoonltuiaugnariarau_&enancilrta | uittan_rnceemonoeoscnoozeecdzndaraheonecom
T	686	5	0	1	0	darai cons aiii dara iera demo	de_mofaniadgiur&ldlmalm | mindemordpecrlduemm_aneim_naihfpaiiitziczuo | sennadaraierauclmohdueamneazoongia&tfnmoomo | ncoatatrueurioarigeanirioiezauer_conslamnla& | ecne_eccdooaoseatnnnocnnmzezheitoodmraeruo
T	687	4	0	0	0	medi adeo adai noma didi nimo	_gnmrmlaaaomd&lulefdidi | odniifunimopdrzetm_rp_adaiezcmlcaieuimihnme | anrnoammediasteaodnomaazoegeooufci&hnumnral | aaacnuirluaitotreeoars&igiolrnaczrieomna_eun | eca_ncoermmsoendcrznaecoonounenitteohzadeo
T	688	5	0	1	0	aflai indi diui uifi	iouadl&dm_lnraflaiegdmm | ropcapdmzindiuieedrnmezcuifi_lmaahmnioetmi_ | c&amitueuosodenmahnronlaigrzfnenaemadmaoaoo | ieorourrteicgsin_&taecearraoiaznlaaionnmaluu | etad_neoetoaudnroeescracmieonomchenocoznnz
T	689	4	0	0	0	pape fran anta uiue	ldlfgaimromld_eunaamdi& | imidhmicpapefzoi_reuiuemmnio_camiezdrlnadtn | lzehsmduadcofrantanoeoneemoanoamro&iaiagunm | seoiniczanerlou_elieatorrmginoainrcuau&artaa | roeceaorecdotnz_enneocthscnoooeneumdzimana
T	690	5	0	1	0	ornai modi eran mali ette	adrd_aod&eugfnlmalimlim | iiimnudmapd_modicnetlfzmunimeherrpeai_zcaoi | ioooteuiazhmosandnnaagnr&umfoerandmeaeclamo | eanrienuigaisneuaclcozr_uitr&alaoaornaiotrem | coesnzeeaonuhmnozccrnorcdoond_eaiaonmeette
T	691	4	0	0	0	inai nere rete enfo noma	lirmudlndlaegm&difm_oaa | nenlmia_eediohpuimeomipudcatmc_irizrmidfzna | sumenfoa&lmaozaridneagunnraeaeootchnomadoim | loacozsm_ou&iinairuoigcatnlrineretenararuaae | znhticdeaotzoreomcncsdn_unceaoneernmeoaoeo
T	692	4	0	0	0	leon lari aura mena mona sont	game_flomumdn&idlarilda | ammnermiphauotzcifd_memzieiradui_inileonpdc | adaooimmsontnrhifegldenunmcaaooeoauram&ezna | rerleauacrolnigaioormonan&aceziainieau_tutsr | rnoomzmenacccnneuzoodooentasrc_eeidehnoeta
T	693	4	0	0	0	hata nano	ldga&ldirmmnuiamlo_fead | iomhataipimrmnezci_rnuma_edcpezlnduiioidmef | moemananfaiamadroe&anudiouhomsezaoelorgntcn | arsrtioaoeaia&euoealimlnreiaocaczng_urnuintr | oencsenncdcihntmartuz_rozoecmdeeoeaeonanoo
T	694	4	0	0	0	lira uela cioe lega mali	edaigaddmnroilafl_u&mlm | nzniiiriifeopeeaurhm_pdcmtamadliumnm_cioedz | oiasnoaeuela&maehmddtainozrnuomafnocagomern | omalirairtcraiesileganaozruauoern_ounneiact& | hsoncteoeeeoroocnadoatzducnrzmnoeacennem_i
T	695	5	0	2	0	certe uinte rena inte iere inde	mgemddnldl_f&aaimuoirla | lrpmi_iemidoiddmuehcoimfpae_znnauintezmicra | oeoaiondmntamcadnzrgehfomesnaalua&anurmeooi | zierenaraat&coaaangiusieicnimrlloaruuret_oon | eumnczacoom_naindetrooeodhneoaocertenscnez
T	696	4	0	0	0	mode anco nero auec uece amai	mmfriau_no&gdidalmledla | ctm_modelcfnpazreeedznihrmiiumdiiamaiuoi_np | esnl&oduoaahoaofuamretmmernnidaacgaoeinoznm | oloaiiennaztruronlanmua&ortcsriaueceargiia_e | nacoenneros_uhomnancoedtoeezioetrconeazmcd
T	697	5	0	1	0	auuta iono rena rosa gion tana	&gnmloiullmraadfiedmda_ | eamhaioc_nurnlddpamoiziecfpmr_iiendmeitmuiz | oaazauutanacnafdeimrmlmromnono&aeesgionoedh | tianrenazlrcuooeauna_griaiio&iatlnmeucerrosa | edou_areocoeoneszremezeoctmonactndaoninchn
T	698	5	0	1	0	dalli alli dall enon eiie	amled_ga&uimnomdallirfd | izian_odhermpfceeimmeiltcdimmpdnaiurn_uazoi | entnohacmnfmraumaamsnaea&oeeourzlndidgooiao | ucnulrgaaa_&riruomeaiozartrltseiacoeiienonna | taozoe_omiedsccoenrnrnunnadzecmtehaeoocnoe
T	699	5	0	1	0	andro mini couo omai mire mila	f&milagddo_mudllmnieara | pmirezlpdzh_cuuomaimicdiidaemnnminieaefto_r | iraeodrialhtnuen&oguozdsaaocennmamomnmaaeof | rooan_ogci&uiaarzeescrletiueairaaiaotunmnnrl | enaeonsencouocnt_zoieamemzhncandrotodceero
T	700	5	0	1	0	uando iene cioi pene ando	eflmiinagamldr&dlmoa_ud | aihmm_ecznileauzidpenedtcioioimnimma_durrpf | scurgiilaftmuandooohza&nreoaenmoadoanenemam | oiienesaiieolrnaaaacztomtungarrue_nircu&olra | eenerdhonzcnoontoaceuoir_anszaocdoeetcmenm
T	701	5	0	2	0	onoro tirar onor arno nolo aiti	flidmea_rmundoamgillda& | zeacii_imopmnlfedmdrmat_darezhponiciuiienum | iraianomeeodtnznodlcgasfoaah&amemnnuoareoum | _a&unarmnegeteioenuaiiarnoloaitirarursozclca | erecehunaeenocnzcmzsdnactdonoroiaeonoom_te
T	702	4	0	0	0	tane	rmlmnaidiauldefaog&mdl_ | n_darceenchadntimpiaummfzilomm_iipieieodzru | sefodianazimthrouncaoanroamo&aomelgdneamneu | rzteuuoncrinaumra_aaatane&gniiarooeoseiircll | zeennzcocamnntamehscrudeoonoeeo_doaoirenct
T	703	5	0	1	0	uario uari cene glio sano mois	im_ln&emgliomauflaraddd | mincenetr_iicdianzeluaumzhmoe_pfoapmridiidm | amnatehimee&uorucdanmoglraoazadnfmoisanooen | na&loecaslietnzie_aarroiicamuoguarionunraetr | cnamhnenzuroeontmooednee_odeizntseaorccaco
T	704	4	0	0	0	iean mari ance tale tnon cono	iml&umarilgn_ddaeofladm | p__eliidniatiuzihufemamoincedrcdimpzeoammnr | gnoizndaaimmnmtracuoalsfe&oenaehaaoomordnue | aucoaorslnairnz&iignrroeriutaleaomieancetau_ | adconontoeeadzhmonzrrmantnonesoeeico_ecuec
T	705	4	0	0	0	sien damo orti nero tire hano	&uidamonlmrldmaa_fedgil | azimnmauieru_loniieimhpzi_mpnidcotremcaeddf | om&hoidtagerdcmaaiaamnnoamouofasneroznlneeu | euasienuannzaroi_uoortireia&lngcemcarlroatia | _odeoenoeimnonmzshanozcaacetnecodtcuoneerr
T	706	4	0	0	0	colo dano rono noue	l_amfneioulglmdmddaai&r | ee_ouimlaieiznrhcmeindnrdzu_pdmfotiiipcamam | sehgnnaraaramz&deumiumloonfmotecdoaioaenaon | rlraiiceuaezenr_ronouegrtiiauinaacoloa&amsnt | nmniohcdetondanoonermezsaaec_oocceezrontue
T	707	5	0	1	0	mafia nori iete como meno mafi	ndrmdmd_mafiaeuialllog& | ze_ipoiacmmdidrmuucmtalndmenoinzieip_haefri | enaomaamtfrnzhdionnoncomoaaourduamlg&ieseae | ruroln_gcznniu&aeiroceasanetutaelarairoioami | tznorietecnaoedcc_naerzoooncdsneemoemuanho
T	708	4	0	0	0	nino care noii uado cura cori	uimogldfaem&laamdldri_n | mcarenpuzommaueicienid_rdzea_ltnfimhidoipmi | uonlzrdmaeo&aniaenuadogmmesmnochfeoiaaortna | larutaoanzeiasrme_ecacura&rongroletiuninoiia | oonnoaodteenaencoridcoaeszrm_zeunhmonccete
T	709	4	0	0	0	fama deue dama rose	ndaludlmeo_&aramdimgfli | encm_cdudamaumm_plizitheefaineoniirmrdiiopz | mn&dhouoaeunmrtlcnosnodfamazieaigareoamnoea | ouctmregairznnrieueo&oaienarrluls_caaainaoit | ocneoeonreioztntdchecndeuezmroseoaamnaon_c
T	710	4	0	0	0	iene nino coda	llduafa&gdnmildmar_omei | fddierutoaiirmmamluznozapdienei_ccmnhpemi_i | oaomaueoazanihaltfecneoronnmedguoadmmairsn& | iiaaaeruloaramzeienclog_esnino&ruaoiatcrntur | cesomdomzenrecretoncodaaoonaeiznnucoeeth_n
T	711	5	0	1	0	amano aero mano uide	dmuld&fmiiarl_dlgeamano | tezi_cdecnipouideofrmmhldrmaimuinia_imnpeza | fneoino&eesoaroaandumaerozndmtnamcmogiahlua | arimuueaa_trnrntsecaneioenlir&agzaaooruiolci | eadnzertuoacnnoehooieeedncocmann_otcsmoerz
T	712	4	0	0	0	coro chia femo nota	&lddiumlrdofaagmem_inal | danuzzucnrrecnimmi_iafpdmoehipometi_eiaimdl | osaaugzcoafemonrdemnroidhuaonmleaoean&amnti | ucrlt_oueiaiag&nlrausioenaioeezntncraaarmroi | cdendztnorneemnzaseuenotaeoocoronchiaom_ce
T	713	4	0	0	0	ohro	lddaineldmmrgoia&umf_la | ce_iinacrielrdii_amphmmndmemtouazdpfneiuzio | ohnreaenamrotoo&ifmdeseamuozglmuaaindnncaao | irot&acaeunieiuaraaorzrgumecrnaainoo_lnetlsi | icmzosacnnmoanudoendec_rzaoctneohroeoteeen
T	714	4	0	0	0	redo time tati doma uria	fmrmlndguiidadaam_oel&l | rliehnipuriad_zmdmtaenof_oiiicanedizmpemcum | hnam&nniioaredoanmmsefuazaroacegeodomaluotn | irrnnig_naiceozailucso&eeouoruraaalnrtatimea | ohmcsetcaoeudnnteceao_rizenzeoeoaconnonrdm
T	715	5	0	2	0	mando cenno anio ando sani olti	_iaamuldirelmandod&lmgf | nmcn_emodmdifaiiemparriolti_umcidnihzzepaue | muann&toeaeeafenmroonarlomduhaaiosanioczgmd | etciircnln_oauaoennsrtgozilaro&areuairaauime | cenci_enszrenmdtcennooroaoeadahmzontceeoou
T	716	4	0	0	0	hara dioi cera nece lora arai	uammadldmg_&dlfnliioaer | pziomicnaaaecleipnodmzmniiui_erdmertfmduh_i | mdadioinlzuaea&moaasenrouohoaomnfngrnaetcme | atoareitluroieaoulorai&ineigasumnrnazcncera_ | nuaooharaimtceonnzomedoozeescrdnn_enecetco
T	717	4	0	0	0	dami gioi ceri onon alme agio	oalme_nidmadflali&rmudg | e_aniaocuimznieuemdi_rpfipdhzmamemtnrdiocil | noanendamimzuenrlshamageaioteaaumc&dooonofr | e_atracneoierruagioiaucerilaolatnisrzon&aumn | ezraceoe_atendrocnsdmononchtouoneezncoeaim
T	718	5	0	1	0	uario uari citi nomo ordi	odla_imeidmuamaldglr&fn | mhzcitiunnr_ileipf_aicmpdeuidaamzndieormemo | moalsceednhmrnaenauozordinmnomooaetgau&iaaf | &i_aartrirmaouleieacnnncgeiuarioalouznatseor | otuohzoezeeemnadneseonomndnceot_irccrnacoa
T	719	4	0	0	0	noia fard nofl	glnoflimua_emddadali&rm | ifeznomncm_mdtzcdrilaipiedmairiihnou_mauepe | fardmaaminnoiasuneoooeohatznumaoemegcndra&l | rzntniauicaciooeairalluori&nenaaauetsrmoge_r | ndoeozenurtnacnnosoeoeeecmnomcdhaorc_tazei
T	720	4	0	0	0	deii fura malo ione limi	dld_anegmdofuia&ilmralm | hmiienamcirznoopfu_deii_zlueenmptdirdmmacia | naafuraoeganeaehniemalotuio&ndozommscmradno | taa&analimirieitnrzauioneenrouocgrosual_aerc | zzneueeoodootemcnnroh_naeenerccdinoasoatcm
T	721	5	0	1	0	amaro mari dagl nefi uiia tane	l&ndfaluodaglmari_mmdie | a_ndlrohuiiamcreonpzcii_miedtmauzedfnipmime | aomedmomngdomtuaoroalcanzrnefisan&iuaohnaee | gnrcltcrriinaaniuaeao&rtaneoilizuseueo_amaro | cdomeoneoomecrnnar_sehatozciaenoounczedetn
T	722	5	0	1	0	uiiia uiii urta none onon	mldodafrmgaeia_ld&lmniu | mhztoieippiu__aruniaemlzmddofdcceirnemnaimi | onmlndaarraeaamn&uomashomgnztiieeaofuecodno | cmogacaoliuiiiaer&nnuren_ioaurtasreeonartzla | meondmhenzetitcusc_ononeaeoaarzoneeccrodno
T	723	4	0	0	0	rome mene sime anta naui llar	ilamndu_odgd&ifmmellara | itirhma_dpnd_eadizliuncfiireoipmemmmzcnaeuo | noeaoaumamsdoareonncnei&alngmmdaueiaotrzohf | enr&ir_tloaantazunauiocliosimeuginecorrreaaa | oaniecocueeetzm_asnocadotrcenohoznromenend
T	724	4	0	0	0	mode rari	n&diiulamloledramdgmaf_ | zudanmmiiopnmdf_ztueirem_icarplincmodehaiie | aaufnrodroazcnnoaooidmlniougme&staaheamneem | eauaionlmo&ge_notnrariiaaicczuiasoraleerutnr | rdsoaoionzucaeo_ehooneeromcencnmtecnzntade
T	725	5	0	1	0	accet adeo acce erii tiri nomo	d&ndmguam_difamiraeloll | eriid_emioifapaulidcuhemdz_apcnmzenrnimmtio | oondene&iuzriuoosgmnaaoadeomnafatrmcanaemhl | eirzunstcarcraaatiriaoueni&guoorneilamne_lao | uoneoa_ooceanzaccetnzdnomoeconemhtieersrdn
T	726	6	1	1	0	rouina alla idei arai noia caro	ufallanideidldrmmaog&m_ | iiadutaezfon_ne_mcdouiihmzpemdaliprmcnrimie | nemnoiarlzhemmtsna&oeidooaugfouarandmncaaoe | mn&ecgcarouinalaraireaur_aoninaetulorsieztio | roozecneanh_ioretondtnnmnoscoudaczaeoeecme
T	727	4	0	0	0	dama iure cono dire uria	damaeun_ilolgmmdald&irf | _mponueenpriozicemdireutdiidmiznial_amhmfca | anailmeosdiruhfodntzoaenoeuamom&geancrmaoan | ina&aeiurectcolrinlaootrmgsan_uriareuinaeaoz | maceacr_ornzmozeconoaotsoeeuonnethdnidceen
T	728	4	0	0	0	uare area nana tino mire chia	ng_erofmaima&aldmiuddll | miredeem_nua_ednchiaiifrpmdozitoimniacluzpm | idu&snanarftaadnogieamoemrnumolzmocaoeaneho | manaeziouareaigeolianucrs_ecutnrroali&tinoar | oheoundocrinsmzeeateceezancnr_tooanedmocno
T	729	5	0	1	0	auria anoi toma adir idei noia	_luadnemgmlaodf&miadirl | murnueftomannrlcadiczmoh_idizi_emppmieaidei | oahaiefnaooe&sdrndtgaalmrammuoonecmnenoaziu | uauriaoenlceosolr_ricmgre&antraanoiauziienat | zzuaoniedmnoe_dneeenamtaenootcosoerncoccrh
T	730	6	1	3	1	uenire uenir perii tane erii nota	llgainoueadmdrm_m&flaid | rmnmperiidmtacamn_ildezeemih_fpiiudcoaozuin | iumsmhmfomrlodag&nnconenaeanaieueadatoozrao | rlraiteisaarlenouenireaoaonau_ticgznucoim&ra | osnnotaed_mhtaneeonczzericcnocdeoonmueaeor
T	731	5	0	1	0	mando arno aiii como ando main	arumn&mleidglidadaml_of | i_inrzipcreednzd_pmmainmhtiaocuifmleoadiume | zrnearnoutaeadmoe&munsaomfhglaoiicmandooena | aiiigcanlurncerleoasaeirinaamozrnae&uottuo_r | aeecdcneonsrnozueetrcomonmotcaoendhno_izea
T	732	4	0	0	0	esce mini inna	ilofuendidmldmarala&m_g | eominipflddteanoumazmer_ziuiicermih_cinapdm | leaemmnrsidoraoo&nfeundhaoouaomtemgaacinnaz | oceagaornoicnnrieitruizasaunarlrl&_omuaeteai | euaoocnzt_oddecneezaommetohcirnnornnesceoa
T	733	4	0	0	0	aria chru	ufoimnmrgdlmaiela_ldda& | izznet_mriacpfmrdliaimpan_iemenihoudodemcui | amuaeeceaonimanmdidonnorrtsoogauoazfalenhm& | _anr&iuaioariaucueanaileeocrmtrsotnzerlaingo | schruroceoeoiaeonctoeeeaonzadno_nzmncndmte
T	734	5	0	1	0	cardi rome ardi card item naie	edu&aardlfmaigloimdm_nl | riaoienazcmiufiirhdelpd_mon_mmicemtenipuzda | lmooneanafucardiznreoaaitemoma&mhuosgnaedon | oiuuiraeonuczainns_cearig&aellttnrrairomeoaa | earnt_ddoooeoehnaiecneoeczsnnoomrumztcecan
T	735	6	1	1	0	auerne ddla nona nano tana reno	ogd_iddlailmlaeum&fmanr | iufoipndmmicaeimdmeoznpn_cemra_ilhaiezidurt | nmilmocdaeamaogauernehrmfdtanano&nauoioszoe | rtzanaaeearoneg_tlnuacilrenoroicoumsiiua&ira | ecohcdanaemnsctied_erzemcuoooononatreeznon
T	736	4	0	0	0	tria moto ance uide	dma&_fmlormdiaidgllunea | ipuenrldnazinm_mpdftaiiomczerciemmoai_uideh | nrufidslmmotog&nmcaaonzdanaoereuomiohnaeaea | ruiroun_onameitriaaglootni&ecaeeanarazulisrc | nedroneuncntoedoczt_eaaeoniszooanceecmhrom
T	737	5	0	1	0	dezir mura emmi miei trar cure	mg_e&anmroldilladiduafm | ucmo_e_diacirzeemmieiatnpidnhrniodmifpalmzu | eamomuragnaazdunoemacihletonnisaooef&oadrnm | aseunietcure&zioem_itrarnaaocaiarooaulngrlni | tooo_ondmsaeohdezirnuanmeenoaceectcnzrceno
T	738	5	0	1	0	arien iono soli arie sero auec	dmglamidmarald_folein&u | iroacdcmieepunieaa_lzieiofndzidumhn_rmipmtm | anharzonlaaanifionoet&uusammceaoonmmrgedoed | mauecaouirauia_trlon&oetarnsoliezariencrnaig | ereecenocnmozdonznonheitoc_anseroeatucomad
T	739	4	0	0	0	fece alma uere cont aere aura	almadulgiae&dilm_rmdonf | cpdmoenmliaimuiznaeretfnrmiopidm_h_uazdiiec | edmlfeceomnooutrnsaeaaoiaagauranhzim&oonmnd | omtsliorcaiauoae&rcnnierliruoa_anunztargeiea | doieeoooe_ocnhuerecnemzaconttmrznnecadoasn
T	740	4	0	0	0	erra eiii meda rime dete	admfuaar&nlegldio_lmmdi | ic_eiiizfiznmdetenmphumralimcmid_rnudoeaapo | eaogountamedaamohnnzsrime&cmirnfoneaalaooud | ariiucitglseerraenrzarooii&aoaoulncua_tenamn | eodracnnrueo_tonncdeoaezchonaeisctemzmoone
T	741	5	0	1	0	arien laua arie mila	_fimlaldmrunao&eadmlidg | ieefricipa_i_eonnmmozndetcipzumdihrdmmilaua | iehosaamgunezntom&ifmrmaaonooadreadeaocnlnu | cnmuaaro&rogiarienueanazoeaatsleruionc_lrtii | oaudchooocmnzmoencceadreone_netzaesrtonein
T	742	5	0	1	0	icome auea come mini	aiallfeaiumdmg&ddlm_ron | amef_rntdzmpludiiicomeminimzaediea_iucpnorh | mmgnncfadnooeaenadumumohosane&aaootazirlrei | grra&tieeooulsiriaueaacraeuzaoanriolnctninm_ | aaenmieocueeanoc_oneeczrztmsonrchtoodeonnd
T	743	4	0	0	0	onon didi	deaoalrulmfmg_nmdidia&l | n_tialp_miicdiazoerudmmhezdorfnmimceaeipuni | eaaanisnlaorrammeounaecngddoem&ztmooohfunia | uoeuaaianirluriierzegocon_iaoraatcralns&netm | doaitntczneeceaaeoonondsnezc_rucmeohreonom
T	744	4	0	0	0	inde	gldfaimaianmoddrle&lum_ | ioipa__pindemdormdufimzncarhcamuiilznetmiee | daouaaanldezfrocooemmoitnsnhnaoa&uemaeingmr | oouzrnaeeai_u&rtrrlnuilaartaenaiiogncsaoimec | ioeecnteezc_zmeaoochnnoutdosrreaocmeanodnn
T	745	4	0	0	0	dine nido meno iano noni enon	mfg&oed_nilaalduiadrlmm | pzmcrimiidaenidorfnitmlcemmaaodineh_epuiz_u | nemausaarrodaoouenfndenianoet&ogmaalhommzic | icrneercnrneuaoolmaeao&izaalsuiatagirit_nour | anohermdooecoenrztecteomenoniczodensnua_ca
T	746	4	0	0	0	ureo anno nona rera amen	dfrlmdmuiaeilmln&gdaoa_ | numfmzi_inuhpoedairmrdciiltedzioem_iaeacnmp | amenreraosootmlgandeaofnaunihomcnoudae&zmai | tznorlauilune_imenioarsogaautrrairaoin&eecca | nnerceonezheozcocscotadoedmt_meureoiannona
T	747	5	0	1	0	lande mora aria mada uene mala	u_raimalande&mdlmigolfd | oeiizemzamfeidmoraimptupnnaicnhi_uldcdmie_r | nudns&madathmaoigcieenanuaooeeflraozrmnaomo | cricgtlmrsneaoniurnltoe_nu&aeeaaiariariauzoo | neonuenectocroonohsra_ntmadoczneemdcoazeei
T	748	4	0	0	0	rare uiia miei naie iano iere	idaemlfor_aimlagln&dmdu | iiu_au_mianozalodfhpipcnemterrdmczdmieiimne | enegiuslaatdrmiaohonfmouaom&cmaaozaondennre | ioeraianorrluiiaac&cotoalgntmeanuesu_rareizn | nonodoeoctecmoeseamhernuctoz_nnaczdnaiereo
T	749	4	0	0	0	nana ceno cali aiti	aim_r&adlmleflmgdiodnua | mii_pnnn_maitidoerhzcfieumrdoacieplaemmuizd | o&oaluchnanmadmmgtieodruieeozaeonsronanafam | aigrunerrcenottnooaliurcali_aaounziieas&maer | do_nhacseoczutnocneenndeceaetaooreomozmrni
T	750	5	0	1	0	mandi remo aiii iere dila auro	lelmdrf&_uoagmmandiladi | il_dpieremmumiamdaiczifpnheicremotnni_zauod | smaoelarzngmioandnauautfoonam&randeoheoeimc | roes&zcnauroolcloa_eirteagunreaiiinmtuaranai | sdcmeenaonoenriudoaeechtnaroenooctenzzco_m
T	751	4	0	0	0	cosa diuo mire meft anni	iddnfdoaariuem&_lgalmml | mire_tairecdmmnomnlzidiuoiznahdcipmei_epuaf | mdoumeftanniulzoaamosadoeacgnrhe&amoaonnrie | oirrusoaireianiuealeguacreotinmtzaaocnnl_r&a | hndcosaounocooa_oetmnercnndoreazenetceeizm
T	752	5	0	1	0	ladri domi immo dine moda ceda	mdomiem&aladrigl_fuladn | _arieimmodautfdineemiaripinzuiocemh_mcnzdpl | uemnlmonuiomaonranogeraodazamahfcedaie&ntos | aercginutoos_cltiiareoorneiarzunauirmnalea&a | ou_zetdinamcmoncanoeahennzrsrccoooeodeenet
T	753	4	0	0	0	note sire leuo iole done onde	nlam_gliidfm&raddleuoma | eimfdahnmlmp_icdmdeamuzopiiaeciezurntrni_io | asnotondeangroido&aememmoznuforuaamlniehaac | aze_iole&iiniuetunaansiretoarrorncmraugaolac | cenzozhenmeedoneocnnoteceadaoicstm_unaorro
T	754	4	0	0	0	doro uita uiia anda	ifeddm_uam&ailloardlngm | iapmeimdriomzdihupuitafele_zmiendr_ncnacmoi | migofra&atoinmodnandaunmauzanleaeoemohocser | ernoaaoztrlauiiac&anogieeiimucurlt_rneaaorns | cma_nztoezonieosnnehecocaedoroetnmenrocaud
T	755	5	0	1	0	nuoue daro gion mula	ndlgormlmaddei&ia_fmula | diihciiueomctnpuonznadpmziiriadmref_emam_el | aodaromt&rmehzdofonnamunoeacegiumelansoaian | rtarcloinuoueerazaaaaegionrurl_ninctims&aioe | eontecmidroecohsnzn_omeoencounatzroencaaed
T	756	6	1	2	1	uiacen cento nino ento erra cire	&meol_dnmgallaariuddmfi | nu_irepcireidiaclatnihumm_miemmdpfeznaoiozd | segah&omaruiacentoninoornuadmemmaadoozfanle | mcaecorazniaiauinreu&utglot_eilsaaionnerraor | nmrcozeeesaeioondcmo_dauonrecaecnznotonthe
T	757	4	0	0	0	chea tche sene coha dila	o_mmmldnaeuiaf&rdiladlg | pzrii_nnaudacohaenedofmtmi_icmriupedmziielm | oaehnirmmfadaootnaoraengazunmlcseneau&ooimd | zam&nliiiaorrcantuoreenuci_eiatsorraolgeauna | adzintcheacoecsemaoeoroneuetrnncznoeonom_d
T	758	4	0	0	0	arti care hene nodo coro main	emmmainddl_oialdf&rglua | flemniarrcpzmoazunpiidi_dcmma_iiiedouhenemt | aoeanaimfechmomrmoaidodoanzngleesnntr&uoaau | uinartii&_eroacaremrntalunlgisnroaiezeaaocuo | nndncmtheue_ceaoneecoroanmeezztscaornodoio
T	759	5	0	1	0	crine iene reni cari	ga&iar_llimeddmnlfmuoad | pcazmeoitmhmidpuoureniene_mlzcarimfdniii_ad | laamihaocrineoaeaonnaofaeutromngdnesm&dzumo | raetia_rn&cnonmlugzaucirtaeioaeoaralirnsieou | hcacoeonnzeeedoemdeosunnmoioao_rncarnzttce
T	760	4	0	0	0	hano moni tolo	maaaddolmrile_&uigfmnld | mnteddilpcrozo_eirue_andcmueiihaziinmfmpmai | da&anmamuorhanoumzndeigaoecaoeasomtfnrinole | anrizrsu&iamoniaaaaceecliiunreu_tolorraoegtn | ezaaniueetcmn_ocnamooocsrdnnoherceeotozedn
T	761	4	0	0	0	couo uota dami tien nomo uiui	ad&r_fmialuallmdegonmid | dimippztienloianeemhmddamio_izucfnurcr_imea | onuhan&ainomooufmdiealagreamnztrdoaceamseon | oaiettnoararzucs&laeloar_nuiuieiocgrnemaairn | mdieeozctozarson_eoeneeecouotahodancnnrcmn
T	762	4	0	0	0	ecce laro cano anon doma uera	lnlaadomafdeml&gdmuir_i | iteiamodhpmriinri_oazdduumeccemannliiefm_pz | daan&nmhigonfadreuitooceoauzelaroemnsnmoama | acloaianrlemueuzroiucirgn_asaaaoinoet&nriert | srmnadeeoenetocoezohi_noedmueraotzcanonncc
T	763	4	0	0	0	cono tino cora	dalaa&rmdeldmulnmgofi_i | npiemrcae_eidmindlf_eiatziniuoorpmuczadmmih | mesamncoraamnalzoueear&amtooooanhfudegiindn | cetsraelurocuouaamoae&znailai_girntinoarrein | nsohuaotdneemaantmeoor_conocirzdcoceeznene
T	764	4	0	0	0	remi armi hima malo aere uana	armiemo_ia&allngldfmdud | _ecn_iidrtaimfuzeimipoihimaloarecemznpdumnd | mguanadn&oalofrhcazimoeautaeremiodannneomos | siainenu&nletritaaecaiigrroacaaozeorr_umonlu | caorinnmeedcnez_oaenoenooahutmectsoercznod
T	765	4	0	0	0	iean seda uana anda	e_dlmrdliomfualnmgaadi& | himzcmi_ncaeiem_ruemmdpiaiptenaroiifodnzuld | of&gunrtnhmooimieandacnoseaozmaoamaeruldena | eoatnnorcoelcmiiasze&nair_roiaargtuieruanalu | zeaeerioaecnunnnsedaozcncoctotoh_edneommor
T	766	5	0	1	0	unire curi unir nire	imagiaddlfrl_un&emdlamo | moanzacreiedncurizmp_l_pthiemiiuimomdaidefn | eurnm&aoonalihaamamemsznecronagtoofanidudoe | trounirea&lrerc_tzincaoiuemnioasaieuglaornaa | aohocemncurdezcomnoennsotan_aonroeetzecedi
T	767	5	0	1	0	reale rima	fugndiaaallldm&do_iemrm | prcuenmdaiczmihemzlrdu_fmoaipiiai_oemtinnde | oaeeminrnaangnfao&ezdrimaucoamoodeumothansl | z_auirucninltetoairealeoa&mnroesgaanurciiora | nemnomrucnetccsazecdtndeo_haoeoaneniorezoo
T	768	4	0	0	0	idea arno time muro mail anni	in&efdlumail_mloargamdd | nupmnmmiezrcrfooz_iideaudipiilmac_atimehedn | oneasniooanftndliuzrmomraheeaoauaedcomnma&g | orotcinrmuroaairnageuzoceaaulaannieseir_tli& | oheoteinemsencezodcnzeacnntoadoorc_uarnoem
T	769	4	0	0	0	mane uino ento dioi auan uani	&dul_afdioiaemrnmdgalml | finoaed_enzizuecrmdauinoprlptme_icimmiahdmi | suodeoaainmnrahrocammaneimgoofntnzdle&uoeaa | iauiairsuoa_emauanialtecrt&ngoerzearocnliorn | ndoentoeezurhonaona_deoaeecmctczninrseocmo
T	770	4	0	0	0	cena nomi none enon dona	e_idmnmlgrmfaodai&adlul | rdeeoctazenma_nnimiilmdiouuimrzpad_eifcihpm | om&grusotehaicrfoaaeauodnmaznominmeeaanlond | toerrtairnzcaoulouirciislan&gne_aoaruiaameen | esttmcroaeedhcmiroznzeenoneco_cenadonaoonu
T	771	4	0	0	0	inde reno noue uidi	armddumnme_diaaf&logill | cooemmuirhlr_eaiicpfuidin_zdiindezpanmmamte | eegaooododnaemuhanmlicnarza&amteunsifooanmr | lnrsnrtuiorezaimgoaelani&uiteaieuconaar_roac | enaoooocnoueoidra_caehcdnttenrenoezsmcnmez
T	772	5	0	2	0	uerno medio medi anno toma snon	dld_lolfdiga&anmuemraim | cipzmeiduril_fmedioapoe_iizumdamntirahencmn | ehgooatuernooauinsnonnaamdaomf&crdiemamzael | iarriraeteuilauc_eoioatcesn&rgrluomiazananno | eoccdhecueoeeinocsonnrtomamzz_aaennteroond
T	773	4	0	0	0	fiua uono iano etre meco anon	&oidgdrelmaamn_mldlfiua | etuimzea_reaiemdn_oiaimumirhcnindpiflpmczod | ermoamotdaeidfohmueraalgnaeznosacuomianon&n | aoiinneaetre_cliru&tiuouaagrzarsmnrcniaoleoa | shmecoctrmaczuonooannnearee_nidedoeeotnzco
T	774	4	0	0	0	auea fili maes mada lieo	ndua_mrfilieolmadadmgl& | iiicndeiamimpcto_nluiraduomndmpem_aizzreefh | icghuraaiurnteooldaeaaaonmeoanozmmmofdnnes& | sguraoroii&_anntluooariurramecniztaaalieeecn | rnhoronitod_caueamaeseoztznmncedcooneecneo
T	775	4	0	0	0	uene alti uoto	fadrolamdeuimai_nm&ldgl | idtendilpizdoae_mnezhionaircpiimc_uuerfammm | noihgoeroomlmiesfneaaneoacnu&nmatduzardaoma | cnosauotoaeeiraa&aec_mzirouinneunaltirrgrial | eciheoamdoznaemconzdnortctnsuenecoon_eaore
T	776	5	0	1	0	nonio sine reno tere noni maco	gnimdir_&lmafldemldaoua | moafiurntppedliizheirdmzmdnnu_eamemacoici_i | maaiaougeacromnonuanmn&torfnhdsoedaaleoeimz | &iarsinenrtrigraioula_lmcaterenoniouozuaacae | mzodezoihoorndnnccttroeemee_aeucnceansoona
T	777	4	0	0	0	modi tome meta	&aammodieadmullnrfi_gdl | ifmcimr_dnmeudzieenadolpcphiutioiranae_zimm | iooudnametazmrsgmienodeena&rhaocnamofolauna | ntomearcrii&grcraiae_uialonnrolaueoesaizatun | ecneueartnamseocnoio_morzdtzennohcoceoneda
T	778	5	0	1	0	ualor arci miei onde tran	afii&rmnadlgu_mddollmea | ahdnpemue__nreadmprioomieizulinimmftiizcadc | oidneoaeuondeiogsluacnhroamoazmmeamntranf&a | aouoe_entsnlececaironairrnaaziualor&imugitra | ctouoneos_arcicceoeeonndmaztrnhneodonmeaze
T	779	4	0	0	0	hono noua ando olio	ergidum_lfa&lioadmdalmn | eoandmezuatdi_fmiculeiandoiiznrr_epmpcihimm | ifrneohonoaolio&aetanocaudmenguedzarmnsmmaa | tasoeuiaaarrriuonnciez_onteura&grenlilomiaac | encntnoecneoeaceomdzaiomrsd_hnouaonteerzco
T	780	4	0	0	0	daua sanr cono fare mona	ilngdmfae&lm_daimuaodlr | eidarfmaidnorzieimidenimtniammclhu_uo_epzpc | amfarezlhdauaionmecemoe&sanroiounomgntndaoa | nrnrlcaocoluzuainni_ataaresmiurr&ogaeaieetio | ncedtethurneormdsaacmonaeeo_iececonooznonz
T	781	4	0	0	0	cime coni rema marc chea coha	laneflolmi_uamgad&dmird | neipcufcimedzazimnm_ulm_aieahroipriiedmdotn | gfudoirnoadumnetslnnnoicoha&mmmaoazaereoeaa | runniatremarclezeuioaeuis&r_giaaaoanorltconi | ceccheamnoedmnnsuooeizcooz_rntdetarneaoone
T	782	5	0	2	0	cesco edemo uora demo anne	lfm&amoldegn_iaradmuild | upplfnradidzetr_iicoemheimomudmizcanne_imia | mannedemornnrodfcgialie&moaatnmshuaeooaauzo | aem&aoaneicuzinauoraostrn_acgiiurielortlearn | azoeeoennehmried_aecrnnococescoduznottaomn
T	783	4	0	0	0	dama rara capo cono deir amai	flmuldndidr&o_amligaaem | anlzcdtu_deireuiimezhrpaedoncapoimif_immimn | ooanl&emsaanmnnoraoeodamaidizhuteeuafrcmgno | oan_iirmarouzuunriielgtcinotcraralseeeanoa&a | conoaennoadeznhecenntoerrsedocmaicotuezom_
T	784	4	0	0	0	curi auan uana amma uada	dlneiamd&rmaafdi_luomlg | zamtami_eoa_cnimehummddrpfiuizcidiopnneilre | enuangeammauanaesiodoorleznmotdaarohocifmn& | ounaiaorttnaza_armlsieacurigreionneeuaro&icl | enctuadaooocnnrztnresnohonceeeomomce_adize
T	785	5	0	1	0	ornai line ance iero iodi fauo	dramlinelaadfom&_dlgmui | mtiodicnniirec_mlm_mnauupzehdmfdezpiieroiaa | hrmcanerodgnalmsfauo&deameonzeaiatanunoimoo | aciioeusloa&gtnnrecmaornaiaariunuaz_tlrieoer | ooooeo_ercnnuchdetiezmnnsteaancemcdneazoor
T	786	4	0	0	0	auan nona nata uana alia	o&diiulagdfmdmllnrma_ae | eaddnrmncumreiopeip__ohzimiizulifmncimaaedt | aaruomhandnonanscormleneadezmimouitfoag&aoe | _tungi&iicuslrmzalianauanataenieoorrreoeroac | deoneioncooenomttaednsu_ronrcmzancchaeoeez
T	787	5	0	1	0	siate iate enza fiio aura caua	dllugmfiio_mde&alnmraad | ncauapoieieozddfnhinrmepz_ummmarmd_iiliitec | gooeieaaeauraonmisnedmrhndazcmaomotlfnn&oua | onrraeainaolc&arirea_siateareomictonzulgniuu | moenzaeeoancncsootodrrheienocndm_nezauotce
T	788	5	0	1	0	cento ento erra mici ueni mena	mu_aamli&dafidldmgnoler | eerohaammopmiciatzmdznnumfil_iencd_iipeidur | anroeengncoaseahlaiuaomenami&dtzofnorudmoma | ninuaurrirroloolcoe_araiseangaatziceueni&tam | eicentocdceanzerrae_hnameeootnnsoozdcmouon
T	789	4	0	0	0	nore urta trin mere	m&_edllmuoildanirfdgaam | oiiieinnripiumtzzmm_aadpho_lemnecmiudfdearc | nodmhdemzanuaiemerea&gaomftrsoaunnncooaaoli | aoneaicaacugaelienoreu_aurtanriziomstrinorl& | ontzicnreooemzo_ntcnuehdanrceodecaaomnesoe
T	790	4	0	0	0	mari alle como nano uiii doni	amfmeimarignollduaddl&_ | deroiimtilmhuerdm_peac_zmcnempfdnaonaiuiiiz | gelohrdonisadnnczmeuumeoatoafa&manmoreioana | nenr&mcrtiguzalleaaoreuinctaaiiorinaoes_uaor | srdomcomoaheeancuncenrzdenanoeootioztnce_e
T	791	4	0	0	0	endo cano uiua doma	el_ldfludramiganamidmo& | ddrzpmfmued_ihiraitmiacieemcoe_lanzuonipmni | lmf&hainaenurmadesaootoodmreoineuzmnacanoga | ilea_rletaeinrnriarirgoocuiuaoeamnocanstzua& | cohendomaamonctnr_ecaeezetordenoonozeusicn
T	792	4	0	0	0	iono remi nidi rosa nona mare	mimei&luldanfmgld_oadar | eoecahzefnidid_nimmnmaremiuzioilcmpp_rtadiu | fonnhoaangmmdimaoaueeslaodume&eaazrionotcnr | _iartucac&ulnelnamtaoargiooiaenaroinerrzesui | eomoodccenonantroinnze_rosaezcneohduemeact
T	793	4	0	0	0	egni daro arte sara faro	daiuolg_mdmeirlad&nflam | naddmreupilmiomeipz_aedz_ciiaciuomnmihertfn | nusmnfaroimmaumoeoegniodaroaaz&adolnencteah | ciruzctiguiomasaraanrrnl_a&leieuoonoaiearten | ae_aoemnhuecdznooeczcnsnnooraedemroecitton
T	794	4	0	0	0	auea uero mezo duri etdi rota	fdi_irlmdnauea&aoldmglm | iueazimpafn_rimul_iohrnipaomnddeetdizemcimc | inaooooraduria&anasnencmezomfneaommglduetha | ogt&iiuerorasarmeciuea_oncnzelirotaalirnnaau | odtsonoaetonheadmomeziroeeenccecnncr_nouza
T	795	4	0	0	0	inte moni sene omai armo	fdleulmlrami_gd&oaimadn | mepmmciudraoulziztimaci_eiepdmhiaronnnd_ife | lmsoarmomaiuannmcatdazeouhnegdanrni&foaoeeo | iomoninteaarccrgaazsene&_luaeorunuioitilaarr | atumonnntmeeeceochasz_reodoorncdazoeinenoc
T	796	4	0	0	0	anti sano omai noma dona	mld_amn&iagaeormiudfldl | emmcdiimlnacda_eomnieaprrounuzimhizifept_di | euohammoearomlngeui&rsanomaifcaondzentadona | meiuosa&eiaacr_naantiouluiraoarzclnteirnroge | neo_eentnaeuorcccisnoarodcmothezozeenadnom
T	797	5	0	1	0	gioan miai tnon molo none	amdgl&ama_nilflroedumdi | etmolomduemaacii_pmiaien_iziemdruinpnrdczfh | maiheluoazmnmooradumn&daegioaneonaersocfnat | uoarrgci_raictitnonelreanzeliuusaimaea&orano | oermnnzsntoonaanoet_emnuhdeidcocczcroeaeeo
T	798	4	0	0	0	moni cono uali hene	llldrad_adm&ueaimgmonif | oerlicnin_mdtiuhimppfdcezi_aameedoiuimazmrn | tdosoiaehanuaaeaeoeamirzmmnlmn&nuogdfroocna | larnrsoaaonrteanraiuznualior_eimiceagtcuo&ei | dnstumooheneicdneearereaezonnzcomconoaot_c
T	799	4	0	0	0	cati mane uemo reno	adm_idrioauln&lelfdagmm | maah_lnendzziioriimiimp_mtndieurdfemcceauop | ramaneea&socamatguemonddloieamzuhonnaiorfno | iaaintuzeenagisiroolrenoaace_catil&mrurrnoau | eeceoroaezomoeztiooaotn_ensmhnurnnenccacdd
T	800	4	0	0	0	amia ddla inan nane neui dima	lgmr_lmii&ufddladmoaane | mutpzrodmommci_ih_eiceeidpamrdainaneuizfnil | onrhoounloseeonuagmtnezmoa&fdrmaenadimaciaa | ueoecintnarcrrantag_unrriseueoamiaal&ozoaiil | camn_ecaoodcneoseoedutnoeczimoenrntnoheraz
T	801	4	0	0	0	orni egma nata	lo_dmdmaagalnde&mlrfiui | tzimapemadncinmoeoirrepdhiniucfl_m_deaziium | lnaeoancuindnooreemmziafgosrneaahotumao&adm | legmaaieoornicaaouuzcrnataolrr&i_einrieutnsa | rtnatciornnso_zcduachzmeemoeeneoceedooaonn
T	802	5	0	2	0	dagli diamo dagl moue agli	dagliumanlmldma_oi&rfed | detunmpaihfndinpuiiezeomrmid_micoaeiarzc_ml | dmonrmaoohrlmiaoangecediamouesa&ftannuoaezn | aomieuurer&cntuei_taizraacengoiliorranlaanso | nheemozcsnoozenmaeacrrondt_onictoeaoeuednc
T	803	6	2	4	2	stanza mancai tanza manca come laua	_noai&aulmdflmgediamdrl | iecamopl_efnitddhzuuimancairinzmeremmpdoi_i | mnduiniroamrdonfeuacam&oeaneamgheolstanzaoo | iotuaieienonzs&rcmrra_nnorteclaairilauaeauog | ecome_ocdaseohoannecneooecanzmodtrtrnieznu
T	804	4	0	0	0	iene noie domo	aeldlom&amnag_rludimidf | idaiimedomoiepeu_ateczadric_hrmmmnzpnfuinli | rmunemtalmnghenordoanueaim&ioaanozfesoodaca | aoenanrcouaurlace_&iamraaieunolztiinietrgrso | oncnnadrmetdcaocoe_hnoieneesruncezmaezooot
T	805	5	0	1	0	nendo hore ardo alle card dama	d_daoifmamlallemugr&ndi | zmfliiaaaeuuemid_cntipdmdmiopniiem_zrhorecn | enruaoogceeooaofenuazdrmdamaminntm&hlniaosa | mtnaauauicnnoaerreiagoer_aro&suiozlelitcinra | eacardozcc_ionendomurneozmaotteheenncoosen
T	806	4	0	0	0	iean sana mile	mruaoaldmileida&fnld_gm | oeazeimrzdidtuieanifmdccempnh_iunlpimmrao_i | mroohzaronuoncefae&taigadnosanauolmnmeieamd | _einsnoulom&eritczaenreaignroroaiaactuulaair | aeaicneenrremtndcedc_tohesuoanmonoeooozcnz
T	807	5	0	3	1	larme uenda mendo indu fidi nera	l&mmilarmendoaadldiu_gf | idepnoepni_reamozzaicme_indhmfidilmmcutarui | dznasinduaihnoaonroaoaogomae&lammeecfenmtru | ciaasl_ag&oitrecaeomeniriolzoaunritanruunera | czdonnnaoo_ereemearezuendacctinenoohtsoocm
T	808	4	0	0	0	dame ogri nere reno zara	glaaum&midailmrf_ndleod | nz_midofdcpnmdnoarumeihreitlaceu_iiempmziia | dnoarsahdauizlmneocaofmneemngtnuiroaaaeoom& | rnuaanoereca&oiogritcuialrenot_imiesnzaraula | onomhnroeccoznereeiacteozneanusdamec_dotno
T	809	5	0	1	0	onoro sena lira uote onon miti	maglemdrdi_anuo&fimldal | o_iiizpnizemo_euticimdneummmrdchadnfipaelar | oronmicunoaaamszfdtoonondnmai&ueaegaraelemh | carn&ucog_mitiuiteuaaanonorozlirarrsenaleiae | nseohoecmadecaaznnoczdcnon_irmnreuoteeeoto
T	810	4	0	0	0	sine ogni fiuo tica uani	ldodug&ireamlilmafdma_n | _ercmmpeziemeuomddzanirntfiuoidiaihpcl_inam | tmmauoaanoognieaecrd&ouodmlmfnsinezraheaaon | ticanasuroa&luanicaogrtzeaomrreunnreoilae_ii | atcemniad_omaoeouheeeonnoontncscercnezrozd
T	811	4	0	0	0	dano rera cime	iaargdaddmf&mulme_lnoil | aild_niiiuzemnzudoicfcimeeppdi_hmreomarntma | euioauosreraeodanoganihaotmd&anocmanmlznmfe | utitrieaiiaemgrnlclranscuaoeaaouz_nni&oorera | oeuicocodnnnsertenomztaoordcezeanhcaemo_en
T	812	5	0	2	0	manza troni	dllralmdi&moaufgnmde_ia | efznpdemupzotaidiiluemdh_mrnceamriioaimi_cn | onmeaeaacogatfroasuzaoiolredneodnniuamhnmm& | nia_ceaerrueoucloniaazmutg&aartroniaireisnol | neunodcndeacseoooirormmanzanzc_othtenceeeo
T	813	5	0	1	0	minar mete anzi nona tero mina	daaegmad_lf&iiumomndllr | raolamchmifd_mpamiemep_eizdniocdziuteuniirn | e&rleodgesdtfannhnonaouizaeuaminarommocmaoa | orueae&oniiseanttiuuanzim_aclreolarrnciaagor | ciootczcezasmeteronn_nuoedehoronaaceonednm
T	814	4	0	0	0	endo mite	ma&duamdiillf_dgaorlnme | iuehmzntdaocrmne_imeod_micuepirzinamipafidl | iotmciaedeodeaamosrnaluomfaoar&nmganoheznun | neoacunonnci&uelrrmsarlirtai_gritaazaoeaoeui | aendoccoh_neerdoezocnoouzecaoramsntmiteenn
T	815	4	0	0	0	isli meii	ul&rdld_naogmimmeilfdaa | hnzdaiimmmeltiaoidarzennpiumucder_omeiicf_p | lueooe&mirmaodatnsneoeauconzmomfirhgaaaandn | inoiranerroegaisli&ciuta_oaraazaeltnnmouucre | hozooenoeoomiemerc_sttnccaazeennnduedcnaro
T	816	5	0	1	0	fidar amia dara urta fida	d&lngmdmilmlfidaraoua_e | imrie_mmadiucoaznt_oipzihencdradpiifeummeln | on&emuaoeunraadialsmacnhmiaondogaetfoozrmen | rioiuraoaeasrn&ceunroiinne_ltcaamiazgeurtalo | nreaintoocnoecnnmmrteoeo_uoeazzcsendchedoa
T	817	5	0	2	0	uando uoria uedi ando	aiaruodn&glad_dfmlmimel | cimooi_riauedipmpnafucztmzrnmimaedhel_ndiie | omoadnooemcziueanfm&targesnuandoamnaroiehla | mcoer&iosiaennnrgaotuzrnatlciaiaulr_uoriaeae | nencnczortoezedeconesn_eodntmrmaoiaoeocahu
T	818	5	0	3	0	genio cotta dalia moia mezo adun	ammdifm&gro_lndueldalia | and_iuiezzroalieepihecmniin_imrmfmdpductmao | mceemoiaoagenioehndzmautalroa&rooaadunnsnmf | unm&aaerargcottaaieiscao_oelrniiuaznrenlioru | oeescncnhndermdeaoczunooaceninmezooetaort_
T	819	4	0	0	0	ciel reni	m&reaiaim_alfddlludomgn | aoiaafnnidpmihoemiuz_cielcimrmedtuprezn_idm | doamtnnhuoaod&gmauonalerseairnmnemoaefcaizo | elismiroaturcz&ati_nnniarrrieaoaelnaeouugaoc | eedaomzorenisnozucood_nenacnernhacteeocmto
T	820	4	0	0	0	aiii seno	d&mmaianiladfgle_omrldu | m_rcmiioelaiiniepzrutaimpidzdonmmeacdnhu_ef | narmncemtronaahoogisddoelnnaaioauuzfoema&me | rtazeaouroiataiiinsmrgcrcouna&lln_eaneoaeuri | nmehoozccaetudaneoeitzcdoecsenoraone_nnmro
T	821	4	0	0	0	aldo noia	mlaldom_gunild&firmdeaa | ufieeodzmpnmiodnraehtucirminmiad_ilmcea_pzi | cmeanzlrtedhaunnioedmasuioanofaomogareom&an | ieaaunlaenarognairocnoiaoctasee&rrrmzltiuu_i | rencdceoouamznnrdtheooaozeiacmceotsnene_no
T	822	4	0	0	0	iira tiri cede armo arma	umddf_ianarmoedlli&lmag | aphomiimmmeci_dnfimcda_iirarleuezitnueponzd | aaacuoniodrnaeoneinfamomeohdouzarma&mgelsnt | arlugma_ea&oiisrztnoaanrruoeialoanctiricunee | nruczooeinn_dooarmczneemtoeaonascncedeohte
T	823	4	0	0	0	alma meri cono alii mali	eaidniadl&mrl_omgadmful | dnufoimmeriurihnceatcdaipzzmaliipdemn__imeo | ocatfugsnaoemrzienualmaod&enaaoneaoonmmrdhi | _aciiuigcslrriareoaonzleiuouttamr&enaernaaon | nnthemoizesanmae_drcctueereconoooonoaedznc
T	824	4	0	0	0	ance trar ando dita ceno	aidemfuilal_m&lgndrodma | ahditaezmlncopcmipaurme_unio_fmdneimrzeidii | aimlamonceohou&ngiaeeutzdoranrmfnaaesmoando | eirazrainlaiacaoreogius&otnt_mrueilecuoanrna | cenzosnanceoinnmoeuheecenoetrar_dmoocoztad
T	825	5	0	1	0	garda uiia moue cose fuga	dldoifugarda&lm_aemlmin | umamra_meciupncimadnnmddehilzeieit_ipzorofi | aaanocnmnhaaamromouei&fonndmtuodeeeosalzrgi | a&tgo_ioeeuceuniemauiiaosrtznarlarlronncraia | oddoainn_tncosezoceoencrnhrnetoamcaomzeeue
T	826	5	0	1	0	noria nori fiia hima iano amor	n_dmllua&amorglfdiidaem | memcu_zhimatdcnureini_epaildfiianmpioodmezr | &oatgenilrnaauoaocmdumaeoozaarmnsfednhimeon | oaegiaai_rianoriaoet&nllanrrrsaunoueuctzeimc | eannceeaeonacetrcezddnesohoomionn_tzrcmouo
T	827	4	0	0	0	modi dila tero anto	maginmdl&ruladilaofem_d | mmodi_radenmzuimcrtiinufpmhziapilac_enoeeid | ooucsmnantolmooaadrzefmrhneeaod&ienuaaamngi | oraaimsinr&aeelozteroceotrrgaininluiu_acnuaa | eohnmeorozonaoeucdnam_ieconazesntreoccndte
T	828	4	0	0	0	cote caro meda	aeglalrodnu_dmlfam&diim | nhipieezmedadiifl_oatoirumcumpazdmiernnc_mi | oomeirnamotnaifoholearzsamneedn&uuonadgcmaa | megrnlrot_aisnriiaal&oauueecanzcarotnioueair | etmoscoteunomz_deeceacandcironnroonnoeeahz
T	829	5	0	1	0	croci lanr omai noie maii doma	radfniimll&gad_amomldue | optnrflmummuci_madoiiihza_drmneiazedipieenc | holmnneadznaadomaiise&erntoaunmaaogroceufmo | aeloeiu_ttosgnin&miaauonaarrelanrezircrociua | ouaeemcternde_dczonhtcconnneonoieazmooears
T	830	5	0	1	0	signa sign orni rota ecce	nd_aelrmdoalfmmuild&iga | hadrmzeaimeuzimoircnmaudin_ti_cpepmiidloenf | &aaearnsooezcnfonoanmdamuniigdmaheoaotulrem | e&atiorniolcuolraaesignaicaart_errunmeuznaoi | neccee_ornohnddmezsrotaoieoczconnaumteenao
T	831	4	0	0	0	miai cene dafe doca rema ieri	ellmnmaald&_omidufaigrd | n_ndznmldaeziiitedafecurc_umomiairoihimepmp | mnumndacooe&mzermonoouearahtngislanaiaeafdo | igoiaunoairnlaieriloaa&nasrteze_umunartcorec | nmocoaeceneoeznhdocatnesremadoioreuntn_ozc
T	832	4	0	0	0	sede anti mais leon temi	_ulamdifai&nmoaldedrmlg | ndmrmmaiaptemienioaelcuznhdcuif_rm_opziedii | maishnza&orioecanguleonronaemmoanueoadtmfad | crizrrnaoeoiguete&niantiloruaiaeaaosnrm_ucla | znmncouee_eaadzncoonoaertnorsedehoomccneit
T	833	5	0	1	0	onora orti dina onor dono	mmgndf&llalra_iaemidudo | ieecmdemrnizc_ifmtaaippiriumehnonuaz_ioldmd | eeaz&nofonadsacumlnoiohoagoadinaamntmurreem | oaung_eca&aicaeiaeuiemarznrnrllitnaosrouorti | cndonorauoeenamedhoiseeccztnanremnzotec_oo
T	834	4	0	0	0	mane alni aura nota nere raro	dlrm&gud_aalnimlfeiomda | practhmuneaoidipiniamic_e_odlmfemeuzzrmdiin | dmnahzgoerinnotamuimaneoaoaelc&eurnmaadoosf | iznteicruaiaoaurarogiaocna&lnresmteoa_rneuli | ce_onrahoecmnerenzzucesmaointoaddoecnotnoe
T	835	6	1	1	0	cantra damo cono uede amor	i_dmd&fneiullagadamorml | rmpzrodnfimtdda_e_eoczimeipnimaumcihunlaiie | moedimheioraacueenzosoraanufnaa&gntadomlnom | lan&_aiesumuozrtilnrrnraeacooeiicantraeiaoug | zctoiooeeuedencmcono_rdcnhesmnnaoarzaeonet
T	836	5	0	2	1	niuno eodem iuin urta idei fate	i&fddualmmminrlald_geao | zzmrilauiio_eeurtadmmom_ndpihfncacimpenidei | oeooimafatelnmsaondmaarhniuno&cauzrgaeodemn | nroniuinreeaeargrrnuuilo_eoiicczlstamaataao& | emhrsoecaonceoe_danttucooedezzneaicnomnron
T	837	6	1	1	0	lauori ogri	i&ianemdmgaufll_dldamro | ehirfnd_eazdnmldtccpiie_mimiommizraaupoienu | oiadnnmiah&aemalcangronufetueaaosoommdnroze | oraurtctencilogriaosiealauorienzinm&n_aareua | nsroum_demnozoortzicceodhnoncaeeneeaaetcon
T	838	5	0	1	0	tonte tria dama mere nero amai	um_imgoanrd&fadlemldali | m_onmriameiucteuzinf_lieeridamaipnpzdocimhd | cdofnnlsuio&oeeaoomaanmaameretguazdnimnoarh | reu&lcmcr_ouzeileoaunigstneroaanniiatriaarao | chotonteciooeeceosnaeudeomaz_aneomrrdncnnz
T	839	4	0	0	0	mail neri uomo mona	daofuldmimlirgal_&nedam | oifrdiaipzmnteuucadiaie__zoincldmpmneriemhm | gmailoenumzoneacaemr&oitraanduomonadofehnas | eo&iarcargcutaantrniiaeeaaeuoirnszlilonrumo_ | czrcuoandtocnoosdozntaeenrioennehmae_ecmeo
T	840	4	0	0	0	auan nido nare eiii caia	gfu_armldlia&ldnidomema | dzmimtmcoapeuicroaeiiieiuhnrdpnnidz_mael_mf | ad&oouliesamragoehmonnnuamietnmoareofndcaza | turrtzlsnnaeoinrooucaiaicgrauanrmoieea&_aeil | hccnaoeu_ceoeimeooatsrdoetcnnarendmooznzen
T	841	5	0	1	0	senon seno doma enon main	iamunrm&ldgmfaedld_lioa | incatmainumdimpanmfe_edieezzcimhidr_pooirul | nfdomaargomamaadihoem&cseazueorienunootlnan | uaoairu&era_enaiintsigoieoroacrznaeltmrnaluc | eroczmuaeadcnoemaoeeitt_nhcrdenzcsenonooon
T	842	4	0	0	0	anio amar domo fenr tane dira	mlilaa&dalmfenrdoidmgu_ | cmzdn_iia_prfdiraideohmpielmoeniaimctueuznm | encnduoaniounohzmgoammtaoiaeosefeaamar&rnld | eiinncruisauarrn&earagtluoaomczanoarle_ieoti | czz_aecodomoesaniherooodnncumoecneterntane
T	843	4	0	0	0	euer nona dime inon	fmlad_emurglnald&miadio | namept_czmfipeimczlaoinuuni_hradioemidrdime | ramrmoeinonaioduhncatgeaamonoeuzaeoanfldsm& | zar&rinolilat_ateogiuaaanoeuoeuersciacmnnirr | croectnadieohnerdomcsuoeemzeonnonzc_naateo
T	844	4	0	0	0	anne tori redo anni	&ld_iaadlelnidgommuarmf | iaiheomei_dniaricpaeoumepmidlzncz_trnmmudif | gdornnra&manneletzdhaoooaeimuufmscaanmioeoa | oaetorianz_ri&lrrcmaoaituieaoureugsneannialc | rtzctcunnednhecmeom_neoaansnooeiredoooezac
T	845	4	0	0	0	mini noce nidi suoi mede rima	ai&l_ealmodmmfuliadgndr | o_cmzrimamadieeopfm_azeictneminidirduilnpuh | rmaonnmcaghamouaneeonofdaosuoindtei&aamzerl | e_&rcinlacilouzoniimeunaaaaortargrestnoueira | emedeacunznh_atrriacocenosoetnenmzooonoced
T	846	5	0	1	0	tarmi iiii domo armi noua cote	liaimfag_mal&emnodldurd | m_uiiiieadotcnzaidemizucinlfnmop_pmarmedher | rionaofaonemmnsueadzicdoaauom&rmeogalahennt | aoaocatnouauringsiezealiuenncr_tarmirleao&ri | aedzezenmouarhis_neocotencnccoearndomotnoe
T	847	5	0	1	0	unire nire malo unir cono nore	&_aenddluomlridgfmaimal | i_ddcznurnceleoaimzmfmpiaeu_motrmindhapiiei | ingm&aaeaooairumemlnaoamdoesnohuadnztfcnore | onemaloua&czinloaasittnr_rergeiunireiaorcaua | cemnnoinctctaosrheanraodedeeme_ozeconounoz
T	848	4	0	0	0	riii neir cefo rosa rota nane	lua_eandrliammdfm&idlog | nriiiei_riumm_utaaiiedzpnnhdelapcomcefomdzm | dtugnaunnorlooimaeoasermaacn&mooziadnhmefea | leincoeaor&lroaeusrciaaiuinui_aernngztrotama | mtozneirtomdenanerosaeonuohdcnoo_ezcneaecc
T	849	4	0	0	0	taro	iladam_&molddluignefrma | fozd_pzaum_imnilmdcmtdeiheninpaiuroiaecemri | edanlhsoietaronemmmoardeioanfo&aaumcnnugazo | soceegtnrnumolau&nrzreroiaitrl_ianiuaaaoicae | nncoosoidenmhe_mcenrdentazoaorceueecatzoon
T	850	5	0	1	0	laura uili aura mene	ondmamafddlluegii_r&mla | cdmene_uhmnedoizpmpznmeimauilirrcdiif_tiaao | nesadoimzoeneuofnrmtmealinaguoanhaor&oaamcd | ieiagelaura&oloescuin_ucrarneinormiaazorttna | uioeanecntoz_meoonrnaeoorezehdaesmtncoccdn
T	851	5	0	1	0	sauie dolo saui ando mero meii	aiulil_mg&adlodrmnfdmea | plmunimid_iazrn_edirmeiihafodzocetucnmepaim | o&rziguamanmerodtaenandolonesauiemofaaochmn | gaaranrueaccmoeiruleuztoitsl&o_ianiraiaernon | ceotmducztaeadonramzneniorhcoonenee_noecso
T	852	4	0	0	0	moda endo neir	aafldmadnmlreigiod_ul&m | ceoipnilrn_udnmreeiitmufozm_iahcaedpadziimm | cezfrnisuogom&anuhaeonmladmmodaantniraoeaeo | oureai&inuilaintueainoateaocmrsernrargzcoal_ | soezoeendouhzamocaoecnenmocneirndoettn_rca
T	853	4	0	0	0	tini area	alaluegmodmi&rmif_ddanl | ozectmdauierpziadnumceldmhorm_anin_iiefpimi | ialueareafmgcaimntnaosdanmred&oumaooonehozn | ciuarorrlsuncnaamralaeioziegooeaea_urtinin&t | aeasrtcndatnoodceceenozeeuioon_hocnrnmmzeo
T	854	4	0	0	0	sare iera done auec dete	mm_iamuold&dierallgafdn | fhdoiiirliauzedtcppzmmnaimierncaeinumome__d | azonaeuemamdoneo&lmocrdtgoohainafrmnsnaeaiu | aisreaairtmnnrgloiuaueca&tzlreoeai_onacnioru | adcohcdeteioonmocsarezeeoutocznnnenaoer_mn
T	855	4	0	0	0	amia mode tria alui cote doua	nuddaea_rllmmmdal&iofig | m__docmnfemzhpmitunlneiadiieuemrapizidciora | oenntdouamiaargamoe&cdehrumzinmsaleaonanfoo | ocrn_naeutioaenrgruracotenmraailasoei&izalui | oennhdoeazemnraetcuosoocnetrianeccmodezno_
T	856	4	0	0	0	iero alno infi insu	r&ldlnmaudamdmogif_iela | ipmaammulmni_entdinfiz_diordpoeeiczmhraecui | udhzmnaoactamn&mnieroafrdoominsueeoaalnoeag | iacaairistooeueongrnrtil_zcnraa&ileunoraauem | zcrohtenniocaamned_easdeemoceontnocnzeorou
T	857	4	0	0	0	iene pria roma iaua	mlrliougelinddmfaa&amd_ | ntinzelzmmdfcnmoupriadaeieiouieaimpc_hdm_ri | ermhnnaaodoeifmeigaaeutcnromaodn&onsmaouzal | tar&icaozieorsnnoruleeli_acemoatgraiuiauarnn | cecemieneoaooncdnozhnoouosaaednnerctzr_etm
T	858	5	0	1	0	sanga aero auan leua laua tata	rdudglflinla_eaimo&admm | iiiareirmeznalauudieopcimnzddc_efmmptihm_no | oleuaenioorrnoahsangadma&caenazoftnmudommie | &amlrioozanaerocnietatanucrilauanesorriu_ieg | neounenceeoazsittdmccnoeaanrcnoo_mdrhozeoe
T	859	4	0	0	0	iate inon fiia liti mano trin	_mfiiaaldrmoldenla&udmg | pedamc_aiizeunhzeim_dmimpunaefnoocrrlitimdi | ruenhzeeno&mmanacaaoaaotogsieoimanofdnrulmd | lireiairnuuosoca&euaagiatertrinon_zolmaaecrn | euoonhoctiemdmcdeoocatnosraneennaoecnezzr_
T	860	5	0	1	0	dolfe aldo aout	iir_dammlnguad&aldolfem | eiomearre_miumhc_ozetlmupnmdaficiidiipnznad | htd&anennauruiemdrognzaoeaocemoasimnooalmfa | onnzraleaaceerunoeon_igaciaisamluaout&rirtir | sneedcnr_atoacnreadoomoemoeoeihncounneczzt
T	861	4	0	0	0	tura nana occa iera nome mite	fmamdim&lrud_oeiaandlgl | i_iriiuiaacimodmiemhrnncpztmmpaddlonef_zeue | ooeimudaefontdmlornomeogueaacahzrnimnana&sa | ieclmas_tieagiicnn&zronoruoruaonturaaieraela | enoordoezrmh_nuenzsnoccaacnoetnmiteedooaec
T	862	4	0	0	0	aato iera rime rene	moaald&gidnmru_eilfdlam | zetefreedaimpdiamna_ic_nmmopnhiciuimzouridl | osnrimeoanoagrmaotaedimhnauzmlceadanfnoe&ou | irneaatouuorrieraiagnm_rezoasllticna&icueoan | mncedceotooonoo_deheozmrtunaasreneiczaencn
T	863	4	0	0	0	mifa aero idea aout nouo dine	nllumlm&dmifad_oraideag | cein_mcopeiuia_dmmzhinulapmzniidiradefrtmeo | ogeancodnhnaoutzonmmdnmruofieea&elmoaiasraa | nocnzaaiioumncelorrasaitrnui_lreag&aeroueiat | emzmceeenentao_codinezanhncnouoretdcoroaos
T	864	5	0	1	0	marco arco cuoi inan nane mala	_frilidmdeuagdonmmala&l | lzphezrmn_inaneiimac_mdiucuoiipeaemdftromid | ensdmoerodhoianaooau&eoufngazrmtaiaamcnlemn | _ooioeauitrgazlernmarcos&uarnniearnaieltucai | otoz_sniomeaeeocncoancndehoceradrteznneomu
T	865	4	0	0	0	amia lira sere miai mile ueni	madmldr&ldaf_oimuenigal | idezuimmeamiaiupeitrndocemfclimzhnroapni_d_ | rdeominmeeotagazfnmdnosairanloaahcno&eamouu | nritrc&milecsereeaiazo_nrioanaouuaougliranat | oeauncocmncnneieecrooszadtezhamdtroeonno_e
T	866	5	0	2	0	forme uarie form uari ardo anno	amude&mfdld_nlgoiliaamr | zneindii_zeaimlumhtmaardocpdic_iumepiformen | oenmicaiheoadsoraneannoomamazueurgna&dmtolf | gla_lnezouraiaoan&nrrsneiicouttouarieacrmaei | cneeoad_znmocuotmesrtrhzoencnconaeeidoonea
T	867	4	0	0	0	mode indi doni nuto tifi	f&mdulirldlmnamodea_aig | rceimpuoem_hmeazidm_plincdoniuaeamzrtifindi | hnsdaoafermnaeamlenungamczroteimnaooiduoao& | ialenutooinzccgn_rrrueioraiuemasaetairla&ano | drocezmt_nsdeomcoaneunnnhoiccaoaenoeeerzot
T	868	4	0	0	0	area impe tiro rimo noia riua	idammn&alfloueil_adgrmd | airimoiuimpehnfpmdezaileim_dutmnoiaz_crdnec | lnnntaaaodoraegusoeoaouomremhafimeadznm&cin | enmttirooinre_asirloceanglazoc&uiareanriuaau | trenznnooc_noeohaancraeneomtscudcdzooemiee
T	869	4	0	0	0	remi nana tela noia lato	dmaudaidlnfmi_&mlrgolea | mpamulmtdremiooi_eei_idaciinmzzdeunrfahipcn | nmeaortmfeeonuagedazdoa&ausomirnanaionmohlc | rtelatoeracumau&inioznugroirilcnoanra_iesaae | zeeeeancnotnohsocueormeznomnoiarnd_cdaceot
T	870	5	0	1	0	dorme cali lena stai nodi uani	agfainodimeddluml_raml& | ounlhrimi_dormeidncimpmapanmiuztzefi_ceedai | gnneohoaumrelenarocaamfnomzod&mestaioaduani | o&euoaiaaanegrrlnntnotouaicalisiceru_erzamir | cdmnneinmorhasczezcctaeetenaodoeor_noouneo
T	871	4	0	0	0	aero mora uono dami	ilmamd&nalrofgae_udmdil | uopdadamicznrienmi_tndimi_lremuifaeocpzmeih | aozoiarrduigfoemnnmnaodheaaoaneotc&mluesnma | iaerotornemoraoauiaagiiu&astncnilauc_erezlrn | rin_uonoccoeacnnetnzaedzdhcmeetormnaeoooes
T	872	5	0	1	0	torni dota orni maio tari onor	mlfeduidma&ilgomlaar_dn | oieepini_zmfdcnademmulruzemprtnah_cimaioiid | nuroaaeaocmooalaumeee&imdotahrsnaoidgnnmzfn | eunmeiootaricrlueeariorsizagtornianu_anlca&a | ameiaetooceuneen_zzdrecndonorshccmnoooneta
T	873	5	0	1	0	niuno crea mula niun mila	dul_dmilamrdiaemflngao& | ma_pitczmmin_niunodaoemmuiidipealeeczrdhrif | omnooed&cagaenimuanznmulaonfermserdaotoaiha | anuseaiaea&eroieaurrlcognurmalt_iziniooactrn | nuedc_ntmoontiesoonechoamznneeadzocorcreae
T	874	4	0	0	0	arco cote mora	dlifa&naeu_lgrilmamddom | nnceul_roirmhempfma_nmmtioadzieadziiieuicpd | iagteuooeaomnun&monnsemohldmanrfzaadriaeoac | a&moraunesucioaeguez_aaaerriliacnoronitnrilt | aneodumeearcoeeeinzha_tnozsrooncnonmcotecd
T	875	4	0	0	0	noce moia doua tene ella	dgaella&dofm_dmniualmri | iiltaoc_pmm_aieimrirndcefdinoezdumuiezahpnm | oreocnnmaidouahmoiadtzagsloenmfeunm&nearaoa | a_airnaauloogecnmetilioraeoritnsanu&rezaicur | heodnutnteneeoeodamznrnocen_coimocaezscroa
T	876	4	0	0	0	uien lari arie iato	gfealiuraidmd&nlmdoal_m | oircd_mmauepnmlediin_mmzouienactfpihiriaezd | nugomeaodztf&amrasaneeodlnohaamemioinacnuro | aaeuoiietr_cinrausenco&larieziatournnalarmgo | hieeonmocco_oeeunaeznnstcootzameaneordnrdc
T	877	5	0	1	0	udito riii iion enza aato uena	l&rale_oammualngdmiiddf | lmpd_mpidemhecc_uditoauiionenzafrnariiiezmm | samrmcifngndedaaatoh&zieaonoaenomoomuenalru | namr_caalceizoansr&iaetleoagritariiurouuenon | ncdsrtc_reocohnoimneatnneeeomazeduznecoaoo
T	878	4	0	0	0	miai noua snon dato rara raro	feloauiallmigm_andddrm& | er_pzmaddoidpznumiaimt_ioifmmninelciearcuhe | r&hnouacmaeeainnrozeuommdaangoansedtofmliao | acatneeml&euozuritn_rararoolrcniogieiisuaaan | adatoueeimomrdeteoneaersnonnzc_hoonzoncecc
T	879	4	0	0	0	cons lena domo nani uela iera	aaniagdemlfmmdilld_&our | po_tdceiafhrimiomlenadmimen_aincumzeuidpizr | icfmeedrnaagodmoootams&analohnenrazuonuiaem | racoroulaineo_z&iconsrmeuuelaatgrtieraianani | ecrreodzdomootzaocnne_oiunmcnnhatneeeeoacs
T	880	4	0	0	0	teme olta nane nece uuna	nruloid&liedmlaamfmda_g | uihmodneceipte_zmi_iauefdzdmrianmolairipncm | oaharigoioltaouunammdodfemcnameonanenezar&s | in&ngtourzraiaaerioeotm_runalocaaiaesucelrin | eunacoetemeeteh_ozooneonrmdioccncnsdnzaora
T	881	4	0	0	0	nana laua desi cose tana noti	imgam&onlmadldfuelird_a | afoimrnanac_emioteemdppziihud_rimzndciulime | azaourama&mogmeoeiafnentdnronnuhdesioacoalm | raeaoialauareizngnotiueoctceuiirnl&sman_rora | errcosehacnedczuemmnono_dooiceetnetanaonoz
T	882	5	0	1	0	tenea mane tene calo amma	faialmudme&lddnmio_aglr | niifzemaauelu_icidmmmrpi_cmihdziodoaepentrn | anooznnaruaidrmanenctadufeooomleeohi&ammags | ioteneaireaizocalonsnniaroagetrcumair&ulr_au | eendeoznrnhooortamuetnocccedzsonicoe_eaman
T	883	4	0	0	0	inna indi delu mati noia meta	dlglmmanaroaideluf_&mdi | indiiircacdumi_mtp_iemzeoeprnlahouzfeimdanm | maamoinnagaeeooedfsoiarmmetaduohnolnuanzr&c | cnintaoimatieeurgusaainoiau_rrec&aronlrolzae | neeceonnrzrsnndoeeomcthaocoeoecu_onamidzat
T	884	5	0	1	0	carta nore ciel	damndfimlilmogl_rad&aeu | nonmnihairfozd_amipcieldmipmuimrceaeudtize_ | nolmmomceadaaogeziouds&ahafrnuoeeionntnraam | rgartuue&iceznllcartanirnoseuemiaoaonira_ioa | erztnuoeamnmtoooace_snoozdiheenccaennorecd
T	885	4	0	0	0	tale degl alei goro egno	udiindarmlmaodegl_lfam& | umpieindrpzumzmocmdaiaen_iefmriclteiid_hnao | raofadaegnoois&amuhzodmunalaencrnneemtimaoo | naaeaiui&et_ccaioluaruenznsragoroniormtaleir | nnacadnhneoitecnzozmorcmdeenoeaceusortoo_e
T	886	0	0	0	0		mddigneafdoialmrullam_& | _inizherimnuaimipimdzacurpdeanmmetlocfod_ei | eaetuainoouaaomm&lnaagsnnraedmzecidoomrfnho | aruaiienounnilgoeaioatetcnr&eirarrazoacl_msu | aemdieemouar_oorncnozonzsneaneeodttheoccnc
T	887	4	0	0	0	olir noii uada nous	ddumlr&loigedaifanml_am | cnoiitdnazim_mrai_aordmuieinecupdmpihmlefez | taofnrienmiamlomnoaehgmneacoudroa&zoesnuada | cuaenousgnneetiaaioa_ar&zluonrtolirrameiacir | rczeatceozinmctsnneuenohoaoeoaodrn_cmdenoe
T	888	4	0	0	0	cera muti rome neui	imdlmmfdledourlaaa_&ngi | faa_zdnilimzdeodhc_mutirnpinrimiomueeimeacp | eniafzmragtnslcmnahoeu&aaoromeoodndaonameui | ozsc_nlrnniaecerauauteaotlriaiouegmor&raiina | neuiomshtdnoccrzd_oamnneearzeenoaccoeonoet
T	889	4	0	0	0	nidi nato cena anda sono mena	lmingridlaldmdm&u_feaao | enmpeiouiemfmlairamcenidihnatozirdd__zicpum | uamfonsono&uandanzmherldateoomoicamenaeragi | uezoie_aiio&crualranacenaiatnasglrnruoemirto | ceoeerneaatecmoasnunootnnzidhcc_mooedzoenr
T	890	4	0	0	0	feda dimo nari inan omai noma	fmirddimoaal_gne&dmlual | dinomaicezmdriuhzlp__pneciemiiuimnmfedartao | deouaoasiotemmogmuznlaninancdaonemof&raahre | o&aizee_gmasruaunarieoietorncoairliantcruanl | nrmcooomnoncooianezdazneensuhe_oaetdececrt
T	891	4	0	0	0	infm anoi mane auan alli iaua	and&rallidgoadfmmeium_l | idieipopmziae_dmu_ectchniziuaoemlrinfmarmdn | cogmasedf&daiauannnmmanetoziaureaooehrnloom | ziuigitoaunorrsuctlaeanoi&iarreraaeeon_lancm | _aoommichoaecnrenorezeuzoeonctoeadcsntdnen
T	892	4	0	0	0	auen anna uare	&ndmeirgaadlm_mloadiful | mmeadmozadmpeheniucldcfeirnriuimtip_aiz_oni | alueefodtoaeaenozron&amconmiahumisnoagdmnra | uoannatgozrocaoimuareeaaleciei&tn_rarsliirun | denozcoeahotcmsauenceortnoemcieozaneonrn_d
T	893	4	0	0	0	nana coit unto caro	fllrdmg&oadniel_imuamad | mimedloiceuaduanmmpnrpairmdfiehziznecoit_i_ | earananahuooatcrsfaguzndnei&imonmaoolomeemd | amizt_isoraceuleoucaroneiliganararnuntoa&ire | raoitnnuheenoesozeordoncdno_azanctcmmeceeo
T	894	6	1	2	0	nemico minar ance tata mina inan	lnr_delgdfld&amioamuami | o_miuetfzcnarapnleicmehdmoui_mniiiziedadrpm | ounzetrinandnemicouarfahoeaoag&maoesaolmmnd | lreegeuz&naiclaoeruntataroiaosui_inrcminarao | anceceem_tednerrocohotnumcnnooiesoazazendo
T	895	5	0	1	0	sonno nona isii main	mdelamilmdo&lgdu_fnraia | izniimupflmda_cotheddpzeunoecramniiami_riem | uegduemnomcrla&sonnonazrinmaheamootfaaeiaod | lmainlau_orategtne&ezrnueacaoisiincoirraruao | nccce_ooeeeetoezooiraunmcztdmonoearnasndnh
T	896	4	0	0	0	lode noua sanr mani filo femo	ldmam&udar_linagmfilode | etdmpdo_iomecmanildemncarreiuhm_iipiauiznzf | cdeardnmhment&nriogaoaaalazooofemouaeusnmni | euaitgrm&irrn_aaznouausriaoralcaencoonteelii | omcnncnatcdeesanredeorhmteaunozoecznoeoo_i
T	897	5	0	2	0	accia tuono onor acci olii auan	migamd_rmdlldieua&lfano | fzlemdhmedmueiitnzi_rrmeumindion_ioacciappa | asoaehmoorrcgaeoinuaaoedi&aulnnomammznentfd | auooliiaa&tra_iseeiolietcnmcgrnauanrurznraeo | acotuononorroicneoez_ethezcmnosamnneddecea
T	898	5	0	1	0	uedrd redo nani item nome anna	dal&llmurfnmdmadg_ioiae | mnuranhziicetladiae_imcefumpeid_ompiormndzi | omntcsroeiofmaaoolamzenuedrdaonmaannau&geih | aroinnnoiucitemruiao_leecaroreursatnzaaagli& | daredoncnzenouehtosoarnanitcmoeoc_enomecze
T	899	5	0	1	0	cenno anoi uide nani midi alcu	amegloldnidla&mrauf_idm | nm_eodumcziameuzaipflmidiirnanitdpime_rehco | smdaeuidetmninenzfcooumnooaeaoanalmrarohag& | aiirraaelr&aseuaticoalcueanoinoionrne_uztmrg | tcosooeonadoczeaerndoemnt_hnieemzcarcennou
T	900	4	0	0	0	uele moda arno	_eniaolmadgldmlmirfuad& | ecmef_epmiarlidtozpuinacmiidrzei_muoihamnnd | eoiznuomgdtanmslhnirceamodarnoan&euoafmoeaa | nuiinlzorcrigoa_etioraueleeao&nriaratnaacusm | nohnnnceoestddzmc_raecuiemooocaeeotnoarezn
T	901	5	0	1	0	crete chio anno rena rete	ddmofeammunr_allglii&ad | da_mrdpimniaziiloiahenmzfmuoudmectreen_ipic | lratemgooam&udnomdochrnaamnuzaeannooeisfeai | arrnrlergoaoiauu&alcaimtzeeatoucaeinoirsnni_ | oczenuozoonchioadoosndcreteeantmeemn_renac
T	902	5	0	1	0	liamo uino elio nani maes otto	fnd&idliamo_gmaaldrlemu | rpzziumiedraaiaep_nemiilemuinoidftnc_omhcdm | duemaesndoroaotcnmzoiaona&eoulrnnehaiagmmfa | aaaoceottonscananium_reairirlnurzgelio&ueiar | tsenzcneenoemc_udeozcanhtcamooeraroodennio
T	903	5	0	1	0	morti cuna orti moni nega uani	&iadlidgm_ldamuonmarfel | uomaieelod_inmdpmazdcntihuczineiprfmrimi_ea | oanrinegaeoasholmnduoetzomcfm&dnamoniaareua | cuna_lcamortisraon&inaeiaaozorgrlteeueuaniir | _tzenetciocdooaennrheeeaeoomnondcocsrnaumz
T	904	4	0	0	0	iera alta nomo	ifdmgao&larnlimdau_mlde | dncmliiimpnazmmzaheicrfaudopin_oudieeri_etm | orzocnahn&eiroaeouieemnfnmoogaadudaaltansmm | aacisnrzngriortlioulrucaaematneenuo&aierai_o | oean_ndeoarncntdsieuohcoeenomocotrznmzeace
T	905	5	0	1	0	nonne ueri inon tnon anda laro	&ldmaunraidedilofgm_aml | lhta_frncmcmiu_odzidpeamniiemuirnmizpideeao | gzmameoaoularoaacfoansnmtnonne&ueiadimdreoh | airnncraairuleuroionatuerialszgmoae_ni&acoet | oeeecetodosrnmeceo_candaoinonecruhamztnonz
T	906	4	0	0	0	immo dire alfi	nmaugddred_i&llaalfimmo | nldrcafzzamihimeniid_muimpnmieerotpdcaie_ou | muneeniosoimafaao&cmeanaadnorlorhmzudognaet | coualomurntgurirtoneiiniaaiaearesalc_&razneo | ceaounnoeeennaodiretmsdtooc_cznenahcoomzer
T	907	4	0	0	0	indo melo mere coii urin	laga&a_ufmndoimmdlidlre | miihurinilind_duacdemere_mifpaaonoitzpmzcem | zfeomeloaoehcdueonomnindomraaatanu&ragsniam | irnluosaagtr_ura&rnaaluonreinitoacoiiczmeaee | zzoeennemronscdacentmocodethcieoa_nroauoen
T	908	4	0	0	0	anna mede tono	idmuommlllrafn&edagdi_a | aieaepulnhdzmedemuiimzmdr_ftoimncira_icpino | ealftmcrmmozisganannaoaeahornndiouoeeoaud&m | elitangineoeraaioucu_enoonlaartuairm&scrzari | ecmoinmradetonoznoooneoe_urnesdcehaactcnze
T	909	5	0	1	0	tenne curi olta arma mali	llndmladfdgir_aeuomma&i | cmaoeantminpmur_zuhni_miorcmealpieidfizided | ofnonntgzuaimeeomaedsa&nuraihedcoarmaalmoon | renrca_oiueaoltagtmalir&ieuneaonarnioaszcuri | naoocaiezmohodetcenzorntennecdounmee_acors
T	910	4	0	0	0	alti	ardl&aiuldi_afmnlmmoged | datndie_epczahmnorueeimrfnziomlm_iiudpamcii | saznfhiiomauulraamdt&ooemoeenaroocenmnagand | zctnaltio_roaeieai&inoraagrunceaimuesraournl | ezoeooh_rscernaeocmdticnozanntoduenoenecam
T	911	4	0	0	0	indo cioi uifi emmi alma naie	ldnilm&rdefgiamaa_udmol | idnat__eihdmemmimzuzeeirniuifipacnlprdomcoa | am&oeonaiearmlnaehcdzsunaumatoeagfoonmrindo | rsulzrncuraten&aringareoio_encioiiouetalmaaa | eozsnamncenunaemcrnoootnteihooeedezrcdc_ao
T	912	6	1	2	1	luigia luigi tura riso moti toni	ldlrded_luigia&mamaonfm | imurmotiapzinudirnamah__ecezdenmofmilcidpie | onaiuadgrisoflcezamdeoeenornhuatonaamm&amno | aceuirsraeuonaanaarriezllig&einmturaooicn_to | ehecoeenoeczatonidzoonroo_rmnmaendnuscaect
T	913	4	0	0	0	note toma nire ieri nare anne	idlmmud&lgineamoalfdr_a | f_muimocdnpizudiipcmeelznireotmaae_rimidnah | eooseiaduf&naumdaznnelcngahmonmaraooirtomae | um_iotialgnareoriericiauuannnoteaslc&roazrea | oumcodzmhdtceeoioeanneoeoenaocesnna_cztrnr
T	914	4	0	0	0	duce noue ceri	and_mafdudelagmm&irloli | irmecdii_zpdiptudznolmeauioienhmrnm_amecafi | aeama&ntodrmemgizolfnonuaaooaduceoihsnrmean | oln&zaiaeeaeucerinsnraiotimnoigutrlaacrou_ra | scae_ctoeehzaeodmrtmioenaeznooorncncnouedn
T	915	5	0	1	0	uoria crea nore mero noni enon	lmmaougimin_dl&dedaalrf | iiiahmnceidml_mdpeiunu_rmerozpfaocntmadizei | nnorsroncouummoaaoiamlneeagitenzm&daehdoafa | emeni&tiauzcrlotaalruoriagaaurnore_enonicasi | enmscreaao_itecezedohnunnomtndeazrcoocnoeo
T	916	4	0	0	0	lata lice naie	_elunmmrflli&agmiadodda | tmimrmounndaehfzaiiripmpueiadce_inecmlzd_oi | onnaelirmomomaohagzodnosma&adtenauuecrfaein | oaoalatai&sen_rturneoagaonaiencuirmriurzlice | ceoinrncemoeaneaoooedsozudenecnatz_comrtnh
T	917	4	0	0	0	uiii cato mano iima	d&oludlimdmrn_iflagaeam | meeeenndzmrotdlmhdpuiiimaoi_cnimac_frzuipai | ioeeoeontifmuadmanosgaramuaenaornhaomln&zdc | elocatounaoarceaninaoersrizinui_ui&gtlemrraa | crnaocnedonmoooeztrdun_tomnieaeonehczeacse
T	918	4	0	0	0	adeo mini refi nane cade echi	di&adalmoma_nlgulmdrefi | iaufipnopozimumechiledaztm_aid_eminidermrcn | oarzdfdeisautmnamlnogaoeehraoa&nnniaemoumoc | iulniurunoearmaateae_onagcaznatceio&riroirsl | ncneodnanetoecadeoeatnnoie_ozmcuzmocrsroeh
T	919	4	0	0	0	mese neri naue ione coha util	&aarlddaunf_eigdimmlmol | iicaimehemeomierzazmi_utilnpfo_mcdnirupadnd | srnzalmtoaaangufaoonaueiireeeco&onomndadhmm | eoersintiaaacioarnnumroltueeo&gulrc_zianiara | dt_cmeseoroeneoanudmcohacoonerioneaznctenz
T	920	4	0	0	0	lino erre cine doca	aamnelrdlfo&l_iagudmidm | _metnmfniilrmic_muprauihzeezodpiamdacineodi | foogeaalinohnuroiaamtameaadncrseunmnozmod&e | _aloacnrioiinluaerierreroeztcau&nmsiautaaogn | tmceochormnnieenedesodocaeraouonenczn_tzao
T	921	4	0	0	0	noia uono noto	faaeddmna_dliglom&luirm | zuirdihnezmoepmieaecdiimdainifucmtor_almp_n | iszmooiooaenaaracruddnemagoauemn&nlaomehntf | rearoaeeriun_sinlngtcazleaaatuuonoiairoi&rmc | nncerdemtohcorsnaonnzucezcdaoa_eenotoeomei
T	922	4	0	0	0	caui riti uide tane	odfdnruamdgla_lamimei&l | e_nchimritipipommazducdmmi_rlzfioeanuideena | tngnceazf&eoronrmoaodemmenhaoadiasmounlaaiu | eezaoartaacauioi_smongtaneucnrurl&raineiirlo | d_zmaeoonoenchaesorznnortnndeoiomeacectceu
T	923	5	0	2	0	diate amano medi iate nouo mura	dmeiiaalruo&fal_mndgmld | conddpim_ucomnmedizhipaaule_miminreztfaieri | l&zamanodgmuraaunmoesacneihonnodeoftemairao | lonioin&raeoinaeatmea_glnirecraraztacouusiur | ecetdiatenouozoconescoernennra_mhndomcaezo
T	924	4	0	0	0	cime uada	_iafmierlldn&oadumgaldm | riunmaeeplnnm_izccimeaazudm_oidifmedprtihoi | fnomrnnmiangeas&oloodaeehtmnaaoeuadaurziocm | rnaruaoeuiinaoeg&oturneinllicraeaatam_roiscz | ecmnaci_oornuontaoomchdeoeaeezortendzncens
T	925	5	0	1	0	emina amar ardo mina amai uedi	dfroand&mluediiaaml_lmg | dmeminamainppfzcae_iioerodzeumrhnidcmltuii_ | nazmuaanmoetnmamganfoeieheanluscooardo&oird | elrasazamaracienul_ntnaoeoitrnecurrgiau&ooii | mcnezerzmeccoaotiado_othuaeeonoencoensnnrd
T	926	4	0	0	0	iene coia immo nece tome trec	rd&amlnimgafladu_iledmo | immoenddpuacieazliimueerhoirid_npzmcnimtaf_ | dnzimatomeaafaaonormlaincguo&aoehnuenmrsedo | ieaaaogcoiaerur&aourzneanicrursliin_otmlenta | uadnshienecenoem_ncoroomoeotrecendaactnzzo
T	927	4	0	0	0	uale meii	df_ldeunligmoalmdriama& | odiuraiicmzaron_ftmadic_nidelemunmeiippmezh | nocunitunia&moaaagsrmoeoreenelmznadfoaadmho | mtnileurorgoc_aaaaoninioerzeualeat&raunsicri | eoazortn_eeazocooansodunneeceonncedhicmtmr
T	928	4	0	0	0	agna naue inon	anodmeardlfd&auligmi_ml | idemduaoaiaihzier_c_mmeinonrimumcfnzppilted | eooafieotazimnsndduhoenua&momrcnagnaarlaoem | aocteolrimrrlnceariuoaa_gntriiaaeou&uizennsa | m_ntazeeerccoomerncootnzodnauehondsaoicnee
T	929	4	0	0	0	euui erti naie moni tana	iddiaomufa&dme_mlnargll | dieumcoemielerunpdi_nfdpmnahztrmiic_iiozmaa | ed&aameanooonmohmudgsautanaierfozmonialecrn | lertioceuuiinrainosueanoaaar&c_razgemtrnloia | aeounceonmeedcdcmasnrtoiaezohorneo_nezncto
T	930	4	0	0	0	eifi dami pena tino raso nome	iafaledmdamiougm_&nldlr | mmezpenaaitm_rpzd_moundmcreifihilniedciauio | aumef&idcogeaoansmdmhznmronutoeaalnaeoairon | irulanutil&nnauoioarmztaerasocgoecinreae_ira | hdtinomeoarnecennecoc_eanzenozcurestmadooo
T	931	4	0	0	0	arci iean nano nomo mafi reno	_mgdfiluaodiamnmleadrl& | pmnitruhimuamzcmezdreieinc_naopmafidldiieo_ | olaoemniaaurdzidmnrtoaoanmonghoaf&nceamseue | ltsocezi_anneeionro&ioarcinaarlmarraigutauue | ezcccde_urenooetoondemszetaorcnnanomoieanh
T	932	5	0	1	0	uario ento uari rene uena anto	adlalroela&mdnmgidfuim_ | iunihdmacdmodnmon_ralaezcetie_eiifpmripuimz | otadfnlirnoouarioenamzadohsaceameamunnom&eg | iraoantoiaiaue&m_crnlztnoouicuenarsaeiargrel | caeseczoocae_eomdimcuooohzaennrenentonrtnd
T	933	4	0	0	0	olto damo emmi eiio unir nate	&dumlnla_magioldfmeaird | ezupriilhcpioanr_dcuaidemmiimmmfznedoinate_ | noatmleamneoauaasdeicroooiaoanugfmden&zrhnm | uusngeemunirianroetiaaraaacnoltolcarrzeiio_& | oanezrnzocdamodtinuemcsoonneheceereoatonc_
T	934	5	0	2	1	tanti etant tant anti meco rime	gnfmoelraadaddlm&ii_mul | dpmmd_ciidchnoumleaizimnaaie_rimenrzutiepfo | crunu&aedonmatlaoeaomghsnfdoinoezoinemraaam | zaoeaa_ircinrnetantiuoersnaeocguiorlmla&airu | ndcznoeem_eneomecooztaecnrsnriuoeacaoodhtn
T	935	5	0	1	0	usino riii uoce sino	imflld&nr_iaaaumegoddml | anzhmiupeafima_enriiiorieucidzlmetdmnmd_pco | uaanlreauhmmazef&nrmdooomeoeaogndcaoinnista | toai_oncninri&aaemlriutoaczugraaeusinoarerle | nmnceanear_eetcnordmooicaoenzodntzesuoceoh
T	936	5	0	1	0	nnouo nouo iero iera nano uado	fldaeimumamlldo_gd&arni | ernupucfndri_emaoiihmdpaemzl_cednaizmiitmio | eghdnnouooanruadoooilammmnaenaeczsfre&tmaai | ianorziiurntuaalansnerc&lgiieraroctaoouem_ea | ecierostedzchamnano_nneeuoemoezacdonrontco
T	937	4	0	0	0	dagl cime uela nera fila noma	midaglnia_rll&dmadfuoem | zepdiu_imuoineneomcimem_izpncaartdimrhfilad | noosmalnomamu&deamtncaieeaudaogihznornerafo | tmrarceeanureaozgiuelairsouiao_nntoira&incla | ndcomnosmhetd_nnoonczaeizeeartoaeerucoonec
T	938	4	0	0	0	teda allo fuii dami	rlgimeuinlaa_fd&ldmadmo | mlranifuiinpmhua_edcezotedamicm_pmirieoiznd | fdmunea&moolgemmnohaardnsoazeneooaciiaatnur | tuaiircooiarna_einsonugretiazarurmealloncea& | tecn_neednontoineczaaoooehourccmzsrdaeoenm
T	939	4	0	0	0	cire dimo	idmrdlagmdaioallfunm_&e | iimdimoclteieoahinef_umdricpa_inezuzamdpnmr | aznsfaenn&aadaaomchrrdaeoeloomtmnnuogoimuie | eaanrcragi_otonscireiealeutaoaila&niurrzunom | mecnndcoeczrdr_oenaaeemouttcaoneeionsooznh
T	940	5	0	1	0	hanno iola enza anno auea toho	aedmadfdmguoll_rnai&mli | nfzenzaraietpiomu_roid_idmcndiiemupmaemlcih | eomoieedtgmd&aonnmfzanaushannoraiolaoarumce | iargmnucerotsrozortlualrei&oincainaaueaein_a | zonznenca_edecsiemdcroonuecteotohoennramao
T	941	4	0	0	0	rime rome amar tale anon uemo	adnddagmilorm&f_mualile | adefhrimecnpd_odcintmlmizu_mzoiipieieamarun | umoeoanonrtngnocfdazaaidou&eaoeemlimansmhar | uriotaleealsozaogt_ii&annuemoearcraunrrcaini | heieouromeecneaoznttozdnn_cdosnaaoeeccnrmo
T	942	4	0	0	0	nece eria	dldflngau&omm_eraamiidl | eriaihrcceleii_pdumofadzuzeinnndmmipitammo_ | uozhaartfenoado&egaoloiaodmcesmneunaiammnrn | aniilnrncroaruataaorleiuzie&smrnu_iaoaceoteg | necern_nmtdoooezeaucncooaathncinreesooemdz
T	943	4	0	0	0	mino noce cano anta hono	_dmdllmrndaaeuoi&iflagm | aoeamienc_mizcmudaenidt_liuhminopmipredfzir | ezdmosnfueaoaammr&enduhonoaorianeogantaimcl | iergortaoisiurcranmreinl&a_aiuolnteaaeucanoz | eomcohsc_nzaenocernoeeinoorunteaamdzdtnoec
T	944	4	0	0	0	anno nari dnca aria arie arme	gamdino_r&dleimlldfmuaa | ifa_hodimmnnciuizaptmzudoeplimrdieenarmeic_ | dfecoaehmunarieaanan&nutzlammsrngedaimooooo | nlruaioariasi&rezrencunlearntetc_giuaooaaomi | oannoeeatdeceeromziznsotrenmonoecdncaou_hc
T	945	4	0	0	0	moro anio remi domi nire dama	&gfa_ldamanmremidlidlou | de_mdeiahmul_iridomiifanzmmzepncncrpioiatue | onrolnirehuaotaniomfsazgdc&aenummeeaanomdoa | ncei_reorraotlazluieoenuairrinisagacmtonaa&u | sooeeeonmuazecantnoaecnneice_zmoroddctohrn
T	946	4	0	0	0	adeo fenr rene aiii cote como	rlaimmnlildd&udm_egaafo | uutozhocmrrmznlpinfaaeeimip_eaiiic_iedmddnm | nzs&tmgommcoanaaninuroeaaadeoelomdiofenrahu | nranieinziueoua_irr&oegirtelalucomoncaarsata | onnznreneomdesaitocczeorocote_aecnohmdneua
T	947	4	0	0	0	adeo poca ardo ches cade cani	aan_ril&mumadogdlflmdie | luihi_umrnnme_tamizmmeiezeiiadnripddcfopoca | eiaonmotamolzedghesun&ronfnnmaoiaaaemardocu | rizuateiooaromtnurr_eeoai&nrcaniuaacgienasll | itmeo_enreoomecdnnecachesnarzootunozcadeon
T	948	6	1	2	0	modena onero mode miai nona naie	dimerdaam&gmlu_lflndoia | eiediicmiaidmauehtanpomm_frepdozzcnnu_iilmr | mnaieot&ormdfnonazaieuaaacdlsngmureanemhooo | a_onerorualrrluicioet&suaimnnaiintaogeazrcae | iencehoooueemrdneootecca_tzonrsmodenaanzcn
T	949	5	0	1	0	troni line mora nire atii core	gr&od_iadalmlinemamudfl | ierz_pimimnhpueoatiizcdlnmraoiiuam_ndcedmfe | eeouunnh&nzdagonaoimaeameinamdmorarcstooalf | ra&goaienoouintronireaurntraeicselu_macaizal | aoamandnnscceeo_oruonnicetzeteoedncorehmoz
T	950	5	0	1	0	rotto anoi nano diro otto guer	a_maligdfmeldiroan&ldum | emflnd_t_rizdcneeimdacahipouunairmipmeioimz | oeomaecfezndmoilnanoindaaaootaanmmsguerhu&r | msaeonotrlicr_teirurncenuzarniugleaaio&iaoaa | eeeomeezccdiucoena_cnhnrottoooomnnernazasd
T	951	4	0	0	0	iuin rome	iuinleo_dfllmgra&amdmda | imneueommznnddti_cuimceialf_hedriiazpioapmr | arsmgnmieeaoalaetozcoanoeihfnado&uoarmnumnd | esenuuraglntaeeii&oatcrzoaianmr_lriacoinrauo | oeciaenncromeenrcuoemezdtosedczhaonaonn_to
T	952	4	0	0	0	damo inde rada tche cura anta	maiafmllgindem&ould_ard | moprzcnfialdndomaepieacuihummdm_nizieirtei_ | no&nnnonzdeeamdfeglhooaraiaamrootmmeaiuucas | reantanraeoizuecgrscaaomiloarrtoui_n&euailni | curadamooonneozcdnamnozeo_srenncteoieetche
T	953	4	0	0	0	anoi cene area caui demo icon	&iamf_ddiaulmodlegnmlar | uaerezcohnadmfndlmeipomn_itzi_rpimaciiiuemd | reaz&amahmoucdselaanoifaounonnaigdemooerntm | oazeoelacuitcauirnreni_imngareaonar&loiutsra | icondzmrorze_coedceneotunohamcnoneaoeeanst
T	954	4	0	0	0	arno nere sene sero noto	rdgadom&_afaluleidilnmm | oizmdnaapmeim_earnruiizcinthe_uoidmmepilfcd | mcilaognharnofzaieounmtoeasenemndmuar&doaao | uzarrloaucinatn&_mocinaeonserogrriutaeeaiila | ahezmnasreoeetioznaocnotocedocn_mnocdnereu
T	955	4	0	0	0	mane curi miai daua reue dona	olamadd_nli&difgeumrlam | momiaiieapicreu_zozmhialn_mdtiupncedirmendf | dauasa&mnofmanemelaorotoznreuehgidonaocmnai | iia_lsgtoatmoucaurrroc&neaezueaoriaiaenirnnl | oncczoecuridoaooaohtnntoenmn_eecnedzemersa
T	956	5	0	1	0	celar sent miai leui nane mena	idlo&_lmfreamamadiundgl | eczpmahriti_mmznofriudi_opeiemmleuicndainad | ouamaamoanmnhmgacelariondrzoeoosentu&feinad | iaorculr_grneeu&miaiioaonreatslcaaieorutzann | ueadcmenanrneooozoeccoonaneeirtec_zstnmhod
T	957	5	0	1	0	delii ueda dimo mine deli	fmnm&malradeliiaougldd_ | cieinmmdrdifzuaaotmdnmaieiueep_hmiozc_lnirp | tnarugaomoenoandimoerhanuo&loeziamfsmcnaaed | oiirua_atseizuaunlnrr&raemaralooctnegiocaien | hdsncnenoratrminezencm_euedacoanotzoceeooo
T	958	5	0	1	0	emina remi egro mina mira nare	dimaf_rldiemg&dulaalonm | morzaienhmcpi_feminaulmndiurtzipoa_ieedmdci | omdaamosozgf&ceuhanaonooaliurtemrdanaennemi | laiiautegrotrna_remiraonzan&uuieaooecilcarns | ooecezheua_eenctionareomrcanscnztooemodnnd
T	959	4	0	0	0	iean sena anio	gdnmoirmumledl_fal&aadi | ahmeaiufeoirtiiean_lpinumpidnmer_zcmzmdodic | &mosenaioanamdrmnhnozuraaoftagunoeclmdeeoia | uao_meinii&aniorlaceerruuntcaoanrlraetaozisg | nanzeenocadoottmzerecenc_sornnhdeacmooeiou
T	960	5	0	1	0	andra uene noce remi enza tema	eoiulmdandraldglfima_&m | dcoimozamditiremiapzliehacnim_pdueneumifrn_ | e&enaitfnacuooieloramsgmmeaoorondzmuhndanaa | cg_rnaenclzoirraieooriros&atluuatemaeiuannai | damzrn_toeoeonnrtdhmoncaeeeccsnoceioenzaou
T	961	4	0	0	0	tono salu nane	llif_mgaieaduolndarmd&m | a_iunnrhodciioueiidmamempnzilimefzd_rtpecam | oadtzhaaencnfiurommoomonomnanerslaa&edgieau | ginooloeetiecnmrn_aasalurrzaictaauiei&ourrna | uneesacazzte_rotonooemcnnechoncemdaneioord
T	962	4	0	0	0	amar moia fidi nero tace fama	uge&a_lamdodmnralmfidil | mmoiafo_p_eiizmuicanmzedmeddnurilinicpeathr | ongutmolzmcuemnfamarreodoanosin&eaaohedaain | rornz_nisoclaeaeneroamaatruaiiegoctiulaurni& | neidan_ohzruzoctenooemnracnesomtaceocndeeo
T	963	4	0	0	0	rema noia cere egli	nla&oddld_mramuaieglimf | mtimrndzfrupiadpnieiclemmeediaocz_imn_aihou | aolnuuafcoazameenoianeohitaenmsmgadrrnm&ood | aetguieaoaaroom_nrsteioarani&incauclnzirelur | nehniosroaetdoznacecnczemuoeoceremaoon_dnt
T	964	4	0	0	0	inon dame aiii mede none mita	min&llfor_laeiadudmmgda | izoir_damnmepmlmedearczucinhundofmitaiii_ep | nonen&umdaedamemsirntuonhomioraleocfzagoaaa | augiolroanacliiareureroreaitenancio&_asztunm | caeeinonenndec_eehraedtosaoznmzormuoontcoc
T	965	4	0	0	0	emmi nata iere tiro alfi	edialfialdmla&munomr_dg | u_auemmhimdecemmiinerdpotlznciniiaoip_zarfd | rndscammoionatalooufaeegzomdrainoemahn&unae | roauicaanltiroiaalrzcennasognuuae&_mrotierei | cocdocenmme_arouosntnooonceteadhzeeazeinnr
T	966	5	0	1	0	maeaa reda piii uenu chea cora	amlrfeanmlddi&gm_ioudal | i_ormdrftlmieaadcheampiiinincpiozneumdemzu_ | nredammaf&nooleraodnonuzhootcusaigmaeaaeimn | eina&eenszoranolilutaarmgc_roortcuenuaairaii | tochszmirnt_oucoraezeendeoondcnnonmoeaaece
T	967	4	0	0	0	aiii uote coie	ameoafda_dlmiumnrlli&gd | ureziifeepaet_zunhoomlriampnidnicaimimc_dmd | noomoireotlfsianddanarn&uaeezohncmauemgaoam | aeiuoegauna&_uisraaoczmaenrtlonrectroraiiinl | rneodmcnnuotezenneczndm_heoacoieateocoosra
T	968	4	0	0	0	dafe anco tene	lanugormldamdma_ied&ifl | ooimi_dpc_mlinadnznrieutrmephmuafiimiezaecd | iadafeemudaozcnnlooamhoemiaeu&anntsogonmrra | eoizrnriutraan&eaancoslotnaceo_iuairelgrmaui | eodonconedtmeozmrhacctenecnsreaoe_ozinoaun
T	969	5	0	1	0	ifero ifer tare nato	dulfaim_mlddigo&eraamnl | icu_io_ncndaedlpimmnizmeitparzeahmmiudifero | nocloaaodm&oonrearnazmetuangheamsafnomuieid | mtaeees&aoaouici_nrngrctirnulralzaaauioiorne | onatohunndoceocntareeeoor_idemmnnceaozeczs
T	970	5	0	1	0	ndrea domi arti anco ueni	daiirmue&_oamnfldmdlgal | p_atuenildzdinirmcroimhiomcmdiaf_zapmeieeun | fodomirtulonrnnaooemoicn&aneemmaahgeaazdusa | ra_raermousocugiraeeartiiaenancol&uontalnzii | coecre_itesndreaocnoooootmnenhecnnuzaedamz
T	971	4	0	0	0	este mali uere anon uemo tedi	oi_rdfndmldmauglmaliea& | r_mniamiumpaizomtediecdzaoihflndienucimrep_ | urdnaloodnmaaono&zeshfiaitoegnncaaeruemoamm | iairruereaaocaionn&lignzaauarlcrun_esteiootm | oecohzndnrrmtccuecn_oeteaoseeanonmnizdaooe
T	972	4	0	0	0	arco rari rene note erto coii	maimludnfaidoe&rdml_agl | diomipeuiaazcncrepiulnimoitirm_admzednfmeh_ | uoalmnuga&hddinsaaotrnroeozemmeeinoafoacnma | gloum_nlauuaraeinasoertoarcoiizerarint&aceni | enenoteezanzndosca_hreneoadrmocotomcnecoui
T	973	4	0	0	0	male armi rima nece rera fode	gd_aalnf&moimdludrimale | zidifurnipan_cirmeeoietpmdaelhiznmamdo_miuc | iaalenoauteoamourenodsncgafodeomaramhn&mizn | rcnnraigrnzus&ineceaoatloeotlaairiu_auarmioe | eoeoeenood_zacmrerastumdncncoanzocoetnihen
T	974	4	0	0	0	mata nino uiai anne tire	i_aemddillndgmr&faoauml | urnmiipoeepcnf_iatld_zmoumihaciameezdnmridi | enn&msoomataonifdoadahiruamoaunzamolncegree | omanuninoeaecoeiaaczail_te&orguiaiutrsnrlrar | cmrtndohceacooeeaannenodenzoecstireomn_uzo
T	975	4	0	0	0	mone rome hene ieri reno nimo	mmgear&didaia_fmlluoldn | icdimdritmapnmzneoehimd_afiilemuec_rzoupnai | mazaugoaramdmefdoaaleernohacn&nimonensiotuo | romezlsuuon_iiaaartaenaoiericnn&tioagarclrue | soitedtoonacoenczzdcearenoa_nunrmmooheneec
T	976	5	0	1	0	amano ance tene uani cara mano	ogmmedlrildfu&_aaladnim | immheir_noiadfezipcrpdciui_nzlomeimmuadtnae | iosorzfalmrendgeenmoouuanichamanoaemtnaod&a | auoazmiuon&l_auetloaianceenirrinrtgcarasreoi | rccieatozmmo_zuocooaehdsedcnaonoenrenntene
T	977	5	0	1	0	aitai iera mito uiai nero ceri	arlfmem&l_aidgnaudlidmo | nnctmdouiai_uhifimdiaczdaeimmprmlprezinoee_ | asmloftaodmmidnacaouoenozeneeiahrunamoa&gnr | aitaioiu_ngzrlnerol&anarncerierauceuasmitoao | tdareocutzonncaehinmzocdroooaoeen_snneecme
T	978	4	0	0	0	area molo iera noti hano uare	frgamieao_mdailulldn&dm | iueuini_dedpihpmtc_onmdarmracnziezfeiiammlo | rumolonnneunadczmgomeadohanotia&oafeaierasm | nctan_zumsc&nuiloteaioiirernaliruareagraaeoo | ozoenncout_ioeceddeceoroaenornmntchanszaem
T	979	4	0	0	0	noce anto demo dera rono	arlf&daumlagdeimm_iodnl | dicpfdialepzamo_nhntrezmiieoimi_iunucmderam | omeufsa&naacadtuznihremgronoonolademoeniama | ounranamanctaesaioigri_ioeearlrlnuoiu&rctzea | noceouradrostencmncemzdnoi_eeoconehzantoea
T	980	4	0	0	0	cire enon nomo	rdmi_mfmlaedai&dganulol | u__mhniedmndeepomatmiiaiciredfupcionmlzarzi | dnenonnmehzaiaomrraaaeguauoimftmo&osecnload | eceaiciro&aitrgaraaorlneiszreuniaa_unomonltu | rohcmonnenciroaztee_zeteaenonnmcdasocooedu
T	981	4	0	0	0	iene noce egma noti icon mine	mnamdiaeo&filldargdu_lm | _pirminezalaaeiimnotidmccfi_dzdueempnhiroum | odmhmdme&taanaiconfseaaoanzurlonoeinregmaou | onliaaaotramliagieearct_nriene&incuosuoarrzu | onaenocerthcoeocsueznran_eonecntzoidmdmaoe
T	982	4	0	0	0	arco anio uiua dara hene rada	oi&idaramdeafmllgm_udnl | _maonnimrimdcdehciizeitamzdipr_unpifaeelumo | uomtmgozncfa&umsdaoaheneoradalnenmairnoioae | sraaarcoailn_czruiuanleeurgtrtnameeo&aniooii | nooeemeuezomnc_achsaanznnrdeoodctreitncoeo
T	983	4	0	0	0	uote anio doto nani anna rera	dmdiaoiramfgeall&ndm_lu | _oiurrdziieldnzhcpnanio_eiipfmmeimtmeaamudc | o&ezsoeemmmfanrimuaudnlaenaiodorcghoaotanna | neciiaeoc_rlniauin&omnalzreraiourtsauotergaa | nzncodotocniheecnodtamezeaumeore_eaoosnrnc
T	984	4	0	0	0	deit naie alii	mrliain_edmladoadgfum&l | przmoa_reizcmnmealiiodeituphcnfumide_andmii | uocae&rsmoagoznnmlurtmaaaddmoheeniioeaonanf | inoagisnaieaoaarcnrlruouautcniireeotl&zm_aer | rmeaccmntedotdzc_eoaooionneoznacuesnnrohee
T	985	4	0	0	0	auea iola rari dame cene cour	fanludameimml&ioladrgd_ | mzo_afmuemerciepidahzipar_ndnetiicmumdilnio | ma&lnenommismanaaiocourzgutnodnaferadoaoehe | iztiaa_rarilgloeraueanasnocniemorurui&eatnoc | ecramnoorncmisectocenedooezuazn_nadoethoen
T	986	4	0	0	0	modi dima uana ueni	ngmarllam_aoue&dfdimldi | calpemtuzezdiipriimcfoimodima_mhdneuearni_n | losneoduanaghmafntam&maodeoaorrcazmuenienio | cint&gaaaeueionlrmaoarnios_ieaurloitnrczareu | eeacntaooscmnnaureeeernnzhooceocniodtmod_z
T	987	4	0	0	0	cioi miai mora demo	&d_fleangldlaomdrummiai | umcraidlta_zcpmopzri_ihimeeedaomuiinmienndf | ooaidemoratzdhaorlmunsmofagaunco&eneaeinman | nroarliaaa_iorrnneuezueaulcieg&macioianrstot | onrohzdo_ccesdnecueaeioznnttnncoereomomeaa
T	988	4	0	0	0	nori nidi ioro gior file	d&egiorinlamdmafa_lmdlu | ihedouipiceznrmam_arcpmi_dnidizomtneuafilem | daenmoohrdneacoamtnu&saoogauierzafmlnnaimeo | atcearaerznori&geltlnanm_iaioueursniacaiorou | eenannmeidtzzoactnnmran_ooccdsoceuhoereooe
T	989	4	0	0	0	uouo aiii	aa&efngladmlilmui_moddr | cndmcepdfi_epm_mmmraidinizziirniaeuouoeathl | dahdeasomcafngoiuoiunnaz&oerolemnaarmtoenma | uu&mraeriots_nnzenorraiiialerteaaauncioacogl | _nehdoceocetacnseoezeanzemidnutmnnoocroaro
T	990	4	0	0	0	mina nomo etre reno ceno	&dedlmaoamdulril_fgmina | maomrirnioipipeid_eudfmaueilnhitazndm_cmzec | ooihagsafaommdoianrn&etrenomdoznaecumnaaleu | raoiuoaeioa&ncnunrat_lleieiaaisoencrtgurarmz | eetcenomozdozetnaocnmnsieunrhednraoeoacoc_
T	991	4	0	0	0	illu maii	gamdmlddf&maerilluin_ao | re_hiutdnmieadiioildepmaa_ermpcimzznufnmioc | armtmcdnuaoheandzoailnaeoegaaiufonrseomm&no | lirscaaara&maiiriltetrneunnra_eoaouuigoneozc | mdcuezchntan_recoecooradesoozoneatninmeeon
T	992	4	0	0	0	nome tuoi amma mera mala	dglmlo_uernddii&mmalafa | dhndianrpli_emacmifceidzoeemumiinma_tuoizpr | nginoseammadnndeamteomrzioufhn&aroaouocaela | eanuriontrosnnuara&oiuazmeraaiclecieiartgl_o | eosainnto_eoeedherecnounomeccnncaozomradtz
T	993	5	0	1	0	unfuo amar glio aria eiii cari	mau_glion&lemldiamarfdd | hpmiaa_mmoouczeretdndpulicafeiiie_zimdrnmin | ona&oddazaesmhaeonnmrunfuoirnaalamgmieotoce | orourazinucariaal_irelratigninc&aoemoseatuen | tsnoudnnaoemdeomc_necnhcnzaoeerrcoezaoteoi
T	994	5	0	1	0	annoi erti acce anno iero dere	mn&dmoaiigfedmldaalu_lr | amfieidpioeeu__paadtmnzndimuzlhrcnieroimmci | lnoufmmdnrzeaodaaeneamosoincharnao&teiaugmo | uatcaz&gairliaaooursuarnertin_erlmiannoieceo | oenneosuentcozdahtc_ionderezamaccenomernoo
T	995	5	0	1	0	alami nona cala taro uita onon	ufomgal&_iaeidmnlldradm | lrudhaaditcipmm_zoepainiudoiifmcznmen_remei | dosmoaufglnerzindrn&aocataoenemmaooaemnhuia | oaalamiiren_rzngornnaeuitarouucrstoeicalaie& | mestneeocre_unononaztaenrcchoooenocmdediza
T	996	4	0	0	0	nolo iano nano core	alidmmdlamu_laf&noeirgd | itmnilnpddfmcemianozhamomaeieii_rruei_zcdup | mnnm&radizennrsaohauoooaoaaueimafmdgecnlote | nanologt&eirurneacazseiroaireaciurnma_utioal | rzocensnaunaotnczteoencoreoeidmonmo_dcaeeh
T	997	4	0	0	0	anna midi cire nomo	dlmlmndgfeail_aodru&mai | _deaructrazphn_efmmidinnmeocmluipioziaedmii | eh&magcarufdnomoouodnomoealrteiamzenaisanna | mgciuririatnoaoalnseoroaltzan&nurcea_raeuiie | moohnmoantdatsncnzonuooeeonrdezacirecee_ce
T	998	4	0	0	0	nego meta uece dami	dl_adifmldileruoma&agmn | dmumu_ilanmeaaczdieirodzmimreice_pftnhiinop | a&niadamisdrmnanmmooeectuauhlaenegooznrooaf | clolziirmeta_aounraesconrniuro&aergiatainuea | nrroezaccooi_nommteedndeaonotnchozuecesnea
T	999	4	0	0	0	arno uede ueni duro	liroagndd_mlilfeaumma&d | iencpimannmapidurotuizomclemzi_dmiiefdarhe_ | iuedemgnoommfnlo&adaaconarnozushainaeeamtro | amoiinrrngrar_&uenizaiacsnaetaiuloeeautroloc | iacedcmnemno_eeetraecoozsuhoeondrtnncoazon
T	1000	4	0	0	0	iean indi amor arei	diaageda_mmuodrfminll&l | teindiomude_cima_olzmiiareimndfpzcuieanhmpr | dhndeaouauiane&eommnocnorfgaiszamormnltaoae | ziirieaaaotrnlaeuaor&ncigceioslnnmruauaoe_tr | erctsroaonmeeedmcnnnedeouzh_cnoanoatcoizeo
