record	index	sign	value	grade
R9553	0	1781	?	U
R9553	1	1843	il	G
R9553	2	1796	?	U
R9553	3	1531	·	I
R9553	4	1901	es	X
R9553	5	2445	ter	G
R9553	6	1652	?	U
R9553	7	1633	?	U
R9553	8	1714	i	X
R9553	9	1654	ha	G
R9553	10	1569	?	U
R9553	11	1602	?	U
R9553	12	2250	?	U
R9553	13	1999	?	U
R9553	14	1531	·	I
R9553	15	1535	gli	G
R9553	16	1654	ha	G
R9553	17	2210	?	U
R9553	18	2201	che	G
R9553	19	1396	?	U
R9553	20	2071	?	U
R9553	21	1453	?	U
R9553	22	1378	a	S
R9553	23	154	a	S
R9553	24	2056	?	U
R9553	25	2178	?	U
R9553	26	1739	un	I
R9553	27	605	enza	S
R9553	28	821	?	U
R9553	29	1161	suo	G
R9553	30	1761	?	U
R9553	31	1999	?	U
R9553	32	1531	·	I
R9553	33	2145	?	U
R9553	34	2232	la	G
R9553	35	277	?	U
R9553	36	2358	?	U
R9553	37	1666	?	U
R9553	38	1555	?	U
R9553	39	1557	sa	X
R9553	40	1563	?	U
R9553	41	1418	per	G
R9553	42	2232	la	G
R9553	43	222	?	U
R9553	44	2211	di	G
R9553	45	2250	?	U
R9553	46	1160	?	U
R9553	47	1460	?	U
R9553	48	455	?	U
R9553	49	1050	ciò	I
R9553	50	1296	?	U
R9553	51	1821	alla	G
R9553	52	1766	?	U
R9553	53	1500	?	U
R9553	54	1994	zione	G
R9553	55	2212	?	U
R9553	56	1867	?	U
R9553	57	1999	?	U
R9553	58	1765	?	U
R9553	59	2358	?	U
R9553	60	1726	?	U
R9553	61	1454	?	U
R9553	62	2211	di	G
R9553	63	1963	dar	G
R9553	64	1535	gli	G
R9553	65	1531	·	I
R9553	66	2358	?	U
R9553	67	1419	?	U
R9553	68	806	?	U
R9553	69	1864	si	G
R9553	70	1614	?	U
R9553	71	1666	?	U
R9553	72	1933	?	U
R9553	73	1958	?	U
R9553	74	1530	due	I
R9553	75	1761	?	U
R9553	76	2212	?	U
R9553	77	1784	?	U
R9553	78	1531	·	I
R9553	79	1622	?	U
R9553	80	1396	?	U
R9553	81	1741	avuto	G
R9553	82	222	?	U
R9553	83	1788	?	U
R9553	84	2424	?	U
R9553	85	2448	ti	G
R9553	86	1563	?	U
R9553	87	2058	?	U
R9553	88	1602	?	U
R9553	89	2250	?	U
R9553	90	2416	?	U
R9553	91	1378	a	S
R9553	92	1901	es	X
R9553	93	2445	ter	G
R9553	94	1652	?	U
R9553	95	1633	?	U
R9553	96	1936	?	U
R9553	97	2201	che	G
R9553	98	2358	?	U
R9553	99	1726	?	U
R9553	100	1454	?	U
R9553	101	2212	?	U
R9553	102	1920	non	G
R9553	103	2156	?	U
R9553	104	2205	ci	G
R9553	105	1831	cred	G
R9553	106	1836	ere	G
R9553	107	2201	che	G
R9553	108	2232	la	G
R9553	109	1764	?	U
R9553	110	1835	?	U
R9553	111	2414	?	U
R9553	112	1418	per	G
R9553	113	1392	?	U
R9553	114	1378	a	S
R9553	115	2000	?	U
R9553	116	1531	·	I
R9553	117	2201	che	G
R9553	118	1651	?	U
R9553	119	1909	in	G
R9553	120	1986	?	U
R9553	121	2123	ste	I
R9553	122	1563	?	U
R9553	123	2007	?	U
R9553	124	1939	?	U
R9553	125	1864	si	G
R9553	126	1614	?	U
R9553	127	2104	?	U
R9553	128	1392	?	U
R9553	129	2035	o	I
R9553	130	1804	?	U
R9553	131	1716	?	U
R9553	132	1542	te	I
R9553	133	2211	di	G
R9553	134	2049	questo	G
R9553	135	1684	?	U
R9553	136	1999	?	U
R9553	137	1531	·	I
R9553	138	1433	tra	G
R9553	139	2300	?	U
R9553	140	1997	?	U
R9553	141	1531	·	I
R9553	142	2275	?	U
R9553	143	1474	?	U
R9553	144	1535	gli	G
R9553	145	380	?	U
R9553	146	894	?	U
R9553	147	1741	avuto	G
R9553	148	222	?	U
R9553	149	2058	?	U
R9553	150	1300	sono	I
R9553	151	1674	?	U
R9553	152	1531	·	I
R9553	153	1901	es	X
R9553	154	2445	ter	G
R9553	155	1652	?	U
R9553	156	1633	?	U
R9553	157	1714	i	X
R9553	158	2108	?	U
R9553	159	1161	suo	G
R9553	160	1761	?	U
R9553	161	1999	?	U
R9553	162	332	e	G
R9553	163	1300	sono	I
R9553	164	2176	?	U
R9553	165	1919	no	G
R9553	166	1378	a	S
R9553	167	NULL	NULL	null
R9553	168	1814	?	U
R9553	169	1043	desidera	G
R9553	170	1620	?	U
R9553	171	1563	?	U
R9553	172	1542	te	I
R9553	173	2201	che	G
R9553	174	1602	?	U
R9553	175	2250	?	U
R9553	176	1909	in	G
R9553	177	14	?	U
R9553	178	2268	ciò	I
R9553	179	1865	?	U
R9553	180	1864	si	G
R9553	181	1723	?	U
R9553	182	2139	?	U
R9553	183	1491	ro	G
R9553	184	2059	?	U
R9553	185	1589	è	G
R9553	186	1030	?	U
R9553	187	2201	che	G
R9553	188	1918	?	U
R9553	189	1864	si	G
R9553	190	1664	?	U
R9553	191	2027	va	X
R9553	192	2156	?	U
R9553	193	1551	più	G
R9553	194	1789	?	U
R9553	195	2211	di	G
R9553	196	1482	?	U
R9553	197	2000	?	U
R9553	198	2201	che	G
R9553	199	2048	?	U
R9553	200	2201	che	G
R9553	201	1843	il	G
R9553	202	1796	?	U
R9553	203	1531	·	I
R9553	204	757	?	U
R9553	205	2445	ter	G
R9553	206	NULL	NULL	null
R9553	207	1652	?	U
R9553	208	1633	?	U
R9553	209	1714	i	X
R9553	210	2093	?	U
R9553	211	1648	ed	G
R9553	212	1654	ha	G
R9553	213	1050	ciò	I
R9553	214	2250	?	U
R9553	215	1654	ha	G
R9553	216	1797	?	U
R9553	217	1545	?	U
R9553	218	1933	?	U
R9553	219	1577	?	U
R9553	220	1901	es	X
R9553	221	2445	ter	G
R9553	222	1654	ha	G
R9553	223	1555	?	U
R9553	224	1714	i	X
R9553	225	1741	avuto	G
R9553	226	222	?	U
R9553	227	1909	in	G
R9553	228	2112	?	U
R9553	229	1474	?	U
R9553	230	1531	·	I
R9553	231	2358	?	U
R9553	232	1654	ha	G
R9553	233	1726	?	U
R9553	234	171	to	X
R9553	235	2212	?	U
R9553	236	2156	?	U
R9553	237	1971	?	U
R9553	238	2114	?	U
R9553	239	2178	?	U
R9553	240	1843	il	G
R9553	241	1241	?	U
R9553	242	1957	?	U
R9553	243	1161	suo	G
R9553	244	1761	?	U
R9553	245	1378	a	S
R9553	246	2383	?	U
R9553	247	1842	?	U
R9553	248	2031	?	U
R9553	249	1433	tra	G
R9553	250	1723	?	U
R9553	251	2111	qui	G
R9553	252	2230	l	G
R9553	253	2358	?	U
R9554	0	1553	fatto	I
R9554	1	1843	il	G
R9554	2	182	Disp.	G
R9554	3	1998	?	U
R9554	4	2145	?	U
R9554	5	1814	?	U
R9554	6	1549	mi	G
R9554	7	1654	ha	G
R9554	8	1328	?	U
R9554	9	1909	in	G
R9554	10	2016	?	U
R9554	11	1378	a	S
R9554	12	2082	del	G
R9554	13	2112	?	U
R9554	14	1410	?	U
R9554	15	1531	·	I
R9554	16	2048	?	U
R9554	17	2084	della	G
R9554	18	1015	?	U
R9554	19	2016	?	U
R9554	20	1378	a	S
R9554	21	2082	del	G
R9554	22	794	Sr	G
R9554	23	NULL	NULL	null
R9554	24	NULL	NULL	null
R9554	25	NULL	NULL	null
R9554	26	956	?	U
R9554	27	2017	?	U
R9554	28	1480	me	G
R9554	29	2211	di	G
R9554	30	2205	ci	G
R9554	31	1998	?	U
R9554	32	1396	?	U
R9554	33	2269	?	U
R9554	34	2211	di	G
R9554	35	2067	d'An	I
R9554	36	1818	al	G
R9554	37	2035	o	I
R9554	38	1597	go	I
R9554	39	2230	l	G
R9554	40	314	?	U
R9554	41	2368	?	U
R9554	42	1525	?	U
R9554	43	2169	one	X
R9554	44	1480	me	G
R9554	45	1788	?	U
R9554	46	483	?	U
R9554	47	1462	?	U
R9554	48	2232	la	G
R9554	49	1161	suo	G
R9554	50	1617	?	U
R9554	51	1835	?	U
R9554	52	2318	ta	X
R9554	53	1273	?	U
R9554	54	2068	?	U
R9554	55	2082	del	G
R9554	56	2112	?	U
R9554	57	1410	?	U
R9554	58	2249	?	U
R9554	59	2107	?	U
R9554	60	1895	?	U
R9554	61	1739	un	I
R9554	62	1844	?	U
R9554	63	1797	?	U
R9554	64	1723	?	U
R9554	65	2450	to	G
R9554	66	1909	in	G
R9554	67	842	terra	I
R9554	68	1997	?	U
R9554	69	2035	o	I
R9554	70	1883	?	U
R9554	71	1895	?	U
R9554	72	1739	un	I
R9554	73	1831	cred	G
R9554	74	1061	?	U
R9554	75	2212	?	U
R9554	76	1530	due	I
R9554	77	2081	?	U
R9554	78	2035	o	I
R9554	79	2081	?	U
R9554	80	1549	mi	G
R9554	81	2232	la	G
R9554	82	2357	li	G
R9554	83	2178	?	U
R9554	84	2123	ste	I
R9554	85	2114	?	U
R9554	86	2357	li	G
R9554	87	1788	?	U
R9554	88	1098	?	U
R9554	89	2197	?	U
R9554	90	2369	no	I
R9554	91	2114	?	U
R9554	92	1864	si	G
R9554	93	NULL	NULL	null
R9554	94	1729	presso	G
R9554	95	1714	i	X
R9554	96	2352	fra	G
R9554	97	2380	te	X
R9554	98	2231	l'	G
R9554	99	2357	li	G
R9554	100	1693	?	U
R9554	101	1909	in	G
R9554	102	2422	gi	I
R9554	103	2058	?	U
R9554	104	1991	?	U
R9554	105	2151	de	I
R9554	106	2110	?	U
R9554	107	1392	?	U
R9554	108	2035	o	I
R9554	109	86	,	G
R9554	110	2145	?	U
R9554	111	1720	mot	I
R9554	112	1620	?	U
R9554	113	1865	?	U
R9554	114	2232	la	G
R9554	115	1541	?	U
R9554	116	2035	o	I
R9554	117	1409	ma	G
R9554	118	1613	?	U
R9554	119	1864	si	G
R9554	120	1824	?	U
R9554	121	2318	ta	X
R9554	122	2212	?	U
R9554	123	1987	?	U
R9554	124	2156	?	U
R9554	125	2184	col	G
R9554	126	2369	no	I
R9554	127	1555	?	U
R9554	128	1599	?	U
R9554	129	2261	?	U
R9554	130	2035	o	I
R9554	131	1820	Inghil	I
R9554	132	1844	?	U
R9554	133	1797	?	U
R9554	134	1723	?	U
R9554	135	2450	to	G
R9554	136	1998	?	U
R9554	137	2201	che	G
R9554	138	1043	desidera	G
R9554	139	1837	?	U
R9554	140	2156	?	U
R9554	141	1909	in	G
R9554	142	842	terra	I
R9554	143	2058	?	U
R9554	144	1920	non	G
R9554	145	1620	?	U
R9554	146	434	?	U
R9554	147	1416	?	U
R9554	148	1378	a	S
R9554	149	1531	·	I
R9554	150	1433	tra	G
R9554	151	1563	?	U
R9554	152	1535	gli	G
R9554	153	2035	o	I
R9554	154	1997	?	U
R9554	155	2201	che	G
R9554	156	1549	mi	G
R9554	157	2053	?	U
R9554	158	2116	men	I
R9554	159	2429	?	U
R9554	160	1823	bi	I
R9554	161	1775	?	U
R9554	162	1707	?	U
R9554	163	1734	?	U
R9554	164	2351	?	U
R9554	165	1850	nel	G
R9554	166	919	?	U
R9554	167	2085	sione	I
R9554	168	1764	?	U
R9554	169	497	?	U
R9554	170	NULL	NULL	null
R9554	171	2002	?	U
R9554	172	1409	ma	G
R9554	173	1920	non	G
R9554	174	1864	si	G
R9554	175	1922	pu	I
R9554	176	2035	o	I
R9554	177	2156	?	U
R9554	178	1802	?	U
R9554	179	1741	avuto	G
R9554	180	2424	?	U
R9554	181	2174	?	U
R9554	182	1942	?	U
R9554	183	1378	a	S
R9554	184	2082	del	G
R9554	185	1351	?	U
R9554	186	843	?	U
R9554	187	1999	?	U
R9554	188	1648	ed	G
R9554	189	1843	il	G
R9554	190	1351	?	U
R9554	191	1920	non	G
R9554	192	1788	?	U
R9554	193	1571	accordo	G
R9554	194	1835	?	U
R9554	195	1411	?	U
R9554	196	1551	più	G
R9554	197	1378	a	S
R9554	198	2202	?	U
R9554	199	1949	c	I
R9554	200	2201	che	G
R9554	201	1865	?	U
R9554	202	1933	?	U
R9554	203	1665	?	U
R9554	204	14	?	U
R9554	205	1909	in	G
R9554	206	2382	?	U
R9554	207	2211	di	G
R9554	208	2364	?	U
R9554	209	1531	·	I
R9554	210	1915	?	U
R9554	211	1792	?	U
R9554	212	1875	?	U
R9554	213	1963	dar	G
R9554	214	1962	?	U
R9554	215	2261	?	U
R9554	216	2035	o	I
R9554	217	1418	per	G
R9554	218	1739	un	I
R9554	219	695	?	U
R9554	220	647	?	U
R9554	221	1724	?	U
R9554	222	2450	to	G
R9554	223	1901	es	X
R9554	224	2380	te	X
R9554	225	1491	ro	G
R9554	226	1396	?	U
R9554	227	1557	sa	X
R9554	228	1756	?	U
R9554	229	1814	?	U
R9554	230	2058	?	U
R9554	231	1843	il	G
R9554	232	794	Sr	G
R9554	233	956	?	U
R9554	234	1480	me	G
R9554	235	2211	di	G
R9554	236	2205	ci	G
R9554	237	2383	?	U
R9554	238	2450	to	G
R9554	239	1850	nel	G
R9554	240	1546	mesi	I
R9554	241	2212	?	U
R9554	242	2217	?	U
R9554	243	1996	?	U
R9554	244	2035	o	I
R9554	245	1478	?	U
R9554	246	1739	un	I
R9554	247	1844	?	U
R9554	248	1797	?	U
R9554	249	1723	?	U
R9554	250	2450	to	G
R9554	251	2402	?	U
R9554	252	794	Sr	G
R9554	253	2352	fra	G
R9554	254	2380	te	X
R9554	255	2230	l	G
R9554	256	2357	li	G
R9554	257	1693	?	U
R9554	258	1909	in	G
R9554	259	2422	gi	I
R9554	260	1850	nel	G
R9554	261	791	quale	G
R9554	262	1906	?	U
R9554	263	763	?	U
R9554	264	1666	?	U
R9554	265	1555	?	U
R9554	266	1734	?	U
R9554	267	1491	ro	G
R9554	268	2231	l'	G
R9554	269	2373	?	U
R9554	270	1933	?	U
R9554	271	2426	lu	I
R9554	272	2318	ta	X
R9554	273	NULL	NULL	null
R9554	274	NULL	NULL	null
R9554	275	1844	?	U
R9554	276	1553	fatto	I
R9554	277	1555	?	U
R9554	278	1864	si	G
R9554	279	1823	bi	I
R9554	280	2357	li	G
R9554	281	2318	ta	X
R9554	282	2211	di	G
R9554	283	1664	?	U
R9554	284	1842	?	U
R9554	285	2298	?	U
R9554	286	1836	ere	G
R9554	287	1909	in	G
R9554	288	842	terra	I
R9554	289	2058	?	U
R9554	290	1424	?	U
R9554	291	412	?	U
R9554	292	2261	?	U
R9554	293	2035	o	I
R9554	294	1820	Inghil	I
R9554	295	1943	?	U
R9554	296	2116	men	I
R9554	297	2171	?	U
R9554	298	1835	?	U
R9554	299	1994	zione	G
R9554	300	398	?	U
R9554	301	1765	?	U
R9554	302	1394	?	U
R9554	303	1739	un	I
R9554	304	1531	·	I
R9554	305	2045	quella	G
R9554	306	2270	?	U
R9554	307	2211	di	G
R9554	308	2448	ti	G
R9554	309	2116	men	I
R9554	310	2178	?	U
R9554	311	1378	a	S
R9554	312	1874	?	U
R9554	313	2035	o	I
R9554	314	2450	to	G
R9554	315	1531	·	I
R9554	316	2369	no	I
R9554	317	2157	?	U
R9554	318	1816	?	U
R9554	319	1792	?	U
R9554	320	2137	?	U
R9554	321	716	?	U
R9554	322	3	?	U
R9554	323	2154	?	U
R9554	324	2357	li	G
R9554	325	2178	?	U
R9554	326	2201	che	G
R9554	327	2381	te	G
R9554	328	2035	o	I
R9554	329	492	?	U
R9554	330	1057	?	U
R9554	331	2201	che	G
R9554	332	1714	i	X
R9554	333	794	Sr	G
R9554	334	1693	?	U
R9554	335	1909	in	G
R9554	336	2422	gi	I
R9554	337	1920	non	G
R9554	338	1811	?	U
R9554	339	2116	men	I
R9554	340	1919	no	G
R9554	341	1666	?	U
R9554	342	2379	?	U
R9554	343	1620	?	U
R9554	344	1864	si	G
R9554	345	2058	?	U
R9554	346	1920	non	G
R9554	347	2212	?	U
R9554	348	1541	?	U
R9554	349	2035	o	I
R9554	350	1655	?	U
R9554	351	2245	?	U
R9554	352	2056	?	U
R9554	353	2450	to	G
R9554	354	1843	il	G
R9554	355	956	?	U
R9554	356	1491	ro	G
R9554	357	1414	?	U
R9554	358	2036	?	U
R9554	359	NULL	NULL	null
R9554	360	1909	in	G
R9554	361	842	terra	I
R9554	362	1462	?	U
R9554	363	1549	mi	G
R9554	364	1531	·	I
R9554	365	1273	?	U
R9554	366	1300	sono	I
R9554	367	1821	alla	G
R9554	368	2012	cas	X
R9554	369	1378	a	S
R9554	370	2211	di	G
R9554	371	2042	?	U
R9554	372	1792	?	U
R9554	373	2064	?	U
R9554	374	2144	?	U
R9554	375	15?9	?	U
R9554	376	2232	la	G
R9554	377	193?	?	U
R9554	378	2232	la	G
R9554	379	1999	?	U
R9554	380	2201	che	G
R9554	381	1613	?	U
R9554	382	1557	sa	X
R9554	383	1745	?	U
R9554	384	1713	?	U
R9554	385	1909	in	G
R9554	386	1951	ca	G
R9554	387	2369	no	I
R9554	388	2009	car	X
R9554	389	1864	si	G
R9554	390	2211	di	G
R9554	391	2045	quella	G
R9554	392	2171	?	U
R9554	393	1835	?	U
R9554	394	1994	zione	G
R9554	395	1909	in	G
R9554	396	849	?	U
R9554	397	2159	favore	G
R9554	398	2064	?	U
R9554	399	2201	che	G
R9554	400	181?	?	U
R9554	401	794	Sr	G
R9554	402	1818	al	G
R9554	403	1901	es	X
R9554	404	1560	?	U
R9554	405	1723	?	U
R9554	406	1535	gli	G
R9554	407	1693	?	U
R9554	408	1909	in	G
R9554	409	2422	gi	I
R9554	410	2201	che	G
R9554	411	NULL	NULL	null
R9554	412	1788	?	U
R9554	413	1589	è	G
R9554	414	1843	il	G
R9554	415	1843	il	G
R9554	416	1998	?	U
R9554	417	1535	gli	G
R9554	418	1655	?	U
R9554	419	14	?	U
R9554	420	2208	?	U
R9554	421	2318	ta	X
R9554	422	1535	gli	G
R9554	423	NULL	NULL	null
R9554	424	2035	o	I
R9554	425	2425	?	U
R9554	426	1901	es	X
R9554	427	1613	?	U
R9554	428	2450	to	G
R9554	429	1531	·	I
R9554	430	894	?	U
R9554	431	2425	?	U
R9554	432	2295	le	G
R9554	433	1551	più	G
R9554	434	1620	?	U
R9554	435	1567	?	U
R9554	436	1666	?	U
R9554	437	1722	?	U
R9554	438	2178	?	U
R9554	439	1998	?	U
R9554	440	1648	ed	G
R9554	441	1655	?	U
R9554	442	894	?	U
R9554	443	1877	?	U
R9554	444	1797	?	U
R9554	445	1613	?	U
R9554	446	1714	i	X
R9554	447	1994	zione	G
R9554	448	14	?	U
R9554	449	2232	la	G
R9554	450	497	?	U
R9554	451	2294	?	U
R9554	452	1714	i	X
R9554	453	1500	?	U
R9554	454	2212	?	U
R9554	455	1788	?	U
R9554	456	1418	per	G
R9554	457	1797	?	U
R9554	458	1893	Cuba	G
R9554	459	2116	men	I
R9554	460	2178	?	U
R9554	461	1909	in	G
R9554	462	1739	un	I
R9554	463	1659	?	U
R9554	464	1998	?	U
R9554	465	2035	o	I
R9554	466	1851	?	U
R9554	467	807	?	U
R9554	468	2211	di	G
R9554	469	1987	?	U
R9554	470	2156	?	U
R9554	471	1816	?	U
R9554	472	1043	desidera	G
R9554	473	1714	i	X
R9554	474	1715	?	U
R9554	475	2211	di	G
R9554	476	2184	col	G
R9554	477	1734	?	U
R9554	478	2351	?	U
R9554	479	1417	?	U
R9554	480	497	?	U
R9554	481	2058	?	U
R9554	482	2058	?	U
R9554	483	1726	?	U
R9554	484	171	to	X
R9554	485	1843	il	G
R9554	486	956	?	U
R9554	487	1491	ro	G
R9554	488	1409	ma	G
R9554	489	1919	no	G
R9554	490	2212	?	U
R9554	491	1963	dar	G
R9554	492	1816	?	U
R9554	493	194?	?	U
R9554	494	1693	?	U
R9554	495	1909	in	G
R9554	496	2422	gi	I
R9554	497	2109	?	U
R9554	498	807	?	U
R9554	499	1669	?	U
R9554	500	2261	?	U
R9554	501	1845	?	U
R9554	502	1998	?	U
R9554	503	2201	che	G
R9554	504	1664	?	U
R9554	505	1964	?	U
R9554	506	1043	desidera	G
R9554	507	2264	?	U
R9554	508	2058	?	U
R9554	509	1843	il	G
R9554	510	956	?	U
R9554	511	1491	ro	G
R9554	512	1409	ma	G
R9554	513	1919	no	G
R9554	514	1589	è	G
R9554	515	1352	?	U
R9554	516	1061	?	U
R9554	517	1722	?	U
R9554	518	1917	?	U
R9554	519	2450	to	G
R9554	520	2211	di	G
R9554	521	2376	?	U
R9554	522	2284	?	U
R9554	523	1781	?	U
R9554	524	1418	per	G
R9554	525	2360	?	U
R9554	526	2058	?	U
R9554	527	2182	?	U
R9554	528	2361	troppo	I
R9554	529	1279	?	U
R9554	530	2357	li	G
R9554	531	2339	?	U
R9554	532	1814	?	U
R9554	533	2212	?	U
R9554	534	1460	?	U
R9554	535	2264	?	U
R9554	536	869	?	U
R9554	537	1617	?	U
R9554	538	1597	go	I
R9554	539	2211	di	G
R9554	540	1933	?	U
R9554	541	2316	stra	I
R9554	542	2450	to	G
R9554	543	1480	me	G
R9554	544	2316	stra	I
R9554	545	2445	ter	G
R9554	546	NULL	NULL	null
R9554	547	2295	le	G
R9554	548	2249	?	U
R9554	549	1391	?	U
R9554	550	1739	un	I
R9554	551	2450	to	G
R9554	552	1378	a	S
R9554	553	2184	col	G
R9554	554	86	,	G
R9554	555	1648	ed	G
R9554	556	1818	al	G
R9554	557	794	Sr	G
R9554	558	956	?	U
R9554	559	2017	?	U
R9554	560	1480	me	G
R9554	561	2211	di	G
R9554	562	2205	ci	G
R9554	563	1909	in	G
R9554	564	1794	?	U
R9554	565	1409	ma	G
R9554	566	NULL	NULL	null
R9554	567	1217	?	U
R9554	568	1816	?	U
R9554	569	1992	?	U
R9554	570	1111	detta	G
R9554	571	2284	?	U
R9554	572	1998	?	U
R9554	573	1816	?	U
R9554	574	791	quale	G
R9554	575	1217	?	U
R9554	576	1652	?	U
R9554	577	1841	?	U
R9554	578	1909	in	G
R9554	579	1101	?	U
R9554	580	1983	?	U
R9554	581	2056	?	U
R9554	582	1491	ro	G
R9554	583	1739	un	I
R9554	584	605	enza	S
R9554	585	2058	?	U
R9554	586	2062	?	U
R9554	587	553	?	U
R9554	588	1843	il	G
R9554	589	182	Disp.	G
R9554	590	2211	di	G
R9554	591	1814	?	U
R9554	592	2002	?	U
R9554	593	863	?	U
R9554	594	1410	?	U
R9554	595	2339	?	U
R9554	596	1535	gli	G
R9554	597	2236	ordini	G
R9554	598	940	Sovrana	G
R9554	599	1424	?	U
R9554	600	1599	?	U
R9554	601	2261	?	U
R9554	602	1404	do	G
R9554	603	1821	alla	G
R9554	604	703	?	U
R9554	605	2083	dell'	G
R9554	606	1386	?	U
R9554	607	1714	i	X
R9554	608	1994	zione	G
R9554	609	2021	?	U
R9554	610	1765	?	U
R9554	611	2210	?	U
R9554	612	1794	?	U
R9554	613	1620	?	U
R9554	614	2295	le	G
R9554	615	2422	gi	I
R9554	616	1714	i	X
R9554	617	555	?	U
R9554	618	2211	di	G
R9554	619	1692	?	U
R9554	620	2211	di	G
R9554	621	1835	?	U
R9554	622	86	,	G
R9554	623	1531	·	I
R9554	624	1565	?	U
R9554	625	1404	do	G
R9554	626	1577	?	U
R9554	627	2104	?	U
R9554	628	2261	?	U
R9554	629	1549	mi	G
R9554	630	1378	a	S
R9554	631	1674	?	U
R9554	632	1836	ere	G
R9554	633	1378	a	S
R9554	634	1602	?	U
R9554	635	2250	?	U
R9554	636	2249	?	U
R9554	637	2393	as	I
R9554	638	2182	?	U
R9554	639	1723	?	U
R9554	640	2450	to	G
R9554	641	1465	?	U
R9554	642	1836	ere	G
R9554	643	NULL	NULL	null
R9554	644	NULL	NULL	null
R9554	645	1754	?	U
R9554	646	2374	?	U
R9554	647	1873	?	U
R9554	648	1843	il	G
R9554	649	1462	?	U
R9554	650	1617	?	U
R9554	651	1714	i	X
R9554	652	1770	?	U
R9554	653	1909	in	G
R9554	654	14	?	U
R9554	655	555	?	U
R9554	656	1161	suo	G
R9554	657	2208	?	U
R9554	658	2318	ta	X
R9554	659	1535	gli	G
R9554	660	2062	?	U
R9554	661	1655	?	U
R9554	662	1498	?	U
R9554	663	171	to	X
R9554	664	1418	per	G
R9554	665	2216	?	U
R9554	666	2316	stra	I
R9554	667	2003	?	U
R9554	668	2123	ste	I
R9554	669	1933	?	U
R9554	670	1531	·	I
R9554	671	2361	troppo	I
R9554	672	2230	l	G
R9554	673	1452	?	U
R9554	674	1864	si	G
R9554	675	1823	bi	I
R9554	676	2357	li	G
R9554	677	1555	?	U
R9554	678	1864	si	G
R9554	679	1658	?	U
R9554	680	2230	l	G
R9554	681	1242	?	U
R9554	682	2182	?	U
R9554	683	1714	i	X
R9554	684	646	?	U
R9554	685	1843	il	G
R9554	686	1650	?	U
R9554	687	1714	i	X
R9554	688	555	?	U
R9554	689	1418	per	G
R9554	690	1933	?	U
R9554	691	1725	na	X
R9554	692	2357	li	G
R9554	693	2017	?	U
R9554	694	1535	gli	G
R9554	695	843	?	U
R9554	696	1898	da	X
R9554	697	1874	?	U
R9554	698	2369	no	I
R9554	699	1545	?	U
R9554	700	NULL	NULL	null
R9554	701	1933	?	U
R9554	702	1549	mi	G
R9554	703	2062	?	U
R9554	704	2052	?	U
R9554	705	1480	me	G
R9554	706	2316	stra	I
R9554	707	2450	to	G
R9554	708	2201	che	G
R9554	709	1920	non	G
R9554	710	398	?	U
R9554	711	497	?	U
R9554	712	2231	l'	G
R9554	713	2029	?	U
R9554	714	2264	?	U
R9554	715	2230	l	G
R9554	716	763	?	U
R9554	717	2100	?	U
R9554	718	1147	?	U
R9554	719	255	?	U
R9554	720	1418	per	G
R9554	721	1714	i	X
R9554	722	1720	mot	I
R9554	723	2225	?	U
R9554	724	754	?	U
R9554	725	1814	?	U
R9554	726	1015	?	U
R9554	727	441	?	U
R9554	728	2003	?	U
R9554	729	2369	no	I
R9554	730	2295	le	G
R9554	731	1563	?	U
R9554	732	1998	?	U
R9554	733	1788	?	U
R9554	734	1620	?	U
R9554	735	398	?	U
R9554	736	2232	la	G
R9554	737	1541	?	U
R9554	738	2035	o	I
R9554	739	1409	ma	G
R9554	740	2055	?	U
R9554	741	NULL	NULL	null
R9554	742	2174	?	U
R9554	743	1938	?	U
R9554	744	2035	o	I
R9554	745	497	?	U
R9554	746	1061	?	U
R9554	747	2201	che	G
R9554	748	2044	?	U
R9554	749	2240	?	U
R9554	750	1563	?	U
R9554	751	1994	zione	G
R9554	752	1050	ciò	I
R9554	753	1098	?	U
R9554	754	1480	me	G
R9554	755	1797	?	U
R9554	756	1526	?	U
R9554	757	1951	ca	G
R9554	758	473	?	U
R9554	759	2249	?	U
R9554	760	2107	?	U
R9554	761	2083	dell'	G
R9554	762	2067	d'An	I
R9554	763	1980	nu	X
R9554	764	2232	la	G
R9554	765	1541	?	U
R9554	766	2450	to	G
R9554	767	1043	desidera	G
R9554	768	171	to	X
R9554	769	2084	della	G
R9554	770	1766	?	U
R9554	771	1500	?	U
R9554	772	1994	zione	G
R9554	773	2211	di	G
R9554	774	1867	?	U
R9554	775	2058	?	U
R9554	776	1843	il	G
R9554	777	408	?	U
R9554	778	843	?	U
R9554	779	860	?	U
R9554	780	611	?	U
R9554	781	1500	?	U
R9554	782	1942	?	U
R9554	783	2167	n	I
R9554	784	1819	?	U
R9554	785	2093	?	U
R9554	786	2295	le	G
R9554	787	2211	di	G
R9554	788	1549	mi	G
R9554	789	1980	nu	X
R9554	790	1994	zione	G
R9554	791	1999	?	U
R9554	792	2201	che	G
R9554	793	1462	?	U
R9554	794	1617	?	U
R9554	795	1597	go	I
R9554	796	1919	no	G
R9554	797	1842	?	U
R9554	798	1435	?	U
R9554	799	2212	?	U
R9554	800	2589	?	U
R9554	801	1823	bi	I
R9554	802	1815	?	U
R9554	803	6	?	U
R9554	804	3	?	U
R9554	805	1998	?	U
R9554	806	1720	mot	I
R9554	807	1620	?	U
R9554	808	5	?	U
R9554	809	0	?	U
R9554	810	NULL	NULL	null
R9554	811	NULL	NULL	null
R9554	812	1195	?	U
R9554	813	1156	?	U
R9554	814	3?	?	U
R9554	815	2357	li	G
R9554	816	NULL	NULL	null
R9554	817	NULL	NULL	null
R9554	818	NULL	NULL	null
R9554	819	NULL	NULL	null
R9554	820	NULL	NULL	null
R9554	821	NULL	NULL	null
R9554	822	NULL	NULL	null
R9554	823	NULL	NULL	null
R9554	824	NULL	NULL	null
R9554	825	NULL	NULL	null
R9554	826	NULL	NULL	null
R9554	827	NULL	NULL	null
R9554	828	NULL	NULL	null
R9554	829	716	?	U
R9554	830	1843	il	G
R9554	831	182	Disp.	G
R9554	832	1843	il	G
R9554	833	182	Disp.	G
R9554	834	2211	di	G
R9554	835	2205	ci	G
R9554	836	1909	in	G
R9554	837	2422	gi	I
R9554	838	1797	?	U
R9554	839	1723	?	U
R9554	840	2450	to	G
R9555	0	1781	?	U
R9555	1	398	?	U
R9555	2	1477	?	U
R9555	3	2450	to	G
R9555	4	1663	?	U
R9555	5	154	a	S
R9555	6	2339	?	U
R9555	7	1868	?	U
R9555	8	2316	stra	I
R9555	9	2001	?	U
R9555	10	1531	·	I
R9555	11	2431	pas	G
R9555	12	1557	sa	X
R9555	13	2245	?	U
R9555	14	1909	in	G
R9555	15	842	terra	I
R9555	16	2058	?	U
R9555	17	1535	gli	G
R9555	18	1655	?	U
R9555	19	2367	par	X
R9555	20	2232	la	G
R9555	21	2450	to	G
R9555	22	1347	?	U
R9555	23	2424	?	U
R9555	24	1542	te	I
R9555	25	2017	?	U
R9555	26	1535	gli	G
R9555	27	1684	?	U
R9555	28	849	?	U
R9555	29	2212	?	U
R9555	30	1867	?	U
R9555	31	1997	?	U
R9555	32	1531	·	I
R9555	33	2230	l	G
R9555	34	1655	?	U
R9555	35	1726	?	U
R9555	36	171	to	X
R9555	37	1378	a	S
R9555	38	2367	par	X
R9555	39	2291	?	U
R9555	40	2348	?	U
R9555	41	1542	te	I
R9555	42	1372	?	U
R9555	43	1602	?	U
R9555	44	2250	?	U
R9555	45	1909	in	G
R9555	46	849	?	U
R9555	47	2159	favore	G
R9555	48	1531	·	I
R9555	49	1850	nel	G
R9555	50	1801	?	U
R9555	51	1933	?	U
R9555	52	NULL	NULL	null
R9555	53	1898	da	X
R9555	54	2184	col	G
R9555	55	1043	desidera	G
R9555	56	371	?	U
R9555	57	1531	·	I
R9555	58	1850	nel	G
R9555	59	791	quale	G
R9555	60	2022	?	U
R9555	61	1378	a	S
R9555	62	2339	?	U
R9555	63	1868	?	U
R9555	64	2316	stra	I
R9555	65	1549	mi	G
R9555	66	1654	ha	G
R9555	67	2210	?	U
R9555	68	1453	?	U
R9555	69	1775	?	U
R9555	70	1535	gli	G
R9555	71	1347	?	U
R9555	72	1542	te	I
R9555	73	1286	?	U
R9555	74	2294	?	U
R9555	75	2035	o	I
R9555	76	1088	?	U
R9555	77	1795	prima	I
R9555	78	2084	della	G
R9555	79	1161	suo	G
R9555	80	1352	?	U
R9555	81	1772	?	U
R9555	82	1098	?	U
R9555	83	1784	?	U
R9555	84	91	.	G
R9555	85	1651	?	U
R9555	86	1549	mi	G
R9555	87	1654	ha	G
R9555	88	1797	?	U
R9555	89	1545	?	U
R9555	90	1933	?	U
R9555	91	2201	che	G
R9555	92	2413	?	U
R9555	93	1378	a	S
R9555	94	1843	il	G
R9555	95	14	?	U
R9555	96	154	a	S
R9555	97	1602	?	U
R9555	98	2250	?	U
R9555	99	332	e	G
R9555	100	1535	gli	G
R9555	101	2367	par	X
R9555	102	2295	le	G
R9555	103	2116	men	I
R9555	104	2063	?	U
R9555	105	1711	?	U
R9555	106	1775	?	U
R9555	107	2423	?	U
R9555	108	1776	?	U
R9555	109	2003	?	U
R9555	110	2058	?	U
R9555	111	554	?	U
R9555	112	1818	al	G
R9555	113	1796	?	U
R9555	114	1531	·	I
R9555	115	1901	es	X
R9555	116	2379	?	U
R9555	117	1654	ha	G
R9555	118	1942	?	U
R9555	119	1418	per	G
R9555	120	1793	?	U
R9555	121	2101	?	U
R9555	122	2358	?	U
R9555	123	1726	?	U
R9555	124	2072	?	U
R9555	125	2358	?	U
R9555	126	2211	di	G
R9555	127	2369	no	I
R9555	128	1728	?	U
R9555	129	1836	ere	G
R9555	130	2231	l'	G
R9555	131	1684	?	U
R9555	132	1983	?	U
R9555	133	398	?	U
R9555	134	1953	?	U
R9555	135	1404	do	G
R9555	136	2270	?	U
R9555	137	2245	?	U
R9555	138	1465	?	U
R9555	139	1714	i	X
R9555	140	643	?	U
R9555	141	1714	i	X
R9555	142	1448	?	U
R9555	143	1652	?	U
R9555	144	555	?	U
R9555	145	2211	di	G
R9555	146	1663	?	U
R9555	147	378	?	U
R9555	148	2339	?	U
R9555	149	1868	?	U
R9555	150	2316	stra	I
R9555	151	1531	·	I
R9555	152	1896	?	U
R9555	153	2161	is	G
R9555	154	1499	?	U
R9555	155	2101	?	U
R9555	156	1549	mi	G
R9555	157	2082	del	G
R9555	158	1424	?	U
R9555	159	1502	?	U
R9555	160	2230	l	G
R9555	161	2318	ta	X
R9555	162	2450	to	G
R9555	163	91	.	G
R9556	0	920	?	U
R9556	1	1531	·	I
R9556	2	1699	?	U
R9556	3	1531	·	I
R9556	4	2340	?	U
R9556	5	1971	?	U
R9556	6	1909	in	G
R9556	7	1993	?	U
R9556	8	2380	te	X
R9556	9	1418	per	G
R9556	10	2230	l	G
R9556	11	1684	?	U
R9556	12	2084	della	G
R9556	13	1386	?	U
R9556	14	1714	i	X
R9556	15	1994	zione	G
R9556	16	2086	?	U
R9556	17	646	?	U
R9556	18	2295	le	G
R9556	19	2422	gi	I
R9556	20	1714	i	X
R9556	21	555	?	U
R9556	22	1409	ma	G
R9556	23	2054	Spagna	G
R9556	24	1491	ro	G
R9556	25	2201	che	G
R9556	26	1843	il	G
R9556	27	1985	?	U
R9556	28	1862	?	U
R9556	29	2232	la	G
R9556	30	1702	?	U
R9556	31	1994	zione	G
R9556	32	369	sarà	I
R9556	33	1734	?	U
R9556	34	1537	?	U
R9556	35	2318	ta	X
R9556	36	94	?	U
R9556	37	1465	?	U
R9556	38	1881	?	U
R9556	39	1414	?	U
R9556	40	2126	?	U
R9556	41	2035	o	I
R9556	42	1843	il	G
R9556	43	605	enza	S
R9556	44	2062	?	U
R9556	45	1991	?	U
R9556	46	1646	?	U
R9556	47	2035	o	I
R9556	48	1418	per	G
R9556	49	1535	gli	G
R9556	50	1684	?	U
R9556	51	2211	di	G
R9556	52	1867	?	U
R9556	53	1409	ma	G
R9556	54	1920	non	G
R9556	55	2358	?	U
R9556	56	1991	?	U
R9556	57	1685	?	U
R9556	58	1418	per	G
R9556	59	2048	?	U
R9556	60	2212	?	U
R9556	61	2129	?	U
R9556	62	2059	?	U
R9556	63	2403	confer	I
R9556	64	605	enza	S
R9556	65	1674	?	U
R9556	66	1775	?	U
R9556	67	2035	o	I
R9556	68	14	?	U
R9556	69	2062	?	U
R9556	70	553	?	U
R9556	71	1843	il	G
R9556	72	182	Disp.	G
R9556	73	2211	di	G
R9556	74	1814	?	U
R9556	75	2082	del	G
R9556	76	1438	?	U
R9556	77	1741	avuto	G
R9556	78	2427	?	U
R9556	79	1648	ed	G
R9556	80	1655	?	U
R9556	81	1973	?	U
R9556	82	171	to	X
R9556	83	2250	?	U
R9556	84	2211	di	G
R9556	85	859	?	U
R9556	86	1909	in	G
R9556	87	2048	?	U
R9556	88	63	V.E.	G
R9556	89	1549	mi	G
R9556	90	612	?	U
R9556	91	907	?	U
R9556	92	2059	?	U
R9556	93	2403	confer	I
R9556	94	605	enza	S
R9556	95	512	?	U
R9556	96	1841	?	U
R9556	97	97	?	U
R9556	98	14	?	U
R9556	99	122	?	U
R9556	100	1352	?	U
R9556	101	2116	men	I
R9556	102	97	?	U
R9556	103	754	?	U
R9556	104	2111	qui	G
R9556	105	1843	il	G
R9556	106	1530	due	I
R9556	107	1862	?	U
R9556	108	199	ma	I
R9556	109	952	?	U
R9556	110	953	?	U
R9556	111	2402	?	U
R9556	112	1161	suo	G
R9556	113	1123	?	U
R9556	114	357	?	U
R9556	115	433	?	U
R9556	116	46	?	U
R9556	117	343	?	U
R9556	118	643	?	U
R9556	119	1113	?	U
R9556	120	1164	?	U
R9556	121	2369	no	I
R9556	122	23	?	U
R9556	123	332	e	G
R9557	0	2179	?	U
R9557	1	1501	?	U
R9557	2	1695	?	U
R9557	3	2318	ta	X
R9557	4	1535	gli	G
R9557	5	2072	?	U
R9557	6	1160	?	U
R9557	7	1702	?	U
R9557	8	1994	zione	G
R9557	9	1418	per	G
R9557	10	2230	l	G
R9557	11	1386	?	U
R9557	12	2226	?	U
R9557	13	2081	?	U
R9557	14	1794	?	U
R9557	15	1620	?	U
R9557	16	2295	le	G
R9557	17	2422	gi	I
R9557	18	1714	i	X
R9557	19	94	?	U
R9557	20	1965	?	U
R9557	21	2250	?	U
R9557	22	2369	no	I
R9557	23	1617	?	U
R9557	24	1873	?	U
R9557	25	2182	?	U
R9557	26	2211	di	G
R9557	27	14	?	U
R9557	28	1531	·	I
R9557	29	1954	?	U
R9557	30	1823	bi	I
R9557	31	953	?	U
R9557	32	1699	?	U
R9557	33	2003	?	U
R9557	34	1424	?	U
R9557	35	2110	?	U
R9557	36	1502	?	U
R9557	37	1994	zione	G
R9557	38	1531	·	I
R9557	39	798	?	U
R9557	40	2002	?	U
R9557	41	1909	in	G
R9557	42	2109	?	U
R9557	43	1659	?	U
R9557	44	2056	?	U
R9557	45	1491	ro	G
R9557	46	2063	?	U
R9557	47	1843	il	G
R9557	48	605	enza	S
R9557	49	1852	nella	G
R9557	50	1734	?	U
R9557	51	2316	stra	I
R9557	52	2448	ti	G
R9557	53	1409	ma	G
R9557	54	1725	na	X
R9557	55	2201	che	G
R9557	56	1770	?	U
R9557	57	2116	men	I
R9557	58	199	ma	I
R9557	59	1920	non	G
R9557	60	1613	?	U
R9557	61	1933	?	U
R9557	62	2413	?	U
R9557	63	154	a	S
R9557	64	63	V.E.	G
R9557	65	1380	?	U
R9557	66	1694	?	U
R9557	67	2378	?	U
R9557	68	1938	?	U
R9557	69	859	?	U
R9557	70	14	?	U
R9557	71	2268	ciò	I
R9557	72	1549	mi	G
R9557	73	2095	?	U
R9557	74	2205	ci	G
R9557	75	1378	a	S
R9557	76	1416	?	U
R9557	77	154	a	S
R9558	0	553	?	U
R9558	1	2232	la	G
R9558	2	2205	ci	G
R9558	3	2352	fra	G
R9558	4	1112	di	G
R9558	5	63	V.E.	G
R9558	6	964	?	U
R9558	7	5	?	U
R9558	8	721	?	U
R9558	9	332	e	G
R9558	10	945	?	U
R9558	11	227	?	U
R9558	12	1710	?	U
R9558	13	555	?	U
R9558	14	2145	?	U
R9558	15	259	?	U
R9558	16	2176	?	U
R9558	17	567	?	U
R9558	18	555	?	U
R9558	19	707	?	U
R9558	20	487	?	U
R9558	21	2205	ci	G
R9558	22	1266	?	U
R9558	23	964	?	U
R9558	24	649	?	U
R9558	25	658	?	U
R9558	26	157	?	U
R9558	27	500	?	U
R9558	28	69	?	U
R9558	29	816	?	U
R9558	30	1167	?	U
R9558	31	154	a	S
R9558	32	1088	?	U
R9558	33	331	?	U
R9558	34	154	a	S
R9558	35	63	V.E.	G
R9558	36	46	?	U
R9558	37	493	?	U
R9558	38	2211	di	G
R9558	39	769	?	U
R9558	40	2111	qui	G
R9558	41	2023	?	U
R9558	42	15	u	I
R9558	43	1112	di	G
R9558	44	1788	?	U
R9558	45	1296	?	U
R9558	46	154	a	S
R9558	47	122	?	U
R9558	48	199	ma	I
R9558	49	2232	la	G
R9558	50	277	?	U
R9558	51	782	?	U
R9558	52	1654	ha	G
R9558	53	1553	fatto	I
R9558	54	12	?	U
R9558	55	2450	to	G
R9558	56	834	?	U
R9558	57	2201	che	G
R9558	58	596	?	U
R9558	59	1377	?	U
R9558	60	2450	to	G
R9558	61	2414	?	U
R9558	62	11	?	U
R9558	63	1231	?	U
R9558	64	2318	ta	X
R9558	65	823	?	U
R9558	66	487	?	U
R9558	67	1226	?	U
R9558	68	944	?	U
R9558	69	82	?	U
R9558	70	332	e	G
R9558	71	943	?	U
R9558	72	291	?	U
R9558	73	2145	?	U
R9558	74	1132	?	U
R9558	75	763	?	U
R9558	76	1023	?	U
R9558	77	516	?	U
R9558	78	966	?	U
R9558	79	728	?	U
R9558	80	724	?	U
R9558	81	1013	?	U
R9558	82	590	?	U
R9558	83	171	to	X
R9558	84	917	?	U
R9558	85	875	?	U
R9558	86	661	?	U
R9558	87	409	?	U
R9558	88	378	?	U
R9558	89	921	ò	I
R9558	90	965	?	U
R9558	91	241	?	U
R9558	92	412	?	U
R9558	93	1031	?	U
R9558	94	1231	?	U
R9558	95	326	?	U
R9558	96	1066	?	U
R9558	97	92	?	U
R9558	98	964	?	U
R9558	99	1219	?	U
R9558	100	1375	?	U
R9558	101	724	?	U
R9558	102	651	?	U
R9558	103	1088	?	U
R9558	104	2	?	U
R9558	105	565	?	U
R9558	106	2111	qui	G
R9558	107	2230	l	G
R9558	108	1134	?	U
R9558	109	1296	?	U
R9558	110	154	a	S
R9558	111	119	?	U
R9558	112	94	?	U
R9558	113	608	?	U
R9558	114	12	?	U
R9558	115	555	?	U
R9558	116	782	?	U
R9558	117	225	?	U
R9558	118	685	?	U
R9558	119	97	?	U
R9558	120	201	?	U
R9558	121	356	?	U
R9558	122	154	a	S
R9558	123	1341	?	U
R9558	124	1132	?	U
R9558	125	2232	la	G
R9558	126	707	?	U
R9558	127	426	?	U
R9558	128	332	e	G
R9558	129	782	?	U
R9558	130	34	?	U
R9558	131	332	e	G
R9558	132	201	?	U
R9558	133	356	?	U
R9558	134	154	a	S
R9558	135	1303	?	U
R9558	136	686	?	U
R9558	137	1099	?	U
R9558	138	1613	?	U
R9558	139	363	?	U
R9558	140	28	?	U
R9558	141	988	?	U
R9558	142	1288	?	U
R9558	143	2151	de	I
R9558	144	1375	?	U
R9558	145	567	?	U
R9558	146	1375	?	U
R9558	147	503	?	U
R9558	148	361	sarsi	I
R9558	149	800	?	U
R9558	150	1134	?	U
R9558	151	199	ma	I
R9558	152	757	?	U
R9558	153	2318	ta	X
R9558	154	97	?	U
R9558	155	1161	suo	G
R9558	156	96	?	U
R9558	157	1205	?	U
R9558	158	542	?	U
R9558	159	332	e	G
R9558	160	82	?	U
R9558	161	870	?	U
R9558	162	2111	qui	G
R9558	163	177	?	U
R9558	164	169	?	U
R9558	165	332	e	G
R9558	166	1531	·	I
R9558	167	650	?	U
R9558	168	742	?	U
R9558	169	1099	?	U
R9558	170	769	?	U
R9558	171	19	va	I
R9558	172	12?8	?	U
R9558	173	555	?	U
R9558	174	1348	?	U
R9558	175	337	?	U
R9558	176	15	u	I
R9558	177	1132	?	U
R9558	178	2	?	U
R9558	179	157	?	U
R9558	180	781	?	U
R9558	181	694	?	U
R9558	182	1113	?	U
R9558	183	872	?	U
R9558	184	92	?	U
R9558	185	485	?	U
R9558	186	363	?	U
R9558	187	784	?	U
R9558	188	2450	to	G
R9558	189	1	?	U
R9558	190	495	?	U
R9558	191	2017	?	U
R9558	192	2116	men	I
R9558	193	555	?	U
R9558	194	635	?	U
R9558	195	20	?	U
R9558	196	2145	?	U
R9558	197	676	?	U
R9558	198	252	?	U
R9558	199	868	?	U
R9558	200	1268	?	U
R9558	201	332	e	G
R9558	202	1013	?	U
R9558	203	2414	?	U
R9558	204	1162	?	U
R9558	205	171	to	X
R9558	206	210	?	U
R9558	207	1134	?	U
R9558	208	1161	suo	G
R9558	209	717	?	U
R9558	210	155	?	U
R9558	211	94	?	U
R9558	212	1418	per	G
R9558	213	694	?	U
R9558	214	1288	?	U
R9558	215	205	?	U
R9558	216	615	?	U
R9558	217	1112	di	G
R9558	218	931	?	U
R9558	219	516	?	U
R9558	220	694	?	U
R9558	221	330	?	U
R9558	222	1366	?	U
R9558	223	542	?	U
R9558	224	622	?	U
R9558	225	15	u	I
R9558	226	154	a	S
R9558	227	24	?	U
R9558	228	19	va	I
R9558	229	1111	detta	G
R9558	230	154	a	S
R9558	231	495	?	U
R9558	232	895	?	U
R9558	233	1005	?	U
R9558	234	555	?	U
R9558	235	636	?	U
R9558	236	20	?	U
R9558	237	1112	di	G
R9558	238	1309	?	U
R9558	239	1167	?	U
R9558	240	694	?	U
R9558	241	487	?	U
R9558	242	1240	?	U
R9558	243	921	ò	I
R9558	244	1000	qui	I
R9558	245	94	?	U
R9558	246	25	?	U
R9558	247	291	?	U
R9558	248	97	?	U
R9558	249	935	?	U
R9558	250	2145	?	U
R9558	251	1549	mi	G
R9558	252	723	?	U
R9558	253	2413	?	U
R9558	254	154	a	S
R9558	255	97	?	U
R9558	256	199	ma	I
R9558	257	14	?	U
R9558	258	694	?	U
R9558	259	1288	?	U
R9558	260	205	?	U
R9558	261	615	?	U
R9558	262	1112	di	G
R9558	263	932	?	U
R9558	264	2414	?	U
R9558	265	748	?	U
R9558	266	361	sarsi	I
R9558	267	197	?	U
R9558	268	782	?	U
R9558	269	332	e	G
R9558	270	97	?	U
R9558	271	637	?	U
R9558	272	1234	?	U
R9558	273	653	?	U
R9558	274	46	?	U
R9558	275	920	?	U
R9558	276	1138	?	U
R9558	277	1113	?	U
R9558	278	63	V.E.	G
R9558	279	1112	di	G
R9558	280	952	?	U
R9558	281	1241	?	U
R9558	282	1896	?	U
R9558	283	155	?	U
R9558	284	276	?	U
R9558	285	2369	no	I
R9558	286	564	?	U
R9558	287	1214	?	U
R9558	288	549	?	U
R9558	289	1823	bi	I
R9558	290	1	?	U
R9558	291	1	?	U
R9558	292	938	?	U
R9558	293	4	?	U
R9558	294	12?8	?	U
R9558	295	542	?	U
R9559	0	553	?	U
R9559	1	22?2	?	U
R9559	2	28	?	U
R9559	3	1835	?	U
R9559	4	2??6	?	U
R9559	5	2205	ci	G
R9559	6	2352	fra	G
R9559	7	2?11	?	U
R9559	8	63	V.E.	G
R9559	9	964	?	U
R9559	10	11?4	?	U
R9559	11	711	?	U
R9559	12	1648	ed	G
R9559	13	45	?	U
R9559	14	344	?	U
R9559	15	2438	?	U
R9559	16	2035	o	I
R9559	17	1088	?	U
R9559	18	332	e	G
R9559	19	1814	?	U
R9559	20	1418	per	G
R9559	21	859	?	U
R9559	22	1158	?	U
R9559	23	487	?	U
R9559	24	1462	?	U
R9559	25	2450	to	G
R9559	26	1850	nel	G
R9559	27	1147	?	U
R9559	28	1919	no	G
R9559	29	1480	me	G
R9559	30	1909	in	G
R9559	31	2045	quella	G
R9559	32	1864	si	G
R9559	33	1531	·	I
R9559	34	899	?	U
R9559	35	2318	ta	X
R9559	36	1307	?	U
R9559	37	351	?	U
R9559	38	92	?	U
R9559	39	2295	le	G
R9559	40	15	u	I
R9559	41	1832	?	U
R9559	42	2445	ter	G
R9559	43	2099	?	U
R9559	44	1288	?	U
R9559	45	487	?	U
R9559	46	1531	·	I
R9559	47	859	?	U
R9559	48	379	?	U
R9559	49	2178	?	U
R9559	50	1951	ca	G
R9559	51	2450	to	G
R9559	52	1378	a	S
R9559	53	63	V.E.	G
R9559	54	694	?	U
R9559	55	605	enza	S
R9559	56	1813	?	U
R9559	57	2393	as	I
R9559	58	1714	i	X
R9559	59	542	?	U
R9559	60	2358	?	U
R9559	61	379	?	U
R9559	62	1611	por	I
R9559	63	2318	ta	X
R9559	64	2450	to	G
R9559	65	1378	a	S
R9559	66	63	V.E.	G
R9559	67	2358	?	U
R9559	68	1555	?	U
R9559	69	34	?	U
R9559	70	1132	?	U
R9559	71	15	u	I
R9559	72	2361	troppo	I
R9559	73	359	?	U
R9559	74	2211	di	G
R9559	75	14	?	U
R9559	76	2042	?	U
R9559	77	786	?	U
R9559	78	2182	?	U
R9559	79	1714	i	X
R9559	80	791	quale	G
R9559	81	2396	?	U
R9559	82	555	?	U
R9559	83	940	Sovrana	G
R9559	84	1801	?	U
R9559	85	723	?	U
R9559	86	1531	·	I
R9559	87	174	?	U
R9559	88	2055	?	U
R9559	89	2174	?	U
R9559	90	1404	do	G
R9559	91	43	?	U
R9559	92	1542	te	I
R9559	93	2201	che	G
R9559	94	1535	gli	G
R9559	95	516	?	U
R9559	96	2211	di	G
R9559	97	728	?	U
R9559	98	723	?	U
R9559	99	726	?	U
R9559	100	590	?	U
R9559	101	171	to	X
R9559	102	917	?	U
R9559	103	2003	?	U
R9559	104	1821	alla	G
R9559	105	1987	?	U
R9559	106	977	?	U
R9559	107	1994	zione	G
R9559	108	2211	di	G
R9559	109	1088	?	U
R9559	110	665	?	U
R9559	111	2231	l'	G
R9559	112	2035	o	I
R9559	113	611	?	U
R9559	114	2212	?	U
R9559	115	495	?	U
R9559	116	122	?	U
R9559	117	94	?	U
R9559	118	782	?	U
R9559	119	553	?	U
R9559	120	694	?	U
R9559	121	1474	?	U
R9559	122	1819	?	U
R9559	123	2211	di	G
R9559	124	2366	?	U
R9559	125	1775	?	U
R9559	126	1658	?	U
R9559	127	964	?	U
R9559	128	791	quale	G
R9559	129	1531	·	I
R9559	130	1549	mi	G
R9559	131	2367	par	X
R9559	132	2232	la	G
R9559	133	1852	nella	G
R9559	134	1155	sud	X
R9559	135	2205	ci	G
R9559	136	2352	fra	G
R9559	137	96	?	U
R9559	138	1843	il	G
R9559	139	1604	?	U
R9559	140	1268	?	U
R9559	141	1831	cred	G
R9559	142	332	e	G
R9559	143	2211	di	G
R9559	144	311	?	U
R9559	145	1418	per	G
R9559	146	1734	?	U
R9559	147	1852	nella	G
R9559	148	920	?	U
R9559	149	883	?	U
R9559	150	2333	?	U
R9559	151	2081	?	U
R9559	152	1734	?	U
R9559	153	2316	stra	I
R9559	154	1300	sono	I
R9559	155	2211	di	G
R9559	156	2182	?	U
R9559	157	331	?	U
R9559	158	963	?	U
R9559	159	29	?	U
R9559	160	2300	?	U
R9559	161	2211	di	G
R9559	162	749	?	U
R9559	163	1621	?	U
R9559	164	173	?	U
R9559	165	499	?	U
R9559	166	265	?	U
R9559	167	2145	?	U
R9559	168	1620	?	U
R9559	169	1414	?	U
R9559	170	2201	che	G
R9559	171	2174	?	U
R9559	172	1919	no	G
R9559	173	29	?	U
R9559	174	331	?	U
R9559	175	2017	?	U
R9559	176	784	?	U
R9559	177	2318	ta	X
R9559	178	2448	ti	G
R9559	179	2201	che	G
R9559	180	662	alcun	G
R9559	181	2211	di	G
R9559	182	1352	?	U
R9559	183	1542	te	I
R9559	184	1920	non	G
R9559	185	480	?	U
R9559	186	1919	no	G
R9559	187	1549	mi	G
R9559	188	1787	?	U
R9559	189	1714	i	X
R9559	190	4	?	U
R9559	191	1816	?	U
R9559	192	1	?	U
R9559	193	22?2	?	U
R9559	194	28	?	U
R9559	195	2205	ci	G
R9559	196	2352	fra	G
R9559	197	63	V.E.	G
R9559	198	964	?	U
R9559	199	2232	la	G
R9559	200	2205	ci	G
R9559	201	2352	fra	G
R9559	202	1112	di	G
R9559	203	63	V.E.	G
R9559	204	964	?	U
R9559	205	22?2	?	U
R9559	206	2232	la	G
R9560	0	4?	?	U
R9560	1	1273	?	U
R9560	2	1?73	?	U
R9560	3	1953	?	U
R9560	4	1529	Duca	G
R9560	5	NULL	NULL	null
R9560	6	72	?	U
R9560	7	1708	ele	G
R9560	8	2357	li	G
R9560	9	1773	?	U
R9560	10	1422	?	U
R9560	11	2450	to	G
R9560	12	565	?	U
R9560	13	7?4	?	U
R9560	14	1954	?	U
R9560	15	1888	?	U
R9560	16	74	?	U
R9560	17	661	?	U
R9560	18	330	?	U
R9560	19	2369	no	I
R9560	20	2201	che	G
R9560	21	2357	li	G
R9560	22	2024	?	U
R9560	23	480	?	U
R9560	24	1050	ciò	I
R9560	25	1801	?	U
R9560	26	723	?	U
R9560	27	670	?	U
R9560	28	2414	?	U
R9560	29	1487	?	U
R9560	30	1836	ere	G
R9560	31	1419	?	U
R9560	32	53	?	U
R9560	33	332	e	G
R9560	34	2043	?	U
R9560	35	174	?	U
R9560	36	2137	?	U
R9560	37	2396	?	U
R9560	38	2264	?	U
R9560	39	2201	che	G
R9560	40	1864	si	G
R9560	41	1012	?	U
R9560	42	361	sarsi	I
R9560	43	2202	?	U
R9560	44	46	?	U
R9560	45	317	?	U
R9560	46	471	?	U
R9560	47	370	?	U
R9560	48	1113	?	U
R9560	49	2172	?	U
R9560	50	82	?	U
R9560	51	2	?	U
R9560	52	2040	?	U
R9560	53	408	?	U
R9560	54	332	e	G
R9560	55	1843	il	G
R9560	56	540	?	U
R9560	57	2355	?	U
R9560	58	1555	?	U
R9560	59	1134	?	U
R9560	60	2448	ti	G
R9560	61	50	?	U
R9560	62	642	?	U
R9560	63	1099	?	U
R9560	64	NULL	NULL	null
R9560	65	2211	di	G
R9560	66	2017	?	U
R9560	67	28	?	U
R9560	68	2160	?	U
R9560	69	1821	alla	G
R9560	70	1043	desidera	G
R9560	71	171	to	X
R9560	72	754	?	U
R9560	73	2049	questo	G
R9560	74	408	?	U
R9560	75	332	e	G
R9560	76	1790	?	U
R9560	77	1234	?	U
R9560	78	2344	?	U
R9560	79	82	?	U
R9560	80	967	?	U
R9560	81	11	?	U
R9560	82	2361	troppo	I
R9560	83	2433	?	U
R9560	84	968	?	U
R9560	85	732	?	U
R9560	86	769	?	U
R9560	87	2353	Francia	G
R9560	88	96	?	U
R9560	89	46	?	U
R9560	90	605	enza	S
R9560	91	2331	?	U
R9560	92	171	to	X
R9560	93	154	a	S
R9560	94	2049	questo	G
R9560	95	421	?	U
R9560	96	1113	?	U
R9560	97	296	?	U
R9560	98	480	?	U
R9560	99	2178	?	U
R9560	100	814	?	U
R9560	101	1375	?	U
R9560	102	1210	?	U
R9560	103	850	?	U
R9560	104	967	?	U
R9560	105	184	?	U
R9560	106	965	?	U
R9560	107	701	?	U
R9560	108	296	?	U
R9560	109	32	?	U
R9560	110	800	?	U
R9560	111	936	?	U
R9560	112	940	Sovrana	G
R9560	113	332	e	G
R9560	114	966	?	U
R9560	115	214	?	U
R9560	116	154	a	S
R9560	117	2401	?	U
R9560	118	565	?	U
R9560	119	1105	?	U
R9560	120	972	?	U
R9560	121	76	?	U
R9560	122	964	?	U
R9560	123	277	?	U
R9560	124	210	?	U
R9560	125	1257	?	U
R9560	126	990	?	U
R9560	127	694	?	U
R9560	128	283	?	U
R9560	129	921	ò	I
R9560	130	967	?	U
R9560	131	11	?	U
R9560	132	1279	?	U
R9560	133	1357	?	U
R9560	134	732	?	U
R9560	135	769	?	U
R9560	136	1267	?	U
R9560	137	96	?	U
R9560	138	1134	?	U
R9560	139	606	?	U
R9560	140	964	?	U
R9560	141	742	?	U
R9560	142	723	?	U
R9560	143	1205	?	U
R9560	144	1292	?	U
R9560	145	154	a	S
R9560	146	1112	di	G
R9560	147	1222	?	U
R9560	148	990	?	U
R9560	149	666	?	U
R9560	150	1267	?	U
R9560	151	1134	?	U
R9560	152	412	?	U
R9560	153	557	?	U
R9560	154	567	?	U
R9560	155	332	e	G
R9560	156	814	?	U
R9560	157	74	?	U
R9560	158	54?	?	U
R9560	159	567	?	U
R9560	160	94	?	U
R9560	161	1174	?	U
R9560	162	480	?	U
R9560	163	1050	ciò	I
R9560	164	2111	qui	G
R9560	165	410	?	U
R9560	166	208	?	U
R9560	167	154	a	S
R9560	168	332	e	G
R9560	169	723	?	U
R9560	170	332	e	G
R9560	171	769	?	U
R9560	172	43	?	U
R9560	173	803	?	U
R9560	174	874	?	U
R9560	175	82	?	U
R9560	176	1317	?	U
R9560	177	431	?	U
R9560	178	2422	gi	I
R9560	179	734	?	U
R9560	180	96	?	U
R9560	181	1132	?	U
R9560	182	516	?	U
R9560	183	1112	di	G
R9560	184	1286	?	U
R9560	185	199	ma	I
R9560	186	1320	?	U
R9560	187	442	?	U
R9560	188	332	e	G
R9560	189	1158	?	U
R9560	190	1253	?	U
R9560	191	2361	troppo	I
R9560	192	1357	?	U
R9560	193	1375	?	U
R9560	194	708	?	U
R9560	195	388	conferenza	I
R9560	196	2111	qui	G
R9560	197	968	?	U
R9560	198	421	?	U
R9560	199	967	?	U
R9560	200	501	?	U
R9560	201	732	?	U
R9560	202	96	?	U
R9560	203	754	?	U
R9560	204	49	?	U
R9560	205	389	?	U
R9560	206	618	?	U
R9560	207	1050	ciò	I
R9560	208	351	?	U
R9560	209	754	?	U
R9560	210	936	?	U
R9560	211	874	?	U
R9560	212	431	?	U
R9560	213	1339	?	U
R9560	214	734	?	U
R9560	215	271	?	U
R9560	216	207	?	U
R9560	217	661	?	U
R9560	218	19	va	I
R9560	219	485	?	U
R9560	220	1348	?	U
R9560	221	754	?	U
R9560	222	679	?	U
R9560	223	686	?	U
R9560	224	1099	?	U
R9560	225	694	?	U
R9560	226	1146	?	U
R9560	227	431	?	U
R9560	228	1339	?	U
R9560	229	1880	?	U
R9560	230	208	?	U
R9560	231	363	?	U
R9560	232	950	?	U
R9560	233	210	?	U
R9560	234	164	?	U
R9560	235	1167	?	U
R9560	236	1134	?	U
R9560	237	1154	?	U
R9560	238	1555	?	U
R9560	239	797	?	U
R9560	240	1112	di	G
R9560	241	207	?	U
R9560	242	2380	te	X
R9560	243	694	?	U
R9560	244	1161	suo	G
R9560	245	1123	?	U
R9560	246	337	?	U
R9560	247	2035	o	I
R9560	248	579	?	U
R9560	249	196	?	U
R9560	250	1061	?	U
R9560	251	332	e	G
R9560	252	2145	?	U
R9560	253	1654	ha	G
R9560	254	499	?	U
R9560	255	337	?	U
R9560	256	925	?	U
R9560	257	1100	?	U
R9560	258	1160	?	U
R9560	259	849	?	U
R9560	260	644	?	U
R9560	261	757	?	U
R9560	262	363	?	U
R9560	263	1342	?	U
R9560	264	2161	is	G
R9560	265	154	a	S
R9560	266	1123	?	U
R9560	267	337	?	U
R9560	268	154	a	S
R9560	269	579	?	U
R9560	270	1407	?	U
R9560	271	1061	?	U
R9560	272	964	?	U
R9560	273	849	?	U
R9560	274	1147	?	U
R9560	275	644	?	U
R9560	276	332	e	G
R9560	277	621	?	U
R9560	278	471	?	U
R9560	279	1061	?	U
R9560	280	2439	?	U
R9560	281	92	?	U
R9560	282	1415	?	U
R9560	283	661	?	U
R9560	284	19	va	I
R9560	285	1563	?	U
R9560	286	1137	?	U
R9560	287	1378	a	S
R9560	288	36	?	U
R9560	289	332	e	G
R9560	290	2287	?	U
R9560	291	578	?	U
R9560	292	424	?	U
R9560	293	30	?	U
R9560	294	1005	?	U
R9560	295	769	?	U
R9560	296	631	?	U
R9560	297	260	?	U
R9560	298	332	e	G
R9560	299	497	?	U
R9560	300	1099	?	U
R9560	301	1555	?	U
R9560	302	695	?	U
R9560	303	525	?	U
R9560	304	1099	?	U
R9560	305	2116	men	I
R9560	306	1134	?	U
R9560	307	920	?	U
R9560	308	644	?	U
R9560	309	765	?	U
R9560	310	964	?	U
R9560	311	742	?	U
R9560	312	723	?	U
R9560	313	1205	?	U
R9560	314	1816	?	U
R9560	315	1	?	U
R9560	316	2	?	U
R9560	317	5	?	U
R9560	318	NULL	NULL	null
R9560	319	NULL	NULL	null
R9560	320	1860	?	U
R9560	321	1864	si	G
R9560	322	2	?	U
R9560	323	2	?	U
R9560	324	1099	?	U
R9560	325	742	?	U
R9560	326	723	?	U
R9560	327	1205	?	U
R9560	328	337	?	U
R9561	0	553	?	U
R9561	1	1843	il	G
R9561	2	182	Disp.	G
R9561	3	1999	?	U
R9561	4	2201	che	G
R9561	5	1814	?	U
R9561	6	1549	mi	G
R9561	7	1654	ha	G
R9561	8	1328	?	U
R9561	9	2403	confer	I
R9561	10	605	enza	S
R9561	11	1818	al	G
R9561	12	1636	?	U
R9561	13	1919	no	G
R9561	14	1909	in	G
R9561	15	894	?	U
R9561	16	2017	?	U
R9561	17	1535	gli	G
R9561	18	1740	?	U
R9561	19	1704	?	U
R9561	20	2305	?	U
R9561	21	2380	te	X
R9561	22	1462	?	U
R9561	23	14	?	U
R9561	24	2295	le	G
R9561	25	1486	?	U
R9561	26	1594	?	U
R9561	27	1901	es	X
R9561	28	2067	d'An	I
R9561	29	1914	?	U
R9561	30	1734	?	U
R9561	31	1424	?	U
R9561	32	412	?	U
R9561	33	2261	?	U
R9561	34	1404	do	G
R9561	35	1820	Inghil	I
R9561	36	1908	?	U
R9561	37	2137	?	U
R9561	38	1684	?	U
R9561	39	2084	della	G
R9561	40	1867	?	U
R9561	41	2000	?	U
R9561	42	1531	·	I
R9561	43	2438	?	U
R9561	44	2035	o	I
R9561	45	2017	?	U
R9561	46	1742	vo	G
R9561	47	2318	ta	X
R9561	48	1543	?	U
R9561	49	1814	?	U
R9561	50	1418	per	G
R9561	51	2295	le	G
R9561	52	915	?	U
R9561	53	2137	?	U
R9561	54	1460	?	U
R9561	55	455	?	U
R9561	56	86	,	G
R9561	57	2201	che	G
R9561	58	1549	mi	G
R9561	59	1654	ha	G
R9561	60	1050	ciò	I
R9561	61	88	?	U
R9561	62	332	e	G
R9561	63	2201	che	G
R9561	64	2445	ter	G
R9561	65	1491	ro	G
R9561	66	579	?	U
R9561	67	1714	i	X
R9561	68	174	?	U
R9561	69	2212	?	U
R9561	70	2184	col	G
R9561	71	NULL	NULL	null
R9561	72	1418	per	G
R9561	73	1549	mi	G
R9561	74	1378	a	S
R9561	75	1797	?	U
R9561	76	1794	?	U
R9561	77	154	a	S
R9561	78	913	?	U
R9561	79	87	?	U
R9561	80	1531	·	I
R9561	81	210	?	U
R9561	82	2045	quella	G
R9561	83	2339	?	U
R9561	84	2172	?	U
R9561	85	1994	zione	G
R9561	86	1998	?	U
R9561	87	2201	che	G
R9561	88	1613	?	U
R9561	89	1557	sa	X
R9561	90	1516	avere	G
R9561	91	1348	?	U
R9561	92	1982	?	U
R9561	93	1843	il	G
R9561	94	420	?	U
R9561	95	843	?	U
R9561	96	1480	me	G
R9561	97	1788	?	U
R9561	98	754	?	U
R9561	99	361	sarsi	I
R9561	100	1734	?	U
R9561	101	1132	?	U
R9561	102	1095	?	U
R9561	103	85	?	U
R9561	104	199	ma	I
R9561	105	1991	?	U
R9561	106	1418	per	G
R9561	107	2182	?	U
R9561	108	2393	as	I
R9561	109	921	ò	I
R9561	110	89	?	U
R9561	111	1099	?	U
R9561	112	2049	questo	G
R9561	113	44	?	U
R9561	114	1920	non	G
R9561	115	1811	?	U
R9561	116	2116	men	I
R9561	117	1549	mi	G
R9561	118	361	sarsi	I
R9561	119	1101	?	U
R9561	120	1734	?	U
R9561	121	1788	?	U
R9561	122	1328	?	U
R9561	123	1542	te	I
R9561	124	1409	ma	G
R9561	125	2293	?	U
R9561	126	1835	?	U
R9561	127	1750	?	U
R9561	128	1663	?	U
R9561	129	1378	a	S
R9561	130	2339	?	U
R9561	131	1868	?	U
R9561	132	2316	stra	I
R9561	133	2212	?	U
R9561	134	317	?	U
R9561	135	1462	?	U
R9561	136	1814	?	U
R9561	137	332	e	G
R9561	138	1597	go	I
R9561	139	1404	do	G
R9561	140	492	?	U
R9561	141	1057	?	U
R9561	142	965	?	U
R9561	143	1571	accordo	G
R9561	144	2145	?	U
R9561	145	1462	?	U
R9561	146	2043	?	U
R9561	147	1605	Ministro	G
R9561	148	745	?	U
R9561	149	NULL	NULL	null
R9561	150	1864	si	G
R9561	151	754	?	U
R9561	152	1814	?	U
R9561	153	1012	?	U
R9561	154	1061	?	U
R9561	155	1998	?	U
R9561	156	332	e	G
R9561	157	965	?	U
R9561	158	378	?	U
R9561	159	2035	o	I
R9561	160	1994	zione	G
R9561	161	964	?	U
R9561	162	1488	?	U
R9561	163	769	?	U
R9561	164	1986	?	U
R9561	165	2124	?	U
R9561	166	2169	one	X
R9561	167	1999	?	U
R9561	168	1648	ed	G
R9561	169	1449	?	U
R9561	170	1404	do	G
R9561	171	1462	?	U
R9561	172	1844	?	U
R9561	173	2363	pa	I
R9561	174	1942	?	U
R9561	175	1772	?	U
R9561	176	1998	?	U
R9561	177	2201	che	G
R9561	178	1620	?	U
R9561	179	1864	si	G
R9561	180	1866	?	U
R9561	181	894	?	U
R9561	182	1741	avuto	G
R9561	183	714	?	U
R9561	184	759	?	U
R9561	185	1998	?	U
R9561	186	2144	?	U
R9561	187	398	?	U
R9561	188	14	?	U
R9561	189	2268	ciò	I
R9561	190	2201	che	G
R9561	191	1825	?	U
R9561	192	85	?	U
R9561	193	1466	?	U
R9561	194	433	?	U
R9561	195	1814	?	U
R9561	196	2161	is	G
R9561	197	1499	?	U
R9561	198	1061	?	U
R9561	199	2021	?	U
R9561	200	1801	?	U
R9561	201	1864	si	G
R9561	202	2084	della	G
R9561	203	1762	?	U
R9561	204	1622	?	U
R9561	205	2248	?	U
R9561	206	NULL	NULL	null
R9561	207	2409	?	U
R9561	208	1015	?	U
R9561	209	605	enza	S
R9561	210	553	?	U
R9561	211	597	?	U
R9561	212	1843	il	G
R9561	213	182	Disp.	G
R9561	214	2017	?	U
R9561	215	337	?	U
R9561	216	1740	?	U
R9561	217	852	?	U
R9561	218	2249	?	U
R9561	219	1684	?	U
R9561	220	2211	di	G
R9561	221	2129	?	U
R9561	222	85	?	U
R9561	223	332	e	G
R9561	224	1620	?	U
R9561	225	1655	?	U
R9561	226	41	?	U
R9561	227	2450	to	G
R9561	228	1462	?	U
R9561	229	1990	?	U
R9561	230	NULL	NULL	null
R9561	231	1378	a	S
R9561	232	208	?	U
R9561	233	154	a	S
R9561	234	2201	che	G
R9561	235	1714	i	X
R9561	236	2050	?	U
R9561	237	2316	stra	I
R9561	238	2448	ti	G
R9561	239	1997	?	U
R9561	240	2201	che	G
R9561	241	2099	?	U
R9561	242	1453	?	U
R9561	243	2026	?	U
R9561	244	2035	o	I
R9561	245	86	,	G
R9561	246	332	e	G
R9561	247	1099	?	U
R9561	248	1460	?	U
R9561	249	1816	?	U
R9561	250	154	a	S
R9561	251	1814	?	U
R9561	252	1852	nella	G
R9561	253	1347	?	U
R9561	254	1582	?	U
R9561	255	1711	?	U
R9561	256	1942	?	U
R9561	257	1819	?	U
R9561	258	2144	?	U
R9561	259	403	?	U
R9561	260	2212	?	U
R9561	261	2413	?	U
R9561	262	1782	?	U
R9561	263	1470	?	U
R9561	264	2295	le	G
R9561	265	2403	confer	I
R9561	266	605	enza	S
R9561	267	2218	?	U
R9561	268	1113	?	U
R9561	269	1725	na	X
R9561	270	1723	?	U
R9561	271	1404	do	G
R9561	272	1823	bi	I
R9561	273	2393	as	I
R9561	274	1714	i	X
R9561	275	1708	ele	G
R9561	276	2358	?	U
R9561	277	1160	?	U
R9561	278	497	?	U
R9561	279	2163	?	U
R9561	280	1378	a	S
R9561	281	1998	?	U
R9561	282	2145	?	U
R9561	283	1132	?	U
R9561	284	842	terra	I
R9561	285	1745	?	U
R9561	286	1964	?	U
R9561	287	1920	non	G
R9561	288	1770	?	U
R9561	289	2116	men	I
R9561	290	2178	?	U
R9561	291	1909	in	G
R9561	292	1434	?	U
R9561	293	1392	?	U
R9561	294	2224	?	U
R9561	295	1424	?	U
R9561	296	412	?	U
R9561	297	2035	o	I
R9561	298	1820	Inghil	I
R9561	299	1684	?	U
R9561	300	2084	della	G
R9561	301	1867	?	U
R9561	302	1734	?	U
R9561	303	1920	non	G
R9561	304	2201	che	G
R9561	305	1465	?	U
R9561	306	311	?	U
R9561	307	2298	?	U
R9561	308	1873	?	U
R9561	309	1132	?	U
R9561	310	2067	d'An	I
R9561	311	1980	nu	X
R9561	312	1772	?	U
R9561	313	2212	?	U
R9561	314	2184	col	G
R9561	315	154	a	S
R9561	316	2048	?	U
R9561	317	2211	di	G
R9561	318	2129	?	U
R9561	319	94	?	U
R9561	320	2268	ciò	I
R9561	321	2093	?	U
R9561	322	360	?	U
R9561	323	2170	seg	I
R9561	324	1820	Inghil	I
R9561	325	842	terra	I
R9561	326	1997	?	U
R9561	327	1531	·	I
R9561	328	332	e	G
R9561	329	1864	si	G
R9561	330	1949	c	I
R9561	331	1396	?	U
R9561	332	2044	?	U
R9561	333	1684	?	U
R9561	334	1920	non	G
R9561	335	1654	ha	G
R9561	336	1918	?	U
R9561	337	2201	che	G
R9561	338	2156	?	U
R9561	339	1462	?	U
R9561	340	2048	?	U
R9561	341	2084	della	G
R9561	342	1867	?	U
R9561	343	1734	?	U
R9561	344	1617	?	U
R9561	345	2161	is	G
R9561	346	1734	?	U
R9561	347	1557	sa	X
R9561	348	1922	pu	I
R9561	349	2450	to	G
R9561	350	1920	non	G
R9561	351	1664	?	U
R9561	352	2178	?	U
R9561	353	1634	?	U
R9561	354	1697	?	U
R9561	355	2156	?	U
R9561	356	154	a	S
R9561	357	2358	?	U
R9561	358	1895	?	U
R9561	359	2250	?	U
R9561	360	2201	che	G
R9561	361	2451	?	U
R9561	362	2450	to	G
R9561	363	2058	?	U
R9561	364	2082	del	G
R9561	365	2306	?	U
R9561	366	2450	to	G
R9561	367	2295	le	G
R9561	368	222	?	U
R9561	369	2201	che	G
R9561	370	1814	?	U
R9561	371	1654	ha	G
R9561	372	894	?	U
R9561	373	1645	?	U
R9561	374	1723	?	U
R9561	375	1597	go	I
R9561	376	1919	no	G
R9561	377	321	?	U
R9561	378	1998	?	U
R9561	379	2201	che	G
R9561	380	433	?	U
R9561	381	1252	?	U
R9561	382	1378	a	S
R9561	383	2178	?	U
R9561	384	1818	al	G
R9561	385	2227	?	U
R9561	386	2114	?	U
R9561	387	1864	si	G
R9561	388	1998	?	U
R9561	389	332	e	G
R9561	390	2383	?	U
R9561	391	1713	?	U
R9561	392	2205	ci	G
R9561	393	1877	?	U
R9561	394	277	?	U
R9561	395	332	e	G
R9561	396	2293	?	U
R9561	397	2072	?	U
R9561	398	1800	?	U
R9561	399	1617	?	U
R9561	400	2103	?	U
R9561	401	2295	le	G
R9561	402	410	?	U
R9561	403	501	?	U
R9561	404	1802	?	U
R9561	405	1411	?	U
R9561	406	1666	?	U
R9561	407	1555	?	U
R9561	408	363	?	U
R9561	409	2178	?	U
R9561	410	1789	?	U
R9561	411	1480	me	G
R9561	412	2317	?	U
R9561	413	NULL	NULL	null
R9561	414	2445	ter	G
R9561	415	1531	·	I
R9561	416	1513	?	U
R9561	417	2448	ti	G
R9561	418	2049	questo	G
R9561	419	1684	?	U
R9561	420	1613	?	U
R9561	421	1866	?	U
R9561	422	1658	?	U
R9561	423	1980	nu	X
R9561	424	1525	?	U
R9561	425	2101	?	U
R9561	426	2069	?	U
R9561	427	2055	?	U
R9561	428	2174	?	U
R9561	429	1939	?	U
R9561	430	1998	?	U
R9561	431	2201	che	G
R9561	432	2029	?	U
R9561	433	1836	ere	G
R9561	434	1658	?	U
R9561	435	1909	in	G
R9561	436	44	?	U
R9561	437	2067	d'An	I
R9561	438	1818	al	G
R9561	439	2161	is	G
R9561	440	1714	i	X
R9561	441	2230	l	G
R9561	442	1909	in	G
R9561	443	334	?	U
R9561	444	2227	?	U
R9561	445	2201	che	G
R9561	446	1864	si	G
R9561	447	723	?	U
R9561	448	398	?	U
R9561	449	1808	?	U
R9561	450	2156	?	U
R9561	451	1378	a	S
R9561	452	2184	col	G
R9561	453	92	?	U
R9561	454	2099	?	U
R9561	455	2182	?	U
R9561	456	2049	questo	G
R9561	457	1922	pu	I
R9561	458	1666	?	U
R9561	459	450	?	U
R9561	460	1722	?	U
R9561	461	1491	ro	G
R9561	462	1933	?	U
R9561	463	1391	?	U
R9561	464	1480	me	G
R9561	465	1788	?	U
R9561	466	2445	ter	G
R9561	467	1491	ro	G
R9561	468	2018	?	U
R9561	469	1823	bi	I
R9561	470	2318	ta	X
R9561	471	1542	te	I
R9561	472	1378	a	S
R9561	473	859	?	U
R9561	474	1814	?	U
R9561	475	1549	mi	G
R9561	476	1654	ha	G
R9561	477	1666	?	U
R9561	478	513	?	U
R9561	479	NULL	NULL	null
R9561	480	2059	?	U
R9561	481	1549	mi	G
R9561	482	398	?	U
R9561	483	1418	per	G
R9561	484	1617	?	U
R9561	485	1873	?	U
R9561	486	1462	?	U
R9561	487	1864	si	G
R9561	488	1549	mi	G
R9561	489	1132	?	U
R9561	490	1542	te	I
R9561	491	1843	il	G
R9561	492	182	Disp.	G
R9561	493	1112	di	G
R9561	494	1814	?	U
R9561	495	2017	?	U
R9561	496	1535	gli	G
R9561	497	1740	?	U
R9561	498	1979	?	U
R9561	499	1909	in	G
R9561	500	1217	?	U
R9561	501	1821	alla	G
R9561	502	1549	mi	G
R9561	503	154	a	S
R9561	504	2205	ci	G
R9561	505	2352	fra	G
R9561	506	2082	del	G
R9561	507	1618	?	U
R9561	508	1413	?	U
R9561	509	2301	?	U
R9561	510	1462	?	U
R9561	511	1894	cui	G
R9561	512	1511	?	U
R9561	513	1816	?	U
R9561	514	1843	il	G
R9561	515	713	?	U
R9561	516	2084	della	G
R9561	517	1702	?	U
R9561	518	1994	zione	G
R9561	519	1418	per	G
R9561	520	2231	l'	G
R9561	521	1386	?	U
R9561	522	1714	i	X
R9561	523	1994	zione	G
R9561	524	2021	?	U
R9561	525	1794	?	U
R9561	526	1620	?	U
R9561	527	2295	le	G
R9561	528	2422	gi	I
R9561	529	1714	i	X
R9561	530	556	?	U
R9561	531	2211	di	G
R9561	532	1692	?	U
R9561	533	1112	di	G
R9561	534	1835	?	U
R9561	535	1999	?	U
R9561	536	1531	·	I
R9561	537	2230	l	G
R9561	538	1242	?	U
R9561	539	1577	?	U
R9561	540	2211	di	G
R9561	541	81	?	U
R9561	542	2167	n	I
R9561	543	1819	?	U
R9561	544	2110	?	U
R9561	545	2071	?	U
R9561	546	1378	a	S
R9561	547	91	.	G
R9561	548	2049	questo	G
R9561	549	731	?	U
R9561	550	369	sarà	I
R9561	551	1920	non	G
R9561	552	1788	?	U
R9561	553	1528	?	U
R9561	554	2035	o	I
R9561	555	2420	?	U
R9561	556	363	?	U
R9561	557	1909	in	G
R9561	558	2045	quella	G
R9561	559	1998	?	U
R9561	560	2145	?	U
R9561	561	1132	?	U
R9561	562	842	terra	I
R9561	563	1654	ha	G
R9561	564	713	?	U
R9561	565	171	to	X
R9561	566	2248	?	U
R9561	567	277	?	U
R9561	568	1391	?	U
R9561	569	2402	?	U
R9561	570	1605	Ministro	G
R9561	571	967	?	U
R9561	572	501	?	U
R9561	573	1878	?	U
R9561	574	1998	?	U
R9561	575	332	e	G
R9561	576	2084	della	G
R9561	577	791	quale	G
R9561	578	1655	?	U
R9561	579	2161	is	G
R9561	580	1499	?	U
R9561	581	1061	?	U
R9561	582	154	a	S
R9561	583	1161	suo	G
R9561	584	2382	?	U
R9561	585	1814	?	U
R9561	586	332	e	G
R9561	587	1920	non	G
R9561	588	1528	?	U
R9561	589	1999	?	U
R9561	590	2145	?	U
R9561	591	1132	?	U
R9561	592	842	terra	I
R9561	593	984	?	U
R9561	594	2380	te	X
R9561	595	2116	men	I
R9561	596	1843	il	G
R9561	597	2178	?	U
R9561	598	849	?	U
R9561	599	1452	?	U
R9561	600	1597	go	I
R9561	601	1081	?	U
R9561	602	2363	pa	I
R9561	603	1525	?	U
R9561	604	2169	one	X
R9561	605	1577	?	U
R9561	606	1443	?	U
R9561	607	1836	ere	G
R9561	608	154	a	S
R9561	609	2046	?	U
R9561	610	1549	mi	G
R9561	611	2182	?	U
R9561	612	2178	?	U
R9561	613	91	.	G
R9561	614	1420	?	U
R9561	615	858	?	U
R9561	616	1814	?	U
R9561	617	1765	?	U
R9561	618	1799	?	U
R9561	619	1888	?	U
R9561	620	1664	?	U
R9561	621	2116	men	I
R9561	622	1428	?	U
R9561	623	1775	?	U
R9561	624	NULL	NULL	null
R9561	625	1864	si	G
R9561	626	1821	alla	G
R9561	627	2054	Spagna	G
R9561	628	2145	?	U
R9561	629	1418	per	G
R9561	630	1216	?	U
R9561	631	2146	?	U
R9561	632	1864	si	G
R9561	633	474	?	U
R9561	634	2045	quella	G
R9561	635	2296	?	U
R9561	636	1468	?	U
R9561	637	2114	?	U
R9561	638	401	?	U
R9561	639	1968	essere	I
R9561	640	1050	ciò	I
R9561	641	2405	?	U
R9561	642	842	terra	I
R9561	643	86	,	G
R9561	644	2201	che	G
R9561	645	1909	in	G
R9561	646	2110	?	U
R9561	647	1436	?	U
R9561	648	1088	?	U
R9561	649	1654	ha	G
R9561	650	1050	ciò	I
R9561	651	2403	confer	I
R9561	652	1693	?	U
R9561	653	525	?	U
R9561	654	1901	es	X
R9561	655	1100	?	U
R9561	656	1418	per	G
R9561	657	1548	?	U
R9561	658	964	?	U
R9561	659	408	?	U
R9561	660	843	?	U
R9561	661	332	e	G
R9561	662	2145	?	U
R9561	663	1420	?	U
R9561	664	1920	non	G
R9561	665	1922	pu	I
R9561	666	922	?	U
R9561	667	2182	?	U
R9561	668	859	?	U
R9561	669	1296	?	U
R9561	670	555	?	U
R9561	671	525	?	U
R9561	672	1693	?	U
R9561	673	2017	?	U
R9561	674	1620	?	U
R9561	675	2332	?	U
R9561	676	1957	?	U
R9561	677	409	?	U
R9561	678	2067	d'An	I
R9561	679	1889	?	U
R9561	680	2316	stra	I
R9561	681	1233	?	U
R9561	682	1537	?	U
R9561	683	332	e	G
R9561	684	2145	?	U
R9561	685	1614	?	U
R9561	686	1895	?	U
R9561	687	1453	?	U
R9561	688	41	?	U
R9561	689	NULL	NULL	null
R9561	690	NULL	NULL	null
R9561	691	2035	o	I
R9561	692	1998	?	U
R9561	693	2145	?	U
R9561	694	967	?	U
R9561	695	1549	mi	G
R9561	696	2182	?	U
R9561	697	2178	?	U
R9561	698	2211	di	G
R9561	699	317	?	U
R9561	700	2405	?	U
R9561	701	842	terra	I
R9561	702	1378	a	S
R9561	703	1728	?	U
R9561	704	1842	?	U
R9561	705	1957	?	U
R9561	706	2054	Spagna	G
R9561	707	332	e	G
R9561	708	1900	?	U
R9561	709	1281	?	U
R9561	710	1901	es	X
R9561	711	555	?	U
R9561	712	1694	?	U
R9561	713	1864	si	G
R9561	714	332	e	G
R9561	715	1853	?	U
R9561	716	791	quale	G
R9561	717	1088	?	U
R9561	718	858	?	U
R9561	719	1620	?	U
R9561	720	369	sarà	I
R9561	721	984	?	U
R9561	722	2318	ta	X
R9561	723	1233	?	U
R9561	724	87	?	U
R9561	725	332	e	G
R9561	726	2018	?	U
R9561	727	2163	?	U
R9561	728	2003	?	U
R9561	729	2161	is	G
R9561	730	1499	?	U
R9561	731	2316	stra	I
R9561	732	1233	?	U
R9561	733	1734	?	U
R9561	734	1537	?	U
R9561	735	1500	?	U
R9561	736	2116	men	I
R9561	737	2084	della	G
R9561	738	1702	?	U
R9561	739	1994	zione	G
R9561	740	1997	?	U
R9561	741	1531	·	I
R9561	742	1664	?	U
R9561	743	2116	men	I
R9561	744	2068	?	U
R9561	745	1547	?	U
R9561	746	2445	ter	G
R9561	747	1134	?	U
R9561	748	1909	in	G
R9561	749	1418	per	G
R9561	750	1714	i	X
R9561	751	2339	?	U
R9561	752	2358	?	U
R9561	753	1418	per	G
R9561	754	NULL	NULL	null
R9561	755	2295	le	G
R9561	756	2125	?	U
R9561	757	455	?	U
R9561	758	1613	?	U
R9561	759	2163	?	U
R9561	760	2224	?	U
R9561	761	1531	·	I
R9561	762	1999	?	U
R9561	763	2145	?	U
R9561	764	1811	?	U
R9561	765	2174	?	U
R9561	766	1919	no	G
R9561	767	1901	es	X
R9561	768	1782	?	U
R9561	769	1470	?	U
R9561	770	1531	·	I
R9561	771	1418	per	G
R9561	772	2358	?	U
R9561	773	2122	?	U
R9561	774	1500	?	U
R9561	775	1925	?	U
R9561	776	1502	?	U
R9561	777	2038	?	U
R9561	778	2084	della	G
R9561	779	2379	?	U
R9561	780	1714	i	X
R9561	781	2091	?	U
R9561	782	977	?	U
R9561	783	1112	di	G
R9561	784	1867	?	U
R9561	785	1997	?	U
R9561	786	1462	?	U
R9561	787	1424	?	U
R9561	788	2202	?	U
R9561	789	2035	o	I
R9561	790	2201	che	G
R9561	791	2205	ci	G
R9561	792	254	?	U
R9561	793	1909	in	G
R9561	794	2035	o	I
R9561	795	1112	di	G
R9561	796	1113	?	U
R9561	797	1549	mi	G
R9561	798	1980	nu	X
R9561	799	2105	?	U
R9561	800	2045	quella	G
R9561	801	1112	di	G
R9561	802	1784	?	U
R9561	803	1909	in	G
R9561	804	1797	?	U
R9561	805	1611	por	I
R9561	806	1994	zione	G
R9561	807	1112	di	G
R9561	808	2049	questo	G
R9561	809	44	?	U
R9561	810	2058	?	U
R9561	811	964	?	U
R9561	812	2175	?	U
R9561	813	2450	to	G
R9561	814	1535	gli	G
R9561	815	2236	ordini	G
R9561	816	2145	?	U
R9561	817	1814	?	U
R9561	818	1549	mi	G
R9561	819	1963	dar	G
R9561	820	1378	a	S
R9561	821	1909	in	G
R9561	822	1217	?	U
R9561	823	1821	alla	G
R9561	824	1155	sud	X
R9561	825	2056	?	U
R9561	826	1994	zione	G
R9561	827	1112	di	G
R9561	828	2216	?	U
R9561	829	2178	?	U
R9561	830	2369	no	I
R9561	831	369	sarà	I
R9561	832	754	?	U
R9561	833	1480	me	G
R9561	834	1902	?	U
R9561	835	1061	?	U
R9561	836	1462	?	U
R9561	837	2045	quella	G
R9561	838	758	?	U
R9561	839	974	?	U
R9561	840	2145	?	U
R9561	841	2017	?	U
R9561	842	1742	vo	G
R9561	843	1999	?	U
R9561	844	1531	·	I
R9561	845	1462	?	U
R9561	846	14	?	U
R9561	847	1714	i	X
R9561	848	1657	?	U
R9561	849	45	?	U
R9561	850	1863	?	U
R9561	851	94	?	U
R9561	852	1930	?	U
R9561	853	1881	?	U
R9561	854	1425	?	U
R9561	855	1981	?	U
R9561	856	1613	?	U
R9561	857	1933	?	U
R9561	858	2158	?	U
R9561	859	1802	?	U
R9561	860	1704	?	U
R9561	861	2178	?	U
R9561	862	1086	?	U
R9561	863	1424	?	U
R9561	864	2202	?	U
R9561	865	1419	?	U
R9561	866	1535	gli	G
R9561	867	915	?	U
R9561	868	2211	di	G
R9561	869	2184	col	G
R9561	870	2062	?	U
R9561	871	1645	?	U
R9561	872	1555	?	U
R9561	873	2450	to	G
R9561	874	597	?	U
R9561	875	1818	al	G
R9561	876	182	Disp.	G
R9561	877	2017	?	U
R9561	878	1535	gli	G
R9561	879	1740	?	U
R9561	880	1979	?	U
R9561	881	2403	confer	I
R9561	882	791	quale	G
R9561	883	1814	?	U
R9561	884	1654	ha	G
R9561	885	1134	?	U
R9561	886	899	?	U
R9561	887	455	?	U
R9561	888	1112	di	G
R9561	889	2203	?	U
R9561	890	1839	?	U
R9561	891	1843	il	G
R9561	892	1657	?	U
R9561	893	2367	par	X
R9561	894	1836	ere	G
R9561	895	1160	?	U
R9561	896	497	?	U
R9561	897	1061	?	U
R9561	898	2145	?	U
R9561	899	1134	?	U
R9561	900	2054	Spagna	G
R9561	901	984	?	U
R9561	902	2448	ti	G
R9561	903	2184	col	G
R9561	904	1577	?	U
R9561	905	1443	?	U
R9561	906	NULL	NULL	null
R9561	907	731	?	U
R9561	908	2402	?	U
R9561	909	1693	?	U
R9561	910	525	?	U
R9561	911	1901	es	X
R9561	912	2202	?	U
R9561	913	754	?	U
R9561	914	2356	?	U
R9561	915	1700	?	U
R9561	916	2316	stra	I
R9561	917	1233	?	U
R9561	918	2318	ta	X
R9561	919	2405	?	U
R9561	920	1770	?	U
R9561	921	2178	?	U
R9561	922	2116	men	I
R9561	923	1462	?	U
R9561	924	1487	?	U
R9561	925	1836	ere	G
R9561	926	26	?	U
R9561	927	1614	?	U
R9561	928	2295	le	G
R9561	929	1551	più	G
R9561	930	1012	?	U
R9561	931	87	?	U
R9561	932	1797	?	U
R9561	933	2221	fi	G
R9561	934	748	?	U
R9561	935	332	e	G
R9561	936	1997	?	U
R9561	937	332	e	G
R9561	938	1702	?	U
R9561	939	973	?	U
R9561	940	92	?	U
R9561	941	1793	?	U
R9561	942	407	?	U
R9561	943	2182	?	U
R9561	944	2049	questo	G
R9561	945	1923	?	U
R9561	946	1814	?	U
R9561	947	2145	?	U
R9561	948	2232	la	G
R9561	949	2054	Spagna	G
R9561	950	1654	ha	G
R9561	951	984	?	U
R9561	952	2318	ta	X
R9561	953	2450	to	G
R9561	954	1134	?	U
R9561	955	1761	?	U
R9561	956	2212	?	U
R9561	957	1562	?	U
R9561	958	2017	?	U
R9561	959	1537	?	U
R9561	960	1820	Inghil	I
R9561	961	233	?	U
R9561	962	964	?	U
R9561	963	1155	sud	X
R9561	964	1435	?	U
R9561	965	1418	per	G
R9561	966	1548	?	U
R9561	967	2211	di	G
R9561	968	2049	questo	G
R9561	969	874	?	U
R9561	970	2054	Spagna	G
R9561	971	154	a	S
R9561	972	2049	questo	G
R9561	973	874	?	U
R9561	974	2212	?	U
R9561	975	1562	?	U
R9561	976	2017	?	U
R9561	977	339	?	U
R9561	978	398	?	U
R9561	979	265	?	U
R9561	980	792	?	U
R9561	981	2382	?	U
R9561	982	1920	non	G
R9561	983	1965	?	U
R9561	984	1620	?	U
R9561	985	1881	?	U
R9561	986	1075	?	U
R9561	987	2137	?	U
R9561	988	1112	di	G
R9561	989	2045	quella	G
R9561	990	1761	?	U
R9561	991	154	a	S
R9561	992	1409	ma	G
R9561	993	1525	?	U
R9561	994	1777	ride	I
R9561	995	86	,	G
R9561	996	332	e	G
R9561	997	754	?	U
R9561	998	2048	?	U
R9561	999	85	?	U
R9561	1000	2145	?	U
R9561	1001	1133	?	U
R9561	1002	874	?	U
R9561	1003	368	?	U
R9561	1004	2017	?	U
R9561	1005	339	?	U
R9561	1006	351	?	U
R9561	1007	1654	ha	G
R9561	1008	1111	detta	G
R9561	1009	1831	cred	G
R9561	1010	2035	o	I
R9561	1011	1998	?	U
R9561	1012	2201	che	G
R9561	1013	1134	?	U
R9561	1014	1112	di	G
R9561	1015	2428	?	U
R9561	1016	1761	?	U
R9561	1017	1381	?	U
R9561	1018	763	?	U
R9561	1019	86	,	G
R9561	1020	2145	?	U
R9561	1021	1920	non	G
R9561	1022	1922	pu	I
R9561	1023	2035	o	I
R9561	1024	2182	?	U
R9561	1025	1112	di	G
R9561	1026	2268	ciò	I
R9561	1027	1734	?	U
R9561	1028	2363	pa	I
R9561	1029	2116	men	I
R9561	1030	2114	?	U
R9561	1031	1864	si	G
R9561	1032	1956	?	U
R9561	1033	842	terra	I
R9561	1034	2201	che	G
R9561	1035	337	?	U
R9561	1036	480	?	U
R9561	1037	1857	?	U
R9561	1038	171	to	X
R9561	1039	2045	quella	G
R9561	1040	2364	?	U
R9561	1041	2058	?	U
R9561	1042	1132	?	U
R9561	1043	1684	?	U
R9561	1044	1112	di	G
R9561	1045	2376	?	U
R9561	1046	2295	le	G
R9561	1047	1936	?	U
R9561	1048	2174	?	U
R9561	1049	1112	di	G
R9561	1050	1894	cui	G
R9561	1051	2208	?	U
R9561	1052	2448	ti	G
R9561	1053	453	?	U
R9561	1054	1909	in	G
R9561	1055	1101	?	U
R9561	1056	1699	?	U
R9561	1057	1378	a	S
R9561	1058	154	a	S
R9561	1059	2156	?	U
R9561	1060	2111	qui	G
R9561	1061	492	?	U
R9561	1062	2180	?	U
R9561	1063	1531	·	I
R9561	1064	1486	?	U
R9561	1065	2450	to	G
R9561	1066	1999	?	U
R9561	1067	332	e	G
R9561	1068	1409	ma	G
R9561	1069	754	?	U
R9561	1070	1480	me	G
R9561	1071	397	?	U
R9561	1072	1986	?	U
R9561	1073	1819	?	U
R9561	1074	1796	?	U
R9561	1075	1714	i	X
R9561	1076	1943	?	U
R9561	1077	2003	?	U
R9561	1078	2367	par	X
R9561	1079	2290	lan	X
R9561	1080	2035	o	I
R9561	1081	1999	?	U
R9561	1082	2414	?	U
R9561	1083	2259	?	U
R9561	1084	455	?	U
R9561	1085	1113	?	U
R9561	1086	2045	quella	G
R9561	1087	1549	mi	G
R9561	1088	2182	?	U
R9561	1089	2116	men	I
R9561	1090	581	?	U
R9561	1091	1999	?	U
R9561	1092	2201	che	G
R9561	1093	1462	?	U
R9561	1094	1273	?	U
R9561	1095	2082	del	G
R9561	1096	2276	?	U
R9561	1097	2087	?	U
R9561	1098	2123	ste	I
R9561	1099	1602	?	U
R9561	1100	2250	?	U
R9561	1101	1549	mi	G
R9561	1102	1433	tra	G
R9561	1103	1555	?	U
R9561	1104	1549	mi	G
R9561	1105	1864	si	G
R9561	1106	1997	?	U
R9561	1107	1648	ed	G
R9561	1108	1655	?	U
R9561	1109	2240	?	U
R9561	1110	1563	?	U
R9561	1111	2450	to	G
R9561	1112	14	?	U
R9561	1113	2268	ciò	I
R9561	1114	1	?	U
R9561	1115	215	?	U
R9561	1116	1814	?	U
R9561	1117	2248	?	U
R9561	1118	1391	?	U
R9561	1119	1864	si	G
R9561	1120	1589	è	G
R9561	1121	1456	?	U
R9561	1122	1873	?	U
R9561	1123	206	?	U
R9561	1124	2261	?	U
R9561	1125	1549	mi	G
R9561	1126	94	?	U
R9561	1127	1514	?	U
R9561	1128	2176	?	U
R9561	1129	1725	na	X
R9561	1130	2450	to	G
R9561	1131	1378	a	S
R9561	1132	1843	il	G
R9561	1133	1657	?	U
R9561	1134	45	?	U
R9561	1135	2363	pa	I
R9561	1136	2178	?	U
R9561	1137	1080	?	U
R9561	1138	2406	?	U
R9561	1139	2056	?	U
R9561	1140	1994	zione	G
R9561	1141	2145	?	U
R9561	1142	2295	le	G
R9561	1143	2216	?	U
R9561	1144	2205	ci	G
R9561	1145	2082	del	G
R9561	1146	605	enza	S
R9561	1147	1486	?	U
R9561	1148	2023	?	U
R9561	1149	1491	ro	G
R9561	1150	2218	?	U
R9561	1151	2178	?	U
R9561	1152	2369	no	I
R9561	1153	1449	?	U
R9561	1154	2017	?	U
R9561	1155	1491	ro	G
R9561	1156	1132	?	U
R9561	1157	2235	?	U
R9561	1158	2403	confer	I
R9561	1159	2035	o	I
R9561	1160	2082	del	G
R9561	1161	2178	?	U
R9561	1162	1909	in	G
R9561	1163	1217	?	U
R9561	1164	2084	della	G
R9561	1165	277	?	U
R9561	1166	1418	per	G
R9561	1167	NULL	NULL	null
R9561	1168	390	?	U
R9561	1169	2361	troppo	I
R9561	1170	1549	mi	G
R9561	1171	2205	ci	G
R9561	1172	2058	?	U
R9561	1173	868	?	U
R9561	1174	2111	qui	G
R9561	1175	1748	?	U
R9561	1176	1597	go	I
R9561	1177	1998	?	U
R9561	1178	2145	?	U
R9561	1179	1098	?	U
R9561	1180	1919	no	G
R9561	1181	1714	i	X
R9561	1182	32	?	U
R9561	1183	2116	men	I
R9561	1184	1050	ciò	I
R9561	1185	1602	?	U
R9561	1186	2250	?	U
R9561	1187	1462	?	U
R9561	1188	2248	?	U
R9561	1189	2380	te	X
R9561	1190	2116	men	I
R9561	1191	85	?	U
R9561	1192	1864	si	G
R9561	1193	1949	c	I
R9561	1194	1396	?	U
R9561	1195	1654	ha	G
R9561	1196	1473	?	U
R9561	1197	1050	ciò	I
R9561	1198	1418	per	G
R9561	1199	1276	?	U
R9561	1200	2431	pas	G
R9561	1201	1557	sa	X
R9561	1202	2450	to	G
R9561	1203	1999	?	U
R9561	1204	1739	un	I
R9561	1205	409	?	U
R9561	1206	2067	d'An	I
R9561	1207	919	?	U
R9561	1208	2212	?	U
R9561	1209	281	?	U
R9561	1210	2230	l	G
R9561	1211	1741	avuto	G
R9561	1212	1465	?	U
R9561	1213	2231	l'	G
R9561	1214	807	?	U
R9561	1215	2270	?	U
R9561	1216	1418	per	G
R9561	1217	1276	?	U
R9561	1218	1541	?	U
R9561	1219	2035	o	I
R9561	1220	1843	il	G
R9561	1221	794	Sr	G
R9561	1222	1491	ro	G
R9561	1223	1823	bi	I
R9561	1224	1723	?	U
R9561	1225	1933	?	U
R9561	1226	1723	?	U
R9561	1227	1999	?	U
R9561	1228	1843	il	G
R9561	1229	2007	?	U
R9561	1230	2076	ce	G
R9561	1231	1132	?	U
R9561	1232	2357	li	G
R9561	1233	1836	ere	G
R9561	1234	2087	?	U
R9561	1235	1667	?	U
R9561	1236	1949	c	I
R9561	1237	2202	?	U
R9561	1238	1836	ere	G
R9561	1239	86	,	G
R9561	1240	417	?	U
R9561	1241	1636	?	U
R9561	1242	2316	stra	I
R9561	1243	1652	?	U
R9561	1244	1868	?	U
R9561	1245	1555	?	U
R9561	1246	2316	stra	I
R9561	1247	84	?	U
R9561	1248	1132	?	U
R9561	1249	1453	?	U
R9561	1250	1742	vo	G
R9561	1251	1951	ca	G
R9561	1252	2450	to	G
R9561	1253	84	?	U
R9561	1254	1640	?	U
R9561	1255	1843	il	G
R9561	1256	1797	?	U
R9561	1257	750	?	U
R9561	1258	2451	?	U
R9561	1259	1531	·	I
R9561	1260	2082	del	G
R9561	1261	2178	?	U
R9561	1262	1999	?	U
R9561	1263	332	e	G
R9561	1264	1602	?	U
R9561	1265	2357	li	G
R9561	1266	1619	?	U
R9561	1267	1553	fatto	I
R9561	1268	2110	?	U
R9561	1269	88	?	U
R9561	1270	1531	·	I
R9561	1271	2145	?	U
R9561	1272	14	?	U
R9561	1273	2268	ciò	I
R9561	1274	1820	Inghil	I
R9561	1275	1739	un	I
R9561	1276	2422	gi	I
R9561	1277	1652	?	U
R9561	1278	2116	men	I
R9561	1279	1112	di	G
R9561	1280	492	?	U
R9561	1281	2232	la	G
R9561	1282	1816	?	U
R9561	1283	30	?	U
R9561	1284	1816	?	U
R9561	1285	2761	?	U
R9561	1286	1999	?	U
R9561	1287	NULL	NULL	null
R9561	1288	2409	?	U
R9561	1289	1015	?	U
R9561	1290	605	enza	S
R9561	1291	215	?	U
R9561	1292	2205	ci	G
R9561	1293	5	?	U
R9561	1294	NULL	NULL	null
R9561	1295	NULL	NULL	null
R9561	1296	NULL	NULL	null
R9561	1297	NULL	NULL	null
R9561	1298	NULL	NULL	null
R9561	1299	NULL	NULL	null
R9561	1300	NULL	NULL	null
R9561	1301	NULL	NULL	null
R9561	1302	NULL	NULL	null
R9561	1303	NULL	NULL	null
R9561	1304	NULL	NULL	null
R9561	1305	NULL	NULL	null
R9561	1306	4	?	U
R9561	1307	0	?	U
R9561	1308	1823	bi	I
R9561	1309	NULL	NULL	null
R9562	0	1739	un	I
R9562	1	605	enza	S
R9562	2	1098	?	U
R9562	3	1622	?	U
R9562	4	398	?	U
R9562	5	1478	?	U
R9562	6	2450	to	G
R9562	7	1378	a	S
R9562	8	2049	questo	G
R9562	9	810	?	U
R9562	10	843	?	U
R9562	11	2201	che	G
R9562	12	2358	?	U
R9562	13	1654	ha	G
R9562	14	1973	?	U
R9562	15	171	to	X
R9562	16	2145	?	U
R9562	17	2232	la	G
R9562	18	1762	?	U
R9562	19	1622	?	U
R9562	20	1799	?	U
R9562	21	1888	?	U
R9562	22	2414	?	U
R9562	23	499	?	U
R9562	24	1577	?	U
R9562	25	2033	?	U
R9562	26	2147	?	U
R9562	27	1577	?	U
R9562	28	1510	?	U
R9562	29	2035	o	I
R9562	30	1424	?	U
R9562	31	412	?	U
R9562	32	2261	?	U
R9562	33	1404	do	G
R9562	34	1753	?	U
R9562	35	1684	?	U
R9562	36	1112	di	G
R9562	37	2367	par	X
R9562	38	1409	ma	G
R9562	39	2406	?	U
R9562	40	2054	Spagna	G
R9562	41	1998	?	U
R9562	42	2085	sione	I
R9562	43	222	?	U
R9562	44	894	?	U
R9562	45	1955	?	U
R9562	46	2241	?	U
R9562	47	1418	per	G
R9562	48	1132	?	U
R9562	49	1684	?	U
R9562	50	1112	di	G
R9562	51	2129	?	U
R9562	52	87	?	U
R9562	53	1531	·	I
R9562	54	2084	della	G
R9562	55	2178	?	U
R9562	56	1917	?	U
R9562	57	2383	?	U
R9562	58	1938	?	U
R9562	59	2084	della	G
R9562	60	1496	?	U
R9562	61	1501	?	U
R9562	62	1378	a	S
R9562	63	2414	?	U
R9562	64	2261	?	U
R9562	65	1415	?	U
R9562	66	2062	?	U
R9562	67	1535	gli	G
R9562	68	1844	?	U
R9562	69	1693	?	U
R9562	70	1633	?	U
R9562	71	1942	?	U
R9562	72	2211	di	G
R9562	73	2223	?	U
R9562	74	2194	?	U
R9562	75	2211	di	G
R9562	76	315	?	U
R9562	77	2067	d'An	I
R9562	78	2035	o	I
R9562	79	14	?	U
R9562	80	1714	i	X
R9562	81	1474	?	U
R9562	82	2058	?	U
R9562	83	1843	il	G
R9562	84	1529	Duca	G
R9562	85	2369	no	I
R9562	86	2201	che	G
R9562	87	2357	li	G
R9562	88	2024	?	U
R9562	89	1549	mi	G
R9562	90	2415	?	U
R9562	91	628	?	U
R9562	92	2145	?	U
R9562	93	1920	non	G
R9562	94	1836	ere	G
R9562	95	1852	nella	G
R9562	96	497	?	U
R9562	97	1061	?	U
R9562	98	1112	di	G
R9562	99	1699	?	U
R9562	100	2264	?	U
R9562	101	155	?	U
R9562	102	2363	pa	I
R9562	103	2424	?	U
R9562	104	2178	?	U
R9562	105	1877	?	U
R9562	106	501	?	U
R9562	107	1877	?	U
R9562	108	171	to	X
R9562	109	1714	i	X
R9562	110	1985	?	U
R9562	111	2081	?	U
R9562	112	1549	mi	G
R9562	113	1134	?	U
R9562	114	2352	fra	G
R9562	115	1723	?	U
R9562	116	2202	?	U
R9562	117	NULL	NULL	null
R9562	118	1818	al	G
R9562	119	1474	?	U
R9562	120	2363	pa	I
R9562	121	2424	?	U
R9562	122	1543	?	U
R9562	123	2145	?	U
R9562	124	1404	do	G
R9562	125	1567	?	U
R9562	126	1563	?	U
R9562	127	1919	no	G
R9562	128	1933	?	U
R9562	129	361	sarsi	I
R9562	130	1416	?	U
R9562	131	1836	ere	G
R9562	132	2201	che	G
R9562	133	1714	i	X
R9562	134	1605	Ministro	G
R9562	135	1112	di	G
R9562	136	1496	?	U
R9562	137	1997	?	U
R9562	138	1361	?	U
R9562	139	1642	?	U
R9562	140	383	Austria	G
R9562	141	1864	si	G
R9562	142	1719	?	U
R9562	143	1454	?	U
R9562	144	1919	no	G
R9562	145	1754	?	U
R9562	146	1899	?	U
R9562	147	361	sarsi	I
R9562	148	2448	ti	G
R9562	149	1998	?	U
R9562	150	332	e	G
R9562	151	2145	?	U
R9562	152	2071	?	U
R9562	153	1454	?	U
R9562	154	628	?	U
R9562	155	1015	?	U
R9562	156	1898	da	X
R9562	157	2049	questo	G
R9562	158	874	?	U
R9562	159	842	terra	I
R9562	160	1418	per	G
R9562	161	1726	?	U
R9562	162	2261	?	U
R9562	163	1788	?	U
R9562	164	1276	?	U
R9562	165	91	.	G
R9562	166	1788	?	U
R9562	167	1655	?	U
R9562	168	2367	par	X
R9562	169	2232	la	G
R9562	170	2450	to	G
R9562	171	2068	?	U
R9562	172	2099	?	U
R9562	173	164	?	U
R9562	174	2049	questo	G
R9562	175	44	?	U
R9562	176	332	e	G
R9562	177	1549	mi	G
R9562	178	1799	?	U
R9562	179	1888	?	U
R9562	180	2068	?	U
R9562	181	2428	?	U
R9562	182	1754	?	U
R9562	183	2414	?	U
R9562	184	499	?	U
R9562	185	860	?	U
R9562	186	1620	?	U
R9562	187	1711	?	U
R9562	188	1531	·	I
R9562	189	1800	?	U
R9562	190	2050	?	U
R9562	191	2316	stra	I
R9562	192	2318	ta	X
R9562	193	2450	to	G
R9562	194	1955	?	U
R9562	195	1604	?	U
R9562	196	1268	?	U
R9562	197	2058	?	U
R9562	198	1843	il	G
R9562	199	1529	Duca	G
R9562	200	2369	no	I
R9562	201	2145	?	U
R9562	202	2357	li	G
R9562	203	2024	?	U
R9562	204	1549	mi	G
R9562	205	2415	?	U
R9562	206	628	?	U
R9562	207	2069	?	U
R9562	208	1462	?	U
R9562	209	492	?	U
R9562	210	1057	?	U
R9562	211	1416	?	U
R9562	212	154	a	S
R9562	213	2201	che	G
R9562	214	1087	?	U
R9562	215	1843	il	G
R9562	216	1529	Duca	G
R9562	217	1758	ber	X
R9562	218	2114	?	U
R9562	219	1936	?	U
R9562	220	1745	?	U
R9562	221	2027	va	X
R9562	222	2156	?	U
R9562	223	1739	un	I
R9562	224	1448	?	U
R9562	225	2339	?	U
R9562	226	1462	?	U
R9562	227	1440	l	I
R9562	228	1843	il	G
R9562	229	1604	?	U
R9562	230	1852	nella	G
R9562	231	1954	?	U
R9562	232	1835	?	U
R9562	233	2021	?	U
R9562	234	2363	pa	I
R9562	235	2369	no	I
R9562	236	1998	?	U
R9562	237	332	e	G
R9562	238	2201	che	G
R9562	239	1651	?	U
R9562	240	1835	?	U
R9562	241	1013	?	U
R9562	242	1909	in	G
R9562	243	2038	?	U
R9562	244	921	ò	I
R9562	245	751	?	U
R9562	246	1973	?	U
R9562	247	2261	?	U
R9562	248	1788	?	U
R9562	249	1843	il	G
R9562	250	2178	?	U
R9562	251	1418	per	G
R9562	252	1793	?	U
R9562	253	2101	?	U
R9562	254	1276	?	U
R9562	255	1648	ed	G
R9562	256	2029	?	U
R9562	257	2261	?	U
R9562	258	1276	?	U
R9562	259	99	?	U
R9562	260	1734	?	U
R9562	261	497	?	U
R9563	0	1655	?	U
R9563	1	2211	di	G
R9563	2	920	?	U
R9563	3	2367	par	X
R9563	4	2232	la	G
R9563	5	2450	to	G
R9563	6	1818	al	G
R9563	7	794	Sr	G
R9563	8	1529	Duca	G
R9563	9	2369	no	I
R9563	10	2201	che	G
R9563	11	2357	li	G
R9563	12	2024	?	U
R9563	13	1296	?	U
R9563	14	1821	alla	G
R9563	15	322	?	U
R9563	16	2084	della	G
R9563	17	2212	?	U
R9563	18	2126	?	U
R9563	19	1378	a	S
R9563	20	1491	ro	G
R9563	21	1409	ma	G
R9563	22	1998	?	U
R9563	23	1531	·	I
R9563	24	1535	gli	G
R9563	25	1655	?	U
R9563	26	894	?	U
R9563	27	1703	?	U
R9563	28	1716	?	U
R9563	29	2082	del	G
R9563	30	182	Disp.	G
R9563	31	1998	?	U
R9563	32	2201	che	G
R9563	33	1814	?	U
R9563	34	2249	?	U
R9563	35	1391	?	U
R9563	36	1549	mi	G
R9563	37	1654	ha	G
R9563	38	1328	?	U
R9563	39	1909	in	G
R9563	40	894	?	U
R9563	41	2086	?	U
R9563	42	1740	?	U
R9563	43	2019	?	U
R9563	44	1666	?	U
R9563	45	2422	gi	I
R9563	46	2071	?	U
R9563	47	2358	?	U
R9563	48	1620	?	U
R9563	49	1563	?	U
R9563	50	1542	te	I
R9563	51	1378	a	S
R9563	52	2444	?	U
R9563	53	2211	di	G
R9563	54	859	?	U
R9563	55	1814	?	U
R9563	56	1850	nel	G
R9563	57	1147	?	U
R9563	58	1919	no	G
R9563	59	1549	mi	G
R9563	60	1549	mi	G
R9563	61	1654	ha	G
R9563	62	1666	?	U
R9563	63	1675	?	U
R9563	64	1418	per	G
R9563	65	2450	to	G
R9563	66	1535	gli	G
R9563	67	NULL	NULL	null
R9563	68	1842	?	U
R9563	69	1986	?	U
R9563	70	1535	gli	G
R9563	71	1913	?	U
R9563	72	1620	?	U
R9563	73	1526	?	U
R9563	74	1714	i	X
R9563	75	1098	?	U
R9563	76	2404	?	U
R9563	77	332	e	G
R9563	78	2068	?	U
R9563	79	1956	?	U
R9563	80	2164	?	U
R9563	81	2058	?	U
R9563	82	1535	gli	G
R9563	83	1635	?	U
R9563	84	1050	ciò	I
R9563	85	2369	no	I
R9563	86	2282	delle	G
R9563	87	2023	?	U
R9563	88	2380	te	X
R9563	89	2178	?	U
R9563	90	1909	in	G
R9563	91	2166	?	U
R9563	92	2228	?	U
R9563	93	915	?	U
R9563	94	1990	?	U
R9563	95	2201	che	G
R9563	96	1909	in	G
R9563	97	2268	ciò	I
R9563	98	2068	?	U
R9563	99	NULL	NULL	null
R9563	100	1453	?	U
R9563	101	2027	va	X
R9563	102	1843	il	G
R9563	103	2178	?	U
R9563	104	2211	di	G
R9563	105	2353	Francia	G
R9563	106	1998	?	U
R9563	107	1473	?	U
R9563	108	1949	c	I
R9563	109	2201	che	G
R9563	110	1535	gli	G
R9563	111	1655	?	U
R9563	112	1111	detta	G
R9563	113	2201	che	G
R9563	114	1098	?	U
R9563	115	2205	ci	G
R9563	116	1620	?	U
R9563	117	2318	ta	X
R9563	118	1567	?	U
R9563	119	1949	c	I
R9563	120	2202	?	U
R9563	121	1379	?	U
R9563	122	1613	?	U
R9563	123	1991	?	U
R9563	124	2331	?	U
R9563	125	2264	?	U
R9563	126	1909	in	G
R9563	127	2353	Francia	G
R9563	128	1462	?	U
R9563	129	1739	un	I
R9563	130	868	?	U
R9563	131	1617	?	U
R9563	132	2450	to	G
R9563	133	86	,	G
R9563	134	1531	·	I
R9563	135	1802	?	U
R9563	136	2145	?	U
R9563	137	1864	si	G
R9563	138	1561	?	U
R9563	139	1486	?	U
R9563	140	1378	a	S
R9563	141	2232	la	G
R9563	142	2425	?	U
R9563	143	1352	?	U
R9563	144	1772	?	U
R9563	145	2201	che	G
R9563	146	1983	?	U
R9563	147	1864	si	G
R9563	148	1557	sa	X
R9563	149	2361	troppo	I
R9563	150	2178	?	U
R9563	151	1634	?	U
R9563	152	1697	?	U
R9563	153	1843	il	G
R9563	154	2425	?	U
R9563	155	2331	?	U
R9563	156	2033	?	U
R9563	157	2058	?	U
R9563	158	1843	il	G
R9563	159	1529	Duca	G
R9563	160	2369	no	I
R9563	161	2201	che	G
R9563	162	2357	li	G
R9563	163	2024	?	U
R9563	164	1549	mi	G
R9563	165	1654	ha	G
R9563	166	222	?	U
R9563	167	1998	?	U
R9563	168	2201	che	G
R9563	169	1549	mi	G
R9563	170	2369	no	I
R9563	171	2433	?	U
R9563	172	2380	te	X
R9563	173	1563	?	U
R9563	174	2206	ia	I
R9563	175	2201	che	G
R9563	176	1473	?	U
R9563	177	1549	mi	G
R9563	178	1453	?	U
R9563	179	2027	va	X
R9563	180	1111	detta	G
R9563	181	2201	che	G
R9563	182	1920	non	G
R9563	183	1991	?	U
R9563	184	1986	?	U
R9563	185	1535	gli	G
R9563	186	1913	?	U
R9563	187	1620	?	U
R9563	188	1526	?	U
R9563	189	1714	i	X
R9563	190	1754	?	U
R9563	191	1932	?	U
R9563	192	2448	ti	G
R9563	193	1409	ma	G
R9563	194	1997	?	U
R9563	195	2201	che	G
R9563	196	435	?	U
R9563	197	1739	un	I
R9563	198	2431	pas	G
R9563	199	1933	?	U
R9563	200	2182	?	U
R9563	201	1418	per	G
R9563	202	2283	?	U
R9563	203	1502	?	U
R9563	204	2035	o	I
R9563	205	1843	il	G
R9563	206	2157	?	U
R9563	207	2045	quella	G
R9563	208	254	?	U
R9563	209	1821	alla	G
R9563	210	1762	?	U
R9563	211	1491	ro	G
R9563	212	1409	ma	G
R9563	213	1956	?	U
R9563	214	874	?	U
R9563	215	2353	Francia	G
R9563	216	1419	?	U
R9563	217	1920	non	G
R9563	218	380	?	U
R9563	219	1797	?	U
R9563	220	1404	do	G
R9563	221	2316	stra	I
R9563	222	2450	to	G
R9563	223	662	alcun	G
R9563	224	473	?	U
R9563	225	1998	?	U
R9563	226	2211	di	G
R9563	227	1416	?	U
R9563	228	2089	?	U
R9563	229	1404	do	G
R9563	230	2268	ciò	I
R9563	231	1955	?	U
R9563	232	645	?	U
R9563	233	1547	?	U
R9563	234	2445	ter	G
R9563	235	1917	?	U
R9563	236	1949	c	I
R9563	237	1652	?	U
R9563	238	1531	·	I
R9563	239	2144	?	U
R9563	240	1651	?	U
R9563	241	1920	non	G
R9563	242	2095	?	U
R9563	243	2027	va	X
R9563	244	1411	?	U
R9563	245	2431	pas	G
R9563	246	1864	si	G
R9563	247	2182	?	U
R9563	248	1418	per	G
R9563	249	2282	delle	G
R9563	250	1502	?	U
R9563	251	1714	i	X
R9563	252	2058	?	U
R9563	253	1843	il	G
R9563	254	1529	Duca	G
R9563	255	2369	no	I
R9563	256	2201	che	G
R9563	257	2357	li	G
R9563	258	2024	?	U
R9563	259	1549	mi	G
R9563	260	1654	ha	G
R9563	261	1582	?	U
R9563	262	171	to	X
R9563	263	1997	?	U
R9563	264	2144	?	U
R9563	265	2022	?	U
R9563	266	1453	?	U
R9563	267	2027	va	X
R9563	268	1741	avuto	G
R9563	269	1704	?	U
R9563	270	2369	no	I
R9563	271	361	sarsi	I
R9563	272	1609	pon	G
R9563	273	2089	?	U
R9563	274	1938	?	U
R9563	275	1354	?	U
R9563	276	86	,	G
R9563	277	1531	·	I
R9563	278	1582	?	U
R9563	279	1711	?	U
R9563	280	1942	?	U
R9563	281	1819	?	U
R9563	282	2403	confer	I
R9563	283	645	?	U
R9563	284	1547	?	U
R9563	285	2445	ter	G
R9563	286	1917	?	U
R9563	287	1949	c	I
R9563	288	1653	?	U
R9563	289	1997	?	U
R9563	290	1531	·	I
R9563	291	2201	che	G
R9563	292	1549	mi	G
R9563	293	1797	?	U
R9563	294	1547	?	U
R9563	295	2380	te	X
R9563	296	1?63	?	U
R9563	297	2211	di	G
R9563	298	1674	?	U
R9563	299	1775	?	U
R9563	300	1535	gli	G
R9563	301	2181	?	U
R9563	302	2049	questo	G
R9563	303	1391	?	U
R9563	304	1973	?	U
R9563	305	2072	?	U
R9563	306	2358	?	U
R9563	307	2085	sione	I
R9563	308	197?	?	U
R9563	309	2201	che	G
R9563	310	1453	?	U
R9563	311	2027	va	X
R9563	312	1997	?	U
R9563	313	332	e	G
R9563	314	2087	?	U
R9563	315	1013	?	U
R9563	316	2084	della	G
R9563	317	1936	?	U
R9563	318	2124	?	U
R9563	319	2100	?	U
R9563	320	88	?	U
R9563	321	1418	per	G
R9563	322	1560	?	U
R9563	323	1836	ere	G
R9563	324	1607	?	U
R9563	325	1958	?	U
R9563	326	1217	?	U
R9563	327	2082	del	G
R9563	328	645	?	U
R9563	329	1547	?	U
R9563	330	2445	ter	G
R9563	331	1917	?	U
R9563	332	1949	c	I
R9563	333	479	?	U
R9563	334	1764	?	U
R9563	335	1843	il	G
R9563	336	277	?	U
R9563	337	1416	?	U
R9563	338	1557	sa	X
R9563	339	362	?	U
R9563	340	1734	?	U
R9563	341	1998	?	U
R9563	342	1648	ed	G
R9563	343	453	?	U
R9563	344	1816	?	U
R9563	345	1378	a	S
R9563	346	2268	ciò	I
R9563	347	1998	?	U
R9563	348	2201	che	G
R9563	349	1614	?	U
R9563	350	497	?	U
R9563	351	1502	?	U
R9563	352	2230	l	G
R9563	353	2380	te	X
R9563	354	2369	no	I
R9563	355	2234	flo	I
R9563	356	1542	te	I
R9563	357	2058	?	U
R9563	358	2231	l'	G
R9563	359	1655	?	U
R9563	360	2438	?	U
R9563	361	171	to	X
R9563	362	1998	?	U
R9563	363	1531	·	I
R9563	364	2230	l	G
R9563	365	1653	?	U
R9563	366	1726	?	U
R9563	367	171	to	X
R9563	368	2211	di	G
R9563	369	1674	?	U
R9563	370	1836	ere	G
R9563	371	1818	al	G
R9563	372	645	?	U
R9563	373	1547	?	U
R9563	374	2445	ter	G
R9563	375	1917	?	U
R9563	376	1949	c	I
R9563	377	1653	?	U
R9563	378	1850	nel	G
R9563	379	416	?	U
R9563	380	1659	?	U
R9563	381	1998	?	U
R9563	382	2145	?	U
R9563	383	1831	cred	G
R9563	384	1964	?	U
R9563	385	1531	·	I
R9563	386	714	?	U
R9563	387	2003	?	U
R9563	388	2062	?	U
R9563	389	1653	?	U
R9563	390	2431	pas	G
R9563	391	1557	sa	X
R9563	392	2450	to	G
R9563	393	1818	al	G
R9563	394	1529	Duca	G
R9563	395	2369	no	I
R9563	396	2201	che	G
R9563	397	2357	li	G
R9563	398	2024	?	U
R9563	399	1703	?	U
R9563	400	1716	?	U
R9563	401	2084	della	G
R9563	402	1702	?	U
R9563	403	1994	zione	G
R9563	404	1160	?	U
R9563	405	1386	?	U
R9563	406	1128	?	U
R9563	407	2021	?	U
R9563	408	1794	?	U
R9563	409	1620	?	U
R9563	410	2295	le	G
R9563	411	2423	?	U
R9563	412	1714	i	X
R9563	413	556	?	U
R9563	414	1998	?	U
R9563	415	1531	·	I
R9563	416	2021	?	U
R9563	417	1530	due	I
R9563	418	1242	?	U
R9563	419	1531	·	I
R9563	420	1549	mi	G
R9563	421	1654	ha	G
R9563	422	1111	detta	G
R9563	423	2201	che	G
R9563	424	1535	gli	G
R9563	425	1901	es	X
R9563	426	1947	?	U
R9563	427	1909	in	G
R9563	428	1837	?	U
R9563	429	2058	?	U
R9563	430	1843	il	G
R9563	431	2242	Re	G
R9563	432	2353	Francia	G
R9563	433	1654	ha	G
R9563	434	2202	?	U
R9563	435	1947	?	U
R9563	436	171	to	X
R9563	437	1843	il	G
R9563	438	1529	Duca	G
R9563	439	1758	ber	X
R9563	440	2114	?	U
R9563	441	1936	?	U
R9563	442	1531	·	I
R9563	443	1535	gli	G
R9563	444	1654	ha	G
R9563	445	1797	?	U
R9563	446	1714	i	X
R9563	447	1823	bi	I
R9563	448	2450	to	G
R9563	449	2211	di	G
R9563	450	2071	?	U
R9563	451	2264	?	U
R9563	452	1378	a	S
R9563	453	2367	par	X
R9563	454	2232	la	G
R9563	455	2178	?	U
R9563	456	1852	nella	G
R9563	457	1954	?	U
R9563	458	1835	?	U
R9563	459	2021	?	U
R9563	460	2367	par	X
R9563	461	1714	i	X
R9563	462	1462	?	U
R9563	463	1440	l	I
R9563	464	2232	la	G
R9563	465	2355	?	U
R9563	466	1160	?	U
R9563	467	1708	ele	G
R9563	468	1531	·	I
R9563	469	1994	zione	G
R9563	470	2058	?	U
R9563	471	1843	il	G
R9563	472	1529	Duca	G
R9563	473	2369	no	I
R9563	474	2201	che	G
R9563	475	2357	li	G
R9563	476	2024	?	U
R9563	477	1549	mi	G
R9563	478	1654	ha	G
R9563	479	1111	detta	G
R9563	480	2201	che	G
R9563	481	1529	Duca	G
R9563	482	1502	?	U
R9563	483	1708	ele	G
R9563	484	2357	li	G
R9563	485	1723	?	U
R9563	486	2422	gi	I
R9563	487	2450	to	G
R9563	488	1723	?	U
R9563	489	1654	ha	G
R9563	490	1441	?	U
R9563	491	1462	?	U
R9563	492	1801	?	U
R9563	493	2448	ti	G
R9563	494	2450	to	G
R9563	495	1378	a	S
R9563	496	2344	?	U
R9563	497	2103	?	U
R9563	498	2230	l	G
R9563	499	1236	?	U
R9563	500	1878	?	U
R9563	501	1909	in	G
R9563	502	2353	Francia	G
R9563	503	1894	cui	G
R9563	504	1741	avuto	G
R9563	505	919	?	U
R9563	506	2211	di	G
R9563	507	1438	?	U
R9563	508	1549	mi	G
R9563	509	2232	la	G
R9563	510	1809	?	U
R9563	511	2201	che	G
R9563	512	1920	non	G
R9563	513	1528	?	U
R9563	514	237?	?	U
R9563	515	1923	?	U
R9563	516	2084	della	G
R9563	517	1462	?	U
R9563	518	2338	?	U
R9563	519	1502	?	U
R9563	520	1864	si	G
R9563	521	2169	one	X
R9563	522	2083	dell'	G
R9563	523	1844	?	U
R9563	524	714	?	U
R9563	525	1909	in	G
R9563	526	842	terra	I
R9563	527	1531	·	I
R9563	528	2201	che	G
R9563	529	2048	?	U
R9563	530	433	?	U
R9563	531	2211	di	G
R9563	532	2333	?	U
R9563	533	1951	ca	G
R9563	534	1436	?	U
R9563	535	2081	?	U
R9563	536	1549	mi	G
R9563	537	2357	li	G
R9563	538	2169	one	X
R9563	539	2212	?	U
R9563	540	2352	fra	G
R9563	541	1723	?	U
R9563	542	2202	?	U
R9563	543	1409	ma	G
R9563	544	1920	non	G
R9563	545	14	?	U
R9563	546	2363	pa	I
R9563	547	2424	?	U
R9563	548	1824	?	U
R9563	549	1909	in	G
R9563	550	2049	questo	G
R9563	551	2135	?	U
R9563	552	2058	?	U
R9563	553	2232	la	G
R9563	554	2053	?	U
R9563	555	1920	non	G
R9563	556	1922	pu	I
R9563	557	2110	?	U
R9563	558	2298	?	U
R9563	559	1836	ere	G
R9563	560	1818	al	G
R9563	561	1893	Cuba	G
R9563	562	1725	na	X
R9563	563	222	?	U
R9563	564	1957	?	U
R9563	565	2353	Francia	G
R9563	566	1418	per	G
R9563	567	915	?	U
R9563	568	2261	?	U
R9563	569	2232	la	G
R9563	570	1909	in	G
R9563	571	1161	suo	G
R9563	572	2093	?	U
R9563	573	1811	?	U
R9563	574	1531	·	I
R9563	575	2249	?	U
R9563	576	1391	?	U
R9563	577	2083	dell'	G
R9563	578	1909	in	G
R9563	579	1563	?	U
R9563	580	1864	si	G
R9563	581	2169	one	X
R9563	582	431	?	U
R9563	583	2422	gi	I
R9563	584	1652	?	U
R9563	585	1901	es	X
R9563	586	1531	·	I
R9563	587	1818	al	G
R9563	588	2439	?	U
R9563	589	2084	della	G
R9563	590	2361	troppo	I
R9563	591	2232	la	G
R9563	592	2318	ta	X
R9563	593	NULL	NULL	null
R9563	594	90	?	U
R9563	595	2048	?	U
R9563	596	1909	in	G
R9563	597	2009	car	X
R9563	598	1714	i	X
R9563	599	2014	cat	I
R9563	600	2035	o	I
R9563	601	1895	?	U
R9563	602	1684	?	U
R9563	603	2211	di	G
R9563	604	2054	Spagna	G
R9563	605	1480	me	G
R9563	606	1788	?	U
R9563	607	1654	ha	G
R9563	608	2367	par	X
R9563	609	2232	la	G
R9563	610	2450	to	G
R9563	611	1462	?	U
R9563	612	1990	?	U
R9563	613	2437	?	U
R9563	614	1714	i	X
R9563	615	1543	?	U
R9563	616	1997	?	U
R9563	617	1748	?	U
R9563	618	1407	?	U
R9563	619	1404	do	G
R9564	0	1739	un	I
R9564	1	605	enza	S
R9564	2	2331	?	U
R9564	3	171	to	X
R9564	4	1378	a	S
R9564	5	2049	questo	G
R9564	6	874	?	U
R9564	7	2054	Spagna	G
R9564	8	1535	gli	G
R9564	9	1654	ha	G
R9564	10	1611	por	I
R9564	11	2318	ta	X
R9564	12	2450	to	G
R9564	13	2230	l	G
R9564	14	2236	ordini	G
R9564	15	2084	della	G
R9564	16	1161	suo	G
R9564	17	1761	?	U
R9564	18	1112	di	G
R9564	19	1920	non	G
R9564	20	1734	?	U
R9564	21	2422	gi	I
R9564	22	1725	na	X
R9564	23	2178	?	U
R9564	24	1843	il	G
R9564	25	1435	?	U
R9564	26	579	?	U
R9564	27	1843	il	G
R9564	28	713	?	U
R9564	29	1112	di	G
R9564	30	1986	?	U
R9564	31	2122	?	U
R9564	32	388	conferenza	I
R9564	33	1999	?	U
R9564	34	1409	ma	G
R9564	35	1112	di	G
R9564	36	1909	in	G
R9564	37	1864	si	G
R9564	38	361	sarsi	I
R9564	39	2445	ter	G
R9564	40	332	e	G
R9564	41	2182	?	U
R9564	42	2048	?	U
R9564	43	1878	?	U
R9564	44	2428	?	U
R9564	45	1015	?	U
R9564	46	1666	?	U
R9564	47	1801	?	U
R9564	48	2318	ta	X
R9564	49	2450	to	G
R9564	50	91	.	G
R9564	51	2268	ciò	I
R9564	52	2093	?	U
R9564	53	2055	?	U
R9564	54	2116	men	I
R9564	55	2178	?	U
R9564	56	87	?	U
R9564	57	2201	che	G
R9564	58	1613	?	U
R9564	59	1557	sa	X
R9564	60	1968	essere	I
R9564	61	1599	?	U
R9564	62	2122	?	U
R9564	63	2318	ta	X
R9564	64	2232	la	G
R9564	65	1919	no	G
R9564	66	2318	ta	X
R9564	67	2431	pas	G
R9564	68	1557	sa	X
R9564	69	2318	ta	X
R9564	70	1577	?	U
R9564	71	1441	?	U
R9564	72	2111	qui	G
R9564	73	361	sarsi	I
R9564	74	1598	?	U
R9564	75	2067	d'An	I
R9564	76	1378	a	S
R9564	77	1379	?	U
R9564	78	1409	ma	G
R9564	79	751	?	U
R9564	80	2369	no	I
R9564	81	752	?	U
R9564	82	1958	?	U
R9564	83	501	?	U
R9564	84	1878	?	U
R9564	85	1999	?	U
R9564	86	332	e	G
R9564	87	2232	la	G
R9564	88	2353	Francia	G
R9564	89	2201	che	G
R9564	90	1641	?	U
R9564	91	2261	?	U
R9564	92	2167	n	I
R9564	93	921	ò	I
R9564	94	1864	si	G
R9564	95	1949	c	I
R9564	96	1396	?	U
R9564	97	182?	Disp.	G
R9564	98	NULL	NULL	null
R9564	99	1555	?	U
R9564	100	1832	?	U
R9564	101	361	sarsi	I
R9564	102	1864	si	G
R9564	103	1821	alla	G
R9564	104	2054	Spagna	G
R9564	105	2211	di	G
R9564	106	1682	?	U
R9564	107	2332	?	U
R9564	108	1843	il	G
R9564	109	713	?	U
R9564	110	2084	della	G
R9564	111	388	conferenza	I
R9564	112	91	.	G
R9564	113	2295	le	G
R9564	114	2278	?	U
R9564	115	1772	?	U
R9564	116	1433	tra	G
R9564	117	1132	?	U
R9564	118	1741	avuto	G
R9564	119	332	e	G
R9564	120	1132	?	U
R9564	121	807	?	U
R9564	122	713	?	U
R9564	123	1642	?	U
R9564	124	2167	n	I
R9564	125	2035	o	I
R9564	126	2249	?	U
R9564	127	1773	?	U
R9564	128	2039	?	U
R9564	129	154	a	S
R9564	130	1852	nella	G
R9564	131	791	quale	G
R9564	132	2017	?	U
R9564	133	456	?	U
R9564	134	459	?	U
R9564	135	2309	?	U
R9564	136	2160	?	U
R9564	137	2110	?	U
R9564	138	1714	i	X
R9564	139	1617	?	U
R9564	140	1938	?	U
R9564	141	1999	?	U
R9564	142	2249	?	U
R9564	143	1773	?	U
R9564	144	2039	?	U
R9564	145	1378	a	S
R9564	146	2084	della	G
R9564	147	2056	?	U
R9564	148	1994	zione	G
R9564	149	2085	sione	I
R9564	150	1499	?	U
R9564	151	2361	troppo	I
R9564	152	2433	?	U
R9564	153	2201	che	G
R9564	154	2018	?	U
R9564	155	1885	?	U
R9564	156	2369	no	I
R9564	157	1728	?	U
R9564	158	1836	ere	G
R9564	159	1613	?	U
R9564	160	361	sarsi	I
R9564	161	2022	?	U
R9564	162	2211	di	G
R9564	163	1662	?	U
R9564	164	2380	te	X
R9564	165	1620	?	U
R9564	166	2017	?	U
R9564	167	2035	o	I
R9564	168	1999	?	U
R9564	169	332	e	G
R9564	170	2248	?	U
R9564	171	919	?	U
R9564	172	2085	sione	I
R9564	173	277	?	U
R9564	174	1396	?	U
R9564	175	2248	?	U
R9564	176	1659	?	U
R9564	177	2248	?	U
R9564	178	791	quale	G
R9564	179	2231	l'	G
R9564	180	942	?	U
R9564	181	1418	per	G
R9564	182	1547	?	U
R9564	183	2380	te	X
R9564	184	2216	?	U
R9564	185	47	?	U
R9564	186	1818	al	G
R9564	187	1612	?	U
R9564	188	2422	gi	I
R9564	189	1880	?	U
R9564	190	2212	?	U
R9564	191	1599	?	U
R9564	192	2261	?	U
R9564	193	1963	dar	G
R9564	194	2232	la	G
R9564	195	1161	suo	G
R9564	196	1788	?	U
R9564	197	15	u	I
R9564	198	1433	tra	G
R9564	199	2357	li	G
R9564	200	2318	ta	X
R9564	201	97	?	U
R9564	202	32	?	U
R9564	203	1933	?	U
R9564	204	1535	gli	G
R9564	205	1909	in	G
R9564	206	2182	?	U
R9564	207	2114	?	U
R9564	208	1407	?	U
R9564	209	2448	ti	G
R9564	210	1998	?	U
R9564	211	1648	ed	G
R9564	212	477	?	U
R9564	213	1542	te	I
R9564	214	1734	?	U
R9564	215	1133	?	U
R9564	216	1714	i	X
R9564	217	2318	ta	X
R9564	218	2211	di	G
R9564	219	1806	?	U
R9564	220	1549	mi	G
R9564	221	2357	li	G
R9564	222	2169	one	X
R9564	223	2212	?	U
R9564	224	2352	fra	G
R9564	225	1723	?	U
R9564	226	2202	?	U
R9564	227	433	?	U
R9564	228	2363	pa	I
R9564	229	2424	?	U
R9564	230	2318	ta	X
R9564	231	1909	in	G
R9564	232	1741	avuto	G
R9564	233	1998	?	U
R9564	234	921	ò	I
R9564	235	155?	?	U
R9564	236	1745	?	U
R9564	237	2380	te	X
R9564	238	91	.	G
R9564	239	1843	il	G
R9564	240	713	?	U
R9564	241	2084	della	G
R9564	242	2054	Spagna	G
R9564	243	1909	in	G
R9564	244	2166	?	U
R9564	245	1424	?	U
R9564	246	1599	?	U
R9564	247	2261	?	U
R9564	248	1404	do	G
R9564	249	1816	?	U
R9564	250	1462	?	U
R9564	251	2221	fi	G
R9564	252	1917	?	U
R9564	253	1589	è	G
R9564	254	2286	?	U
R9564	255	894	?	U
R9564	256	2182	?	U
R9564	257	1714	i	X
R9564	258	1435	?	U
R9564	259	1998	?	U
R9564	260	2048	?	U
R9564	261	2084	della	G
R9564	262	388	conferenza	I
R9564	263	NULL	NULL	null
R9564	264	1160	?	U
R9564	265	1702	?	U
R9564	266	1714	i	X
R9564	267	1772	?	U
R9564	268	2178	?	U
R9564	269	2205	ci	G
R9564	270	1797	?	U
R9564	271	2201	che	G
R9564	272	86	,	G
R9564	273	96	?	U
R9564	274	1549	mi	G
R9564	275	1689	?	U
R9564	276	2035	o	I
R9564	277	22??	?	U
R9564	278	1460	?	U
R9564	279	2264	?	U
R9564	280	1378	a	S
R9564	281	1814	?	U
R9564	282	2232	la	G
R9564	283	1738	?	U
R9564	284	1770	?	U
R9564	285	NULL	NULL	null
R9564	286	NULL	NULL	null
R9564	287	1273	?	U
R9564	288	2201	che	G
R9564	289	1617	?	U
R9564	290	1597	go	I
R9564	291	2211	di	G
R9564	292	2370	?	U
R9564	293	1836	ere	G
R9564	294	1955	?	U
R9564	295	1529	Duca	G
R9564	296	2453	?	U
R9564	297	1898	da	X
R9564	298	1816	?	U
R9564	299	1935	?	U
R9564	300	2232	la	G
R9564	301	1949	c	I
R9564	302	1654	ha	G
R9564	303	2361	troppo	I
R9564	304	1708	ele	G
R9564	305	2295	le	G
R9564	306	1909	in	G
R9564	307	894	?	U
R9564	308	2021	?	U
R9564	309	1618	?	U
R9564	310	1798	?	U
R9564	311	2301	?	U
R9564	312	1704	?	U
R9564	313	1216	?	U
R9564	314	2380	te	X
R9564	315	96	?	U
R9564	316	2099	?	U
R9564	317	553	?	U
R9564	318	2232	la	G
R9564	319	1273	?	U
R9564	320	2201	che	G
R9564	321	63	V.E.	G
R9564	322	1549	mi	G
R9564	323	1654	ha	G
R9564	324	1050	ciò	I
R9564	325	2230	l	G
R9564	326	2170	seg	I
R9564	327	1112	di	G
R9564	328	1674	?	U
R9564	329	1775	?	U
R9564	330	1549	mi	G
R9564	331	1998	?	U
R9564	332	1648	ed	G
R9564	333	2099	?	U
R9564	334	1655	?	U
R9564	335	1611	por	I
R9564	336	2318	ta	X
R9564	337	2450	to	G
R9564	338	2245	?	U
R9564	339	1821	alla	G
R9564	340	1585	?	U
R9564	341	1711	?	U
R9564	342	1938	?	U
R9564	343	2084	della	G
R9564	344	388	conferenza	I
R9564	345	1714	i	X
R9564	346	2448	ti	G
R9564	347	1717	?	U
R9564	348	17??	?	U
R9564	349	2084	della	G
R9564	350	60	?	U
R9564	351	1761	?	U
R9564	352	1992	?	U
R9564	353	1739	un	I
R9564	354	713	?	U
R9564	355	1113	?	U
R9564	356	254	?	U
R9564	357	2264	?	U
R9564	358	2232	la	G
R9564	359	2369	no	I
R9564	360	1739	un	I
R9564	361	2100	?	U
R9564	362	2021	?	U
R9564	363	1754	?	U
R9564	364	1714	i	X
R9564	365	1999	?	U
R9564	366	2201	che	G
R9564	367	2306	?	U
R9564	368	2318	ta	X
R9564	369	1919	no	G
R9564	370	1820	Inghil	I
R9564	371	2236	ordini	G
R9564	372	2211	di	G
R9564	373	1412	?	U
R9564	374	2318	ta	X
R9564	375	1462	?	U
R9564	376	2047	?	U
R9564	377	2083	dell'	G
R9564	378	2236	ordini	G
R9564	379	2380	te	X
R9564	380	15	u	I
R9564	381	2450	to	G
R9564	382	1917	?	U
R9564	383	2339	?	U
R9564	384	91	.	G
R9564	385	1986	?	U
R9564	386	2122	?	U
R9564	387	1977	?	U
R9564	388	1654	ha	G
R9564	389	1799	?	U
R9564	390	1888	?	U
R9564	391	2450	to	G
R9564	392	492	?	U
R9564	393	1993	?	U
R9564	394	1718	?	U
R9564	395	1836	ere	G
R9564	396	1714	i	X
R9564	397	794	Sr	G
R9564	398	1605	Ministro	G
R9564	399	1999	?	U
R9564	400	332	e	G
R9564	401	1549	mi	G
R9564	402	1654	ha	G
R9564	403	1970	?	U
R9564	404	1909	in	G
R9564	405	2009	car	X
R9564	406	1714	i	X
R9564	407	1951	ca	G
R9564	408	2450	to	G
R9564	409	1739	un	I
R9564	410	2067	d'An	I
R9564	411	1844	?	U
R9564	412	545	?	U
R9564	413	751	?	U
R9564	414	1973	?	U
R9564	415	2261	?	U
R9564	416	1620	?	U
R9564	417	1657	?	U
R9564	418	2009	car	X
R9564	419	2035	o	I
R9564	420	1796	?	U
R9564	421	332	e	G
R9564	422	2201	che	G
R9564	423	1411	?	U
R9564	424	399	?	U
R9564	425	1986	?	U
R9564	426	2124	?	U
R9564	427	2169	one	X
R9564	428	2211	di	G
R9564	429	1739	un	I
R9564	430	1462	?	U
R9564	431	795	?	U
R9564	432	713	?	U
R9564	433	1999	?	U
R9564	434	1531	·	I
R9564	435	2201	che	G
R9564	436	2232	la	G
R9564	437	60	?	U
R9564	438	606	?	U
R9564	439	1922	pu	I
R9564	440	921	ò	I
R9564	441	97	?	U
R9564	442	1968	essere	I
R9564	443	214	?	U
R9564	444	2003	?	U
R9564	445	1433	tra	G
R9564	446	1723	?	U
R9564	447	2111	qui	G
R9564	448	2231	l'	G
R9564	449	2358	?	U
R9564	450	1378	a	S
R9564	451	2376	?	U
R9564	452	2369	no	I
R9564	453	1599	?	U
R9564	454	2261	?	U
R9564	455	1404	do	G
R9564	456	91	.	G
R9564	457	2099	?	U
R9564	458	1453	?	U
R9564	459	2026	?	U
R9564	460	2035	o	I
R9564	461	504	?	U
R9564	462	545	?	U
R9564	463	579	?	U
R9564	464	2295	le	G
R9564	465	60	?	U
R9564	466	2033	?	U
R9564	467	1994	zione	G
R9564	468	1434	?	U
R9564	469	1711	?	U
R9564	470	1873	?	U
R9564	471	2232	la	G
R9564	472	388	conferenza	I
R9564	473	2082	del	G
R9564	474	1742	vo	G
R9564	475	2450	to	G
R9564	476	763	?	U
R9564	477	1955	?	U
R9564	478	60	?	U
R9564	479	314	?	U
R9564	480	940	Sovrana	G
R9564	481	2211	di	G
R9564	482	1568	ve	G
R9564	483	1836	ere	G
R9564	484	1820	Inghil	I
R9564	485	2167	n	I
R9564	486	2378	?	U
R9564	487	171	to	X
R9564	488	2426	lu	I
R9564	489	2206	ia	I
R9564	490	1919	no	G
R9564	491	2126	?	U
R9564	492	1900	?	U
R9564	493	1013	?	U
R9564	494	2084	della	G
R9564	495	2202	?	U
R9564	496	1901	es	X
R9564	497	1378	a	S
R9564	498	91	.	G
R9564	499	2049	questo	G
R9564	500	1684	?	U
R9564	501	1590	?	U
R9564	502	1666	?	U
R9564	503	1933	?	U
R9564	504	1577	?	U
R9564	505	2178	?	U
R9564	506	2218	?	U
R9564	507	1711	?	U
R9564	508	1526	?	U
R9564	509	2429	?	U
R9564	510	1648	ed	G
R9564	511	2099	?	U
R9564	512	1453	?	U
R9564	513	1491	ro	G
R9564	514	97	?	U
R9564	515	2230	l	G
R9564	516	2170	seg	I
R9564	517	1895	?	U
R9564	518	1975	?	U
R9564	519	2261	?	U
R9564	520	1620	?	U
R9564	521	2084	della	G
R9564	522	1426	?	U
R9564	523	1502	?	U
R9564	524	1994	zione	G
R9564	525	2201	che	G
R9564	526	369	sarà	I
R9564	527	1013	?	U
R9564	528	1682	?	U
R9564	529	171	to	X
R9564	530	96	?	U
R9564	531	1919	no	G
R9564	532	1714	i	X
R9564	533	2205	ci	G
R9564	534	1865	?	U
R9564	535	2104	?	U
R9564	536	171	to	X
R9564	537	2084	della	G
R9564	538	2363	pa	I
R9564	539	2205	ci	G
R9564	540	2221	fi	G
R9564	541	1951	ca	G
R9564	542	1994	zione	G
R9564	543	2085	sione	I
R9564	544	2403	confer	I
R9564	545	2167	n	I
R9564	546	1780	?	U
R9564	547	1999	?	U
R9564	548	1648	ed	G
R9564	549	2099	?	U
R9564	550	1620	?	U
R9564	551	1462	?	U
R9564	552	2219	?	U
R9564	553	1734	?	U
R9564	554	1491	ro	G
R9564	555	97	?	U
R9564	556	1754	?	U
R9564	557	1433	tra	G
R9564	558	2212	?	U
R9564	559	1919	no	G
R9564	560	1714	i	X
R9564	561	2201	che	G
R9564	562	1734	?	U
R9564	563	2049	questo	G
R9564	564	1684	?	U
R9564	565	2017	?	U
R9564	566	1567	?	U
R9564	567	1968	essere	I
R9564	568	1462	?	U
R9564	569	1404	do	G
R9564	570	2316	stra	I
R9564	571	2450	to	G
R9564	572	2084	della	G
R9564	573	1414	?	U
R9564	574	1780	?	U
R9564	575	2116	men	I
R9564	576	1998	?	U
R9564	577	2201	che	G
R9564	578	1797	?	U
R9564	579	1609	pon	G
R9564	580	332	e	G
R9564	581	1602	?	U
R9564	582	118	?	U
R9564	583	1549	mi	G
R9564	584	2367	par	X
R9564	585	332	e	G
R9564	586	1998	?	U
R9564	587	2201	che	G
R9564	588	1614	?	U
R9564	589	1482	?	U
R9564	590	1418	per	G
R9564	591	2232	la	G
R9564	592	2054	Spagna	G
R9564	593	2201	che	G
R9564	594	1920	non	G
R9564	595	1788	?	U
R9564	596	2351	?	U
R9564	597	1789	?	U
R9564	598	1923	?	U
R9564	599	1789	?	U
R9564	600	1554	?	U
R9564	601	1986	?	U
R9564	602	2124	?	U
R9564	603	2100	?	U
R9564	604	91	.	G
R9564	605	1919	no	G
R9564	606	1714	i	X
R9564	607	1404	do	G
R9564	608	1634	?	U
R9564	609	1823	bi	I
R9564	610	1947	?	U
R9564	611	2035	o	I
R9564	612	2035	o	I
R9564	613	1699	?	U
R9564	614	2264	?	U
R9564	615	1741	avuto	G
R9564	616	2414	?	U
R9564	617	1093	?	U
R9564	618	361	sarsi	I
R9564	619	1864	si	G
R9564	620	2161	is	G
R9564	621	2201	che	G
R9564	622	1918	?	U
R9564	623	1920	non	G
R9564	624	1549	mi	G
R9564	625	2093	?	U
R9564	626	2055	?	U
R9564	627	NULL	NULL	null
R9564	628	2116	men	I
R9564	629	2178	?	U
R9564	630	2201	che	G
R9564	631	2018	?	U
R9564	632	1636	?	U
R9564	633	1516	avere	G
R9564	634	1739	un	I
R9564	635	1119	?	U
R9564	636	2369	no	I
R9564	637	2248	?	U
R9564	638	2230	l	G
R9564	639	2318	ta	X
R9564	640	2450	to	G
R9564	641	1999	?	U
R9564	642	1648	ed	G
R9564	643	2099	?	U
R9564	644	1788	?	U
R9564	645	1991	?	U
R9564	646	2151	de	I
R9564	647	2110	?	U
R9564	648	171	to	X
R9564	649	85	?	U
R9564	650	1409	ma	G
R9564	651	2230	l	G
R9564	652	2420	?	U
R9564	653	842	terra	I
R9564	654	1654	ha	G
R9564	655	1741	avuto	G
R9564	656	1414	?	U
R9564	657	1714	i	X
R9564	658	1835	?	U
R9564	659	2211	di	G
R9564	660	1296	?	U
R9564	661	2264	?	U
R9564	662	1986	?	U
R9564	663	2123	ste	I
R9564	664	1986	?	U
R9564	665	2124	?	U
R9564	666	2169	one	X
R9564	667	86	,	G
R9564	668	2201	che	G
R9564	669	1535	gli	G
R9564	670	1589	è	G
R9564	671	1354	?	U
R9564	672	332	e	G
R9564	673	2201	che	G
R9564	674	1920	non	G
R9564	675	1549	mi	G
R9564	676	1799	?	U
R9564	677	1888	?	U
R9564	678	1571	accordo	G
R9564	679	2332	?	U
R9564	680	2405	?	U
R9564	681	915	?	U
R9564	682	1754	?	U
R9564	683	1909	in	G
R9564	684	2447	?	U
R9564	685	2035	o	I
R9564	686	2082	del	G
R9564	687	2306	?	U
R9564	688	2450	to	G
R9564	689	2083	dell'	G
R9564	690	2025	?	U
R9564	691	96	?	U
R9564	692	859	?	U
R9564	693	1378	a	S
R9564	694	2268	ciò	I
R9564	695	2201	che	G
R9564	696	NULL	NULL	null
R9564	697	1296	?	U
R9564	698	1378	a	S
R9564	699	2231	l'	G
R9564	700	1947	?	U
R9564	701	1549	mi	G
R9564	702	361	sarsi	I
R9564	703	1864	si	G
R9564	704	2169	one	X
R9564	705	2084	della	G
R9564	706	2353	Francia	G
R9564	707	1852	nella	G
R9564	708	410	?	U
R9564	709	731	?	U
R9564	710	1541	?	U
R9564	711	1799	?	U
R9564	712	1888	?	U
R9564	713	1844	?	U
R9564	714	497	?	U
R9564	715	1998	?	U
R9564	716	2201	che	G
R9564	717	2045	quella	G
R9564	718	1920	non	G
R9564	719	1381	?	U
R9564	720	1348	?	U
R9564	721	1396	?	U
R9564	722	1919	no	G
R9564	723	1714	i	X
R9564	724	2232	la	G
R9564	725	1043	desidera	G
R9564	726	1714	i	X
R9564	727	1947	?	U
R9564	728	921	ò	I
R9564	729	91	.	G
R9564	730	2269	?	U
R9564	731	1744	?	U
R9564	732	2212	?	U
R9564	733	2380	te	X
R9564	734	2182	?	U
R9564	735	2211	di	G
R9564	736	1174	?	U
R9564	737	1589	è	G
R9564	738	1765	?	U
R9564	739	441	?	U
R9564	740	86	,	G
R9564	741	2201	che	G
R9564	742	1920	non	G
R9564	743	1469	?	U
R9564	744	456	?	U
R9564	745	1697	?	U
R9564	746	1968	essere	I
R9564	747	1620	?	U
R9564	748	662	alcun	G
R9564	749	2340	?	U
R9564	750	NULL	NULL	null
R9564	751	154	a	S
R9564	752	2156	?	U
R9564	753	1666	?	U
R9564	754	1564	va	I
R9564	755	1836	ere	G
R9564	756	2085	sione	I
R9564	757	1765	?	U
R9564	758	1948	?	U
R9564	759	332	e	G
R9564	760	2119	?	U
R9564	761	91	.	G
R9564	762	1409	ma	G
R9564	763	1864	si	G
R9564	764	1901	es	X
R9564	765	1418	per	G
R9564	766	1714	i	X
R9564	767	1541	?	U
R9564	768	2318	ta	X
R9564	769	14	?	U
R9564	770	1714	i	X
R9564	771	1474	?	U
R9564	772	2201	che	G
R9564	773	2295	le	G
R9564	774	1779	?	U
R9564	775	2295	le	G
R9564	776	1551	più	G
R9564	777	1799	?	U
R9564	778	2361	troppo	I
R9564	779	2351	?	U
R9564	780	2205	ci	G
R9564	781	1920	non	G
R9564	782	1991	?	U
R9564	783	2295	le	G
R9564	784	1551	più	G
R9564	785	980	?	U
R9564	786	1378	a	S
R9564	787	2156	?	U
R9564	788	1682	?	U
R9564	789	2264	?	U
R9564	790	91	.	G
R9564	791	2099	?	U
R9564	792	1920	non	G
R9564	793	1528	?	U
R9564	794	2035	o	I
R9564	795	1923	?	U
R9564	796	2201	che	G
R9564	797	1986	?	U
R9564	798	2122	?	U
R9564	799	1920	non	G
R9564	800	2221	fi	G
R9564	801	1917	?	U
R9564	802	1667	?	U
R9564	803	1921	?	U
R9564	804	1378	a	S
R9564	805	1666	?	U
R9564	806	1564	va	I
R9564	807	1836	ere	G
R9564	808	1998	?	U
R9564	809	1648	ed	G
R9564	810	2099	?	U
R9564	811	1620	?	U
R9564	812	1462	?	U
R9564	813	2219	?	U
R9564	814	1933	?	U
R9564	815	1999	?	U
R9564	816	2201	che	G
R9564	817	1991	?	U
R9564	818	2068	?	U
R9564	819	2397	?	U
R9564	820	1433	tra	G
R9564	821	1723	?	U
R9564	822	2111	qui	G
R9564	823	2230	l	G
R9564	824	2358	?	U
R9564	825	1378	a	S
R9564	826	NULL	NULL	null
R9564	827	2049	questo	G
R9564	828	2369	no	I
R9564	829	1599	?	U
R9564	830	2261	?	U
R9564	831	1404	do	G
R9564	832	2058	?	U
R9564	833	2099	?	U
R9564	834	1831	cred	G
R9564	835	921	ò	I
R9564	836	2201	che	G
R9564	837	1919	no	G
R9564	838	1714	i	X
R9564	839	2306	?	U
R9564	840	2445	ter	G
R9564	841	1710	?	U
R9564	842	921	ò	I
R9564	843	2111	qui	G
R9564	844	1930	?	U
R9564	845	1818	al	G
R9564	846	2112	?	U
R9564	847	NULL	NULL	null
R9564	848	1979	?	U
R9564	849	91	.	G
R9564	850	2099	?	U
R9564	851	2071	?	U
R9564	852	1491	ro	G
R9564	853	97	?	U
R9564	854	1378	a	S
R9564	855	2431	pas	G
R9564	856	1557	sa	X
R9564	857	2178	?	U
R9564	858	1739	un	I
R9564	859	2363	pa	I
R9564	860	2099	?	U
R9564	861	2212	?	U
R9564	862	1474	?	U
R9564	863	NULL	NULL	null
R9565	0	2405	?	U
R9565	1	2236	ordini	G
R9565	2	2265	?	U
R9565	3	2035	o	I
R9565	4	2212	?	U
R9565	5	151?	?	U
R9565	6	2316	stra	I
R9565	7	1781	?	U
R9565	8	1655	?	U
R9565	9	2369	no	I
R9565	10	1545	?	U
R9565	11	1933	?	U
R9565	12	1378	a	S
R9565	13	NULL	NULL	null
R9565	14	2093	?	U
R9565	15	1670	?	U
R9565	16	2316	stra	I
R9565	17	2380	te	X
R9565	18	1843	il	G
R9565	19	1658	?	U
R9565	20	1917	?	U
R9565	21	2451	?	U
R9565	22	332	e	G
R9565	23	2021	?	U
R9565	24	1618	?	U
R9565	25	1798	?	U
R9565	26	2217	?	U
R9565	27	1468	?	U
R9565	28	1818	al	G
R9565	29	1347	?	U
R9565	30	NULL	NULL	null
R9565	31	1348	?	U
R9565	32	1833	?	U
R9565	33	2076	ce	G
R9565	34	1734	?	U
R9565	35	2422	gi	I
R9565	36	1725	na	X
R9565	37	2450	to	G
R9565	38	2369	no	I
R9565	39	1498	?	U
R9565	40	1835	?	U
R9565	41	97	?	U
R9565	42	1998	?	U
R9565	43	2145	?	U
R9565	44	2232	la	G
R9565	45	1964	?	U
R9565	46	1835	?	U
R9565	47	2021	?	U
R9565	48	2017	?	U
R9565	49	1922	pu	I
R9565	50	2318	ta	X
R9565	51	2448	ti	G
R9565	52	1654	ha	G
R9565	53	2369	no	I
R9565	54	1545	?	U
R9565	55	1933	?	U
R9565	56	1378	a	S
R9565	57	2049	questo	G
R9565	58	1605	Ministro	G
R9565	59	2017	?	U
R9565	60	1535	gli	G
R9565	61	1684	?	U
R9565	62	1901	es	X
R9565	63	2445	ter	G
R9565	64	1714	i	X
R9565	65	2295	le	G
R9565	66	2433	?	U
R9565	67	2448	ti	G
R9565	68	1994	zione	G
R9565	69	2211	di	G
R9565	70	2047	?	U
R9565	71	1268	?	U
R9565	72	1998	?	U
R9565	73	2201	che	G
R9565	74	1730	?	U
R9565	75	1464	?	U
R9565	76	2035	o	I
R9565	77	2212	?	U
R9565	78	1453	?	U
R9565	79	1836	ere	G
R9565	80	1404	do	G
R9565	81	2318	ta	X
R9565	82	1994	zione	G
R9565	83	1909	in	G
R9565	84	2363	pa	I
R9565	85	1901	es	X
R9565	86	1714	i	X
R9565	87	1901	es	X
R9565	88	2445	ter	G
R9565	89	1714	i	X
R9565	90	91	.	G
R9565	91	1825	?	U
R9565	92	1378	a	S
R9565	93	1449	?	U
R9565	94	2146	?	U
R9565	95	NULL	NULL	null
R9565	96	1864	si	G
R9565	97	1909	in	G
R9565	98	1738	?	U
R9565	99	1714	i	X
R9565	100	2450	to	G
R9565	101	2211	di	G
R9565	102	2268	ciò	I
R9565	103	1378	a	S
R9565	104	2085	sione	I
R9565	105	920	?	U
R9565	106	254	?	U
R9565	107	1909	in	G
R9565	108	2425	?	U
R9565	109	2159	favore	G
R9565	110	1729	presso	G
R9565	111	1714	i	X
R9565	112	2278	?	U
R9565	113	1710	?	U
R9565	114	408	?	U
R9565	115	1999	?	U
R9565	116	1920	non	G
R9565	117	1528	?	U
R9565	118	2035	o	I
R9565	119	2201	che	G
R9565	120	2295	le	G
R9565	121	2278	?	U
R9565	122	1770	?	U
R9565	123	501	?	U
R9565	124	1878	?	U
R9565	125	1428	?	U
R9565	126	1835	?	U
R9565	127	1788	?	U
R9565	128	2424	?	U
R9565	129	2448	ti	G
R9565	130	1563	?	U
R9565	131	1542	te	I
R9565	132	1999	?	U
R9565	133	1409	ma	G
R9565	134	2052	?	U
R9565	135	1547	?	U
R9565	136	2450	to	G
R9565	137	1378	a	S
R9565	138	1814	?	U
R9565	139	2201	che	G
R9565	140	435	?	U
R9565	141	1756	?	U
R9565	142	2211	di	G
R9565	143	1667	?	U
R9565	144	1723	?	U
R9565	145	1898	da	X
R9565	146	1535	gli	G
R9565	147	2261	?	U
R9565	148	2295	le	G
R9565	149	1418	per	G
R9565	150	1664	?	U
R9565	151	1842	?	U
R9565	152	1754	?	U
R9565	153	NULL	NULL	null
R9565	154	1963	dar	G
R9565	155	222	?	U
R9565	156	1732	?	U
R9565	157	1714	i	X
R9565	158	1261	?	U
R9565	159	1998	?	U
R9565	160	332	e	G
R9565	161	NULL	NULL	null
R9565	162	2286	?	U
R9565	163	894	?	U
R9565	164	1160	?	U
R9565	165	1015	?	U
R9565	166	1796	?	U
R9565	167	1714	i	X
R9565	168	555	?	U
R9565	169	91	.	G
R9565	170	1589	è	G
R9565	171	1030	?	U
R9565	172	1999	?	U
R9565	173	2201	che	G
R9565	174	1849	?	U
R9565	175	1435	?	U
R9565	176	1981	?	U
R9565	177	1864	si	G
R9565	178	1589	è	G
R9565	179	2125	?	U
R9565	180	171	to	X
R9565	181	1909	in	G
R9565	182	2159	favore	G
R9565	183	2211	di	G
R9565	184	2376	?	U
R9565	185	1404	do	G
R9565	186	2318	ta	X
R9565	187	1994	zione	G
R9565	188	91	.	G
R9565	189	1920	non	G
R9565	190	1620	?	U
R9565	191	1589	è	G
R9565	192	2201	che	G
R9565	193	2230	l	G
R9565	194	1242	?	U
R9565	195	1618	?	U
R9565	196	1806	?	U
R9565	197	2082	del	G
R9565	198	1435	?	U
R9565	199	2211	di	G
R9565	200	2368	?	U
R9565	201	2082	del	G
R9565	202	1438	?	U
R9565	203	1410	?	U
R9565	204	1549	mi	G
R9565	205	2230	l	G
R9565	206	2295	le	G
R9565	207	2300	?	U
R9565	208	2081	?	U
R9565	209	332	e	G
R9565	210	863	?	U
R9565	211	1999	?	U
R9565	212	332	e	G
R9565	213	1920	non	G
R9565	214	2367	par	X
R9565	215	2232	la	G
R9565	216	2201	che	G
R9565	217	2211	di	G
R9565	218	2088	?	U
R9565	219	2067	d'An	I
R9565	220	1714	i	X
R9565	221	555	?	U
R9565	222	1725	na	X
R9565	223	1942	?	U
R9565	224	2167	n	I
R9565	225	1819	?	U
R9565	226	377	?	U
R9565	227	171	to	X
R9565	228	1378	a	S
R9565	229	2448	ti	G
R9565	230	2450	to	G
R9565	231	1296	?	U
R9565	232	NULL	NULL	null
R9565	233	2170	seg	I
R9565	234	2201	che	G
R9565	235	2018	?	U
R9565	236	1885	?	U
R9565	237	2035	o	I
R9565	238	1968	essere	I
R9565	239	1639	?	U
R9565	240	171	to	X
R9565	241	1816	?	U
R9565	242	2247	?	U
R9565	243	1268	?	U
R9565	244	91	.	G
R9565	245	1714	i	X
R9565	246	940	Sovrana	G
R9565	247	2125	?	U
R9565	248	2137	?	U
R9565	249	2306	?	U
R9565	250	2318	ta	X
R9565	251	1919	no	G
R9565	252	1909	in	G
R9565	253	1586	?	U
R9565	254	1772	?	U
R9565	255	1909	in	G
R9565	256	2448	ti	G
R9565	257	1835	?	U
R9565	258	1542	te	I
R9565	259	2357	li	G
R9565	260	1758	ber	X
R9565	261	1714	i	X
R9565	262	1418	per	G
R9565	263	2357	li	G
R9565	264	1141	?	U
R9565	265	2111	qui	G
R9565	266	361	sarsi	I
R9565	267	2448	ti	G
R9565	268	1999	?	U
R9565	269	332	e	G
R9565	270	1404	do	G
R9565	271	2318	ta	X
R9565	272	1994	zione	G
R9565	273	1598	?	U
R9565	274	1378	a	S
R9565	275	1500	?	U
R9565	276	1061	?	U
R9565	277	1378	a	S
R9565	278	1156	?	U
R9565	279	1268	?	U
R9565	280	1788	?	U
R9565	281	1714	i	X
R9565	282	2425	?	U
R9565	283	1013	?	U
R9565	284	1418	per	G
R9565	285	2156	?	U
R9565	286	2048	?	U
R9565	287	2201	che	G
R9565	288	1482	?	U
R9565	289	2460	o	I
R9565	290	15	u	I
R9565	291	NULL	NULL	null
R9565	292	2211	di	G
R9565	293	2201	che	G
R9565	294	2114	?	U
R9565	295	2067	d'An	I
R9565	296	1919	no	G
R9565	297	1998	?	U
R9565	298	332	e	G
R9565	299	14	?	U
R9565	300	2357	li	G
R9565	301	1654	ha	G
R9565	302	1386	?	U
R9565	303	1061	?	U
R9565	304	91	.	G
R9565	305	1843	il	G
R9565	306	197	?	U
R9565	307	1698	?	U
R9565	308	2230	l	G
R9565	309	2357	li	G
R9565	310	2261	?	U
R9565	311	2316	stra	I
R9565	312	2369	no	I
R9565	313	1949	c	I
R9565	314	2232	la	G
R9565	315	1658	?	U
R9565	316	97	?	U
R9565	317	1741	avuto	G
R9565	318	1404	do	G
R9565	319	2318	ta	X
R9565	320	1994	zione	G
R9565	321	1849	?	U
R9565	322	1013	?	U
R9565	323	2083	dell'	G
R9565	324	701	?	U
R9565	325	1496	?	U
R9565	326	86	,	G
R9565	327	332	e	G
R9565	328	2230	l	G
R9565	329	700	?	U
R9565	330	1155	sud	X
R9565	331	NULL	NULL	null
R9565	332	1535	gli	G
R9565	333	NULL	NULL	null
R9565	334	1424	?	U
R9565	335	1613	?	U
R9565	336	332	e	G
R9565	337	1788	?	U
R9565	338	2424	?	U
R9565	339	2448	ti	G
R9565	340	1563	?	U
R9565	341	1542	te	I
R9565	342	91	.	G
R9565	343	2049	questo	G
R9565	344	1606	enza	I
R9565	345	296	?	U
R9565	346	1864	si	G
R9565	347	NULL	NULL	null
R9565	348	1529	Duca	G
R9565	349	2232	la	G
R9565	350	1541	?	U
R9565	351	2318	ta	X
R9565	352	2450	to	G
R9565	353	1462	?	U
R9565	354	2049	questo	G
R9565	355	NULL	NULL	null
R9565	356	1606	enza	I
R9565	357	1684	?	U
R9565	358	1901	es	X
R9565	359	2445	ter	G
R9565	360	1714	i	X
R9565	361	2211	di	G
R9565	362	859	?	U
R9565	363	1864	si	G
R9565	364	1835	?	U
R9565	365	2431	pas	G
R9565	366	1557	sa	X
R9565	367	2450	to	G
R9565	368	2235	?	U
R9565	369	1160	?	U
R9565	370	1155	sud	X
R9565	371	1111	detta	G
R9565	372	1404	do	G
R9565	373	2318	ta	X
R9565	374	1994	zione	G
R9565	375	1852	nella	G
R9565	376	1954	?	U
R9565	377	1835	?	U
R9565	378	2021	?	U
R9565	379	NULL	NULL	null
R9565	380	2017	?	U
R9565	381	1922	pu	I
R9565	382	2318	ta	X
R9565	383	2448	ti	G
R9565	384	1999	?	U
R9565	385	1843	il	G
R9565	386	112	?	U
R9565	387	1533	?	U
R9565	388	1788	?	U
R9565	389	1654	ha	G
R9565	390	763	?	U
R9565	391	1843	il	G
R9565	392	1161	suo	G
R9565	393	2414	?	U
R9565	394	1487	?	U
R9565	395	1836	ere	G
R9565	396	1999	?	U
R9565	397	332	e	G
R9565	398	1535	gli	G
R9565	399	1654	ha	G
R9565	400	1111	detta	G
R9565	401	87	?	U
R9565	402	2145	?	U
R9565	403	1453	?	U
R9565	404	2027	va	X
R9565	405	1050	ciò	I
R9565	406	1801	?	U
R9565	407	2448	ti	G
R9565	408	2178	?	U
R9565	409	1821	alla	G
R9565	410	2182	?	U
R9565	411	1111	detta	G
R9565	412	1954	?	U
R9565	413	1835	?	U
R9565	414	1112	di	G
R9565	415	1462	?	U
R9565	416	2248	?	U
R9565	417	2316	stra	I
R9565	418	2261	?	U
R9565	419	2358	?	U
R9565	420	1795	prima	I
R9565	421	1418	per	G
R9565	422	2295	le	G
R9565	423	2433	?	U
R9565	424	2448	ti	G
R9565	425	1994	zione	G
R9565	426	1999	?	U
R9565	427	2201	che	G
R9565	428	1620	?	U
R9565	429	1613	?	U
R9565	430	1991	?	U
R9565	431	1968	essere	I
R9565	432	1611	por	I
R9565	433	2318	ta	X
R9565	434	2448	ti	G
R9565	435	1999	?	U
R9565	436	332	e	G
R9565	437	2201	che	G
R9565	438	1424	?	U
R9565	439	1599	?	U
R9565	440	2261	?	U
R9565	441	1464	?	U
R9565	442	2035	o	I
R9565	443	1843	il	G
R9565	444	2212	?	U
R9565	445	2367	par	X
R9565	446	2448	ti	G
R9565	447	1543	?	U
R9565	448	1895	?	U
R9565	449	1684	?	U
R9565	450	1901	es	X
R9565	451	2445	ter	G
R9565	452	1714	i	X
R9565	453	94	?	U
R9565	454	1921	?	U
R9565	455	1991	?	U
R9565	456	1483	?	U
R9565	457	1933	?	U
R9565	458	1999	?	U
R9565	459	2201	che	G
R9565	460	1909	in	G
R9565	461	2318	ta	X
R9565	462	1745	?	U
R9565	463	1835	?	U
R9565	464	97	?	U
R9565	465	2085	sione	I
R9565	466	703	?	U
R9565	467	1729	presso	G
R9565	468	2295	le	G
R9565	469	2278	?	U
R9565	470	1770	?	U
R9565	471	1761	?	U
R9565	472	1909	in	G
R9565	473	2159	favore	G
R9565	474	2085	sione	I
R9565	475	1404	do	G
R9565	476	2318	ta	X
R9565	477	82	?	U
R9565	478	94	?	U
R9565	479	332	e	G
R9565	480	1420	?	U
R9565	481	1655	?	U
R9565	482	1745	?	U
R9565	483	1873	?	U
R9565	484	1793	?	U
R9565	485	2103	?	U
R9565	486	63	V.E.	G
R9565	487	9610	?	U
R9565	488	2211	di	G
R9565	489	14	?	U
R9565	490	96	?	U
R9565	491	1843	il	G
R9565	492	1606	enza	I
R9565	493	1496	?	U
R9565	494	1549	mi	G
R9565	495	1654	ha	G
R9565	496	1388	?	U
R9565	497	171	to	X
R9565	498	2201	che	G
R9565	499	1613	?	U
R9565	500	1865	?	U
R9565	501	1964	?	U
R9565	502	1031	?	U
R9565	503	1999	?	U
R9565	504	2201	che	G
R9565	505	2230	l	G
R9565	506	701	?	U
R9565	507	1496	?	U
R9565	508	2051	?	U
R9565	509	2114	?	U
R9565	510	2116	men	I
R9565	511	97	?	U
R9565	512	2295	le	G
R9565	513	1788	?	U
R9565	514	2424	?	U
R9565	515	2448	ti	G
R9565	516	NULL	NULL	null
R9565	517	1567	?	U
R9565	518	2201	che	G
R9565	519	807	?	U
R9565	520	1761	?	U
R9565	521	1664	?	U
R9565	522	2114	?	U
R9565	523	2067	d'An	I
R9565	524	1919	no	G
R9565	525	1963	dar	G
R9565	526	91	.	G
R9565	527	2295	le	G
R9565	528	222	?	U
R9565	529	2084	della	G
R9565	530	1496	?	U
R9565	531	2248	?	U
R9565	532	2460	o	I
R9565	533	2004	?	U
R9565	534	2082	del	G
R9565	535	1604	?	U
R9565	536	1268	?	U
R9565	537	332	e	G
R9565	538	2232	la	G
R9565	539	920	?	U
R9565	540	1415	?	U
R9565	541	2206	ia	I
R9565	542	332	e	G
R9565	543	798	?	U
R9565	544	2201	che	G
R9565	545	2049	questo	G
R9565	546	408	?	U
R9565	547	1654	ha	G
R9565	548	1682	?	U
R9565	549	171	to	X
R9565	550	1991	?	U
R9565	551	2111	qui	G
R9565	552	1477	?	U
R9565	553	2380	te	X
R9565	554	91	.	G
R9565	555	2230	l	G
R9565	556	701	?	U
R9565	557	1496	?	U
R9565	558	1589	è	G
R9565	559	2369	no	I
R9565	560	1409	ma	G
R9565	561	1081	?	U
R9565	562	492	?	U
R9565	563	1683	?	U
R9565	564	2091	?	U
R9565	565	2357	li	G
R9565	566	2316	stra	I
R9565	567	2450	to	G
R9565	568	2083	dell'	G
R9565	569	15	u	I
R9565	570	1691	?	U
R9565	571	2318	ta	X
R9565	572	1955	?	U
R9565	573	2082	del	G
R9565	574	1604	?	U
R9565	575	2082	del	G
R9565	576	1529	Duca	G
R9565	577	2453	?	U
R9565	578	91	.	G
R9565	579	2295	le	G
R9565	580	222	?	U
R9565	581	1460	?	U
R9565	582	171	to	X
R9565	583	1818	al	G
R9565	584	1604	?	U
R9565	585	1268	?	U
R9565	586	1991	?	U
R9565	587	1658	?	U
R9565	588	2146	?	U
R9565	589	171	to	X
R9565	590	1999	?	U
R9565	591	1409	ma	G
R9565	592	1645	?	U
R9565	593	1723	?	U
R9565	594	1597	go	I
R9565	595	1919	no	G
R9565	596	2232	la	G
R9565	597	1666	?	U
R9565	598	361	sarsi	I
R9565	599	1864	si	G
R9565	600	2169	one	X
R9565	601	2083	dell'	G
R9565	602	915	?	U
R9565	603	2403	confer	I
R9565	604	791	quale	G
R9565	605	2232	la	G
R9565	606	1496	?	U
R9565	607	1999	?	U
R9565	608	332	e	G
R9565	609	2295	le	G
R9565	610	807	?	U
R9565	611	501	?	U
R9565	612	1878	?	U
R9565	613	1734	?	U
R9565	614	1599	?	U
R9565	615	2167	n	I
R9565	616	921	ò	I
R9565	617	2232	la	G
R9565	618	1415	?	U
R9565	619	2206	ia	I
R9565	620	1999	?	U
R9565	621	332	e	G
R9565	622	2358	?	U
R9565	623	361	sarsi	I
R9565	624	1620	?	U
R9565	625	2426	lu	I
R9565	626	1279	?	U
R9565	627	1553	fatto	I
R9565	628	2017	?	U
R9565	629	1535	gli	G
R9565	630	1684	?	U
R9565	631	2211	di	G
R9565	632	NULL	NULL	null
R9565	633	2049	questo	G
R9565	634	1284	?	U
R9565	635	91	.	G
R9565	636	1864	si	G
R9565	637	1589	è	G
R9565	638	2293	?	U
R9565	639	171	to	X
R9565	640	1956	?	U
R9565	641	701	?	U
R9565	642	1496	?	U
R9565	643	2357	li	G
R9565	644	1758	ber	X
R9565	645	2035	o	I
R9565	646	1378	a	S
R9565	647	2049	questo	G
R9565	648	1161	suo	G
R9565	649	1605	Ministro	G
R9565	650	2211	di	G
R9565	651	1920	non	G
R9565	652	1909	in	G
R9565	653	2445	ter	G
R9565	654	2218	?	U
R9565	655	2103	?	U
R9565	656	1999	?	U
R9565	657	NULL	NULL	null
R9565	658	2035	o	I
R9565	659	2211	di	G
R9565	660	2156	?	U
R9565	661	2358	?	U
R9565	662	1468	?	U
R9565	663	2460	o	I
R9565	664	1502	?	U
R9565	665	2211	di	G
R9565	666	2201	che	G
R9565	667	2116	men	I
R9565	668	97	?	U
R9565	669	1378	a	S
R9565	670	1797	?	U
R9565	671	1613	?	U
R9565	672	1714	i	X
R9565	673	2450	to	G
R9565	674	91	.	G
R9565	675	1843	il	G
R9565	676	1155	sud	X
R9565	677	1605	Ministro	G
R9565	678	1423	?	U
R9565	679	1699	?	U
R9565	680	1378	a	S
R9565	681	154	a	S
R9565	682	1823	bi	I
R9565	683	2393	as	I
R9565	684	1714	i	X
R9565	685	1409	ma	G
R9565	686	2178	?	U
R9565	687	2269	?	U
R9565	688	2231	l'	G
R9565	689	240	?	U
R9565	690	1604	?	U
R9565	691	1268	?	U
R9565	692	2093	?	U
R9565	693	1999	?	U
R9565	694	332	e	G
R9565	695	2460	o	I
R9565	696	NULL	NULL	null
R9565	697	2234	flo	I
R9565	698	1723	?	U
R9565	699	1818	al	G
R9565	700	1542	te	I
R9565	701	1788	?	U
R9565	702	2093	?	U
R9565	703	1818	al	G
R9565	704	277	?	U
R9565	705	2085	sione	I
R9565	706	2369	no	I
R9565	707	1718	?	U
R9565	708	1433	tra	G
R9565	709	1723	?	U
R9565	710	1939	?	U
R9565	711	1802	?	U
R9565	712	2201	che	G
R9565	713	2049	questo	G
R9565	714	44	?	U
R9565	715	1418	per	G
R9565	716	807	?	U
R9565	717	1954	?	U
R9565	718	1823	bi	I
R9565	719	1714	i	X
R9565	720	2211	di	G
R9565	721	798	?	U
R9565	722	91	.	G
R9565	723	1843	il	G
R9565	724	605	enza	S
R9566	0	1664	?	U
R9566	1	2027	va	X
R9566	2	1568	ve	G
R9566	3	1836	ere	G
R9566	4	1352	?	U
R9566	5	2103	?	U
R9566	6	2232	la	G
R9566	7	1555	?	U
R9566	8	1925	?	U
R9566	9	1502	?	U
R9566	10	1577	?	U
R9566	11	2116	men	I
R9566	12	1898	da	X
R9566	13	1952	?	U
R9566	14	1714	i	X
R9566	15	2076	ce	G
R9566	16	1802	?	U
R9566	17	492	?	U
R9566	18	1416	?	U
R9566	19	1378	a	S
R9566	20	643	?	U
R9566	21	2201	che	G
R9566	22	2295	le	G
R9566	23	2278	?	U
R9566	24	1772	?	U
R9566	25	1433	tra	G
R9566	26	2054	Spagna	G
R9566	27	332	e	G
R9566	28	1843	il	G
R9566	29	1612	?	U
R9566	30	2422	gi	I
R9566	31	1080	?	U
R9566	32	1864	si	G
R9566	33	2351	?	U
R9566	34	17?7	?	U
R9566	35	2460	o	I
R9566	36	1502	?	U
R9566	37	2122	?	U
R9566	38	2448	ti	G
R9566	39	91	.	G
R9566	40	1409	ma	G
R9566	41	1589	è	G
R9566	42	2369	no	I
R9566	43	1502	?	U
R9566	44	1691	?	U
R9566	45	2450	to	G
R9566	46	1378	a	S
R9566	47	2049	questo	G
R9566	48	1606	enza	I
R9566	49	1496	?	U
R9566	50	2211	di	G
R9566	51	2027	va	X
R9566	52	2147	?	U
R9566	53	2201	che	G
R9566	54	1864	si	G
R9566	55	2095	?	U
R9566	56	1964	?	U
R9566	57	1541	?	U
R9566	58	1994	zione	G
R9566	59	2084	della	G
R9566	60	361	sarsi	I
R9566	61	1927	?	U
R9566	62	1835	?	U
R9566	63	2116	men	I
R9566	64	NULL	NULL	null
R9566	65	2211	di	G
R9566	66	1952	?	U
R9566	67	1714	i	X
R9566	68	2076	ce	G
R9566	69	91	.	G
R9566	70	2049	questo	G
R9566	71	NULL	NULL	null
R9566	72	874	?	U
R9566	73	2054	Spagna	G
R9566	74	480	?	U
R9566	75	1111	detta	G
R9566	76	2201	che	G
R9566	77	380	?	U
R9566	78	1414	?	U
R9566	79	1898	da	X
R9566	80	2450	to	G
R9566	81	2232	la	G
R9566	82	1919	no	G
R9566	83	2318	ta	X
R9566	84	2182	?	U
R9566	85	1111	detta	G
R9566	86	1821	alla	G
R9566	87	1161	suo	G
R9566	88	1762	?	U
R9566	89	92	?	U
R9566	90	868	?	U
R9566	91	2067	d'An	I
R9566	92	2035	o	I
R9566	93	1648	ed	G
R9566	94	1818	al	G
R9566	95	1378	a	S
R9566	96	1597	go	I
R9566	97	1725	na	X
R9566	98	1654	ha	G
R9566	99	1050	ciò	I
R9566	100	2369	no	I
R9566	101	1414	?	U
R9566	102	1963	dar	G
R9566	103	2012	cas	X
R9566	104	1378	a	S
R9566	105	2101	?	U
R9566	106	1502	?	U
R9566	107	2099	?	U
R9566	108	1419	?	U
R9566	109	1745	?	U
R9566	110	2027	va	X
R9566	111	1846	?	U
R9566	112	2103	?	U
R9566	113	2232	la	G
R9566	114	1079	?	U
R9566	115	2084	della	G
R9566	116	2142	ces	G
R9566	117	2085	sione	I
R9566	118	2282	delle	G
R9566	119	2234	flo	I
R9566	120	1714	i	X
R9566	121	2017	?	U
R9566	122	1999	?	U
R9566	123	1818	al	G
R9566	124	1378	a	S
R9566	125	1597	go	I
R9566	126	1725	na	X
R9566	127	1514	?	U
R9566	128	1955	?	U
R9566	129	2178	?	U
R9566	130	2014	cat	I
R9566	131	2450	to	G
R9566	132	2357	li	G
R9566	133	2339	?	U
R9566	134	1453	?	U
R9566	135	15	u	I
R9566	136	NULL	NULL	null
R9566	137	2450	to	G
R9566	138	1909	in	G
R9566	139	1404	do	G
R9566	140	1919	no	G
R9566	141	1984	?	U
R9566	142	2232	la	G
R9566	143	1547	?	U
R9566	144	1378	a	S
R9566	145	2085	sione	I
R9566	146	2282	delle	G
R9566	147	2234	flo	I
R9566	148	1714	i	X
R9566	149	2017	?	U
R9566	150	1999	?	U
R9566	151	332	e	G
R9566	152	1714	i	X
R9566	153	1013	?	U
R9566	154	NULL	NULL	null
R9566	155	48	?	U
R9566	156	1895	?	U
R9566	157	877	?	U
R9566	158	877	?	U
R9566	159	1465	?	U
R9566	160	1843	il	G
R9566	161	4	?	U
R9566	162	1514	?	U
R9566	163	1858	?	U
R9566	164	171	to	X
R9566	165	1999	?	U
R9566	166	2201	che	G
R9566	167	1920	non	G
R9566	168	1745	?	U
R9566	169	2027	va	X
R9566	170	2363	pa	I
R9566	171	2424	?	U
R9566	172	2178	?	U
R9566	173	1818	al	G
R9566	174	1378	a	S
R9566	175	1398	?	U
R9566	176	1160	?	U
R9566	177	1844	?	U
R9566	178	1613	?	U
R9566	179	1714	i	X
R9566	180	1994	zione	G
R9566	181	1998	?	U
R9566	182	1531	·	I
R9566	183	2113	?	U
R9566	184	2295	le	G
R9566	185	1797	?	U
R9566	186	1609	pon	G
R9566	187	1531	·	I
R9566	188	1909	in	G
R9566	189	1738	?	U
R9566	190	1061	?	U
R9566	191	1418	per	G
R9566	192	1968	essere	I
R9566	193	1682	?	U
R9566	194	171	to	X
R9566	195	1909	in	G
R9566	196	2367	par	X
R9566	197	2232	la	G
R9566	198	1543	?	U
R9566	199	94	?	U
R9566	200	1531	·	I
R9566	201	2049	questo	G
R9566	202	398	?	U
R9566	203	2048	?	U
R9566	204	2201	che	G
R9566	205	2205	ci	G
R9566	206	1620	?	U
R9566	207	1428	?	U
R9566	208	1837	?	U
R9566	209	1999	?	U
R9566	210	2201	che	G
R9566	211	1919	no	G
R9566	212	1714	i	X
R9566	213	1404	do	G
R9566	214	1634	?	U
R9566	215	1823	bi	I
R9566	216	1947	?	U
R9566	217	2035	o	I
R9566	218	2156	?	U
R9566	219	1998	?	U
R9566	220	1734	?	U
R9566	221	1480	me	G
R9566	222	2316	stra	I
R9566	223	2447	?	U
R9566	224	1864	si	G
R9566	225	1658	?	U
R9566	226	1909	in	G
R9566	227	1725	na	X
R9566	228	565	?	U
R9566	229	1942	?	U
R9566	230	2085	sione	I
R9566	231	2037	?	U
R9566	232	1780	?	U
R9566	233	1937	?	U
R9566	234	1994	zione	G
R9566	235	1895	?	U
R9566	236	1844	?	U
R9566	237	497	?	U
R9566	238	1061	?	U
R9566	239	1418	per	G
R9566	240	2232	la	G
R9566	241	1261	?	U
R9566	242	240	?	U
R9566	243	2082	del	G
R9566	244	408	?	U
R9566	245	1864	si	G
R9566	246	1893	Cuba	G
R9566	247	2358	?	U
R9566	248	1998	?	U
R9566	249	1531	·	I
R9566	250	1378	a	S
R9566	251	1657	?	U
R9566	252	433	?	U
R9566	253	1480	me	G
R9566	254	1535	gli	G
R9566	255	2035	o	I
R9566	256	2201	che	G
R9566	257	2184	col	G
R9566	258	1920	non	G
R9566	259	2095	?	U
R9566	260	2206	ia	I
R9566	261	1923	?	U
R9566	262	1720	mot	I
R9566	263	2450	to	G
R9566	264	2211	di	G
R9566	265	2268	ciò	I
R9566	266	1998	?	U
R9566	267	1623	?	U
R9566	268	1714	i	X
R9566	269	2232	la	G
R9566	270	2178	?	U
R9566	271	754	?	U
R9566	272	1994	zione	G
R9566	273	2248	?	U
R9566	274	786	?	U
R9566	275	1909	in	G
R9566	276	1396	?	U
R9566	277	1534	?	U
R9566	278	843	?	U
R9566	279	2358	?	U
R9566	280	1654	ha	G
R9566	281	1797	?	U
R9566	282	1613	?	U
R9566	283	2450	to	G
R9566	284	85	?	U
R9566	285	1531	·	I
R9566	286	2084	della	G
R9566	287	1161	suo	G
R9566	288	353	?	U
R9566	289	1580	?	U
R9566	290	1061	?	U
R9566	291	2358	?	U
R9566	292	2095	?	U
R9566	293	2206	ia	I
R9566	294	1902	?	U
R9566	295	2103	?	U
R9566	296	85	?	U
R9566	297	433	?	U
R9566	298	1765	?	U
R9566	299	2049	questo	G
R9566	300	1843	il	G
R9566	301	1794	?	U
R9566	302	1658	?	U
R9566	303	2431	pas	G
R9566	304	1933	?	U
R9566	305	1418	per	G
R9566	306	2071	?	U
R9566	307	2264	?	U
R9566	308	1909	in	G
R9566	309	1801	?	U
R9566	310	1864	si	G
R9566	311	1823	bi	I
R9566	312	2230	l	G
R9566	313	1542	te	I
R9566	314	2064	?	U
R9566	315	1396	?	U
R9566	316	1602	?	U
R9566	317	2250	?	U
R9566	318	2415	?	U
R9566	319	2248	?	U
R9566	320	1796	?	U
R9566	321	2099	?	U
R9566	322	1818	al	G
R9566	323	1796	?	U
R9566	324	1531	·	I
R9566	325	1901	es	X
R9566	326	2445	ter	G
R9566	327	1654	ha	G
R9566	328	1942	?	U
R9566	329	98	?	U
R9566	330	1378	a	S
R9566	331	2414	?	U
R9566	332	1499	?	U
R9566	333	2422	gi	I
R9566	334	262	?	U
R9566	335	332	e	G
R9566	336	2232	la	G
R9566	337	611	?	U
R9566	338	1500	?	U
R9566	339	1994	zione	G
R9566	340	2062	?	U
R9566	341	NULL	NULL	null
R9566	342	1574	?	U
R9566	343	2035	o	I
R9566	344	2232	la	G
R9566	345	2370	?	U
R9566	346	1873	?	U
R9566	347	964	?	U
R9566	348	182	Disp.	G
R9566	349	2211	di	G
R9566	350	1814	?	U
R9566	351	2082	del	G
R9566	352	2273	?	U
R9566	353	1410	?	U
R9566	354	2182	?	U
R9566	355	1535	gli	G
R9566	356	1684	?	U
R9566	357	2212	?	U
R9566	358	1867	?	U
R9566	359	91	.	G
R9566	360	1567	?	U
R9566	361	2422	gi	I
R9566	362	2049	questo	G
R9566	363	1605	Ministro	G
R9566	364	2083	dell'	G
R9566	365	1909	in	G
R9566	366	2380	te	X
R9566	367	2369	no	I
R9566	368	2237	Conte	G
R9566	369	2320	Decazes	G
R9566	370	2201	che	G
R9566	371	1597	go	I
R9566	372	1898	da	X
R9566	373	1800	?	U
R9566	374	2082	del	G
R9566	375	1551	più	G
R9566	376	410	?	U
R9566	377	2159	favore	G
R9566	378	1729	presso	G
R9566	379	2082	del	G
R9566	380	2242	Re	G
R9566	381	2353	Francia	G
R9566	382	481	ha	G
R9566	383	1741	avuto	G
R9566	384	388	conferenza	I
R9566	385	2403	confer	I
R9566	386	1606	enza	I
R9566	387	2184	col	G
R9566	388	2014	cat	I
R9566	389	2450	to	G
R9566	390	2357	li	G
R9566	391	1951	ca	G
R9566	392	794	Sr	G
R9566	393	NULL	NULL	null
R9566	394	2167	n	I
R9566	395	2161	is	G
R9566	396	1818	al	G
R9566	397	1161	suo	G
R9566	398	2431	pas	G
R9566	399	1557	sa	X
R9566	400	2422	gi	I
R9566	401	2460	o	I
R9566	402	921	ò	I
R9566	403	1418	per	G
R9566	404	2111	qui	G
R9566	405	1852	nella	G
R9566	406	791	quale	G
R9566	407	2367	par	X
R9566	408	2290	lan	X
R9566	409	1404	do	G
R9566	410	1535	gli	G
R9566	411	2084	della	G
R9566	412	2142	ces	G
R9566	413	2085	sione	I
R9566	414	2282	delle	G
R9566	415	2234	flo	I
R9566	416	1777	ride	I
R9566	417	332	e	G
R9566	418	1050	ciò	I
R9566	419	1879	?	U
R9566	420	1013	?	U
R9566	421	48	?	U
R9566	422	1895	?	U
R9566	423	877	?	U
R9566	424	1998	?	U
R9566	425	332	e	G
R9566	426	2211	di	G
R9566	427	2045	quella	G
R9566	428	2211	di	G
R9566	429	1894	cui	G
R9566	430	NULL	NULL	null
R9566	431	1864	si	G
R9566	432	1589	è	G
R9566	433	2367	par	X
R9566	434	2232	la	G
R9566	435	2450	to	G
R9566	436	2083	dell'	G
R9566	437	2162	Isola	G
R9566	438	2211	di	G
R9566	439	1893	Cuba	G
R9566	440	1636	?	U
R9566	441	1820	Inghil	I
R9566	442	842	terra	I
R9566	443	1535	gli	G
R9566	444	1654	ha	G
R9566	445	1909	in	G
R9566	446	1864	si	G
R9566	447	1980	nu	X
R9566	448	171	to	X
R9566	449	2151	de	I
R9566	450	2316	stra	I
R9566	451	2116	men	I
R9566	452	1542	te	I
R9566	453	1843	il	G
R9566	454	1043	desidera	G
R9566	455	2084	della	G
R9566	456	2353	Francia	G
R9566	457	1998	?	U
R9566	458	332	e	G
R9566	459	2232	la	G
R9566	460	1702	?	U
R9566	461	1714	i	X
R9566	462	1772	?	U
R9566	463	2145	?	U
R9566	464	2232	la	G
R9566	465	2054	Spagna	G
R9566	466	2068	?	U
R9566	467	2095	?	U
R9566	468	1964	?	U
R9566	469	2085	sione	I
R9566	470	2142	ces	G
R9566	471	2211	di	G
R9566	472	1613	?	U
R9566	473	1734	?	U
R9566	474	361	sarsi	I
R9566	475	1864	si	G
R9566	476	2169	one	X
R9566	477	1462	?	U
R9566	478	795	?	U
R9566	479	1821	alla	G
R9566	480	2353	Francia	G
R9566	481	1481	?	U
R9566	482	1723	?	U
R9566	483	2380	te	X
R9566	484	22	?	U
R9566	485	332	e	G
R9566	486	1394	?	U
R9566	487	1416	?	U
R9566	488	1864	si	G
R9566	489	91	.	G
R9566	490	45	?	U
R9566	491	1597	go	I
R9566	492	1462	?	U
R9566	493	1416	?	U
R9566	494	154	a	S
R9566	495	1098	?	U
R9566	496	859	?	U
R9566	497	1814	?	U
R9566	498	1864	si	G
R9566	499	398	?	U
R9566	500	1394	?	U
R9566	501	1486	?	U
R9566	502	154	a	S
R9566	503	2205	ci	G
R9566	504	1871	?	U
R9566	505	1674	?	U
R9566	506	1775	?	U
R9566	507	1549	mi	G
R9566	508	1909	in	G
R9566	509	2048	?	U
R9566	510	86	,	G
R9566	511	859	?	U
R9566	512	2295	le	G
R9566	513	NULL	NULL	null
R9566	514	2052	?	U
R9566	515	1549	mi	G
R9566	516	1864	si	G
R9566	517	1850	nel	G
R9566	518	1657	?	U
R9566	519	1074	?	U
R9566	520	919	?	U
R9566	521	1530	due	I
R9566	522	1549	mi	G
R9566	523	2232	la	G
R9566	524	2267	?	U
R9566	525	2081	?	U
R9566	526	2266	?	U
R9566	527	859	?	U
R9566	528	1806	?	U
R9566	529	2403	confer	I
R9566	530	605	enza	S
R9566	531	1486	?	U
R9566	532	2023	?	U
R9566	533	1491	ro	G
R9566	534	2218	?	U
R9566	535	2178	?	U
R9566	536	2369	no	I
R9566	537	2248	?	U
R9566	538	778	?	U
R9566	539	2381	te	G
R9566	540	1378	a	S
R9566	541	1577	?	U
R9566	542	1682	?	U
R9566	543	2261	?	U
R9566	544	1864	si	G
R9566	545	2182	?	U
R9566	546	2049	questo	G
R9566	547	1667	?	U
R9566	548	1891	?	U
R9566	549	1933	?	U
R9566	550	1648	ed	G
R9566	551	1908	?	U
R9566	552	2136	?	U
R9566	553	1057	?	U
R9566	554	1684	?	U
R9566	555	1920	non	G
R9566	556	1654	ha	G
R9566	557	1050	ciò	I
R9566	558	662	alcun	G
R9566	559	1844	?	U
R9566	560	1666	?	U
R9566	561	1555	?	U
R9566	562	1931	?	U
R9566	563	1851	?	U
R9566	564	1018	?	U
R9566	565	2211	di	G
R9566	566	1088	?	U
R9566	567	1998	?	U
R9566	568	1531	·	I
R9566	569	1043	desidera	G
R9566	570	1864	si	G
R9566	571	2139	?	U
R9566	572	2003	?	U
R9566	573	2201	che	G
R9566	574	1843	il	G
R9566	575	1547	?	U
R9566	576	2035	o	I
R9566	577	1404	do	G
R9566	578	2201	che	G
R9566	579	2184	col	G
R9566	580	1854	?	U
R9566	581	1650	?	U
R9566	582	15	u	I
R9566	583	332	e	G
R9566	584	1865	?	U
R9566	585	1843	il	G
R9566	586	2419	?	U
R9566	587	2316	stra	I
R9566	588	1500	?	U
R9566	589	2239	?	U
R9566	590	2001	?	U
R9566	591	1531	·	I
R9566	592	2145	?	U
R9566	593	2205	ci	G
R9566	594	2095	?	U
R9566	595	2206	ia	I
R9566	596	2067	d'An	I
R9566	597	1098	?	U
R9566	598	2178	?	U
R9566	599	1818	al	G
R9566	600	1043	desidera	G
R9566	601	171	to	X
R9566	602	2223	?	U
R9566	603	1409	ma	G
R9566	604	1991	?	U
R9566	605	1909	in	G
R9566	606	2448	ti	G
R9566	607	1409	ma	G
R9566	608	1542	te	I
R9566	609	1646	?	U
R9566	610	2035	o	I
R9566	611	2201	che	G
R9566	612	1920	non	G
R9566	613	1620	?	U
R9566	614	398	?	U
R9566	615	807	?	U
R9566	616	1864	si	G
R9566	617	1555	?	U
R9566	618	2381	te	G
R9566	619	154	a	S
R9566	620	1738	?	U
R9566	621	2103	?	U
R9566	622	2201	che	G
R9566	623	2048	?	U
R9566	624	1998	?	U
R9566	625	2201	che	G
R9566	626	2052	?	U
R9566	627	1549	mi	G
R9566	628	1864	si	G
R9566	629	1895	?	U
R9566	630	2197	?	U
R9566	631	1666	?	U
R9566	632	1555	?	U
R9566	633	1933	?	U
R9566	634	2232	la	G
R9566	635	1585	?	U
R9566	636	1772	?	U
R9566	637	2201	che	G
R9566	638	1655	?	U
R9566	639	2085	sione	I
R9566	640	1568	ve	G
R9566	641	1502	?	U
R9566	642	2380	te	X
R9566	643	88	?	U
R9566	644	1531	·	I
R9566	645	798	?	U
R9566	646	2082	del	G
R9566	647	1604	?	U
R9566	648	843	?	U
R9566	649	91	.	G
R9566	650	2099	?	U
R9566	651	NULL	NULL	null
R9566	652	2268	ciò	I
R9566	653	NULL	NULL	null
R9566	654	NULL	NULL	null
R9566	655	1462	?	U
R9566	656	1425	?	U
R9566	657	1821	alla	G
R9566	658	1147	?	U
R9566	659	2401	?	U
R9566	660	1994	zione	G
R9566	661	91	.	G
R9566	662	1568	ve	G
R9566	663	2114	?	U
R9566	664	1658	?	U
R9566	665	1909	in	G
R9566	666	2?9?	?	U
R9566	667	1729	presso	G
R9566	668	1734	?	U
R9566	669	2232	la	G
R9566	670	2054	Spagna	G
R9566	671	1079	?	U
R9566	672	1378	a	S
R9566	673	1843	il	G
R9566	674	1435	?	U
R9566	675	20??	?	U
R9566	676	2142	ces	G
R9566	677	2085	sione	I
R9566	678	2282	delle	G
R9566	679	2234	flo	I
R9566	680	1714	i	X
R9566	681	2017	?	U
R9566	682	1816	?	U
R9566	683	1013	?	U
R9566	684	48	?	U
R9566	685	NULL	NULL	null
R9566	686	332	e	G
R9566	687	1734	?	U
R9566	688	1589	è	G
R9566	689	473	?	U
R9566	690	2224	?	U
R9566	691	2003	?	U
R9566	692	2248	?	U
R9566	693	2318	ta	X
R9566	694	2361	troppo	I
R9566	695	2433	?	U
R9566	696	2450	to	G
R9566	697	1999	?	U
R9566	698	1764	?	U
R9566	699	2211	di	G
R9566	700	1894	cui	G
R9566	701	1528	?	U
R9566	702	203?	?	U
R9566	703	1999	?	U
R9566	704	NULL	NULL	null
R9566	705	1741	avuto	G
R9566	706	1792	?	U
R9566	707	455	?	U
R9566	708	1418	per	G
R9566	709	1352	?	U
R9566	710	2083	dell'	G
R9566	711	842	terra	I
R9566	712	1418	per	G
R9566	713	2298	?	U
R9566	714	1836	ere	G
R9566	715	2230	l	G
R9566	716	2162	Isola	G
R9566	717	2211	di	G
R9566	718	1893	Cuba	G
R9566	719	1636	?	U
R9566	720	91	.	G
R9566	721	1465	?	U
R9566	722	1516	avere	G
R9566	723	513	?	U
R9566	724	1930	?	U
R9566	725	2111	qui	G
R9566	726	1589	è	G
R9566	727	2331	?	U
R9566	728	171	to	X
R9566	729	1739	un	I
R9566	730	605	enza	S
R9566	731	2083	dell'	G
R9566	732	8740	?	U
R9566	733	810	?	U
R9566	734	843	?	U
R9566	735	1378	a	S
R9566	736	1409	ma	G
R9566	737	1895	?	U
R9566	738	2114	?	U
R9566	739	1714	i	X
R9566	740	1895	?	U
R9566	741	332	e	G
R9566	742	220?	?	U
R9566	743	1654	ha	G
R9566	744	1611	por	I
R9566	745	2318	ta	X
R9566	746	2380	te	X
R9566	747	2111	qui	G
R9566	748	2295	le	G
R9566	749	1738	?	U
R9566	750	1771	?	U
R9566	751	1977	?	U
R9566	752	91	.	G
R9566	753	1864	si	G
R9566	754	1589	è	G
R9566	755	1414	?	U
R9566	756	1898	da	X
R9566	757	2450	to	G
R9566	758	1739	un	I
R9566	759	2236	ordini	G
R9566	760	1818	al	G
R9566	761	794	Sr	G
R9566	762	2167	n	I
R9566	763	2161	is	G
R9566	764	2211	di	G
R9566	765	1920	non	G
R9566	766	2071	?	U
R9566	767	2264	?	U
R9566	768	1378	a	S
R9566	769	1409	ma	G
R9566	770	1895	?	U
R9566	771	2114	?	U
R9566	772	1714	i	X
R9566	773	1895	?	U
R9566	774	1998	?	U
R9566	775	1843	il	G
R9566	776	277	?	U
R9566	777	1423	?	U
R9566	778	1835	?	U
R9566	779	1473	?	U
R9566	780	2367	par	X
R9566	781	2448	ti	G
R9566	782	2450	to	G
R9566	783	1898	da	X
R9566	784	2368	?	U
R9566	785	91	.	G
R9566	786	1855	?	U
R9566	787	1015	?	U
R9566	788	2382	?	U
R9566	789	1864	si	G
R9566	790	1414	?	U
R9566	791	189?	?	U
R9566	792	1909	in	G
R9566	793	1549	mi	G
R9566	794	361	sarsi	I
R9566	795	1864	si	G
R9566	796	2169	one	X
R9566	797	1084	?	U
R9566	798	1957	?	U
R9566	799	2054	Spagna	G
R9566	800	1909	in	G
R9566	801	842	terra	I
R9566	802	1843	il	G
R9566	803	794	Sr	G
R9566	804	2450	to	G
R9566	805	2295	le	G
R9566	806	1404	do	G
R9566	807	1418	per	G
R9566	808	2413	?	U
R9566	809	1820	Inghil	I
R9566	810	842	terra	I
R9566	811	2201	che	G
R9566	812	1734	?	U
R9566	813	1986	?	U
R9566	814	2122	?	U
R9566	815	44	?	U
R9566	816	1875	?	U
R9566	817	1963	dar	G
R9566	818	1821	alla	G
R9566	819	2054	Spagna	G
R9566	820	2267	?	U
R9566	821	1549	mi	G
R9566	822	1275	?	U
R9566	823	2169	one	X
R9566	824	2211	di	G
R9566	825	1486	?	U
R9566	826	2393	as	I
R9566	827	1436	?	U
R9566	828	2232	la	G
R9566	829	277	?	U
R9566	830	1920	non	G
R9566	831	1079	?	U
R9566	832	1652	?	U
R9566	833	1835	?	U
R9566	834	1843	il	G
R9566	835	1435	?	U
R9566	836	2084	della	G
R9566	837	2142	ces	G
R9566	838	2085	sione	I
R9566	839	2091	?	U
R9566	840	2358	?	U
R9566	841	2369	no	I
R9566	842	2017	?	U
R9566	843	91	.	G
R9566	844	1864	si	G
R9566	845	1831	cred	G
R9566	846	1531	·	I
R9566	847	2201	che	G
R9566	848	2230	l	G
R9566	849	842	terra	I
R9566	850	1920	non	G
R9566	851	1620	?	U
R9566	852	1638	?	U
R9566	853	1714	i	X
R9566	854	2116	men	I
R9566	855	97	?	U
R9566	856	91	.	G
R9566	857	2232	la	G
R9566	858	388	conferenza	I
R9566	859	1654	ha	G
R9566	860	1781	?	U
R9566	861	1479	?	U
R9566	862	2448	ti	G
R9566	863	1725	na	X
R9566	864	2431	pas	G
R9566	865	1557	sa	X
R9566	866	2450	to	G
R9566	867	1741	avuto	G
R9566	868	1919	no	G
R9566	869	2318	ta	X
R9566	870	1378	a	S
R9566	871	2049	questo	G
R9566	872	874	?	U
R9566	873	2054	Spagna	G
R9566	874	1418	per	G
R9566	875	1905	?	U
R9566	876	1775	?	U
R9566	877	1535	gli	G
R9566	878	1843	il	G
R9566	879	1161	suo	G
R9566	880	2414	?	U
R9566	881	1407	?	U
R9566	882	1836	ere	G
R9566	883	2111	qui	G
R9566	884	1920	non	G
R9566	885	1516	avere	G
R9566	886	2232	la	G
R9566	887	2054	Spagna	G
R9566	888	894	?	U
R9566	889	222	?	U
R9566	890	6620	?	U
R9566	891	NULL	NULL	null
R9566	892	1820	Inghil	I
R9566	893	44	?	U
R9566	894	1919	no	G
R9566	895	2318	ta	X
R9566	896	2082	del	G
R9566	897	1645	?	U
R9566	898	2211	di	G
R9566	899	2366	?	U
R9566	900	1480	me	G
R9566	901	2232	la	G
R9566	902	1999	?	U
R9566	903	332	e	G
R9566	904	1418	per	G
R9566	905	206	?	U
R9566	906	2261	?	U
R9566	907	1535	gli	G
R9566	908	1999	?	U
R9566	909	2201	che	G
R9566	910	1620	?	U
R9566	911	369	sarà	I
R9566	912	1739	un	I
R9566	913	2357	li	G
R9566	914	1549	mi	G
R9566	915	2450	to	G
R9566	916	1843	il	G
R9566	917	791	quale	G
R9566	918	1920	non	G
R9566	919	1864	si	G
R9566	920	1664	?	U
R9566	921	2116	men	I
R9566	922	97	?	U
R9566	923	2211	di	G
R9566	924	2431	pas	G
R9566	925	1557	sa	X
R9566	926	2178	?	U
R9566	927	1802	?	U
R9566	928	222	?	U
R9566	929	1999	?	U
R9566	930	332	e	G
R9566	931	1802	?	U
R9566	932	2201	che	G
R9566	933	1881	?	U
R9566	934	1714	i	X
R9566	935	940	Sovrana	G
R9566	936	732	?	U
R9566	937	1920	non	G
R9566	938	1728	?	U
R9566	939	2067	d'An	I
R9566	940	2035	o	I
R9566	941	2230	l	G
R9566	942	1684	?	U
R9566	943	1909	in	G
R9566	944	1640	?	U
R9566	945	455	?	U
R9566	946	1462	?	U
R9566	947	2269	?	U
R9566	948	1589	è	G
R9566	949	1404	do	G
R9566	950	15	u	I
R9566	951	2450	to	G
R9566	952	1821	alla	G
R9566	953	1598	?	U
R9566	954	1453	?	U
R9566	955	1714	i	X
R9566	956	2318	ta	X
R9566	957	97	?	U
R9566	958	2082	del	G
R9566	959	2012	cas	X
R9566	960	2035	o	I
R9566	961	1999	?	U
R9566	962	1648	ed	G
R9566	963	1821	alla	G
R9566	964	2425	?	U
R9566	965	2212	?	U
R9566	966	2422	gi	I
R9566	967	1917	?	U
R9566	968	2318	ta	X
R9566	969	97	?	U
R9566	970	NULL	NULL	null
R9566	971	91	.	G
R9566	972	1843	il	G
R9566	973	1645	?	U
R9566	974	2211	di	G
R9566	975	2366	?	U
R9566	976	1480	me	G
R9566	977	2232	la	G
R9566	978	1745	?	U
R9566	979	1531	·	I
R9566	980	1563	?	U
R9566	981	1999	?	U
R9566	982	2201	che	G
R9566	983	NULL	NULL	null
R9566	984	1864	si	G
R9566	985	2211	di	G
R9566	986	1949	c	I
R9566	987	1964	?	U
R9566	988	1999	?	U
R9566	989	2201	che	G
R9566	990	2232	la	G
R9566	991	388	conferenza	I
R9566	992	1920	non	G
R9567	0	1909	in	G
R9567	1	15	u	I
R9567	2	2230	l	G
R9567	3	2445	ter	G
R9567	4	1714	i	X
R9567	5	2237	Conte	G
R9567	6	1074	?	U
R9567	7	2211	di	G
R9567	8	859	?	U
R9567	9	2179	?	U
R9567	10	1725	na	X
R9567	11	1714	i	X
R9567	12	1378	a	S
R9567	13	63	V.E.	G
R9567	14	1850	nel	G
R9567	15	1657	?	U
R9567	16	2284	?	U
R9567	17	1909	in	G
R9567	18	2205	ci	G
R9567	19	2352	fra	G
R9567	20	2082	del	G
R9567	21	1618	?	U
R9567	22	1741	avuto	G
R9567	23	2211	di	G
R9567	24	2049	questo	G
R9567	25	1546	mesi	I
R9567	26	1415	?	U
R9567	27	1951	ca	G
R9567	28	2450	to	G
R9567	29	1985	?	U
R9567	30	1549	mi	G
R9567	31	2232	la	G
R9567	32	1734	?	U
R9567	33	2316	stra	I
R9567	34	1300	sono	I
R9567	35	1978	?	U
R9567	36	2018	?	U
R9567	37	1827	?	U
R9567	38	2431	pas	G
R9567	39	1557	sa	X
R9567	40	2178	?	U
R9567	41	1821	alla	G
R9567	42	1161	suo	G
R9567	43	1585	?	U
R9567	44	1772	?	U
R9567	45	1418	per	G
R9567	46	2231	l'	G
R9567	47	1973	?	U
R9567	48	455	?	U
R9567	49	2211	di	G
R9567	50	2184	col	G
R9567	51	2145	?	U
R9567	52	1655	?	U
R9567	53	1831	cred	G
R9567	54	1502	?	U
R9567	55	2450	to	G
R9567	56	2211	di	G
R9567	57	1469	?	U
R9567	58	2367	par	X
R9567	59	2232	la	G
R9567	60	2178	?	U
R9567	61	1378	a	S
R9567	62	2049	questo	G
R9567	63	2320	Decazes	G
R9567	64	2211	di	G
R9567	65	859	?	U
R9567	66	2099	?	U
R9567	67	2350	?	U
R9567	68	1864	si	G
R9567	69	1013	?	U
R9567	70	1683	?	U
R9567	71	2091	?	U
R9567	72	2357	li	G
R9567	73	2316	stra	I
R9567	74	2450	to	G
R9567	75	2211	di	G
R9567	76	14	?	U
R9567	77	2269	?	U
R9567	78	1453	?	U
R9567	79	2027	va	X
R9567	80	1453	?	U
R9567	81	1873	?	U
R9567	82	1348	?	U
R9567	83	1909	in	G
R9567	84	926	?	U
R9567	85	2082	del	G
R9567	86	1695	?	U
R9567	87	2380	te	X
R9567	88	1864	si	G
R9567	89	1658	?	U
R9567	90	2211	di	G
R9567	91	2183	?	U
R9567	92	1409	ma	G
R9567	93	2017	?	U
R9567	94	1658	?	U
R9567	95	1714	i	X
R9567	96	1734	?	U
R9567	97	2230	l	G
R9567	98	2295	le	G
R9567	99	NULL	NULL	null
R9567	100	2367	par	X
R9567	101	2290	lan	X
R9567	102	1404	do	G
R9567	103	1535	gli	G
R9567	104	477	?	U
R9567	105	1542	te	I
R9567	106	2211	di	G
R9567	107	920	?	U
R9567	108	332	e	G
R9567	109	2180	?	U
R9567	110	1711	?	U
R9567	111	1502	?	U
R9567	112	2003	?	U
R9567	113	1909	in	G
R9567	114	2159	favore	G
R9567	115	2211	di	G
R9567	116	2183	?	U
R9567	117	2232	la	G
R9567	118	1526	?	U
R9567	119	2201	che	G
R9567	120	361	sarsi	I
R9567	121	1557	sa	X
R9567	122	1895	?	U
R9567	123	NULL	NULL	null
R9567	124	NULL	NULL	null
R9567	125	2234	flo	I
R9567	126	2295	le	G
R9567	127	2067	d'An	I
R9567	128	361	sarsi	I
R9567	129	91	.	G
R9567	130	1843	il	G
R9567	131	2320	Decazes	G
R9567	132	1549	mi	G
R9567	133	1654	ha	G
R9567	134	1111	detta	G
R9567	135	1999	?	U
R9567	136	2201	che	G
R9567	137	1843	il	G
R9567	138	2178	?	U
R9567	139	1835	?	U
R9567	140	2101	?	U
R9567	141	2114	?	U
R9567	142	2163	?	U
R9567	143	1392	?	U
R9567	144	1057	?	U
R9567	145	1462	?	U
R9567	146	1909	in	G
R9567	147	1986	?	U
R9567	148	NULL	NULL	null
R9567	149	2122	?	U
R9567	150	1761	?	U
R9567	151	1433	tra	G
R9567	152	2232	la	G
R9567	153	1046	?	U
R9567	154	1147	?	U
R9567	155	1999	?	U
R9567	156	332	e	G
R9567	157	1714	i	X
R9567	158	1796	?	U
R9567	159	1714	i	X
R9567	160	2082	del	G
R9567	161	1560	?	U
R9567	162	1599	?	U
R9567	163	332	e	G
R9567	164	2002	?	U
R9567	165	2201	che	G
R9567	166	2369	no	I
R9567	167	361	sarsi	I
R9567	168	1599	?	U
R9567	169	2261	?	U
R9567	170	1404	do	G
R9567	171	1821	alla	G
R9567	172	1526	?	U
R9567	173	2201	che	G
R9567	174	361	sarsi	I
R9567	175	363	?	U
R9567	176	1895	?	U
R9567	177	2234	flo	I
R9567	178	2295	le	G
R9567	179	2067	d'An	I
R9567	180	361	sarsi	I
R9567	181	98	?	U
R9567	182	1160	?	U
R9567	183	2414	?	U
R9567	184	2448	ti	G
R9567	185	1723	?	U
R9567	186	1994	zione	G
R9567	187	1909	in	G
R9567	188	2159	favore	G
R9567	189	2084	della	G
R9567	190	791	quale	G
R9567	191	2099	?	U
R9567	192	2211	di	G
R9567	193	920	?	U
R9567	194	1999	?	U
R9567	195	332	e	G
R9567	196	2369	no	I
R9567	197	2433	?	U
R9567	198	1500	?	U
R9567	199	2316	stra	I
R9567	200	2003	?	U
R9567	201	1909	in	G
R9567	202	1864	si	G
R9567	203	361	sarsi	I
R9567	204	2380	te	X
R9567	205	1714	i	X
R9567	206	210	?	U
R9567	207	694	?	U
R9567	208	2174	?	U
R9567	209	407	?	U
R9567	210	1099	?	U
R9567	211	2201	che	G
R9567	212	407	?	U
R9567	213	1099	?	U
R9567	214	99	?	U
R9567	215	1549	mi	G
R9567	216	2415	?	U
R9567	217	2201	che	G
R9567	218	1654	ha	G
R9567	219	1396	?	U
R9567	220	2221	fi	G
R9567	221	NULL	NULL	null
R9567	222	1535	gli	G
R9567	223	1378	a	S
R9567	224	2211	di	G
R9567	225	2178	?	U
R9567	226	1999	?	U
R9567	227	332	e	G
R9567	228	1551	più	G
R9567	229	2069	?	U
R9567	230	1418	per	G
R9567	231	2295	le	G
R9567	232	1797	?	U
R9567	233	1545	?	U
R9567	234	1734	?	U
R9567	235	1050	ciò	I
R9567	236	1955	?	U
R9567	237	2242	Re	G
R9567	238	2353	Francia	G
R9567	239	1535	gli	G
R9567	240	1864	si	G
R9567	241	1898	da	X
R9567	242	19	va	I
R9567	243	1843	il	G
R9567	244	2448	ti	G
R9567	245	2450	to	G
R9567	246	2358	?	U
R9567	247	2211	di	G
R9567	248	804	?	U
R9567	249	1999	?	U
R9567	250	332	e	G
R9567	251	1535	gli	G
R9567	252	1864	si	G
R9567	253	2197	?	U
R9567	254	2369	no	I
R9567	255	1565	?	U
R9567	256	921	ò	I
R9567	257	1714	i	X
R9567	258	1530	due	I
R9567	259	1695	?	U
R9567	260	2318	ta	X
R9567	261	1723	?	U
R9567	262	361	sarsi	I
R9567	263	2084	della	G
R9567	264	1611	por	I
R9567	265	2380	te	X
R9567	266	1999	?	U
R9567	267	1409	ma	G
R9567	268	2201	che	G
R9567	269	1418	per	G
R9567	270	14	?	U
R9567	271	1843	il	G
R9567	272	2306	?	U
R9567	273	2450	to	G
R9567	274	1920	non	G
R9567	275	1664	?	U
R9567	276	2027	va	X
R9567	277	2232	la	G
R9567	278	277	?	U
R9567	279	1516	avere	G
R9567	280	2201	che	G
R9567	281	1843	il	G
R9567	282	2174	?	U
R9567	283	1597	go	I
R9567	284	332	e	G
R9567	285	2295	le	G
R9567	286	2414	?	U
R9567	287	2448	ti	G
R9567	288	1723	?	U
R9567	289	1994	zione	G
R9567	290	2201	che	G
R9567	291	2199	?	U
R9567	292	2383	?	U
R9567	293	2027	va	X
R9567	294	1818	al	G
R9567	295	1796	?	U
R9567	296	332	e	G
R9567	297	1161	suo	G
R9567	298	2120	?	U
R9567	299	1933	?	U
R9567	300	1999	?	U
R9567	301	332	e	G
R9567	302	2201	che	G
R9567	303	1909	in	G
R9567	304	2353	Francia	G
R9567	305	1835	?	U
R9567	306	1151	?	U
R9567	307	197	?	U
R9567	308	2201	che	G
R9567	309	2232	la	G
R9567	310	1658	?	U
R9567	311	1535	gli	G
R9567	312	332	e	G
R9567	313	1418	per	G
R9567	314	859	?	U
R9567	315	NULL	NULL	null
R9567	316	3000	?	U
R9567	317	2351	?	U
R9567	318	1943	?	U
R9567	319	1843	il	G
R9567	320	1161	suo	G
R9567	321	2174	?	U
R9567	322	1597	go	I
R9567	323	1795	prima	I
R9567	324	2082	del	G
R9567	325	1479	?	U
R9567	326	2369	no	I
R9567	327	1662	?	U
R9567	328	1714	i	X
R9567	329	921	ò	I
R9567	330	1728	?	U
R9567	331	2027	va	X
R9567	332	868	?	U
R9567	333	2048	?	U
R9567	334	2082	del	G
R9567	335	1415	?	U
R9567	336	1714	i	X
R9567	337	2450	to	G
R9567	338	91	.	G
R9567	339	1655	?	U
R9567	340	2367	par	X
R9567	341	2232	la	G
R9567	342	2450	to	G
R9567	343	2211	di	G
R9567	344	920	?	U
R9567	345	332	e	G
R9567	346	1462	?	U
R9567	347	1909	in	G
R9567	348	1864	si	G
R9567	349	1555	?	U
R9567	350	2383	?	U
R9567	351	1938	?	U
R9567	352	1418	per	G
R9567	353	1714	i	X
R9567	354	1530	due	I
R9567	355	1893	Cuba	G
R9567	356	1671	?	U
R9567	357	1917	?	U
R9567	358	1378	a	S
R9567	359	1560	?	U
R9567	360	2211	di	G
R9567	361	2167	n	I
R9567	362	1714	i	X
R9567	363	1864	si	G
R9567	364	921	ò	I
R9567	365	1821	alla	G
R9567	366	794	Sr	G
R9567	367	1378	a	S
R9567	368	1526	?	U
R9567	369	2206	ia	I
R9567	370	361	sarsi	I
R9567	371	363	?	U
R9567	372	1895	?	U
R9567	373	2234	flo	I
R9567	374	2295	le	G
R9567	375	2067	d'An	I
R9567	376	361	sarsi	I
R9567	377	1999	?	U
R9567	378	1409	ma	G
R9567	379	1843	il	G
R9567	380	2320	Decazes	G
R9567	381	1549	mi	G
R9567	382	1654	ha	G
R9567	383	1388	?	U
R9567	384	171	to	X
R9567	385	2201	che	G
R9567	386	1843	il	G
R9567	387	2178	?	U
R9567	388	1920	non	G
R9567	389	2358	?	U
R9567	390	1875	?	U
R9567	391	2156	?	U
R9567	392	1999	?	U
R9567	393	1648	ed	G
R9567	394	1589	è	G
R9567	395	1431	ritorno	I
R9567	396	171	to	X
R9567	397	1378	a	S
R9567	398	2413	?	U
R9567	399	1549	mi	G
R9567	400	2201	che	G
R9567	401	1843	il	G
R9567	402	794	Sr	G
R9567	403	1529	Duca	G
R9567	404	1136	?	U
R9567	405	2295	le	G
R9567	406	2067	d'An	I
R9567	407	361	sarsi	I
R9567	408	1864	si	G
R9567	409	2093	?	U
R9567	410	1843	il	G
R9567	411	2429	?	U
R9567	412	1387	?	U
R9567	413	2451	?	U
R9567	414	2450	to	G
R9567	415	2211	di	G
R9567	416	1920	non	G
R9567	417	2071	?	U
R9567	418	2264	?	U
R9567	419	1418	per	G
R9567	420	2268	ciò	I
R9567	421	1820	Inghil	I
R9567	422	2067	d'An	I
R9567	423	1917	?	U
R9567	424	1619	?	U
R9567	425	1557	sa	X
R9567	426	2369	no	I
R9567	427	921	ò	I
R9567	428	2211	di	G
R9567	429	2428	?	U
R9567	430	2460	o	I
R9567	431	2017	?	U
R9567	432	2205	ci	G
R9567	433	1658	?	U
R9567	434	1734	?	U
R9567	435	2179	?	U
R9567	436	90	?	U
R9567	437	2420	?	U
R9567	438	2201	che	G
R9567	439	1551	più	G
R9567	440	751	?	U
R9567	441	2109	?	U
R9567	442	807	?	U
R9567	443	1469	?	U
R9567	444	1634	?	U
R9567	445	1697	?	U
R9567	446	1516	avere	G
R9567	447	1666	?	U
R9567	448	1722	?	U
R9567	449	2116	men	I
R9567	450	2211	di	G
R9567	451	2305	?	U
R9567	452	2146	?	U
R9567	453	1864	si	G
R9567	454	1378	a	S
R9567	455	2045	quella	G
R9567	456	2420	?	U
R9567	457	1723	?	U
R9567	458	1994	zione	G
R9567	459	1901	es	X
R9567	460	1486	?	U
R9567	461	171	to	X
R9567	462	2238	?	U
R9567	463	1378	a	S
R9567	464	1450	?	U
R9567	465	2201	che	G
R9567	466	1161	suo	G
R9567	467	2363	pa	I
R9567	468	1525	?	U
R9567	469	332	e	G
R9567	470	1462	?	U
R9567	471	1962	?	U
R9567	472	1919	no	G
R9567	473	97	?	U
R9567	474	1378	a	S
R9567	475	1717	?	U
R9567	476	2380	te	X
R9567	477	2043	?	U
R9567	478	940	Sovrana	G
R9567	479	91	.	G
R9567	480	63	V.E.	G
R9567	481	1568	ve	G
R9567	482	332	e	G
R9567	483	859	?	U
R9567	484	14	?	U
R9567	485	2268	ciò	I
R9567	486	1865	?	U
R9567	487	2082	del	G
R9567	488	1714	i	X
R9567	489	1951	ca	G
R9567	490	2450	to	G
R9567	491	1648	ed	G
R9567	492	1844	?	U
R9567	493	1693	?	U
R9567	494	1633	?	U
R9567	495	1938	?	U
R9567	496	1723	?	U
R9567	497	2380	te	X
R9567	498	1440	l	I
R9567	499	1843	il	G
R9567	500	1529	Duca	G
R9567	501	2234	flo	I
R9567	502	2295	le	G
R9567	503	2067	d'An	I
R9567	504	361	sarsi	I
R9567	505	1999	?	U
R9567	506	2232	la	G
R9567	507	2211	di	G
R9567	508	1894	cui	G
R9567	509	322	?	U
R9567	510	1835	?	U
R9567	511	1754	?	U
R9567	512	2014	cat	I
R9567	513	2448	ti	G
R9567	514	19	va	I
R9567	515	1999	?	U
R9567	516	332	e	G
R9567	517	1396	?	U
R9567	518	1739	un	I
R9567	519	1434	?	U
R9567	520	2035	o	I
R9567	521	2211	di	G
R9567	522	2045	quella	G
R9567	523	1549	mi	G
R9567	524	1654	ha	G
R9567	525	1111	detta	G
R9567	526	2201	che	G
R9567	527	1754	?	U
R9567	528	1714	i	X
R9567	529	1947	?	U
R9567	530	1909	in	G
R9567	531	921	ò	I
R9567	532	1942	?	U
R9567	533	2122	?	U
R9567	534	1723	?	U
R9567	535	2316	stra	I
R9567	536	1843	il	G
R9567	537	1551	più	G
R9567	538	2221	fi	G
R9567	539	1773	?	U
R9567	540	9200	?	U
R9567	541	921	ò	I
R9567	542	1788	?	U
R9567	543	1549	mi	G
R9567	544	2339	?	U
R9567	545	2211	di	G
R9567	546	2049	questo	G
R9567	547	940	Sovrana	G
R9567	548	332	e	G
R9567	549	1161	suo	G
R9567	550	408	?	U
R9567	551	332	e	G
R9567	552	2232	la	G
R9567	553	2211	di	G
R9567	554	2428	?	U
R9567	555	1658	?	U
R9567	556	1535	gli	G
R9567	557	332	e	G
R9567	558	1864	si	G
R9567	559	1568	ve	G
R9567	560	2167	n	I
R9567	561	921	ò	I
R9567	562	2055	?	U
R9567	563	361	sarsi	I
R9567	564	800	?	U
R9567	565	1462	?	U
R9567	566	1667	?	U
R9567	567	1723	?	U
R9567	568	1404	do	G
R9567	569	2358	?	U
R9567	570	1850	nel	G
R9567	571	2366	?	U
R9567	572	2201	che	G
R9567	573	2316	stra	I
R9567	574	2450	to	G
R9567	575	2082	del	G
R9567	576	1529	Duca	G
R9567	577	NULL	NULL	null
R9567	578	NULL	NULL	null
R9567	579	2067	d'An	I
R9567	580	NULL	NULL	null
R9567	581	332	e	G
R9567	582	2084	della	G
R9567	583	794	Sr	G
R9567	584	154	a	S
R9567	585	1526	?	U
R9567	586	2145	?	U
R9567	587	361	sarsi	I
R9567	588	363	?	U
R9567	589	751	?	U
R9567	590	2234	flo	I
R9567	591	2295	le	G
R9567	592	2067	d'An	I
R9567	593	361	sarsi	I
R9567	594	1818	al	G
R9567	595	2380	te	X
R9567	596	1392	?	U
R9567	597	1491	ro	G
R9567	598	1268	?	U
R9567	599	1999	?	U
R9567	600	2201	che	G
R9567	601	694	?	U
R9567	602	956	?	U
R9567	603	2211	di	G
R9567	604	1891	?	U
R9567	605	1564	va	I
R9567	606	1589	è	G
R9567	607	1699	?	U
R9567	608	2003	?	U
R9567	609	1462	?	U
R9567	610	1111	detta	G
R9567	611	1754	?	U
R9567	612	1714	i	X
R9567	613	1947	?	U
R9567	614	1909	in	G
R9567	615	2035	o	I
R9567	616	1462	?	U
R9567	617	2122	?	U
R9567	618	1723	?	U
R9567	619	2316	stra	I
R9567	620	1999	?	U
R9567	621	332	e	G
R9567	622	2201	che	G
R9567	623	1909	in	G
R9567	624	2223	?	U
R9567	625	1843	il	G
R9567	626	2178	?	U
R9567	627	1835	?	U
R9567	628	492	?	U
R9567	629	2101	?	U
R9567	630	2114	?	U
R9567	631	2163	?	U
R9567	632	171	to	X
R9567	633	2069	?	U
R9567	634	2085	sione	I
R9567	635	1666	?	U
R9567	636	2383	?	U
R9567	637	1994	zione	G
R9567	638	2082	del	G
R9567	639	1529	Duca	G
R9567	640	2234	flo	I
R9567	641	2295	le	G
R9567	642	2067	d'An	I
R9567	643	361	sarsi	I
R9567	644	1999	?	U
R9567	645	2201	che	G
R9567	646	1820	Inghil	I
R9567	647	1745	?	U
R9567	648	2027	va	X
R9567	649	2006	?	U
R9567	650	1836	ere	G
R9567	651	2046	?	U
R9567	652	244?	?	U
R9567	653	2448	ti	G
R9567	654	1723	?	U
R9567	655	1994	zione	G
R9567	656	1999	?	U
R9567	657	2201	che	G
R9567	658	1620	?	U
R9567	659	1835	?	U
R9567	660	1800	?	U
R9567	661	1013	?	U
R9569	0	1864	si	G
R9569	1	1991	?	U
R9569	2	1049	?	U
R9569	3	1409	ma	G
R9569	4	1909	in	G
R9569	5	1871	?	U
R9569	6	1542	te	I
R9569	7	2085	sione	I
R9569	8	2105	?	U
R9569	9	2218	?	U
R9569	10	2380	te	X
R9569	11	2211	di	G
R9569	12	1962	?	U
R9569	13	2330	?	U
R9569	14	332	e	G
R9569	15	2211	di	G
R9569	16	1933	?	U
R9569	17	2429	?	U
R9569	18	1480	me	G
R9569	19	1640	?	U
R9569	20	160	?	U
R9569	21	1816	?	U
R9569	22	1951	ca	G
R9569	23	1486	?	U
R9569	24	1462	?	U
R9569	25	1864	si	G
R9569	26	2146	?	U
R9569	27	160	?	U
R9569	28	1816	?	U
R9569	29	1951	ca	G
R9569	30	289	?	U
R9569	31	2265	?	U
R9569	32	1714	i	X
R9569	33	1909	in	G
R9569	34	1951	ca	G
R9569	35	2211	di	G
R9569	36	2076	ce	G
R9569	37	1418	per	G
R9569	38	2305	?	U
R9569	39	2146	?	U
R9569	40	2043	?	U
R9569	41	940	Sovrana	G
R9569	42	85	?	U
R9569	43	1046	?	U
R9569	44	1147	?	U
R9569	45	332	e	G
R9569	46	1486	?	U
R9569	47	454	?	U
R9569	48	1938	?	U
R9569	49	91	.	G
R9569	50	2232	la	G
R9569	51	2353	Francia	G
R9569	52	1719	?	U
R9569	53	1378	a	S
R9569	54	1516	avere	G
R9569	55	2085	sione	I
R9569	56	1909	in	G
R9569	57	2111	qui	G
R9569	58	332	e	G
R9569	59	1500	?	U
R9569	60	2211	di	G
R9569	61	1787	?	U
R9569	62	1160	?	U
R9569	63	2033	?	U
R9569	64	1994	zione	G
R9569	65	2211	di	G
R9569	66	383	Austria	G
R9569	67	2211	di	G
R9569	68	1857	?	U
R9569	69	2261	?	U
R9569	70	2230	l	G
R9569	71	2231	l'	G
R9569	72	2231	l'	G
R9569	73	1708	ele	G
R9569	74	1531	·	I
R9569	75	1994	zione	G
R9569	76	1818	al	G
R9569	77	940	Sovrana	G
R9569	78	1609	pon	G
R9569	79	2448	ti	G
R9569	80	2221	fi	G
R9569	81	1951	ca	G
R9569	82	2450	to	G
R9569	83	2082	del	G
R9569	84	2009	car	X
R9569	85	2211	di	G
R9569	86	1725	na	X
R9569	87	2295	le	G
R9569	88	2261	?	U
R9569	89	2205	ci	G
R9569	90	1951	ca	G
R9569	91	1491	ro	G
R9569	92	1404	do	G
R9569	93	2230	l	G
R9569	94	2283	?	U
R9569	95	1999	?	U
R9569	96	NULL	NULL	null
R9569	97	332	e	G
R9569	98	1831	cred	G
R9569	99	921	ò	I
R9569	100	2145	?	U
R9569	101	1734	?	U
R9569	102	1986	?	U
R9569	103	2123	ste	I
R9569	104	2033	?	U
R9569	105	1994	zione	G
R9569	106	1901	es	X
R9569	107	2161	is	G
R9569	108	2445	ter	G
R9569	109	1933	?	U
R9569	110	86	,	G
R9569	111	1648	ed	G
R9569	112	2099	?	U
R9569	113	1655	?	U
R9569	114	1720	mot	I
R9569	115	1714	i	X
R9569	116	1742	vo	G
R9569	117	1112	di	G
R9569	118	1831	cred	G
R9569	119	1836	ere	G
R9569	120	2211	di	G
R9569	121	1919	no	G
R9569	122	332	e	G
R9569	123	2201	che	G
R9569	124	1664	?	U
R9569	125	1964	?	U
R9569	126	2156	?	U
R9569	127	2381	te	G
R9569	128	1836	ere	G
R9569	129	2232	la	G
R9569	130	2186	sud	X
R9569	131	1111	detta	G
R9569	132	1708	ele	G
R9569	133	1531	·	I
R9569	134	1994	zione	G
R9569	135	2232	la	G
R9569	136	2353	Francia	G
R9569	137	1535	gli	G
R9569	138	1963	dar	G
R9569	139	1592	ebbe	G
R9569	140	2231	l'	G
R9569	141	1901	es	X
R9569	142	1949	c	I
R9569	143	2426	lu	I
R9569	144	1864	si	G
R9569	145	19	va	I
R9569	146	91	.	G
R9569	147	1418	per	G
R9569	148	1843	il	G
R9569	149	236?	?	U
R9569	150	1409	ma	G
R9569	151	17?8	?	U
R9569	152	1723	?	U
R9569	153	2380	te	X
R9569	154	2295	le	G
R9569	155	2161	is	G
R9569	156	1?99	?	U
R9569	157	1994	zione	G
R9569	158	894	?	U
R9569	159	1898	da	X
R9569	160	2211	di	G
R9569	161	1864	si	G
R9569	162	2357	li	G
R9569	163	1549	mi	G
R9569	164	2378	?	U
R9569	165	921	ò	I
R9569	166	1577	?	U
R9569	167	1901	es	X
R9569	168	643	?	U
R9569	169	1836	ere	G
R9569	170	2201	che	G
R9569	171	1739	un	I
R9569	172	2363	pa	I
R9569	173	12?1	?	U
R9569	174	2211	di	G
R9569	175	1544	?	U
R9569	176	1714	i	X
R9569	177	2450	to	G
R9569	178	1396	?	U
R9569	179	1843	il	G
R9569	180	2431	pas	G
R9569	181	363	?	U
R9569	182	2450	to	G
R9569	183	1865	?	U
R9569	184	1708	ele	G
R9569	185	2423	?	U
R9569	186	2450	to	G
R9569	187	1999	?	U
R9569	188	332	e	G
R9569	189	2201	che	G
R9569	190	1865	?	U
R9569	191	1913	?	U
R9569	192	1416	?	U
R9569	193	2089	?	U
R9569	194	2380	te	X
R9569	195	8	?	U
R9569	196	6	?	U
R9569	197	10	?	U
R9569	198	11	?	U
R9569	199	NULL	NULL	null
R9569	200	1648	ed	G
R9569	201	0	?	U
R9569	202	1648	ed	G
R9569	203	13	?	U
R9569	204	2380	te	X
R9569	205	2330	?	U
R9569	206	1864	si	G
R9569	207	2230	l	G
R9569	208	2231	l'	G
R9569	209	1708	ele	G
R9569	210	1531	·	I
R9569	211	1994	zione	G
R9569	212	1708	ele	G
R9569	213	1531	·	I
R9569	214	1994	zione	G
R9569	215	1818	al	G
R9569	216	940	Sovrana	G
R9569	217	1609	pon	G
R9569	218	2448	ti	G
R9569	219	2221	fi	G
R9569	220	1951	ca	G
R9569	221	2450	to	G
R9569	222	2082	del	G
R9569	223	2205	ci	G
R9569	224	1491	ro	G
R9569	225	1404	do	G
R9569	226	2283	?	U
R9569	227	1901	es	X
R9569	228	2161	is	G
R9569	229	2445	ter	G
R9569	230	1933	?	U
R9569	231	86	,	G
R9569	232	1648	ed	G
R9569	233	2099	?	U
R9569	234	1655	?	U
R9569	235	1720	mot	I
R9569	236	1714	i	X
R9569	237	1742	vo	G
R9569	238	1112	di	G
R9569	239	1831	cred	G
R9569	240	1836	ere	G
R9569	241	2211	di	G
R9569	242	1919	no	G
R9569	243	332	e	G
R9569	244	2201	che	G
R9569	245	1664	?	U
R9569	246	1964	?	U
R9569	247	2156	?	U
R9569	248	2381	te	G
R9569	249	2232	la	G
R9569	250	2186	sud	X
R9569	251	1111	detta	G
R9569	252	2353	Francia	G
R9569	253	1535	gli	G
R9569	254	1963	dar	G
R9569	255	1592	ebbe	G
R9569	256	2357	li	G
R9569	257	1549	mi	G
R9570	0	1739	un	I
R9570	1	1737	?	U
R9570	2	2082	del	G
R9570	3	956	?	U
R9570	4	2254	?	U
R9570	5	1589	è	G
R9570	6	2071	?	U
R9570	7	171	to	X
R9570	8	1378	a	S
R9570	9	1612	?	U
R9570	10	1560	?	U
R9570	11	2318	ta	X
R9570	12	1409	ma	G
R9570	13	2369	no	I
R9570	14	1378	a	S
R9570	15	1999	?	U
R9570	16	1648	ed	G
R9570	17	1654	ha	G
R9570	18	1050	ciò	I
R9570	19	792	?	U
R9570	20	1460	?	U
R9570	21	455	?	U
R9570	22	2084	della	G
R9570	23	791	quale	G
R9570	24	361	sarsi	I
R9570	25	1782	?	U
R9570	26	1919	no	G
R9570	27	2116	men	I
R9570	28	1843	il	G
R9570	29	2444	?	U
R9570	30	1999	?	U
R9570	31	1409	ma	G
R9570	32	1920	non	G
R9570	33	1799	?	U
R9570	34	1888	?	U
R9570	35	2201	che	G
R9570	36	1381	?	U
R9570	37	1919	no	G
R9570	38	1797	?	U
R9570	39	1404	do	G
R9570	40	2316	stra	I
R9570	41	2450	to	G
R9570	42	662	alcun	G
R9570	43	1738	?	U
R9570	44	1714	i	X
R9570	45	2450	to	G
R9570	46	41	?	U
R9570	47	2450	to	G
R9570	48	2295	le	G
R9570	49	2380	te	X
R9570	50	1207	?	U
R9570	51	1714	i	X
R9570	52	2318	ta	X
R9570	53	2201	che	G
R9570	54	1864	si	G
R9570	55	1991	?	U
R9570	56	1909	in	G
R9570	57	1433	tra	G
R9570	58	1666	?	U
R9570	59	1734	?	U
R9570	60	1999	?	U
R9570	61	1531	·	I
R9570	62	1864	si	G
R9570	63	1699	?	U
R9570	64	2067	d'An	I
R9570	65	921	ò	I
R9570	66	1677	?	U
R9570	67	2239	?	U
R9570	68	2003	?	U
R9570	69	1462	?	U
R9570	70	1440	l	I
R9570	71	1951	ca	G
R9570	72	2211	di	G
R9570	73	2076	ce	G
R9570	74	662	alcun	G
R9570	75	1734	?	U
R9570	76	2003	?	U
R9570	77	2	?	U
R9570	78	3	?	U
R9570	79	2380	te	X
R9571	0	2232	la	G
R9571	1	2353	Francia	G
R9571	2	1043	desidera	G
R9571	3	1843	il	G
R9571	4	2009	car	X
R9571	5	2211	di	G
R9571	6	1725	na	X
R9571	7	2295	le	G
R9571	8	2012	cas	X
R9571	9	2448	ti	G
R9571	10	1535	gli	G
R9571	11	2169	one	X
R9571	12	1418	per	G
R9571	13	2363	pa	I
R9571	14	1201	pa	I
R9571	15	1999	?	U
R9571	16	1409	ma	G
R9571	17	1864	si	G
R9571	18	1823	bi	I
R9571	19	2393	as	I
R9571	20	1714	i	X
R9571	21	199	ma	I
R9571	22	2211	di	G
R9571	23	1516	avere	G
R9571	24	1843	il	G
R9571	25	1529	Duca	G
R9571	26	2232	la	G
R9571	27	1564	va	I
R9571	28	1440	l	I
R9571	29	2361	troppo	I
R9571	30	1553	fatto	I
R9571	31	1050	ciò	I
R9571	32	2268	ciò	I
R9571	33	1568	ve	G
R9571	34	1836	ere	G
R9571	35	332	e	G
R9571	36	1864	si	G
R9571	37	2381	te	G
R9571	38	332	e	G
R9571	39	1999	?	U
R9571	40	2201	che	G
R9571	41	2268	ciò	I
R9571	42	1980	nu	X
R9571	43	2035	o	I
R9571	44	1949	c	I
R9571	45	2206	ia	I
R9571	46	1818	al	G
R9571	47	1155	sud	X
R9571	48	NULL	NULL	null
R9571	49	NULL	NULL	null
R9571	50	NULL	NULL	null
R9571	51	9210	?	U
R9571	52	NULL	NULL	null
R9571	53	1611	por	I
R9571	54	1611	por	I
R9571	55	171	to	X
R9571	56	1418	per	G
R9571	57	2232	la	G
R9571	58	1161	suo	G
R9571	59	1708	ele	G
R9571	60	2027	va	X
R9571	61	1994	zione	G
R9571	62	1818	al	G
R9571	63	1609	pon	G
R9571	64	2448	ti	G
R9571	65	2221	fi	G
R9571	66	1951	ca	G
R9571	67	2450	to	G
R9571	68	91	.	G
R9571	69	1920	non	G
R9571	70	1901	es	X
R9571	71	1714	i	X
R9571	72	2123	ste	I
R9571	73	662	alcun	G
R9571	74	1571	accordo	G
R9571	75	1433	tra	G
R9571	76	2232	la	G
R9571	77	2353	Francia	G
R9571	78	332	e	G
R9571	79	2231	l'	G
R9571	80	383	Austria	G
R9571	81	1418	per	G
R9571	82	2231	l'	G
R9571	83	1708	ele	G
R9571	84	1531	·	I
R9571	85	1994	zione	G
R9571	86	2082	del	G
R9571	87	1609	pon	G
R9571	88	2380	te	X
R9571	89	2221	fi	G
R9571	90	2076	ce	G
R9571	91	7	?	U
R9571	92	5	?	U
R9571	93	NULL	NULL	null
R9571	94	NULL	NULL	null
R9571	95	9210	?	U
R9571	96	NULL	NULL	null
R9571	97	1191	?	U
R9571	98	1162	?	U
R9571	99	1152	?	U
R9571	100	921	ò	I
R9571	101	1612	?	U
R9571	102	1611	por	I
R9571	103	1611	por	I
R9571	104	171	to	X
R9571	105	9	?	U
R9571	106	3	?	U
R9571	107	5	?	U
R9571	108	2450	to	G
R9571	109	1	?	U
R9571	110	4	?	U
R9571	111	2232	la	G
R9571	112	2353	Francia	G
R9571	113	91	.	G
R9571	114	2232	la	G
R9571	115	2353	Francia	G
R9571	116	2232	la	G
R9571	117	2353	Francia	G
R9571	118	1843	il	G
R9571	119	2211	di	G
R9571	120	1418	per	G
R9571	121	1818	al	G
R9571	122	1609	pon	G
R9571	123	1708	ele	G
R9571	124	1994	zione	G
R9571	125	1920	non	G
R9571	126	332	e	G
R9571	127	1611	por	I
R9571	128	1611	por	I
R9571	129	171	to	X
R9571	130	NULL	NULL	null
R9579	0	1415	?	U
R9579	1	2163	?	U
R9579	2	2448	ti	G
R9579	3	1409	ma	G
R9579	4	1878	?	U
R9579	5	1378	a	S
R9579	6	2058	?	U
R9579	7	1714	i	X
R9579	8	1075	?	U
R9579	9	2137	?	U
R9579	10	2085	sione	I
R9579	11	501	?	U
R9579	12	2084	della	G
R9579	13	2357	li	G
R9579	14	2424	?	U
R9579	15	1378	a	S
R9579	16	2368	?	U
R9579	17	1864	si	G
R9579	18	1739	un	I
R9579	19	2101	?	U
R9579	20	2135	?	U
R9579	21	2404	?	U
R9579	22	2211	di	G
R9579	23	1300	sono	I
R9579	24	1909	in	G
R9579	25	1300	sono	I
R9579	26	1418	per	G
R9579	27	1797	?	U
R9579	28	1504	?	U
R9579	29	1568	ve	G
R9579	30	1836	ere	G
R9579	31	1853	?	U
R9579	32	2040	?	U
R9579	33	2178	?	U
R9579	34	1723	?	U
R9579	35	1939	?	U
R9579	36	2017	?	U
R9579	37	1693	?	U
R9579	38	525	?	U
R9579	39	1901	es	X
R9579	40	2202	?	U
R9579	41	92	?	U
R9579	42	1549	mi	G
R9579	43	1799	?	U
R9579	44	1888	?	U
R9579	45	1998	?	U
R9579	46	2201	che	G
R9579	47	2232	la	G
R9579	48	2353	Francia	G
R9579	49	847	?	U
R9579	50	2201	che	G
R9579	51	1462	?	U
R9579	52	1704	?	U
R9579	53	2178	?	U
R9579	54	1909	in	G
R9579	55	1986	?	U
R9579	56	2182	?	U
R9579	57	2357	li	G
R9579	58	2424	?	U
R9579	59	1920	non	G
R9579	60	2230	l	G
R9579	61	1568	ve	G
R9579	62	1531	·	I
R9579	63	2211	di	G
R9579	64	1440	l	I
R9579	65	2361	troppo	I
R9579	66	1553	fatto	I
R9579	67	1948	?	U
R9579	68	2039	?	U
R9579	69	1100	?	U
R9579	70	2035	o	I
R9579	71	2062	?	U
R9579	72	1901	es	X
R9579	73	2445	ter	G
R9579	74	1654	ha	G
R9579	75	1949	c	I
R9579	76	1549	mi	G
R9579	77	1654	ha	G
R9579	78	1462	?	U
R9579	79	2221	fi	G
R9579	80	1098	?	U
R9579	81	84	?	U
R9579	82	2201	che	G
R9579	83	1920	non	G
R9579	84	1864	si	G
R9579	85	398	?	U
R9579	86	1646	?	U
R9579	87	1714	i	X
R9579	88	2084	della	G
R9579	89	1496	?	U
R9579	90	2434	?	U
R9579	91	2414	?	U
R9579	92	2261	?	U
R9579	93	1409	ma	G
R9579	94	1543	?	U
R9579	95	2201	che	G
R9579	96	1920	non	G
R9579	97	1654	ha	G
R9579	98	473	?	U
R9579	99	2224	?	U
R9579	100	2003	?	U
R9579	101	2414	?	U
R9579	102	2261	?	U
R9579	103	1479	?	U
R9579	104	2035	o	I
R9579	105	1714	i	X
R9579	106	2266	?	U
R9579	107	859	?	U
R9579	108	1549	mi	G
R9579	109	2232	la	G
R9579	110	1809	?	U
R9579	111	1396	?	U
R9579	112	1453	?	U
R9579	113	2027	va	X
R9579	114	1111	detta	G
R9579	115	86	,	G
R9579	116	1419	?	U
R9579	117	1453	?	U
R9579	118	2027	va	X
R9579	119	2414	?	U
R9579	120	2205	ci	G
R9579	121	2110	?	U
R9579	122	2448	ti	G
R9579	123	2042	?	U
R9579	124	1706	?	U
R9579	125	86	,	G
R9579	126	1409	ma	G
R9579	127	1788	?	U
R9579	128	1453	?	U
R9579	129	2027	va	X
R9579	130	1909	in	G
R9579	131	1704	?	U
R9579	132	1611	por	I
R9579	133	171	to	X
R9579	134	1535	gli	G
R9579	135	1913	?	U
R9579	136	1620	?	U
R9579	137	1526	?	U
R9579	138	1714	i	X
R9579	139	1909	in	G
R9579	140	807	?	U
R9579	141	94	?	U
R9579	142	1531	·	I
R9579	143	2201	che	G
R9579	144	2232	la	G
R9579	145	296	?	U
R9579	146	2369	no	I
R9579	147	1547	?	U
R9579	148	2380	te	X
R9579	149	1800	?	U
R9579	150	1843	il	G
R9579	151	2414	?	U
R9579	152	2261	?	U
R9579	153	1409	ma	G
R9579	154	NULL	NULL	null
R9579	155	1543	?	U
R9579	156	1895	?	U
R9579	157	1741	avuto	G
R9579	158	1611	por	I
R9579	159	1994	zione	G
R9579	160	2084	della	G
R9579	161	1161	suo	G
R9579	162	NULL	NULL	null
R9579	163	1261	?	U
R9579	164	1549	mi	G
R9579	165	1098	?	U
R9579	166	1824	?	U
R9579	167	2349	?	U
R9579	168	1820	Inghil	I
R9579	169	332	e	G
R9579	170	1553	fatto	I
R9579	171	1951	ca	G
R9579	172	1852	nella	G
R9579	173	791	quale	G
R9579	174	1465	?	U
R9579	175	1714	i	X
R9579	176	1436	?	U
R9579	177	1029	?	U
R9579	178	1864	si	G
R9579	179	1664	?	U
R9579	180	2116	men	I
R9579	181	2369	no	I
R9579	182	2448	ti	G
R9579	183	2116	men	I
R9579	184	2178	?	U
R9579	185	2045	quella	G
R9579	186	2144	?	U
R9579	187	1901	es	X
R9579	188	2161	is	G
R9579	189	2380	te	X
R9579	190	1418	per	G
R9579	191	1352	?	U
R9579	192	967	?	U
R9579	193	501	?	U
R9579	194	1878	?	U
R9579	195	1909	in	G
R9579	196	2353	Francia	G
R9579	197	2058	?	U
R9579	198	1986	?	U
R9579	199	1655	?	U
R9579	200	1390	?	U
R9579	201	1061	?	U
R9579	202	1955	?	U
R9579	203	794	Sr	G
R9579	204	2361	troppo	I
R9579	205	2230	l	G
R9579	206	2067	d'An	I
R9579	207	2318	ta	X
R9579	208	1418	per	G
R9579	209	1516	avere	G
R9579	210	1714	i	X
R9579	211	287	?	U
R9579	212	1954	?	U
R9579	213	1823	bi	I
R9579	214	2004	?	U
R9579	215	1619	?	U
R9579	216	1636	?	U
R9579	217	2357	li	G
R9579	218	1050	ciò	I
R9579	219	1821	alla	G
R9579	220	1702	?	U
R9579	221	1994	zione	G
R9579	222	1098	?	U
R9579	223	1602	?	U
R9579	224	2250	?	U
R9579	225	1821	alla	G
R9579	226	2182	?	U
R9579	227	2422	gi	I
R9579	228	1402	?	U
R9579	229	1555	?	U
R9579	230	2448	ti	G
R9579	231	2082	del	G
R9579	232	2007	?	U
R9579	233	2078	?	U
R9579	234	2357	li	G
R9579	235	1836	ere	G
R9579	236	2087	?	U
R9579	237	1667	?	U
R9579	238	1994	zione	G
R9579	239	2202	?	U
R9579	240	1836	ere	G
R9579	241	NULL	NULL	null
R9579	242	2212	?	U
R9579	243	1894	cui	G
R9579	244	2367	par	X
R9579	245	2232	la	G
R9579	246	1714	i	X
R9579	247	1378	a	S
R9579	248	1814	?	U
R9579	249	1849	?	U
R9579	250	1657	?	U
R9579	251	1714	i	X
R9579	252	2284	?	U
R9579	253	2403	confer	I
R9579	254	605	enza	S
R9579	255	1823	bi	I
R9579	256	2393	as	I
R9579	257	1776	?	U
R9579	258	2231	l'	G
R9579	259	2358	?	U
R9579	260	1999	?	U
R9579	261	1409	ma	G
R9579	262	1655	?	U
R9579	263	1498	?	U
R9579	264	171	to	X
R9579	265	2201	che	G
R9579	266	1864	si	G
R9579	267	1835	?	U
R9579	268	1919	no	G
R9579	269	2369	no	I
R9579	270	1545	?	U
R9579	271	1864	si	G
R9579	272	1818	al	G
R9579	273	794	Sr	G
R9579	274	1491	ro	G
R9579	275	1823	bi	I
R9579	276	1723	?	U
R9579	277	1933	?	U
R9579	278	1723	?	U
R9579	279	1909	in	G
R9579	280	1864	si	G
R9579	281	1710	?	U
R9579	282	1531	·	I
R9579	283	2406	?	U
R9579	284	1702	?	U
R9579	285	1994	zione	G
R9579	286	1821	alla	G
R9579	287	1954	?	U
R9579	288	2363	pa	I
R9579	289	1537	?	U
R9579	290	1754	?	U
R9579	291	2358	?	U
R9579	292	1723	?	U
R9579	293	1725	na	X
R9579	294	2211	di	G
R9579	295	2049	questo	G
R9579	296	44	?	U
R9579	297	2058	?	U
R9579	298	1843	il	G
R9579	299	794	Sr	G
R9579	300	2361	troppo	I
R9579	301	2230	l	G
R9579	302	2067	d'An	I
R9579	303	2318	ta	X
R9579	304	1549	mi	G
R9579	305	1654	ha	G
R9579	306	1388	?	U
R9579	307	1392	?	U
R9579	308	2035	o	I
R9579	309	2211	di	G
R9579	310	920	?	U
R9579	311	2201	che	G
R9579	312	1714	i	X
R9579	313	1111	detta	G
R9579	314	1954	?	U
R9579	315	1823	bi	I
R9579	316	2004	?	U
R9579	317	1920	non	G
R9579	318	1991	?	U
R9579	319	2211	di	G
R9579	320	662	alcun	G
R9579	321	1586	?	U
R9579	322	1772	?	U
R9579	323	1997	?	U
R9579	324	1531	·	I
R9579	325	2145	?	U
R9579	326	1480	me	G
R9579	327	2357	li	G
R9579	328	1414	?	U
R9579	329	2017	?	U
R9579	330	2116	men	I
R9579	331	1378	a	S
R9579	332	2368	?	U
R9579	333	2245	?	U
R9579	334	2201	che	G
R9579	335	433	?	U
R9579	336	2111	qui	G
R9579	337	2211	di	G
R9579	338	2369	no	I
R9579	339	2451	?	U
R9579	340	1919	no	G
R9579	341	2058	?	U
R9579	342	1714	i	X
R9579	343	1075	?	U
R9579	344	2137	?	U
R9579	345	2111	qui	G
R9579	346	2085	sione	I
R9579	347	501	?	U
R9579	348	1878	?	U
R9579	349	1998	?	U
R9579	350	1531	·	I
R9579	351	2084	della	G
R9579	352	2353	Francia	G
R9579	353	2201	che	G
R9579	354	1654	ha	G
R9579	355	2383	?	U
R9579	356	1873	?	U
R9579	357	492	?	U
R9579	358	NULL	NULL	null
R9579	359	388	conferenza	I
R9579	360	1462	?	U
R9579	361	1602	?	U
R9579	362	2250	?	U
R9579	363	1418	per	G
R9579	364	2231	l'	G
R9579	365	1386	?	U
R9579	366	1714	i	X
R9579	367	1994	zione	G
R9579	368	1844	?	U
R9579	369	1480	me	G
R9579	370	2212	?	U
R9579	371	171	to	X
R9579	372	2082	del	G
R9579	373	1433	tra	G
R9579	374	2091	?	U
R9579	375	2221	fi	G
R9579	376	2339	?	U
R9579	377	2021	?	U
R9579	378	1788	?	U
R9579	379	1598	?	U
R9579	380	1714	i	X
R9579	381	1864	si	G
R9579	382	1991	?	U
R9579	383	2111	qui	G
R9579	384	2104	?	U
R9579	385	171	to	X
R9579	386	2212	?	U
R9579	387	1547	?	U
R9579	388	2445	ter	G
R9579	389	1531	·	I
R9579	390	1739	un	I
R9579	391	2261	?	U
R9579	392	2422	gi	I
R9579	393	1909	in	G
R9579	394	1531	·	I
R9579	395	868	?	U
R9579	396	1777	ride	I
R9579	397	2035	o	I
R9579	398	1998	?	U
R9579	399	1531	·	I
R9579	400	1418	per	G
R9579	401	1409	ma	G
R9579	402	1788	?	U
R9579	403	1723	?	U
R9579	404	2380	te	X
R9579	405	1877	?	U
R9579	406	1486	?	U
R9579	407	2116	men	I
R9579	408	2380	te	X
R9579	409	2369	no	I
R9579	410	1531	·	I
R9579	411	2021	?	U
R9579	412	1693	?	U
R9579	413	525	?	U
R9579	414	1901	es	X
R9579	415	2202	?	U
R9579	416	1998	?	U
R9579	417	1648	ed	G
R9579	418	1739	un	I
R9579	419	1480	me	G
R9579	420	1717	?	U
R9579	421	2067	d'An	I
R9579	422	1526	?	U
R9579	423	2429	?	U
R9579	424	1590	?	U
R9579	425	1261	?	U
R9579	426	171	to	X
R9579	427	1900	?	U
R9579	428	277	?	U
R9579	429	1998	?	U
R9579	430	1531	·	I
R9579	431	1433	tra	G
R9579	432	1555	?	U
R9579	433	1545	?	U
R9579	434	1933	?	U
R9579	435	1098	?	U
R9579	436	2206	ia	I
R9579	437	1555	?	U
R9579	438	1893	Cuba	G
R9579	439	1919	no	G
R9579	440	1821	alla	G
R9579	441	1161	suo	G
R9579	442	1427	?	U
R9579	443	2224	?	U
R9579	444	1378	a	S
R9579	445	1761	?	U
R9579	446	1418	per	G
R9579	447	2232	la	G
R9579	448	1161	suo	G
R9579	449	2259	?	U
R9579	450	455	?	U
R9579	451	2002	?	U
R9579	452	2403	confer	I
R9579	453	277	?	U
R9579	454	1864	si	G
R9579	455	1012	?	U
R9579	456	2161	is	G
R9579	457	2076	ce	G
R9579	458	1999	?	U
R9579	459	2201	che	G
R9579	460	1741	avuto	G
R9579	461	2296	?	U
R9579	462	2211	di	G
R9579	463	1806	?	U
R9579	464	2135	?	U
R9579	465	1113	?	U
R9579	466	2216	?	U
R9579	467	1723	?	U
R9579	468	1864	si	G
R9579	469	1563	?	U
R9579	470	1462	?	U
R9579	471	1440	l	I
R9579	472	1535	gli	G
R9579	473	1448	?	U
R9579	474	1652	?	U
R9579	475	1714	i	X
R9579	476	2085	sione	I
R9579	477	501	?	U
R9579	478	1693	?	U
R9579	479	525	?	U
R9579	480	1901	es	X
R9579	481	NULL	NULL	null
R9579	482	2201	che	G
R9579	483	1453	?	U
R9579	484	2116	men	I
R9579	485	2063	?	U
R9579	486	1348	?	U
R9579	487	1821	alla	G
R9579	488	791	quale	G
R9579	489	14	?	U
R9579	490	2295	le	G
R9579	491	501	?	U
R9579	492	1664	?	U
R9579	493	2174	?	U
R9579	494	1919	no	G
R9579	495	1443	?	U
R9579	496	1836	ere	G
R9579	497	91	.	G
R9579	498	2295	le	G
R9579	499	501	?	U
R9579	500	2211	di	G
R9579	501	643	?	U
R9579	502	2236	ordini	G
R9579	503	2287	?	U
R9579	504	1917	?	U
R9579	505	2174	?	U
R9579	506	1919	no	G
R9579	507	1739	un	I
R9579	508	1563	?	U
R9579	509	1555	?	U
R9579	510	2078	?	U
R9579	511	2358	?	U
R9579	512	2212	?	U
R9579	513	2357	li	G
R9579	514	1788	?	U
R9579	515	1378	a	S
R9579	516	86	,	G
R9579	517	2035	o	I
R9579	518	1530	due	I
R9579	519	2354	?	U
R9579	520	2424	?	U
R9579	521	2380	te	X
R9579	522	1999	?	U
R9579	523	2046	?	U
R9579	524	2082	del	G
R9579	525	1735	?	U
R9579	526	2236	ordini	G
R9579	527	1736	?	U
R9579	528	1378	a	S
R9579	529	1269	?	U
R9579	530	2424	?	U
R9579	531	2318	ta	X
R9579	532	86	,	G
R9579	533	2035	o	I
R9579	534	1530	due	I
R9579	535	1890	?	U
R9579	536	2424	?	U
R9579	537	1723	?	U
R9579	538	2448	ti	G
R9579	539	1917	?	U
R9579	540	1997	?	U
R9579	541	1531	·	I
R9579	542	2046	?	U
R9579	543	2211	di	G
R9579	544	2445	ter	G
R9579	545	1995	?	U
R9579	546	2236	ordini	G
R9579	547	1739	un	I
R9579	548	1890	?	U
R9579	549	2424	?	U
R9579	550	1723	?	U
R9579	551	2448	ti	G
R9579	552	1919	no	G
R9579	553	85	?	U
R9579	554	2035	o	I
R9579	555	1704	?	U
R9579	556	1567	?	U
R9579	557	2316	stra	I
R9579	558	2318	ta	X
R9579	559	2058	?	U
R9579	560	1986	?	U
R9579	561	2122	?	U
R9579	562	2349	?	U
R9579	563	1664	?	U
R9579	564	2116	men	I
R9579	565	1968	essere	I
R9579	566	1564	va	I
R9579	567	1873	?	U
R9579	568	1392	?	U
R9579	569	1398	?	U
R9579	570	1531	·	I
R9579	571	2287	?	U
R9579	572	1917	?	U
R9579	573	2318	ta	X
R9579	574	1909	in	G
R9579	575	1962	?	U
R9579	576	2330	?	U
R9579	577	2059	?	U
R9579	578	1602	?	U
R9579	579	1531	·	I
R9579	580	1935	?	U
R9579	581	1658	?	U
R9579	582	1502	?	U
R9579	583	2316	stra	I
R9579	584	1652	?	U
R9579	585	399	?	U
R9579	586	1797	?	U
R9579	587	499	?	U
R9579	588	1396	?	U
R9579	589	1843	il	G
R9579	590	174	?	U
R9579	591	2137	?	U
R9579	592	2211	di	G
R9579	593	1986	?	U
R9579	594	2122	?	U
R9579	595	2349	?	U
R9579	596	2122	?	U
R9579	597	44	?	U
R9579	598	2030	?	U
R9579	599	1531	·	I
R9579	600	1800	?	U
R9579	601	1418	per	G
R9579	602	2344	?	U
R9579	603	2160	?	U
R9579	604	1909	in	G
R9579	605	1928	?	U
R9579	606	1659	?	U
R9579	607	1098	?	U
R9579	608	2235	?	U
R9579	609	2045	quella	G
R9579	610	2201	che	G
R9579	611	1535	gli	G
R9579	612	2433	?	U
R9579	613	1557	sa	X
R9579	614	94	?	U
R9579	615	1409	ma	G
R9579	616	2295	le	G
R9579	617	501	?	U
R9579	618	1877	?	U
R9579	619	171	to	X
R9579	620	1743	?	U
R9579	621	1066	?	U
R9579	622	2035	o	I
R9579	623	1568	ve	G
R9579	624	1836	ere	G
R9579	625	1734	?	U
R9579	626	2295	le	G
R9579	627	1764	?	U
R9579	628	1620	?	U
R9579	629	369	sarà	I
R9579	630	1433	tra	G
R9579	631	1723	?	U
R9579	632	2111	qui	G
R9579	633	2230	l	G
R9579	634	2295	le	G
R9579	635	2406	?	U
R9579	636	1980	nu	X
R9579	637	2303	?	U
R9579	638	1398	?	U
R9579	639	1954	?	U
R9579	640	1835	?	U
R9579	641	2021	?	U
R9579	642	2017	?	U
R9579	643	1922	pu	I
R9579	644	2318	ta	X
R9579	645	2448	ti	G
R9579	646	2058	?	U
R9582	0	14	?	U
R9582	1	2358	?	U
R9582	2	1013	?	U
R9582	3	2085	sione	I
R9582	4	703	?	U
R9582	5	1418	per	G
R9582	6	2232	la	G
R9582	7	2344	?	U
R9582	8	1994	zione	G
R9582	9	967	?	U
R9582	10	2357	li	G
R9582	11	2111	qui	G
R9582	12	1898	da	X
R9582	13	1994	zione	G
R9582	14	86	,	G
R9582	15	1687	?	U
R9582	16	2099	?	U
R9582	17	1613	?	U
R9582	18	363	?	U
R9582	19	1844	?	U
R9582	20	1550	?	U
R9582	21	2114	?	U
R9582	22	1549	mi	G
R9582	23	1909	in	G
R9582	24	1161	suo	G
R9582	25	2159	favore	G
R9582	26	2235	?	U
R9582	27	2201	che	G
R9582	28	2431	pas	G
R9582	29	1933	?	U
R9582	30	1909	in	G
R9582	31	842	terra	I
R9582	32	1999	?	U
R9582	33	1648	ed	G
R9582	34	1797	?	U
R9582	35	1545	?	U
R9582	36	1933	?	U
R9582	37	1818	al	G
R9582	38	2242	Re	G
R9582	39	2353	Francia	G
R9582	40	1999	?	U
R9582	41	1648	ed	G
R9582	42	1818	al	G
R9582	43	1529	Duca	G
R9582	44	2453	?	U
R9582	45	2201	che	G
R9582	46	2358	?	U
R9582	47	2156	?	U
R9582	48	2035	o	I
R9582	49	97	?	U
R9582	50	1462	?	U
R9582	51	274	?	U
R9582	52	1487	?	U
R9582	53	1836	ere	G
R9582	54	1419	?	U
R9582	55	1933	?	U
R9582	56	859	?	U
R9582	57	1843	il	G
R9582	58	1804	?	U
R9582	59	40	?	U
R9582	60	2049	questo	G
R9582	61	1990	?	U
R9582	62	1589	è	G
R9582	63	390	?	U
R9582	64	1877	?	U
R9582	65	2033	?	U
R9582	66	1994	zione	G
R9582	67	2082	del	G
R9582	68	2178	?	U
R9582	69	849	?	U
R9582	70	314	?	U
R9582	71	2363	pa	I
R9582	72	1525	?	U
R9582	73	2169	one	X
R9583	0	2201	che	G
R9583	1	1864	si	G
R9583	2	1968	essere	I
R9583	3	1800	?	U
R9583	4	1218	?	U
R9583	5	1919	no	G
R9583	6	1381	?	U
R9583	7	2363	pa	I
R9583	8	2232	la	G
R9583	9	2450	to	G
R9583	10	2082	del	G
R9583	11	1529	Duca	G
R9583	12	2067	d'An	I
R9583	13	1597	go	I
R9583	14	15	u	I
R9583	15	2295	le	G
R9583	16	1480	me	G
R9583	17	91	.	G
R9583	18	14	?	U
R9583	19	2268	ciò	I
R9583	20	1943	?	U
R9583	21	1491	ro	G
R9583	22	1920	non	G
R9583	23	1797	?	U
R9583	24	1563	?	U
R9583	25	1999	?	U
R9583	26	2201	che	G
R9583	27	1864	si	G
R9583	28	1416	?	U
R9583	29	1557	sa	X
R9583	30	1820	Inghil	I
R9583	31	1901	es	X
R9583	32	1949	c	I
R9583	33	2426	lu	I
R9583	34	1864	si	G
R9583	35	2169	one	X
R9583	36	2211	di	G
R9583	37	1663	?	U
R9583	38	1999	?	U
R9583	39	1396	?	U
R9583	40	1655	?	U
R9583	41	1473	?	U
R9583	42	387	?	U
R9583	43	1132	?	U
R9583	44	2170	seg	I
R9583	45	1674	?	U
R9583	46	1775	?	U
R9583	47	2358	?	U
R9583	48	1378	a	S
R9583	49	63	V.E.	G
R9584	0	1597	go	I
R9584	1	1725	na	X
R9584	2	1999	?	U
R9584	3	332	e	G
R9584	4	1418	per	G
R9584	5	1765	?	U
R9584	6	2413	?	U
R9584	7	1394	?	U
R9584	8	2361	troppo	I
R9584	9	2116	men	I
R9584	10	2178	?	U
R9584	11	NULL	NULL	null
R9584	12	1530	due	I
R9584	13	1807	?	U
R9584	14	2295	le	G
R9584	15	2282	delle	G
R9584	16	2234	flo	I
R9584	17	1714	i	X
R9584	18	2017	?	U
R9585	0	353	?	U
R9585	1	2003	?	U
R9585	2	NULL	NULL	null
R9585	3	1853	?	U
R9585	4	1568	ve	G
R9585	5	1502	?	U
R9585	6	2380	te	X
R9585	7	2082	del	G
R9585	8	128	?	U
R9585	9	91	.	G
R9585	10	2099	?	U
R9585	11	1655	?	U
R9585	12	492	?	U
R9585	13	1909	in	G
R9585	14	1704	?	U
R9585	15	1747	?	U
R9585	16	2460	o	I
R9585	17	2450	to	G
R9585	18	332	e	G
R9585	19	2358	?	U
R9585	20	1898	da	X
R9585	21	2450	to	G
R9585	22	1843	il	G
R9585	23	2320	Decazes	G
R9585	24	1909	in	G
R9585	25	1986	?	U
R9585	26	2123	ste	I
R9585	27	1161	suo	G
R9585	28	NULL	NULL	null
R9585	29	NULL	NULL	null
R9585	30	1569	?	U
R9585	31	1648	ed	G
R9585	32	1909	in	G
R9585	33	14	?	U
R9585	34	2269	?	U
R9585	35	1613	?	U
R9585	36	1557	sa	X
R9585	37	1559	?	U
R9585	38	1563	?	U
R9585	39	2178	?	U
R9585	40	NULL	NULL	null
R9585	41	NULL	NULL	null
R9585	42	1986	?	U
R9585	43	2122	?	U
R9585	44	1662	?	U
R9585	45	1378	a	S
R9585	46	2114	?	U
R9585	47	1100	?	U
R9585	48	154	a	S
R9585	49	332	e	G
R9585	50	1831	cred	G
R9585	51	2035	o	I
R9585	52	2201	che	G
R9585	53	1404	do	G
R9585	54	1504	?	U
R9585	55	2114	?	U
R9585	56	1592	ebbe	G
R9585	57	14	?	U
R9585	58	1765	?	U
R9585	59	2156	?	U
R9585	60	1434	?	U
R9585	61	2073	?	U
R9585	62	NULL	NULL	null
R9585	63	2082	del	G
R9585	64	14	?	U
R9585	65	1418	per	G
R9585	66	1814	?	U
R9585	67	14	?	U
R9585	68	96	?	U
R9585	69	2182	?	U
R9585	70	2361	troppo	I
R9585	71	1279	?	U
R9585	72	2357	li	G
R9585	73	2339	?	U
R9585	74	63	V.E.	G
R9585	75	2211	di	G
R9585	76	2383	?	U
R9585	77	1836	ere	G
R9585	78	14	?	U
R9585	79	2268	ciò	I
R9585	80	5810	?	U
R9585	81	1850	nel	G
R9585	82	274	?	U
R9585	83	581	?	U
R9585	84	1999	?	U
R9585	85	1419	?	U
R9585	86	1734	?	U
R9585	87	1864	si	G
R9585	88	1417	?	U
R9585	89	2398	?	U
R9585	90	2049	questo	G
R9585	91	1488	?	U
R9585	92	921	ò	I
R9585	93	1999	?	U
R9585	94	1664	?	U
R9585	95	2114	?	U
R9585	96	1592	ebbe	G
R9585	97	1414	?	U
R9585	98	1951	ca	G
R9585	99	2178	?	U
R9585	100	332	e	G
R9585	101	2295	le	G
R9585	102	1586	?	U
R9585	103	1772	?	U
R9585	104	1968	essere	I
R9585	105	1788	?	U
R9585	106	2420	?	U
R9585	107	1914	?	U
R9585	108	2320	Decazes	G
R9587	0	1642	?	U
R9587	1	859	?	U
R9587	2	2295	le	G
R9587	3	2176	?	U
R9587	4	1725	na	X
R9587	5	1714	i	X
R9587	6	2403	confer	I
R9587	7	605	enza	S
R9587	8	1823	bi	I
R9587	9	2393	as	I
R9587	10	177?	?	U
R9587	11	2230	l	G
R9587	12	2358	?	U
R9587	13	2248	?	U
R9587	14	277	?	U
R9587	15	1391	?	U
R9587	16	2396	?	U
R9587	17	1841	?	U
R9587	18	1418	per	G
R9587	19	2020	?	U
R9587	20	2224	?	U
R9587	21	2003	?	U
R9587	22	1750	?	U
R9587	23	2182	?	U
R9587	24	2049	questo	G
R9587	25	?68?	?	U
R9587	26	2145	?	U
R9587	27	63	V.E.	G
R9587	28	723	?	U
R9587	29	1865	?	U
R9587	30	245	?	U
R9587	31	69	?	U
R9587	32	1460	?	U
R9587	33	2328	?	U
R9587	34	1714	i	X
R9587	35	1940	?	U
R9587	36	174	?	U
R9587	37	2068	?	U
R9587	38	1909	in	G
R9587	39	1217	?	U
R9587	40	2211	di	G
R9587	41	2049	questo	G
R9587	42	4	?	U
R9587	43	87	?	U
R9587	44	2369	no	I
R9587	45	1704	?	U
R9587	46	2017	?	U
R9587	47	2116	men	I
R9587	48	63	V.E.	G
R9587	49	?145	?	U
R9587	50	?802	?	U
R9587	51	2250	?	U
R9587	52	14??	?	U
R9587	53	156?	?	U
R9587	54	?4??	?	U
R9587	55	1555	?	U
R9587	56	?425	?	U
R9587	57	?549	?	U
R9587	58	2287	?	U
R9587	59	818	?	U
R9587	60	1823	bi	I
R9587	61	2004	?	U
R9587	62	1619	?	U
R9587	63	1636	?	U
R9587	64	2357	li	G
R9587	65	?818	?	U
R9587	66	?13	?	U
R9587	67	22??	?	U
R9587	68	536	?	U
R9587	69	82?	?	U
R9587	70	?4	?	U
R9587	71	?651	?	U
R9587	72	2235	?	U
R9587	73	NULL	NULL	null
R9587	74	351	?	U
R9587	75	1654	ha	G
R9587	76	2?	?	U
R9587	77	?555	?	U
R9587	78	1545	?	U
R9587	79	?800	?	U
R9587	80	1462	?	U
R9587	81	1781	?	U
R9587	82	?64?	?	U
R9587	83	863	?	U
R9587	84	2301	?	U
R9587	85	2230	l	G
R9587	86	1441	?	U
R9587	87	2338	?	U
R9587	88	65	?	U
R9587	89	713	?	U
R9587	90	2212	?	U
R9587	91	49	?	U
R9587	92	536	?	U
R9587	93	88	?	U
R9587	94	1531	·	I
R9587	95	965	?	U
R9587	96	1242	?	U
R9587	97	581	?	U
R9587	98	471	?	U
R9587	99	378	?	U
R9587	100	1113	?	U
R9587	101	87	?	U
R9587	102	567	?	U
R9587	103	2205	ci	G
R9587	104	2201	che	G
R9587	105	1418	per	G
R9587	106	436	?	U
R9587	107	34	?	U
R9587	108	154	a	S
R9587	109	174	?	U
R9587	110	2310	?	U
R9587	111	2318	ta	X
R9587	112	1077	?	U
R9587	113	781	?	U
R9587	114	154	a	S
R9587	115	63	V.E.	G
R9587	116	332	e	G
R9587	117	2250	?	U
R9587	118	351	?	U
R9587	119	480	?	U
R9587	120	800	?	U
R9587	121	1472	?	U
R9587	122	2450	to	G
R9587	123	2201	che	G
R9587	124	1654	ha	G
R9587	125	207	?	U
R9587	126	1951	ca	G
R9587	127	1375	?	U
R9587	128	1909	in	G
R9587	129	769	?	U
R9587	130	2202	?	U
R9587	131	2239	?	U
R9587	132	9	?	U
R9587	133	291?	?	U
R9587	134	1555	?	U
R9587	135	1933	?	U
R9587	136	2295	le	G
R9587	137	1944	?	U
R9587	138	455	?	U
R9587	139	647	?	U
R9587	140	499	?	U
R9587	141	2380	te	X
R9587	142	820	?	U
R9587	143	408	?	U
R9587	144	745	?	U
R9587	145	1531	·	I
R9587	146	351	?	U
R9587	147	512	?	U
R9587	148	332	e	G
R9587	149	2145	?	U
R9587	150	2055	?	U
R9587	151	2116	men	I
R9587	152	2201	che	G
R9587	153	936	?	U
R9587	154	803	?	U
R9587	155	455	?	U
R9587	156	369	sarà	I
R9587	157	1447	?	U
R9587	158	332	e	G
R9587	159	661	?	U
R9587	160	408	?	U
R9587	161	2211	di	G
R9587	162	1089	?	U
R9587	163	92	?	U
R9587	164	2230	l	G
R9587	165	1242	?	U
R9587	166	782	?	U
R9587	167	1531	·	I
R9587	168	581	?	U
R9587	169	2201	che	G
R9587	170	647	?	U
R9587	171	1261	?	U
R9587	172	536	?	U
R9587	173	1713	?	U
R9587	174	2195	?	U
R9587	175	661	?	U
R9587	176	534	?	U
R9587	177	2369	no	I
R9587	178	2035	o	I
R9587	179	2201	che	G
R9587	180	782	?	U
R9587	181	2358	?	U
R9587	182	726	?	U
R9587	183	2407	?	U
R9587	184	807	?	U
R9587	185	501	?	U
R9587	186	1420	?	U
R9587	187	1920	non	G
R9587	188	2283	?	U
R9587	189	2340	?	U
R9587	190	2211	di	G
R9587	191	2056	?	U
R9587	192	2114	?	U
R9587	193	2358	?	U
R9587	194	1418	per	G
R9587	195	2049	questo	G
R9587	196	1913	?	U
R9587	197	2316	stra	I
R9587	198	2318	ta	X
R9587	199	2186	sud	X
R9587	200	378	?	U
R9587	201	154	a	S
R9587	202	91	.	G
R9587	203	769	?	U
R9587	204	2109	?	U
R9587	205	1659	?	U
R9587	206	791	quale	G
R9587	207	46	?	U
R9587	208	864	?	U
R9587	209	726	?	U
R9587	210	1205	?	U
R9587	211	222	?	U
R9587	212	2145	?	U
R9587	213	1814	?	U
R9587	214	1864	si	G
R9587	215	1456	?	U
R9587	216	685	?	U
R9587	217	2156	?	U
R9589	0	1450	?	U
R9589	1	2232	la	G
R9589	2	2357	li	G
R9589	3	1758	ber	X
R9589	4	2318	ta	X
R9589	5	2082	del	G
R9589	6	2242	Re	G
R9589	7	2054	Spagna	G
R9589	8	1999	?	U
R9589	9	332	e	G
R9589	10	1535	gli	G
R9589	11	2236	ordini	G
R9589	12	1898	da	X
R9589	13	63	V.E.	G
R9589	14	294	dati	G
R9589	15	1549	mi	G
R9589	16	1850	nel	G
R9589	17	1161	suo	G
R9589	18	182	Disp.	G
R9589	19	1909	in	G
R9589	20	2205	ci	G
R9589	21	2352	fra	G
R9589	22	919	?	U
R9589	23	1798	?	U
R9589	24	2081	?	U
R9589	25	2297	?	U
R9589	26	1300	sono	I
R9589	27	2300	?	U
R9589	28	2083	dell'	G
R9589	29	2082	del	G
R9589	30	1618	?	U
R9589	31	1436	?	U
R9589	32	1862	?	U
R9589	33	1920	non	G
R9589	34	1922	pu	I
R9589	35	921	ò	I
R9589	36	1551	più	G
R9589	37	1968	essere	I
R9589	38	2449	quest	I
R9589	39	1714	i	X
R9589	40	2169	one	X
R9589	41	2211	di	G
R9589	42	2431	pas	G
R9589	43	361	sarsi	I
R9589	44	2332	?	U
R9589	45	1898	da	X
R9589	46	1480	me	G
R9589	47	1821	alla	G
R9589	48	388	conferenza	I
R9589	49	2232	la	G
R9589	50	1919	no	G
R9589	51	2318	ta	X
R9589	52	1898	da	X
R9589	53	63	V.E.	G
R9589	54	2369	no	I
R9589	55	1545	?	U
R9589	56	1557	sa	X
R9589	57	1549	mi	G
R9589	58	1739	un	I
R9589	59	1714	i	X
R9589	60	2318	ta	X
R9589	61	1818	al	G
R9589	62	1155	sud	X
R9589	63	182	Disp.	G
R9589	64	91	.	G
R9589	65	1300	sono	I
R9589	66	2295	le	G
R9589	67	2170	seg	I
R9589	68	1919	no	G
R9589	69	1418	per	G
R9589	70	2232	la	G
R9589	71	1940	?	U
R9589	72	91	.	G
R9589	73	1300	sono	I
R9589	74	940	Sovrana	G
R9589	75	930	intelligenza	G
R9589	76	1843	il	G
R9589	77	794	Sr	G
R9589	78	1529	Duca	G
R9589	79	2067	d'An	I
R9589	80	1597	go	I
R9589	81	15	u	I
R9589	82	2295	le	G
R9589	83	1480	me	G
R9589	84	1920	non	G
R9589	85	369	sarà	I
R9589	86	1000	qui	I
R9589	87	2211	di	G
R9589	88	1431	ritorno	I
R9589	89	1795	prima	I
R9589	90	2211	di	G
R9589	91	1530	due	I
R9589	92	154?	a	M
R9589	93	1546	mesi	I
R9589	94	1	?	U
R9589	95	5	?	U
R9589	96	2083	dell'	G
R9589	97	0	?	U
R9589	98	10	?	U
R9589	99	1940	?	U
R9589	100	91	.	G
R9589	101	1300	sono	I
R9589	102	7	?	U
R9589	103	4	?	U
R9589	104	8	?	U
R9589	105	9	?	U
R9589	106	94	?	U
R9589	107	2318	ta	X
R9589	108	1898	da	X
R9589	109	1898	da	X
R9589	110	63	V.E.	G
R9589	111	2211	di	G
R9589	112	1920	non	G
