line	pos	sign	conf	value	grade
W5797.p5_spot5	0	131			C
W5797.p5_spot5	1	123		l	M
W5797.p5_spot5	2	173		graf	H
W5797.p5_spot3	3	154		herzogvonsachsen	C
W5797.p5_spot3	4	124			C
W5797.p5_spot3	5	144			C
W5797.p5_spot3	6	134			C
W5797.p5_spot3	7	161		landgraf	H
W5797.p5_spot3	8	126			C
W5797.p5_spot3	9	136		uingt	M
W5797.p5_spot3	10	146		?	U
W5797.p6_spot4	11	172		lecontejean	M
W5797.p6_spot4	12	58		z	I
W5797.p6_spot4	13	85		e	M
W5797.p6_spot4	14	38		u	M
W5797.p6_spot4	15	95		g	M
W5797.p6_spot4	16	82		e	M
W5797.p6_spot4	17	35		t	M
W5797.p6_spot4	18	100		h	I
W5797.p6_spot4	19	155		?	U
W5797.p6_control_abso	20	200		herzogvonalba	M
W5797.p6_control_abso	21	122			M
W5797.p6_control_abso	22	132			M
W5797.p6_control_abso	23	142		?	U
W5797.p6_control_abso	24	62		a	M
W5797.p6_control_abso	25	66		b	M
W5797.p6_control_abso	26	26		s	M
W5797.p6_control_abso	27	6		o	M
W5797.p7_spot2	28	153		pfaltzgraf	H
W5797.p7_spot2	29	146		?	U
W5797.p7_spot2	30	137			C
W5797.p7_spot6	31	182		?	U
W5797.p7_spot6	32	128			M
W5797.p7_spot6	33	133			C
W5797.p7_spot6	34	142		?	U
W5797.p7_spot6	35	117		m	C
W5797.p7_spot6	36	103		i	C
W5797.p7_spot6	37	33		t	C
W5797.p7_spot6	38	132			M
W5797.p7_spot6	39	170		?	U
W5797.p5_control_election	40	82		e	M
W5797.p5_control_election	41	112		l	M
W5797.p5_control_election	42	83		e	M
W5797.p5_control_election	43	72		c	M
W5797.p5_control_election	44	32		t	M
W5797.p5_control_election	45	102		i	M
W5797.p5_control_election	46	10		o	M
W5797.p5_control_election	47	2		n	M
W5797.p8_spot7	48	156		?	U
W5797.p8_spot7	49	127			C
W5797.p8_spot7	50	135			C
W5797.p8_spot7	51	144			C
W5797.p8_spot7	52	129			M
W5797.p3_spot1_open	53	121			M
W5797.p3_spot1_open	54	130			M
W5797.p3_spot1_open	55	145		?	U
W5797.p3_spot1_open	56	30		s	M
W5797.p3_spot1_open	57	81		e	M
W5797.p3_spot1_open	58	71		c	M
W5797.p3_spot1_open	59	6		o	M
W5797.p3_spot1_open	60	36		u	M
W5797.p3_spot1_open	61	25		r	M
W5797.p3_spot1_open	62	29		s	M
W5797.p3_spot1_open	63	124			M
W5797.p3_spot1_open	64	146		?	U
W5797.p3_spot1_open	65	138			M
W5797.p3_spot1_open	66	84		e	M
W5797.p3_spot1_open	67	3		n	M
W5797.p3_spot1_open	68	31		t	M
W5797.p3_spot1_open	69	21		r	M
W5797.p3_spot1_open	70	85		e	M
W5797.p3_spot1_open	71	12		p	M
W5797.p3_spot1_open	72	23		r	M
W4610.p1_L01	0	1573		?	U
W4610.p1_L02	1	6		o	C
W4610.p1_L03	2	140		?	U
W4610.p1_L03	3	125		?	U
W4610.p1_L03	4	115		l	C
W4610.p1_L03	5	81		e	C
W4610.p1_L03	6	20		q	C
W4610.p1_L03	7	86		f	C
W4610.p1_L03	8	21		r	C
W4610.p1_L03	9	82		e	C
W4610.p1_L03	10	22		r	C
W4610.p1_L03	11	83		e	C
W4610.p1_L03	12	27		s	C
W4610.p1_L03	13	150		?	U
W4610.p1_L03	14	123		l	M
W4610.p1_L03	15	84		e	C
W4610.p1_L03	16	31		t	C
W4610.p1_L03	17	117		m	C
W4610.p1_L03	18	6		o	C
W4610.p1_L03	19	81		e	M
W4610.p1_L04	20	145		?	U
W4610.p1_L04	21	7		o	C
W4610.p1_L04	22	71		c	C
W4610.p1_L04	23	73		c	C
W4610.p1_L04	24	36		u	C
W4610.p1_L04	25	11		p	C
W4610.p1_L04	26	13		p	C
W4610.p1_L04	27	75		c	M
W4610.p1_L04	28	56		z	C
W4610.p1_L04	29	149		?	U
W4610.p1_L04	30	138			C
W4610.p1_L04	31	127			C
W4610.p1_L04	32	16		q	C
W4610.p1_L04	33	38		u	C
W4610.p1_L04	34	101		i	M
W4610.p1_L04	35	111		l	C
W4610.p1_L04	36	2		n	C
W4610.p1_L05	37	1		n	C
W4610.p1_L05	38	8		o	C
W4610.p1_L05	39	80		d	C
W4610.p1_L05	40	28		s	C
W4610.p1_L05	41	12		p	C
W4610.p1_L05	42	9		o	C
W4610.p1_L05	43	30		s	C
W4610.p1_L05	44	26		s	C
W4610.p1_L05	45	102		i	C
W4610.p1_L05	46	66		b	C
W4610.p1_L05	47	114		l	C
W4610.p1_L05	48	82		e	C
W4610.p1_L05	49	122			C
W4610.p1_L05	50	129			M
W4610.p1_L05	51	141			C
W4610.p1_L05	52	80		d	C
W4610.p1_L05	53	88		f	C
W4610.p1_L06	54	6		o	M
W4610.p1_L07	55	151		?	U
W4610.p1_L07	56	74		c	C
W4610.p1_L07	57	27		s	C
W4610.p1_L07	58	72		c	C
W4610.p1_L07	59	23		r	C
W4610.p1_L07	60	103		i	C
W4610.p1_L07	61	14		p	C
W4610.p1_L07	62	34		t	C
W4610.p1_L07	63	134			C
W4610.p1_L07	64	125		?	U
W4610.p1_L07	65	20		q	C
W4610.p1_L07	66	25		r	C
W4610.p1_L07	67	105		i	C
W4610.p1_L08	68	3		n	C
W4610.p1_L08	69	75		c	C
W4610.p1_L08	70	85		e	C
W4610.p1_L08	71	30		s	C
W4610.p1_L08	72	130			C
W4610.p1_L08	73	127			C
W4610.p1_L08	74	145		?	U
W4610.p1_L08	75	150		?	U
W4610.p1_L08	76	29		s	C
W4610.p1_L08	77	9		o	C
W4610.p1_L08	78	115		l	C
W4610.p1_L08	79	111		l	C
W4610.p1_L08	80	104		i	C
W4610.p1_L08	81	74		c	C
W4610.p1_L08	82	102		i	C
W4610.p1_L08	83	82		e	C
W4610.p1_L08	84	82		e	C
W4610.p1_L09	85	122			C
W4610.p1_L09	86	128			M
W4610.p1_L09	87	28		s	C
W4610.p1_L09	88	84		e	C
W4610.p1_L09	89	120		m	C
W4610.p1_L09	90	15		p	C
W4610.p1_L09	91	112		l	C
W4610.p1_L09	92	8		o	C
W4610.p1_L09	93	53		y	I
W4610.p1_L09	94	83		e	C
W4610.p1_L09	95	23		r	C
W4610.p1_L09	96	25		r	C
W4610.p1_L09	97	65		a	M
W4610.p1_L09	98	11		p	C
W4610.p1_L09	99	63		a	C
W4610.p1_L09	100	101		i	C
W4610.p1_L09	101	26		s	C
W4610.p1_L09	102	81		e	C
W4610.p1_L09	103	21		r	C
W4610.p1_L10	104	131			C
W4610.p1_L10	105	80		d	C
W4610.p1_L10	106	40		u	C
W4610.p1_L10	107	14		p	C
W4610.p1_L10	108	84		e	C
W4610.p1_L10	109	104		i	C
W4610.p1_L10	110	27		s	C
W4610.p1_L10	111	70		b	I
W4610.p1_L10	112	55		y	I
W4610.p1_L10	113	29		s	C
W4610.p1_L10	114	139		?	U
W4610.p1_L10	115	145		?	U
W4610.p1_L10	116	5		n	C
W4610.p1_L10	117	63		a	C
W4610.p1_L10	118	39		u	C
W4610.p1_L10	119	9		o	C
W4610.p1_L10	120	103		i	C
W4610.p1_L10	121	31		t	C
W4610.p1_L11	122	149		?	U
W4610.p1_L11	123	125		?	U
W4610.p1_L11	124	14		p	C
W4610.p1_L11	125	65		a	C
W4610.p1_L11	126	30		s	C
W4610.p1_L11	127	51		y	I
W4610.p1_L11	128	26		s	C
W4610.p1_L11	129	34		t	C
W4610.p1_L11	130	64		a	C
W4610.p1_L11	131	4		n	C
W4610.p1_L11	132	33		t	C
W4610.p1_L11	133	14		p	C
W4610.p1_L11	134	64		a	C
W4610.p1_L11	135	26		s	C
W4610.p1_L11	136	24		r	C
W4610.p1_L11	137	84		e	C
W4610.p1_L12	138	29		s	M
W4610.p1_L12	139	39		u	C
W4610.p1_L12	140	104		i	C
W4610.p1_L12	141	29		s	C
W4610.p1_L12	142	85		e	C
W4610.p1_L12	143	114		l	C
W4610.p1_L12	144	81		e	C
W4610.p1_L12	145	74		c	C
W4610.p1_L12	146	33		t	C
W4610.p1_L12	147	82		e	C
W4610.p1_L12	148	36		u	C
W4610.p1_L12	149	25		r	C
W4610.p1_L12	150	26		s	C
W4610.p1_L12	151	126			C
W4610.p1_L12	152	147		?	U
W4610.p1_L13	153	64		a	C
W4610.p1_L13	154	39		u	C
W4610.p1_L13	155	73		c	C
W4610.p1_L13	156	38		u	C
W4610.p1_L13	157	5		n	C
W4610.p1_L13	158	84		e	C
W4610.p1_L13	159	144			C
W4610.p1_L13	160	125		?	U
W4610.p1_L13	161	30		s	C
W4610.p1_L13	162	74		c	C
W4610.p1_L13	163	78		d	C
W4610.p1_L13	164	101		i	C
W4610.p1_L13	165	21		r	C
W4610.p1_L13	166	104		i	C
W4610.p1_L13	167	9		o	C
W4610.p1_L13	168	4		n	C
W4610.p1_L14	169	27		s	C
W4610.p1_L14	170	146		?	U
W4610.p1_L14	171	135			C
W4610.p1_L14	172	124			C
W4610.p1_L14	173	73		c	C
W4610.p1_L14	174	6		o	C
W4610.p1_L14	175	2		n	C
W4610.p1_L14	176	78		d	C
W4610.p1_L14	177	103		i	C
W4610.p1_L14	178	32		t	C
W4610.p1_L14	179	101		i	C
W4610.p1_L14	180	7		o	C
W4610.p1_L15	181	3		n	C
W4610.p1_L15	182	28		s	C
W4610.p1_L15	183	121			C
W4610.p1_L15	184	142		?	U
W4610.p1_L15	185	15		p	M
W4610.p1_L15	186	25		r	C
W4610.p1_L15	187	10		o	C
W4610.p1_L15	188	14		p	C
W4610.p1_L15	189	9		o	C
W4610.p1_L15	190	29		s	C
W4610.p1_L15	191	82		e	C
W4610.p1_L15	192	85		e	C
W4610.p1_L15	193	30		s	C
W4610.p1_L15	194	150		?	U
W4610.p1_L15	195	125		?	U
W4610.p1_L16	196	112		l	C
W4610.p1_L16	197	51		y	I
W4610.p1_L16	198	1		n	C
W4610.p1_L16	199	83		e	C
W4610.p1_L16	200	91		g	C
W4610.p1_L16	201	6		o	C
W4610.p1_L16	202	32		t	C
W4610.p1_L16	203	103		i	C
W4610.p1_L16	204	63		a	C
W4610.p1_L16	205	33		t	C
W4610.p1_L16	206	104		i	C
W4610.p1_L16	207	10		o	C
W4610.p1_L16	208	5		n	C
W4610.p1_L16	209	134			C
W4610.p1_L16	210	141			C
W4610.p1_L17	211	139		?	U
W4610.p1_L17	212	120		m	M
W4610.p1_L17	213	151		?	U
W4610.p1_L17	214	40		u	C
W4610.p1_L17	215	24		r	C
W4610.p1_L17	216	64		a	M
W4610.p1_L17	217	39		u	C
W4610.p1_L17	218	65		a	C
W4610.p1_L17	219	101		i	C
W4610.p1_L17	220	111		l	C
W4610.p1_L17	221	118		m	C
W4610.p1_L17	222	85		e	C
W4610.p1_L17	223	150		?	U
W4610.p1_L17	224	125		?	U
W4610.p1_L18	225	29		s	C
W4610.p1_L18	226	9		o	C
W4610.p1_L18	227	115		l	C
W4610.p1_L18	228	105		i	C
W4610.p1_L18	229	75		c	C
W4610.p1_L18	230	104		i	C
W4610.p1_L18	231	85		e	C
W4610.p1_L18	232	65		a	C
W4610.p1_L18	233	5		n	C
W4610.p1_L18	234	34		t	C
W4610.p1_L19	235	135			C
W4610.p1_L19	236	146		?	U
W4610.p1_L19	237	28		s	C
W4610.p1_L19	238	64		a	M
W4610.p1_L19	239	4		n	C
W4610.p1_L19	240	27		s	C
W4610.p1_L19	241	151		?	U
W4610.p1_L19	242	150		?	U
W4610.p1_L19	243	113		l	C
W4610.p1_L19	244	84		e	C
W4610.p1_L19	245	28		s	C
W4610.p1_L19	246	82		e	C
W4610.p1_L19	247	111		l	C
W4610.p1_L19	248	81		e	C
W4610.p1_L19	249	71		c	C
W4610.p1_L19	250	31		t	M
W4610.p1_L19	251	84		e	C
W4610.p1_L20	252	39		u	C
W4610.p1_L20	253	23		r	C
W4610.p1_L20	254	29		s	C
W4610.p1_L20	255	139		?	U
W4610.p1_L20	256	148		?	U
W4610.p1_L20	257	14		p	C
W4610.p1_L20	258	24		r	C
W4610.p1_L20	259	8		o	C
W4610.p1_L20	260	13		p	C
W4610.p1_L20	261	7		o	C
W4610.p1_L20	262	27		s	C
W4610.p1_L20	263	85		e	C
W4610.p1_L20	264	150		?	U
W4610.p1_L20	265	138			C
W4610.p1_L20	266	36		u	C
W4610.p1_L20	267	2		n	C
W4610.p1_L20	268	81		e	C
W4610.p1_L21	269	72		c	C
W4610.p1_L21	270	6		o	C
W4610.p1_L21	271	2		n	C
W4610.p1_L21	272	37		u	C
W4610.p1_L21	273	7		o	C
W4610.p1_L21	274	73		c	C
W4610.p1_L21	275	61		a	C
W4610.p1_L21	276	32		t	C
W4610.p1_L21	277	102		i	C
W4610.p1_L21	278	8		o	C
W4610.p1_L21	279	4		n	C
W4610.p1_L21	280	125		?	U
W4610.p1_L21	281	129			M
W4610.p1_L21	282	140		?	U
W4610.p1_L21	283	75		c	C
W4610.p1_L21	284	10		o	C
W4610.p1_L21	285	5		n	C
W4610.p1_L21	286	29		s	C
W4610.p1_L21	287	82		e	C
W4610.p1_L21	288	102		i	C
W4610.p1_L22	289	112		l	C
W4610.p1_L22	290	114		l	C
W4610.p1_L22	291	85		e	C
W4610.p1_L22	292	25		r	C
W4610.p1_L22	293	25		r	C
W4610.p1_L22	294	147		?	U
W4610.p1_L22	295	83		e	C
W4610.p1_L22	296	113		l	C
W4610.p1_L22	297	84		e	C
W4610.p1_L22	298	73		c	C
W4610.p1_L22	299	35		t	C
W4610.p1_L22	300	85		e	C
W4610.p1_L22	301	40		u	C
W4610.p1_L22	302	22		r	C
W4610.p1_L22	303	28		s	C
W4610.p1_L22	304	148		?	U
W4610.p1_L22	305	128			M
W4610.p1_L23	306	11		p	C
W4610.p1_L23	307	21		r	C
W4610.p1_L23	308	101		i	C
W4610.p1_L23	309	1		n	C
W4610.p1_L23	310	71		c	C
W4610.p1_L23	311	81		e	C
W4610.p1_L23	312	25		r	M
W4610.p1_L23	313	146		?	U
W4610.p1_L23	314	137			C
W4610.p1_L23	315	16		q	C
W4610.p1_L23	316	37		u	C
W4610.p1_L23	317	81		e	C
W4610.p1_L24	318	114		l	C
W4610.p1_L24	319	17		q	C
W4610.p1_L24	320	38		u	C
W4610.p1_L24	321	83		e	C
W4610.p1_L24	322	29		s	C
W4610.p1_L24	323	75		c	C
W4610.p1_L24	324	10		o	C
W4610.p1_L24	325	5		n	C
W4610.p1_L24	326	76		d	C
W4610.p1_L24	327	101		i	C
W4610.p1_L24	328	71		c	C
W4610.p1_L24	329	103		i	C
W4610.p1_L24	330	9		o	C
W4610.p1_L24	331	4		n	C
W4610.p1_L24	332	29		s	C
W4610.p1_L24	333	147		?	U
W4610.p1_L24	334	128			M
W4610.p1_L25	335	6		o	C
W4610.p1_L25	336	40		u	C
W4610.p1_L25	337	4		n	C
W4610.p1_L25	338	76		d	C
W4610.p1_L25	339	81		e	C
W4610.p1_L26	340	117		m	C
W4610.p1_L26	341	82		e	C
W4610.p1_L26	342	28		s	C
W4610.p1_L26	343	150		?	U
W4610.p1_L26	344	127			C
W4610.p1_L26	345	86		f	C
W4610.p1_L26	346	21		r	C
W4610.p1_L26	347	81		e	C
W4610.p1_L26	348	23		r	C
W4610.p1_L26	349	83		e	C
W4610.p1_L26	350	29		s	C
W4610.p1_L26	351	30		s	C
W4610.p1_L26	352	55		y	I
W4610.p1_L26	353	35		t	C
W4610.p1_L26	354	25		r	C
W4610.p1_L26	355	10		o	C
W4610.p1_L26	356	37		u	C
W4610.p1_L26	357	40		u	C
W4610.p1_L26	358	85		e	C
W4610.p1_L27	359	140		?	U
W4610.p1_L27	360	130			C
W4610.p1_L27	361	1		n	C
W4610.p1_L27	362	82		e	C
W4610.p1_L27	363	73		c	C
W4610.p1_L27	364	83		e	C
W4610.p1_L27	365	27		s	C
W4610.p1_L27	366	30		s	C
W4610.p1_L27	367	101		i	C
W4610.p1_L27	368	31		t	C
W4610.p1_L27	369	84		e	C
W4610.p1_L27	370	146		?	U
W4610.p1_L27	371	127			C
W4610.p1_L27	372	14		p	C
W4610.p1_L27	373	85		e	C
W4610.p1_L27	374	39		u	C
W4610.p1_L28	375	24		r	C
W4610.p1_L28	376	124			C
W4610.p1_L28	377	141			C
W4610.p1_L28	378	150		?	U
W4610.p1_L28	379	78		d	C
W4610.p1_L28	380	9		o	C
W4610.p1_L28	381	4		n	C
W4610.p1_L28	382	35		t	C
W4610.p1_L28	383	25		r	C
W4610.p1_L28	384	65		a	C
W4610.p1_L28	385	101		i	C
W4610.p1_L28	386	4		n	C
W4610.p1_L28	387	31		t	C
W4610.p1_L28	388	131			C
W4610.p1_L28	389	127			C
W4610.p1_L28	390	103		i	C
W4610.p1_L28	391	12		p	C
W4610.p1_L28	392	21		r	C
W4610.p1_L28	393	105		i	C
W4610.p1_L29	394	1		n	C
W4610.p1_L29	395	74		c	C
W4610.p1_L29	396	84		e	C
W4610.p1_L29	397	28		s	C
W4610.p1_L29	398	38		u	C
W4610.p1_L29	399	149		?	U
W4610.p1_L29	400	13		p	C
W4610.p1_L29	401	10		o	C
W4610.p1_L29	402	37		u	C
W4610.p1_L29	403	26		s	C
W4610.p1_L29	404	29		s	C
W4610.p1_L30	405	81		e	C
W4610.p1_L30	406	56		z	C
W4610.p1_L30	407	140		?	U
W4610.p1_L30	408	134			C
W4610.p1_L30	409	122			C
W4610.p1_L30	410	77		d	C
W4610.p1_L30	411	61		a	C
W4610.p1_L30	412	85		e	C
W4610.p1_L30	413	90		f	C
W4610.p1_L30	414	85		e	C
W4610.p1_L30	415	73		c	C
W4610.p1_L30	416	33		t	C
W4610.p1_L30	417	103		i	C
W4610.p1_L30	418	9		o	C
W4610.p1_L30	419	124			C
W4610.p1_L30	420	128			M
W4610.p1_L30	421	130			C
W4610.p1_L31	422	15		p	C
W4610.p1_L31	423	10		o	C
W4610.p1_L31	424	26		s	C
W4610.p1_L31	425	35		t	C
W4610.p1_L31	426	85		e	C
W4610.p1_L31	427	5		n	C
W4610.p1_L31	428	34		t	C
W4610.p1_L31	429	145		?	U
W4610.p1_L31	430	123		l	M
W4610.p1_L31	431	90		f	C
W4610.p1_L31	432	24		r	C
W4610.p1_L31	433	84		e	C
W4610.p1_L31	434	95		g	M
W4610.p1_L31	435	9		o	C
W4610.p1_L31	436	36		u	C
W4610.p1_L31	437	26		s	C
W4610.p1_L31	438	81		e	C
W4610.p1_L32	439	141			C
W4610.p1_L32	440	128			M
W4610.p1_L32	441	21		r	C
W4610.p1_L32	442	82		e	C
W4610.p1_L32	443	33		t	C
W4610.p1_L32	444	7		o	C
W4610.p1_L32	445	37		u	C
W4610.p1_L32	446	23		r	C
W4610.p1_L32	447	124			C
W4610.p1_L33	448	192		roidespagne	H
W4610.p1_L33	449	145		?	U
W4610.p1_L33	450	60		z	I
W4610.p1_L33	451	12		p	C
W4610.p1_L33	452	8		o	C
W4610.p1_L33	453	24		r	C
W4610.p1_L33	454	32		t	C
W4610.p1_L33	455	84		e	C
W4610.p1_L33	456	144			C
W4610.p1_L33	457	94		g	C
W4610.p1_L33	458	23		r	C
W4610.p1_L33	459	64		a	C
W4610.p1_L33	460	4		n	C
W4610.p1_L33	461	77		d	C
W4610.p1_L33	462	84		e	C
W4610.p1_L33	463	134			C
W4610.p1_L33	464	61		a	C
W4610.p1_L34	465	87		f	C
W4610.p1_L34	466	90		f	C
W4610.p1_L34	467	81		e	C
W4610.p1_L34	468	71		c	C
W4610.p1_L34	469	31		t	C
W4610.p1_L34	470	101		i	C
W4610.p1_L34	471	6		o	C
W4610.p1_L34	472	1		n	C
W4610.p1_L34	473	192		roidespagne	H
W4610.p1_L34	474	123		l	M
W4610.p1_L34	475	2		n	C
W4610.p1_L34	476	62		a	C
W4610.p1_L34	477	117		m	C
W4610.p1_L34	478	9		o	C
W4610.p1_L34	479	104		i	C
W4610.p1_L35	480	81		e	C
W4610.p1_L35	481	4		n	C
W4610.p1_L35	482	112		l	C
W4610.p1_L35	483	65		a	C
W4610.p1_L35	484	91		g	C
W4610.p1_L35	485	36		u	C
W4610.p1_L35	486	32		t	C
W4610.p1_L35	487	21		r	C
W4610.p1_L35	488	25		r	C
W4610.p1_L35	489	88		f	C
W4610.p1_L35	490	131			M
W4610.p1_L35	491	127			C
W4610.p1_L35	492	6		o	C
W4610.p1_L35	493	37		u	C
W4610.p1_L35	494	40		u	C
W4610.p1_L35	495	85		e	C
W4610.p1_L35	496	24		r	C
W4610.p1_L35	497	84		e	C
W4610.p1_L36	498	85		e	C
W4610.p1_L36	499	124			C
W4610.p1_L36	500	127			C
W4610.p1_L36	501	145		?	U
W4610.p1_L36	502	61		a	C
W4610.p1_L36	503	37		u	C
W4610.p1_L36	504	191		?	U
W4610.p1_L36	505	150		?	U
W4610.p1_L36	506	74		c	C
W4610.p1_L36	507	7		o	C
W4610.p1_L36	508	2		n	C
W4610.p1_L36	509	33		t	C
W4610.p1_L36	510	83		e	C
W4610.p1_L36	511	3		n	C
W4610.p1_L36	512	84		e	C
W4610.p1_L36	513	145		?	U
W4610.p2_L01	514	70		b	I
W4610.p2_L01	515	63		a	C
W4610.p2_L01	516	26		s	C
W4610.p2_L01	517	111		l	C
W4610.p2_L01	518	53		y	I
W4610.p2_L01	519	85		e	C
W4610.p2_L01	520	33		t	C
W4610.p2_L01	521	79		d	C
W4610.p2_L01	522	51		y	I
W4610.p2_L01	523	94		g	C
W4610.p2_L01	524	84		e	C
W4610.p2_L01	525	4		n	C
W4610.p2_L01	526	83		e	C
W4610.p2_L01	527	37		u	C
W4610.p2_L01	528	85		e	C
W4610.p2_L01	529	135			C
W4610.p2_L01	530	124			C
W4610.p2_L02	531	192		roidespagne	M
W4610.p2_L02	532	112		l	M
W4610.p2_L02	533	182		?	U
W4610.p2_L02	534	81		e	M
W4610.p2_L02	535	3		n	C
W4610.p2_L02	536	27		s	C
W4610.p2_L02	537	148		?	U
W4610.p2_L02	538	129			M
W4610.p2_L02	539	82		e	C
W4610.p2_L02	540	35		t	C
W4610.p2_L02	541	84		e	C
W4610.p2_L02	542	29		s	C
W4610.p2_L02	543	12		p	C
W4610.p2_L02	544	64		a	M
W4610.p2_L02	545	104		i	C
W4610.p2_L02	546	94		g	C
W4610.p2_L02	547	4		n	C
W4610.p2_L02	548	9		o	C
W4610.p2_L02	549	114		l	C
W4610.p2_L02	550	80		d	M
W4610.p2_L03	551	130			M
W4610.p2_L03	552	139		?	U
W4610.p2_L03	553	38		u	C
W4610.p2_L03	554	81		e	C
W4610.p2_L03	555	1		n	C
W4610.p2_L03	556	101		i	C
W4610.p2_L03	557	21		r	C
W4610.p2_L03	558	140		?	U
W4610.p2_L03	559	121			C
W4610.p2_L03	560	63		a	C
W4610.p2_L03	561	39		u	C
W4610.p2_L03	562	205		?	U
W4610.p2_L03	563	71		c	C
W4610.p2_L03	564	6		o	C
W4610.p2_L03	565	2		n	C
W4610.p2_L03	566	33		t	C
W4610.p2_L03	567	23		r	C
W4610.p2_L03	568	83		e	C
W4610.p2_L04	569	117		m	C
W4610.p2_L04	570	64		a	C
W4610.p2_L04	571	4		n	C
W4610.p2_L04	572	77		d	C
W4610.p2_L04	573	82		e	C
W4610.p2_L04	574	55		y	I
W4610.p2_L04	575	145		?	U
W4610.p2_L04	576	136		uingt	M
W4610.p2_L04	577	1		n	C
W4610.p2_L04	578	81		e	C
W4610.p2_L04	579	150		?	U
W4610.p2_L04	580	120		m	C
W4610.p2_L04	581	65		a	C
W4610.p2_L04	582	25		r	C
W4610.p2_L04	583	75		c	C
W4610.p2_L04	584	100		h	I
W4610.p2_L04	585	55		y	I
W4610.p2_L05	586	5		n	C
W4610.p2_L05	587	35		t	C
W4610.p2_L05	588	149		?	U
W4610.p2_L05	589	225		?	U
W4610.p2_L05	590	84		e	C
W4610.p2_L05	591	2		n	C
W4610.p2_L05	592	74		c	C
W4610.p2_L05	593	9		o	C
W4610.p2_L05	594	24		r	C
W4610.p2_L05	595	85		e	C
W4610.p2_L05	596	29		s	C
W4610.p2_L05	597	128			M
W4610.p2_L05	598	135			C
W4610.p2_L05	599	119		m	C
W4610.p2_L05	600	39		u	C
W4610.p2_L05	601	25		r	C
W4610.p2_L05	602	117		m	C
W4610.p2_L05	603	38		u	C
W4610.p2_L05	604	22		r	C
W4610.p2_L06	605	82		e	C
W4610.p2_L06	606	21		r	C
W4610.p2_L06	607	150		?	U
W4610.p2_L06	608	132			C
W4610.p2_L06	609	125		?	U
W4610.p2_L06	610	61		a	C
W4610.p2_L06	611	111		l	C
W4610.p2_L06	612	65		a	C
W4610.p2_L06	613	25		r	C
W4610.p2_L06	614	120		m	C
W4610.p2_L06	615	81		e	C
W4610.p2_L06	616	145		?	U
W4610.p2_L06	617	77		d	C
W4610.p2_L06	618	82		e	C
W4610.p2_L06	619	118		m	C
W4610.p2_L06	620	8		o	C
W4610.p2_L07	621	23		r	C
W4610.p2_L07	622	83		e	C
W4610.p2_L07	623	28		s	C
W4610.p2_L07	624	129			M
W4610.p2_L07	625	148		?	U
W4610.p2_L07	626	85		e	C
W4610.p2_L07	627	5		n	C
W4610.p2_L07	628	203		?	U
W4610.p2_L07	629	64		a	C
W4610.p2_L07	630	12		p	C
W4610.p2_L07	631	22		r	C
W4610.p2_L07	632	7		o	C
W4610.p2_L07	633	74		c	C
W4610.p2_L07	634	99		h	I
W4610.p2_L07	635	84		e	C
W4610.p2_L07	636	24		r	C
W4610.p2_L07	637	134			C
W4610.p2_L07	638	121			C
W4610.p2_L07	639	118		m	C
W4610.p2_L08	640	61		a	C
W4610.p2_L08	641	87		f	C
W4610.p2_L08	642	6		o	C
W4610.p2_L08	643	21		r	C
W4610.p2_L08	644	72		c	C
W4610.p2_L08	645	83		e	C
W4610.p2_L08	646	79		d	C
W4610.p2_L08	647	39		u	C
W4610.p2_L08	648	149		?	U
W4610.p2_L08	649	34		t	C
W4610.p2_L08	650	40		u	C
W4610.p2_L08	651	25		r	C
W4610.p2_L08	652	78		d	C
W4610.p2_L08	653	81		e	C
W4610.p2_L08	654	2		n	C
W4610.p2_L08	655	37		u	C
W4610.p2_L08	656	101		i	C
W4610.p2_L08	657	21		r	C
W4610.p2_L09	658	9		o	C
W4610.p2_L09	659	2		n	C
W4610.p2_L09	660	150		?	U
W4610.p2_L09	661	127			C
W4610.p2_L09	662	31		t	M
W4610.p2_L09	663	21		r	C
W4610.p2_L09	664	7		o	C
W4610.p2_L09	665	102		i	C
W4610.p2_L09	666	26		s	C
W4610.p2_L09	667	127			C
W4610.p2_L09	668	148		?	U
W4610.p2_L09	669	71		c	C
W4610.p2_L09	670	84		e	C
W4610.p2_L09	671	4		n	C
W4610.p2_L09	672	29		s	C
W4610.p2_L09	673	138			C
W4610.p2_L09	674	142		?	U
W4610.p2_L09	675	72		c	C
W4610.p2_L09	676	96		h	C
W4610.p2_L09	677	83		e	C
W4610.p2_L09	678	38		u	C
W4610.p2_L10	679	61		a	C
W4610.p2_L10	680	39		u	C
W4610.p2_L10	681	50		x	I
W4610.p2_L10	682	150		?	U
W4610.p2_L10	683	122			C
W4610.p2_L10	684	137			C
W4610.p2_L10	685	130			C
W4610.p2_L10	686	100		h	I
W4610.p2_L10	687	61		a	C
W4610.p2_L10	688	60		z	I
W4610.p2_L10	689	64		a	C
W4610.p2_L10	690	24		r	C
W4610.p2_L10	691	77		d	C
W4610.p2_L10	692	81		e	C
W4610.p2_L10	693	22		r	C
W4610.p2_L10	694	128			M
W4610.p2_L11	695	135			C
W4610.p2_L11	696	114		l	C
W4610.p2_L11	697	84		e	C
W4610.p2_L11	698	138			M
W4610.p2_L11	699	37		u	M
W4610.p2_L11	700	9		o	C
W4610.p2_L11	701	104		i	C
W4610.p2_L11	702	61		a	M
W4610.p2_L11	703	91		g	C
W4610.p2_L11	704	85		e	C
W4610.p2_L11	705	143			C
W4610.p2_L11	706	36		u	C
W4610.p2_L11	707	85		e	C
W4610.p2_L11	708	25		r	C
W4610.p2_L11	709	30		s	C
W4610.p2_L11	710	130			C
W4610.p2_L11	711	141			C
W4610.p2_L11	712	221		hollande	H
W4610.p2_L11	713	225		?	U
W4610.p2_L12	714	117		m	C
W4610.p2_L12	715	64		a	C
W4610.p2_L12	716	104		i	C
W4610.p2_L12	717	26		s	C
W4610.p2_L12	718	150		?	U
W4610.p2_L12	719	5		n	C
W4610.p2_L12	720	38		u	C
W4610.p2_L12	721	9		o	C
W4610.p2_L12	722	101		i	M
W4610.p2_L12	723	24		r	C
W4610.p2_L12	724	134			C
W4610.p2_L12	725	21		r	C
W4610.p2_L12	726	81		e	C
W4610.p2_L12	727	81		e	C
W4610.p2_L12	728	83		e	C
W4610.p2_L12	729	2		n	C
W4610.p2_L12	730	89		f	I
W4610.p2_L13	731	83		e	C
W4610.p2_L13	732	135			C
W4610.p2_L13	733	150		?	U
W4610.p2_L13	734	71		c	C
W4610.p2_L13	735	84		e	C
W4610.p2_L13	736	29		s	C
W4610.p2_L13	737	35		t	C
W4610.p2_L13	738	65		a	C
W4610.p2_L13	739	115		l	C
W4610.p2_L13	740	101		i	C
W4610.p2_L13	741	4		n	C
W4610.p2_L13	742	124			C
W4610.p2_L13	743	143			M
W4610.p2_L14	744	30		s	C
W4610.p2_L14	745	84		e	C
W4610.p2_L14	746	64		a	C
W4610.p2_L14	747	31		t	C
W4610.p2_L14	748	59		z	I
W4610.p2_L14	749	149		?	U
W4610.p2_L14	750	127			C
W4610.p2_L14	751	80		d	C
W4610.p2_L14	752	6		o	C
W4610.p2_L14	753	36		u	C
W4610.p2_L14	754	58		z	I
W4610.p2_L14	755	85		e	C
W4610.p2_L14	756	90		f	C
W4610.p2_L14	757	115		l	C
W4610.p2_L14	758	7		o	C
W4610.p2_L14	759	23		r	C
W4610.p2_L14	760	103		i	M
W4610.p2_L15	761	97		h	I
W4610.p2_L15	762	81		e	C
W4610.p2_L15	763	36		u	C
W4610.p2_L15	764	61		a	C
W4610.p2_L15	765	111		l	C
W4610.p2_L15	766	150		?	U
W4610.p2_L15	767	125		?	U
W4610.p2_L15	768	16		q	C
W4610.p2_L15	769	150		?	U
W4610.p2_L15	770	37		u	C
W4610.p2_L15	771	101		i	C
W4610.p2_L15	772	12		p	C
W4610.p2_L15	773	21		r	C
W4610.p2_L15	774	9		o	C
W4610.p2_L15	775	117		m	C
W4610.p2_L15	776	81		e	C
W4610.p2_L15	777	82		e	C
W4610.p2_L15	778	85		e	C
W4610.p2_L16	779	3		n	C
W4610.p2_L16	780	35		t	C
W4610.p2_L16	781	135			C
W4610.p2_L16	782	89		f	I
W4610.p2_L16	783	8		o	C
W4610.p2_L16	784	38		u	M
W4610.p2_L16	785	24		r	C
W4610.p2_L16	786	4		n	C
W4610.p2_L16	787	104		i	C
W4610.p2_L16	788	25		r	C
W4610.p2_L16	789	136		uingt	M
W4610.p2_L16	790	141			C
W4610.p2_L16	791	127			M
W4610.p2_L16	792	7		o	M
W4610.p2_L16	793	75		c	C
W4610.p2_L16	794	85		e	C
W4610.p2_L16	795	5		n	C
W4610.p2_L16	796	29		s	C
W4610.p2_L16	797	139		?	U
W4610.p2_L16	798	150		?	U
W4610.p2_L17	799	61		a	C
W4610.p2_L17	800	75		c	M
W4610.p2_L17	801	71		c	C
W4610.p2_L17	802	6		o	C
W4610.p2_L17	803	118		m	C
W4610.p2_L17	804	13		p	C
W4610.p2_L17	805	63		a	C
W4610.p2_L17	806	101		i	C
W4610.p2_L17	807	95		g	M
W4610.p2_L17	808	5		n	C
W4610.p2_L17	809	82		e	C
W4610.p2_L17	810	22		r	C
W4610.p2_L17	811	122			C
W4610.p2_L17	812	135			C
W4610.p2_L17	813	138			C
W4610.p2_L17	814	37		u	C
W4610.p2_L17	815	4		n	C
W4610.p2_L18	816	78		d	C
W4610.p2_L18	817	64		a	C
W4610.p2_L18	818	114		l	C
W4610.p2_L18	819	84		e	C
W4610.p2_L18	820	24		r	C
W4610.p2_L18	821	124			C
W4610.p2_L18	822	135			C
W4610.p2_L18	823	146		?	U
W4610.p2_L18	824	31		t	C
W4610.p2_L18	825	81		e	C
W4610.p2_L18	826	26		s	C
W4610.p2_L18	827	32		t	C
W4610.p2_L18	828	85		e	C
W4610.p2_L18	829	150		?	U
W4610.p2_L18	830	25		r	C
W4610.p2_L19	831	119		m	C
W4610.p2_L19	832	81		e	C
W4610.p2_L19	833	30		s	C
W4610.p2_L19	834	140		?	U
W4610.p2_L19	835	59		z	I
W4610.p2_L19	836	9		o	C
W4610.p2_L19	837	38		u	C
W4610.p2_L19	838	29		s	C
W4610.p2_L19	839	129			M
W4610.p2_L19	840	137			M
W4610.p2_L19	841	15		p	C
W4610.p2_L19	842	85		e	C
W4610.p2_L19	843	40		u	C
W4610.p2_L20	844	35		t	C
W4610.p2_L20	845	26		s	C
W4610.p2_L20	846	85		e	C
W4610.p2_L20	847	25		r	C
W4610.p2_L20	848	37		u	C
W4610.p2_L20	849	101		i	C
W4610.p2_L20	850	21		r	C
W4610.p2_L20	851	122			C
W4610.p2_L20	852	51		y	I
W4610.p2_L20	853	81		e	C
W4610.p2_L20	854	117		m	C
W4610.p2_L20	855	12		p	C
W4610.p2_L20	856	26		s	C
W4610.p2_L20	857	150		?	U
W4610.p2_L20	858	127			C
W4610.p2_L21	859	71		c	C
W4610.p2_L21	860	61		a	C
W4610.p2_L21	861	12		p	C
W4610.p2_L21	862	102		i	C
W4610.p2_L21	863	32		t	C
W4610.p2_L21	864	82		e	C
W4610.p2_L21	865	102		i	C
W4610.p2_L21	866	2		n	C
W4610.p2_L21	867	82		e	C
W4610.p2_L21	868	27		s	C
W4610.p2_L21	869	150		?	U
W4610.p2_L21	870	90		f	C
W4610.p2_L21	871	24		r	C
W4610.p2_L21	872	85		e	C
W4610.p2_L21	873	5		n	C
W4610.p2_L21	874	75		c	C
W4610.p2_L21	875	10		o	C
W4610.p2_L21	876	105		i	C
W4610.p2_L21	877	30		s	C
W4610.p2_L21	878	130			C
W4610.p2_L22	879	10		o	C
W4610.p2_L22	880	89		f	I
W4610.p2_L22	881	86		f	C
W4610.p2_L22	882	21		r	C
W4610.p2_L22	883	81		e	C
W4610.p2_L22	884	121			C
W4610.p2_L22	885	77		d	C
W4610.p2_L22	886	82		e	C
W4610.p2_L22	887	25		r	C
W4610.p2_L22	888	101		i	C
W4610.p2_L22	889	50		x	I
W4610.p2_L22	890	71		c	C
W4610.p2_L22	891	81		e	C
W4610.p2_L22	892	2		n	C
W4610.p2_L22	893	27		s	C
W4610.p2_L22	894	139		?	U
W4610.p2_L22	895	81		e	C
W4610.p2_L22	896	5		n	C
W4610.p2_L22	897	35		t	C
W4610.p2_L22	898	84		e	C
W4610.p2_L23	899	115		l	C
W4610.p2_L23	900	111		l	C
W4610.p2_L23	901	105		i	C
W4610.p2_L23	902	85		e	C
W4610.p2_L23	903	39		u	C
W4610.p2_L23	904	142		?	U
W4610.p2_L23	905	127			C
W4610.p2_L23	906	4		n	C
W4610.p2_L23	907	84		e	C
W4610.p2_L23	908	29		s	C
W4610.p2_L23	909	39		u	C
W4610.p2_L23	910	104		i	C
W4610.p2_L23	911	28		s	C
W4610.p2_L23	912	81		e	C
W4610.p2_L23	913	2		n	C
W4610.p2_L23	914	12		p	C
W4610.p2_L23	915	85		e	C
W4610.p2_L24	916	101		i	M
W4610.p2_L24	917	3		n	C
W4610.p2_L24	918	84		e	C
W4610.p2_L24	919	124			C
W4610.p2_L24	920	150		?	U
W4610.p2_L24	921	114		l	C
W4610.p2_L24	922	104		i	C
W4610.p2_L24	923	84		e	C
W4610.p2_L24	924	38		u	C
W4610.p2_L24	925	149		?	U
W4610.p2_L24	926	127			C
W4610.p2_L24	927	136		uingt	M
W4610.p2_L25	928	82		e	C
W4610.p2_L25	929	2		n	M
W4610.p2_L25	930	25		r	M
W4610.p2_L25	931	83		e	C
W4610.p2_L25	932	119		m	C
W4610.p2_L25	933	65		a	M
W4610.p2_L25	934	105		i	M
W4610.p2_L25	935	66		b	M
W4610.p2_L25	936	140		?	U
W4610.p2_L25	937	26		s	M
W4610.p2_L25	938	78		d	C
W4610.p2_L25	939	83		e	C
W4610.p2_L25	940	59		z	I
W4610.p2_L25	941	37		u	C
W4610.p2_L25	942	7		o	C
W4610.p2_L25	943	38		u	C
W4610.p2_L25	944	27		s	C
W4610.p2_L25	945	150		?	U
W4610.p2_L25	946	136		uingt	M
W4610.p2_L25	947	112		l	C
W4610.p2_L26	948	85		e	M
W4610.p2_L26	949	148		?	U
W4610.p2_L26	950	120		m	M
W4610.p2_L26	951	85		e	C
W4610.p2_L26	952	120		m	C
W4610.p2_L26	953	13		p	C
W4610.p2_L26	954	83		e	C
W4610.p2_L26	955	29		s	C
W4610.p2_L26	956	75		c	C
W4610.p2_L26	957	99		h	I
W4610.p2_L26	958	85		e	C
W4610.p2_L26	959	25		r	C
W4610.p2_L26	960	70		b	I
W4610.p2_L26	961	10		o	M
W4610.p2_L26	962	25		r	M
W4610.p2_L26	963	77		d	M
W4610.p2_L26	964	85		e	M
W4610.p2_L26	965	24		r	M
W4610.p2_L27	966	70		b	I
W4610.p2_L27	967	10		o	C
W4610.p2_L27	968	25		r	C
W4610.p2_L27	969	77		d	C
W4610.p2_L27	970	85		e	C
W4610.p2_L27	971	24		r	C
W4610.p2_L27	972	124			C
W4610.p2_L27	973	111		l	C
W4610.p2_L27	974	81		e	C
W4610.p2_L27	975	30		s	C
W4610.p2_L27	976	15		p	C
W4610.p2_L28	977	102		i	M
W4610.p2_L28	978	94		g	C
W4610.p2_L28	979	84		e	C
W4610.p2_L28	980	29		s	C
W4610.p2_L28	981	150		?	U
W4610.p2_L28	982	137			C
W4610.p2_L28	983	141			C
W4610.p2_L28	984	12		p	C
W4610.p2_L28	985	81		e	C
W4610.p2_L28	986	37		u	C
W4610.p2_L28	987	40		u	C
W4610.p2_L28	988	25		r	C
W4610.p2_L28	989	81		e	C
W4610.p2_L28	990	25		r	C
W4610.p2_L29	991	93		g	C
W4610.p2_L29	992	84		e	C
W4610.p2_L29	993	4		n	C
W4610.p2_L29	994	28		s	C
W4610.p2_L29	995	127			C
W4610.p2_L29	996	150		?	U
W4610.p2_L29	997	145		?	U
W4610.p2_L29	998	25		r	C
W4610.p2_L29	999	81		e	M
W4610.p2_L29	1000	35		t	C
W4610.p2_L29	1001	10		o	C
W4610.p2_L29	1002	39		u	C
W4610.p2_L29	1003	24		r	C
W4610.p2_L29	1004	4		n	C
W4610.p2_L29	1005	84		e	C
W4610.p2_L29	1006	23		r	C
W4610.p2_L30	1007	61		a	C
W4610.p2_L30	1008	35		t	C
W4610.p2_L30	1009	31		t	C
W4610.p2_L30	1010	28		s	C
W4610.p2_L30	1011	31		t	C
W4610.p2_L30	1012	21		r	C
W4610.p2_L30	1013	61		a	C
W4610.p2_L30	1014	70		b	I
W4610.p2_L30	1015	9		o	C
W4610.p2_L30	1016	38		u	C
W4610.p2_L30	1017	22		r	C
W4610.p2_L30	1018	91		g	C
W4610.p2_L30	1019	126			C
W4610.p2_L30	1020	142		?	U
W4610.p2_L31	1021	77		d	C
W4610.p2_L31	1022	81		e	C
W4610.p2_L31	1023	90		f	C
W4610.p2_L31	1024	6		o	C
W4610.p2_L31	1025	21		r	C
W4610.p2_L31	1026	31		t	C
W4610.p2_L31	1027	150		?	U
W4610.p2_L31	1028	69		b	I
W4610.p2_L31	1029	7		o	C
W4610.p2_L31	1030	5		n	C
W4610.p2_L31	1031	29		s	C
W4610.p2_L31	1032	99		h	I
W4610.p2_L31	1033	8		o	C
W4610.p2_L31	1034	117		m	C
W4610.p2_L31	1035	120		m	C
W4610.p2_L31	1036	38		u	M
W4610.p2_L31	1037	25		r	C
W4610.p2_L32	1038	4		n	C
W4610.p2_L32	1039	81		e	C
W4610.p2_L32	1040	77		d	C
W4610.p2_L32	1041	82		e	C
W4610.p2_L32	1042	26		s	C
W4610.p2_L32	1043	101		i	C
W4610.p2_L32	1044	21		r	C
W4610.p2_L32	1045	83		e	C
W4610.p2_L32	1046	3		n	C
W4610.p2_L32	1047	32		t	C
W4610.p2_L32	1048	62		a	C
W4610.p2_L32	1049	37		u	C
W4610.p2_L32	1050	85		e	C
W4610.p2_L33	1051	25		r	C
W4610.p2_L33	1052	85		e	C
W4610.p2_L33	1053	150		?	U
W4610.p2_L33	1054	125		?	U
W4610.p2_L33	1055	150		?	U
W4610.p2_L33	1056	125		?	U
W4610.p2_L33	1057	12		p	C
W4610.p2_L33	1058	10		o	C
W4610.p2_L33	1059	40		u	C
W4610.p2_L33	1060	36		u	C
W4610.p2_L33	1061	7		o	C
W4610.p2_L33	1062	102		i	C
W4610.p2_L33	1063	25		r	C
W4610.p2_L33	1064	36		u	C
W4610.p2_L33	1065	84		e	C
W4610.p2_L33	1066	3		n	C
W4610.p2_L33	1067	103		i	C
W4610.p2_L33	1068	23		r	C
W4610.p2_L34	1069	123		l	M
W4610.p2_L34	1070	128			M
W4610.p2_L34	1071	142		?	U
W4610.p2_L34	1072	141			C
W4610.p2_L34	1073	137			C
W4610.p3_L01	1074	127			C
W4610.p3_L01	1075	89		f	I
W4610.p3_L01	1076	9		o	C
W4610.p3_L01	1077	38		u	C
W4610.p3_L01	1078	23		r	C
W4610.p3_L01	1079	2		n	C
W4610.p3_L01	1080	102		i	C
W4610.p3_L01	1081	21		r	C
W4610.p3_L01	1082	121			C
W4610.p3_L01	1083	149		?	U
W4610.p3_L01	1084	26		s	M
W4610.p3_L01	1085	6		o	C
W4610.p3_L01	1086	117		m	C
W4610.p3_L01	1087	119		m	C
W4610.p3_L01	1088	82		e	C
W4610.p3_L01	1089	127			C
W4610.p3_L01	1090	130			C
W4610.p3_L01	1091	139		?	U
W4610.p3_L02	1092	2		n	C
W4610.p3_L02	1093	52		y	I
W4610.p3_L02	1094	9		o	C
W4610.p3_L02	1095	67		b	I
W4610.p3_L02	1096	112		l	C
W4610.p3_L02	1097	102		i	C
W4610.p3_L02	1098	94		g	C
W4610.p3_L02	1099	64		a	C
W4610.p3_L02	1100	34		t	C
W4610.p3_L02	1101	104		i	C
W4610.p3_L02	1102	7		o	C
W4610.p3_L02	1103	4		n	C
W4610.p3_L02	1104	186		?	U
W4610.p3_L03	1105	150		?	U
W4610.p3_L03	1106	77		d	C
W4610.p3_L03	1107	37		u	C
W4610.p3_L03	1108	13		p	C
W4610.p3_L03	1109	63		a	C
W4610.p3_L03	1110	103		i	C
W4610.p3_L03	1111	29		s	C
W4610.p3_L03	1112	139		?	U
W4610.p3_L03	1113	125		?	U
W4610.p3_L03	1114	142		?	U
W4610.p3_L03	1115	149		?	U
W4610.p3_L03	1116	153		pfaltzgraf	H
W4610.p3_L03	1117	145		?	U
W4610.p3_L04	1118	194		?	U
W4610.p3_L04	1119	131			C
W4610.p3_L04	1120	29		s	C
W4610.p3_L04	1121	9		o	C
W4610.p3_L04	1122	114		l	C
W4610.p3_L04	1123	111		l	C
W4610.p3_L04	1124	101		i	C
W4610.p3_L04	1125	74		c	C
W4610.p3_L04	1126	104		i	C
W4610.p3_L04	1127	33		t	C
W4610.p3_L04	1128	83		e	C
W4610.p3_L04	1129	23		r	C
W4610.p3_L04	1130	133			C
W4610.p3_L04	1131	143			C
W4610.p3_L04	1132	115		l	M
W4610.p3_L04	1133	61		a	C
W4610.p3_L04	1134	21		r	C
W4610.p3_L04	1135	101		i	C
W4610.p3_L05	1136	63		a	C
W4610.p3_L05	1137	93		g	C
W4610.p3_L05	1138	83		e	C
W4610.p3_L05	1139	145		?	U
W4610.p3_L05	1140	125		?	U
W4610.p3_L05	1141	114		l	C
W4610.p3_L05	1142	84		e	C
W4610.p3_L05	1143	77		d	C
W4610.p3_L05	1144	37		u	C
W4610.p3_L05	1145	73		c	C
W4610.p3_L05	1146	138			C
W4610.p3_L05	1147	144			C
W4610.p3_L05	1148	78		d	C
W4610.p3_L05	1149	64		a	C
W4610.p3_L05	1150	115		l	C
W4610.p3_L05	1151	85		e	C
W4610.p3_L05	1152	5		n	C
W4610.p3_L05	1153	75		c	C
W4610.p3_L05	1154	10		o	C
W4610.p3_L05	1155	4		n	C
W4610.p3_L06	1156	124			C
W4610.p3_L06	1157	129			M
W4610.p3_L06	1158	138			C
W4610.p3_L06	1159	150		?	U
W4610.p3_L06	1160	81		e	M
W4610.p3_L06	1161	111		l	C
W4610.p3_L06	1162	115		l	C
W4610.p3_L06	1163	85		e	C
W4610.p3_L06	1164	123		l	M
W4610.p3_L06	1165	6		o	M
W4610.p3_L06	1166	270		bommel	C
W4610.p3_L06	1167	27		s	C
W4610.p3_L06	1168	81		e	C
W4610.p3_L06	1169	117		m	C
W4610.p3_L07	1170	101		i	C
W4610.p3_L07	1171	28		s	C
W4610.p3_L07	1172	34		t	C
W4610.p3_L07	1173	127			C
W4610.p3_L07	1174	146		?	U
W4610.p3_L07	1175	81		e	C
W4610.p3_L07	1176	5		n	C
W4610.p3_L07	1177	29		s	C
W4610.p3_L07	1178	9		o	C
W4610.p3_L07	1179	4		n	C
W4610.p3_L07	1180	70		b	I
W4610.p3_L07	1181	85		e	C
W4610.p3_L07	1182	25		r	C
W4610.p3_L07	1183	39		u	C
W4610.p3_L07	1184	105		i	C
W4610.p3_L07	1185	75		c	C
W4610.p3_L07	1186	84		e	C
W4610.p3_L07	1187	124			C
W4610.p3_L07	1188	147		?	U
W4610.p3_L08	1189	192		roidespagne	H
W4610.p3_L08	1190	143			C
W4610.p3_L08	1191	134			C
W4610.p3_L08	1192	29		s	C
W4610.p3_L08	1193	10		o	C
W4610.p3_L08	1194	69		b	I
W4610.p3_L08	1195	111		l	C
W4610.p3_L08	1196	103		i	C
W4610.p3_L08	1197	95		g	M
W4610.p3_L08	1198	82		e	C
W4610.p3_L08	1199	22		r	C
W4610.p3_L08	1200	9		o	C
W4610.p3_L08	1201	101		i	C
W4610.p3_L08	1202	31		t	C
W4610.p3_L08	1203	142		?	U
W4610.p3_L08	1204	79		d	C
W4610.p3_L09	1205	83		e	C
W4610.p3_L09	1206	4		n	C
W4610.p3_L09	1207	104		i	C
W4610.p3_L09	1208	84		e	C
W4610.p3_L09	1209	24		r	C
W4610.p3_L09	1210	28		s	C
W4610.p3_L09	1211	139		?	U
W4610.p3_L09	1212	148		?	U
W4610.p3_L09	1213	153		pfaltzgraf	H
W4610.p3_L09	1214	149		?	U
W4610.p3_L09	1215	71		c	M
W4610.p3_L09	1216	7		o	C
W4610.p3_L09	1217	4		n	C
W4610.p3_L09	1218	31		t	C
W4610.p3_L09	1219	25		r	C
W4610.p3_L09	1220	85		e	C
W4610.p3_L09	1221	72		c	C
W4610.p3_L09	1222	82		e	C
W4610.p3_L10	1223	38		u	C
W4610.p3_L10	1224	47		x	I
W4610.p3_L10	1225	148		?	U
W4610.p3_L10	1226	129			M
W4610.p3_L10	1227	61		a	C
W4610.p3_L10	1228	27		s	C
W4610.p3_L10	1229	30		s	C
W4610.p3_L10	1230	62		a	C
W4610.p3_L10	1231	124			C
W4610.p3_L10	1232	112		l	C
W4610.p3_L10	1233	114		l	C
W4610.p3_L10	1234	103		i	C
W4610.p3_L10	1235	21		r	C
W4610.p3_L10	1236	131			C
W4610.p3_L10	1237	125		?	U
W4610.p3_L11	1238	147		?	U
W4610.p3_L11	1239	150		?	U
W4610.p3_L11	1240	114		l	C
W4610.p3_L11	1241	64		a	C
W4610.p3_L11	1242	91		g	M
W4610.p3_L11	1243	124			M
W4610.p3_L11	1244	84		e	C
W4610.p3_L11	1245	114		l	C
W4610.p3_L11	1246	104		i	C
W4610.p3_L11	1247	94		g	C
W4610.p3_L11	1248	103		i	C
W4610.p3_L11	1249	9		o	C
W4610.p3_L11	1250	2		n	C
W4610.p3_L11	1251	122			C
W4610.p3_L12	1252	137			C
W4610.p3_L12	1253	90		f	C
W4610.p3_L12	1254	24		r	C
W4610.p3_L12	1255	83		e	C
W4610.p3_L12	1256	92		g	C
W4610.p3_L12	1257	7		o	C
W4610.p3_L12	1258	38		u	C
W4610.p3_L12	1259	27		s	C
W4610.p3_L12	1260	85		e	C
W4610.p3_L12	1261	135			C
W4610.p3_L12	1262	126			C
W4610.p3_L12	1263	150		?	U
W4610.p3_L12	1264	20		q	C
W4610.p3_L12	1265	39		u	C
W4610.p3_L12	1266	65		a	M
W4610.p3_L13	1267	192		roidespagne	H
W4610.p3_L13	1268	185		?	U
W4610.p3_L13	1269	150		?	U
W4610.p3_L13	1270	78		d	C
W4610.p3_L13	1271	81		e	C
W4610.p3_L13	1272	29		s	C
W4610.p3_L13	1273	146		?	U
W4610.p3_L13	1274	83		e	C
W4610.p3_L13	1275	79		d	C
W4610.p3_L13	1276	85		e	C
W4610.p3_L13	1277	90		f	C
W4610.p3_L13	1278	105		i	C
W4610.p3_L13	1279	85		e	C
W4610.p3_L13	1280	24		r	C
W4610.p3_L13	1281	145		?	U
W4610.p3_L13	1282	123		l	M
W4610.p3_L13	1283	134			C
W4610.p3_L13	1284	138			C
W4610.p3_L13	1285	78		d	C
W4610.p3_L14	1286	40		u	C
W4610.p3_L14	1287	191		?	U
W4610.p3_L14	1288	140		?	U
W4610.p3_L14	1289	114		l	C
W4610.p3_L14	1290	81		e	C
W4610.p3_L14	1291	31		t	C
W4610.p3_L14	1292	21		r	C
W4610.p3_L14	1293	82		e	C
W4610.p3_L14	1294	131			M
W4610.p3_L14	1295	128			M
W4610.p3_L14	1296	84		e	C
W4610.p3_L14	1297	29		s	C
W4610.p3_L14	1298	75		c	C
W4610.p3_L14	1299	25		r	M
W4610.p3_L14	1300	105		i	C
W4610.p3_L15	1301	14		p	C
W4610.p3_L15	1302	35		t	C
W4610.p3_L15	1303	85		e	C
W4610.p3_L15	1304	145		?	U
W4610.p3_L15	1305	125		?	U
W4610.p3_L15	1306	200		herzogvonalba	C
W4610.p3_L15	1307	149		?	U
W4610.p3_L15	1308	129			M
W4610.p3_L15	1309	202		franckreich	H
W4610.p3_L15	1310	150		?	U
W4610.p3_L16	1311	150		?	U
W4610.p3_L16	1312	80		d	M
W4610.p3_L16	1313	84		e	C
W4610.p3_L16	1314	112		l	C
W4610.p3_L16	1315	61		a	C
W4610.p3_L16	1316	12		p	C
W4610.p3_L16	1317	64		a	C
W4610.p3_L16	1318	101		i	C
W4610.p3_L16	1319	49		x	I
W4610.p3_L16	1320	148		?	U
W4610.p3_L17	1321	134			C
W4610.p3_L17	1322	4		n	C
W4610.p3_L17	1323	81		e	C
W4610.p3_L17	1324	91		g	C
W4610.p3_L17	1325	9		o	C
W4610.p3_L17	1326	31		t	C
W4610.p3_L17	1327	102		i	C
W4610.p3_L17	1328	63		a	C
W4610.p3_L17	1329	38		u	M
W4610.p3_L17	1330	104		i	C
W4610.p3_L17	1331	7		o	C
W4610.p3_L17	1332	8		o	M
W4610.p3_L17	1333	127			C
W4610.p3_L17	1334	141			C
W4610.p3_L17	1335	133			C
W4610.p3_L17	1336	51		y	I
W4610.p3_L17	1337	150		?	U
W4610.p3_L17	1338	65		a	C
W4610.p3_L17	1339	27		s	C
W4610.p3_L17	1340	30		s	C
W4610.p3_L18	1341	8		o	M
W4610.p3_L18	1342	101		i	C
W4610.p3_L18	1343	21		r	C
W4610.p3_L18	1344	121			C
W4610.p3_L18	1345	126			C
W4610.p3_L18	1346	137			C
W4610.p3_L18	1347	87		f	C
W4610.p3_L18	1348	9		o	C
W4610.p3_L18	1349	2		n	C
W4610.p3_L18	1350	77		d	C
W4610.p3_L18	1351	82		e	C
W4610.p3_L18	1352	116		m	C
W4610.p3_L18	1353	83		e	C
W4610.p3_L18	1354	3		n	C
W4610.p3_L18	1355	35		t	C
W4610.p3_L18	1356	135			C
W4610.p3_L18	1357	52		y	I
W4610.p3_L18	1358	81		e	M
W4610.p3_L19	1359	1		n	M
W4610.p3_L19	1360	31		t	M
W4610.p3_L19	1361	83		e	M
W4610.p3_L19	1362	71		c	M
W4610.p3_L19	1363	100		h	I
W4610.p3_L19	1364	100		h	I
W4610.p3_L19	1365	70		b	I
W4610.p3_L19	1366	60		z	I
W4610.p3_L19	1367	29		s	C
W4610.p3_L19	1368	20		q	M
W4610.p3_L19	1369	81		e	C
W4610.p3_L19	1370	36		u	C
W4610.p3_L19	1371	111		l	C
W4610.p3_L19	1372	82		e	C
W4610.p3_L19	1373	119		m	C
W4610.p3_L19	1374	83		e	C
W4610.p3_L19	1375	2		n	C
W4610.p3_L19	1376	33		t	C
W4610.p3_L19	1377	28		s	C
W4610.p3_L20	1378	100		h	I
W4610.p3_L20	1379	101		i	C
W4610.p3_L20	1380	85		e	C
W4610.p3_L20	1381	60		z	I
W4610.p3_L20	1382	127			C
W4610.p3_L20	1383	148		?	U
W4610.p3_L20	1384	139		?	U
W4610.p3_L20	1385	180		?	U
W4610.p3_L20	1386	161		landgraf	M
W4610.p3_L21	1387	114		l	M
W4610.p3_L21	1388	61		a	C
W4610.p3_L21	1389	72		c	C
W4610.p3_L21	1390	9		o	C
W4610.p3_L21	1391	37		u	C
W4610.p3_L21	1392	21		r	C
W4610.p3_L21	1393	32		t	C
W4610.p3_L21	1394	133			C
W4610.p3_L21	1395	144			C
W4610.p3_L21	1396	78		d	C
W4610.p3_L21	1397	81		e	C
W4610.p3_L21	1398	151		?	U
W4610.p3_L21	1399	150		?	U
W4610.p3_L21	1400	118		m	M
W4610.p3_L22	1401	29		s	C
W4610.p3_L22	1402	101		i	C
W4610.p3_L22	1403	82		e	C
W4610.p3_L22	1404	39		u	C
W4610.p3_L22	1405	25		r	C
W4610.p3_L22	1406	135			C
W4610.p3_L22	1407	87		f	C
W4610.p3_L22	1408	21		r	C
W4610.p3_L22	1409	81		e	C
W4610.p3_L22	1410	24		r	C
W4610.p3_L22	1411	85		e	C
W4610.p3_L22	1412	76		d	C
W4610.p3_L22	1413	38		u	M
W4610.p3_L22	1414	192		roidespagne	H
W4610.p3_L22	1415	149		?	U
W4610.p3_L22	1416	84		e	C
W4610.p3_L22	1417	150		?	U
W4610.p3_L22	1418	27		s	C
W4610.p3_L22	1419	114		l	C
W4610.p3_L22	1420	81		e	C
W4610.p3_L22	1421	38		u	C
W4610.p3_L22	1422	21		r	M
W4610.p3_L22	1423	10		o	M
W4610.p3_L22	1424	55		y	I
W4610.p3_L22	1425	150		?	U
W4610.p3_L22	1426	125		?	U
W4610.p3_L23	1427	147		?	U
W4610.p3_L23	1428	94		g	C
W4610.p3_L23	1429	61		a	C
W4610.p3_L23	1430	28		s	C
W4610.p3_L23	1431	12		p	C
W4610.p3_L23	1432	62		a	C
W4610.p3_L23	1433	24		r	C
W4610.p3_L23	1434	184		?	U
W4610.p3_L23	1435	27		s	C
W4610.p3_L23	1436	84		e	C
W4610.p3_L23	1437	29		s	C
W4610.p3_L23	1438	84		e	C
W4610.p3_L23	1439	85		e	M
W4610.p3_L23	1440	64		a	M
W4610.p3_L23	1441	104		i	M
W4610.p3_L23	1442	73		c	M
W4610.p3_L23	1443	33		t	M
W4610.p3_L24	1444	28		s	M
W4610.p3_L24	1445	7		o	M
W4610.p3_L24	1446	112		l	M
W4610.p3_L24	1447	101		i	M
W4610.p3_L24	1448	72		c	M
W4610.p3_L24	1449	104		i	M
W4610.p3_L24	1450	9		o	M
W4610.p3_L24	1451	79		d	C
W4610.p3_L24	1452	82		e	C
W4610.p3_L24	1453	120		m	C
W4610.p3_L24	1454	62		a	C
W4610.p3_L24	1455	54		y	I
W4610.p3_L24	1456	125		?	U
W4610.p3_L24	1457	136		uingt	M
W4610.p3_L24	1458	147		?	U
W4610.p3_L25	1459	34		t	C
W4610.p3_L25	1460	78		d	C
W4610.p3_L25	1461	82		e	C
W4610.p3_L25	1462	151		?	U
W4610.p3_L25	1463	140		?	U
W4610.p3_L25	1464	53		y	I
W4610.p3_L25	1465	90		f	M
W4610.p3_L25	1466	63		a	M
W4610.p3_L25	1467	104		i	M
W4610.p3_L25	1468	74		c	M
W4610.p3_L25	1469	34		t	M
W4610.p3_L25	1470	15		p	M
W4610.p3_L25	1471	115		l	M
W4610.p3_L25	1472	61		a	C
W4610.p3_L25	1473	14		p	C
W4610.p3_L25	1474	63		a	C
W4610.p3_L25	1475	23		r	C
W4610.p3_L26	1476	70		b	I
W4610.p3_L26	1477	7		o	C
W4610.p3_L26	1478	4		n	C
W4610.p3_L26	1479	144			C
W4610.p3_L26	1480	125		?	U
W4610.p3_L27	1481	111		l	C
W4610.p3_L27	1482	85		e	C
W4610.p3_L27	1483	122			C
W4610.p3_L27	1484	26		s	C
W4610.p3_L27	1485	101		i	C
W4610.p3_L27	1486	81		e	C
W4610.p3_L27	1487	150		?	U
W4610.p3_L27	1488	112		l	C
W4610.p3_L27	1489	81		e	C
W4610.p3_L27	1490	37		u	C
W4610.p3_L27	1491	84		e	C
W4610.p3_L27	1492	25		r	C
W4610.p3_L27	1493	145		?	U
W4610.p3_L28	1494	140		?	U
W4610.p3_L28	1495	85		e	C
W4610.p3_L28	1496	50		x	I
W4610.p3_L28	1497	75		c	M
W4610.p3_L28	1498	76		d	C
W4610.p3_L29	1499	82		e	C
W4610.p3_L29	1500	24		r	C
W4610.p3_L29	1501	144			C
W4610.p3_L29	1502	125		?	U
W4610.p3_L29	1503	59		z	I
W4610.p3_L29	1504	30		s	C
W4610.p3_L29	1505	83		e	C
W4610.p3_L29	1506	124			C
W4610.p3_L29	1507	21		r	M
W4610.p3_L29	1508	81		e	M
W4610.p3_L29	1509	31		t	M
W4610.p3_L29	1510	101		i	M
W4610.p3_L29	1511	22		r	M
W4610.p3_L30	1512	37		u	C
W4610.p3_L30	1513	24		r	C
W4610.p3_L30	1514	71		c	C
W4610.p3_L30	1515	9		o	C
W4610.p3_L30	1516	38		u	C
W4610.p3_L30	1517	26		s	C
W4610.p3_L30	1518	133			M
W4610.p3_L30	1519	81		e	C
W4610.p3_L30	1520	22		r	C
W4610.p3_L30	1521	85		e	C
W4610.p3_L30	1522	111		l	C
W4610.p3_L30	1523	118		m	C
W4610.p3_L30	1524	81		e	C
W4610.p3_L30	1525	150		?	U
W4610.p3_L30	1526	114		l	C
W4610.p3_L30	1527	83		e	C
W4610.p3_L31	1528	27		s	C
W4610.p3_L31	1529	101		i	C
W4610.p3_L31	1530	61		a	C
W4610.p3_L31	1531	12		p	C
W4610.p3_L31	1532	83		e	C
W4610.p3_L31	1533	23		r	C
W4610.p3_L31	1534	78		d	C
W4610.p3_L31	1535	38		u	C
W4610.p3_L31	1536	79		d	M
W4610.p3_L31	1537	82		e	M
W4610.p3_L31	1538	90		f	C
W4610.p3_L31	1539	6		o	C
W4610.p3_L31	1540	24		r	C
W4610.p3_L31	1541	75		c	C
W4610.p3_L31	1542	85		e	C
W4610.p3_L31	1543	25		r	C
W4610.p3_L31	1544	126			C
W4611.p1_L01	0	140		?	U
W4611.p1_L01	1	116		m	C
W4611.p1_L01	2	62		a	M
W4611.p1_L01	3	122			C
W4611.p1_L01	4	117		m	C
W4611.p1_L01	5	62		a	C
W4611.p1_L01	6	111		l	C
W4611.p1_L01	7	63		a	C
W4611.p1_L01	8	76		d	C
W4611.p1_L01	9	101		i	C
W4611.p1_L01	10	81		e	C
W4611.p1_L01	11	130			C
W4611.p1_L01	12	127			C
W4611.p1_L01	13	66		b	M
W4611.p1_L01	14	26		s	C
W4611.p1_L01	15	72		c	C
W4611.p1_L01	16	2		n	M
W4611.p1_L01	17	78		d	M
W4611.p1_L01	18	83		e	C
W4611.p1_L01	19	145		?	U
W4611.p1_L01	20	126			C
W4611.p1_L02	21	56		z	M
W4611.p1_L02	22	21		r	C
W4611.p1_L02	23	84		e	C
W4611.p1_L02	24	22		r	C
W4611.p1_L02	25	81		e	C
W4611.p1_L02	26	27		s	C
W4611.p1_L02	27	123		l	M
W4611.p1_L02	28	142		?	U
W4611.p1_L02	29	134			C
W4611.p1_L02	30			?	U
W4611.p1_L02	31	112		l	C
W4611.p1_L02	32	36		u	C
W4611.p1_L02	33	2		n	C
W4611.p1_L02	34	122			C
W4611.p1_L02	35	28		s	C
W4611.p1_L02	36	72		c	C
W4611.p1_L02	37	63		a	C
W4611.p1_L02	38	37		u	C
W4611.p1_L02	39	6		o	C
W4611.p1_L02	40	105		i	C
W4611.p1_L02	41	23		r	C
W4611.p1_L02	42	125		?	U
W4611.p1_L02	43	132			C
W4611.p1_L03	44	172		lecontejean	H
W4611.p1_L03	45	64		a	C
W4611.p1_L03	46	114		l	C
W4611.p1_L03	47	111		l	C
W4611.p1_L03	48	81		e	C
W4611.p1_L03	49	125		?	U
W4611.p1_L03	50	129			M
W4611.p1_L03	51	39		u	C
W4611.p1_L03	52	82		e	C
W4611.p1_L03	53	24		r	C
W4611.p1_L03	54	29		s	C
W4611.p1_L03	55	139		?	U
W4611.p1_L03	56	30		s	C
W4611.p1_L03	57	31		t	M
W4611.p1_L03	58	25		r	C
W4611.p1_L03	59	65		a	C
W4611.p1_L03	60	26		s	C
W4611.p1_L03	61	67		b	I
W4611.p1_L03	62	7		o	C
W4611.p1_L03	63	39		u	C
W4611.p1_L03	64	21		r	M
W4611.p1_L03	65	91		g	C
W4611.p1_L03	66	141			C
W4611.p1_L03	67	127			C
W4611.p1_L04	68	174		?	U
W4611.p1_L04	69	199		?	U
W4611.p1_L04	70	60		z	I
W4611.p1_L04	71	63		a	C
W4611.p1_L04	72	130			C
W4611.p1_L05	73	7		o	M
W4611.p1_L05	74	111		l	C
W4611.p1_L05	75	82		e	C
W4611.p1_L05	76	40		u	C
W4611.p1_L05	77	21		r	C
W4611.p1_L05	78	131			C
W4611.p1_L05	79	23		r	C
W4611.p1_L05	80	83		e	C
W4611.p1_L05	81	34		t	C
W4611.p1_L05	82	10		o	C
W4611.p1_L05	83	36		u	C
W4611.p1_L05	84	24		r	C
W4611.p1_L05	85	124			C
W4611.p1_L05	86	135			C
W4611.p1_L05	87	16		q	C
W4611.p1_L05	88	37		u	C
W4611.p1_L05	89	104		i	C
W4611.p1_L05	90	112		l	C
W4611.p1_L05	91	36		u	C
W4611.p1_L05	92	64		a	C
W4611.p1_L05	93	38		u	C
W4611.p1_L05	94	23		r	C
W4611.p1_L05	95	7		o	C
W4611.p1_L05	96	4		n	C
W4611.p1_L05	97	85		e	C
W4611.p1_L05	98	145		?	U
W4611.p1_L06	99	87		f	C
W4611.p1_L06	100	64		a	C
W4611.p1_L06	101	105		i	C
W4611.p1_L06	102	75		c	C
W4611.p1_L06	103	34		t	C
W4611.p1_L06	104	145		?	U
W4611.p1_L06	105	127			C
W4611.p1_L06	106	80		d	C
W4611.p1_L06	107	85		e	C
W4611.p1_L06	108	118		m	C
W4611.p1_L06	109	84		e	C
W4611.p1_L06	110	39		u	C
W4611.p1_L06	111	25		r	C
W4611.p1_L06	112	85		e	C
W4611.p1_L06	113	5		n	C
W4611.p1_L06	114	34		t	C
W4611.p1_L06	115	72		c	M
W4611.p1_L06	116	81		e	C
W4611.p1_L06	117	1		n	M
W4611.p1_L06	118	32		t	C
W4611.p1_L07	119	133			C
W4611.p1_L07	120	124			C
W4611.p1_L07	121	25		r	C
W4611.p1_L07	122	101		i	C
W4611.p1_L07	123	81		e	C
W4611.p1_L07	124	8		o	C
W4611.p1_L07	125	121			C
W4611.p1_L07	126	62		a	C
W4611.p1_L07	127	37		u	C
W4611.p1_L07	128	150		?	U
W4611.p1_L07	129	97		h	I
W4611.p1_L07	130	63		a	C
W4611.p1_L07	131	57		z	C
W4611.p1_L07	132	64		a	C
W4611.p1_L07	133	23		r	C
W4611.p1_L07	134	79		d	C
W4611.p1_L07	135	148		?	U
W4611.p1_L08	136	114		l	C
W4611.p1_L08	137	83		e	C
W4611.p1_L08	138	31		t	C
W4611.p1_L08	139	35		t	C
W4611.p1_L08	140	21		r	C
W4611.p1_L08	141	85		e	C
W4611.p1_L08	142	28		s	C
W4611.p1_L08	143	139		?	U
W4611.p1_L08	144	144			C
W4611.p1_L08	145	83		e	C
W4611.p1_L08	146	29		s	C
W4611.p1_L08	147	34		t	C
W4611.p1_L08	148	24		r	C
W4611.p1_L08	149	84		e	C
W4611.p1_L08	150	134			C
W4611.p1_L08	151	30		s	C
W4611.p1_L08	152	39		u	C
W4611.p1_L08	153	25		r	C
W4611.p1_L08	154	21		r	M
W4611.p1_L08	155	26		s	C
W4611.p1_L09	156	103		i	C
W4611.p1_L09	157	3		n	M
W4611.p1_L09	158	29		s	C
W4611.p1_L09	159	81		e	C
W4611.p1_L09	160	26		s	C
W4611.p1_L09	161	148		?	U
W4611.p1_L09	162	137			C
W4611.p1_L09	163	100		h	I
W4611.p1_L09	164	81		e	C
W4611.p1_L09	165	113		l	C
W4611.p1_L09	166	105		i	C
W4611.p1_L09	167	4		n	C
W4611.p1_L09	168	150		?	U
W4611.p1_L09	169	12		p	C
W4611.p1_L09	170	8		o	C
W4611.p1_L10	171	37		u	C
W4611.p1_L10	172	22		r	C
W4611.p1_L10	173	142		?	U
W4611.p1_L10	174	35		t	C
W4611.p1_L10	175	9		o	C
W4611.p1_L10	176	40		u	C
W4611.p1_L10	177	29		s	C
W4611.p1_L10	178	129			M
W4611.p1_L10	179	137			C
W4611.p1_L10	180	64		a	C
W4611.p1_L10	181	77		d	C
W4611.p1_L10	182	38		u	C
W4611.p1_L10	183	81		e	C
W4611.p1_L10	184	22		r	C
W4611.p1_L10	185	32		t	C
W4611.p1_L10	186	104		i	C
W4611.p1_L10	187	29		s	M
W4611.p1_L10	188	125		?	U
W4611.p1_L10	189	148		?	U
W4611.p1_L11	190	60		z	I
W4611.p1_L11	191	6		o	C
W4611.p1_L11	192	60		z	I
W4611.p1_L11	193	15		p	C
W4611.p1_L11	194	115		l	C
W4611.p1_L11	195	38		u	C
W4611.p1_L11	196	28		s	C
W4611.p1_L11	197	127			C
W4611.p1_L11	198	30		s	M
W4611.p1_L12	199	85		e	C
W4611.p1_L12	200	39		u	C
W4611.p1_L12	201	25		r	C
W4611.p1_L12	202	84		e	C
W4611.p1_L12	203	120		m	C
W4611.p1_L12	204	53		y	I
W4611.p1_L12	205	4		n	C
W4611.p1_L12	206	33		t	C
W4611.p1_L12	207	144			C
W4611.p1_L12	208	2		n	C
W4611.p1_L12	209	9		o	C
W4611.p1_L12	210	37		u	C
W4611.p1_L12	211	27		s	C
W4611.p1_L12	212	28		s	C
W4611.p1_L12	213	75		c	C
W4611.p1_L12	214	65		a	C
W4611.p1_L12	215	40		u	C
W4611.p1_L12	216	10		o	C
W4611.p1_L12	217	105		i	C
W4611.p1_L12	218	25		r	C
W4611.p1_L12	219	125		?	U
W4611.p1_L12	220	135			M
W4611.p1_L12	221	144			C
W4611.p1_L13	222	31		t	M
W4611.p1_L13	223	9		o	C
W4611.p1_L13	224	38		u	C
W4611.p1_L13	225	33		t	C
W4611.p1_L13	226	83		e	C
W4611.p1_L13	227	28		s	C
W4611.p1_L13	228	150		?	U
W4611.p1_L13	229	127			C
W4611.p1_L13	230	74		c	C
W4611.p1_L13	231	99		h	I
W4611.p1_L13	232	7		o	C
W4611.p1_L13	233	26		s	C
W4611.p1_L13	234	84		e	C
W4611.p1_L13	235	29		s	C
W4611.p1_L13	236	149		?	U
W4611.p1_L13	237	138			C
W4611.p1_L13	238	60		z	I
W4611.p1_L14	239	70		b	I
W4611.p1_L14	240	24		r	C
W4611.p1_L14	241	39		u	C
W4611.p1_L14	242	104		i	C
W4611.p1_L14	243	34		t	C
W4611.p1_L14	244	150		?	U
W4611.p1_L14	245	129			M
W4611.p1_L14	246	20		q	C
W4611.p1_L14	247	40		u	C
W4611.p1_L14	248	85		e	C
W4611.p1_L14	249	127			C
W4611.p1_L14	250	200		herzogvonalba	C
W4611.p1_L14	251	27		s	C
W4611.p1_L14	252	83		e	C
W4611.p1_L14	253	119		m	C
W4611.p1_L14	254	84		e	C
W4611.p1_L14	255	148		?	U
W4611.p1_L14	256	101		i	C
W4611.p1_L14	257	71		c	C
W4611.p1_L14	258	51		y	I
W4611.p1_L14	259	80		d	C
W4611.p1_L14	260	82		e	C
W4611.p1_L14	261	26		s	C
W4611.p1_L15	262	139		?	U
W4611.p1_L15	263	89		f	I
W4611.p1_L15	264	6		o	C
W4611.p1_L15	265	21		r	C
W4611.p1_L15	266	73		c	C
W4611.p1_L15	267	83		e	C
W4611.p1_L15	268	27		s	C
W4611.p1_L15	269	130			C
W4611.p1_L15	270	18		q	C
W4611.p1_L15	271	38		u	C
W4611.p1_L15	272	104		i	C
W4611.p1_L15	273	114		l	C
W4611.p1_L15	274	150		?	U
W4611.p1_L15	275	118		m	C
W4611.p1_L15	276	81		e	C
W4611.p1_L15	277	74		c	C
W4611.p1_L15	278	32		t	C
W4611.p1_L15	279	28		s	C
W4611.p1_L15	280	37		u	C
W4611.p1_L15	281	30		s	C
W4611.p1_L15	282	140		?	U
W4611.p1_L15	283	121			C
W4611.p1_L15	284	137			C
W4611.p1_L16	285	102		i	C
W4611.p1_L16	286	9		o	C
W4611.p1_L16	287	105		i	C
W4611.p1_L16	288	4		n	C
W4611.p1_L16	289	79		d	C
W4611.p1_L16	290	24		r	C
W4611.p1_L16	291	84		e	C
W4611.p1_L16	292	143			C
W4611.p1_L16	293	73		c	C
W4611.p1_L16	294	83		e	C
W4611.p1_L16	295	111		l	C
W4611.p1_L16	296	113		l	C
W4611.p1_L16	297	85		e	C
W4611.p1_L16	298	28		s	C
W4611.p1_L16	299	129			M
W4611.p1_L16	300	19		q	C
W4611.p1_L16	301	39		u	C
W4611.p1_L16	302	105		i	C
W4611.p1_L16	303	130			C
W4611.p1_L16	304	125		?	U
W4611.p1_L16	305	115		l	C
W4611.p1_L16	306	40		u	C
W4611.p1_L17	307	55		y	I
W4611.p1_L17	308	136		uingt	M
W4611.p1_L17	309	27		s	C
W4611.p1_L17	310	9		o	C
W4611.p1_L17	311	5		n	C
W4611.p1_L17	312	35		t	C
W4611.p1_L17	313	38		u	M
W4611.p1_L17	314	81		e	C
W4611.p1_L17	315	2		n	C
W4611.p1_L17	316	39		u	C
W4611.p1_L17	317	82		e	C
W4611.p1_L17	318	29		s	C
W4611.p1_L17	319	248		?	U
W4611.p1_L17	320	126			C
W4611.p1_L17	321	204		?	U
W4611.p1_L17	322	150		?	U
W4611.p1_L17	323	74		c	C
W4611.p1_L17	324	24		r	C
W4611.p1_L17	325	84		e	C
W4611.p1_L17	326	104		i	C
W4611.p1_L18	327	77		d	C
W4611.p1_L18	328	25		r	C
W4611.p1_L18	329	84		e	C
W4611.p1_L18	330	125		?	U
W4611.p1_L18	331	144			C
W4611.p1_L18	332	71		c	C
W4611.p1_L18	333	85		e	C
W4611.p1_L18	334	36		u	C
W4611.p1_L18	335	46		x	I
W4611.p1_L18	336	150		?	U
W4611.p1_L18	337	129			M
W4611.p1_L18	338	3		n	C
W4611.p1_L18	339	9		o	C
W4611.p1_L18	340	39		u	C
W4611.p1_L18	341	29		s	C
W4611.p1_L19	342	122			C
W4611.p1_L19	343	76		d	C
W4611.p1_L19	344	10		o	C
W4611.p1_L19	345	104		i	C
W4611.p1_L19	346	66		b	C
W4611.p1_L19	347	31		t	C
W4611.p1_L19	348	142		?	U
W4611.p1_L19	349	32		t	C
W4611.p1_L19	350	2		n	C
W4611.p1_L19	351	72		c	C
W4611.p1_L19	352	7		o	C
W4611.p1_L19	353	37		u	C
W4611.p1_L19	354	23		r	C
W4611.p1_L19	355	41		v	I
W4611.p1_L19	356	91		g	C
W4611.p1_L19	357	82		e	C
W4611.p1_L19	358	24		r	C
W4611.p1_L19	359	148		?	U
W4611.p1_L19	360	135			C
W4611.p1_L19	361	88		f	C
W4611.p1_L19	362	62		a	C
W4611.p1_L19	363	102		i	C
W4611.p1_L19	364	22		r	C
W4611.p1_L19	365	82		e	C
W4611.p1_L20	366	1		n	C
W4611.p1_L20	367	8		o	C
W4611.p1_L20	368	38		u	C
W4611.p1_L20	369	29		s	C
W4611.p1_L20	370	14		p	C
W4611.p1_L20	371	10		o	C
W4611.p1_L20	372	39		u	C
W4611.p1_L20	373	21		r	C
W4611.p1_L20	374	25		r	C
W4611.p1_L20	375	6		o	C
W4611.p1_L20	376	2		n	C
W4611.p1_L20	377	26		s	C
W4611.p1_L20	378	147		?	U
W4611.p1_L20	379	228		?	U
W4611.p1_L20	380	24		r	C
W4611.p1_L20	381	84		e	C
W4611.p1_L20	382	29		s	C
W4611.p1_L20	383	34		t	C
W4611.p1_L20	384	83		e	M
W4611.p1_L20	385	150		?	U
W4611.p1_L21	386	81		e	C
W4611.p1_L21	387	4		n	C
W4611.p1_L21	388	50		x	I
W4611.p1_L21	389	105		i	C
W4611.p1_L21	390	85		e	C
W4611.p1_L21	391	40		u	C
W4611.p1_L21	392	141			C
W4611.p1_L21	393	87		f	C
W4611.p1_L21	394	8		o	C
W4611.p1_L21	395	22		r	C
W4611.p1_L21	396	72		c	C
W4611.p1_L21	397	82		e	C
W4611.p1_L21	398	27		s	C
W4611.p1_L21	399	128			M
W4611.p1_L21	400	29		s	C
W4611.p1_L21	401	9		o	C
W4611.p1_L21	402	4		n	C
W4611.p1_L21	403	35		t	C
W4611.p1_L21	404	149		?	U
W4611.p1_L21	405	127			C
W4611.p1_L21	406	33		t	C
W4611.p1_L22	407	25		r	C
W4611.p1_L22	408	7		o	C
W4611.p1_L22	409	63		a	C
W4611.p1_L22	410	34		t	C
W4611.p1_L22	411	32		t	C
W4611.p1_L22	412	22		r	C
W4611.p1_L22	413	6		o	C
W4611.p1_L22	414	12		p	C
W4611.p1_L22	415	33		t	C
W4611.p1_L22	416	144			C
W4611.p1_L22	417	125		?	U
W4611.p1_L22	418	138			C
W4611.p1_L22	419	89		f	I
W4611.p1_L22	420	10		o	C
W4611.p1_L22	421	102		i	C
W4611.p1_L22	422	70		b	I
W4611.p1_L22	423	113		l	C
W4611.p1_L22	424	83		e	C
W4611.p1_L22	425	29		s	C
W4611.p1_L22	426	150		?	U
W4611.p1_L22	427	129			M
W4611.p1_L23	428	111		l	C
W4611.p1_L23	429	85		e	C
W4611.p1_L23	430	145		?	U
W4611.p1_L23	431	1		n	C
W4611.p1_L23	432	82		e	C
W4611.p1_L23	433	72		c	C
W4611.p1_L23	434	83		e	C
W4611.p1_L23	435	26		s	C
W4611.p1_L23	436	30		s	C
W4611.p1_L23	437	101		i	C
W4611.p1_L23	438	37		u	C
W4611.p1_L23	439	83		e	C
W4611.p1_L23	440	124			C
W4611.p1_L23	441	148		?	U
W4611.p1_L24	442	6		o	M
W4611.p1_L24	443	36		u	C
W4611.p1_L24	444	150		?	U
W4611.p1_L24	445	35		t	M
W4611.p1_L24	446	29		s	C
W4611.p1_L24	447	31		t	C
W4611.p1_L24	448	223		harlem	C
W4611.p1_L24	449	102		i	C
W4611.p1_L24	450	214		?	U
W4611.p1_L24	451	140		?	U
W4611.p1_L24	452	71		c	C
W4611.p1_L24	453	9		o	C
W4611.p1_L24	454	39		u	C
W4611.p1_L24	455	24		r	C
W4611.p1_L24	456	34		t	C
W4611.p1_L24	457	104		i	C
W4611.p1_L24	458	71		c	C
W4611.p1_L24	459	54		y	I
W4611.p1_L24	460	150		?	U
W4611.p1_L25	461	79		d	C
W4611.p1_L25	462	105		i	C
W4611.p1_L25	463	39		u	C
W4611.p1_L25	464	84		e	C
W4611.p1_L25	465	25		r	C
W4611.p1_L25	466	28		s	C
W4611.p1_L25	467	127			C
W4611.p1_L25	468	64		a	M
W4611.p1_L25	469	22		r	C
W4611.p1_L25	470	37		u	C
W4611.p1_L25	471	103		i	C
W4611.p1_L25	472	32		t	C
W4611.p1_L25	473	58		z	I
W4611.p1_L25	474	149		?	U
W4611.p1_L26	475	85		e	M
W4611.p1_L26	476	5		n	C
W4611.p1_L26	477	84		e	C
W4611.p1_L26	478	26		s	C
W4611.p1_L26	479	31		t	C
W4611.p1_L26	480	122			C
W4611.p1_L26	481	133			C
W4611.p1_L26	482	95		g	M
W4611.p1_L26	483	84		e	C
W4611.p1_L26	484	4		n	C
W4611.p1_L26	485	29		s	C
W4611.p1_L26	486	150		?	U
W4611.p1_L27	487	20		q	C
W4611.p1_L27	488	40		u	C
W4611.p1_L27	489	105		i	C
W4611.p1_L27	490	28		s	C
W4611.p1_L27	491	88		f	C
W4611.p1_L27	492	122			C
W4611.p1_L27	493	22		r	C
W4611.p1_L27	494	82		e	C
W4611.p1_L27	495	27		s	C
W4611.p1_L27	496	85		e	C
W4611.p1_L27	497	5		n	C
W4611.p1_L27	498	35		t	C
W4611.p1_L27	499	84		e	C
W4611.p1_L27	500	4		n	C
W4611.p1_L27	501	34		t	C
W4611.p1_L27	502	124			C
W4611.p1_L27	503	135			C
W4611.p1_L28	504	61		a	C
W4611.p1_L28	505	36		u	C
W4611.p1_L28	506	31		t	C
W4611.p1_L28	507	21		r	C
W4611.p1_L28	508	81		e	M
W4611.p1_L28	509	26		s	C
W4611.p1_L28	510	133			C
W4611.p1_L28	511	141			C
W4611.p1_L28	512	87		f	C
W4611.p1_L28	513	27		s	C
W4611.p1_L28	514	83		e	C
W4611.p1_L28	515	25		r	C
W4611.p1_L28	516	85		e	C
W4611.p1_L28	517	30		s	C
W4611.p1_L28	518	140		?	U
W4611.p1_L28	519	82		e	C
W4611.p1_L28	520	2		n	C
W4611.p1_L28	521	29		s	C
W4611.p1_L28	522	9		o	C
W4611.p1_L28	523	116		m	C
W4611.p1_L28	524	120		m	C
W4611.p1_L28	525	84		e	C
W4611.p1_L28	526	28		s	C
W4611.p1_L29	527	150		?	U
W4611.p1_L29	528	39		u	C
W4611.p1_L29	529	104		i	C
W4611.p1_L29	530	87		f	C
W4611.p1_L29	531	37		u	C
W4611.p1_L29	532	83		e	C
W4611.p1_L29	533	119		m	C
W4611.p1_L29	534	81		e	C
W4611.p1_L29	535	1		n	C
W4611.p1_L29	536	31		t	C
W4611.p1_L29	537	135			C
W4611.p1_L29	538	147		?	U
W4611.p1_L29	539	129			M
W4611.p1_L29	540	11		p	M
W4611.p1_L29	541	51		y	I
W4611.p1_L29	542	21		r	M
W4611.p1_L29	543	74		c	M
W4611.p1_L29	544	10		o	M
W4611.p1_L29	545	39		u	M
W4611.p1_L29	546	75		c	M
W4611.p1_L29	547	100		h	I
W4611.p1_L29	548	85		e	M
W4611.p1_L29	549	60		z	I
W4611.p1_L29	550	150		?	U
W4611.p1_L29	551	52		y	I
W4611.p1_L29	552	40		u	M
W4611.p1_L30	553	74		c	C
W4611.p1_L30	554	36		u	C
W4611.p1_L30	555	82		e	C
W4611.p1_L30	556	39		u	C
W4611.p1_L30	557	25		r	C
W4611.p1_L30	558	121			C
W4611.p1_L30	559	127			M
W4611.p1_L30	560	12		p	M
W4611.p1_L30	561	51		y	I
W4611.p1_L30	562	21		r	M
W4611.p1_L30	563	140		?	U
W4611.p1_L30	564	5		n	M
W4611.p1_L30	565	6		o	M
W4611.p1_L30	566	26		s	M
W4611.p1_L30	567	31		t	M
W4611.p1_L30	568	22		r	M
W4611.p1_L30	569	82		e	M
W4611.p1_L30	570	127			C
W4611.p1_L30	571	101		i	M
W4611.p1_L30	572	4		n	M
W4611.p1_L31	573	78		d	C
W4611.p1_L31	574	38		u	C
W4611.p1_L31	575	27		s	C
W4611.p1_L31	576	32		t	M
W4611.p1_L31	577	24		r	C
W4611.p1_L31	578	104		i	C
W4611.p1_L31	579	84		e	C
W4611.p1_L31	580	125		?	U
W4611.p1_L31	581	129			M
W4611.p1_L31	582	147		?	U
W4611.p1_L31	583	77		d	C
W4611.p1_L31	584	105		i	C
W4611.p1_L31	585	112		l	C
W4611.p1_L31	586	104		i	C
W4611.p1_L31	587	95		g	M
W4611.p1_L31	588	85		e	M
W4611.p1_L31	589	5		n	C
W4611.p1_L31	590	75		c	C
W4611.p1_L31	591	84		e	C
W4611.p1_L31	592	150		?	U
W4611.p1_L32	593	15		p	M
W4611.p1_L32	594	38		u	C
W4611.p1_L32	595	81		e	C
W4611.p1_L32	596	4		n	C
W4611.p1_L32	597	9		o	C
W4611.p1_L32	598	39		u	C
W4611.p1_L32	599	29		s	C
W4611.p1_L32	600	148		?	U
W4611.p1_L32	601	64		a	C
W4611.p1_L32	602	104		i	C
W4611.p1_L32	603	10		o	C
W4611.p1_L32	604	5		n	C
W4611.p1_L32	605	30		s	C
W4611.p1_L32	606	125		?	U
W4611.p1_L32	607	134			C
W4611.p1_L32	608	14		p	C
W4611.p1_L32	609	82		e	C
W4611.p1_L32	610	40		u	C
W4611.p1_L32	611	65		a	C
W4611.p1_L32	612	39		u	C
W4611.p1_L32	613	9		o	C
W4611.p1_L32	614	3		n	C
W4611.p1_L32	615	30		s	C
W4611.p1_L33	616	26		s	C
W4611.p1_L33	617	71		c	C
W4611.p1_L33	618	81		e	C
W4611.p1_L33	619	36		u	C
W4611.p1_L33	620	147		?	U
W4611.p1_L33	621	128			M
W4611.p1_L33	622	21		r	C
W4611.p1_L33	623	82		e	C
W4611.p1_L33	624	117		m	C
W4611.p1_L33	625	84		e	C
W4611.p1_L33	626	76		d	C
W4611.p1_L33	627	105		i	C
W4611.p1_L33	628	83		e	C
W4611.p1_L33	629	24		r	C
W4611.p1_L33	630	149		?	U
W4611.p1_L33	631	127			C
W4611.p1_L33	632	71		c	M
W4611.p1_L33	633	8		o	C
W4611.p1_L33	634	28		s	C
W4611.p1_L33	635	34		t	C
W4611.p1_L34	636	85		e	C
W4611.p1_L34	637	101		i	C
W4611.p1_L34	638	74		c	C
W4611.p1_L34	639	53		y	I
W4611.p1_L34	640	135			C
W4611.p1_L34	641	127			C
W4611.p1_L34	642	6		o	C
W4611.p1_L34	643	4		n	C
W4611.p1_L34	644	5		n	C
W4611.p1_L34	645	9		o	C
W4611.p1_L34	646	150		?	U
W4611.p1_L34	647	38		u	C
W4611.p1_L34	648	29		s	C
W4611.p1_L35	649	133			C
W4611.p1_L35	650	38		u	C
W4611.p1_L35	651	64		a	C
W4611.p1_L35	652	102		i	C
W4611.p1_L35	653	72		c	C
W4611.p1_L35	654	31		t	M
W4611.p1_L35	655	142		?	U
W4611.p1_L35	656	10		o	C
W4611.p1_L35	657	37		u	C
W4611.p1_L35	658	40		u	C
W4611.p1_L35	659	81		e	C
W4611.p1_L35	660	21		r	C
W4611.p1_L35	661	32		t	C
W4611.p1_L35	662	38		u	C
W4611.p1_L35	663	23		r	C
W4611.p1_L35	664	83		e	C
W4611.p1_L35	665	29		s	C
W4611.p1_L35	666	148		?	U
W4611.p1_L35	667	124			C
W4611.p1_L35	668	150		?	U
W4611.p1_L36	669	80		d	C
W4611.p1_L36	670	82		e	C
W4611.p1_L36	671	2		n	C
W4611.p1_L36	672	32		t	C
W4611.p1_L36	673	22		r	C
W4611.p1_L36	674	83		e	C
W4611.p1_L36	675	12		p	C
W4611.p1_L36	676	24		r	C
W4611.p1_L36	677	101		i	C
W4611.p1_L36	678	1		n	C
W4611.p1_L36	679	26		s	C
W4611.p1_L36	680	84		e	C
W4611.p1_L36	681	30		s	C
W4611.p1_L36	682	100		h	I
W4611.p1_L36	683	85		e	C
W4611.p1_L36	684	111		l	C
W4611.p1_L36	685	105		i	C
W4611.p1_L36	686	3		n	M
W4611.p1_L36	687	150		?	U
W4611.p1_L37	688	114		l	C
W4611.p1_L37	689	84		e	C
W4611.p1_L37	690	150		?	U
W4611.p1_L37	691	74		c	C
W4611.p1_L37	692	9		o	C
W4611.p1_L37	693	4		n	C
W4611.p1_L37	694	34		t	C
W4611.p1_L37	695	85		e	C
W4611.p1_L37	696	36		u	C
W4611.p1_L37	697	61		a	C
W4611.p1_L37	698	1		n	C
W4611.p1_L37	699	70		b	I
W4611.p1_L37	700	82		e	C
W4611.p1_L37	701	2		n	C
W4611.p1_L37	702	67		b	I
W4611.p1_L37	703	83		e	C
W4611.p1_L37	704	23		r	C
W4611.p1_L37	705	91		g	C
W4611.p1_L37	706	100		h	I
W4611.p1_L37	707	85		e	C
W4611.p1_L37	708	150		?	U
W4611.p1_L38	709	120		m	C
W4611.p1_L38	710	74		c	C
W4611.p1_L38	711	119		m	C
W4611.p1_L38	712	63		a	M
W4611.p1_L38	713	3		n	C
W4611.p1_L38	714	77		d	C
W4611.p1_L38	715	83		e	C
W4611.p1_L38	716	124			C
W4611.p1_L38	717	135			M
W4611.p1_L38	718	146		?	U
W4611.p1_L38	719	19		q	C
W4611.p1_L38	720	39		u	C
W4611.p1_L38	721	104		i	C
W4611.p1_L38	722	114		l	C
W4611.p1_L38	723	134			C
W4611.p1_L38	724	34		t	C
W4611.p1_L39	725	101		i	C
W4611.p1_L39	726	81		e	C
W4611.p1_L39	727	4		n	C
W4611.p1_L39	728	33		t	C
W4611.p1_L39	729	150		?	U
W4611.p1_L39	730	111		l	C
W4611.p1_L39	731	63		a	C
W4611.p1_L39	732	28		s	C
W4611.p1_L39	733	78		d	C
W4611.p1_L39	734	24		r	C
W4611.p1_L39	735	47		x	I
W4611.p1_L39	736	23		r	C
W4611.p1_L39	737	103		i	C
W4611.p1_L39	738	3		n	C
W4611.p1_L39	739	29		s	C
W4611.p1_L39	740	83		e	C
W4611.p1_L39	741	147		?	U
W4611.p1_L39	742	123		l	M
W4611.p1_L39	743	254		?	U
W4611.p1_L40	744	33		t	C
W4611.p1_L40	745	9		o	C
W4611.p1_L40	746	79		d	C
W4611.p1_L40	747	34		t	C
W4611.p1_L40	748	84		e	C
W4611.p1_L40	749	125		?	U
W4611.p1_L40	750	61		a	C
W4611.p1_L40	751	26		s	C
W4611.p1_L40	752	30		s	C
W4611.p1_L40	753	81		e	C
W4611.p1_L40	754	56		z	C
W4611.p1_L40	755	22		r	C
W4611.p1_L40	756	83		e	C
W4611.p1_L40	757	75		c	C
W4611.p1_L40	758	145		?	U
W4611.p2_L01	759	21		r	C
W4611.p2_L01	760	80		d	C
W4611.p2_L01	761	31		t	C
W4611.p2_L01	762	101		i	C
W4611.p2_L01	763	22		r	C
W4611.p2_L01	764	82		e	C
W4611.p2_L01	765	24		r	C
W4611.p2_L01	766	9		o	C
W4611.p2_L01	767	102		i	C
W4611.p2_L01	768	32		t	C
W4611.p2_L01	769	150		?	U
W4611.p2_L01	770	129			M
W4611.p2_L01	771	221		hollande	H
W4611.p2_L01	772	69		b	I
W4611.p2_L01	773	84		e	C
W4611.p2_L01	774	61		a	C
W4611.p2_L01	775	70		b	I
W4611.p2_L01	776	71		c	C
W4611.p2_L01	777	6		o	C
W4611.p2_L01	778	38		u	C
W4611.p2_L01	779	12		p	C
W4611.p2_L01	780	48		x	I
W4611.p2_L01	781	127			C
W4611.p2_L02	782	150		?	U
W4611.p2_L02	783	90		f	C
W4611.p2_L02	784	10		o	C
W4611.p2_L02	785	25		r	C
W4611.p2_L02	786	71		c	C
W4611.p2_L02	787	85		e	C
W4611.p2_L02	788	30		s	C
W4611.p2_L02	789	200		herzogvonalba	C
W4611.p2_L02	790	114		l	C
W4611.p2_L02	791	84		e	M
W4611.p2_L02	792	74		c	C
W4611.p2_L02	793	64		a	C
W4611.p2_L02	794	12		p	C
W4611.p2_L02	795	14		p	C
W4611.p2_L02	796	104		i	C
W4611.p2_L02	797	34		t	C
W4611.p2_L02	798	55		y	I
W4611.p2_L02	799	105		i	C
W4611.p2_L02	800	5		n	C
W4611.p2_L02	801	85		e	C
W4611.p2_L02	802	148		?	U
W4611.p2_L02	803	127			C
W4611.p2_L03	804	21		r	C
W4611.p2_L03	805	38		u	M
W4611.p2_L03	806	76		d	C
W4611.p2_L03	807	6		o	C
W4611.p2_L03	808	111		l	M
W4611.p2_L03	809	86		f	C
W4611.p2_L03	810	90		f	C
W4611.p2_L03	811	140		?	U
W4611.p2_L03	812	135			C
W4611.p2_L03	813	36		u	C
W4611.p2_L03	814	81		e	C
W4611.p2_L03	815	4		n	C
W4611.p2_L03	816	118		m	C
W4611.p2_L03	817	101		i	C
W4611.p2_L03	818	1		n	C
W4611.p2_L03	819	2		n	C
W4611.p2_L03	820	82		e	C
W4611.p2_L03	821	4		n	C
W4611.p2_L03	822	145		?	U
W4611.p2_L03	823	138			C
W4611.p2_L03	824	39		u	C
W4611.p2_L03	825	5		n	C
W4611.p2_L03	826	65		a	C
W4611.p2_L04	827	40		u	C
W4611.p2_L04	828	114		l	C
W4611.p2_L04	829	34		t	C
W4611.p2_L04	830	25		r	C
W4611.p2_L04	831	84		e	C
W4611.p2_L04	832	127			C
W4611.p2_L04	833	145		?	U
W4611.p2_L04	834	138			C
W4611.p2_L04	835	25		r	C
W4611.p2_L04	836	10		o	C
W4611.p2_L04	837	8		o	C
W4611.p2_L04	838	75		c	C
W4611.p2_L04	839	105		i	C
W4611.p2_L04	840	75		c	C
W4611.p2_L04	841	55		y	I
W4611.p2_L04	842	150		?	U
W4611.p2_L04	843	9		o	C
W4611.p2_L04	844	89		f	I
W4611.p2_L04	845	87		f	C
W4611.p2_L04	846	25		r	C
W4611.p2_L05	847	84		e	C
W4611.p2_L05	848	145		?	U
W4611.p2_L05	849	127			C
W4611.p2_L05	850	77		d	C
W4611.p2_L05	851	81		e	C
W4611.p2_L05	852	117		m	C
W4611.p2_L05	853	84		e	C
W4611.p2_L05	854	4		n	C
W4611.p2_L05	855	83		e	C
W4611.p2_L05	856	29		s	C
W4611.p2_L05	857	124			C
W4611.p2_L05	858	37		u	C
W4611.p2_L05	859	103		i	C
W4611.p2_L05	860	3		n	C
W4611.p2_L05	861	92		g	C
W4611.p2_L05	862	35		t	M
W4611.p2_L05	863	149		?	U
W4611.p2_L05	864	73		c	C
W4611.p2_L05	865	6		o	C
W4611.p2_L05	866	113		l	M
W4611.p2_L05	867	12		p	C
W4611.p2_L05	868	65		a	C
W4611.p2_L05	869	105		i	C
W4611.p2_L06	870	93		g	C
W4611.p2_L06	871	4		n	C
W4611.p2_L06	872	104		i	C
W4611.p2_L06	873	83		e	C
W4611.p2_L06	874	29		s	C
W4611.p2_L06	875	129			M
W4611.p2_L06	876	140		?	U
W4611.p2_L06	877	335		?	U
W4611.p2_L06	878	65		a	C
W4611.p2_L06	879	150		?	U
W4611.p2_L06	880	111		l	C
W4611.p2_L06	881	81		e	C
W4611.p2_L06	882	38		u	C
W4611.p2_L06	883	25		r	C
W4611.p2_L06	884	27		s	C
W4611.p2_L06	885	138			C
W4611.p2_L06	886	77		d	C
W4611.p2_L06	887	83		e	C
W4611.p2_L06	888	29		s	C
W4611.p2_L06	889	14		p	C
W4611.p2_L06	890	85		e	C
W4611.p2_L07	891	4		n	C
W4611.p2_L07	892	30		s	C
W4611.p2_L07	893	130			C
W4611.p2_L07	894	39		u	C
W4611.p2_L07	895	84		e	C
W4611.p2_L07	896	25		r	C
W4611.p2_L07	897	29		s	C
W4611.p2_L07	898	89		f	I
W4611.p2_L07	899	25		r	C
W4611.p2_L07	900	105		i	C
W4611.p2_L07	901	30		s	C
W4611.p2_L07	902	85		e	C
W4611.p2_L07	903	148		?	U
W4611.p2_L07	904	114		l	C
W4611.p2_L07	905	85		e	C
W4611.p2_L07	906	111		l	C
W4611.p2_L07	907	80		d	M
W4611.p2_L08	908	39		u	C
W4611.p2_L08	909	90		f	C
W4611.p2_L08	910	56		z	C
W4611.p2_L08	911	81		e	M
W4611.p2_L08	912	82		e	C
W4611.p2_L08	913	211		?	U
W4611.p2_L08	914	34		t	C
W4611.p2_L08	915	84		e	C
W4611.p2_L08	916	87		f	C
W4611.p2_L08	917	81		e	C
W4611.p2_L08	918	21		r	C
W4611.p2_L08	919	6		o	C
W4611.p2_L08	920	5		n	C
W4611.p2_L08	921	35		t	C
W4611.p2_L08	922	150		?	U
W4611.p2_L08	923	129			M
W4611.p2_L08	924	331		?	U
W4611.p2_L08	925	95		g	M
W4611.p2_L08	926	39		u	C
W4611.p2_L09	927	81		e	C
W4611.p2_L09	928	23		r	C
W4611.p2_L09	929	25		r	C
W4611.p2_L09	930	20		q	C
W4611.p2_L09	931	101		i	C
W4611.p2_L09	932	62		a	C
W4611.p2_L09	933	87		f	C
W4611.p2_L09	934	114		l	C
W4611.p2_L09	935	85		e	C
W4611.p2_L09	936	148		?	U
W4611.p2_L09	937	232		?	U
W4611.p2_L09	938	115		l	C
W4611.p2_L09	939	84		e	C
W4611.p2_L09	940	4		n	C
W4611.p2_L09	941	5		n	M
W4611.p2_L09	942	81		e	C
W4611.p2_L09	943	116		m	C
W4611.p2_L10	944	52		y	I
W4611.p2_L10	945	221		hollande	H
W4611.p2_L10	946	36		u	C
W4611.p2_L10	947	83		e	C
W4611.p2_L10	948	23		r	C
W4611.p2_L10	949	27		s	C
W4611.p2_L10	950	147		?	U
W4611.p2_L10	951	71		c	C
W4611.p2_L10	952	84		e	C
W4611.p2_L10	953	75		c	C
W4611.p2_L10	954	65		a	C
W4611.p2_L10	955	25		r	C
W4611.p2_L10	956	35		t	C
W4611.p2_L10	957	105		i	C
W4611.p2_L10	958	85		e	C
W4611.p2_L10	959	24		r	C
W4611.p2_L10	960	111		l	C
W4611.p2_L10	961	61		a	C
W4611.p2_L10	962	125		?	U
W4611.p2_L10	963	150		?	U
W4611.p2_L11	964	17		q	C
W4611.p2_L11	965	76		d	C
W4611.p2_L11	966	101		i	C
W4611.p2_L11	967	112		l	C
W4611.p2_L11	968	57		z	C
W4611.p2_L11	969	140		?	U
W4611.p2_L11	970	121			C
W4611.p2_L11	971	26		s	C
W4611.p2_L11	972	72		c	C
W4611.p2_L11	973	82		e	M
W4611.p2_L11	974	37		u	C
W4611.p2_L11	975	82		e	C
W4611.p2_L11	976	2		n	C
W4611.p2_L11	977	32		t	C
W4611.p2_L11	978	175		?	U
W4611.p2_L11	979	115		l	C
W4611.p2_L11	980	81		e	C
W4611.p2_L12	981	89		f	I
W4611.p2_L12	982	21		r	C
W4611.p2_L12	983	27		s	C
W4611.p2_L12	984	25		r	C
W4611.p2_L12	985	82		e	C
W4611.p2_L12	986	81		e	C
W4611.p2_L12	987	21		r	C
W4611.p2_L12	988	65		a	C
W4611.p2_L12	989	105		i	C
W4611.p2_L12	990	75		c	C
W4611.p2_L12	991	35		t	C
W4611.p2_L12	992	82		e	M
W4611.p2_L12	993	30		s	C
W4611.p2_L12	994	122			C
W4611.p2_L12	995	29		s	C
W4611.p2_L12	996	82		e	C
W4611.p2_L12	997	37		u	C
W4611.p2_L12	998	25		r	C
W4611.p2_L12	999	84		e	C
W4611.p2_L12	1000	26		s	M
W4611.p2_L13	1001	65		a	M
W4611.p2_L13	1002	26		s	M
W4611.p2_L13	1003	30		s	M
W4611.p2_L13	1004	81		e	M
W4611.p2_L13	1005	36		u	M
W4611.p2_L13	1006	21		r	M
W4611.p2_L13	1007	81		e	M
W4611.p2_L13	1008	1		n	M
W4611.p2_L13	1009	71		c	M
W4611.p2_L13	1010	84		e	M
W4611.p2_L13	1011	150		?	U
W4611.p2_L13	1012	127			M
W4611.p2_L13	1013	148		?	U
W4611.p2_L13	1014	19		q	M
W4611.p2_L13	1015	40		u	M
W4611.p2_L13	1016	73		c	M
W4611.p2_L14	1017	9		o	M
W4611.p2_L14	1018	42		v	I
W4611.p2_L14	1019	82		e	M
W4611.p2_L14	1020	114		l	M
W4611.p2_L14	1021	18		q	M
W4611.p2_L14	1022	39		u	M
W4611.p2_L14	1023	85		e	M
W4611.p2_L14	1024	127			M
W4611.p2_L14	1025	89		f	I
W4611.p2_L14	1026	10		o	M
W4611.p2_L14	1027	5		n	M
W4611.p2_L14	1028	79		d	M
W4611.p2_L14	1029	84		e	M
W4611.p2_L14	1030	120		m	M
W4611.p2_L14	1031	83		e	M
W4611.p2_L14	1032	3		n	M
W4611.p2_L14	1033	35		t	M
W4611.p2_L14	1034	140		?	U
W4611.p2_L14	1035	125		?	U
W4611.p2_L15	1036	311		?	U
W4611.p2_L15	1037	26		s	M
W4611.p2_L15	1038	82		e	M
W4611.p2_L15	1039	114		l	M
W4611.p2_L15	1040	18		q	M
W4611.p2_L15	1041	39		u	M
W4611.p2_L15	1042	85		e	M
W4611.p2_L15	1043	111		l	M
W4611.p2_L15	1044	85		e	M
W4611.p2_L15	1045	119		m	M
W4611.p2_L15	1046	81		e	M
W4611.p2_L15	1047	4		n	M
W4611.p2_L15	1048	74		c	M
W4611.p2_L15	1049	35		t	M
W4611.p2_L15	1050	114		l	M
W4611.p2_L15	1051	82		e	C
W4611.p2_L16	1052	82		e	C
W4611.p2_L16	1053	22		r	C
W4611.p2_L16	1054	149		?	U
W4611.p2_L16	1055	71		c	M
W4611.p2_L16	1056	81		e	C
W4611.p2_L16	1057	28		s	M
W4611.p2_L16	1058	71		c	M
W4611.p2_L16	1059	14		p	M
W4611.p2_L16	1060	64		a	M
W4611.p2_L16	1061	28		s	C
W4611.p2_L16	1062	71		c	M
W4611.p2_L16	1063	100		h	I
W4611.p2_L16	1064	65		a	M
W4611.p2_L16	1065	5		n	M
W4611.p2_L16	1066	95		g	M
W4611.p2_L17	1067	62		a	M
W4611.p2_L17	1068	72		c	M
W4611.p2_L17	1069	17		q	M
W4611.p2_L17	1070	37		u	M
W4611.p2_L17	1071	81		e	C
W4611.p2_L17	1072	21		r	C
W4611.p2_L17	1073	65		a	M
W4611.p2_L17	1074	122			M
W4611.p2_L17	1075	14		p	M
W4611.p2_L17	1076	64		a	M
W4611.p2_L17	1077	104		i	M
W4611.p2_L17	1078	4		n	M
W4611.p2_L17	1079	125		?	U
W4611.p2_L17	1080	135			M
W4611.p2_L17	1081	63		a	C
W4611.p2_L17	1082	39		u	C
W4611.p2_L17	1083	150		?	U
W4611.p2_L17	1084	200		herzogvonalba	C
W4611.p2_L18	1085	117		m	C
W4611.p2_L18	1086	63		a	C
W4611.p2_L18	1087	111		l	C
W4611.p2_L18	1088	36		u	C
W4611.p2_L18	1089	81		e	C
W4611.p2_L18	1090	101		i	C
W4611.p2_L18	1091	112		l	C
W4611.p2_L18	1092	115		l	M
W4611.p2_L18	1093	81		e	M
W4611.p2_L18	1094	94		g	C
W4611.p2_L18	1095	24		r	C
W4611.p2_L18	1096	64		a	C
W4611.p2_L18	1097	4		n	C
W4611.p2_L18	1098	79		d	C
W4611.p2_L18	1099	82		e	C
W4611.p2_L18	1100	122			C
W4611.p2_L18	1101	143			C
W4611.p2_L19	1102	12		p	C
W4611.p2_L19	1103	62		a	C
W4611.p2_L19	1104	22		r	C
W4611.p2_L19	1105	10		o	C
W4611.p2_L19	1106	37		u	M
W4611.p2_L19	1107	85		e	M
W4611.p2_L19	1108	63		a	M
W4611.p2_L19	1109	40		u	C
W4611.p2_L19	1110	311		?	U
W4611.p2_L19	1111	84		e	C
W4611.p2_L19	1112	34		t	C
W4611.p2_L19	1113	150		?	U
W4611.p2_L20	1114	101		i	C
W4611.p2_L20	1115	2		n	C
W4611.p2_L20	1116	245		?	U
W4611.p2_L20	1117	200		herzogvonalba	M
W4611.p2_L20	1118	65		a	M
W4611.p2_L20	1119	142		?	U
W4611.p2_L20	1120	125		?	U
W4611.p2_L20	1121	137			M
W4611.p2_L20	1122	60		z	I
W4611.p2_L20	1123	150		?	U
W4611.p2_L20	1124	200		herzogvonalba	C
W4611.p2_L20	1125	81		e	C
W4611.p2_L20	1126	111		l	C
W4611.p2_L21	1127	57		z	C
W4611.p2_L21	1128	120		m	M
W4611.p2_L21	1129	8		o	C
W4611.p2_L21	1130	2		n	C
W4611.p2_L21	1131	26		s	C
W4611.p2_L21	1132	100		h	I
W4611.p2_L21	1133	7		o	C
W4611.p2_L21	1134	116		m	C
W4611.p2_L21	1135	120		m	C
W4611.p2_L21	1136	82		e	C
W4611.p2_L21	1137	27		s	C
W4611.p2_L21	1138	142		?	U
W4611.p2_L21	1139	128			M
W4611.p2_L21	1140	71		c	C
W4611.p2_L21	1141	99		h	I
W4611.p2_L21	1142	8		o	C
W4611.p2_L21	1143	102		i	C
W4611.p2_L21	1144	28		s	C
W4611.p2_L21	1145	103		i	M
W4611.p2_L22	1146	119		m	C
W4611.p2_L22	1147	36		u	M
W4611.p2_L22	1148	7		o	M
W4611.p2_L22	1149	77		d	C
W4611.p2_L22	1150	86		f	C
W4611.p2_L22	1151	117		m	C
W4611.p2_L22	1152	67		b	I
W4611.p2_L22	1153	83		e	C
W4611.p2_L22	1154	61		a	M
W4611.p2_L22	1155	36		u	C
W4611.p2_L22	1156	72		c	C
W4611.p2_L22	1157	9		o	C
W4611.p2_L22	1158	38		u	M
W4611.p2_L22	1159	17		q	C
W4611.p2_L22	1160	139		?	U
W4611.p2_L22	1161	148		?	U
W4611.p2_L22	1162	76		d	C
W4611.p2_L22	1163	84		e	C
W4611.p2_L22	1164	74		c	C
W4611.p2_L22	1165	10		o	C
W4611.p2_L22	1166	117		m	C
W4611.p2_L23	1167	71		c	C
W4611.p2_L23	1168	5		n	C
W4611.p2_L23	1169	36		u	M
W4611.p2_L23	1170	35		t	C
W4611.p2_L23	1171	140		?	U
W4611.p2_L23	1172	71		c	C
W4611.p2_L23	1173	54		y	I
W4611.p2_L23	1174	97		h	I
W4611.p2_L23	1175	82		e	M
W4611.p2_L23	1176	6		o	M
W4611.p2_L23	1177	21		r	M
W4611.p2_L23	1178	92		g	M
W4611.p2_L23	1179	82		e	M
W4611.p2_L23	1180	29		s	M
W4611.p2_L23	1181	150		?	U
W4611.p2_L24	1182	12		p	C
W4611.p2_L24	1183	10		o	M
W4611.p2_L24	1184	39		u	C
W4611.p2_L24	1185	23		r	C
W4611.p2_L24	1186	25		r	C
W4611.p2_L24	1187	62		a	C
W4611.p2_L24	1188	51		y	I
W4611.p2_L24	1189	149		?	U
W4611.p2_L24	1190	61		a	C
W4611.p2_L24	1191	14		p	C
W4611.p2_L24	1192	24		r	C
W4611.p2_L24	1193	34		t	M
W4611.p2_L25	1194	38		u	M
W4611.p2_L25	1195	51		y	I
W4611.p2_L25	1196	82		e	C
W4611.p2_L25	1197	116		m	M
W4611.p2_L25	1198	15		p	M
W4611.p2_L25	1199	81		e	M
W4611.p2_L25	1200	27		s	M
W4611.p2_L25	1201	75		c	M
W4611.p2_L25	1202	98		h	I
W4611.p2_L25	1203	81		e	M
W4611.p2_L25	1204	124			M
W4611.p2_L25	1205	64		a	M
W4611.p2_L25	1206	104		i	M
W4611.p2_L25	1207	114		l	M
W4611.p2_L25	1208	111		l	C
W4611.p2_L25	1209	83		e	C
W4611.p2_L25	1210	36		u	M
W4611.p2_L25	1211	24		r	M
W4611.p2_L25	1212	30		s	M
W4611.p2_L25	1213	280		?	U
W4611.p2_L26	1214	65		a	M
W4611.p2_L26	1215	39		u	M
W4611.p2_L26	1216	61		a	M
W4611.p2_L26	1217	2		n	M
W4611.p2_L26	1218	31		t	M
W4611.p2_L26	1219	114		l	M
W4611.p2_L26	1220	100		h	I
W4611.p2_L26	1221	54		y	I
W4611.p2_L26	1222	38		u	M
W4611.p2_L26	1223	84		e	M
W4611.p2_L26	1224	24		r	M
W4611.p2_L26	1225	124			M
W4611.p2_L26	1226	149		?	U
W4611.p2_L26	1227	60		z	I
W4611.p2_L26	1228	12		p	M
W4611.p2_L26	1229	101		i	M
W4611.p2_L27	1230	85		e	M
W4611.p2_L27	1231	39		u	M
W4611.p2_L27	1232	61		a	M
W4611.p2_L27	1233	8		o	M
W4611.p2_L27	1234	31		t	M
W4611.p2_L27	1235	114		l	M
W4611.p2_L27	1236	26		s	M
W4611.p2_L27	1237	6		o	M
W4611.p2_L27	1238	104		i	M
W4611.p2_L27	1239	84		e	C
W4611.p2_L27	1240	24		r	M
W4611.p2_L27	1241	14		p	M
W4611.p2_L27	1242	64		a	M
W4611.p2_L27	1243	30		s	M
W4611.p2_L27	1244	1		n	M
W4611.p2_L27	1245	84		e	M
W4611.p2_L28	1246	83		e	M
W4611.p2_L28	1247	3		n	M
W4611.p2_L28	1248	33		t	M
W4611.p2_L28	1249	84		e	C
W4611.p2_L28	1250	14		p	M
W4611.p2_L28	1251	64		a	M
W4611.p2_L28	1252	30		s	M
W4611.p2_L28	1253	80		d	M
W4611.p2_L28	1254	22		r	M
W4611.p2_L28	1255	17		q	M
W4611.p2_L28	1256	147		?	U
W4611.p2_L28	1257	85		e	M
W4611.p2_L28	1258	5		n	M
W4611.p2_L28	1259	111		l	M
W4611.p2_L28	1260	46		x	I
W4611.p2_L28	1261	12		p	M
W4611.p2_L28	1262	82		e	M
W4611.p2_L28	1263	22		r	M
W4611.p2_L28	1264	102		i	M
W4611.p2_L28	1265	117		m	M
W4611.p2_L29	1266	65		a	M
W4611.p2_L29	1267	21		r	M
W4611.p2_L29	1268	71		c	M
W4611.p2_L29	1269	96		h	M
W4611.p2_L29	1270	101		i	M
W4611.p2_L29	1271	81		e	M
W4611.p2_L29	1272	81		e	M
W4611.p2_L29	1273	72		c	M
W4611.p2_L29	1274	32		t	M
W4611.p2_L29	1275	23		r	M
W4611.p2_L29	1276	84		e	M
W4611.p2_L30	1277	65		a	M
W4611.p2_L30	1278	36		u	M
W4611.p2_L30	1279	130			M
W4611.p2_L30	1280	87		f	M
W4611.p2_L30	1281	64		a	M
W4611.p2_L30	1282	104		i	M
W4611.p2_L30	1283	74		c	M
W4611.p2_L30	1284	34		t	M
W4611.p2_L30	1285	33		t	M
W4611.p2_L30	1286	71		c	M
W4611.p2_L30	1287	56		z	M
W4611.p2_L30	1288	74		c	M
W4611.p2_L30	1289	8		o	M
W4611.p2_L30	1290	4		n	M
W4611.p2_L30	1291	140		?	U
W4611.p2_L30	1292	104		i	M
W4611.p2_L30	1293	37		u	C
W4611.p2_L30	1294	92		g	M
W4611.p2_L30	1295	82		e	C
W4611.p2_L30	1296	118		m	M
W4611.p2_L30	1297	83		e	M
W4611.p2_L30	1298	3		n	M
W4611.p2_L30	1299	32		t	C
W4611.p2_L30	1300	134			M
W4611.p2_L31	1301	142		?	U
W4611.p2_L31	1302	123		l	M
W4611.p2_L31	1303	63		a	M
W4611.p2_L31	1304	34		t	C
W4611.p2_L31	1305	77		d	M
W4611.p2_L31	1306	86		f	M
W4611.p2_L31	1307	104		i	M
W4611.p2_L31	1308	9		o	M
W4611.p2_L31	1309	5		n	M
W4611.p2_L31	1310	29		s	M
W4611.p2_L31	1311	129			M
W4611.p2_L31	1312	137			M
W4611.p2_L32	1313	142		?	U
W4611.p2_L32	1314	123		l	M
W4611.p2_L32	1315	84		e	M
W4611.p2_L32	1316	34		t	M
W4611.p2_L32	1317	77		d	M
W4611.p2_L32	1318	86		f	M
W4611.p2_L32	1319	27		s	M
W4611.p2_L32	1320	31		t	M
W4611.p2_L32	1321	111		l	M
W4611.p2_L32	1322	24		r	M
W4611.p2_L32	1323	74		c	M
W4611.p2_L32	1324	26		s	M
W4611.p2_L32	1325	6		o	M
W4611.p2_L32	1326	111		l	M
W4611.p2_L32	1327	36		u	M
W4611.p2_L32	1328	82		e	M
W4611.p2_L32	1329	27		s	M
W4611.p2_L33	1330	88		f	M
W4611.p2_L33	1331	71		c	M
W4611.p2_L33	1332	21		r	M
W4611.p2_L33	1333	29		s	M
W4611.p2_L33	1334	148		?	U
W4611.p2_L33	1335	187		?	U
W4611.p3_L01	1336	75		c	M
W4611.p3_L01	1337	6		o	C
W4611.p3_L01	1338	5		n	C
W4611.p3_L01	1339	78		d	C
W4611.p3_L01	1340	38		u	C
W4611.p3_L01	1341	104		i	C
W4611.p3_L01	1342	24		r	C
W4611.p3_L01	1343	84		e	C
W4611.p3_L01	1344	124			C
W4611.p3_L01	1345	138			C
W4611.p3_L01	1346	114		l	C
W4611.p3_L01	1347	85		e	C
W4611.p3_L01	1348	28		s	C
W4611.p3_L01	1349	10		o	C
W4611.p3_L01	1350	81		e	C
W4611.p3_L01	1351	37		u	C
W4611.p3_L01	1352	70		b	I
W4611.p3_L01	1353	24		r	C
W4611.p3_L01	1354	85		e	C
W4611.p3_L01	1355	29		s	C
W4611.p3_L02	1356	21		r	C
W4611.p3_L02	1357	81		e	C
W4611.p3_L02	1358	78		d	C
W4611.p3_L02	1359	6		o	C
W4611.p3_L02	1360	36		u	M
W4611.p3_L02	1361	39		u	C
W4611.p3_L02	1362	22		r	C
W4611.p3_L02	1363	82		e	C
W4611.p3_L02	1364	25		r	C
W4611.p3_L02	1365	79		d	C
W4611.p3_L02	1366	64		a	C
W4611.p3_L02	1367	38		u	C
W4611.p3_L02	1368	84		e	M
W4611.p3_L02	1369	25		r	C
W4611.p3_L02	1370	85		e	C
W4611.p3_L02	1371	29		s	C
W4611.p3_L02	1372	139		?	U
W4611.p3_L03	1373	60		z	I
W4611.p3_L03	1374	60		z	I
W4611.p3_L03	1375	60		z	I
W4611.p3_L03	1376	60		z	I
W4611.p3_L04	1377	115		l	M
W4611.p3_L04	1378	25		r	C
W4611.p3_L04	1379	100		h	I
W4611.p3_L04	1380	81		e	M
W4611.p3_L04	1381	115		l	C
W4611.p3_L04	1382	105		i	C
W4611.p3_L04	1383	4		n	C
W4611.p3_L04	1384	225		?	U
W4611.p3_L04	1385	142		?	U
W4611.p3_L05	1386	60		z	I
W4611.p3_L06	1387	60		z	I
W4611.p3_L07	1388	60		z	I
W4611.p3_L08	1389	60		z	I
W4611.p3_L09	1390	60		z	I
W4611.p3_L12	1391			?	U
W4611.p3_L12	1392	1573		?	U
W4612.p1_r01	0	?		?	U
W4612.p1_r01	1	?		?	U
W4612.p1_r01	2	?		?	U
W4612.p1_r01	3	?		?	U
W4612.p1_r01	4	?		?	U
W4612.p1_r01	5	?		?	U
W4612.p1_r01	6	?		?	U
W4612.p1_r01	7	?		?	U
W4612.p1_r02	8	?		?	U
W4612.p1_r02	9	?		?	U
W4612.p1_r02	10	?		?	U
W4612.p1_r02	11	?		?	U
W4612.p1_r03	12	?		?	U
W4612.p1_r02	13	?		?	U
W4612.p1_r03	14	?		?	U
W4612.p1_r03	15	?		?	U
W4612.p1_r03	16	?		?	U
W4612.p1_r03	17	?		?	U
W4612.p1_r03	18	?		?	U
W4612.p1_r03	19	150		?	U
W4612.p1_r03	20	141			C
W4612.p1_r03	21	54		y	I
W4612.p1_r03	22	38		u	C
W4612.p1_r03	23	26		s	C
W4612.p1_r03	24	62		a	C
W4612.p1_r03	25	22		r	C
W4612.p1_r03	26	68		b	I
W4612.p1_r03	27	81		e	C
W4612.p1_r03	28	27		s	C
W4612.p1_r03	29	47		x	I
W4612.p1_r03	30	29		s	C
W4612.p1_r03	31	149		?	U
W4612.p1_r03	32	65		a	C
W4612.p1_r03	33	6		o	C
W4612.p1_r03	34	25		r	C
W4612.p1_r03	35	9		o	C
W4612.p1_r04	36	78		d	C
W4612.p1_r04	37	111		l	C
W4612.p1_r04	38	42		v	I
W4612.p1_r04	39	30		s	C
W4612.p1_r04	40	12		p	C
W4612.p1_r04	41	67		b	I
W4612.p1_r04	42	26		s	C
W4612.p1_r04	43	12		p	C
W4612.p1_r04	44	88		f	C
W4612.p1_r04	45	77		d	C
W4612.p1_r04	46	116		m	C
W4612.p1_r04	47	81		e	C
W4612.p1_r04	48	31		t	C
W4612.p1_r04	49	33		t	C
W4612.p1_r04	50	69		b	I
W4612.p1_r04	51	36		u	C
W4612.p1_r04	52	81		e	C
W4612.p1_r04	53	27		s	C
W4612.p1_r04	54	47		x	I
W4612.p1_r04	55	28		s	C
W4612.p1_r04	56	42		v	I
W4612.p1_r04	57	2		n	C
W4612.p1_r04	58	31		t	C
W4612.p1_r04	59	62		a	C
W4612.p1_r04	60	14		p	C
W4612.p1_r04	61	68		b	I
W4612.p1_r04	62	4		n	C
W4612.p1_r05	63	72		c	C
W4612.p1_r05	64	12		p	C
W4612.p1_r05	65	276		?	U
W4612.p1_r05	66	?		?	U
W4612.p1_r05	67	?		?	U
W4612.p1_r05	68	?		?	U
W4612.p1_r05	69	81		e	C
W4612.p1_r05	70	32		t	C
W4612.p1_r05	71	150		?	U
W4612.p1_r05	72	71		c	C
W4612.p1_r05	73	2		n	C
W4612.p1_r05	74	26		s	C
W4612.p1_r05	75	14		p	C
W4612.p1_r05	76	38		u	C
W4612.p1_r05	77	66		b	C
W4612.p1_r05	78	77		d	C
W4612.p1_r05	79	42		v	I
W4612.p1_r05	80	40		u	C
W4612.p1_r05	81	27		s	C
W4612.p1_r05	82	13		p	C
W4612.p1_r05	83	9		o	C
W4612.p1_r05	84	4		n	C
W4612.p1_r05	85	27		s	C
W4612.p1_r06	86	85		e	C
W4612.p1_r06	87	117		m	C
W4612.p1_r06	88	59		z	I
W4612.p1_r06	89	25		r	C
W4612.p1_r06	90	77		d	C
W4612.p1_r06	91	84		e	C
W4612.p1_r06	92	127			C
W4612.p1_r06	93	138			M
W4612.p1_r06	94	73		c	C
W4612.p1_r06	95	42		v	I
W4612.p1_r06	96	77		d	C
W4612.p1_r06	97	118		m	C
W4612.p1_r06	98	12		p	C
W4612.p1_r06	99	28		s	C
W4612.p1_r06	100	63		a	C
W4612.p1_r06	101	79		d	C
W4612.p1_r06	102	39		u	C
W4612.p1_r06	103	34		t	C
W4612.p1_r06	104	61		a	C
W4612.p1_r06	105	9		o	C
W4612.p1_r06	106	40		u	C
W4612.p1_r06	107	4		n	C
W4612.p1_r06	108	12		p	C
W4612.p1_r06	109	83		e	C
W4612.p1_r06	110	3		n	C
W4612.p1_r06	111	83		e	C
W4612.p1_r07	112	16		q	C
W4612.p1_r07	113	26		s	C
W4612.p1_r07	114	71		c	C
W4612.p1_r07	115	27		s	C
W4612.p1_r07	116	36		u	C
W4612.p1_r07	117	46		x	I
W4612.p1_r07	118	83		e	C
W4612.p1_r07	119	97		h	I
W4612.p1_r07	120	46		x	I
W4612.p1_r07	121	37		u	C
W4612.p1_r07	122	81		e	C
W4612.p1_r07	123	101		i	C
W4612.p1_r07	124	29		s	C
W4612.p1_r07	125	64		a	C
W4612.p1_r07	126	6		o	C
W4612.p1_r07	127	38		u	C
W4612.p1_r07	128	72		c	C
W4612.p1_r07	129	12		p	C
W4612.p1_r07	130	26		s	C
W4612.p1_r07	131	82		e	C
W4612.p1_r07	132	102		i	C
W4612.p1_r07	133	22		r	C
W4612.p1_r07	134	28		s	C
W4612.p1_r07	135	150		?	U
W4612.p1_r08	136	82		e	C
W4612.p1_r08	137	37		u	C
W4612.p1_r08	138	26		s	C
W4612.p1_r08	139	33		t	C
W4612.p1_r08	140	57		z	C
W4612.p1_r08	141	22		r	C
W4612.p1_r08	142	48		x	I
W4612.p1_r08	143	29		s	C
W4612.p1_r08	144	62		a	C
W4612.p1_r08	145	42		v	I
W4612.p1_r08	146	27		s	C
W4612.p1_r08	147	19		q	C
W4612.p1_r08	148	25		r	C
W4612.p1_r08	149	7		o	C
W4612.p1_r08	150	28		s	C
W4612.p1_r08	151	62		a	C
W4612.p1_r08	152	54		y	I
W4612.p1_r08	153	40		u	C
W4612.p1_r08	154	29		s	C
W4612.p1_r08	155	62		a	C
W4612.p1_r08	156	83		e	C
W4612.p1_r08	157	9		o	C
W4612.p1_r08	158	2		n	C
W4612.p1_r08	159	28		s	C
W4612.p1_r08	160	16		q	C
W4612.p1_r09	161	103		i	C
W4612.p1_r09	162	72		c	C
W4612.p1_r09	163	33		t	C
W4612.p1_r09	164	46		x	I
W4612.p1_r09	165	22		r	C
W4612.p1_r09	166	73		c	C
W4612.p1_r09	167	27		s	C
W4612.p1_r09	168	25		r	C
W4612.p1_r09	169	56		z	C
W4612.p1_r09	170	24		r	C
W4612.p1_r09	171	13		p	C
W4612.p1_r09	172	82		e	C
W4612.p1_r09	173	23		r	C
W4612.p1_r09	174	27		s	C
W4612.p1_r09	175	81		e	C
W4612.p1_r09	176	2		n	C
W4612.p1_r09	177	77		d	C
W4612.p1_r09	178	69		b	I
W4612.p1_r09	179	104		i	C
W4612.p1_r09	180	74		c	C
W4612.p1_r09	181	31		t	C
W4612.p1_r09	182	60		z	I
W4612.p1_r09	183	59		z	I
W4612.p1_r09	184	40		u	C
W4612.p1_r09	185	25		r	C
W4612.p1_r10	186	42		v	I
W4612.p1_r10	187	92		g	C
W4612.p1_r10	188	10		o	C
W4612.p1_r10	189	38		u	C
W4612.p1_r10	190	9		o	C
W4612.p1_r10	191	4		n	C
W4612.p1_r10	192	12		p	C
W4612.p1_r10	193	41		v	I
W4612.p1_r10	194	13		p	C
W4612.p1_r10	195	77		d	C
W4612.p1_r10	196	84		e	C
W4612.p1_r10	197	4		n	C
W4612.p1_r10	198	34		t	C
W4612.p1_r10	199	67		b	I
W4612.p1_r10	200	13		p	C
W4612.p1_r10	201	68		b	I
W4612.p1_r10	202	72		c	C
W4612.p1_r10	203	83		e	C
W4612.p1_r10	204	37		u	C
W4612.p1_r10	205	26		s	C
W4612.p1_r10	206	72		c	C
W4612.p1_r10	207	4		n	C
W4612.p1_r10	208	34		t	C
W4612.p1_r10	209	87		f	C
W4612.p1_r10	210	38		u	C
W4612.p1_r11	211	65		a	C
W4612.p1_r11	212	25		r	C
W4612.p1_r11	213	68		b	I
W4612.p1_r11	214	82		e	C
W4612.p1_r11	215	22		r	C
W4612.p1_r11	216	61		a	C
W4612.p1_r11	217	39		u	C
W4612.p1_r11	218	67		b	I
W4612.p1_r11	219	4		n	C
W4612.p1_r11	220	12		p	C
W4612.p1_r11	221	60		z	I
W4612.p1_r11	222	84		e	C
W4612.p1_r11	223	39		u	C
W4612.p1_r11	224	26		s	C
W4612.p1_r11	225	150		?	U
W4612.p1_r11	226	128			M
W4612.p1_r11	227	136		uingt	M
W4612.p1_r11	228	46		x	I
W4612.p1_r11	229	52		y	I
W4612.p1_r11	230	28		s	C
W4612.p1_r11	231	84		e	C
W4612.p1_r11	232	112		l	C
W4612.p1_r11	233	42		v	I
W4612.p1_r11	234	27		s	C
W4612.p1_r12	235	54		y	I
W4612.p1_r12	236	40		u	C
W4612.p1_r12	237	27		s	C
W4612.p1_r12	238	9		o	C
W4612.p1_r12	239	4		n	C
W4612.p1_r12	240	35		t	C
W4612.p1_r12	241	16		q	C
W4612.p1_r12	242	101		i	C
W4612.p1_r12	243	114		l	C
W4612.p1_r12	244	43		v	I
W4612.p1_r12	245	12		p	C
W4612.p1_r12	246	79		d	C
W4612.p1_r12	247	40		u	C
W4612.p1_r12	248	29		s	C
W4612.p1_r12	249	9		o	C
W4612.p1_r12	250	28		s	C
W4612.p1_r12	251	77		d	C
W4612.p1_r12	252	59		z	I
W4612.p1_r12	253	12		p	C
W4612.p1_r12	254	202		franckreich	H
W4612.p1_r12	255	12		p	C
W4612.p1_r12	256	201		?	U
W4612.p1_r12	257	12		p	C
W4612.p1_r13	258	279		?	U
W4612.p1_r13	259	?		?	U
W4612.p1_r13	260	?		?	U
W4612.p1_r13	261	?		?	U
W4612.p1_r13	262	?		?	U
W4612.p1_r13	263	?		?	U
W4612.p1_r13	264	?		?	U
W4612.p1_r13	265	59		z	I
W4612.p1_r13	266	37		u	C
W4612.p1_r13	267	25		r	C
W4612.p1_r13	268	76		d	C
W4612.p1_r13	269	2		n	C
W4612.p1_r13	270	31		t	C
W4612.p1_r13	271	142		?	U
W4612.p1_r13	272	51		y	I
W4612.p1_r13	273	52		y	I
W4612.p1_r13	274	61		a	C
W4612.p1_r13	275	2		n	C
W4612.p1_r14	276	33		t	C
W4612.p1_r14	277	12		p	C
W4612.p1_r14	278	42		v	I
W4612.p1_r14	279	88		f	C
W4612.p1_r14	280	62		a	C
W4612.p1_r14	281	13		p	C
W4612.p1_r14	282	82		e	C
W4612.p1_r14	283	40		u	C
W4612.p1_r14	284	62		a	C
W4612.p1_r14	285	7		o	C
W4612.p1_r14	286	41		v	I
W4612.p1_r14	287	54		y	I
W4612.p1_r14	288	39		u	C
W4612.p1_r14	289	29		s	C
W4612.p1_r14	290	67		b	I
W4612.p1_r14	291	38		u	C
W4612.p1_r14	292	26		s	C
W4612.p1_r14	293	73		c	C
W4612.p1_r14	294	27		s	C
W4612.p1_r14	295	33		t	C
W4612.p1_r14	296	142		?	U
W4612.p1_r14	297	121			C
W4612.p1_r14	298	135			C
W4612.p1_r15	299	62		a	C
W4612.p1_r15	300	34		t	C
W4612.p1_r15	301	4		n	C
W4612.p1_r15	302	27		s	C
W4612.p1_r15	303	48		x	I
W4612.p1_r15	304	26		s	C
W4612.p1_r15	305	57		z	C
W4612.p1_r15	306	101		i	C
W4612.p1_r15	307	52		y	I
W4612.p1_r15	308	12		p	C
W4612.p1_r15	309	54		y	I
W4612.p1_r15	310	40		u	C
W4612.p1_r15	311	27		s	C
W4612.p1_r15	312	67		b	I
W4612.p1_r15	313	2		n	C
W4612.p1_r15	314	73		c	C
W4612.p1_r15	315	62		a	C
W4612.p1_r15	316	46		x	I
W4612.p1_r15	317	105		i	C
W4612.p1_r15	318	27		s	C
W4612.p1_r15	319	31		t	C
W4612.p1_r15	320	67		b	I
W4612.p1_r15	321	29		s	C
W4612.p1_r15	322	12		p	C
W4612.p1_r15	323	7		o	C
W4612.p1_r16	324	56		z	C
W4612.p1_r16	325	102		i	C
W4612.p1_r16	326	29		s	C
W4612.p1_r16	327	12		p	C
W4612.p1_r16	328	12		p	C
W4612.p1_r16	329	6		o	C
W4612.p1_r16	330	41		v	I
W4612.p1_r16	331	47		x	I
W4612.p1_r16	332	39		u	C
W4612.p1_r16	333	72		c	C
W4612.p1_r16	334	81		e	C
W4612.p1_r16	335	31		t	C
W4612.p1_r16	336	54		y	I
W4612.p1_r16	337	39		u	C
W4612.p1_r16	338	29		s	C
W4612.p1_r16	339	74		c	C
W4612.p1_r16	340	116		m	C
W4612.p1_r16	341	47		x	I
W4612.p1_r16	342	26		s	C
W4612.p1_r16	343	148		?	U
W4612.p1_r16	344	81		e	C
W4612.p1_r16	345	120		m	C
W4612.p1_r16	346	56		z	C
W4612.p1_r16	347	61		a	C
W4612.p1_r17	348	60		z	I
W4612.p1_r17	349	12		p	C
W4612.p1_r17	350	26		s	C
W4612.p1_r17	351	74		c	C
W4612.p1_r17	352	26		s	C
W4612.p1_r17	353	27		s	C
W4612.p1_r17	354	77		d	C
W4612.p1_r17	355	62		a	C
W4612.p1_r17	356	87		f	C
W4612.p1_r17	357	46		x	I
W4612.p1_r17	358	12		p	C
W4612.p1_r17	359	88		f	C
W4612.p1_r17	360	77		d	C
W4612.p1_r17	361	116		m	C
W4612.p1_r17	362	68		b	I
W4612.p1_r17	363	117		m	C
W4612.p1_r17	364	2		n	C
W4612.p1_r17	365	22		r	C
W4612.p1_r17	366	91		g	C
W4612.p1_r17	367	64		a	C
W4612.p1_r17	368	119		m	C
W4612.p1_r17	369	27		s	C
W4612.p1_r17	370	77		d	C
W4612.p1_r17	371	69		b	I
W4612.p1_r17	372	33		t	C
W4612.p1_r18	373	16		q	C
W4612.p1_r18	374	111		l	C
W4612.p1_r18	375	37		u	C
W4612.p1_r18	376	49		x	I
W4612.p1_r18	377	4		n	C
W4612.p1_r18	378	33		t	C
W4612.p1_r18	379	?		?	U
W4612.p1_r18	380	?		?	U
W4612.p1_r19	381	81		e	C
W4612.p1_r19	382	2		n	C
W4612.p1_r19	383	56		z	C
W4612.p1_r19	384	51		y	I
W4612.p1_r19	385	62		a	C
W4612.p1_r19	386	3		n	C
W4612.p1_r19	387	33		t	C
W4612.p1_r19	388	63		a	C
W4612.p1_r19	389	54		y	I
W4612.p1_r19	390	36		u	C
W4612.p1_r19	391	26		s	C
W4612.p1_r19	392	81		e	C
W4612.p1_r19	393	27		s	C
W4612.p1_r19	394	33		t	C
W4612.p1_r20	395	49		x	I
W4612.p1_r20	396	2		n	C
W4612.p1_r20	397	91		g	C
W4612.p1_r20	398	4		n	C
W4612.p1_r20	399	4		n	C
W4612.p1_r20	400	49		x	I
W4612.p1_r20	401	101		i	C
W4612.p1_r20	402	82		e	C
W4612.p1_r20	403	2		n	C
W4612.p1_r20	404	12		p	C
W4612.p1_r20	405	26		s	C
W4612.p1_r20	406	105		i	C
W4612.p1_r20	407	67		b	I
W4612.p1_r20	408	350		gelt	M
W4612.p1_r20	409	?		?	U
W4612.p1_r20	410	?		?	U
W4612.p1_r21	411	61		a	C
W4612.p1_r21	412	36		u	C
W4612.p1_r21	413	47		x	I
W4612.p1_r21	414	59		z	I
W4612.p1_r21	415	22		r	C
W4612.p1_r21	416	77		d	C
W4612.p1_r21	417	26		s	C
W4612.p1_r21	418	12		p	C
W4612.p1_r21	419	276		?	U
W4612.p1_r21	420	59		z	I
W4612.p1_r21	421	37		u	C
W4612.p1_r21	422	25		r	C
W4612.p1_r21	423	12		p	C
W4612.p1_r21	424	45		v	I
W4612.p1_r21	425	27		s	C
W4612.p1_r21	426	62		a	C
W4612.p1_r21	427	101		i	C
W4612.p1_r21	428	72		c	C
W4612.p1_r21	429	84		e	C
W4612.p1_r21	430	47		x	I
W4612.p1_r21	431	2		n	C
W4612.p1_r21	432	33		t	C
W4612.p1_r22	433	9		o	C
W4612.p1_r22	434	118		m	C
W4612.p1_r22	435	47		x	I
W4612.p1_r22	436	3		n	C
W4612.p1_r22	437	12		p	C
W4612.p1_r22	438	25		r	C
W4612.p1_r22	439	?		?	U
W4612.p1_r22	440	?		?	U
W4612.p1_r22	441	?		?	U
W4612.p1_r22	442	9		o	C
W4612.p1_r22	443	39		u	C
W4612.p1_r22	444	54		y	I
W4612.p1_r22	445	40		u	C
W4612.p1_r22	446	27		s	C
W4612.p1_r22	447	61		a	C
W4612.p1_r22	448	34		t	C
W4612.p1_r22	449	4		n	C
W4612.p1_r22	450	23		r	C
W4612.p1_r22	451	48		x	I
W4612.p1_r22	452	27		s	C
W4612.p1_r23	453	81		e	C
W4612.p1_r23	454	2		n	C
W4612.p1_r23	455	72		c	C
W4612.p1_r23	456	117		m	C
W4612.p1_r23	457	66		b	C
W4612.p1_r23	458	42		v	I
W4612.p1_r23	459	150		?	U
W4612.p1_r23	460	138			C
W4612.p1_r23	461	8		o	C
W4612.p1_r23	462	4		n	C
W4612.p1_r23	463	16		q	C
W4612.p1_r23	464	48		x	I
W4612.p1_r23	465	112		l	C
W4612.p1_r23	466	339		harquebouziers	C
W4612.p1_r23	467	81		e	C
W4612.p1_r23	468	33		t	C
W4612.p1_r23	469	12		p	C
W4612.p1_r23	470	36		u	C
W4612.p1_r23	471	46		x	I
W4612.p1_r23	472	48		x	I
W4612.p1_r23	473	114		l	C
W4612.p1_r23	474	337		reystres	C
W4612.p1_r24	475	?		?	U
W4612.p1_r24	476	?		?	U
W4612.p1_r24	477	?		?	U
W4612.p1_r24	478	82		e	C
W4612.p1_r24	479	26		s	C
W4612.p1_r24	480	76		d	C
W4612.p1_r24	481	2		n	C
W4612.p1_r24	482	33		t	C
W4612.p1_r24	483	35		t	C
W4612.p1_r24	484	69		b	I
W4612.p1_r24	485	12		p	C
W4612.p1_r24	486	57		z	C
W4612.p1_r24	487	36		u	C
W4612.p1_r24	488	129			M
W4612.p1_r24	489	138			M
W4612.p1_r24	490	59		z	I
W4612.p1_r24	491	38		u	C
W4612.p1_r24	492	25		r	C
W4612.p1_r24	493	81		e	C
W4612.p1_r24	494	2		n	C
W4612.p1_r24	495	83		e	C
W4612.p1_r24	496	67		b	I
W4612.p1_r24	497	28		s	C
W4612.p1_r25	498	3		n	C
W4612.p1_r25	499	81		e	C
W4612.p1_r25	500	2		n	C
W4612.p1_r25	501	61		a	C
W4612.p1_r25	502	81		e	C
W4612.p1_r25	503	2		n	C
W4612.p1_r25	504	33		t	C
W4612.p1_r25	505	11		p	C
W4612.p1_r25	506	5		n	C
W4612.p1_r25	507	28		s	C
W4612.p1_r25	508	42		v	I
W4612.p1_r25	509	56		z	C
W4612.p1_r25	510	102		i	C
W4612.p1_r25	511	29		s	C
W4612.p1_r25	512	12		p	C
W4612.p1_r25	513	211		?	U
W4612.p1_r25	514	32		t	C
W4612.p1_r25	515	75		c	C
W4612.p1_r25	516	104		i	C
W4612.p1_r25	517	26		s	C
W4612.p1_r25	518	62		a	C
W4612.p1_r25	519	12		p	C
W4612.p1_r25	520	67		b	I
W4612.p1_r25	521	30		s	C
W4612.p1_r26	522	56		z	C
W4612.p1_r26	523	36		u	C
W4612.p1_r26	524	25		r	C
W4612.p1_r26	525	82		e	C
W4612.p1_r26	526	26		s	C
W4612.p1_r26	527	71		c	C
W4612.p1_r26	528	51		y	I
W4612.p1_r26	529	84		e	C
W4612.p1_r26	530	24		r	C
W4612.p1_r26	531	12		p	C
W4612.p1_r26	532	47		x	I
W4612.p1_r26	533	71		c	C
W4612.p1_r26	534	101		i	C
W4612.p1_r26	535	73		c	C
W4612.p1_r26	536	23		r	C
W4612.p1_r26	537	41		v	I
W4612.p1_r26	538	312		uillede	M
W4612.p1_r26	539	81		e	C
W4612.p1_r26	540	31		t	C
W4612.p1_r26	541	314		?	U
W4612.p1_r26	542	12		p	C
W4612.p1_r26	543	43		v	I
W4612.p1_r26	544	116		m	C
W4612.p1_r27	545	4		n	C
W4612.p1_r27	546	22		r	C
W4612.p1_r27	547	71		c	C
W4612.p1_r27	548	100		h	I
W4612.p1_r27	549	14		p	C
W4612.p1_r27	550	4		n	C
W4612.p1_r27	551	34		t	C
W4612.p1_r27	552	9		o	C
W4612.p1_r27	553	5		n	C
W4612.p1_r27	554	47		x	I
W4612.p1_r27	555	14		p	C
W4612.p1_r27	556	4		n	C
W4612.p1_r27	557	52		y	I
W4612.p1_r27	558	150		?	U
W4612.p1_r27	559	19		q	C
W4612.p1_r27	560	22		r	C
W4612.p1_r27	561	33		t	C
W4612.p1_r27	562	4		n	C
W4612.p1_r27	563	4		n	C
W4612.p1_r27	564	52		y	I
W4612.p1_r27	565	81		e	C
W4612.p1_r27	566	26		s	C
W4612.p1_r27	567	57		z	C
W4612.p1_r27	568	66		b	C
W4612.p1_r27	569	4		n	C
W4612.p1_r27	570	7		o	C
W4612.p1_r27	571	149		?	U
W4612.p1_r28	572	6		o	C
W4612.p1_r28	573	25		r	C
W4612.p1_r28	574	62		a	C
W4612.p1_r28	575	13		p	C
W4612.p1_r28	576	67		b	I
W4612.p1_r28	577	28		s	C
W4612.p1_r28	578	72		c	C
W4612.p1_r28	579	59		z	I
W4612.p1_r28	580	38		u	C
W4612.p1_r28	581	22		r	C
W4612.p1_r28	582	66		b	C
W4612.p1_r28	583	52		y	I
W4612.p1_r28	584	26		s	C
W4612.p1_r28	585	105		i	C
W4612.p1_r28	586	67		b	I
W4612.p1_r28	587	7		o	C
W4612.p1_r28	588	2		n	C
W4612.p1_r28	589	33		t	C
W4612.p1_r28	590	8		o	C
W4612.p1_r28	591	2		n	C
W4612.p1_r28	592	61		a	C
W4612.p1_r28	593	3		n	M
W4612.p1_r28	594	77		d	C
W4612.p1_r28	595	9		o	C
W4612.p1_r28	596	39		u	C
W4612.p1_r28	597	12		p	C
W4612.p1_r28	598	39		u	C
W4612.p1_r29	599	48		x	I
W4612.p1_r29	600	7		o	C
W4612.p1_r29	601	5		n	C
W4612.p1_r29	602	29		s	C
W4612.p1_r29	603	48		x	I
W4612.p1_r29	604	115		l	C
W4612.p1_r29	605	86		f	C
W4612.p1_r29	606	44		v	I
W4612.p1_r29	607	68		b	I
W4612.p1_r29	608	5		n	C
W4612.p1_r29	609	26		s	C
W4612.p1_r29	610	?		?	U
W4612.p1_r30	611	?		?	U
W4612.p1_r29	612	?		?	U
W4612.p1_r29	613	?		?	U
W4612.p1_r29	614	?		?	U
W4612.p1_r31	615	?		?	U
W4612.p1_r31	616	?		?	U
W4612.p1_r31	617	?		?	U
W4612.p1_r31	618	?		?	U
W4612.p1_r29	619	?		?	U
W4612.p1_r30	620	?		?	U
W4612.p1_r30	621	?		?	U
W4612.p1_r30	622	?		?	U
W4612.p1_r30	623	?		?	U
W4612.p1_r30	624	?		?	U
W4612.p1_r30	625	?		?	U
W4612.p1_r30	626	?		?	U
W4612.p1_r30	627	?		?	U
W4612.p1_r30	628	?		?	U
W4612.p1_r30	629	?		?	U
W4612.p1_r30	630	9		o	C
W4612.p1_r30	631	39		u	C
W4612.p1_r30	632	59		z	I
W4612.p1_r30	633	40		u	C
W4612.p1_r30	634	25		r	C
W4612.p1_r30	635	55		y	I
W4612.p1_r30	636	85		e	C
W4612.p1_r30	637	5		n	C
W4612.p1_r30	638	16		q	C
W4612.p1_r30	639	105		i	C
W4612.p1_r30	640	67		b	I
W4612.p1_r30	641	82		e	C
W4612.p1_r31	642	53		y	I
W4612.p1_r31	643	23		r	C
W4612.p1_r31	644	12		p	C
W4612.p1_r31	645	45		v	I
W4612.p1_r31	646	26		s	C
W4612.p1_r31	647	92		g	C
W4612.p1_r31	648	66		b	C
W4612.p1_r31	649	4		n	C
W4612.p1_r31	650	77		d	C
W4612.p1_r31	651	54		y	I
W4612.p1_r31	652	119		m	C
W4612.p1_r31	653	66		b	C
W4612.p1_r31	654	67		b	I
W4612.p1_r31	655	9		o	C
W4612.p1_r31	656	112		l	C
W4612.p1_r31	657	47		x	I
W4612.p1_r31	658	61		a	C
W4612.p1_r31	659	41		v	I
W4612.p1_r31	660	82		e	C
W4612.p1_r31	661	68		b	I
W4612.p1_r31	662	77		d	C
W4612.p1_r31	663	150		?	U
W4612.p1_r31	664	148		?	U
W4612.p1_r32	665	77		d	C
W4612.p1_r32	666	51		y	I
W4612.p1_r32	667	5		n	C
W4612.p1_r32	668	26		s	C
W4612.p1_r32	669	7		o	C
W4612.p1_r32	670	311		?	U
W4612.p1_r32	671	12		p	C
W4612.p1_r32	672	12		p	C
W4612.p1_r32	673	6		o	C
W4612.p1_r32	674	41		v	I
W4612.p1_r32	675	47		x	I
W4612.p1_r32	676	36		u	C
W4612.p1_r32	677	72		c	C
W4612.p1_r32	678	104		i	C
W4612.p1_r32	679	114		l	C
W4612.p1_r32	680	81		e	C
W4612.p1_r32	681	26		s	C
W4612.p1_r32	682	33		t	C
W4612.p1_r32	683	79		d	C
W4612.p1_r32	684	40		u	C
W4612.p1_r32	685	33		t	C
W4612.p1_r32	686	7		o	C
W4612.p1_r32	687	22		r	C
W4612.p1_r33	688	76		d	C
W4612.p1_r33	689	101		i	C
W4612.p1_r33	690	2		n	C
W4612.p1_r33	691	63		a	C
W4612.p1_r33	692	115		l	C
W4612.p1_r33	693	54		y	I
W4612.p1_r33	694	40		u	C
W4612.p1_r33	695	27		s	C
W4612.p1_r33	696	83		e	C
W4612.p1_r33	697	81		e	C
W4612.p1_r33	698	2		n	C
W4612.p1_r33	699	77		d	C
W4612.p1_r33	700	60		z	I
W4612.p1_r33	701	12		p	C
W4612.p1_r33	702	29		s	C
W4612.p1_r33	703	74		c	C
W4612.p1_r33	704	112		l	C
W4612.p1_r33	705	11		p	C
W4612.p1_r33	706	33		t	C
W4612.p1_r33	707	60		z	I
W4612.p1_r33	708	?		?	U
W4612.p1_r33	709	?		?	U
W4612.p1_r33	710	?		?	U
W4612.p1_r33	711	?		?	U
W4612.p1_r33	712	?		?	U
W4612.p1_r33	713	?		?	U
W4612.p1_r34	714	?		?	U
W4612.p1_r34	715	?		?	U
W4612.p1_r34	716	?		?	U
W4612.p1_r34	717	?		?	U
W4612.p1_r34	718	12		p	C
W4612.p1_r34	719	279		?	U
W4612.p1_r34	720	104		i	C
W4612.p1_r34	721	114		l	C
W4612.p1_r34	722	55		y	I
W4612.p1_r34	723	81		e	C
W4612.p1_r34	724	4		n	C
W4612.p1_r34	725	83		e	C
W4612.p1_r34	726	82		e	C
W4612.p1_r34	727	2		n	C
W4612.p1_r34	728	32		t	C
W4612.p1_r34	729	12		p	C
W4612.p1_r34	730	26		s	C
W4612.p1_r34	731	31		t	C
W4612.p1_r34	732	79		d	C
W4612.p1_r34	733	38		u	C
W4612.p1_r34	734	29		s	C
W4612.p1_r35	735	42		v	I
W4612.p1_r35	736	26		s	C
W4612.p1_r35	737	34		t	C
W4612.p1_r35	738	38		u	C
W4612.p1_r35	739	22		r	C
W4612.p1_r35	740	29		s	C
W4612.p1_r35	741	81		e	C
W4612.p1_r35	742	31		t	C
W4612.p1_r35	743	54		y	I
W4612.p1_r35	744	72		c	C
W4612.p1_r35	745	69		b	I
W4612.p1_r35	746	2		n	C
W4612.p1_r35	747	33		t	C
W4612.p1_r35	748	56		z	C
W4612.p1_r35	749	65		a	C
W4612.p1_r35	750	6		o	C
W4612.p1_r35	751	40		u	C
W4612.p1_r35	752	72		c	C
W4612.p1_r35	753	12		p	C
W4612.p1_r35	754	54		y	I
W4612.p1_r35	755	27		s	C
W4612.p1_r35	756	33		t	C
W4612.p1_r35	757	67		b	I
W4612.p1_r36	758	84		e	C
W4612.p1_r36	759	101		i	C
W4612.p1_r36	760	73		c	C
W4612.p1_r36	761	51		y	I
W4612.p1_r36	762	22		r	C
W4612.p1_r36	763	85		e	C
W4612.p1_r36	764	116		m	C
W4612.p1_r36	765	57		z	C
W4612.p1_r36	766	28		s	C
W4612.p1_r36	767	71		c	C
W4612.p1_r36	768	27		s	C
W4612.p1_r36	769	22		r	C
W4612.p1_r36	770	42		v	I
W4612.p1_r36	771	27		s	C
W4612.p1_r36	772	74		c	C
W4612.p1_r36	773	115		l	C
W4612.p1_r36	774	11		p	C
W4612.p1_r36	775	31		t	M
W4612.p1_r36	776	59		z	I
W4612.p1_r36	777	86		f	C
W4612.p1_r36	778	66		b	C
W4612.p1_r36	779	4		n	C
W4612.p1_r36	780	9		o	C
W4612.p1_r36	781	101		i	C
W4612.p1_r37	782	30		s	C
W4612.p1_r37	783	12		p	C
W4612.p1_r37	784	56		z	C
W4612.p1_r37	785	26		s	C
W4612.p1_r37	786	72		c	C
W4612.p1_r37	787	22		r	C
W4612.p1_r37	788	56		z	C
W4612.p1_r37	789	22		r	C
W4612.p1_r37	790	42		v	I
W4612.p1_r37	791	13		p	C
W4612.p1_r37	792	33		t	C
W4612.p1_r37	793	311		?	U
W4612.p1_r37	794	?		?	U
W4612.p1_r37	795	?		?	U
W4612.p1_r37	796	4		n	C
W4612.p1_r37	797	39		u	C
W4612.p1_r37	798	101		i	C
W4612.p1_r37	799	111		l	C
W4612.p1_r37	800	44		v	I
W4612.p1_r37	801	4		n	C
W4612.p2_r01	802	81		e	C
W4612.p2_r01	803	33		t	C
W4612.p2_r01	804	12		p	C
W4612.p2_r01	805	201		?	U
W4612.p2_r01	806	54		y	I
W4612.p2_r01	807	84		e	C
W4612.p2_r01	808	4		n	C
W4612.p2_r01	809	61		a	C
W4612.p2_r01	810	22		r	C
W4612.p2_r01	811	68		b	I
W4612.p2_r01	812	82		e	C
W4612.p2_r01	813	69		b	I
W4612.p2_r01	814	4		n	C
W4612.p2_r01	815	84		e	C
W4612.p2_r01	816	76		d	C
W4612.p2_r01	817	2		n	C
W4612.p2_r01	818	32		t	C
W4612.p2_r01	819	62		a	C
W4612.p2_r01	820	54		y	I
W4612.p2_r01	821	40		u	C
W4612.p2_r01	822	26		s	C
W4612.p2_r01	823	81		e	C
W4612.p2_r01	824	2		n	C
W4612.p2_r02	825	84		e	C
W4612.p2_r02	826	39		u	C
W4612.p2_r02	827	77		d	C
W4612.p2_r02	828	69		b	I
W4612.p2_r02	829	5		n	C
W4612.p2_r02	830	26		s	C
W4612.p2_r02	831	?		?	U
W4612.p2_r02	832	?		?	U
W4612.p2_r02	833	?		?	U
W4612.p2_r02	834	?		?	U
W4612.p2_r03	835	?		?	U
W4612.p2_r03	836	?		?	U
W4612.p2_r03	837	?		?	U
W4612.p2_r03	838	?		?	U
W4612.p2_r03	839	?		?	U
W4612.p2_r03	840	?		?	U
W4612.p2_r03	841	?		?	U
W4612.p2_r03	842	?		?	U
W4612.p2_r03	843	?		?	U
W4612.p2_r03	844	?		?	U
W4612.p2_r04	845	?		?	U
W4612.p2_r04	846	?		?	U
W4612.p2_r04	847	?		?	U
W4612.p2_r04	848	?		?	U
W4612.p2_r04	849	?		?	U
W4612.p2_r04	850	?		?	U
W4612.p2_r05	851	4		n	C
W4612.p2_r05	852	145		?	U
W4612.p2_r05	853	127			C
W4612.p2_r05	854	54		y	I
W4612.p2_r05	855	40		u	C
W4612.p2_r05	856	26		s	C
W4612.p2_r05	857	62		a	C
W4612.p2_r05	858	84		e	C
W4612.p2_r05	859	4		n	C
W4612.p2_r05	860	28		s	C
W4612.p2_r05	861	7		o	C
W4612.p2_r05	862	29		s	C
W4612.p2_r05	863	34		t	C
W4612.p2_r05	864	40		u	C
W4612.p2_r05	865	22		r	C
W4612.p2_r05	866	26		s	C
W4612.p2_r05	867	101		i	C
W4612.p2_r05	868	8		o	C
W4612.p2_r05	869	33		t	C
W4612.p2_r05	870	66		b	C
W4612.p2_r05	871	102		i	C
W4612.p2_r05	872	72		c	C
W4612.p2_r06	873	77		d	C
W4612.p2_r06	874	61		a	C
W4612.p2_r06	875	82		e	C
W4612.p2_r06	876	75		c	C
W4612.p2_r06	877	42		v	I
W4612.p2_r06	878	82		e	C
W4612.p2_r06	879	26		s	C
W4612.p2_r06	880	62		a	C
W4612.p2_r06	881	12		p	C
W4612.p2_r06	882	279		?	U
W4612.p2_r06	883	15		p	C
W4612.p2_r06	884	62		a	C
W4612.p2_r06	885	111		l	C
W4612.p2_r06	886	61		a	C
W4612.p2_r06	887	84		e	C
W4612.p2_r06	888	4		n	C
W4612.p2_r06	889	26		s	C
W4612.p2_r06	890	15		p	C
W4612.p2_r06	891	69		b	I
W4612.p2_r06	892	47		x	I
W4612.p2_r06	893	26		s	C
W4612.p2_r06	894	72		c	C
W4612.p2_r07	895	12		p	C
W4612.p2_r07	896	79		d	C
W4612.p2_r07	897	40		u	C
W4612.p2_r07	898	77		d	C
W4612.p2_r07	899	65		a	C
W4612.p2_r07	900	48		x	I
W4612.p2_r07	901	78		d	C
W4612.p2_r07	902	85		e	C
W4612.p2_r07	903	64		a	C
W4612.p2_r07	904	40		u	C
W4612.p2_r07	905	111		l	C
W4612.p2_r07	906	83		e	C
W4612.p2_r07	907	67		b	I
W4612.p2_r07	908	47		x	I
W4612.p2_r07	909	4		n	C
W4612.p2_r07	910	34		t	C
W4612.p2_r07	911	81		e	C
W4612.p2_r07	912	36		u	C
W4612.p2_r07	913	26		s	C
W4612.p2_r07	914	73		c	C
W4612.p2_r07	915	9		o	C
W4612.p2_r07	916	4		n	C
W4612.p2_r07	917	30		s	C
W4612.p2_r08	918	75		c	C
W4612.p2_r08	919	101		i	C
W4612.p2_r08	920	83		e	C
W4612.p2_r08	921	84		e	C
W4612.p2_r08	922	26		s	C
W4612.p2_r08	923	33		t	C
W4612.p2_r08	924	67		b	I
W4612.p2_r08	925	9		o	C
W4612.p2_r08	926	4		n	C
W4612.p2_r08	927	72		c	C
W4612.p2_r08	928	105		i	C
W4612.p2_r08	929	115		l	C
W4612.p2_r08	930	120		m	C
W4612.p2_r08	931	30		s	C
W4612.p2_r08	932	33		t	C
W4612.p2_r08	933	9		o	C
W4612.p2_r08	934	87		f	C
W4612.p2_r08	935	5		n	C
W4612.p2_r08	936	150		?	U
W4612.p2_r08	937	46		x	I
W4612.p2_r08	938	101		i	C
W4612.p2_r08	939	30		s	C
W4612.p2_r09	940	54		y	I
W4612.p2_r09	941	40		u	C
W4612.p2_r09	942	26		s	C
W4612.p2_r09	943	54		y	I
W4612.p2_r09	944	36		u	C
W4612.p2_r09	945	27		s	C
W4612.p2_r09	946	59		z	I
W4612.p2_r09	947	38		u	C
W4612.p2_r09	948	22		r	C
W4612.p2_r09	949	84		e	C
W4612.p2_r09	950	102		i	C
W4612.p2_r09	951	69		b	I
W4612.p2_r09	952	2		n	C
W4612.p2_r09	953	30		s	C
W4612.p2_r09	954	25		r	C
W4612.p2_r09	955	4		n	C
W4612.p2_r09	956	65		a	C
W4612.p2_r09	957	37		u	C
W4612.p2_r09	958	112		l	C
W4612.p2_r09	959	33		t	C
W4612.p2_r09	960	67		b	I
W4612.p2_r10	961	56		z	C
W4612.p2_r10	962	27		s	C
W4612.p2_r10	963	71		c	C
W4612.p2_r10	964	22		r	C
W4612.p2_r10	965	?		?	U
W4612.p2_r11	966	?		?	U
W4612.p2_r11	967	?		?	U
W4612.p2_r11	968	?		?	U
W4612.p2_r11	969	?		?	U
W4612.p2_r12	970	?		?	U
W4612.p2_r12	971	?		?	U
W4612.p2_r12	972	?		?	U
W4612.p2_r12	973	?		?	U
W4612.p2_r13	974	?		?	U
W4612.p2_r13	975	?		?	U
W4612.p2_r13	976	?		?	U
W4612.p2_r13	977	?		?	U
W4612.p2_r13	978	?		?	U
W4612.p2_r13	979	?		?	U
W4612.p2_r13	980	?		?	U
W4612.p2_r13	981	?		?	U
W4612.p2_r14	982	?		?	U
W4612.p2_r14	983	?		?	U
W4612.p2_r14	984	?		?	U
W4612.p2_r14	985	?		?	U
W4612.p2_r15	986	?		?	U
W4612.p2_r15	987	?		?	U
W4612.p2_r15	988	?		?	U
W4612.p2_r16	989	?		?	U
W4612.p2_r15	990	?		?	U
W4612.p2_r16	991	?		?	U
W4612.p2_r16	992	?		?	U
W4612.p2_r15	993	?		?	U
W4612.p2_r16	994	?		?	U
W4612.p2_r16	995	?		?	U
W4612.p2_r16	996	?		?	U
W4612.p2_r17	997	?		?	U
W4612.p2_r17	998	?		?	U
W4612.p2_r17	999	?		?	U
W4612.p2_r17	1000	?		?	U
W4612.p2_r17	1001	?		?	U
W4612.p2_r17	1002	?		?	U
W4612.p2_r17	1003	?		?	U
W4612.p2_r17	1004	?		?	U
W4612.p2_r17	1005	?		?	U
W4612.p2_r18	1006	?		?	U
W4612.p2_r18	1007	?		?	U
W4612.p2_r18	1008	?		?	U
W4612.p2_r18	1009	?		?	U
W4612.p2_r18	1010	?		?	U
W4612.p2_r20	1011	?		?	U
W4612.p2_r20	1012	?		?	U
W4612.p2_r20	1013	?		?	U
W4612.p2_r20	1014	?		?	U
W4612.p2_r20	1015	?		?	U
W4612.p2_r21	1016	?		?	U
W4612.p2_r21	1017	?		?	U
W4612.p2_r20	1018	?		?	U
W4612.p2_r20	1019	?		?	U
W4612.p2_r20	1020	?		?	U
W4612.p2_r20	1021	?		?	U
W4612.p2_r21	1022	?		?	U
W4612.p2_r21	1023	?		?	U
W4612.p2_r21	1024	?		?	U
W4612.p2_r21	1025	?		?	U
W4612.p2_r21	1026	?		?	U
W4612.p2_r21	1027	?		?	U
W4612.p2_r21	1028	?		?	U
W4616.p1_L04	0	121			C
W4616.p1_L04	1	132			C
W4616.p1_L05	2	86		f	C
W4616.p1_L05	3	7		o	C
W4616.p1_L05	4	21		r	C
W4616.p1_L05	5	71		c	C
W4616.p1_L05	6	81		e	C
W4616.p1_L05	7	1		n	C
W4616.p1_L05	8	12		p	C
W4616.p1_L05	9	82		e	C
W4616.p1_L05	10	101		i	M
W4616.p1_L05	11	2		n	C
W4616.p1_L05	12	93		g	C
W4616.p1_L05	13	11		p	C
W4616.p1_L05	14	6		o	C
W4616.p1_L05	15	76		d	C
W4616.p1_L05	16	22/112		?	U
W4616.p1_L05	17	84		e	C
W4616.p1_L05	18	1		n	M
W4616.p1_L05	19	111		l	C
W4616.p1_L05	20	8		o	C
W4616.p1_L05	21	91		g	C
W4616.p1_L05	22	102		i	C
W4616.p1_L05	23	81		e	C
W4616.p1_L05	24	23		r	M
W4616.p1_L06	25	15		p	C
W4616.p1_L06	26	9		o	C
W4616.p1_L06	27	37		u	C
W4616.p1_L06	28	23		r	C
W4616.p1_L06	29	76		d	C
W4616.p1_L06	30	85		e	C
W4616.p1_L06	31	116		m	C
W4616.p1_L06	32	61		a	C
W4616.p1_L06	33	103		i	C
W4616.p1_L06	34	3		n	C
W4616.p1_L06	35	71		c	C
W4616.p1_L06	36	62		a	C
W4616.p1_L06	37	24		r	C
W4616.p1_L06	38	10		o	C
W4616.p1_L06	39	5		n	C
W4616.p1_L06	40	122			C
W4616.p1_L06	41	4		n	C
W4616.p1_L06	42	9		o	C
W4616.p1_L06	43	40		u	C
W4616.p1_L06	44	39		u	C
W4616.p1_L06	45	131			C
W4616.p1_L06	46	142		?	U
W4616.p1_L07	47	77		d	C
W4616.p1_L07	48	104		i	C
W4616.p1_L07	49	72		c	C
W4616.p1_L07	50	32		t	C
W4616.p1_L07	51	16		q	C
W4616.p1_L07	52	37		u	C
W4616.p1_L07	53	83		e	C
W4616.p1_L07	54	13		p	M
W4616.p1_L07	55	63		a	C
W4616.p1_L07	56	25		r	C
W4616.p1_L07	57	79		d	C
W4616.p1_L07	58	84		e	C
W4616.p1_L07	59	113		l	C
W4616.p1_L07	60	64		a	C
W4616.p1_L07	61	112		l	C
W4616.p1_L07	62	82		e	C
W4616.p1_L07	63	27		s	C
W4616.p1_L07	64	313		?	U
W4616.p1_L07	65	26		s	C
W4616.p1_L07	66	7		o	C
W4616.p1_L07	67	2		n	C
W4616.p1_L07	68	31		t	C
W4616.p1_L08	69	120		m	C
W4616.p1_L08	70	64		a	C
W4616.p1_L08	71	113		l	C
W4616.p1_L08	72	115		l	C
W4616.p1_L08	73	8		o	C
W4616.p1_L08	74	92		g	C
W4616.p1_L08	75	65		a	C
W4616.p1_L08	76	66		b	C
W4616.p1_L08	77	111		l	C
W4616.p1_L08	78	82		e	C
W4616.p1_L08	79	2		n	C
W4616.p1_L08	80	6		o	C
W4616.p1_L08	81	118		m	C
W4616.p1_L08	82	81		e	C
W4616.p1_L08	83	120		m	C
W4616.p1_L08	84	82		e	C
W4616.p1_L08	85	3		n	C
W4616.p1_L08	86	32		t	C
W4616.p1_L08	87	12		p	C
W4616.p1_L08	88	7		o	C
W4616.p1_L08	89	36		u	C
W4616.p1_L08	90	22		r	C
W4616.p1_L09	91	111		l	C
W4616.p1_L09	92	62		a	C
W4616.p1_L09	93	335		?	U
W4616.p1_L09	94	71		c	C
W4616.p1_L09	95	81		e	C
W4616.p1_L09	96	13		p	C
W4616.p1_L09	97	82		e	C
W4616.p1_L09	98	3		n	C
W4616.p1_L09	99	77		d	C
W4616.p1_L09	100	62		a	C
W4616.p1_L09	101	4		n	C
W4616.p1_L09	102	33/5		?	U
W4616.p1_L09	103	6		o	C
W4616.p1_L09	104	36		u	C
W4616.p1_L09	105	25/81		?	U
W4616.p1_L09	106	61		a	C
W4616.p1_L09	107	40		u	C
W4616.p1_L09	108	101		i	C
W4616.p1_L09	109	27		s	C
W4616.p1_L09	110	82		e	C
W4616.p1_L10	111	21		r	C
W4616.p1_L10	112	7		o	C
W4616.p1_L10	113	4		n	C
W4616.p1_L10	114	27		s	C
W4616.p1_L10	115	14		p	C
W4616.p1_L10	116	112		l	C
W4616.p1_L10	117	38		u	C
W4616.p1_L10	118	27		s	C
W4616.p1_L10	119	32		t	C
W4616.p1_L10	120	7		o	C
W4616.p1_L10	121	28		s	C
W4616.p1_L10	122	33		t	C
W4616.p1_L10	123	77		d	C
W4616.p1_L10	124	81		e	C
W4616.p1_L10	125	6		o	C
W4616.p1_L10	126	92		g	C
W4616.p1_L10	127	82		e	C
W4616.p1_L10	128	21		r	C
W4616.p1_L10	129	11		p	C
W4616.p1_L10	130	61		a	C
W4616.p1_L10	131	22		r	C
W4616.p1_L11	132	79		d	C
W4616.p1_L11	133	84		e	C
W4616.p1_L11	134	72		c	C
W4616.p1_L11	135	62		a	C
W4616.p1_L11	136	28		s	C
W4616.p1_L11	137	36		u	C
W4616.p1_L11	138	22		r	C
W4616.p1_L11	139	112		l	C
W4616.p1_L11	140	81		e	C
W4616.p1_L11	141	313		?	U
W4616.p1_L11	142	76		d	C
W4616.p1_L11	143	84		e	C
W4616.p1_L11	144	77		d	C
W4616.p1_L11	145	36		u	C
W4616.p1_L11	146	72		c	C
W4616.p1_L11	147	78		d	C
W4616.p1_L11	148	81		e	C
W4616.p1_L11	149	73		c	C
W4616.p1_L11	150	112		l	C
W4616.p1_L11	151	82		e	C
W4616.p1_L11	152	1		n	M
W4616.p1_L12	153	40		u	C
W4616.p1_L12	154	81		e	C
W4616.p1_L12	155	28		s	C
W4616.p1_L12	156	2		n	C
W4616.p1_L12	157	6		o	C
W4616.p1_L12	158	117		m	C
W4616.p1_L12	159	118		m	M
W4616.p1_L12	160	81		e	C
W4616.p1_L12	161	120		m	C
W4616.p1_L12	162	40		u	C
W4616.p1_L12	163	75		c	C
W4616.p1_L12	164	61		a	C
W4616.p1_L12	165	2		n	C
W4616.p1_L12	166	31		t	C
W4616.p1_L12	167	62		a	C
W4616.p1_L12	168	3		n	C
W4616.p1_L12	169	77		d	C
W4616.p1_L12	170	63		a	C
W4616.p1_L12	171	4		n	C
W4616.p1_L12	172	31		t	C
W4616.p1_L12	173	121			C
W4616.p1_L12	174	13		p	M
W4616.p1_L13	175	39		u	C
W4616.p1_L13	176	7		o	C
W4616.p1_L13	177	26		s	C
W4616.p1_L13	178	31		t	C
W4616.p1_L13	179	21		r	C
W4616.p1_L13	180	81		e	C
W4616.p1_L13	181	61		a	C
W4616.p1_L13	182	77		d	C
W4616.p1_L13	183	40		u	C
W4616.p1_L13	184	102		i	C
W4616.p1_L13	185	27/16		?	U
W4616.p1_L13	186	2		n	C
W4616.p1_L13	187	116		m	C
W4616.p1_L13	188	62		a	C
W4616.p1_L13	189	65		a	C
W4616.p1_L13	190	76		d	C
W4616.p1_L13	191	36		u	C
W4616.p1_L13	192	81		e	C
W4616.p1_L13	193	21		r	C
W4616.p1_L13	194	34		t	M
W4616.p1_L14	195	78		d	C
W4616.p1_L14	196	81		e	C
W4616.p1_L14	197	12		p	C
W4616.p1_L14	198	40		u	C
W4616.p1_L14	199	102		i	C
W4616.p1_L14	200	21		r	C
W4616.p1_L14	201	16		q	C
W4616.p1_L14	202	36		u	C
W4616.p1_L14	203	92/2		?	U
W4616.p1_L14	204	7		o	C
W4616.p1_L14	205	31		t	C
W4616.p1_L14	206	28		s	C
W4616.p1_L14	207	12		p	C
W4616.p1_L14	208	8		o	C
W4616.p1_L14	209	39		u	C
W4616.p1_L14	210	111		l	C
W4616.p1_L14	211	21		r	C
W4616.p1_L14	212	102		i	C
W4616.p1_L14	213	5		n	M
W4616.p1_L14	214	2		n	M
W4616.p1_L15	215	114		l	C
W4616.p1_L15	216	9		o	C
W4616.p1_L15	217	92		g	C
W4616.p1_L15	218	81		e	C
W4616.p1_L15	219	21		r	C
W4616.p1_L15	220	76		d	C
W4616.p1_L15	221	81		e	C
W4616.p1_L15	222	118		m	C
W4616.p1_L15	223	61		a	C
W4616.p1_L15	224	103		i	C
W4616.p1_L15	225	2		n	C
W4616.p1_L15	226	9		o	M
W4616.p1_L15	227	67		b	I
W4616.p1_L15	228	82		e	C
W4616.p1_L15	229	21		r	C
W4616.p1_L15	230	81		e	C
W4616.p1_L15	231	31		t	C
W4616.p1_L15	232	3		n	C
W4616.p1_L15	233	101		i	C
W4616.p1_L15	234	78		d	C
W4616.p1_L15	235	81		e	C
W4616.p1_L15	236	21		r	M
W4616.p1_L16	237	61		a	C
W4616.p1_L16	238	20		q	M
W4616.p1_L16	239	30		s	C
W4616.p1_L16	240	85		e	M
W4616.p1_L16	241	122			C
W4616.p1_L16	242	31		t	C
W4616.p1_L16	243	77		d	C
W4616.p1_L16	244	81		e	C
W4616.p1_L16	245	116		m	C
W4616.p1_L16	246	62		a	C
W4616.p1_L16	247	102		i	C
W4616.p1_L16	248	3		n	C
W4616.p1_L16	249	111		l	C
W4616.p1_L16	250	81		e	C
W4616.p1_L16	251	16		q	C
W4616.p1_L16	252	37		u	C
W4616.p1_L16	253	81		e	M
W4616.p1_L16	254	114		l	M
W4616.p1_L17	255	25		r	C
W4616.p1_L17	256	81		e	C
W4616.p1_L17	257	21		r	C
W4616.p1_L17	258	61		a	C
W4616.p1_L17	259	115		l	C
W4616.p1_L17	260	82		e	C
W4616.p1_L17	261	120		m	C
W4616.p1_L17	262	85		e	C
W4616.p1_L17	263	111		l	C
W4616.p1_L17	264	115		l	C
W4616.p1_L17	265	101		i	C
W4616.p1_L17	266	81		e	C
W4616.p1_L17	267	36		u	C
W4616.p1_L17	268	21		r	C
W4616.p1_L17	269	221		hollande	M
W4616.p1_L17	270	132			C
W4616.p1_L17	271	142		?	U
W4616.p1_L17	272	149		?	U
W4616.p1_L17	273	121			C
W4616.p1_L21	274	12		p	C
W4616.p1_L21	275	1574		?	U
